symbol,company_name,sme_status,current_sector,current_industry,proposed_sector,proposed_industry,classification_confidence,change_required,reason,risk_score
TPHQ,Teamo Productions HQ Limited,NON_SME,TEA & COFFEE,Tea Plantations & Packaging,MEDIA & ENTERTAINMENT,Television Content & OTT Production,MEDIUM,CORRECTED,"Teamo Productions HQ Ltd is a media/entertainment content production company. 'Productions' in the name clearly indicates media/entertainment, not tea or coffee.",75
BAGDIGITAL,BAGDIGITAL,SME,MEDIA & ENTERTAINMENT,Television Broadcasting & OTT,MEDIA & ENTERTAINMENT,Television Broadcasting & OTT,HIGH,REVIEW_REQUIRED,Conflict flagged but exposure_v3 partially agrees — manual review needed,65
HEALTHCARE,HEALTHCARE,NON_SME,PHARMACEUTICALS,Finished Formulations,PHARMACEUTICALS,Finished Formulations,HIGH,REVIEW_REQUIRED,Conflict flagged but exposure_v3 partially agrees — manual review needed,65
AAREYDRUGS,Aarey Drugs & Pharmaceuticals Limited,NON_SME,PHARMACEUTICALS,Finished Formulations,PHARMACEUTICALS,Finished Formulations,HIGH,REVIEW_REQUIRED,Conflict flagged but exposure_v3 partially agrees — manual review needed,65
AARTIDRUGS,Aarti Drugs Limited,NON_SME,PHARMACEUTICALS,Finished Formulations,PHARMACEUTICALS,Finished Formulations,HIGH,REVIEW_REQUIRED,Conflict flagged but exposure_v3 partially agrees — manual review needed,65
AARTIPHARM,Aarti Pharmalabs Limited,NON_SME,PHARMACEUTICALS,Finished Formulations,PHARMACEUTICALS,Finished Formulations,HIGH,REVIEW_REQUIRED,Conflict flagged but exposure_v3 partially agrees — manual review needed,65
ACCURACY,Accuracy Shipping Limited,NON_SME,SHIPBUILDING & PORTS,Marine Offshore Vessels & Tugs,SHIPBUILDING & PORTS,Marine Offshore Vessels & Tugs,HIGH,REVIEW_REQUIRED,Conflict flagged but exposure_v3 partially agrees — manual review needed,65
ADVENZYMES,Advanced Enzyme Technologies Limited,NON_SME,PHARMACEUTICALS,Specialty Enzymes & Biologicals,PHARMACEUTICALS,Specialty Enzymes & Biologicals,HIGH,REVIEW_REQUIRED,Conflict flagged but exposure_v3 partially agrees — manual review needed,65
AGL,Allcargo Global Limited,NON_SME,AUTO ANCILLARIES,Precision Auto Engine Components,AUTO ANCILLARIES,Precision Auto Engine Components,HIGH,REVIEW_REQUIRED,Conflict flagged but exposure_v3 partially agrees — manual review needed,65
AHCL,Anlon Healthcare Limited,NON_SME,PHARMACEUTICALS,Finished Formulations,PHARMACEUTICALS,Finished Formulations,HIGH,REVIEW_REQUIRED,Conflict flagged but exposure_v3 partially agrees — manual review needed,65
AJANTPHARM,Ajanta Pharma Limited,NON_SME,PHARMACEUTICALS,Finished Formulations,PHARMACEUTICALS,Finished Formulations,HIGH,REVIEW_REQUIRED,Conflict flagged but exposure_v3 partially agrees — manual review needed,65
AKUMS,Akums Drugs and Pharmaceuticals Limited,NON_SME,PHARMACEUTICALS,Finished Formulations,PHARMACEUTICALS,Finished Formulations,HIGH,REVIEW_REQUIRED,Conflict flagged but exposure_v3 partially agrees — manual review needed,65
ALIVUS,Alivus Life Sciences Limited,NON_SME,PHARMACEUTICALS,Finished Formulations,PHARMACEUTICALS,Finished Formulations,HIGH,REVIEW_REQUIRED,Conflict flagged but exposure_v3 partially agrees — manual review needed,65
ALKEM,Alkem Laboratories Limited,NON_SME,PHARMACEUTICALS,Finished Formulations,PHARMACEUTICALS,Finished Formulations,HIGH,REVIEW_REQUIRED,Conflict flagged but exposure_v3 partially agrees — manual review needed,65
ALLCARGO,Allcargo Logistics Limited,NON_SME,AUTO ANCILLARIES,Precision Auto Engine Components,AUTO ANCILLARIES,Precision Auto Engine Components,HIGH,REVIEW_REQUIRED,Conflict flagged but exposure_v3 partially agrees — manual review needed,65
ALPA,Alpa Laboratories Limited,NON_SME,PHARMACEUTICALS,Finished Formulations,PHARMACEUTICALS,Finished Formulations,HIGH,REVIEW_REQUIRED,Conflict flagged but exposure_v3 partially agrees — manual review needed,65
AMAGI,Amagi Media Labs Limited,NON_SME,PHARMACEUTICALS,Finished Formulations,PHARMACEUTICALS,Finished Formulations,HIGH,REVIEW_REQUIRED,Conflict flagged but exposure_v3 partially agrees — manual review needed,65
AMANTA,Amanta Healthcare Limited,NON_SME,PHARMACEUTICALS,Finished Formulations,PHARMACEUTICALS,Finished Formulations,HIGH,REVIEW_REQUIRED,Conflict flagged but exposure_v3 partially agrees — manual review needed,65
ANUHPHR,Anuh Pharma Limited,NON_SME,PHARMACEUTICALS,Finished Formulations,PHARMACEUTICALS,Finished Formulations,HIGH,REVIEW_REQUIRED,Conflict flagged but exposure_v3 partially agrees — manual review needed,65
APLLTD,Alembic Pharmaceuticals Limited,NON_SME,PHARMACEUTICALS,Finished Formulations,PHARMACEUTICALS,Finished Formulations,HIGH,REVIEW_REQUIRED,Conflict flagged but exposure_v3 partially agrees — manual review needed,65
ARKADE,Arkade Developers Limited,NON_SME,AUTO ANCILLARIES,Precision Auto Engine Components,AUTO ANCILLARIES,Precision Auto Engine Components,HIGH,REVIEW_REQUIRED,Conflict flagged but exposure_v3 partially agrees — manual review needed,65
ARVEE,Arvee Laboratories (India) Limited,NON_SME,PHARMACEUTICALS,Finished Formulations,PHARMACEUTICALS,Finished Formulations,HIGH,REVIEW_REQUIRED,Conflict flagged but exposure_v3 partially agrees — manual review needed,65
ASTRAZEN,AstraZeneca Pharma India Limited,NON_SME,PHARMACEUTICALS,Finished Formulations,PHARMACEUTICALS,Finished Formulations,HIGH,REVIEW_REQUIRED,Conflict flagged but exposure_v3 partially agrees — manual review needed,65
ATL,Allcargo Terminals Limited,NON_SME,AUTO ANCILLARIES,Precision Auto Engine Components,AUTO ANCILLARIES,Precision Auto Engine Components,HIGH,REVIEW_REQUIRED,Conflict flagged but exposure_v3 partially agrees — manual review needed,65
AUROPHARMA,Aurobindo Pharma Limited,NON_SME,PHARMACEUTICALS,Finished Formulations,PHARMACEUTICALS,Finished Formulations,HIGH,REVIEW_REQUIRED,Conflict flagged but exposure_v3 partially agrees — manual review needed,65
AVALON,Avalon Technologies Limited,NON_SME,EMS & ELECTRONICS,Commercial & Industrial Electronics EMS,EMS & ELECTRONICS,Commercial & Industrial Electronics EMS,HIGH,REVIEW_REQUIRED,Conflict flagged but exposure_v3 partially agrees — manual review needed,65
AXISCADES,AXISCADES Technologies Limited,NON_SME,IT SERVICES,Engineering R&D (ER&D),IT SERVICES,Engineering R&D (ER&D),HIGH,REVIEW_REQUIRED,Conflict flagged but exposure_v3 partially agrees — manual review needed,65
BAFNAPH,Bafna Pharmaceuticals Limited,NON_SME,PHARMACEUTICALS,Finished Formulations,PHARMACEUTICALS,Finished Formulations,HIGH,REVIEW_REQUIRED,Conflict flagged but exposure_v3 partially agrees — manual review needed,65
BAGFILMS,B.A.G Films and Media Limited,NON_SME,MEDIA & ENTERTAINMENT,Music Labels & VFX Studios,MEDIA & ENTERTAINMENT,Music Labels & VFX Studios,HIGH,REVIEW_REQUIRED,Conflict flagged but exposure_v3 partially agrees — manual review needed,65
BAJAJHCARE,Bajaj Healthcare Limited,NON_SME,PHARMACEUTICALS,Finished Formulations,PHARMACEUTICALS,Finished Formulations,HIGH,REVIEW_REQUIRED,Conflict flagged but exposure_v3 partially agrees — manual review needed,65
BALAJITELE,Balaji Telefilms Limited,NON_SME,MEDIA & ENTERTAINMENT,Music Labels & VFX Studios,MEDIA & ENTERTAINMENT,Music Labels & VFX Studios,HIGH,REVIEW_REQUIRED,Conflict flagged but exposure_v3 partially agrees — manual review needed,65
BALAXI,BALAXI PHARMACEUTICALS LIMITED,NON_SME,PHARMACEUTICALS,Finished Formulations,PHARMACEUTICALS,Finished Formulations,HIGH,REVIEW_REQUIRED,Conflict flagged but exposure_v3 partially agrees — manual review needed,65
BALPHARMA,Bal Pharma Limited,NON_SME,PHARMACEUTICALS,Finished Formulations,PHARMACEUTICALS,Finished Formulations,HIGH,REVIEW_REQUIRED,Conflict flagged but exposure_v3 partially agrees — manual review needed,65
BANKA,Banka BioLoo Limited,NON_SME,WATER TREATMENT,"Industrial Effluent, Desalination & ZLD",WATER TREATMENT,"Industrial Effluent, Desalination & ZLD",HIGH,REVIEW_REQUIRED,Conflict flagged but exposure_v3 partially agrees — manual review needed,65
BETA,Beta Drugs Limited,NON_SME,PHARMACEUTICALS,Finished Formulations,PHARMACEUTICALS,Finished Formulations,HIGH,REVIEW_REQUIRED,Conflict flagged but exposure_v3 partially agrees — manual review needed,65
BIRLAPREC,Birla Precision Technologies Limited,NON_SME,AUTO ANCILLARIES,Precision Bearings & Motion Controls,AUTO ANCILLARIES,Precision Bearings & Motion Controls,HIGH,REVIEW_REQUIRED,Conflict flagged but exposure_v3 partially agrees — manual review needed,65
BLISSGVS,Bliss GVS Pharma Limited,NON_SME,PHARMACEUTICALS,Finished Formulations,PHARMACEUTICALS,Finished Formulations,HIGH,REVIEW_REQUIRED,Conflict flagged but exposure_v3 partially agrees — manual review needed,65
BLUEJET,Blue Jet Healthcare Limited,NON_SME,PHARMACEUTICALS,Finished Formulations,PHARMACEUTICALS,Finished Formulations,HIGH,REVIEW_REQUIRED,Conflict flagged but exposure_v3 partially agrees — manual review needed,65
BROOKS,Brooks Laboratories Limited,NON_SME,PHARMACEUTICALS,Finished Formulations,PHARMACEUTICALS,Finished Formulations,HIGH,REVIEW_REQUIRED,Conflict flagged but exposure_v3 partially agrees — manual review needed,65
BTML,Bodhi Tree Multimedia Limited,NON_SME,PAPER & PACKAGING,Paperboard & Packaging Cartons,PAPER & PACKAGING,Paperboard & Packaging Cartons,HIGH,REVIEW_REQUIRED,Conflict flagged but exposure_v3 partially agrees — manual review needed,65
CAPILLARY,Capillary Technologies India Limited,NON_SME,PHARMACEUTICALS,API & Bulk Drugs,PHARMACEUTICALS,API & Bulk Drugs,HIGH,REVIEW_REQUIRED,Conflict flagged but exposure_v3 partially agrees — manual review needed,65
CAPITALSFB,Capital Small Finance Bank Limited,NON_SME,PHARMACEUTICALS,API & Bulk Drugs,PHARMACEUTICALS,API & Bulk Drugs,HIGH,REVIEW_REQUIRED,Conflict flagged but exposure_v3 partially agrees — manual review needed,65
CAPLIPOINT,Caplin Point Laboratories Limited,NON_SME,PHARMACEUTICALS,Finished Formulations,PHARMACEUTICALS,Finished Formulations,HIGH,REVIEW_REQUIRED,Conflict flagged but exposure_v3 partially agrees — manual review needed,65
CHEMBOND,Chembond Material Technologies Limited,NON_SME,CHEMICALS,Industrial & Basic Chemicals,CHEMICALS,Industrial & Basic Chemicals,HIGH,REVIEW_REQUIRED,Conflict flagged but exposure_v3 partially agrees — manual review needed,65
CMLL,Caliber Mining and Logistics Limited,NON_SME,STEEL,Secondary Steel & TMT Rebars,STEEL,Secondary Steel & TMT Rebars,HIGH,REVIEW_REQUIRED,Conflict flagged but exposure_v3 partially agrees — manual review needed,65
CMRGREEN,CMR Green Technologies Limited,NON_SME,METALS & FABRICATION,Aluminium Recycling & Secondary Metals,METALS & FABRICATION,Aluminium Recycling & Secondary Metals,HIGH,REVIEW_REQUIRED,Conflict flagged but exposure_v3 partially agrees — manual review needed,65
CYBERMEDIA,Cyber Media (India) Limited,NON_SME,IT SERVICES,Mid-Tier IT & Digital Solutions,IT SERVICES,Mid-Tier IT & Digital Solutions,HIGH,REVIEW_REQUIRED,Conflict flagged but exposure_v3 partially agrees — manual review needed,65
DATAPATTNS,Data Patterns (India) Limited,NON_SME,DEFENCE & AEROSPACE,Defence Electronics & Radars,DEFENCE & AEROSPACE,Defence Electronics & Radars,HIGH,REVIEW_REQUIRED,Conflict flagged but exposure_v3 partially agrees — manual review needed,65
DIGISPICE,DiGiSPICE Technologies Limited,NON_SME,FOOD PROCESSING,Packaged Foods & Snacks,FOOD PROCESSING,Packaged Foods & Snacks,HIGH,REVIEW_REQUIRED,Conflict flagged but exposure_v3 partially agrees — manual review needed,65
DIVISLAB,Divi's Laboratories Limited,NON_SME,PHARMACEUTICALS,Finished Formulations,PHARMACEUTICALS,Finished Formulations,HIGH,REVIEW_REQUIRED,Conflict flagged but exposure_v3 partially agrees — manual review needed,65
DIXON,Dixon Technologies (India) Limited,NON_SME,EMS & ELECTRONICS,Domestic Consumer Appliance EMS (AC/TV/Washing Machines),EMS & ELECTRONICS,Domestic Consumer Appliance EMS (AC/TV/Washing Machines),HIGH,REVIEW_REQUIRED,Conflict flagged but exposure_v3 partially agrees — manual review needed,65
DJML,DJ Mediaprint & Logistics Limited,NON_SME,LOGISTICS & SUPPLY CHAIN,3PL Logistics & Fleet Haulage,LOGISTICS & SUPPLY CHAIN,3PL Logistics & Fleet Haulage,HIGH,REVIEW_REQUIRED,Conflict flagged but exposure_v3 partially agrees — manual review needed,65
DNAMEDIA,Diligent Media Corporation Limited,NON_SME,PAPER & PACKAGING,Paperboard & Packaging Cartons,PAPER & PACKAGING,Paperboard & Packaging Cartons,HIGH,REVIEW_REQUIRED,Conflict flagged but exposure_v3 partially agrees — manual review needed,65
DRREDDY,Dr. Reddy's Laboratories Limited,NON_SME,PHARMACEUTICALS,Finished Formulations,PHARMACEUTICALS,Finished Formulations,HIGH,REVIEW_REQUIRED,Conflict flagged but exposure_v3 partially agrees — manual review needed,65
DSKULKARNI,DS Kulkarni Developers Limited,NON_SME,AUTO ANCILLARIES,Precision Auto Engine Components,AUTO ANCILLARIES,Precision Auto Engine Components,HIGH,REVIEW_REQUIRED,Conflict flagged but exposure_v3 partially agrees — manual review needed,65
DYNAMATECH,Dynamatic Technologies Limited,NON_SME,DEFENCE & AEROSPACE,Defence Electronics & Avionics,DEFENCE & AEROSPACE,Defence Electronics & Avionics,HIGH,REVIEW_REQUIRED,Conflict flagged but exposure_v3 partially agrees — manual review needed,65
EASTWEST,East West Freight Carriers Limited,NON_SME,AUTO ANCILLARIES,Precision Auto Engine Components,AUTO ANCILLARIES,Precision Auto Engine Components,HIGH,REVIEW_REQUIRED,Conflict flagged but exposure_v3 partially agrees — manual review needed,65
EMCURE,Emcure Pharmaceuticals Limited,NON_SME,PHARMACEUTICALS,Finished Formulations,PHARMACEUTICALS,Finished Formulations,HIGH,REVIEW_REQUIRED,Conflict flagged but exposure_v3 partially agrees — manual review needed,65
ENDURANCE,Endurance Technologies Limited,NON_SME,AUTO ANCILLARIES,Auto Castings & Heavy Forgings,AUTO ANCILLARIES,Auto Castings & Heavy Forgings,HIGH,REVIEW_REQUIRED,Conflict flagged but exposure_v3 partially agrees — manual review needed,65
ENIL,Entertainment Network (India) Limited,NON_SME,PAPER & PACKAGING,Paperboard & Packaging Cartons,PAPER & PACKAGING,Paperboard & Packaging Cartons,HIGH,REVIEW_REQUIRED,Conflict flagged but exposure_v3 partially agrees — manual review needed,65
ENTERO,Entero Healthcare Solutions Limited,NON_SME,PHARMACEUTICALS,Finished Formulations,PHARMACEUTICALS,Finished Formulations,HIGH,REVIEW_REQUIRED,Conflict flagged but exposure_v3 partially agrees — manual review needed,65
EPACKPEB,EPack Prefab Technologies Limited,NON_SME,BUILDING MATERIALS,Pre-Engineered Steel Buildings,BUILDING MATERIALS,Pre-Engineered Steel Buildings,HIGH,REVIEW_REQUIRED,Conflict flagged but exposure_v3 partially agrees — manual review needed,65
ESSARSHPNG,Essar Shipping Limited,NON_SME,SHIPBUILDING & PORTS,Marine Offshore Vessels & Tugs,SHIPBUILDING & PORTS,Marine Offshore Vessels & Tugs,HIGH,REVIEW_REQUIRED,Conflict flagged but exposure_v3 partially agrees — manual review needed,65
FISCHER,Fischer Medical Ventures Limited,NON_SME,PHARMACEUTICALS,Finished Formulations,PHARMACEUTICALS,Finished Formulations,HIGH,REVIEW_REQUIRED,Conflict flagged but exposure_v3 partially agrees — manual review needed,65
FORTIS,Fortis Healthcare Limited,NON_SME,PHARMACEUTICALS,Finished Formulations,PHARMACEUTICALS,Finished Formulations,HIGH,REVIEW_REQUIRED,Conflict flagged but exposure_v3 partially agrees — manual review needed,65
FREDUN,Fredun Pharmaceuticals Limited,NON_SME,PHARMACEUTICALS,Finished Formulations,PHARMACEUTICALS,Finished Formulations,HIGH,REVIEW_REQUIRED,Conflict flagged but exposure_v3 partially agrees — manual review needed,65
GESHIP,The Great Eastern Shipping Company Limited,NON_SME,SHIPBUILDING & PORTS,Marine Offshore Vessels & Tugs,SHIPBUILDING & PORTS,Marine Offshore Vessels & Tugs,HIGH,REVIEW_REQUIRED,Conflict flagged but exposure_v3 partially agrees — manual review needed,65
GLAND,Gland Pharma Limited,NON_SME,PHARMACEUTICALS,Finished Formulations,PHARMACEUTICALS,Finished Formulations,HIGH,REVIEW_REQUIRED,Conflict flagged but exposure_v3 partially agrees — manual review needed,65
GLAXO,GlaxoSmithKline Pharmaceuticals Limited,NON_SME,PHARMACEUTICALS,Finished Formulations,PHARMACEUTICALS,Finished Formulations,HIGH,REVIEW_REQUIRED,Conflict flagged but exposure_v3 partially agrees — manual review needed,65
GLENMARK,Glenmark Pharmaceuticals Limited,NON_SME,PHARMACEUTICALS,Finished Formulations,PHARMACEUTICALS,Finished Formulations,HIGH,REVIEW_REQUIRED,Conflict flagged but exposure_v3 partially agrees — manual review needed,65
GPTHEALTH,GPT Healthcare Limited,NON_SME,PHARMACEUTICALS,Finished Formulations,PHARMACEUTICALS,Finished Formulations,HIGH,REVIEW_REQUIRED,Conflict flagged but exposure_v3 partially agrees — manual review needed,65
HAPPSTMNDS,Happiest Minds Technologies Limited,NON_SME,PROFESSIONAL & CONSUMER SERVICES,Consumer Internet & Super Apps,PROFESSIONAL & CONSUMER SERVICES,Consumer Internet & Super Apps,HIGH,REVIEW_REQUIRED,Conflict flagged but exposure_v3 partially agrees — manual review needed,65
HATHWAY,Hathway Cable & Datacom Limited,NON_SME,CONSUMER ELECTRICALS,Wires & Cables,CONSUMER ELECTRICALS,Wires & Cables,HIGH,REVIEW_REQUIRED,Conflict flagged but exposure_v3 partially agrees — manual review needed,65
HBESD,HB Estate Developers Limited,NON_SME,AUTO ANCILLARIES,Precision Auto Engine Components,AUTO ANCILLARIES,Precision Auto Engine Components,HIGH,REVIEW_REQUIRED,Conflict flagged but exposure_v3 partially agrees — manual review needed,65
HCG,Healthcare Global Enterprises Limited,NON_SME,PHARMACEUTICALS,Finished Formulations,PHARMACEUTICALS,Finished Formulations,HIGH,REVIEW_REQUIRED,Conflict flagged but exposure_v3 partially agrees — manual review needed,65
HDIL,Housing Development and Infrastructure Limited,NON_SME,AUTO ANCILLARIES,Precision Auto Engine Components,AUTO ANCILLARIES,Precision Auto Engine Components,HIGH,REVIEW_REQUIRED,Conflict flagged but exposure_v3 partially agrees — manual review needed,65
HMVL,Hindustan Media Ventures Limited,NON_SME,FINANCE & NBFC,Diversified Consumer & MSME NBFC,FINANCE & NBFC,Diversified Consumer & MSME NBFC,HIGH,REVIEW_REQUIRED,Conflict flagged but exposure_v3 partially agrees — manual review needed,65
HTMEDIA,HT Media Limited,NON_SME,PAPER & PACKAGING,Paperboard & Packaging Cartons,PAPER & PACKAGING,Paperboard & Packaging Cartons,HIGH,REVIEW_REQUIRED,Conflict flagged but exposure_v3 partially agrees — manual review needed,65
IKIO,IKIO Technologies Limited,NON_SME,CONSUMER ELECTRICALS,Fast Moving Electrical Goods (FMEG),CONSUMER ELECTRICALS,Fast Moving Electrical Goods (FMEG),HIGH,REVIEW_REQUIRED,Conflict flagged but exposure_v3 partially agrees — manual review needed,65
IMAGICAA,Imagicaaworld Entertainment Limited,NON_SME,PAPER & PACKAGING,Paperboard & Packaging Cartons,PAPER & PACKAGING,Paperboard & Packaging Cartons,HIGH,REVIEW_REQUIRED,Conflict flagged but exposure_v3 partially agrees — manual review needed,65
INDRAMEDCO,Indraprastha Medical Corporation Limited,NON_SME,PHARMACEUTICALS,Finished Formulations,PHARMACEUTICALS,Finished Formulations,HIGH,REVIEW_REQUIRED,Conflict flagged but exposure_v3 partially agrees — manual review needed,65
INDSWFTLAB,Ind-Swift Laboratories Limited,NON_SME,PHARMACEUTICALS,Finished Formulations,PHARMACEUTICALS,Finished Formulations,HIGH,REVIEW_REQUIRED,Conflict flagged but exposure_v3 partially agrees — manual review needed,65
INFOMEDIA,Infomedia Press Limited,NON_SME,PAPER & PACKAGING,Paperboard & Packaging Cartons,PAPER & PACKAGING,Paperboard & Packaging Cartons,HIGH,REVIEW_REQUIRED,Conflict flagged but exposure_v3 partially agrees — manual review needed,65
IOLCP,IOL Chemicals and Pharmaceuticals Limited,NON_SME,PHARMACEUTICALS,Finished Formulations,PHARMACEUTICALS,Finished Formulations,HIGH,REVIEW_REQUIRED,Conflict flagged but exposure_v3 partially agrees — manual review needed,65
IPCALAB,IPCA Laboratories Limited,NON_SME,PHARMACEUTICALS,Finished Formulations,PHARMACEUTICALS,Finished Formulations,HIGH,REVIEW_REQUIRED,Conflict flagged but exposure_v3 partially agrees — manual review needed,65
IRB,IRB Infrastructure Developers Limited,NON_SME,AUTO ANCILLARIES,Precision Auto Engine Components,AUTO ANCILLARIES,Precision Auto Engine Components,HIGH,REVIEW_REQUIRED,Conflict flagged but exposure_v3 partially agrees — manual review needed,65
JAGSNPHARM,Jagsonpal Pharmaceuticals Limited,NON_SME,PHARMACEUTICALS,Finished Formulations,PHARMACEUTICALS,Finished Formulations,HIGH,REVIEW_REQUIRED,Conflict flagged but exposure_v3 partially agrees — manual review needed,65
JENBURPH,Jenburkt Pharmaceuticals Limited,NON_SME,PHARMACEUTICALS,Finished Formulations,PHARMACEUTICALS,Finished Formulations,HIGH,REVIEW_REQUIRED,Conflict flagged but exposure_v3 partially agrees — manual review needed,65
JHS,JHS Svendgaard Laboratories Limited,NON_SME,PHARMACEUTICALS,Finished Formulations,PHARMACEUTICALS,Finished Formulations,HIGH,REVIEW_REQUIRED,Conflict flagged but exposure_v3 partially agrees — manual review needed,65
JINDALPOLY,Jindal Poly Films Limited,NON_SME,MEDIA & ENTERTAINMENT,Music Labels & VFX Studios,MEDIA & ENTERTAINMENT,Music Labels & VFX Studios,HIGH,REVIEW_REQUIRED,Conflict flagged but exposure_v3 partially agrees — manual review needed,65
JITFINFRA,JITF Infralogistics Limited,NON_SME,CONSTRUCTION & INFRASTRUCTURE,Civil & Commercial Construction,CONSTRUCTION & INFRASTRUCTURE,Civil & Commercial Construction,HIGH,REVIEW_REQUIRED,Conflict flagged but exposure_v3 partially agrees — manual review needed,65
KAVDEFENCE,Kavveri Defence & Wireless Technologies Limited,NON_SME,CONSUMER ELECTRICALS,Wires & Cables,CONSUMER ELECTRICALS,Wires & Cables,HIGH,REVIEW_REQUIRED,Conflict flagged but exposure_v3 partially agrees — manual review needed,65
KFINTECH,Kfin Technologies Limited,NON_SME,CAPITAL MARKETS,Mutual Fund Registrar & Transfer Agent,CAPITAL MARKETS,Mutual Fund Registrar & Transfer Agent,HIGH,REVIEW_REQUIRED,Conflict flagged but exposure_v3 partially agrees — manual review needed,65
KILITCH,Kilitch Drugs (India) Limited,NON_SME,PHARMACEUTICALS,Finished Formulations,PHARMACEUTICALS,Finished Formulations,HIGH,REVIEW_REQUIRED,Conflict flagged but exposure_v3 partially agrees — manual review needed,65
KIMS,Krishna Institute of Medical Sciences Limited,NON_SME,PHARMACEUTICALS,Finished Formulations,PHARMACEUTICALS,Finished Formulations,HIGH,REVIEW_REQUIRED,Conflict flagged but exposure_v3 partially agrees — manual review needed,65
KOLTEPATIL,Kolte - Patil Developers Limited,NON_SME,AUTO ANCILLARIES,Precision Auto Engine Components,AUTO ANCILLARIES,Precision Auto Engine Components,HIGH,REVIEW_REQUIRED,Conflict flagged but exposure_v3 partially agrees — manual review needed,65
KPL,Kwality Pharmaceuticals Limited,NON_SME,PHARMACEUTICALS,Finished Formulations,PHARMACEUTICALS,Finished Formulations,HIGH,REVIEW_REQUIRED,Conflict flagged but exposure_v3 partially agrees — manual review needed,65
LINCOLN,Lincoln Pharmaceuticals Limited,NON_SME,PHARMACEUTICALS,Finished Formulations,PHARMACEUTICALS,Finished Formulations,HIGH,REVIEW_REQUIRED,Conflict flagged but exposure_v3 partially agrees — manual review needed,65
LODHA,Lodha Developers Limited,NON_SME,AUTO ANCILLARIES,Precision Auto Engine Components,AUTO ANCILLARIES,Precision Auto Engine Components,HIGH,REVIEW_REQUIRED,Conflict flagged but exposure_v3 partially agrees — manual review needed,65
LOTUSDEV,Sri Lotus Developers and Realty Limited,NON_SME,AUTO ANCILLARIES,Precision Auto Engine Components,AUTO ANCILLARIES,Precision Auto Engine Components,HIGH,REVIEW_REQUIRED,Conflict flagged but exposure_v3 partially agrees — manual review needed,65
LUMAXTECH,Lumax Auto Technologies Limited,NON_SME,AUTO ANCILLARIES,Precision Auto Engine Components,AUTO ANCILLARIES,Precision Auto Engine Components,HIGH,REVIEW_REQUIRED,Conflict flagged but exposure_v3 partially agrees — manual review needed,65
MAHLIFE,Mahindra Lifespace Developers Limited,NON_SME,REAL ESTATE,Residential Townships & Commercial REITs,REAL ESTATE,Residential Townships & Commercial REITs,HIGH,REVIEW_REQUIRED,Conflict flagged but exposure_v3 partially agrees — manual review needed,65
MAKERSL,Makers Laboratories Limited,NON_SME,PHARMACEUTICALS,Finished Formulations,PHARMACEUTICALS,Finished Formulations,HIGH,REVIEW_REQUIRED,Conflict flagged but exposure_v3 partially agrees — manual review needed,65
MANGALAM,Mangalam Drugs And Organics Limited,NON_SME,PHARMACEUTICALS,Finished Formulations,PHARMACEUTICALS,Finished Formulations,HIGH,REVIEW_REQUIRED,Conflict flagged but exposure_v3 partially agrees — manual review needed,65
MANKIND,Mankind Pharma Limited,NON_SME,PHARMACEUTICALS,Finished Formulations,PHARMACEUTICALS,Finished Formulations,HIGH,REVIEW_REQUIRED,Conflict flagged but exposure_v3 partially agrees — manual review needed,65
MARKOLINES,Markolines Pavement Technologies Limited,NON_SME,CONSTRUCTION & INFRASTRUCTURE,Roads & Highways EPC,CONSTRUCTION & INFRASTRUCTURE,Roads & Highways EPC,HIGH,REVIEW_REQUIRED,Conflict flagged but exposure_v3 partially agrees — manual review needed,65
MARKSANS,Marksans Pharma Limited,NON_SME,PHARMACEUTICALS,Finished Formulations,PHARMACEUTICALS,Finished Formulations,HIGH,REVIEW_REQUIRED,Conflict flagged but exposure_v3 partially agrees — manual review needed,65
MAXESTATES,Max Estates Limited,NON_SME,TEA & COFFEE,Tea Plantations & Packaging,REAL ESTATE,Commercial Office & Mixed-Use Real Estate,HIGH,CORRECTED,Max Estates Ltd is a real estate developer (commercial and office spaces in Delhi NCR / Max Group). Name 'Estates' and parent group Max Group confirm real estate business. Zero connection to tea or coffee.,65
MAXHEALTH,Max Healthcare Institute Limited,NON_SME,PHARMACEUTICALS,Finished Formulations,PHARMACEUTICALS,Finished Formulations,HIGH,REVIEW_REQUIRED,Conflict flagged but exposure_v3 partially agrees — manual review needed,65
MEDIASSIST,Medi Assist Healthcare Services Limited,NON_SME,PHARMACEUTICALS,Finished Formulations,PHARMACEUTICALS,Finished Formulations,HIGH,REVIEW_REQUIRED,Conflict flagged but exposure_v3 partially agrees — manual review needed,65
MEP,MEP Infrastructure Developers Limited,NON_SME,AUTO ANCILLARIES,Precision Auto Engine Components,AUTO ANCILLARIES,Precision Auto Engine Components,HIGH,REVIEW_REQUIRED,Conflict flagged but exposure_v3 partially agrees — manual review needed,65
METROPOLIS,Metropolis Healthcare Limited,NON_SME,PHARMACEUTICALS,Finished Formulations,PHARMACEUTICALS,Finished Formulations,HIGH,REVIEW_REQUIRED,Conflict flagged but exposure_v3 partially agrees — manual review needed,65
MMWL,Media Matrix Worldwide Limited,NON_SME,PAPER & PACKAGING,Paperboard & Packaging Cartons,PAPER & PACKAGING,Paperboard & Packaging Cartons,HIGH,REVIEW_REQUIRED,Conflict flagged but exposure_v3 partially agrees — manual review needed,65
MOREPENLAB,Morepen Laboratories Limited,NON_SME,PHARMACEUTICALS,Finished Formulations,PHARMACEUTICALS,Finished Formulations,HIGH,REVIEW_REQUIRED,Conflict flagged but exposure_v3 partially agrees — manual review needed,65
MOSCHIP,Moschip Technologies Limited,NON_SME,IT SERVICES,Engineering R&D (ER&D),IT SERVICES,Engineering R&D (ER&D),HIGH,REVIEW_REQUIRED,Conflict flagged but exposure_v3 partially agrees — manual review needed,65
MTARTECH,Mtar Technologies Limited,NON_SME,DEFENCE & AEROSPACE,Precision Defence Machining,DEFENCE & AEROSPACE,Precision Defence Machining,HIGH,REVIEW_REQUIRED,Conflict flagged but exposure_v3 partially agrees — manual review needed,65
NAHARPOLY,Nahar Poly Films Limited,NON_SME,MEDIA & ENTERTAINMENT,Music Labels & VFX Studios,MEDIA & ENTERTAINMENT,Music Labels & VFX Studios,HIGH,REVIEW_REQUIRED,Conflict flagged but exposure_v3 partially agrees — manual review needed,65
NATCOPHARM,Natco Pharma Limited,NON_SME,PHARMACEUTICALS,Finished Formulations,PHARMACEUTICALS,Finished Formulations,HIGH,REVIEW_REQUIRED,Conflict flagged but exposure_v3 partially agrees — manual review needed,65
NAZARA,Nazara Technologies Limited,NON_SME,MEDIA & ENTERTAINMENT,"Gaming, Esports & Mobile Games",MEDIA & ENTERTAINMENT,"Gaming, Esports & Mobile Games",HIGH,REVIEW_REQUIRED,Conflict flagged but exposure_v3 partially agrees — manual review needed,65
NDTV,New Delhi Television Limited,NON_SME,AUTO ANCILLARIES,Auto Lighting & Electricals,AUTO ANCILLARIES,Auto Lighting & Electricals,HIGH,REVIEW_REQUIRED,Conflict flagged but exposure_v3 partially agrees — manual review needed,65
NETWEB,Netweb Technologies India Limited,NON_SME,DATA CENTERS & CLOUD,AI Servers & Supercomputing Hardware,DATA CENTERS & CLOUD,AI Servers & Supercomputing Hardware,HIGH,REVIEW_REQUIRED,Conflict flagged but exposure_v3 partially agrees — manual review needed,65
NETWORK18,Network18 Media & Investments Limited,NON_SME,FINANCE & NBFC,Diversified Consumer & MSME NBFC,FINANCE & NBFC,Diversified Consumer & MSME NBFC,HIGH,REVIEW_REQUIRED,Conflict flagged but exposure_v3 partially agrees — manual review needed,65
NEULANDLAB,Neuland Laboratories Limited,NON_SME,PHARMACEUTICALS,Finished Formulations,PHARMACEUTICALS,Finished Formulations,HIGH,REVIEW_REQUIRED,Conflict flagged but exposure_v3 partially agrees — manual review needed,65
NEXTMEDIA,Next Mediaworks Limited,NON_SME,PAPER & PACKAGING,Paperboard & Packaging Cartons,PAPER & PACKAGING,Paperboard & Packaging Cartons,HIGH,REVIEW_REQUIRED,Conflict flagged but exposure_v3 partially agrees — manual review needed,65
NIVABUPA,Niva Bupa Health Insurance Company Limited,NON_SME,PHARMACEUTICALS,Finished Formulations,PHARMACEUTICALS,Finished Formulations,HIGH,REVIEW_REQUIRED,Conflict flagged but exposure_v3 partially agrees — manual review needed,65
OFSS,Oracle Financial Services Software Limited,NON_SME,FINANCE & NBFC,Diversified Consumer & MSME NBFC,FINANCE & NBFC,Diversified Consumer & MSME NBFC,HIGH,REVIEW_REQUIRED,Conflict flagged but exposure_v3 partially agrees — manual review needed,65
ONESOURCE,Onesource Specialty Pharma Limited,NON_SME,PHARMACEUTICALS,Finished Formulations,PHARMACEUTICALS,Finished Formulations,HIGH,REVIEW_REQUIRED,Conflict flagged but exposure_v3 partially agrees — manual review needed,65
ORCHPHARMA,Orchid Pharma Limited,NON_SME,PHARMACEUTICALS,Finished Formulations,PHARMACEUTICALS,Finished Formulations,HIGH,REVIEW_REQUIRED,Conflict flagged but exposure_v3 partially agrees — manual review needed,65
PAISALO,Paisalo Digital Limited,NON_SME,FINANCE & NBFC,Diversified Consumer & MSME NBFC,FINANCE & NBFC,Diversified Consumer & MSME NBFC,HIGH,REVIEW_REQUIRED,Conflict flagged but exposure_v3 partially agrees — manual review needed,65
PANSARI,Pansari Developers Limited,NON_SME,AUTO ANCILLARIES,Precision Auto Engine Components,AUTO ANCILLARIES,Precision Auto Engine Components,HIGH,REVIEW_REQUIRED,Conflict flagged but exposure_v3 partially agrees — manual review needed,65
PAR,Par Drugs And Chemicals Limited,NON_SME,PHARMACEUTICALS,Finished Formulations,PHARMACEUTICALS,Finished Formulations,HIGH,REVIEW_REQUIRED,Conflict flagged but exposure_v3 partially agrees — manual review needed,65
PARAS,Paras Defence and Space Technologies Limited,NON_SME,DEFENCE & AEROSPACE,Defence Electronics & Radars,DEFENCE & AEROSPACE,Defence Electronics & Radars,HIGH,REVIEW_REQUIRED,Conflict flagged but exposure_v3 partially agrees — manual review needed,65
PARSVNATH,Parsvnath Developers Limited,NON_SME,AUTO ANCILLARIES,Precision Auto Engine Components,AUTO ANCILLARIES,Precision Auto Engine Components,HIGH,REVIEW_REQUIRED,Conflict flagged but exposure_v3 partially agrees — manual review needed,65
PPLPHARMA,Piramal Pharma Limited,NON_SME,PHARMACEUTICALS,Finished Formulations,PHARMACEUTICALS,Finished Formulations,HIGH,REVIEW_REQUIRED,Conflict flagged but exposure_v3 partially agrees — manual review needed,65
PREMIERPOL,Premier Polyfilm Limited,NON_SME,MEDIA & ENTERTAINMENT,Music Labels & VFX Studios,MEDIA & ENTERTAINMENT,Music Labels & VFX Studios,HIGH,REVIEW_REQUIRED,Conflict flagged but exposure_v3 partially agrees — manual review needed,65
PRESTIGE,Prestige Estates Projects Limited,NON_SME,TEA & COFFEE,Tea Plantations & Packaging,REAL ESTATE,Residential Townships & Commercial REITs,HIGH,CORRECTED,"Prestige Estates Projects Ltd is one of India's largest real estate developers (residential, commercial, hospitality projects in South India). Classified as 'Tea Plantations & Packaging' which is factually incorrect.",65
PROTEAN,Protean eGov Technologies Limited,NON_SME,TEA & COFFEE,Tea Plantations & Packaging,IT SERVICES,E-Governance & Digital Public Infrastructure,HIGH,CORRECTED,"Protean eGov Technologies Ltd (formerly NSDL e-Governance Infrastructure Ltd) operates digital infrastructure for government services (PAN, NPS, e-KYC, Aadhaar-based authentication). Classified in 'Tea Plantations' is completely wrong.",65
QMSMEDI,QMS Medical Allied Services Limited,NON_SME,PHARMACEUTICALS,Finished Formulations,PHARMACEUTICALS,Finished Formulations,HIGH,REVIEW_REQUIRED,Conflict flagged but exposure_v3 partially agrees — manual review needed,65
RADAAN,Radaan Mediaworks India Limited,NON_SME,PAPER & PACKAGING,Paperboard & Packaging Cartons,PAPER & PACKAGING,Paperboard & Packaging Cartons,HIGH,REVIEW_REQUIRED,Conflict flagged but exposure_v3 partially agrees — manual review needed,65
RAJTV,Raj Television Network Limited,NON_SME,AUTO ANCILLARIES,Auto Lighting & Electricals,AUTO ANCILLARIES,Auto Lighting & Electricals,HIGH,REVIEW_REQUIRED,Conflict flagged but exposure_v3 partially agrees — manual review needed,65
RPGLIFE,RPG Life Sciences Limited,NON_SME,PHARMACEUTICALS,Finished Formulations,PHARMACEUTICALS,Finished Formulations,HIGH,REVIEW_REQUIRED,Conflict flagged but exposure_v3 partially agrees — manual review needed,65
RUSTOMJEE,Keystone Realtors Limited,NON_SME,REAL ESTATE,Residential Townships & Commercial REITs,REAL ESTATE,Residential Townships & Commercial REITs,HIGH,REVIEW_REQUIRED,Conflict flagged but exposure_v3 partially agrees — manual review needed,65
SAILIFE,Sai Life Sciences Limited,NON_SME,PHARMACEUTICALS,CDMO & Sterile Injectables,PHARMACEUTICALS,CDMO & Sterile Injectables,HIGH,REVIEW_REQUIRED,Conflict flagged but exposure_v3 partially agrees — manual review needed,65
SAKAR,Sakar Healthcare Limited,NON_SME,PHARMACEUTICALS,Finished Formulations,PHARMACEUTICALS,Finished Formulations,HIGH,REVIEW_REQUIRED,Conflict flagged but exposure_v3 partially agrees — manual review needed,65
SAMBHAAV,Sambhaav Media Limited,NON_SME,PAPER & PACKAGING,Paperboard & Packaging Cartons,PAPER & PACKAGING,Paperboard & Packaging Cartons,HIGH,REVIEW_REQUIRED,Conflict flagged but exposure_v3 partially agrees — manual review needed,65
SANDHAR,Sandhar Technologies Limited,NON_SME,AUTO ANCILLARIES,Auto Body & Closure Systems,AUTO ANCILLARIES,Auto Body & Closure Systems,HIGH,REVIEW_REQUIRED,Conflict flagged but exposure_v3 partially agrees — manual review needed,65
SANOFICONR,Sanofi Consumer Healthcare India Limited,NON_SME,PHARMACEUTICALS,Finished Formulations,PHARMACEUTICALS,Finished Formulations,HIGH,REVIEW_REQUIRED,Conflict flagged but exposure_v3 partially agrees — manual review needed,65
SCI,Shipping Corporation Of India Limited,NON_SME,SHIPBUILDING & PORTS,Marine Offshore Vessels & Tugs,SHIPBUILDING & PORTS,Marine Offshore Vessels & Tugs,HIGH,REVIEW_REQUIRED,Conflict flagged but exposure_v3 partially agrees — manual review needed,65
SCILAL,Shipping Corporation of India Land and Assets Limited,NON_SME,SHIPBUILDING & PORTS,Marine Offshore Vessels & Tugs,SHIPBUILDING & PORTS,Marine Offshore Vessels & Tugs,HIGH,REVIEW_REQUIRED,Conflict flagged but exposure_v3 partially agrees — manual review needed,65
SENORES,Senores Pharmaceuticals Limited,NON_SME,PHARMACEUTICALS,Finished Formulations,PHARMACEUTICALS,Finished Formulations,HIGH,REVIEW_REQUIRED,Conflict flagged but exposure_v3 partially agrees — manual review needed,65
SHADOWFAX,Shadowfax Technologies Limited,NON_SME,LOGISTICS & SUPPLY CHAIN,Last Mile & Quick Commerce Logistics,LOGISTICS & SUPPLY CHAIN,Last Mile & Quick Commerce Logistics,HIGH,REVIEW_REQUIRED,Conflict flagged but exposure_v3 partially agrees — manual review needed,65
SHEMAROO,Shemaroo Entertainment Limited,NON_SME,PAPER & PACKAGING,Paperboard & Packaging Cartons,PAPER & PACKAGING,Paperboard & Packaging Cartons,HIGH,REVIEW_REQUIRED,Conflict flagged but exposure_v3 partially agrees — manual review needed,65
SHILCTECH,Shilchar Technologies Limited,NON_SME,EMS & ELECTRONICS,Power Transformers & Electrical Equipment,EMS & ELECTRONICS,Power Transformers & Electrical Equipment,HIGH,REVIEW_REQUIRED,Conflict flagged but exposure_v3 partially agrees — manual review needed,65
SHREEJISPG,Shreeji Shipping Global Limited,NON_SME,SHIPBUILDING & PORTS,Marine Offshore Vessels & Tugs,SHIPBUILDING & PORTS,Marine Offshore Vessels & Tugs,HIGH,REVIEW_REQUIRED,Conflict flagged but exposure_v3 partially agrees — manual review needed,65
SHRIPISTON,SPR Auto Technologies Limited,NON_SME,AUTO ANCILLARIES,Precision Auto Engine Components,AUTO ANCILLARIES,Precision Auto Engine Components,HIGH,REVIEW_REQUIRED,Conflict flagged but exposure_v3 partially agrees — manual review needed,65
SHUKRAPHAR,Shukra Pharmaceuticals Limited,NON_SME,PHARMACEUTICALS,Finished Formulations,PHARMACEUTICALS,Finished Formulations,HIGH,REVIEW_REQUIRED,Conflict flagged but exposure_v3 partially agrees — manual review needed,65
SILLYMONKS,Silly Monks Entertainment Limited,NON_SME,PAPER & PACKAGING,Paperboard & Packaging Cartons,PAPER & PACKAGING,Paperboard & Packaging Cartons,HIGH,REVIEW_REQUIRED,Conflict flagged but exposure_v3 partially agrees — manual review needed,65
SMSPHARMA,SMS Pharmaceuticals Limited,NON_SME,PHARMACEUTICALS,Finished Formulations,PHARMACEUTICALS,Finished Formulations,HIGH,REVIEW_REQUIRED,Conflict flagged but exposure_v3 partially agrees — manual review needed,65
SOLARA,Solara Active Pharma Sciences Limited,NON_SME,PHARMACEUTICALS,Finished Formulations,PHARMACEUTICALS,Finished Formulations,HIGH,REVIEW_REQUIRED,Conflict flagged but exposure_v3 partially agrees — manual review needed,65
SOTL,Savita Oil Technologies Limited,NON_SME,OIL & GAS,Refining & Petrochemicals,OIL & GAS,Refining & Petrochemicals,HIGH,REVIEW_REQUIRED,Conflict flagged but exposure_v3 partially agrees — manual review needed,65
SPARC,Sun Pharma Advanced Research Company Limited,NON_SME,PHARMACEUTICALS,Finished Formulations,PHARMACEUTICALS,Finished Formulations,HIGH,REVIEW_REQUIRED,Conflict flagged but exposure_v3 partially agrees — manual review needed,65
STAR,Strides Pharma Science Limited,NON_SME,PHARMACEUTICALS,Finished Formulations,PHARMACEUTICALS,Finished Formulations,HIGH,REVIEW_REQUIRED,Conflict flagged but exposure_v3 partially agrees — manual review needed,65
STARHEALTH,Star Health and Allied Insurance Company Limited,NON_SME,PHARMACEUTICALS,Finished Formulations,PHARMACEUTICALS,Finished Formulations,HIGH,REVIEW_REQUIRED,Conflict flagged but exposure_v3 partially agrees — manual review needed,65
STLTECH,Sterlite Technologies Limited,NON_SME,TELECOM,Optical Fibre Cables & Telecom Infra,TELECOM,Optical Fibre Cables & Telecom Infra,HIGH,REVIEW_REQUIRED,Conflict flagged but exposure_v3 partially agrees — manual review needed,65
SUDEEPPHRM,Sudeep Pharma Limited,NON_SME,PHARMACEUTICALS,Finished Formulations,PHARMACEUTICALS,Finished Formulations,HIGH,REVIEW_REQUIRED,Conflict flagged but exposure_v3 partially agrees — manual review needed,65
SUNLOC,Sunil Healthcare Limited,NON_SME,PHARMACEUTICALS,Finished Formulations,PHARMACEUTICALS,Finished Formulations,HIGH,REVIEW_REQUIRED,Conflict flagged but exposure_v3 partially agrees — manual review needed,65
SUNPHARMA,Sun Pharmaceutical Industries Limited,NON_SME,PHARMACEUTICALS,Finished Formulations,PHARMACEUTICALS,Finished Formulations,HIGH,REVIEW_REQUIRED,Conflict flagged but exposure_v3 partially agrees — manual review needed,65
SURAJEST,Suraj Estate Developers Limited,NON_SME,AUTO ANCILLARIES,Precision Auto Engine Components,AUTO ANCILLARIES,Precision Auto Engine Components,HIGH,REVIEW_REQUIRED,Conflict flagged but exposure_v3 partially agrees — manual review needed,65
SUVEN,Suven Life Sciences Limited,NON_SME,PHARMACEUTICALS,CDMO & Sterile Injectables,PHARMACEUTICALS,CDMO & Sterile Injectables,HIGH,REVIEW_REQUIRED,Conflict flagged but exposure_v3 partially agrees — manual review needed,65
TATVA,Tatva Chintan Pharma Chem Limited,NON_SME,PHARMACEUTICALS,Finished Formulations,PHARMACEUTICALS,Finished Formulations,HIGH,REVIEW_REQUIRED,Conflict flagged but exposure_v3 partially agrees — manual review needed,65
TEAMLEASE,Teamlease Services Limited,NON_SME,TEA & COFFEE,Tea Plantations & Packaging,STAFFING & EMPLOYMENT SERVICES,Staffing & Workforce Solutions,HIGH,CORRECTED,Teamlease Services Ltd is India's largest staffing and employment company. Current classification in 'Tea Plantations & Packaging' is factually wrong. No tea/coffee business.,65
THAKDEV,Thakkers Developers Limited,NON_SME,AUTO ANCILLARIES,Precision Auto Engine Components,AUTO ANCILLARIES,Precision Auto Engine Components,HIGH,REVIEW_REQUIRED,Conflict flagged but exposure_v3 partially agrees — manual review needed,65
THYROCARE,Thyrocare Technologies Limited,NON_SME,AUTO ANCILLARIES,Precision Auto Engine Components,AUTO ANCILLARIES,Precision Auto Engine Components,HIGH,REVIEW_REQUIRED,Conflict flagged but exposure_v3 partially agrees — manual review needed,65
TIPSFILMS,Tips Films Limited,NON_SME,MEDIA & ENTERTAINMENT,Music Labels & VFX Studios,MEDIA & ENTERTAINMENT,Music Labels & VFX Studios,HIGH,REVIEW_REQUIRED,Conflict flagged but exposure_v3 partially agrees — manual review needed,65
TORNTPHARM,Torrent Pharmaceuticals Limited,NON_SME,PHARMACEUTICALS,Finished Formulations,PHARMACEUTICALS,Finished Formulations,HIGH,REVIEW_REQUIRED,Conflict flagged but exposure_v3 partially agrees — manual review needed,65
TOUCHWOOD,Touchwood Entertainment Limited,NON_SME,CONSTRUCTION & INFRASTRUCTURE,Civil & Commercial Construction,CONSTRUCTION & INFRASTRUCTURE,Civil & Commercial Construction,HIGH,REVIEW_REQUIRED,Conflict flagged but exposure_v3 partially agrees — manual review needed,65
TRANSWORLD,TRANSWORLD SHIPPING LINES LIMITED,NON_SME,SHIPBUILDING & PORTS,Marine Offshore Vessels & Tugs,SHIPBUILDING & PORTS,Marine Offshore Vessels & Tugs,HIGH,REVIEW_REQUIRED,Conflict flagged but exposure_v3 partially agrees — manual review needed,65
TTKHLTCARE,TTK Healthcare Limited,NON_SME,PHARMACEUTICALS,Finished Formulations,PHARMACEUTICALS,Finished Formulations,HIGH,REVIEW_REQUIRED,Conflict flagged but exposure_v3 partially agrees — manual review needed,65
UNICHEMLAB,Unichem Laboratories Limited,NON_SME,PHARMACEUTICALS,Finished Formulations,PHARMACEUTICALS,Finished Formulations,HIGH,REVIEW_REQUIRED,Conflict flagged but exposure_v3 partially agrees — manual review needed,65
UNITEDTEA,The United Nilgiri Tea Estates Company Limited,NON_SME,TEA & COFFEE,Tea Plantations & Packaging,TEA & COFFEE,Tea Plantations & Packaging,HIGH,REVIEW_REQUIRED,Conflict flagged but exposure_v3 partially agrees — manual review needed,65
VAISHALI,Vaishali Pharma Limited,NON_SME,PHARMACEUTICALS,Finished Formulations,PHARMACEUTICALS,Finished Formulations,HIGH,REVIEW_REQUIRED,Conflict flagged but exposure_v3 partially agrees — manual review needed,65
VALIANTLAB,Valiant Laboratories Limited,NON_SME,PHARMACEUTICALS,Finished Formulations,PHARMACEUTICALS,Finished Formulations,HIGH,REVIEW_REQUIRED,Conflict flagged but exposure_v3 partially agrees — manual review needed,65
VINEETLAB,Vineet Laboratories Limited,NON_SME,PHARMACEUTICALS,Finished Formulations,PHARMACEUTICALS,Finished Formulations,HIGH,REVIEW_REQUIRED,Conflict flagged but exposure_v3 partially agrees — manual review needed,65
WAAREERTL,Waaree Renewable Technologies Limited,NON_SME,RENEWABLE ENERGY,Renewable Energy & Solar,RENEWABLE ENERGY,Renewable Energy & Solar,HIGH,REVIEW_REQUIRED,Conflict flagged but exposure_v3 partially agrees — manual review needed,65
ZEEL,Zee Entertainment Enterprises Limited,NON_SME,PAPER & PACKAGING,Paperboard & Packaging Cartons,PAPER & PACKAGING,Paperboard & Packaging Cartons,HIGH,REVIEW_REQUIRED,Conflict flagged but exposure_v3 partially agrees — manual review needed,65
ZEEMEDIA,Zee Media Corporation Limited,NON_SME,PAPER & PACKAGING,Paperboard & Packaging Cartons,PAPER & PACKAGING,Paperboard & Packaging Cartons,HIGH,REVIEW_REQUIRED,Conflict flagged but exposure_v3 partially agrees — manual review needed,65
ZENTEC,Zen Technologies Limited,NON_SME,DEFENCE & AEROSPACE,Defence Electronics & Radars,DEFENCE & AEROSPACE,Defence Electronics & Radars,HIGH,REVIEW_REQUIRED,Conflict flagged but exposure_v3 partially agrees — manual review needed,65
ZIMLAB,Zim Laboratories Limited,NON_SME,PHARMACEUTICALS,Finished Formulations,PHARMACEUTICALS,Finished Formulations,HIGH,REVIEW_REQUIRED,Conflict flagged but exposure_v3 partially agrees — manual review needed,65
NARMADA,Narmada Agrobase Limited,NON_SME,TEA & COFFEE,Tea Plantations & Packaging,AGRICULTURE & AGRI-INPUTS,Agrochemicals & Crop Protection,MEDIUM,REVIEW_REQUIRED,"Narmada Agrobase Ltd — requires verification. 'Agrobase' could indicate agricultural inputs, but needs review against company filings.",35
TEAMGTY,Team India Guaranty Limited,NON_SME,TEA & COFFEE,Tea Plantations & Packaging,FINANCE & NBFC,Credit Guarantee & Risk Management Services,MEDIUM,CORRECTED,Team India Guaranty Ltd is a credit guarantee / financial services entity. Classified in Tea & Coffee sector is incorrect.,35
AAKAAR,AAKAAR,SME,METALS & FABRICATION,Precision Metal Fabrication,METALS & FABRICATION,Precision Metal Fabrication,HIGH,NO_CHANGE,Current classification consistent with exposure_v3,0
AARADHYA,AARADHYA,SME,STEEL,Steel Pipes & Tubes,STEEL,Steel Pipes & Tubes,HIGH,NO_CHANGE,Current classification consistent with exposure_v3,0
AATMAJ,AATMAJ,SME,HEALTHCARE SERVICES,Hospitals & Healthcare Chains,HEALTHCARE SERVICES,Hospitals & Healthcare Chains,HIGH,NO_CHANGE,Current classification consistent with exposure_v3,0
ABHAPOWER,ABHAPOWER,SME,POWER,Conventional Thermal & Fossil Power,POWER,Conventional Thermal & Fossil Power,HIGH,NO_CHANGE,Current classification consistent with exposure_v3,0
ABSMARINE,ABSMARINE,SME,SHIPBUILDING & PORTS,Marine Offshore Vessels & Tugs,SHIPBUILDING & PORTS,Marine Offshore Vessels & Tugs,HIGH,NO_CHANGE,Current classification consistent with exposure_v3,0
ACCENTMIC,ACCENTMIC,SME,IT SERVICES,Mid-Tier IT & Digital Solutions,IT SERVICES,Mid-Tier IT & Digital Solutions,HIGH,NO_CHANGE,Current classification consistent with exposure_v3,0
ACCPL,ACCPL,SME,CONSTRUCTION & INFRASTRUCTURE,Civil & Commercial Construction,CONSTRUCTION & INFRASTRUCTURE,Civil & Commercial Construction,HIGH,NO_CHANGE,Current classification consistent with exposure_v3,0
ACTIVEINFR,ACTIVEINFR,SME,CONSTRUCTION & INFRASTRUCTURE,Civil & Commercial Construction,CONSTRUCTION & INFRASTRUCTURE,Civil & Commercial Construction,HIGH,NO_CHANGE,Current classification consistent with exposure_v3,0
ADDICTIVE,ADDICTIVE,SME,MEDIA & ENTERTAINMENT,Print Media & Publishing,MEDIA & ENTERTAINMENT,Print Media & Publishing,HIGH,NO_CHANGE,Current classification consistent with exposure_v3,0
ADISOFT,ADISOFT,SME,IT SERVICES,Mid-Tier IT & Digital Solutions,IT SERVICES,Mid-Tier IT & Digital Solutions,HIGH,NO_CHANGE,Current classification consistent with exposure_v3,0
AERON,AERON,SME,DEFENCE & AEROSPACE,Aerospace & Fighter Aircraft,DEFENCE & AEROSPACE,Aerospace & Fighter Aircraft,HIGH,NO_CHANGE,Current classification consistent with exposure_v3,0
AESTHETIK,AESTHETIK,SME,BUILDING MATERIALS,Architectural Glass & Windows,BUILDING MATERIALS,Architectural Glass & Windows,HIGH,NO_CHANGE,Current classification consistent with exposure_v3,0
AGARWALTUF,AGARWALTUF,SME,BUILDING MATERIALS,Architectural Glass & Windows,BUILDING MATERIALS,Architectural Glass & Windows,HIGH,NO_CHANGE,Current classification consistent with exposure_v3,0
AGNI,AGNI,SME,RENEWABLE ENERGY,Solar PV & Green Hydrogen,RENEWABLE ENERGY,Solar PV & Green Hydrogen,HIGH,NO_CHANGE,Current classification consistent with exposure_v3,0
AHIMSA,AHIMSA,SME,MINING & MINERALS,Industrial Minerals,MINING & MINERALS,Industrial Minerals,HIGH,NO_CHANGE,Current classification consistent with exposure_v3,0
AILIMITED,AILIMITED,SME,TEXTILES,Cotton Spinning & Yarns,TEXTILES,Cotton Spinning & Yarns,HIGH,NO_CHANGE,Current classification consistent with exposure_v3,0
AIMTRON,AIMTRON,SME,EMS & ELECTRONICS,Printed Circuit Boards (PCBA) & Components,EMS & ELECTRONICS,Printed Circuit Boards (PCBA) & Components,HIGH,NO_CHANGE,Current classification consistent with exposure_v3,0
AISL,AISL,SME,IT SERVICES,Mid-Tier IT & Digital Solutions,IT SERVICES,Mid-Tier IT & Digital Solutions,HIGH,NO_CHANGE,Current classification consistent with exposure_v3,0
AKANKSHA,AKANKSHA,SME,ELECTRICAL EQUIPMENT,Power & Distribution Transformers,ELECTRICAL EQUIPMENT,Power & Distribution Transformers,HIGH,NO_CHANGE,Current classification consistent with exposure_v3,0
AKIKO,AKIKO,SME,FINANCE & NBFC,Diversified Consumer & MSME NBFC,FINANCE & NBFC,Diversified Consumer & MSME NBFC,HIGH,NO_CHANGE,Current classification consistent with exposure_v3,0
ALCODIS,ALCODIS,SME,BEVERAGES & DISTILLERIES,IMFL Spirits & Distilleries,BEVERAGES & DISTILLERIES,IMFL Spirits & Distilleries,HIGH,NO_CHANGE,Current classification consistent with exposure_v3,0
ALLETEC,ALLETEC,SME,IT SERVICES,Enterprise Software & SaaS,IT SERVICES,Enterprise Software & SaaS,HIGH,NO_CHANGE,Current classification consistent with exposure_v3,0
ALPEXSOLAR,ALPEXSOLAR,SME,RENEWABLE ENERGY,Solar PV & Green Hydrogen,RENEWABLE ENERGY,Solar PV & Green Hydrogen,HIGH,NO_CHANGE,Current classification consistent with exposure_v3,0
ALUWIND,ALUWIND,SME,BUILDING MATERIALS,Architectural Glass & Windows,BUILDING MATERIALS,Architectural Glass & Windows,HIGH,NO_CHANGE,Current classification consistent with exposure_v3,0
AMBAAUTO,AMBAAUTO,SME,AUTO ANCILLARIES,Auto Castings & Heavy Forgings,AUTO ANCILLARIES,Auto Castings & Heavy Forgings,HIGH,NO_CHANGE,Current classification consistent with exposure_v3,0
AMBANIORGO,AMBANIORGO,SME,CHEMICALS,Specialty Chemicals,CHEMICALS,Specialty Chemicals,HIGH,NO_CHANGE,Current classification consistent with exposure_v3,0
AMCL,AMCL,SME,CAPITAL GOODS & MACHINERY,Heavy Process Equipment & Machinery,CAPITAL GOODS & MACHINERY,Heavy Process Equipment & Machinery,HIGH,NO_CHANGE,Current classification consistent with exposure_v3,0
AMEYA,AMEYA,SME,CAPITAL GOODS & MACHINERY,Pumps & Compressors,CAPITAL GOODS & MACHINERY,Pumps & Compressors,HIGH,NO_CHANGE,Current classification consistent with exposure_v3,0
ANAWIL,ANAWIL,SME,TEXTILES,Cotton Spinning & Yarns,TEXTILES,Cotton Spinning & Yarns,HIGH,NO_CHANGE,Current classification consistent with exposure_v3,0
ANLON,ANLON,SME,CAPITAL GOODS & MACHINERY,Pumps & Compressors,CAPITAL GOODS & MACHINERY,Pumps & Compressors,HIGH,NO_CHANGE,Current classification consistent with exposure_v3,0
ANONDITA,ANONDITA,SME,HEALTHCARE SERVICES,Medical Clinics & Equipment,HEALTHCARE SERVICES,Medical Clinics & Equipment,HIGH,NO_CHANGE,Current classification consistent with exposure_v3,0
ANYA,ANYA,SME,PLASTICS & POLYMERS,Engineered Polymers & Compounding,PLASTICS & POLYMERS,Engineered Polymers & Compounding,HIGH,NO_CHANGE,Current classification consistent with exposure_v3,0
APEXECO,APEXECO,SME,WATER TREATMENT,"Industrial Effluent, Desalination & ZLD",WATER TREATMENT,"Industrial Effluent, Desalination & ZLD",HIGH,NO_CHANGE,Current classification consistent with exposure_v3,0
APRAMEYA,APRAMEYA,SME,HEALTHCARE SERVICES,Medical Clinics & Equipment,HEALTHCARE SERVICES,Medical Clinics & Equipment,HIGH,NO_CHANGE,Current classification consistent with exposure_v3,0
APS,APS,SME,ELECTRICAL EQUIPMENT,Heavy Switchgear & Automation,ELECTRICAL EQUIPMENT,Heavy Switchgear & Automation,HIGH,NO_CHANGE,Current classification consistent with exposure_v3,0
APSISAERO,APSISAERO,SME,DEFENCE & AEROSPACE,Aerospace & Fighter Aircraft,DEFENCE & AEROSPACE,Aerospace & Fighter Aircraft,HIGH,NO_CHANGE,Current classification consistent with exposure_v3,0
ARABIAN,ARABIAN,SME,OIL & GAS,Lubricants & Specialty Oils,OIL & GAS,Lubricants & Specialty Oils,HIGH,NO_CHANGE,Current classification consistent with exposure_v3,0
ARCIIL,ARCIIL,SME,ELECTRICAL EQUIPMENT,Heavy Switchgear & Automation,ELECTRICAL EQUIPMENT,Heavy Switchgear & Automation,HIGH,NO_CHANGE,Current classification consistent with exposure_v3,0
ARHAM,ARHAM,SME,PAPER & PACKAGING,Flexible Packaging Films,PAPER & PACKAGING,Flexible Packaging Films,HIGH,NO_CHANGE,Current classification consistent with exposure_v3,0
ARIHANTACA,ARIHANTACA,SME,EDUCATION & EDTECH,Education Academies & Publishing,EDUCATION & EDTECH,Education Academies & Publishing,HIGH,NO_CHANGE,Current classification consistent with exposure_v3,0
ARMOUR,ARMOUR,SME,DEFENCE & AEROSPACE,Precision Defence Machining,DEFENCE & AEROSPACE,Precision Defence Machining,HIGH,NO_CHANGE,Current classification consistent with exposure_v3,0
ARUNAYA,ARUNAYA,SME,CHEMICALS,Pigments & Dyes,CHEMICALS,Pigments & Dyes,HIGH,NO_CHANGE,Current classification consistent with exposure_v3,0
ARVINDPORT,ARVINDPORT,SME,SHIPBUILDING & PORTS,Commercial Ports & Terminals,SHIPBUILDING & PORTS,Commercial Ports & Terminals,HIGH,NO_CHANGE,Current classification consistent with exposure_v3,0
ASHALOG,ASHALOG,SME,LOGISTICS & SUPPLY CHAIN,3PL Logistics & Fleet Haulage,LOGISTICS & SUPPLY CHAIN,3PL Logistics & Fleet Haulage,HIGH,NO_CHANGE,Current classification consistent with exposure_v3,0
ASHWINI,ASHWINI,SME,LOGISTICS & SUPPLY CHAIN,Container Rail & Dry Ports,LOGISTICS & SUPPLY CHAIN,Container Rail & Dry Ports,HIGH,NO_CHANGE,Current classification consistent with exposure_v3,0
ATCENERGY,ATCENERGY,SME,RENEWABLE ENERGY,Solar PV & Green Hydrogen,RENEWABLE ENERGY,Solar PV & Green Hydrogen,HIGH,NO_CHANGE,Current classification consistent with exposure_v3,0
ATMASTCO,ATMASTCO,SME,METALS & FABRICATION,Precision Metal Fabrication,METALS & FABRICATION,Precision Metal Fabrication,HIGH,NO_CHANGE,Current classification consistent with exposure_v3,0
AUSL,AUSL,SME,RENEWABLE ENERGY,Solar PV & Green Hydrogen,RENEWABLE ENERGY,Solar PV & Green Hydrogen,HIGH,NO_CHANGE,Current classification consistent with exposure_v3,0
AVANA,AVANA,SME,LOGISTICS & SUPPLY CHAIN,Container Rail & Dry Ports,LOGISTICS & SUPPLY CHAIN,Container Rail & Dry Ports,HIGH,NO_CHANGE,Current classification consistent with exposure_v3,0
AVATAR,AVATAR,SME,CAPITAL GOODS & MACHINERY,Heavy Process Equipment & Machinery,CAPITAL GOODS & MACHINERY,Heavy Process Equipment & Machinery,HIGH,NO_CHANGE,Current classification consistent with exposure_v3,0
AVIANSH,AVIANSH,SME,PLASTICS & POLYMERS,Engineered Polymers & Compounding,PLASTICS & POLYMERS,Engineered Polymers & Compounding,HIGH,NO_CHANGE,Current classification consistent with exposure_v3,0
AVIENCE,AVIENCE,SME,PHARMACEUTICALS,Finished Formulations,PHARMACEUTICALS,Finished Formulations,HIGH,NO_CHANGE,Current classification consistent with exposure_v3,0
AVPINFRA,AVPINFRA,SME,CONSTRUCTION & INFRASTRUCTURE,Roads & Highways EPC,CONSTRUCTION & INFRASTRUCTURE,Roads & Highways EPC,HIGH,NO_CHANGE,Current classification consistent with exposure_v3,0
BAHETI,BAHETI,SME,ALUMINIUM & COPPER,Primary Aluminium,ALUMINIUM & COPPER,Primary Aluminium,HIGH,NO_CHANGE,Current classification consistent with exposure_v3,0
BALAJIPHOS,BALAJIPHOS,SME,FERTILIZERS,Fertilizers & Soil Nutrients,FERTILIZERS,Fertilizers & Soil Nutrients,HIGH,NO_CHANGE,Current classification consistent with exposure_v3,0
BALCO,BALCO,SME,ALUMINIUM & COPPER,Primary Aluminium,ALUMINIUM & COPPER,Primary Aluminium,HIGH,NO_CHANGE,Current classification consistent with exposure_v3,0
BARFLEX,BARFLEX,SME,PAPER & PACKAGING,Flexible Packaging Films,PAPER & PACKAGING,Flexible Packaging Films,HIGH,NO_CHANGE,Current classification consistent with exposure_v3,0
BASILIC,BASILIC,SME,MEDIA & ENTERTAINMENT,Music Labels & VFX Studios,MEDIA & ENTERTAINMENT,Music Labels & VFX Studios,HIGH,NO_CHANGE,Current classification consistent with exposure_v3,0
BAWEJA,BAWEJA,SME,MEDIA & ENTERTAINMENT,Music Labels & VFX Studios,MEDIA & ENTERTAINMENT,Music Labels & VFX Studios,HIGH,NO_CHANGE,Current classification consistent with exposure_v3,0
BEACON,BEACON,SME,SHIPBUILDING & PORTS,Marine Offshore Vessels & Tugs,SHIPBUILDING & PORTS,Marine Offshore Vessels & Tugs,HIGH,NO_CHANGE,Current classification consistent with exposure_v3,0
BEWLTD,BEWLTD,SME,CAPITAL GOODS & MACHINERY,Pumps & Compressors,CAPITAL GOODS & MACHINERY,Pumps & Compressors,HIGH,NO_CHANGE,Current classification consistent with exposure_v3,0
BHADORA,BHADORA,SME,MINING & MINERALS,Industrial Minerals,MINING & MINERALS,Industrial Minerals,HIGH,NO_CHANGE,Current classification consistent with exposure_v3,0
BIKEWO,BIKEWO,SME,AUTOMOBILE,Electric Vehicles (EV),AUTOMOBILE,Electric Vehicles (EV),HIGH,NO_CHANGE,Current classification consistent with exposure_v3,0
BIOPOL,BIOPOL,SME,CHEMICALS,Specialty Chemicals,CHEMICALS,Specialty Chemicals,HIGH,NO_CHANGE,Current classification consistent with exposure_v3,0
BIRDYS,BIRDYS,SME,FOOD PROCESSING,Packaged Foods & Snacks,FOOD PROCESSING,Packaged Foods & Snacks,HIGH,NO_CHANGE,Current classification consistent with exposure_v3,0
BLUEPEBBLE,BLUEPEBBLE,SME,PROFESSIONAL & CONSUMER SERVICES,Design & Facility Architecture,PROFESSIONAL & CONSUMER SERVICES,Design & Facility Architecture,HIGH,NO_CHANGE,Current classification consistent with exposure_v3,0
BLUEWATER,BLUEWATER,SME,SHIPBUILDING & PORTS,Marine Offshore Vessels & Tugs,SHIPBUILDING & PORTS,Marine Offshore Vessels & Tugs,HIGH,NO_CHANGE,Current classification consistent with exposure_v3,0
BMETRICS,BMETRICS,SME,IT SERVICES,Enterprise Software & SaaS,IT SERVICES,Enterprise Software & SaaS,HIGH,NO_CHANGE,Current classification consistent with exposure_v3,0
BMLL,BMLL,SME,METALS & FABRICATION,Precision Metal Fabrication,METALS & FABRICATION,Precision Metal Fabrication,HIGH,NO_CHANGE,Current classification consistent with exposure_v3,0
BOSS,BOSS,SME,CONSUMER DURABLES,Kitchen Appliances & Cookware,CONSUMER DURABLES,Kitchen Appliances & Cookware,HIGH,NO_CHANGE,Current classification consistent with exposure_v3,0
BRACEPORT,BRACEPORT,SME,LOGISTICS & SUPPLY CHAIN,Express Parcel & Courier,LOGISTICS & SUPPLY CHAIN,Express Parcel & Courier,HIGH,NO_CHANGE,Current classification consistent with exposure_v3,0
BRANDMAN,BRANDMAN,SME,FOOTWEAR,Sports & Athleisure Footwear,FOOTWEAR,Sports & Athleisure Footwear,HIGH,NO_CHANGE,Current classification consistent with exposure_v3,0
BULKCORP,BULKCORP,SME,PAPER & PACKAGING,Paperboard & Packaging Cartons,PAPER & PACKAGING,Paperboard & Packaging Cartons,HIGH,NO_CHANGE,Current classification consistent with exposure_v3,0
C2C,C2C,SME,DEFENCE & AEROSPACE,Defence Electronics & Radars,DEFENCE & AEROSPACE,Defence Electronics & Radars,HIGH,NO_CHANGE,Current classification consistent with exposure_v3,0
CANARYS,CANARYS,SME,IT SERVICES,Mid-Tier IT & Digital Solutions,IT SERVICES,Mid-Tier IT & Digital Solutions,HIGH,NO_CHANGE,Current classification consistent with exposure_v3,0
CEDAAR,CEDAAR,SME,TEXTILES,Cotton Spinning & Yarns,TEXTILES,Cotton Spinning & Yarns,HIGH,NO_CHANGE,Current classification consistent with exposure_v3,0
CELLECOR,CELLECOR,SME,CONSUMER DURABLES,Home Appliances (White Goods),CONSUMER DURABLES,Home Appliances (White Goods),HIGH,NO_CHANGE,Current classification consistent with exposure_v3,0
CELLPOINT,CELLPOINT,SME,RETAIL,Specialty Retail Boutiques,RETAIL,Specialty Retail Boutiques,HIGH,NO_CHANGE,Current classification consistent with exposure_v3,0
CGRAPHICS,CGRAPHICS,SME,MEDIA & ENTERTAINMENT,Print Media & Publishing,MEDIA & ENTERTAINMENT,Print Media & Publishing,HIGH,NO_CHANGE,Current classification consistent with exposure_v3,0
CHANDAN,CHANDAN,SME,FMCG & PERSONAL CARE,Ayurvedic & Herbal Care,FMCG & PERSONAL CARE,Ayurvedic & Herbal Care,HIGH,NO_CHANGE,Current classification consistent with exposure_v3,0
CHAVDA,CHAVDA,SME,CONSTRUCTION & INFRASTRUCTURE,Civil & Commercial Construction,CONSTRUCTION & INFRASTRUCTURE,Civil & Commercial Construction,HIGH,NO_CHANGE,Current classification consistent with exposure_v3,0
CHEMICAL,CHEMICAL,NON_SME,CHEMICALS,Industrial & Basic Chemicals,CHEMICALS,Industrial & Basic Chemicals,HIGH,NO_CHANGE,Current classification consistent with exposure_v3,0
CHETANA,CHETANA,SME,EDUCATION & EDTECH,Education Academies & Publishing,EDUCATION & EDTECH,Education Academies & Publishing,HIGH,NO_CHANGE,Current classification consistent with exposure_v3,0
CKKRETAIL,CKKRETAIL,SME,RETAIL,Specialty Retail Boutiques,RETAIL,Specialty Retail Boutiques,HIGH,NO_CHANGE,Current classification consistent with exposure_v3,0
CLASSICEIL,CLASSICEIL,SME,BUILDING MATERIALS,Plywood & Laminates,BUILDING MATERIALS,Plywood & Laminates,HIGH,NO_CHANGE,Current classification consistent with exposure_v3,0
CLAYCRAFT,CLAYCRAFT,SME,BUILDING MATERIALS,Ceramic Tiles & Sanitaryware,BUILDING MATERIALS,Ceramic Tiles & Sanitaryware,HIGH,NO_CHANGE,Current classification consistent with exposure_v3,0
CLSL,CLSL,SME,AGRICULTURE & AGROCHEMICALS,Crop Protection Formulations,AGRICULTURE & AGROCHEMICALS,Crop Protection Formulations,HIGH,NO_CHANGE,Current classification consistent with exposure_v3,0
CMNL,CMNL,SME,CAPITAL GOODS & MACHINERY,Precision Machine Tools & Fasteners,CAPITAL GOODS & MACHINERY,Precision Machine Tools & Fasteners,HIGH,NO_CHANGE,Current classification consistent with exposure_v3,0
COMMITTED,COMMITTED,SME,LOGISTICS & SUPPLY CHAIN,Freight Forwarding & Multi-Modal Cargo,LOGISTICS & SUPPLY CHAIN,Freight Forwarding & Multi-Modal Cargo,HIGH,NO_CHANGE,Current classification consistent with exposure_v3,0
CONNPLEX,CONNPLEX,SME,MEDIA & ENTERTAINMENT,Film Multiplex Theatres,MEDIA & ENTERTAINMENT,Film Multiplex Theatres,HIGH,NO_CHANGE,Current classification consistent with exposure_v3,0
CONS,CONS,NON_SME,CONSTRUCTION & INFRASTRUCTURE,Civil & Commercial Construction,CONSTRUCTION & INFRASTRUCTURE,Civil & Commercial Construction,HIGH,NO_CHANGE,Current classification consistent with exposure_v3,0
COOLCAPS,COOLCAPS,SME,PAPER & PACKAGING,Moulded Plastics & Packaging,PAPER & PACKAGING,Moulded Plastics & Packaging,HIGH,NO_CHANGE,Current classification consistent with exposure_v3,0
CPS,CPS,SME,SERVICES & MEDIA,Business Process Management (BPM),SERVICES & MEDIA,Business Process Management (BPM),HIGH,NO_CHANGE,Current classification consistent with exposure_v3,0
CRAYONS,CRAYONS,SME,MEDIA & ENTERTAINMENT,Print Media & Publishing,MEDIA & ENTERTAINMENT,Print Media & Publishing,HIGH,NO_CHANGE,Current classification consistent with exposure_v3,0
CREDENT,CREDENT,SME,FINANCE & NBFC,Diversified Consumer & MSME NBFC,FINANCE & NBFC,Diversified Consumer & MSME NBFC,HIGH,NO_CHANGE,Current classification consistent with exposure_v3,0
CSSL,CSSL,SME,IT SERVICES,Mid-Tier IT & Digital Solutions,IT SERVICES,Mid-Tier IT & Digital Solutions,HIGH,NO_CHANGE,Current classification consistent with exposure_v3,0
CUDML,CUDML,SME,CONSTRUCTION & INFRASTRUCTURE,Civil & Commercial Construction,CONSTRUCTION & INFRASTRUCTURE,Civil & Commercial Construction,HIGH,NO_CHANGE,Current classification consistent with exposure_v3,0
CURIS,CURIS,SME,PHARMACEUTICALS,Finished Formulations,PHARMACEUTICALS,Finished Formulations,HIGH,NO_CHANGE,Current classification consistent with exposure_v3,0
DANISH,DANISH,SME,ELECTRICAL EQUIPMENT,Power & Distribution Transformers,ELECTRICAL EQUIPMENT,Power & Distribution Transformers,HIGH,NO_CHANGE,Current classification consistent with exposure_v3,0
DCCL,DCCL,SME,TEA & COFFEE,Tea Plantations & Packaging,TEA & COFFEE,Tea Plantations & Packaging,HIGH,NO_CHANGE,Current classification consistent with exposure_v3,0
DCG,DCG,SME,CAPITAL GOODS & MACHINERY,Precision Machine Tools & Fasteners,CAPITAL GOODS & MACHINERY,Precision Machine Tools & Fasteners,HIGH,NO_CHANGE,Current classification consistent with exposure_v3,0
DEEM,DEEM,SME,CAPITAL GOODS & MACHINERY,Precision Machine Tools & Fasteners,CAPITAL GOODS & MACHINERY,Precision Machine Tools & Fasteners,HIGH,NO_CHANGE,Current classification consistent with exposure_v3,0
DEFENCE,DEFENCE,NON_SME,DEFENCE & AEROSPACE,Precision Defence Machining,DEFENCE & AEROSPACE,Precision Defence Machining,HIGH,NO_CHANGE,Current classification consistent with exposure_v3,0
DELAPLEX,DELAPLEX,SME,IT SERVICES,Mid-Tier IT & Digital Solutions,IT SERVICES,Mid-Tier IT & Digital Solutions,HIGH,NO_CHANGE,Current classification consistent with exposure_v3,0
DELTIC,DELTIC,SME,AUTOMOBILE,Electric Vehicles (EV),AUTOMOBILE,Electric Vehicles (EV),HIGH,NO_CHANGE,Current classification consistent with exposure_v3,0
DENEERS,DENEERS,SME,FOOD PROCESSING,Packaged Foods & Snacks,FOOD PROCESSING,Packaged Foods & Snacks,HIGH,NO_CHANGE,Current classification consistent with exposure_v3,0
DENTALKART,DENTALKART,SME,HEALTHCARE SERVICES,Medical Clinics & Equipment,HEALTHCARE SERVICES,Medical Clinics & Equipment,HIGH,NO_CHANGE,Current classification consistent with exposure_v3,0
DHANLAXMI,DHANLAXMI,SME,BANKING,Private Sector Banks,BANKING,Private Sector Banks,HIGH,NO_CHANGE,Current classification consistent with exposure_v3,0
DHANSA,DHANSA,SME,TEXTILES,Cotton Spinning & Yarns,TEXTILES,Cotton Spinning & Yarns,HIGH,NO_CHANGE,Current classification consistent with exposure_v3,0
DHARARAIL,DHARARAIL,SME,RAILWAYS,Railway Signaling & Track EPC,RAILWAYS,Railway Signaling & Track EPC,HIGH,NO_CHANGE,Current classification consistent with exposure_v3,0
DHARIWAL,DHARIWAL,SME,SUGAR & BIO-ETHANOL,Sugar Refining & Bio-Ethanol,SUGAR & BIO-ETHANOL,Sugar Refining & Bio-Ethanol,HIGH,NO_CHANGE,Current classification consistent with exposure_v3,0
DHTL,DHTL,SME,CONSTRUCTION & INFRASTRUCTURE,Civil & Commercial Construction,CONSTRUCTION & INFRASTRUCTURE,Civil & Commercial Construction,HIGH,NO_CHANGE,Current classification consistent with exposure_v3,0
DIGIKORE,DIGIKORE,SME,MEDIA & ENTERTAINMENT,Music Labels & VFX Studios,MEDIA & ENTERTAINMENT,Music Labels & VFX Studios,HIGH,NO_CHANGE,Current classification consistent with exposure_v3,0
DIVINEHIRA,DIVINEHIRA,SME,JEWELLERY,Bridal Gold Jewellery & Retail Showrooms,JEWELLERY,Bridal Gold Jewellery & Retail Showrooms,HIGH,NO_CHANGE,Current classification consistent with exposure_v3,0
DKEGL,DKEGL,SME,EMS & ELECTRONICS,PCB Assembly & Fabrication,EMS & ELECTRONICS,PCB Assembly & Fabrication,HIGH,NO_CHANGE,Current classification consistent with exposure_v3,0
DOLLEX,DOLLEX,SME,LOGISTICS & SUPPLY CHAIN,Freight Forwarding & Multi-Modal Cargo,LOGISTICS & SUPPLY CHAIN,Freight Forwarding & Multi-Modal Cargo,HIGH,NO_CHANGE,Current classification consistent with exposure_v3,0
DPEL,DPEL,SME,EMS & ELECTRONICS,Domestic Consumer Appliance EMS (AC/TV/Washing Machines),EMS & ELECTRONICS,Domestic Consumer Appliance EMS (AC/TV/Washing Machines),HIGH,NO_CHANGE,Current classification consistent with exposure_v3,0
DRONE,DRONE,SME,DEFENCE & AEROSPACE,Aerospace & Fighter Aircraft,DEFENCE & AEROSPACE,Aerospace & Fighter Aircraft,HIGH,NO_CHANGE,Current classification consistent with exposure_v3,0
DTL,DTL,SME,ELECTRICAL EQUIPMENT,Heavy Switchgear & Automation,ELECTRICAL EQUIPMENT,Heavy Switchgear & Automation,HIGH,NO_CHANGE,Current classification consistent with exposure_v3,0
DUCOL,DUCOL,SME,CHEMICALS,Pigments & Dyes,CHEMICALS,Pigments & Dyes,HIGH,NO_CHANGE,Current classification consistent with exposure_v3,0
DUGLOBAL,DUGLOBAL,SME,COMMERCIAL TRADING,Commodity & Wholesale Trading,COMMERCIAL TRADING,Commodity & Wholesale Trading,HIGH,NO_CHANGE,Current classification consistent with exposure_v3,0
DURLAX,DURLAX,SME,BUILDING MATERIALS,Building Materials,BUILDING MATERIALS,Building Materials,HIGH,NO_CHANGE,Current classification consistent with exposure_v3,0
DYNAMIC,DYNAMIC,SME,SERVICES & MEDIA,Staffing & Workforce Security,SERVICES & MEDIA,Staffing & Workforce Security,HIGH,NO_CHANGE,Current classification consistent with exposure_v3,0
E2ERAIL,E2ERAIL,SME,RAILWAYS,Railway Signaling & Track EPC,RAILWAYS,Railway Signaling & Track EPC,HIGH,NO_CHANGE,Current classification consistent with exposure_v3,0
ECAPINSURE,ECAPINSURE,NON_SME,PHARMACEUTICALS,API & Bulk Drugs,PHARMACEUTICALS,API & Bulk Drugs,HIGH,NO_CHANGE,Current classification consistent with exposure_v3,0
ECOLINE,ECOLINE,SME,TEXTILES,Recycled Polyester & Eco-Yarns,TEXTILES,Recycled Polyester & Eco-Yarns,HIGH,NO_CHANGE,Current classification consistent with exposure_v3,0
EEPL,EEPL,SME,CONSTRUCTION & INFRASTRUCTURE,Heavy Infrastructure EPC,CONSTRUCTION & INFRASTRUCTURE,Heavy Infrastructure EPC,HIGH,NO_CHANGE,Current classification consistent with exposure_v3,0
EFACTOR,EFACTOR,SME,MEDIA & ENTERTAINMENT,Print Media & Publishing,MEDIA & ENTERTAINMENT,Print Media & Publishing,HIGH,NO_CHANGE,Current classification consistent with exposure_v3,0
EFFWA,EFFWA,SME,WATER TREATMENT,"Industrial Effluent, Desalination & ZLD",WATER TREATMENT,"Industrial Effluent, Desalination & ZLD",HIGH,NO_CHANGE,Current classification consistent with exposure_v3,0
EFORCE,EFORCE,SME,AUTOMOBILE,Electric Vehicles (EV),AUTOMOBILE,Electric Vehicles (EV),HIGH,NO_CHANGE,Current classification consistent with exposure_v3,0
ELGNZ,ELGNZ,SME,TEXTILES,Garments & Apparel Exports,TEXTILES,Garments & Apparel Exports,HIGH,NO_CHANGE,Current classification consistent with exposure_v3,0
ELM250,ELM250,NON_SME,FINANCE & NBFC,Diversified Consumer & MSME NBFC,FINANCE & NBFC,Diversified Consumer & MSME NBFC,HIGH,NO_CHANGE,Current classification consistent with exposure_v3,0
ELMDIV,ELMDIV,NON_SME,FINANCE & NBFC,Diversified Consumer & MSME NBFC,FINANCE & NBFC,Diversified Consumer & MSME NBFC,HIGH,NO_CHANGE,Current classification consistent with exposure_v3,0
EMAPARTNER,EMAPARTNER,SME,SERVICES & MEDIA,Staffing & Workforce Security,SERVICES & MEDIA,Staffing & Workforce Security,HIGH,NO_CHANGE,Current classification consistent with exposure_v3,0
EMETAL,EMETAL,NON_SME,STEEL,Secondary Steel & TMT Rebars,STEEL,Secondary Steel & TMT Rebars,HIGH,NO_CHANGE,Current classification consistent with exposure_v3,0
EMKAYTOOLS,EMKAYTOOLS,SME,CAPITAL GOODS & MACHINERY,Precision Machine Tools & Fasteners,CAPITAL GOODS & MACHINERY,Precision Machine Tools & Fasteners,HIGH,NO_CHANGE,Current classification consistent with exposure_v3,0
EMMIL,EMMIL,SME,CAPITAL GOODS & MACHINERY,Precision Machine Tools & Fasteners,CAPITAL GOODS & MACHINERY,Precision Machine Tools & Fasteners,HIGH,NO_CHANGE,Current classification consistent with exposure_v3,0
EMULTIMQ,EMULTIMQ,NON_SME,CAPITAL MARKETS,Wealth Broking & Advisory,CAPITAL MARKETS,Wealth Broking & Advisory,HIGH,NO_CHANGE,Current classification consistent with exposure_v3,0
ENCOMPAS,ENCOMPAS,SME,SERVICES & MEDIA,Advertising & Digital Marketing,SERVICES & MEDIA,Advertising & Digital Marketing,HIGH,NO_CHANGE,Current classification consistent with exposure_v3,0
ENERGY,ENERGY,NON_SME,POWER,Conventional Thermal & Fossil Power,POWER,Conventional Thermal & Fossil Power,HIGH,NO_CHANGE,Current classification consistent with exposure_v3,0
ENFUSE,ENFUSE,SME,CHEMICALS,Specialty Chemicals,CHEMICALS,Specialty Chemicals,HIGH,NO_CHANGE,Current classification consistent with exposure_v3,0
ENSER,ENSER,SME,SERVICES & MEDIA,Business Process Management (BPM),SERVICES & MEDIA,Business Process Management (BPM),HIGH,NO_CHANGE,Current classification consistent with exposure_v3,0
ENVIRO,ENVIRO,SME,WATER TREATMENT,"Industrial Effluent, Desalination & ZLD",WATER TREATMENT,"Industrial Effluent, Desalination & ZLD",HIGH,NO_CHANGE,Current classification consistent with exposure_v3,0
EPWINDIA,EPWINDIA,SME,RENEWABLE ENERGY,Wind Turbines & Wind Energy,RENEWABLE ENERGY,Wind Turbines & Wind Energy,HIGH,NO_CHANGE,Current classification consistent with exposure_v3,0
EQUAL200,EQUAL200,NON_SME,FINANCE & NBFC,Diversified Consumer & MSME NBFC,FINANCE & NBFC,Diversified Consumer & MSME NBFC,HIGH,NO_CHANGE,Current classification consistent with exposure_v3,0
EQUAL50,EQUAL50,NON_SME,FINANCE & NBFC,Diversified Consumer & MSME NBFC,FINANCE & NBFC,Diversified Consumer & MSME NBFC,HIGH,NO_CHANGE,Current classification consistent with exposure_v3,0
ESCONET,ESCONET,SME,DATA CENTERS & CLOUD,AI Servers & Supercomputing Hardware,DATA CENTERS & CLOUD,AI Servers & Supercomputing Hardware,HIGH,NO_CHANGE,Current classification consistent with exposure_v3,0
ESFL,ESFL,SME,FINANCE & NBFC,Diversified Consumer & MSME NBFC,FINANCE & NBFC,Diversified Consumer & MSME NBFC,HIGH,NO_CHANGE,Current classification consistent with exposure_v3,0
ESPRIT,ESPRIT,SME,REAL ESTATE,Residential Townships & Commercial REITs,REAL ESTATE,Residential Townships & Commercial REITs,HIGH,NO_CHANGE,Current classification consistent with exposure_v3,0
ETL,ETL,SME,IT SERVICES,Mid-Tier IT & Digital Solutions,IT SERVICES,Mid-Tier IT & Digital Solutions,HIGH,NO_CHANGE,Current classification consistent with exposure_v3,0
ETML,ETML,SME,TEXTILES,Cotton Spinning & Yarns,TEXTILES,Cotton Spinning & Yarns,HIGH,NO_CHANGE,Current classification consistent with exposure_v3,0
EVINDIA,EVINDIA,NON_SME,AUTO ANCILLARIES,Precision Auto Engine Components,AUTO ANCILLARIES,Precision Auto Engine Components,HIGH,NO_CHANGE,Current classification consistent with exposure_v3,0
EXIMROUTES,EXIMROUTES,SME,LOGISTICS & SUPPLY CHAIN,Freight Forwarding & Multi-Modal Cargo,LOGISTICS & SUPPLY CHAIN,Freight Forwarding & Multi-Modal Cargo,HIGH,NO_CHANGE,Current classification consistent with exposure_v3,0
FALCONTECH,FALCONTECH,SME,IT SERVICES,Mid-Tier IT & Digital Solutions,IT SERVICES,Mid-Tier IT & Digital Solutions,HIGH,NO_CHANGE,Current classification consistent with exposure_v3,0
FELIX,FELIX,SME,WATER TREATMENT,Water Infrastructure EPC & Supply,WATER TREATMENT,Water Infrastructure EPC & Supply,HIGH,NO_CHANGE,Current classification consistent with exposure_v3,0
FIDEL,FIDEL,SME,IT SERVICES,Mid-Tier IT & Digital Solutions,IT SERVICES,Mid-Tier IT & Digital Solutions,HIGH,NO_CHANGE,Current classification consistent with exposure_v3,0
FINBUD,FINBUD,SME,FINANCE & NBFC,Diversified Consumer & MSME NBFC,FINANCE & NBFC,Diversified Consumer & MSME NBFC,HIGH,NO_CHANGE,Current classification consistent with exposure_v3,0
FLYSBS,FLYSBS,SME,AVIATION,Passenger Airlines,AVIATION,Passenger Airlines,HIGH,NO_CHANGE,Current classification consistent with exposure_v3,0
FONEBOX,FONEBOX,SME,RETAIL,Specialty Retail Boutiques,RETAIL,Specialty Retail Boutiques,HIGH,NO_CHANGE,Current classification consistent with exposure_v3,0
FORCAS,FORCAS,SME,SERVICES & MEDIA,Staffing & Workforce Security,SERVICES & MEDIA,Staffing & Workforce Security,HIGH,NO_CHANGE,Current classification consistent with exposure_v3,0
FORGEAUTO,FORGEAUTO,SME,AUTO ANCILLARIES,Auto Castings & Heavy Forgings,AUTO ANCILLARIES,Auto Castings & Heavy Forgings,HIGH,NO_CHANGE,Current classification consistent with exposure_v3,0
FRESHARA,FRESHARA,SME,FOOD PROCESSING,Packaged Foods & Snacks,FOOD PROCESSING,Packaged Foods & Snacks,HIGH,NO_CHANGE,Current classification consistent with exposure_v3,0
FROG,FROG,SME,IT SERVICES,Enterprise Software & SaaS,IT SERVICES,Enterprise Software & SaaS,HIGH,NO_CHANGE,Current classification consistent with exposure_v3,0
FWSTC,FWSTC,SME,TEXTILES,Cotton Spinning & Yarns,TEXTILES,Cotton Spinning & Yarns,HIGH,NO_CHANGE,Current classification consistent with exposure_v3,0
GANESHIN,GANESHIN,SME,FOOD PROCESSING,Packaged Foods & Snacks,FOOD PROCESSING,Packaged Foods & Snacks,HIGH,NO_CHANGE,Current classification consistent with exposure_v3,0
GCHOTELS,GCHOTELS,SME,HOTELS & HOSPITALITY,Luxury Hotels & Resorts,HOTELS & HOSPITALITY,Luxury Hotels & Resorts,HIGH,NO_CHANGE,Current classification consistent with exposure_v3,0
GENXAI,GENXAI,SME,DATA CENTERS & CLOUD,"AI Solutions, Analytics & Cloud Data",DATA CENTERS & CLOUD,"AI Solutions, Analytics & Cloud Data",HIGH,NO_CHANGE,Current classification consistent with exposure_v3,0
GGBL,GGBL,SME,BEVERAGES & DISTILLERIES,IMFL Spirits & Distilleries,BEVERAGES & DISTILLERIES,IMFL Spirits & Distilleries,HIGH,NO_CHANGE,Current classification consistent with exposure_v3,0
GIRIRAJ,GIRIRAJ,SME,CONSTRUCTION & INFRASTRUCTURE,Civil & Commercial Construction,CONSTRUCTION & INFRASTRUCTURE,Civil & Commercial Construction,HIGH,NO_CHANGE,Current classification consistent with exposure_v3,0
GJL,GJL,SME,JEWELLERY,Bridal Gold Jewellery & Retail Showrooms,JEWELLERY,Bridal Gold Jewellery & Retail Showrooms,HIGH,NO_CHANGE,Current classification consistent with exposure_v3,0
GLOBALPET,GLOBALPET,SME,PAPER & PACKAGING,Flexible Packaging Films,PAPER & PACKAGING,Flexible Packaging Films,HIGH,NO_CHANGE,Current classification consistent with exposure_v3,0
GOYALSALT,GOYALSALT,SME,FOOD PROCESSING,Packaged Foods & Snacks,FOOD PROCESSING,Packaged Foods & Snacks,HIGH,NO_CHANGE,Current classification consistent with exposure_v3,0
GPECO,GPECO,SME,RENEWABLE ENERGY,Solar PV & Green Hydrogen,RENEWABLE ENERGY,Solar PV & Green Hydrogen,HIGH,NO_CHANGE,Current classification consistent with exposure_v3,0
GRAPHISAD,GRAPHISAD,SME,MEDIA & ENTERTAINMENT,Print Media & Publishing,MEDIA & ENTERTAINMENT,Print Media & Publishing,HIGH,NO_CHANGE,Current classification consistent with exposure_v3,0
GRCL,GRCL,SME,REAL ESTATE,Residential Townships & Commercial REITs,REAL ESTATE,Residential Townships & Commercial REITs,HIGH,NO_CHANGE,Current classification consistent with exposure_v3,0
GREENCHEF,GREENCHEF,SME,CONSUMER DURABLES,Kitchen Homeware & Cookware,CONSUMER DURABLES,Kitchen Homeware & Cookware,HIGH,NO_CHANGE,Current classification consistent with exposure_v3,0
GREENLEAF,GREENLEAF,SME,AGRICULTURE & AGROCHEMICALS,Crop Protection Agrochemicals,AGRICULTURE & AGROCHEMICALS,Crop Protection Agrochemicals,HIGH,NO_CHANGE,Current classification consistent with exposure_v3,0
GSMFOILS,GSMFOILS,SME,OIL & GAS,Refining & Petrochemicals,OIL & GAS,Refining & Petrochemicals,HIGH,NO_CHANGE,Current classification consistent with exposure_v3,0
GSTL,GSTL,SME,STEEL,Secondary Steel & TMT Rebars,STEEL,Secondary Steel & TMT Rebars,HIGH,NO_CHANGE,Current classification consistent with exposure_v3,0
GURUNANAK,GURUNANAK,SME,CAPITAL GOODS & MACHINERY,Precision Machine Tools & Fasteners,CAPITAL GOODS & MACHINERY,Precision Machine Tools & Fasteners,HIGH,NO_CHANGE,Current classification consistent with exposure_v3,0
HAPPY,HAPPY,SME,AUTO ANCILLARIES,Auto Castings & Heavy Forgings,AUTO ANCILLARIES,Auto Castings & Heavy Forgings,HIGH,NO_CHANGE,Current classification consistent with exposure_v3,0
HEALTHAXIS,HEALTHAXIS,NON_SME,PHARMACEUTICALS,Finished Formulations,PHARMACEUTICALS,Finished Formulations,HIGH,NO_CHANGE,Current classification consistent with exposure_v3,0
HEALTHY,HEALTHY,NON_SME,PHARMACEUTICALS,Finished Formulations,PHARMACEUTICALS,Finished Formulations,HIGH,NO_CHANGE,Current classification consistent with exposure_v3,0
HIGREEN,HIGREEN,SME,RENEWABLE ENERGY,Solar PV & Green Hydrogen,RENEWABLE ENERGY,Solar PV & Green Hydrogen,HIGH,NO_CHANGE,Current classification consistent with exposure_v3,0
HOLMARC,HOLMARC,SME,CAPITAL GOODS & MACHINERY,Precision Machine Tools & Fasteners,CAPITAL GOODS & MACHINERY,Precision Machine Tools & Fasteners,HIGH,NO_CHANGE,Current classification consistent with exposure_v3,0
HOMESFY,HOMESFY,SME,REAL ESTATE,Residential Real Estate,REAL ESTATE,Residential Real Estate,HIGH,NO_CHANGE,Current classification consistent with exposure_v3,0
HPTL,HPTL,SME,POWER,Thermal & Renewable Power Generation,POWER,Thermal & Renewable Power Generation,HIGH,NO_CHANGE,Current classification consistent with exposure_v3,0
HRHNEXT,HRHNEXT,SME,SERVICES & MEDIA,Business Process Management (BPM),SERVICES & MEDIA,Business Process Management (BPM),HIGH,NO_CHANGE,Current classification consistent with exposure_v3,0
HVAX,HVAX,SME,CONSTRUCTION & INFRASTRUCTURE,Heavy Infrastructure EPC,CONSTRUCTION & INFRASTRUCTURE,Heavy Infrastructure EPC,HIGH,NO_CHANGE,Current classification consistent with exposure_v3,0
ICELCO,ICELCO,SME,CONSUMER DURABLES,Air Conditioners & Commercial HVAC,CONSUMER DURABLES,Air Conditioners & Commercial HVAC,HIGH,NO_CHANGE,Current classification consistent with exposure_v3,0
IDEALTECHO,IDEALTECHO,SME,IT SERVICES,Mid-Tier IT & Digital Solutions,IT SERVICES,Mid-Tier IT & Digital Solutions,HIGH,NO_CHANGE,Current classification consistent with exposure_v3,0
IEML,IEML,SME,SERVICES & MEDIA,Advertising & Digital Marketing,SERVICES & MEDIA,Advertising & Digital Marketing,HIGH,NO_CHANGE,Current classification consistent with exposure_v3,0
INFINIUM,INFINIUM,SME,PHARMACEUTICALS,API & Bulk Drugs,PHARMACEUTICALS,API & Bulk Drugs,HIGH,NO_CHANGE,Current classification consistent with exposure_v3,0
INFLUX,INFLUX,SME,HEALTHCARE SERVICES,Tertiary Hospitals & Clinics,HEALTHCARE SERVICES,Tertiary Hospitals & Clinics,HIGH,NO_CHANGE,Current classification consistent with exposure_v3,0
INFOLLION,INFOLLION,SME,SERVICES & MEDIA,Staffing & Workforce Security,SERVICES & MEDIA,Staffing & Workforce Security,HIGH,NO_CHANGE,Current classification consistent with exposure_v3,0
INFRA,INFRA,NON_SME,CONSTRUCTION & INFRASTRUCTURE,Civil & Commercial Construction,CONSTRUCTION & INFRASTRUCTURE,Civil & Commercial Construction,HIGH,NO_CHANGE,Current classification consistent with exposure_v3,0
INNOMET,INNOMET,SME,METALS & FABRICATION,Metals & Fabrication,METALS & FABRICATION,Metals & Fabrication,HIGH,NO_CHANGE,Current classification consistent with exposure_v3,0
INSPIRE,INSPIRE,SME,TEXTILES,Garments & Apparel Exports,TEXTILES,Garments & Apparel Exports,HIGH,NO_CHANGE,Current classification consistent with exposure_v3,0
INTEGRITY,INTEGRITY,SME,CAPITAL MARKETS,Wealth Broking & Advisory,CAPITAL MARKETS,Wealth Broking & Advisory,HIGH,NO_CHANGE,Current classification consistent with exposure_v3,0
INTERNET,INTERNET,NON_SME,PROFESSIONAL & CONSUMER SERVICES,Consumer Internet & Super Apps,PROFESSIONAL & CONSUMER SERVICES,Consumer Internet & Super Apps,HIGH,NO_CHANGE,Current classification consistent with exposure_v3,0
IPHL,IPHL,SME,PHARMACEUTICALS,Finished Formulations,PHARMACEUTICALS,Finished Formulations,HIGH,NO_CHANGE,Current classification consistent with exposure_v3,0
ISHAN,ISHAN,SME,CHEMICALS,Pigments & Dyes,CHEMICALS,Pigments & Dyes,HIGH,NO_CHANGE,Current classification consistent with exposure_v3,0
IT,IT,NON_SME,IT SERVICES,Tier-1 IT Services,IT SERVICES,Tier-1 IT Services,HIGH,NO_CHANGE,Current classification consistent with exposure_v3,0
ITALIANE,ITALIANE,SME,BUILDING MATERIALS,Ceramic Tiles & Sanitaryware,BUILDING MATERIALS,Ceramic Tiles & Sanitaryware,HIGH,NO_CHANGE,Current classification consistent with exposure_v3,0
ITTL,ITTL,SME,IT SERVICES,Mid-Tier IT & Digital Solutions,IT SERVICES,Mid-Tier IT & Digital Solutions,HIGH,NO_CHANGE,Current classification consistent with exposure_v3,0
IWARE,IWARE,SME,IT SERVICES,Mid-Tier IT & Digital Solutions,IT SERVICES,Mid-Tier IT & Digital Solutions,HIGH,NO_CHANGE,Current classification consistent with exposure_v3,0
JAINIK,JAINIK,SME,COMMERCIAL TRADING,Commodity & Wholesale Trading,COMMERCIAL TRADING,Commodity & Wholesale Trading,HIGH,NO_CHANGE,Current classification consistent with exposure_v3,0
JALAN,JALAN,SME,TEXTILES,Cotton Spinning & Yarns,TEXTILES,Cotton Spinning & Yarns,HIGH,NO_CHANGE,Current classification consistent with exposure_v3,0
JAYBEE,JAYBEE,SME,AUTO ANCILLARIES,Precision Auto Engine Components,AUTO ANCILLARIES,Precision Auto Engine Components,HIGH,NO_CHANGE,Current classification consistent with exposure_v3,0
JAYESH,JAYESH,SME,METALS & FABRICATION,Ferro Alloys & Secondary Metals,METALS & FABRICATION,Ferro Alloys & Secondary Metals,HIGH,NO_CHANGE,Current classification consistent with exposure_v3,0
JEYYAM,JEYYAM,SME,FOOD PROCESSING,Packaged Foods & Snacks,FOOD PROCESSING,Packaged Foods & Snacks,HIGH,NO_CHANGE,Current classification consistent with exposure_v3,0
JFLLIFE,JFLLIFE,SME,PHARMACEUTICALS,Finished Formulations,PHARMACEUTICALS,Finished Formulations,HIGH,NO_CHANGE,Current classification consistent with exposure_v3,0
JIWANRAM,JIWANRAM,SME,TEXTILES,Garments & Apparel Exports,TEXTILES,Garments & Apparel Exports,HIGH,NO_CHANGE,Current classification consistent with exposure_v3,0
JYOTIGLOBL,JYOTIGLOBL,SME,TEXTILES,Garments & Apparel Exports,TEXTILES,Garments & Apparel Exports,HIGH,NO_CHANGE,Current classification consistent with exposure_v3,0
K2INFRA,K2INFRA,SME,CONSTRUCTION & INFRASTRUCTURE,Roads & Highways EPC,CONSTRUCTION & INFRASTRUCTURE,Roads & Highways EPC,HIGH,NO_CHANGE,Current classification consistent with exposure_v3,0
KALANA,KALANA,SME,FOOD PROCESSING,Packaged Foods & Snacks,FOOD PROCESSING,Packaged Foods & Snacks,HIGH,NO_CHANGE,Current classification consistent with exposure_v3,0
KANDARP,KANDARP,SME,COMMERCIAL TRADING,Commodity & Wholesale Trading,COMMERCIAL TRADING,Commodity & Wholesale Trading,HIGH,NO_CHANGE,Current classification consistent with exposure_v3,0
KARNIKA,KARNIKA,SME,TEXTILES,Garments & Apparel Exports,TEXTILES,Garments & Apparel Exports,HIGH,NO_CHANGE,Current classification consistent with exposure_v3,0
KATARIA,KATARIA,SME,STEEL,Secondary Steel & TMT Rebars,STEEL,Secondary Steel & TMT Rebars,HIGH,NO_CHANGE,Current classification consistent with exposure_v3,0
KAYTEX,KAYTEX,SME,TEXTILES,Cotton Spinning & Yarns,TEXTILES,Cotton Spinning & Yarns,HIGH,NO_CHANGE,Current classification consistent with exposure_v3,0
KCEIL,KCEIL,SME,CONSTRUCTION & INFRASTRUCTURE,Heavy Infrastructure EPC,CONSTRUCTION & INFRASTRUCTURE,Heavy Infrastructure EPC,HIGH,NO_CHANGE,Current classification consistent with exposure_v3,0
KCK,KCK,SME,CHEMICALS,Specialty Chemicals,CHEMICALS,Specialty Chemicals,HIGH,NO_CHANGE,Current classification consistent with exposure_v3,0
KDL,KDL,SME,EMS & ELECTRONICS,Domestic Consumer Appliance EMS (AC/TV/Washing Machines),EMS & ELECTRONICS,Domestic Consumer Appliance EMS (AC/TV/Washing Machines),HIGH,NO_CHANGE,Current classification consistent with exposure_v3,0
KEN,KEN,SME,IT SERVICES,Enterprise Software & SaaS,IT SERVICES,Enterprise Software & SaaS,HIGH,NO_CHANGE,Current classification consistent with exposure_v3,0
KHFM,KHFM,SME,SERVICES & MEDIA,Staffing & Workforce Security,SERVICES & MEDIA,Staffing & Workforce Security,HIGH,NO_CHANGE,Current classification consistent with exposure_v3,0
KKJEWELS,KKJEWELS,SME,JEWELLERY,Gold Jewellery & Retail,JEWELLERY,Gold Jewellery & Retail,HIGH,NO_CHANGE,Current classification consistent with exposure_v3,0
KLL,KLL,SME,LOGISTICS & SUPPLY CHAIN,Freight Forwarding & Multi-Modal Cargo,LOGISTICS & SUPPLY CHAIN,Freight Forwarding & Multi-Modal Cargo,HIGH,NO_CHANGE,Current classification consistent with exposure_v3,0
KODYTECH,KODYTECH,SME,DATA CENTERS & CLOUD,AI Servers & Supercomputing Hardware,DATA CENTERS & CLOUD,AI Servers & Supercomputing Hardware,HIGH,NO_CHANGE,Current classification consistent with exposure_v3,0
KONSTELEC,KONSTELEC,SME,CONSTRUCTION & INFRASTRUCTURE,Heavy Infrastructure EPC,CONSTRUCTION & INFRASTRUCTURE,Heavy Infrastructure EPC,HIGH,NO_CHANGE,Current classification consistent with exposure_v3,0
KONTOR,KONTOR,SME,REAL ESTATE,Commercial REITs & Malls,REAL ESTATE,Commercial REITs & Malls,HIGH,NO_CHANGE,Current classification consistent with exposure_v3,0
KORE,KORE,SME,STEEL,Secondary Steel & TMT Rebars,STEEL,Secondary Steel & TMT Rebars,HIGH,NO_CHANGE,Current classification consistent with exposure_v3,0
KRISHCA,KRISHCA,SME,STEEL,Secondary Steel & TMT Rebars,STEEL,Secondary Steel & TMT Rebars,HIGH,NO_CHANGE,Current classification consistent with exposure_v3,0
KRMAYURVED,KRMAYURVED,SME,FMCG & PERSONAL CARE,Ayurvedic & Herbal Care,FMCG & PERSONAL CARE,Ayurvedic & Herbal Care,HIGH,NO_CHANGE,Current classification consistent with exposure_v3,0
LAKSHYA,LAKSHYA,SME,MEDIA & ENTERTAINMENT,Film Theatres & Broadcast Media,MEDIA & ENTERTAINMENT,Film Theatres & Broadcast Media,HIGH,NO_CHANGE,Current classification consistent with exposure_v3,0
LAMOSAIC,LAMOSAIC,SME,BUILDING MATERIALS,Plywood & Laminates,BUILDING MATERIALS,Plywood & Laminates,HIGH,NO_CHANGE,Current classification consistent with exposure_v3,0
LICNFNHGP,LICNFNHGP,NON_SME,FINANCE & NBFC,Diversified Consumer & MSME NBFC,FINANCE & NBFC,Diversified Consumer & MSME NBFC,HIGH,NO_CHANGE,Current classification consistent with exposure_v3,0
LLOYDS,LLOYDS,SME,STEEL,Secondary Steel & TMT Rebars,STEEL,Secondary Steel & TMT Rebars,HIGH,NO_CHANGE,Current classification consistent with exposure_v3,0
LRRPL,LRRPL,SME,CONSTRUCTION & INFRASTRUCTURE,Civil & Commercial Construction,CONSTRUCTION & INFRASTRUCTURE,Civil & Commercial Construction,HIGH,NO_CHANGE,Current classification consistent with exposure_v3,0
MACOBSTECH,MACOBSTECH,SME,FMCG & PERSONAL CARE,Personal Care & Soaps,FMCG & PERSONAL CARE,Personal Care & Soaps,HIGH,NO_CHANGE,Current classification consistent with exposure_v3,0
MADHAVBAUG,MADHAVBAUG,SME,HEALTHCARE SERVICES,Medical Clinics & Equipment,HEALTHCARE SERVICES,Medical Clinics & Equipment,HIGH,NO_CHANGE,Current classification consistent with exposure_v3,0
MADHUSUDAN,MADHUSUDAN,SME,FOOD PROCESSING,Edible Oils & Vanaspati,FOOD PROCESSING,Edible Oils & Vanaspati,HIGH,NO_CHANGE,Current classification consistent with exposure_v3,0
MAGSON,MAGSON,SME,RETAIL,Grocery & Departmental Stores,RETAIL,Grocery & Departmental Stores,HIGH,NO_CHANGE,Current classification consistent with exposure_v3,0
MAHICKRA,MAHICKRA,SME,CHEMICALS,Pigments & Dyes,CHEMICALS,Pigments & Dyes,HIGH,NO_CHANGE,Current classification consistent with exposure_v3,0
MAHKTECH,MAHKTECH,NON_SME,IT SERVICES,Mid-Tier IT & Digital Solutions,IT SERVICES,Mid-Tier IT & Digital Solutions,HIGH,NO_CHANGE,Current classification consistent with exposure_v3,0
MAKS,MAKS,SME,CAPITAL GOODS & MACHINERY,Industrial Compressors & Pumps,CAPITAL GOODS & MACHINERY,Industrial Compressors & Pumps,HIGH,NO_CHANGE,Current classification consistent with exposure_v3,0
MANAV,MANAV,SME,CONSTRUCTION & INFRASTRUCTURE,Civil & Commercial Construction,CONSTRUCTION & INFRASTRUCTURE,Civil & Commercial Construction,HIGH,NO_CHANGE,Current classification consistent with exposure_v3,0
MANDEEP,MANDEEP,SME,AUTO ANCILLARIES,Auto Castings & Heavy Forgings,AUTO ANCILLARIES,Auto Castings & Heavy Forgings,HIGH,NO_CHANGE,Current classification consistent with exposure_v3,0
MARC,MARC,SME,ELECTRICAL EQUIPMENT,Heavy Switchgear & Automation,ELECTRICAL EQUIPMENT,Heavy Switchgear & Automation,HIGH,NO_CHANGE,Current classification consistent with exposure_v3,0
MARCO,MARCO,SME,FOOD PROCESSING,Packaged Foods & Snacks,FOOD PROCESSING,Packaged Foods & Snacks,HIGH,NO_CHANGE,Current classification consistent with exposure_v3,0
MASON,MASON,SME,BUILDING MATERIALS,Ceramic Tiles & Sanitaryware,BUILDING MATERIALS,Ceramic Tiles & Sanitaryware,HIGH,NO_CHANGE,Current classification consistent with exposure_v3,0
MAXPOSURE,MAXPOSURE,SME,MEDIA & ENTERTAINMENT,Print Media & Publishing,MEDIA & ENTERTAINMENT,Print Media & Publishing,HIGH,NO_CHANGE,Current classification consistent with exposure_v3,0
MAXVOLT,MAXVOLT,SME,EMS & ELECTRONICS,PCB Assembly & Fabrication,EMS & ELECTRONICS,PCB Assembly & Fabrication,HIGH,NO_CHANGE,Current classification consistent with exposure_v3,0
MDL,MDL,SME,DEFENCE & AEROSPACE,Naval Combat Warships & Submarines,DEFENCE & AEROSPACE,Naval Combat Warships & Submarines,HIGH,NO_CHANGE,Current classification consistent with exposure_v3,0
MEDISTEP,MEDISTEP,SME,HEALTHCARE SERVICES,Medical Clinics & Equipment,HEALTHCARE SERVICES,Medical Clinics & Equipment,HIGH,NO_CHANGE,Current classification consistent with exposure_v3,0
MEGAFLEX,MEGAFLEX,SME,PAPER & PACKAGING,Paperboard & Packaging Cartons,PAPER & PACKAGING,Paperboard & Packaging Cartons,HIGH,NO_CHANGE,Current classification consistent with exposure_v3,0
MEGATHERM,MEGATHERM,SME,CAPITAL GOODS & MACHINERY,Heavy Process Equipment & Machinery,CAPITAL GOODS & MACHINERY,Heavy Process Equipment & Machinery,HIGH,NO_CHANGE,Current classification consistent with exposure_v3,0
METAL,METAL,NON_SME,STEEL,Secondary Steel & TMT Rebars,STEEL,Secondary Steel & TMT Rebars,HIGH,NO_CHANGE,Current classification consistent with exposure_v3,0
METALIC,METALIC,SME,STEEL,Secondary Steel & TMT Rebars,STEEL,Secondary Steel & TMT Rebars,HIGH,NO_CHANGE,Current classification consistent with exposure_v3,0
MGSL,MGSL,SME,FINANCE & NBFC,Diversified Consumer & MSME NBFC,FINANCE & NBFC,Diversified Consumer & MSME NBFC,HIGH,NO_CHANGE,Current classification consistent with exposure_v3,0
MHHL,MHHL,SME,HOTELS & HOSPITALITY,Luxury Hotels & Resorts,HOTELS & HOSPITALITY,Luxury Hotels & Resorts,HIGH,NO_CHANGE,Current classification consistent with exposure_v3,0
MIDSMALL,MIDSMALL,NON_SME,RETAIL,Specialty Retail Boutiques,RETAIL,Specialty Retail Boutiques,HIGH,NO_CHANGE,Current classification consistent with exposure_v3,0
MIEL,MIEL,SME,TEXTILES,Cotton Spinning & Yarns,TEXTILES,Cotton Spinning & Yarns,HIGH,NO_CHANGE,Current classification consistent with exposure_v3,0
MILTON,MILTON,SME,CONSUMER DURABLES,Kitchen Homeware & Cookware,CONSUMER DURABLES,Kitchen Homeware & Cookware,HIGH,NO_CHANGE,Current classification consistent with exposure_v3,0
MMEL,MMEL,SME,CAPITAL GOODS & MACHINERY,Precision Machine Tools & Fasteners,CAPITAL GOODS & MACHINERY,Precision Machine Tools & Fasteners,HIGH,NO_CHANGE,Current classification consistent with exposure_v3,0
MNC,MNC,NON_SME,FINANCE & NBFC,Diversified Consumer & MSME NBFC,FINANCE & NBFC,Diversified Consumer & MSME NBFC,HIGH,NO_CHANGE,Current classification consistent with exposure_v3,0
MOENERGY,MOENERGY,NON_SME,POWER,Conventional Thermal & Fossil Power,POWER,Conventional Thermal & Fossil Power,HIGH,NO_CHANGE,Current classification consistent with exposure_v3,0
MOOILGAS,MOOILGAS,NON_SME,OIL & GAS,Refining & Petrochemicals,OIL & GAS,Refining & Petrochemicals,HIGH,NO_CHANGE,Current classification consistent with exposure_v3,0
MOS,MOS,SME,IT SERVICES,Enterprise Software & SaaS,IT SERVICES,Enterprise Software & SaaS,HIGH,NO_CHANGE,Current classification consistent with exposure_v3,0
MOSERVICE,MOSERVICE,NON_SME,SERVICES & MEDIA,Consumer Internet Platforms & Apps,SERVICES & MEDIA,Consumer Internet Platforms & Apps,HIGH,NO_CHANGE,Current classification consistent with exposure_v3,0
MOTOUR,MOTOUR,NON_SME,HOTELS & HOSPITALITY,Online Travel Agency (OTA) & Flight Booking,HOTELS & HOSPITALITY,Online Travel Agency (OTA) & Flight Booking,HIGH,NO_CHANGE,Current classification consistent with exposure_v3,0
MPEL,MPEL,SME,CONSUMER ELECTRICALS,Wires & Cables,CONSUMER ELECTRICALS,Wires & Cables,HIGH,NO_CHANGE,Current classification consistent with exposure_v3,0
MRIL,MRIL,SME,REAL ESTATE,Residential Townships & Commercial REITs,REAL ESTATE,Residential Townships & Commercial REITs,HIGH,NO_CHANGE,Current classification consistent with exposure_v3,0
MUNISH,MUNISH,SME,TEXTILES,Garments & Apparel Exports,TEXTILES,Garments & Apparel Exports,HIGH,NO_CHANGE,Current classification consistent with exposure_v3,0
MVKAGRO,MVKAGRO,SME,SUGAR & BIO-ETHANOL,Sugar Refining & Bio-Ethanol,SUGAR & BIO-ETHANOL,Sugar Refining & Bio-Ethanol,HIGH,NO_CHANGE,Current classification consistent with exposure_v3,0
MYMUDRA,MYMUDRA,SME,FINANCE & NBFC,Diversified Consumer & MSME NBFC,FINANCE & NBFC,Diversified Consumer & MSME NBFC,HIGH,NO_CHANGE,Current classification consistent with exposure_v3,0
NAMAN,NAMAN,SME,CONSTRUCTION & INFRASTRUCTURE,Civil & Commercial Construction,CONSTRUCTION & INFRASTRUCTURE,Civil & Commercial Construction,HIGH,NO_CHANGE,Current classification consistent with exposure_v3,0
NAMOEWASTE,NAMOEWASTE,SME,PROFESSIONAL & CONSUMER SERVICES,Staffing & Security Services,PROFESSIONAL & CONSUMER SERVICES,Staffing & Security Services,HIGH,NO_CHANGE,Current classification consistent with exposure_v3,0
NEOCHEM,NEOCHEM,SME,CHEMICALS,Specialty Chemicals,CHEMICALS,Specialty Chemicals,HIGH,NO_CHANGE,Current classification consistent with exposure_v3,0
NEPHROCARE,NEPHROCARE,SME,HEALTHCARE SERVICES,Hospitals & Healthcare Chains,HEALTHCARE SERVICES,Hospitals & Healthcare Chains,HIGH,NO_CHANGE,Current classification consistent with exposure_v3,0
NEPTUNE,NEPTUNE,SME,LOGISTICS & SUPPLY CHAIN,Freight Forwarding & Multi-Modal Cargo,LOGISTICS & SUPPLY CHAIN,Freight Forwarding & Multi-Modal Cargo,HIGH,NO_CHANGE,Current classification consistent with exposure_v3,0
NEWJAISA,NEWJAISA,SME,IT SERVICES,Mid-Tier IT & Digital Solutions,IT SERVICES,Mid-Tier IT & Digital Solutions,HIGH,NO_CHANGE,Current classification consistent with exposure_v3,0
NFPSAMPOOR,NFPSAMPOOR,SME,FINANCE & NBFC,Diversified Consumer & MSME NBFC,FINANCE & NBFC,Diversified Consumer & MSME NBFC,HIGH,NO_CHANGE,Current classification consistent with exposure_v3,0
NIDAN,NIDAN,SME,HEALTHCARE SERVICES,Diagnostic & Pathology Labs,HEALTHCARE SERVICES,Diagnostic & Pathology Labs,HIGH,NO_CHANGE,Current classification consistent with exposure_v3,0
NIKITA,NIKITA,SME,PAPER & PACKAGING,Paperboard & Packaging Cartons,PAPER & PACKAGING,Paperboard & Packaging Cartons,HIGH,NO_CHANGE,Current classification consistent with exposure_v3,0
NIRMAN,NIRMAN,SME,CONSTRUCTION & INFRASTRUCTURE,Civil & Commercial Construction,CONSTRUCTION & INFRASTRUCTURE,Civil & Commercial Construction,HIGH,NO_CHANGE,Current classification consistent with exposure_v3,0
NRVANDANA,NRVANDANA,SME,CONSTRUCTION & INFRASTRUCTURE,Civil & Commercial Construction,CONSTRUCTION & INFRASTRUCTURE,Civil & Commercial Construction,HIGH,NO_CHANGE,Current classification consistent with exposure_v3,0
OBSCP,OBSCP,SME,SERVICES & MEDIA,Business Process Management (BPM),SERVICES & MEDIA,Business Process Management (BPM),HIGH,NO_CHANGE,Current classification consistent with exposure_v3,0
OLIL,OLIL,SME,FOOD PROCESSING,Edible Oils & Vanaspati,FOOD PROCESSING,Edible Oils & Vanaspati,HIGH,NO_CHANGE,Current classification consistent with exposure_v3,0
ONDOOR,ONDOOR,SME,RETAIL,Grocery & Departmental Stores,RETAIL,Grocery & Departmental Stores,HIGH,NO_CHANGE,Current classification consistent with exposure_v3,0
OPTIMYSTIX,OPTIMYSTIX,SME,MEDIA & ENTERTAINMENT,Television Broadcasting & OTT,MEDIA & ENTERTAINMENT,Television Broadcasting & OTT,HIGH,NO_CHANGE,Current classification consistent with exposure_v3,0
ORIANA,ORIANA,SME,RENEWABLE ENERGY,Solar PV & Green Hydrogen,RENEWABLE ENERGY,Solar PV & Green Hydrogen,HIGH,NO_CHANGE,Current classification consistent with exposure_v3,0
OSELDEVICE,OSELDEVICE,SME,AUTO ANCILLARIES,Precision Auto Engine Components,AUTO ANCILLARIES,Precision Auto Engine Components,HIGH,NO_CHANGE,Current classification consistent with exposure_v3,0
OWAIS,OWAIS,SME,MINING & MINERALS,Industrial Minerals,MINING & MINERALS,Industrial Minerals,HIGH,NO_CHANGE,Current classification consistent with exposure_v3,0
PARAGON,PARAGON,SME,FOOTWEAR,Sports & Athleisure Footwear,FOOTWEAR,Sports & Athleisure Footwear,HIGH,NO_CHANGE,Current classification consistent with exposure_v3,0
PARAMOUNT,PARAMOUNT,SME,CONSUMER ELECTRICALS,Wires & Cables,CONSUMER ELECTRICALS,Wires & Cables,HIGH,NO_CHANGE,Current classification consistent with exposure_v3,0
PARIN,PARIN,SME,CONSUMER DURABLES,Furniture & Mattresses,CONSUMER DURABLES,Furniture & Mattresses,HIGH,NO_CHANGE,Current classification consistent with exposure_v3,0
PARTH,PARTH,SME,COMMERCIAL TRADING,Commodity & Wholesale Trading,COMMERCIAL TRADING,Commodity & Wholesale Trading,HIGH,NO_CHANGE,Current classification consistent with exposure_v3,0
PARTYCRUS,PARTYCRUS,SME,SERVICES & MEDIA,Advertising & Digital Marketing,SERVICES & MEDIA,Advertising & Digital Marketing,HIGH,NO_CHANGE,Current classification consistent with exposure_v3,0
PATILAUTOM,PATILAUTOM,SME,AUTO ANCILLARIES,Precision Auto Engine Components,AUTO ANCILLARIES,Precision Auto Engine Components,HIGH,NO_CHANGE,Current classification consistent with exposure_v3,0
PCCL,PCCL,SME,TEA & COFFEE,Tea Plantations & Packaging,TEA & COFFEE,Tea Plantations & Packaging,HIGH,NO_CHANGE,Current classification consistent with exposure_v3,0
PELATRO,PELATRO,SME,IT SERVICES,Enterprise Software & SaaS,IT SERVICES,Enterprise Software & SaaS,HIGH,NO_CHANGE,Current classification consistent with exposure_v3,0
PENTAGON,PENTAGON,SME,CAPITAL GOODS & MACHINERY,Precision Machine Tools & Fasteners,CAPITAL GOODS & MACHINERY,Precision Machine Tools & Fasteners,HIGH,NO_CHANGE,Current classification consistent with exposure_v3,0
PERFECT,PERFECT,SME,AUTO ANCILLARIES,Precision Powertrain Engine Components,AUTO ANCILLARIES,Precision Powertrain Engine Components,HIGH,NO_CHANGE,Current classification consistent with exposure_v3,0
PHANTOMFX,PHANTOMFX,SME,MEDIA & ENTERTAINMENT,Music Labels & VFX Studios,MEDIA & ENTERTAINMENT,Music Labels & VFX Studios,HIGH,NO_CHANGE,Current classification consistent with exposure_v3,0
PHOGLOBAL,PHOGLOBAL,SME,COMMERCIAL TRADING,Commodity & Wholesale Trading,COMMERCIAL TRADING,Commodity & Wholesale Trading,HIGH,NO_CHANGE,Current classification consistent with exposure_v3,0
POLYSIL,POLYSIL,SME,RENEWABLE ENERGY,Solar PV & Green Hydrogen,RENEWABLE ENERGY,Solar PV & Green Hydrogen,HIGH,NO_CHANGE,Current classification consistent with exposure_v3,0
POSITRON,POSITRON,SME,HEALTHCARE SERVICES,Diagnostic & Pathology Labs,HEALTHCARE SERVICES,Diagnostic & Pathology Labs,HIGH,NO_CHANGE,Current classification consistent with exposure_v3,0
PPSL,PPSL,SME,TEXTILES,Cotton Spinning & Yarns,TEXTILES,Cotton Spinning & Yarns,HIGH,NO_CHANGE,Current classification consistent with exposure_v3,0
PRAMARA,PRAMARA,SME,MEDIA & ENTERTAINMENT,Print Media & Publishing,MEDIA & ENTERTAINMENT,Print Media & Publishing,HIGH,NO_CHANGE,Current classification consistent with exposure_v3,0
PRAMODINI,PRAMODINI,SME,TEXTILES,Cotton Spinning & Yarns,TEXTILES,Cotton Spinning & Yarns,HIGH,NO_CHANGE,Current classification consistent with exposure_v3,0
