prediction_id,prediction_date,industry,sector,forecast_return_1D,actual_return_1D,actual_price_1D,forecast_error_1D,absolute_error_1D,squared_error_1D,direction_correct_1D,recommendation,recommendation_success_1D,actual_return_5D,actual_return_20D,actual_return_60D,maturation_horizon
LIVE_SHADOW_0935784cd4b08f,2026-08-24,Industrial Minerals,MINING & MINERALS,-0.01,0.34,1219.1,-0.35,0.35,0.1225,0.0,HOLD,1.0,,,,1D_MATURED
LIVE_SHADOW_47f80bd1069b20,2026-08-24,Stockbroking & Wealth Management,CAPITAL MARKETS,0.14,-0.98,1277.33,1.12,1.12,1.2544,0.0,HOLD,0.0,,,,1D_MATURED
LIVE_SHADOW_1dad0a5d1524dc,2026-08-24,Diagnostic & Pathology Labs,HEALTHCARE SERVICES,0.28,-1.76,994.18,2.04,2.04,4.1616,0.0,BUY,0.0,,,,1D_MATURED
LIVE_SHADOW_d8929802cbec1e,2026-08-24,Mid-Tier IT & Digital Solutions,IT SERVICES,-0.13,0.41,1333.48,-0.54,0.54,0.2916,0.0,HOLD,1.0,,,,1D_MATURED
LIVE_SHADOW_f680ac9aae2bc2,2026-08-24,Industrial Abrasives & Ceramics,CAPITAL GOODS & MACHINERY,-1.13,1.42,1103.43,-2.55,2.55,6.5025,0.0,SELL,0.0,,,,1D_MATURED
LIVE_SHADOW_6a624a443f1f61,2026-08-24,Diversified Consumer & MSME NBFC,FINANCE & NBFC,-0.44,0.67,1024.8,-1.11,1.11,1.2321,0.0,SELL,0.0,,,,1D_MATURED
LIVE_SHADOW_e2d3eba10ecd3d,2026-08-24,Precision Auto Engine Components,AUTO ANCILLARIES,-0.81,0.1,1252.19,-0.91,0.91,0.8281,0.0,SELL,0.0,,,,1D_MATURED
LIVE_SHADOW_4e887272aa807d,2026-08-24,Housing Finance (HFC),FINANCE & NBFC,0.45,-0.61,1229.48,1.06,1.06,1.1236,0.0,BUY,0.0,,,,1D_MATURED
LIVE_SHADOW_f28b09030dd9a3,2026-08-24,Precision Metal Fabrication,METALS & FABRICATION,0.15,-1.21,1079.73,1.36,1.36,1.8496,0.0,HOLD,0.0,,,,1D_MATURED
LIVE_SHADOW_01fef8310abac2,2026-08-24,Oil & Gas Exploration (E&P),OIL & GAS,0.34,1.1,1074.65,-0.76,0.76,0.5776,1.0,BUY,1.0,,,,1D_MATURED
LIVE_SHADOW_439f152e2dc9b7,2026-08-24,Steel Pipes & Tubes,STEEL,0.62,1.2,1356.09,-0.58,0.58,0.3364,1.0,BUY,1.0,,,,1D_MATURED
LIVE_SHADOW_7c5a57cf4201b7,2026-08-24,Finished Formulations,PHARMACEUTICALS,0.07,-1.75,1031.65,1.82,1.82,3.3124,0.0,HOLD,0.0,,,,1D_MATURED
LIVE_SHADOW_be737aaac37e1d,2026-08-24,Garments & Apparel Exports,TEXTILES,-0.69,2.01,1454.6,-2.7,2.7,7.29,0.0,SELL,0.0,,,,1D_MATURED
LIVE_SHADOW_bf7a3f07080eb8,2026-08-24,Pumps & Compressors,CAPITAL GOODS & MACHINERY,0.41,0.79,1140.97,-0.38,0.38,0.1444,1.0,BUY,1.0,,,,1D_MATURED
LIVE_SHADOW_d95cb19f271af2,2026-08-24,Specialty Chemicals,CHEMICALS,0.09,1.78,1104.33,-1.69,1.69,2.8561,1.0,HOLD,0.0,,,,1D_MATURED
LIVE_SHADOW_78c7a60404bd69,2026-08-24,Personal Care & Soaps,FMCG & PERSONAL CARE,-0.92,-1.51,1377.84,0.59,0.59,0.3481,1.0,SELL,1.0,,,,1D_MATURED
LIVE_SHADOW_10fb3b85cffb7f,2026-08-24,Staffing & Security Services,PROFESSIONAL & CONSUMER SERVICES,0.74,-1.54,1338.08,2.28,2.28,5.1984,0.0,BUY,0.0,,,,1D_MATURED
LIVE_SHADOW_bb87e8b6decce3,2026-08-24,Cotton Spinning & Yarns,TEXTILES,0.16,-0.08,1470.81,0.24,0.24,0.0576,0.0,HOLD,1.0,,,,1D_MATURED
LIVE_SHADOW_720fb3927691db,2026-08-24,Hospitals & Healthcare Chains,HEALTHCARE SERVICES,0.23,0.7,1501.43,-0.47,0.47,0.2209,1.0,BUY,1.0,,,,1D_MATURED
LIVE_SHADOW_a34689e9208c93,2026-08-24,Refining & Petrochemicals,OIL & GAS,0.63,2.26,1186.27,-1.63,1.63,2.6569,1.0,BUY,1.0,,,,1D_MATURED
LIVE_SHADOW_ae3168a85374d7,2026-08-24,Heavy Switchgear & Automation,ELECTRICAL EQUIPMENT,-0.12,0.95,1466.81,-1.07,1.07,1.1449,0.0,HOLD,0.0,,,,1D_MATURED
LIVE_SHADOW_0b962fd9d840fd,2026-08-24,Missiles & Military Explosives,DEFENCE & AEROSPACE,0.38,-0.19,1152.86,0.57,0.57,0.3249,0.0,BUY,0.0,,,,1D_MATURED
LIVE_SHADOW_9e0b6c3f8b1001,2026-08-24,Conventional Thermal & Fossil Power,POWER,-0.68,-1.13,1217.11,0.45,0.45,0.2025,1.0,SELL,1.0,,,,1D_MATURED
LIVE_SHADOW_d48194ff42cf95,2026-08-24,Roads & Highways EPC,CONSTRUCTION & INFRASTRUCTURE,0.26,1.58,1497.33,-1.32,1.32,1.7424,1.0,HOLD,0.0,,,,1D_MATURED
LIVE_SHADOW_384e2b35eb6b08,2026-08-24,Specialty Retail Boutiques,RETAIL,-0.33,-1.06,1009.17,0.73,0.73,0.5329,1.0,SELL,1.0,,,,1D_MATURED
LIVE_SHADOW_52dad0ce3b2d6f,2026-08-24,Civil & Commercial Construction,CONSTRUCTION & INFRASTRUCTURE,0.29,2.05,1272.54,-1.76,1.76,3.0976,1.0,HOLD,0.0,,,,1D_MATURED
LIVE_SHADOW_d4ccf0a5bf68ef,2026-08-24,Enterprise Software & SaaS,IT SERVICES,0.3,-0.24,1126.25,0.54,0.54,0.2916,0.0,BUY,0.0,,,,1D_MATURED
LIVE_SHADOW_1fbb7945f0eb29,2026-08-24,Residential Real Estate,REAL ESTATE,0.73,2.01,1316.98,-1.28,1.28,1.6384,1.0,BUY,1.0,,,,1D_MATURED
LIVE_SHADOW_826a7b1a836755,2026-08-24,Mutual Fund Asset Managers (AMC),CAPITAL MARKETS,0.3,0.91,1138.26,-0.61,0.61,0.3721,1.0,HOLD,0.0,,,,1D_MATURED
LIVE_SHADOW_c4623c4fe70357,2026-08-24,Marine Offshore Vessels & Tugs,SHIPBUILDING & PORTS,0.27,-0.06,1271.25,0.33,0.33,0.1089,0.0,BUY,0.0,,,,1D_MATURED
LIVE_SHADOW_bef70044bc9c9e,2026-08-24,Integrated Grey Cement,CEMENT,-0.24,-0.52,1329.03,0.28,0.28,0.0784,1.0,HOLD,0.0,,,,1D_MATURED
LIVE_SHADOW_4a6a4c23f87392,2026-08-24,Heavy Process Equipment & Machinery,CAPITAL GOODS & MACHINERY,0.8,-0.31,1334.91,1.11,1.11,1.2321,0.0,BUY,0.0,,,,1D_MATURED
LIVE_SHADOW_adaa030b978336,2026-08-24,Auto Castings & Heavy Forgings,AUTO ANCILLARIES,0.4,0.61,1200.27,-0.21,0.21,0.0441,1.0,BUY,1.0,,,,1D_MATURED
LIVE_SHADOW_bcacfdd8ff5647,2026-08-24,Industrial & Basic Chemicals,CHEMICALS,0.19,0.19,1164.16,0.0,0.0,0.0,1.0,HOLD,1.0,,,,1D_MATURED
LIVE_SHADOW_8da62d1a78187f,2026-08-24,Regional Cement & RMC,CEMENT,-0.13,-0.61,1331.8,0.48,0.48,0.2304,1.0,HOLD,0.0,,,,1D_MATURED
LIVE_SHADOW_42a06b4ff9854e,2026-08-24,Solar PV & Green Hydrogen,RENEWABLE ENERGY,-0.11,-0.1,1367.64,-0.01,0.01,0.0001,1.0,HOLD,1.0,,,,1D_MATURED
LIVE_SHADOW_5a522408d0fa35,2026-08-24,Commodity & Wholesale Trading,COMMERCIAL TRADING,-0.07,0.19,1084.01,-0.26,0.26,0.0676,0.0,HOLD,1.0,,,,1D_MATURED
LIVE_SHADOW_7369c4bbcc46b6,2026-08-24,Green Energy Generation (IPP),RENEWABLE ENERGY,-0.11,-2.45,1002.85,2.34,2.34,5.4756,1.0,HOLD,0.0,,,,1D_MATURED
LIVE_SHADOW_5556139bae6b99,2026-08-24,Commercial Ports & Terminals,SHIPBUILDING & PORTS,0.33,0.65,1147.41,-0.32,0.32,0.1024,1.0,BUY,1.0,,,,1D_MATURED
LIVE_SHADOW_9ba6e84ea66d9f,2026-08-24,Print Media & Publishing,MEDIA & ENTERTAINMENT,0.96,-1.08,1029.75,2.04,2.04,4.1616,0.0,BUY,0.0,,,,1D_MATURED
LIVE_SHADOW_7d480504eb65df,2026-08-24,Building Materials,BUILDING MATERIALS,0.06,-1.28,1199.43,1.34,1.34,1.7956,0.0,HOLD,0.0,,,,1D_MATURED
LIVE_SHADOW_23040da14315e8,2026-08-24,Packaged Foods & Snacks,FOOD PROCESSING,-0.2,-1.92,1040.65,1.72,1.72,2.9584,1.0,HOLD,0.0,,,,1D_MATURED
LIVE_SHADOW_66c67dd66afcac,2026-08-24,Plywood & Laminates,BUILDING MATERIALS,0.13,-2.05,1037.32,2.18,2.18,4.7524,0.0,HOLD,0.0,,,,1D_MATURED
LIVE_SHADOW_d37aa839cd85f2,2026-08-24,Crop Protection Formulations,AGRICULTURE & AGROCHEMICALS,0.07,-1.53,1390.41,1.6,1.6,2.56,0.0,HOLD,0.0,,,,1D_MATURED
LIVE_SHADOW_fbbab25dd6447d,2026-08-24,Luxury Hotels & Resorts,HOTELS & HOSPITALITY,0.55,-0.75,1025.24,1.3,1.3,1.69,0.0,BUY,0.0,,,,1D_MATURED
LIVE_SHADOW_3a57685fbad0c0,2026-08-24,Specialty Enzymes & Biologicals,PHARMACEUTICALS,0.95,2.44,1119.64,-1.49,1.49,2.2201,1.0,BUY,1.0,,,,1D_MATURED
LIVE_SHADOW_fb032777eac0f5,2026-08-24,3PL Logistics & Fleet Haulage,LOGISTICS & SUPPLY CHAIN,0.0,-0.53,1061.34,0.53,0.53,0.2809,0.0,HOLD,0.0,,,,1D_MATURED
LIVE_SHADOW_e592063efa15aa,2026-08-24,Oil & LPG Tank Terminals,OIL & GAS,0.33,0.31,1359.18,0.02,0.02,0.0004,1.0,BUY,1.0,,,,1D_MATURED
LIVE_SHADOW_a8bb83bd1c71e0,2026-08-24,Fast Moving Electrical Goods (FMEG),CONSUMER ELECTRICALS,-0.24,0.58,1147.6,-0.82,0.82,0.6724,0.0,HOLD,0.0,,,,1D_MATURED
LIVE_SHADOW_2c07de45d5d8bb,2026-08-24,Aerospace Parts & Precision Engineering,EMS & ELECTRONICS,-0.16,0.26,1436.78,-0.42,0.42,0.1764,0.0,HOLD,1.0,,,,1D_MATURED
LIVE_SHADOW_57625e59280ecd,2026-08-24,Aerospace & Fighter Aircraft,DEFENCE & AEROSPACE,0.37,0.01,1358.18,0.36,0.36,0.1296,1.0,BUY,1.0,,,,1D_MATURED
LIVE_SHADOW_6715c802cfe43e,2026-08-24,Basmati Rice & Exports,RICE,-0.01,-1.33,1473.09,1.32,1.32,1.7424,1.0,HOLD,0.0,,,,1D_MATURED
LIVE_SHADOW_14ac802ace0eef,2026-08-24,Architectural Glass & Windows,BUILDING MATERIALS,-0.13,1.84,1081.57,-1.97,1.97,3.8809,0.0,HOLD,0.0,,,,1D_MATURED
LIVE_SHADOW_90cfa063a2a31d,2026-08-24,AdTech & Marketing Analytics,IT SERVICES,0.43,2.27,1301.84,-1.84,1.84,3.3856,1.0,BUY,1.0,,,,1D_MATURED
LIVE_SHADOW_e55296407b5565,2026-08-24,Corporate & Wholesale Finance,FINANCE & NBFC,0.9,-1.92,1115.16,2.82,2.82,7.9524,0.0,BUY,0.0,,,,1D_MATURED
LIVE_SHADOW_ba32bc188511b4,2026-08-24,Lubricants & Specialty Oils,OIL & GAS,-0.05,-1.13,1340.63,1.08,1.08,1.1664,1.0,HOLD,0.0,,,,1D_MATURED
LIVE_SHADOW_143c4ff8723982,2026-08-24,Moulded Plastics & Packaging,PAPER & PACKAGING,0.57,-0.24,1489.38,0.81,0.81,0.6561,0.0,BUY,0.0,,,,1D_MATURED
LIVE_SHADOW_489b5df9df4024,2026-08-24,Crop Protection Agrochemicals,AGRICULTURE & AGROCHEMICALS,-0.47,-1.06,1188.25,0.59,0.59,0.3481,1.0,SELL,1.0,,,,1D_MATURED
LIVE_SHADOW_2668e9bffb3d57,2026-08-24,Fertilizers & Soil Nutrients,FERTILIZERS,0.29,0.71,1042.39,-0.42,0.42,0.1764,1.0,HOLD,0.0,,,,1D_MATURED
LIVE_SHADOW_b81614d92aefb3,2026-08-24,Printed Circuit Boards (PCBA) & Components,EMS & ELECTRONICS,0.3,-0.77,1422.03,1.07,1.07,1.1449,0.0,BUY,0.0,,,,1D_MATURED
LIVE_SHADOW_d8b3b31f0c211b,2026-08-24,Business Process Management (BPM),PROFESSIONAL & CONSUMER SERVICES,-0.19,2.7,1522.05,-2.89,2.89,8.3521,0.0,HOLD,0.0,,,,1D_MATURED
LIVE_SHADOW_8c42ad9c4eb73f,2026-08-24,Biopharma & Biosimilars,PHARMACEUTICALS,-0.69,1.53,1211.23,-2.22,2.22,4.9284,0.0,SELL,0.0,,,,1D_MATURED
LIVE_SHADOW_1507ad28844b05,2026-08-24,Power & Distribution Transformers,ELECTRICAL EQUIPMENT,0.49,0.36,1338.79,0.13,0.13,0.0169,1.0,BUY,1.0,,,,1D_MATURED
LIVE_SHADOW_4bf61b79214000,2026-08-24,API & Bulk Drugs,PHARMACEUTICALS,-0.64,1.33,1272.73,-1.97,1.97,3.8809,0.0,SELL,0.0,,,,1D_MATURED
LIVE_SHADOW_7b22f9efc9ce72,2026-08-24,Seafood & Marine Exports,FOOD PROCESSING,0.33,1.43,1454.57,-1.1,1.1,1.21,1.0,BUY,1.0,,,,1D_MATURED
LIVE_SHADOW_215c263ebf097a,2026-08-24,Footwear Retail Chains,FOOTWEAR,0.17,-0.58,1025.98,0.75,0.75,0.5625,0.0,HOLD,0.0,,,,1D_MATURED
LIVE_SHADOW_dd4e9b0e76ad57,2026-08-24,Pigments & Dyes,CHEMICALS,-0.44,-0.88,1246.93,0.44,0.44,0.1936,1.0,SELL,1.0,,,,1D_MATURED
LIVE_SHADOW_520278e12d9bf9,2026-08-24,Optical Fiber & Telecom Gear,TELECOM,-0.08,0.19,1289.5,-0.27,0.27,0.0729,0.0,HOLD,1.0,,,,1D_MATURED
LIVE_SHADOW_ca0ea39084c504,2026-08-24,Registrar & Transfer Agents (RTA),CAPITAL MARKETS,0.99,1.13,1168.05,-0.14,0.14,0.0196,1.0,BUY,1.0,,,,1D_MATURED
LIVE_SHADOW_e72273da0ca666,2026-08-24,IMFL Spirits & Distilleries,BEVERAGES & DISTILLERIES,0.05,0.27,1132.07,-0.22,0.22,0.0484,1.0,HOLD,1.0,,,,1D_MATURED
LIVE_SHADOW_9f37e14379cdbb,2026-08-24,Engineered Polymers & Compounding,PLASTICS & POLYMERS,0.38,-1.79,1244.32,2.17,2.17,4.7089,0.0,BUY,0.0,,,,1D_MATURED
LIVE_SHADOW_e763771c76edea,2026-08-24,Oilfield Services & Drilling,OIL & GAS,0.54,-0.86,1066.77,1.4,1.4,1.96,0.0,BUY,0.0,,,,1D_MATURED
LIVE_SHADOW_9c085e1664d0df,2026-08-24,Fluorochemicals,CHEMICALS,-0.88,0.01,1137.13,-0.89,0.89,0.7921,0.0,SELL,0.0,,,,1D_MATURED
LIVE_SHADOW_2f5264f47e8f57,2026-08-24,Domestic & Consumer Appliances EMS,EMS & ELECTRONICS,-0.25,0.01,1426.18,-0.26,0.26,0.0676,0.0,HOLD,1.0,,,,1D_MATURED
LIVE_SHADOW_4ab9c62487771d,2026-08-24,Ayurvedic & Herbal Care,FMCG & PERSONAL CARE,0.32,2.47,1035.95,-2.15,2.15,4.6225,1.0,BUY,1.0,,,,1D_MATURED
LIVE_SHADOW_01b6b27ccb8c74,2026-08-24,Residential Townships & Commercial REITs,REAL ESTATE,-0.43,-1.56,1463.73,1.13,1.13,1.2769,1.0,SELL,1.0,,,,1D_MATURED
LIVE_SHADOW_c71a58ab955833,2026-08-24,Paperboard & Packaging Cartons,PAPER & PACKAGING,-0.64,0.71,1444.11,-1.35,1.35,1.8225,0.0,SELL,0.0,,,,1D_MATURED
LIVE_SHADOW_c2bbe34d9b65b2,2026-08-24,Sugar Refining & Bio-Ethanol,SUGAR & BIO-ETHANOL,0.75,1.89,1126.87,-1.14,1.14,1.2996,1.0,BUY,1.0,,,,1D_MATURED
LIVE_SHADOW_44a7d936b564c6,2026-08-24,Tea Plantations & Packaging,TEA & COFFEE,-0.52,2.83,1403.69,-3.35,3.35,11.2225,0.0,SELL,0.0,,,,1D_MATURED
LIVE_SHADOW_be760e115420fb,2026-08-24,Dairy Products,FOOD PROCESSING,0.24,-0.39,1044.88,0.63,0.63,0.3969,0.0,HOLD,1.0,,,,1D_MATURED
LIVE_SHADOW_d597ce7f8ff525,2026-08-24,Secondary Steel & TMT Rebars,STEEL,2.5,0.69,1499.3,1.81,1.81,3.2761,1.0,BUY,1.0,,,,1D_MATURED
LIVE_SHADOW_c50d608d9c992e,2026-08-24,Coal Mining,MINING & MINERALS,0.7,0.78,1412.9,-0.08,0.08,0.0064,1.0,BUY,1.0,,,,1D_MATURED
LIVE_SHADOW_489afa5bba8b3b,2026-08-24,Medical Clinics & Equipment,HEALTHCARE SERVICES,0.55,0.33,1099.66,0.22,0.22,0.0484,1.0,BUY,1.0,,,,1D_MATURED
LIVE_SHADOW_a5dab62c59c822,2026-08-24,Wires & Cables,CONSUMER ELECTRICALS,-0.23,-0.02,1056.78,-0.21,0.21,0.0441,1.0,SELL,1.0,,,,1D_MATURED
LIVE_SHADOW_a2e098d5668332,2026-08-24,Industrial Rubber Products,TYRES & RUBBER,-1.1,0.62,1233.59,-1.72,1.72,2.9584,0.0,SELL,0.0,,,,1D_MATURED
LIVE_SHADOW_5ba039cd4ed079,2026-08-24,"Industrial Effluent, Desalination & ZLD",WATER TREATMENT,0.06,-2.94,1421.0,3.0,3.0,9.0,0.0,HOLD,0.0,,,,1D_MATURED
LIVE_SHADOW_bd12c2a2429afc,2026-08-24,Defence Electronics & Avionics,DEFENCE & AEROSPACE,0.38,0.92,1326.11,-0.54,0.54,0.2916,1.0,BUY,1.0,,,,1D_MATURED
LIVE_SHADOW_b034ee7630fbdc,2026-08-24,Tertiary Hospitals & Clinics,HEALTHCARE SERVICES,0.16,0.25,1215.98,-0.09,0.09,0.0081,1.0,HOLD,1.0,,,,1D_MATURED
LIVE_SHADOW_ee516441383134,2026-08-24,Automotive Radial Tyres,TYRES & RUBBER,0.1,-0.17,1431.64,0.27,0.27,0.0729,0.0,HOLD,1.0,,,,1D_MATURED
LIVE_SHADOW_723ffadec4e07b,2026-08-24,Material Handling & Cranes,CAPITAL GOODS & MACHINERY,1.24,2.56,1030.69,-1.32,1.32,1.7424,1.0,BUY,1.0,,,,1D_MATURED
LIVE_SHADOW_01a34aa85199d8,2026-08-24,Primary Aluminium,ALUMINIUM & COPPER,0.19,-0.71,1293.77,0.9,0.9,0.81,0.0,HOLD,0.0,,,,1D_MATURED
LIVE_SHADOW_a4ecde11bfdec8,2026-08-24,Flexible Packaging Films,PAPER & PACKAGING,-0.49,-0.38,1435.57,-0.11,0.11,0.0121,1.0,SELL,1.0,,,,1D_MATURED
LIVE_SHADOW_2ac83018ec1fa9,2026-08-24,Education Academies & Publishing,EDUCATION & EDTECH,0.62,2.49,1412.33,-1.87,1.87,3.4969,1.0,BUY,1.0,,,,1D_MATURED
LIVE_SHADOW_5ab39c0058ffc5,2026-08-24,Microfinance (MFI),FINANCE & NBFC,-0.12,-0.9,996.9,0.78,0.78,0.6084,1.0,HOLD,0.0,,,,1D_MATURED
LIVE_SHADOW_5bc557eedb58bb,2026-08-24,Precision Defence Machining,DEFENCE & AEROSPACE,0.33,-0.56,1483.64,0.89,0.89,0.7921,0.0,BUY,0.0,,,,1D_MATURED
LIVE_SHADOW_73e5782b6f6ef4,2026-08-24,Container Rail & Dry Ports,LOGISTICS & SUPPLY CHAIN,1.12,-0.08,1334.88,1.2,1.2,1.44,0.0,BUY,0.0,,,,1D_MATURED
LIVE_SHADOW_4114ea8ecac9c1,2026-08-24,Grocery & Departmental Stores,RETAIL,-0.23,1.11,1054.59,-1.34,1.34,1.7956,0.0,HOLD,0.0,,,,1D_MATURED
LIVE_SHADOW_c6ab8a66df40a9,2026-08-24,Commercial Vehicles (Trucks & Buses),AUTOMOBILE,0.0,0.35,1056.69,-0.35,0.35,0.1225,0.0,HOLD,1.0,,,,1D_MATURED
LIVE_SHADOW_cdf1974edd8403,2026-08-24,Decorative Paints,PAINTS & COATINGS,-0.28,-1.45,1427.92,1.17,1.17,1.3689,1.0,SELL,1.0,,,,1D_MATURED
LIVE_SHADOW_aaed3f89e9ebaf,2026-08-24,Ceramic Tiles & Sanitaryware,BUILDING MATERIALS,-0.74,-0.54,1208.39,-0.2,0.2,0.04,1.0,SELL,1.0,,,,1D_MATURED
LIVE_SHADOW_156bc9773569aa,2026-08-24,Diamond & Studded Jewellery,JEWELLERY,0.16,-0.63,1308.67,0.79,0.79,0.6241,0.0,HOLD,0.0,,,,1D_MATURED
LIVE_SHADOW_547c37d0e4d34b,2026-08-24,Plastic & CPVC Pipes,BUILDING MATERIALS,1.55,0.01,1333.18,1.54,1.54,2.3716,1.0,BUY,1.0,,,,1D_MATURED
LIVE_SHADOW_87b2faa9f152bf,2026-08-24,Defence Electronics & Radars,DEFENCE & AEROSPACE,0.18,0.61,1382.42,-0.43,0.43,0.1849,1.0,HOLD,0.0,,,,1D_MATURED
LIVE_SHADOW_3890bb0fca4b79,2026-08-24,Two & Three Wheelers,AUTOMOBILE,0.11,0.6,1269.62,-0.49,0.49,0.2401,1.0,HOLD,0.0,,,,1D_MATURED
LIVE_SHADOW_4064b64d07e2db,2026-08-24,Small Finance & Payment Banks,BANKING,0.49,-2.03,1029.68,2.52,2.52,6.3504,0.0,BUY,0.0,,,,1D_MATURED
LIVE_SHADOW_cce92aa517b004,2026-08-24,PropTech & Real Estate Technology,REAL ESTATE,1.41,1.38,1211.44,0.03,0.03,0.0009,1.0,BUY,1.0,,,,1D_MATURED
LIVE_SHADOW_4912669e4e1683,2026-08-24,Gold Jewellery & Retail,JEWELLERY,0.45,0.4,1477.82,0.05,0.05,0.0025,1.0,BUY,1.0,,,,1D_MATURED
LIVE_SHADOW_c35f0dee6834fb,2026-08-24,Precision Machine Tools & Fasteners,CAPITAL GOODS & MACHINERY,0.21,1.76,1134.57,-1.55,1.55,2.4025,1.0,HOLD,0.0,,,,1D_MATURED
LIVE_SHADOW_8cafb3082da358,2026-08-24,Auto Transmission & Driveline,AUTO ANCILLARIES,0.31,0.63,1021.36,-0.32,0.32,0.1024,1.0,BUY,1.0,,,,1D_MATURED
LIVE_SHADOW_eb152d45c2d37e,2026-08-24,Commercial & Industrial Electronics EMS,EMS & ELECTRONICS,0.99,1.42,1338.75,-0.43,0.43,0.1849,1.0,BUY,1.0,,,,1D_MATURED
LIVE_SHADOW_f5ecf76ea6b9b1,2026-08-24,Engineering R&D (ER&D),IT SERVICES,0.47,0.66,1252.22,-0.19,0.19,0.0361,1.0,BUY,1.0,,,,1D_MATURED
LIVE_SHADOW_e7b21bf63bbe5f,2026-08-24,Co-Working & Managed Office Spaces,REAL ESTATE,-0.37,1.72,1046.68,-2.09,2.09,4.3681,0.0,SELL,0.0,,,,1D_MATURED
LIVE_SHADOW_b01c64696eb4ce,2026-08-24,Private Sector Banks,BANKING,0.15,0.73,1443.44,-0.58,0.58,0.3364,1.0,HOLD,0.0,,,,1D_MATURED
LIVE_SHADOW_06f15e86b663f4,2026-08-24,Television Broadcasting & OTT,MEDIA & ENTERTAINMENT,0.81,-0.02,1108.75,0.83,0.83,0.6889,0.0,BUY,0.0,,,,1D_MATURED
LIVE_SHADOW_83044145ebe8ba,2026-08-24,Music Labels & VFX Studios,MEDIA & ENTERTAINMENT,0.77,2.83,1049.86,-2.06,2.06,4.2436,1.0,BUY,1.0,,,,1D_MATURED
LIVE_SHADOW_2c63627e8622ca,2026-08-24,Hair Oils & Personal Care,FMCG & PERSONAL CARE,0.24,1.17,1408.29,-0.93,0.93,0.8649,1.0,HOLD,0.0,,,,1D_MATURED
LIVE_SHADOW_ad7539221f89f1,2026-08-24,Off-Highway Tyres,TYRES & RUBBER,0.09,0.79,1079.45,-0.7,0.7,0.49,1.0,HOLD,0.0,,,,1D_MATURED
LIVE_SHADOW_d09a205afd0dc5,2026-08-24,Silver & Fashion Gemstones,JEWELLERY,0.31,-1.43,1125.62,1.74,1.74,3.0276,0.0,BUY,0.0,,,,1D_MATURED
LIVE_SHADOW_95261abce31033,2026-08-24,Auto Air Conditioning & Thermal Systems,AUTO ANCILLARIES,-0.01,-1.45,1163.9,1.44,1.44,2.0736,1.0,HOLD,0.0,,,,1D_MATURED
LIVE_SHADOW_5ac81837fa0378,2026-08-24,Public Sector Banks (PSU),BANKING,0.75,0.45,1304.78,0.3,0.3,0.09,1.0,BUY,1.0,,,,1D_MATURED
LIVE_SHADOW_128a08c14a1677,2026-08-24,Tea & Coffee Plantations,TEA & COFFEE,-0.69,0.27,1305.52,-0.96,0.96,0.9216,0.0,SELL,0.0,,,,1D_MATURED
LIVE_SHADOW_dc05fee355ee94,2026-08-24,Fashion Apparel Retail,RETAIL,0.49,-0.64,1290.75,1.13,1.13,1.2769,0.0,BUY,0.0,,,,1D_MATURED
LIVE_SHADOW_c8182f713254ab,2026-08-24,"Rolling Stock, Wagons & Vande Bharat Trainsets",RAILWAYS,-0.25,0.27,1449.96,-0.52,0.52,0.2704,0.0,SELL,0.0,,,,1D_MATURED
LIVE_SHADOW_4a4d1f3d6edf5c,2026-08-24,Copper Mining & Smelting,ALUMINIUM & COPPER,1.19,2.01,1461.82,-0.82,0.82,0.6724,1.0,BUY,1.0,,,,1D_MATURED
LIVE_SHADOW_699ac8eff2dd1b,2026-08-24,Auto Climate & Thermal Systems,AUTO ANCILLARIES,-0.06,0.93,1059.73,-0.99,0.99,0.9801,0.0,HOLD,0.0,,,,1D_MATURED
LIVE_SHADOW_965b771e981728,2026-08-24,Telecom Cellular Operators,TELECOM,0.46,-1.27,1019.93,1.73,1.73,2.9929,0.0,BUY,0.0,,,,1D_MATURED
LIVE_SHADOW_fd5d4e35c68b68,2026-08-24,Electric Vehicles (EV),AUTOMOBILE,-0.12,-0.03,1305.59,-0.09,0.09,0.0081,1.0,HOLD,1.0,,,,1D_MATURED
LIVE_SHADOW_69f677473b6569,2026-08-24,Precision Bearings & Motion Controls,AUTO ANCILLARIES,0.31,-0.87,1081.53,1.18,1.18,1.3924,0.0,BUY,0.0,,,,1D_MATURED
LIVE_SHADOW_6c33444f881c7f,2026-08-24,Fleet Tech & Logistics SaaS,IT SERVICES,-0.81,-0.37,1321.07,-0.44,0.44,0.1936,1.0,SELL,1.0,,,,1D_MATURED
LIVE_SHADOW_05b1f9060b43be,2026-08-24,Express Parcel & Courier,LOGISTICS & SUPPLY CHAIN,0.46,-0.4,1390.48,0.86,0.86,0.7396,0.0,BUY,0.0,,,,1D_MATURED
LIVE_SHADOW_c2e58ef475d818,2026-08-24,Design & Facility Architecture,PROFESSIONAL & CONSUMER SERVICES,1.0,-0.47,1108.82,1.47,1.47,2.1609,0.0,BUY,0.0,,,,1D_MATURED
LIVE_SHADOW_28b88ee79fc1cc,2026-08-24,Air Conditioners & Commercial HVAC,CONSUMER DURABLES,0.07,-1.41,1178.17,1.48,1.48,2.1904,0.0,HOLD,0.0,,,,1D_MATURED
LIVE_SHADOW_ea98f4ed12a519,2026-08-24,Synthetic Fiber & Polyester Weaving,TEXTILES,-0.45,-0.05,1166.47,-0.4,0.4,0.16,1.0,SELL,1.0,,,,1D_MATURED
LIVE_SHADOW_90e5d1ddda72cc,2026-08-24,Kitchen Appliances & Cookware,CONSUMER DURABLES,0.13,-0.57,1282.65,0.7,0.7,0.49,0.0,HOLD,0.0,,,,1D_MATURED
LIVE_SHADOW_ceef3e91830fe9,2026-08-24,Home Appliances (White Goods),CONSUMER DURABLES,-0.18,-3.42,1231.41,3.24,3.24,10.4976,1.0,HOLD,0.0,,,,1D_MATURED
LIVE_SHADOW_1e8acaaa3e797d,2026-08-24,Precision Powertrain Engine Components,AUTO ANCILLARIES,0.69,2.56,1333.34,-1.87,1.87,3.4969,1.0,BUY,1.0,,,,1D_MATURED
LIVE_SHADOW_e6c398e1b6e3c9,2026-08-24,Sports & Athleisure Footwear,FOOTWEAR,-0.41,1.41,1504.89,-1.82,1.82,3.3124,0.0,SELL,0.0,,,,1D_MATURED
LIVE_SHADOW_1330fb3172b4c4,2026-08-24,Stock & Commodity Derivatives Exchanges,CAPITAL MARKETS,0.33,-0.35,1151.97,0.68,0.68,0.4624,0.0,BUY,0.0,,,,1D_MATURED
LIVE_SHADOW_cece10e30852f3,2026-08-24,Hybrid Seeds & Agri Inputs,AGRICULTURE & AGROCHEMICALS,-0.41,0.12,1006.23,-0.53,0.53,0.2809,0.0,SELL,0.0,,,,1D_MATURED
LIVE_SHADOW_24f7600a3675e6,2026-08-24,Worsted Fabric & Suiting,TEXTILES,0.69,-1.31,987.89,2.0,2.0,4.0,0.0,BUY,0.0,,,,1D_MATURED
LIVE_SHADOW_d5c4028a25bbd6,2026-08-24,Mutual Fund Registrar & Transfer Agent,CAPITAL MARKETS,-0.3,2.13,1502.28,-2.43,2.43,5.9049,0.0,SELL,0.0,,,,1D_MATURED
LIVE_SHADOW_6e327f088d00e1,2026-08-24,Life Insurance,INSURANCE,-0.53,2.38,1518.25,-2.91,2.91,8.4681,0.0,SELL,0.0,,,,1D_MATURED
LIVE_SHADOW_04a0b47a00a426,2026-08-24,Credit Ratings & Risk Analytics,CAPITAL MARKETS,1.26,0.29,1411.04,0.97,0.97,0.9409,1.0,BUY,1.0,,,,1D_MATURED
LIVE_SHADOW_68321e046b878e,2026-08-24,Payment Gateway & FinTech SaaS,IT SERVICES,0.34,1.33,1071.09,-0.99,0.99,0.9801,1.0,BUY,1.0,,,,1D_MATURED
LIVE_SHADOW_3491130cbd1626,2026-08-24,Depository & Clearing Services,CAPITAL MARKETS,1.23,0.31,1252.85,0.92,0.92,0.8464,1.0,BUY,1.0,,,,1D_MATURED
LIVE_SHADOW_c27c085bf1f40f,2026-08-24,Kitchen Homeware & Cookware,CONSUMER DURABLES,-0.1,-1.5,1058.84,1.4,1.4,1.96,1.0,HOLD,0.0,,,,1D_MATURED
LIVE_SHADOW_4668ee384649c7,2026-08-24,Power Distribution & Integrated Utilities,POWER,0.93,-0.39,1168.41,1.32,1.32,1.7424,0.0,BUY,0.0,,,,1D_MATURED
LIVE_SHADOW_63b9d33bfa63f0,2026-08-24,Renewable Energy & Solar,RENEWABLE ENERGY,0.25,0.26,1357.53,-0.01,0.01,0.0001,1.0,HOLD,1.0,,,,1D_MATURED
LIVE_SHADOW_b76092c33a12f2,2026-08-24,Wealth Broking & Advisory,CAPITAL MARKETS,-0.15,-0.45,1005.44,0.3,0.3,0.09,1.0,HOLD,1.0,,,,1D_MATURED
LIVE_SHADOW_fe73ce3ddfb7ef,2026-08-24,Vehicle Finance,FINANCE & NBFC,0.27,-0.16,1448.61,0.43,0.43,0.1849,0.0,HOLD,1.0,,,,1D_MATURED
LIVE_SHADOW_16a4d5969045bd,2026-08-24,Film Multiplex Theatres,MEDIA & ENTERTAINMENT,0.1,-0.01,1054.95,0.11,0.11,0.0121,0.0,HOLD,1.0,,,,1D_MATURED
LIVE_SHADOW_947001cda5a678,2026-08-24,Basmati Rice Milling & Global Exports,RICE,-0.47,0.0,1102.04,-0.47,0.47,0.2209,0.0,SELL,0.0,,,,1D_MATURED
LIVE_SHADOW_1b0cfb6e3c753f,2026-08-24,Mining Consultancy & Geological Services,MINING & MINERALS,0.4,0.16,1175.86,0.24,0.24,0.0576,1.0,BUY,1.0,,,,1D_MATURED
LIVE_SHADOW_ee808e32b14c14,2026-08-24,Aluminium Recycling & Secondary Metals,METALS & FABRICATION,1.05,-1.17,1196.78,2.22,2.22,4.9284,0.0,BUY,0.0,,,,1D_MATURED
LIVE_SHADOW_858396d053e382,2026-08-24,IT Distribution & Enterprise Infra,IT SERVICES,-0.4,-0.76,1233.61,0.36,0.36,0.1296,1.0,SELL,1.0,,,,1D_MATURED
LIVE_SHADOW_e96ca5806d91fb,2026-08-24,Naval Warships & Submarines,DEFENCE & AEROSPACE,1.05,-1.44,1356.23,2.49,2.49,6.2001,0.0,BUY,0.0,,,,1D_MATURED
LIVE_SHADOW_e3ae3e0c269fff,2026-08-24,Heavy Process Plant Equipment,CAPITAL GOODS & MACHINERY,1.18,1.27,1099.8,-0.09,0.09,0.0081,1.0,BUY,1.0,,,,1D_MATURED
LIVE_SHADOW_f6edf36a39ae8f,2026-08-24,Oral Hygiene,FMCG & PERSONAL CARE,-0.05,-2.43,1054.75,2.38,2.38,5.6644,1.0,HOLD,0.0,,,,1D_MATURED
LIVE_SHADOW_aa6b666b5440f3,2026-08-24,Freight Forwarding & Multi-Modal Cargo,LOGISTICS & SUPPLY CHAIN,0.94,1.48,1395.31,-0.54,0.54,0.2916,1.0,BUY,1.0,,,,1D_MATURED
LIVE_SHADOW_d30e884cfda6a2,2026-08-24,Cruise Ships & Water Tourism,HOTELS & HOSPITALITY,-0.07,1.76,1199.75,-1.83,1.83,3.3489,0.0,HOLD,0.0,,,,1D_MATURED
LIVE_SHADOW_d8b3b31f0c211b,2026-08-24,Business Process Management (BPM),SERVICES & MEDIA,-1.03,2.7,1521.96,-3.73,3.73,13.9129,0.0,SELL,0.0,,,,1D_MATURED
LIVE_SHADOW_558dc70fc4ab7d,2026-08-24,Television Content & OTT Production,MEDIA & ENTERTAINMENT,-0.01,-3.02,1030.87,3.01,3.01,9.0601,1.0,HOLD,0.0,,,,1D_MATURED
LIVE_SHADOW_1e58afcc55a7f5,2026-08-24,Overseas Education Consulting,EDUCATION & EDTECH,0.12,-0.33,1403.37,0.45,0.45,0.2025,0.0,HOLD,1.0,,,,1D_MATURED
LIVE_SHADOW_37da6336e7d58e,2026-08-24,Railway Signalling & Technology Systems,RAILWAYS,0.28,0.02,1154.27,0.26,0.26,0.0676,1.0,HOLD,1.0,,,,1D_MATURED
LIVE_SHADOW_4ebb67b4bace14,2026-08-24,Diesel Engines & Gensets,CAPITAL GOODS & MACHINERY,0.04,-1.11,1067.03,1.15,1.15,1.3225,0.0,HOLD,0.0,,,,1D_MATURED
LIVE_SHADOW_b6f1448c9bde26,2026-08-24,Medical Devices & Consumables,HEALTHCARE SERVICES,0.33,-0.52,1193.74,0.85,0.85,0.7225,0.0,BUY,0.0,,,,1D_MATURED
LIVE_SHADOW_93ada57e9366a7,2026-08-24,Gold Mining & Precious Metals Exploration,MINING & MINERALS,0.25,1.94,1062.2,-1.69,1.69,2.8561,1.0,BUY,1.0,,,,1D_MATURED
LIVE_SHADOW_64128c990f13c6,2026-08-24,Forex & Currency Exchange,CAPITAL MARKETS,0.38,0.9,1323.84,-0.52,0.52,0.2704,1.0,BUY,1.0,,,,1D_MATURED
LIVE_SHADOW_6afacce924a0e0,2026-08-24,"Gaming, Casinos & Entertainment",HOTELS & HOSPITALITY,0.68,-1.01,1210.6,1.69,1.69,2.8561,0.0,BUY,0.0,,,,1D_MATURED
LIVE_SHADOW_e1cf4cb06e5db9,2026-08-24,Cable & Broadband Distribution,MEDIA & ENTERTAINMENT,-0.11,-1.82,1429.46,1.71,1.71,2.9241,1.0,HOLD,0.0,,,,1D_MATURED
LIVE_SHADOW_52b7ac6b433b0b,2026-08-24,Specialty Electrochemical Chemicals,CHEMICALS,-0.21,-0.29,1203.46,0.08,0.08,0.0064,1.0,HOLD,1.0,,,,1D_MATURED
LIVE_SHADOW_3388c25c64a1c6,2026-08-24,General & Health Insurance,INSURANCE,-0.04,-0.16,1477.55,0.12,0.12,0.0144,1.0,HOLD,1.0,,,,1D_MATURED
LIVE_SHADOW_bd2aae0dbf64fb,2026-08-24,Railway Signaling & Track EPC,RAILWAYS,0.05,0.7,1065.4,-0.65,0.65,0.4225,1.0,HOLD,0.0,,,,1D_MATURED
LIVE_SHADOW_b2818b1d6bd986,2026-08-24,Foundry Equipment & Shot Blasting,CAPITAL GOODS & MACHINERY,0.42,-0.54,1394.39,0.96,0.96,0.9216,0.0,BUY,0.0,,,,1D_MATURED
LIVE_SHADOW_9db2b87dc550a3,2026-08-24,Bridal Gold Jewellery & Retail Showrooms,JEWELLERY,-0.06,0.71,1416.92,-0.77,0.77,0.5929,0.0,HOLD,0.0,,,,1D_MATURED
LIVE_SHADOW_e22296799cbf3d,2026-08-24,Domestic Consumer Appliance EMS (AC/TV/Washing Machines),EMS & ELECTRONICS,0.22,2.42,1191.15,-2.2,2.2,4.84,1.0,HOLD,0.0,,,,1D_MATURED
LIVE_SHADOW_96155dc3a9b50a,2026-08-24,PCB Assembly & Fabrication,EMS & ELECTRONICS,-1.38,1.08,1145.29,-2.46,2.46,6.0516,0.0,SELL,0.0,,,,1D_MATURED
LIVE_SHADOW_dba2e5077c6e69,2026-08-24,Networking Hardware & Infra,IT SERVICES,-1.31,0.04,1280.56,-1.35,1.35,1.8225,0.0,SELL,0.0,,,,1D_MATURED
LIVE_SHADOW_7a8adb566b1453,2026-08-24,Liquid Milk & Value-Added Dairy,DAIRY & MILK PRODUCTS,0.27,-0.12,1361.38,0.39,0.39,0.1521,0.0,HOLD,1.0,,,,1D_MATURED
LIVE_SHADOW_9a1ec448cb20a5,2026-08-24,Innerwear & Athleisure,TEXTILES,0.12,-0.33,1397.44,0.45,0.45,0.2025,0.0,HOLD,1.0,,,,1D_MATURED
LIVE_SHADOW_a470d516a9c733,2026-08-24,Polyester Woven Fabrics & Suiting,TEXTILES,0.2,1.52,1199.99,-1.32,1.32,1.7424,1.0,HOLD,0.0,,,,1D_MATURED
LIVE_SHADOW_bb6f7358525590,2026-08-24,State Distribution Companies (DISCOMs),POWER,0.04,-0.65,1358.19,0.69,0.69,0.4761,0.0,HOLD,0.0,,,,1D_MATURED
LIVE_SHADOW_71b07a0406569a,2026-08-24,Airport Lounge & Transit Tech,ONLINE TICKETING & TRAVEL,-0.3,0.15,1402.06,-0.45,0.45,0.2025,0.0,SELL,0.0,,,,1D_MATURED
LIVE_SHADOW_c4ede569fca2ed,2026-08-24,Staffing & Workforce Security,SERVICES & MEDIA,0.65,0.16,1349.13,0.49,0.49,0.2401,1.0,BUY,1.0,,,,1D_MATURED
LIVE_SHADOW_8094fec8a25c1f,2026-08-24,Cloud GPUs & Supercomputing Infrastructure,DATA CENTERS & CLOUD,0.5,-0.5,1013.95,1.0,1.0,1.0,0.0,BUY,0.0,,,,1D_MATURED
LIVE_SHADOW_436e05c49b3e1c,2026-08-24,Online Travel Agency (OTA) & Flight Booking,ONLINE TICKETING & TRAVEL,0.71,-1.55,1082.01,2.26,2.26,5.1076,0.0,BUY,0.0,,,,1D_MATURED
LIVE_SHADOW_d8b3b31f0c211b,2026-08-24,Business Process Management (BPM),IT SERVICES,-0.04,2.7,1521.93,-2.74,2.74,7.5076,0.0,HOLD,0.0,,,,1D_MATURED
LIVE_SHADOW_0131ff34910411,2026-08-24,Recycled Polyester & Eco-Yarns,TEXTILES,-0.75,0.03,1192.36,-0.78,0.78,0.6084,0.0,SELL,0.0,,,,1D_MATURED
LIVE_SHADOW_bb7c5f6fd8dac0,2026-08-24,E-Waste Recycling & Sustainability,SERVICES & MEDIA,0.21,0.7,1105.74,-0.49,0.49,0.2401,1.0,HOLD,0.0,,,,1D_MATURED
LIVE_SHADOW_db74134602ed98,2026-08-24,Heavy Infrastructure EPC,CONSTRUCTION & INFRASTRUCTURE,-0.16,-0.54,1072.19,0.38,0.38,0.1444,1.0,HOLD,0.0,,,,1D_MATURED
LIVE_SHADOW_96ffb6327000b7,2026-08-24,Passenger Vehicles (Cars & SUVs),AUTOMOBILE,-0.23,1.56,1403.51,-1.79,1.79,3.2041,0.0,SELL,0.0,,,,1D_MATURED
LIVE_SHADOW_ba361da9407937,2026-08-24,Tobacco Products,FMCG & PERSONAL CARE,0.51,-0.95,1346.05,1.46,1.46,2.1316,0.0,BUY,0.0,,,,1D_MATURED
LIVE_SHADOW_39f4f1aa743f02,2026-08-24,Advertising & Digital Marketing,SERVICES & MEDIA,-0.5,2.15,1144.12,-2.65,2.65,7.0225,0.0,SELL,0.0,,,,1D_MATURED
LIVE_SHADOW_46c734c29cb297,2026-08-24,Pre-Engineered Steel Buildings,BUILDING MATERIALS,0.25,-2.0,1229.87,2.25,2.25,5.0625,0.0,HOLD,0.0,,,,1D_MATURED
LIVE_SHADOW_7fbb5ad287cd55,2026-08-24,Wind Turbines & Wind Energy,RENEWABLE ENERGY,-0.54,0.62,1418.72,-1.16,1.16,1.3456,0.0,SELL,0.0,,,,1D_MATURED
LIVE_SHADOW_d6cfc5b7897842,2026-08-24,AI Servers & Supercomputing Hardware,DATA CENTERS & CLOUD,1.09,0.67,1261.46,0.42,0.42,0.1764,1.0,BUY,1.0,,,,1D_MATURED
LIVE_SHADOW_bdd5d860612e12,2026-08-24,Tractors & Farm Machinery,AUTOMOBILE,0.43,-0.85,1293.98,1.28,1.28,1.6384,0.0,BUY,0.0,,,,1D_MATURED
LIVE_SHADOW_f0cf2b5162b3f4,2026-08-24,EV Charging Infrastructure,EMS & ELECTRONICS,-1.65,0.61,1022.18,-2.26,2.26,5.1076,0.0,SELL,0.0,,,,1D_MATURED
LIVE_SHADOW_e3297145ad83f1,2026-08-24,Auto Batteries & Storage,AUTO ANCILLARIES,-0.49,1.64,1409.67,-2.13,2.13,4.5369,0.0,SELL,0.0,,,,1D_MATURED
LIVE_SHADOW_a198ead8f83893,2026-08-24,Home Textiles,TEXTILES,0.24,-2.56,981.25,2.8,2.8,7.84,0.0,HOLD,0.0,,,,1D_MATURED
LIVE_SHADOW_1659d2f3a9e3cd,2026-08-24,Water Infrastructure EPC & Supply,WATER TREATMENT,0.1,0.7,1272.91,-0.6,0.6,0.36,1.0,HOLD,0.0,,,,1D_MATURED
LIVE_SHADOW_ad4d5e46f8ebe7,2026-08-24,Auto Lighting & Electricals,AUTO ANCILLARIES,0.55,-2.89,1302.29,3.44,3.44,11.8336,0.0,BUY,0.0,,,,1D_MATURED
LIVE_SHADOW_e1c617e1b5c5e8,2026-08-24,Stationery & Writing Instruments,PAPER & PACKAGING,0.98,-1.06,1432.69,2.04,2.04,4.1616,0.0,BUY,0.0,,,,1D_MATURED
LIVE_SHADOW_eaceb498573ec6,2026-08-24,Passenger Airlines,AVIATION,-0.58,2.05,1050.13,-2.63,2.63,6.9169,0.0,SELL,0.0,,,,1D_MATURED
LIVE_SHADOW_cc04cb6dcd723a,2026-08-24,LED Lighting & Fixtures,ELECTRICAL EQUIPMENT,-0.31,-0.6,1411.53,0.29,0.29,0.0841,1.0,SELL,1.0,,,,1D_MATURED
LIVE_SHADOW_7b7afa44c110ae,2026-08-24,"AI Solutions, Analytics & Cloud Data",DATA CENTERS & CLOUD,1.07,-1.31,1121.13,2.38,2.38,5.6644,0.0,BUY,0.0,,,,1D_MATURED
LIVE_SHADOW_18b0d69a8e057f,2026-08-24,Gas Transmission Pipelines,OIL & GAS,-0.09,-0.14,1234.25,0.05,0.05,0.0025,1.0,HOLD,1.0,,,,1D_MATURED
LIVE_SHADOW_258607c937b030,2026-08-24,Edible Oils & Vanaspati,EDIBLE OILS,-0.13,2.58,1036.1,-2.71,2.71,7.3441,0.0,HOLD,0.0,,,,1D_MATURED
LIVE_SHADOW_c5821136bfda8b,2026-08-24,Liquid Storage Terminals & Logistics,LOGISTICS & SUPPLY CHAIN,1.38,-2.1,991.76,3.48,3.48,12.1104,0.0,BUY,0.0,,,,1D_MATURED
LIVE_SHADOW_1728f150c34cf4,2026-08-24,Geospatial AI & Digital Mapping,IT SERVICES,0.67,-1.16,1355.12,1.83,1.83,3.3489,0.0,BUY,0.0,,,,1D_MATURED
LIVE_SHADOW_e54d638ce34a6b,2026-08-24,Tobacco Products & Cigarettes,BEVERAGES & DISTILLERIES,-0.56,1.9,1397.06,-2.46,2.46,6.0516,0.0,SELL,0.0,,,,1D_MATURED
LIVE_SHADOW_47637ac1d5066e,2026-08-24,Automotive Radials & Off-Highway Tyres,TYRES & RUBBER,-0.46,2.33,1481.8,-2.79,2.79,7.7841,0.0,SELL,0.0,,,,1D_MATURED
LIVE_SHADOW_4d6770c3a12e71,2026-08-24,Film Theatres & Broadcast Media,MEDIA & ENTERTAINMENT,-0.06,-0.02,1477.66,-0.04,0.04,0.0016,1.0,HOLD,1.0,,,,1D_MATURED
LIVE_SHADOW_cfb20ae55e3f4e,2026-08-24,Metals & Fabrication,METALS & FABRICATION,0.14,-1.39,1441.6,1.53,1.53,2.3409,0.0,HOLD,0.0,,,,1D_MATURED
LIVE_SHADOW_5bbca462de85b1,2026-08-24,Zinc & Non-Ferrous Alloys,METALS & FABRICATION,0.4,2.62,1464.35,-2.22,2.22,4.9284,1.0,BUY,1.0,,,,1D_MATURED
LIVE_SHADOW_4cb0d2a2d4a697,2026-08-24,Optical Fiber & Telecom Infrastructure,TELECOM,0.86,2.01,1143.54,-1.15,1.15,1.3225,1.0,BUY,1.0,,,,1D_MATURED
LIVE_SHADOW_adafc7b90e4699,2026-08-24,CDMO & Sterile Injectables,PHARMACEUTICALS,0.12,0.91,1115.01,-0.79,0.79,0.6241,1.0,HOLD,0.0,,,,1D_MATURED
LIVE_SHADOW_9d6e1bcbc94ace,2026-08-24,Consumer Internet & Super Apps,PROFESSIONAL & CONSUMER SERVICES,-0.44,-0.87,1026.0,0.43,0.43,0.1849,1.0,SELL,1.0,,,,1D_MATURED
LIVE_SHADOW_ecc35568cbdbe4,2026-08-24,Architectural Hardware & Fittings,BUILDING MATERIALS,-0.23,0.04,1256.55,-0.27,0.27,0.0729,0.0,HOLD,1.0,,,,1D_MATURED
LIVE_SHADOW_5bbca462de85b1,2026-08-24,Zinc & Non-Ferrous Alloys,ALUMINIUM & COPPER,0.6,2.62,1464.34,-2.02,2.02,4.0804,1.0,BUY,1.0,,,,1D_MATURED
LIVE_SHADOW_eb872f5d88d6a4,2026-08-24,Thermal & Renewable Power Generation,POWER,-0.54,0.5,1343.66,-1.04,1.04,1.0816,0.0,SELL,0.0,,,,1D_MATURED
LIVE_SHADOW_38a44382862bf7,2026-08-24,Industrial Compressors & Pumps,CAPITAL GOODS & MACHINERY,-0.27,1.84,1075.4,-2.11,2.11,4.4521,0.0,HOLD,0.0,,,,1D_MATURED
LIVE_SHADOW_3f1249a2bdaa5c,2026-08-24,Electricity & Power Exchanges,CAPITAL MARKETS,0.93,1.16,1098.58,-0.23,0.23,0.0529,1.0,BUY,1.0,,,,1D_MATURED
LIVE_SHADOW_24731dcd1afae1,2026-08-24,Ferro Alloys & Secondary Metals,METALS & FABRICATION,0.25,-1.19,1039.5,1.44,1.44,2.0736,0.0,HOLD,0.0,,,,1D_MATURED
LIVE_SHADOW_554bc29aab1955,2026-08-24,Healthcare & Life Sciences Tech,IT SERVICES,1.02,1.75,1423.44,-0.73,0.73,0.5329,1.0,BUY,1.0,,,,1D_MATURED
LIVE_SHADOW_8d0923c03d0b80,2026-08-24,Tier-1 IT Services,IT SERVICES,1.74,0.48,1409.73,1.26,1.26,1.5876,1.0,BUY,1.0,,,,1D_MATURED
LIVE_SHADOW_5c344e693dcd53,2026-08-24,Financial Software & SaaS,IT SERVICES,0.53,0.92,1112.17,-0.39,0.39,0.1521,1.0,BUY,1.0,,,,1D_MATURED
LIVE_SHADOW_5353eabc5bfdfb,2026-08-24,Railway Ticketing & Catering,ONLINE TICKETING & TRAVEL,0.18,1.86,1447.39,-1.68,1.68,2.8224,1.0,HOLD,0.0,,,,1D_MATURED
LIVE_SHADOW_7a43f36d149328,2026-08-24,Railway Lease Financing,RAILWAYS,0.92,-1.23,1118.1,2.15,2.15,4.6225,0.0,BUY,0.0,,,,1D_MATURED
LIVE_SHADOW_28968cc98453ca,2026-08-24,Industrial Parks & Special Economic Zones,REAL ESTATE,0.14,0.06,1367.8,0.08,0.08,0.0064,1.0,HOLD,1.0,,,,1D_MATURED
LIVE_SHADOW_e55181275bc912,2026-08-24,Higher Education & Online Learning,EDUCATION & EDTECH,-0.0,-0.54,1178.55,0.54,0.54,0.2916,0.0,HOLD,0.0,,,,1D_MATURED
LIVE_SHADOW_1f83f42669c509,2026-08-24,Stampings & Pressed Metal Auto Parts,AUTO ANCILLARIES,0.41,-1.78,1029.29,2.19,2.19,4.7961,0.0,BUY,0.0,,,,1D_MATURED
LIVE_SHADOW_07f9f573f5f891,2026-08-24,Micro-Irrigation & Agri-Plastics,AGRICULTURE & AGROCHEMICALS,-0.19,0.52,1269.53,-0.71,0.71,0.5041,0.0,HOLD,0.0,,,,1D_MATURED
LIVE_SHADOW_3f6484ad9087ac,2026-08-24,Stainless Steel & Special Alloys,STEEL,-1.39,3.11,1189.92,-4.5,4.5,20.25,0.0,SELL,0.0,,,,1D_MATURED
LIVE_SHADOW_1a17f4d2f8957b,2026-08-24,Consumer Internet Platforms & Apps,SERVICES & MEDIA,-0.74,-2.11,1120.83,1.37,1.37,1.8769,1.0,SELL,1.0,,,,1D_MATURED
LIVE_SHADOW_94671a5afe53ac,2026-08-24,Plastics Processing Machinery,CAPITAL GOODS & MACHINERY,-0.09,0.06,1066.64,-0.15,0.15,0.0225,0.0,HOLD,1.0,,,,1D_MATURED
LIVE_SHADOW_a9e523036a3f66,2026-08-24,Industrial & Aerospace EMS,EMS & ELECTRONICS,-0.1,0.87,1321.43,-0.97,0.97,0.9409,0.0,HOLD,0.0,,,,1D_MATURED
LIVE_SHADOW_379d1d12da6129,2026-08-24,Power Transmission Grid,POWER,-0.02,0.25,1171.88,-0.27,0.27,0.0729,0.0,HOLD,1.0,,,,1D_MATURED
LIVE_SHADOW_b1d60dba19503f,2026-08-24,Iron Ore & Manganese Mining,MINING & MINERALS,0.39,-0.04,1136.58,0.43,0.43,0.1849,0.0,BUY,0.0,,,,1D_MATURED
LIVE_SHADOW_3a5a9a91fe6566,2026-08-24,Consumer Lending & BNPL FinTech,FINANCE & NBFC,0.4,-1.46,1012.01,1.86,1.86,3.4596,0.0,BUY,0.0,,,,1D_MATURED
LIVE_SHADOW_258607c937b030,2026-08-24,Edible Oils & Vanaspati,FOOD PROCESSING,-0.31,2.58,1036.04,-2.89,2.89,8.3521,0.0,SELL,0.0,,,,1D_MATURED
LIVE_SHADOW_83b84cf40d4689,2026-08-24,Commercial REITs & Malls,REAL ESTATE,0.17,-0.81,1448.23,0.98,0.98,0.9604,0.0,HOLD,0.0,,,,1D_MATURED
LIVE_SHADOW_65745719f02e5d,2026-08-24,Data Center Cooling & Liquid Systems,DATA CENTERS & CLOUD,0.03,-2.53,1305.12,2.56,2.56,6.5536,0.0,HOLD,0.0,,,,1D_MATURED
LIVE_SHADOW_9d036a7d4366a1,2026-08-24,Eyewear Retail & Optical Products,RETAIL,0.09,1.53,1267.04,-1.44,1.44,2.0736,1.0,HOLD,0.0,,,,1D_MATURED
LIVE_SHADOW_9b66579c3fa12a,2026-08-24,Branded Innerwear,TEXTILES,-0.27,1.25,1220.1,-1.52,1.52,2.3104,0.0,HOLD,0.0,,,,1D_MATURED
LIVE_SHADOW_ed1bd0b6cd677b,2026-08-24,Coated & Galvanised Steel,STEEL,-1.6,0.16,1413.25,-1.76,1.76,3.0976,0.0,SELL,0.0,,,,1D_MATURED
LIVE_SHADOW_28f475c612b434,2026-08-24,Gold Finance,FINANCE & NBFC,-0.62,0.37,1246.64,-0.99,0.99,0.9801,0.0,SELL,0.0,,,,1D_MATURED
LIVE_SHADOW_a7c6aa8fec1415,2026-08-24,Complex Fertilizers & Soil Nutrients,CHEMICALS,-0.09,1.39,1486.45,-1.48,1.48,2.1904,0.0,HOLD,0.0,,,,1D_MATURED
LIVE_SHADOW_3810844a842c94,2026-08-24,Naval Combat Warships & Submarines,DEFENCE & AEROSPACE,-0.42,0.37,1076.02,-0.79,0.79,0.6241,0.0,SELL,0.0,,,,1D_MATURED
LIVE_SHADOW_59de5fb9b95745,2026-08-24,Social Commerce & Marketplace,E-COMMERCE & QUICK COMMERCE,0.01,1.18,1316.42,-1.17,1.17,1.3689,1.0,HOLD,0.0,,,,1D_MATURED
LIVE_SHADOW_69f677473b6569,2026-08-24,Precision Bearings & Motion Controls,CAPITAL GOODS & MACHINERY,0.44,-0.87,1081.49,1.31,1.31,1.7161,0.0,BUY,0.0,,,,1D_MATURED
LIVE_SHADOW_7f2e20cd80b8ed,2026-08-24,Baby & Infant Nutrition,DAIRY & MILK PRODUCTS,-0.38,1.67,1197.63,-2.05,2.05,4.2025,0.0,SELL,0.0,,,,1D_MATURED
LIVE_SHADOW_c60fb28c49827e,2026-08-24,Leather & Industrial Footwear,FOOTWEAR,0.38,0.48,1457.02,-0.1,0.1,0.01,1.0,BUY,1.0,,,,1D_MATURED
LIVE_SHADOW_d632957910b126,2026-08-24,State Commodity & Metals Trading,COMMERCIAL TRADING,-0.07,0.33,1268.19,-0.4,0.4,0.16,0.0,HOLD,1.0,,,,1D_MATURED
LIVE_SHADOW_436e05c49b3e1c,2026-08-24,Online Travel Agency (OTA) & Flight Booking,HOTELS & HOSPITALITY,0.36,-1.55,1081.92,1.91,1.91,3.6481,0.0,BUY,0.0,,,,1D_MATURED
LIVE_SHADOW_b7383e30e9ebf2,2026-08-24,"Gaming, Esports & Mobile Games",MEDIA & ENTERTAINMENT,-0.28,0.44,1477.49,-0.72,0.72,0.5184,0.0,SELL,0.0,,,,1D_MATURED
LIVE_SHADOW_01b6b27ccb8c74,2026-08-24,Residential Townships & Commercial REITs,SERVICES & MEDIA,-0.06,-1.56,1463.8,1.5,1.5,2.25,1.0,HOLD,0.0,,,,1D_MATURED
LIVE_SHADOW_63b9d33bfa63f0,2026-08-24,Renewable Energy & Solar,POWER,1.19,0.26,1357.48,0.93,0.93,0.8649,1.0,BUY,1.0,,,,1D_MATURED
LIVE_SHADOW_3d3284d4d64b20,2026-08-24,Furniture & Mattresses,CONSUMER DURABLES,0.74,-0.88,1077.4,1.62,1.62,2.6244,0.0,BUY,0.0,,,,1D_MATURED
LIVE_SHADOW_2de5d6a76b1d1f,2026-08-24,Specialty Ingredients & Flavours,FOOD PROCESSING,-1.03,-1.18,1031.69,0.15,0.15,0.0225,1.0,SELL,1.0,,,,1D_MATURED
LIVE_SHADOW_5470fef0795e7a,2026-08-24,Heavy Infrastructure & Highways EPC,CONSTRUCTION & INFRASTRUCTURE,1.18,2.65,1451.48,-1.47,1.47,2.1609,1.0,BUY,1.0,,,,1D_MATURED
LIVE_SHADOW_4609c5307d241e,2026-08-24,Beauty & Fashion E-Commerce,E-COMMERCE & QUICK COMMERCE,-0.27,1.7,1141.09,-1.97,1.97,3.8809,0.0,HOLD,0.0,,,,1D_MATURED
LIVE_SHADOW_af38068c6f14bd,2026-08-24,Refining & Marketing (OMC),OIL & GAS,0.33,2.4,1309.65,-2.07,2.07,4.2849,1.0,BUY,1.0,,,,1D_MATURED
LIVE_SHADOW_6c58fb6806e166,2026-08-24,PVC Stabilizers & Additives,CHEMICALS,0.06,-1.37,1102.63,1.43,1.43,2.0449,0.0,HOLD,0.0,,,,1D_MATURED
LIVE_SHADOW_99331d3233fd3e,2026-08-24,Government Securities & Bond Dealing,CAPITAL MARKETS,0.04,0.19,1069.02,-0.15,0.15,0.0225,1.0,HOLD,1.0,,,,1D_MATURED
LIVE_SHADOW_f7b7ac5d22791e,2026-08-24,Consumer Electronics,CONSUMER ELECTRONICS,0.5,-1.45,1203.27,1.95,1.95,3.8025,0.0,BUY,0.0,,,,1D_MATURED
LIVE_SHADOW_aed82365b0ccdb,2026-08-24,Rigid Plastic Containers & Drums,PAPER & PACKAGING,-0.04,-0.73,1296.46,0.69,0.69,0.4761,1.0,HOLD,0.0,,,,1D_MATURED
LIVE_SHADOW_d518dfa284fb19,2026-08-24,Recycled Plastics & Circular Polymers,PLASTICS & POLYMERS,0.14,-1.0,1318.66,1.14,1.14,1.2996,0.0,HOLD,0.0,,,,1D_MATURED
LIVE_SHADOW_1fc6d83578e26c,2026-08-24,Travel Tech & Revenue Management SaaS,ONLINE TICKETING & TRAVEL,-0.54,1.59,1140.84,-2.13,2.13,4.5369,0.0,SELL,0.0,,,,1D_MATURED
LIVE_SHADOW_48c605d192d721,2026-08-24,Quick Service Restaurants (QSR),HOTELS & HOSPITALITY,0.53,-0.38,1069.88,0.91,0.91,0.8281,0.0,BUY,0.0,,,,1D_MATURED
LIVE_SHADOW_bef70044bc9c9e,2026-08-24,Integrated Grey Cement,BUILDING MATERIALS,0.69,-0.52,1329.11,1.21,1.21,1.4641,0.0,BUY,0.0,,,,1D_MATURED
LIVE_SHADOW_2e8c50576843a3,2026-08-24,IT Supply Chain & Technology Distribution,IT SERVICES,0.4,0.82,1346.9,-0.42,0.42,0.1764,1.0,BUY,1.0,,,,1D_MATURED
LIVE_SHADOW_7196275054503a,2026-08-24,Diamond Studded & Solitaires,JEWELLERY,-0.73,2.86,1089.28,-3.59,3.59,12.8881,0.0,SELL,0.0,,,,1D_MATURED
LIVE_SHADOW_9e97234426eb1f,2026-08-24,Luggage & Travel Gear,CONSUMER DURABLES,0.2,-1.68,1191.63,1.88,1.88,3.5344,0.0,HOLD,0.0,,,,1D_MATURED
LIVE_SHADOW_46fd0f21e60481,2026-08-24,Auto Body & Closure Systems,AUTO ANCILLARIES,-0.81,1.61,1362.57,-2.42,2.42,5.8564,0.0,SELL,0.0,,,,1D_MATURED
LIVE_SHADOW_87169c22ff0a09,2026-08-24,Iron Ore Mining,MINING & MINERALS,-0.48,1.48,1093.94,-1.96,1.96,3.8416,0.0,SELL,0.0,,,,1D_MATURED
LIVE_SHADOW_8cedef9bc67e50,2026-08-24,Auto Glass & Safety Systems,AUTO ANCILLARIES,1.73,-1.07,1291.09,2.8,2.8,7.84,0.0,BUY,0.0,,,,1D_MATURED
LIVE_SHADOW_baceb844c95e95,2026-08-24,Last Mile & Quick Commerce Logistics,LOGISTICS & SUPPLY CHAIN,0.19,1.31,1386.9,-1.12,1.12,1.2544,1.0,HOLD,0.0,,,,1D_MATURED
LIVE_SHADOW_0ceb52f1e7ba1c,2026-08-24,Power Transformers & Electrical Equipment,EMS & ELECTRONICS,0.15,0.5,1185.92,-0.35,0.35,0.1225,1.0,HOLD,1.0,,,,1D_MATURED
LIVE_SHADOW_34f313cd773343,2026-08-24,Industrial Distribution & Logistics,LOGISTICS & SUPPLY CHAIN,0.7,-0.17,1421.54,0.87,0.87,0.7569,0.0,BUY,0.0,,,,1D_MATURED
LIVE_SHADOW_07a2954e072ddf,2026-08-24,Excipients & Pharma Binders,PHARMACEUTICALS,1.19,-0.89,1385.57,2.08,2.08,4.3264,0.0,BUY,0.0,,,,1D_MATURED
LIVE_SHADOW_b8acf610c97235,2026-08-24,Breweries & Beer,BEVERAGES & DISTILLERIES,-0.18,-0.76,1254.43,0.58,0.58,0.3364,1.0,HOLD,0.0,,,,1D_MATURED
LIVE_SHADOW_2e07f63b300379,2026-08-24,Semiconductor Assembly & Packaging (OSAT),EMS & ELECTRONICS,0.69,2.56,1326.06,-1.87,1.87,3.4969,1.0,BUY,1.0,,,,1D_MATURED
LIVE_SHADOW_c0fcda9d889dee,2026-08-24,Optical Fibre Cables & Telecom Infra,TELECOM,0.4,0.1,1063.03,0.3,0.3,0.09,1.0,BUY,1.0,,,,1D_MATURED
LIVE_SHADOW_d366e162089664,2026-08-24,Auto Braking & Suspension,AUTO ANCILLARIES,0.23,1.04,1266.06,-0.81,0.81,0.6561,1.0,BUY,1.0,,,,1D_MATURED
LIVE_SHADOW_492d5300a9fbee,2026-08-24,Food Delivery & Quick Commerce,E-COMMERCE & QUICK COMMERCE,0.15,-0.85,1380.17,1.0,1.0,1.0,0.0,HOLD,0.0,,,,1D_MATURED
LIVE_SHADOW_f759b4e76bd686,2026-08-24,Fuel Retailing (OMC),OIL & GAS,0.76,-0.84,1053.04,1.6,1.6,2.56,0.0,BUY,0.0,,,,1D_MATURED
LIVE_SHADOW_24140dcdbd2378,2026-08-24,B2B Travel Distribution Platform,ONLINE TICKETING & TRAVEL,0.47,1.4,1464.27,-0.93,0.93,0.8649,1.0,BUY,1.0,,,,1D_MATURED
LIVE_SHADOW_98cbd6d50c76fd,2026-08-24,Mining Equipment & Mill Liners,MINING & MINERALS,0.1,-1.52,1192.63,1.62,1.62,2.6244,0.0,HOLD,0.0,,,,1D_MATURED
LIVE_SHADOW_acde05f8d3047b,2026-08-24,Auto Emission & Exhaust Systems,AUTO ANCILLARIES,0.08,-0.4,1371.48,0.48,0.48,0.2304,0.0,HOLD,1.0,,,,1D_MATURED
LIVE_SHADOW_74f3c330d45ade,2026-08-24,Industrial Rubber & Specialty Materials,TYRES & RUBBER,0.74,0.14,1218.68,0.6,0.6,0.36,1.0,BUY,1.0,,,,1D_MATURED
LIVE_SHADOW_acf5e01fef68d3,2026-08-24,Power Transmission Line EPC,CONSTRUCTION & INFRASTRUCTURE,0.02,0.23,1124.63,-0.21,0.21,0.0441,1.0,HOLD,1.0,,,,1D_MATURED
LIVE_SHADOW_ed59f2b5f48471,2026-08-24,Integrated Supply Chain & 3PL,LOGISTICS & SUPPLY CHAIN,-0.12,-0.11,1050.8,-0.01,0.01,0.0001,1.0,HOLD,1.0,,,,1D_MATURED
LIVE_SHADOW_4d6770c3a12e71,2026-08-24,Film Theatres & Broadcast Media,SERVICES & MEDIA,0.2,-0.02,1477.63,0.22,0.22,0.0484,0.0,HOLD,1.0,,,,1D_MATURED
LIVE_SHADOW_0cfb26f2c5e5dd,2026-08-24,Professional & Vocational Training,EDUCATION & EDTECH,-0.23,0.93,1035.58,-1.16,1.16,1.3456,0.0,HOLD,0.0,,,,1D_MATURED
LIVE_SHADOW_e6e8fc2aefef89,2026-08-24,Contract Research & Biologicals,PHARMACEUTICALS,0.16,0.98,1113.81,-0.82,0.82,0.6724,1.0,HOLD,0.0,,,,1D_MATURED
LIVE_SHADOW_a7daa41a8272dd,2026-08-24,Fighter Aircraft & Aerospace Systems,DEFENCE & AEROSPACE,0.2,-1.08,1319.58,1.28,1.28,1.6384,0.0,HOLD,0.0,,,,1D_MATURED
LIVE_SHADOW_15c8ecfd52f511,2026-08-24,Seafood & Aquafeed,FOOD PROCESSING,0.25,-0.24,1098.39,0.49,0.49,0.2401,0.0,HOLD,1.0,,,,1D_MATURED
LIVE_SHADOW_c656f20c5ebec9,2026-08-24,Specialty Stainless & Alloy Steel,STEEL,0.75,1.53,1073.14,-0.78,0.78,0.6084,1.0,BUY,1.0,,,,1D_MATURED
LIVE_SHADOW_1a92ee75b61e36,2026-08-25,Industrial Minerals,MINING & MINERALS,-0.36,,,,,,,SELL,,,,,PENDING
LIVE_SHADOW_a8d13f9540a709,2026-08-25,Stockbroking & Wealth Management,CAPITAL MARKETS,-0.15,,,,,,,HOLD,,,,,PENDING
LIVE_SHADOW_f5cf1674fc0f9f,2026-08-25,Diagnostic & Pathology Labs,HEALTHCARE SERVICES,-1.03,,,,,,,SELL,,,,,PENDING
LIVE_SHADOW_fbe4e086d0e259,2026-08-25,Mid-Tier IT & Digital Solutions,IT SERVICES,-0.1,,,,,,,HOLD,,,,,PENDING
LIVE_SHADOW_35fbda476c4f1d,2026-08-25,Industrial Abrasives & Ceramics,CAPITAL GOODS & MACHINERY,-0.59,,,,,,,SELL,,,,,PENDING
LIVE_SHADOW_97169b82561894,2026-08-25,Diversified Consumer & MSME NBFC,FINANCE & NBFC,0.22,,,,,,,HOLD,,,,,PENDING
LIVE_SHADOW_e15d5e1f334742,2026-08-25,Precision Auto Engine Components,AUTO ANCILLARIES,0.51,,,,,,,BUY,,,,,PENDING
LIVE_SHADOW_7e29a895870d9c,2026-08-25,Housing Finance (HFC),FINANCE & NBFC,-0.06,,,,,,,HOLD,,,,,PENDING
LIVE_SHADOW_5589edaf862307,2026-08-25,Precision Metal Fabrication,METALS & FABRICATION,-0.17,,,,,,,HOLD,,,,,PENDING
LIVE_SHADOW_1988bdc0de28db,2026-08-25,Oil & Gas Exploration (E&P),OIL & GAS,0.39,,,,,,,BUY,,,,,PENDING
LIVE_SHADOW_302285191b0bc8,2026-08-25,Steel Pipes & Tubes,STEEL,0.06,,,,,,,HOLD,,,,,PENDING
LIVE_SHADOW_ef1d62112973b8,2026-08-25,Finished Formulations,PHARMACEUTICALS,-0.27,,,,,,,HOLD,,,,,PENDING
LIVE_SHADOW_67ec586040a60d,2026-08-25,Garments & Apparel Exports,TEXTILES,-0.03,,,,,,,HOLD,,,,,PENDING
LIVE_SHADOW_d0c86edaee6d1a,2026-08-25,Pumps & Compressors,CAPITAL GOODS & MACHINERY,-0.28,,,,,,,HOLD,,,,,PENDING
LIVE_SHADOW_b0af0ae3ee38a8,2026-08-25,Specialty Chemicals,CHEMICALS,-0.16,,,,,,,HOLD,,,,,PENDING
LIVE_SHADOW_979670c6464424,2026-08-25,Personal Care & Soaps,FMCG & PERSONAL CARE,-0.88,,,,,,,SELL,,,,,PENDING
LIVE_SHADOW_a71c0c7a519e05,2026-08-25,Staffing & Security Services,PROFESSIONAL & CONSUMER SERVICES,0.18,,,,,,,HOLD,,,,,PENDING
LIVE_SHADOW_7b2d3bc922fc43,2026-08-25,Cotton Spinning & Yarns,TEXTILES,-0.17,,,,,,,HOLD,,,,,PENDING
LIVE_SHADOW_ff60e0bbab9b98,2026-08-25,Hospitals & Healthcare Chains,HEALTHCARE SERVICES,0.76,,,,,,,BUY,,,,,PENDING
LIVE_SHADOW_06d98309ac177c,2026-08-25,Refining & Petrochemicals,OIL & GAS,-0.43,,,,,,,SELL,,,,,PENDING
LIVE_SHADOW_b16d4ee842908e,2026-08-25,Heavy Switchgear & Automation,ELECTRICAL EQUIPMENT,-0.52,,,,,,,SELL,,,,,PENDING
LIVE_SHADOW_cc9e151e89e1f8,2026-08-25,Missiles & Military Explosives,DEFENCE & AEROSPACE,0.22,,,,,,,HOLD,,,,,PENDING
LIVE_SHADOW_0a069588b40086,2026-08-25,Conventional Thermal & Fossil Power,POWER,-0.47,,,,,,,SELL,,,,,PENDING
LIVE_SHADOW_e38a50ec8dc1e3,2026-08-25,Roads & Highways EPC,CONSTRUCTION & INFRASTRUCTURE,0.73,,,,,,,BUY,,,,,PENDING
LIVE_SHADOW_82a61b94288683,2026-08-25,Specialty Retail Boutiques,RETAIL,0.37,,,,,,,BUY,,,,,PENDING
LIVE_SHADOW_206e0b6e6d1097,2026-08-25,Civil & Commercial Construction,CONSTRUCTION & INFRASTRUCTURE,0.77,,,,,,,BUY,,,,,PENDING
LIVE_SHADOW_29e6b945f5745e,2026-08-25,Enterprise Software & SaaS,IT SERVICES,0.53,,,,,,,BUY,,,,,PENDING
LIVE_SHADOW_45b6ae5cf46cc1,2026-08-25,Residential Real Estate,REAL ESTATE,0.81,,,,,,,BUY,,,,,PENDING
LIVE_SHADOW_b245ce0998303d,2026-08-25,Mutual Fund Asset Managers (AMC),CAPITAL MARKETS,0.38,,,,,,,BUY,,,,,PENDING
LIVE_SHADOW_eac560a2ba9932,2026-08-25,Marine Offshore Vessels & Tugs,SHIPBUILDING & PORTS,0.17,,,,,,,HOLD,,,,,PENDING
LIVE_SHADOW_f4d0c41d2faa68,2026-08-25,Integrated Grey Cement,CEMENT,0.39,,,,,,,BUY,,,,,PENDING
LIVE_SHADOW_3534a3b817d80c,2026-08-25,Heavy Process Equipment & Machinery,CAPITAL GOODS & MACHINERY,0.44,,,,,,,BUY,,,,,PENDING
LIVE_SHADOW_f50e8e431420c2,2026-08-25,Auto Castings & Heavy Forgings,AUTO ANCILLARIES,-0.86,,,,,,,SELL,,,,,PENDING
LIVE_SHADOW_69df616827606e,2026-08-25,Industrial & Basic Chemicals,CHEMICALS,0.54,,,,,,,BUY,,,,,PENDING
LIVE_SHADOW_cfa669b3c172d3,2026-08-25,Regional Cement & RMC,CEMENT,0.1,,,,,,,HOLD,,,,,PENDING
LIVE_SHADOW_ae949b306e9f44,2026-08-25,Solar PV & Green Hydrogen,RENEWABLE ENERGY,1.07,,,,,,,BUY,,,,,PENDING
LIVE_SHADOW_b815b10cb709f1,2026-08-25,Commodity & Wholesale Trading,COMMERCIAL TRADING,-0.83,,,,,,,SELL,,,,,PENDING
LIVE_SHADOW_6c83e1b7dda434,2026-08-25,Green Energy Generation (IPP),RENEWABLE ENERGY,0.2,,,,,,,HOLD,,,,,PENDING
LIVE_SHADOW_a41550acac7cec,2026-08-25,Commercial Ports & Terminals,SHIPBUILDING & PORTS,0.18,,,,,,,HOLD,,,,,PENDING
LIVE_SHADOW_ee317ef5dc2202,2026-08-25,Print Media & Publishing,MEDIA & ENTERTAINMENT,-0.44,,,,,,,SELL,,,,,PENDING
LIVE_SHADOW_0dbc6ac75076fe,2026-08-25,Building Materials,BUILDING MATERIALS,-0.13,,,,,,,HOLD,,,,,PENDING
LIVE_SHADOW_9eaa9a29d68a26,2026-08-25,Packaged Foods & Snacks,FOOD PROCESSING,0.03,,,,,,,HOLD,,,,,PENDING
LIVE_SHADOW_ee21c28af570f2,2026-08-25,Plywood & Laminates,BUILDING MATERIALS,-0.18,,,,,,,HOLD,,,,,PENDING
LIVE_SHADOW_ce6966c2f095a2,2026-08-25,Crop Protection Formulations,AGRICULTURE & AGROCHEMICALS,-0.66,,,,,,,SELL,,,,,PENDING
LIVE_SHADOW_d082c759f49683,2026-08-25,Luxury Hotels & Resorts,HOTELS & HOSPITALITY,0.7,,,,,,,BUY,,,,,PENDING
LIVE_SHADOW_4a3a8409959d82,2026-08-25,Specialty Enzymes & Biologicals,PHARMACEUTICALS,-0.28,,,,,,,HOLD,,,,,PENDING
LIVE_SHADOW_5cf951fd23485f,2026-08-25,3PL Logistics & Fleet Haulage,LOGISTICS & SUPPLY CHAIN,-0.65,,,,,,,SELL,,,,,PENDING
LIVE_SHADOW_ae83ec8fdae035,2026-08-25,Oil & LPG Tank Terminals,OIL & GAS,-0.6,,,,,,,SELL,,,,,PENDING
LIVE_SHADOW_95b18499bbe9c4,2026-08-25,Fast Moving Electrical Goods (FMEG),CONSUMER ELECTRICALS,-0.06,,,,,,,HOLD,,,,,PENDING
LIVE_SHADOW_5f49533dbe9640,2026-08-25,Aerospace Parts & Precision Engineering,EMS & ELECTRONICS,0.98,,,,,,,BUY,,,,,PENDING
LIVE_SHADOW_5010bda3657cef,2026-08-25,Aerospace & Fighter Aircraft,DEFENCE & AEROSPACE,0.03,,,,,,,HOLD,,,,,PENDING
LIVE_SHADOW_612c6e5c62e231,2026-08-25,Basmati Rice & Exports,RICE,0.36,,,,,,,BUY,,,,,PENDING
LIVE_SHADOW_f797d0810d1717,2026-08-25,Architectural Glass & Windows,BUILDING MATERIALS,0.46,,,,,,,BUY,,,,,PENDING
LIVE_SHADOW_18250ada1c6e86,2026-08-25,AdTech & Marketing Analytics,IT SERVICES,0.52,,,,,,,BUY,,,,,PENDING
LIVE_SHADOW_869b4f0c36ffd0,2026-08-25,Corporate & Wholesale Finance,FINANCE & NBFC,0.02,,,,,,,HOLD,,,,,PENDING
LIVE_SHADOW_99e5e4eb10bcc8,2026-08-25,Lubricants & Specialty Oils,OIL & GAS,0.6,,,,,,,BUY,,,,,PENDING
LIVE_SHADOW_9b45a7b3093a1a,2026-08-25,Moulded Plastics & Packaging,PAPER & PACKAGING,0.07,,,,,,,HOLD,,,,,PENDING
LIVE_SHADOW_eb36821cf0f988,2026-08-25,Crop Protection Agrochemicals,AGRICULTURE & AGROCHEMICALS,-0.34,,,,,,,SELL,,,,,PENDING
LIVE_SHADOW_cde2d7167c19eb,2026-08-25,Fertilizers & Soil Nutrients,FERTILIZERS,0.03,,,,,,,HOLD,,,,,PENDING
LIVE_SHADOW_9b69b0f1b1265b,2026-08-25,Printed Circuit Boards (PCBA) & Components,EMS & ELECTRONICS,-1.45,,,,,,,SELL,,,,,PENDING
LIVE_SHADOW_0ee350291d2ce3,2026-08-25,Business Process Management (BPM),PROFESSIONAL & CONSUMER SERVICES,-0.61,,,,,,,SELL,,,,,PENDING
LIVE_SHADOW_1547e635e13609,2026-08-25,Biopharma & Biosimilars,PHARMACEUTICALS,0.04,,,,,,,HOLD,,,,,PENDING
LIVE_SHADOW_c670c0e2cdf5df,2026-08-25,Power & Distribution Transformers,ELECTRICAL EQUIPMENT,0.06,,,,,,,HOLD,,,,,PENDING
LIVE_SHADOW_d66b7f2fbf1aa2,2026-08-25,API & Bulk Drugs,PHARMACEUTICALS,0.09,,,,,,,HOLD,,,,,PENDING
LIVE_SHADOW_c909c741db466d,2026-08-25,Seafood & Marine Exports,FOOD PROCESSING,0.1,,,,,,,HOLD,,,,,PENDING
LIVE_SHADOW_d53709c19e718d,2026-08-25,Footwear Retail Chains,FOOTWEAR,-0.1,,,,,,,HOLD,,,,,PENDING
LIVE_SHADOW_ef4c6f6ad71bc0,2026-08-25,Pigments & Dyes,CHEMICALS,0.23,,,,,,,BUY,,,,,PENDING
LIVE_SHADOW_846fdec13c1a99,2026-08-25,Optical Fiber & Telecom Gear,TELECOM,0.33,,,,,,,BUY,,,,,PENDING
LIVE_SHADOW_f29e109acde1de,2026-08-25,Registrar & Transfer Agents (RTA),CAPITAL MARKETS,0.3,,,,,,,HOLD,,,,,PENDING
LIVE_SHADOW_cd4131c78af418,2026-08-25,IMFL Spirits & Distilleries,BEVERAGES & DISTILLERIES,0.48,,,,,,,BUY,,,,,PENDING
LIVE_SHADOW_2eeef2f6f049e5,2026-08-25,Engineered Polymers & Compounding,PLASTICS & POLYMERS,0.67,,,,,,,BUY,,,,,PENDING
LIVE_SHADOW_e3af55e2169da7,2026-08-25,Oilfield Services & Drilling,OIL & GAS,-0.36,,,,,,,SELL,,,,,PENDING
LIVE_SHADOW_674f7806cf2ae0,2026-08-25,Fluorochemicals,CHEMICALS,0.1,,,,,,,HOLD,,,,,PENDING
LIVE_SHADOW_45bade05c36008,2026-08-25,Domestic & Consumer Appliances EMS,EMS & ELECTRONICS,-0.23,,,,,,,HOLD,,,,,PENDING
LIVE_SHADOW_516f6658ed01ac,2026-08-25,Ayurvedic & Herbal Care,FMCG & PERSONAL CARE,-0.26,,,,,,,HOLD,,,,,PENDING
LIVE_SHADOW_d11a14d5e65aa9,2026-08-25,Residential Townships & Commercial REITs,REAL ESTATE,1.43,,,,,,,BUY,,,,,PENDING
LIVE_SHADOW_089197b013e161,2026-08-25,Paperboard & Packaging Cartons,PAPER & PACKAGING,0.55,,,,,,,BUY,,,,,PENDING
LIVE_SHADOW_7a3a126a144f9a,2026-08-25,Sugar Refining & Bio-Ethanol,SUGAR & BIO-ETHANOL,0.07,,,,,,,HOLD,,,,,PENDING
LIVE_SHADOW_a6b4c5aee5fa6f,2026-08-25,Tea Plantations & Packaging,TEA & COFFEE,0.1,,,,,,,HOLD,,,,,PENDING
LIVE_SHADOW_18a722e33d32d0,2026-08-25,Dairy Products,FOOD PROCESSING,-0.98,,,,,,,SELL,,,,,PENDING
LIVE_SHADOW_bb5b64d54e618e,2026-08-25,Secondary Steel & TMT Rebars,STEEL,0.63,,,,,,,BUY,,,,,PENDING
LIVE_SHADOW_3e50f924bdd2f6,2026-08-25,Coal Mining,MINING & MINERALS,-0.85,,,,,,,SELL,,,,,PENDING
LIVE_SHADOW_a20c08854c5f4f,2026-08-25,Medical Clinics & Equipment,HEALTHCARE SERVICES,1.34,,,,,,,BUY,,,,,PENDING
LIVE_SHADOW_20dc907459202d,2026-08-25,Wires & Cables,CONSUMER ELECTRICALS,0.05,,,,,,,HOLD,,,,,PENDING
LIVE_SHADOW_3c723de4801ae1,2026-08-25,Industrial Rubber Products,TYRES & RUBBER,-0.29,,,,,,,HOLD,,,,,PENDING
LIVE_SHADOW_5fc6e07a4342a3,2026-08-25,"Industrial Effluent, Desalination & ZLD",WATER TREATMENT,0.94,,,,,,,BUY,,,,,PENDING
LIVE_SHADOW_b6d9631a3dc1b2,2026-08-25,Defence Electronics & Avionics,DEFENCE & AEROSPACE,-0.36,,,,,,,SELL,,,,,PENDING
LIVE_SHADOW_e8957e5b27f8ff,2026-08-25,Tertiary Hospitals & Clinics,HEALTHCARE SERVICES,-0.35,,,,,,,SELL,,,,,PENDING
LIVE_SHADOW_d4b01b9d9ecbfc,2026-08-25,Automotive Radial Tyres,TYRES & RUBBER,-0.11,,,,,,,HOLD,,,,,PENDING
LIVE_SHADOW_fe6e516e19129d,2026-08-25,Material Handling & Cranes,CAPITAL GOODS & MACHINERY,-0.16,,,,,,,HOLD,,,,,PENDING
LIVE_SHADOW_a6dd5ccec7d318,2026-08-25,Primary Aluminium,ALUMINIUM & COPPER,0.22,,,,,,,HOLD,,,,,PENDING
LIVE_SHADOW_3a9d9ea5222466,2026-08-25,Flexible Packaging Films,PAPER & PACKAGING,-0.63,,,,,,,SELL,,,,,PENDING
LIVE_SHADOW_45f2b69c5cd9e8,2026-08-25,Education Academies & Publishing,EDUCATION & EDTECH,-0.71,,,,,,,SELL,,,,,PENDING
LIVE_SHADOW_5eb4539d296c38,2026-08-25,Microfinance (MFI),FINANCE & NBFC,0.29,,,,,,,HOLD,,,,,PENDING
LIVE_SHADOW_c4c47657d1e2f0,2026-08-25,Precision Defence Machining,DEFENCE & AEROSPACE,-0.05,,,,,,,HOLD,,,,,PENDING
LIVE_SHADOW_3247ef051d06ec,2026-08-25,Container Rail & Dry Ports,LOGISTICS & SUPPLY CHAIN,-0.73,,,,,,,SELL,,,,,PENDING
LIVE_SHADOW_ef1aa949bf690d,2026-08-25,Grocery & Departmental Stores,RETAIL,0.85,,,,,,,BUY,,,,,PENDING
LIVE_SHADOW_c4870de33eeb0b,2026-08-25,Commercial Vehicles (Trucks & Buses),AUTOMOBILE,0.31,,,,,,,BUY,,,,,PENDING
LIVE_SHADOW_db36cc5f66db5a,2026-08-25,Decorative Paints,PAINTS & COATINGS,0.84,,,,,,,BUY,,,,,PENDING
LIVE_SHADOW_757cc7bb242a75,2026-08-25,Ceramic Tiles & Sanitaryware,BUILDING MATERIALS,0.35,,,,,,,BUY,,,,,PENDING
LIVE_SHADOW_f69cc130bde34a,2026-08-25,Diamond & Studded Jewellery,JEWELLERY,0.16,,,,,,,HOLD,,,,,PENDING
LIVE_SHADOW_a94e09541a57af,2026-08-25,Plastic & CPVC Pipes,BUILDING MATERIALS,0.05,,,,,,,HOLD,,,,,PENDING
LIVE_SHADOW_ed32fe58190250,2026-08-25,Defence Electronics & Radars,DEFENCE & AEROSPACE,-0.58,,,,,,,SELL,,,,,PENDING
LIVE_SHADOW_9d321b70f17f93,2026-08-25,Two & Three Wheelers,AUTOMOBILE,-0.59,,,,,,,SELL,,,,,PENDING
LIVE_SHADOW_0530d0082c2f56,2026-08-25,Small Finance & Payment Banks,BANKING,0.36,,,,,,,BUY,,,,,PENDING
LIVE_SHADOW_618adcbc8a5b9d,2026-08-25,PropTech & Real Estate Technology,REAL ESTATE,-1.75,,,,,,,SELL,,,,,PENDING
LIVE_SHADOW_ed4ecf3e1b0bf4,2026-08-25,Gold Jewellery & Retail,JEWELLERY,0.16,,,,,,,HOLD,,,,,PENDING
LIVE_SHADOW_94813e66a536ec,2026-08-25,Precision Machine Tools & Fasteners,CAPITAL GOODS & MACHINERY,-0.29,,,,,,,SELL,,,,,PENDING
LIVE_SHADOW_b70ef7749148c3,2026-08-25,Auto Transmission & Driveline,AUTO ANCILLARIES,-0.33,,,,,,,SELL,,,,,PENDING
LIVE_SHADOW_ffac78dfacc2f1,2026-08-25,Commercial & Industrial Electronics EMS,EMS & ELECTRONICS,0.21,,,,,,,HOLD,,,,,PENDING
LIVE_SHADOW_13328e0e4e0fa5,2026-08-25,Engineering R&D (ER&D),IT SERVICES,1.34,,,,,,,BUY,,,,,PENDING
LIVE_SHADOW_0ba03b51f7b346,2026-08-25,Co-Working & Managed Office Spaces,REAL ESTATE,0.0,,,,,,,HOLD,,,,,PENDING
LIVE_SHADOW_950ea11ba855cb,2026-08-25,Private Sector Banks,BANKING,0.36,,,,,,,BUY,,,,,PENDING
LIVE_SHADOW_7712f705dd1ffa,2026-08-25,Television Broadcasting & OTT,MEDIA & ENTERTAINMENT,-0.64,,,,,,,SELL,,,,,PENDING
LIVE_SHADOW_c0d9056e4ad689,2026-08-25,Music Labels & VFX Studios,MEDIA & ENTERTAINMENT,0.26,,,,,,,HOLD,,,,,PENDING
LIVE_SHADOW_b1500a45127c27,2026-08-25,Hair Oils & Personal Care,FMCG & PERSONAL CARE,0.28,,,,,,,HOLD,,,,,PENDING
LIVE_SHADOW_d27fffddbf940c,2026-08-25,Off-Highway Tyres,TYRES & RUBBER,0.98,,,,,,,BUY,,,,,PENDING
LIVE_SHADOW_8ba9a539ee4c7b,2026-08-25,Silver & Fashion Gemstones,JEWELLERY,0.68,,,,,,,BUY,,,,,PENDING
LIVE_SHADOW_0e48c66fec70d9,2026-08-25,Auto Air Conditioning & Thermal Systems,AUTO ANCILLARIES,0.43,,,,,,,BUY,,,,,PENDING
LIVE_SHADOW_ee598015c67544,2026-08-25,Public Sector Banks (PSU),BANKING,0.94,,,,,,,BUY,,,,,PENDING
LIVE_SHADOW_35863001f124df,2026-08-25,Tea & Coffee Plantations,TEA & COFFEE,-0.29,,,,,,,SELL,,,,,PENDING
LIVE_SHADOW_6d62291bdcfc0f,2026-08-25,Fashion Apparel Retail,RETAIL,-0.83,,,,,,,SELL,,,,,PENDING
LIVE_SHADOW_dc915f9f9bc392,2026-08-25,"Rolling Stock, Wagons & Vande Bharat Trainsets",RAILWAYS,1.05,,,,,,,BUY,,,,,PENDING
LIVE_SHADOW_6dcc89fcf3c8f7,2026-08-25,Copper Mining & Smelting,ALUMINIUM & COPPER,-0.76,,,,,,,SELL,,,,,PENDING
LIVE_SHADOW_d3381d60002a29,2026-08-25,Auto Climate & Thermal Systems,AUTO ANCILLARIES,-0.37,,,,,,,SELL,,,,,PENDING
LIVE_SHADOW_ad082833b41f06,2026-08-25,Telecom Cellular Operators,TELECOM,1.49,,,,,,,BUY,,,,,PENDING
LIVE_SHADOW_5c6929516a1db3,2026-08-25,Electric Vehicles (EV),AUTOMOBILE,0.78,,,,,,,BUY,,,,,PENDING
LIVE_SHADOW_e2a7169b17cdc8,2026-08-25,Precision Bearings & Motion Controls,AUTO ANCILLARIES,-0.96,,,,,,,SELL,,,,,PENDING
LIVE_SHADOW_09bbb123abb871,2026-08-25,Fleet Tech & Logistics SaaS,IT SERVICES,0.53,,,,,,,BUY,,,,,PENDING
LIVE_SHADOW_8d2ecc5da35814,2026-08-25,Express Parcel & Courier,LOGISTICS & SUPPLY CHAIN,0.61,,,,,,,BUY,,,,,PENDING
LIVE_SHADOW_bb58ef027dd299,2026-08-25,Design & Facility Architecture,PROFESSIONAL & CONSUMER SERVICES,0.32,,,,,,,BUY,,,,,PENDING
LIVE_SHADOW_f8fb32f3de1f40,2026-08-25,Air Conditioners & Commercial HVAC,CONSUMER DURABLES,-0.1,,,,,,,HOLD,,,,,PENDING
LIVE_SHADOW_b9b7166930bf43,2026-08-25,Synthetic Fiber & Polyester Weaving,TEXTILES,-0.54,,,,,,,SELL,,,,,PENDING
LIVE_SHADOW_e7a24a0de91576,2026-08-25,Kitchen Appliances & Cookware,CONSUMER DURABLES,0.95,,,,,,,BUY,,,,,PENDING
LIVE_SHADOW_cd0e8c86032d94,2026-08-25,Home Appliances (White Goods),CONSUMER DURABLES,0.56,,,,,,,BUY,,,,,PENDING
LIVE_SHADOW_e86b9c03dd81b7,2026-08-25,Precision Powertrain Engine Components,AUTO ANCILLARIES,-0.03,,,,,,,HOLD,,,,,PENDING
LIVE_SHADOW_5d9424ba4c9560,2026-08-25,Sports & Athleisure Footwear,FOOTWEAR,0.42,,,,,,,BUY,,,,,PENDING
LIVE_SHADOW_a60d43dd8a1f2d,2026-08-25,Stock & Commodity Derivatives Exchanges,CAPITAL MARKETS,0.28,,,,,,,HOLD,,,,,PENDING
LIVE_SHADOW_0e8c656681af07,2026-08-25,Hybrid Seeds & Agri Inputs,AGRICULTURE & AGROCHEMICALS,0.03,,,,,,,HOLD,,,,,PENDING
LIVE_SHADOW_6b2dde53009699,2026-08-25,Worsted Fabric & Suiting,TEXTILES,-0.2,,,,,,,HOLD,,,,,PENDING
LIVE_SHADOW_025a30ab4915cf,2026-08-25,Mutual Fund Registrar & Transfer Agent,CAPITAL MARKETS,0.32,,,,,,,BUY,,,,,PENDING
LIVE_SHADOW_fcf1f96833fbf1,2026-08-25,Life Insurance,INSURANCE,-0.34,,,,,,,SELL,,,,,PENDING
LIVE_SHADOW_fdf86e82eb86f5,2026-08-25,Credit Ratings & Risk Analytics,CAPITAL MARKETS,-0.11,,,,,,,HOLD,,,,,PENDING
LIVE_SHADOW_ebbbdb5ac6520d,2026-08-25,Payment Gateway & FinTech SaaS,IT SERVICES,-0.36,,,,,,,SELL,,,,,PENDING
LIVE_SHADOW_b22dce35b58765,2026-08-25,Depository & Clearing Services,CAPITAL MARKETS,-0.28,,,,,,,HOLD,,,,,PENDING
LIVE_SHADOW_2d210bf3bd3e47,2026-08-25,Kitchen Homeware & Cookware,CONSUMER DURABLES,0.25,,,,,,,HOLD,,,,,PENDING
LIVE_SHADOW_96d4310f5e3490,2026-08-25,Power Distribution & Integrated Utilities,POWER,-0.35,,,,,,,SELL,,,,,PENDING
LIVE_SHADOW_4d6a312c52cb64,2026-08-25,Renewable Energy & Solar,RENEWABLE ENERGY,0.34,,,,,,,BUY,,,,,PENDING
LIVE_SHADOW_fa2e486b5b347c,2026-08-25,Wealth Broking & Advisory,CAPITAL MARKETS,1.1,,,,,,,BUY,,,,,PENDING
LIVE_SHADOW_7f6b01aecf6996,2026-08-25,Vehicle Finance,FINANCE & NBFC,-0.79,,,,,,,SELL,,,,,PENDING
LIVE_SHADOW_d3d1a4751fc630,2026-08-25,Film Multiplex Theatres,MEDIA & ENTERTAINMENT,0.04,,,,,,,HOLD,,,,,PENDING
LIVE_SHADOW_478adcab2a6c92,2026-08-25,Basmati Rice Milling & Global Exports,RICE,1.11,,,,,,,BUY,,,,,PENDING
LIVE_SHADOW_9c0a8181545456,2026-08-25,Mining Consultancy & Geological Services,MINING & MINERALS,0.77,,,,,,,BUY,,,,,PENDING
LIVE_SHADOW_991276978f3420,2026-08-25,Aluminium Recycling & Secondary Metals,METALS & FABRICATION,1.1,,,,,,,BUY,,,,,PENDING
LIVE_SHADOW_8d61ba261c62eb,2026-08-25,IT Distribution & Enterprise Infra,IT SERVICES,-0.37,,,,,,,SELL,,,,,PENDING
LIVE_SHADOW_c5da536fa4e00b,2026-08-25,Naval Warships & Submarines,DEFENCE & AEROSPACE,-0.2,,,,,,,HOLD,,,,,PENDING
LIVE_SHADOW_3e31ed2abb2c56,2026-08-25,Heavy Process Plant Equipment,CAPITAL GOODS & MACHINERY,0.52,,,,,,,BUY,,,,,PENDING
LIVE_SHADOW_82138a705848b7,2026-08-25,Oral Hygiene,FMCG & PERSONAL CARE,0.6,,,,,,,BUY,,,,,PENDING
LIVE_SHADOW_5f84050825a058,2026-08-25,Freight Forwarding & Multi-Modal Cargo,LOGISTICS & SUPPLY CHAIN,-0.7,,,,,,,SELL,,,,,PENDING
LIVE_SHADOW_54420751002114,2026-08-25,Cruise Ships & Water Tourism,HOTELS & HOSPITALITY,0.34,,,,,,,BUY,,,,,PENDING
LIVE_SHADOW_0ee350291d2ce3,2026-08-25,Business Process Management (BPM),SERVICES & MEDIA,-0.35,,,,,,,SELL,,,,,PENDING
LIVE_SHADOW_4d8820fef3f4af,2026-08-25,Television Content & OTT Production,MEDIA & ENTERTAINMENT,-0.25,,,,,,,SELL,,,,,PENDING
LIVE_SHADOW_72cb2a96e2dcc3,2026-08-25,Overseas Education Consulting,EDUCATION & EDTECH,0.13,,,,,,,HOLD,,,,,PENDING
LIVE_SHADOW_a58b51bb8c95e8,2026-08-25,Railway Signalling & Technology Systems,RAILWAYS,0.85,,,,,,,BUY,,,,,PENDING
LIVE_SHADOW_161dd51342eb18,2026-08-25,Diesel Engines & Gensets,CAPITAL GOODS & MACHINERY,-0.41,,,,,,,SELL,,,,,PENDING
LIVE_SHADOW_1db553af7c9e2d,2026-08-25,Medical Devices & Consumables,HEALTHCARE SERVICES,0.17,,,,,,,HOLD,,,,,PENDING
LIVE_SHADOW_a2e65c60426657,2026-08-25,Gold Mining & Precious Metals Exploration,MINING & MINERALS,0.22,,,,,,,HOLD,,,,,PENDING
LIVE_SHADOW_90c49eb3e07726,2026-08-25,Forex & Currency Exchange,CAPITAL MARKETS,-0.02,,,,,,,HOLD,,,,,PENDING
LIVE_SHADOW_1017678112e278,2026-08-25,"Gaming, Casinos & Entertainment",HOTELS & HOSPITALITY,-0.49,,,,,,,SELL,,,,,PENDING
LIVE_SHADOW_0f9c99ef7a292b,2026-08-25,Cable & Broadband Distribution,MEDIA & ENTERTAINMENT,0.39,,,,,,,BUY,,,,,PENDING
LIVE_SHADOW_1d72120f9691bc,2026-08-25,Specialty Electrochemical Chemicals,CHEMICALS,-0.64,,,,,,,SELL,,,,,PENDING
LIVE_SHADOW_a2a906583ca544,2026-08-25,General & Health Insurance,INSURANCE,0.6,,,,,,,BUY,,,,,PENDING
LIVE_SHADOW_04fb6c027beb6b,2026-08-25,Railway Signaling & Track EPC,RAILWAYS,0.37,,,,,,,BUY,,,,,PENDING
LIVE_SHADOW_896255da04feab,2026-08-25,Foundry Equipment & Shot Blasting,CAPITAL GOODS & MACHINERY,0.01,,,,,,,HOLD,,,,,PENDING
LIVE_SHADOW_81d408d0f4fbbd,2026-08-25,Bridal Gold Jewellery & Retail Showrooms,JEWELLERY,0.45,,,,,,,BUY,,,,,PENDING
LIVE_SHADOW_d4272228cd809b,2026-08-25,Domestic Consumer Appliance EMS (AC/TV/Washing Machines),EMS & ELECTRONICS,-0.2,,,,,,,HOLD,,,,,PENDING
LIVE_SHADOW_711c3ac0350da3,2026-08-25,PCB Assembly & Fabrication,EMS & ELECTRONICS,0.9,,,,,,,BUY,,,,,PENDING
LIVE_SHADOW_b4c722f5e3bc04,2026-08-25,Networking Hardware & Infra,IT SERVICES,0.19,,,,,,,HOLD,,,,,PENDING
LIVE_SHADOW_fb9cc1f50f1c6a,2026-08-25,Liquid Milk & Value-Added Dairy,DAIRY & MILK PRODUCTS,-0.11,,,,,,,HOLD,,,,,PENDING
LIVE_SHADOW_85e4a3cd9faa43,2026-08-25,Innerwear & Athleisure,TEXTILES,-0.75,,,,,,,SELL,,,,,PENDING
LIVE_SHADOW_84a98da595e51b,2026-08-25,Polyester Woven Fabrics & Suiting,TEXTILES,-0.27,,,,,,,SELL,,,,,PENDING
LIVE_SHADOW_a690f7a173bc34,2026-08-25,State Distribution Companies (DISCOMs),POWER,0.41,,,,,,,BUY,,,,,PENDING
LIVE_SHADOW_79c5e39101e3a0,2026-08-25,Airport Lounge & Transit Tech,ONLINE TICKETING & TRAVEL,-0.33,,,,,,,SELL,,,,,PENDING
LIVE_SHADOW_d7c89b4d845fc7,2026-08-25,Staffing & Workforce Security,SERVICES & MEDIA,-0.02,,,,,,,HOLD,,,,,PENDING
LIVE_SHADOW_b18005c1f05d03,2026-08-25,Cloud GPUs & Supercomputing Infrastructure,DATA CENTERS & CLOUD,-0.73,,,,,,,SELL,,,,,PENDING
LIVE_SHADOW_9281875586e5f7,2026-08-25,Online Travel Agency (OTA) & Flight Booking,ONLINE TICKETING & TRAVEL,0.51,,,,,,,BUY,,,,,PENDING
LIVE_SHADOW_0ee350291d2ce3,2026-08-25,Business Process Management (BPM),IT SERVICES,-0.09,,,,,,,HOLD,,,,,PENDING
LIVE_SHADOW_8ecddf44a66040,2026-08-25,Recycled Polyester & Eco-Yarns,TEXTILES,-0.12,,,,,,,HOLD,,,,,PENDING
LIVE_SHADOW_8c2808b1edf289,2026-08-25,E-Waste Recycling & Sustainability,SERVICES & MEDIA,-0.38,,,,,,,SELL,,,,,PENDING
LIVE_SHADOW_a1389b97167213,2026-08-25,Heavy Infrastructure EPC,CONSTRUCTION & INFRASTRUCTURE,0.82,,,,,,,BUY,,,,,PENDING
LIVE_SHADOW_8960ba50f8b6a0,2026-08-25,Passenger Vehicles (Cars & SUVs),AUTOMOBILE,1.52,,,,,,,BUY,,,,,PENDING
LIVE_SHADOW_ac9a7394d75b0b,2026-08-25,Tobacco Products,FMCG & PERSONAL CARE,-0.07,,,,,,,HOLD,,,,,PENDING
LIVE_SHADOW_ffb760213721b8,2026-08-25,Advertising & Digital Marketing,SERVICES & MEDIA,-0.12,,,,,,,HOLD,,,,,PENDING
LIVE_SHADOW_ae8c932baef2b4,2026-08-25,Pre-Engineered Steel Buildings,BUILDING MATERIALS,0.0,,,,,,,HOLD,,,,,PENDING
LIVE_SHADOW_35382286efcb17,2026-08-25,Wind Turbines & Wind Energy,RENEWABLE ENERGY,-0.21,,,,,,,HOLD,,,,,PENDING
LIVE_SHADOW_fd29d978d7383e,2026-08-25,AI Servers & Supercomputing Hardware,DATA CENTERS & CLOUD,0.1,,,,,,,HOLD,,,,,PENDING
LIVE_SHADOW_2e36073cfe2f34,2026-08-25,Tractors & Farm Machinery,AUTOMOBILE,0.06,,,,,,,HOLD,,,,,PENDING
LIVE_SHADOW_14d05be55401b4,2026-08-25,EV Charging Infrastructure,EMS & ELECTRONICS,-0.01,,,,,,,HOLD,,,,,PENDING
LIVE_SHADOW_f59dcd4b0dd00a,2026-08-25,Auto Batteries & Storage,AUTO ANCILLARIES,0.05,,,,,,,HOLD,,,,,PENDING
LIVE_SHADOW_9948813355cdf6,2026-08-25,Home Textiles,TEXTILES,1.15,,,,,,,BUY,,,,,PENDING
LIVE_SHADOW_dcf4e7158028ee,2026-08-25,Water Infrastructure EPC & Supply,WATER TREATMENT,-1.36,,,,,,,SELL,,,,,PENDING
LIVE_SHADOW_6a76e008746b9d,2026-08-25,Auto Lighting & Electricals,AUTO ANCILLARIES,0.73,,,,,,,BUY,,,,,PENDING
LIVE_SHADOW_bf75be00f12d17,2026-08-25,Stationery & Writing Instruments,PAPER & PACKAGING,-0.18,,,,,,,HOLD,,,,,PENDING
LIVE_SHADOW_2c766d8642011d,2026-08-25,Passenger Airlines,AVIATION,-0.31,,,,,,,SELL,,,,,PENDING
LIVE_SHADOW_ae28d60444c634,2026-08-25,LED Lighting & Fixtures,ELECTRICAL EQUIPMENT,0.58,,,,,,,BUY,,,,,PENDING
LIVE_SHADOW_054fe0e9fec224,2026-08-25,"AI Solutions, Analytics & Cloud Data",DATA CENTERS & CLOUD,-0.2,,,,,,,HOLD,,,,,PENDING
LIVE_SHADOW_72a5b8bd1e5cde,2026-08-25,Gas Transmission Pipelines,OIL & GAS,1.16,,,,,,,BUY,,,,,PENDING
LIVE_SHADOW_c191e001935021,2026-08-25,Edible Oils & Vanaspati,EDIBLE OILS,0.1,,,,,,,HOLD,,,,,PENDING
LIVE_SHADOW_35dc69d28bcb2d,2026-08-25,Liquid Storage Terminals & Logistics,LOGISTICS & SUPPLY CHAIN,0.89,,,,,,,BUY,,,,,PENDING
LIVE_SHADOW_960d1a36cec47c,2026-08-25,Geospatial AI & Digital Mapping,IT SERVICES,-0.34,,,,,,,SELL,,,,,PENDING
LIVE_SHADOW_ca19885d33b552,2026-08-25,Tobacco Products & Cigarettes,BEVERAGES & DISTILLERIES,-0.1,,,,,,,HOLD,,,,,PENDING
LIVE_SHADOW_512dd6261ba058,2026-08-25,Automotive Radials & Off-Highway Tyres,TYRES & RUBBER,0.53,,,,,,,BUY,,,,,PENDING
LIVE_SHADOW_69dbab319d0953,2026-08-25,Film Theatres & Broadcast Media,MEDIA & ENTERTAINMENT,0.9,,,,,,,BUY,,,,,PENDING
LIVE_SHADOW_b7d7690ccec644,2026-08-25,Metals & Fabrication,METALS & FABRICATION,-0.08,,,,,,,HOLD,,,,,PENDING
LIVE_SHADOW_e835c2a0dd2ffd,2026-08-25,Zinc & Non-Ferrous Alloys,METALS & FABRICATION,0.85,,,,,,,BUY,,,,,PENDING
LIVE_SHADOW_4f7a3fb37d4389,2026-08-25,Optical Fiber & Telecom Infrastructure,TELECOM,0.66,,,,,,,BUY,,,,,PENDING
LIVE_SHADOW_2f8f0da047bf26,2026-08-25,CDMO & Sterile Injectables,PHARMACEUTICALS,1.21,,,,,,,BUY,,,,,PENDING
LIVE_SHADOW_51d80b6a617a07,2026-08-25,Consumer Internet & Super Apps,PROFESSIONAL & CONSUMER SERVICES,0.38,,,,,,,BUY,,,,,PENDING
LIVE_SHADOW_db6246efa0e45b,2026-08-25,Architectural Hardware & Fittings,BUILDING MATERIALS,-0.06,,,,,,,HOLD,,,,,PENDING
LIVE_SHADOW_e835c2a0dd2ffd,2026-08-25,Zinc & Non-Ferrous Alloys,ALUMINIUM & COPPER,-1.16,,,,,,,SELL,,,,,PENDING
LIVE_SHADOW_42ee91920bd964,2026-08-25,Thermal & Renewable Power Generation,POWER,0.17,,,,,,,HOLD,,,,,PENDING
LIVE_SHADOW_a6ae912e3991cf,2026-08-25,Industrial Compressors & Pumps,CAPITAL GOODS & MACHINERY,-0.1,,,,,,,HOLD,,,,,PENDING
LIVE_SHADOW_0b7b585311e363,2026-08-25,Electricity & Power Exchanges,CAPITAL MARKETS,0.65,,,,,,,BUY,,,,,PENDING
LIVE_SHADOW_4310fb64d45a34,2026-08-25,Ferro Alloys & Secondary Metals,METALS & FABRICATION,0.25,,,,,,,HOLD,,,,,PENDING
LIVE_SHADOW_1cb46c28fb646d,2026-08-25,Healthcare & Life Sciences Tech,IT SERVICES,-0.01,,,,,,,HOLD,,,,,PENDING
LIVE_SHADOW_f74140349a468d,2026-08-25,Tier-1 IT Services,IT SERVICES,0.41,,,,,,,BUY,,,,,PENDING
LIVE_SHADOW_e17390fbbedd34,2026-08-25,Financial Software & SaaS,IT SERVICES,0.09,,,,,,,HOLD,,,,,PENDING
LIVE_SHADOW_683e31ffd14497,2026-08-25,Railway Ticketing & Catering,ONLINE TICKETING & TRAVEL,-0.34,,,,,,,SELL,,,,,PENDING
LIVE_SHADOW_ad115da0091e02,2026-08-25,Railway Lease Financing,RAILWAYS,-0.87,,,,,,,SELL,,,,,PENDING
LIVE_SHADOW_c8dab87a65a01d,2026-08-25,Industrial Parks & Special Economic Zones,REAL ESTATE,1.15,,,,,,,BUY,,,,,PENDING
LIVE_SHADOW_48ee9d3ee01658,2026-08-25,Higher Education & Online Learning,EDUCATION & EDTECH,0.12,,,,,,,HOLD,,,,,PENDING
LIVE_SHADOW_405456842cd8d9,2026-08-25,Stampings & Pressed Metal Auto Parts,AUTO ANCILLARIES,0.32,,,,,,,BUY,,,,,PENDING
LIVE_SHADOW_3e836abbca4762,2026-08-25,Micro-Irrigation & Agri-Plastics,AGRICULTURE & AGROCHEMICALS,0.38,,,,,,,BUY,,,,,PENDING
LIVE_SHADOW_758dbb9319f7a0,2026-08-25,Stainless Steel & Special Alloys,STEEL,-0.46,,,,,,,SELL,,,,,PENDING
LIVE_SHADOW_dd1d74678968b3,2026-08-25,Consumer Internet Platforms & Apps,SERVICES & MEDIA,-0.81,,,,,,,SELL,,,,,PENDING
LIVE_SHADOW_d2c9729b75fa4f,2026-08-25,Plastics Processing Machinery,CAPITAL GOODS & MACHINERY,0.36,,,,,,,BUY,,,,,PENDING
LIVE_SHADOW_1f115d5bd64bf5,2026-08-25,Industrial & Aerospace EMS,EMS & ELECTRONICS,0.5,,,,,,,BUY,,,,,PENDING
LIVE_SHADOW_12a1d4b4497903,2026-08-25,Power Transmission Grid,POWER,0.48,,,,,,,BUY,,,,,PENDING
LIVE_SHADOW_51df4cdd6704e8,2026-08-25,Iron Ore & Manganese Mining,MINING & MINERALS,-0.31,,,,,,,SELL,,,,,PENDING
LIVE_SHADOW_20acf047768821,2026-08-25,Consumer Lending & BNPL FinTech,FINANCE & NBFC,-0.16,,,,,,,HOLD,,,,,PENDING
LIVE_SHADOW_c191e001935021,2026-08-25,Edible Oils & Vanaspati,FOOD PROCESSING,-1.25,,,,,,,SELL,,,,,PENDING
LIVE_SHADOW_5c194d263c76fd,2026-08-25,Commercial REITs & Malls,REAL ESTATE,0.66,,,,,,,BUY,,,,,PENDING
LIVE_SHADOW_d1b6e074819d65,2026-08-25,Data Center Cooling & Liquid Systems,DATA CENTERS & CLOUD,-0.2,,,,,,,HOLD,,,,,PENDING
LIVE_SHADOW_7e891f325eb637,2026-08-25,Eyewear Retail & Optical Products,RETAIL,0.87,,,,,,,BUY,,,,,PENDING
LIVE_SHADOW_520fe51e675cef,2026-08-25,Branded Innerwear,TEXTILES,-0.45,,,,,,,SELL,,,,,PENDING
LIVE_SHADOW_fa6c14ba9bc883,2026-08-25,Coated & Galvanised Steel,STEEL,0.19,,,,,,,HOLD,,,,,PENDING
LIVE_SHADOW_d2863f317eb518,2026-08-25,Gold Finance,FINANCE & NBFC,1.26,,,,,,,BUY,,,,,PENDING
LIVE_SHADOW_ad33dc241376cc,2026-08-25,Complex Fertilizers & Soil Nutrients,CHEMICALS,0.45,,,,,,,BUY,,,,,PENDING
LIVE_SHADOW_5edcdf2a72952e,2026-08-25,Naval Combat Warships & Submarines,DEFENCE & AEROSPACE,0.45,,,,,,,BUY,,,,,PENDING
LIVE_SHADOW_34012f5ebfea5e,2026-08-25,Social Commerce & Marketplace,E-COMMERCE & QUICK COMMERCE,-0.21,,,,,,,HOLD,,,,,PENDING
LIVE_SHADOW_e2a7169b17cdc8,2026-08-25,Precision Bearings & Motion Controls,CAPITAL GOODS & MACHINERY,0.5,,,,,,,BUY,,,,,PENDING
LIVE_SHADOW_e9d3d8163e2fc2,2026-08-25,Baby & Infant Nutrition,DAIRY & MILK PRODUCTS,-0.05,,,,,,,HOLD,,,,,PENDING
LIVE_SHADOW_709beef45ce5f8,2026-08-25,Leather & Industrial Footwear,FOOTWEAR,-0.01,,,,,,,HOLD,,,,,PENDING
LIVE_SHADOW_bab0d7af4e08dd,2026-08-25,State Commodity & Metals Trading,COMMERCIAL TRADING,0.47,,,,,,,BUY,,,,,PENDING
LIVE_SHADOW_9281875586e5f7,2026-08-25,Online Travel Agency (OTA) & Flight Booking,HOTELS & HOSPITALITY,0.44,,,,,,,BUY,,,,,PENDING
LIVE_SHADOW_418822ed7fa9f4,2026-08-25,"Gaming, Esports & Mobile Games",MEDIA & ENTERTAINMENT,0.22,,,,,,,HOLD,,,,,PENDING
LIVE_SHADOW_d11a14d5e65aa9,2026-08-25,Residential Townships & Commercial REITs,SERVICES & MEDIA,-0.12,,,,,,,HOLD,,,,,PENDING
LIVE_SHADOW_4d6a312c52cb64,2026-08-25,Renewable Energy & Solar,POWER,0.52,,,,,,,BUY,,,,,PENDING
LIVE_SHADOW_08cde2cf2bbf7d,2026-08-25,Furniture & Mattresses,CONSUMER DURABLES,-0.33,,,,,,,SELL,,,,,PENDING
LIVE_SHADOW_0dec3226c34331,2026-08-25,Specialty Ingredients & Flavours,FOOD PROCESSING,-1.04,,,,,,,SELL,,,,,PENDING
LIVE_SHADOW_010d1d7ea022d2,2026-08-25,Heavy Infrastructure & Highways EPC,CONSTRUCTION & INFRASTRUCTURE,-0.05,,,,,,,HOLD,,,,,PENDING
LIVE_SHADOW_550a4b720f24f2,2026-08-25,Beauty & Fashion E-Commerce,E-COMMERCE & QUICK COMMERCE,-0.26,,,,,,,HOLD,,,,,PENDING
LIVE_SHADOW_d1ac563635c8b8,2026-08-25,Refining & Marketing (OMC),OIL & GAS,0.02,,,,,,,HOLD,,,,,PENDING
LIVE_SHADOW_8ecbbf51852f3c,2026-08-25,PVC Stabilizers & Additives,CHEMICALS,1.19,,,,,,,BUY,,,,,PENDING
LIVE_SHADOW_7082be87d2c715,2026-08-25,Government Securities & Bond Dealing,CAPITAL MARKETS,0.28,,,,,,,BUY,,,,,PENDING
LIVE_SHADOW_62ebd611441af1,2026-08-25,Consumer Electronics,CONSUMER ELECTRONICS,0.27,,,,,,,HOLD,,,,,PENDING
LIVE_SHADOW_cb8f6eb3657f36,2026-08-25,Rigid Plastic Containers & Drums,PAPER & PACKAGING,0.08,,,,,,,HOLD,,,,,PENDING
LIVE_SHADOW_54f915475fa410,2026-08-25,Recycled Plastics & Circular Polymers,PLASTICS & POLYMERS,-0.05,,,,,,,HOLD,,,,,PENDING
LIVE_SHADOW_2fc20835db22d9,2026-08-25,Travel Tech & Revenue Management SaaS,ONLINE TICKETING & TRAVEL,-0.06,,,,,,,HOLD,,,,,PENDING
LIVE_SHADOW_727de9e234e168,2026-08-25,Quick Service Restaurants (QSR),HOTELS & HOSPITALITY,-0.43,,,,,,,SELL,,,,,PENDING
LIVE_SHADOW_f4d0c41d2faa68,2026-08-25,Integrated Grey Cement,BUILDING MATERIALS,0.03,,,,,,,HOLD,,,,,PENDING
LIVE_SHADOW_5ed741255754f0,2026-08-25,IT Supply Chain & Technology Distribution,IT SERVICES,0.63,,,,,,,BUY,,,,,PENDING
LIVE_SHADOW_378919e8382b83,2026-08-25,Diamond Studded & Solitaires,JEWELLERY,0.13,,,,,,,HOLD,,,,,PENDING
LIVE_SHADOW_55abe729cc17a6,2026-08-25,Luggage & Travel Gear,CONSUMER DURABLES,-0.26,,,,,,,HOLD,,,,,PENDING
LIVE_SHADOW_db9b792c3ba4a1,2026-08-25,Auto Body & Closure Systems,AUTO ANCILLARIES,0.43,,,,,,,BUY,,,,,PENDING
LIVE_SHADOW_fba6f65569e4e2,2026-08-25,Iron Ore Mining,MINING & MINERALS,0.05,,,,,,,HOLD,,,,,PENDING
LIVE_SHADOW_e4c1621f7bf0ee,2026-08-25,Auto Glass & Safety Systems,AUTO ANCILLARIES,-0.06,,,,,,,HOLD,,,,,PENDING
LIVE_SHADOW_23d027d8e3bfc2,2026-08-25,Last Mile & Quick Commerce Logistics,LOGISTICS & SUPPLY CHAIN,-0.43,,,,,,,SELL,,,,,PENDING
LIVE_SHADOW_7c7c3907b4f9cf,2026-08-25,Power Transformers & Electrical Equipment,EMS & ELECTRONICS,0.88,,,,,,,BUY,,,,,PENDING
LIVE_SHADOW_ac5dd8f9a8831f,2026-08-25,Industrial Distribution & Logistics,LOGISTICS & SUPPLY CHAIN,0.26,,,,,,,BUY,,,,,PENDING
LIVE_SHADOW_4ed359be082afd,2026-08-25,Excipients & Pharma Binders,PHARMACEUTICALS,0.0,,,,,,,HOLD,,,,,PENDING
LIVE_SHADOW_dca97c21d10854,2026-08-25,Breweries & Beer,BEVERAGES & DISTILLERIES,-0.88,,,,,,,SELL,,,,,PENDING
LIVE_SHADOW_b412288d705fa8,2026-08-25,Semiconductor Assembly & Packaging (OSAT),EMS & ELECTRONICS,1.34,,,,,,,BUY,,,,,PENDING
LIVE_SHADOW_19cadb35f4159a,2026-08-25,Optical Fibre Cables & Telecom Infra,TELECOM,0.0,,,,,,,HOLD,,,,,PENDING
LIVE_SHADOW_e08d90ca887749,2026-08-25,Auto Braking & Suspension,AUTO ANCILLARIES,0.11,,,,,,,HOLD,,,,,PENDING
LIVE_SHADOW_763eac8a8845fc,2026-08-25,Food Delivery & Quick Commerce,E-COMMERCE & QUICK COMMERCE,-0.21,,,,,,,HOLD,,,,,PENDING
LIVE_SHADOW_b7ed6e7c41983d,2026-08-25,Fuel Retailing (OMC),OIL & GAS,-0.41,,,,,,,SELL,,,,,PENDING
LIVE_SHADOW_fd2eb8aedcdb59,2026-08-25,B2B Travel Distribution Platform,ONLINE TICKETING & TRAVEL,-0.08,,,,,,,HOLD,,,,,PENDING
LIVE_SHADOW_ca5e5287388fff,2026-08-25,Mining Equipment & Mill Liners,MINING & MINERALS,0.4,,,,,,,BUY,,,,,PENDING
LIVE_SHADOW_58c9216823876c,2026-08-25,Auto Emission & Exhaust Systems,AUTO ANCILLARIES,0.03,,,,,,,HOLD,,,,,PENDING
LIVE_SHADOW_089b1542a43d17,2026-08-25,Industrial Rubber & Specialty Materials,TYRES & RUBBER,0.07,,,,,,,HOLD,,,,,PENDING
LIVE_SHADOW_dfb833739cab61,2026-08-25,Power Transmission Line EPC,CONSTRUCTION & INFRASTRUCTURE,0.8,,,,,,,BUY,,,,,PENDING
LIVE_SHADOW_5ae87ad8b38cc9,2026-08-25,Integrated Supply Chain & 3PL,LOGISTICS & SUPPLY CHAIN,0.2,,,,,,,HOLD,,,,,PENDING
LIVE_SHADOW_69dbab319d0953,2026-08-25,Film Theatres & Broadcast Media,SERVICES & MEDIA,0.76,,,,,,,BUY,,,,,PENDING
LIVE_SHADOW_de6c6251abff2a,2026-08-25,Professional & Vocational Training,EDUCATION & EDTECH,-0.05,,,,,,,HOLD,,,,,PENDING
LIVE_SHADOW_5432f31f118e47,2026-08-25,Contract Research & Biologicals,PHARMACEUTICALS,-0.46,,,,,,,SELL,,,,,PENDING
LIVE_SHADOW_742d4a153773af,2026-08-25,Fighter Aircraft & Aerospace Systems,DEFENCE & AEROSPACE,-0.2,,,,,,,HOLD,,,,,PENDING
LIVE_SHADOW_0d303adaebbb50,2026-08-25,Seafood & Aquafeed,FOOD PROCESSING,-0.09,,,,,,,HOLD,,,,,PENDING
LIVE_SHADOW_0089f4747e0500,2026-08-25,Specialty Stainless & Alloy Steel,STEEL,0.28,,,,,,,BUY,,,,,PENDING
LIVE_SHADOW_4fb932c01e7fea,2026-08-26,Industrial Minerals,MINING & MINERALS,-0.3,,,,,,,SELL,,,,,PENDING
LIVE_SHADOW_9d1226e891ee06,2026-08-26,Stockbroking & Wealth Management,CAPITAL MARKETS,0.23,,,,,,,HOLD,,,,,PENDING
LIVE_SHADOW_2ec6aa4ecd0a74,2026-08-26,Diagnostic & Pathology Labs,HEALTHCARE SERVICES,0.36,,,,,,,BUY,,,,,PENDING
LIVE_SHADOW_8edcdbb0b7590e,2026-08-26,Mid-Tier IT & Digital Solutions,IT SERVICES,0.49,,,,,,,BUY,,,,,PENDING
LIVE_SHADOW_a0b23e2a8f9fff,2026-08-26,Industrial Abrasives & Ceramics,CAPITAL GOODS & MACHINERY,0.35,,,,,,,BUY,,,,,PENDING
LIVE_SHADOW_092efd799464b6,2026-08-26,Diversified Consumer & MSME NBFC,FINANCE & NBFC,-0.09,,,,,,,HOLD,,,,,PENDING
LIVE_SHADOW_90bd78a3f22a53,2026-08-26,Precision Auto Engine Components,AUTO ANCILLARIES,0.14,,,,,,,HOLD,,,,,PENDING
LIVE_SHADOW_d169a0ea556d4d,2026-08-26,Housing Finance (HFC),FINANCE & NBFC,0.45,,,,,,,BUY,,,,,PENDING
LIVE_SHADOW_c29445d369ffeb,2026-08-26,Precision Metal Fabrication,METALS & FABRICATION,0.9,,,,,,,BUY,,,,,PENDING
LIVE_SHADOW_98b7076b40ffb1,2026-08-26,Oil & Gas Exploration (E&P),OIL & GAS,-1.16,,,,,,,SELL,,,,,PENDING
LIVE_SHADOW_cdff60e3259d15,2026-08-26,Steel Pipes & Tubes,STEEL,-0.31,,,,,,,SELL,,,,,PENDING
LIVE_SHADOW_fa72ef6f35e9ac,2026-08-26,Finished Formulations,PHARMACEUTICALS,0.35,,,,,,,BUY,,,,,PENDING
LIVE_SHADOW_60da7b44a87cbc,2026-08-26,Garments & Apparel Exports,TEXTILES,0.21,,,,,,,HOLD,,,,,PENDING
LIVE_SHADOW_c5cddef4c07beb,2026-08-26,Pumps & Compressors,CAPITAL GOODS & MACHINERY,-0.18,,,,,,,HOLD,,,,,PENDING
LIVE_SHADOW_5e81fa1bf0cefc,2026-08-26,Specialty Chemicals,CHEMICALS,-0.13,,,,,,,HOLD,,,,,PENDING
LIVE_SHADOW_5f308cc2724068,2026-08-26,Personal Care & Soaps,FMCG & PERSONAL CARE,0.86,,,,,,,BUY,,,,,PENDING
LIVE_SHADOW_554cb5b5aa0ab8,2026-08-26,Staffing & Security Services,PROFESSIONAL & CONSUMER SERVICES,0.06,,,,,,,HOLD,,,,,PENDING
LIVE_SHADOW_9b87490ef4aaa2,2026-08-26,Cotton Spinning & Yarns,TEXTILES,-0.42,,,,,,,SELL,,,,,PENDING
LIVE_SHADOW_fdb19779599db8,2026-08-26,Hospitals & Healthcare Chains,HEALTHCARE SERVICES,0.1,,,,,,,HOLD,,,,,PENDING
LIVE_SHADOW_f377cb81d6e65f,2026-08-26,Refining & Petrochemicals,OIL & GAS,0.41,,,,,,,BUY,,,,,PENDING
LIVE_SHADOW_d034abb630c697,2026-08-26,Heavy Switchgear & Automation,ELECTRICAL EQUIPMENT,-0.77,,,,,,,SELL,,,,,PENDING
LIVE_SHADOW_29d2ffd519ee9f,2026-08-26,Missiles & Military Explosives,DEFENCE & AEROSPACE,0.15,,,,,,,HOLD,,,,,PENDING
LIVE_SHADOW_456bfc9b9aa36b,2026-08-26,Conventional Thermal & Fossil Power,POWER,0.19,,,,,,,HOLD,,,,,PENDING
LIVE_SHADOW_97edd30d9f3c45,2026-08-26,Roads & Highways EPC,CONSTRUCTION & INFRASTRUCTURE,0.49,,,,,,,BUY,,,,,PENDING
LIVE_SHADOW_fe7c4fe32d8f7d,2026-08-26,Specialty Retail Boutiques,RETAIL,-0.08,,,,,,,HOLD,,,,,PENDING
LIVE_SHADOW_12d3a5c854dacc,2026-08-26,Civil & Commercial Construction,CONSTRUCTION & INFRASTRUCTURE,0.17,,,,,,,HOLD,,,,,PENDING
LIVE_SHADOW_3d31a118a6b2af,2026-08-26,Enterprise Software & SaaS,IT SERVICES,-0.0,,,,,,,HOLD,,,,,PENDING
LIVE_SHADOW_7d196eb1aaace2,2026-08-26,Residential Real Estate,REAL ESTATE,0.0,,,,,,,HOLD,,,,,PENDING
LIVE_SHADOW_2255607a331aae,2026-08-26,Mutual Fund Asset Managers (AMC),CAPITAL MARKETS,0.02,,,,,,,HOLD,,,,,PENDING
LIVE_SHADOW_0675e60a9491fe,2026-08-26,Marine Offshore Vessels & Tugs,SHIPBUILDING & PORTS,0.34,,,,,,,BUY,,,,,PENDING
LIVE_SHADOW_ff09dec19f30c0,2026-08-26,Integrated Grey Cement,CEMENT,-0.09,,,,,,,HOLD,,,,,PENDING
LIVE_SHADOW_0e4977c75b6e85,2026-08-26,Heavy Process Equipment & Machinery,CAPITAL GOODS & MACHINERY,-0.26,,,,,,,HOLD,,,,,PENDING
LIVE_SHADOW_bcb4a89ae9a339,2026-08-26,Auto Castings & Heavy Forgings,AUTO ANCILLARIES,0.0,,,,,,,HOLD,,,,,PENDING
LIVE_SHADOW_8426719efdba4c,2026-08-26,Industrial & Basic Chemicals,CHEMICALS,-0.11,,,,,,,HOLD,,,,,PENDING
LIVE_SHADOW_da6a689b395ce5,2026-08-26,Regional Cement & RMC,CEMENT,-0.6,,,,,,,SELL,,,,,PENDING
LIVE_SHADOW_d6ae92bd5dc969,2026-08-26,Solar PV & Green Hydrogen,RENEWABLE ENERGY,0.64,,,,,,,BUY,,,,,PENDING
LIVE_SHADOW_58b5f95a47daed,2026-08-26,Commodity & Wholesale Trading,COMMERCIAL TRADING,-0.03,,,,,,,HOLD,,,,,PENDING
LIVE_SHADOW_2c2b62a6713c62,2026-08-26,Green Energy Generation (IPP),RENEWABLE ENERGY,-0.22,,,,,,,HOLD,,,,,PENDING
LIVE_SHADOW_94b372683e981d,2026-08-26,Commercial Ports & Terminals,SHIPBUILDING & PORTS,0.4,,,,,,,BUY,,,,,PENDING
LIVE_SHADOW_db4248cc3c2fd7,2026-08-26,Print Media & Publishing,MEDIA & ENTERTAINMENT,0.4,,,,,,,BUY,,,,,PENDING
LIVE_SHADOW_059ef2c7fc9e45,2026-08-26,Building Materials,BUILDING MATERIALS,0.39,,,,,,,BUY,,,,,PENDING
LIVE_SHADOW_7377cf78684651,2026-08-26,Packaged Foods & Snacks,FOOD PROCESSING,1.77,,,,,,,BUY,,,,,PENDING
LIVE_SHADOW_d45fa8144df042,2026-08-26,Plywood & Laminates,BUILDING MATERIALS,-1.08,,,,,,,SELL,,,,,PENDING
LIVE_SHADOW_e556d36730596e,2026-08-26,Crop Protection Formulations,AGRICULTURE & AGROCHEMICALS,0.22,,,,,,,HOLD,,,,,PENDING
LIVE_SHADOW_6fab5107e9100e,2026-08-26,Luxury Hotels & Resorts,HOTELS & HOSPITALITY,0.9,,,,,,,BUY,,,,,PENDING
LIVE_SHADOW_7cc53a31b5b779,2026-08-26,Specialty Enzymes & Biologicals,PHARMACEUTICALS,0.57,,,,,,,BUY,,,,,PENDING
LIVE_SHADOW_d1d93251367dd7,2026-08-26,3PL Logistics & Fleet Haulage,LOGISTICS & SUPPLY CHAIN,-0.46,,,,,,,SELL,,,,,PENDING
LIVE_SHADOW_ba007906448b43,2026-08-26,Oil & LPG Tank Terminals,OIL & GAS,0.17,,,,,,,HOLD,,,,,PENDING
LIVE_SHADOW_a50f0ca72dbae5,2026-08-26,Fast Moving Electrical Goods (FMEG),CONSUMER ELECTRICALS,1.14,,,,,,,BUY,,,,,PENDING
LIVE_SHADOW_a905f377a90e5b,2026-08-26,Aerospace Parts & Precision Engineering,EMS & ELECTRONICS,-0.04,,,,,,,HOLD,,,,,PENDING
LIVE_SHADOW_37b56b740dcfdf,2026-08-26,Aerospace & Fighter Aircraft,DEFENCE & AEROSPACE,0.03,,,,,,,HOLD,,,,,PENDING
LIVE_SHADOW_a56ee207bb6f77,2026-08-26,Basmati Rice & Exports,RICE,-0.61,,,,,,,SELL,,,,,PENDING
LIVE_SHADOW_a3c848f5dd2579,2026-08-26,Architectural Glass & Windows,BUILDING MATERIALS,0.28,,,,,,,BUY,,,,,PENDING
LIVE_SHADOW_92165ad45fbea2,2026-08-26,AdTech & Marketing Analytics,IT SERVICES,0.04,,,,,,,HOLD,,,,,PENDING
LIVE_SHADOW_afa4307359b6ec,2026-08-26,Corporate & Wholesale Finance,FINANCE & NBFC,-0.4,,,,,,,SELL,,,,,PENDING
LIVE_SHADOW_49d9ddfddd6e63,2026-08-26,Lubricants & Specialty Oils,OIL & GAS,1.8,,,,,,,BUY,,,,,PENDING
LIVE_SHADOW_506cef4a5f7602,2026-08-26,Moulded Plastics & Packaging,PAPER & PACKAGING,0.25,,,,,,,BUY,,,,,PENDING
LIVE_SHADOW_d8f054f6c98cf6,2026-08-26,Crop Protection Agrochemicals,AGRICULTURE & AGROCHEMICALS,0.24,,,,,,,HOLD,,,,,PENDING
LIVE_SHADOW_3d8f1fb56aa74f,2026-08-26,Fertilizers & Soil Nutrients,FERTILIZERS,0.09,,,,,,,HOLD,,,,,PENDING
LIVE_SHADOW_2500a28626a0d4,2026-08-26,Printed Circuit Boards (PCBA) & Components,EMS & ELECTRONICS,-0.34,,,,,,,SELL,,,,,PENDING
LIVE_SHADOW_6a690c2c48fb8f,2026-08-26,Business Process Management (BPM),PROFESSIONAL & CONSUMER SERVICES,-0.92,,,,,,,SELL,,,,,PENDING
LIVE_SHADOW_48689c43b09af0,2026-08-26,Biopharma & Biosimilars,PHARMACEUTICALS,1.04,,,,,,,BUY,,,,,PENDING
LIVE_SHADOW_5d0b939311db00,2026-08-26,Power & Distribution Transformers,ELECTRICAL EQUIPMENT,0.17,,,,,,,HOLD,,,,,PENDING
LIVE_SHADOW_2a340406cf2f85,2026-08-26,API & Bulk Drugs,PHARMACEUTICALS,-0.31,,,,,,,SELL,,,,,PENDING
LIVE_SHADOW_dd9168f6e88b72,2026-08-26,Seafood & Marine Exports,FOOD PROCESSING,-0.49,,,,,,,SELL,,,,,PENDING
LIVE_SHADOW_becfc766313865,2026-08-26,Footwear Retail Chains,FOOTWEAR,-0.12,,,,,,,HOLD,,,,,PENDING
LIVE_SHADOW_c93ef471aa59b6,2026-08-26,Pigments & Dyes,CHEMICALS,0.06,,,,,,,HOLD,,,,,PENDING
LIVE_SHADOW_97144a192aca65,2026-08-26,Optical Fiber & Telecom Gear,TELECOM,-0.03,,,,,,,HOLD,,,,,PENDING
LIVE_SHADOW_801608144cb516,2026-08-26,Registrar & Transfer Agents (RTA),CAPITAL MARKETS,0.96,,,,,,,BUY,,,,,PENDING
LIVE_SHADOW_64cb0a7d93c411,2026-08-26,IMFL Spirits & Distilleries,BEVERAGES & DISTILLERIES,0.55,,,,,,,BUY,,,,,PENDING
LIVE_SHADOW_debe43eb8f78d2,2026-08-26,Engineered Polymers & Compounding,PLASTICS & POLYMERS,0.3,,,,,,,BUY,,,,,PENDING
LIVE_SHADOW_b5e13c53e294b9,2026-08-26,Oilfield Services & Drilling,OIL & GAS,-0.2,,,,,,,HOLD,,,,,PENDING
LIVE_SHADOW_aaebb8864d2ddd,2026-08-26,Fluorochemicals,CHEMICALS,-0.06,,,,,,,HOLD,,,,,PENDING
LIVE_SHADOW_755cb613a23d34,2026-08-26,Domestic & Consumer Appliances EMS,EMS & ELECTRONICS,-0.12,,,,,,,HOLD,,,,,PENDING
LIVE_SHADOW_ef9767c7943afb,2026-08-26,Ayurvedic & Herbal Care,FMCG & PERSONAL CARE,-0.57,,,,,,,SELL,,,,,PENDING
LIVE_SHADOW_42552a613d00a9,2026-08-26,Residential Townships & Commercial REITs,REAL ESTATE,0.89,,,,,,,BUY,,,,,PENDING
LIVE_SHADOW_06d205ace20ad5,2026-08-26,Paperboard & Packaging Cartons,PAPER & PACKAGING,1.19,,,,,,,BUY,,,,,PENDING
LIVE_SHADOW_3cbcffc9f0ab23,2026-08-26,Sugar Refining & Bio-Ethanol,SUGAR & BIO-ETHANOL,-0.61,,,,,,,SELL,,,,,PENDING
LIVE_SHADOW_07cddc77632206,2026-08-26,Tea Plantations & Packaging,TEA & COFFEE,-0.08,,,,,,,HOLD,,,,,PENDING
LIVE_SHADOW_4a4e01f1402e95,2026-08-26,Dairy Products,FOOD PROCESSING,-0.36,,,,,,,SELL,,,,,PENDING
LIVE_SHADOW_3281e1e94f6828,2026-08-26,Secondary Steel & TMT Rebars,STEEL,-0.97,,,,,,,SELL,,,,,PENDING
LIVE_SHADOW_008e71398ec466,2026-08-26,Coal Mining,MINING & MINERALS,0.5,,,,,,,BUY,,,,,PENDING
LIVE_SHADOW_eacb6d852738cd,2026-08-26,Medical Clinics & Equipment,HEALTHCARE SERVICES,-0.06,,,,,,,HOLD,,,,,PENDING
LIVE_SHADOW_50aa385e7a00ff,2026-08-26,Wires & Cables,CONSUMER ELECTRICALS,-0.1,,,,,,,HOLD,,,,,PENDING
LIVE_SHADOW_6cf0559572ae04,2026-08-26,Industrial Rubber Products,TYRES & RUBBER,0.95,,,,,,,BUY,,,,,PENDING
LIVE_SHADOW_6810392333bc05,2026-08-26,"Industrial Effluent, Desalination & ZLD",WATER TREATMENT,-0.38,,,,,,,SELL,,,,,PENDING
LIVE_SHADOW_6fa304b179b825,2026-08-26,Defence Electronics & Avionics,DEFENCE & AEROSPACE,1.09,,,,,,,BUY,,,,,PENDING
LIVE_SHADOW_cf936b2ef63551,2026-08-26,Tertiary Hospitals & Clinics,HEALTHCARE SERVICES,-0.11,,,,,,,HOLD,,,,,PENDING
LIVE_SHADOW_db06155488c1bb,2026-08-26,Automotive Radial Tyres,TYRES & RUBBER,0.07,,,,,,,HOLD,,,,,PENDING
LIVE_SHADOW_830c26ad6641f3,2026-08-26,Material Handling & Cranes,CAPITAL GOODS & MACHINERY,0.17,,,,,,,HOLD,,,,,PENDING
LIVE_SHADOW_e4d6ae23ebda97,2026-08-26,Primary Aluminium,ALUMINIUM & COPPER,-0.08,,,,,,,HOLD,,,,,PENDING
LIVE_SHADOW_9062f308776f13,2026-08-26,Flexible Packaging Films,PAPER & PACKAGING,-0.15,,,,,,,HOLD,,,,,PENDING
LIVE_SHADOW_74c35d0b168458,2026-08-26,Education Academies & Publishing,EDUCATION & EDTECH,-0.14,,,,,,,HOLD,,,,,PENDING
LIVE_SHADOW_d2a37cc7be1bed,2026-08-26,Microfinance (MFI),FINANCE & NBFC,-0.86,,,,,,,SELL,,,,,PENDING
LIVE_SHADOW_b725ad4618293c,2026-08-26,Precision Defence Machining,DEFENCE & AEROSPACE,0.17,,,,,,,HOLD,,,,,PENDING
LIVE_SHADOW_b745d26b909ef2,2026-08-26,Container Rail & Dry Ports,LOGISTICS & SUPPLY CHAIN,0.23,,,,,,,HOLD,,,,,PENDING
LIVE_SHADOW_93f4781cdc0364,2026-08-26,Grocery & Departmental Stores,RETAIL,-0.27,,,,,,,HOLD,,,,,PENDING
LIVE_SHADOW_65c0427f7c5f4c,2026-08-26,Commercial Vehicles (Trucks & Buses),AUTOMOBILE,-0.47,,,,,,,SELL,,,,,PENDING
LIVE_SHADOW_7f4564dab8ce62,2026-08-26,Decorative Paints,PAINTS & COATINGS,0.55,,,,,,,BUY,,,,,PENDING
LIVE_SHADOW_6be85b1aa06675,2026-08-26,Ceramic Tiles & Sanitaryware,BUILDING MATERIALS,-0.62,,,,,,,SELL,,,,,PENDING
LIVE_SHADOW_3f147df0b6b02c,2026-08-26,Diamond & Studded Jewellery,JEWELLERY,-0.1,,,,,,,HOLD,,,,,PENDING
LIVE_SHADOW_b59f9d83440ce3,2026-08-26,Plastic & CPVC Pipes,BUILDING MATERIALS,0.64,,,,,,,BUY,,,,,PENDING
LIVE_SHADOW_0e4c0fcb1c08a7,2026-08-26,Defence Electronics & Radars,DEFENCE & AEROSPACE,0.39,,,,,,,BUY,,,,,PENDING
LIVE_SHADOW_da6bb06e66a1c1,2026-08-26,Two & Three Wheelers,AUTOMOBILE,-0.28,,,,,,,HOLD,,,,,PENDING
LIVE_SHADOW_5671aef535ed5e,2026-08-26,Small Finance & Payment Banks,BANKING,0.37,,,,,,,BUY,,,,,PENDING
LIVE_SHADOW_087eea4b3aca3b,2026-08-26,PropTech & Real Estate Technology,REAL ESTATE,0.25,,,,,,,HOLD,,,,,PENDING
LIVE_SHADOW_854c24b262d716,2026-08-26,Gold Jewellery & Retail,JEWELLERY,-0.16,,,,,,,HOLD,,,,,PENDING
LIVE_SHADOW_de31cd7ef38705,2026-08-26,Precision Machine Tools & Fasteners,CAPITAL GOODS & MACHINERY,-0.66,,,,,,,SELL,,,,,PENDING
LIVE_SHADOW_97ba7f6af820d5,2026-08-26,Auto Transmission & Driveline,AUTO ANCILLARIES,0.04,,,,,,,HOLD,,,,,PENDING
LIVE_SHADOW_7a66683b4aa10e,2026-08-26,Commercial & Industrial Electronics EMS,EMS & ELECTRONICS,-0.23,,,,,,,SELL,,,,,PENDING
LIVE_SHADOW_da5bd46ea9ec1f,2026-08-26,Engineering R&D (ER&D),IT SERVICES,0.94,,,,,,,BUY,,,,,PENDING
LIVE_SHADOW_82d29f276528dd,2026-08-26,Co-Working & Managed Office Spaces,REAL ESTATE,-0.09,,,,,,,HOLD,,,,,PENDING
LIVE_SHADOW_446edda44ecbb9,2026-08-26,Private Sector Banks,BANKING,0.26,,,,,,,HOLD,,,,,PENDING
LIVE_SHADOW_7ef90dc284a6a4,2026-08-26,Television Broadcasting & OTT,MEDIA & ENTERTAINMENT,1.02,,,,,,,BUY,,,,,PENDING
LIVE_SHADOW_d6065a785295b8,2026-08-26,Music Labels & VFX Studios,MEDIA & ENTERTAINMENT,-0.02,,,,,,,HOLD,,,,,PENDING
LIVE_SHADOW_c33c2941d98b2a,2026-08-26,Hair Oils & Personal Care,FMCG & PERSONAL CARE,-0.05,,,,,,,HOLD,,,,,PENDING
LIVE_SHADOW_2cc1e79dbce424,2026-08-26,Off-Highway Tyres,TYRES & RUBBER,-1.78,,,,,,,SELL,,,,,PENDING
LIVE_SHADOW_7c70272a25f913,2026-08-26,Silver & Fashion Gemstones,JEWELLERY,-0.08,,,,,,,HOLD,,,,,PENDING
LIVE_SHADOW_960ef7962c92f0,2026-08-26,Auto Air Conditioning & Thermal Systems,AUTO ANCILLARIES,0.33,,,,,,,BUY,,,,,PENDING
LIVE_SHADOW_dbfe3ff529d4dd,2026-08-26,Public Sector Banks (PSU),BANKING,-0.26,,,,,,,HOLD,,,,,PENDING
LIVE_SHADOW_df2d5770d7cb5d,2026-08-26,Tea & Coffee Plantations,TEA & COFFEE,0.4,,,,,,,BUY,,,,,PENDING
LIVE_SHADOW_dfec9599ae1cb1,2026-08-26,Fashion Apparel Retail,RETAIL,0.26,,,,,,,BUY,,,,,PENDING
LIVE_SHADOW_84371d08a2c8bc,2026-08-26,"Rolling Stock, Wagons & Vande Bharat Trainsets",RAILWAYS,0.55,,,,,,,BUY,,,,,PENDING
LIVE_SHADOW_f9f76c9781ee87,2026-08-26,Copper Mining & Smelting,ALUMINIUM & COPPER,0.36,,,,,,,BUY,,,,,PENDING
LIVE_SHADOW_b0a9d3d5320853,2026-08-26,Auto Climate & Thermal Systems,AUTO ANCILLARIES,-0.24,,,,,,,SELL,,,,,PENDING
LIVE_SHADOW_deff98cc8e1a44,2026-08-26,Telecom Cellular Operators,TELECOM,-0.48,,,,,,,SELL,,,,,PENDING
LIVE_SHADOW_bc816bad01dc98,2026-08-26,Electric Vehicles (EV),AUTOMOBILE,-0.12,,,,,,,HOLD,,,,,PENDING
LIVE_SHADOW_c25c873df42d74,2026-08-26,Precision Bearings & Motion Controls,AUTO ANCILLARIES,0.46,,,,,,,BUY,,,,,PENDING
LIVE_SHADOW_522d7be4cbc1f1,2026-08-26,Fleet Tech & Logistics SaaS,IT SERVICES,-0.44,,,,,,,SELL,,,,,PENDING
LIVE_SHADOW_1c7d4be91d3e22,2026-08-26,Express Parcel & Courier,LOGISTICS & SUPPLY CHAIN,0.06,,,,,,,HOLD,,,,,PENDING
LIVE_SHADOW_2dd0a9a23082b3,2026-08-26,Design & Facility Architecture,PROFESSIONAL & CONSUMER SERVICES,-0.41,,,,,,,SELL,,,,,PENDING
LIVE_SHADOW_6c71c01df4b655,2026-08-26,Air Conditioners & Commercial HVAC,CONSUMER DURABLES,-0.32,,,,,,,SELL,,,,,PENDING
LIVE_SHADOW_425cbe3566b626,2026-08-26,Synthetic Fiber & Polyester Weaving,TEXTILES,-0.05,,,,,,,HOLD,,,,,PENDING
LIVE_SHADOW_5d348f1a043e06,2026-08-26,Kitchen Appliances & Cookware,CONSUMER DURABLES,-0.01,,,,,,,HOLD,,,,,PENDING
LIVE_SHADOW_a62f99da7f3c06,2026-08-26,Home Appliances (White Goods),CONSUMER DURABLES,0.25,,,,,,,HOLD,,,,,PENDING
LIVE_SHADOW_d204459cbb5343,2026-08-26,Precision Powertrain Engine Components,AUTO ANCILLARIES,0.29,,,,,,,HOLD,,,,,PENDING
LIVE_SHADOW_605a23070b9d90,2026-08-26,Sports & Athleisure Footwear,FOOTWEAR,0.19,,,,,,,HOLD,,,,,PENDING
LIVE_SHADOW_3cf8e12a69582d,2026-08-26,Stock & Commodity Derivatives Exchanges,CAPITAL MARKETS,0.19,,,,,,,HOLD,,,,,PENDING
LIVE_SHADOW_2903bed71b2fe8,2026-08-26,Hybrid Seeds & Agri Inputs,AGRICULTURE & AGROCHEMICALS,-0.54,,,,,,,SELL,,,,,PENDING
LIVE_SHADOW_b7a23979404e6b,2026-08-26,Worsted Fabric & Suiting,TEXTILES,0.94,,,,,,,BUY,,,,,PENDING
LIVE_SHADOW_123cadbe4db388,2026-08-26,Mutual Fund Registrar & Transfer Agent,CAPITAL MARKETS,-0.25,,,,,,,HOLD,,,,,PENDING
LIVE_SHADOW_767eb2c8be48d8,2026-08-26,Life Insurance,INSURANCE,0.03,,,,,,,HOLD,,,,,PENDING
LIVE_SHADOW_b1b04e7462d66b,2026-08-26,Credit Ratings & Risk Analytics,CAPITAL MARKETS,0.17,,,,,,,HOLD,,,,,PENDING
LIVE_SHADOW_59145a30a16da5,2026-08-26,Payment Gateway & FinTech SaaS,IT SERVICES,0.08,,,,,,,HOLD,,,,,PENDING
LIVE_SHADOW_75dce0358c1a04,2026-08-26,Depository & Clearing Services,CAPITAL MARKETS,0.17,,,,,,,HOLD,,,,,PENDING
LIVE_SHADOW_e760764926eb73,2026-08-26,Kitchen Homeware & Cookware,CONSUMER DURABLES,0.39,,,,,,,BUY,,,,,PENDING
LIVE_SHADOW_3e5d3b2b7b7970,2026-08-26,Power Distribution & Integrated Utilities,POWER,-0.44,,,,,,,SELL,,,,,PENDING
LIVE_SHADOW_0ce728193ec521,2026-08-26,Renewable Energy & Solar,RENEWABLE ENERGY,-0.34,,,,,,,SELL,,,,,PENDING
LIVE_SHADOW_10330d8f7da5d1,2026-08-26,Wealth Broking & Advisory,CAPITAL MARKETS,-0.01,,,,,,,HOLD,,,,,PENDING
LIVE_SHADOW_879fc8f137f0c2,2026-08-26,Vehicle Finance,FINANCE & NBFC,1.32,,,,,,,BUY,,,,,PENDING
LIVE_SHADOW_78ecf219ce781c,2026-08-26,Film Multiplex Theatres,MEDIA & ENTERTAINMENT,0.33,,,,,,,BUY,,,,,PENDING
LIVE_SHADOW_900fafd0046958,2026-08-26,Basmati Rice Milling & Global Exports,RICE,-0.44,,,,,,,SELL,,,,,PENDING
LIVE_SHADOW_2c5e74ba8b5bf9,2026-08-26,Mining Consultancy & Geological Services,MINING & MINERALS,0.2,,,,,,,HOLD,,,,,PENDING
LIVE_SHADOW_bc5f2b81d53b7d,2026-08-26,Aluminium Recycling & Secondary Metals,METALS & FABRICATION,-0.1,,,,,,,HOLD,,,,,PENDING
LIVE_SHADOW_61fc3d24d496c9,2026-08-26,IT Distribution & Enterprise Infra,IT SERVICES,-0.21,,,,,,,HOLD,,,,,PENDING
LIVE_SHADOW_b0424daaf31760,2026-08-26,Naval Warships & Submarines,DEFENCE & AEROSPACE,0.09,,,,,,,HOLD,,,,,PENDING
LIVE_SHADOW_c908ad7cd35e13,2026-08-26,Heavy Process Plant Equipment,CAPITAL GOODS & MACHINERY,-0.69,,,,,,,SELL,,,,,PENDING
LIVE_SHADOW_f205505dd7aed9,2026-08-26,Oral Hygiene,FMCG & PERSONAL CARE,-0.13,,,,,,,HOLD,,,,,PENDING
LIVE_SHADOW_c44cb9a9d0d68b,2026-08-26,Freight Forwarding & Multi-Modal Cargo,LOGISTICS & SUPPLY CHAIN,-0.64,,,,,,,SELL,,,,,PENDING
LIVE_SHADOW_78cdcf70b6a82d,2026-08-26,Cruise Ships & Water Tourism,HOTELS & HOSPITALITY,0.3,,,,,,,BUY,,,,,PENDING
LIVE_SHADOW_6a690c2c48fb8f,2026-08-26,Business Process Management (BPM),SERVICES & MEDIA,0.3,,,,,,,BUY,,,,,PENDING
LIVE_SHADOW_93a4f8a4bc2b6d,2026-08-26,Television Content & OTT Production,MEDIA & ENTERTAINMENT,0.58,,,,,,,BUY,,,,,PENDING
LIVE_SHADOW_8653e98a3cb3b7,2026-08-26,Overseas Education Consulting,EDUCATION & EDTECH,1.11,,,,,,,BUY,,,,,PENDING
LIVE_SHADOW_830d7fca54b14d,2026-08-26,Railway Signalling & Technology Systems,RAILWAYS,-0.02,,,,,,,HOLD,,,,,PENDING
LIVE_SHADOW_625463f3f0ba97,2026-08-26,Diesel Engines & Gensets,CAPITAL GOODS & MACHINERY,-0.01,,,,,,,HOLD,,,,,PENDING
LIVE_SHADOW_bd2454d06a56bf,2026-08-26,Medical Devices & Consumables,HEALTHCARE SERVICES,0.15,,,,,,,HOLD,,,,,PENDING
LIVE_SHADOW_4a629c698ffcb5,2026-08-26,Gold Mining & Precious Metals Exploration,MINING & MINERALS,-0.55,,,,,,,SELL,,,,,PENDING
LIVE_SHADOW_6cda741fe274fa,2026-08-26,Forex & Currency Exchange,CAPITAL MARKETS,-1.44,,,,,,,SELL,,,,,PENDING
LIVE_SHADOW_d00d0ea4770dbe,2026-08-26,"Gaming, Casinos & Entertainment",HOTELS & HOSPITALITY,-0.09,,,,,,,HOLD,,,,,PENDING
LIVE_SHADOW_e76633eb7d3bf6,2026-08-26,Cable & Broadband Distribution,MEDIA & ENTERTAINMENT,0.21,,,,,,,HOLD,,,,,PENDING
LIVE_SHADOW_4e707090324093,2026-08-26,Specialty Electrochemical Chemicals,CHEMICALS,0.53,,,,,,,BUY,,,,,PENDING
LIVE_SHADOW_b864b4f3944361,2026-08-26,General & Health Insurance,INSURANCE,0.2,,,,,,,HOLD,,,,,PENDING
LIVE_SHADOW_0f01afb65ee0b0,2026-08-26,Railway Signaling & Track EPC,RAILWAYS,1.05,,,,,,,BUY,,,,,PENDING
LIVE_SHADOW_c2efa3baf06bdc,2026-08-26,Foundry Equipment & Shot Blasting,CAPITAL GOODS & MACHINERY,-0.78,,,,,,,SELL,,,,,PENDING
LIVE_SHADOW_9c54e067a66eb7,2026-08-26,Bridal Gold Jewellery & Retail Showrooms,JEWELLERY,0.23,,,,,,,HOLD,,,,,PENDING
LIVE_SHADOW_2583edf602ce05,2026-08-26,Domestic Consumer Appliance EMS (AC/TV/Washing Machines),EMS & ELECTRONICS,-0.51,,,,,,,SELL,,,,,PENDING
LIVE_SHADOW_407836453b7f72,2026-08-26,PCB Assembly & Fabrication,EMS & ELECTRONICS,-0.96,,,,,,,SELL,,,,,PENDING
LIVE_SHADOW_0eb00875b2b3da,2026-08-26,Networking Hardware & Infra,IT SERVICES,0.05,,,,,,,HOLD,,,,,PENDING
LIVE_SHADOW_618dbbffa0a684,2026-08-26,Liquid Milk & Value-Added Dairy,DAIRY & MILK PRODUCTS,0.22,,,,,,,HOLD,,,,,PENDING
LIVE_SHADOW_14b20adf6dd33b,2026-08-26,Innerwear & Athleisure,TEXTILES,-0.33,,,,,,,SELL,,,,,PENDING
LIVE_SHADOW_fb25bcbeec6bf4,2026-08-26,Polyester Woven Fabrics & Suiting,TEXTILES,-0.12,,,,,,,HOLD,,,,,PENDING
LIVE_SHADOW_fb25906d8d1a77,2026-08-26,State Distribution Companies (DISCOMs),POWER,0.48,,,,,,,BUY,,,,,PENDING
LIVE_SHADOW_b7d8129adc9a72,2026-08-26,Airport Lounge & Transit Tech,ONLINE TICKETING & TRAVEL,0.79,,,,,,,BUY,,,,,PENDING
LIVE_SHADOW_620ae21f8eaf52,2026-08-26,Staffing & Workforce Security,SERVICES & MEDIA,0.61,,,,,,,BUY,,,,,PENDING
LIVE_SHADOW_6c8bd4be16f5ce,2026-08-26,Cloud GPUs & Supercomputing Infrastructure,DATA CENTERS & CLOUD,0.37,,,,,,,BUY,,,,,PENDING
LIVE_SHADOW_a5b7d56fd02f73,2026-08-26,Online Travel Agency (OTA) & Flight Booking,ONLINE TICKETING & TRAVEL,0.23,,,,,,,BUY,,,,,PENDING
LIVE_SHADOW_6a690c2c48fb8f,2026-08-26,Business Process Management (BPM),IT SERVICES,0.7,,,,,,,BUY,,,,,PENDING
LIVE_SHADOW_f08c6f8f553fbc,2026-08-26,Recycled Polyester & Eco-Yarns,TEXTILES,0.44,,,,,,,BUY,,,,,PENDING
LIVE_SHADOW_9ddacc68b296c6,2026-08-26,E-Waste Recycling & Sustainability,SERVICES & MEDIA,0.04,,,,,,,HOLD,,,,,PENDING
LIVE_SHADOW_f46b19bf093930,2026-08-26,Heavy Infrastructure EPC,CONSTRUCTION & INFRASTRUCTURE,-0.31,,,,,,,SELL,,,,,PENDING
LIVE_SHADOW_64fb33a523ab05,2026-08-26,Passenger Vehicles (Cars & SUVs),AUTOMOBILE,0.52,,,,,,,BUY,,,,,PENDING
LIVE_SHADOW_09a8595b4f7532,2026-08-26,Tobacco Products,FMCG & PERSONAL CARE,-0.35,,,,,,,SELL,,,,,PENDING
LIVE_SHADOW_a7cbee8debf345,2026-08-26,Advertising & Digital Marketing,SERVICES & MEDIA,0.45,,,,,,,BUY,,,,,PENDING
LIVE_SHADOW_efc1aacde388d8,2026-08-26,Pre-Engineered Steel Buildings,BUILDING MATERIALS,0.28,,,,,,,HOLD,,,,,PENDING
LIVE_SHADOW_2025189616bcf4,2026-08-26,Wind Turbines & Wind Energy,RENEWABLE ENERGY,-0.39,,,,,,,SELL,,,,,PENDING
LIVE_SHADOW_817a002f57a8cf,2026-08-26,AI Servers & Supercomputing Hardware,DATA CENTERS & CLOUD,0.05,,,,,,,HOLD,,,,,PENDING
LIVE_SHADOW_1f979b7547cc4e,2026-08-26,Tractors & Farm Machinery,AUTOMOBILE,0.09,,,,,,,HOLD,,,,,PENDING
LIVE_SHADOW_2d9e7211b96586,2026-08-26,EV Charging Infrastructure,EMS & ELECTRONICS,-0.71,,,,,,,SELL,,,,,PENDING
LIVE_SHADOW_809ba694b836d0,2026-08-26,Auto Batteries & Storage,AUTO ANCILLARIES,-0.74,,,,,,,SELL,,,,,PENDING
LIVE_SHADOW_a397c51f6b88b1,2026-08-26,Home Textiles,TEXTILES,-0.68,,,,,,,SELL,,,,,PENDING
LIVE_SHADOW_d47c22a2658d03,2026-08-26,Water Infrastructure EPC & Supply,WATER TREATMENT,0.04,,,,,,,HOLD,,,,,PENDING
LIVE_SHADOW_958c7f2e2600e0,2026-08-26,Auto Lighting & Electricals,AUTO ANCILLARIES,-0.06,,,,,,,HOLD,,,,,PENDING
LIVE_SHADOW_1e408b08a87504,2026-08-26,Stationery & Writing Instruments,PAPER & PACKAGING,0.46,,,,,,,BUY,,,,,PENDING
LIVE_SHADOW_27f3d428271a75,2026-08-26,Passenger Airlines,AVIATION,0.26,,,,,,,BUY,,,,,PENDING
LIVE_SHADOW_c60623ba1d219d,2026-08-26,LED Lighting & Fixtures,ELECTRICAL EQUIPMENT,0.03,,,,,,,HOLD,,,,,PENDING
LIVE_SHADOW_04d9e35680cf62,2026-08-26,"AI Solutions, Analytics & Cloud Data",DATA CENTERS & CLOUD,0.29,,,,,,,HOLD,,,,,PENDING
LIVE_SHADOW_c11fa8c6b79a67,2026-08-26,Gas Transmission Pipelines,OIL & GAS,-0.04,,,,,,,HOLD,,,,,PENDING
LIVE_SHADOW_3e83dfea8c2761,2026-08-26,Edible Oils & Vanaspati,EDIBLE OILS,-0.93,,,,,,,SELL,,,,,PENDING
LIVE_SHADOW_30771432784129,2026-08-26,Liquid Storage Terminals & Logistics,LOGISTICS & SUPPLY CHAIN,0.71,,,,,,,BUY,,,,,PENDING
LIVE_SHADOW_5fe32cfbfac21c,2026-08-26,Geospatial AI & Digital Mapping,IT SERVICES,-0.92,,,,,,,SELL,,,,,PENDING
LIVE_SHADOW_08b3747f5e0754,2026-08-26,Tobacco Products & Cigarettes,BEVERAGES & DISTILLERIES,0.27,,,,,,,BUY,,,,,PENDING
LIVE_SHADOW_61c883569fcf08,2026-08-26,Automotive Radials & Off-Highway Tyres,TYRES & RUBBER,0.05,,,,,,,HOLD,,,,,PENDING
LIVE_SHADOW_73b285699ceeeb,2026-08-26,Film Theatres & Broadcast Media,MEDIA & ENTERTAINMENT,0.51,,,,,,,BUY,,,,,PENDING
LIVE_SHADOW_c510d128af42fd,2026-08-26,Metals & Fabrication,METALS & FABRICATION,1.32,,,,,,,BUY,,,,,PENDING
LIVE_SHADOW_4645d7052e156e,2026-08-26,Zinc & Non-Ferrous Alloys,METALS & FABRICATION,0.14,,,,,,,HOLD,,,,,PENDING
LIVE_SHADOW_fe6b7ec282f887,2026-08-26,Optical Fiber & Telecom Infrastructure,TELECOM,-0.11,,,,,,,HOLD,,,,,PENDING
LIVE_SHADOW_f59c26cbd922e9,2026-08-26,CDMO & Sterile Injectables,PHARMACEUTICALS,0.66,,,,,,,BUY,,,,,PENDING
LIVE_SHADOW_4bffbaaf00a15c,2026-08-26,Consumer Internet & Super Apps,PROFESSIONAL & CONSUMER SERVICES,-1.06,,,,,,,SELL,,,,,PENDING
LIVE_SHADOW_e8136e19c761e1,2026-08-26,Architectural Hardware & Fittings,BUILDING MATERIALS,0.3,,,,,,,BUY,,,,,PENDING
LIVE_SHADOW_4645d7052e156e,2026-08-26,Zinc & Non-Ferrous Alloys,ALUMINIUM & COPPER,0.18,,,,,,,HOLD,,,,,PENDING
LIVE_SHADOW_03db15b956b5de,2026-08-26,Thermal & Renewable Power Generation,POWER,0.2,,,,,,,HOLD,,,,,PENDING
LIVE_SHADOW_42f63c32d6b730,2026-08-26,Industrial Compressors & Pumps,CAPITAL GOODS & MACHINERY,0.68,,,,,,,BUY,,,,,PENDING
LIVE_SHADOW_0f62c38848600d,2026-08-26,Electricity & Power Exchanges,CAPITAL MARKETS,0.41,,,,,,,BUY,,,,,PENDING
LIVE_SHADOW_69ffecf3382673,2026-08-26,Ferro Alloys & Secondary Metals,METALS & FABRICATION,0.74,,,,,,,BUY,,,,,PENDING
LIVE_SHADOW_6fa41567ac5534,2026-08-26,Healthcare & Life Sciences Tech,IT SERVICES,0.01,,,,,,,HOLD,,,,,PENDING
LIVE_SHADOW_3c1ab12eca67ed,2026-08-26,Tier-1 IT Services,IT SERVICES,0.0,,,,,,,HOLD,,,,,PENDING
LIVE_SHADOW_081c81b19abf12,2026-08-26,Financial Software & SaaS,IT SERVICES,-0.61,,,,,,,SELL,,,,,PENDING
LIVE_SHADOW_7beb2330951c90,2026-08-26,Railway Ticketing & Catering,ONLINE TICKETING & TRAVEL,0.59,,,,,,,BUY,,,,,PENDING
LIVE_SHADOW_108cd991627f51,2026-08-26,Railway Lease Financing,RAILWAYS,-0.35,,,,,,,SELL,,,,,PENDING
LIVE_SHADOW_0dec162ae5e503,2026-08-26,Industrial Parks & Special Economic Zones,REAL ESTATE,0.0,,,,,,,HOLD,,,,,PENDING
LIVE_SHADOW_d4aec23ddd1883,2026-08-26,Higher Education & Online Learning,EDUCATION & EDTECH,-0.08,,,,,,,HOLD,,,,,PENDING
LIVE_SHADOW_f08bf25c87fee1,2026-08-26,Stampings & Pressed Metal Auto Parts,AUTO ANCILLARIES,-1.01,,,,,,,SELL,,,,,PENDING
LIVE_SHADOW_fa9edbade6960a,2026-08-26,Micro-Irrigation & Agri-Plastics,AGRICULTURE & AGROCHEMICALS,-0.43,,,,,,,SELL,,,,,PENDING
LIVE_SHADOW_5d4fc5f2396ac3,2026-08-26,Stainless Steel & Special Alloys,STEEL,-0.28,,,,,,,HOLD,,,,,PENDING
LIVE_SHADOW_ab1a354b33dab5,2026-08-26,Consumer Internet Platforms & Apps,SERVICES & MEDIA,-0.87,,,,,,,SELL,,,,,PENDING
LIVE_SHADOW_cea1d596785f04,2026-08-26,Plastics Processing Machinery,CAPITAL GOODS & MACHINERY,0.29,,,,,,,BUY,,,,,PENDING
LIVE_SHADOW_991bf45cbf0158,2026-08-26,Industrial & Aerospace EMS,EMS & ELECTRONICS,2.03,,,,,,,BUY,,,,,PENDING
LIVE_SHADOW_d305dfb81b90df,2026-08-26,Power Transmission Grid,POWER,0.7,,,,,,,BUY,,,,,PENDING
LIVE_SHADOW_27c844f3fd4a4e,2026-08-26,Iron Ore & Manganese Mining,MINING & MINERALS,0.39,,,,,,,BUY,,,,,PENDING
LIVE_SHADOW_29998ab06a6ff0,2026-08-26,Consumer Lending & BNPL FinTech,FINANCE & NBFC,0.5,,,,,,,BUY,,,,,PENDING
LIVE_SHADOW_3e83dfea8c2761,2026-08-26,Edible Oils & Vanaspati,FOOD PROCESSING,-0.62,,,,,,,SELL,,,,,PENDING
LIVE_SHADOW_0ca22df20d8a77,2026-08-26,Commercial REITs & Malls,REAL ESTATE,0.67,,,,,,,BUY,,,,,PENDING
LIVE_SHADOW_db5485e8fe2a35,2026-08-26,Data Center Cooling & Liquid Systems,DATA CENTERS & CLOUD,0.5,,,,,,,BUY,,,,,PENDING
LIVE_SHADOW_cb6d3704b9be5e,2026-08-26,Eyewear Retail & Optical Products,RETAIL,-0.26,,,,,,,HOLD,,,,,PENDING
LIVE_SHADOW_33f6d1e558d447,2026-08-26,Branded Innerwear,TEXTILES,0.03,,,,,,,HOLD,,,,,PENDING
LIVE_SHADOW_33fcc97d183fff,2026-08-26,Coated & Galvanised Steel,STEEL,0.36,,,,,,,BUY,,,,,PENDING
LIVE_SHADOW_400606accf9d9c,2026-08-26,Gold Finance,FINANCE & NBFC,0.44,,,,,,,BUY,,,,,PENDING
LIVE_SHADOW_63db62e50c737f,2026-08-26,Complex Fertilizers & Soil Nutrients,CHEMICALS,0.1,,,,,,,HOLD,,,,,PENDING
LIVE_SHADOW_99e63dab58b723,2026-08-26,Naval Combat Warships & Submarines,DEFENCE & AEROSPACE,-0.26,,,,,,,HOLD,,,,,PENDING
LIVE_SHADOW_cc702660b33b14,2026-08-26,Social Commerce & Marketplace,E-COMMERCE & QUICK COMMERCE,-0.1,,,,,,,HOLD,,,,,PENDING
LIVE_SHADOW_c25c873df42d74,2026-08-26,Precision Bearings & Motion Controls,CAPITAL GOODS & MACHINERY,-0.47,,,,,,,SELL,,,,,PENDING
LIVE_SHADOW_0f4a52963da493,2026-08-26,Baby & Infant Nutrition,DAIRY & MILK PRODUCTS,0.58,,,,,,,BUY,,,,,PENDING
LIVE_SHADOW_10eb316b8f0be9,2026-08-26,Leather & Industrial Footwear,FOOTWEAR,-0.79,,,,,,,SELL,,,,,PENDING
LIVE_SHADOW_051981a2909048,2026-08-26,State Commodity & Metals Trading,COMMERCIAL TRADING,-0.33,,,,,,,SELL,,,,,PENDING
LIVE_SHADOW_a5b7d56fd02f73,2026-08-26,Online Travel Agency (OTA) & Flight Booking,HOTELS & HOSPITALITY,-0.78,,,,,,,SELL,,,,,PENDING
LIVE_SHADOW_35eba1c0ef6812,2026-08-26,"Gaming, Esports & Mobile Games",MEDIA & ENTERTAINMENT,-0.47,,,,,,,SELL,,,,,PENDING
LIVE_SHADOW_42552a613d00a9,2026-08-26,Residential Townships & Commercial REITs,SERVICES & MEDIA,-1.0,,,,,,,SELL,,,,,PENDING
LIVE_SHADOW_0ce728193ec521,2026-08-26,Renewable Energy & Solar,POWER,-0.03,,,,,,,HOLD,,,,,PENDING
LIVE_SHADOW_0d8c31416a34c1,2026-08-26,Furniture & Mattresses,CONSUMER DURABLES,0.39,,,,,,,BUY,,,,,PENDING
LIVE_SHADOW_55bb55edaf6ad4,2026-08-26,Specialty Ingredients & Flavours,FOOD PROCESSING,0.4,,,,,,,BUY,,,,,PENDING
LIVE_SHADOW_877804bb8a6977,2026-08-26,Heavy Infrastructure & Highways EPC,CONSTRUCTION & INFRASTRUCTURE,0.24,,,,,,,HOLD,,,,,PENDING
LIVE_SHADOW_d23e2b10d3a978,2026-08-26,Beauty & Fashion E-Commerce,E-COMMERCE & QUICK COMMERCE,-0.98,,,,,,,SELL,,,,,PENDING
LIVE_SHADOW_7536a8518e7582,2026-08-26,Refining & Marketing (OMC),OIL & GAS,-0.2,,,,,,,HOLD,,,,,PENDING
LIVE_SHADOW_871724ac785b5e,2026-08-26,PVC Stabilizers & Additives,CHEMICALS,-0.31,,,,,,,SELL,,,,,PENDING
LIVE_SHADOW_649963f46264d2,2026-08-26,Government Securities & Bond Dealing,CAPITAL MARKETS,-0.51,,,,,,,SELL,,,,,PENDING
LIVE_SHADOW_04c057bb0e515f,2026-08-26,Consumer Electronics,CONSUMER ELECTRONICS,-0.34,,,,,,,SELL,,,,,PENDING
LIVE_SHADOW_55f1860f547c8a,2026-08-26,Rigid Plastic Containers & Drums,PAPER & PACKAGING,-0.56,,,,,,,SELL,,,,,PENDING
LIVE_SHADOW_c0ff0c043ae098,2026-08-26,Recycled Plastics & Circular Polymers,PLASTICS & POLYMERS,0.16,,,,,,,HOLD,,,,,PENDING
LIVE_SHADOW_994fa67e221a3f,2026-08-26,Travel Tech & Revenue Management SaaS,ONLINE TICKETING & TRAVEL,-0.1,,,,,,,HOLD,,,,,PENDING
LIVE_SHADOW_1daffeb22f499e,2026-08-26,Quick Service Restaurants (QSR),HOTELS & HOSPITALITY,0.86,,,,,,,BUY,,,,,PENDING
LIVE_SHADOW_ff09dec19f30c0,2026-08-26,Integrated Grey Cement,BUILDING MATERIALS,-0.65,,,,,,,SELL,,,,,PENDING
LIVE_SHADOW_61a38eb4ff870d,2026-08-26,IT Supply Chain & Technology Distribution,IT SERVICES,0.66,,,,,,,BUY,,,,,PENDING
LIVE_SHADOW_c5fa73f99c8653,2026-08-26,Diamond Studded & Solitaires,JEWELLERY,0.25,,,,,,,HOLD,,,,,PENDING
LIVE_SHADOW_21ade8a3490e73,2026-08-26,Luggage & Travel Gear,CONSUMER DURABLES,0.25,,,,,,,HOLD,,,,,PENDING
LIVE_SHADOW_cafc84d44a8919,2026-08-26,Auto Body & Closure Systems,AUTO ANCILLARIES,0.81,,,,,,,BUY,,,,,PENDING
LIVE_SHADOW_ca6a8b899c96c6,2026-08-26,Iron Ore Mining,MINING & MINERALS,-0.09,,,,,,,HOLD,,,,,PENDING
LIVE_SHADOW_1a88e1fe23b6d8,2026-08-26,Auto Glass & Safety Systems,AUTO ANCILLARIES,0.04,,,,,,,HOLD,,,,,PENDING
LIVE_SHADOW_faf3d30e92f718,2026-08-26,Last Mile & Quick Commerce Logistics,LOGISTICS & SUPPLY CHAIN,0.34,,,,,,,BUY,,,,,PENDING
LIVE_SHADOW_31f4afa2dc5203,2026-08-26,Power Transformers & Electrical Equipment,EMS & ELECTRONICS,-0.02,,,,,,,HOLD,,,,,PENDING
LIVE_SHADOW_05ed4d739bacd0,2026-08-26,Industrial Distribution & Logistics,LOGISTICS & SUPPLY CHAIN,0.2,,,,,,,HOLD,,,,,PENDING
LIVE_SHADOW_899051ece3e254,2026-08-26,Excipients & Pharma Binders,PHARMACEUTICALS,-0.94,,,,,,,SELL,,,,,PENDING
LIVE_SHADOW_a9a56b05771b4f,2026-08-26,Breweries & Beer,BEVERAGES & DISTILLERIES,0.02,,,,,,,HOLD,,,,,PENDING
LIVE_SHADOW_e9288ca3e7b1fd,2026-08-26,Semiconductor Assembly & Packaging (OSAT),EMS & ELECTRONICS,0.51,,,,,,,BUY,,,,,PENDING
LIVE_SHADOW_95c2e32020a08e,2026-08-26,Optical Fibre Cables & Telecom Infra,TELECOM,0.22,,,,,,,HOLD,,,,,PENDING
LIVE_SHADOW_87a9dc1ea2a2d4,2026-08-26,Auto Braking & Suspension,AUTO ANCILLARIES,-0.36,,,,,,,SELL,,,,,PENDING
LIVE_SHADOW_3f689a624a7c43,2026-08-26,Food Delivery & Quick Commerce,E-COMMERCE & QUICK COMMERCE,-0.11,,,,,,,HOLD,,,,,PENDING
LIVE_SHADOW_051981580d2805,2026-08-26,Fuel Retailing (OMC),OIL & GAS,0.23,,,,,,,HOLD,,,,,PENDING
LIVE_SHADOW_71519d2d7056a5,2026-08-26,B2B Travel Distribution Platform,ONLINE TICKETING & TRAVEL,0.36,,,,,,,BUY,,,,,PENDING
LIVE_SHADOW_c126cd959383da,2026-08-26,Mining Equipment & Mill Liners,MINING & MINERALS,0.27,,,,,,,BUY,,,,,PENDING
LIVE_SHADOW_b2bc5e2e306728,2026-08-26,Auto Emission & Exhaust Systems,AUTO ANCILLARIES,0.5,,,,,,,BUY,,,,,PENDING
LIVE_SHADOW_a513d54eb6d90b,2026-08-26,Industrial Rubber & Specialty Materials,TYRES & RUBBER,0.1,,,,,,,HOLD,,,,,PENDING
LIVE_SHADOW_dcdd1243bceb8f,2026-08-26,Power Transmission Line EPC,CONSTRUCTION & INFRASTRUCTURE,0.56,,,,,,,BUY,,,,,PENDING
LIVE_SHADOW_45b786dccc7352,2026-08-26,Integrated Supply Chain & 3PL,LOGISTICS & SUPPLY CHAIN,-0.79,,,,,,,SELL,,,,,PENDING
LIVE_SHADOW_73b285699ceeeb,2026-08-26,Film Theatres & Broadcast Media,SERVICES & MEDIA,0.48,,,,,,,BUY,,,,,PENDING
LIVE_SHADOW_37e7059653eeaf,2026-08-26,Professional & Vocational Training,EDUCATION & EDTECH,0.51,,,,,,,BUY,,,,,PENDING
LIVE_SHADOW_e13fb69dc8f251,2026-08-26,Contract Research & Biologicals,PHARMACEUTICALS,-1.21,,,,,,,SELL,,,,,PENDING
LIVE_SHADOW_b961bf4e11f43f,2026-08-26,Fighter Aircraft & Aerospace Systems,DEFENCE & AEROSPACE,0.62,,,,,,,BUY,,,,,PENDING
LIVE_SHADOW_79eb861accb9fb,2026-08-26,Seafood & Aquafeed,FOOD PROCESSING,0.08,,,,,,,HOLD,,,,,PENDING
LIVE_SHADOW_272ac47202c726,2026-08-26,Specialty Stainless & Alloy Steel,STEEL,0.98,,,,,,,BUY,,,,,PENDING
LIVE_SHADOW_a8171d041f6807,2026-08-27,Industrial Minerals,MINING & MINERALS,-0.12,,,,,,,HOLD,,,,,PENDING
LIVE_SHADOW_dd291eb3367701,2026-08-27,Stockbroking & Wealth Management,CAPITAL MARKETS,0.29,,,,,,,HOLD,,,,,PENDING
LIVE_SHADOW_11e8ef76d87ea0,2026-08-27,Diagnostic & Pathology Labs,HEALTHCARE SERVICES,0.28,,,,,,,HOLD,,,,,PENDING
LIVE_SHADOW_0e3475fbd4f69e,2026-08-27,Mid-Tier IT & Digital Solutions,IT SERVICES,-0.45,,,,,,,SELL,,,,,PENDING
LIVE_SHADOW_1d5c4045217a4d,2026-08-27,Industrial Abrasives & Ceramics,CAPITAL GOODS & MACHINERY,0.41,,,,,,,BUY,,,,,PENDING
LIVE_SHADOW_280ce8c1b9ecc5,2026-08-27,Diversified Consumer & MSME NBFC,FINANCE & NBFC,0.42,,,,,,,BUY,,,,,PENDING
LIVE_SHADOW_87ac31ef1b7224,2026-08-27,Precision Auto Engine Components,AUTO ANCILLARIES,-0.78,,,,,,,SELL,,,,,PENDING
LIVE_SHADOW_dc807a63de559e,2026-08-27,Housing Finance (HFC),FINANCE & NBFC,-0.46,,,,,,,SELL,,,,,PENDING
LIVE_SHADOW_7e52d811ea9414,2026-08-27,Precision Metal Fabrication,METALS & FABRICATION,0.08,,,,,,,HOLD,,,,,PENDING
LIVE_SHADOW_ae2d9fb1715f10,2026-08-27,Oil & Gas Exploration (E&P),OIL & GAS,0.38,,,,,,,BUY,,,,,PENDING
LIVE_SHADOW_bad60eab14e008,2026-08-27,Steel Pipes & Tubes,STEEL,1.08,,,,,,,BUY,,,,,PENDING
LIVE_SHADOW_38ae3e261c6d8a,2026-08-27,Finished Formulations,PHARMACEUTICALS,-0.26,,,,,,,SELL,,,,,PENDING
LIVE_SHADOW_def673ee60f7e3,2026-08-27,Garments & Apparel Exports,TEXTILES,0.27,,,,,,,BUY,,,,,PENDING
LIVE_SHADOW_825f8788727535,2026-08-27,Pumps & Compressors,CAPITAL GOODS & MACHINERY,0.65,,,,,,,BUY,,,,,PENDING
LIVE_SHADOW_86777918184783,2026-08-27,Specialty Chemicals,CHEMICALS,0.34,,,,,,,BUY,,,,,PENDING
LIVE_SHADOW_8eba0593e39e76,2026-08-27,Personal Care & Soaps,FMCG & PERSONAL CARE,-0.12,,,,,,,HOLD,,,,,PENDING
LIVE_SHADOW_13ed4e4ca1d447,2026-08-27,Staffing & Security Services,PROFESSIONAL & CONSUMER SERVICES,0.23,,,,,,,BUY,,,,,PENDING
LIVE_SHADOW_68461a0828558d,2026-08-27,Cotton Spinning & Yarns,TEXTILES,-0.28,,,,,,,HOLD,,,,,PENDING
LIVE_SHADOW_b5a905dc505ecd,2026-08-27,Hospitals & Healthcare Chains,HEALTHCARE SERVICES,0.36,,,,,,,BUY,,,,,PENDING
LIVE_SHADOW_981c6efc0fb1d0,2026-08-27,Refining & Petrochemicals,OIL & GAS,-1.11,,,,,,,SELL,,,,,PENDING
LIVE_SHADOW_9d8046f19df025,2026-08-27,Heavy Switchgear & Automation,ELECTRICAL EQUIPMENT,0.37,,,,,,,BUY,,,,,PENDING
LIVE_SHADOW_a0f0e7c7266bd1,2026-08-27,Missiles & Military Explosives,DEFENCE & AEROSPACE,0.08,,,,,,,HOLD,,,,,PENDING
LIVE_SHADOW_139b13d99d7460,2026-08-27,Conventional Thermal & Fossil Power,POWER,0.74,,,,,,,BUY,,,,,PENDING
LIVE_SHADOW_a4f02849dcbf28,2026-08-27,Roads & Highways EPC,CONSTRUCTION & INFRASTRUCTURE,0.24,,,,,,,HOLD,,,,,PENDING
LIVE_SHADOW_0da1737203fbec,2026-08-27,Specialty Retail Boutiques,RETAIL,-0.22,,,,,,,HOLD,,,,,PENDING
LIVE_SHADOW_60145ed23c78c0,2026-08-27,Civil & Commercial Construction,CONSTRUCTION & INFRASTRUCTURE,-0.04,,,,,,,HOLD,,,,,PENDING
LIVE_SHADOW_54000b986a190e,2026-08-27,Enterprise Software & SaaS,IT SERVICES,0.12,,,,,,,HOLD,,,,,PENDING
LIVE_SHADOW_80d0fea74993a9,2026-08-27,Residential Real Estate,REAL ESTATE,-0.63,,,,,,,SELL,,,,,PENDING
LIVE_SHADOW_336b7c799fb61f,2026-08-27,Mutual Fund Asset Managers (AMC),CAPITAL MARKETS,0.3,,,,,,,BUY,,,,,PENDING
LIVE_SHADOW_38477fcefbc9af,2026-08-27,Marine Offshore Vessels & Tugs,SHIPBUILDING & PORTS,1.18,,,,,,,BUY,,,,,PENDING
LIVE_SHADOW_89587e9c8ee01c,2026-08-27,Integrated Grey Cement,CEMENT,0.29,,,,,,,HOLD,,,,,PENDING
LIVE_SHADOW_059cdd00382390,2026-08-27,Heavy Process Equipment & Machinery,CAPITAL GOODS & MACHINERY,-0.32,,,,,,,SELL,,,,,PENDING
LIVE_SHADOW_2007313ddf9106,2026-08-27,Auto Castings & Heavy Forgings,AUTO ANCILLARIES,-0.11,,,,,,,HOLD,,,,,PENDING
LIVE_SHADOW_5895d95f94861c,2026-08-27,Industrial & Basic Chemicals,CHEMICALS,0.03,,,,,,,HOLD,,,,,PENDING
LIVE_SHADOW_c6fe9849abae7d,2026-08-27,Regional Cement & RMC,CEMENT,0.67,,,,,,,BUY,,,,,PENDING
LIVE_SHADOW_1e7becd9ac6603,2026-08-27,Solar PV & Green Hydrogen,RENEWABLE ENERGY,0.21,,,,,,,HOLD,,,,,PENDING
LIVE_SHADOW_1f451351422439,2026-08-27,Commodity & Wholesale Trading,COMMERCIAL TRADING,0.92,,,,,,,BUY,,,,,PENDING
LIVE_SHADOW_069770c38bd477,2026-08-27,Green Energy Generation (IPP),RENEWABLE ENERGY,0.46,,,,,,,BUY,,,,,PENDING
LIVE_SHADOW_2d6ef332bc2ff9,2026-08-27,Commercial Ports & Terminals,SHIPBUILDING & PORTS,-0.43,,,,,,,SELL,,,,,PENDING
LIVE_SHADOW_12742418c10b4c,2026-08-27,Print Media & Publishing,MEDIA & ENTERTAINMENT,-1.31,,,,,,,SELL,,,,,PENDING
LIVE_SHADOW_37db1080797611,2026-08-27,Building Materials,BUILDING MATERIALS,0.34,,,,,,,BUY,,,,,PENDING
LIVE_SHADOW_7c13e2418ad6b4,2026-08-27,Packaged Foods & Snacks,FOOD PROCESSING,-0.64,,,,,,,SELL,,,,,PENDING
LIVE_SHADOW_06543f07097c8a,2026-08-27,Plywood & Laminates,BUILDING MATERIALS,0.51,,,,,,,BUY,,,,,PENDING
LIVE_SHADOW_526a9881a75f8a,2026-08-27,Crop Protection Formulations,AGRICULTURE & AGROCHEMICALS,0.99,,,,,,,BUY,,,,,PENDING
LIVE_SHADOW_1122baa528b054,2026-08-27,Luxury Hotels & Resorts,HOTELS & HOSPITALITY,0.47,,,,,,,BUY,,,,,PENDING
LIVE_SHADOW_6d508983b30a58,2026-08-27,Specialty Enzymes & Biologicals,PHARMACEUTICALS,-0.47,,,,,,,SELL,,,,,PENDING
LIVE_SHADOW_307572d2f0a28f,2026-08-27,3PL Logistics & Fleet Haulage,LOGISTICS & SUPPLY CHAIN,0.2,,,,,,,HOLD,,,,,PENDING
LIVE_SHADOW_8204e06cdbff73,2026-08-27,Oil & LPG Tank Terminals,OIL & GAS,0.37,,,,,,,BUY,,,,,PENDING
LIVE_SHADOW_fa7352ab4159f7,2026-08-27,Fast Moving Electrical Goods (FMEG),CONSUMER ELECTRICALS,0.98,,,,,,,BUY,,,,,PENDING
LIVE_SHADOW_00c950a62082ed,2026-08-27,Aerospace Parts & Precision Engineering,EMS & ELECTRONICS,0.67,,,,,,,BUY,,,,,PENDING
LIVE_SHADOW_1f56da34f9393f,2026-08-27,Aerospace & Fighter Aircraft,DEFENCE & AEROSPACE,-0.69,,,,,,,SELL,,,,,PENDING
LIVE_SHADOW_6ff27686472527,2026-08-27,Basmati Rice & Exports,RICE,-0.34,,,,,,,SELL,,,,,PENDING
LIVE_SHADOW_4865c4937ad0ba,2026-08-27,Architectural Glass & Windows,BUILDING MATERIALS,-0.36,,,,,,,SELL,,,,,PENDING
LIVE_SHADOW_99aa43d535c69f,2026-08-27,AdTech & Marketing Analytics,IT SERVICES,0.32,,,,,,,BUY,,,,,PENDING
LIVE_SHADOW_9f7e20e1f49411,2026-08-27,Corporate & Wholesale Finance,FINANCE & NBFC,-0.23,,,,,,,HOLD,,,,,PENDING
LIVE_SHADOW_36d12dac2bac20,2026-08-27,Lubricants & Specialty Oils,OIL & GAS,0.72,,,,,,,BUY,,,,,PENDING
LIVE_SHADOW_abd7ae4087fbca,2026-08-27,Moulded Plastics & Packaging,PAPER & PACKAGING,-0.62,,,,,,,SELL,,,,,PENDING
LIVE_SHADOW_a74560a54c887b,2026-08-27,Crop Protection Agrochemicals,AGRICULTURE & AGROCHEMICALS,0.42,,,,,,,BUY,,,,,PENDING
LIVE_SHADOW_73a347b5b6b8f1,2026-08-27,Fertilizers & Soil Nutrients,FERTILIZERS,-0.31,,,,,,,SELL,,,,,PENDING
LIVE_SHADOW_1aa766a1dde43d,2026-08-27,Printed Circuit Boards (PCBA) & Components,EMS & ELECTRONICS,-0.79,,,,,,,SELL,,,,,PENDING
LIVE_SHADOW_de2545f890a637,2026-08-27,Business Process Management (BPM),PROFESSIONAL & CONSUMER SERVICES,0.41,,,,,,,BUY,,,,,PENDING
LIVE_SHADOW_4fede8d54ed029,2026-08-27,Biopharma & Biosimilars,PHARMACEUTICALS,0.22,,,,,,,HOLD,,,,,PENDING
LIVE_SHADOW_8faf5ed42ad618,2026-08-27,Power & Distribution Transformers,ELECTRICAL EQUIPMENT,0.98,,,,,,,BUY,,,,,PENDING
LIVE_SHADOW_4ad9be164cdd5c,2026-08-27,API & Bulk Drugs,PHARMACEUTICALS,-0.46,,,,,,,SELL,,,,,PENDING
LIVE_SHADOW_fec102079a71aa,2026-08-27,Seafood & Marine Exports,FOOD PROCESSING,0.81,,,,,,,BUY,,,,,PENDING
LIVE_SHADOW_6510ab0191a381,2026-08-27,Footwear Retail Chains,FOOTWEAR,0.54,,,,,,,BUY,,,,,PENDING
LIVE_SHADOW_91506afce55693,2026-08-27,Pigments & Dyes,CHEMICALS,0.48,,,,,,,BUY,,,,,PENDING
LIVE_SHADOW_db2575ec1b0343,2026-08-27,Optical Fiber & Telecom Gear,TELECOM,0.46,,,,,,,BUY,,,,,PENDING
LIVE_SHADOW_12f06056e20a90,2026-08-27,Registrar & Transfer Agents (RTA),CAPITAL MARKETS,-0.12,,,,,,,HOLD,,,,,PENDING
LIVE_SHADOW_c86832fa744fcc,2026-08-27,IMFL Spirits & Distilleries,BEVERAGES & DISTILLERIES,-0.01,,,,,,,HOLD,,,,,PENDING
LIVE_SHADOW_e332d0edb38242,2026-08-27,Engineered Polymers & Compounding,PLASTICS & POLYMERS,0.48,,,,,,,BUY,,,,,PENDING
LIVE_SHADOW_9963b53a83033f,2026-08-27,Oilfield Services & Drilling,OIL & GAS,0.91,,,,,,,BUY,,,,,PENDING
LIVE_SHADOW_d4ffaa150b48f2,2026-08-27,Fluorochemicals,CHEMICALS,1.35,,,,,,,BUY,,,,,PENDING
LIVE_SHADOW_6db205d2503860,2026-08-27,Domestic & Consumer Appliances EMS,EMS & ELECTRONICS,0.73,,,,,,,BUY,,,,,PENDING
LIVE_SHADOW_cb66f29b274e56,2026-08-27,Ayurvedic & Herbal Care,FMCG & PERSONAL CARE,-0.24,,,,,,,HOLD,,,,,PENDING
LIVE_SHADOW_e6571a7840b2e8,2026-08-27,Residential Townships & Commercial REITs,REAL ESTATE,-0.81,,,,,,,SELL,,,,,PENDING
LIVE_SHADOW_d26c069f2d3a39,2026-08-27,Paperboard & Packaging Cartons,PAPER & PACKAGING,0.43,,,,,,,BUY,,,,,PENDING
LIVE_SHADOW_6f3894afdbe39f,2026-08-27,Sugar Refining & Bio-Ethanol,SUGAR & BIO-ETHANOL,0.63,,,,,,,BUY,,,,,PENDING
LIVE_SHADOW_4ec79a1cae73cc,2026-08-27,Tea Plantations & Packaging,TEA & COFFEE,-0.34,,,,,,,SELL,,,,,PENDING
LIVE_SHADOW_78126cdf3e84a3,2026-08-27,Dairy Products,FOOD PROCESSING,1.01,,,,,,,BUY,,,,,PENDING
LIVE_SHADOW_6264cb08ebb4c2,2026-08-27,Secondary Steel & TMT Rebars,STEEL,-0.73,,,,,,,SELL,,,,,PENDING
LIVE_SHADOW_536f8349a134a9,2026-08-27,Coal Mining,MINING & MINERALS,0.92,,,,,,,BUY,,,,,PENDING
LIVE_SHADOW_58c01ccd004d8a,2026-08-27,Medical Clinics & Equipment,HEALTHCARE SERVICES,-0.57,,,,,,,SELL,,,,,PENDING
LIVE_SHADOW_1ab05f1db23e40,2026-08-27,Wires & Cables,CONSUMER ELECTRICALS,-0.48,,,,,,,SELL,,,,,PENDING
LIVE_SHADOW_6482e4eb3f534f,2026-08-27,Industrial Rubber Products,TYRES & RUBBER,0.19,,,,,,,HOLD,,,,,PENDING
LIVE_SHADOW_7e5b681632083b,2026-08-27,"Industrial Effluent, Desalination & ZLD",WATER TREATMENT,0.61,,,,,,,BUY,,,,,PENDING
LIVE_SHADOW_0ab6b1608ca826,2026-08-27,Defence Electronics & Avionics,DEFENCE & AEROSPACE,2.0,,,,,,,BUY,,,,,PENDING
LIVE_SHADOW_14305dfbfcdbf9,2026-08-27,Tertiary Hospitals & Clinics,HEALTHCARE SERVICES,-0.65,,,,,,,SELL,,,,,PENDING
LIVE_SHADOW_ed1d9a86d43b9d,2026-08-27,Automotive Radial Tyres,TYRES & RUBBER,0.56,,,,,,,BUY,,,,,PENDING
LIVE_SHADOW_00a3f0c541dff6,2026-08-27,Material Handling & Cranes,CAPITAL GOODS & MACHINERY,-0.01,,,,,,,HOLD,,,,,PENDING
LIVE_SHADOW_405294440a338e,2026-08-27,Primary Aluminium,ALUMINIUM & COPPER,-0.02,,,,,,,HOLD,,,,,PENDING
LIVE_SHADOW_667b23da115a0c,2026-08-27,Flexible Packaging Films,PAPER & PACKAGING,0.47,,,,,,,BUY,,,,,PENDING
LIVE_SHADOW_ce52d79b2e5654,2026-08-27,Education Academies & Publishing,EDUCATION & EDTECH,0.21,,,,,,,HOLD,,,,,PENDING
LIVE_SHADOW_d4f679390b5730,2026-08-27,Microfinance (MFI),FINANCE & NBFC,-0.32,,,,,,,SELL,,,,,PENDING
LIVE_SHADOW_0225414375c98e,2026-08-27,Precision Defence Machining,DEFENCE & AEROSPACE,0.12,,,,,,,HOLD,,,,,PENDING
LIVE_SHADOW_eff1f4544733f7,2026-08-27,Container Rail & Dry Ports,LOGISTICS & SUPPLY CHAIN,-0.05,,,,,,,HOLD,,,,,PENDING
LIVE_SHADOW_13833ee95c4664,2026-08-27,Grocery & Departmental Stores,RETAIL,0.27,,,,,,,HOLD,,,,,PENDING
LIVE_SHADOW_a601a22a9eccc4,2026-08-27,Commercial Vehicles (Trucks & Buses),AUTOMOBILE,-0.2,,,,,,,HOLD,,,,,PENDING
LIVE_SHADOW_aad05a75212958,2026-08-27,Decorative Paints,PAINTS & COATINGS,-0.37,,,,,,,SELL,,,,,PENDING
LIVE_SHADOW_ca5f489c44c381,2026-08-27,Ceramic Tiles & Sanitaryware,BUILDING MATERIALS,-0.05,,,,,,,HOLD,,,,,PENDING
LIVE_SHADOW_32822d4a621308,2026-08-27,Diamond & Studded Jewellery,JEWELLERY,-0.22,,,,,,,HOLD,,,,,PENDING
LIVE_SHADOW_9517c5ef9931d7,2026-08-27,Plastic & CPVC Pipes,BUILDING MATERIALS,-0.58,,,,,,,SELL,,,,,PENDING
LIVE_SHADOW_8e7e67965b10b5,2026-08-27,Defence Electronics & Radars,DEFENCE & AEROSPACE,-0.29,,,,,,,HOLD,,,,,PENDING
LIVE_SHADOW_db8cf57b149015,2026-08-27,Two & Three Wheelers,AUTOMOBILE,0.09,,,,,,,HOLD,,,,,PENDING
LIVE_SHADOW_100f40c3004ef0,2026-08-27,Small Finance & Payment Banks,BANKING,0.28,,,,,,,HOLD,,,,,PENDING
LIVE_SHADOW_e28ffa9434f5b7,2026-08-27,PropTech & Real Estate Technology,REAL ESTATE,-0.46,,,,,,,SELL,,,,,PENDING
LIVE_SHADOW_9ecd0ddcc89203,2026-08-27,Gold Jewellery & Retail,JEWELLERY,0.13,,,,,,,HOLD,,,,,PENDING
LIVE_SHADOW_0a8b6e933269ae,2026-08-27,Precision Machine Tools & Fasteners,CAPITAL GOODS & MACHINERY,0.89,,,,,,,BUY,,,,,PENDING
LIVE_SHADOW_8ed4d31a3b2563,2026-08-27,Auto Transmission & Driveline,AUTO ANCILLARIES,0.57,,,,,,,BUY,,,,,PENDING
LIVE_SHADOW_e96b7d9b7b5770,2026-08-27,Commercial & Industrial Electronics EMS,EMS & ELECTRONICS,-0.45,,,,,,,SELL,,,,,PENDING
LIVE_SHADOW_38a7866f1fdfbe,2026-08-27,Engineering R&D (ER&D),IT SERVICES,-1.39,,,,,,,SELL,,,,,PENDING
LIVE_SHADOW_754f9668cc1779,2026-08-27,Co-Working & Managed Office Spaces,REAL ESTATE,0.59,,,,,,,BUY,,,,,PENDING
LIVE_SHADOW_090697c7172108,2026-08-27,Private Sector Banks,BANKING,0.58,,,,,,,BUY,,,,,PENDING
LIVE_SHADOW_8a06186ddce5e0,2026-08-27,Television Broadcasting & OTT,MEDIA & ENTERTAINMENT,0.3,,,,,,,BUY,,,,,PENDING
LIVE_SHADOW_2d6afb1d70d4e1,2026-08-27,Music Labels & VFX Studios,MEDIA & ENTERTAINMENT,0.03,,,,,,,HOLD,,,,,PENDING
LIVE_SHADOW_6b8aa14bbd06b2,2026-08-27,Hair Oils & Personal Care,FMCG & PERSONAL CARE,0.04,,,,,,,HOLD,,,,,PENDING
LIVE_SHADOW_ecdf8995f05c3f,2026-08-27,Off-Highway Tyres,TYRES & RUBBER,0.74,,,,,,,BUY,,,,,PENDING
LIVE_SHADOW_ff66cdb9e1ad69,2026-08-27,Silver & Fashion Gemstones,JEWELLERY,-0.05,,,,,,,HOLD,,,,,PENDING
LIVE_SHADOW_55b3f054483feb,2026-08-27,Auto Air Conditioning & Thermal Systems,AUTO ANCILLARIES,-0.72,,,,,,,SELL,,,,,PENDING
LIVE_SHADOW_bf2b75e2ef85d1,2026-08-27,Public Sector Banks (PSU),BANKING,-0.03,,,,,,,HOLD,,,,,PENDING
LIVE_SHADOW_b747f77f40bf34,2026-08-27,Tea & Coffee Plantations,TEA & COFFEE,0.62,,,,,,,BUY,,,,,PENDING
LIVE_SHADOW_eb01742ba33e39,2026-08-27,Fashion Apparel Retail,RETAIL,-0.31,,,,,,,SELL,,,,,PENDING
LIVE_SHADOW_2bc1fe2a2f09bc,2026-08-27,"Rolling Stock, Wagons & Vande Bharat Trainsets",RAILWAYS,-0.19,,,,,,,HOLD,,,,,PENDING
LIVE_SHADOW_189f29fc40be79,2026-08-27,Copper Mining & Smelting,ALUMINIUM & COPPER,0.6,,,,,,,BUY,,,,,PENDING
LIVE_SHADOW_77403b12026e48,2026-08-27,Auto Climate & Thermal Systems,AUTO ANCILLARIES,0.18,,,,,,,HOLD,,,,,PENDING
LIVE_SHADOW_b4aae0357553e5,2026-08-27,Telecom Cellular Operators,TELECOM,-0.25,,,,,,,HOLD,,,,,PENDING
LIVE_SHADOW_51607c90233d4d,2026-08-27,Electric Vehicles (EV),AUTOMOBILE,-0.46,,,,,,,SELL,,,,,PENDING
LIVE_SHADOW_de5c98361bbe78,2026-08-27,Precision Bearings & Motion Controls,AUTO ANCILLARIES,0.38,,,,,,,BUY,,,,,PENDING
LIVE_SHADOW_5d55cc622fd7fb,2026-08-27,Fleet Tech & Logistics SaaS,IT SERVICES,-0.35,,,,,,,SELL,,,,,PENDING
LIVE_SHADOW_6268def677278c,2026-08-27,Express Parcel & Courier,LOGISTICS & SUPPLY CHAIN,-0.24,,,,,,,SELL,,,,,PENDING
LIVE_SHADOW_4e71e82c6837b9,2026-08-27,Design & Facility Architecture,PROFESSIONAL & CONSUMER SERVICES,0.31,,,,,,,BUY,,,,,PENDING
LIVE_SHADOW_1d171ff58eba00,2026-08-27,Air Conditioners & Commercial HVAC,CONSUMER DURABLES,0.36,,,,,,,BUY,,,,,PENDING
LIVE_SHADOW_8fb5270a798e9d,2026-08-27,Synthetic Fiber & Polyester Weaving,TEXTILES,-0.09,,,,,,,HOLD,,,,,PENDING
LIVE_SHADOW_c17db6bdace35c,2026-08-27,Kitchen Appliances & Cookware,CONSUMER DURABLES,-0.34,,,,,,,SELL,,,,,PENDING
LIVE_SHADOW_45707469886264,2026-08-27,Home Appliances (White Goods),CONSUMER DURABLES,0.64,,,,,,,BUY,,,,,PENDING
LIVE_SHADOW_063229dc2ee8fa,2026-08-27,Precision Powertrain Engine Components,AUTO ANCILLARIES,0.36,,,,,,,BUY,,,,,PENDING
LIVE_SHADOW_dfc28b1be9e117,2026-08-27,Sports & Athleisure Footwear,FOOTWEAR,-0.81,,,,,,,SELL,,,,,PENDING
LIVE_SHADOW_d4143cb6342d07,2026-08-27,Stock & Commodity Derivatives Exchanges,CAPITAL MARKETS,0.95,,,,,,,BUY,,,,,PENDING
LIVE_SHADOW_ef7f720aa118c2,2026-08-27,Hybrid Seeds & Agri Inputs,AGRICULTURE & AGROCHEMICALS,-0.62,,,,,,,SELL,,,,,PENDING
LIVE_SHADOW_37758c9ddb690e,2026-08-27,Worsted Fabric & Suiting,TEXTILES,0.21,,,,,,,HOLD,,,,,PENDING
LIVE_SHADOW_d4eeb070a83838,2026-08-27,Mutual Fund Registrar & Transfer Agent,CAPITAL MARKETS,0.04,,,,,,,HOLD,,,,,PENDING
LIVE_SHADOW_a7b12d59d4a74e,2026-08-27,Life Insurance,INSURANCE,1.16,,,,,,,BUY,,,,,PENDING
LIVE_SHADOW_7fa6a74a5b7c29,2026-08-27,Credit Ratings & Risk Analytics,CAPITAL MARKETS,-0.06,,,,,,,HOLD,,,,,PENDING
LIVE_SHADOW_c360e74de897fd,2026-08-27,Payment Gateway & FinTech SaaS,IT SERVICES,0.28,,,,,,,HOLD,,,,,PENDING
LIVE_SHADOW_e7ff5bf7a3e95c,2026-08-27,Depository & Clearing Services,CAPITAL MARKETS,-0.27,,,,,,,HOLD,,,,,PENDING
LIVE_SHADOW_665798ce91fa93,2026-08-27,Kitchen Homeware & Cookware,CONSUMER DURABLES,0.87,,,,,,,BUY,,,,,PENDING
LIVE_SHADOW_0e7370f29062e4,2026-08-27,Power Distribution & Integrated Utilities,POWER,-0.21,,,,,,,HOLD,,,,,PENDING
LIVE_SHADOW_a918a2c7bea4d1,2026-08-27,Renewable Energy & Solar,RENEWABLE ENERGY,1.24,,,,,,,BUY,,,,,PENDING
LIVE_SHADOW_94f7a4ff41fdc2,2026-08-27,Wealth Broking & Advisory,CAPITAL MARKETS,-0.01,,,,,,,HOLD,,,,,PENDING
LIVE_SHADOW_0cc1b53a996472,2026-08-27,Vehicle Finance,FINANCE & NBFC,0.89,,,,,,,BUY,,,,,PENDING
LIVE_SHADOW_22fc06534d2887,2026-08-27,Film Multiplex Theatres,MEDIA & ENTERTAINMENT,-0.34,,,,,,,SELL,,,,,PENDING
LIVE_SHADOW_caa6409f356f94,2026-08-27,Basmati Rice Milling & Global Exports,RICE,0.23,,,,,,,HOLD,,,,,PENDING
LIVE_SHADOW_d8b8cd09cc596d,2026-08-27,Mining Consultancy & Geological Services,MINING & MINERALS,-0.85,,,,,,,SELL,,,,,PENDING
LIVE_SHADOW_4752c9a5233cd7,2026-08-27,Aluminium Recycling & Secondary Metals,METALS & FABRICATION,-0.21,,,,,,,HOLD,,,,,PENDING
LIVE_SHADOW_69297f2681a8bc,2026-08-27,IT Distribution & Enterprise Infra,IT SERVICES,0.41,,,,,,,BUY,,,,,PENDING
LIVE_SHADOW_471ca3e572d8e5,2026-08-27,Naval Warships & Submarines,DEFENCE & AEROSPACE,1.0,,,,,,,BUY,,,,,PENDING
LIVE_SHADOW_101c8e932dc9a5,2026-08-27,Heavy Process Plant Equipment,CAPITAL GOODS & MACHINERY,-0.37,,,,,,,SELL,,,,,PENDING
LIVE_SHADOW_aae39677c710e8,2026-08-27,Oral Hygiene,FMCG & PERSONAL CARE,-0.17,,,,,,,HOLD,,,,,PENDING
LIVE_SHADOW_e0b3cf6baed208,2026-08-27,Freight Forwarding & Multi-Modal Cargo,LOGISTICS & SUPPLY CHAIN,-0.65,,,,,,,SELL,,,,,PENDING
LIVE_SHADOW_ec008849d1b5fd,2026-08-27,Cruise Ships & Water Tourism,HOTELS & HOSPITALITY,-0.32,,,,,,,SELL,,,,,PENDING
LIVE_SHADOW_de2545f890a637,2026-08-27,Business Process Management (BPM),SERVICES & MEDIA,0.38,,,,,,,BUY,,,,,PENDING
LIVE_SHADOW_255090341aa00c,2026-08-27,Television Content & OTT Production,MEDIA & ENTERTAINMENT,-0.95,,,,,,,SELL,,,,,PENDING
LIVE_SHADOW_5ea6c76ba0f7bb,2026-08-27,Overseas Education Consulting,EDUCATION & EDTECH,0.59,,,,,,,BUY,,,,,PENDING
LIVE_SHADOW_8d11d1f1bc064d,2026-08-27,Railway Signalling & Technology Systems,RAILWAYS,1.18,,,,,,,BUY,,,,,PENDING
LIVE_SHADOW_cac4fa34a7eb48,2026-08-27,Diesel Engines & Gensets,CAPITAL GOODS & MACHINERY,0.45,,,,,,,BUY,,,,,PENDING
LIVE_SHADOW_478637a65f0bb0,2026-08-27,Medical Devices & Consumables,HEALTHCARE SERVICES,-0.15,,,,,,,HOLD,,,,,PENDING
LIVE_SHADOW_0dbd72a7caa691,2026-08-27,Gold Mining & Precious Metals Exploration,MINING & MINERALS,-1.11,,,,,,,SELL,,,,,PENDING
LIVE_SHADOW_73655601a1368d,2026-08-27,Forex & Currency Exchange,CAPITAL MARKETS,-0.28,,,,,,,HOLD,,,,,PENDING
LIVE_SHADOW_edfecc0599ccf1,2026-08-27,"Gaming, Casinos & Entertainment",HOTELS & HOSPITALITY,-1.09,,,,,,,SELL,,,,,PENDING
LIVE_SHADOW_fb7fa49b824a01,2026-08-27,Cable & Broadband Distribution,MEDIA & ENTERTAINMENT,0.66,,,,,,,BUY,,,,,PENDING
LIVE_SHADOW_169f0496e6f30a,2026-08-27,Specialty Electrochemical Chemicals,CHEMICALS,-0.56,,,,,,,SELL,,,,,PENDING
LIVE_SHADOW_e781e7672f9b95,2026-08-27,General & Health Insurance,INSURANCE,-0.46,,,,,,,SELL,,,,,PENDING
LIVE_SHADOW_f40d05c22c8e5f,2026-08-27,Railway Signaling & Track EPC,RAILWAYS,0.58,,,,,,,BUY,,,,,PENDING
LIVE_SHADOW_8e4fbf1abec1af,2026-08-27,Foundry Equipment & Shot Blasting,CAPITAL GOODS & MACHINERY,-0.26,,,,,,,SELL,,,,,PENDING
LIVE_SHADOW_fdf9adec90a608,2026-08-27,Bridal Gold Jewellery & Retail Showrooms,JEWELLERY,0.2,,,,,,,HOLD,,,,,PENDING
LIVE_SHADOW_78b06f72721425,2026-08-27,Domestic Consumer Appliance EMS (AC/TV/Washing Machines),EMS & ELECTRONICS,0.8,,,,,,,BUY,,,,,PENDING
LIVE_SHADOW_81a11021873db2,2026-08-27,PCB Assembly & Fabrication,EMS & ELECTRONICS,-0.35,,,,,,,SELL,,,,,PENDING
LIVE_SHADOW_b54e362dd15fb4,2026-08-27,Networking Hardware & Infra,IT SERVICES,-0.06,,,,,,,HOLD,,,,,PENDING
LIVE_SHADOW_a6326838dec5c5,2026-08-27,Liquid Milk & Value-Added Dairy,DAIRY & MILK PRODUCTS,0.44,,,,,,,BUY,,,,,PENDING
LIVE_SHADOW_e6141e17e32ccd,2026-08-27,Innerwear & Athleisure,TEXTILES,-0.23,,,,,,,SELL,,,,,PENDING
LIVE_SHADOW_752d922203ac8a,2026-08-27,Polyester Woven Fabrics & Suiting,TEXTILES,-0.12,,,,,,,HOLD,,,,,PENDING
LIVE_SHADOW_8d18f08a45d334,2026-08-27,State Distribution Companies (DISCOMs),POWER,-0.77,,,,,,,SELL,,,,,PENDING
LIVE_SHADOW_4c98abc1f2e385,2026-08-27,Airport Lounge & Transit Tech,ONLINE TICKETING & TRAVEL,0.72,,,,,,,BUY,,,,,PENDING
LIVE_SHADOW_28ae1bec3b8945,2026-08-27,Staffing & Workforce Security,SERVICES & MEDIA,0.91,,,,,,,BUY,,,,,PENDING
LIVE_SHADOW_6efe61f4880c63,2026-08-27,Cloud GPUs & Supercomputing Infrastructure,DATA CENTERS & CLOUD,-0.25,,,,,,,HOLD,,,,,PENDING
LIVE_SHADOW_26cc748f905265,2026-08-27,Online Travel Agency (OTA) & Flight Booking,ONLINE TICKETING & TRAVEL,-1.71,,,,,,,SELL,,,,,PENDING
LIVE_SHADOW_de2545f890a637,2026-08-27,Business Process Management (BPM),IT SERVICES,-0.75,,,,,,,SELL,,,,,PENDING
LIVE_SHADOW_e7998b969c473d,2026-08-27,Recycled Polyester & Eco-Yarns,TEXTILES,0.8,,,,,,,BUY,,,,,PENDING
LIVE_SHADOW_06e4db709c85c8,2026-08-27,E-Waste Recycling & Sustainability,SERVICES & MEDIA,-0.02,,,,,,,HOLD,,,,,PENDING
LIVE_SHADOW_eb337d4addf537,2026-08-27,Heavy Infrastructure EPC,CONSTRUCTION & INFRASTRUCTURE,0.36,,,,,,,BUY,,,,,PENDING
LIVE_SHADOW_9ad366b918816d,2026-08-27,Passenger Vehicles (Cars & SUVs),AUTOMOBILE,-0.25,,,,,,,HOLD,,,,,PENDING
LIVE_SHADOW_a8b65d8256796e,2026-08-27,Tobacco Products,FMCG & PERSONAL CARE,-0.54,,,,,,,SELL,,,,,PENDING
LIVE_SHADOW_be4b7c7c0eeb2d,2026-08-27,Advertising & Digital Marketing,SERVICES & MEDIA,0.2,,,,,,,HOLD,,,,,PENDING
LIVE_SHADOW_c7dab2e9ba936b,2026-08-27,Pre-Engineered Steel Buildings,BUILDING MATERIALS,-0.06,,,,,,,HOLD,,,,,PENDING
LIVE_SHADOW_1d33daca16db22,2026-08-27,Wind Turbines & Wind Energy,RENEWABLE ENERGY,0.19,,,,,,,HOLD,,,,,PENDING
LIVE_SHADOW_b03c0b59a2b492,2026-08-27,AI Servers & Supercomputing Hardware,DATA CENTERS & CLOUD,-1.22,,,,,,,SELL,,,,,PENDING
LIVE_SHADOW_f2957976241962,2026-08-27,Tractors & Farm Machinery,AUTOMOBILE,0.34,,,,,,,BUY,,,,,PENDING
LIVE_SHADOW_7dc747624b9338,2026-08-27,EV Charging Infrastructure,EMS & ELECTRONICS,-0.19,,,,,,,HOLD,,,,,PENDING
LIVE_SHADOW_218f30a4ae60e9,2026-08-27,Auto Batteries & Storage,AUTO ANCILLARIES,-1.05,,,,,,,SELL,,,,,PENDING
LIVE_SHADOW_42aaac653f1951,2026-08-27,Home Textiles,TEXTILES,0.2,,,,,,,HOLD,,,,,PENDING
LIVE_SHADOW_4725d344033cad,2026-08-27,Water Infrastructure EPC & Supply,WATER TREATMENT,-0.15,,,,,,,HOLD,,,,,PENDING
LIVE_SHADOW_709d19c3ad7f08,2026-08-27,Auto Lighting & Electricals,AUTO ANCILLARIES,-0.13,,,,,,,HOLD,,,,,PENDING
LIVE_SHADOW_c13071935226ff,2026-08-27,Stationery & Writing Instruments,PAPER & PACKAGING,0.72,,,,,,,BUY,,,,,PENDING
LIVE_SHADOW_4cd93079094d23,2026-08-27,Passenger Airlines,AVIATION,0.09,,,,,,,HOLD,,,,,PENDING
LIVE_SHADOW_478fb3893c4acd,2026-08-27,LED Lighting & Fixtures,ELECTRICAL EQUIPMENT,-0.09,,,,,,,HOLD,,,,,PENDING
LIVE_SHADOW_9b62bd6cfa86cd,2026-08-27,"AI Solutions, Analytics & Cloud Data",DATA CENTERS & CLOUD,0.51,,,,,,,BUY,,,,,PENDING
LIVE_SHADOW_e97edafcdd195e,2026-08-27,Gas Transmission Pipelines,OIL & GAS,-0.28,,,,,,,HOLD,,,,,PENDING
LIVE_SHADOW_e43acfb60c8cf5,2026-08-27,Edible Oils & Vanaspati,EDIBLE OILS,1.22,,,,,,,BUY,,,,,PENDING
LIVE_SHADOW_ecddfa18eb0b81,2026-08-27,Liquid Storage Terminals & Logistics,LOGISTICS & SUPPLY CHAIN,0.25,,,,,,,HOLD,,,,,PENDING
LIVE_SHADOW_753589ad73b7b0,2026-08-27,Geospatial AI & Digital Mapping,IT SERVICES,0.16,,,,,,,HOLD,,,,,PENDING
LIVE_SHADOW_08ba3242df006e,2026-08-27,Tobacco Products & Cigarettes,BEVERAGES & DISTILLERIES,-0.06,,,,,,,HOLD,,,,,PENDING
LIVE_SHADOW_5fe81dc3abe4a8,2026-08-27,Automotive Radials & Off-Highway Tyres,TYRES & RUBBER,0.84,,,,,,,BUY,,,,,PENDING
LIVE_SHADOW_f0198cf928dfae,2026-08-27,Film Theatres & Broadcast Media,MEDIA & ENTERTAINMENT,-1.04,,,,,,,SELL,,,,,PENDING
LIVE_SHADOW_9ec10cb0fdc8a6,2026-08-27,Metals & Fabrication,METALS & FABRICATION,0.34,,,,,,,BUY,,,,,PENDING
LIVE_SHADOW_0b69d2a0332f6a,2026-08-27,Zinc & Non-Ferrous Alloys,METALS & FABRICATION,-0.67,,,,,,,SELL,,,,,PENDING
LIVE_SHADOW_14eadcb64d767d,2026-08-27,Optical Fiber & Telecom Infrastructure,TELECOM,0.44,,,,,,,BUY,,,,,PENDING
LIVE_SHADOW_42aa444397ff5c,2026-08-27,CDMO & Sterile Injectables,PHARMACEUTICALS,-0.14,,,,,,,HOLD,,,,,PENDING
LIVE_SHADOW_139907aa4ce0e5,2026-08-27,Consumer Internet & Super Apps,PROFESSIONAL & CONSUMER SERVICES,0.3,,,,,,,BUY,,,,,PENDING
LIVE_SHADOW_19b95b409233cd,2026-08-27,Architectural Hardware & Fittings,BUILDING MATERIALS,-0.65,,,,,,,SELL,,,,,PENDING
LIVE_SHADOW_0b69d2a0332f6a,2026-08-27,Zinc & Non-Ferrous Alloys,ALUMINIUM & COPPER,-1.1,,,,,,,SELL,,,,,PENDING
LIVE_SHADOW_b87d1fdadb1882,2026-08-27,Thermal & Renewable Power Generation,POWER,-0.14,,,,,,,HOLD,,,,,PENDING
LIVE_SHADOW_4d3f5889fc01b7,2026-08-27,Industrial Compressors & Pumps,CAPITAL GOODS & MACHINERY,0.12,,,,,,,HOLD,,,,,PENDING
LIVE_SHADOW_d8ee2ae403b9dc,2026-08-27,Electricity & Power Exchanges,CAPITAL MARKETS,-0.03,,,,,,,HOLD,,,,,PENDING
LIVE_SHADOW_c5cb7091406b5f,2026-08-27,Ferro Alloys & Secondary Metals,METALS & FABRICATION,0.56,,,,,,,BUY,,,,,PENDING
LIVE_SHADOW_72fc48bd4025ae,2026-08-27,Healthcare & Life Sciences Tech,IT SERVICES,-0.24,,,,,,,HOLD,,,,,PENDING
LIVE_SHADOW_6480ddbd39322a,2026-08-27,Tier-1 IT Services,IT SERVICES,0.27,,,,,,,BUY,,,,,PENDING
LIVE_SHADOW_17168888c1b718,2026-08-27,Financial Software & SaaS,IT SERVICES,-0.25,,,,,,,HOLD,,,,,PENDING
LIVE_SHADOW_220aecd6140590,2026-08-27,Railway Ticketing & Catering,ONLINE TICKETING & TRAVEL,-0.09,,,,,,,HOLD,,,,,PENDING
LIVE_SHADOW_2c69f88547c17d,2026-08-27,Railway Lease Financing,RAILWAYS,0.35,,,,,,,BUY,,,,,PENDING
LIVE_SHADOW_0096dccb796042,2026-08-27,Industrial Parks & Special Economic Zones,REAL ESTATE,1.02,,,,,,,BUY,,,,,PENDING
LIVE_SHADOW_a8ce7268c8c42e,2026-08-27,Higher Education & Online Learning,EDUCATION & EDTECH,0.29,,,,,,,HOLD,,,,,PENDING
LIVE_SHADOW_2e99271b6a5266,2026-08-27,Stampings & Pressed Metal Auto Parts,AUTO ANCILLARIES,-0.09,,,,,,,HOLD,,,,,PENDING
LIVE_SHADOW_8d00797a426a41,2026-08-27,Micro-Irrigation & Agri-Plastics,AGRICULTURE & AGROCHEMICALS,0.12,,,,,,,HOLD,,,,,PENDING
LIVE_SHADOW_9b2bc37595f7cf,2026-08-27,Stainless Steel & Special Alloys,STEEL,0.37,,,,,,,BUY,,,,,PENDING
LIVE_SHADOW_d5b04f7c44340c,2026-08-27,Consumer Internet Platforms & Apps,SERVICES & MEDIA,-0.27,,,,,,,HOLD,,,,,PENDING
LIVE_SHADOW_fad764290c7166,2026-08-27,Plastics Processing Machinery,CAPITAL GOODS & MACHINERY,-0.49,,,,,,,SELL,,,,,PENDING
LIVE_SHADOW_ee6c6349add74c,2026-08-27,Industrial & Aerospace EMS,EMS & ELECTRONICS,-0.21,,,,,,,HOLD,,,,,PENDING
LIVE_SHADOW_9747e7f321b834,2026-08-27,Power Transmission Grid,POWER,-0.16,,,,,,,HOLD,,,,,PENDING
LIVE_SHADOW_985074bd8946ed,2026-08-27,Iron Ore & Manganese Mining,MINING & MINERALS,-0.71,,,,,,,SELL,,,,,PENDING
LIVE_SHADOW_4cd0ea6d1c9a9e,2026-08-27,Consumer Lending & BNPL FinTech,FINANCE & NBFC,0.27,,,,,,,HOLD,,,,,PENDING
LIVE_SHADOW_e43acfb60c8cf5,2026-08-27,Edible Oils & Vanaspati,FOOD PROCESSING,-0.03,,,,,,,HOLD,,,,,PENDING
LIVE_SHADOW_a6eb6fa3047599,2026-08-27,Commercial REITs & Malls,REAL ESTATE,-1.03,,,,,,,SELL,,,,,PENDING
LIVE_SHADOW_3531145684e254,2026-08-27,Data Center Cooling & Liquid Systems,DATA CENTERS & CLOUD,-0.23,,,,,,,SELL,,,,,PENDING
LIVE_SHADOW_854f31b25844e2,2026-08-27,Eyewear Retail & Optical Products,RETAIL,0.56,,,,,,,BUY,,,,,PENDING
LIVE_SHADOW_8c65d7be13749d,2026-08-27,Branded Innerwear,TEXTILES,0.46,,,,,,,BUY,,,,,PENDING
LIVE_SHADOW_2965d12e583c2b,2026-08-27,Coated & Galvanised Steel,STEEL,-0.24,,,,,,,HOLD,,,,,PENDING
LIVE_SHADOW_e9a578b558ca2b,2026-08-27,Gold Finance,FINANCE & NBFC,0.69,,,,,,,BUY,,,,,PENDING
LIVE_SHADOW_2f28128d42d276,2026-08-27,Complex Fertilizers & Soil Nutrients,CHEMICALS,-0.13,,,,,,,HOLD,,,,,PENDING
LIVE_SHADOW_4e1c52d480532b,2026-08-27,Naval Combat Warships & Submarines,DEFENCE & AEROSPACE,-0.64,,,,,,,SELL,,,,,PENDING
LIVE_SHADOW_8400fec01a7f44,2026-08-27,Social Commerce & Marketplace,E-COMMERCE & QUICK COMMERCE,1.23,,,,,,,BUY,,,,,PENDING
LIVE_SHADOW_de5c98361bbe78,2026-08-27,Precision Bearings & Motion Controls,CAPITAL GOODS & MACHINERY,-1.08,,,,,,,SELL,,,,,PENDING
LIVE_SHADOW_f5fcbd13d6438d,2026-08-27,Baby & Infant Nutrition,DAIRY & MILK PRODUCTS,-1.11,,,,,,,SELL,,,,,PENDING
LIVE_SHADOW_0746500911db65,2026-08-27,Leather & Industrial Footwear,FOOTWEAR,0.1,,,,,,,HOLD,,,,,PENDING
LIVE_SHADOW_57481ae1253ad9,2026-08-27,State Commodity & Metals Trading,COMMERCIAL TRADING,0.34,,,,,,,BUY,,,,,PENDING
LIVE_SHADOW_26cc748f905265,2026-08-27,Online Travel Agency (OTA) & Flight Booking,HOTELS & HOSPITALITY,0.13,,,,,,,HOLD,,,,,PENDING
LIVE_SHADOW_c2f6eb7f5f9b99,2026-08-27,"Gaming, Esports & Mobile Games",MEDIA & ENTERTAINMENT,-0.35,,,,,,,SELL,,,,,PENDING
LIVE_SHADOW_e6571a7840b2e8,2026-08-27,Residential Townships & Commercial REITs,SERVICES & MEDIA,-0.09,,,,,,,HOLD,,,,,PENDING
LIVE_SHADOW_a918a2c7bea4d1,2026-08-27,Renewable Energy & Solar,POWER,0.36,,,,,,,BUY,,,,,PENDING
LIVE_SHADOW_843b1a51780e0f,2026-08-27,Furniture & Mattresses,CONSUMER DURABLES,1.14,,,,,,,BUY,,,,,PENDING
LIVE_SHADOW_0ed795a348f0dd,2026-08-27,Specialty Ingredients & Flavours,FOOD PROCESSING,1.2,,,,,,,BUY,,,,,PENDING
LIVE_SHADOW_671f4fb6e50a24,2026-08-27,Heavy Infrastructure & Highways EPC,CONSTRUCTION & INFRASTRUCTURE,-0.41,,,,,,,SELL,,,,,PENDING
LIVE_SHADOW_6cb06736d78c9e,2026-08-27,Beauty & Fashion E-Commerce,E-COMMERCE & QUICK COMMERCE,0.55,,,,,,,BUY,,,,,PENDING
LIVE_SHADOW_02c65f00d5d50e,2026-08-27,Refining & Marketing (OMC),OIL & GAS,0.26,,,,,,,BUY,,,,,PENDING
LIVE_SHADOW_7c210d0e8e9af0,2026-08-27,PVC Stabilizers & Additives,CHEMICALS,-0.55,,,,,,,SELL,,,,,PENDING
LIVE_SHADOW_7a5d0b8b64ab29,2026-08-27,Government Securities & Bond Dealing,CAPITAL MARKETS,-1.26,,,,,,,SELL,,,,,PENDING
LIVE_SHADOW_40fca3b8b1953d,2026-08-27,Consumer Electronics,CONSUMER ELECTRONICS,0.0,,,,,,,HOLD,,,,,PENDING
LIVE_SHADOW_7d430e694b814e,2026-08-27,Rigid Plastic Containers & Drums,PAPER & PACKAGING,-0.06,,,,,,,HOLD,,,,,PENDING
LIVE_SHADOW_3015e35f6f765c,2026-08-27,Recycled Plastics & Circular Polymers,PLASTICS & POLYMERS,1.28,,,,,,,BUY,,,,,PENDING
LIVE_SHADOW_60ec1425d083b5,2026-08-27,Travel Tech & Revenue Management SaaS,ONLINE TICKETING & TRAVEL,-0.47,,,,,,,SELL,,,,,PENDING
LIVE_SHADOW_f9a1a7e1f297b2,2026-08-27,Quick Service Restaurants (QSR),HOTELS & HOSPITALITY,0.67,,,,,,,BUY,,,,,PENDING
LIVE_SHADOW_89587e9c8ee01c,2026-08-27,Integrated Grey Cement,BUILDING MATERIALS,0.04,,,,,,,HOLD,,,,,PENDING
LIVE_SHADOW_4aa998ac668d85,2026-08-27,IT Supply Chain & Technology Distribution,IT SERVICES,0.74,,,,,,,BUY,,,,,PENDING
LIVE_SHADOW_f20b0149f688fc,2026-08-27,Diamond Studded & Solitaires,JEWELLERY,-0.1,,,,,,,HOLD,,,,,PENDING
LIVE_SHADOW_19b8e373c87f18,2026-08-27,Luggage & Travel Gear,CONSUMER DURABLES,-1.09,,,,,,,SELL,,,,,PENDING
LIVE_SHADOW_1efae5cab8051f,2026-08-27,Auto Body & Closure Systems,AUTO ANCILLARIES,0.17,,,,,,,HOLD,,,,,PENDING
LIVE_SHADOW_d2f5b76c1d23c8,2026-08-27,Iron Ore Mining,MINING & MINERALS,0.17,,,,,,,HOLD,,,,,PENDING
LIVE_SHADOW_a7efb406ea59d9,2026-08-27,Auto Glass & Safety Systems,AUTO ANCILLARIES,-0.64,,,,,,,SELL,,,,,PENDING
LIVE_SHADOW_42e1d2b1241c69,2026-08-27,Last Mile & Quick Commerce Logistics,LOGISTICS & SUPPLY CHAIN,0.1,,,,,,,HOLD,,,,,PENDING
LIVE_SHADOW_bb5c59ecbee674,2026-08-27,Power Transformers & Electrical Equipment,EMS & ELECTRONICS,-0.71,,,,,,,SELL,,,,,PENDING
LIVE_SHADOW_117f5662b761df,2026-08-27,Industrial Distribution & Logistics,LOGISTICS & SUPPLY CHAIN,-0.08,,,,,,,HOLD,,,,,PENDING
LIVE_SHADOW_800ab8ac5af21c,2026-08-27,Excipients & Pharma Binders,PHARMACEUTICALS,0.26,,,,,,,HOLD,,,,,PENDING
LIVE_SHADOW_9ac7c2340d2a9d,2026-08-27,Breweries & Beer,BEVERAGES & DISTILLERIES,0.26,,,,,,,BUY,,,,,PENDING
LIVE_SHADOW_3af9f88489c4b3,2026-08-27,Semiconductor Assembly & Packaging (OSAT),EMS & ELECTRONICS,-0.2,,,,,,,HOLD,,,,,PENDING
LIVE_SHADOW_e52032b834880a,2026-08-27,Optical Fibre Cables & Telecom Infra,TELECOM,0.16,,,,,,,HOLD,,,,,PENDING
LIVE_SHADOW_8cf76a5e4d485f,2026-08-27,Auto Braking & Suspension,AUTO ANCILLARIES,0.0,,,,,,,HOLD,,,,,PENDING
LIVE_SHADOW_415908d293af25,2026-08-27,Food Delivery & Quick Commerce,E-COMMERCE & QUICK COMMERCE,0.63,,,,,,,BUY,,,,,PENDING
LIVE_SHADOW_43afc014b3b66d,2026-08-27,Fuel Retailing (OMC),OIL & GAS,-0.15,,,,,,,HOLD,,,,,PENDING
LIVE_SHADOW_a174a99daf279f,2026-08-27,B2B Travel Distribution Platform,ONLINE TICKETING & TRAVEL,-0.05,,,,,,,HOLD,,,,,PENDING
LIVE_SHADOW_a4dcb1993ddaf8,2026-08-27,Mining Equipment & Mill Liners,MINING & MINERALS,0.25,,,,,,,HOLD,,,,,PENDING
LIVE_SHADOW_7100c3a17b7afc,2026-08-27,Auto Emission & Exhaust Systems,AUTO ANCILLARIES,0.29,,,,,,,HOLD,,,,,PENDING
LIVE_SHADOW_7497de41908f52,2026-08-27,Industrial Rubber & Specialty Materials,TYRES & RUBBER,-0.95,,,,,,,SELL,,,,,PENDING
LIVE_SHADOW_b2591cb1191fde,2026-08-27,Power Transmission Line EPC,CONSTRUCTION & INFRASTRUCTURE,0.4,,,,,,,BUY,,,,,PENDING
LIVE_SHADOW_4a6694142c18b2,2026-08-27,Integrated Supply Chain & 3PL,LOGISTICS & SUPPLY CHAIN,0.28,,,,,,,HOLD,,,,,PENDING
LIVE_SHADOW_f0198cf928dfae,2026-08-27,Film Theatres & Broadcast Media,SERVICES & MEDIA,0.74,,,,,,,BUY,,,,,PENDING
LIVE_SHADOW_196b7e70fb6cf6,2026-08-27,Professional & Vocational Training,EDUCATION & EDTECH,0.76,,,,,,,BUY,,,,,PENDING
LIVE_SHADOW_b7668b54455d51,2026-08-27,Contract Research & Biologicals,PHARMACEUTICALS,0.18,,,,,,,HOLD,,,,,PENDING
LIVE_SHADOW_8993f5ca448fb8,2026-08-27,Fighter Aircraft & Aerospace Systems,DEFENCE & AEROSPACE,-1.02,,,,,,,SELL,,,,,PENDING
LIVE_SHADOW_3d121c031e4400,2026-08-27,Seafood & Aquafeed,FOOD PROCESSING,0.17,,,,,,,HOLD,,,,,PENDING
LIVE_SHADOW_db4ef666479cac,2026-08-27,Specialty Stainless & Alloy Steel,STEEL,-0.33,,,,,,,SELL,,,,,PENDING
