date,industry,regime,v32_action,v32_expected_20d,v33_expected_20d,v33_p10_20d,v33_p90_20d,v32_expected_60d,v33_expected_60d
2026-07-27,Banks,HIGH_VOLATILITY,BUY,3.93,-1.67,-15.14,11.8,12.55,12.55
2026-07-27,Copper Mining,HIGH_VOLATILITY,NEUTRAL,6.46,3.8,-9.67,17.27,20.11,20.11
2026-07-27,Healthcare,HIGH_VOLATILITY,AVOID,-3.59,-1.87,-15.34,11.6,-5.0,-5.0
2026-07-27,Residential & Commercial Real Estate,HIGH_VOLATILITY,AVOID,-6.09,-4.28,-17.75,9.19,-12.02,-12.02
2026-07-27,Superalloys & Special Metals,HIGH_VOLATILITY,AVOID,-7.2,-0.82,-14.29,12.65,-15.17,-15.17
2026-07-27,Automobile OEMs,HIGH_VOLATILITY,NEUTRAL,-2.5,-1.68,-15.15,11.78,-3.05,-3.05
2026-07-27,Utilities,HIGH_VOLATILITY,AVOID,-6.18,1.85,-11.62,15.32,-16.51,-16.51
2026-07-27,Air Conditioners & AC Components,HIGH_VOLATILITY,AVOID,-9.95,-0.76,-14.23,12.71,-17.85,-17.85
2026-07-27,API & CDMO / CRAMS,HIGH_VOLATILITY,NEUTRAL,0.45,0.13,-13.34,13.6,4.65,4.65
2026-07-27,Agrochemicals & Pesticides,HIGH_VOLATILITY,AVOID,-9.11,-0.82,-14.29,12.65,-20.34,-20.34
2026-07-27,Pharmaceuticals,HIGH_VOLATILITY,NEUTRAL,-3.69,-3.27,-16.74,10.2,-1.74,-1.74
2026-07-27,Power Sector Financing NBFC,HIGH_VOLATILITY,WATCH,2.01,0.23,-13.24,13.69,4.46,4.46
2026-07-27,IT Consulting & Software,HIGH_VOLATILITY,AVOID,-6.27,-5.08,-18.55,8.38,-15.17,-15.17
2026-07-27,Capital Markets & Asset Management,HIGH_VOLATILITY,AVOID,-6.98,-3.43,-16.89,10.04,-12.81,-12.81
2026-07-27,Heavy Electrical Equipment,HIGH_VOLATILITY,NEUTRAL,6.24,4.21,-9.25,17.68,19.14,19.14
2026-07-27,Auto Parts & Equipment,HIGH_VOLATILITY,BUY,3.31,-1.67,-15.14,11.8,10.9,10.9
2026-07-27,Railway Wagons & Equipment,HIGH_VOLATILITY,AVOID,-9.25,-0.82,-14.29,12.65,-20.42,-20.42
2026-07-27,Specialty Chemicals,HIGH_VOLATILITY,NEUTRAL,-1.21,-3.66,-17.12,9.81,-2.45,-2.45
2026-07-27,Capital Goods,HIGH_VOLATILITY,NEUTRAL,0.46,-2.98,-16.44,10.49,5.12,5.12
2026-07-27,Financial Services,HIGH_VOLATILITY,AVOID,-4.45,-3.41,-16.88,10.06,-9.07,-9.07
2026-07-27,"Hotels, Resorts & QSR",HIGH_VOLATILITY,AVOID,-7.19,-3.29,-16.76,10.17,-14.99,-14.99
2026-07-27,Tyres & Rubber Products,HIGH_VOLATILITY,AVOID,-3.93,-3.18,-16.65,10.28,-6.32,-6.32
2026-07-27,Auto Glass,HIGH_VOLATILITY,NEUTRAL,-2.76,-1.76,-15.23,11.7,3.44,3.44
2026-07-27,Steel Manufacturing & Mining,HIGH_VOLATILITY,WATCH,7.69,-2.68,-16.15,10.78,19.36,19.36
2026-07-27,Water & Wastewater Treatment,HIGH_VOLATILITY,AVOID,-4.49,-2.87,-16.34,10.6,-12.88,-12.88
2026-07-27,Breweries & Distilleries,HIGH_VOLATILITY,NEUTRAL,-3.28,-2.0,-15.47,11.47,-1.62,-1.62
2026-07-27,Oil Gas & Consumable Fuels,HIGH_VOLATILITY,WATCH,7.31,3.51,-9.95,16.98,20.02,20.02
2026-07-27,Sugar & Bio-Ethanol,HIGH_VOLATILITY,AVOID,-3.56,-3.81,-17.27,9.66,-6.45,-6.45
2026-07-27,Civil Construction & Infrastructure,HIGH_VOLATILITY,AVOID,-8.16,-3.86,-17.33,9.6,-16.25,-16.25
2026-07-27,Affordable Housing Finance Company,HIGH_VOLATILITY,AVOID,-9.68,-0.82,-14.29,12.65,-21.26,-21.26
2026-07-27,Software Products & Digital Services,HIGH_VOLATILITY,NEUTRAL,-1.22,-4.14,-17.61,9.32,-3.35,-3.35
2026-07-27,Zinc & Silver Mining,HIGH_VOLATILITY,WATCH,8.65,3.8,-9.67,17.27,22.99,22.99
2026-07-27,Asset Management Company (AMC),HIGH_VOLATILITY,AVOID,-5.53,-1.07,-14.54,12.39,-9.9,-9.9
2026-07-27,Wealth & Asset Management,HIGH_VOLATILITY,BUY,3.51,0.77,-12.7,14.24,14.5,14.5
2026-07-27,Railways,HIGH_VOLATILITY,NEUTRAL,-0.41,-1.03,-14.5,12.44,1.66,1.66
2026-07-27,Water & Wastewater Treatment,HIGH_VOLATILITY,AVOID,-9.94,1.3,-12.17,14.77,-17.83,-17.83
2026-07-27,Air Conditioners & Appliances,HIGH_VOLATILITY,AVOID,-6.34,-3.09,-16.56,10.38,-14.81,-14.81
2026-07-27,Power Generation & Distribution,HIGH_VOLATILITY,AVOID,-6.79,-2.44,-15.91,11.03,-15.35,-15.35
2026-07-27,Microfinance NBFC,HIGH_VOLATILITY,NEUTRAL,6.61,4.11,-9.36,17.57,19.61,19.61
2026-07-27,Renewable Energy,HIGH_VOLATILITY,NEUTRAL,-1.84,-3.43,-16.9,10.04,-5.03,-5.03
2026-07-27,Telecommunication,HIGH_VOLATILITY,NEUTRAL,-2.19,-2.46,-15.93,11.01,-2.46,-2.46
2026-07-27,Pharmaceuticals & Biotechnology,HIGH_VOLATILITY,NEUTRAL,0.62,-2.88,-16.35,10.58,6.04,6.04
2026-07-27,Paints & Coatings,HIGH_VOLATILITY,AVOID,-5.98,-0.82,-14.29,12.65,-13.43,-13.43
2026-07-27,Structural Steel Tubes & Pipes,HIGH_VOLATILITY,STRONG BUY,5.19,0.31,-13.15,13.78,17.39,17.39
2026-07-27,Plastic Pipes & Fittings,HIGH_VOLATILITY,AVOID,-5.28,-2.73,-16.2,10.74,-12.58,-12.58
2026-07-27,Tractors & Farm Equipment,HIGH_VOLATILITY,AVOID,-9.67,-0.64,-14.11,12.83,-20.67,-20.67
2026-07-27,Explosives & Defence Chemicals,HIGH_VOLATILITY,NEUTRAL,5.31,4.15,-9.32,17.62,18.88,18.88
2026-07-27,Services,HIGH_VOLATILITY,AVOID,-2.87,-1.68,-15.15,11.78,-4.64,-4.64
2026-07-27,Power Generation & Utilities,HIGH_VOLATILITY,AVOID,-6.16,-2.44,-15.91,11.02,-10.44,-10.44
2026-07-27,Information Technology,HIGH_VOLATILITY,AVOID,-3.91,-1.62,-15.09,11.85,-7.28,-7.28
2026-07-27,Diagnostic & Healthcare Laboratories,HIGH_VOLATILITY,AVOID,-3.68,-0.77,-14.24,12.69,-13.2,-13.2
2026-07-27,Tea & Coffee,HIGH_VOLATILITY,AVOID,-5.89,-2.82,-16.29,10.65,-9.22,-9.22
2026-07-27,Aerospace & Defence,HIGH_VOLATILITY,NEUTRAL,1.3,-2.26,-15.72,11.21,7.29,7.29
2026-07-27,Wires & Cables,HIGH_VOLATILITY,NEUTRAL,-0.17,-2.25,-15.72,11.22,3.53,3.53
2026-07-27,Packaged Foods & Consumer Staples,HIGH_VOLATILITY,AVOID,-5.87,-3.04,-16.51,10.43,-7.59,-7.59
2026-07-27,Asset Management & Wealth,HIGH_VOLATILITY,NEUTRAL,0.35,-1.52,-14.98,11.95,-1.75,-1.75
2026-07-27,Logistics & Transportation,HIGH_VOLATILITY,AVOID,-3.36,-3.61,-17.08,9.85,-7.44,-7.44
2026-07-27,Construction Materials,HIGH_VOLATILITY,REDUCE,4.09,5.76,-7.71,19.23,15.61,15.61
2026-07-27,Plastic Pipes & Moulded Products,HIGH_VOLATILITY,AVOID,-11.09,0.59,-12.87,14.06,-20.47,-20.47
2026-07-27,Chemicals,HIGH_VOLATILITY,AVOID,-6.97,-2.88,-16.35,10.59,-11.69,-11.69
2026-07-27,Paints,HIGH_VOLATILITY,AVOID,-3.71,-1.33,-14.79,12.14,-8.14,-8.14
2026-07-27,Railway Telecom,HIGH_VOLATILITY,AVOID,-9.49,-0.82,-14.29,12.65,-20.86,-20.86
2026-07-27,Commodity Chemicals,HIGH_VOLATILITY,NEUTRAL,-3.72,-3.66,-17.12,9.81,-1.75,-1.75
2026-07-27,Project Management & Civil Construction,HIGH_VOLATILITY,AVOID,-7.67,-0.75,-14.21,12.72,-17.47,-17.47
2026-07-27,Construction,HIGH_VOLATILITY,NEUTRAL,-2.17,-0.55,-14.02,12.92,2.65,2.65
2026-07-27,Fertilizers & Agrochemicals,HIGH_VOLATILITY,AVOID,-7.31,-3.94,-17.41,9.53,-17.31,-17.31
2026-07-27,Aluminium & Mining,HIGH_VOLATILITY,NEUTRAL,-3.46,-3.36,-16.82,10.11,-5.15,-5.15
2026-07-27,Paper & Paper Products,HIGH_VOLATILITY,NEUTRAL,0.01,-0.83,-14.29,12.64,-3.61,-3.61
2026-07-27,Copper & Non-Ferrous Metals,HIGH_VOLATILITY,BUY,6.51,0.9,-12.57,14.37,14.78,14.78
2026-07-27,Pumps & Compressors,HIGH_VOLATILITY,NEUTRAL,-4.81,-1.66,-15.13,11.81,-4.15,-4.15
2026-07-27,Insurance,HIGH_VOLATILITY,AVOID,-6.55,-2.77,-16.24,10.7,-12.23,-12.23
2026-07-27,"Logistics, Ports & Supply Chain",HIGH_VOLATILITY,NEUTRAL,0.43,-1.58,-15.05,11.89,3.08,3.08
2026-07-27,Automobile and Auto Components,HIGH_VOLATILITY,NEUTRAL,-0.0,-2.26,-15.73,11.21,3.94,3.94
2026-07-27,Saw Pipes & Ductile Iron Pipes,HIGH_VOLATILITY,NEUTRAL,-0.76,1.01,-12.46,14.48,8.01,8.01
2026-07-27,Packaged Foods & FMCG Staples,HIGH_VOLATILITY,AVOID,-3.88,-3.77,-17.24,9.7,-7.25,-7.25
2026-07-27,Hospitals & Diagnostic Centres,HIGH_VOLATILITY,NEUTRAL,-1.35,-2.81,-16.28,10.66,-0.84,-0.84
2026-07-27,Pipes & Tubes,HIGH_VOLATILITY,AVOID,-3.46,-3.53,-16.99,9.94,-6.99,-6.99
2026-07-27,Plywood & Boards,HIGH_VOLATILITY,AVOID,-8.6,-0.14,-13.61,13.33,-15.88,-15.88
2026-07-27,Mining & Mineral Products,HIGH_VOLATILITY,NEUTRAL,-0.54,-0.97,-14.44,12.5,0.79,0.79
2026-07-27,Railway Infrastructure & Consulting,HIGH_VOLATILITY,AVOID,-9.62,-0.82,-14.29,12.65,-21.18,-21.18
2026-07-27,Auto Lighting,HIGH_VOLATILITY,NEUTRAL,6.79,4.15,-9.32,17.62,20.2,20.2
2026-07-27,Renewable Energy Financing NBFC,HIGH_VOLATILITY,AVOID,-8.32,-0.7,-14.17,12.77,-18.95,-18.95
2026-07-27,Internet & Digital Platforms,HIGH_VOLATILITY,AVOID,-6.42,-3.06,-16.53,10.4,-11.9,-11.9
2026-07-27,Non Banking Financial Company (NBFC),HIGH_VOLATILITY,NEUTRAL,-1.96,-3.89,-17.36,9.58,-2.76,-2.76
2026-07-27,Housing & Urban Infrastructure Financing,HIGH_VOLATILITY,AVOID,-5.52,-0.22,-13.68,13.25,-14.63,-14.63
2026-07-27,Batteries,HIGH_VOLATILITY,STRONG BUY,7.64,-1.95,-15.41,11.52,17.36,17.36
2026-07-27,Media Entertainment & Publication,HIGH_VOLATILITY,NEUTRAL,0.84,-1.05,-14.52,12.42,4.51,4.51
2026-07-27,Batteries,HIGH_VOLATILITY,AVOID,-11.15,1.3,-12.17,14.77,-20.59,-20.59
2026-07-27,Fertilizers,HIGH_VOLATILITY,AVOID,-9.21,-0.82,-14.29,12.65,-20.74,-20.74
2026-07-27,Diversified & Fashion Retail,HIGH_VOLATILITY,AVOID,-10.17,-1.77,-15.24,11.7,-19.78,-19.78
2026-07-27,Consumer Services,HIGH_VOLATILITY,AVOID,-5.56,-2.65,-16.12,10.82,-11.42,-11.42
2026-07-27,Passenger Cars & Utility Vehicles,HIGH_VOLATILITY,BUY,6.97,0.89,-12.57,14.36,19.1,19.1
2026-07-27,Realty,HIGH_VOLATILITY,AVOID,-9.02,-0.82,-14.29,12.65,-20.73,-20.73
2026-07-27,Railway Ticketing & Catering,HIGH_VOLATILITY,AVOID,-8.78,-0.7,-14.17,12.77,-20.09,-20.09
2026-07-27,Batteries & Energy Storage,HIGH_VOLATILITY,AVOID,-10.07,0.29,-13.18,13.76,-19.32,-19.32
2026-07-27,Travel Tech SaaS Solutions,HIGH_VOLATILITY,NEUTRAL,6.27,3.89,-9.58,17.36,19.44,19.44
2026-07-27,Edible Oils,HIGH_VOLATILITY,AVOID,-8.76,-0.82,-14.29,12.65,-19.83,-19.83
2026-07-27,Diversified Retail,HIGH_VOLATILITY,AVOID,-6.94,-3.72,-17.19,9.75,-16.2,-16.2
2026-07-27,Fast Moving Consumer Goods,HIGH_VOLATILITY,AVOID,-5.36,-3.06,-16.53,10.41,-11.41,-11.41
2026-07-27,Railway Financing,HIGH_VOLATILITY,AVOID,-8.82,-1.14,-14.6,12.33,-20.03,-20.03
2026-07-27,Electronic Manufacturing Services (EMS),HIGH_VOLATILITY,AVOID,-7.97,-2.6,-16.07,10.87,-11.71,-11.71
2026-07-27,Ship Building & Defence,HIGH_VOLATILITY,AVOID,-4.05,-1.87,-15.34,11.6,-11.49,-11.49
2026-07-27,Railway Infrastructure,HIGH_VOLATILITY,AVOID,-8.56,-0.5,-13.97,12.97,-19.7,-19.7
2026-07-27,Electronic Manufacturing Services (EMS),HIGH_VOLATILITY,AVOID,-10.93,0.48,-12.99,13.95,-21.44,-21.44
2026-07-27,Diversified Commercial,HIGH_VOLATILITY,AVOID,-3.1,-3.81,-17.27,9.66,-5.27,-5.27
2026-07-27,Oil Exploration & Refining,HIGH_VOLATILITY,AVOID,-4.31,-2.94,-16.41,10.53,-7.04,-7.04
2026-07-27,Packaging Materials & Containers,HIGH_VOLATILITY,WATCH,0.79,-1.17,-14.64,12.29,1.23,1.23
2026-07-27,Cement & Clinker,HIGH_VOLATILITY,AVOID,-7.64,-4.23,-17.69,9.24,-17.04,-17.04
2026-07-27,Electronic Manufacturing Services (EMS),HIGH_VOLATILITY,BUY,7.55,-2.18,-15.65,11.29,16.47,16.47
2026-07-27,Hotels & Restaurants,HIGH_VOLATILITY,AVOID,-8.77,-5.91,-19.38,7.56,-16.58,-16.58
2026-07-27,Air Conditioners & AC Components,HIGH_VOLATILITY,AVOID,-2.36,-3.05,-16.52,10.41,-9.16,-9.16
2026-07-27,Lubricants & Specialty Oils,HIGH_VOLATILITY,NEUTRAL,-2.45,-1.52,-14.99,11.94,-2.84,-2.84
2026-07-27,Cement,HIGH_VOLATILITY,NEUTRAL,-3.75,0.98,-12.49,14.45,-4.23,-4.23
2026-07-27,Civil Buildings & Commercial EPC,HIGH_VOLATILITY,AVOID,-7.72,-0.77,-14.24,12.7,-18.1,-18.1
2026-07-27,Civil Construction & Infrastructure EPC,HIGH_VOLATILITY,AVOID,-7.99,-3.43,-16.9,10.04,-17.52,-17.52
2026-07-27,Telecom Services & Infrastructure,HIGH_VOLATILITY,NEUTRAL,-1.45,-2.77,-16.23,10.7,1.93,1.93
2026-07-27,Transformers & T&D Equipment,HIGH_VOLATILITY,NEUTRAL,2.41,-1.07,-14.54,12.4,9.63,9.63
2026-07-27,Ceramics & Tiles,HIGH_VOLATILITY,AVOID,-6.84,-3.62,-17.09,9.85,-13.23,-13.23
2026-07-27,Consumer Durables,HIGH_VOLATILITY,WATCH,1.97,-0.86,-14.33,12.6,4.69,4.69
2026-07-27,"Plywood, MDF & Laminates",HIGH_VOLATILITY,AVOID,-5.82,-2.44,-15.9,11.03,-8.7,-8.7
2026-07-27,Bearings & Friction Solutions,HIGH_VOLATILITY,NEUTRAL,-0.33,-1.56,-15.02,11.91,1.28,1.28
2026-07-27,"Textiles, Yarns & Apparel",HIGH_VOLATILITY,NEUTRAL,-2.81,-3.25,-16.72,10.21,-3.87,-3.87
2026-07-27,Roads & Highways EPC,HIGH_VOLATILITY,AVOID,-11.26,0.48,-12.99,13.95,-20.86,-20.86
2026-07-27,Packaging & Containers,HIGH_VOLATILITY,WATCH,2.94,-0.75,-14.22,12.72,4.98,4.98
2026-07-27,Metals & Mining,HIGH_VOLATILITY,NEUTRAL,1.26,-0.79,-14.26,12.68,7.97,7.97
2026-07-27,Dairy Products,HIGH_VOLATILITY,AVOID,-8.24,0.98,-12.48,14.45,-16.83,-16.83
2026-07-27,Textiles,HIGH_VOLATILITY,BUY,1.99,-0.94,-14.41,12.53,11.5,11.5
2026-07-27,Footwear,HIGH_VOLATILITY,AVOID,-7.09,-0.77,-14.24,12.7,-16.15,-16.15
2026-07-27,Stockbroking & Financial Products,HIGH_VOLATILITY,AVOID,-4.63,-3.38,-16.84,10.09,-9.6,-9.6
2026-07-27,Media & Entertainment,HIGH_VOLATILITY,AVOID,-6.36,-3.88,-17.35,9.58,-11.69,-11.69
2026-07-27,Renewable Energy - Solar & Wind,HIGH_VOLATILITY,AVOID,-9.54,-5.14,-18.61,8.33,-16.5,-16.5
2026-07-27,Gas Transmission & Distribution,HIGH_VOLATILITY,AVOID,-7.74,-2.12,-15.59,11.35,-13.52,-13.52
2026-07-27,Data Centers & Real Estate,HIGH_VOLATILITY,BUY,6.78,0.89,-12.57,14.36,20.26,20.26
2026-07-27,Hospitals & Healthcare Services,HIGH_VOLATILITY,WATCH,7.73,4.11,-9.36,17.57,20.96,20.96
2026-07-27,Power,HIGH_VOLATILITY,NEUTRAL,-1.73,-2.77,-16.23,10.7,-1.64,-1.64
2026-07-27,Rubber Chemicals,HIGH_VOLATILITY,AVOID,-10.43,0.48,-12.99,13.95,-18.96,-18.96
2026-07-27,Iron & Steel,HIGH_VOLATILITY,NEUTRAL,0.71,-2.82,-16.28,10.65,6.86,6.86
2026-07-27,Gas Distribution,HIGH_VOLATILITY,AVOID,-4.82,-1.84,-15.31,11.63,-12.78,-12.78
2026-07-27,Textiles & Apparel,HIGH_VOLATILITY,AVOID,-3.28,-3.79,-17.26,9.68,-5.46,-5.46
2026-07-28,"Logistics, Ports & Supply Chain",HIGH_VOLATILITY,NEUTRAL,-1.25,-2.46,-15.93,11.01,-1.22,-1.22
2026-07-28,Dairy Products,HIGH_VOLATILITY,AVOID,-10.18,0.29,-13.18,13.76,-19.21,-19.21
2026-07-28,Railway Telecom,HIGH_VOLATILITY,AVOID,-9.18,-0.52,-13.99,12.95,-20.65,-20.65
2026-07-28,Asset Management Company (AMC),HIGH_VOLATILITY,AVOID,-5.82,-2.66,-16.12,10.81,-10.15,-10.15
2026-07-28,Batteries,HIGH_VOLATILITY,AVOID,-11.41,0.53,-12.94,14.0,-21.21,-21.21
2026-07-28,Packaging & Containers,HIGH_VOLATILITY,AVOID,-5.53,-2.27,-15.74,11.2,-6.13,-6.13
2026-07-28,Aluminium & Mining,HIGH_VOLATILITY,AVOID,-3.67,-3.19,-16.66,10.28,-5.95,-5.95
2026-07-28,Water & Wastewater Treatment,HIGH_VOLATILITY,AVOID,-4.81,-2.86,-16.33,10.6,-13.43,-13.43
2026-07-28,Water & Wastewater Treatment,HIGH_VOLATILITY,AVOID,-6.62,2.53,-10.94,16.0,-13.2,-13.2
2026-07-28,Diagnostic & Healthcare Laboratories,HIGH_VOLATILITY,AVOID,-8.13,-0.6,-14.07,12.87,-19.39,-19.39
2026-07-28,Batteries,HIGH_VOLATILITY,WATCH,4.19,-1.47,-14.93,12.0,9.44,9.44
2026-07-28,Footwear,HIGH_VOLATILITY,AVOID,-8.44,-0.6,-14.07,12.87,-18.55,-18.55
2026-07-28,Structural Steel Tubes & Pipes,HIGH_VOLATILITY,STRONG BUY,5.4,-0.32,-13.79,13.14,17.22,17.22
2026-07-28,IT Consulting & Software,HIGH_VOLATILITY,AVOID,-4.43,-4.65,-18.12,8.81,-12.34,-12.34
2026-07-28,Capital Markets & Asset Management,HIGH_VOLATILITY,AVOID,-9.39,-2.7,-16.16,10.77,-16.28,-16.28
2026-07-28,Financial Services,HIGH_VOLATILITY,AVOID,-4.51,-3.28,-16.75,10.19,-8.19,-8.19
2026-07-28,Stockbroking & Financial Products,HIGH_VOLATILITY,AVOID,-4.26,-3.38,-16.84,10.09,-9.1,-9.1
2026-07-28,Media & Entertainment,HIGH_VOLATILITY,AVOID,-5.16,-3.79,-17.26,9.67,-10.76,-10.76
2026-07-28,Electronic Manufacturing Services (EMS),HIGH_VOLATILITY,BUY,7.58,-2.06,-15.53,11.4,16.54,16.54
2026-07-28,Electronic Manufacturing Services (EMS),HIGH_VOLATILITY,AVOID,-9.62,-2.68,-16.14,10.79,-15.49,-15.49
2026-07-28,Electronic Manufacturing Services (EMS),HIGH_VOLATILITY,AVOID,-10.86,1.3,-12.17,14.77,-21.41,-21.41
2026-07-28,Packaged Foods & FMCG Staples,HIGH_VOLATILITY,AVOID,-2.81,-3.57,-17.04,9.9,-6.54,-6.54
2026-07-28,Ship Building & Defence,HIGH_VOLATILITY,AVOID,-7.81,-0.53,-13.99,12.94,-18.25,-18.25
2026-07-28,Saw Pipes & Ductile Iron Pipes,HIGH_VOLATILITY,BUY,6.84,1.46,-12.01,14.93,19.94,19.94
2026-07-28,Packaging Materials & Containers,HIGH_VOLATILITY,AVOID,-4.51,-2.02,-15.49,11.45,-4.58,-4.58
2026-07-28,Insurance,HIGH_VOLATILITY,AVOID,-8.5,-2.27,-15.74,11.19,-13.56,-13.56
2026-07-28,Copper & Non-Ferrous Metals,HIGH_VOLATILITY,NEUTRAL,-0.5,1.01,-12.46,14.48,3.39,3.39
2026-07-28,Plywood & Boards,HIGH_VOLATILITY,NEUTRAL,0.85,-1.04,-14.51,12.42,1.79,1.79
2026-07-28,Construction,HIGH_VOLATILITY,NEUTRAL,-4.89,-0.67,-14.14,12.8,-4.34,-4.34
2026-07-28,Project Management & Civil Construction,HIGH_VOLATILITY,AVOID,-8.24,-0.48,-13.95,12.99,-18.09,-18.09
2026-07-28,API & CDMO / CRAMS,HIGH_VOLATILITY,NEUTRAL,-0.17,-1.7,-15.16,11.77,2.96,2.96
2026-07-28,Pipes & Tubes,HIGH_VOLATILITY,AVOID,-4.46,-3.41,-16.87,10.06,-7.94,-7.94
2026-07-28,Construction Materials,HIGH_VOLATILITY,REDUCE,3.95,6.11,-7.36,19.58,16.16,16.16
2026-07-28,Chemicals,HIGH_VOLATILITY,AVOID,-8.08,-3.2,-16.67,10.27,-13.08,-13.08
2026-07-28,Auto Lighting,HIGH_VOLATILITY,REDUCE,4.69,4.9,-8.57,18.37,17.54,17.54
2026-07-28,Batteries & Energy Storage,HIGH_VOLATILITY,AVOID,-9.73,0.98,-12.48,14.45,-19.69,-19.69
2026-07-28,Passenger Cars & Utility Vehicles,HIGH_VOLATILITY,BUY,7.94,1.38,-12.08,14.85,19.16,19.16
2026-07-28,Realty,HIGH_VOLATILITY,AVOID,-8.96,-0.52,-13.99,12.95,-20.84,-20.84
2026-07-28,Railway Ticketing & Catering,HIGH_VOLATILITY,AVOID,-7.69,-0.6,-14.07,12.87,-18.33,-18.33
2026-07-28,Media Entertainment & Publication,HIGH_VOLATILITY,NEUTRAL,0.47,-1.08,-14.55,12.39,4.03,4.03
2026-07-28,Internet & Digital Platforms,HIGH_VOLATILITY,AVOID,-6.44,-3.36,-16.82,10.11,-12.5,-12.5
2026-07-28,Data Centers & Real Estate,HIGH_VOLATILITY,BUY,3.91,-0.32,-13.79,13.15,16.46,16.46
2026-07-28,Rubber Chemicals,HIGH_VOLATILITY,AVOID,-9.4,-0.22,-13.69,13.25,-19.26,-19.26
2026-07-28,Gas Distribution,HIGH_VOLATILITY,AVOID,-2.52,-1.59,-15.06,11.87,-9.69,-9.69
2026-07-28,Iron & Steel,HIGH_VOLATILITY,BUY,3.96,-1.92,-15.39,11.55,10.68,10.68
2026-07-28,Pharmaceuticals & Biotechnology,HIGH_VOLATILITY,NEUTRAL,0.86,-3.07,-16.54,10.39,6.28,6.28
2026-07-28,Paints & Coatings,HIGH_VOLATILITY,AVOID,-9.17,1.3,-12.17,14.77,-16.6,-16.6
2026-07-28,Information Technology,HIGH_VOLATILITY,NEUTRAL,0.4,-2.91,-16.38,10.55,-1.85,-1.85
2026-07-28,Renewable Energy,HIGH_VOLATILITY,AVOID,-6.08,-3.24,-16.71,10.23,-12.13,-12.13
2026-07-28,Civil Construction & Infrastructure,HIGH_VOLATILITY,AVOID,-9.56,-3.05,-16.52,10.41,-16.56,-16.56
2026-07-28,Railways,HIGH_VOLATILITY,NEUTRAL,-0.17,-1.16,-14.63,12.3,2.19,2.19
2026-07-28,Air Conditioners & Appliances,HIGH_VOLATILITY,AVOID,-8.86,-0.6,-14.07,12.87,-20.09,-20.09
2026-07-28,Software Products & Digital Services,HIGH_VOLATILITY,AVOID,-4.24,-4.29,-17.76,9.17,-7.58,-7.58
2026-07-28,Logistics & Transportation,HIGH_VOLATILITY,AVOID,-2.83,-3.33,-16.79,10.14,-6.82,-6.82
2026-07-28,Telecommunication,HIGH_VOLATILITY,NEUTRAL,-3.25,-2.6,-16.07,10.87,-3.63,-3.63
2026-07-28,Tyres & Rubber Products,HIGH_VOLATILITY,AVOID,-3.87,-3.18,-16.65,10.28,-6.44,-6.44
2026-07-28,Tractors & Farm Equipment,HIGH_VOLATILITY,AVOID,-10.97,0.98,-12.48,14.45,-20.18,-20.18
2026-07-28,Railway Wagons & Equipment,HIGH_VOLATILITY,AVOID,-9.85,-0.6,-14.07,12.87,-21.31,-21.31
2026-07-28,Microfinance NBFC,HIGH_VOLATILITY,NEUTRAL,-0.37,1.5,-11.97,14.96,8.91,8.91
2026-07-28,Copper Mining,HIGH_VOLATILITY,NEUTRAL,6.49,4.17,-9.3,17.63,20.52,20.52
2026-07-28,Utilities,HIGH_VOLATILITY,AVOID,-7.28,-0.6,-14.07,12.87,-18.24,-18.24
2026-07-28,Fast Moving Consumer Goods,HIGH_VOLATILITY,AVOID,-4.81,-3.0,-16.47,10.47,-10.85,-10.85
2026-07-28,Auto Parts & Equipment,HIGH_VOLATILITY,NEUTRAL,1.52,-2.77,-16.24,10.7,8.05,8.05
2026-07-28,Capital Goods,HIGH_VOLATILITY,NEUTRAL,-0.68,-3.15,-16.62,10.31,3.56,3.56
2026-07-28,Bearings & Friction Solutions,HIGH_VOLATILITY,NEUTRAL,-1.34,-1.7,-15.16,11.77,0.9,0.9
2026-07-28,Ceramics & Tiles,HIGH_VOLATILITY,AVOID,-3.35,-2.71,-16.18,10.75,-8.49,-8.49
2026-07-28,Textiles & Apparel,HIGH_VOLATILITY,AVOID,-3.67,-3.84,-17.31,9.62,-5.75,-5.75
2026-07-28,Civil Buildings & Commercial EPC,HIGH_VOLATILITY,AVOID,-7.87,-0.77,-14.24,12.7,-18.38,-18.38
2026-07-28,"Plywood, MDF & Laminates",HIGH_VOLATILITY,AVOID,-4.4,-2.92,-16.39,10.55,-7.53,-7.53
2026-07-28,"Textiles, Yarns & Apparel",HIGH_VOLATILITY,AVOID,-3.3,-3.08,-16.55,10.39,-5.19,-5.19
2026-07-28,Metals & Mining,HIGH_VOLATILITY,NEUTRAL,-1.37,-2.25,-15.72,11.21,2.94,2.94
2026-07-28,Auto Glass,HIGH_VOLATILITY,NEUTRAL,-3.29,-1.77,-15.23,11.7,2.22,2.22
2026-07-28,Fertilizers & Agrochemicals,HIGH_VOLATILITY,AVOID,-8.56,-3.83,-17.3,9.64,-18.25,-18.25
2026-07-28,Railway Financing,HIGH_VOLATILITY,AVOID,-8.31,-0.6,-14.07,12.87,-19.45,-19.45
2026-07-28,Diversified Retail,HIGH_VOLATILITY,AVOID,-8.64,-3.2,-16.67,10.27,-17.33,-17.33
2026-07-28,Steel Manufacturing & Mining,HIGH_VOLATILITY,BUY,4.84,-1.71,-15.18,11.75,15.29,15.29
2026-07-28,Commodity Chemicals,HIGH_VOLATILITY,NEUTRAL,-3.42,-3.99,-17.46,9.48,-2.74,-2.74
2026-07-28,Diversified Commercial,HIGH_VOLATILITY,AVOID,-4.07,-4.06,-17.53,9.41,-6.31,-6.31
2026-07-28,Sugar & Bio-Ethanol,HIGH_VOLATILITY,AVOID,-7.47,-3.1,-16.57,10.37,-10.8,-10.8
2026-07-28,Cement,HIGH_VOLATILITY,NEUTRAL,-2.35,-2.46,-15.93,11.01,-2.52,-2.52
2026-07-28,Automobile OEMs,HIGH_VOLATILITY,NEUTRAL,-2.13,-1.75,-15.22,11.71,-2.34,-2.34
2026-07-28,Banks,HIGH_VOLATILITY,NEUTRAL,-0.23,-3.0,-16.46,10.47,7.33,7.33
2026-07-28,Heavy Electrical Equipment,HIGH_VOLATILITY,NEUTRAL,7.16,4.17,-9.3,17.63,20.23,20.23
2026-07-28,Transformers & T&D Equipment,HIGH_VOLATILITY,NEUTRAL,0.39,-2.08,-15.55,11.39,6.58,6.58
2026-07-28,Travel Tech SaaS Solutions,HIGH_VOLATILITY,NEUTRAL,6.41,3.53,-9.94,17.0,19.7,19.7
2026-07-28,Specialty Chemicals,HIGH_VOLATILITY,NEUTRAL,-2.82,-3.65,-17.12,9.81,-2.99,-2.99
2026-07-28,Consumer Services,HIGH_VOLATILITY,AVOID,-7.39,-2.55,-16.01,10.92,-12.34,-12.34
2026-07-28,Oil Exploration & Refining,HIGH_VOLATILITY,AVOID,-4.57,-3.06,-16.52,10.41,-6.68,-6.68
2026-07-28,Cement & Clinker,HIGH_VOLATILITY,AVOID,-8.05,-3.93,-17.4,9.53,-17.11,-17.11
2026-07-28,Breweries & Distilleries,HIGH_VOLATILITY,NEUTRAL,-1.06,-1.86,-15.33,11.61,-0.57,-0.57
2026-07-28,Plastic Pipes & Fittings,HIGH_VOLATILITY,AVOID,-7.75,-2.52,-15.99,10.95,-13.77,-13.77
2026-07-28,Paints,HIGH_VOLATILITY,AVOID,-4.5,-2.84,-16.31,10.63,-8.58,-8.58
2026-07-28,Packaged Foods & Consumer Staples,HIGH_VOLATILITY,AVOID,-4.89,-3.14,-16.61,10.33,-7.62,-7.62
2026-07-28,Hospitals & Diagnostic Centres,HIGH_VOLATILITY,NEUTRAL,-1.53,-3.23,-16.7,10.24,-1.09,-1.09
2026-07-28,Power Generation & Utilities,HIGH_VOLATILITY,AVOID,-6.47,-2.19,-15.65,11.28,-11.62,-11.62
2026-07-28,Mining & Mineral Products,HIGH_VOLATILITY,NEUTRAL,-0.09,-1.03,-14.5,12.44,1.23,1.23
2026-07-28,Superalloys & Special Metals,HIGH_VOLATILITY,AVOID,-9.07,0.98,-12.48,14.45,-15.84,-15.84
2026-07-28,Explosives & Defence Chemicals,HIGH_VOLATILITY,NEUTRAL,6.48,4.17,-9.3,17.63,19.7,19.7
2026-07-28,Automobile and Auto Components,HIGH_VOLATILITY,NEUTRAL,-0.72,-2.46,-15.93,11.01,3.14,3.14
2026-07-28,Lubricants & Specialty Oils,HIGH_VOLATILITY,NEUTRAL,-2.32,-1.45,-14.92,12.02,-2.41,-2.41
2026-07-28,Power Sector Financing NBFC,HIGH_VOLATILITY,NEUTRAL,0.41,-0.32,-13.79,13.14,4.88,4.88
2026-07-28,Roads & Highways EPC,HIGH_VOLATILITY,AVOID,-10.57,0.98,-12.48,14.45,-20.53,-20.53
2026-07-28,Healthcare,HIGH_VOLATILITY,AVOID,-3.28,-1.55,-15.02,11.92,-4.75,-4.75
2026-07-28,Plastic Pipes & Moulded Products,HIGH_VOLATILITY,AVOID,-6.53,-0.77,-14.24,12.7,-16.47,-16.47
2026-07-28,"Hotels, Resorts & QSR",HIGH_VOLATILITY,AVOID,-8.7,-2.81,-16.28,10.66,-17.64,-17.64
2026-07-28,Air Conditioners & AC Components,HIGH_VOLATILITY,AVOID,-10.43,-0.38,-13.84,13.09,-18.96,-18.96
2026-07-28,Air Conditioners & AC Components,HIGH_VOLATILITY,AVOID,-2.33,-2.98,-16.45,10.49,-9.08,-9.08
2026-07-28,Pumps & Compressors,HIGH_VOLATILITY,AVOID,-6.96,-2.28,-15.75,11.19,-10.05,-10.05
2026-07-28,Gas Transmission & Distribution,HIGH_VOLATILITY,AVOID,-10.07,0.53,-12.94,14.0,-18.12,-18.12
2026-07-28,Tea & Coffee,HIGH_VOLATILITY,AVOID,-3.75,-3.18,-16.65,10.28,-6.09,-6.09
2026-07-28,Agrochemicals & Pesticides,HIGH_VOLATILITY,AVOID,-9.11,-0.6,-14.07,12.87,-20.25,-20.25
2026-07-28,Non Banking Financial Company (NBFC),HIGH_VOLATILITY,AVOID,-4.12,-3.89,-17.36,9.58,-5.54,-5.54
2026-07-28,Wires & Cables,HIGH_VOLATILITY,NEUTRAL,-1.78,-2.9,-16.37,10.56,1.4,1.4
2026-07-28,Textiles,HIGH_VOLATILITY,BUY,4.23,-0.94,-14.41,12.53,12.18,12.18
2026-07-28,Oil Gas & Consumable Fuels,HIGH_VOLATILITY,BUY,4.52,1.38,-12.08,14.85,17.27,17.27
2026-07-28,Wealth & Asset Management,HIGH_VOLATILITY,BUY,3.66,-0.32,-13.79,13.14,14.37,14.37
2026-07-28,Civil Construction & Infrastructure EPC,HIGH_VOLATILITY,AVOID,-7.56,-3.61,-17.08,9.86,-17.05,-17.05
2026-07-28,Fertilizers,HIGH_VOLATILITY,AVOID,-8.74,-0.5,-13.97,12.97,-20.36,-20.36
2026-07-28,Residential & Commercial Real Estate,HIGH_VOLATILITY,NEUTRAL,-0.83,-4.04,-17.51,9.43,-3.93,-3.93
2026-07-28,Zinc & Silver Mining,HIGH_VOLATILITY,NEUTRAL,6.26,3.8,-9.67,17.27,20.2,20.2
2026-07-28,Power Generation & Distribution,HIGH_VOLATILITY,AVOID,-8.21,-0.53,-13.99,12.94,-16.23,-16.23
2026-07-28,Renewable Energy - Solar & Wind,HIGH_VOLATILITY,AVOID,-8.33,-3.2,-16.67,10.27,-16.12,-16.12
2026-07-28,Asset Management & Wealth,HIGH_VOLATILITY,NEUTRAL,0.29,-1.64,-15.11,11.83,-1.89,-1.89
2026-07-28,Diversified & Fashion Retail,HIGH_VOLATILITY,AVOID,-8.89,-0.59,-14.06,12.88,-19.05,-19.05
2026-07-28,Housing & Urban Infrastructure Financing,HIGH_VOLATILITY,AVOID,-5.98,-0.58,-14.05,12.89,-14.94,-14.94
2026-07-28,Telecom Services & Infrastructure,HIGH_VOLATILITY,NEUTRAL,-0.21,-0.91,-14.38,12.56,3.32,3.32
2026-07-28,Renewable Energy Financing NBFC,HIGH_VOLATILITY,AVOID,-8.28,-0.77,-14.24,12.7,-19.24,-19.24
2026-07-28,Services,HIGH_VOLATILITY,AVOID,-4.29,-2.56,-16.03,10.91,-7.59,-7.59
2026-07-28,Aerospace & Defence,HIGH_VOLATILITY,NEUTRAL,-0.05,-2.19,-15.66,11.28,5.56,5.56
2026-07-28,Railway Infrastructure,HIGH_VOLATILITY,AVOID,-8.52,-0.6,-14.07,12.87,-19.81,-19.81
2026-07-28,Hospitals & Healthcare Services,HIGH_VOLATILITY,NEUTRAL,7.26,4.15,-9.32,17.62,20.87,20.87
2026-07-28,Consumer Durables,HIGH_VOLATILITY,NEUTRAL,-0.02,-3.02,-16.49,10.45,2.9,2.9
2026-07-28,Railway Infrastructure & Consulting,HIGH_VOLATILITY,AVOID,-9.95,-0.6,-14.07,12.87,-21.71,-21.71
2026-07-28,Paper & Paper Products,HIGH_VOLATILITY,AVOID,-3.87,-3.19,-16.66,10.28,-9.97,-9.97
2026-07-28,Edible Oils,HIGH_VOLATILITY,AVOID,-8.77,-0.52,-13.99,12.95,-19.9,-19.9
2026-07-28,Power,HIGH_VOLATILITY,NEUTRAL,-3.29,-2.27,-15.74,11.2,-2.81,-2.81
2026-07-28,Affordable Housing Finance Company,HIGH_VOLATILITY,AVOID,-9.74,0.98,-12.48,14.45,-20.53,-20.53
2026-07-28,Pharmaceuticals,HIGH_VOLATILITY,NEUTRAL,-2.88,-1.98,-15.45,11.49,-2.67,-2.67
2026-07-28,Hotels & Restaurants,HIGH_VOLATILITY,AVOID,-7.62,-3.93,-17.4,9.53,-17.26,-17.26
2026-07-29,Stockbroking & Financial Products,HIGH_VOLATILITY,NEUTRAL,-0.03,-3.41,-16.88,10.06,-3.54,-3.54
2026-07-29,Copper Mining,HIGH_VOLATILITY,NEUTRAL,6.6,4.21,-9.25,17.68,20.52,20.52
2026-07-29,Aerospace & Defence,HIGH_VOLATILITY,NEUTRAL,-1.09,-2.51,-15.98,10.96,4.64,4.64
2026-07-29,Healthcare,HIGH_VOLATILITY,NEUTRAL,-2.93,-1.87,-15.34,11.6,-4.08,-4.08
2026-07-29,Electronic Manufacturing Services (EMS),HIGH_VOLATILITY,AVOID,-9.19,-2.68,-16.14,10.79,-14.51,-14.51
2026-07-29,Auto Parts & Equipment,HIGH_VOLATILITY,BUY,2.88,-1.67,-15.14,11.8,9.99,9.99
2026-07-29,Air Conditioners & Appliances,HIGH_VOLATILITY,AVOID,-4.56,-0.58,-14.05,12.89,-12.89,-12.89
2026-07-29,Gas Transmission & Distribution,HIGH_VOLATILITY,AVOID,-6.61,-3.09,-16.56,10.38,-12.83,-12.83
2026-07-29,Electronic Manufacturing Services (EMS),HIGH_VOLATILITY,AVOID,-11.21,0.27,-13.2,13.74,-20.74,-20.74
2026-07-29,Electronic Manufacturing Services (EMS),HIGH_VOLATILITY,BUY,8.34,-0.15,-13.62,13.32,18.27,18.27
2026-07-29,"Textiles, Yarns & Apparel",HIGH_VOLATILITY,NEUTRAL,-3.63,-3.08,-16.55,10.39,-4.57,-4.57
2026-07-29,Wealth & Asset Management,HIGH_VOLATILITY,STRONG BUY,7.18,0.79,-12.68,14.26,16.31,16.31
2026-07-29,Services,HIGH_VOLATILITY,NEUTRAL,0.6,-1.68,-15.14,11.79,-0.93,-0.93
2026-07-29,Telecommunication,HIGH_VOLATILITY,NEUTRAL,-3.59,-2.77,-16.23,10.7,-1.67,-1.67
2026-07-29,Hotels & Restaurants,HIGH_VOLATILITY,AVOID,-7.97,-3.76,-17.23,9.71,-15.79,-15.79
2026-07-29,Breweries & Distilleries,HIGH_VOLATILITY,WATCH,1.58,-1.76,-15.23,11.71,2.33,2.33
2026-07-29,Tractors & Farm Equipment,HIGH_VOLATILITY,WATCH,1.68,1.27,-12.19,14.74,1.3,1.3
2026-07-29,Banks,HIGH_VOLATILITY,NEUTRAL,0.51,-3.11,-16.58,10.36,6.8,6.8
2026-07-29,Ceramics & Tiles,HIGH_VOLATILITY,AVOID,-4.13,-3.05,-16.52,10.41,-10.43,-10.43
2026-07-29,Affordable Housing Finance Company,HIGH_VOLATILITY,AVOID,-11.09,0.27,-13.2,13.74,-20.46,-20.46
2026-07-29,Auto Glass,HIGH_VOLATILITY,NEUTRAL,-2.78,-1.09,-14.56,12.37,3.37,3.37
2026-07-29,Telecom Services & Infrastructure,HIGH_VOLATILITY,NEUTRAL,2.42,-1.42,-14.88,12.05,7.35,7.35
2026-07-29,Diversified Commercial,HIGH_VOLATILITY,NEUTRAL,-2.66,-4.04,-17.51,9.43,-4.71,-4.71
2026-07-29,Gas Distribution,HIGH_VOLATILITY,AVOID,-6.26,-1.97,-15.44,11.5,-13.8,-13.8
2026-07-29,Edible Oils,HIGH_VOLATILITY,AVOID,-4.7,1.53,-11.94,15.0,-14.81,-14.81
2026-07-29,Logistics & Transportation,HIGH_VOLATILITY,AVOID,-3.34,-3.57,-17.04,9.9,-6.89,-6.89
2026-07-29,Tea & Coffee,HIGH_VOLATILITY,AVOID,-6.43,-2.84,-16.31,10.63,-9.13,-9.13
2026-07-29,Pumps & Compressors,HIGH_VOLATILITY,NEUTRAL,-3.79,-1.62,-15.09,11.85,-4.54,-4.54
2026-07-29,Metals & Mining,HIGH_VOLATILITY,NEUTRAL,2.02,-0.29,-13.76,13.18,6.67,6.67
2026-07-29,Bearings & Friction Solutions,HIGH_VOLATILITY,NEUTRAL,-1.06,-1.73,-15.19,11.74,0.65,0.65
2026-07-29,IT Consulting & Software,HIGH_VOLATILITY,AVOID,-4.46,-4.4,-17.87,9.07,-12.72,-12.72
2026-07-29,Power Generation & Utilities,HIGH_VOLATILITY,AVOID,-6.46,-3.08,-16.55,10.39,-12.05,-12.05
2026-07-29,Non Banking Financial Company (NBFC),HIGH_VOLATILITY,NEUTRAL,-2.75,-3.89,-17.36,9.58,-3.9,-3.9
2026-07-29,Rubber Chemicals,HIGH_VOLATILITY,AVOID,-6.51,-0.37,-13.84,13.1,-15.99,-15.99
2026-07-29,Hospitals & Healthcare Services,HIGH_VOLATILITY,NEUTRAL,7.74,3.71,-9.76,17.17,21.58,21.58
2026-07-29,Fast Moving Consumer Goods,HIGH_VOLATILITY,AVOID,-5.25,-3.02,-16.49,10.44,-11.58,-11.58
2026-07-29,Power,HIGH_VOLATILITY,NEUTRAL,-1.92,-2.71,-16.18,10.76,-1.86,-1.86
2026-07-29,Data Centers & Real Estate,HIGH_VOLATILITY,BUY,3.0,0.06,-13.4,13.53,16.63,16.63
2026-07-29,Consumer Durables,HIGH_VOLATILITY,NEUTRAL,2.46,-3.02,-16.49,10.45,8.68,8.68
2026-07-29,Renewable Energy Financing NBFC,HIGH_VOLATILITY,AVOID,-8.56,-0.77,-14.24,12.7,-19.54,-19.54
2026-07-29,Media & Entertainment,HIGH_VOLATILITY,AVOID,-3.25,-3.88,-17.35,9.58,-8.73,-8.73
2026-07-29,Internet & Digital Platforms,HIGH_VOLATILITY,AVOID,-5.28,-2.77,-16.24,10.7,-12.26,-12.26
2026-07-29,Packaged Foods & FMCG Staples,HIGH_VOLATILITY,AVOID,-2.37,-3.71,-17.17,9.76,-5.18,-5.18
2026-07-29,Roads & Highways EPC,HIGH_VOLATILITY,AVOID,-8.15,-0.64,-14.11,12.83,-19.18,-19.18
2026-07-29,Civil Buildings & Commercial EPC,HIGH_VOLATILITY,AVOID,-7.83,-0.6,-14.07,12.87,-18.33,-18.33
2026-07-29,Fertilizers,HIGH_VOLATILITY,AVOID,-7.16,-0.64,-14.11,12.83,-18.38,-18.38
2026-07-29,Civil Construction & Infrastructure EPC,HIGH_VOLATILITY,AVOID,-7.47,-3.94,-17.41,9.53,-16.89,-16.89
2026-07-29,Saw Pipes & Ductile Iron Pipes,HIGH_VOLATILITY,BUY,5.38,0.9,-12.57,14.37,18.85,18.85
2026-07-29,Realty,HIGH_VOLATILITY,AVOID,-8.96,-0.82,-14.29,12.65,-19.78,-19.78
2026-07-29,Power Generation & Distribution,HIGH_VOLATILITY,AVOID,-5.13,-2.41,-15.88,11.06,-13.3,-13.3
2026-07-29,Project Management & Civil Construction,HIGH_VOLATILITY,AVOID,-8.43,-0.55,-14.02,12.91,-18.0,-18.0
2026-07-29,Batteries & Energy Storage,HIGH_VOLATILITY,AVOID,-8.78,-0.34,-13.81,13.12,-18.71,-18.71
2026-07-29,Plywood & Boards,HIGH_VOLATILITY,NEUTRAL,-1.53,-2.21,-15.68,11.25,1.74,1.74
2026-07-29,Railway Infrastructure & Consulting,HIGH_VOLATILITY,AVOID,-9.12,-0.34,-13.81,13.12,-20.81,-20.81
2026-07-29,Paper & Paper Products,HIGH_VOLATILITY,AVOID,-8.34,-3.07,-16.54,10.4,-13.3,-13.3
2026-07-29,Chemicals,HIGH_VOLATILITY,AVOID,-7.54,-2.82,-16.29,10.65,-12.71,-12.71
2026-07-29,Media Entertainment & Publication,HIGH_VOLATILITY,WATCH,3.89,0.3,-13.17,13.77,8.28,8.28
2026-07-29,Iron & Steel,HIGH_VOLATILITY,BUY,3.68,-2.82,-16.28,10.65,9.56,9.56
2026-07-29,Railway Ticketing & Catering,HIGH_VOLATILITY,AVOID,-8.11,-0.64,-14.11,12.83,-19.01,-19.01
2026-07-29,Cement & Clinker,HIGH_VOLATILITY,AVOID,-7.37,-4.23,-17.69,9.24,-16.82,-16.82
2026-07-29,Mining & Mineral Products,HIGH_VOLATILITY,WATCH,3.92,0.0,-13.46,13.47,6.89,6.89
2026-07-29,Ship Building & Defence,HIGH_VOLATILITY,AVOID,-3.38,-2.77,-16.23,10.7,-10.56,-10.56
2026-07-29,Automobile and Auto Components,HIGH_VOLATILITY,NEUTRAL,1.81,-0.21,-13.68,13.25,6.37,6.37
2026-07-29,Insurance,HIGH_VOLATILITY,AVOID,-5.06,-3.36,-16.82,10.11,-11.01,-11.01
2026-07-29,Utilities,HIGH_VOLATILITY,AVOID,-3.99,-0.64,-14.11,12.83,-12.9,-12.9
2026-07-29,Plastic Pipes & Moulded Products,HIGH_VOLATILITY,AVOID,-8.71,-0.82,-14.29,12.65,-19.86,-19.86
2026-07-29,Copper & Non-Ferrous Metals,HIGH_VOLATILITY,BUY,7.66,1.13,-12.34,14.6,17.41,17.41
2026-07-29,Capital Markets & Asset Management,HIGH_VOLATILITY,AVOID,-8.81,-3.43,-16.89,10.04,-15.95,-15.95
2026-07-29,Diversified Retail,HIGH_VOLATILITY,AVOID,-6.05,-2.63,-16.1,10.84,-14.66,-14.66
2026-07-29,Capital Goods,HIGH_VOLATILITY,NEUTRAL,1.38,-2.62,-16.09,10.84,5.93,5.93
2026-07-29,Construction,HIGH_VOLATILITY,NEUTRAL,-1.32,-0.69,-14.15,12.78,2.73,2.73
2026-07-29,Paints,HIGH_VOLATILITY,NEUTRAL,0.29,-1.46,-14.93,12.01,-3.09,-3.09
2026-07-29,API & CDMO / CRAMS,HIGH_VOLATILITY,WATCH,2.35,-0.96,-14.43,12.51,6.51,6.51
2026-07-29,Construction Materials,HIGH_VOLATILITY,BUY,4.75,0.9,-12.57,14.37,16.54,16.54
2026-07-29,Pipes & Tubes,HIGH_VOLATILITY,AVOID,-3.66,-3.51,-16.98,9.96,-7.48,-7.48
2026-07-29,Commodity Chemicals,HIGH_VOLATILITY,WATCH,0.74,-3.92,-17.39,9.54,1.01,1.01
2026-07-29,Hospitals & Diagnostic Centres,HIGH_VOLATILITY,NEUTRAL,-1.6,-2.77,-16.24,10.69,-1.83,-1.83
2026-07-29,Textiles & Apparel,HIGH_VOLATILITY,NEUTRAL,-5.0,-3.44,-16.91,10.02,-4.66,-4.66
2026-07-29,Auto Lighting,HIGH_VOLATILITY,REDUCE,4.26,6.11,-7.36,19.58,16.79,16.79
2026-07-29,Cement,HIGH_VOLATILITY,AVOID,-3.89,0.32,-13.15,13.79,-4.69,-4.69
2026-07-29,"Plywood, MDF & Laminates",HIGH_VOLATILITY,AVOID,-6.71,-2.77,-16.24,10.7,-10.0,-10.0
2026-07-29,Travel Tech SaaS Solutions,HIGH_VOLATILITY,NEUTRAL,6.66,4.15,-9.32,17.62,20.73,20.73
2026-07-29,Consumer Services,HIGH_VOLATILITY,AVOID,-6.02,-3.28,-16.74,10.19,-10.63,-10.63
2026-07-29,Passenger Cars & Utility Vehicles,HIGH_VOLATILITY,BUY,2.44,1.01,-12.46,14.48,14.05,14.05
2026-07-29,Oil Exploration & Refining,HIGH_VOLATILITY,AVOID,-4.88,-3.13,-16.6,10.34,-6.37,-6.37
2026-07-29,Textiles,HIGH_VOLATILITY,NEUTRAL,2.53,7.6,-5.87,21.07,10.24,10.24
2026-07-29,Zinc & Silver Mining,HIGH_VOLATILITY,NEUTRAL,6.76,4.11,-9.36,17.57,20.49,20.49
2026-07-29,Wires & Cables,HIGH_VOLATILITY,NEUTRAL,-1.05,-2.93,-16.4,10.54,1.57,1.57
2026-07-29,Plastic Pipes & Fittings,HIGH_VOLATILITY,AVOID,-4.55,-2.77,-16.23,10.7,-9.61,-9.61
2026-07-29,Explosives & Defence Chemicals,HIGH_VOLATILITY,NEUTRAL,6.23,3.8,-9.67,17.27,19.39,19.39
2026-07-29,"Logistics, Ports & Supply Chain",HIGH_VOLATILITY,NEUTRAL,-2.22,-2.6,-16.06,10.87,-1.84,-1.84
2026-07-29,Steel Manufacturing & Mining,HIGH_VOLATILITY,WATCH,7.44,-2.91,-16.38,10.56,19.22,19.22
2026-07-29,Batteries,HIGH_VOLATILITY,STRONG BUY,7.12,-0.96,-14.43,12.51,16.16,16.16
2026-07-29,Paints & Coatings,HIGH_VOLATILITY,AVOID,-5.93,-0.26,-13.72,13.21,-14.71,-14.71
2026-07-29,Batteries,HIGH_VOLATILITY,AVOID,-11.02,0.95,-12.51,14.42,-20.3,-20.3
2026-07-29,Renewable Energy - Solar & Wind,HIGH_VOLATILITY,AVOID,-7.46,-3.83,-17.3,9.64,-15.37,-15.37
2026-07-29,Software Products & Digital Services,HIGH_VOLATILITY,AVOID,-3.93,-4.23,-17.7,9.24,-7.68,-7.68
2026-07-29,Railway Wagons & Equipment,HIGH_VOLATILITY,AVOID,-3.39,-0.27,-13.74,13.2,-12.72,-12.72
2026-07-29,Residential & Commercial Real Estate,HIGH_VOLATILITY,AVOID,-5.3,-4.04,-17.51,9.43,-10.79,-10.79
2026-07-29,Railway Infrastructure,HIGH_VOLATILITY,AVOID,-5.62,-0.44,-13.91,13.03,-15.96,-15.96
2026-07-29,Pharmaceuticals,HIGH_VOLATILITY,NEUTRAL,-1.48,-3.27,-16.74,10.2,-1.61,-1.61
2026-07-29,Lubricants & Specialty Oils,HIGH_VOLATILITY,NEUTRAL,-2.06,-1.35,-14.82,12.12,-2.32,-2.32
2026-07-29,Footwear,HIGH_VOLATILITY,AVOID,-7.67,-0.82,-14.29,12.65,-17.86,-17.86
2026-07-29,Heavy Electrical Equipment,HIGH_VOLATILITY,REDUCE,2.28,4.03,-9.44,17.49,14.25,14.25
2026-07-29,Power Sector Financing NBFC,HIGH_VOLATILITY,STRONG BUY,7.71,0.23,-13.24,13.69,17.52,17.52
2026-07-29,Financial Services,HIGH_VOLATILITY,AVOID,-5.39,-2.84,-16.31,10.63,-8.71,-8.71
2026-07-29,Automobile OEMs,HIGH_VOLATILITY,NEUTRAL,-0.04,-1.84,-15.31,11.63,-0.19,-0.19
2026-07-29,Superalloys & Special Metals,HIGH_VOLATILITY,AVOID,-6.84,-0.82,-14.29,12.65,-15.26,-15.26
2026-07-29,Agrochemicals & Pesticides,HIGH_VOLATILITY,AVOID,-8.89,-0.7,-14.17,12.77,-19.68,-19.68
2026-07-29,Sugar & Bio-Ethanol,HIGH_VOLATILITY,AVOID,-7.28,-3.19,-16.66,10.28,-12.38,-12.38
2026-07-29,Civil Construction & Infrastructure,HIGH_VOLATILITY,AVOID,-8.35,-5.08,-18.55,8.38,-17.2,-17.2
2026-07-29,Railway Financing,HIGH_VOLATILITY,AVOID,-7.18,-0.34,-13.81,13.12,-17.86,-17.86
2026-07-29,Dairy Products,HIGH_VOLATILITY,AVOID,-7.55,-0.82,-14.29,12.65,-16.79,-16.79
2026-07-29,Transformers & T&D Equipment,HIGH_VOLATILITY,NEUTRAL,0.03,-2.2,-15.66,11.27,6.05,6.05
2026-07-29,Renewable Energy,HIGH_VOLATILITY,AVOID,-7.37,-2.45,-15.92,11.02,-13.61,-13.61
2026-07-29,Specialty Chemicals,HIGH_VOLATILITY,NEUTRAL,-1.95,-3.89,-17.36,9.58,-2.97,-2.97
2026-07-29,Packaging Materials & Containers,HIGH_VOLATILITY,AVOID,-5.26,-2.49,-15.96,10.98,-4.71,-4.71
2026-07-29,Information Technology,HIGH_VOLATILITY,NEUTRAL,-1.34,-1.41,-14.88,12.06,-3.15,-3.15
2026-07-29,Packaging & Containers,HIGH_VOLATILITY,AVOID,-4.23,-2.46,-15.93,11.01,-6.75,-6.75
2026-07-29,"Hotels, Resorts & QSR",HIGH_VOLATILITY,AVOID,-5.16,-3.94,-17.41,9.53,-13.12,-13.12
2026-07-29,Housing & Urban Infrastructure Financing,HIGH_VOLATILITY,AVOID,-8.59,0.14,-13.33,13.6,-17.01,-17.01
2026-07-29,Microfinance NBFC,HIGH_VOLATILITY,NEUTRAL,-0.62,1.01,-12.46,14.48,8.32,8.32
2026-07-29,Fertilizers & Agrochemicals,HIGH_VOLATILITY,AVOID,-2.58,-3.94,-17.41,9.53,-10.26,-10.26
2026-07-29,Diagnostic & Healthcare Laboratories,HIGH_VOLATILITY,AVOID,-4.99,1.85,-11.62,15.32,-15.08,-15.08
2026-07-29,Asset Management Company (AMC),HIGH_VOLATILITY,AVOID,-5.99,-2.77,-16.23,10.7,-10.61,-10.61
2026-07-29,Diversified & Fashion Retail,HIGH_VOLATILITY,AVOID,-8.09,-3.43,-16.9,10.04,-18.9,-18.9
2026-07-29,Railway Telecom,HIGH_VOLATILITY,AVOID,-6.61,-0.34,-13.81,13.12,-17.27,-17.27
2026-07-29,Packaged Foods & Consumer Staples,HIGH_VOLATILITY,NEUTRAL,-1.88,-1.99,-15.46,11.48,-3.43,-3.43
2026-07-29,Pharmaceuticals & Biotechnology,HIGH_VOLATILITY,NEUTRAL,2.21,-2.88,-16.35,10.58,7.16,7.16
2026-07-29,Aluminium & Mining,HIGH_VOLATILITY,NEUTRAL,-0.2,-0.98,-14.45,12.48,-0.84,-0.84
2026-07-29,Oil Gas & Consumable Fuels,HIGH_VOLATILITY,BUY,4.28,1.13,-12.34,14.6,17.8,17.8
2026-07-29,Air Conditioners & AC Components,HIGH_VOLATILITY,AVOID,-10.19,-0.14,-13.61,13.33,-18.4,-18.4
2026-07-29,Railways,HIGH_VOLATILITY,NEUTRAL,-1.11,-1.16,-14.63,12.3,1.81,1.81
2026-07-29,Asset Management & Wealth,HIGH_VOLATILITY,NEUTRAL,-3.98,-1.64,-15.11,11.83,-1.78,-1.78
2026-07-29,Water & Wastewater Treatment,HIGH_VOLATILITY,AVOID,-3.38,-0.91,-14.38,12.56,-9.67,-9.67
2026-07-29,Structural Steel Tubes & Pipes,HIGH_VOLATILITY,STRONG BUY,5.74,0.31,-13.15,13.78,17.79,17.79
2026-07-29,Air Conditioners & AC Components,HIGH_VOLATILITY,AVOID,-3.06,-3.05,-16.52,10.41,-10.46,-10.46
2026-07-29,Tyres & Rubber Products,HIGH_VOLATILITY,AVOID,-3.67,-3.18,-16.65,10.28,-6.18,-6.18
2026-07-29,Water & Wastewater Treatment,HIGH_VOLATILITY,AVOID,-10.36,0.92,-12.55,14.38,-18.8,-18.8
2026-07-30,Auto Lighting,WEAK_BEAR,REDUCE,3.41,1.39,-12.08,14.86,15.32,20.99
2026-07-30,Air Conditioners & AC Components,WEAK_BEAR,AVOID,-1.16,-3.0,-16.47,10.47,-5.61,0.06
2026-07-30,Rubber Chemicals,WEAK_BEAR,AVOID,-6.64,-2.03,-15.5,11.44,-15.74,-10.07
2026-07-30,Passenger Cars & Utility Vehicles,WEAK_BEAR,NEUTRAL,-0.18,-0.65,-14.12,12.82,8.74,14.41
2026-07-30,IT Consulting & Software,WEAK_BEAR,AVOID,-1.4,-3.97,-17.44,9.5,-7.0,-1.33
2026-07-30,Cement,WEAK_BEAR,AVOID,-4.02,-1.67,-15.14,11.8,-6.13,-0.46
2026-07-30,Dairy Products,WEAK_BEAR,AVOID,-6.05,-1.41,-14.88,12.06,-15.71,-10.04
2026-07-30,Construction,WEAK_BEAR,AVOID,-4.41,-1.37,-14.84,12.09,-6.65,-0.98
2026-07-30,Plastic Pipes & Fittings,WEAK_BEAR,AVOID,-1.02,-3.67,-17.13,9.8,-5.47,0.2
2026-07-30,Heavy Electrical Equipment,WEAK_BEAR,REDUCE,4.67,10.2,-3.27,23.66,16.55,22.22
2026-07-30,Hospitals & Diagnostic Centres,WEAK_BEAR,NEUTRAL,-0.36,-3.42,-16.89,10.04,-0.22,5.45
2026-07-30,Packaged Foods & Consumer Staples,WEAK_BEAR,NEUTRAL,-0.32,-3.49,-16.96,9.98,-2.09,3.58
2026-07-30,Consumer Services,WEAK_BEAR,AVOID,-2.22,-3.59,-17.06,9.88,-7.77,-2.1
2026-07-30,Air Conditioners & AC Components,WEAK_BEAR,AVOID,-9.34,-0.4,-13.87,13.07,-16.77,-11.1
2026-07-30,Power Sector Financing NBFC,WEAK_BEAR,STRONG BUY,6.64,1.31,-12.16,14.78,15.07,20.74
2026-07-30,Travel Tech SaaS Solutions,WEAK_BEAR,NEUTRAL,0.83,-3.2,-16.67,10.26,11.05,16.72
2026-07-30,Water & Wastewater Treatment,WEAK_BEAR,AVOID,-9.58,-0.55,-14.02,12.92,-18.2,-12.53
2026-07-30,Construction Materials,WEAK_BEAR,NEUTRAL,2.5,1.45,-12.01,14.92,12.27,17.94
2026-07-30,Water & Wastewater Treatment,WEAK_BEAR,AVOID,-1.28,-1.15,-14.61,12.32,-4.73,0.94
2026-07-30,Ship Building & Defence,WEAK_BEAR,AVOID,-5.57,-1.52,-14.99,11.94,-14.85,-9.18
2026-07-30,"Plywood, MDF & Laminates",WEAK_BEAR,AVOID,-2.75,-3.19,-16.66,10.28,-6.92,-1.25
2026-07-30,Structural Steel Tubes & Pipes,WEAK_BEAR,STRONG BUY,4.23,4.1,-9.37,17.57,15.4,21.07
2026-07-30,Oil Exploration & Refining,WEAK_BEAR,AVOID,-5.28,-4.15,-17.61,9.32,-6.22,-0.55
2026-07-30,Roads & Highways EPC,WEAK_BEAR,AVOID,-5.12,-1.46,-14.93,12.01,-14.95,-9.28
2026-07-30,Cement & Clinker,WEAK_BEAR,AVOID,-3.07,-4.06,-17.53,9.41,-10.68,-5.01
2026-07-30,Civil Buildings & Commercial EPC,WEAK_BEAR,AVOID,-7.17,-0.73,-14.19,12.74,-15.75,-10.08
2026-07-30,Media Entertainment & Publication,WEAK_BEAR,NEUTRAL,-0.79,-0.52,-13.99,12.95,2.23,7.9
2026-07-30,Fertilizers,WEAK_BEAR,AVOID,-4.89,-1.32,-14.79,12.14,-14.87,-9.2
2026-07-30,Packaging & Containers,WEAK_BEAR,NEUTRAL,-0.7,-3.22,-16.69,10.25,-0.45,5.22
2026-07-30,Asset Management & Wealth,WEAK_BEAR,NEUTRAL,-2.49,-1.52,-14.99,11.95,-2.14,3.53
2026-07-30,Civil Construction & Infrastructure EPC,WEAK_BEAR,AVOID,-4.57,-3.34,-16.81,10.13,-12.94,-7.27
2026-07-30,Diversified & Fashion Retail,WEAK_BEAR,AVOID,-3.88,-3.26,-16.72,10.21,-12.84,-7.17
2026-07-30,Saw Pipes & Ductile Iron Pipes,WEAK_BEAR,BUY,0.88,-0.49,-13.96,12.97,11.15,16.82
2026-07-30,Housing & Urban Infrastructure Financing,WEAK_BEAR,AVOID,-6.78,-1.48,-14.95,11.99,-15.91,-10.24
2026-07-30,"Logistics, Ports & Supply Chain",WEAK_BEAR,NEUTRAL,-2.46,-2.76,-16.23,10.71,-2.49,3.18
2026-07-30,Realty,WEAK_BEAR,AVOID,-5.66,-0.54,-14.01,12.93,-15.01,-9.34
2026-07-30,Power Generation & Distribution,WEAK_BEAR,AVOID,-8.38,-0.44,-13.91,13.03,-17.14,-11.47
2026-07-30,Project Management & Civil Construction,WEAK_BEAR,AVOID,-7.21,-1.1,-14.57,12.37,-16.6,-10.93
2026-07-30,Aluminium & Mining,WEAK_BEAR,AVOID,-4.52,-3.18,-16.65,10.29,-6.36,-0.69
2026-07-30,Railway Telecom,WEAK_BEAR,AVOID,-4.86,-1.6,-15.07,11.87,-14.52,-8.85
2026-07-30,Batteries & Energy Storage,WEAK_BEAR,AVOID,-2.02,-1.07,-14.54,12.4,-9.28,-3.61
2026-07-30,Plywood & Boards,WEAK_BEAR,AVOID,-8.44,-0.14,-13.61,13.32,-14.7,-9.03
2026-07-30,API & CDMO / CRAMS,WEAK_BEAR,NEUTRAL,0.48,-1.85,-15.32,11.62,3.43,9.1
2026-07-30,Railway Infrastructure & Consulting,WEAK_BEAR,AVOID,-6.29,-0.4,-13.87,13.07,-16.67,-11.0
2026-07-30,Explosives & Defence Chemicals,WEAK_BEAR,NEUTRAL,0.58,-0.37,-13.84,13.1,10.47,16.14
2026-07-30,Pharmaceuticals,WEAK_BEAR,NEUTRAL,-2.49,-3.57,-17.04,9.89,-3.25,2.42
2026-07-30,Transformers & T&D Equipment,WEAK_BEAR,NEUTRAL,-2.9,-2.34,-15.81,11.13,0.76,6.43
2026-07-30,Packaged Foods & FMCG Staples,WEAK_BEAR,AVOID,-3.01,-1.79,-15.25,11.68,-6.24,-0.57
2026-07-30,Media & Entertainment,WEAK_BEAR,AVOID,-2.69,-3.69,-17.16,9.78,-6.09,-0.42
2026-07-30,Railway Ticketing & Catering,WEAK_BEAR,AVOID,-5.55,-6.24,-19.71,7.23,-14.92,-9.25
2026-07-30,Iron & Steel,WEAK_BEAR,NEUTRAL,-1.61,-2.86,-16.33,10.61,1.67,7.34
2026-07-30,Railway Financing,WEAK_BEAR,AVOID,-2.69,-3.33,-16.8,10.13,-10.81,-5.14
2026-07-30,Packaging Materials & Containers,WEAK_BEAR,NEUTRAL,-4.46,-2.19,-15.65,11.28,-4.25,1.42
2026-07-30,Batteries,WEAK_BEAR,AVOID,-9.52,-0.01,-13.48,13.45,-17.17,-11.5
2026-07-30,Non Banking Financial Company (NBFC),WEAK_BEAR,NEUTRAL,-1.89,-4.47,-17.93,9.0,-3.56,2.11
2026-07-30,Commodity Chemicals,WEAK_BEAR,NEUTRAL,-1.33,-4.24,-17.7,9.23,-2.2,3.47
2026-07-30,Batteries,WEAK_BEAR,STRONG BUY,9.44,1.09,-12.38,14.55,21.5,27.17
2026-07-30,Pipes & Tubes,WEAK_BEAR,AVOID,-3.18,-3.65,-17.12,9.81,-6.39,-0.72
2026-07-30,Internet & Digital Platforms,WEAK_BEAR,AVOID,-0.91,-3.38,-16.84,10.09,-5.49,0.18
2026-07-30,Hospitals & Healthcare Services,WEAK_BEAR,REDUCE,4.15,2.11,-11.36,15.57,15.91,21.58
2026-07-30,Data Centers & Real Estate,WEAK_BEAR,NEUTRAL,5.87,-2.28,-15.75,11.19,17.09,22.76
2026-07-30,Fast Moving Consumer Goods,WEAK_BEAR,AVOID,-1.97,-3.78,-17.25,9.68,-7.38,-1.71
2026-07-30,Footwear,WEAK_BEAR,AVOID,-6.84,-0.47,-13.94,13.0,-16.09,-10.42
2026-07-30,Railway Infrastructure,WEAK_BEAR,AVOID,-6.08,-1.33,-14.8,12.14,-15.72,-10.05
2026-07-30,Plastic Pipes & Moulded Products,WEAK_BEAR,AVOID,-5.94,-0.62,-14.08,12.85,-16.36,-10.69
2026-07-30,Superalloys & Special Metals,WEAK_BEAR,AVOID,-8.72,-0.22,-13.68,13.25,-17.23,-11.56
2026-07-30,Renewable Energy - Solar & Wind,WEAK_BEAR,AVOID,-5.08,-3.22,-16.69,10.24,-12.6,-6.93
2026-07-30,Consumer Durables,WEAK_BEAR,NEUTRAL,0.0,-3.02,-16.49,10.45,4.45,10.12
2026-07-30,Renewable Energy Financing NBFC,WEAK_BEAR,AVOID,-5.77,-1.33,-14.79,12.14,-15.45,-9.78
2026-07-30,Power,WEAK_BEAR,AVOID,-4.79,-3.14,-16.61,10.33,-5.78,-0.11
2026-07-30,Paints,WEAK_BEAR,AVOID,-1.64,-3.71,-17.17,9.76,-5.74,-0.07
2026-07-30,Diagnostic & Healthcare Laboratories,WEAK_BEAR,AVOID,-1.9,-1.21,-14.68,12.25,-8.98,-3.31
2026-07-30,"Textiles, Yarns & Apparel",WEAK_BEAR,NEUTRAL,-2.16,-2.99,-16.45,10.48,-2.96,2.71
2026-07-30,Electronic Manufacturing Services (EMS),WEAK_BEAR,AVOID,-8.56,-1.29,-14.76,12.17,-18.08,-12.41
2026-07-30,Software Products & Digital Services,WEAK_BEAR,NEUTRAL,-1.21,-4.35,-17.82,9.12,-3.57,2.1
2026-07-30,Telecommunication,WEAK_BEAR,AVOID,-5.61,-2.27,-15.74,11.2,-6.73,-1.06
2026-07-30,Chemicals,WEAK_BEAR,AVOID,-3.88,-3.22,-16.69,10.24,-10.41,-4.74
2026-07-30,Residential & Commercial Real Estate,WEAK_BEAR,AVOID,-4.39,-4.2,-17.66,9.27,-9.05,-3.38
2026-07-30,Tractors & Farm Equipment,WEAK_BEAR,WATCH,4.98,1.18,-12.29,14.65,9.01,14.68
2026-07-30,Banks,WEAK_BEAR,NEUTRAL,-2.69,-2.54,-16.0,10.93,1.18,6.85
2026-07-30,Automobile OEMs,WEAK_BEAR,WATCH,0.84,-2.07,-15.54,11.39,0.83,6.5
2026-07-30,Wires & Cables,WEAK_BEAR,AVOID,-4.5,-3.14,-16.61,10.33,-4.43,1.24
2026-07-30,Metals & Mining,WEAK_BEAR,NEUTRAL,-0.39,-1.0,-14.47,12.47,1.98,7.65
2026-07-30,Sugar & Bio-Ethanol,WEAK_BEAR,AVOID,-5.4,-4.21,-17.68,9.25,-10.71,-5.04
2026-07-30,Lubricants & Specialty Oils,WEAK_BEAR,NEUTRAL,-4.11,-1.37,-14.84,12.1,-2.97,2.7
2026-07-30,Diversified Commercial,WEAK_BEAR,AVOID,-2.61,-4.35,-17.82,9.12,-5.04,0.63
2026-07-30,Auto Glass,WEAK_BEAR,NEUTRAL,-1.64,-0.45,-13.92,13.01,1.28,6.95
2026-07-30,Electronic Manufacturing Services (EMS),WEAK_BEAR,AVOID,-7.65,0.39,-13.08,13.86,-12.89,-7.22
2026-07-30,Electronic Manufacturing Services (EMS),WEAK_BEAR,BUY,5.23,-1.1,-14.57,12.37,10.57,16.24
2026-07-30,Civil Construction & Infrastructure,WEAK_BEAR,AVOID,-4.63,-5.14,-18.6,8.33,-12.47,-6.8
2026-07-30,Copper Mining,WEAK_BEAR,NEUTRAL,1.56,1.83,-11.64,15.3,12.71,18.38
2026-07-30,Gas Distribution,WEAK_BEAR,AVOID,-5.95,-2.58,-16.05,10.88,-13.88,-8.21
2026-07-30,Steel Manufacturing & Mining,WEAK_BEAR,BUY,3.82,-0.77,-14.24,12.7,13.91,19.58
2026-07-30,Paints & Coatings,WEAK_BEAR,AVOID,-2.16,-0.44,-13.91,13.03,-9.59,-3.92
2026-07-30,Breweries & Distilleries,WEAK_BEAR,WATCH,1.16,-2.28,-15.75,11.19,1.75,7.42
2026-07-30,"Hotels, Resorts & QSR",WEAK_BEAR,AVOID,-2.11,-4.04,-17.51,9.43,-8.64,-2.97
2026-07-30,Bearings & Friction Solutions,WEAK_BEAR,NEUTRAL,-1.75,-1.85,-15.32,11.62,-1.79,3.88
2026-07-30,Wealth & Asset Management,WEAK_BEAR,STRONG BUY,6.72,-0.57,-14.03,12.9,15.26,20.93
2026-07-30,Air Conditioners & Appliances,WEAK_BEAR,AVOID,-1.22,-3.18,-16.65,10.29,-6.3,-0.63
2026-07-30,Microfinance NBFC,WEAK_BEAR,NEUTRAL,-3.91,0.96,-12.51,14.43,0.19,5.86
2026-07-30,Auto Parts & Equipment,WEAK_BEAR,NEUTRAL,-1.22,-3.02,-16.49,10.45,4.76,10.43
2026-07-30,Aerospace & Defence,WEAK_BEAR,NEUTRAL,-4.06,-2.77,-16.24,10.7,-2.29,3.38
2026-07-30,Railways,WEAK_BEAR,NEUTRAL,-1.25,-0.51,-13.98,12.96,0.54,6.21
2026-07-30,Hotels & Restaurants,WEAK_BEAR,AVOID,-3.09,-3.47,-16.94,10.0,-10.52,-4.85
2026-07-30,Affordable Housing Finance Company,WEAK_BEAR,AVOID,-7.29,-0.12,-13.59,13.34,-17.23,-11.56
2026-07-30,Oil Gas & Consumable Fuels,WEAK_BEAR,NEUTRAL,5.41,-1.62,-15.09,11.85,17.37,23.04
2026-07-30,Tyres & Rubber Products,WEAK_BEAR,WATCH,1.52,-2.23,-15.69,11.24,0.35,6.02
2026-07-30,Edible Oils,WEAK_BEAR,AVOID,-1.77,-0.47,-13.94,13.0,-8.7,-3.03
2026-07-30,Zinc & Silver Mining,WEAK_BEAR,REDUCE,2.64,1.45,-12.01,14.92,14.19,19.86
2026-07-30,Telecom Services & Infrastructure,WEAK_BEAR,NEUTRAL,-3.28,-2.34,-15.81,11.13,-0.18,5.49
2026-07-30,Pharmaceuticals & Biotechnology,WEAK_BEAR,WATCH,2.58,-3.09,-16.56,10.37,7.36,13.03
2026-07-30,Ceramics & Tiles,WEAK_BEAR,AVOID,-6.05,-3.07,-16.54,10.4,-10.51,-4.84
2026-07-30,Textiles & Apparel,WEAK_BEAR,NEUTRAL,-3.75,-3.34,-16.81,10.13,-2.85,2.82
2026-07-30,Logistics & Transportation,WEAK_BEAR,AVOID,-2.75,-3.57,-17.04,9.9,-6.09,-0.42
2026-07-30,Tea & Coffee,WEAK_BEAR,AVOID,-4.0,-2.78,-16.25,10.69,-6.68,-1.01
2026-07-30,Paper & Paper Products,WEAK_BEAR,AVOID,-4.88,-3.22,-16.69,10.24,-7.22,-1.55
2026-07-30,Utilities,WEAK_BEAR,AVOID,-7.23,-0.99,-14.46,12.48,-16.66,-10.99
2026-07-30,Services,WEAK_BEAR,WATCH,1.81,-2.72,-16.19,10.75,1.47,7.14
2026-07-30,Fertilizers & Agrochemicals,WEAK_BEAR,AVOID,-3.66,-3.36,-16.83,10.11,-12.12,-6.45
2026-07-30,Specialty Chemicals,WEAK_BEAR,AVOID,-3.23,-4.24,-17.7,9.23,-4.89,0.78
2026-07-30,Railway Wagons & Equipment,WEAK_BEAR,AVOID,-5.69,-0.59,-14.06,12.88,-15.51,-9.84
2026-07-30,Asset Management Company (AMC),WEAK_BEAR,AVOID,-4.37,-3.03,-16.5,10.44,-7.29,-1.62
2026-07-30,Power Generation & Utilities,WEAK_BEAR,AVOID,-6.62,-3.3,-16.77,10.16,-9.3,-3.63
2026-07-30,Pumps & Compressors,WEAK_BEAR,AVOID,-5.96,-3.06,-16.52,10.41,-8.5,-2.83
2026-07-30,Information Technology,WEAK_BEAR,AVOID,-4.62,-0.63,-14.1,12.83,-5.2,0.47
2026-07-30,Financial Services,WEAK_BEAR,AVOID,-3.8,-3.28,-16.75,10.19,-8.43,-2.76
2026-07-30,Textiles,WEAK_BEAR,NEUTRAL,-2.53,-1.2,-14.67,12.27,1.85,7.52
2026-07-30,Copper & Non-Ferrous Metals,WEAK_BEAR,STRONG BUY,8.18,6.39,-7.08,19.86,18.6,24.27
2026-07-30,Stockbroking & Financial Products,WEAK_BEAR,AVOID,-2.78,-2.87,-16.34,10.6,-6.44,-0.77
2026-07-30,Capital Goods,WEAK_BEAR,NEUTRAL,-3.54,-2.53,-16.0,10.94,-0.78,4.89
2026-07-30,Diversified Retail,WEAK_BEAR,AVOID,-4.98,-3.28,-16.75,10.19,-11.79,-6.12
2026-07-30,Healthcare,WEAK_BEAR,NEUTRAL,-1.16,-2.22,-15.69,11.24,-2.79,2.88
2026-07-30,Insurance,WEAK_BEAR,AVOID,-1.0,-3.61,-17.07,9.86,-5.58,0.09
2026-07-30,Capital Markets & Asset Management,WEAK_BEAR,AVOID,-5.56,-3.45,-16.92,10.02,-11.8,-6.13
2026-07-30,Gas Transmission & Distribution,WEAK_BEAR,AVOID,-2.36,-1.6,-15.07,11.87,-8.7,-3.03
2026-07-30,Agrochemicals & Pesticides,WEAK_BEAR,AVOID,-6.62,-1.41,-14.88,12.06,-16.46,-10.79
2026-07-30,Renewable Energy,WEAK_BEAR,AVOID,-6.7,-1.31,-14.78,12.16,-12.66,-6.99
2026-07-30,Mining & Mineral Products,WEAK_BEAR,WATCH,2.13,-1.59,-15.06,11.88,3.91,9.58
2026-07-30,Automobile and Auto Components,WEAK_BEAR,NEUTRAL,-3.27,-1.75,-15.22,11.72,-1.08,4.59
2026-07-31,Diversified Retail,WEAK_BEAR,AVOID,-5.18,-3.39,-16.86,10.07,-11.31,-5.64
2026-07-31,Saw Pipes & Ductile Iron Pipes,WEAK_BEAR,BUY,1.16,0.11,-13.36,13.58,11.79,17.46
2026-07-31,Civil Construction & Infrastructure EPC,WEAK_BEAR,AVOID,-6.13,-3.39,-16.86,10.08,-12.35,-6.68
2026-07-31,Oil Gas & Consumable Fuels,WEAK_BEAR,REDUCE,4.19,4.98,-8.48,18.45,15.11,20.78
2026-07-31,Project Management & Civil Construction,WEAK_BEAR,AVOID,-6.67,-1.32,-14.79,12.14,-15.94,-10.27
2026-07-31,Wires & Cables,WEAK_BEAR,NEUTRAL,-2.98,-2.06,-15.53,11.41,-1.93,3.74
2026-07-31,Financial Services,WEAK_BEAR,AVOID,-1.92,-3.39,-16.86,10.08,-6.02,-0.35
2026-07-31,Pharmaceuticals,WEAK_BEAR,WATCH,0.63,-3.53,-17.0,9.93,0.36,6.03
2026-07-31,Capital Goods,WEAK_BEAR,NEUTRAL,-0.43,-2.35,-15.81,11.12,3.1,8.77
2026-07-31,Power Generation & Utilities,WEAK_BEAR,AVOID,-3.2,-4.09,-17.56,9.38,-7.58,-1.91
2026-07-31,Logistics & Transportation,WEAK_BEAR,AVOID,-2.86,-3.71,-17.18,9.75,-5.96,-0.29
2026-07-31,Transformers & T&D Equipment,WEAK_BEAR,NEUTRAL,2.87,-1.58,-15.05,11.89,8.83,14.5
2026-07-31,Heavy Electrical Equipment,WEAK_BEAR,NEUTRAL,5.33,-0.33,-13.79,13.14,17.65,23.32
2026-07-31,Structural Steel Tubes & Pipes,WEAK_BEAR,STRONG BUY,5.73,-0.31,-13.77,13.16,16.77,22.44
2026-07-31,Railways,WEAK_BEAR,NEUTRAL,-1.09,-0.4,-13.87,13.07,0.34,6.01
2026-07-31,Services,WEAK_BEAR,WATCH,2.11,-2.13,-15.6,11.34,2.44,8.11
2026-07-31,"Textiles, Yarns & Apparel",WEAK_BEAR,AVOID,-4.91,-3.44,-16.91,10.03,-7.32,-1.65
2026-07-31,Asset Management Company (AMC),WEAK_BEAR,AVOID,-3.18,-3.34,-16.8,10.13,-6.49,-0.82
2026-07-31,Plywood & Boards,WEAK_BEAR,WATCH,2.2,-0.24,-13.71,13.23,4.9,10.57
2026-07-31,API & CDMO / CRAMS,WEAK_BEAR,NEUTRAL,-1.21,-2.0,-15.47,11.47,1.06,6.73
2026-07-31,Telecommunication,WEAK_BEAR,NEUTRAL,-3.82,-2.71,-16.18,10.76,-4.28,1.39
2026-07-31,Paper & Paper Products,WEAK_BEAR,AVOID,-3.24,-3.59,-17.06,9.88,-7.72,-2.05
2026-07-31,Rubber Chemicals,WEAK_BEAR,AVOID,-6.82,-1.0,-14.46,12.47,-15.91,-10.24
2026-07-31,Air Conditioners & Appliances,WEAK_BEAR,AVOID,-2.39,-3.07,-16.54,10.4,-8.98,-3.31
2026-07-31,Aluminium & Mining,WEAK_BEAR,NEUTRAL,-1.87,-1.31,-14.78,12.16,-2.7,2.97
2026-07-31,Asset Management & Wealth,WEAK_BEAR,NEUTRAL,-2.16,-1.52,-14.98,11.95,-2.21,3.46
2026-07-31,Wealth & Asset Management,WEAK_BEAR,BUY,6.13,-0.56,-14.03,12.91,13.91,19.58
2026-07-31,Zinc & Silver Mining,WEAK_BEAR,REDUCE,2.58,0.87,-12.6,14.34,15.06,20.73
2026-07-31,Packaged Foods & FMCG Staples,WEAK_BEAR,AVOID,-4.87,-3.4,-16.87,10.07,-9.46,-3.79
2026-07-31,"Logistics, Ports & Supply Chain",WEAK_BEAR,NEUTRAL,-2.61,-2.72,-16.19,10.75,-2.38,3.29
2026-07-31,Packaged Foods & Consumer Staples,WEAK_BEAR,NEUTRAL,-0.66,-3.16,-16.63,10.31,-3.0,2.67
2026-07-31,Hospitals & Healthcare Services,WEAK_BEAR,REDUCE,2.33,1.39,-12.08,14.86,14.48,20.15
2026-07-31,Footwear,WEAK_BEAR,AVOID,-6.51,-0.64,-14.11,12.83,-15.93,-10.26
2026-07-31,Railway Infrastructure,WEAK_BEAR,AVOID,-5.6,-1.49,-14.96,11.98,-14.98,-9.31
2026-07-31,Specialty Chemicals,WEAK_BEAR,WATCH,0.92,-3.97,-17.44,9.5,0.72,6.39
2026-07-31,Dairy Products,WEAK_BEAR,AVOID,-3.01,-1.6,-15.07,11.87,-11.41,-5.74
2026-07-31,Banks,WEAK_BEAR,NEUTRAL,-1.94,-2.44,-15.91,11.03,2.89,8.56
2026-07-31,Roads & Highways EPC,WEAK_BEAR,AVOID,-4.86,-1.3,-14.77,12.17,-14.58,-8.91
2026-07-31,"Plywood, MDF & Laminates",WEAK_BEAR,WATCH,-0.16,-3.33,-16.8,10.14,-0.72,4.95
2026-07-31,Oil Exploration & Refining,WEAK_BEAR,AVOID,-3.14,-3.21,-16.68,10.26,-4.6,1.07
2026-07-31,Packaging Materials & Containers,WEAK_BEAR,AVOID,-2.97,-3.51,-16.98,9.96,-4.91,0.76
2026-07-31,Auto Glass,WEAK_BEAR,NEUTRAL,-2.1,-0.04,-13.51,13.43,4.32,9.99
2026-07-31,Tractors & Farm Equipment,WEAK_BEAR,WATCH,5.42,0.0,-13.46,13.47,10.03,15.7
2026-07-31,Iron & Steel,WEAK_BEAR,NEUTRAL,-1.35,-3.22,-16.69,10.25,2.12,7.79
2026-07-31,Healthcare,WEAK_BEAR,NEUTRAL,0.3,-2.46,-15.93,11.01,-0.44,5.23
2026-07-31,Residential & Commercial Real Estate,WEAK_BEAR,AVOID,-4.31,-4.29,-17.76,9.17,-10.59,-4.92
2026-07-31,Railway Wagons & Equipment,WEAK_BEAR,AVOID,-5.46,-0.73,-14.19,12.74,-15.34,-9.67
2026-07-31,Cement,WEAK_BEAR,AVOID,-5.89,-0.39,-13.86,13.08,-7.12,-1.45
2026-07-31,Pharmaceuticals & Biotechnology,WEAK_BEAR,NEUTRAL,-1.11,-2.55,-16.02,10.91,1.71,7.38
2026-07-31,Hospitals & Diagnostic Centres,WEAK_BEAR,NEUTRAL,-1.56,-3.42,-16.89,10.04,-0.94,4.73
2026-07-31,Copper Mining,WEAK_BEAR,REDUCE,5.16,1.12,-12.35,14.59,17.9,23.57
2026-07-31,Textiles & Apparel,WEAK_BEAR,NEUTRAL,-2.42,-3.81,-17.27,9.66,-3.68,1.99
2026-07-31,Power Sector Financing NBFC,WEAK_BEAR,STRONG BUY,7.19,1.31,-12.16,14.78,16.33,22.0
2026-07-31,Cement & Clinker,WEAK_BEAR,AVOID,-2.54,-4.02,-17.49,9.45,-9.73,-4.06
2026-07-31,Breweries & Distilleries,WEAK_BEAR,NEUTRAL,-0.28,-2.48,-15.94,10.99,0.99,6.66
2026-07-31,Utilities,WEAK_BEAR,AVOID,-7.59,-0.66,-14.13,12.81,-17.79,-12.12
2026-07-31,Media & Entertainment,WEAK_BEAR,AVOID,-3.31,-3.79,-17.26,9.67,-5.61,0.06
2026-07-31,Capital Markets & Asset Management,WEAK_BEAR,AVOID,-5.76,-3.33,-16.8,10.13,-10.25,-4.58
2026-07-31,Consumer Durables,WEAK_BEAR,NEUTRAL,-2.05,-3.02,-16.49,10.45,0.06,5.73
2026-07-31,Paints & Coatings,WEAK_BEAR,AVOID,-1.38,-0.66,-14.13,12.81,-7.81,-2.14
2026-07-31,Railway Financing,WEAK_BEAR,AVOID,-3.27,-3.41,-16.87,10.06,-12.13,-6.46
2026-07-31,Superalloys & Special Metals,WEAK_BEAR,AVOID,-8.26,-0.63,-14.1,12.83,-16.56,-10.89
2026-07-31,Agrochemicals & Pesticides,WEAK_BEAR,AVOID,-3.14,-1.04,-14.5,12.43,-11.79,-6.12
2026-07-31,Civil Buildings & Commercial EPC,WEAK_BEAR,AVOID,-8.16,-0.63,-14.1,12.83,-15.16,-9.49
2026-07-31,Power,WEAK_BEAR,NEUTRAL,-1.47,-2.82,-16.28,10.65,-1.42,4.25
2026-07-31,Housing & Urban Infrastructure Financing,WEAK_BEAR,AVOID,-7.62,-1.29,-14.76,12.17,-17.06,-11.39
2026-07-31,Software Products & Digital Services,WEAK_BEAR,NEUTRAL,-1.79,-3.97,-17.43,9.5,-3.13,2.54
2026-07-31,Microfinance NBFC,WEAK_BEAR,NEUTRAL,-3.69,0.18,-13.29,13.64,0.69,6.36
2026-07-31,Travel Tech SaaS Solutions,WEAK_BEAR,NEUTRAL,1.22,-3.19,-16.66,10.28,11.92,17.59
2026-07-31,"Hotels, Resorts & QSR",WEAK_BEAR,AVOID,-2.53,-3.66,-17.13,9.81,-8.96,-3.29
2026-07-31,Ship Building & Defence,WEAK_BEAR,AVOID,-4.54,-1.52,-14.99,11.95,-13.52,-7.85
2026-07-31,Tyres & Rubber Products,WEAK_BEAR,WATCH,1.02,-2.83,-16.3,10.64,-0.01,5.66
2026-07-31,Aerospace & Defence,WEAK_BEAR,NEUTRAL,-3.08,-2.08,-15.54,11.39,-0.06,5.61
2026-07-31,Passenger Cars & Utility Vehicles,WEAK_BEAR,BUY,2.69,-0.36,-13.83,13.1,14.38,20.05
2026-07-31,Lubricants & Specialty Oils,WEAK_BEAR,NEUTRAL,-2.04,-3.74,-17.21,9.72,-2.36,3.31
2026-07-31,Sugar & Bio-Ethanol,WEAK_BEAR,AVOID,-5.87,-3.82,-17.29,9.64,-11.07,-5.4
2026-07-31,Railway Ticketing & Catering,WEAK_BEAR,AVOID,-4.5,-6.04,-19.51,7.42,-13.98,-8.31
2026-07-31,Consumer Services,WEAK_BEAR,AVOID,-0.81,-3.68,-17.14,9.79,-5.01,0.66
2026-07-31,Fast Moving Consumer Goods,WEAK_BEAR,AVOID,-1.61,-3.9,-17.36,9.57,-6.72,-1.05
2026-07-31,Automobile OEMs,WEAK_BEAR,WATCH,2.79,-1.67,-15.14,11.8,4.57,10.24
2026-07-31,Renewable Energy,WEAK_BEAR,AVOID,-8.63,-2.28,-15.75,11.19,-16.57,-10.9
2026-07-31,Pipes & Tubes,WEAK_BEAR,AVOID,-2.42,-3.54,-17.01,9.93,-5.34,0.33
2026-07-31,Civil Construction & Infrastructure,WEAK_BEAR,AVOID,-3.48,-5.23,-18.7,8.24,-11.22,-5.55
2026-07-31,Steel Manufacturing & Mining,WEAK_BEAR,BUY,4.67,-0.63,-14.09,12.84,14.17,19.84
2026-07-31,Explosives & Defence Chemicals,WEAK_BEAR,BUY,0.72,0.18,-13.29,13.65,10.79,16.46
2026-07-31,Electronic Manufacturing Services (EMS),WEAK_BEAR,BUY,5.66,-1.43,-14.89,12.04,12.18,17.85
2026-07-31,Data Centers & Real Estate,WEAK_BEAR,WATCH,6.32,-2.46,-15.93,11.0,17.71,23.38
2026-07-31,Non Banking Financial Company (NBFC),WEAK_BEAR,WATCH,1.71,-4.31,-17.78,9.15,1.21,6.88
2026-07-31,Information Technology,WEAK_BEAR,AVOID,-2.02,-3.11,-16.58,10.36,-5.65,0.02
2026-07-31,Commodity Chemicals,WEAK_BEAR,NEUTRAL,-2.73,-3.99,-17.46,9.48,-2.67,3.0
2026-07-31,Plastic Pipes & Moulded Products,WEAK_BEAR,AVOID,-6.21,-0.47,-13.94,13.0,-16.55,-10.88
2026-07-31,Auto Lighting,WEAK_BEAR,WATCH,8.2,1.73,-11.74,15.2,20.15,25.82
2026-07-31,Tea & Coffee,WEAK_BEAR,AVOID,-2.21,-3.26,-16.73,10.2,-7.44,-1.77
2026-07-31,Gas Distribution,WEAK_BEAR,WATCH,4.52,0.64,-12.83,14.11,10.22,15.89
2026-07-31,Metals & Mining,WEAK_BEAR,WATCH,2.1,-1.51,-14.98,11.96,5.4,11.07
2026-07-31,Gas Transmission & Distribution,WEAK_BEAR,AVOID,-4.98,-1.6,-15.07,11.87,-13.7,-8.03
2026-07-31,Stockbroking & Financial Products,WEAK_BEAR,AVOID,-1.89,-3.27,-16.74,10.2,-5.97,-0.3
2026-07-31,Plastic Pipes & Fittings,WEAK_BEAR,AVOID,-1.37,-3.97,-17.43,9.5,-5.38,0.29
2026-07-31,Construction Materials,WEAK_BEAR,NEUTRAL,2.4,1.45,-12.01,14.92,12.2,17.87
2026-07-31,Textiles,WEAK_BEAR,NEUTRAL,-2.14,-0.99,-14.46,12.48,2.73,8.4
2026-07-31,Pumps & Compressors,WEAK_BEAR,AVOID,-4.78,-1.51,-14.98,11.96,-4.07,1.6
2026-07-31,Mining & Mineral Products,WEAK_BEAR,NEUTRAL,-1.19,-1.79,-15.26,11.68,-0.18,5.49
2026-07-31,Automobile and Auto Components,WEAK_BEAR,WATCH,2.81,-1.16,-14.63,12.3,7.52,13.19
2026-07-31,Bearings & Friction Solutions,WEAK_BEAR,NEUTRAL,-2.48,-1.97,-15.43,11.5,-1.15,4.52
2026-07-31,Electronic Manufacturing Services (EMS),WEAK_BEAR,AVOID,-8.36,-0.63,-14.1,12.83,-17.42,-11.75
2026-07-31,Hotels & Restaurants,WEAK_BEAR,AVOID,-3.59,-3.9,-17.37,9.57,-10.92,-5.25
2026-07-31,Insurance,WEAK_BEAR,AVOID,-1.51,-3.47,-16.93,10.0,-5.47,0.2
2026-07-31,Ceramics & Tiles,WEAK_BEAR,AVOID,-5.58,-2.81,-16.28,10.66,-10.44,-4.77
2026-07-31,Telecom Services & Infrastructure,WEAK_BEAR,NEUTRAL,-1.88,-2.17,-15.64,11.29,0.61,6.28
2026-07-31,Copper & Non-Ferrous Metals,WEAK_BEAR,BUY,3.73,5.51,-7.95,18.98,13.69,19.36
2026-07-31,Edible Oils,WEAK_BEAR,AVOID,-5.49,-0.4,-13.87,13.07,-15.24,-9.57
2026-07-31,Paints,WEAK_BEAR,AVOID,-1.21,-3.72,-17.19,9.75,-6.3,-0.63
2026-07-31,Construction,WEAK_BEAR,NEUTRAL,-2.75,-0.66,-14.13,12.81,-2.75,2.92
2026-07-31,Affordable Housing Finance Company,WEAK_BEAR,AVOID,-7.01,0.26,-13.2,13.73,-17.5,-11.83
2026-07-31,Auto Parts & Equipment,WEAK_BEAR,NEUTRAL,-0.7,-1.98,-15.45,11.49,4.51,10.18
2026-07-31,Electronic Manufacturing Services (EMS),WEAK_BEAR,AVOID,-8.16,-0.3,-13.77,13.17,-14.06,-8.39
2026-07-31,Fertilizers & Agrochemicals,WEAK_BEAR,AVOID,-5.23,-2.24,-15.71,11.22,-14.56,-8.89
2026-07-31,Diversified Commercial,WEAK_BEAR,NEUTRAL,-1.56,-4.35,-17.82,9.12,-3.73,1.94
2026-07-31,Renewable Energy Financing NBFC,WEAK_BEAR,AVOID,-5.66,-1.52,-14.99,11.94,-14.83,-9.16
2026-07-31,Batteries,WEAK_BEAR,STRONG BUY,7.1,0.28,-13.18,13.75,16.14,21.81
2026-07-31,Batteries,WEAK_BEAR,AVOID,-9.2,-0.44,-13.91,13.02,-16.45,-10.78
2026-07-31,Power Generation & Distribution,WEAK_BEAR,AVOID,-6.55,-1.35,-14.82,12.11,-14.54,-8.87
2026-07-31,Air Conditioners & AC Components,WEAK_BEAR,AVOID,-0.7,-3.03,-16.5,10.44,-4.56,1.11
2026-07-31,Air Conditioners & AC Components,WEAK_BEAR,AVOID,-3.43,-0.11,-13.58,13.35,-8.62,-2.95
2026-07-31,IT Consulting & Software,WEAK_BEAR,AVOID,-1.85,-4.08,-17.55,9.39,-7.88,-2.21
2026-07-31,Renewable Energy - Solar & Wind,WEAK_BEAR,AVOID,-5.4,-2.96,-16.43,10.5,-13.29,-7.62
2026-07-31,Realty,WEAK_BEAR,AVOID,-5.04,-0.61,-14.08,12.85,-14.81,-9.14
2026-07-31,Media Entertainment & Publication,WEAK_BEAR,NEUTRAL,0.29,-1.1,-14.57,12.36,3.4,9.07
2026-07-31,Railway Telecom,WEAK_BEAR,AVOID,-3.1,-1.2,-14.67,12.27,-11.74,-6.07
2026-07-31,Batteries & Energy Storage,WEAK_BEAR,AVOID,-1.96,-1.33,-14.79,12.14,-9.12,-3.45
2026-07-31,Water & Wastewater Treatment,WEAK_BEAR,WATCH,1.34,0.2,-13.26,13.67,0.68,6.35
2026-07-31,Water & Wastewater Treatment,WEAK_BEAR,AVOID,-8.39,-0.82,-14.29,12.65,-16.86,-11.19
2026-07-31,Diversified & Fashion Retail,WEAK_BEAR,AVOID,-4.0,-3.74,-17.2,9.73,-11.98,-6.31
2026-07-31,Fertilizers,WEAK_BEAR,AVOID,-4.52,-1.44,-14.91,12.03,-14.16,-8.49
2026-07-31,Packaging & Containers,WEAK_BEAR,WATCH,1.89,-2.33,-15.79,11.14,2.58,8.25
2026-07-31,Chemicals,WEAK_BEAR,AVOID,-2.89,-3.44,-16.91,10.02,-8.22,-2.55
2026-07-31,Internet & Digital Platforms,WEAK_BEAR,NEUTRAL,0.45,-3.38,-16.84,10.09,-2.38,3.29
2026-07-31,Railway Infrastructure & Consulting,WEAK_BEAR,AVOID,-5.71,-0.44,-13.91,13.03,-16.17,-10.5
2026-07-31,Diagnostic & Healthcare Laboratories,WEAK_BEAR,AVOID,-3.59,-1.48,-14.95,11.99,-10.0,-4.33
2026-08-03,Telecom Services & Infrastructure,SIDEWAYS,NEUTRAL,-1.46,-1.68,-15.15,11.79,1.34,-2.67
2026-08-03,Gas Distribution,SIDEWAYS,AVOID,-2.48,-0.51,-13.98,12.96,-9.41,-13.42
2026-08-03,Wires & Cables,SIDEWAYS,NEUTRAL,-2.45,-2.73,-16.2,10.73,-0.08,-4.09
2026-08-03,Renewable Energy - Solar & Wind,SIDEWAYS,AVOID,-5.13,-2.65,-16.12,10.82,-14.36,-18.37
2026-08-03,Edible Oils,SIDEWAYS,AVOID,-4.99,1.16,-12.3,14.63,-16.1,-20.11
2026-08-03,Logistics & Transportation,SIDEWAYS,NEUTRAL,-2.06,-3.6,-17.07,9.87,-5.26,-9.27
2026-08-03,Water & Wastewater Treatment,SIDEWAYS,NEUTRAL,1.24,0.82,-12.65,14.29,-0.03,-4.04
2026-08-03,Metals & Mining,SIDEWAYS,NEUTRAL,1.52,0.29,-13.18,13.76,8.04,4.03
2026-08-03,Railway Infrastructure,SIDEWAYS,AVOID,-2.15,-1.21,-14.68,12.26,-10.5,-14.51
2026-08-03,Plastic Pipes & Fittings,SIDEWAYS,NEUTRAL,-0.34,-4.11,-17.58,9.36,-4.55,-8.56
2026-08-03,Pumps & Compressors,SIDEWAYS,AVOID,-7.65,-2.77,-16.24,10.7,-11.33,-15.34
2026-08-03,Healthcare,SIDEWAYS,WATCH,2.98,-1.61,-15.08,11.86,4.35,0.34
2026-08-03,Auto Parts & Equipment,SIDEWAYS,NEUTRAL,1.79,-1.16,-14.62,12.31,9.95,5.94
2026-08-03,Affordable Housing Finance Company,SIDEWAYS,AVOID,-3.85,1.0,-12.47,14.47,-14.38,-18.39
2026-08-03,Pharmaceuticals,SIDEWAYS,NEUTRAL,-1.12,-3.27,-16.74,10.2,-0.93,-4.94
2026-08-03,Capital Markets & Asset Management,SIDEWAYS,AVOID,-4.63,-2.6,-16.07,10.87,-11.18,-15.19
2026-08-03,Construction Materials,SIDEWAYS,BUY,4.47,-0.38,-13.85,13.09,16.46,12.45
2026-08-03,Packaging & Containers,SIDEWAYS,NEUTRAL,2.23,-0.34,-13.81,13.13,7.37,3.36
2026-08-03,Diversified & Fashion Retail,SIDEWAYS,AVOID,-3.86,-3.45,-16.92,10.02,-13.58,-17.59
2026-08-03,Aluminium & Mining,SIDEWAYS,NEUTRAL,-1.99,-0.59,-14.06,12.88,-3.08,-7.09
2026-08-03,"Logistics, Ports & Supply Chain",SIDEWAYS,NEUTRAL,0.53,-2.62,-16.09,10.84,3.41,-0.6
2026-08-03,Hotels & Restaurants,SIDEWAYS,AVOID,-2.72,-3.42,-16.89,10.04,-10.75,-14.76
2026-08-03,Railway Telecom,SIDEWAYS,AVOID,-3.86,-0.69,-14.16,12.77,-14.42,-18.43
2026-08-03,Asset Management & Wealth,SIDEWAYS,NEUTRAL,-1.83,-2.71,-16.17,10.76,-1.69,-5.7
2026-08-03,Housing & Urban Infrastructure Financing,SIDEWAYS,AVOID,-8.72,-0.41,-13.88,13.06,-18.47,-22.48
2026-08-03,Textiles & Apparel,SIDEWAYS,NEUTRAL,-2.23,-3.52,-16.99,9.95,-4.49,-8.5
2026-08-03,Superalloys & Special Metals,SIDEWAYS,AVOID,-8.94,-0.62,-14.09,12.85,-19.03,-23.04
2026-08-03,Copper Mining,SIDEWAYS,REDUCE,2.84,3.99,-9.48,17.46,16.5,12.49
2026-08-03,Breweries & Distilleries,SIDEWAYS,NEUTRAL,-0.73,-1.9,-15.37,11.57,-0.34,-4.35
2026-08-03,"Textiles, Yarns & Apparel",SIDEWAYS,NEUTRAL,-2.79,-4.69,-18.16,8.78,-4.75,-8.76
2026-08-03,Banks,SIDEWAYS,NEUTRAL,-2.26,-2.66,-16.13,10.8,3.88,-0.13
2026-08-03,Chemicals,SIDEWAYS,NEUTRAL,-0.89,-2.61,-16.08,10.86,-5.64,-9.65
2026-08-03,Footwear,SIDEWAYS,AVOID,-9.15,0.59,-12.87,14.06,-19.77,-23.78
2026-08-03,Capital Goods,SIDEWAYS,NEUTRAL,-0.0,-2.45,-15.92,11.02,4.5,0.49
2026-08-03,Bearings & Friction Solutions,SIDEWAYS,NEUTRAL,-3.01,-2.37,-15.84,11.1,-1.95,-5.96
2026-08-03,Information Technology,SIDEWAYS,NEUTRAL,0.37,-0.39,-13.86,13.08,-0.8,-4.81
2026-08-03,Structural Steel Tubes & Pipes,SIDEWAYS,WATCH,10.86,2.64,-10.83,16.11,25.69,21.68
2026-08-03,Automobile OEMs,SIDEWAYS,WATCH,4.19,-0.43,-13.9,13.04,7.74,3.73
2026-08-03,Water & Wastewater Treatment,SIDEWAYS,AVOID,-11.73,0.55,-12.92,14.01,-21.31,-25.32
2026-08-03,Residential & Commercial Real Estate,SIDEWAYS,AVOID,-2.71,-3.88,-17.35,9.58,-8.62,-12.63
2026-08-03,Renewable Energy,SIDEWAYS,AVOID,-11.24,1.01,-12.46,14.48,-20.2,-24.21
2026-08-03,Software Products & Digital Services,SIDEWAYS,NEUTRAL,-0.96,-3.15,-16.62,10.32,-1.02,-5.03
2026-08-03,Heavy Electrical Equipment,SIDEWAYS,NEUTRAL,1.26,6.86,-6.61,20.33,13.85,9.84
2026-08-03,Civil Construction & Infrastructure,SIDEWAYS,AVOID,-2.93,-3.36,-16.83,10.1,-10.86,-14.87
2026-08-03,Explosives & Defence Chemicals,SIDEWAYS,NEUTRAL,0.76,0.78,-12.69,14.25,12.72,8.71
2026-08-03,Diagnostic & Healthcare Laboratories,SIDEWAYS,AVOID,-3.16,-0.89,-14.36,12.58,-10.5,-14.51
2026-08-03,Steel Manufacturing & Mining,SIDEWAYS,REDUCE,4.24,6.8,-6.67,20.27,17.97,13.96
2026-08-03,Packaged Foods & Consumer Staples,SIDEWAYS,AVOID,-2.75,-2.8,-16.27,10.67,-6.07,-10.08
2026-08-03,Electronic Manufacturing Services (EMS),SIDEWAYS,AVOID,-9.39,1.65,-11.82,15.11,-15.94,-19.95
2026-08-03,Electronic Manufacturing Services (EMS),SIDEWAYS,AVOID,-11.25,1.69,-11.78,15.16,-21.36,-25.37
2026-08-03,Fertilizers & Agrochemicals,SIDEWAYS,AVOID,-3.2,-3.45,-16.92,10.02,-12.34,-16.35
2026-08-03,Electronic Manufacturing Services (EMS),SIDEWAYS,BUY,9.95,0.02,-13.45,13.49,21.87,17.86
2026-08-03,Railway Wagons & Equipment,SIDEWAYS,AVOID,-1.74,-1.28,-14.74,12.19,-7.76,-11.77
2026-08-03,Asset Management Company (AMC),SIDEWAYS,AVOID,-3.26,-2.84,-16.31,10.62,-8.01,-12.02
2026-08-03,Dairy Products,SIDEWAYS,AVOID,-6.75,-0.84,-14.31,12.63,-16.95,-20.96
2026-08-03,Rubber Chemicals,SIDEWAYS,AVOID,-2.15,0.82,-12.65,14.29,-10.49,-14.5
2026-08-03,Sugar & Bio-Ethanol,SIDEWAYS,WATCH,2.64,1.29,-12.17,14.76,2.98,-1.03
2026-08-03,Pharmaceuticals & Biotechnology,SIDEWAYS,NEUTRAL,-1.9,-2.99,-16.46,10.48,2.12,-1.89
2026-08-03,Air Conditioners & Appliances,SIDEWAYS,AVOID,-4.44,0.04,-13.43,13.51,-13.54,-17.55
2026-08-03,Packaged Foods & FMCG Staples,SIDEWAYS,AVOID,-3.92,-3.43,-16.9,10.03,-7.71,-11.72
2026-08-03,Railway Financing,SIDEWAYS,AVOID,-3.75,-5.47,-18.94,7.99,-14.17,-18.18
2026-08-03,Financial Services,SIDEWAYS,WATCH,1.78,-1.51,-14.98,11.96,0.75,-3.26
2026-08-03,Railways,SIDEWAYS,NEUTRAL,-1.81,-0.34,-13.81,13.13,-0.03,-4.04
2026-08-03,Batteries,SIDEWAYS,BUY,7.67,0.25,-13.22,13.71,17.41,13.4
2026-08-03,Batteries,SIDEWAYS,AVOID,-8.99,0.67,-12.79,14.14,-15.03,-19.04
2026-08-03,Microfinance NBFC,SIDEWAYS,NEUTRAL,-4.32,3.96,-9.51,17.42,1.07,-2.94
2026-08-03,Air Conditioners & AC Components,SIDEWAYS,AVOID,-1.66,-3.14,-16.61,10.33,-8.03,-12.04
2026-08-03,Transformers & T&D Equipment,SIDEWAYS,NEUTRAL,-0.71,-1.51,-14.98,11.96,5.84,1.83
2026-08-03,Wealth & Asset Management,SIDEWAYS,BUY,3.47,0.92,-12.55,14.39,14.63,10.62
2026-08-03,Air Conditioners & AC Components,SIDEWAYS,AVOID,-8.98,0.67,-12.8,14.14,-17.38,-21.39
2026-08-03,"Hotels, Resorts & QSR",SIDEWAYS,AVOID,-2.52,-2.05,-15.51,11.42,-9.8,-13.81
2026-08-03,Tyres & Rubber Products,SIDEWAYS,WATCH,2.16,-0.64,-14.11,12.83,2.39,-1.62
2026-08-03,Oil Gas & Consumable Fuels,SIDEWAYS,REDUCE,3.96,9.08,-4.39,22.55,17.93,13.92
2026-08-03,Specialty Chemicals,SIDEWAYS,WATCH,0.61,-3.15,-16.62,10.32,1.23,-2.78
2026-08-03,Agrochemicals & Pesticides,SIDEWAYS,AVOID,-3.23,-0.96,-14.43,12.5,-12.97,-16.98
2026-08-03,Lubricants & Specialty Oils,SIDEWAYS,NEUTRAL,-1.49,-1.09,-14.56,12.37,-2.08,-6.09
2026-08-03,IT Consulting & Software,SIDEWAYS,AVOID,-1.51,-2.63,-16.1,10.84,-7.84,-11.85
2026-08-03,Paints & Coatings,SIDEWAYS,BUY,10.53,7.43,-6.04,20.89,23.96,19.95
2026-08-03,Ceramics & Tiles,SIDEWAYS,AVOID,-5.21,-2.18,-15.65,11.28,-12.85,-16.86
2026-08-03,Realty,SIDEWAYS,AVOID,-5.59,0.04,-13.43,13.51,-17.32,-21.33
2026-08-03,Auto Lighting,SIDEWAYS,REDUCE,5.03,3.99,-9.48,17.46,19.4,15.39
2026-08-03,Civil Buildings & Commercial EPC,SIDEWAYS,AVOID,-6.25,-1.02,-14.48,12.45,-16.9,-20.91
2026-08-03,Oil Exploration & Refining,SIDEWAYS,NEUTRAL,-2.1,-1.06,-14.52,12.41,-4.24,-8.25
2026-08-03,Travel Tech SaaS Solutions,SIDEWAYS,NEUTRAL,6.98,2.6,-10.87,16.06,21.6,17.59
2026-08-03,Consumer Services,SIDEWAYS,WATCH,2.58,-0.86,-14.33,12.61,2.66,-1.35
2026-08-03,Plastic Pipes & Moulded Products,SIDEWAYS,AVOID,-7.34,0.54,-12.93,14.01,-19.48,-23.49
2026-08-03,Pipes & Tubes,SIDEWAYS,NEUTRAL,-1.85,-3.16,-16.62,10.31,-4.33,-8.34
2026-08-03,Power Sector Financing NBFC,SIDEWAYS,BUY,7.45,-2.03,-15.5,11.44,16.89,12.88
2026-08-03,Ship Building & Defence,SIDEWAYS,AVOID,-9.41,0.6,-12.87,14.07,-18.64,-22.65
2026-08-03,Data Centers & Real Estate,SIDEWAYS,NEUTRAL,5.71,2.09,-11.38,15.56,20.33,16.32
2026-08-03,Hospitals & Diagnostic Centres,SIDEWAYS,WATCH,-0.08,-3.0,-16.47,10.47,0.9,-3.11
2026-08-03,Tea & Coffee,SIDEWAYS,AVOID,-3.73,-3.13,-16.6,10.34,-8.05,-12.06
2026-08-03,Packaging Materials & Containers,SIDEWAYS,AVOID,-6.52,-2.36,-15.82,11.11,-8.02,-12.03
2026-08-03,Power Generation & Distribution,SIDEWAYS,AVOID,-8.93,-1.02,-14.48,12.45,-19.1,-23.11
2026-08-03,Cement,SIDEWAYS,AVOID,-5.69,-2.88,-16.35,10.59,-8.94,-12.95
2026-08-03,Saw Pipes & Ductile Iron Pipes,SIDEWAYS,BUY,6.35,1.16,-12.31,14.63,15.27,11.26
2026-08-03,Construction,SIDEWAYS,NEUTRAL,-3.25,0.06,-13.41,13.53,-1.13,-5.14
2026-08-03,Power Generation & Utilities,SIDEWAYS,AVOID,-3.47,-4.04,-17.51,9.43,-8.73,-12.74
2026-08-03,Services,SIDEWAYS,WATCH,2.62,-0.14,-13.6,13.33,3.82,-0.19
2026-08-03,Media Entertainment & Publication,SIDEWAYS,NEUTRAL,0.73,1.06,-12.41,14.53,4.67,0.66
2026-08-03,Aerospace & Defence,SIDEWAYS,NEUTRAL,-3.5,-0.97,-14.44,12.5,0.68,-3.33
2026-08-03,Power,SIDEWAYS,WATCH,1.32,-0.85,-14.32,12.62,2.86,-1.15
2026-08-03,Roads & Highways EPC,SIDEWAYS,AVOID,-4.27,-0.69,-14.16,12.77,-15.36,-19.37
2026-08-03,Hospitals & Healthcare Services,SIDEWAYS,REDUCE,4.12,4.71,-8.76,18.18,18.58,14.57
2026-08-03,Commodity Chemicals,SIDEWAYS,NEUTRAL,-1.58,-2.73,-16.2,10.74,-1.74,-5.75
2026-08-03,Railway Ticketing & Catering,SIDEWAYS,AVOID,-1.5,1.26,-12.21,14.73,-9.01,-13.02
2026-08-03,Diversified Commercial,SIDEWAYS,NEUTRAL,-0.27,-3.55,-17.01,9.92,-1.55,-5.56
2026-08-03,Consumer Durables,SIDEWAYS,WATCH,3.05,-2.29,-15.76,11.18,8.64,4.63
2026-08-03,"Plywood, MDF & Laminates",SIDEWAYS,AVOID,-2.77,-2.93,-16.4,10.54,-6.95,-10.96
2026-08-03,Passenger Cars & Utility Vehicles,SIDEWAYS,BUY,3.3,3.85,-9.62,17.31,16.62,12.61
2026-08-03,Renewable Energy Financing NBFC,SIDEWAYS,AVOID,-3.42,-0.69,-14.16,12.77,-13.4,-17.41
2026-08-03,Fast Moving Consumer Goods,SIDEWAYS,AVOID,-2.14,-3.5,-16.97,9.97,-7.64,-11.65
2026-08-03,Fertilizers,SIDEWAYS,AVOID,-4.51,-0.73,-14.19,12.74,-15.89,-19.9
2026-08-03,Media & Entertainment,SIDEWAYS,NEUTRAL,-0.13,-3.65,-17.12,9.82,-4.22,-8.23
2026-08-03,Internet & Digital Platforms,SIDEWAYS,NEUTRAL,-0.64,-2.96,-16.43,10.51,-5.57,-9.58
2026-08-03,Textiles,SIDEWAYS,NEUTRAL,-1.89,-0.87,-14.34,12.6,4.83,0.82
2026-08-03,Cement & Clinker,SIDEWAYS,AVOID,-3.49,-3.77,-17.24,9.7,-12.48,-16.49
2026-08-03,Iron & Steel,SIDEWAYS,NEUTRAL,-1.06,-3.02,-16.49,10.45,3.77,-0.24
2026-08-03,Telecommunication,SIDEWAYS,NEUTRAL,-3.68,-1.87,-15.34,11.6,-4.97,-8.98
2026-08-03,Non Banking Financial Company (NBFC),SIDEWAYS,WATCH,0.01,-3.42,-16.89,10.05,0.1,-3.91
2026-08-03,Utilities,SIDEWAYS,AVOID,-10.38,4.63,-8.84,18.1,-21.55,-25.56
2026-08-03,Stockbroking & Financial Products,SIDEWAYS,NEUTRAL,0.33,-3.19,-16.66,10.28,-3.37,-7.38
2026-08-03,Automobile and Auto Components,SIDEWAYS,WATCH,2.7,-0.4,-13.87,13.07,8.3,4.29
2026-08-03,Gas Transmission & Distribution,SIDEWAYS,AVOID,-1.85,-2.26,-15.73,11.21,-6.82,-10.83
2026-08-03,Insurance,SIDEWAYS,AVOID,-1.81,-4.69,-18.16,8.78,-7.12,-11.13
2026-08-03,Tractors & Farm Equipment,SIDEWAYS,WATCH,3.05,0.3,-13.17,13.77,4.12,0.11
2026-08-03,API & CDMO / CRAMS,SIDEWAYS,NEUTRAL,-1.0,-1.02,-14.49,12.45,2.91,-1.1
2026-08-03,Zinc & Silver Mining,SIDEWAYS,REDUCE,2.47,6.64,-6.82,20.11,16.63,12.62
2026-08-03,Plywood & Boards,SIDEWAYS,NEUTRAL,1.34,1.32,-12.15,14.79,2.9,-1.11
2026-08-03,Railway Infrastructure & Consulting,SIDEWAYS,AVOID,-6.18,1.08,-12.39,14.55,-18.31,-22.32
2026-08-03,Civil Construction & Infrastructure EPC,SIDEWAYS,AVOID,-3.22,-2.62,-16.09,10.85,-12.35,-16.36
2026-08-03,Mining & Mineral Products,SIDEWAYS,NEUTRAL,-1.81,-1.65,-15.11,11.82,-0.45,-4.46
2026-08-03,Paper & Paper Products,SIDEWAYS,NEUTRAL,-2.41,-2.74,-16.21,10.72,-4.06,-8.07
2026-08-03,Diversified Retail,SIDEWAYS,AVOID,-4.54,-3.18,-16.65,10.29,-12.91,-16.92
2026-08-03,Batteries & Energy Storage,SIDEWAYS,AVOID,-1.89,-0.78,-14.25,12.69,-9.91,-13.92
2026-08-03,Copper & Non-Ferrous Metals,SIDEWAYS,BUY,9.1,-0.94,-14.4,12.53,22.13,18.12
2026-08-03,Paints,SIDEWAYS,AVOID,-2.41,-3.18,-16.65,10.29,-6.31,-10.32
2026-08-03,Auto Glass,SIDEWAYS,BUY,7.0,1.48,-11.98,14.95,15.87,11.86
2026-08-03,Project Management & Civil Construction,SIDEWAYS,AVOID,-7.57,-0.75,-14.21,12.72,-18.34,-22.35
2026-08-04,Heavy Electrical Equipment,SIDEWAYS,REDUCE,2.11,9.77,-3.7,23.24,15.61,11.6
2026-08-04,Diagnostic & Healthcare Laboratories,SIDEWAYS,AVOID,-2.81,-0.79,-14.25,12.68,-12.02,-16.03
2026-08-04,Media & Entertainment,SIDEWAYS,NEUTRAL,0.9,-3.66,-17.13,9.81,-1.87,-5.88
2026-08-04,Batteries & Energy Storage,SIDEWAYS,AVOID,-3.69,-0.58,-14.05,12.89,-14.03,-18.04
2026-08-04,Software Products & Digital Services,SIDEWAYS,NEUTRAL,-0.77,-3.46,-16.92,10.01,-2.95,-6.96
2026-08-04,Fertilizers & Agrochemicals,SIDEWAYS,AVOID,-4.0,-3.34,-16.81,10.13,-13.85,-17.86
2026-08-04,Renewable Energy Financing NBFC,SIDEWAYS,AVOID,-2.14,-0.58,-14.05,12.89,-10.47,-14.48
2026-08-04,Packaging & Containers,SIDEWAYS,WATCH,3.1,-0.34,-13.81,13.13,5.13,1.12
2026-08-04,Asset Management & Wealth,SIDEWAYS,NEUTRAL,-1.16,-1.57,-15.04,11.89,-0.89,-4.9
2026-08-04,Plywood & Boards,SIDEWAYS,BUY,6.89,1.88,-11.59,15.35,15.63,11.62
2026-08-04,Fertilizers,SIDEWAYS,AVOID,-5.58,-1.1,-14.57,12.37,-17.12,-21.13
2026-08-04,Electronic Manufacturing Services (EMS),SIDEWAYS,AVOID,-9.78,-1.2,-14.67,12.27,-16.84,-20.85
2026-08-04,Electronic Manufacturing Services (EMS),SIDEWAYS,BUY,7.61,-1.86,-15.33,11.6,16.51,12.5
2026-08-04,Steel Manufacturing & Mining,SIDEWAYS,STRONG BUY,6.04,1.46,-12.0,14.93,18.36,14.35
2026-08-04,Asset Management Company (AMC),SIDEWAYS,AVOID,-1.36,-2.84,-16.31,10.62,-5.64,-9.65
2026-08-04,Non Banking Financial Company (NBFC),SIDEWAYS,NEUTRAL,-1.23,-3.65,-17.11,9.82,-2.8,-6.81
2026-08-04,Pumps & Compressors,SIDEWAYS,AVOID,-2.74,-3.35,-16.82,10.12,-7.27,-11.28
2026-08-04,Railway Wagons & Equipment,SIDEWAYS,AVOID,-4.25,0.23,-13.24,13.7,-15.31,-19.32
2026-08-04,Pipes & Tubes,SIDEWAYS,NEUTRAL,1.04,-2.0,-15.47,11.47,-0.71,-4.72
2026-08-04,Electronic Manufacturing Services (EMS),SIDEWAYS,AVOID,-9.96,0.6,-12.87,14.07,-20.28,-24.29
2026-08-04,Lubricants & Specialty Oils,SIDEWAYS,WATCH,4.97,-1.31,-14.78,12.16,9.05,5.04
2026-08-04,Power Generation & Distribution,SIDEWAYS,AVOID,-6.6,-0.96,-14.43,12.51,-16.47,-20.48
2026-08-04,Housing & Urban Infrastructure Financing,SIDEWAYS,AVOID,-7.25,-0.62,-14.09,12.85,-16.7,-20.71
2026-08-04,Roads & Highways EPC,SIDEWAYS,AVOID,-4.12,-0.68,-14.15,12.79,-15.01,-19.02
2026-08-04,Water & Wastewater Treatment,SIDEWAYS,NEUTRAL,-0.52,0.3,-13.17,13.77,-4.06,-8.07
2026-08-04,Batteries,SIDEWAYS,BUY,8.66,1.03,-12.44,14.5,19.68,15.67
2026-08-04,Air Conditioners & AC Components,SIDEWAYS,NEUTRAL,0.73,-3.25,-16.72,10.21,-1.45,-5.46
2026-08-04,Project Management & Civil Construction,SIDEWAYS,AVOID,-7.49,-0.5,-13.96,12.97,-18.53,-22.54
2026-08-04,Saw Pipes & Ductile Iron Pipes,SIDEWAYS,BUY,2.94,2.86,-10.61,16.33,16.55,12.54
2026-08-04,Air Conditioners & AC Components,SIDEWAYS,AVOID,-9.67,0.55,-12.92,14.01,-16.59,-20.6
2026-08-04,Renewable Energy - Solar & Wind,SIDEWAYS,AVOID,-6.64,-2.67,-16.14,10.79,-16.15,-20.16
2026-08-04,Realty,SIDEWAYS,AVOID,-5.77,0.04,-13.43,13.51,-17.61,-21.62
2026-08-04,Footwear,SIDEWAYS,AVOID,-8.97,0.76,-12.7,14.23,-20.69,-24.7
2026-08-04,Pharmaceuticals,SIDEWAYS,NEUTRAL,-1.24,-3.34,-16.81,10.13,-1.53,-5.54
2026-08-04,Plastic Pipes & Moulded Products,SIDEWAYS,AVOID,-8.17,0.23,-13.24,13.7,-18.64,-22.65
2026-08-04,Power Generation & Utilities,SIDEWAYS,NEUTRAL,-0.42,-3.8,-17.27,9.67,-5.56,-9.57
2026-08-04,Railway Infrastructure & Consulting,SIDEWAYS,AVOID,-8.04,-0.58,-14.05,12.89,-20.99,-25.0
2026-08-04,Financial Services,SIDEWAYS,NEUTRAL,-1.48,-3.03,-16.5,10.44,-4.86,-8.87
2026-08-04,Railway Infrastructure,SIDEWAYS,AVOID,-4.11,-0.68,-14.15,12.79,-14.94,-18.95
2026-08-04,Railway Telecom,SIDEWAYS,AVOID,-6.81,-0.5,-13.96,12.97,-18.87,-22.88
2026-08-04,Paper & Paper Products,SIDEWAYS,NEUTRAL,1.16,-2.9,-16.36,10.57,-1.44,-5.45
2026-08-04,Packaging Materials & Containers,SIDEWAYS,AVOID,-3.18,-2.32,-15.78,11.15,-5.51,-9.52
2026-08-04,Consumer Durables,SIDEWAYS,NEUTRAL,1.28,-2.51,-15.98,10.96,4.97,0.96
2026-08-04,Diversified & Fashion Retail,SIDEWAYS,NEUTRAL,-0.25,-3.45,-16.92,10.02,-5.32,-9.33
2026-08-04,Aluminium & Mining,SIDEWAYS,WATCH,2.77,-0.08,-13.54,13.39,4.56,0.55
2026-08-04,Civil Buildings & Commercial EPC,SIDEWAYS,AVOID,-7.69,-0.89,-14.36,12.58,-18.94,-22.95
2026-08-04,Aerospace & Defence,SIDEWAYS,NEUTRAL,-2.06,-2.72,-16.18,10.75,2.17,-1.84
2026-08-04,"Logistics, Ports & Supply Chain",SIDEWAYS,WATCH,2.56,-2.38,-15.85,11.09,4.01,0.0
2026-08-04,Superalloys & Special Metals,SIDEWAYS,WATCH,1.96,1.88,-11.59,15.35,4.33,0.32
2026-08-04,Dairy Products,SIDEWAYS,AVOID,-2.72,-3.75,-17.21,9.72,-10.46,-14.47
2026-08-04,IT Consulting & Software,SIDEWAYS,AVOID,-2.18,-3.68,-17.14,9.79,-7.83,-11.84
2026-08-04,Media Entertainment & Publication,SIDEWAYS,NEUTRAL,-0.03,-0.42,-13.89,13.05,3.45,-0.56
2026-08-04,Internet & Digital Platforms,SIDEWAYS,NEUTRAL,-0.48,-2.85,-16.32,10.62,-5.2,-9.21
2026-08-04,Cement & Clinker,SIDEWAYS,AVOID,-3.94,-3.44,-16.91,10.03,-13.1,-17.11
2026-08-04,Water & Wastewater Treatment,SIDEWAYS,AVOID,-7.12,0.55,-12.92,14.01,-12.91,-16.92
2026-08-04,Batteries,SIDEWAYS,AVOID,-10.15,1.2,-12.26,14.67,-17.7,-21.71
2026-08-04,Civil Construction & Infrastructure EPC,SIDEWAYS,AVOID,-1.27,-3.06,-16.53,10.4,-7.4,-11.41
2026-08-04,Information Technology,SIDEWAYS,NEUTRAL,-1.96,-0.84,-14.31,12.63,-1.23,-5.24
2026-08-04,Ship Building & Defence,SIDEWAYS,AVOID,-6.77,-1.06,-14.53,12.41,-17.67,-21.68
2026-08-04,Power,SIDEWAYS,WATCH,0.69,-1.02,-14.48,12.45,2.38,-1.63
2026-08-04,Paints,SIDEWAYS,WATCH,1.5,-1.54,-15.01,11.92,0.56,-3.45
2026-08-04,Wires & Cables,SIDEWAYS,NEUTRAL,0.63,-2.73,-16.2,10.73,3.07,-0.94
2026-08-04,Breweries & Distilleries,SIDEWAYS,WATCH,0.95,-2.0,-15.47,11.47,2.87,-1.14
2026-08-04,Copper & Non-Ferrous Metals,SIDEWAYS,BUY,8.58,-0.2,-13.67,13.27,19.49,15.48
2026-08-04,Edible Oils,SIDEWAYS,AVOID,-4.98,0.91,-12.56,14.38,-16.11,-20.12
2026-08-04,Telecom Services & Infrastructure,SIDEWAYS,NEUTRAL,-1.21,-1.75,-15.22,11.72,2.1,-1.91
2026-08-04,Affordable Housing Finance Company,SIDEWAYS,AVOID,-7.77,1.66,-11.81,15.13,-20.07,-24.08
2026-08-04,Capital Markets & Asset Management,SIDEWAYS,AVOID,-2.62,-2.82,-16.29,10.64,-10.11,-14.12
2026-08-04,Logistics & Transportation,SIDEWAYS,NEUTRAL,-1.0,-3.41,-16.88,10.06,-4.29,-8.3
2026-08-04,Cement,SIDEWAYS,AVOID,-6.68,-0.78,-14.25,12.69,-8.64,-12.65
2026-08-04,Healthcare,SIDEWAYS,WATCH,2.62,-2.0,-15.47,11.47,3.14,-0.87
2026-08-04,Transformers & T&D Equipment,SIDEWAYS,NEUTRAL,1.89,-1.62,-15.09,11.85,7.97,3.96
2026-08-04,Construction,SIDEWAYS,NEUTRAL,-2.01,-0.13,-13.59,13.34,-2.41,-6.42
2026-08-04,Auto Parts & Equipment,SIDEWAYS,NEUTRAL,1.09,-2.01,-15.48,11.46,7.46,3.45
2026-08-04,Auto Lighting,SIDEWAYS,REDUCE,4.61,4.65,-8.82,18.12,17.59,13.58
2026-08-04,Hospitals & Diagnostic Centres,SIDEWAYS,NEUTRAL,-1.24,-3.57,-17.04,9.9,-0.92,-4.93
2026-08-04,Telecommunication,SIDEWAYS,AVOID,-4.29,-2.54,-16.01,10.93,-6.33,-10.34
2026-08-04,Mining & Mineral Products,SIDEWAYS,NEUTRAL,-2.11,-1.67,-15.13,11.8,-0.63,-4.64
2026-08-04,Tractors & Farm Equipment,SIDEWAYS,WATCH,2.69,-0.06,-13.53,13.4,3.29,-0.72
2026-08-04,Copper Mining,SIDEWAYS,REDUCE,3.88,4.64,-8.83,18.11,18.06,14.05
2026-08-04,Auto Glass,SIDEWAYS,BUY,7.64,0.91,-12.56,14.38,17.34,13.33
2026-08-04,Diversified Commercial,SIDEWAYS,NEUTRAL,-0.21,-3.61,-17.08,9.85,-1.87,-5.88
2026-08-04,API & CDMO / CRAMS,SIDEWAYS,WATCH,2.29,-0.31,-13.78,13.15,6.4,2.39
2026-08-04,"Textiles, Yarns & Apparel",SIDEWAYS,NEUTRAL,0.15,-4.69,-18.16,8.78,-1.36,-5.37
2026-08-04,Gas Distribution,SIDEWAYS,AVOID,-6.64,-0.75,-14.22,12.72,-13.37,-17.38
2026-08-04,Banks,SIDEWAYS,NEUTRAL,-1.89,-2.98,-16.45,10.49,3.1,-0.91
2026-08-04,Metals & Mining,SIDEWAYS,WATCH,4.74,-0.87,-14.33,12.6,9.71,5.7
2026-08-04,Stockbroking & Financial Products,SIDEWAYS,WATCH,2.56,-3.53,-17.0,9.94,2.09,-1.92
2026-08-04,Gas Transmission & Distribution,SIDEWAYS,AVOID,-2.12,-2.38,-15.85,11.09,-7.72,-11.73
2026-08-04,Construction Materials,SIDEWAYS,BUY,5.39,-0.33,-13.8,13.14,17.94,13.93
2026-08-04,Utilities,SIDEWAYS,AVOID,-9.82,0.67,-12.8,14.13,-21.66,-25.67
2026-08-04,Automobile and Auto Components,SIDEWAYS,WATCH,3.56,0.29,-13.18,13.76,9.04,5.03
2026-08-04,Hotels & Restaurants,SIDEWAYS,AVOID,-4.31,-3.69,-17.16,9.78,-13.41,-17.42
2026-08-04,Ceramics & Tiles,SIDEWAYS,AVOID,-8.04,-0.66,-14.13,12.81,-14.53,-18.54
2026-08-04,Insurance,SIDEWAYS,WATCH,1.42,-3.28,-16.75,10.19,-0.69,-4.7
2026-08-04,Textiles & Apparel,SIDEWAYS,AVOID,-3.06,-3.35,-16.82,10.12,-5.79,-9.8
2026-08-04,Diversified Retail,SIDEWAYS,AVOID,-3.72,-3.14,-16.61,10.33,-12.38,-16.39
2026-08-04,Air Conditioners & Appliances,SIDEWAYS,NEUTRAL,0.4,-3.06,-16.53,10.4,-3.29,-7.3
2026-08-04,Zinc & Silver Mining,SIDEWAYS,NEUTRAL,6.62,-1.01,-14.48,12.45,21.49,17.48
2026-08-04,Plastic Pipes & Fittings,SIDEWAYS,WATCH,2.58,-3.27,-16.74,10.2,2.15,-1.86
2026-08-04,Power Sector Financing NBFC,SIDEWAYS,STRONG BUY,8.32,-1.43,-14.9,12.03,18.9,14.89
2026-08-04,Explosives & Defence Chemicals,SIDEWAYS,BUY,1.46,-0.28,-13.75,13.18,14.32,10.31
2026-08-04,Bearings & Friction Solutions,SIDEWAYS,NEUTRAL,-2.4,-1.52,-14.98,11.95,-0.73,-4.74
2026-08-04,Paints & Coatings,SIDEWAYS,BUY,10.53,4.29,-9.18,17.75,23.96,19.95
2026-08-04,Iron & Steel,SIDEWAYS,NEUTRAL,-2.34,-2.83,-16.3,10.64,3.23,-0.78
2026-08-04,Automobile OEMs,SIDEWAYS,WATCH,2.66,-1.75,-15.22,11.72,4.91,0.9
2026-08-04,Structural Steel Tubes & Pipes,SIDEWAYS,BUY,5.41,0.4,-13.07,13.86,18.47,14.46
2026-08-04,Passenger Cars & Utility Vehicles,SIDEWAYS,BUY,3.03,4.22,-9.25,17.69,16.29,12.28
2026-08-04,Sugar & Bio-Ethanol,SIDEWAYS,WATCH,3.22,-1.01,-14.48,12.46,4.52,0.51
2026-08-04,Capital Goods,SIDEWAYS,NEUTRAL,-0.38,-3.3,-16.77,10.17,2.98,-1.03
2026-08-04,Residential & Commercial Real Estate,SIDEWAYS,AVOID,-7.62,-3.41,-16.88,10.05,-11.72,-15.73
2026-08-04,Commodity Chemicals,SIDEWAYS,NEUTRAL,-3.72,-4.04,-17.51,9.43,-5.18,-9.19
2026-08-04,Renewable Energy,SIDEWAYS,AVOID,-8.3,-0.86,-14.33,12.6,-16.2,-20.21
2026-08-04,Data Centers & Real Estate,SIDEWAYS,BUY,6.98,1.05,-12.41,14.52,20.17,16.16
2026-08-04,Railway Financing,SIDEWAYS,AVOID,-5.46,-4.56,-18.03,8.91,-16.53,-20.54
2026-08-04,Civil Construction & Infrastructure,SIDEWAYS,AVOID,-3.6,-4.99,-18.46,8.47,-12.16,-16.17
2026-08-04,Hospitals & Healthcare Services,SIDEWAYS,REDUCE,5.51,6.17,-7.29,19.64,20.37,16.36
2026-08-04,Railway Ticketing & Catering,SIDEWAYS,AVOID,-4.98,-0.65,-14.11,12.82,-15.36,-19.37
2026-08-04,Packaged Foods & FMCG Staples,SIDEWAYS,AVOID,-5.73,-3.49,-16.95,9.98,-9.89,-13.9
2026-08-04,Pharmaceuticals & Biotechnology,SIDEWAYS,NEUTRAL,-1.89,-3.49,-16.96,9.98,2.25,-1.76
2026-08-04,Textiles,SIDEWAYS,NEUTRAL,-1.88,-1.21,-14.68,12.26,4.85,0.84
2026-08-04,Railways,SIDEWAYS,WATCH,2.68,-0.56,-14.03,12.91,6.11,2.1
2026-08-04,Travel Tech SaaS Solutions,SIDEWAYS,REDUCE,5.49,-0.43,-13.9,13.04,19.77,15.76
2026-08-04,Microfinance NBFC,SIDEWAYS,NEUTRAL,-3.99,4.33,-9.14,17.8,1.83,-2.18
2026-08-04,Oil Exploration & Refining,SIDEWAYS,AVOID,-3.74,-2.57,-16.04,10.9,-6.62,-10.63
2026-08-04,Wealth & Asset Management,SIDEWAYS,BUY,4.73,0.55,-12.92,14.01,16.21,12.2
2026-08-04,Tyres & Rubber Products,SIDEWAYS,NEUTRAL,0.7,-1.55,-15.02,11.92,0.04,-3.97
2026-08-04,Rubber Chemicals,SIDEWAYS,AVOID,-2.02,0.17,-13.3,13.64,-10.2,-14.21
2026-08-04,Tea & Coffee,SIDEWAYS,AVOID,-6.22,-3.36,-16.83,10.11,-10.65,-14.66
2026-08-04,Fast Moving Consumer Goods,SIDEWAYS,NEUTRAL,-0.89,-3.47,-16.93,10.0,-5.74,-9.75
2026-08-04,Oil Gas & Consumable Fuels,SIDEWAYS,NEUTRAL,2.6,6.47,-7.0,19.93,14.81,10.8
2026-08-04,Specialty Chemicals,SIDEWAYS,WATCH,3.04,-3.03,-16.5,10.44,3.96,-0.05
2026-08-04,Packaged Foods & Consumer Staples,SIDEWAYS,AVOID,-3.56,-2.9,-16.37,10.56,-7.14,-11.15
2026-08-04,"Hotels, Resorts & QSR",SIDEWAYS,NEUTRAL,0.94,-2.49,-15.96,10.98,-2.07,-6.08
2026-08-04,Agrochemicals & Pesticides,SIDEWAYS,AVOID,-3.21,-0.89,-14.36,12.58,-12.92,-16.93
2026-08-04,Consumer Services,SIDEWAYS,NEUTRAL,-0.46,-3.48,-16.94,9.99,-4.58,-8.59
2026-08-04,Services,SIDEWAYS,NEUTRAL,0.52,-1.84,-15.3,11.63,-0.61,-4.62
2026-08-04,"Plywood, MDF & Laminates",SIDEWAYS,AVOID,-4.69,-2.9,-16.36,10.57,-8.89,-12.9
2026-08-04,Chemicals,SIDEWAYS,NEUTRAL,1.28,-3.5,-16.97,9.97,-1.01,-5.02
2026-08-05,Aluminium & Mining,SIDEWAYS,WATCH,1.26,-1.11,-14.58,12.36,4.09,0.08
2026-08-05,Transformers & T&D Equipment,SIDEWAYS,NEUTRAL,2.55,-1.62,-15.09,11.85,8.57,4.56
2026-08-05,Financial Services,SIDEWAYS,NEUTRAL,-1.25,-3.3,-16.77,10.17,-4.62,-8.63
2026-08-05,Electronic Manufacturing Services (EMS),SIDEWAYS,BUY,7.83,-1.75,-15.22,11.71,17.0,12.99
2026-08-05,Sugar & Bio-Ethanol,SIDEWAYS,NEUTRAL,0.9,-3.02,-16.49,10.45,-1.0,-5.01
2026-08-05,Consumer Services,SIDEWAYS,NEUTRAL,0.56,-3.58,-17.05,9.89,-2.23,-6.24
2026-08-05,Affordable Housing Finance Company,SIDEWAYS,AVOID,-7.31,0.76,-12.7,14.23,-19.43,-23.44
2026-08-05,Telecom Services & Infrastructure,SIDEWAYS,NEUTRAL,-4.43,-1.27,-14.74,12.19,-1.87,-5.88
2026-08-05,Mining & Mineral Products,SIDEWAYS,NEUTRAL,-3.73,-1.57,-15.04,11.9,-0.28,-4.29
2026-08-05,Paints,SIDEWAYS,WATCH,3.64,-1.03,-14.5,12.43,5.48,1.47
2026-08-05,Non Banking Financial Company (NBFC),SIDEWAYS,NEUTRAL,-1.08,-3.65,-17.11,9.82,-1.85,-5.86
2026-08-05,Fertilizers,SIDEWAYS,AVOID,-4.22,-4.88,-18.35,8.58,-14.38,-18.39
2026-08-05,Civil Construction & Infrastructure EPC,SIDEWAYS,AVOID,-1.31,-3.18,-16.65,10.29,-7.49,-11.5
2026-08-05,Railway Infrastructure & Consulting,SIDEWAYS,AVOID,-2.3,0.47,-13.0,13.94,-10.85,-14.86
2026-08-05,Power Generation & Utilities,SIDEWAYS,AVOID,-3.48,-3.62,-17.09,9.85,-10.02,-14.03
2026-08-05,Consumer Durables,SIDEWAYS,BUY,4.08,-2.49,-15.95,10.98,12.15,8.14
2026-08-05,Power Sector Financing NBFC,SIDEWAYS,BUY,4.49,-1.06,-14.53,12.4,17.41,13.4
2026-08-05,Oil Exploration & Refining,SIDEWAYS,AVOID,-3.81,-2.6,-16.06,10.87,-6.57,-10.58
2026-08-05,Tea & Coffee,SIDEWAYS,NEUTRAL,-0.82,-2.13,-15.59,11.34,-3.59,-7.6
2026-08-05,Wealth & Asset Management,SIDEWAYS,BUY,7.32,1.03,-12.44,14.5,20.54,16.53
2026-08-05,Oil Gas & Consumable Fuels,SIDEWAYS,NEUTRAL,-3.15,7.82,-5.64,21.29,3.76,-0.25
2026-08-05,Packaged Foods & Consumer Staples,SIDEWAYS,AVOID,-6.44,-3.07,-16.54,10.4,-9.91,-13.92
2026-08-05,Agrochemicals & Pesticides,SIDEWAYS,AVOID,-2.87,-0.86,-14.33,12.61,-12.14,-16.15
2026-08-05,Breweries & Distilleries,SIDEWAYS,NEUTRAL,-0.95,-2.04,-15.51,11.43,1.56,-2.45
2026-08-05,Railway Infrastructure,SIDEWAYS,AVOID,-6.32,-1.06,-14.53,12.41,-15.97,-19.98
2026-08-05,Superalloys & Special Metals,SIDEWAYS,WATCH,2.15,1.55,-11.92,15.02,4.76,0.75
2026-08-05,Ship Building & Defence,SIDEWAYS,AVOID,-8.46,0.33,-13.14,13.8,-16.94,-20.95
2026-08-05,Pumps & Compressors,SIDEWAYS,NEUTRAL,-1.59,-1.83,-15.29,11.64,-3.04,-7.05
2026-08-05,Electronic Manufacturing Services (EMS),SIDEWAYS,AVOID,-6.8,-1.03,-14.49,12.44,-8.21,-12.22
2026-08-05,Electronic Manufacturing Services (EMS),SIDEWAYS,AVOID,-10.0,0.6,-12.87,14.07,-19.93,-23.94
2026-08-05,Air Conditioners & AC Components,SIDEWAYS,AVOID,-7.61,0.6,-12.87,14.07,-13.18,-17.19
2026-08-05,Air Conditioners & AC Components,SIDEWAYS,NEUTRAL,0.46,-3.34,-16.81,10.13,-2.5,-6.51
2026-08-05,Lubricants & Specialty Oils,SIDEWAYS,WATCH,5.55,0.82,-12.64,14.29,10.39,6.38
2026-08-05,Railway Wagons & Equipment,SIDEWAYS,AVOID,-3.84,-3.44,-16.9,10.03,-9.37,-13.38
2026-08-05,Structural Steel Tubes & Pipes,SIDEWAYS,BUY,5.34,0.92,-12.55,14.39,18.65,14.64
2026-08-05,Paints & Coatings,SIDEWAYS,BUY,8.71,4.31,-9.16,17.78,19.79,15.78
2026-08-05,Packaged Foods & FMCG Staples,SIDEWAYS,AVOID,-4.07,-3.13,-16.6,10.34,-6.89,-10.9
2026-08-05,Air Conditioners & Appliances,SIDEWAYS,AVOID,-4.91,-0.33,-13.8,13.14,-13.22,-17.23
2026-08-05,Capital Markets & Asset Management,SIDEWAYS,AVOID,-2.4,-3.05,-16.52,10.41,-9.61,-13.62
2026-08-05,Copper Mining,SIDEWAYS,WATCH,10.17,6.38,-7.09,19.85,26.29,22.28
2026-08-05,Media & Entertainment,SIDEWAYS,WATCH,2.35,-3.41,-16.88,10.06,1.69,-2.32
2026-08-05,Civil Buildings & Commercial EPC,SIDEWAYS,AVOID,-6.29,-1.12,-14.59,12.35,-17.07,-21.08
2026-08-05,Saw Pipes & Ductile Iron Pipes,SIDEWAYS,BUY,3.07,2.81,-10.66,16.28,16.19,12.18
2026-08-05,Plywood & Boards,SIDEWAYS,BUY,7.43,0.42,-13.04,13.89,16.86,12.85
2026-08-05,Capital Goods,SIDEWAYS,NEUTRAL,0.03,-2.77,-16.24,10.69,4.85,0.84
2026-08-05,Packaging Materials & Containers,SIDEWAYS,NEUTRAL,-2.82,-2.32,-15.78,11.15,-5.09,-9.1
2026-08-05,Railway Ticketing & Catering,SIDEWAYS,AVOID,-5.21,-0.53,-14.0,12.94,-15.98,-19.99
2026-08-05,Fertilizers & Agrochemicals,SIDEWAYS,AVOID,-6.02,-3.53,-16.99,9.94,-12.45,-16.46
2026-08-05,Copper & Non-Ferrous Metals,SIDEWAYS,STRONG BUY,6.64,0.02,-13.45,13.49,20.18,16.17
2026-08-05,Metals & Mining,SIDEWAYS,NEUTRAL,0.18,-0.71,-14.18,12.76,5.22,1.21
2026-08-05,Explosives & Defence Chemicals,SIDEWAYS,BUY,1.61,-0.17,-13.64,13.3,14.54,10.53
2026-08-05,Microfinance NBFC,SIDEWAYS,NEUTRAL,-3.58,3.29,-10.18,16.76,2.42,-1.59
2026-08-05,Construction Materials,SIDEWAYS,BUY,5.86,1.01,-12.46,14.48,18.74,14.73
2026-08-05,Bearings & Friction Solutions,SIDEWAYS,WATCH,1.52,-1.52,-14.98,11.95,4.27,0.26
2026-08-05,Civil Construction & Infrastructure,SIDEWAYS,AVOID,-2.37,-5.12,-18.59,8.35,-10.03,-14.04
2026-08-05,Water & Wastewater Treatment,SIDEWAYS,AVOID,-11.1,0.67,-12.8,14.14,-19.87,-23.88
2026-08-05,Water & Wastewater Treatment,SIDEWAYS,NEUTRAL,0.85,0.3,-13.17,13.77,-0.92,-4.93
2026-08-05,Railway Telecom,SIDEWAYS,AVOID,-7.6,-0.75,-14.22,12.71,-18.28,-22.29
2026-08-05,Media Entertainment & Publication,SIDEWAYS,NEUTRAL,-1.67,-0.35,-13.82,13.12,3.35,-0.66
2026-08-05,Asset Management & Wealth,SIDEWAYS,NEUTRAL,-1.14,-1.57,-15.04,11.89,-0.8,-4.81
2026-08-05,"Textiles, Yarns & Apparel",SIDEWAYS,NEUTRAL,-3.12,-3.51,-16.98,9.96,-5.34,-9.35
2026-08-05,Auto Lighting,SIDEWAYS,WATCH,12.22,2.64,-10.83,16.11,27.84,23.83
2026-08-05,Renewable Energy,SIDEWAYS,AVOID,-7.58,-2.95,-16.42,10.51,-15.97,-19.98
2026-08-05,Hospitals & Diagnostic Centres,SIDEWAYS,NEUTRAL,-0.48,-3.0,-16.47,10.47,0.16,-3.85
2026-08-05,Utilities,SIDEWAYS,AVOID,-10.81,4.04,-9.42,17.51,-20.38,-24.39
2026-08-05,Tractors & Farm Equipment,SIDEWAYS,WATCH,4.93,2.97,-10.5,16.44,8.63,4.62
2026-08-05,Plastic Pipes & Fittings,SIDEWAYS,NEUTRAL,1.27,-3.97,-17.43,9.5,-0.85,-4.86
2026-08-05,Travel Tech SaaS Solutions,SIDEWAYS,REDUCE,3.45,1.66,-11.8,15.13,17.59,13.58
2026-08-05,Textiles,SIDEWAYS,NEUTRAL,0.16,-1.08,-14.55,12.39,7.21,3.2
2026-08-05,Telecommunication,SIDEWAYS,AVOID,-4.62,-2.77,-16.24,10.7,-5.83,-9.84
2026-08-05,Automobile OEMs,SIDEWAYS,WATCH,2.68,-1.43,-14.9,12.04,5.97,1.96
2026-08-05,Aerospace & Defence,SIDEWAYS,NEUTRAL,-0.28,-2.27,-15.73,11.2,4.34,0.33
2026-08-05,Auto Glass,SIDEWAYS,BUY,11.03,1.11,-12.36,14.58,25.11,21.1
2026-08-05,Fast Moving Consumer Goods,SIDEWAYS,AVOID,-1.07,-3.47,-16.93,10.0,-6.32,-10.33
2026-08-05,Services,SIDEWAYS,NEUTRAL,-0.91,-1.94,-15.41,11.52,0.72,-3.29
2026-08-05,Heavy Electrical Equipment,SIDEWAYS,WATCH,9.99,7.4,-6.07,20.87,23.03,19.02
2026-08-05,Batteries,SIDEWAYS,AVOID,-8.62,1.06,-12.41,14.53,-14.18,-18.19
2026-08-05,Hospitals & Healthcare Services,SIDEWAYS,NEUTRAL,7.53,0.76,-12.71,14.22,23.34,19.33
2026-08-05,Dairy Products,SIDEWAYS,AVOID,-2.71,-2.8,-16.26,10.67,-10.29,-14.3
2026-08-05,Power,SIDEWAYS,WATCH,4.01,-1.24,-14.71,12.23,6.32,2.31
2026-08-05,Batteries,SIDEWAYS,BUY,9.26,0.59,-12.88,14.06,21.05,17.04
2026-08-05,Diagnostic & Healthcare Laboratories,SIDEWAYS,AVOID,-4.13,-0.68,-14.15,12.79,-12.67,-16.68
2026-08-05,Roads & Highways EPC,SIDEWAYS,AVOID,-5.4,-0.58,-14.05,12.88,-16.32,-20.33
2026-08-05,Construction,SIDEWAYS,NEUTRAL,-0.87,-1.42,-14.88,12.05,2.03,-1.98
2026-08-05,Asset Management Company (AMC),SIDEWAYS,NEUTRAL,-0.45,-2.84,-16.31,10.62,-4.67,-8.68
2026-08-05,Commodity Chemicals,SIDEWAYS,NEUTRAL,-3.16,-4.04,-17.51,9.43,-2.55,-6.56
2026-08-05,Textiles & Apparel,SIDEWAYS,NEUTRAL,-1.16,-3.56,-17.02,9.91,-2.59,-6.6
2026-08-05,API & CDMO / CRAMS,SIDEWAYS,NEUTRAL,2.26,-0.39,-13.86,13.08,7.82,3.81
2026-08-05,Rubber Chemicals,SIDEWAYS,AVOID,-7.59,-0.16,-13.63,13.31,-17.65,-21.66
2026-08-05,Gas Transmission & Distribution,SIDEWAYS,AVOID,-5.61,-3.6,-17.07,9.87,-12.76,-16.77
2026-08-05,Diversified Commercial,SIDEWAYS,NEUTRAL,0.11,-3.46,-16.92,10.01,-0.65,-4.66
2026-08-05,Ceramics & Tiles,SIDEWAYS,AVOID,-7.83,-0.26,-13.72,13.21,-15.19,-19.2
2026-08-05,Hotels & Restaurants,SIDEWAYS,AVOID,-3.52,-3.45,-16.91,10.02,-11.52,-15.53
2026-08-05,Pharmaceuticals & Biotechnology,SIDEWAYS,NEUTRAL,-0.68,-3.49,-16.96,9.98,4.26,0.25
2026-08-05,Wires & Cables,SIDEWAYS,WATCH,5.49,-2.38,-15.85,11.09,10.07,6.06
2026-08-05,Auto Parts & Equipment,SIDEWAYS,BUY,6.62,-1.12,-14.59,12.34,15.84,11.83
2026-08-05,Railways,SIDEWAYS,NEUTRAL,0.32,-0.49,-13.95,12.98,2.83,-1.18
2026-08-05,Automobile and Auto Components,SIDEWAYS,BUY,8.53,0.45,-13.02,13.92,19.38,15.37
2026-08-05,Residential & Commercial Real Estate,SIDEWAYS,AVOID,-3.48,-3.94,-17.41,9.53,-9.01,-13.02
2026-08-05,Edible Oils,SIDEWAYS,AVOID,-7.75,0.76,-12.7,14.23,-17.29,-21.3
2026-08-05,Specialty Chemicals,SIDEWAYS,WATCH,0.73,-3.13,-16.6,10.33,0.95,-3.06
2026-08-05,Stockbroking & Financial Products,SIDEWAYS,NEUTRAL,-3.38,-3.7,-17.17,9.77,-4.95,-8.96
2026-08-05,Banks,SIDEWAYS,NEUTRAL,-0.64,-2.98,-16.45,10.49,4.47,0.46
2026-08-05,"Hotels, Resorts & QSR",SIDEWAYS,NEUTRAL,1.16,-2.78,-16.25,10.69,-1.91,-5.92
2026-08-05,Tyres & Rubber Products,SIDEWAYS,WATCH,3.2,-1.39,-14.86,12.08,5.36,1.35
2026-08-05,Passenger Cars & Utility Vehicles,SIDEWAYS,NEUTRAL,0.15,4.33,-9.13,17.8,10.06,6.05
2026-08-05,Insurance,SIDEWAYS,WATCH,2.54,-2.96,-16.43,10.5,2.41,-1.6
2026-08-05,Logistics & Transportation,SIDEWAYS,NEUTRAL,0.61,-3.78,-17.25,9.69,-1.79,-5.8
2026-08-05,Diversified Retail,SIDEWAYS,AVOID,-2.97,-3.07,-16.54,10.4,-10.34,-14.35
2026-08-05,Cement,SIDEWAYS,AVOID,-5.28,-0.74,-14.21,12.73,-7.86,-11.87
2026-08-05,Information Technology,SIDEWAYS,WATCH,0.86,-0.87,-14.33,12.6,1.32,-2.69
2026-08-05,Iron & Steel,SIDEWAYS,NEUTRAL,-0.2,-2.91,-16.38,10.56,6.2,2.19
2026-08-05,Gas Distribution,SIDEWAYS,WATCH,2.88,0.62,-12.85,14.08,6.43,2.42
2026-08-05,Steel Manufacturing & Mining,SIDEWAYS,REDUCE,4.29,4.71,-8.76,18.18,17.97,13.96
2026-08-05,Internet & Digital Platforms,SIDEWAYS,NEUTRAL,0.18,-2.73,-16.2,10.74,-3.69,-7.7
2026-08-05,Healthcare,SIDEWAYS,BUY,5.73,-2.01,-15.47,11.46,11.04,7.03
2026-08-05,Project Management & Civil Construction,SIDEWAYS,AVOID,-5.78,-0.8,-14.27,12.66,-16.25,-20.26
2026-08-05,Diversified & Fashion Retail,SIDEWAYS,AVOID,-1.29,-3.45,-16.92,10.02,-7.69,-11.7
2026-08-05,Realty,SIDEWAYS,AVOID,-5.01,-0.76,-14.23,12.71,-16.1,-20.11
2026-08-05,Housing & Urban Infrastructure Financing,SIDEWAYS,AVOID,-6.31,-0.68,-14.15,12.79,-16.47,-20.48
2026-08-05,Railway Financing,SIDEWAYS,AVOID,-5.45,-4.31,-17.78,9.16,-15.76,-19.77
2026-08-05,Batteries & Energy Storage,SIDEWAYS,WATCH,4.7,0.36,-13.1,13.83,10.61,6.6
2026-08-05,Data Centers & Real Estate,SIDEWAYS,BUY,6.31,0.53,-12.94,13.99,19.36,15.35
2026-08-05,Plastic Pipes & Moulded Products,SIDEWAYS,AVOID,-7.13,0.76,-12.7,14.23,-18.91,-22.92
2026-08-05,Chemicals,SIDEWAYS,NEUTRAL,-0.16,-3.97,-17.44,9.5,-4.32,-8.33
2026-08-05,Packaging & Containers,SIDEWAYS,WATCH,4.39,2.29,-11.18,15.76,8.08,4.07
2026-08-05,Footwear,SIDEWAYS,AVOID,-8.05,1.08,-12.39,14.55,-19.16,-23.17
2026-08-05,Pharmaceuticals,SIDEWAYS,NEUTRAL,-0.79,-3.46,-16.92,10.01,-0.43,-4.44
2026-08-05,Renewable Energy Financing NBFC,SIDEWAYS,AVOID,-3.27,-1.18,-14.64,12.29,-13.07,-17.08
2026-08-05,IT Consulting & Software,SIDEWAYS,AVOID,-1.69,-3.94,-17.41,9.53,-7.78,-11.79
2026-08-05,Renewable Energy - Solar & Wind,SIDEWAYS,AVOID,-5.9,-2.96,-16.42,10.51,-14.28,-18.29
2026-08-05,"Plywood, MDF & Laminates",SIDEWAYS,NEUTRAL,-0.06,-2.9,-16.36,10.57,-4.02,-8.03
2026-08-05,Paper & Paper Products,SIDEWAYS,NEUTRAL,-0.35,-3.35,-16.82,10.12,-4.9,-8.91
2026-08-05,"Logistics, Ports & Supply Chain",SIDEWAYS,NEUTRAL,-0.58,-2.4,-15.87,11.06,-0.41,-4.42
2026-08-05,Pipes & Tubes,SIDEWAYS,NEUTRAL,0.25,-3.31,-16.78,10.16,-2.12,-6.13
2026-08-05,Zinc & Silver Mining,SIDEWAYS,WATCH,10.89,-0.19,-13.66,13.28,27.22,23.21
2026-08-05,Software Products & Digital Services,SIDEWAYS,NEUTRAL,1.3,-3.57,-17.04,9.9,-0.07,-4.08
2026-08-05,Cement & Clinker,SIDEWAYS,AVOID,-1.03,-3.89,-17.35,9.58,-7.11,-11.12
2026-08-05,Power Generation & Distribution,SIDEWAYS,AVOID,-9.38,0.49,-12.98,13.95,-18.7,-22.71
2026-08-06,Chemicals,SIDEWAYS,NEUTRAL,-0.81,-3.71,-17.17,9.76,-5.02,-9.03
2026-08-06,Affordable Housing Finance Company,SIDEWAYS,AVOID,-8.3,0.59,-12.87,14.06,-19.73,-23.74
2026-08-06,Stockbroking & Financial Products,SIDEWAYS,AVOID,-4.49,-3.19,-16.66,10.28,-8.21,-12.22
2026-08-06,Commodity Chemicals,SIDEWAYS,NEUTRAL,-2.34,-4.04,-17.51,9.43,-2.97,-6.98
2026-08-06,Diversified Retail,SIDEWAYS,AVOID,-3.84,-3.03,-16.5,10.44,-10.48,-14.49
2026-08-06,Realty,SIDEWAYS,AVOID,-6.87,-0.69,-14.15,12.78,-16.72,-20.73
2026-08-06,Air Conditioners & Appliances,SIDEWAYS,AVOID,-8.68,0.73,-12.74,14.2,-15.19,-19.2
2026-08-06,Banks,SIDEWAYS,WATCH,1.14,-2.77,-16.24,10.69,4.2,0.19
2026-08-06,Automobile and Auto Components,SIDEWAYS,BUY,7.43,-0.27,-13.74,13.2,16.85,12.84
2026-08-06,Information Technology,SIDEWAYS,WATCH,1.1,-0.72,-14.19,12.75,0.73,-3.28
2026-08-06,Railway Infrastructure & Consulting,SIDEWAYS,AVOID,-1.88,-0.68,-14.15,12.79,-9.87,-13.88
2026-08-06,Cement,SIDEWAYS,WATCH,1.37,-1.19,-14.66,12.27,-0.03,-4.04
2026-08-06,Ceramics & Tiles,SIDEWAYS,AVOID,-6.15,-3.06,-16.53,10.4,-12.77,-16.78
2026-08-06,Batteries & Energy Storage,SIDEWAYS,AVOID,-8.22,0.99,-12.48,14.46,-15.54,-19.55
2026-08-06,Plywood & Boards,SIDEWAYS,BUY,7.43,0.02,-13.45,13.49,16.86,12.85
2026-08-06,Gas Transmission & Distribution,SIDEWAYS,AVOID,-7.26,-2.98,-16.45,10.49,-12.62,-16.63
2026-08-06,Saw Pipes & Ductile Iron Pipes,SIDEWAYS,BUY,5.18,-0.32,-13.79,13.14,15.61,11.6
2026-08-06,Auto Glass,SIDEWAYS,BUY,10.6,0.85,-12.62,14.32,24.12,20.11
2026-08-06,Packaged Foods & FMCG Staples,SIDEWAYS,AVOID,-5.05,-3.61,-17.07,9.86,-9.43,-13.44
2026-08-06,Wires & Cables,SIDEWAYS,WATCH,3.02,-2.62,-16.08,10.85,4.4,0.39
2026-08-06,Metals & Mining,SIDEWAYS,NEUTRAL,-0.95,-0.69,-14.15,12.78,1.54,-2.47
2026-08-06,Project Management & Civil Construction,SIDEWAYS,AVOID,-6.1,-1.18,-14.64,12.29,-16.53,-20.54
2026-08-06,Power,SIDEWAYS,WATCH,2.75,-1.39,-14.86,12.08,3.42,-0.59
2026-08-06,Insurance,SIDEWAYS,AVOID,-3.63,-3.28,-16.75,10.19,-6.7,-10.71
2026-08-06,Railways,SIDEWAYS,NEUTRAL,-0.47,-0.49,-13.95,12.98,1.2,-2.81
2026-08-06,Mining & Mineral Products,SIDEWAYS,NEUTRAL,-3.59,-3.57,-17.04,9.89,-1.82,-5.83
2026-08-06,Logistics & Transportation,SIDEWAYS,WATCH,2.11,-1.53,-15.0,11.94,1.37,-2.64
2026-08-06,Fast Moving Consumer Goods,SIDEWAYS,AVOID,-3.68,-3.39,-16.86,10.07,-7.95,-11.96
2026-08-06,Capital Markets & Asset Management,SIDEWAYS,AVOID,-6.14,-3.28,-16.75,10.19,-13.06,-17.07
2026-08-06,Oil Exploration & Refining,SIDEWAYS,AVOID,-3.6,-2.6,-16.06,10.87,-6.41,-10.42
2026-08-06,Auto Lighting,SIDEWAYS,WATCH,8.49,2.16,-11.31,15.63,22.08,18.07
2026-08-06,Fertilizers,SIDEWAYS,AVOID,-6.44,-4.67,-18.14,8.79,-16.07,-20.08
2026-08-06,Data Centers & Real Estate,SIDEWAYS,REDUCE,4.19,2.39,-11.08,15.85,17.36,13.35
2026-08-06,Media & Entertainment,SIDEWAYS,NEUTRAL,-1.8,-3.41,-16.88,10.06,-4.31,-8.32
2026-08-06,Paper & Paper Products,SIDEWAYS,NEUTRAL,0.3,-2.37,-15.84,11.1,-1.5,-5.51
2026-08-06,Non Banking Financial Company (NBFC),SIDEWAYS,NEUTRAL,-0.69,-3.65,-17.11,9.82,-1.31,-5.32
2026-08-06,Consumer Durables,SIDEWAYS,WATCH,3.47,-2.89,-16.36,10.58,8.97,4.96
2026-08-06,Cement & Clinker,SIDEWAYS,AVOID,-5.8,-3.78,-17.24,9.69,-12.78,-16.79
2026-08-06,Services,SIDEWAYS,NEUTRAL,-2.37,-1.77,-15.24,11.7,-0.67,-4.68
2026-08-06,"Plywood, MDF & Laminates",SIDEWAYS,NEUTRAL,-0.71,-2.9,-16.37,10.57,-3.61,-7.62
2026-08-06,Roads & Highways EPC,SIDEWAYS,AVOID,-4.76,-0.58,-14.05,12.88,-13.93,-17.94
2026-08-06,Construction,SIDEWAYS,NEUTRAL,-0.4,-1.27,-14.74,12.2,-1.64,-5.65
2026-08-06,Railway Ticketing & Catering,SIDEWAYS,AVOID,-3.34,-0.62,-14.09,12.85,-12.05,-16.06
2026-08-06,Iron & Steel,SIDEWAYS,WATCH,2.08,-3.19,-16.65,10.28,5.52,1.51
2026-08-06,Textiles,SIDEWAYS,BUY,6.73,-0.18,-13.65,13.29,13.45,9.44
2026-08-06,Telecommunication,SIDEWAYS,AVOID,-6.23,-0.17,-13.64,13.3,-11.49,-15.5
2026-08-06,Power Generation & Distribution,SIDEWAYS,WATCH,2.66,1.29,-12.18,14.76,5.92,1.91
2026-08-06,Fertilizers & Agrochemicals,SIDEWAYS,AVOID,-5.52,-3.53,-16.99,9.94,-12.94,-16.95
2026-08-06,Paints,SIDEWAYS,WATCH,3.63,-1.58,-15.05,11.89,6.81,2.8
2026-08-06,Tea & Coffee,SIDEWAYS,NEUTRAL,-2.27,-3.27,-16.74,10.19,-4.89,-8.9
2026-08-06,Renewable Energy Financing NBFC,SIDEWAYS,AVOID,-5.31,-1.18,-14.64,12.29,-14.9,-18.91
2026-08-06,Copper Mining,SIDEWAYS,WATCH,11.91,2.18,-11.29,15.65,27.12,23.11
2026-08-06,Civil Buildings & Commercial EPC,SIDEWAYS,AVOID,-7.73,-0.5,-13.96,12.97,-18.22,-22.23
2026-08-06,Copper & Non-Ferrous Metals,SIDEWAYS,BUY,9.46,1.28,-12.19,14.74,25.04,21.03
2026-08-06,Textiles & Apparel,SIDEWAYS,NEUTRAL,-3.45,-3.55,-17.02,9.92,-5.04,-9.05
2026-08-06,Packaging Materials & Containers,SIDEWAYS,NEUTRAL,-3.21,-2.32,-15.78,11.15,-5.24,-9.25
2026-08-06,Internet & Digital Platforms,SIDEWAYS,AVOID,-3.72,-3.62,-17.09,9.84,-7.35,-11.36
2026-08-06,Hospitals & Diagnostic Centres,SIDEWAYS,NEUTRAL,-1.15,-3.0,-16.47,10.47,-0.21,-4.22
2026-08-06,Power Sector Financing NBFC,SIDEWAYS,BUY,4.39,-1.43,-14.9,12.03,16.58,12.57
2026-08-06,Travel Tech SaaS Solutions,SIDEWAYS,WATCH,10.3,2.25,-11.22,15.71,23.44,19.43
2026-08-06,Utilities,SIDEWAYS,AVOID,-10.47,0.25,-13.22,13.72,-22.28,-26.29
2026-08-06,Media Entertainment & Publication,SIDEWAYS,NEUTRAL,-0.46,0.02,-13.45,13.48,2.09,-1.92
2026-08-06,Tractors & Farm Equipment,SIDEWAYS,NEUTRAL,-0.95,0.3,-13.17,13.77,4.93,0.92
2026-08-06,Power Generation & Utilities,SIDEWAYS,AVOID,-3.39,-3.79,-17.26,9.67,-8.86,-12.87
2026-08-06,Hospitals & Healthcare Services,SIDEWAYS,WATCH,10.31,-1.97,-15.44,11.49,24.76,20.75
2026-08-06,Wealth & Asset Management,SIDEWAYS,BUY,5.49,0.04,-13.43,13.51,18.13,14.12
2026-08-06,Aerospace & Defence,SIDEWAYS,WATCH,4.48,-1.72,-15.19,11.75,8.67,4.66
2026-08-06,Residential & Commercial Real Estate,SIDEWAYS,AVOID,-3.73,-3.79,-17.26,9.67,-8.84,-12.85
2026-08-06,Automobile OEMs,SIDEWAYS,WATCH,4.02,-1.75,-15.22,11.72,8.25,4.24
2026-08-06,Sugar & Bio-Ethanol,SIDEWAYS,NEUTRAL,1.24,-3.13,-16.6,10.33,-0.22,-4.23
2026-08-06,Pumps & Compressors,SIDEWAYS,AVOID,-2.43,-2.76,-16.22,10.71,-6.08,-10.09
2026-08-06,Electronic Manufacturing Services (EMS),SIDEWAYS,AVOID,-9.8,0.8,-12.67,14.27,-16.9,-20.91
2026-08-06,Electronic Manufacturing Services (EMS),SIDEWAYS,BUY,6.83,-1.82,-15.29,11.65,14.72,10.71
2026-08-06,Civil Construction & Infrastructure,SIDEWAYS,AVOID,-0.88,-3.82,-17.29,9.65,-6.34,-10.35
2026-08-06,Packaging & Containers,SIDEWAYS,WATCH,2.71,-0.22,-13.69,13.25,6.15,2.14
2026-08-06,Superalloys & Special Metals,SIDEWAYS,BUY,11.07,1.17,-12.3,14.64,25.19,21.18
2026-08-06,Breweries & Distilleries,SIDEWAYS,NEUTRAL,-1.08,-2.01,-15.48,11.46,1.17,-2.84
2026-08-06,Renewable Energy,SIDEWAYS,AVOID,-7.13,-0.13,-13.6,13.34,-16.23,-20.24
2026-08-06,Railway Wagons & Equipment,SIDEWAYS,AVOID,-2.45,-4.15,-17.62,9.31,-9.39,-13.4
2026-08-06,Renewable Energy - Solar & Wind,SIDEWAYS,AVOID,-7.43,-3.07,-16.54,10.4,-15.35,-19.36
2026-08-06,Healthcare,SIDEWAYS,WATCH,4.63,-1.96,-15.43,11.51,8.12,4.11
2026-08-06,Ship Building & Defence,SIDEWAYS,AVOID,-1.11,1.26,-12.21,14.73,-8.1,-12.11
2026-08-06,API & CDMO / CRAMS,SIDEWAYS,WATCH,5.6,-0.87,-14.33,12.6,11.06,7.05
2026-08-06,Diversified & Fashion Retail,SIDEWAYS,AVOID,-3.03,-3.41,-16.88,10.06,-9.92,-13.93
2026-08-06,Capital Goods,SIDEWAYS,WATCH,5.38,-3.27,-16.74,10.2,10.01,6.0
2026-08-06,Gas Distribution,SIDEWAYS,WATCH,2.91,-0.28,-13.75,13.18,6.51,2.5
2026-08-06,Lubricants & Specialty Oils,SIDEWAYS,WATCH,5.96,1.13,-12.34,14.6,11.33,7.32
2026-08-06,Batteries,SIDEWAYS,AVOID,-9.81,1.24,-12.22,14.71,-16.9,-20.91
2026-08-06,Steel Manufacturing & Mining,SIDEWAYS,WATCH,7.78,1.24,-12.22,14.71,20.43,16.42
2026-08-06,Pharmaceuticals,SIDEWAYS,NEUTRAL,-0.2,-3.57,-17.04,9.9,-0.41,-4.42
2026-08-06,IT Consulting & Software,SIDEWAYS,AVOID,-4.27,-3.64,-17.11,9.83,-8.63,-12.64
2026-08-06,"Logistics, Ports & Supply Chain",SIDEWAYS,WATCH,3.0,-2.62,-16.09,10.84,3.89,-0.12
2026-08-06,Aluminium & Mining,SIDEWAYS,WATCH,2.33,-0.92,-14.39,12.54,3.02,-0.99
2026-08-06,Plastic Pipes & Fittings,SIDEWAYS,NEUTRAL,-0.29,-4.25,-17.72,9.21,-2.16,-6.17
2026-08-06,Railway Infrastructure,SIDEWAYS,AVOID,-4.29,-1.02,-14.49,12.45,-13.7,-17.71
2026-08-06,Electronic Manufacturing Services (EMS),SIDEWAYS,AVOID,-8.23,-1.37,-14.84,12.1,-18.0,-22.01
2026-08-06,Software Products & Digital Services,SIDEWAYS,WATCH,0.67,-2.93,-16.39,10.54,0.89,-3.12
2026-08-06,Footwear,SIDEWAYS,AVOID,-5.2,0.76,-12.7,14.23,-15.08,-19.09
2026-08-06,Diagnostic & Healthcare Laboratories,SIDEWAYS,AVOID,-5.54,-0.62,-14.09,12.85,-11.88,-15.89
2026-08-06,Financial Services,SIDEWAYS,NEUTRAL,-0.82,-2.43,-15.9,11.03,-3.73,-7.74
2026-08-06,Water & Wastewater Treatment,SIDEWAYS,AVOID,-3.75,-2.05,-15.51,11.42,-9.09,-13.1
2026-08-06,Dairy Products,SIDEWAYS,AVOID,-1.2,-3.53,-17.0,9.94,-6.97,-10.98
2026-08-06,Heavy Electrical Equipment,SIDEWAYS,NEUTRAL,7.03,6.71,-6.76,20.18,20.81,16.8
2026-08-06,Batteries,SIDEWAYS,BUY,8.55,0.68,-12.79,14.15,19.42,15.41
2026-08-06,Asset Management Company (AMC),SIDEWAYS,AVOID,-4.69,-3.24,-16.71,10.23,-8.86,-12.87
2026-08-06,Agrochemicals & Pesticides,SIDEWAYS,AVOID,-7.3,-0.68,-14.15,12.79,-18.02,-22.03
2026-08-06,Bearings & Friction Solutions,SIDEWAYS,NEUTRAL,-0.6,-3.15,-16.62,10.32,-0.33,-4.34
2026-08-06,Water & Wastewater Treatment,SIDEWAYS,AVOID,-10.14,0.57,-12.9,14.04,-17.67,-21.68
2026-08-06,Pipes & Tubes,SIDEWAYS,NEUTRAL,-1.22,-3.31,-16.78,10.16,-3.72,-7.73
2026-08-06,Telecom Services & Infrastructure,SIDEWAYS,NEUTRAL,-3.46,-0.76,-14.23,12.71,-3.31,-7.32
2026-08-06,Edible Oils,SIDEWAYS,AVOID,-11.02,-1.71,-15.17,11.76,-19.69,-23.7
2026-08-06,Railway Financing,SIDEWAYS,AVOID,-7.75,-0.39,-13.86,13.08,-15.71,-19.72
2026-08-06,Zinc & Silver Mining,SIDEWAYS,WATCH,9.67,-0.12,-13.59,13.35,23.04,19.03
2026-08-06,Paints & Coatings,SIDEWAYS,BUY,7.88,3.87,-9.6,17.34,17.89,13.88
2026-08-06,Passenger Cars & Utility Vehicles,SIDEWAYS,NEUTRAL,0.66,4.33,-9.13,17.8,8.45,4.44
2026-08-06,Auto Parts & Equipment,SIDEWAYS,WATCH,4.74,-2.21,-15.68,11.26,10.79,6.78
2026-08-06,Housing & Urban Infrastructure Financing,SIDEWAYS,AVOID,-6.63,-0.68,-14.15,12.79,-16.86,-20.87
2026-08-06,Specialty Chemicals,SIDEWAYS,WATCH,2.91,-2.87,-16.33,10.6,3.4,-0.61
2026-08-06,Civil Construction & Infrastructure EPC,SIDEWAYS,AVOID,-1.49,-2.96,-16.42,10.51,-7.76,-11.77
2026-08-06,Oil Gas & Consumable Fuels,SIDEWAYS,BUY,6.12,3.87,-9.6,17.34,20.03,16.02
2026-08-06,Tyres & Rubber Products,SIDEWAYS,NEUTRAL,-1.41,-1.39,-14.86,12.08,1.16,-2.85
2026-08-06,Hotels & Restaurants,SIDEWAYS,AVOID,-3.92,-3.69,-17.16,9.78,-10.37,-14.38
2026-08-06,Railway Telecom,SIDEWAYS,AVOID,-7.47,-0.83,-14.3,12.64,-17.25,-21.26
2026-08-06,Microfinance NBFC,SIDEWAYS,BUY,7.24,3.28,-10.19,16.75,16.42,12.41
2026-08-06,Pharmaceuticals & Biotechnology,SIDEWAYS,NEUTRAL,1.98,-2.4,-15.86,11.07,8.23,4.22
2026-08-06,Explosives & Defence Chemicals,SIDEWAYS,BUY,5.13,1.41,-12.06,14.88,15.19,11.18
2026-08-06,Rubber Chemicals,SIDEWAYS,AVOID,-8.06,0.24,-13.22,13.71,-18.66,-22.67
2026-08-06,Asset Management & Wealth,SIDEWAYS,NEUTRAL,-2.03,-1.36,-14.83,12.11,-2.22,-6.23
2026-08-06,Consumer Services,SIDEWAYS,NEUTRAL,-1.47,-3.58,-17.05,9.88,-4.41,-8.42
2026-08-06,"Hotels, Resorts & QSR",SIDEWAYS,NEUTRAL,-1.36,-3.61,-17.08,9.85,-5.64,-9.65
2026-08-06,Air Conditioners & AC Components,SIDEWAYS,AVOID,-9.81,0.07,-13.4,13.54,-16.91,-20.92
2026-08-06,Construction Materials,SIDEWAYS,BUY,5.03,0.04,-13.43,13.51,15.99,11.98
2026-08-06,Structural Steel Tubes & Pipes,SIDEWAYS,WATCH,7.39,1.71,-11.76,15.18,20.69,16.68
2026-08-06,Packaged Foods & Consumer Staples,SIDEWAYS,AVOID,-7.52,-2.56,-16.03,10.91,-10.42,-14.43
2026-08-06,"Textiles, Yarns & Apparel",SIDEWAYS,NEUTRAL,-2.07,-1.53,-15.0,11.94,-3.28,-7.29
2026-08-06,Air Conditioners & AC Components,SIDEWAYS,NEUTRAL,-0.71,-2.87,-16.34,10.6,-5.85,-9.86
2026-08-06,Plastic Pipes & Moulded Products,SIDEWAYS,AVOID,-7.34,0.67,-12.8,14.13,-18.03,-22.04
2026-08-06,Diversified Commercial,SIDEWAYS,WATCH,0.71,-3.46,-16.92,10.01,-0.1,-4.11
2026-08-06,Transformers & T&D Equipment,SIDEWAYS,WATCH,2.58,-1.83,-15.3,11.64,6.08,2.07
2026-08-07,Non Banking Financial Company (NBFC),SIDEWAYS,NEUTRAL,-3.8,-3.48,-16.95,9.99,-3.01,-7.02
2026-08-07,Housing & Urban Infrastructure Financing,SIDEWAYS,AVOID,-7.32,-0.68,-14.15,12.79,-18.35,-22.36
2026-08-07,Batteries & Energy Storage,SIDEWAYS,WATCH,1.93,0.52,-12.94,13.99,4.26,0.25
2026-08-07,Data Centers & Real Estate,SIDEWAYS,REDUCE,3.04,2.22,-11.25,15.69,16.18,12.17
2026-08-07,Air Conditioners & AC Components,SIDEWAYS,NEUTRAL,-0.61,-3.14,-16.61,10.33,-5.09,-9.1
2026-08-07,Packaging Materials & Containers,SIDEWAYS,NEUTRAL,-1.98,-2.12,-15.59,11.35,-3.95,-7.96
2026-08-07,Renewable Energy Financing NBFC,SIDEWAYS,AVOID,-7.61,-5.28,-18.75,8.19,-17.6,-21.61
2026-08-07,Realty,SIDEWAYS,AVOID,-5.34,1.06,-12.41,14.53,-14.61,-18.62
2026-08-07,Construction,SIDEWAYS,WATCH,2.63,-0.98,-14.44,12.49,3.88,-0.13
2026-08-07,Internet & Digital Platforms,SIDEWAYS,AVOID,-6.17,-2.94,-16.41,10.53,-8.47,-12.48
2026-08-07,Commodity Chemicals,SIDEWAYS,NEUTRAL,-3.42,-4.04,-17.51,9.43,-4.68,-8.69
2026-08-07,Renewable Energy - Solar & Wind,SIDEWAYS,AVOID,-6.53,-3.07,-16.54,10.4,-14.53,-18.54
2026-08-07,Air Conditioners & AC Components,SIDEWAYS,AVOID,-9.26,-0.0,-13.47,13.47,-15.65,-19.66
2026-08-07,Railway Telecom,SIDEWAYS,AVOID,-9.91,0.25,-13.22,13.72,-19.01,-23.02
2026-08-07,Packaging & Containers,SIDEWAYS,NEUTRAL,-0.06,-0.14,-13.61,13.33,4.08,0.07
2026-08-07,Railway Infrastructure & Consulting,SIDEWAYS,AVOID,-3.12,-0.8,-14.27,12.66,-12.4,-16.41
2026-08-07,Media Entertainment & Publication,SIDEWAYS,NEUTRAL,-1.11,-1.95,-15.42,11.52,1.84,-2.17
2026-08-07,Plastic Pipes & Fittings,SIDEWAYS,NEUTRAL,-1.59,-3.7,-17.17,9.77,-3.81,-7.82
2026-08-07,Water & Wastewater Treatment,SIDEWAYS,AVOID,-7.24,-2.35,-15.82,11.12,-16.65,-20.66
2026-08-07,Plywood & Boards,SIDEWAYS,STRONG BUY,7.95,1.21,-12.26,14.68,18.04,14.03
2026-08-07,Water & Wastewater Treatment,SIDEWAYS,AVOID,-8.99,1.89,-11.58,15.36,-15.03,-19.04
2026-08-07,Power Generation & Distribution,SIDEWAYS,AVOID,-8.62,-0.79,-14.26,12.67,-18.77,-22.78
2026-08-07,Diversified & Fashion Retail,SIDEWAYS,AVOID,-4.23,-3.34,-16.81,10.13,-11.22,-15.23
2026-08-07,Explosives & Defence Chemicals,SIDEWAYS,BUY,3.25,-2.02,-15.49,11.45,12.89,8.88
2026-08-07,Textiles,SIDEWAYS,BUY,7.37,0.5,-12.96,13.97,14.91,10.9
2026-08-07,Railway Ticketing & Catering,SIDEWAYS,AVOID,-5.81,-0.75,-14.22,12.71,-14.8,-18.81
2026-08-07,Construction Materials,SIDEWAYS,WATCH,9.33,0.66,-12.81,14.13,21.58,17.57
2026-08-07,Fast Moving Consumer Goods,SIDEWAYS,AVOID,-4.05,-3.47,-16.93,10.0,-8.09,-12.1
2026-08-07,Affordable Housing Finance Company,SIDEWAYS,AVOID,-8.0,0.67,-12.8,14.13,-19.48,-23.49
2026-08-07,Microfinance NBFC,SIDEWAYS,NEUTRAL,-1.62,5.26,-8.2,18.73,1.32,-2.69
2026-08-07,Stockbroking & Financial Products,SIDEWAYS,AVOID,-6.42,-2.27,-15.74,11.19,-10.86,-14.87
2026-08-07,Mining & Mineral Products,SIDEWAYS,NEUTRAL,-2.86,-1.64,-15.11,11.83,-2.3,-6.31
2026-08-07,Tyres & Rubber Products,SIDEWAYS,NEUTRAL,-3.09,-0.66,-14.12,12.81,-2.08,-6.09
2026-08-07,Information Technology,SIDEWAYS,NEUTRAL,-0.56,-0.87,-14.33,12.6,-1.41,-5.42
2026-08-07,Insurance,SIDEWAYS,AVOID,-7.18,-3.16,-16.63,10.31,-11.05,-15.06
2026-08-07,Edible Oils,SIDEWAYS,AVOID,-8.59,0.54,-12.93,14.01,-19.09,-23.1
2026-08-07,Telecom Services & Infrastructure,SIDEWAYS,NEUTRAL,-4.42,-1.74,-15.21,11.73,-4.71,-8.72
2026-08-07,Auto Parts & Equipment,SIDEWAYS,BUY,7.23,-1.89,-15.36,11.58,14.63,10.62
2026-08-07,Metals & Mining,SIDEWAYS,NEUTRAL,-0.65,-0.47,-13.93,13.0,3.36,-0.65
2026-08-07,Gas Transmission & Distribution,SIDEWAYS,AVOID,-5.02,-3.9,-17.37,9.57,-12.26,-16.27
2026-08-07,Hotels & Restaurants,SIDEWAYS,AVOID,-3.03,-3.37,-16.84,10.1,-8.89,-12.9
2026-08-07,Ceramics & Tiles,SIDEWAYS,AVOID,-5.19,-2.84,-16.31,10.63,-11.22,-15.23
2026-08-07,Gas Distribution,SIDEWAYS,AVOID,-9.93,0.99,-12.48,14.46,-17.19,-21.2
2026-08-07,Diversified Commercial,SIDEWAYS,WATCH,1.52,-3.57,-17.04,9.9,1.6,-2.41
2026-08-07,Automobile and Auto Components,SIDEWAYS,NEUTRAL,3.71,-2.13,-15.6,11.34,11.7,7.69
2026-08-07,Paints,SIDEWAYS,NEUTRAL,-0.09,-1.54,-15.01,11.92,-1.23,-5.24
2026-08-07,Bearings & Friction Solutions,SIDEWAYS,WATCH,1.31,-1.52,-14.98,11.95,3.09,-0.92
2026-08-07,Consumer Services,SIDEWAYS,WATCH,0.69,-2.75,-16.22,10.72,-0.13,-4.14
2026-08-07,IT Consulting & Software,SIDEWAYS,AVOID,-4.17,-3.68,-17.15,9.79,-8.74,-12.75
2026-08-07,Diagnostic & Healthcare Laboratories,SIDEWAYS,AVOID,-6.61,-0.96,-14.43,12.5,-13.8,-17.81
2026-08-07,Software Products & Digital Services,SIDEWAYS,NEUTRAL,-0.47,-2.93,-16.39,10.54,-0.5,-4.51
2026-08-07,Batteries,SIDEWAYS,BUY,9.71,0.67,-12.8,14.13,22.08,18.07
2026-08-07,Auto Lighting,SIDEWAYS,WATCH,10.69,2.56,-10.91,16.03,27.45,23.44
2026-08-07,Batteries,SIDEWAYS,AVOID,-9.97,0.8,-12.67,14.27,-17.29,-21.3
2026-08-07,Fertilizers,SIDEWAYS,AVOID,-7.98,-4.64,-18.11,8.83,-17.73,-21.74
2026-08-07,Automobile OEMs,SIDEWAYS,NEUTRAL,1.45,-1.35,-14.82,12.12,6.18,2.17
2026-08-07,Fertilizers & Agrochemicals,SIDEWAYS,AVOID,-7.06,-3.07,-16.54,10.39,-16.4,-20.41
2026-08-07,Sugar & Bio-Ethanol,SIDEWAYS,NEUTRAL,0.13,-3.13,-16.6,10.33,-2.76,-6.77
2026-08-07,Electronic Manufacturing Services (EMS),SIDEWAYS,AVOID,-11.09,-0.22,-13.69,13.25,-19.84,-23.85
2026-08-07,Civil Construction & Infrastructure,SIDEWAYS,AVOID,-3.13,-3.82,-17.29,9.65,-8.78,-12.79
2026-08-07,Travel Tech SaaS Solutions,SIDEWAYS,BUY,7.41,1.03,-12.44,14.49,18.93,14.92
2026-08-07,Power Sector Financing NBFC,SIDEWAYS,BUY,4.24,-0.93,-14.4,12.53,17.04,13.03
2026-08-07,Renewable Energy,SIDEWAYS,AVOID,-5.68,-3.14,-16.61,10.33,-15.19,-19.2
2026-08-07,Electronic Manufacturing Services (EMS),SIDEWAYS,AVOID,-7.15,-3.1,-16.57,10.37,-9.03,-13.04
2026-08-07,Electronic Manufacturing Services (EMS),SIDEWAYS,BUY,7.66,-1.41,-14.88,12.06,16.61,12.6
2026-08-07,Copper & Non-Ferrous Metals,SIDEWAYS,BUY,9.04,0.45,-13.02,13.92,21.96,17.95
2026-08-07,"Hotels, Resorts & QSR",SIDEWAYS,NEUTRAL,0.36,-3.35,-16.82,10.12,-3.42,-7.43
2026-08-07,Steel Manufacturing & Mining,SIDEWAYS,BUY,4.31,0.91,-12.56,14.38,16.01,12.0
2026-08-07,Asset Management & Wealth,SIDEWAYS,NEUTRAL,-1.9,-1.36,-14.83,12.11,-2.08,-6.09
2026-08-07,Saw Pipes & Ductile Iron Pipes,SIDEWAYS,BUY,5.21,0.64,-12.82,14.11,15.98,11.97
2026-08-07,Aerospace & Defence,SIDEWAYS,WATCH,4.68,-2.27,-15.73,11.2,9.43,5.42
2026-08-07,Heavy Electrical Equipment,SIDEWAYS,BUY,6.12,4.29,-9.18,17.75,20.18,16.17
2026-08-07,Paper & Paper Products,SIDEWAYS,NEUTRAL,-1.53,-2.69,-16.16,10.77,-4.44,-8.45
2026-08-07,Roads & Highways EPC,SIDEWAYS,AVOID,-2.36,-0.58,-14.05,12.89,-10.59,-14.6
2026-08-07,Dairy Products,SIDEWAYS,AVOID,-3.79,-3.72,-17.19,9.75,-9.48,-13.49
2026-08-07,Footwear,SIDEWAYS,AVOID,-8.31,0.67,-12.8,14.13,-19.08,-23.09
2026-08-07,Financial Services,SIDEWAYS,NEUTRAL,-0.78,-2.78,-16.24,10.69,-2.45,-6.46
2026-08-07,Banks,SIDEWAYS,NEUTRAL,-1.46,-2.98,-16.45,10.49,1.55,-2.46
2026-08-07,Asset Management Company (AMC),SIDEWAYS,AVOID,-5.29,-3.24,-16.71,10.23,-9.24,-13.25
2026-08-07,Iron & Steel,SIDEWAYS,WATCH,2.34,-3.11,-16.58,10.36,6.32,2.31
2026-08-07,Consumer Durables,SIDEWAYS,NEUTRAL,-0.69,-2.4,-15.87,11.06,1.02,-2.99
2026-08-07,Pharmaceuticals,SIDEWAYS,NEUTRAL,-3.11,-3.57,-17.04,9.9,-2.5,-6.51
2026-08-07,"Logistics, Ports & Supply Chain",SIDEWAYS,NEUTRAL,-1.39,-2.57,-16.03,10.9,-1.81,-5.82
2026-08-07,Logistics & Transportation,SIDEWAYS,NEUTRAL,0.87,-2.53,-16.0,10.94,-0.3,-4.31
2026-08-07,Oil Gas & Consumable Fuels,SIDEWAYS,NEUTRAL,-3.7,4.33,-9.13,17.8,2.48,-1.53
2026-08-07,Structural Steel Tubes & Pipes,SIDEWAYS,REDUCE,4.68,1.76,-11.7,15.23,17.84,13.83
2026-08-07,Railways,SIDEWAYS,NEUTRAL,-2.53,-0.67,-14.14,12.79,-1.59,-5.6
2026-08-07,Railway Infrastructure,SIDEWAYS,AVOID,-6.47,-0.99,-14.46,12.47,-16.18,-20.19
2026-08-07,Healthcare,SIDEWAYS,WATCH,1.85,-2.0,-15.47,11.47,4.52,0.51
2026-08-07,Oil Exploration & Refining,SIDEWAYS,AVOID,-4.72,-2.6,-16.06,10.87,-7.21,-11.22
2026-08-07,Telecommunication,SIDEWAYS,AVOID,-8.14,-0.35,-13.82,13.12,-12.73,-16.74
2026-08-07,Capital Markets & Asset Management,SIDEWAYS,AVOID,-7.14,-3.39,-16.86,10.07,-13.78,-17.79
2026-08-07,Tea & Coffee,SIDEWAYS,AVOID,-6.04,-3.78,-17.24,9.69,-10.71,-14.72
2026-08-07,Breweries & Distilleries,SIDEWAYS,NEUTRAL,-0.64,-2.01,-15.48,11.46,1.35,-2.66
2026-08-07,Copper Mining,SIDEWAYS,NEUTRAL,7.36,2.61,-10.86,16.08,21.93,17.92
2026-08-07,Diversified Retail,SIDEWAYS,AVOID,-4.93,-2.96,-16.42,10.51,-11.66,-15.67
2026-08-07,Residential & Commercial Real Estate,SIDEWAYS,AVOID,-3.42,-4.29,-17.76,9.18,-8.67,-12.68
2026-08-07,Textiles & Apparel,SIDEWAYS,NEUTRAL,0.04,-3.68,-17.15,9.79,-1.28,-5.29
2026-08-07,Lubricants & Specialty Oils,SIDEWAYS,WATCH,0.83,-1.29,-14.76,12.17,2.18,-1.83
2026-08-07,Hospitals & Diagnostic Centres,SIDEWAYS,NEUTRAL,-1.83,-3.65,-17.11,9.82,-1.66,-5.67
2026-08-07,Utilities,SIDEWAYS,AVOID,-10.21,-0.22,-13.69,13.25,-22.52,-26.53
2026-08-07,Tractors & Farm Equipment,SIDEWAYS,NEUTRAL,-2.57,0.49,-12.98,13.95,2.38,-1.63
2026-08-07,"Plywood, MDF & Laminates",SIDEWAYS,NEUTRAL,0.21,-2.92,-16.39,10.55,0.78,-3.23
2026-08-07,Passenger Cars & Utility Vehicles,SIDEWAYS,NEUTRAL,-0.11,6.66,-6.81,20.12,10.35,6.34
2026-08-07,Air Conditioners & Appliances,SIDEWAYS,AVOID,-4.15,0.26,-13.2,13.73,-10.63,-14.64
2026-08-07,Rubber Chemicals,SIDEWAYS,AVOID,-8.69,0.24,-13.22,13.71,-19.56,-23.57
2026-08-07,Agrochemicals & Pesticides,SIDEWAYS,AVOID,-10.03,1.06,-12.41,14.53,-19.21,-23.22
2026-08-07,Pumps & Compressors,SIDEWAYS,AVOID,-4.64,-3.08,-16.55,10.39,-7.71,-11.72
2026-08-07,Aluminium & Mining,SIDEWAYS,WATCH,2.06,-1.0,-14.46,12.47,3.39,-0.62
2026-08-07,Media & Entertainment,SIDEWAYS,NEUTRAL,-2.17,-3.38,-16.85,10.09,-4.55,-8.56
2026-08-07,Power,SIDEWAYS,WATCH,1.41,-1.36,-14.83,12.11,3.04,-0.97
2026-08-07,Paints & Coatings,SIDEWAYS,BUY,7.25,4.33,-9.13,17.8,16.44,12.43
2026-08-07,Pipes & Tubes,SIDEWAYS,NEUTRAL,-0.73,-2.98,-16.45,10.49,-2.36,-6.37
2026-08-07,Wires & Cables,SIDEWAYS,WATCH,2.74,-2.88,-16.34,10.59,4.64,0.63
2026-08-07,Cement & Clinker,SIDEWAYS,NEUTRAL,-0.92,-3.66,-17.13,9.8,-5.63,-9.64
2026-08-07,Project Management & Civil Construction,SIDEWAYS,AVOID,-7.78,-1.15,-14.62,12.32,-18.38,-22.39
2026-08-07,Plastic Pipes & Moulded Products,SIDEWAYS,AVOID,-7.73,0.76,-12.7,14.23,-18.64,-22.65
2026-08-07,Pharmaceuticals & Biotechnology,SIDEWAYS,NEUTRAL,-0.94,-3.34,-16.81,10.13,1.41,-2.6
2026-08-07,Capital Goods,SIDEWAYS,NEUTRAL,1.36,-3.3,-16.77,10.17,5.04,1.03
2026-08-07,Cement,SIDEWAYS,AVOID,-2.5,-1.29,-14.76,12.18,-5.62,-9.63
2026-08-07,Chemicals,SIDEWAYS,NEUTRAL,-0.38,-3.28,-16.75,10.19,-3.57,-7.58
2026-08-07,Civil Construction & Infrastructure EPC,SIDEWAYS,AVOID,-3.36,-2.96,-16.43,10.51,-10.43,-14.44
2026-08-07,API & CDMO / CRAMS,SIDEWAYS,WATCH,2.61,-0.84,-14.31,12.63,5.68,1.67
2026-08-07,Services,SIDEWAYS,NEUTRAL,-4.27,-1.36,-14.82,12.11,-2.79,-6.8
2026-08-07,Auto Glass,SIDEWAYS,BUY,6.37,1.32,-12.15,14.79,14.44,10.43
2026-08-07,Wealth & Asset Management,SIDEWAYS,BUY,6.33,0.25,-13.22,13.71,18.53,14.52
2026-08-07,"Textiles, Yarns & Apparel",SIDEWAYS,NEUTRAL,-1.37,-3.29,-16.76,10.18,-4.61,-8.62
2026-08-07,Transformers & T&D Equipment,SIDEWAYS,BUY,3.99,-1.83,-15.3,11.64,12.07,8.06
2026-08-07,Ship Building & Defence,SIDEWAYS,AVOID,-4.76,-0.75,-14.22,12.72,-13.19,-17.2
2026-08-07,Railway Wagons & Equipment,SIDEWAYS,AVOID,-3.46,-2.95,-16.41,10.52,-10.62,-14.63
2026-08-07,Hospitals & Healthcare Services,SIDEWAYS,WATCH,8.18,-1.08,-14.54,12.39,21.24,17.23
2026-08-07,Packaged Foods & FMCG Staples,SIDEWAYS,AVOID,-4.56,-3.64,-17.1,9.83,-10.22,-14.23
2026-08-07,Railway Financing,SIDEWAYS,AVOID,-8.3,-0.64,-14.11,12.83,-17.11,-21.12
2026-08-07,Packaged Foods & Consumer Staples,SIDEWAYS,NEUTRAL,-0.67,-2.77,-16.24,10.7,-1.65,-5.66
2026-08-07,Superalloys & Special Metals,SIDEWAYS,BUY,7.93,-0.47,-13.94,13.0,18.0,13.99
2026-08-07,Civil Buildings & Commercial EPC,SIDEWAYS,AVOID,-8.09,-0.58,-14.05,12.88,-18.39,-22.4
2026-08-07,Zinc & Silver Mining,SIDEWAYS,WATCH,9.05,-0.86,-14.33,12.6,22.69,18.68
2026-08-07,Specialty Chemicals,SIDEWAYS,WATCH,2.19,-3.57,-17.04,9.9,4.74,0.73
2026-08-07,Power Generation & Utilities,SIDEWAYS,AVOID,-8.07,-2.86,-16.33,10.61,-14.61,-18.62
2026-08-10,Consumer Services,SIDEWAYS,NEUTRAL,-2.16,-3.58,-17.05,9.88,-0.62,-4.63
2026-08-10,"Hotels, Resorts & QSR",SIDEWAYS,AVOID,-3.14,-3.13,-16.59,10.34,-7.73,-11.74
2026-08-10,Edible Oils,SIDEWAYS,AVOID,-8.98,-1.2,-14.67,12.27,-18.66,-22.67
2026-08-10,Paints & Coatings,SIDEWAYS,BUY,2.28,4.22,-9.25,17.69,16.19,12.18
2026-08-10,Aerospace & Defence,SIDEWAYS,BUY,7.34,-2.35,-15.82,11.12,15.8,11.79
2026-08-10,Residential & Commercial Real Estate,SIDEWAYS,AVOID,-4.13,-3.82,-17.29,9.64,-8.28,-12.29
2026-08-10,Structural Steel Tubes & Pipes,SIDEWAYS,REDUCE,4.39,4.07,-9.39,17.54,19.84,15.83
2026-08-10,Tyres & Rubber Products,SIDEWAYS,NEUTRAL,-3.65,-0.76,-14.23,12.71,-2.05,-6.06
2026-08-10,Wealth & Asset Management,SIDEWAYS,BUY,5.29,0.24,-13.22,13.71,16.29,12.28
2026-08-10,Microfinance NBFC,SIDEWAYS,NEUTRAL,-2.18,2.89,-10.58,16.36,0.68,-3.33
2026-08-10,Auto Parts & Equipment,SIDEWAYS,NEUTRAL,3.46,-2.22,-15.69,11.25,10.9,6.89
2026-08-10,Capital Goods,SIDEWAYS,NEUTRAL,0.52,-3.04,-16.51,10.43,4.2,0.19
2026-08-10,Telecom Services & Infrastructure,SIDEWAYS,NEUTRAL,-3.79,-2.94,-16.41,10.53,-4.15,-8.16
2026-08-10,Passenger Cars & Utility Vehicles,SIDEWAYS,NEUTRAL,-0.41,4.22,-9.25,17.69,9.67,5.66
2026-08-10,Pharmaceuticals & Biotechnology,SIDEWAYS,WATCH,1.75,-2.95,-16.42,10.52,5.12,1.11
2026-08-10,Dairy Products,SIDEWAYS,AVOID,-3.48,-3.72,-17.19,9.75,-10.48,-14.49
2026-08-10,Hotels & Restaurants,SIDEWAYS,AVOID,-7.75,-3.19,-16.66,10.28,-14.69,-18.7
2026-08-10,Packaged Foods & Consumer Staples,SIDEWAYS,AVOID,-3.97,-2.93,-16.4,10.53,-6.62,-10.63
2026-08-10,Specialty Chemicals,SIDEWAYS,NEUTRAL,-0.57,-3.57,-17.04,9.9,1.31,-2.7
2026-08-10,Oil Gas & Consumable Fuels,SIDEWAYS,NEUTRAL,-4.91,0.67,-12.8,14.14,-0.28,-4.29
2026-08-10,Agrochemicals & Pesticides,SIDEWAYS,AVOID,-9.18,0.6,-12.87,14.07,-17.58,-21.59
2026-08-10,Bearings & Friction Solutions,SIDEWAYS,NEUTRAL,-0.85,-3.32,-16.79,10.14,-0.57,-4.58
2026-08-10,Zinc & Silver Mining,SIDEWAYS,WATCH,8.49,1.22,-12.24,14.69,21.33,17.32
2026-08-10,Auto Glass,SIDEWAYS,BUY,3.41,1.41,-12.06,14.88,14.35,10.34
2026-08-10,Renewable Energy,SIDEWAYS,AVOID,-6.2,-3.14,-16.61,10.33,-16.0,-20.01
2026-08-10,Water & Wastewater Treatment,SIDEWAYS,AVOID,-4.68,-2.57,-16.04,10.89,-12.35,-16.36
2026-08-10,Superalloys & Special Metals,SIDEWAYS,BUY,8.62,-0.47,-13.94,13.0,19.59,15.58
2026-08-10,Packaging & Containers,SIDEWAYS,WATCH,3.44,2.29,-11.18,15.76,9.72,5.71
2026-08-10,Diversified & Fashion Retail,SIDEWAYS,AVOID,-1.89,-2.96,-16.42,10.51,-7.41,-11.42
2026-08-10,Railway Financing,SIDEWAYS,AVOID,-8.23,-0.89,-14.36,12.58,-16.84,-20.85
2026-08-10,Asset Management & Wealth,SIDEWAYS,NEUTRAL,-2.76,-2.38,-15.85,11.09,-2.8,-6.81
2026-08-10,Ship Building & Defence,SIDEWAYS,AVOID,-1.7,-6.31,-19.78,7.16,-7.66,-11.67
2026-08-10,Renewable Energy - Solar & Wind,SIDEWAYS,AVOID,-6.16,-2.87,-16.34,10.6,-13.37,-17.38
2026-08-10,Water & Wastewater Treatment,SIDEWAYS,AVOID,-10.27,0.6,-12.86,14.07,-17.96,-21.97
2026-08-10,Pipes & Tubes,SIDEWAYS,NEUTRAL,-0.76,-3.12,-16.58,10.35,-1.65,-5.66
2026-08-10,Civil Construction & Infrastructure EPC,SIDEWAYS,AVOID,-3.96,-2.96,-16.43,10.51,-10.17,-14.18
2026-08-10,Plastic Pipes & Moulded Products,SIDEWAYS,AVOID,-8.18,0.6,-12.87,14.07,-19.06,-23.07
2026-08-10,Air Conditioners & AC Components,SIDEWAYS,AVOID,-6.92,5.1,-8.37,18.56,-11.0,-15.01
2026-08-10,Air Conditioners & AC Components,SIDEWAYS,AVOID,-3.09,-2.96,-16.43,10.51,-9.94,-13.95
2026-08-10,Railway Telecom,SIDEWAYS,AVOID,-9.3,0.01,-13.46,13.47,-18.36,-22.37
2026-08-10,Transformers & T&D Equipment,SIDEWAYS,WATCH,2.93,-1.79,-15.25,11.68,8.48,4.47
2026-08-10,API & CDMO / CRAMS,SIDEWAYS,NEUTRAL,0.47,-0.84,-14.31,12.63,3.58,-0.43
2026-08-10,"Textiles, Yarns & Apparel",SIDEWAYS,NEUTRAL,-0.56,-3.08,-16.55,10.39,-1.41,-5.42
2026-08-10,Plastic Pipes & Fittings,SIDEWAYS,NEUTRAL,-3.21,-3.61,-17.08,9.85,-5.12,-9.13
2026-08-10,Aluminium & Mining,SIDEWAYS,BUY,6.15,0.99,-12.47,14.46,12.31,8.3
2026-08-10,Steel Manufacturing & Mining,SIDEWAYS,STRONG BUY,6.15,-0.55,-14.02,12.92,18.84,14.83
2026-08-10,Healthcare,SIDEWAYS,BUY,6.82,-0.75,-14.21,12.72,14.31,10.3
2026-08-10,Breweries & Distilleries,SIDEWAYS,WATCH,0.59,-2.0,-15.47,11.47,2.51,-1.5
2026-08-10,Civil Construction & Infrastructure,SIDEWAYS,NEUTRAL,-1.58,-3.82,-17.29,9.65,-5.95,-9.96
2026-08-10,Asset Management Company (AMC),SIDEWAYS,AVOID,-5.04,-3.51,-16.98,9.96,-9.01,-13.02
2026-08-10,Pumps & Compressors,SIDEWAYS,NEUTRAL,-0.79,-1.11,-14.58,12.35,-3.89,-7.9
2026-08-10,Construction Materials,SIDEWAYS,WATCH,11.27,0.99,-12.48,14.45,25.66,21.65
2026-08-10,Sugar & Bio-Ethanol,SIDEWAYS,WATCH,2.52,-1.09,-14.55,12.38,6.4,2.39
2026-08-10,"Plywood, MDF & Laminates",SIDEWAYS,NEUTRAL,-0.86,-2.73,-16.2,10.74,-3.22,-7.23
2026-08-10,Automobile OEMs,SIDEWAYS,NEUTRAL,-1.11,-1.93,-15.4,11.54,3.31,-0.7
2026-08-10,Heavy Electrical Equipment,SIDEWAYS,BUY,7.54,4.33,-9.13,17.8,18.9,14.89
2026-08-10,Software Products & Digital Services,SIDEWAYS,NEUTRAL,-1.72,-3.57,-17.04,9.9,-1.25,-5.26
2026-08-10,Batteries,SIDEWAYS,BUY,8.59,-0.21,-13.68,13.26,19.52,15.51
2026-08-10,Lubricants & Specialty Oils,SIDEWAYS,WATCH,1.42,-1.29,-14.76,12.17,3.28,-0.73
2026-08-10,Footwear,SIDEWAYS,AVOID,-5.71,1.12,-12.35,14.59,-15.94,-19.95
2026-08-10,Financial Services,SIDEWAYS,NEUTRAL,-4.09,-2.12,-15.59,11.35,-3.74,-7.75
2026-08-10,Railway Infrastructure,SIDEWAYS,AVOID,-9.76,0.17,-13.3,13.64,-17.28,-21.29
2026-08-10,Pharmaceuticals,SIDEWAYS,WATCH,1.51,-2.05,-15.52,11.41,3.24,-0.77
2026-08-10,IT Consulting & Software,SIDEWAYS,AVOID,-6.05,-3.63,-17.09,9.84,-10.6,-14.61
2026-08-10,"Logistics, Ports & Supply Chain",SIDEWAYS,NEUTRAL,-4.57,-3.13,-16.6,10.34,-3.29,-7.3
2026-08-10,Diagnostic & Healthcare Laboratories,SIDEWAYS,AVOID,-6.62,0.55,-12.92,14.01,-13.17,-17.18
2026-08-10,Railway Wagons & Equipment,SIDEWAYS,AVOID,-10.48,0.99,-12.48,14.46,-18.44,-22.45
2026-08-10,Batteries,SIDEWAYS,AVOID,-6.62,1.38,-12.08,14.85,-9.61,-13.62
2026-08-10,Gas Distribution,SIDEWAYS,AVOID,-9.69,1.06,-12.41,14.53,-16.73,-20.74
2026-08-10,Fertilizers & Agrochemicals,SIDEWAYS,AVOID,-6.91,-3.53,-16.99,9.94,-13.8,-17.81
2026-08-10,Batteries & Energy Storage,SIDEWAYS,AVOID,-7.27,2.01,-11.45,15.48,-13.77,-17.78
2026-08-10,Railway Ticketing & Catering,SIDEWAYS,AVOID,-7.55,0.6,-12.87,14.07,-13.75,-17.76
2026-08-10,Data Centers & Real Estate,SIDEWAYS,NEUTRAL,-2.57,0.4,-13.07,13.86,5.09,1.08
2026-08-10,Iron & Steel,SIDEWAYS,WATCH,1.98,-3.19,-16.65,10.28,6.06,2.05
2026-08-10,Textiles,SIDEWAYS,BUY,7.1,0.41,-13.06,13.87,16.1,12.09
2026-08-10,Roads & Highways EPC,SIDEWAYS,AVOID,-6.49,-0.42,-13.89,13.05,-15.08,-19.09
2026-08-10,Paper & Paper Products,SIDEWAYS,NEUTRAL,-1.62,-2.19,-15.66,11.28,-2.04,-6.05
2026-08-10,Oil Exploration & Refining,SIDEWAYS,AVOID,-5.1,-3.06,-16.53,10.41,-7.78,-11.79
2026-08-10,Telecommunication,SIDEWAYS,AVOID,-7.45,-0.91,-14.37,12.56,-11.76,-15.77
2026-08-10,Fertilizers,SIDEWAYS,AVOID,-7.46,-4.67,-18.14,8.79,-16.59,-20.6
2026-08-10,Rubber Chemicals,SIDEWAYS,AVOID,-10.76,0.5,-12.97,13.97,-19.09,-23.1
2026-08-10,Auto Lighting,SIDEWAYS,WATCH,8.43,2.46,-11.0,15.93,22.44,18.43
2026-08-10,Tractors & Farm Equipment,SIDEWAYS,NEUTRAL,-2.07,0.81,-12.66,14.28,0.6,-3.41
2026-08-10,Utilities,SIDEWAYS,AVOID,-8.42,-0.16,-13.63,13.31,-20.27,-24.28
2026-08-10,Travel Tech SaaS Solutions,SIDEWAYS,REDUCE,4.04,0.76,-12.71,14.22,17.63,13.62
2026-08-10,Hospitals & Diagnostic Centres,SIDEWAYS,WATCH,1.16,-2.85,-16.32,10.62,3.39,-0.62
2026-08-10,Copper & Non-Ferrous Metals,SIDEWAYS,BUY,7.21,0.45,-13.02,13.92,22.01,18.0
2026-08-10,Textiles & Apparel,SIDEWAYS,NEUTRAL,-2.0,-3.41,-16.88,10.06,-3.48,-7.49
2026-08-10,Power Sector Financing NBFC,SIDEWAYS,AVOID,-7.15,5.26,-8.21,18.72,-10.81,-14.82
2026-08-10,Non Banking Financial Company (NBFC),SIDEWAYS,NEUTRAL,-4.59,-3.95,-17.42,9.52,-4.74,-8.75
2026-08-10,Media & Entertainment,SIDEWAYS,AVOID,-4.42,-3.38,-16.85,10.09,-6.42,-10.43
2026-08-10,Power Generation & Distribution,SIDEWAYS,AVOID,-7.62,-0.89,-14.36,12.58,-18.16,-22.17
2026-08-10,Packaging Materials & Containers,SIDEWAYS,NEUTRAL,-1.95,-0.74,-14.21,12.73,-4.55,-8.56
2026-08-10,Services,SIDEWAYS,NEUTRAL,-5.48,-2.2,-15.67,11.27,-4.64,-8.65
2026-08-10,Saw Pipes & Ductile Iron Pipes,SIDEWAYS,BUY,7.56,0.64,-12.82,14.11,19.53,15.52
2026-08-10,Plywood & Boards,SIDEWAYS,BUY,6.66,0.91,-12.56,14.38,15.09,11.08
2026-08-10,Chemicals,SIDEWAYS,AVOID,-4.5,-3.09,-16.56,10.38,-7.38,-11.39
2026-08-10,Railway Infrastructure & Consulting,SIDEWAYS,AVOID,-5.93,-0.43,-13.9,13.04,-15.61,-19.62
2026-08-10,Commodity Chemicals,SIDEWAYS,NEUTRAL,-2.34,-3.89,-17.36,9.58,-2.8,-6.81
2026-08-10,Electronic Manufacturing Services (EMS),SIDEWAYS,AVOID,-9.67,-0.11,-13.58,13.36,-19.91,-23.92
2026-08-10,Electronic Manufacturing Services (EMS),SIDEWAYS,AVOID,-8.46,0.85,-12.62,14.31,-13.81,-17.82
2026-08-10,Electronic Manufacturing Services (EMS),SIDEWAYS,BUY,9.23,-1.75,-15.22,11.71,20.22,16.21
2026-08-10,Automobile and Auto Components,SIDEWAYS,NEUTRAL,3.28,-0.74,-14.2,12.73,10.05,6.04
2026-08-10,Project Management & Civil Construction,SIDEWAYS,AVOID,-8.71,-1.34,-14.81,12.13,-19.27,-23.28
2026-08-10,Renewable Energy Financing NBFC,SIDEWAYS,AVOID,-8.12,-0.03,-13.5,13.43,-16.38,-20.39
2026-08-10,Civil Buildings & Commercial EPC,SIDEWAYS,AVOID,-8.55,-0.8,-14.27,12.66,-18.44,-22.45
2026-08-10,Construction,SIDEWAYS,WATCH,-0.24,-1.32,-14.79,12.15,1.05,-2.96
2026-08-10,Hospitals & Healthcare Services,SIDEWAYS,NEUTRAL,7.22,-1.02,-14.49,12.45,20.5,16.49
2026-08-10,Internet & Digital Platforms,SIDEWAYS,NEUTRAL,-1.22,-2.54,-16.01,10.93,-2.65,-6.66
2026-08-10,Power Generation & Utilities,SIDEWAYS,AVOID,-7.63,-2.79,-16.26,10.68,-13.87,-17.88
2026-08-10,Media Entertainment & Publication,SIDEWAYS,NEUTRAL,-3.11,-2.21,-15.68,11.26,-0.53,-4.54
2026-08-10,Cement & Clinker,SIDEWAYS,AVOID,-5.59,-3.55,-17.02,9.92,-12.36,-16.37
2026-08-10,Consumer Durables,SIDEWAYS,NEUTRAL,-2.54,-2.36,-15.83,11.11,1.86,-2.15
2026-08-10,Realty,SIDEWAYS,AVOID,-4.97,-0.08,-13.55,13.38,-13.92,-17.93
2026-08-10,Insurance,SIDEWAYS,AVOID,-5.76,-3.16,-16.63,10.31,-9.66,-13.67
2026-08-10,Housing & Urban Infrastructure Financing,SIDEWAYS,AVOID,-8.09,-0.5,-13.96,12.97,-18.51,-22.52
2026-08-10,Railways,SIDEWAYS,AVOID,-6.68,-2.59,-16.06,10.88,-7.22,-11.23
2026-08-10,Fast Moving Consumer Goods,SIDEWAYS,AVOID,-3.79,-3.39,-16.86,10.07,-7.57,-11.58
2026-08-10,Capital Markets & Asset Management,SIDEWAYS,AVOID,-3.74,-2.65,-16.12,10.81,-8.36,-12.37
2026-08-10,Metals & Mining,SIDEWAYS,NEUTRAL,-1.71,-0.74,-14.2,12.73,3.41,-0.6
2026-08-10,Gas Transmission & Distribution,SIDEWAYS,AVOID,-7.42,-2.96,-16.42,10.51,-12.45,-16.46
2026-08-10,Banks,SIDEWAYS,NEUTRAL,-0.81,-2.13,-15.6,11.34,2.71,-1.3
2026-08-10,Information Technology,SIDEWAYS,NEUTRAL,-0.82,-0.87,-14.33,12.6,0.3,-3.71
2026-08-10,Packaged Foods & FMCG Staples,SIDEWAYS,AVOID,-5.52,-3.1,-16.57,10.37,-9.88,-13.89
2026-08-10,Air Conditioners & Appliances,SIDEWAYS,AVOID,-9.27,1.09,-12.38,14.56,-17.94,-21.95
2026-08-10,Mining & Mineral Products,SIDEWAYS,NEUTRAL,-0.5,-1.75,-15.22,11.72,1.37,-2.64
2026-08-10,Power,SIDEWAYS,AVOID,-5.86,-1.95,-15.42,11.52,-6.06,-10.07
2026-08-10,Diversified Retail,SIDEWAYS,AVOID,-4.78,-3.04,-16.51,10.43,-11.18,-15.19
2026-08-10,Stockbroking & Financial Products,SIDEWAYS,AVOID,-7.53,-2.52,-15.99,10.95,-10.48,-14.49
2026-08-10,Ceramics & Tiles,SIDEWAYS,AVOID,-6.07,-1.95,-15.41,11.52,-13.12,-17.13
2026-08-10,Wires & Cables,SIDEWAYS,WATCH,2.44,-2.32,-15.79,11.15,4.87,0.86
2026-08-10,Copper Mining,SIDEWAYS,WATCH,9.9,2.61,-10.86,16.08,23.12,19.11
2026-08-10,Tea & Coffee,SIDEWAYS,AVOID,-3.9,-3.96,-17.43,9.5,-7.53,-11.54
2026-08-10,Affordable Housing Finance Company,SIDEWAYS,AVOID,-7.1,1.08,-12.39,14.55,-15.46,-19.47
2026-08-10,Logistics & Transportation,SIDEWAYS,NEUTRAL,-2.95,-3.05,-16.52,10.42,-4.79,-8.8
2026-08-10,Diversified Commercial,SIDEWAYS,NEUTRAL,-1.18,-3.46,-16.92,10.01,-0.77,-4.78
2026-08-10,Cement,SIDEWAYS,WATCH,3.08,-0.14,-13.6,13.33,3.81,-0.2
2026-08-10,Paints,SIDEWAYS,WATCH,2.87,-1.3,-14.77,12.17,5.05,1.04
2026-08-10,Explosives & Defence Chemicals,SIDEWAYS,NEUTRAL,0.52,-1.75,-15.22,11.72,9.21,5.2
2026-08-11,Diversified Commercial,SIDEWAYS,NEUTRAL,-1.16,-3.46,-16.92,10.01,-0.92,-4.93
2026-08-11,Power,SIDEWAYS,AVOID,-6.96,-2.77,-16.24,10.7,-8.58,-12.59
2026-08-11,"Textiles, Yarns & Apparel",SIDEWAYS,AVOID,-6.03,-2.87,-16.34,10.6,-7.54,-11.55
2026-08-11,Specialty Chemicals,SIDEWAYS,NEUTRAL,-1.26,-3.44,-16.91,10.03,1.89,-2.12
2026-08-11,Packaging & Containers,SIDEWAYS,BUY,9.42,4.29,-9.18,17.75,21.41,17.4
2026-08-11,Hospitals & Healthcare Services,SIDEWAYS,STRONG BUY,6.18,1.32,-12.15,14.79,19.91,15.9
2026-08-11,Commodity Chemicals,SIDEWAYS,NEUTRAL,-2.21,-3.61,-17.08,9.85,-3.74,-7.75
2026-08-11,Superalloys & Special Metals,SIDEWAYS,BUY,7.42,0.41,-13.06,13.88,16.83,12.82
2026-08-11,Power Generation & Utilities,SIDEWAYS,AVOID,-8.95,-2.57,-16.04,10.9,-14.45,-18.46
2026-08-11,Diversified & Fashion Retail,SIDEWAYS,AVOID,-8.6,-2.32,-15.79,11.15,-13.72,-17.73
2026-08-11,Ship Building & Defence,SIDEWAYS,AVOID,-6.21,-0.68,-14.15,12.79,-15.71,-19.72
2026-08-11,Electronic Manufacturing Services (EMS),SIDEWAYS,AVOID,-6.62,-3.1,-16.57,10.37,-7.81,-11.82
2026-08-11,Railway Infrastructure & Consulting,SIDEWAYS,AVOID,-5.94,-0.79,-14.26,12.68,-16.78,-20.79
2026-08-11,Renewable Energy - Solar & Wind,SIDEWAYS,AVOID,-1.35,-3.07,-16.54,10.4,-7.57,-11.58
2026-08-11,Wealth & Asset Management,SIDEWAYS,BUY,5.02,-0.11,-13.58,13.36,16.61,12.6
2026-08-11,Renewable Energy Financing NBFC,SIDEWAYS,AVOID,-10.09,-0.48,-13.95,12.99,-17.7,-21.71
2026-08-11,Electronic Manufacturing Services (EMS),SIDEWAYS,AVOID,-11.19,0.17,-13.29,13.64,-20.08,-24.09
2026-08-11,Air Conditioners & AC Components,SIDEWAYS,AVOID,-3.72,-3.14,-16.61,10.33,-10.23,-14.24
2026-08-11,Hotels & Restaurants,SIDEWAYS,AVOID,-5.44,-3.69,-17.16,9.78,-12.43,-16.44
2026-08-11,Wires & Cables,SIDEWAYS,WATCH,4.09,-2.36,-15.83,11.11,8.38,4.37
2026-08-11,Power Sector Financing NBFC,SIDEWAYS,AVOID,-9.46,1.71,-11.76,15.17,-16.1,-20.11
2026-08-11,Transformers & T&D Equipment,SIDEWAYS,NEUTRAL,1.78,-1.71,-15.18,11.75,7.88,3.87
2026-08-11,Air Conditioners & AC Components,SIDEWAYS,AVOID,-9.82,1.38,-12.08,14.85,-16.94,-20.95
2026-08-11,Packaged Foods & Consumer Staples,SIDEWAYS,AVOID,-3.0,-2.93,-16.4,10.53,-5.81,-9.82
2026-08-11,Services,SIDEWAYS,NEUTRAL,-3.68,-2.1,-15.56,11.37,-4.17,-8.18
2026-08-11,Electronic Manufacturing Services (EMS),SIDEWAYS,BUY,7.51,-1.93,-15.4,11.53,16.28,12.27
2026-08-11,Residential & Commercial Real Estate,SIDEWAYS,NEUTRAL,0.53,-3.79,-17.26,9.67,-2.92,-6.93
2026-08-11,Gas Transmission & Distribution,SIDEWAYS,AVOID,-7.26,-3.03,-16.5,10.44,-12.63,-16.64
2026-08-11,Software Products & Digital Services,SIDEWAYS,NEUTRAL,-1.61,-3.46,-16.92,10.01,-1.94,-5.95
2026-08-11,Oil Exploration & Refining,SIDEWAYS,NEUTRAL,-1.07,-3.4,-16.87,10.06,-3.36,-7.37
2026-08-11,Heavy Electrical Equipment,SIDEWAYS,WATCH,8.83,6.57,-6.9,20.04,21.34,17.33
2026-08-11,"Plywood, MDF & Laminates",SIDEWAYS,AVOID,-5.2,-2.73,-16.2,10.74,-9.74,-13.75
2026-08-11,Hospitals & Diagnostic Centres,SIDEWAYS,NEUTRAL,-1.14,-3.57,-17.04,9.9,-0.5,-4.51
2026-08-11,Tea & Coffee,SIDEWAYS,AVOID,-6.3,-2.87,-16.34,10.6,-12.12,-16.13
2026-08-11,Sugar & Bio-Ethanol,SIDEWAYS,NEUTRAL,-3.93,-3.02,-16.49,10.45,-1.86,-5.87
2026-08-11,Consumer Services,SIDEWAYS,NEUTRAL,-2.75,-3.61,-17.08,9.86,-4.38,-8.39
2026-08-11,Travel Tech SaaS Solutions,SIDEWAYS,NEUTRAL,-3.76,2.31,-11.16,15.78,2.36,-1.65
2026-08-11,Automobile OEMs,SIDEWAYS,NEUTRAL,1.26,-1.6,-15.07,11.86,5.2,1.19
2026-08-11,Aerospace & Defence,SIDEWAYS,WATCH,5.2,-2.56,-16.03,10.91,10.6,6.59
2026-08-11,Paints,SIDEWAYS,NEUTRAL,0.48,-1.51,-14.97,11.96,3.76,-0.25
2026-08-11,Breweries & Distilleries,SIDEWAYS,NEUTRAL,-0.03,-2.04,-15.51,11.43,2.88,-1.13
2026-08-11,"Hotels, Resorts & QSR",SIDEWAYS,NEUTRAL,-3.29,-3.39,-16.86,10.08,-4.42,-8.43
2026-08-11,Automobile and Auto Components,SIDEWAYS,NEUTRAL,0.74,-0.85,-14.32,12.62,7.05,3.04
2026-08-11,Fertilizers,SIDEWAYS,AVOID,-7.85,-4.64,-18.11,8.83,-17.62,-21.63
2026-08-11,Diversified Retail,SIDEWAYS,NEUTRAL,-0.47,-3.5,-16.97,9.97,-4.76,-8.77
2026-08-11,Mining & Mineral Products,SIDEWAYS,NEUTRAL,-0.93,-1.72,-15.19,11.75,0.73,-3.28
2026-08-11,Paper & Paper Products,SIDEWAYS,NEUTRAL,-3.24,-1.93,-15.4,11.54,-3.53,-7.54
2026-08-11,Consumer Durables,SIDEWAYS,NEUTRAL,-2.41,-2.51,-15.98,10.96,0.65,-3.36
2026-08-11,Banks,SIDEWAYS,NEUTRAL,-2.49,-2.99,-16.45,10.48,-0.18,-4.19
2026-08-11,Steel Manufacturing & Mining,SIDEWAYS,BUY,4.96,1.07,-12.39,14.54,17.45,13.44
2026-08-11,Affordable Housing Finance Company,SIDEWAYS,AVOID,-3.84,0.07,-13.4,13.54,-13.64,-17.65
2026-08-11,Healthcare,SIDEWAYS,BUY,5.6,-1.79,-15.25,11.68,11.38,7.37
2026-08-11,Pumps & Compressors,SIDEWAYS,AVOID,-3.95,-1.25,-14.72,12.22,-6.28,-10.29
2026-08-11,Non Banking Financial Company (NBFC),SIDEWAYS,NEUTRAL,-1.57,-3.65,-17.11,9.82,-1.97,-5.98
2026-08-11,Cement & Clinker,SIDEWAYS,AVOID,-4.03,-0.3,-13.77,13.17,-10.35,-14.36
2026-08-11,Edible Oils,SIDEWAYS,AVOID,-8.85,0.67,-12.8,14.13,-18.49,-22.5
2026-08-11,Pharmaceuticals,SIDEWAYS,WATCH,4.57,-1.35,-14.82,12.12,7.88,3.87
2026-08-11,Roads & Highways EPC,SIDEWAYS,AVOID,-8.88,0.67,-12.8,14.14,-18.06,-22.07
2026-08-11,Power Generation & Distribution,SIDEWAYS,AVOID,-8.0,-0.5,-13.96,12.97,-17.53,-21.54
2026-08-11,Oil Gas & Consumable Fuels,SIDEWAYS,NEUTRAL,-3.42,3.96,-9.51,17.42,3.13,-0.88
2026-08-11,Textiles,SIDEWAYS,BUY,8.15,0.98,-12.49,14.45,18.5,14.49
2026-08-11,Agrochemicals & Pesticides,SIDEWAYS,AVOID,-8.72,0.6,-12.87,14.07,-16.96,-20.97
2026-08-11,Railway Infrastructure,SIDEWAYS,AVOID,-6.8,-1.15,-14.62,12.32,-15.31,-19.32
2026-08-11,Telecom Services & Infrastructure,SIDEWAYS,AVOID,-6.11,-3.18,-16.65,10.29,-7.41,-11.42
2026-08-11,Cement,SIDEWAYS,NEUTRAL,-1.86,-0.64,-14.11,12.83,-4.82,-8.83
2026-08-11,Construction Materials,SIDEWAYS,BUY,6.67,-0.14,-13.61,13.33,19.51,15.5
2026-08-11,Copper & Non-Ferrous Metals,SIDEWAYS,BUY,7.34,-0.18,-13.65,13.29,21.05,17.04
2026-08-11,Copper Mining,SIDEWAYS,BUY,6.44,2.95,-10.52,16.41,19.26,15.25
2026-08-11,Gas Distribution,SIDEWAYS,WATCH,2.7,0.45,-13.02,13.92,6.01,2.0
2026-08-11,Explosives & Defence Chemicals,SIDEWAYS,NEUTRAL,0.03,-2.51,-15.97,10.96,9.27,5.26
2026-08-11,Chemicals,SIDEWAYS,AVOID,-7.13,-2.79,-16.26,10.68,-9.15,-13.16
2026-08-11,Packaged Foods & FMCG Staples,SIDEWAYS,AVOID,-6.14,-3.49,-16.96,9.98,-11.78,-15.79
2026-08-11,Saw Pipes & Ductile Iron Pipes,SIDEWAYS,BUY,5.32,-0.25,-13.72,13.21,17.14,13.13
2026-08-11,Auto Glass,SIDEWAYS,BUY,2.74,0.91,-12.56,14.38,14.11,10.1
2026-08-11,Batteries,SIDEWAYS,AVOID,-9.1,0.79,-12.68,14.26,-15.3,-19.31
2026-08-11,Capital Markets & Asset Management,SIDEWAYS,AVOID,-4.86,-2.6,-16.06,10.87,-9.36,-13.37
2026-08-11,Batteries,SIDEWAYS,BUY,8.89,-0.32,-13.79,13.14,20.2,16.19
2026-08-11,Ceramics & Tiles,SIDEWAYS,NEUTRAL,0.71,-3.09,-16.56,10.38,-2.75,-6.76
2026-08-11,Pharmaceuticals & Biotechnology,SIDEWAYS,WATCH,2.22,-2.67,-16.14,10.8,5.79,1.78
2026-08-11,IT Consulting & Software,SIDEWAYS,AVOID,-5.45,-3.94,-17.41,9.53,-9.7,-13.71
2026-08-11,Paints & Coatings,SIDEWAYS,BUY,6.77,4.33,-9.13,17.8,22.22,18.21
2026-08-11,Diagnostic & Healthcare Laboratories,SIDEWAYS,AVOID,-6.93,-0.68,-14.15,12.79,-14.23,-18.24
2026-08-11,Media & Entertainment,SIDEWAYS,AVOID,-4.57,-3.08,-16.54,10.39,-5.37,-9.38
2026-08-11,Structural Steel Tubes & Pipes,SIDEWAYS,WATCH,7.66,1.12,-12.35,14.58,21.04,17.03
2026-08-11,Plywood & Boards,SIDEWAYS,BUY,6.08,1.41,-12.06,14.88,17.75,13.74
2026-08-11,Rubber Chemicals,SIDEWAYS,AVOID,-10.74,1.47,-12.0,14.94,-19.04,-23.05
2026-08-11,Water & Wastewater Treatment,SIDEWAYS,AVOID,-10.7,0.6,-12.86,14.07,-18.96,-22.97
2026-08-11,Housing & Urban Infrastructure Financing,SIDEWAYS,AVOID,-9.0,-0.58,-14.05,12.89,-18.94,-22.95
2026-08-11,Renewable Energy,SIDEWAYS,AVOID,-6.54,-2.64,-16.11,10.82,-15.12,-19.13
2026-08-11,Iron & Steel,SIDEWAYS,NEUTRAL,0.39,-2.61,-16.08,10.86,3.62,-0.39
2026-08-11,Microfinance NBFC,SIDEWAYS,BUY,9.2,4.29,-9.18,17.75,20.92,16.91
2026-08-11,Tyres & Rubber Products,SIDEWAYS,NEUTRAL,-2.83,-1.53,-15.0,11.94,-1.97,-5.98
2026-08-11,Zinc & Silver Mining,SIDEWAYS,NEUTRAL,6.65,1.22,-12.24,14.69,21.0,16.99
2026-08-11,Pipes & Tubes,SIDEWAYS,NEUTRAL,-2.64,-3.02,-16.49,10.45,-2.99,-7.0
2026-08-11,Bearings & Friction Solutions,SIDEWAYS,WATCH,0.05,-1.05,-14.52,12.41,1.47,-2.54
2026-08-11,Capital Goods,SIDEWAYS,NEUTRAL,-1.81,-3.0,-16.47,10.47,0.29,-3.72
2026-08-11,Telecommunication,SIDEWAYS,AVOID,-8.29,-0.83,-14.3,12.64,-13.44,-17.45
2026-08-11,Air Conditioners & Appliances,SIDEWAYS,AVOID,-10.51,1.71,-11.76,15.17,-18.53,-22.54
2026-08-11,Internet & Digital Platforms,SIDEWAYS,WATCH,2.79,-0.93,-14.4,12.54,3.78,-0.23
2026-08-11,Tractors & Farm Equipment,SIDEWAYS,NEUTRAL,-1.43,0.38,-13.08,13.85,1.09,-2.92
2026-08-11,Civil Construction & Infrastructure,SIDEWAYS,AVOID,-4.04,-3.94,-17.41,9.53,-9.9,-13.91
2026-08-11,Utilities,SIDEWAYS,AVOID,-8.89,0.32,-13.15,13.79,-20.92,-24.93
2026-08-11,Civil Buildings & Commercial EPC,SIDEWAYS,AVOID,-7.32,-0.75,-14.22,12.72,-17.7,-21.71
2026-08-11,Textiles & Apparel,SIDEWAYS,NEUTRAL,-1.66,-3.52,-16.99,9.94,-3.59,-7.6
2026-08-11,Logistics & Transportation,SIDEWAYS,NEUTRAL,-1.45,-2.99,-16.46,10.48,-2.16,-6.17
2026-08-11,Auto Parts & Equipment,SIDEWAYS,BUY,5.09,-2.19,-15.65,11.28,12.08,8.07
2026-08-11,Railways,SIDEWAYS,AVOID,-6.29,-2.73,-16.2,10.73,-6.16,-10.17
2026-08-11,Project Management & Civil Construction,SIDEWAYS,AVOID,-7.21,-8.38,-21.85,5.09,-17.39,-21.4
2026-08-11,Water & Wastewater Treatment,SIDEWAYS,AVOID,-7.75,-2.35,-15.82,11.12,-15.24,-19.25
2026-08-11,Batteries & Energy Storage,SIDEWAYS,BUY,5.99,3.99,-9.48,17.46,13.57,9.56
2026-08-11,Data Centers & Real Estate,SIDEWAYS,BUY,3.76,0.08,-13.39,13.55,16.65,12.64
2026-08-11,Railway Telecom,SIDEWAYS,AVOID,-7.86,-1.14,-14.61,12.32,-18.37,-22.38
2026-08-11,Railway Financing,SIDEWAYS,AVOID,-7.97,1.37,-12.1,14.83,-17.52,-21.53
2026-08-11,Civil Construction & Infrastructure EPC,SIDEWAYS,AVOID,-6.77,-0.96,-14.42,12.51,-11.95,-15.96
2026-08-11,Fertilizers & Agrochemicals,SIDEWAYS,AVOID,-5.48,-3.45,-16.92,10.01,-12.58,-16.59
2026-08-11,API & CDMO / CRAMS,SIDEWAYS,NEUTRAL,0.67,-0.88,-14.34,12.59,5.34,1.33
2026-08-11,Metals & Mining,SIDEWAYS,NEUTRAL,-3.04,-0.68,-14.15,12.79,2.46,-1.55
2026-08-11,"Logistics, Ports & Supply Chain",SIDEWAYS,NEUTRAL,-5.18,-3.1,-16.57,10.37,-4.15,-8.16
2026-08-11,Railway Ticketing & Catering,SIDEWAYS,AVOID,-6.92,-0.58,-14.05,12.89,-15.65,-19.66
2026-08-11,Stockbroking & Financial Products,SIDEWAYS,AVOID,-7.02,-2.52,-15.99,10.95,-9.07,-13.08
2026-08-11,Financial Services,SIDEWAYS,NEUTRAL,-3.19,-3.03,-16.5,10.44,-5.23,-9.24
2026-08-11,Footwear,SIDEWAYS,AVOID,-4.51,0.76,-12.7,14.23,-14.77,-18.78
2026-08-11,Aluminium & Mining,SIDEWAYS,WATCH,2.62,-1.24,-14.71,12.23,7.54,3.53
2026-08-11,Lubricants & Specialty Oils,SIDEWAYS,NEUTRAL,0.31,-1.68,-15.14,11.79,7.21,3.2
2026-08-11,Plastic Pipes & Moulded Products,SIDEWAYS,AVOID,-8.37,0.76,-12.7,14.23,-18.94,-22.95
2026-08-11,Packaging Materials & Containers,SIDEWAYS,WATCH,1.33,-0.77,-14.24,12.7,1.21,-2.8
2026-08-11,Plastic Pipes & Fittings,SIDEWAYS,AVOID,-7.72,-2.68,-16.15,10.79,-10.32,-14.33
2026-08-11,Insurance,SIDEWAYS,AVOID,-6.93,-3.23,-16.7,10.24,-8.7,-12.71
2026-08-11,Media Entertainment & Publication,SIDEWAYS,NEUTRAL,-3.13,-2.57,-16.04,10.9,-1.08,-5.09
2026-08-11,Asset Management Company (AMC),SIDEWAYS,AVOID,-4.63,-2.95,-16.41,10.52,-7.46,-11.47
2026-08-11,Dairy Products,SIDEWAYS,AVOID,-6.3,-3.65,-17.12,9.82,-11.96,-15.97
2026-08-11,Information Technology,SIDEWAYS,NEUTRAL,-3.33,-3.5,-16.97,9.97,-3.77,-7.78
2026-08-11,Fast Moving Consumer Goods,SIDEWAYS,AVOID,-4.81,-3.19,-16.66,10.27,-8.1,-12.11
2026-08-11,Passenger Cars & Utility Vehicles,SIDEWAYS,NEUTRAL,-5.18,0.33,-13.13,13.8,-3.61,-7.62
2026-08-11,Railway Wagons & Equipment,SIDEWAYS,AVOID,-3.14,-3.3,-16.77,10.17,-8.87,-12.88
2026-08-11,Construction,SIDEWAYS,WATCH,0.77,-1.41,-14.88,12.06,1.83,-2.18
2026-08-11,Auto Lighting,SIDEWAYS,WATCH,9.1,2.48,-10.99,15.94,22.54,18.53
2026-08-11,Asset Management & Wealth,SIDEWAYS,AVOID,-10.67,0.99,-12.48,14.46,-18.88,-22.89
2026-08-11,Realty,SIDEWAYS,AVOID,-3.56,0.13,-13.34,13.6,-12.2,-16.21
2026-08-12,Media & Entertainment,SIDEWAYS,NEUTRAL,-5.54,-3.05,-16.51,10.42,-5.22,-9.23
2026-08-12,Fertilizers & Agrochemicals,SIDEWAYS,AVOID,-7.78,-3.11,-16.57,10.36,-15.47,-19.48
2026-08-12,Project Management & Civil Construction,SIDEWAYS,AVOID,-5.76,-5.28,-18.75,8.19,-14.51,-18.52
2026-08-12,Consumer Durables,SIDEWAYS,NEUTRAL,-4.07,-2.44,-15.9,11.03,-1.07,-5.08
2026-08-12,Power Generation & Utilities,SIDEWAYS,AVOID,-8.24,-2.57,-16.03,10.9,-15.02,-19.03
2026-08-12,Fertilizers,SIDEWAYS,AVOID,-9.17,0.04,-13.43,13.51,-18.17,-22.18
2026-08-12,Internet & Digital Platforms,SIDEWAYS,NEUTRAL,-1.56,-2.16,-15.63,11.31,-1.8,-5.81
2026-08-12,Power Generation & Distribution,SIDEWAYS,AVOID,-4.9,0.41,-13.06,13.88,-14.43,-18.44
2026-08-12,Cement & Clinker,SIDEWAYS,AVOID,-6.29,-3.35,-16.82,10.12,-10.86,-14.87
2026-08-12,Travel Tech SaaS Solutions,SIDEWAYS,BUY,2.43,3.28,-10.19,16.75,13.81,9.8
2026-08-12,Auto Lighting,SIDEWAYS,REDUCE,7.33,6.49,-6.97,19.96,24.62,20.61
2026-08-12,Renewable Energy Financing NBFC,SIDEWAYS,AVOID,-8.9,-0.4,-13.87,13.07,-17.26,-21.27
2026-08-12,Textiles,SIDEWAYS,BUY,6.71,0.71,-12.75,14.18,15.74,11.73
2026-08-12,Railway Infrastructure & Consulting,SIDEWAYS,AVOID,-9.7,1.38,-12.08,14.85,-17.35,-21.36
2026-08-12,Plywood & Boards,SIDEWAYS,STRONG BUY,6.6,1.55,-11.92,15.02,18.95,14.94
2026-08-12,Realty,SIDEWAYS,AVOID,-6.36,-0.48,-13.95,12.99,-15.23,-19.24
2026-08-12,Construction,SIDEWAYS,WATCH,2.74,-1.29,-14.76,12.17,6.31,2.3
2026-08-12,Auto Glass,SIDEWAYS,NEUTRAL,-3.52,1.32,-12.15,14.79,2.9,-1.11
2026-08-12,Media Entertainment & Publication,SIDEWAYS,AVOID,-6.43,0.54,-12.93,14.01,-6.47,-10.48
2026-08-12,Affordable Housing Finance Company,SIDEWAYS,AVOID,-7.51,-0.08,-13.55,13.38,-18.16,-22.17
2026-08-12,Saw Pipes & Ductile Iron Pipes,SIDEWAYS,BUY,5.34,-0.14,-13.61,13.33,17.01,13.0
2026-08-12,Packaging Materials & Containers,SIDEWAYS,WATCH,5.44,-0.97,-14.44,12.49,9.61,5.6
2026-08-12,Non Banking Financial Company (NBFC),SIDEWAYS,NEUTRAL,-2.83,-3.65,-17.11,9.82,-3.03,-7.04
2026-08-12,Railway Ticketing & Catering,SIDEWAYS,AVOID,-7.25,-0.75,-14.22,12.71,-16.34,-20.35
2026-08-12,Chemicals,SIDEWAYS,AVOID,-6.18,-3.01,-16.48,10.46,-9.56,-13.57
2026-08-12,Civil Buildings & Commercial EPC,SIDEWAYS,AVOID,-8.39,-0.58,-14.05,12.89,-18.31,-22.32
2026-08-12,Services,SIDEWAYS,NEUTRAL,-3.21,-0.72,-14.19,12.75,-2.98,-6.99
2026-08-12,Data Centers & Real Estate,SIDEWAYS,BUY,4.84,0.31,-13.15,13.78,17.72,13.71
2026-08-12,Electronic Manufacturing Services (EMS),SIDEWAYS,AVOID,-9.86,-0.04,-13.5,13.43,-18.82,-22.83
2026-08-12,Electronic Manufacturing Services (EMS),SIDEWAYS,AVOID,-7.26,-2.6,-16.07,10.87,-9.26,-13.27
2026-08-12,Hospitals & Healthcare Services,SIDEWAYS,REDUCE,3.18,7.03,-6.44,20.5,17.26,13.25
2026-08-12,Commodity Chemicals,SIDEWAYS,NEUTRAL,-3.45,-3.02,-16.49,10.45,-4.15,-8.16
2026-08-12,Housing & Urban Infrastructure Financing,SIDEWAYS,AVOID,-7.87,-0.58,-14.05,12.89,-17.36,-21.37
2026-08-12,Roads & Highways EPC,SIDEWAYS,AVOID,-8.07,-0.75,-14.22,12.72,-17.56,-21.57
2026-08-12,Dairy Products,SIDEWAYS,AVOID,-3.42,-3.65,-17.12,9.82,-8.11,-12.12
2026-08-12,Passenger Cars & Utility Vehicles,SIDEWAYS,AVOID,-5.71,0.48,-12.98,13.95,-4.82,-8.83
2026-08-12,Aerospace & Defence,SIDEWAYS,WATCH,2.88,-2.76,-16.23,10.7,8.02,4.01
2026-08-12,Asset Management Company (AMC),SIDEWAYS,AVOID,-4.81,-2.65,-16.12,10.82,-7.27,-11.28
2026-08-12,Residential & Commercial Real Estate,SIDEWAYS,AVOID,-7.59,-4.35,-17.82,9.12,-13.47,-17.48
2026-08-12,Railway Wagons & Equipment,SIDEWAYS,AVOID,-10.67,0.99,-12.47,14.46,-18.88,-22.89
2026-08-12,Breweries & Distilleries,SIDEWAYS,WATCH,1.14,-1.84,-15.31,11.63,3.84,-0.17
2026-08-12,Railway Financing,SIDEWAYS,AVOID,-7.67,-0.09,-13.56,13.37,-16.79,-20.8
2026-08-12,Heavy Electrical Equipment,SIDEWAYS,WATCH,13.13,10.61,-2.86,24.08,30.15,26.14
2026-08-12,Lubricants & Specialty Oils,SIDEWAYS,NEUTRAL,-3.76,-1.13,-14.6,12.34,0.2,-3.81
2026-08-12,Footwear,SIDEWAYS,AVOID,-9.21,0.76,-12.7,14.23,-20.27,-24.28
2026-08-12,Railway Infrastructure,SIDEWAYS,AVOID,-6.56,-1.06,-14.53,12.41,-15.44,-19.45
2026-08-12,Financial Services,SIDEWAYS,AVOID,-4.31,-3.3,-16.77,10.17,-6.6,-10.61
2026-08-12,"Plywood, MDF & Laminates",SIDEWAYS,AVOID,-6.65,-2.3,-15.77,11.16,-9.55,-13.56
2026-08-12,Pharmaceuticals,SIDEWAYS,WATCH,2.52,-3.31,-16.78,10.16,5.35,1.34
2026-08-12,"Logistics, Ports & Supply Chain",SIDEWAYS,AVOID,-5.38,-3.1,-16.57,10.37,-5.99,-10.0
2026-08-12,Healthcare,SIDEWAYS,NEUTRAL,2.6,-1.71,-15.18,11.75,10.5,6.49
2026-08-12,Ship Building & Defence,SIDEWAYS,AVOID,-2.44,-6.66,-20.12,6.81,-8.65,-12.66
2026-08-12,Plastic Pipes & Fittings,SIDEWAYS,NEUTRAL,-4.64,-2.75,-16.22,10.71,-5.42,-9.43
2026-08-12,Aluminium & Mining,SIDEWAYS,WATCH,3.84,-1.57,-15.03,11.9,8.95,4.94
2026-08-12,Superalloys & Special Metals,SIDEWAYS,WATCH,4.14,-0.16,-13.63,13.3,10.55,6.54
2026-08-12,API & CDMO / CRAMS,SIDEWAYS,NEUTRAL,-1.94,-0.72,-14.19,12.75,2.52,-1.49
2026-08-12,Paints & Coatings,SIDEWAYS,BUY,7.99,4.33,-9.13,17.8,22.03,18.02
2026-08-12,Transformers & T&D Equipment,SIDEWAYS,NEUTRAL,0.8,-1.83,-15.3,11.64,6.86,2.85
2026-08-12,Plastic Pipes & Moulded Products,SIDEWAYS,AVOID,-9.13,0.59,-12.87,14.06,-20.07,-24.08
2026-08-12,"Textiles, Yarns & Apparel",SIDEWAYS,AVOID,-4.56,-3.26,-16.73,10.21,-7.31,-11.32
2026-08-12,Asset Management & Wealth,SIDEWAYS,AVOID,-10.67,0.55,-12.92,14.01,-18.89,-22.9
2026-08-12,Agrochemicals & Pesticides,SIDEWAYS,AVOID,-10.12,0.99,-12.48,14.46,-18.45,-22.46
2026-08-12,Batteries & Energy Storage,SIDEWAYS,BUY,4.34,2.39,-11.08,15.86,13.32,9.31
2026-08-12,Cement,SIDEWAYS,AVOID,-4.0,-0.92,-14.39,12.54,-7.29,-11.3
2026-08-12,Pharmaceuticals & Biotechnology,SIDEWAYS,WATCH,2.16,-2.92,-16.39,10.54,6.73,2.72
2026-08-12,Iron & Steel,SIDEWAYS,NEUTRAL,1.87,-2.72,-16.19,10.75,6.74,2.73
2026-08-12,Electronic Manufacturing Services (EMS),SIDEWAYS,BUY,7.99,-1.75,-15.22,11.71,17.36,13.35
2026-08-12,Pipes & Tubes,SIDEWAYS,NEUTRAL,-1.19,-3.43,-16.9,10.03,-1.73,-5.74
2026-08-12,Paper & Paper Products,SIDEWAYS,WATCH,0.27,-2.58,-16.05,10.89,-0.41,-4.42
2026-08-12,Telecommunication,SIDEWAYS,AVOID,-7.87,-0.83,-14.3,12.64,-12.67,-16.68
2026-08-12,Tractors & Farm Equipment,SIDEWAYS,NEUTRAL,-3.58,-0.06,-13.53,13.4,0.06,-3.95
2026-08-12,Oil Exploration & Refining,SIDEWAYS,AVOID,-4.06,-3.59,-17.05,9.88,-7.26,-11.27
2026-08-12,Packaged Foods & Consumer Staples,SIDEWAYS,NEUTRAL,-1.25,-2.29,-15.75,11.18,-3.93,-7.94
2026-08-12,Hospitals & Diagnostic Centres,SIDEWAYS,NEUTRAL,-3.18,-3.09,-16.56,10.37,-3.05,-7.06
2026-08-12,Copper & Non-Ferrous Metals,SIDEWAYS,BUY,8.74,0.22,-13.25,13.68,23.18,19.17
2026-08-12,Textiles & Apparel,SIDEWAYS,NEUTRAL,-1.86,-3.68,-17.15,9.79,-2.78,-6.79
2026-08-12,Tea & Coffee,SIDEWAYS,AVOID,-4.22,-3.96,-17.43,9.5,-6.3,-10.31
2026-08-12,Railways,SIDEWAYS,AVOID,-6.26,-2.71,-16.17,10.76,-6.07,-10.08
2026-08-12,Diversified Retail,SIDEWAYS,AVOID,-4.97,-2.84,-16.31,10.63,-10.32,-14.33
2026-08-12,Air Conditioners & Appliances,SIDEWAYS,AVOID,-9.44,1.71,-11.76,15.17,-18.03,-22.04
2026-08-12,Pumps & Compressors,SIDEWAYS,AVOID,-7.5,-2.35,-15.82,11.12,-9.34,-13.35
2026-08-12,Banks,SIDEWAYS,NEUTRAL,-1.09,-2.61,-16.08,10.86,2.36,-1.65
2026-08-12,Copper Mining,SIDEWAYS,NEUTRAL,9.58,2.26,-11.21,15.73,26.9,22.89
2026-08-12,Power,SIDEWAYS,AVOID,-7.3,-2.77,-16.24,10.7,-9.35,-13.36
2026-08-12,Zinc & Silver Mining,SIDEWAYS,REDUCE,6.05,2.22,-11.25,15.69,22.68,18.67
2026-08-12,Packaged Foods & FMCG Staples,SIDEWAYS,NEUTRAL,-2.69,-3.49,-16.96,9.98,-6.09,-10.1
2026-08-12,Capital Markets & Asset Management,SIDEWAYS,AVOID,-3.85,-2.77,-16.23,10.7,-7.83,-11.84
2026-08-12,Wires & Cables,SIDEWAYS,NEUTRAL,2.92,-2.09,-15.56,11.38,9.78,5.77
2026-08-12,Rubber Chemicals,SIDEWAYS,AVOID,-8.18,0.24,-13.22,13.71,-18.27,-22.28
2026-08-12,Wealth & Asset Management,SIDEWAYS,BUY,4.57,-0.11,-13.58,13.36,17.87,13.86
2026-08-12,Specialty Chemicals,SIDEWAYS,NEUTRAL,-0.33,-3.57,-17.04,9.9,1.56,-2.45
2026-08-12,Structural Steel Tubes & Pipes,SIDEWAYS,BUY,6.96,-0.22,-13.68,13.25,20.2,16.19
2026-08-12,Oil Gas & Consumable Fuels,SIDEWAYS,NEUTRAL,-2.87,4.33,-9.13,17.8,0.94,-3.07
2026-08-12,Utilities,SIDEWAYS,AVOID,-8.9,0.04,-13.43,13.51,-20.39,-24.4
2026-08-12,Logistics & Transportation,SIDEWAYS,NEUTRAL,-2.85,-2.56,-16.02,10.91,-2.74,-6.75
2026-08-12,Telecom Services & Infrastructure,SIDEWAYS,NEUTRAL,-3.02,-3.73,-17.2,9.74,-3.75,-7.76
2026-08-12,Construction Materials,SIDEWAYS,WATCH,11.03,0.86,-12.61,14.33,25.56,21.55
2026-08-12,Civil Construction & Infrastructure EPC,SIDEWAYS,AVOID,-5.66,-0.78,-14.25,12.69,-10.55,-14.56
2026-08-12,Water & Wastewater Treatment,SIDEWAYS,AVOID,-6.54,-2.35,-15.82,11.12,-14.92,-18.93
2026-08-12,Auto Parts & Equipment,SIDEWAYS,NEUTRAL,-0.76,-2.17,-15.63,11.3,7.46,3.45
2026-08-12,Paints,SIDEWAYS,NEUTRAL,1.16,-1.41,-14.88,12.06,6.75,2.74
2026-08-12,Metals & Mining,SIDEWAYS,AVOID,-5.75,-1.36,-14.83,12.11,-4.52,-8.53
2026-08-12,Stockbroking & Financial Products,SIDEWAYS,AVOID,-4.93,-2.64,-16.11,10.83,-7.91,-11.92
2026-08-12,Diversified Commercial,SIDEWAYS,NEUTRAL,-1.27,-3.57,-17.04,9.9,-0.59,-4.6
2026-08-12,Water & Wastewater Treatment,SIDEWAYS,AVOID,-9.63,-0.58,-14.05,12.89,-20.32,-24.33
2026-08-12,Hotels & Restaurants,SIDEWAYS,AVOID,-6.74,-3.66,-17.13,9.81,-13.44,-17.45
2026-08-12,Consumer Services,SIDEWAYS,NEUTRAL,-4.03,-3.51,-16.98,9.96,-5.06,-9.07
2026-08-12,Ceramics & Tiles,SIDEWAYS,NEUTRAL,1.13,-1.4,-14.87,12.07,-1.77,-5.78
2026-08-12,Bearings & Friction Solutions,SIDEWAYS,NEUTRAL,-1.37,-1.35,-14.82,12.11,1.75,-2.26
2026-08-12,Explosives & Defence Chemicals,SIDEWAYS,NEUTRAL,0.04,-2.51,-15.97,10.96,9.37,5.36
2026-08-12,Mining & Mineral Products,SIDEWAYS,WATCH,2.52,-1.64,-15.11,11.83,4.72,0.71
2026-08-12,Gas Distribution,SIDEWAYS,NEUTRAL,-1.18,0.45,-13.02,13.92,4.3,0.29
2026-08-12,Air Conditioners & AC Components,SIDEWAYS,AVOID,-10.28,0.8,-12.67,14.27,-17.98,-21.99
2026-08-12,Renewable Energy,SIDEWAYS,AVOID,-6.25,-2.35,-15.82,11.11,-14.64,-18.65
2026-08-12,Diversified & Fashion Retail,SIDEWAYS,AVOID,-6.59,-2.25,-15.72,11.22,-11.87,-15.88
2026-08-12,Automobile OEMs,SIDEWAYS,NEUTRAL,1.77,-1.56,-15.03,11.91,6.66,2.65
2026-08-12,Information Technology,SIDEWAYS,NEUTRAL,-3.6,-2.6,-16.07,10.87,-3.63,-7.64
2026-08-12,Sugar & Bio-Ethanol,SIDEWAYS,NEUTRAL,-2.79,-3.08,-16.55,10.39,-2.56,-6.57
2026-08-12,Packaging & Containers,SIDEWAYS,BUY,10.3,4.06,-9.41,17.52,23.44,19.43
2026-08-12,Microfinance NBFC,SIDEWAYS,NEUTRAL,-0.8,7.82,-5.64,21.29,3.07,-0.94
2026-08-12,Tyres & Rubber Products,SIDEWAYS,NEUTRAL,-5.52,-0.76,-14.23,12.71,-4.07,-8.08
2026-08-12,Gas Transmission & Distribution,SIDEWAYS,AVOID,-2.94,-0.36,-13.83,13.11,-7.19,-11.2
2026-08-12,Steel Manufacturing & Mining,SIDEWAYS,BUY,4.56,1.55,-11.92,15.02,16.76,12.75
2026-08-12,Renewable Energy - Solar & Wind,SIDEWAYS,AVOID,-8.44,-3.22,-16.69,10.24,-17.1,-21.11
2026-08-12,Edible Oils,SIDEWAYS,AVOID,-5.13,-0.41,-13.88,13.06,-14.13,-18.14
2026-08-12,Railway Telecom,SIDEWAYS,AVOID,-8.47,-1.1,-14.57,12.37,-18.92,-22.93
2026-08-12,Diagnostic & Healthcare Laboratories,SIDEWAYS,AVOID,-5.56,-0.75,-14.22,12.72,-12.72,-16.73
2026-08-12,Software Products & Digital Services,SIDEWAYS,NEUTRAL,-1.91,-3.46,-16.92,10.01,-1.18,-5.19
2026-08-12,Power Sector Financing NBFC,SIDEWAYS,AVOID,-9.38,1.71,-11.76,15.17,-15.93,-19.94
2026-08-12,"Hotels, Resorts & QSR",SIDEWAYS,AVOID,-4.83,-3.14,-16.61,10.33,-5.89,-9.9
2026-08-12,Civil Construction & Infrastructure,SIDEWAYS,NEUTRAL,-1.82,-3.94,-17.41,9.53,-6.13,-10.14
2026-08-12,IT Consulting & Software,SIDEWAYS,AVOID,-4.79,-3.79,-17.26,9.68,-8.63,-12.64
2026-08-12,Batteries,SIDEWAYS,AVOID,-10.19,1.13,-12.33,14.6,-17.78,-21.79
2026-08-12,Fast Moving Consumer Goods,SIDEWAYS,AVOID,-5.43,-3.36,-16.83,10.11,-9.16,-13.17
2026-08-12,Batteries,SIDEWAYS,BUY,9.17,0.31,-13.15,13.78,20.85,16.84
2026-08-12,Air Conditioners & AC Components,SIDEWAYS,AVOID,-2.7,-3.07,-16.54,10.4,-6.9,-10.91
2026-08-12,Insurance,SIDEWAYS,AVOID,-9.39,-3.02,-16.48,10.45,-15.4,-19.41
2026-08-12,Capital Goods,SIDEWAYS,NEUTRAL,-0.1,-3.27,-16.74,10.2,3.73,-0.28
2026-08-12,Automobile and Auto Components,SIDEWAYS,BUY,3.23,-0.74,-14.21,12.72,14.08,10.07
2026-08-13,Batteries,SIDEWAYS,BUY,8.35,-0.21,-13.68,13.26,18.98,14.97
2026-08-13,Utilities,SIDEWAYS,AVOID,-8.43,0.26,-13.2,13.73,-20.59,-24.6
2026-08-13,Packaged Foods & Consumer Staples,SIDEWAYS,AVOID,-2.07,-3.11,-16.58,10.36,-6.05,-10.06
2026-08-13,Hospitals & Diagnostic Centres,SIDEWAYS,NEUTRAL,-0.75,-3.13,-16.6,10.33,0.23,-3.78
2026-08-13,Telecommunication,SIDEWAYS,AVOID,-3.68,-2.29,-15.75,11.18,-9.22,-13.23
2026-08-13,Oil Exploration & Refining,SIDEWAYS,AVOID,-6.26,-2.18,-15.65,11.29,-10.44,-14.45
2026-08-13,Financial Services,SIDEWAYS,NEUTRAL,-1.89,-3.23,-16.69,10.24,-3.23,-7.24
2026-08-13,Edible Oils,SIDEWAYS,AVOID,-5.5,-0.68,-14.15,12.79,-15.64,-19.65
2026-08-13,Renewable Energy - Solar & Wind,SIDEWAYS,AVOID,-7.15,-3.07,-16.54,10.4,-15.87,-19.88
2026-08-13,Electronic Manufacturing Services (EMS),SIDEWAYS,AVOID,-6.41,1.88,-11.59,15.35,-12.51,-16.52
2026-08-13,Electronic Manufacturing Services (EMS),SIDEWAYS,AVOID,-7.77,-2.77,-16.24,10.7,-10.43,-14.44
2026-08-13,Electronic Manufacturing Services (EMS),SIDEWAYS,BUY,6.96,-1.82,-15.29,11.65,15.01,11.0
2026-08-13,Railway Infrastructure,SIDEWAYS,AVOID,-6.98,-1.1,-14.57,12.37,-15.02,-19.03
2026-08-13,Lubricants & Specialty Oils,SIDEWAYS,NEUTRAL,-1.53,-0.72,-14.18,12.75,4.71,0.7
2026-08-13,Iron & Steel,SIDEWAYS,NEUTRAL,-1.95,-2.93,-16.39,10.54,1.45,-2.56
2026-08-13,Pipes & Tubes,SIDEWAYS,NEUTRAL,-0.75,-3.68,-17.15,9.78,-1.56,-5.57
2026-08-13,Construction Materials,SIDEWAYS,WATCH,7.92,1.22,-12.24,14.69,20.3,16.29
2026-08-13,Tractors & Farm Equipment,SIDEWAYS,NEUTRAL,-2.31,-0.14,-13.61,13.33,0.63,-3.38
2026-08-13,Paper & Paper Products,SIDEWAYS,AVOID,-4.51,-2.19,-15.65,11.28,-6.13,-10.14
2026-08-13,Heavy Electrical Equipment,SIDEWAYS,WATCH,9.67,6.02,-7.44,19.49,24.67,20.66
2026-08-13,Consumer Services,SIDEWAYS,NEUTRAL,-1.26,-3.61,-17.08,9.86,-2.36,-6.37
2026-08-13,Batteries,SIDEWAYS,AVOID,-10.1,0.55,-12.92,14.01,-17.59,-21.6
2026-08-13,Footwear,SIDEWAYS,AVOID,-5.95,3.69,-9.78,17.16,-14.26,-18.27
2026-08-13,Wires & Cables,SIDEWAYS,WATCH,4.43,-2.72,-16.19,10.75,9.58,5.57
2026-08-13,Automobile OEMs,SIDEWAYS,NEUTRAL,2.25,-1.35,-14.82,12.12,8.26,4.25
2026-08-13,Railway Financing,SIDEWAYS,AVOID,-7.89,0.73,-12.74,14.2,-17.07,-21.08
2026-08-13,Renewable Energy,SIDEWAYS,AVOID,-4.73,-2.9,-16.36,10.57,-11.6,-15.61
2026-08-13,Packaged Foods & FMCG Staples,SIDEWAYS,NEUTRAL,-1.96,-3.58,-17.05,9.89,-5.45,-9.46
2026-08-13,Passenger Cars & Utility Vehicles,SIDEWAYS,AVOID,-8.06,-0.03,-13.5,13.44,-10.19,-14.2
2026-08-13,Software Products & Digital Services,SIDEWAYS,NEUTRAL,-3.26,-1.76,-15.23,11.7,-2.7,-6.71
2026-08-13,Capital Markets & Asset Management,SIDEWAYS,AVOID,-3.36,-2.77,-16.23,10.7,-8.66,-12.67
2026-08-13,Rubber Chemicals,SIDEWAYS,AVOID,-8.64,0.04,-13.43,13.51,-19.31,-23.32
2026-08-13,IT Consulting & Software,SIDEWAYS,AVOID,-4.45,-3.74,-17.21,9.73,-8.75,-12.76
2026-08-13,Wealth & Asset Management,SIDEWAYS,BUY,4.98,0.36,-13.1,13.83,17.37,13.36
2026-08-13,Copper Mining,SIDEWAYS,REDUCE,6.87,0.01,-13.46,13.47,23.71,19.7
2026-08-13,Packaging & Containers,SIDEWAYS,BUY,10.1,4.22,-9.25,17.69,22.98,18.97
2026-08-13,Dairy Products,SIDEWAYS,NEUTRAL,-2.35,-1.57,-15.04,11.89,-5.29,-9.3
2026-08-13,Specialty Chemicals,SIDEWAYS,NEUTRAL,-2.74,-3.57,-17.04,9.9,-0.55,-4.56
2026-08-13,Agrochemicals & Pesticides,SIDEWAYS,AVOID,-7.66,-0.68,-14.15,12.79,-17.76,-21.77
2026-08-13,Structural Steel Tubes & Pipes,SIDEWAYS,NEUTRAL,7.84,1.51,-11.96,14.98,22.22,18.21
2026-08-13,Diagnostic & Healthcare Laboratories,SIDEWAYS,AVOID,-6.52,-0.75,-14.21,12.72,-13.63,-17.64
2026-08-13,"Hotels, Resorts & QSR",SIDEWAYS,NEUTRAL,-1.43,-3.78,-17.25,9.69,-3.04,-7.05
2026-08-13,Pharmaceuticals & Biotechnology,SIDEWAYS,NEUTRAL,1.78,-1.98,-15.45,11.49,8.17,4.16
2026-08-13,Cement,SIDEWAYS,AVOID,-7.24,-2.77,-16.24,10.7,-9.48,-13.49
2026-08-13,Capital Goods,SIDEWAYS,NEUTRAL,-2.61,-3.13,-16.6,10.34,2.54,-1.47
2026-08-13,Asset Management Company (AMC),SIDEWAYS,AVOID,-3.31,-3.81,-17.28,9.65,-7.1,-11.11
2026-08-13,Zinc & Silver Mining,SIDEWAYS,REDUCE,5.03,0.43,-13.04,13.9,19.55,15.54
2026-08-13,Power,SIDEWAYS,AVOID,-8.94,-0.65,-14.12,12.82,-14.01,-18.02
2026-08-13,Civil Construction & Infrastructure,SIDEWAYS,AVOID,-4.51,-3.68,-17.15,9.78,-8.05,-12.06
2026-08-13,Logistics & Transportation,SIDEWAYS,NEUTRAL,-2.77,-1.91,-15.38,11.55,-1.25,-5.26
2026-08-13,Breweries & Distilleries,SIDEWAYS,NEUTRAL,-1.5,-2.19,-15.66,11.28,-0.28,-4.29
2026-08-13,Tea & Coffee,SIDEWAYS,AVOID,-5.57,-2.77,-16.24,10.7,-8.45,-12.46
2026-08-13,Travel Tech SaaS Solutions,SIDEWAYS,NEUTRAL,-4.3,6.77,-6.7,20.24,1.11,-2.9
2026-08-13,Water & Wastewater Treatment,SIDEWAYS,AVOID,-6.07,-2.35,-15.82,11.12,-14.73,-18.74
2026-08-13,Pumps & Compressors,SIDEWAYS,AVOID,-6.81,-2.6,-16.07,10.87,-9.74,-13.75
2026-08-13,Railways,SIDEWAYS,AVOID,-6.51,-2.6,-16.07,10.87,-6.66,-10.67
2026-08-13,Batteries & Energy Storage,SIDEWAYS,WATCH,2.08,4.33,-9.13,17.8,4.6,0.59
2026-08-13,Diversified Retail,SIDEWAYS,AVOID,-5.24,-2.69,-16.16,10.78,-10.74,-14.75
2026-08-13,Water & Wastewater Treatment,SIDEWAYS,AVOID,-11.1,0.49,-12.98,13.95,-20.4,-24.41
2026-08-13,Railway Wagons & Equipment,SIDEWAYS,AVOID,-4.84,-2.58,-16.05,10.88,-9.33,-13.34
2026-08-13,Sugar & Bio-Ethanol,SIDEWAYS,WATCH,0.53,-1.96,-15.42,11.51,2.33,-1.68
2026-08-13,Air Conditioners & Appliances,SIDEWAYS,AVOID,-8.43,-0.76,-14.23,12.71,-17.55,-21.56
2026-08-13,Banks,SIDEWAYS,NEUTRAL,-2.19,-3.27,-16.74,10.2,0.56,-3.45
2026-08-13,Residential & Commercial Real Estate,SIDEWAYS,AVOID,-3.07,-4.44,-17.91,9.02,-6.76,-10.77
2026-08-13,API & CDMO / CRAMS,SIDEWAYS,NEUTRAL,-1.87,-0.84,-14.31,12.63,4.0,-0.01
2026-08-13,Bearings & Friction Solutions,SIDEWAYS,WATCH,4.86,-0.77,-14.24,12.7,8.57,4.56
2026-08-13,Diversified & Fashion Retail,SIDEWAYS,AVOID,-5.88,-3.44,-16.9,10.03,-11.47,-15.48
2026-08-13,Textiles & Apparel,SIDEWAYS,AVOID,-3.93,-3.52,-16.99,9.94,-6.24,-10.25
2026-08-13,Telecom Services & Infrastructure,SIDEWAYS,NEUTRAL,-2.27,-1.67,-15.13,11.8,-2.85,-6.86
2026-08-13,Chemicals,SIDEWAYS,AVOID,-7.71,-2.97,-16.44,10.49,-11.87,-15.88
2026-08-13,Oil Gas & Consumable Fuels,SIDEWAYS,NEUTRAL,-3.89,2.5,-10.97,15.96,2.05,-1.96
2026-08-13,Saw Pipes & Ductile Iron Pipes,SIDEWAYS,BUY,3.91,0.29,-13.17,13.76,14.9,10.89
2026-08-13,Steel Manufacturing & Mining,SIDEWAYS,REDUCE,3.6,3.88,-9.59,17.35,16.56,12.55
2026-08-13,Aluminium & Mining,SIDEWAYS,NEUTRAL,-0.6,-1.27,-14.74,12.2,2.35,-1.66
2026-08-13,Railway Infrastructure & Consulting,SIDEWAYS,AVOID,-9.92,0.6,-12.87,14.07,-17.22,-21.23
2026-08-13,Metals & Mining,SIDEWAYS,AVOID,-6.1,1.06,-12.41,14.53,-6.34,-10.35
2026-08-13,Plywood & Boards,SIDEWAYS,STRONG BUY,5.9,1.21,-12.26,14.68,18.04,14.03
2026-08-13,Packaging Materials & Containers,SIDEWAYS,WATCH,1.61,-0.94,-14.41,12.52,1.69,-2.32
2026-08-13,Railway Telecom,SIDEWAYS,AVOID,-8.82,-1.1,-14.57,12.37,-18.94,-22.95
2026-08-13,Diversified Commercial,SIDEWAYS,NEUTRAL,-1.34,-3.57,-17.04,9.9,-0.45,-4.46
2026-08-13,Construction,SIDEWAYS,NEUTRAL,-2.1,-1.3,-14.76,12.17,-1.6,-5.61
2026-08-13,Fertilizers & Agrochemicals,SIDEWAYS,AVOID,-7.85,-3.44,-16.91,10.03,-15.77,-19.78
2026-08-13,Insurance,SIDEWAYS,AVOID,-6.71,-3.29,-16.76,10.18,-11.27,-15.28
2026-08-13,"Textiles, Yarns & Apparel",SIDEWAYS,AVOID,-6.56,-3.42,-16.89,10.05,-9.05,-13.06
2026-08-13,Fertilizers,SIDEWAYS,AVOID,-5.13,-4.67,-18.14,8.79,-13.61,-17.62
2026-08-13,Paints,SIDEWAYS,NEUTRAL,-1.58,-1.62,-15.09,11.85,3.16,-0.85
2026-08-13,Superalloys & Special Metals,SIDEWAYS,BUY,9.09,7.43,-6.04,20.89,25.78,21.77
2026-08-13,Auto Glass,SIDEWAYS,BUY,1.59,1.55,-11.92,15.02,14.6,10.59
2026-08-13,Data Centers & Real Estate,SIDEWAYS,BUY,6.35,0.83,-12.64,14.3,18.84,14.83
2026-08-13,Ceramics & Tiles,SIDEWAYS,WATCH,1.87,-3.11,-16.58,10.36,0.53,-3.48
2026-08-13,Explosives & Defence Chemicals,SIDEWAYS,BUY,10.88,1.01,-12.46,14.48,24.75,20.74
2026-08-13,Railway Ticketing & Catering,SIDEWAYS,AVOID,-7.12,-0.58,-14.05,12.89,-14.48,-18.49
2026-08-13,Stockbroking & Financial Products,SIDEWAYS,AVOID,-3.41,-3.71,-17.18,9.76,-6.8,-10.81
2026-08-13,Air Conditioners & AC Components,SIDEWAYS,AVOID,-3.96,-3.18,-16.65,10.29,-11.1,-15.11
2026-08-13,Non Banking Financial Company (NBFC),SIDEWAYS,NEUTRAL,-1.49,-3.65,-17.11,9.82,-1.15,-5.16
2026-08-13,Paints & Coatings,SIDEWAYS,BUY,8.41,4.29,-9.18,17.75,21.77,17.76
2026-08-13,Mining & Mineral Products,SIDEWAYS,WATCH,5.02,-1.68,-15.15,11.79,9.31,5.3
2026-08-13,Affordable Housing Finance Company,SIDEWAYS,AVOID,-7.65,-0.08,-13.55,13.38,-18.47,-22.48
2026-08-13,Air Conditioners & AC Components,SIDEWAYS,AVOID,-10.7,1.24,-12.22,14.71,-18.96,-22.97
2026-08-13,Media Entertainment & Publication,SIDEWAYS,AVOID,-7.38,0.3,-13.17,13.77,-8.64,-12.65
2026-08-13,Transformers & T&D Equipment,SIDEWAYS,NEUTRAL,-0.28,-1.83,-15.3,11.64,4.37,0.36
2026-08-13,Information Technology,SIDEWAYS,NEUTRAL,-3.33,-2.68,-16.14,10.79,-3.53,-7.54
2026-08-13,Aerospace & Defence,SIDEWAYS,NEUTRAL,2.25,-2.72,-16.19,10.75,8.93,4.92
2026-08-13,Textiles,SIDEWAYS,NEUTRAL,-0.15,0.71,-12.75,14.18,9.42,5.41
2026-08-13,Realty,SIDEWAYS,AVOID,-7.1,-0.69,-14.15,12.78,-16.46,-20.47
2026-08-13,Renewable Energy Financing NBFC,SIDEWAYS,AVOID,-9.24,-0.69,-14.15,12.78,-18.48,-22.49
2026-08-13,Power Sector Financing NBFC,SIDEWAYS,AVOID,-9.87,0.85,-12.62,14.32,-17.05,-21.06
2026-08-13,Commodity Chemicals,SIDEWAYS,NEUTRAL,-3.14,-3.61,-17.08,9.85,-4.07,-8.08
2026-08-13,"Logistics, Ports & Supply Chain",SIDEWAYS,NEUTRAL,-3.42,-2.61,-16.07,10.86,-1.22,-5.23
2026-08-13,Tyres & Rubber Products,SIDEWAYS,WATCH,1.69,-1.44,-14.9,12.03,4.16,0.15
2026-08-13,Internet & Digital Platforms,SIDEWAYS,NEUTRAL,0.83,-2.16,-15.63,11.31,-0.03,-4.04
2026-08-13,Asset Management & Wealth,SIDEWAYS,AVOID,-5.96,0.03,-13.44,13.5,-7.22,-11.23
2026-08-13,Auto Lighting,SIDEWAYS,WATCH,9.27,8.41,-5.05,21.88,24.69,20.68
2026-08-13,Plastic Pipes & Fittings,SIDEWAYS,WATCH,2.5,0.49,-12.98,13.96,3.37,-0.64
2026-08-13,Cement & Clinker,SIDEWAYS,AVOID,-5.63,-3.83,-17.3,9.64,-12.57,-16.58
2026-08-13,Automobile and Auto Components,SIDEWAYS,NEUTRAL,1.58,-0.74,-14.2,12.73,10.83,6.82
2026-08-13,Copper & Non-Ferrous Metals,SIDEWAYS,BUY,3.29,0.25,-13.22,13.71,18.12,14.11
2026-08-13,Pharmaceuticals,SIDEWAYS,NEUTRAL,-0.29,-3.17,-16.64,10.3,1.47,-2.54
2026-08-13,Media & Entertainment,SIDEWAYS,WATCH,2.47,-3.46,-16.93,10.0,2.69,-1.32
2026-08-13,Gas Transmission & Distribution,SIDEWAYS,AVOID,-4.54,-3.6,-17.07,9.87,-10.58,-14.59
2026-08-13,Housing & Urban Infrastructure Financing,SIDEWAYS,AVOID,-9.12,-0.78,-14.25,12.69,-19.17,-23.18
2026-08-13,Consumer Durables,SIDEWAYS,NEUTRAL,-3.94,-2.51,-15.98,10.96,-0.51,-4.52
2026-08-13,Microfinance NBFC,SIDEWAYS,NEUTRAL,-4.62,0.18,-13.29,13.65,0.37,-3.64
2026-08-13,Project Management & Civil Construction,SIDEWAYS,AVOID,-8.5,-5.24,-18.71,8.23,-18.21,-22.22
2026-08-13,Power Generation & Utilities,SIDEWAYS,AVOID,-5.8,-4.05,-17.52,9.42,-10.35,-14.36
2026-08-13,"Plywood, MDF & Laminates",SIDEWAYS,AVOID,-6.2,-2.36,-15.82,11.11,-8.79,-12.8
2026-08-13,Services,SIDEWAYS,AVOID,-5.22,-3.04,-16.51,10.43,-6.26,-10.27
2026-08-13,Roads & Highways EPC,SIDEWAYS,AVOID,-10.04,0.67,-12.8,14.14,-19.11,-23.12
2026-08-13,Hospitals & Healthcare Services,SIDEWAYS,REDUCE,1.94,6.81,-6.65,20.28,15.42,11.41
2026-08-13,Power Generation & Distribution,SIDEWAYS,WATCH,3.87,4.92,-8.55,18.39,10.7,6.69
2026-08-13,Gas Distribution,SIDEWAYS,NEUTRAL,-1.36,0.25,-13.22,13.71,4.09,0.08
2026-08-13,Healthcare,SIDEWAYS,NEUTRAL,-0.82,-1.33,-14.8,12.14,4.95,0.94
2026-08-13,Hotels & Restaurants,SIDEWAYS,AVOID,-7.36,-3.31,-16.78,10.16,-13.79,-17.8
2026-08-13,Auto Parts & Equipment,SIDEWAYS,NEUTRAL,0.28,-2.24,-15.71,11.22,7.07,3.06
2026-08-13,Civil Construction & Infrastructure EPC,SIDEWAYS,AVOID,-7.08,-0.82,-14.29,12.65,-12.52,-16.53
2026-08-13,Ship Building & Defence,SIDEWAYS,WATCH,0.84,-0.97,-14.44,12.49,1.23,-2.78
2026-08-13,Fast Moving Consumer Goods,SIDEWAYS,AVOID,-3.8,-3.17,-16.64,10.3,-7.72,-11.73
2026-08-13,Plastic Pipes & Moulded Products,SIDEWAYS,AVOID,-9.09,0.54,-12.93,14.01,-19.63,-23.64
2026-08-13,Civil Buildings & Commercial EPC,SIDEWAYS,AVOID,-8.69,-0.8,-14.27,12.66,-19.19,-23.2
2026-08-14,Passenger Cars & Utility Vehicles,SIDEWAYS,AVOID,-8.93,1.12,-12.35,14.59,-12.19,-16.2
2026-08-14,Cement,SIDEWAYS,AVOID,-5.16,-2.82,-16.29,10.64,-8.61,-12.62
2026-08-14,Asset Management & Wealth,SIDEWAYS,AVOID,-10.24,0.99,-12.47,14.46,-17.89,-21.9
2026-08-14,Air Conditioners & AC Components,SIDEWAYS,AVOID,-1.01,-2.8,-16.27,10.66,-6.53,-10.54
2026-08-14,"Textiles, Yarns & Apparel",SIDEWAYS,WATCH,0.29,-3.44,-16.9,10.03,-0.65,-4.66
2026-08-14,Agrochemicals & Pesticides,SIDEWAYS,AVOID,-5.36,-0.58,-14.05,12.89,-15.25,-19.26
2026-08-14,Air Conditioners & AC Components,SIDEWAYS,AVOID,-10.86,0.8,-12.67,14.27,-19.33,-23.34
2026-08-14,Capital Goods,SIDEWAYS,NEUTRAL,0.37,-3.27,-16.74,10.2,4.58,0.57
2026-08-14,Auto Parts & Equipment,SIDEWAYS,NEUTRAL,-0.69,-2.19,-15.65,11.28,7.58,3.57
2026-08-14,Steel Manufacturing & Mining,SIDEWAYS,BUY,5.51,1.31,-12.15,14.78,17.16,13.15
2026-08-14,Packaging & Containers,SIDEWAYS,BUY,10.05,3.96,-9.51,17.42,22.86,18.85
2026-08-14,Housing & Urban Infrastructure Financing,SIDEWAYS,AVOID,-5.54,-0.58,-14.05,12.89,-15.12,-19.13
2026-08-14,Packaged Foods & Consumer Staples,SIDEWAYS,NEUTRAL,-2.06,-2.53,-16.0,10.94,-2.04,-6.05
2026-08-14,Transformers & T&D Equipment,SIDEWAYS,NEUTRAL,-1.0,-1.83,-15.3,11.64,6.0,1.99
2026-08-14,Construction Materials,SIDEWAYS,REDUCE,3.59,2.22,-11.25,15.69,17.03,13.02
2026-08-14,Pharmaceuticals,SIDEWAYS,NEUTRAL,-0.86,-2.93,-16.39,10.54,-0.53,-4.54
2026-08-14,Financial Services,SIDEWAYS,AVOID,-5.14,-3.23,-16.69,10.24,-6.95,-10.96
2026-08-14,Plastic Pipes & Fittings,SIDEWAYS,NEUTRAL,-2.22,-2.66,-16.12,10.81,-3.52,-7.53
2026-08-14,Railway Infrastructure,SIDEWAYS,AVOID,-8.16,-0.99,-14.46,12.47,-17.62,-21.63
2026-08-14,Civil Construction & Infrastructure EPC,SIDEWAYS,AVOID,-6.67,-2.49,-15.96,10.98,-12.89,-16.9
2026-08-14,Renewable Energy - Solar & Wind,SIDEWAYS,AVOID,-6.76,-3.07,-16.54,10.39,-15.0,-19.01
2026-08-14,Footwear,SIDEWAYS,AVOID,-3.53,0.03,-13.44,13.5,-10.1,-14.11
2026-08-14,"Plywood, MDF & Laminates",SIDEWAYS,AVOID,-7.53,-1.96,-15.43,11.5,-10.14,-14.15
2026-08-14,Water & Wastewater Treatment,SIDEWAYS,AVOID,-5.47,-2.35,-15.82,11.12,-14.52,-18.53
2026-08-14,Oil Gas & Consumable Fuels,SIDEWAYS,AVOID,-10.56,0.5,-12.97,13.97,-18.64,-22.65
2026-08-14,Healthcare,SIDEWAYS,NEUTRAL,-0.45,-1.09,-14.55,12.38,2.94,-1.07
2026-08-14,Heavy Electrical Equipment,SIDEWAYS,NEUTRAL,7.61,6.02,-7.44,19.49,21.7,17.69
2026-08-14,Ship Building & Defence,SIDEWAYS,NEUTRAL,0.78,-1.08,-14.55,12.39,-0.19,-4.2
2026-08-14,Lubricants & Specialty Oils,SIDEWAYS,NEUTRAL,-0.22,-0.69,-14.15,12.78,2.5,-1.51
2026-08-14,"Logistics, Ports & Supply Chain",SIDEWAYS,NEUTRAL,-0.66,-1.86,-15.33,11.61,0.31,-3.7
2026-08-14,Water & Wastewater Treatment,SIDEWAYS,AVOID,-2.46,1.05,-12.42,14.52,-10.33,-14.34
2026-08-14,Tea & Coffee,SIDEWAYS,AVOID,-5.2,-3.12,-16.59,10.35,-10.97,-14.98
2026-08-14,Wires & Cables,SIDEWAYS,NEUTRAL,0.95,-2.77,-16.24,10.7,5.11,1.1
2026-08-14,Railway Telecom,SIDEWAYS,AVOID,-8.78,-1.14,-14.61,12.32,-19.65,-23.66
2026-08-14,Paints & Coatings,SIDEWAYS,BUY,8.96,3.87,-9.6,17.34,21.87,17.86
2026-08-14,Railway Financing,SIDEWAYS,AVOID,-7.95,1.07,-12.4,14.54,-17.74,-21.75
2026-08-14,Breweries & Distilleries,SIDEWAYS,NEUTRAL,-3.19,-2.08,-15.55,11.39,-2.41,-6.42
2026-08-14,Aluminium & Mining,SIDEWAYS,NEUTRAL,-2.13,-1.27,-14.74,12.2,0.51,-3.5
2026-08-14,Superalloys & Special Metals,SIDEWAYS,BUY,10.08,6.22,-7.25,19.69,24.0,19.99
2026-08-14,Railway Wagons & Equipment,SIDEWAYS,AVOID,-9.86,0.99,-12.48,14.46,-18.24,-22.25
2026-08-14,Aerospace & Defence,SIDEWAYS,BUY,4.15,-2.12,-15.59,11.35,11.91,7.9
2026-08-14,Residential & Commercial Real Estate,SIDEWAYS,AVOID,-4.15,-3.79,-17.26,9.67,-8.47,-12.48
2026-08-14,Diversified & Fashion Retail,SIDEWAYS,AVOID,-5.91,-3.34,-16.81,10.13,-12.08,-16.09
2026-08-14,Asset Management Company (AMC),SIDEWAYS,AVOID,-2.58,-3.97,-17.43,9.5,-6.31,-10.32
2026-08-14,Diagnostic & Healthcare Laboratories,SIDEWAYS,AVOID,-5.77,-0.58,-14.05,12.89,-13.47,-17.48
2026-08-14,Auto Lighting,SIDEWAYS,NEUTRAL,-0.49,4.33,-9.13,17.8,9.85,5.84
2026-08-14,"Hotels, Resorts & QSR",SIDEWAYS,NEUTRAL,-4.17,-3.21,-16.68,10.26,-5.67,-9.68
2026-08-14,Metals & Mining,SIDEWAYS,AVOID,-6.27,0.47,-13.0,13.94,-6.48,-10.49
2026-08-14,Diversified Commercial,SIDEWAYS,NEUTRAL,-2.78,-3.57,-17.04,9.9,-1.63,-5.64
2026-08-14,Construction,SIDEWAYS,NEUTRAL,-2.07,-1.44,-14.91,12.03,0.8,-3.21
2026-08-14,Auto Glass,SIDEWAYS,BUY,11.15,0.82,-12.65,14.29,25.37,21.36
2026-08-14,Power Sector Financing NBFC,SIDEWAYS,AVOID,-10.69,1.57,-11.9,15.03,-18.92,-22.93
2026-08-14,Roads & Highways EPC,SIDEWAYS,AVOID,-10.73,0.92,-12.55,14.39,-19.02,-23.03
2026-08-14,Hospitals & Healthcare Services,SIDEWAYS,REDUCE,3.19,6.81,-6.65,20.28,16.36,12.35
2026-08-14,Civil Buildings & Commercial EPC,SIDEWAYS,AVOID,-5.6,-0.16,-13.63,13.31,-15.21,-19.22
2026-08-14,Gas Distribution,SIDEWAYS,WATCH,1.36,-0.28,-13.75,13.18,2.95,-1.06
2026-08-14,Hotels & Restaurants,SIDEWAYS,AVOID,-7.61,-3.19,-16.66,10.28,-13.7,-17.71
2026-08-14,Fast Moving Consumer Goods,SIDEWAYS,NEUTRAL,0.91,-3.5,-16.97,9.97,-1.62,-5.63
2026-08-14,Power Generation & Utilities,SIDEWAYS,AVOID,-4.65,-2.98,-16.45,10.48,-11.57,-15.58
2026-08-14,Tyres & Rubber Products,SIDEWAYS,WATCH,4.01,-1.89,-15.36,11.58,6.62,2.61
2026-08-14,Internet & Digital Platforms,SIDEWAYS,AVOID,-2.67,-2.69,-16.16,10.77,-5.79,-9.8
2026-08-14,Cement & Clinker,SIDEWAYS,AVOID,-7.99,-4.5,-17.96,8.97,-12.71,-16.72
2026-08-14,Paints,SIDEWAYS,WATCH,3.89,-1.51,-14.98,11.95,7.47,3.46
2026-08-14,Media & Entertainment,SIDEWAYS,NEUTRAL,-1.76,-3.65,-17.12,9.82,-3.42,-7.43
2026-08-14,Consumer Durables,SIDEWAYS,WATCH,1.08,-2.44,-15.9,11.03,3.29,-0.72
2026-08-14,Project Management & Civil Construction,SIDEWAYS,AVOID,-6.4,-1.05,-14.52,12.42,-16.26,-20.27
2026-08-14,Dairy Products,SIDEWAYS,NEUTRAL,-1.9,-2.8,-16.27,10.66,-5.78,-9.79
2026-08-14,Telecom Services & Infrastructure,SIDEWAYS,WATCH,0.54,-3.79,-17.26,9.67,-0.08,-4.09
2026-08-14,Railway Infrastructure & Consulting,SIDEWAYS,AVOID,-9.64,1.38,-12.08,14.85,-17.94,-21.95
2026-08-14,Chemicals,SIDEWAYS,AVOID,-7.49,-2.9,-16.37,10.57,-10.95,-14.96
2026-08-14,Plywood & Boards,SIDEWAYS,BUY,10.96,0.54,-12.92,14.01,25.18,21.17
2026-08-14,Saw Pipes & Ductile Iron Pipes,SIDEWAYS,BUY,3.35,0.62,-12.85,14.08,14.32,10.31
2026-08-14,Travel Tech SaaS Solutions,SIDEWAYS,BUY,4.18,4.92,-8.55,18.39,16.68,12.67
2026-08-14,Copper & Non-Ferrous Metals,SIDEWAYS,BUY,5.22,-0.17,-13.64,13.3,19.33,15.32
2026-08-14,Automobile and Auto Components,SIDEWAYS,NEUTRAL,1.65,-0.98,-14.45,12.49,8.28,4.27
2026-08-14,Gas Transmission & Distribution,SIDEWAYS,AVOID,-4.48,-3.9,-17.37,9.57,-10.35,-14.36
2026-08-14,Power Generation & Distribution,SIDEWAYS,AVOID,-6.43,0.67,-12.8,14.13,-16.46,-20.47
2026-08-14,Services,SIDEWAYS,NEUTRAL,-3.07,-3.22,-16.69,10.24,-4.36,-8.37
2026-08-14,Explosives & Defence Chemicals,SIDEWAYS,BUY,6.71,0.16,-13.31,13.62,17.39,13.38
2026-08-14,Fertilizers,SIDEWAYS,AVOID,-7.64,-4.6,-18.07,8.87,-17.6,-21.61
2026-08-14,Insurance,SIDEWAYS,AVOID,-5.48,-3.07,-16.54,10.4,-11.53,-15.54
2026-08-14,Fertilizers & Agrochemicals,SIDEWAYS,AVOID,-4.4,-3.34,-16.81,10.12,-12.26,-16.27
2026-08-14,Data Centers & Real Estate,SIDEWAYS,BUY,5.43,0.18,-13.29,13.64,17.13,13.12
2026-08-14,Stockbroking & Financial Products,SIDEWAYS,AVOID,-4.55,-3.73,-17.2,9.74,-9.28,-13.29
2026-08-14,Textiles,SIDEWAYS,NEUTRAL,-0.89,0.53,-12.94,13.99,8.92,4.91
2026-08-14,Railway Ticketing & Catering,SIDEWAYS,AVOID,-7.88,-0.58,-14.05,12.89,-16.66,-20.67
2026-08-14,Mining & Mineral Products,SIDEWAYS,NEUTRAL,-1.46,-1.0,-14.47,12.46,-1.35,-5.36
2026-08-14,Non Banking Financial Company (NBFC),SIDEWAYS,NEUTRAL,-2.9,-4.07,-17.54,9.39,-3.9,-7.91
2026-08-14,Information Technology,SIDEWAYS,NEUTRAL,-2.58,-3.11,-16.58,10.36,-3.46,-7.47
2026-08-14,Media Entertainment & Publication,SIDEWAYS,AVOID,-7.58,0.38,-13.08,13.85,-9.1,-13.11
2026-08-14,Ceramics & Tiles,SIDEWAYS,NEUTRAL,-1.41,-3.0,-16.46,10.47,-5.37,-9.38
2026-08-14,Realty,SIDEWAYS,AVOID,-8.82,1.42,-12.05,14.89,-17.81,-21.82
2026-08-14,Renewable Energy Financing NBFC,SIDEWAYS,AVOID,-8.25,-8.38,-21.85,5.09,-18.34,-22.35
2026-08-14,Affordable Housing Finance Company,SIDEWAYS,AVOID,-8.1,0.19,-13.28,13.66,-18.96,-22.97
2026-08-14,Edible Oils,SIDEWAYS,AVOID,-5.69,-0.58,-14.05,12.89,-15.63,-19.64
2026-08-14,Batteries & Energy Storage,SIDEWAYS,NEUTRAL,-1.1,4.22,-9.25,17.69,3.46,-0.55
2026-08-14,Electronic Manufacturing Services (EMS),SIDEWAYS,AVOID,-7.94,-2.93,-16.4,10.53,-10.82,-14.83
2026-08-14,Electronic Manufacturing Services (EMS),SIDEWAYS,AVOID,-8.56,1.45,-12.02,14.92,-15.95,-19.96
2026-08-14,Diversified Retail,SIDEWAYS,AVOID,-2.63,-2.96,-16.42,10.51,-7.83,-11.84
2026-08-14,Civil Construction & Infrastructure,SIDEWAYS,AVOID,-4.16,-3.82,-17.29,9.65,-8.56,-12.57
2026-08-14,Sugar & Bio-Ethanol,SIDEWAYS,WATCH,0.61,-3.0,-16.47,10.47,1.34,-2.67
2026-08-14,Air Conditioners & Appliances,SIDEWAYS,AVOID,-9.84,1.21,-12.26,14.68,-17.45,-21.46
2026-08-14,API & CDMO / CRAMS,SIDEWAYS,NEUTRAL,-0.19,-0.84,-14.31,12.63,3.9,-0.11
2026-08-14,Banks,SIDEWAYS,NEUTRAL,-2.42,-3.16,-16.63,10.31,-0.83,-4.84
2026-08-14,Bearings & Friction Solutions,SIDEWAYS,NEUTRAL,-3.66,-3.11,-16.58,10.35,-2.35,-6.36
2026-08-14,Packaging Materials & Containers,SIDEWAYS,NEUTRAL,-0.18,-1.12,-14.59,12.35,0.57,-3.44
2026-08-14,Power,SIDEWAYS,AVOID,-6.85,-0.83,-14.3,12.64,-9.23,-13.24
2026-08-14,Automobile OEMs,SIDEWAYS,NEUTRAL,-0.23,-1.67,-15.14,11.8,3.6,-0.41
2026-08-14,Copper Mining,SIDEWAYS,REDUCE,5.51,6.25,-7.22,19.72,19.7,15.69
2026-08-14,Renewable Energy,SIDEWAYS,AVOID,-6.36,-2.21,-15.68,11.26,-14.4,-18.41
2026-08-14,Plastic Pipes & Moulded Products,SIDEWAYS,AVOID,-9.25,-0.03,-13.5,13.43,-20.1,-24.11
2026-08-14,Capital Markets & Asset Management,SIDEWAYS,AVOID,-3.48,-3.58,-17.05,9.88,-9.12,-13.13
2026-08-14,IT Consulting & Software,SIDEWAYS,AVOID,-4.92,-3.68,-17.15,9.79,-9.5,-13.51
2026-08-14,Wealth & Asset Management,SIDEWAYS,BUY,4.08,-0.73,-14.2,12.74,16.37,12.36
2026-08-14,Rubber Chemicals,SIDEWAYS,AVOID,-8.06,0.24,-13.23,13.71,-18.94,-22.95
2026-08-14,Specialty Chemicals,SIDEWAYS,NEUTRAL,-0.59,-3.46,-16.92,10.01,2.65,-1.36
2026-08-14,Packaged Foods & FMCG Staples,SIDEWAYS,NEUTRAL,0.36,-3.79,-17.26,9.67,-3.02,-7.03
2026-08-14,Structural Steel Tubes & Pipes,SIDEWAYS,WATCH,8.05,1.88,-11.59,15.35,21.27,17.26
2026-08-14,Pharmaceuticals & Biotechnology,SIDEWAYS,NEUTRAL,-0.43,-3.18,-16.65,10.29,1.72,-2.29
2026-08-14,Zinc & Silver Mining,SIDEWAYS,REDUCE,5.09,1.78,-11.69,15.25,19.47,15.46
2026-08-14,Railways,SIDEWAYS,WATCH,4.75,-0.46,-13.93,13.0,10.72,6.71
2026-08-14,Pumps & Compressors,SIDEWAYS,WATCH,1.49,-1.25,-14.72,12.22,0.66,-3.35
2026-08-14,Logistics & Transportation,SIDEWAYS,NEUTRAL,-1.72,-1.78,-15.25,11.69,-0.72,-4.73
2026-08-14,Iron & Steel,SIDEWAYS,NEUTRAL,-1.74,-3.17,-16.64,10.3,2.19,-1.82
2026-08-14,Pipes & Tubes,SIDEWAYS,AVOID,-4.54,-3.59,-17.06,9.88,-5.76,-9.77
2026-08-14,Microfinance NBFC,SIDEWAYS,NEUTRAL,-1.56,4.33,-9.13,17.8,1.61,-2.4
2026-08-14,Commodity Chemicals,SIDEWAYS,WATCH,1.52,-3.27,-16.74,10.2,1.59,-2.42
2026-08-14,Tractors & Farm Equipment,SIDEWAYS,NEUTRAL,-0.61,-0.06,-13.53,13.4,1.76,-2.25
2026-08-14,Telecommunication,SIDEWAYS,AVOID,-5.51,-2.18,-15.64,11.29,-12.15,-16.16
2026-08-14,Batteries,SIDEWAYS,AVOID,-9.83,0.67,-12.8,14.14,-16.97,-20.98
2026-08-14,Batteries,SIDEWAYS,BUY,7.52,-0.32,-13.79,13.14,17.07,13.06
2026-08-14,Oil Exploration & Refining,SIDEWAYS,AVOID,-5.32,-3.59,-17.05,9.88,-9.18,-13.19
2026-08-14,Paper & Paper Products,SIDEWAYS,AVOID,-5.43,-2.69,-16.16,10.78,-8.38,-12.39
2026-08-14,Utilities,SIDEWAYS,AVOID,-6.46,-0.08,-13.55,13.38,-18.11,-22.12
2026-08-14,Textiles & Apparel,SIDEWAYS,AVOID,-6.78,-3.29,-16.76,10.18,-8.39,-12.4
2026-08-14,Consumer Services,SIDEWAYS,NEUTRAL,-2.84,-3.58,-17.05,9.88,-2.71,-6.72
2026-08-14,Electronic Manufacturing Services (EMS),SIDEWAYS,BUY,6.69,-1.82,-15.29,11.65,14.39,10.38
2026-08-14,Software Products & Digital Services,SIDEWAYS,NEUTRAL,-2.27,-3.46,-16.92,10.01,-1.97,-5.98
2026-08-14,Hospitals & Diagnostic Centres,SIDEWAYS,NEUTRAL,-1.83,-2.93,-16.39,10.54,-1.55,-5.56
2026-08-17,"Plywood, MDF & Laminates",SIDEWAYS,AVOID,-6.8,-2.3,-15.77,11.16,-9.4,-13.41
2026-08-17,Packaged Foods & Consumer Staples,SIDEWAYS,NEUTRAL,-2.35,-3.55,-17.01,9.92,-4.73,-8.74
2026-08-17,Packaged Foods & FMCG Staples,SIDEWAYS,AVOID,-5.06,-3.77,-17.23,9.7,-10.09,-14.1
2026-08-17,Packaging & Containers,SIDEWAYS,BUY,9.88,4.33,-9.13,17.8,22.48,18.47
2026-08-17,Affordable Housing Finance Company,SIDEWAYS,AVOID,-7.99,-0.04,-13.5,13.43,-17.09,-21.1
2026-08-17,Construction Materials,SIDEWAYS,REDUCE,5.05,2.21,-11.26,15.68,20.69,16.68
2026-08-17,Commodity Chemicals,SIDEWAYS,WATCH,0.07,-4.04,-17.51,9.43,0.14,-3.87
2026-08-17,Construction,SIDEWAYS,NEUTRAL,-1.81,-1.22,-14.68,12.25,-0.07,-4.08
2026-08-17,Civil Construction & Infrastructure EPC,SIDEWAYS,AVOID,-7.2,-0.9,-14.37,12.57,-13.48,-17.49
2026-08-17,Railway Financing,SIDEWAYS,AVOID,-6.91,1.08,-12.39,14.55,-16.27,-20.28
2026-08-17,Packaging Materials & Containers,SIDEWAYS,WATCH,4.98,0.01,-13.46,13.48,9.9,5.89
2026-08-17,Aerospace & Defence,SIDEWAYS,NEUTRAL,-1.07,-2.5,-15.97,10.96,6.62,2.61
2026-08-17,Wires & Cables,SIDEWAYS,NEUTRAL,0.21,-2.51,-15.98,10.96,4.1,0.09
2026-08-17,Pumps & Compressors,SIDEWAYS,NEUTRAL,-3.16,-1.04,-14.51,12.42,-4.26,-8.27
2026-08-17,Data Centers & Real Estate,SIDEWAYS,BUY,7.08,-0.25,-13.72,13.22,16.07,12.06
2026-08-17,Tea & Coffee,SIDEWAYS,WATCH,1.8,-3.47,-16.93,10.0,-0.2,-4.21
2026-08-17,Air Conditioners & Appliances,SIDEWAYS,AVOID,-7.98,0.13,-13.34,13.6,-18.15,-22.16
2026-08-17,Media & Entertainment,SIDEWAYS,AVOID,-4.04,-3.38,-16.85,10.09,-6.96,-10.97
2026-08-17,Ceramics & Tiles,SIDEWAYS,AVOID,-2.08,-3.0,-16.46,10.47,-6.8,-10.81
2026-08-17,Automobile and Auto Components,SIDEWAYS,NEUTRAL,-2.24,-0.67,-14.14,12.8,2.8,-1.21
2026-08-17,Civil Buildings & Commercial EPC,SIDEWAYS,AVOID,-2.48,-1.23,-14.7,12.24,-11.15,-15.16
2026-08-17,Gas Transmission & Distribution,SIDEWAYS,AVOID,-5.67,-3.33,-16.8,10.13,-11.99,-16.0
2026-08-17,Edible Oils,SIDEWAYS,AVOID,-4.69,-0.75,-14.22,12.72,-14.14,-18.15
2026-08-17,Plywood & Boards,SIDEWAYS,BUY,7.15,0.85,-12.62,14.32,18.92,14.91
2026-08-17,Diversified Commercial,SIDEWAYS,NEUTRAL,-1.5,-3.61,-17.08,9.85,-1.13,-5.14
2026-08-17,Iron & Steel,SIDEWAYS,NEUTRAL,-3.01,-2.68,-16.15,10.79,0.18,-3.83
2026-08-17,Software Products & Digital Services,SIDEWAYS,NEUTRAL,-2.52,-2.72,-16.19,10.75,-2.65,-6.66
2026-08-17,Batteries,SIDEWAYS,BUY,7.81,-0.32,-13.79,13.14,17.72,13.71
2026-08-17,Media Entertainment & Publication,SIDEWAYS,AVOID,-7.56,-0.06,-13.53,13.4,-9.06,-13.07
2026-08-17,Batteries,SIDEWAYS,AVOID,-10.02,1.13,-12.33,14.6,-17.4,-21.41
2026-08-17,Roads & Highways EPC,SIDEWAYS,AVOID,-10.12,0.07,-13.4,13.54,-19.71,-23.72
2026-08-17,Hotels & Restaurants,SIDEWAYS,AVOID,-6.71,-3.55,-17.02,9.92,-14.57,-18.58
2026-08-17,Railway Ticketing & Catering,SIDEWAYS,AVOID,-8.69,0.6,-12.87,14.07,-17.27,-21.28
2026-08-17,Chemicals,SIDEWAYS,AVOID,-7.84,-2.9,-16.37,10.57,-13.04,-17.05
2026-08-17,Copper & Non-Ferrous Metals,SIDEWAYS,BUY,10.36,0.13,-13.34,13.6,26.09,22.08
2026-08-17,Metals & Mining,SIDEWAYS,AVOID,-7.23,0.4,-13.07,13.86,-8.69,-12.7
2026-08-17,Automobile OEMs,SIDEWAYS,NEUTRAL,0.24,-2.37,-15.84,11.1,3.47,-0.54
2026-08-17,Gas Distribution,SIDEWAYS,AVOID,-8.47,-0.58,-14.05,12.89,-18.26,-22.27
2026-08-17,Microfinance NBFC,SIDEWAYS,AVOID,-11.78,4.04,-9.42,17.51,-21.43,-25.44
2026-08-17,Batteries & Energy Storage,SIDEWAYS,WATCH,1.41,4.22,-9.25,17.69,3.05,-0.96
2026-08-17,Project Management & Civil Construction,SIDEWAYS,AVOID,-7.51,-1.71,-15.17,11.76,-18.1,-22.11
2026-08-17,Civil Construction & Infrastructure,SIDEWAYS,AVOID,-4.74,-3.94,-17.41,9.53,-8.29,-12.3
2026-08-17,Water & Wastewater Treatment,SIDEWAYS,AVOID,-7.23,-0.89,-14.36,12.58,-16.44,-20.45
2026-08-17,Dairy Products,SIDEWAYS,AVOID,-3.01,-3.07,-16.54,10.4,-7.66,-11.67
2026-08-17,"Hotels, Resorts & QSR",SIDEWAYS,AVOID,-3.39,-3.61,-17.08,9.86,-6.5,-10.51
2026-08-17,Tractors & Farm Equipment,SIDEWAYS,WATCH,2.45,0.46,-13.0,13.93,5.0,0.99
2026-08-17,Power Generation & Distribution,SIDEWAYS,AVOID,-8.25,0.76,-12.7,14.23,-18.59,-22.6
2026-08-17,Textiles & Apparel,SIDEWAYS,AVOID,-4.92,-3.29,-16.76,10.18,-7.19,-11.2
2026-08-17,Cement,SIDEWAYS,AVOID,-6.79,-2.44,-15.9,11.03,-8.63,-12.64
2026-08-17,Zinc & Silver Mining,SIDEWAYS,REDUCE,5.5,1.76,-11.7,15.23,19.42,15.41
2026-08-17,Paper & Paper Products,SIDEWAYS,NEUTRAL,-3.41,-2.9,-16.37,10.57,-4.92,-8.93
2026-08-17,Cement & Clinker,SIDEWAYS,AVOID,-4.97,-3.83,-17.3,9.64,-11.52,-15.53
2026-08-17,Asset Management Company (AMC),SIDEWAYS,AVOID,-2.89,-4.1,-17.57,9.37,-6.62,-10.63
2026-08-17,Pharmaceuticals & Biotechnology,SIDEWAYS,NEUTRAL,-0.82,-3.28,-16.75,10.18,2.72,-1.29
2026-08-17,"Logistics, Ports & Supply Chain",SIDEWAYS,NEUTRAL,-3.45,-1.87,-15.34,11.59,-3.97,-7.98
2026-08-17,Hospitals & Diagnostic Centres,SIDEWAYS,NEUTRAL,-4.68,-2.06,-15.53,11.41,-3.43,-7.44
2026-08-17,Diversified Retail,SIDEWAYS,AVOID,-2.67,-2.9,-16.36,10.57,-7.13,-11.14
2026-08-17,Banks,SIDEWAYS,NEUTRAL,-2.85,-3.49,-16.96,9.98,-1.0,-5.01
2026-08-17,Paints & Coatings,SIDEWAYS,BUY,10.23,3.96,-9.51,17.42,23.42,19.41
2026-08-17,Logistics & Transportation,SIDEWAYS,NEUTRAL,-2.28,-3.16,-16.63,10.31,-4.05,-8.06
2026-08-17,Railways,SIDEWAYS,NEUTRAL,-1.33,-4.27,-17.73,9.2,-4.2,-8.21
2026-08-17,Power,SIDEWAYS,AVOID,-7.27,-2.59,-16.05,10.88,-11.09,-15.1
2026-08-17,Asset Management & Wealth,SIDEWAYS,AVOID,-9.67,0.6,-12.87,14.07,-16.58,-20.59
2026-08-17,Renewable Energy Financing NBFC,SIDEWAYS,AVOID,-8.62,-8.41,-21.88,5.05,-18.31,-22.32
2026-08-17,Copper Mining,SIDEWAYS,WATCH,12.34,7.4,-6.07,20.87,29.15,25.14
2026-08-17,Aluminium & Mining,SIDEWAYS,NEUTRAL,-3.61,-1.13,-14.59,12.34,0.24,-3.77
2026-08-17,Specialty Chemicals,SIDEWAYS,NEUTRAL,-1.99,-3.57,-17.04,9.9,-0.58,-4.59
2026-08-17,Residential & Commercial Real Estate,SIDEWAYS,NEUTRAL,1.12,-3.82,-17.29,9.64,-1.38,-5.39
2026-08-17,Utilities,SIDEWAYS,AVOID,-6.37,1.06,-12.41,14.53,-17.02,-21.03
2026-08-17,Telecommunication,SIDEWAYS,AVOID,-6.57,-2.18,-15.64,11.29,-13.13,-17.14
2026-08-17,Heavy Electrical Equipment,SIDEWAYS,WATCH,10.5,7.24,-6.22,20.71,24.94,20.93
2026-08-17,Railway Wagons & Equipment,SIDEWAYS,AVOID,-7.34,-0.68,-14.15,12.79,-17.52,-21.53
2026-08-17,Structural Steel Tubes & Pipes,SIDEWAYS,BUY,6.48,-0.32,-13.79,13.14,20.07,16.06
2026-08-17,Pharmaceuticals,SIDEWAYS,NEUTRAL,-0.79,-3.14,-16.61,10.33,2.38,-1.63
2026-08-17,Textiles,SIDEWAYS,NEUTRAL,-0.79,2.31,-11.16,15.78,8.94,4.93
2026-08-17,Healthcare,SIDEWAYS,NEUTRAL,-2.34,-1.28,-14.74,12.19,3.28,-0.73
2026-08-17,Travel Tech SaaS Solutions,SIDEWAYS,BUY,3.25,3.85,-9.62,17.31,14.89,10.88
2026-08-17,Pipes & Tubes,SIDEWAYS,AVOID,-4.93,-3.59,-17.06,9.88,-5.96,-9.97
2026-08-17,Plastic Pipes & Moulded Products,SIDEWAYS,AVOID,-7.28,-0.58,-14.05,12.89,-17.71,-21.72
2026-08-17,Transformers & T&D Equipment,SIDEWAYS,NEUTRAL,-0.58,-1.96,-15.43,11.51,4.6,0.59
2026-08-17,Lubricants & Specialty Oils,SIDEWAYS,WATCH,4.51,-1.67,-15.14,11.8,10.24,6.23
2026-08-17,Rubber Chemicals,SIDEWAYS,AVOID,-8.17,-0.08,-13.55,13.38,-18.88,-22.89
2026-08-17,Water & Wastewater Treatment,SIDEWAYS,AVOID,-6.03,-2.96,-16.42,10.51,-15.3,-19.31
2026-08-17,Hospitals & Healthcare Services,SIDEWAYS,STRONG BUY,5.46,0.02,-13.45,13.49,19.02,15.01
2026-08-17,Electronic Manufacturing Services (EMS),SIDEWAYS,AVOID,-10.03,1.72,-11.74,15.19,-17.41,-21.42
2026-08-17,Electronic Manufacturing Services (EMS),SIDEWAYS,AVOID,-10.71,0.99,-12.48,14.46,-19.26,-23.27
2026-08-17,Paints,SIDEWAYS,NEUTRAL,1.42,-1.58,-15.05,11.89,6.33,2.32
2026-08-17,Mining & Mineral Products,SIDEWAYS,NEUTRAL,-1.03,-1.61,-15.08,11.86,1.17,-2.84
2026-08-17,Electronic Manufacturing Services (EMS),SIDEWAYS,BUY,6.32,-1.75,-15.22,11.71,13.53,9.52
2026-08-17,Renewable Energy,SIDEWAYS,NEUTRAL,-0.17,-3.05,-16.52,10.41,-4.6,-8.61
2026-08-17,Non Banking Financial Company (NBFC),SIDEWAYS,NEUTRAL,-2.9,-4.07,-17.54,9.39,-4.67,-8.68
2026-08-17,Oil Gas & Consumable Fuels,SIDEWAYS,AVOID,-10.77,0.41,-13.05,13.88,-19.1,-23.11
2026-08-17,Agrochemicals & Pesticides,SIDEWAYS,AVOID,-8.02,-0.58,-14.05,12.89,-18.04,-22.05
2026-08-17,Auto Parts & Equipment,SIDEWAYS,NEUTRAL,0.91,-2.03,-15.5,11.44,8.15,4.14
2026-08-17,Fast Moving Consumer Goods,SIDEWAYS,NEUTRAL,-0.79,-3.47,-16.93,10.0,-3.23,-7.24
2026-08-17,Stockbroking & Financial Products,SIDEWAYS,AVOID,-2.89,-3.29,-16.75,10.18,-7.2,-11.21
2026-08-17,Diagnostic & Healthcare Laboratories,SIDEWAYS,AVOID,-7.1,-0.79,-14.26,12.68,-14.93,-18.94
2026-08-17,Ship Building & Defence,SIDEWAYS,AVOID,-3.9,-0.9,-14.37,12.57,-7.37,-11.38
2026-08-17,Railway Infrastructure & Consulting,SIDEWAYS,AVOID,-8.3,-0.96,-14.43,12.5,-17.55,-21.56
2026-08-17,Breweries & Distilleries,SIDEWAYS,NEUTRAL,-3.44,-1.94,-15.41,11.53,-1.75,-5.76
2026-08-17,IT Consulting & Software,SIDEWAYS,AVOID,-4.63,-3.91,-17.38,9.56,-10.16,-14.17
2026-08-17,Power Generation & Utilities,SIDEWAYS,AVOID,-7.24,-3.59,-17.06,9.88,-14.65,-18.66
2026-08-17,Insurance,SIDEWAYS,AVOID,-4.59,-3.75,-17.22,9.71,-9.23,-13.24
2026-08-17,Information Technology,SIDEWAYS,WATCH,0.98,-1.95,-15.42,11.52,2.52,-1.49
2026-08-17,"Textiles, Yarns & Apparel",SIDEWAYS,NEUTRAL,-4.32,-2.63,-16.09,10.84,-5.22,-9.23
2026-08-17,Consumer Durables,SIDEWAYS,NEUTRAL,-2.79,-2.51,-15.98,10.96,-1.17,-5.18
2026-08-17,Oil Exploration & Refining,SIDEWAYS,AVOID,-5.53,-3.38,-16.84,10.09,-9.91,-13.92
2026-08-17,Services,SIDEWAYS,NEUTRAL,-2.66,-3.37,-16.84,10.1,-4.46,-8.47
2026-08-17,Capital Goods,SIDEWAYS,WATCH,2.1,-1.89,-15.36,11.58,6.84,2.83
2026-08-17,Telecom Services & Infrastructure,SIDEWAYS,NEUTRAL,-2.7,-3.7,-17.17,9.77,-3.85,-7.86
2026-08-17,Auto Lighting,SIDEWAYS,NEUTRAL,-3.21,4.33,-9.13,17.8,3.61,-0.4
2026-08-17,Fertilizers,SIDEWAYS,AVOID,-7.34,-4.49,-17.96,8.98,-16.72,-20.73
2026-08-17,Semiconductors & Electronic Components,SIDEWAYS,NEUTRAL,-1.53,8.05,-5.42,21.52,-3.51,-7.52
2026-08-17,API & CDMO / CRAMS,SIDEWAYS,NEUTRAL,0.63,-0.88,-14.34,12.59,4.08,0.07
2026-08-17,Passenger Cars & Utility Vehicles,SIDEWAYS,AVOID,-9.03,-0.03,-13.5,13.44,-12.43,-16.44
2026-08-17,Steel Manufacturing & Mining,SIDEWAYS,BUY,5.37,1.09,-12.38,14.56,18.19,14.18
2026-08-17,Internet & Digital Platforms,SIDEWAYS,AVOID,-4.18,-1.92,-15.39,11.55,-5.49,-9.5
2026-08-17,Footwear,SIDEWAYS,AVOID,-8.21,0.54,-12.93,14.01,-17.58,-21.59
2026-08-17,Auto Glass,SIDEWAYS,BUY,7.38,-0.01,-13.48,13.46,18.9,14.89
2026-08-17,Capital Markets & Asset Management,SIDEWAYS,NEUTRAL,-2.29,-2.17,-15.64,11.3,-4.97,-8.98
2026-08-17,Superalloys & Special Metals,SIDEWAYS,BUY,6.4,4.29,-9.18,17.75,19.86,15.85
2026-08-17,Financial Services,SIDEWAYS,AVOID,-4.57,-3.52,-16.99,9.95,-6.76,-10.77
2026-08-17,Saw Pipes & Ductile Iron Pipes,SIDEWAYS,BUY,2.84,0.62,-12.85,14.08,15.18,11.17
2026-08-17,Railway Telecom,SIDEWAYS,AVOID,-8.41,-1.06,-14.53,12.41,-18.89,-22.9
2026-08-17,Railway Infrastructure,SIDEWAYS,AVOID,-7.87,-1.18,-14.64,12.29,-17.72,-21.73
2026-08-17,Explosives & Defence Chemicals,SIDEWAYS,BUY,8.62,0.68,-12.79,14.15,19.59,15.58
2026-08-17,Wealth & Asset Management,SIDEWAYS,BUY,6.95,-0.37,-13.84,13.1,19.17,15.16
2026-08-17,Realty,SIDEWAYS,AVOID,-6.78,2.29,-11.18,15.75,-14.85,-18.86
2026-08-17,Diversified & Fashion Retail,SIDEWAYS,AVOID,-7.98,-3.24,-16.71,10.22,-13.33,-17.34
2026-08-17,Tyres & Rubber Products,SIDEWAYS,NEUTRAL,-2.4,-2.17,-15.64,11.3,-2.91,-6.92
2026-08-17,Air Conditioners & AC Components,SIDEWAYS,NEUTRAL,-0.22,-3.07,-16.54,10.4,-4.71,-8.72
2026-08-17,Air Conditioners & AC Components,SIDEWAYS,AVOID,-10.8,0.36,-13.1,13.83,-19.19,-23.2
2026-08-17,Fertilizers & Agrochemicals,SIDEWAYS,AVOID,-3.04,-3.56,-17.03,9.91,-9.55,-13.56
2026-08-17,Bearings & Friction Solutions,SIDEWAYS,WATCH,0.21,-3.05,-16.52,10.41,1.41,-2.6
2026-08-17,Sugar & Bio-Ethanol,SIDEWAYS,WATCH,3.2,0.82,-12.65,14.28,8.69,4.68
2026-08-17,Plastic Pipes & Fittings,SIDEWAYS,NEUTRAL,-2.8,-2.77,-16.24,10.7,-4.83,-8.84
2026-08-17,Renewable Energy - Solar & Wind,SIDEWAYS,AVOID,-7.61,-2.96,-16.43,10.51,-15.62,-19.63
2026-08-17,Housing & Urban Infrastructure Financing,SIDEWAYS,AVOID,-7.51,-0.68,-14.15,12.79,-17.77,-21.78
2026-08-17,Power Sector Financing NBFC,SIDEWAYS,AVOID,-10.71,0.92,-12.55,14.39,-18.97,-22.98
2026-08-17,Consumer Services,SIDEWAYS,NEUTRAL,-1.22,-3.58,-17.05,9.88,-0.69,-4.7
2026-08-18,Cement & Clinker,SIDEWAYS,AVOID,-7.56,-4.7,-18.17,8.77,-14.41,-18.42
2026-08-18,Renewable Energy,SIDEWAYS,AVOID,-6.47,-3.03,-16.5,10.44,-14.61,-18.62
2026-08-18,Packaging & Containers,SIDEWAYS,BUY,5.58,3.87,-9.6,17.34,19.57,15.56
2026-08-18,IT Consulting & Software,SIDEWAYS,AVOID,-6.72,-4.39,-17.86,9.08,-12.79,-16.8
2026-08-18,Diversified Commercial,SIDEWAYS,NEUTRAL,-2.49,-3.61,-17.08,9.85,-2.48,-6.49
2026-08-18,Textiles,SIDEWAYS,BUY,8.44,4.25,-9.22,17.72,22.07,18.06
2026-08-18,Diagnostic & Healthcare Laboratories,SIDEWAYS,AVOID,-6.11,-1.02,-14.48,12.45,-14.1,-18.11
2026-08-18,Auto Parts & Equipment,SIDEWAYS,NEUTRAL,1.7,-1.94,-15.4,11.53,9.97,5.96
2026-08-18,Travel Tech SaaS Solutions,SIDEWAYS,BUY,6.8,4.33,-9.13,17.8,15.4,11.39
2026-08-18,"Hotels, Resorts & QSR",SIDEWAYS,AVOID,-3.86,-3.48,-16.95,9.98,-5.94,-9.95
2026-08-18,Automobile and Auto Components,SIDEWAYS,NEUTRAL,-0.21,-0.81,-14.28,12.66,4.95,0.94
2026-08-18,Renewable Energy - Solar & Wind,SIDEWAYS,AVOID,-9.96,-3.11,-16.58,10.36,-16.72,-20.73
2026-08-18,Hotels & Restaurants,SIDEWAYS,AVOID,-5.42,-3.69,-17.16,9.78,-12.28,-16.29
2026-08-18,Automobile OEMs,SIDEWAYS,NEUTRAL,-2.64,-1.78,-15.25,11.68,0.17,-3.84
2026-08-18,Diversified & Fashion Retail,SIDEWAYS,AVOID,-6.27,-3.07,-16.54,10.39,-13.43,-17.44
2026-08-18,Steel Manufacturing & Mining,SIDEWAYS,BUY,5.04,-0.2,-13.67,13.27,17.17,13.16
2026-08-18,Renewable Energy Financing NBFC,SIDEWAYS,AVOID,-8.59,-8.38,-21.85,5.09,-18.84,-22.85
2026-08-18,Housing & Urban Infrastructure Financing,SIDEWAYS,AVOID,-8.67,-0.68,-14.15,12.79,-19.47,-23.48
2026-08-18,Roads & Highways EPC,SIDEWAYS,AVOID,-8.99,-4.6,-18.07,8.87,-19.52,-23.53
2026-08-18,Paper & Paper Products,SIDEWAYS,AVOID,-4.37,-2.75,-16.21,10.72,-6.6,-10.61
2026-08-18,Footwear,SIDEWAYS,AVOID,-10.31,4.87,-8.6,18.34,-19.83,-23.84
2026-08-18,Capital Markets & Asset Management,SIDEWAYS,AVOID,-2.22,-1.97,-15.43,11.5,-5.31,-9.32
2026-08-18,Financial Services,SIDEWAYS,AVOID,-3.48,-3.23,-16.69,10.24,-5.77,-9.78
2026-08-18,Saw Pipes & Ductile Iron Pipes,SIDEWAYS,BUY,4.11,-0.3,-13.76,13.17,15.81,11.8
2026-08-18,Semiconductors & Electronic Components,SIDEWAYS,AVOID,-6.93,8.07,-5.4,21.54,-15.88,-19.89
2026-08-18,Fertilizers & Agrochemicals,SIDEWAYS,AVOID,-5.77,-3.34,-16.81,10.13,-12.6,-16.61
2026-08-18,Bearings & Friction Solutions,SIDEWAYS,NEUTRAL,-2.19,-1.38,-14.85,12.09,-0.53,-4.54
2026-08-18,Packaging Materials & Containers,SIDEWAYS,WATCH,2.41,-2.11,-15.58,11.36,6.56,2.55
2026-08-18,Power Sector Financing NBFC,SIDEWAYS,AVOID,-9.22,1.03,-12.44,14.49,-18.97,-22.98
2026-08-18,Fertilizers,SIDEWAYS,AVOID,-5.58,-4.64,-18.11,8.83,-14.86,-18.87
2026-08-18,Electronic Manufacturing Services (EMS),SIDEWAYS,AVOID,-9.97,1.63,-11.84,15.1,-17.28,-21.29
2026-08-18,Electronic Manufacturing Services (EMS),SIDEWAYS,AVOID,-5.24,-0.86,-14.33,12.61,-12.27,-16.28
2026-08-18,Electronic Manufacturing Services (EMS),SIDEWAYS,WATCH,5.0,0.12,-13.35,13.59,9.74,5.73
2026-08-18,Tea & Coffee,SIDEWAYS,AVOID,-3.56,-3.39,-16.86,10.07,-9.13,-13.14
2026-08-18,Pumps & Compressors,SIDEWAYS,AVOID,-6.4,1.83,-11.63,15.3,-10.07,-14.08
2026-08-18,Ship Building & Defence,SIDEWAYS,WATCH,1.75,-0.63,-14.1,12.84,2.04,-1.97
2026-08-18,Breweries & Distilleries,SIDEWAYS,NEUTRAL,-2.29,-1.78,-15.25,11.68,-0.08,-4.09
2026-08-18,"Textiles, Yarns & Apparel",SIDEWAYS,NEUTRAL,-1.77,-2.79,-16.26,10.68,-4.33,-8.34
2026-08-18,Services,SIDEWAYS,AVOID,-3.61,-3.78,-17.25,9.69,-5.84,-9.85
2026-08-18,Capital Goods,SIDEWAYS,WATCH,2.53,-1.87,-15.33,11.6,6.06,2.05
2026-08-18,Fast Moving Consumer Goods,SIDEWAYS,NEUTRAL,-0.59,-3.39,-16.86,10.07,-3.19,-7.2
2026-08-18,Plastic Pipes & Fittings,SIDEWAYS,WATCH,1.79,-1.34,-14.81,12.13,2.13,-1.88
2026-08-18,Explosives & Defence Chemicals,SIDEWAYS,BUY,8.23,0.44,-13.02,13.91,18.68,14.67
2026-08-18,Passenger Cars & Utility Vehicles,SIDEWAYS,AVOID,-8.87,0.36,-13.1,13.83,-12.06,-16.07
2026-08-18,Hospitals & Healthcare Services,SIDEWAYS,NEUTRAL,-3.12,0.02,-13.45,13.49,3.81,-0.2
2026-08-18,Textiles & Apparel,SIDEWAYS,AVOID,-5.48,-3.17,-16.63,10.3,-8.22,-12.23
2026-08-18,Tractors & Farm Equipment,SIDEWAYS,NEUTRAL,0.34,-0.06,-13.53,13.4,2.45,-1.56
2026-08-18,Hospitals & Diagnostic Centres,SIDEWAYS,NEUTRAL,-3.0,-3.57,-17.04,9.9,-2.65,-6.66
2026-08-18,Banks,SIDEWAYS,NEUTRAL,-1.76,-3.49,-16.96,9.98,-0.65,-4.66
2026-08-18,Diversified Retail,SIDEWAYS,NEUTRAL,-2.24,-2.82,-16.29,10.64,-4.05,-8.06
2026-08-18,Power,SIDEWAYS,AVOID,-8.94,-0.58,-14.05,12.88,-15.26,-19.27
2026-08-18,Pharmaceuticals,SIDEWAYS,NEUTRAL,-2.41,-3.44,-16.91,10.03,1.86,-2.15
2026-08-18,Specialty Chemicals,SIDEWAYS,NEUTRAL,-2.94,-3.57,-17.04,9.9,-1.68,-5.69
2026-08-18,Residential & Commercial Real Estate,SIDEWAYS,AVOID,-6.54,-3.52,-16.98,9.95,-9.26,-13.27
2026-08-18,Wires & Cables,SIDEWAYS,NEUTRAL,-1.57,-2.51,-15.98,10.96,3.28,-0.73
2026-08-18,Heavy Electrical Equipment,SIDEWAYS,WATCH,8.57,6.71,-6.76,20.18,23.45,19.44
2026-08-18,Healthcare,SIDEWAYS,NEUTRAL,-1.76,-0.89,-14.36,12.58,4.78,0.77
2026-08-18,"Plywood, MDF & Laminates",SIDEWAYS,AVOID,-5.31,-2.85,-16.32,10.62,-10.24,-14.25
2026-08-18,Aerospace & Defence,SIDEWAYS,NEUTRAL,3.29,-1.01,-14.48,12.46,11.08,7.07
2026-08-18,Transformers & T&D Equipment,SIDEWAYS,NEUTRAL,-1.1,-1.83,-15.3,11.64,4.07,0.06
2026-08-18,Cement,SIDEWAYS,AVOID,-7.67,-2.61,-16.07,10.86,-11.75,-15.76
2026-08-18,Gas Transmission & Distribution,SIDEWAYS,AVOID,-5.32,-3.6,-17.07,9.87,-11.61,-15.62
2026-08-18,Edible Oils,SIDEWAYS,AVOID,-5.33,-0.75,-14.21,12.72,-14.9,-18.91
2026-08-18,Software Products & Digital Services,SIDEWAYS,NEUTRAL,-2.27,-3.02,-16.49,10.45,-2.58,-6.59
2026-08-18,Batteries,SIDEWAYS,BUY,6.95,0.28,-13.19,13.75,15.75,11.74
2026-08-18,Batteries,SIDEWAYS,AVOID,-10.34,0.6,-12.87,14.07,-18.14,-22.15
2026-08-18,Power Generation & Distribution,SIDEWAYS,AVOID,-8.22,0.67,-12.8,14.13,-18.28,-22.29
2026-08-18,Commodity Chemicals,SIDEWAYS,NEUTRAL,-1.74,-3.55,-17.01,9.92,-2.68,-6.69
2026-08-18,Gas Distribution,SIDEWAYS,AVOID,-10.13,0.6,-12.86,14.07,-17.66,-21.67
2026-08-18,Batteries & Energy Storage,SIDEWAYS,NEUTRAL,-3.45,4.33,-9.13,17.8,3.07,-0.94
2026-08-18,Rubber Chemicals,SIDEWAYS,AVOID,-8.41,0.04,-13.43,13.51,-19.17,-23.18
2026-08-18,Tyres & Rubber Products,SIDEWAYS,NEUTRAL,-3.96,-2.14,-15.61,11.33,-4.91,-8.92
2026-08-18,Superalloys & Special Metals,SIDEWAYS,BUY,6.21,3.87,-9.6,17.34,18.43,14.42
2026-08-18,Ceramics & Tiles,SIDEWAYS,AVOID,-7.92,-0.78,-14.25,12.69,-11.99,-16.0
2026-08-18,Lubricants & Specialty Oils,SIDEWAYS,WATCH,3.0,-1.67,-15.14,11.8,9.49,5.48
2026-08-18,Aluminium & Mining,SIDEWAYS,NEUTRAL,-4.69,-1.48,-14.95,11.99,-2.23,-6.24
2026-08-18,Air Conditioners & AC Components,SIDEWAYS,AVOID,-9.39,1.73,-11.73,15.2,-17.63,-21.64
2026-08-18,Civil Construction & Infrastructure,SIDEWAYS,AVOID,-5.09,-3.97,-17.43,9.5,-10.32,-14.33
2026-08-18,Sugar & Bio-Ethanol,SIDEWAYS,WATCH,5.32,-3.16,-16.63,10.31,9.82,5.81
2026-08-18,Asset Management & Wealth,SIDEWAYS,AVOID,-7.21,-1.1,-14.57,12.37,-17.54,-21.55
2026-08-18,Pharmaceuticals & Biotechnology,SIDEWAYS,NEUTRAL,-2.61,-3.28,-16.75,10.18,0.65,-3.36
2026-08-18,Paints & Coatings,SIDEWAYS,BUY,8.38,4.33,-9.13,17.8,23.58,19.57
2026-08-18,Air Conditioners & AC Components,SIDEWAYS,AVOID,-3.45,-2.03,-15.5,11.43,-12.12,-16.13
2026-08-18,"Logistics, Ports & Supply Chain",SIDEWAYS,NEUTRAL,-1.43,-1.9,-15.37,11.57,-1.69,-5.7
2026-08-18,Asset Management Company (AMC),SIDEWAYS,AVOID,-3.08,-3.7,-17.17,9.77,-6.2,-10.21
2026-08-18,Dairy Products,SIDEWAYS,NEUTRAL,0.14,-2.63,-16.09,10.84,-4.17,-8.18
2026-08-18,Telecom Services & Infrastructure,SIDEWAYS,AVOID,-3.75,-3.28,-16.75,10.19,-6.92,-10.93
2026-08-18,Paints,SIDEWAYS,NEUTRAL,-1.9,-2.59,-16.06,10.88,0.09,-3.92
2026-08-18,Logistics & Transportation,SIDEWAYS,NEUTRAL,-3.23,-3.01,-16.48,10.46,-3.89,-7.9
2026-08-18,Mining & Mineral Products,SIDEWAYS,AVOID,-5.44,-2.22,-15.69,11.25,-6.23,-10.24
2026-08-18,Railways,SIDEWAYS,NEUTRAL,-2.12,-3.77,-17.24,9.7,-4.77,-8.78
2026-08-18,Non Banking Financial Company (NBFC),SIDEWAYS,WATCH,1.47,-3.73,-17.2,9.74,2.28,-1.73
2026-08-18,Metals & Mining,SIDEWAYS,NEUTRAL,-3.3,-0.79,-14.26,12.68,-1.83,-5.84
2026-08-18,Utilities,SIDEWAYS,AVOID,-7.26,0.24,-13.22,13.71,-18.48,-22.49
2026-08-18,Railway Financing,SIDEWAYS,AVOID,-7.57,-1.47,-14.94,12.0,-17.42,-21.43
2026-08-18,Railway Wagons & Equipment,SIDEWAYS,AVOID,-6.45,-3.14,-16.61,10.32,-11.22,-15.23
2026-08-18,Microfinance NBFC,SIDEWAYS,AVOID,-11.64,3.3,-10.17,16.77,-21.1,-25.11
2026-08-18,Railway Ticketing & Catering,SIDEWAYS,AVOID,-8.26,-0.58,-14.05,12.89,-17.53,-21.54
2026-08-18,Water & Wastewater Treatment,SIDEWAYS,AVOID,-5.83,-0.96,-14.43,12.51,-14.53,-18.54
2026-08-18,Media Entertainment & Publication,SIDEWAYS,WATCH,1.86,-0.43,-13.9,13.04,3.51,-0.5
2026-08-18,Water & Wastewater Treatment,SIDEWAYS,AVOID,-6.9,-2.43,-15.9,11.04,-12.11,-16.12
2026-08-18,Zinc & Silver Mining,SIDEWAYS,NEUTRAL,-3.05,-0.21,-13.68,13.26,3.98,-0.03
2026-08-18,Packaged Foods & Consumer Staples,SIDEWAYS,NEUTRAL,-2.88,-3.19,-16.66,10.28,-5.49,-9.5
2026-08-18,Plywood & Boards,SIDEWAYS,BUY,4.68,-0.32,-13.79,13.15,16.82,12.81
2026-08-18,Railway Telecom,SIDEWAYS,AVOID,-8.34,-1.14,-14.61,12.32,-18.8,-22.81
2026-08-18,Civil Buildings & Commercial EPC,SIDEWAYS,AVOID,-5.13,0.66,-12.8,14.13,-14.31,-18.32
2026-08-18,Media & Entertainment,SIDEWAYS,AVOID,-5.09,-3.54,-17.01,9.92,-8.23,-12.24
2026-08-18,Air Conditioners & Appliances,SIDEWAYS,AVOID,-7.72,-0.07,-13.54,13.4,-18.05,-22.06
2026-08-18,Copper Mining,SIDEWAYS,WATCH,9.13,6.66,-6.81,20.13,23.29,19.28
2026-08-18,Plastic Pipes & Moulded Products,SIDEWAYS,AVOID,-8.21,-1.1,-14.57,12.37,-18.87,-22.88
2026-08-18,Civil Construction & Infrastructure EPC,SIDEWAYS,AVOID,-6.61,-2.4,-15.87,11.07,-13.47,-17.48
2026-08-18,API & CDMO / CRAMS,SIDEWAYS,NEUTRAL,0.66,-0.84,-14.31,12.63,4.87,0.86
2026-08-18,Packaged Foods & FMCG Staples,SIDEWAYS,AVOID,-5.66,-3.65,-17.12,9.81,-11.57,-15.58
2026-08-18,Structural Steel Tubes & Pipes,SIDEWAYS,NEUTRAL,6.37,1.88,-11.59,15.35,20.44,16.43
2026-08-18,Construction Materials,SIDEWAYS,NEUTRAL,7.27,1.03,-12.44,14.5,20.97,16.96
2026-08-18,Telecommunication,SIDEWAYS,AVOID,-6.05,-2.25,-15.72,11.22,-13.17,-17.18
2026-08-18,Consumer Services,SIDEWAYS,NEUTRAL,-2.3,-3.58,-17.05,9.88,-3.71,-7.72
2026-08-18,Pipes & Tubes,SIDEWAYS,AVOID,-4.11,-3.59,-17.06,9.88,-5.33,-9.34
2026-08-18,Internet & Digital Platforms,SIDEWAYS,AVOID,-5.75,-1.23,-14.69,12.24,-5.15,-9.16
2026-08-18,Construction,SIDEWAYS,NEUTRAL,-1.93,-0.47,-13.93,13.0,0.11,-3.9
2026-08-18,Auto Glass,SIDEWAYS,BUY,11.3,1.03,-12.44,14.5,25.72,21.71
2026-08-18,Consumer Durables,SIDEWAYS,NEUTRAL,-0.78,-2.89,-16.36,10.58,1.19,-2.82
2026-08-18,Oil Exploration & Refining,SIDEWAYS,AVOID,-7.04,-2.52,-15.99,10.95,-9.99,-14.0
2026-08-18,Realty,SIDEWAYS,AVOID,-8.74,1.42,-12.05,14.89,-16.68,-20.69
2026-08-18,Data Centers & Real Estate,SIDEWAYS,BUY,4.27,-0.25,-13.72,13.22,15.81,11.8
2026-08-18,Wealth & Asset Management,SIDEWAYS,BUY,5.18,-0.43,-13.9,13.04,16.99,12.98
2026-08-18,Auto Lighting,SIDEWAYS,NEUTRAL,-3.52,4.33,-9.13,17.8,2.9,-1.11
2026-08-18,Agrochemicals & Pesticides,SIDEWAYS,AVOID,-7.61,-0.68,-14.15,12.79,-17.23,-21.24
2026-08-18,Stockbroking & Financial Products,SIDEWAYS,AVOID,-3.83,-3.18,-16.65,10.29,-7.83,-11.84
2026-08-18,Oil Gas & Consumable Fuels,SIDEWAYS,NEUTRAL,-2.25,2.86,-10.61,16.33,1.48,-2.53
2026-08-18,Insurance,SIDEWAYS,AVOID,-5.2,-3.75,-17.22,9.71,-9.62,-13.63
2026-08-18,Information Technology,SIDEWAYS,WATCH,1.34,-2.57,-16.04,10.89,1.51,-2.5
2026-08-18,Railway Infrastructure,SIDEWAYS,AVOID,-8.54,-1.14,-14.61,12.32,-17.75,-21.76
2026-08-18,Power Generation & Utilities,SIDEWAYS,AVOID,-6.67,-4.85,-18.32,8.62,-14.15,-18.16
2026-08-18,Project Management & Civil Construction,SIDEWAYS,AVOID,-8.39,-1.14,-14.61,12.32,-18.43,-22.44
2026-08-18,Copper & Non-Ferrous Metals,SIDEWAYS,NEUTRAL,7.57,2.08,-11.38,15.55,22.02,18.01
2026-08-18,Iron & Steel,SIDEWAYS,NEUTRAL,-3.71,-3.53,-17.0,9.93,-2.0,-6.01
2026-08-18,Affordable Housing Finance Company,SIDEWAYS,AVOID,-10.9,0.65,-12.81,14.12,-20.12,-24.13
2026-08-18,Railway Infrastructure & Consulting,SIDEWAYS,AVOID,-8.46,-0.79,-14.26,12.68,-18.27,-22.28
2026-08-18,Chemicals,SIDEWAYS,AVOID,-7.93,-3.18,-16.65,10.29,-13.91,-17.92
2026-08-19,Power Sector Financing NBFC,WEAK_BEAR,AVOID,-7.63,-0.34,-13.81,13.13,-15.69,-10.02
2026-08-19,Passenger Cars & Utility Vehicles,WEAK_BEAR,AVOID,-7.3,-2.02,-15.49,11.45,-10.0,-4.33
2026-08-19,Wealth & Asset Management,WEAK_BEAR,STRONG BUY,4.67,0.35,-13.12,13.82,15.06,20.73
2026-08-19,Construction Materials,WEAK_BEAR,REDUCE,2.85,-2.95,-16.42,10.52,15.43,21.1
2026-08-19,Fast Moving Consumer Goods,WEAK_BEAR,AVOID,-2.38,-3.77,-17.23,9.7,-5.51,0.16
2026-08-19,Agrochemicals & Pesticides,WEAK_BEAR,AVOID,-2.4,-1.48,-14.95,11.99,-9.74,-4.07
2026-08-19,Mining & Mineral Products,WEAK_BEAR,AVOID,-5.12,-2.69,-16.16,10.78,-5.41,0.26
2026-08-19,Textiles & Apparel,WEAK_BEAR,AVOID,-5.58,-3.6,-17.07,9.87,-7.81,-2.14
2026-08-19,Water & Wastewater Treatment,WEAK_BEAR,NEUTRAL,0.13,-2.45,-15.91,11.02,-3.21,2.46
2026-08-19,Plastic Pipes & Fittings,WEAK_BEAR,NEUTRAL,-2.54,-3.23,-16.69,10.24,-4.41,1.26
2026-08-19,Rubber Chemicals,WEAK_BEAR,AVOID,-6.85,-0.48,-13.95,12.99,-15.49,-9.82
2026-08-19,Water & Wastewater Treatment,WEAK_BEAR,AVOID,-3.57,-1.32,-14.79,12.14,-10.35,-4.68
2026-08-19,Pumps & Compressors,WEAK_BEAR,AVOID,-2.58,-1.84,-15.31,11.63,-5.43,0.24
2026-08-19,Packaged Foods & Consumer Staples,WEAK_BEAR,NEUTRAL,-2.79,-3.52,-16.99,9.95,-4.57,1.1
2026-08-19,Non Banking Financial Company (NBFC),WEAK_BEAR,AVOID,-3.59,-4.35,-17.82,9.11,-5.1,0.57
2026-08-19,Oil Gas & Consumable Fuels,WEAK_BEAR,AVOID,-9.67,0.59,-12.88,14.06,-17.53,-11.86
2026-08-19,Explosives & Defence Chemicals,WEAK_BEAR,BUY,6.49,-0.55,-14.02,12.92,14.73,20.4
2026-08-19,Railway Infrastructure,WEAK_BEAR,AVOID,-6.38,-1.33,-14.79,12.14,-13.87,-8.2
2026-08-19,Tractors & Farm Equipment,WEAK_BEAR,WATCH,1.05,-1.04,-14.51,12.43,2.67,8.34
2026-08-19,Batteries & Energy Storage,WEAK_BEAR,NEUTRAL,-3.02,-0.54,-14.01,12.93,2.22,7.89
2026-08-19,Microfinance NBFC,WEAK_BEAR,AVOID,-9.58,-0.12,-13.58,13.35,-17.32,-11.65
2026-08-19,Electronic Manufacturing Services (EMS),WEAK_BEAR,AVOID,-8.2,-0.33,-13.8,13.14,-14.14,-8.47
2026-08-19,Tea & Coffee,WEAK_BEAR,WATCH,1.23,-3.2,-16.67,10.27,0.35,6.02
2026-08-19,Metals & Mining,WEAK_BEAR,AVOID,-4.29,-1.59,-15.06,11.88,-6.41,-0.74
2026-08-19,Footwear,WEAK_BEAR,AVOID,-6.67,-0.47,-13.94,13.0,-15.98,-10.31
2026-08-19,Electronic Manufacturing Services (EMS),WEAK_BEAR,AVOID,-6.81,-1.25,-14.72,12.21,-15.13,-9.46
2026-08-19,Electronic Manufacturing Services (EMS),WEAK_BEAR,BUY,5.29,-2.55,-16.02,10.92,11.33,17.0
2026-08-19,Consumer Services,WEAK_BEAR,NEUTRAL,-1.84,-4.26,-17.73,9.21,-3.24,2.43
2026-08-19,Power Generation & Utilities,WEAK_BEAR,AVOID,-6.41,-2.22,-15.69,11.25,-13.93,-8.26
2026-08-19,Affordable Housing Finance Company,WEAK_BEAR,AVOID,-6.46,-0.59,-14.06,12.88,-14.95,-9.28
2026-08-19,Bearings & Friction Solutions,WEAK_BEAR,WATCH,2.36,-1.41,-14.88,12.05,5.64,11.31
2026-08-19,Packaging Materials & Containers,WEAK_BEAR,NEUTRAL,-1.26,-2.4,-15.87,11.07,4.2,9.87
2026-08-19,Sugar & Bio-Ethanol,WEAK_BEAR,BUY,6.27,-0.18,-13.64,13.29,13.06,18.73
2026-08-19,Fertilizers,WEAK_BEAR,AVOID,-5.36,-2.7,-16.17,10.77,-13.51,-7.84
2026-08-19,Breweries & Distilleries,WEAK_BEAR,NEUTRAL,-2.86,-1.72,-15.19,11.75,-0.97,4.7
2026-08-19,Civil Construction & Infrastructure,WEAK_BEAR,AVOID,-5.49,-3.46,-16.92,10.01,-8.99,-3.32
2026-08-19,"Textiles, Yarns & Apparel",WEAK_BEAR,AVOID,-3.55,-2.91,-16.38,10.55,-6.35,-0.68
2026-08-19,Consumer Durables,WEAK_BEAR,NEUTRAL,-1.77,-3.0,-16.47,10.47,-1.2,4.47
2026-08-19,Fertilizers & Agrochemicals,WEAK_BEAR,AVOID,-3.8,-3.78,-17.24,9.69,-10.09,-4.42
2026-08-19,Telecom Services & Infrastructure,WEAK_BEAR,AVOID,-5.54,-3.07,-16.54,10.4,-8.47,-2.8
2026-08-19,Semiconductors & Electronic Components,WEAK_BEAR,AVOID,-5.78,10.3,-3.17,23.76,-13.24,-7.57
2026-08-19,Air Conditioners & AC Components,WEAK_BEAR,AVOID,-9.11,-0.09,-13.56,13.38,-16.24,-10.57
2026-08-19,Ship Building & Defence,WEAK_BEAR,NEUTRAL,-0.18,-1.37,-14.84,12.1,-0.97,4.7
2026-08-19,Saw Pipes & Ductile Iron Pipes,WEAK_BEAR,BUY,4.36,-0.42,-13.89,13.05,14.35,20.02
2026-08-19,Railway Infrastructure & Consulting,WEAK_BEAR,AVOID,-6.26,-1.17,-14.64,12.3,-14.39,-8.72
2026-08-19,Oil Exploration & Refining,WEAK_BEAR,AVOID,-4.99,-2.4,-15.87,11.07,-8.57,-2.9
2026-08-19,Paints,WEAK_BEAR,NEUTRAL,-2.43,-1.64,-15.11,11.83,0.03,5.7
2026-08-19,Services,WEAK_BEAR,NEUTRAL,-2.33,-3.68,-17.15,9.79,-3.56,2.11
2026-08-19,Railway Telecom,WEAK_BEAR,AVOID,-1.45,-1.05,-14.52,12.42,-7.97,-2.3
2026-08-19,Financial Services,WEAK_BEAR,AVOID,-3.52,-3.49,-16.95,9.98,-6.49,-0.82
2026-08-19,Capital Goods,WEAK_BEAR,NEUTRAL,0.18,-2.7,-16.17,10.77,3.56,9.23
2026-08-19,API & CDMO / CRAMS,WEAK_BEAR,NEUTRAL,0.11,-1.39,-14.86,12.07,2.48,8.15
2026-08-19,Capital Markets & Asset Management,WEAK_BEAR,NEUTRAL,-1.27,-3.34,-16.81,10.13,-3.53,2.14
2026-08-19,Civil Construction & Infrastructure EPC,WEAK_BEAR,NEUTRAL,-1.04,-3.44,-16.9,10.03,-4.87,0.8
2026-08-19,Air Conditioners & AC Components,WEAK_BEAR,AVOID,-3.33,-3.22,-16.69,10.24,-10.65,-4.98
2026-08-19,Media & Entertainment,WEAK_BEAR,AVOID,-4.38,-3.29,-16.76,10.18,-6.98,-1.31
2026-08-19,Gas Distribution,WEAK_BEAR,AVOID,-8.18,-0.55,-14.02,12.92,-14.11,-8.44
2026-08-19,Hotels & Restaurants,WEAK_BEAR,NEUTRAL,-0.3,-4.07,-17.54,9.4,-4.71,0.96
2026-08-19,Chemicals,WEAK_BEAR,AVOID,-7.17,-2.84,-16.31,10.62,-12.73,-7.06
2026-08-19,Iron & Steel,WEAK_BEAR,NEUTRAL,-3.56,-3.65,-17.11,9.82,-1.52,4.15
2026-08-19,Pipes & Tubes,WEAK_BEAR,AVOID,-4.57,-3.35,-16.82,10.12,-5.89,-0.22
2026-08-19,Automobile and Auto Components,WEAK_BEAR,NEUTRAL,-2.8,-1.27,-14.74,12.2,0.79,6.46
2026-08-19,Travel Tech SaaS Solutions,WEAK_BEAR,BUY,4.22,-0.65,-14.12,12.82,13.03,18.7
2026-08-19,Telecommunication,WEAK_BEAR,AVOID,-3.88,-3.22,-16.68,10.25,-9.17,-3.5
2026-08-19,Textiles,WEAK_BEAR,STRONG BUY,6.26,-0.3,-13.77,13.17,16.39,22.06
2026-08-19,Utilities,WEAK_BEAR,AVOID,-7.07,-0.29,-13.76,13.18,-16.54,-10.87
2026-08-19,Diversified Commercial,WEAK_BEAR,NEUTRAL,-2.96,-3.9,-17.37,9.56,-3.18,2.49
2026-08-19,Railways,WEAK_BEAR,AVOID,-5.85,0.11,-13.36,13.58,-10.79,-5.12
2026-08-19,Renewable Energy Financing NBFC,WEAK_BEAR,AVOID,-6.94,-6.13,-19.59,7.34,-15.25,-9.58
2026-08-19,Cement & Clinker,WEAK_BEAR,AVOID,-3.97,-3.93,-17.4,9.53,-8.93,-3.26
2026-08-19,Logistics & Transportation,WEAK_BEAR,AVOID,-3.5,-3.1,-16.57,10.37,-4.62,1.05
2026-08-19,Hospitals & Healthcare Services,WEAK_BEAR,NEUTRAL,0.32,-1.28,-14.75,12.19,9.16,14.83
2026-08-19,Dairy Products,WEAK_BEAR,AVOID,-2.72,-3.18,-16.65,10.29,-6.05,-0.38
2026-08-19,Asset Management Company (AMC),WEAK_BEAR,NEUTRAL,-1.5,-4.25,-17.72,9.21,-3.7,1.97
2026-08-19,Automobile OEMs,WEAK_BEAR,NEUTRAL,-2.78,-2.23,-15.7,11.24,-0.22,5.45
2026-08-19,Project Management & Civil Construction,WEAK_BEAR,AVOID,-8.37,-0.37,-13.84,13.1,-16.15,-10.48
2026-08-19,Internet & Digital Platforms,WEAK_BEAR,NEUTRAL,-3.0,-3.37,-16.84,10.1,-3.82,1.85
2026-08-19,"Hotels, Resorts & QSR",WEAK_BEAR,NEUTRAL,-2.11,-3.65,-17.12,9.82,-4.14,1.53
2026-08-19,Ceramics & Tiles,WEAK_BEAR,AVOID,-7.35,-2.46,-15.93,11.01,-11.7,-6.03
2026-08-19,Renewable Energy,WEAK_BEAR,AVOID,-7.84,-0.73,-14.2,12.74,-15.77,-10.1
2026-08-19,Superalloys & Special Metals,WEAK_BEAR,BUY,5.63,-0.53,-14.0,12.94,13.72,19.39
2026-08-19,Information Technology,WEAK_BEAR,WATCH,0.77,-2.0,-15.47,11.47,1.07,6.74
2026-08-19,Insurance,WEAK_BEAR,AVOID,-2.42,-3.34,-16.81,10.12,-7.51,-1.84
2026-08-19,Diagnostic & Healthcare Laboratories,WEAK_BEAR,AVOID,-5.91,-1.17,-14.64,12.3,-12.28,-6.61
2026-08-19,Stockbroking & Financial Products,WEAK_BEAR,AVOID,-4.35,-3.54,-17.0,9.93,-7.63,-1.96
2026-08-19,Auto Lighting,WEAK_BEAR,NEUTRAL,-3.46,-0.3,-13.77,13.17,1.21,6.88
2026-08-19,Paper & Paper Products,WEAK_BEAR,AVOID,-5.19,-2.72,-16.19,10.75,-6.42,-0.75
2026-08-19,Auto Parts & Equipment,WEAK_BEAR,NEUTRAL,0.14,-3.35,-16.82,10.12,4.47,10.14
2026-08-19,Data Centers & Real Estate,WEAK_BEAR,STRONG BUY,5.96,0.02,-13.45,13.48,16.7,22.37
2026-08-19,Realty,WEAK_BEAR,AVOID,-5.48,-1.25,-14.72,12.21,-12.62,-6.95
2026-08-19,Renewable Energy - Solar & Wind,WEAK_BEAR,AVOID,-5.69,-3.22,-16.69,10.24,-13.3,-7.63
2026-08-19,Auto Glass,WEAK_BEAR,STRONG BUY,7.1,1.52,-11.95,14.99,16.14,21.81
2026-08-19,Diversified & Fashion Retail,WEAK_BEAR,AVOID,-5.05,-3.38,-16.85,10.09,-9.97,-4.3
2026-08-19,Steel Manufacturing & Mining,WEAK_BEAR,STRONG BUY,5.98,1.15,-12.32,14.61,16.39,22.06
2026-08-19,Construction,WEAK_BEAR,NEUTRAL,-2.85,-0.88,-14.35,12.59,0.06,5.73
2026-08-19,Packaging & Containers,WEAK_BEAR,STRONG BUY,3.94,-0.54,-14.0,12.93,16.1,21.77
2026-08-19,Housing & Urban Infrastructure Financing,WEAK_BEAR,AVOID,-6.13,-1.33,-14.79,12.14,-14.24,-8.57
2026-08-19,Commodity Chemicals,WEAK_BEAR,NEUTRAL,-1.23,-3.92,-17.39,9.54,-2.15,3.52
2026-08-19,Hospitals & Diagnostic Centres,WEAK_BEAR,NEUTRAL,-2.88,-3.31,-16.78,10.16,-3.48,2.19
2026-08-19,Paints & Coatings,WEAK_BEAR,STRONG BUY,6.9,-0.53,-14.0,12.94,19.47,25.14
2026-08-19,Plastic Pipes & Moulded Products,WEAK_BEAR,AVOID,-5.19,-1.52,-14.99,11.94,-13.97,-8.3
2026-08-19,Cement,WEAK_BEAR,AVOID,-5.05,-3.16,-16.63,10.3,-8.92,-3.25
2026-08-19,Air Conditioners & Appliances,WEAK_BEAR,AVOID,-6.42,-0.51,-13.97,12.96,-14.84,-9.17
2026-08-19,Roads & Highways EPC,WEAK_BEAR,AVOID,-6.27,-1.17,-14.63,12.3,-14.49,-8.82
2026-08-19,Gas Transmission & Distribution,WEAK_BEAR,WATCH,1.5,0.22,-13.25,13.69,1.06,6.73
2026-08-19,Tyres & Rubber Products,WEAK_BEAR,NEUTRAL,-2.77,-3.42,-16.89,10.05,-4.66,1.01
2026-08-19,Civil Buildings & Commercial EPC,WEAK_BEAR,AVOID,-6.25,-0.44,-13.91,13.03,-14.72,-9.05
2026-08-19,Edible Oils,WEAK_BEAR,AVOID,-4.52,-1.52,-14.99,11.95,-10.96,-5.29
2026-08-19,Software Products & Digital Services,WEAK_BEAR,NEUTRAL,-2.26,-3.9,-17.36,9.57,-2.29,3.38
2026-08-19,Plywood & Boards,WEAK_BEAR,BUY,2.73,0.23,-13.24,13.7,12.92,18.59
2026-08-19,Zinc & Silver Mining,WEAK_BEAR,NEUTRAL,-2.21,-0.73,-14.2,12.73,4.07,9.74
2026-08-19,Media Entertainment & Publication,WEAK_BEAR,NEUTRAL,0.9,-1.0,-14.47,12.46,0.16,5.83
2026-08-19,Railway Ticketing & Catering,WEAK_BEAR,AVOID,-6.38,-1.3,-14.77,12.17,-14.19,-8.52
2026-08-19,Batteries,WEAK_BEAR,NEUTRAL,1.12,-0.62,-14.09,12.85,2.43,8.1
2026-08-19,Batteries,WEAK_BEAR,AVOID,-8.32,-0.6,-14.07,12.87,-14.42,-8.75
2026-08-19,Copper & Non-Ferrous Metals,WEAK_BEAR,STRONG BUY,3.79,-0.49,-13.96,12.97,15.81,21.48
2026-08-19,Power Generation & Distribution,WEAK_BEAR,AVOID,-7.02,0.39,-13.08,13.86,-14.35,-8.68
2026-08-19,Transformers & T&D Equipment,WEAK_BEAR,NEUTRAL,-1.88,-2.15,-15.62,11.32,1.77,7.44
2026-08-19,Copper Mining,WEAK_BEAR,REDUCE,3.09,7.36,-6.11,20.83,16.22,21.89
2026-08-19,Aerospace & Defence,WEAK_BEAR,NEUTRAL,0.37,-2.99,-16.46,10.48,4.86,10.53
2026-08-19,"Plywood, MDF & Laminates",WEAK_BEAR,AVOID,-4.44,-3.38,-16.84,10.09,-8.49,-2.82
2026-08-19,Banks,WEAK_BEAR,NEUTRAL,-1.98,-2.05,-15.52,11.42,-0.35,5.32
2026-08-19,Pharmaceuticals & Biotechnology,WEAK_BEAR,NEUTRAL,-2.32,-2.82,-16.28,10.65,0.64,6.31
2026-08-19,Asset Management & Wealth,WEAK_BEAR,NEUTRAL,0.84,0.22,-13.25,13.69,-0.46,5.21
2026-08-19,Power,WEAK_BEAR,AVOID,-6.52,-2.98,-16.45,10.48,-11.77,-6.1
2026-08-19,Diversified Retail,WEAK_BEAR,NEUTRAL,-0.13,-3.39,-16.86,10.08,-2.89,2.78
2026-08-19,Pharmaceuticals,WEAK_BEAR,NEUTRAL,-1.14,-3.29,-16.76,10.17,1.68,7.35
2026-08-19,Aluminium & Mining,WEAK_BEAR,NEUTRAL,-4.44,-0.43,-13.89,13.04,-3.49,2.18
2026-08-19,Specialty Chemicals,WEAK_BEAR,NEUTRAL,-1.79,-3.74,-17.21,9.72,-0.35,5.32
2026-08-19,"Logistics, Ports & Supply Chain",WEAK_BEAR,NEUTRAL,-0.71,-2.78,-16.25,10.68,-1.74,3.93
2026-08-19,Lubricants & Specialty Oils,WEAK_BEAR,WATCH,4.17,-1.96,-15.43,11.51,8.53,14.2
2026-08-19,Residential & Commercial Real Estate,WEAK_BEAR,AVOID,-3.93,-4.01,-17.48,9.46,-9.23,-3.56
2026-08-19,Wires & Cables,WEAK_BEAR,NEUTRAL,-1.95,-2.89,-16.36,10.58,2.33,8.0
2026-08-19,Heavy Electrical Equipment,WEAK_BEAR,REDUCE,4.23,6.28,-7.19,19.75,18.83,24.5
2026-08-19,Railway Financing,WEAK_BEAR,AVOID,-5.38,0.76,-12.71,14.22,-13.04,-7.37
2026-08-19,Healthcare,WEAK_BEAR,NEUTRAL,-0.99,-2.64,-16.11,10.83,3.97,9.64
2026-08-19,Packaged Foods & FMCG Staples,WEAK_BEAR,AVOID,-5.98,-3.72,-17.19,9.75,-9.49,-3.82
2026-08-19,Structural Steel Tubes & Pipes,WEAK_BEAR,STRONG BUY,5.17,-0.29,-13.76,13.17,16.55,22.22
2026-08-19,Railway Wagons & Equipment,WEAK_BEAR,AVOID,-5.87,-1.33,-14.8,12.14,-14.43,-8.76
2026-08-19,IT Consulting & Software,WEAK_BEAR,AVOID,-5.02,-4.68,-18.14,8.79,-9.51,-3.84
2026-08-20,API & CDMO / CRAMS,SIDEWAYS,BUY,7.58,1.29,-12.18,14.76,15.41,11.4
2026-08-20,"Plywood, MDF & Laminates",SIDEWAYS,NEUTRAL,-0.76,-0.96,-14.43,12.5,-3.11,-7.12
2026-08-20,Ship Building & Defence,SIDEWAYS,NEUTRAL,-3.51,-0.61,-14.07,12.86,-2.01,-6.02
2026-08-20,Dairy Products,SIDEWAYS,WATCH,1.38,-2.33,-15.8,11.14,1.13,-2.88
2026-08-20,Railway Telecom,SIDEWAYS,AVOID,-6.79,-0.58,-14.05,12.89,-17.01,-21.02
2026-08-20,Data Centers & Real Estate,SIDEWAYS,BUY,8.0,0.43,-13.04,13.9,21.64,17.63
2026-08-20,Stockbroking & Financial Products,SIDEWAYS,AVOID,-4.73,-3.3,-16.77,10.16,-8.54,-12.55
2026-08-20,Diagnostic & Healthcare Laboratories,SIDEWAYS,AVOID,-5.8,-0.96,-14.43,12.5,-13.43,-17.44
2026-08-20,Microfinance NBFC,SIDEWAYS,NEUTRAL,-1.11,4.06,-9.41,17.52,1.79,-2.22
2026-08-20,Diversified & Fashion Retail,SIDEWAYS,AVOID,-6.09,-3.47,-16.93,10.0,-12.0,-16.01
2026-08-20,Metals & Mining,SIDEWAYS,NEUTRAL,-2.18,-1.08,-14.55,12.39,-4.25,-8.26
2026-08-20,Steel Manufacturing & Mining,SIDEWAYS,BUY,6.96,0.07,-13.39,13.54,19.29,15.28
2026-08-20,Diversified Commercial,SIDEWAYS,NEUTRAL,-2.78,-3.61,-17.08,9.85,-2.66,-6.67
2026-08-20,Railway Ticketing & Catering,SIDEWAYS,AVOID,-7.35,-0.68,-14.15,12.79,-15.84,-19.85
2026-08-20,Diversified Retail,SIDEWAYS,NEUTRAL,-0.16,-2.93,-16.4,10.54,-3.66,-7.67
2026-08-20,Specialty Chemicals,SIDEWAYS,NEUTRAL,-2.76,-3.57,-17.04,9.9,-2.52,-6.53
2026-08-20,Edible Oils,SIDEWAYS,NEUTRAL,-0.21,-0.75,-14.22,12.72,-6.06,-10.07
2026-08-20,Media Entertainment & Publication,SIDEWAYS,WATCH,1.38,-2.73,-16.2,10.73,0.3,-3.71
2026-08-20,Structural Steel Tubes & Pipes,SIDEWAYS,NEUTRAL,6.21,1.88,-11.59,15.35,20.74,16.73
2026-08-20,Mining & Mineral Products,SIDEWAYS,AVOID,-6.73,-2.52,-15.98,10.95,-7.84,-11.85
2026-08-20,Copper Mining,SIDEWAYS,REDUCE,5.74,6.67,-6.8,20.14,20.77,16.76
2026-08-20,Non Banking Financial Company (NBFC),SIDEWAYS,NEUTRAL,-4.21,-3.98,-17.44,9.49,-5.04,-9.05
2026-08-20,Packaged Foods & Consumer Staples,SIDEWAYS,NEUTRAL,-0.48,-1.18,-14.65,12.29,-1.44,-5.45
2026-08-20,Telecom Services & Infrastructure,SIDEWAYS,AVOID,-6.36,-3.1,-16.57,10.37,-9.08,-13.09
2026-08-20,Civil Construction & Infrastructure EPC,SIDEWAYS,AVOID,-5.88,-2.67,-16.14,10.79,-12.76,-16.77
2026-08-20,Railway Infrastructure,SIDEWAYS,AVOID,-5.01,-0.54,-14.01,12.93,-13.0,-17.01
2026-08-20,Commodity Chemicals,SIDEWAYS,WATCH,0.63,-3.03,-16.5,10.43,0.53,-3.48
2026-08-20,Tea & Coffee,SIDEWAYS,NEUTRAL,-1.52,-3.34,-16.8,10.13,-4.59,-8.6
2026-08-20,Construction,SIDEWAYS,WATCH,0.28,-0.72,-14.18,12.75,1.53,-2.48
2026-08-20,Software Products & Digital Services,SIDEWAYS,NEUTRAL,-1.55,-3.27,-16.74,10.2,-1.75,-5.76
2026-08-20,Renewable Energy - Solar & Wind,SIDEWAYS,AVOID,-5.41,-2.96,-16.43,10.51,-13.04,-17.05
2026-08-20,Oil Exploration & Refining,SIDEWAYS,AVOID,-5.34,-3.38,-16.84,10.09,-10.65,-14.66
2026-08-20,Superalloys & Special Metals,SIDEWAYS,BUY,2.37,4.33,-9.13,17.8,16.39,12.38
2026-08-20,Consumer Durables,SIDEWAYS,NEUTRAL,-1.01,-2.89,-16.36,10.58,0.38,-3.63
2026-08-20,Railway Infrastructure & Consulting,SIDEWAYS,AVOID,-7.45,-0.96,-14.43,12.51,-17.13,-21.14
2026-08-20,Consumer Services,SIDEWAYS,NEUTRAL,-1.9,-3.58,-17.05,9.89,-2.32,-6.33
2026-08-20,Sugar & Bio-Ethanol,SIDEWAYS,STRONG BUY,8.99,1.5,-11.96,14.97,19.23,15.22
2026-08-20,Copper & Non-Ferrous Metals,SIDEWAYS,WATCH,7.29,1.83,-11.64,15.29,20.39,16.38
2026-08-20,Construction Materials,SIDEWAYS,BUY,6.28,0.68,-12.79,14.15,20.01,16.0
2026-08-20,Media & Entertainment,SIDEWAYS,NEUTRAL,-5.49,-3.26,-16.73,10.21,-5.36,-9.37
2026-08-20,Electronic Manufacturing Services (EMS),SIDEWAYS,AVOID,-6.94,-2.68,-16.14,10.79,-8.54,-12.55
2026-08-20,Electronic Manufacturing Services (EMS),SIDEWAYS,AVOID,-8.11,-0.89,-14.36,12.58,-18.02,-22.03
2026-08-20,Internet & Digital Platforms,SIDEWAYS,NEUTRAL,-3.18,-2.16,-15.63,11.3,-3.27,-7.28
2026-08-20,Gas Transmission & Distribution,SIDEWAYS,AVOID,-4.59,-3.6,-17.07,9.87,-9.78,-13.79
2026-08-20,Realty,SIDEWAYS,AVOID,-2.56,-0.62,-14.09,12.85,-10.41,-14.42
2026-08-20,Roads & Highways EPC,SIDEWAYS,AVOID,-7.62,-4.67,-18.14,8.79,-18.17,-22.18
2026-08-20,Healthcare,SIDEWAYS,NEUTRAL,1.12,-1.76,-15.22,11.71,5.41,1.4
2026-08-20,Heavy Electrical Equipment,SIDEWAYS,REDUCE,6.44,6.28,-7.19,19.75,22.1,18.09
2026-08-20,Insurance,SIDEWAYS,AVOID,-4.72,-3.75,-17.22,9.71,-9.85,-13.86
2026-08-20,Gas Distribution,SIDEWAYS,AVOID,-10.32,0.9,-12.57,14.36,-18.07,-22.08
2026-08-20,Residential & Commercial Real Estate,SIDEWAYS,AVOID,-6.51,-3.69,-17.16,9.78,-10.9,-14.91
2026-08-20,Information Technology,SIDEWAYS,NEUTRAL,-3.39,-2.48,-15.94,10.99,-4.32,-8.33
2026-08-20,Hospitals & Healthcare Services,SIDEWAYS,NEUTRAL,-1.45,0.24,-13.23,13.71,7.65,3.64
2026-08-20,Renewable Energy,SIDEWAYS,AVOID,-10.28,-0.07,-13.54,13.39,-19.09,-23.1
2026-08-20,Renewable Energy Financing NBFC,SIDEWAYS,AVOID,-7.99,-5.55,-19.02,7.92,-18.38,-22.39
2026-08-20,Hotels & Restaurants,SIDEWAYS,AVOID,-5.58,-3.76,-17.23,9.71,-12.96,-16.97
2026-08-20,"Hotels, Resorts & QSR",SIDEWAYS,NEUTRAL,-2.26,-1.82,-15.29,11.64,-2.77,-6.78
2026-08-20,IT Consulting & Software,SIDEWAYS,AVOID,-4.65,-4.51,-17.98,8.96,-9.58,-13.59
2026-08-20,Hospitals & Diagnostic Centres,SIDEWAYS,NEUTRAL,-4.19,-3.19,-16.66,10.28,-3.89,-7.9
2026-08-20,Civil Construction & Infrastructure,SIDEWAYS,AVOID,-5.61,-3.94,-17.41,9.53,-10.27,-14.28
2026-08-20,Rubber Chemicals,SIDEWAYS,AVOID,-7.79,-0.03,-13.5,13.43,-18.48,-22.49
2026-08-20,Footwear,SIDEWAYS,AVOID,-3.98,0.78,-12.69,14.25,-11.32,-15.33
2026-08-20,Electronic Manufacturing Services (EMS),SIDEWAYS,WATCH,5.42,-1.93,-15.4,11.53,11.48,7.47
2026-08-20,Railway Wagons & Equipment,SIDEWAYS,AVOID,-4.12,-3.86,-17.33,9.61,-8.37,-12.38
2026-08-20,Lubricants & Specialty Oils,SIDEWAYS,NEUTRAL,2.05,-1.68,-15.14,11.79,7.64,3.63
2026-08-20,Aerospace & Defence,SIDEWAYS,NEUTRAL,0.12,-2.61,-16.08,10.86,5.79,1.78
2026-08-20,Explosives & Defence Chemicals,SIDEWAYS,BUY,2.15,0.04,-13.43,13.51,15.9,11.89
2026-08-20,Fast Moving Consumer Goods,SIDEWAYS,NEUTRAL,-2.07,-3.47,-16.93,10.0,-4.97,-8.98
2026-08-20,"Logistics, Ports & Supply Chain",SIDEWAYS,NEUTRAL,-1.82,-1.49,-14.96,11.98,-1.1,-5.11
2026-08-20,Iron & Steel,SIDEWAYS,NEUTRAL,-2.9,-3.65,-17.11,9.82,-1.87,-5.88
2026-08-20,Zinc & Silver Mining,SIDEWAYS,BUY,6.78,0.67,-12.8,14.13,20.35,16.34
2026-08-20,Fertilizers,SIDEWAYS,AVOID,-8.49,-0.03,-13.5,13.43,-16.95,-20.96
2026-08-20,Fertilizers & Agrochemicals,SIDEWAYS,AVOID,-4.96,-3.34,-16.81,10.13,-12.76,-16.77
2026-08-20,Logistics & Transportation,SIDEWAYS,NEUTRAL,-4.2,-2.54,-16.01,10.93,-5.03,-9.04
2026-08-20,Railways,SIDEWAYS,NEUTRAL,0.53,1.11,-12.36,14.57,0.28,-3.73
2026-08-20,Semiconductors & Electronic Components,SIDEWAYS,AVOID,-6.93,6.43,-7.04,19.9,-15.88,-19.89
2026-08-20,Saw Pipes & Ductile Iron Pipes,SIDEWAYS,BUY,5.56,0.07,-13.39,13.54,16.76,12.75
2026-08-20,Financial Services,SIDEWAYS,NEUTRAL,-3.15,-2.43,-15.9,11.03,-4.04,-8.05
2026-08-20,Services,SIDEWAYS,WATCH,2.46,-2.92,-16.39,10.55,2.1,-1.91
2026-08-20,Packaged Foods & FMCG Staples,SIDEWAYS,AVOID,-6.1,-3.69,-17.15,9.78,-9.67,-13.68
2026-08-20,Oil Gas & Consumable Fuels,SIDEWAYS,AVOID,-11.65,1.71,-11.76,15.17,-21.12,-25.13
2026-08-20,Telecommunication,SIDEWAYS,AVOID,-7.66,-0.91,-14.37,12.56,-13.46,-17.47
2026-08-20,Auto Glass,SIDEWAYS,BUY,6.3,-0.28,-13.75,13.18,17.6,13.59
2026-08-20,Auto Lighting,SIDEWAYS,AVOID,-10.55,3.79,-9.68,17.26,-18.6,-22.61
2026-08-20,Pharmaceuticals & Biotechnology,SIDEWAYS,NEUTRAL,-3.93,-3.28,-16.75,10.18,-0.45,-4.46
2026-08-20,Tyres & Rubber Products,SIDEWAYS,AVOID,-6.11,-3.06,-16.53,10.4,-6.64,-10.65
2026-08-20,Auto Parts & Equipment,SIDEWAYS,NEUTRAL,-0.11,-2.98,-16.45,10.49,4.84,0.83
2026-08-20,Pharmaceuticals,SIDEWAYS,WATCH,1.1,-2.75,-16.22,10.71,3.77,-0.24
2026-08-20,Automobile OEMs,SIDEWAYS,NEUTRAL,-3.65,-1.81,-15.28,11.66,-0.09,-4.1
2026-08-20,Power Sector Financing NBFC,SIDEWAYS,AVOID,-7.48,-0.46,-13.93,13.0,-17.1,-21.11
2026-08-20,Civil Buildings & Commercial EPC,SIDEWAYS,AVOID,-9.18,0.85,-12.62,14.31,-20.24,-24.25
2026-08-20,Travel Tech SaaS Solutions,SIDEWAYS,BUY,7.77,3.96,-9.51,17.42,17.63,13.62
2026-08-20,Automobile and Auto Components,SIDEWAYS,NEUTRAL,-1.05,-0.74,-14.21,12.72,5.47,1.46
2026-08-20,Banks,SIDEWAYS,NEUTRAL,-0.97,-2.43,-15.9,11.03,0.63,-3.38
2026-08-20,Passenger Cars & Utility Vehicles,SIDEWAYS,AVOID,-11.74,0.27,-13.2,13.74,-21.32,-25.33
2026-08-20,Transformers & T&D Equipment,SIDEWAYS,NEUTRAL,-0.44,-1.83,-15.3,11.64,3.44,-0.57
2026-08-20,Batteries,SIDEWAYS,BUY,7.22,0.31,-13.15,13.78,16.37,12.36
2026-08-20,Utilities,SIDEWAYS,AVOID,-8.65,0.49,-12.98,13.96,-20.16,-24.17
2026-08-20,Power Generation & Utilities,SIDEWAYS,AVOID,-7.89,-0.22,-13.68,13.25,-15.4,-19.41
2026-08-20,Asset Management Company (AMC),SIDEWAYS,NEUTRAL,0.64,-4.1,-17.57,9.37,-1.18,-5.19
2026-08-20,Pipes & Tubes,SIDEWAYS,NEUTRAL,-4.25,-3.33,-16.8,10.13,-5.5,-9.51
2026-08-20,Wires & Cables,SIDEWAYS,NEUTRAL,-1.21,-2.89,-16.36,10.58,4.34,0.33
2026-08-20,Affordable Housing Finance Company,SIDEWAYS,AVOID,-5.11,-0.89,-14.36,12.58,-14.61,-18.62
2026-08-20,Plywood & Boards,SIDEWAYS,BUY,3.8,0.1,-13.36,13.57,15.8,11.79
2026-08-20,Agrochemicals & Pesticides,SIDEWAYS,AVOID,-7.94,-0.96,-14.43,12.51,-18.01,-22.02
2026-08-20,Plastic Pipes & Moulded Products,SIDEWAYS,AVOID,-7.11,-1.18,-14.64,12.29,-17.72,-21.73
2026-08-20,Wealth & Asset Management,SIDEWAYS,WATCH,9.47,-0.08,-13.55,13.39,22.93,18.92
2026-08-20,Air Conditioners & AC Components,SIDEWAYS,AVOID,-10.67,0.8,-12.67,14.27,-18.89,-22.9
2026-08-20,Batteries,SIDEWAYS,AVOID,-9.68,0.17,-13.29,13.64,-16.61,-20.62
2026-08-20,Air Conditioners & AC Components,SIDEWAYS,AVOID,-3.51,-3.14,-16.61,10.33,-10.8,-14.81
2026-08-20,Power Generation & Distribution,SIDEWAYS,AVOID,-10.09,4.04,-9.42,17.51,-17.56,-21.57
2026-08-20,Water & Wastewater Treatment,SIDEWAYS,AVOID,-0.98,-1.68,-15.15,11.79,-6.15,-10.16
2026-08-20,Water & Wastewater Treatment,SIDEWAYS,NEUTRAL,-0.72,1.27,-12.2,14.73,-7.22,-11.23
2026-08-20,Air Conditioners & Appliances,SIDEWAYS,AVOID,-6.84,0.56,-12.91,14.03,-16.47,-20.48
2026-08-20,Plastic Pipes & Fittings,SIDEWAYS,NEUTRAL,-5.49,-2.99,-16.46,10.48,-5.22,-9.23
2026-08-20,Aluminium & Mining,SIDEWAYS,NEUTRAL,-4.52,0.31,-13.15,13.78,-3.84,-7.85
2026-08-20,Asset Management & Wealth,SIDEWAYS,WATCH,5.6,0.52,-12.95,13.99,12.66,8.65
2026-08-20,Power,SIDEWAYS,AVOID,-7.19,-2.23,-15.7,11.24,-14.91,-18.92
2026-08-20,Paper & Paper Products,SIDEWAYS,AVOID,-6.37,-2.77,-16.24,10.7,-10.12,-14.13
2026-08-20,Housing & Urban Infrastructure Financing,SIDEWAYS,AVOID,-7.56,-0.58,-14.05,12.89,-18.11,-22.12
2026-08-20,Project Management & Civil Construction,SIDEWAYS,AVOID,-8.0,-1.76,-15.23,11.7,-18.28,-22.29
2026-08-20,Packaging Materials & Containers,SIDEWAYS,NEUTRAL,0.73,-1.79,-15.26,11.68,4.57,0.56
2026-08-20,Textiles & Apparel,SIDEWAYS,AVOID,-4.58,-3.8,-17.27,9.67,-7.98,-11.99
2026-08-20,Cement & Clinker,SIDEWAYS,NEUTRAL,0.14,-3.94,-17.41,9.53,-4.74,-8.75
2026-08-20,Capital Markets & Asset Management,SIDEWAYS,NEUTRAL,-1.27,-3.77,-17.24,9.7,-4.25,-8.26
2026-08-20,Packaging & Containers,SIDEWAYS,BUY,6.11,3.87,-9.6,17.34,20.93,16.92
2026-08-20,Pumps & Compressors,SIDEWAYS,NEUTRAL,-0.46,-0.97,-14.44,12.5,-3.24,-7.25
2026-08-20,Capital Goods,SIDEWAYS,WATCH,1.82,-1.98,-15.44,11.49,5.94,1.93
2026-08-20,"Textiles, Yarns & Apparel",SIDEWAYS,AVOID,-2.48,-1.97,-15.43,11.5,-6.03,-10.04
2026-08-20,Paints,SIDEWAYS,NEUTRAL,-4.04,0.38,-13.08,13.85,-2.97,-6.98
2026-08-20,Textiles,SIDEWAYS,BUY,8.62,4.22,-9.25,17.69,19.59,15.58
2026-08-20,Ceramics & Tiles,SIDEWAYS,AVOID,-8.91,-0.78,-14.25,12.69,-14.25,-18.26
2026-08-20,Railway Financing,SIDEWAYS,AVOID,-6.34,6.05,-7.41,19.52,-15.62,-19.63
2026-08-20,Breweries & Distilleries,SIDEWAYS,NEUTRAL,-2.64,-1.81,-15.28,11.66,-1.68,-5.69
2026-08-20,Cement,SIDEWAYS,AVOID,-4.82,-3.06,-16.53,10.4,-9.69,-13.7
2026-08-20,Bearings & Friction Solutions,SIDEWAYS,NEUTRAL,-3.0,-1.34,-14.81,12.13,2.06,-1.95
2026-08-20,Tractors & Farm Equipment,SIDEWAYS,WATCH,1.43,-0.06,-13.53,13.4,3.68,-0.33
2026-08-20,Batteries & Energy Storage,SIDEWAYS,NEUTRAL,-1.05,2.31,-11.16,15.78,3.68,-0.33
2026-08-20,Chemicals,SIDEWAYS,AVOID,-8.19,-3.02,-16.48,10.45,-15.73,-19.74
2026-08-20,Paints & Coatings,SIDEWAYS,BUY,9.55,3.96,-9.51,17.42,24.92,20.91
2026-08-21,Housing & Urban Infrastructure Financing,SIDEWAYS,AVOID,-9.83,0.9,-12.57,14.36,-19.36,-23.37
2026-08-21,Plywood & Boards,SIDEWAYS,STRONG BUY,8.49,1.21,-12.26,14.67,24.99,20.98
2026-08-21,Packaging & Containers,SIDEWAYS,BUY,5.16,4.33,-9.13,17.8,19.65,15.64
2026-08-21,Plastic Pipes & Fittings,SIDEWAYS,WATCH,0.45,-1.32,-14.79,12.15,1.91,-2.1
2026-08-21,Packaged Foods & FMCG Staples,SIDEWAYS,AVOID,-7.82,-3.61,-17.08,9.85,-11.0,-15.01
2026-08-21,Power Generation & Distribution,SIDEWAYS,AVOID,-8.5,0.59,-12.87,14.06,-18.19,-22.2
2026-08-21,Realty,SIDEWAYS,AVOID,-4.33,-0.83,-14.3,12.64,-13.3,-17.31
2026-08-21,Power,SIDEWAYS,AVOID,-8.75,-0.91,-14.37,12.56,-14.9,-18.91
2026-08-21,Insurance,SIDEWAYS,AVOID,-3.82,-5.32,-18.79,8.15,-8.78,-12.79
2026-08-21,Packaged Foods & Consumer Staples,SIDEWAYS,NEUTRAL,-3.08,-2.12,-15.58,11.35,-3.3,-7.31
2026-08-21,Railway Financing,SIDEWAYS,AVOID,-7.59,-0.65,-14.11,12.82,-17.54,-21.55
2026-08-21,Oil Gas & Consumable Fuels,SIDEWAYS,NEUTRAL,0.85,3.24,-10.22,16.71,1.78,-2.23
2026-08-21,Railway Infrastructure,SIDEWAYS,AVOID,-7.37,-0.8,-14.26,12.67,-17.21,-21.22
2026-08-21,Renewable Energy,SIDEWAYS,AVOID,-4.42,-3.25,-16.72,10.22,-11.62,-15.63
2026-08-21,Internet & Digital Platforms,SIDEWAYS,NEUTRAL,-0.25,-2.19,-15.66,11.28,-1.2,-5.21
2026-08-21,Plastic Pipes & Moulded Products,SIDEWAYS,AVOID,-5.82,-1.1,-14.57,12.37,-16.24,-20.25
2026-08-21,IT Consulting & Software,SIDEWAYS,AVOID,-4.97,-3.91,-17.38,9.56,-10.13,-14.14
2026-08-21,Information Technology,SIDEWAYS,NEUTRAL,-2.81,-0.87,-14.33,12.6,-2.93,-6.94
2026-08-21,Packaging Materials & Containers,SIDEWAYS,NEUTRAL,-0.09,-1.26,-14.73,12.2,2.06,-1.95
2026-08-21,Iron & Steel,SIDEWAYS,NEUTRAL,-3.82,-3.1,-16.57,10.37,-3.25,-7.26
2026-08-21,Project Management & Civil Construction,SIDEWAYS,AVOID,-8.29,-1.71,-15.17,11.76,-17.82,-21.83
2026-08-21,Paints & Coatings,SIDEWAYS,BUY,5.73,4.33,-9.13,17.8,19.97,15.96
2026-08-21,Paper & Paper Products,SIDEWAYS,AVOID,-3.93,-2.9,-16.36,10.57,-7.89,-11.9
2026-08-21,Railway Ticketing & Catering,SIDEWAYS,AVOID,-6.79,-0.68,-14.15,12.79,-16.04,-20.05
2026-08-21,Media Entertainment & Publication,SIDEWAYS,WATCH,4.4,-1.0,-14.47,12.47,7.22,3.21
2026-08-21,Microfinance NBFC,SIDEWAYS,NEUTRAL,-2.6,4.33,-9.13,17.8,0.37,-3.64
2026-08-21,Railway Telecom,SIDEWAYS,AVOID,-2.67,-0.41,-13.88,13.06,-11.69,-15.7
2026-08-21,Passenger Cars & Utility Vehicles,SIDEWAYS,AVOID,-11.59,1.66,-11.8,15.13,-21.56,-25.57
2026-08-21,Media & Entertainment,SIDEWAYS,AVOID,-4.81,-3.25,-16.72,10.22,-6.6,-10.61
2026-08-21,Paints,SIDEWAYS,AVOID,-6.38,-2.77,-16.24,10.7,-7.71,-11.72
2026-08-21,Mining & Mineral Products,SIDEWAYS,NEUTRAL,-3.0,-2.65,-16.12,10.81,-3.64,-7.65
2026-08-21,Oil Exploration & Refining,SIDEWAYS,NEUTRAL,0.13,-3.41,-16.88,10.06,-3.09,-7.1
2026-08-21,Railway Wagons & Equipment,SIDEWAYS,AVOID,-3.54,-2.88,-16.35,10.59,-10.65,-14.66
2026-08-21,Pharmaceuticals,SIDEWAYS,WATCH,0.25,-3.44,-16.91,10.03,1.84,-2.17
2026-08-21,"Logistics, Ports & Supply Chain",SIDEWAYS,NEUTRAL,-1.37,-2.13,-15.6,11.33,-0.01,-4.02
2026-08-21,Pharmaceuticals & Biotechnology,SIDEWAYS,NEUTRAL,-1.56,-3.27,-16.74,10.2,0.54,-3.47
2026-08-21,Non Banking Financial Company (NBFC),SIDEWAYS,NEUTRAL,-3.52,-4.16,-17.62,9.31,-5.26,-9.27
2026-08-21,Railway Infrastructure & Consulting,SIDEWAYS,AVOID,-7.34,-0.89,-14.36,12.58,-17.3,-21.31
2026-08-21,Logistics & Transportation,SIDEWAYS,NEUTRAL,-1.18,-2.41,-15.87,11.06,-0.58,-4.59
2026-08-21,Power Generation & Utilities,SIDEWAYS,AVOID,-9.42,-0.47,-13.93,13.0,-17.72,-21.73
2026-08-21,Pumps & Compressors,SIDEWAYS,AVOID,-6.27,-1.97,-15.44,11.5,-6.39,-10.4
2026-08-21,Metals & Mining,SIDEWAYS,AVOID,-4.22,-0.64,-14.11,12.83,-6.98,-10.99
2026-08-21,Railways,SIDEWAYS,AVOID,-8.09,1.45,-12.02,14.92,-12.97,-16.98
2026-08-21,Pipes & Tubes,SIDEWAYS,WATCH,3.74,-0.77,-14.24,12.69,5.39,1.38
2026-08-21,Lubricants & Specialty Oils,SIDEWAYS,NEUTRAL,0.88,-1.56,-15.03,11.9,5.16,1.15
2026-08-21,Power Sector Financing NBFC,SIDEWAYS,AVOID,-8.37,0.17,-13.3,13.63,-19.06,-23.07
2026-08-21,Aerospace & Defence,SIDEWAYS,NEUTRAL,-1.06,-2.61,-16.08,10.86,5.4,1.39
2026-08-21,"Hotels, Resorts & QSR",SIDEWAYS,NEUTRAL,-0.45,-2.7,-16.16,10.77,-1.2,-5.21
2026-08-21,Batteries,SIDEWAYS,AVOID,-10.1,0.17,-13.3,13.64,-17.57,-21.58
2026-08-21,Batteries & Energy Storage,SIDEWAYS,NEUTRAL,-0.83,2.5,-10.96,15.97,3.48,-0.53
2026-08-21,Tractors & Farm Equipment,SIDEWAYS,WATCH,2.24,0.33,-13.14,13.79,5.23,1.22
2026-08-21,Bearings & Friction Solutions,SIDEWAYS,NEUTRAL,-0.6,-1.35,-14.82,12.11,0.18,-3.83
2026-08-21,Breweries & Distilleries,SIDEWAYS,NEUTRAL,-3.53,-2.55,-16.02,10.92,-4.26,-8.27
2026-08-21,"Textiles, Yarns & Apparel",SIDEWAYS,NEUTRAL,0.22,0.08,-13.39,13.55,1.82,-2.19
2026-08-21,Capital Goods,SIDEWAYS,NEUTRAL,1.25,-1.92,-15.39,11.54,6.0,1.99
2026-08-21,Capital Markets & Asset Management,SIDEWAYS,NEUTRAL,-0.39,-3.77,-17.24,9.7,-3.3,-7.31
2026-08-21,Textiles & Apparel,SIDEWAYS,AVOID,-3.96,-3.79,-17.26,9.67,-8.2,-12.21
2026-08-21,Cement,SIDEWAYS,AVOID,-4.67,-2.84,-16.31,10.63,-9.12,-13.13
2026-08-21,Cement & Clinker,SIDEWAYS,AVOID,-4.86,-3.83,-17.3,9.64,-11.52,-15.53
2026-08-21,Textiles,SIDEWAYS,BUY,8.36,3.85,-9.62,17.31,18.98,14.97
2026-08-21,Ceramics & Tiles,SIDEWAYS,AVOID,-7.28,-0.95,-14.42,12.51,-11.4,-15.41
2026-08-21,Chemicals,SIDEWAYS,AVOID,-8.46,-2.94,-16.41,10.53,-15.69,-19.7
2026-08-21,Telecommunication,SIDEWAYS,AVOID,-6.19,-2.84,-16.31,10.63,-12.81,-16.82
2026-08-21,Civil Buildings & Commercial EPC,SIDEWAYS,AVOID,-11.66,1.65,-11.82,15.11,-21.79,-25.8
2026-08-21,Civil Construction & Infrastructure,SIDEWAYS,AVOID,-4.9,-3.94,-17.41,9.53,-9.62,-13.63
2026-08-21,Telecom Services & Infrastructure,SIDEWAYS,AVOID,-6.28,-2.83,-16.29,10.64,-7.56,-11.57
2026-08-21,Civil Construction & Infrastructure EPC,SIDEWAYS,AVOID,-3.43,-2.65,-16.12,10.82,-9.71,-13.72
2026-08-21,Batteries,SIDEWAYS,WATCH,1.6,-0.21,-13.68,13.26,3.51,-0.5
2026-08-21,Transformers & T&D Equipment,SIDEWAYS,NEUTRAL,-2.3,-1.89,-15.35,11.58,1.28,-2.73
2026-08-21,Banks,SIDEWAYS,WATCH,1.22,-2.16,-15.63,11.31,3.02,-0.99
2026-08-21,Automobile and Auto Components,SIDEWAYS,NEUTRAL,-1.06,-0.85,-14.32,12.62,4.69,0.68
2026-08-21,Wires & Cables,SIDEWAYS,NEUTRAL,-0.99,-2.75,-16.21,10.72,2.58,-1.43
2026-08-21,Affordable Housing Finance Company,SIDEWAYS,AVOID,-6.84,-0.71,-14.18,12.76,-17.08,-21.09
2026-08-21,Agrochemicals & Pesticides,SIDEWAYS,AVOID,-9.09,0.92,-12.55,14.39,-18.43,-22.44
2026-08-21,Wealth & Asset Management,SIDEWAYS,STRONG BUY,5.88,1.21,-12.26,14.68,17.8,13.79
2026-08-21,Air Conditioners & AC Components,SIDEWAYS,AVOID,-10.63,0.92,-12.55,14.39,-19.4,-23.41
2026-08-21,Air Conditioners & AC Components,SIDEWAYS,AVOID,-3.64,-3.07,-16.54,10.4,-11.77,-15.78
2026-08-21,API & CDMO / CRAMS,SIDEWAYS,WATCH,3.84,-0.94,-14.41,12.53,9.02,5.01
2026-08-21,Water & Wastewater Treatment,SIDEWAYS,AVOID,-6.2,-2.35,-15.82,11.12,-12.09,-16.1
2026-08-21,Water & Wastewater Treatment,SIDEWAYS,AVOID,-5.42,0.25,-13.21,13.72,-12.87,-16.88
2026-08-21,Commodity Chemicals,SIDEWAYS,NEUTRAL,-4.49,-3.41,-16.88,10.05,-4.25,-8.26
2026-08-21,Air Conditioners & Appliances,SIDEWAYS,AVOID,-5.83,0.04,-13.43,13.51,-15.12,-19.13
2026-08-21,Asset Management & Wealth,SIDEWAYS,WATCH,5.16,0.2,-13.27,13.67,11.66,7.65
2026-08-21,Asset Management Company (AMC),SIDEWAYS,NEUTRAL,-1.38,-4.27,-17.73,9.2,-3.48,-7.49
2026-08-21,Utilities,SIDEWAYS,AVOID,-9.8,0.85,-12.62,14.32,-20.59,-24.6
2026-08-21,Auto Glass,SIDEWAYS,BUY,4.05,0.45,-13.02,13.92,19.27,15.26
2026-08-21,Auto Lighting,SIDEWAYS,AVOID,-10.65,1.65,-11.82,15.11,-18.84,-22.85
2026-08-21,Tyres & Rubber Products,SIDEWAYS,AVOID,-5.92,-0.92,-14.39,12.55,-5.59,-9.6
2026-08-21,Auto Parts & Equipment,SIDEWAYS,NEUTRAL,2.86,-3.27,-16.74,10.2,8.61,4.6
2026-08-21,Automobile OEMs,SIDEWAYS,WATCH,3.93,-1.81,-15.28,11.66,8.23,4.22
2026-08-21,Travel Tech SaaS Solutions,SIDEWAYS,BUY,8.7,4.83,-8.64,18.29,21.63,17.62
2026-08-21,Aluminium & Mining,SIDEWAYS,NEUTRAL,-1.1,-0.92,-14.39,12.55,0.34,-3.67
2026-08-21,Renewable Energy - Solar & Wind,SIDEWAYS,AVOID,-5.9,-3.14,-16.61,10.33,-13.31,-17.32
2026-08-21,Tea & Coffee,SIDEWAYS,NEUTRAL,-0.75,-3.35,-16.82,10.12,-4.95,-8.96
2026-08-21,Construction Materials,SIDEWAYS,WATCH,8.26,0.59,-12.88,14.05,21.21,17.2
2026-08-21,Fast Moving Consumer Goods,SIDEWAYS,NEUTRAL,-3.82,-2.97,-16.44,10.5,-4.26,-8.27
2026-08-21,Services,SIDEWAYS,NEUTRAL,-2.49,-3.25,-16.72,10.21,-3.97,-7.98
2026-08-21,Fertilizers,SIDEWAYS,AVOID,-6.32,-4.6,-18.07,8.87,-15.82,-19.83
2026-08-21,Fertilizers & Agrochemicals,SIDEWAYS,AVOID,-6.72,-3.34,-16.81,10.13,-14.03,-18.04
2026-08-21,Semiconductors & Electronic Components,SIDEWAYS,AVOID,-6.93,8.07,-5.4,21.54,-15.88,-19.89
2026-08-21,Saw Pipes & Ductile Iron Pipes,SIDEWAYS,WATCH,12.18,3.17,-10.3,16.64,27.73,23.72
2026-08-21,Financial Services,SIDEWAYS,AVOID,-4.46,-3.23,-16.69,10.24,-7.79,-11.8
2026-08-21,Footwear,SIDEWAYS,AVOID,-8.45,5.59,-7.88,19.05,-16.54,-20.55
2026-08-21,Rubber Chemicals,SIDEWAYS,AVOID,-5.82,0.69,-12.77,14.16,-15.74,-19.75
2026-08-21,Gas Distribution,SIDEWAYS,AVOID,-9.88,0.67,-12.8,14.14,-17.08,-21.09
2026-08-21,Gas Transmission & Distribution,SIDEWAYS,AVOID,-5.28,-3.48,-16.95,9.99,-10.58,-14.59
2026-08-21,Roads & Highways EPC,SIDEWAYS,AVOID,-7.4,-1.54,-15.01,11.93,-17.84,-21.85
2026-08-21,Healthcare,SIDEWAYS,NEUTRAL,0.6,-1.92,-15.39,11.54,4.2,0.19
2026-08-21,Heavy Electrical Equipment,SIDEWAYS,NEUTRAL,7.74,6.6,-6.87,20.07,22.53,18.52
2026-08-21,Residential & Commercial Real Estate,SIDEWAYS,AVOID,-5.23,-3.82,-17.29,9.64,-9.74,-13.75
2026-08-21,Hospitals & Diagnostic Centres,SIDEWAYS,NEUTRAL,-2.58,-3.35,-16.81,10.12,-2.79,-6.8
2026-08-21,Hospitals & Healthcare Services,SIDEWAYS,NEUTRAL,-3.72,-0.28,-13.75,13.18,2.45,-1.56
2026-08-21,Renewable Energy Financing NBFC,SIDEWAYS,AVOID,-8.54,-8.41,-21.88,5.05,-19.05,-23.06
2026-08-21,Hotels & Restaurants,SIDEWAYS,AVOID,-4.48,-3.68,-17.15,9.79,-10.79,-14.8
2026-08-21,Explosives & Defence Chemicals,SIDEWAYS,BUY,4.44,0.54,-12.93,14.01,16.35,12.34
2026-08-21,Ship Building & Defence,SIDEWAYS,AVOID,-6.47,-2.42,-15.88,11.05,-8.3,-12.31
2026-08-21,Electronic Manufacturing Services (EMS),SIDEWAYS,WATCH,5.52,-1.93,-15.4,11.53,11.71,7.7
2026-08-21,Electronic Manufacturing Services (EMS),SIDEWAYS,AVOID,-8.11,-1.02,-14.48,12.45,-17.9,-21.91
2026-08-21,Superalloys & Special Metals,SIDEWAYS,BUY,2.91,3.96,-9.51,17.42,17.19,13.18
2026-08-21,Consumer Durables,SIDEWAYS,NEUTRAL,-2.11,-2.36,-15.83,11.11,0.44,-3.57
2026-08-21,Consumer Services,SIDEWAYS,WATCH,0.71,-3.58,-17.05,9.89,0.94,-3.07
2026-08-21,Sugar & Bio-Ethanol,SIDEWAYS,STRONG BUY,9.06,-2.22,-15.69,11.25,19.24,15.23
2026-08-21,Copper & Non-Ferrous Metals,SIDEWAYS,BUY,5.07,0.6,-12.87,14.07,18.0,13.99
2026-08-21,Copper Mining,SIDEWAYS,WATCH,9.01,6.71,-6.76,20.18,23.33,19.32
2026-08-21,Structural Steel Tubes & Pipes,SIDEWAYS,BUY,5.87,-0.32,-13.79,13.14,19.89,15.88
2026-08-21,Dairy Products,SIDEWAYS,WATCH,4.27,-0.41,-13.88,13.06,7.46,3.45
2026-08-21,Data Centers & Real Estate,SIDEWAYS,BUY,5.18,-0.2,-13.67,13.27,17.22,13.21
2026-08-21,Construction,SIDEWAYS,WATCH,5.79,0.24,-13.23,13.71,10.93,6.92
2026-08-21,Stockbroking & Financial Products,SIDEWAYS,AVOID,-4.02,-3.36,-16.82,10.11,-8.66,-12.67
2026-08-21,Diversified & Fashion Retail,SIDEWAYS,AVOID,-4.85,-3.39,-16.86,10.07,-10.63,-14.64
2026-08-21,Steel Manufacturing & Mining,SIDEWAYS,BUY,7.14,0.55,-12.92,14.02,19.78,15.77
2026-08-21,Diversified Commercial,SIDEWAYS,NEUTRAL,-1.45,-3.02,-16.49,10.45,-1.35,-5.36
2026-08-21,Diversified Retail,SIDEWAYS,NEUTRAL,-2.31,-2.58,-16.05,10.88,-5.22,-9.23
2026-08-21,Specialty Chemicals,SIDEWAYS,NEUTRAL,-4.12,-2.06,-15.53,11.41,-2.88,-6.89
2026-08-21,Edible Oils,SIDEWAYS,AVOID,-5.84,-0.5,-13.96,12.97,-14.35,-18.36
2026-08-21,Software Products & Digital Services,SIDEWAYS,WATCH,1.28,-3.14,-16.61,10.33,2.28,-1.73
2026-08-21,"Plywood, MDF & Laminates",SIDEWAYS,AVOID,-4.69,-2.92,-16.39,10.55,-9.61,-13.62
2026-08-21,Electronic Manufacturing Services (EMS),SIDEWAYS,AVOID,-7.16,-2.27,-15.74,11.2,-9.04,-13.05
2026-08-21,Diagnostic & Healthcare Laboratories,SIDEWAYS,AVOID,-7.93,0.6,-12.87,14.07,-16.16,-20.17
2026-08-21,Zinc & Silver Mining,SIDEWAYS,BUY,11.46,1.53,-11.94,15.0,26.43,22.42
