symbol,company_name,isin,series,industry,basic_industry,active,last_updated,macro_sector,sme_status
AAKAAR,AAKAAR,,SM,Precision Metal Fabrication,Precision Metal Fabrication,1,2026-08-22 20:45:04,METALS & FABRICATION,SME
AARADHYA,AARADHYA,,SM,Steel Pipes & Tubes,Steel Pipes & Tubes,1,2026-08-22 20:45:04,STEEL,SME
AATMAJ,AATMAJ,,SM,Hospitals & Healthcare Chains,Hospitals & Healthcare Chains,1,2026-08-22 20:45:04,HEALTHCARE SERVICES,SME
ABGSEC,ABGSEC,,EQ,Exchange Traded Funds (ETF),Exchange Traded Funds (ETF),0,2026-08-22 20:45:04,CAPITAL MARKETS,NON_SME
ABHAPOWER,ABHAPOWER,,SM,Conventional Thermal & Fossil Power,Conventional Thermal & Fossil Power,1,2026-08-22 20:45:04,POWER,SME
ABSL10BANK,ABSL10BANK,,EQ,Exchange Traded Funds (ETF),Exchange Traded Funds (ETF),0,2026-08-22 20:45:04,CAPITAL MARKETS,NON_SME
ABSLBANETF,ABSLBANETF,,EQ,Exchange Traded Funds (ETF),Exchange Traded Funds (ETF),0,2026-08-22 20:45:04,CAPITAL MARKETS,NON_SME
ABSLLIQUID,ABSLLIQUID,,EQ,Exchange Traded Funds (ETF),Exchange Traded Funds (ETF),0,2026-08-22 20:45:04,CAPITAL MARKETS,NON_SME
ABSLMSCIN,ABSLMSCIN,,EQ,Exchange Traded Funds (ETF),Exchange Traded Funds (ETF),0,2026-08-22 20:45:04,CAPITAL MARKETS,NON_SME
ABSLNN50ET,ABSLNN50ET,,EQ,Exchange Traded Funds (ETF),Exchange Traded Funds (ETF),0,2026-08-22 20:45:04,CAPITAL MARKETS,NON_SME
ABSLPSE,ABSLPSE,,EQ,Exchange Traded Funds (ETF),Exchange Traded Funds (ETF),0,2026-08-22 20:45:04,CAPITAL MARKETS,NON_SME
ABSMARINE,ABSMARINE,,ST,Marine Offshore Vessels & Tugs,Marine Offshore Vessels & Tugs,1,2026-08-22 20:45:04,SHIPBUILDING & PORTS,SME
ACCENTMIC,ACCENTMIC,,SM,Mid-Tier IT & Digital Solutions,Mid-Tier IT & Digital Solutions,1,2026-08-22 20:45:04,IT SERVICES,SME
ACCPL,ACCPL,,ST,Civil & Commercial Construction,Civil & Commercial Construction,1,2026-08-22 20:45:04,CONSTRUCTION & INFRASTRUCTURE,SME
ACTIVEINFR,ACTIVEINFR,,SM,Civil & Commercial Construction,Civil & Commercial Construction,1,2026-08-22 20:45:04,CONSTRUCTION & INFRASTRUCTURE,SME
ADDICTIVE,ADDICTIVE,,SM,Print Media & Publishing,Print Media & Publishing,1,2026-08-22 20:45:04,MEDIA & ENTERTAINMENT,SME
ADISOFT,ADISOFT,,SM,Mid-Tier IT & Digital Solutions,Mid-Tier IT & Digital Solutions,1,2026-08-22 20:45:04,IT SERVICES,SME
AERON,AERON,,SM,Aerospace & Fighter Aircraft,Aerospace & Fighter Aircraft,1,2026-08-22 20:45:04,DEFENCE & AEROSPACE,SME
AESTHETIK,AESTHETIK,,SM,Architectural Glass & Windows,Architectural Glass & Windows,1,2026-08-22 20:45:04,BUILDING MATERIALS,SME
AGARWALTUF,AGARWALTUF,,SM,Architectural Glass & Windows,Architectural Glass & Windows,1,2026-08-22 20:45:04,BUILDING MATERIALS,SME
AGNI,AGNI,,SM,Solar PV & Green Hydrogen,Solar PV & Green Hydrogen,1,2026-08-22 20:45:04,RENEWABLE ENERGY,SME
AHIMSA,AHIMSA,,ST,Industrial Minerals,Industrial Minerals,1,2026-08-22 20:45:04,MINING & MINERALS,SME
AILIMITED,AILIMITED,,SM,Cotton Spinning & Yarns,Cotton Spinning & Yarns,1,2026-08-22 20:45:04,TEXTILES,SME
AIMTRON,AIMTRON,,SM,Printed Circuit Boards (PCBA) & Components,Printed Circuit Boards (PCBA) & Components,1,2026-08-22 20:45:04,EMS & ELECTRONICS,SME
AISL,AISL,,SM,Mid-Tier IT & Digital Solutions,Mid-Tier IT & Digital Solutions,1,2026-08-22 20:45:04,IT SERVICES,SME
AKANKSHA,AKANKSHA,,SM,Power & Distribution Transformers,Power & Distribution Transformers,1,2026-08-22 20:45:04,ELECTRICAL EQUIPMENT,SME
AKIKO,AKIKO,,SM,Diversified Consumer & MSME NBFC,Diversified Consumer & MSME NBFC,1,2026-08-22 20:45:04,FINANCE & NBFC,SME
ALCODIS,ALCODIS,,SM,IMFL Spirits & Distilleries,IMFL Spirits & Distilleries,1,2026-08-22 20:45:04,BEVERAGES & DISTILLERIES,SME
ALLETEC,ALLETEC,,ST,Enterprise Software & SaaS,Enterprise Software & SaaS,1,2026-08-22 20:45:04,IT SERVICES,SME
ALPEXSOLAR,ALPEXSOLAR,,SM,Solar PV & Green Hydrogen,Solar PV & Green Hydrogen,1,2026-08-22 20:45:04,RENEWABLE ENERGY,SME
ALPHA,ALPHA,,EQ,Exchange Traded Funds (ETF),Exchange Traded Funds (ETF),0,2026-08-22 20:45:04,CAPITAL MARKETS,NON_SME
ALPHAETF,ALPHAETF,,EQ,Exchange Traded Funds (ETF),Exchange Traded Funds (ETF),0,2026-08-22 20:45:04,CAPITAL MARKETS,NON_SME
ALPL30IETF,ALPL30IETF,,EQ,Exchange Traded Funds (ETF),Exchange Traded Funds (ETF),0,2026-08-22 20:45:04,CAPITAL MARKETS,NON_SME
ALUWIND,ALUWIND,,SM,Architectural Glass & Windows,Architectural Glass & Windows,1,2026-08-22 20:45:04,BUILDING MATERIALS,SME
AMBAAUTO,AMBAAUTO,,SM,Auto Castings & Heavy Forgings,Auto Castings & Heavy Forgings,1,2026-08-22 20:45:04,AUTO ANCILLARIES,SME
AMBANIORGO,AMBANIORGO,,SM,Specialty Chemicals,Specialty Chemicals,1,2026-08-22 20:45:04,CHEMICALS,SME
AMCL,AMCL,,SM,Heavy Process Equipment & Machinery,Heavy Process Equipment & Machinery,1,2026-08-22 20:45:04,CAPITAL GOODS & MACHINERY,SME
AMEYA,AMEYA,,SM,Pumps & Compressors,Pumps & Compressors,1,2026-08-22 20:45:04,CAPITAL GOODS & MACHINERY,SME
ANAWIL,ANAWIL,,ST,Cotton Spinning & Yarns,Cotton Spinning & Yarns,1,2026-08-22 20:45:04,TEXTILES,SME
ANLON,ANLON,,SM,Pumps & Compressors,Pumps & Compressors,1,2026-08-22 20:45:04,CAPITAL GOODS & MACHINERY,SME
ANONDITA,ANONDITA,,SM,Medical Clinics & Equipment,Medical Clinics & Equipment,1,2026-08-22 20:45:04,HEALTHCARE SERVICES,SME
ANYA,ANYA,,SM,Engineered Polymers & Compounding,Engineered Polymers & Compounding,1,2026-08-22 20:45:04,PLASTICS & POLYMERS,SME
AONEGOLD,AONEGOLD,,EQ,Exchange Traded Funds (ETF),Exchange Traded Funds (ETF),0,2026-08-22 20:45:04,CAPITAL MARKETS,NON_SME
AONELIQUID,AONELIQUID,,EQ,Exchange Traded Funds (ETF),Exchange Traded Funds (ETF),0,2026-08-22 20:45:04,CAPITAL MARKETS,NON_SME
AONENIFTY,AONENIFTY,,EQ,Exchange Traded Funds (ETF),Exchange Traded Funds (ETF),0,2026-08-22 20:45:04,CAPITAL MARKETS,NON_SME
AONESILVER,AONESILVER,,EQ,Exchange Traded Funds (ETF),Exchange Traded Funds (ETF),0,2026-08-22 20:45:04,CAPITAL MARKETS,NON_SME
AONETMMQ50,AONETMMQ50,,EQ,Exchange Traded Funds (ETF),Exchange Traded Funds (ETF),0,2026-08-22 20:45:04,CAPITAL MARKETS,NON_SME
AONETOTAL,AONETOTAL,,EQ,Exchange Traded Funds (ETF),Exchange Traded Funds (ETF),0,2026-08-22 20:45:04,CAPITAL MARKETS,NON_SME
APEXECO,APEXECO,,ST,"Industrial Effluent, Desalination & ZLD","Industrial Effluent, Desalination & ZLD",1,2026-08-22 20:45:04,WATER TREATMENT,SME
APRAMEYA,APRAMEYA,,SM,Medical Clinics & Equipment,Medical Clinics & Equipment,1,2026-08-22 20:45:04,HEALTHCARE SERVICES,SME
APS,APS,,SM,Heavy Switchgear & Automation,Heavy Switchgear & Automation,1,2026-08-22 20:45:04,ELECTRICAL EQUIPMENT,SME
APSISAERO,APSISAERO,,ST,Aerospace & Fighter Aircraft,Aerospace & Fighter Aircraft,1,2026-08-22 20:45:04,DEFENCE & AEROSPACE,SME
ARABIAN,ARABIAN,,SM,Lubricants & Specialty Oils,Lubricants & Specialty Oils,1,2026-08-22 20:45:04,OIL & GAS,SME
ARCIIL,ARCIIL,,SM,Heavy Switchgear & Automation,Heavy Switchgear & Automation,1,2026-08-22 20:45:04,ELECTRICAL EQUIPMENT,SME
ARHAM,ARHAM,,SM,Flexible Packaging Films,Flexible Packaging Films,1,2026-08-22 20:45:04,PAPER & PACKAGING,SME
ARIHANTACA,ARIHANTACA,,SM,Education Academies & Publishing,Education Academies & Publishing,1,2026-08-22 20:45:04,EDUCATION & EDTECH,SME
ARMOUR,ARMOUR,,ST,Precision Defence Machining,Precision Defence Machining,1,2026-08-22 20:45:04,DEFENCE & AEROSPACE,SME
ARUNAYA,ARUNAYA,,SM,Pigments & Dyes,Pigments & Dyes,1,2026-08-22 20:45:04,CHEMICALS,SME
ARVINDPORT,ARVINDPORT,,SM,Commercial Ports & Terminals,Commercial Ports & Terminals,1,2026-08-22 20:45:04,SHIPBUILDING & PORTS,SME
ASHALOG,ASHALOG,,SM,3PL Logistics & Fleet Haulage,3PL Logistics & Fleet Haulage,1,2026-08-22 20:45:04,LOGISTICS & SUPPLY CHAIN,SME
ASHWINI,ASHWINI,,SM,Container Rail & Dry Ports,Container Rail & Dry Ports,1,2026-08-22 20:45:04,LOGISTICS & SUPPLY CHAIN,SME
ATCENERGY,ATCENERGY,,ST,Solar PV & Green Hydrogen,Solar PV & Green Hydrogen,1,2026-08-22 20:45:04,RENEWABLE ENERGY,SME
ATMASTCO,ATMASTCO,,SM,Precision Metal Fabrication,Precision Metal Fabrication,1,2026-08-22 20:45:04,METALS & FABRICATION,SME
AUSL,AUSL,,SM,Solar PV & Green Hydrogen,Solar PV & Green Hydrogen,1,2026-08-22 20:45:04,RENEWABLE ENERGY,SME
AUTOBEES,AUTOBEES,,EQ,Exchange Traded Funds (ETF),Exchange Traded Funds (ETF),0,2026-08-22 20:45:04,CAPITAL MARKETS,NON_SME
AUTOIETF,AUTOIETF,,EQ,Exchange Traded Funds (ETF),Exchange Traded Funds (ETF),0,2026-08-22 20:45:04,CAPITAL MARKETS,NON_SME
AVANA,AVANA,,ST,Container Rail & Dry Ports,Container Rail & Dry Ports,1,2026-08-22 20:45:04,LOGISTICS & SUPPLY CHAIN,SME
AVATAR,AVATAR,,ST,Heavy Process Equipment & Machinery,Heavy Process Equipment & Machinery,1,2026-08-22 20:45:04,CAPITAL GOODS & MACHINERY,SME
AVIANSH,AVIANSH,,SM,Engineered Polymers & Compounding,Engineered Polymers & Compounding,1,2026-08-22 20:45:04,PLASTICS & POLYMERS,SME
AVIENCE,AVIENCE,,SM,Finished Formulations,Finished Formulations,1,2026-08-22 20:45:04,PHARMACEUTICALS,SME
AVPINFRA,AVPINFRA,,SM,Roads & Highways EPC,Roads & Highways EPC,1,2026-08-22 20:45:04,CONSTRUCTION & INFRASTRUCTURE,SME
BAGDIGITAL,BAGDIGITAL,,SM,Television Broadcasting & OTT,Television Broadcasting & OTT,1,2026-08-22 20:45:04,MEDIA & ENTERTAINMENT,SME
BAHETI,BAHETI,,SM,Primary Aluminium,Primary Aluminium,1,2026-08-22 20:45:04,ALUMINIUM & COPPER,SME
BALAJIPHOS,BALAJIPHOS,,SM,Fertilizers & Soil Nutrients,Fertilizers & Soil Nutrients,1,2026-08-22 20:45:04,FERTILIZERS,SME
BALCO,BALCO,,SM,Primary Aluminium,Primary Aluminium,1,2026-08-22 20:45:04,ALUMINIUM & COPPER,SME
BANK10ADD,BANK10ADD,,EQ,Exchange Traded Funds (ETF),Exchange Traded Funds (ETF),0,2026-08-22 20:45:04,CAPITAL MARKETS,NON_SME
BANK10BETF,BANK10BETF,,EQ,Exchange Traded Funds (ETF),Exchange Traded Funds (ETF),0,2026-08-22 20:45:04,CAPITAL MARKETS,NON_SME
BANKADD,BANKADD,,EQ,Exchange Traded Funds (ETF),Exchange Traded Funds (ETF),0,2026-08-22 20:45:04,CAPITAL MARKETS,NON_SME
BANKBEES,BANKBEES,,EQ,Exchange Traded Funds (ETF),Exchange Traded Funds (ETF),0,2026-08-22 20:45:04,CAPITAL MARKETS,NON_SME
BANKBETA,BANKBETA,,EQ,Exchange Traded Funds (ETF),Exchange Traded Funds (ETF),0,2026-08-22 20:45:04,CAPITAL MARKETS,NON_SME
BANKBETF,BANKBETF,,EQ,Exchange Traded Funds (ETF),Exchange Traded Funds (ETF),0,2026-08-22 20:45:04,CAPITAL MARKETS,NON_SME
BANKETF,BANKETF,,EQ,Exchange Traded Funds (ETF),Exchange Traded Funds (ETF),0,2026-08-22 20:45:04,CAPITAL MARKETS,NON_SME
BANKIETF,BANKIETF,,EQ,Exchange Traded Funds (ETF),Exchange Traded Funds (ETF),0,2026-08-22 20:45:04,CAPITAL MARKETS,NON_SME
BANKNIFTY1,BANKNIFTY1,,EQ,Exchange Traded Funds (ETF),Exchange Traded Funds (ETF),0,2026-08-22 20:45:04,CAPITAL MARKETS,NON_SME
BANKPSU,BANKPSU,,EQ,Exchange Traded Funds (ETF),Exchange Traded Funds (ETF),0,2026-08-22 20:45:04,CAPITAL MARKETS,NON_SME
BARFLEX,BARFLEX,,SM,Flexible Packaging Films,Flexible Packaging Films,1,2026-08-22 20:45:04,PAPER & PACKAGING,SME
BASILIC,BASILIC,,SM,Music Labels & VFX Studios,Music Labels & VFX Studios,1,2026-08-22 20:45:04,MEDIA & ENTERTAINMENT,SME
BAWEJA,BAWEJA,,ST,Music Labels & VFX Studios,Music Labels & VFX Studios,1,2026-08-22 20:45:04,MEDIA & ENTERTAINMENT,SME
BBETF0432,BBETF0432,,EQ,Exchange Traded Funds (ETF),Exchange Traded Funds (ETF),0,2026-08-22 20:45:04,CAPITAL MARKETS,NON_SME
BBNPNBETF,BBNPNBETF,,EQ,Exchange Traded Funds (ETF),Exchange Traded Funds (ETF),0,2026-08-22 20:45:04,CAPITAL MARKETS,NON_SME
BBNPPGOLD,BBNPPGOLD,,EQ,Exchange Traded Funds (ETF),Exchange Traded Funds (ETF),0,2026-08-22 20:45:04,CAPITAL MARKETS,NON_SME
BEACON,BEACON,,SM,Marine Offshore Vessels & Tugs,Marine Offshore Vessels & Tugs,1,2026-08-22 20:45:04,SHIPBUILDING & PORTS,SME
BEWLTD,BEWLTD,,SM,Pumps & Compressors,Pumps & Compressors,1,2026-08-22 20:45:04,CAPITAL GOODS & MACHINERY,SME
BFSI,BFSI,,EQ,Exchange Traded Funds (ETF),Exchange Traded Funds (ETF),0,2026-08-22 20:45:04,CAPITAL MARKETS,NON_SME
BHADORA,BHADORA,,ST,Industrial Minerals,Industrial Minerals,1,2026-08-22 20:45:04,MINING & MINERALS,SME
BIKEWO,BIKEWO,,ST,Electric Vehicles (EV),Electric Vehicles (EV),1,2026-08-22 20:45:04,AUTOMOBILE,SME
BIOPOL,BIOPOL,,SM,Specialty Chemicals,Specialty Chemicals,1,2026-08-22 20:45:04,CHEMICALS,SME
BIRDYS,BIRDYS,,SM,Packaged Foods & Snacks,Packaged Foods & Snacks,1,2026-08-22 20:45:04,FOOD PROCESSING,SME
BLUEPEBBLE,BLUEPEBBLE,,SM,Design & Facility Architecture,Design & Facility Architecture,1,2026-08-22 20:45:04,PROFESSIONAL & CONSUMER SERVICES,SME
BLUEWATER,BLUEWATER,,ST,Marine Offshore Vessels & Tugs,Marine Offshore Vessels & Tugs,1,2026-08-22 20:45:04,SHIPBUILDING & PORTS,SME
BMETRICS,BMETRICS,,SM,Enterprise Software & SaaS,Enterprise Software & SaaS,1,2026-08-22 20:45:04,IT SERVICES,SME
BMLL,BMLL,,SM,Precision Metal Fabrication,Precision Metal Fabrication,1,2026-08-22 20:45:04,METALS & FABRICATION,SME
BNKETFAXIS,BNKETFAXIS,,EQ,Exchange Traded Funds (ETF),Exchange Traded Funds (ETF),0,2026-08-22 20:45:04,CAPITAL MARKETS,NON_SME
BOSS,BOSS,,SM,Kitchen Appliances & Cookware,Kitchen Appliances & Cookware,1,2026-08-22 20:45:04,CONSUMER DURABLES,SME
BRACEPORT,BRACEPORT,,SM,Express Parcel & Courier,Express Parcel & Courier,1,2026-08-22 20:45:04,LOGISTICS & SUPPLY CHAIN,SME
BRANDMAN,BRANDMAN,,SM,Sports & Athleisure Footwear,Sports & Athleisure Footwear,1,2026-08-22 20:45:04,FOOTWEAR,SME
BSE500IETF,BSE500IETF,,EQ,Exchange Traded Funds (ETF),Exchange Traded Funds (ETF),0,2026-08-22 20:45:04,CAPITAL MARKETS,NON_SME
BSLGOLDETF,BSLGOLDETF,,EQ,Exchange Traded Funds (ETF),Exchange Traded Funds (ETF),0,2026-08-22 20:45:04,CAPITAL MARKETS,NON_SME
BSLNIFTY,BSLNIFTY,,EQ,Exchange Traded Funds (ETF),Exchange Traded Funds (ETF),0,2026-08-22 20:45:04,CAPITAL MARKETS,NON_SME
BSLSENETFG,BSLSENETFG,,EQ,Exchange Traded Funds (ETF),Exchange Traded Funds (ETF),0,2026-08-22 20:45:04,CAPITAL MARKETS,NON_SME
BULKCORP,BULKCORP,,SM,Paperboard & Packaging Cartons,Paperboard & Packaging Cartons,1,2026-08-22 20:45:04,PAPER & PACKAGING,SME
C2C,C2C,,SM,Defence Electronics & Radars,Defence Electronics & Radars,1,2026-08-22 20:45:04,DEFENCE & AEROSPACE,SME
CANARYS,CANARYS,,SM,Mid-Tier IT & Digital Solutions,Mid-Tier IT & Digital Solutions,1,2026-08-22 20:45:04,IT SERVICES,SME
CASHIETF,CASHIETF,,EQ,Exchange Traded Funds (ETF),Exchange Traded Funds (ETF),0,2026-08-22 20:45:04,CAPITAL MARKETS,NON_SME
CEDAAR,CEDAAR,,ST,Cotton Spinning & Yarns,Cotton Spinning & Yarns,1,2026-08-22 20:45:04,TEXTILES,SME
CELLECOR,CELLECOR,,SM,Home Appliances (White Goods),Home Appliances (White Goods),1,2026-08-22 20:45:04,CONSUMER DURABLES,SME
CELLPOINT,CELLPOINT,,SM,Specialty Retail Boutiques,Specialty Retail Boutiques,1,2026-08-22 20:45:04,RETAIL,SME
CEMNTGROWW,CEMNTGROWW,,EQ,Integrated Grey Cement,Integrated Grey Cement,0,2026-08-22 20:45:04,CEMENT,NON_SME
CGRAPHICS,CGRAPHICS,,SM,Print Media & Publishing,Print Media & Publishing,1,2026-08-22 20:45:04,MEDIA & ENTERTAINMENT,SME
CHANDAN,CHANDAN,,SM,Ayurvedic & Herbal Care,Ayurvedic & Herbal Care,1,2026-08-22 20:45:04,FMCG & PERSONAL CARE,SME
CHAVDA,CHAVDA,,SM,Civil & Commercial Construction,Civil & Commercial Construction,1,2026-08-22 20:45:04,CONSTRUCTION & INFRASTRUCTURE,SME
CHEMICAL,CHEMICAL,,EQ,Industrial & Basic Chemicals,Industrial & Basic Chemicals,1,2026-08-22 20:45:04,CHEMICALS,NON_SME
CHETANA,CHETANA,,SM,Education Academies & Publishing,Education Academies & Publishing,1,2026-08-22 20:45:04,EDUCATION & EDTECH,SME
CHOICEGOLD,CHOICEGOLD,,EQ,Exchange Traded Funds (ETF),Exchange Traded Funds (ETF),0,2026-08-22 20:45:04,CAPITAL MARKETS,NON_SME
CKKRETAIL,CKKRETAIL,,SM,Specialty Retail Boutiques,Specialty Retail Boutiques,1,2026-08-22 20:45:04,RETAIL,SME
CLASSICEIL,CLASSICEIL,,SM,Plywood & Laminates,Plywood & Laminates,1,2026-08-22 20:45:04,BUILDING MATERIALS,SME
CLAYCRAFT,CLAYCRAFT,,SM,Ceramic Tiles & Sanitaryware,Ceramic Tiles & Sanitaryware,1,2026-08-22 20:45:04,BUILDING MATERIALS,SME
CLSL,CLSL,,ST,Crop Protection Formulations,Crop Protection Formulations,1,2026-08-22 20:45:04,AGRICULTURE & AGROCHEMICALS,SME
CMNL,CMNL,,SM,Precision Machine Tools & Fasteners,Precision Machine Tools & Fasteners,1,2026-08-22 20:45:04,CAPITAL GOODS & MACHINERY,SME
COMMITTED,COMMITTED,,SM,Freight Forwarding & Multi-Modal Cargo,Freight Forwarding & Multi-Modal Cargo,1,2026-08-22 20:45:04,LOGISTICS & SUPPLY CHAIN,SME
COMMOIETF,COMMOIETF,,EQ,Exchange Traded Funds (ETF),Exchange Traded Funds (ETF),0,2026-08-22 20:45:04,CAPITAL MARKETS,NON_SME
CONNPLEX,CONNPLEX,,SM,Film Multiplex Theatres,Film Multiplex Theatres,1,2026-08-22 20:45:04,MEDIA & ENTERTAINMENT,SME
CONS,CONS,,EQ,Civil & Commercial Construction,Civil & Commercial Construction,1,2026-08-22 20:45:04,CONSTRUCTION & INFRASTRUCTURE,NON_SME
CONSUMAXIS,CONSUMAXIS,,EQ,Exchange Traded Funds (ETF),Exchange Traded Funds (ETF),0,2026-08-22 20:45:04,CAPITAL MARKETS,NON_SME
CONSUMBEES,CONSUMBEES,,EQ,Exchange Traded Funds (ETF),Exchange Traded Funds (ETF),0,2026-08-22 20:45:04,CAPITAL MARKETS,NON_SME
CONSUMER,CONSUMER,,EQ,Exchange Traded Funds (ETF),Exchange Traded Funds (ETF),0,2026-08-22 20:45:04,CAPITAL MARKETS,NON_SME
CONSUMIETF,CONSUMIETF,,EQ,Exchange Traded Funds (ETF),Exchange Traded Funds (ETF),0,2026-08-22 20:45:04,CAPITAL MARKETS,NON_SME
COOLCAPS,COOLCAPS,,ST,Moulded Plastics & Packaging,Moulded Plastics & Packaging,1,2026-08-22 20:45:04,PAPER & PACKAGING,SME
CPS,CPS,,SM,Business Process Management (BPM),Business Process Management (BPM),1,2026-08-22 20:45:04,SERVICES & MEDIA,SME
CPSEETF,CPSEETF,,EQ,Exchange Traded Funds (ETF),Exchange Traded Funds (ETF),0,2026-08-22 20:45:04,CAPITAL MARKETS,NON_SME
CRAYONS,CRAYONS,,SM,Print Media & Publishing,Print Media & Publishing,1,2026-08-22 20:45:04,MEDIA & ENTERTAINMENT,SME
CREDENT,CREDENT,,ST,Diversified Consumer & MSME NBFC,Diversified Consumer & MSME NBFC,1,2026-08-22 20:45:04,FINANCE & NBFC,SME
CSSL,CSSL,,SM,Mid-Tier IT & Digital Solutions,Mid-Tier IT & Digital Solutions,1,2026-08-22 20:45:04,IT SERVICES,SME
CUDML,CUDML,,ST,Civil & Commercial Construction,Civil & Commercial Construction,1,2026-08-22 20:45:04,CONSTRUCTION & INFRASTRUCTURE,SME
CURIS,CURIS,,SM,Finished Formulations,Finished Formulations,1,2026-08-22 20:45:04,PHARMACEUTICALS,SME
DANISH,DANISH,,SM,Power & Distribution Transformers,Power & Distribution Transformers,1,2026-08-22 20:45:04,ELECTRICAL EQUIPMENT,SME
DCCL,DCCL,,SM,Microfinance & MSME Lending,Microfinance & MSME Lending,1,20260827_224508,FINANCE & NBFC,SME
DCG,DCG,,SM,Precision Machine Tools & Fasteners,Precision Machine Tools & Fasteners,1,2026-08-22 20:45:04,CAPITAL GOODS & MACHINERY,SME
DEEM,DEEM,,ST,Precision Machine Tools & Fasteners,Precision Machine Tools & Fasteners,1,2026-08-22 20:45:04,CAPITAL GOODS & MACHINERY,SME
DEFENCE,DEFENCE,,EQ,Precision Defence Machining,Precision Defence Machining,1,2026-08-22 20:45:04,DEFENCE & AEROSPACE,NON_SME
DELAPLEX,DELAPLEX,,SM,Mid-Tier IT & Digital Solutions,Mid-Tier IT & Digital Solutions,1,2026-08-22 20:45:04,IT SERVICES,SME
DELTIC,DELTIC,,SM,Electric Vehicles (EV),Electric Vehicles (EV),1,2026-08-22 20:45:04,AUTOMOBILE,SME
DENEERS,DENEERS,,SM,Packaged Foods & Snacks,Packaged Foods & Snacks,1,2026-08-22 20:45:04,FOOD PROCESSING,SME
DENTALKART,DENTALKART,,SM,Medical Clinics & Equipment,Medical Clinics & Equipment,1,2026-08-22 20:45:04,HEALTHCARE SERVICES,SME
DHANLAXMI,DHANLAXMI,,SM,Private Sector Banks,Private Sector Banks,1,2026-08-22 20:45:04,BANKING,SME
DHANSA,DHANSA,,SM,Cotton Spinning & Yarns,Cotton Spinning & Yarns,1,2026-08-22 20:45:04,TEXTILES,SME
DHARARAIL,DHARARAIL,,ST,Railway Signaling & Track EPC,Railway Signaling & Track EPC,1,2026-08-22 20:45:04,RAILWAYS,SME
DHARIWAL,DHARIWAL,,SM,Sugar Refining & Bio-Ethanol,Sugar Refining & Bio-Ethanol,1,2026-08-22 20:45:04,SUGAR & BIO-ETHANOL,SME
DHTL,DHTL,,SM,Civil & Commercial Construction,Civil & Commercial Construction,1,2026-08-22 20:45:04,CONSTRUCTION & INFRASTRUCTURE,SME
DIGIKORE,DIGIKORE,,SM,Music Labels & VFX Studios,Music Labels & VFX Studios,1,2026-08-22 20:45:04,MEDIA & ENTERTAINMENT,SME
DIVIDEND,DIVIDEND,,EQ,Commodity & Wholesale Trading,Commodity & Wholesale Trading,0,2026-08-22 20:45:04,COMMERCIAL TRADING,NON_SME
DIVINEHIRA,DIVINEHIRA,,ST,Bridal Gold Jewellery & Retail Showrooms,Bridal Gold Jewellery & Retail Showrooms,1,2026-08-22 20:45:04,JEWELLERY,SME
DIVOPPBEES,DIVOPPBEES,,EQ,Exchange Traded Funds (ETF),Exchange Traded Funds (ETF),0,2026-08-22 20:45:04,CAPITAL MARKETS,NON_SME
DKEGL,DKEGL,,SM,PCB Assembly & Fabrication,PCB Assembly & Fabrication,1,2026-08-22 20:45:04,EMS & ELECTRONICS,SME
DOLLEX,DOLLEX,,SM,Freight Forwarding & Multi-Modal Cargo,Freight Forwarding & Multi-Modal Cargo,1,2026-08-22 20:45:04,LOGISTICS & SUPPLY CHAIN,SME
DPEL,DPEL,,SM,Domestic Consumer Appliance EMS (AC/TV/Washing Machines),Domestic Consumer Appliance EMS (AC/TV/Washing Machines),1,2026-08-22 20:45:04,EMS & ELECTRONICS,SME
DRONE,DRONE,,SM,Aerospace & Fighter Aircraft,Aerospace & Fighter Aircraft,1,2026-08-22 20:45:04,DEFENCE & AEROSPACE,SME
DTL,DTL,,SM,Heavy Switchgear & Automation,Heavy Switchgear & Automation,1,2026-08-22 20:45:04,ELECTRICAL EQUIPMENT,SME
DUCOL,DUCOL,,SM,Pigments & Dyes,Pigments & Dyes,1,2026-08-22 20:45:04,CHEMICALS,SME
DUGLOBAL,DUGLOBAL,,SM,Commodity & Wholesale Trading,Commodity & Wholesale Trading,1,2026-08-22 20:45:04,COMMERCIAL TRADING,SME
DURLAX,DURLAX,,SM,Building Materials,Building Materials,1,2026-08-22 20:45:04,BUILDING MATERIALS,SME
DYNAMIC,DYNAMIC,,ST,Staffing & Workforce Security,Staffing & Workforce Security,1,2026-08-22 20:45:04,SERVICES & MEDIA,SME
E2ERAIL,E2ERAIL,,SM,Railway Signaling & Track EPC,Railway Signaling & Track EPC,1,2026-08-22 20:45:04,RAILWAYS,SME
EBANK10,EBANK10,,EQ,Exchange Traded Funds (ETF),Exchange Traded Funds (ETF),0,2026-08-22 20:45:04,CAPITAL MARKETS,NON_SME
EBANKNIFTY,EBANKNIFTY,,EQ,Exchange Traded Funds (ETF),Exchange Traded Funds (ETF),0,2026-08-22 20:45:04,CAPITAL MARKETS,NON_SME
EBBETF0430,EBBETF0430,,EQ,Exchange Traded Funds (ETF),Exchange Traded Funds (ETF),0,2026-08-22 20:45:04,CAPITAL MARKETS,NON_SME
EBBETF0431,EBBETF0431,,EQ,Exchange Traded Funds (ETF),Exchange Traded Funds (ETF),0,2026-08-22 20:45:04,CAPITAL MARKETS,NON_SME
EBBETF0433,EBBETF0433,,EQ,Exchange Traded Funds (ETF),Exchange Traded Funds (ETF),0,2026-08-22 20:45:04,CAPITAL MARKETS,NON_SME
ECAPINSURE,ECAPINSURE,,EQ,API & Bulk Drugs,API & Bulk Drugs,1,2026-08-22 20:45:04,PHARMACEUTICALS,NON_SME
ECOLINE,ECOLINE,,ST,Recycled Polyester & Eco-Yarns,Recycled Polyester & Eco-Yarns,1,2026-08-22 20:45:04,TEXTILES,SME
EEPL,EEPL,,SM,Heavy Infrastructure EPC,Heavy Infrastructure EPC,1,2026-08-22 20:45:04,CONSTRUCTION & INFRASTRUCTURE,SME
EFACTOR,EFACTOR,,SM,Print Media & Publishing,Print Media & Publishing,1,2026-08-22 20:45:04,MEDIA & ENTERTAINMENT,SME
EFFWA,EFFWA,,ST,"Industrial Effluent, Desalination & ZLD","Industrial Effluent, Desalination & ZLD",1,2026-08-22 20:45:04,WATER TREATMENT,SME
EFORCE,EFORCE,,SM,Electric Vehicles (EV),Electric Vehicles (EV),1,2026-08-22 20:45:04,AUTOMOBILE,SME
EGOLD,EGOLD,,EQ,Exchange Traded Funds (ETF),Exchange Traded Funds (ETF),0,2026-08-22 20:45:04,CAPITAL MARKETS,NON_SME
ELGNZ,ELGNZ,,SM,Garments & Apparel Exports,Garments & Apparel Exports,1,2026-08-22 20:45:04,TEXTILES,SME
ELIQUID,ELIQUID,,EQ,Exchange Traded Funds (ETF),Exchange Traded Funds (ETF),0,2026-08-22 20:45:04,CAPITAL MARKETS,NON_SME
ELM250,ELM250,,EQ,Diversified Consumer & MSME NBFC,Diversified Consumer & MSME NBFC,1,2026-08-22 20:45:04,FINANCE & NBFC,NON_SME
ELMDIV,ELMDIV,,EQ,Diversified Consumer & MSME NBFC,Diversified Consumer & MSME NBFC,1,2026-08-22 20:45:04,FINANCE & NBFC,NON_SME
EMAPARTNER,EMAPARTNER,,SM,Staffing & Workforce Security,Staffing & Workforce Security,1,2026-08-22 20:45:04,SERVICES & MEDIA,SME
EMETAL,EMETAL,,EQ,Secondary Steel & TMT Rebars,Secondary Steel & TMT Rebars,1,2026-08-22 20:45:04,STEEL,NON_SME
EMKAYTOOLS,EMKAYTOOLS,,SM,Precision Machine Tools & Fasteners,Precision Machine Tools & Fasteners,1,2026-08-22 20:45:04,CAPITAL GOODS & MACHINERY,SME
EMMIL,EMMIL,,SM,Precision Machine Tools & Fasteners,Precision Machine Tools & Fasteners,1,2026-08-22 20:45:04,CAPITAL GOODS & MACHINERY,SME
EMULTIMQ,EMULTIMQ,,EQ,Wealth Broking & Advisory,Wealth Broking & Advisory,1,2026-08-22 20:45:04,CAPITAL MARKETS,NON_SME
ENCOMPAS,ENCOMPAS,,SM,Advertising & Digital Marketing,Advertising & Digital Marketing,1,2026-08-22 20:45:04,SERVICES & MEDIA,SME
ENERGY,ENERGY,,EQ,Conventional Thermal & Fossil Power,Conventional Thermal & Fossil Power,1,2026-08-22 20:45:04,POWER,NON_SME
ENEXT50,ENEXT50,,EQ,Exchange Traded Funds (ETF),Exchange Traded Funds (ETF),0,2026-08-22 20:45:04,CAPITAL MARKETS,NON_SME
ENFUSE,ENFUSE,,SM,Specialty Chemicals,Specialty Chemicals,1,2026-08-22 20:45:04,CHEMICALS,SME
ENIFTY,ENIFTY,,EQ,Exchange Traded Funds (ETF),Exchange Traded Funds (ETF),0,2026-08-22 20:45:04,CAPITAL MARKETS,NON_SME
ENSER,ENSER,,SM,Business Process Management (BPM),Business Process Management (BPM),1,2026-08-22 20:45:04,SERVICES & MEDIA,SME
ENVIRO,ENVIRO,,SM,"Industrial Effluent, Desalination & ZLD","Industrial Effluent, Desalination & ZLD",1,2026-08-22 20:45:04,WATER TREATMENT,SME
EPWINDIA,EPWINDIA,,ST,Wind Turbines & Wind Energy,Wind Turbines & Wind Energy,1,2026-08-22 20:45:04,RENEWABLE ENERGY,SME
EQUAL200,EQUAL200,,EQ,Diversified Consumer & MSME NBFC,Diversified Consumer & MSME NBFC,1,2026-08-22 20:45:04,FINANCE & NBFC,NON_SME
EQUAL50,EQUAL50,,EQ,Diversified Consumer & MSME NBFC,Diversified Consumer & MSME NBFC,1,2026-08-22 20:45:04,FINANCE & NBFC,NON_SME
EQUAL50ADD,EQUAL50ADD,,EQ,Exchange Traded Funds (ETF),Exchange Traded Funds (ETF),0,2026-08-22 20:45:04,CAPITAL MARKETS,NON_SME
ESCONET,ESCONET,,SM,AI Servers & Supercomputing Hardware,AI Servers & Supercomputing Hardware,1,2026-08-22 20:45:04,DATA CENTERS & CLOUD,SME
ESENSEX,ESENSEX,,EQ,Exchange Traded Funds (ETF),Exchange Traded Funds (ETF),0,2026-08-22 20:45:04,CAPITAL MARKETS,NON_SME
ESFL,ESFL,,SM,Diversified Consumer & MSME NBFC,Diversified Consumer & MSME NBFC,1,2026-08-22 20:45:04,FINANCE & NBFC,SME
ESG,ESG,,EQ,Commodity & Wholesale Trading,Commodity & Wholesale Trading,0,2026-08-22 20:45:04,COMMERCIAL TRADING,NON_SME
ESILVER,ESILVER,,EQ,Exchange Traded Funds (ETF),Exchange Traded Funds (ETF),0,2026-08-22 20:45:04,CAPITAL MARKETS,NON_SME
ESPRIT,ESPRIT,,SM,Residential Townships & Commercial REITs,Residential Townships & Commercial REITs,1,2026-08-22 20:45:04,REAL ESTATE,SME
ETL,ETL,,SM,Mid-Tier IT & Digital Solutions,Mid-Tier IT & Digital Solutions,1,2026-08-22 20:45:04,IT SERVICES,SME
ETML,ETML,,SM,Cotton Spinning & Yarns,Cotton Spinning & Yarns,1,2026-08-22 20:45:04,TEXTILES,SME
EVIETF,EVIETF,,EQ,Exchange Traded Funds (ETF),Exchange Traded Funds (ETF),0,2026-08-22 20:45:04,CAPITAL MARKETS,NON_SME
EVINDIA,EVINDIA,,EQ,Precision Auto Engine Components,Precision Auto Engine Components,1,2026-08-22 20:45:04,AUTO ANCILLARIES,NON_SME
EXIMROUTES,EXIMROUTES,,SM,Freight Forwarding & Multi-Modal Cargo,Freight Forwarding & Multi-Modal Cargo,1,2026-08-22 20:45:04,LOGISTICS & SUPPLY CHAIN,SME
FALCONTECH,FALCONTECH,,SM,Mid-Tier IT & Digital Solutions,Mid-Tier IT & Digital Solutions,1,2026-08-22 20:45:04,IT SERVICES,SME
FELIX,FELIX,,SM,Water Infrastructure EPC & Supply,Water Infrastructure EPC & Supply,1,2026-08-22 20:45:04,WATER TREATMENT,SME
FIDEL,FIDEL,,SM,Mid-Tier IT & Digital Solutions,Mid-Tier IT & Digital Solutions,1,2026-08-22 20:45:04,IT SERVICES,SME
FINBUD,FINBUD,,SM,Diversified Consumer & MSME NBFC,Diversified Consumer & MSME NBFC,1,2026-08-22 20:45:04,FINANCE & NBFC,SME
FINIETF,FINIETF,,EQ,Exchange Traded Funds (ETF),Exchange Traded Funds (ETF),0,2026-08-22 20:45:04,CAPITAL MARKETS,NON_SME
FLEXIADD,FLEXIADD,,EQ,Exchange Traded Funds (ETF),Exchange Traded Funds (ETF),0,2026-08-22 20:45:04,CAPITAL MARKETS,NON_SME
FLYSBS,FLYSBS,,SM,Passenger Airlines,Passenger Airlines,1,2026-08-22 20:45:04,AVIATION,SME
FMCGADD,FMCGADD,,EQ,Exchange Traded Funds (ETF),Exchange Traded Funds (ETF),0,2026-08-22 20:45:04,CAPITAL MARKETS,NON_SME
FMCGIETF,FMCGIETF,,EQ,Exchange Traded Funds (ETF),Exchange Traded Funds (ETF),0,2026-08-22 20:45:04,CAPITAL MARKETS,NON_SME
FONEBOX,FONEBOX,,SM,Specialty Retail Boutiques,Specialty Retail Boutiques,1,2026-08-22 20:45:04,RETAIL,SME
FORCAS,FORCAS,,ST,Staffing & Workforce Security,Staffing & Workforce Security,1,2026-08-22 20:45:04,SERVICES & MEDIA,SME
FORGEAUTO,FORGEAUTO,,SM,Auto Castings & Heavy Forgings,Auto Castings & Heavy Forgings,1,2026-08-22 20:45:04,AUTO ANCILLARIES,SME
FRESHARA,FRESHARA,,ST,Packaged Foods & Snacks,Packaged Foods & Snacks,1,2026-08-22 20:45:04,FOOD PROCESSING,SME
FROG,FROG,,ST,Enterprise Software & SaaS,Enterprise Software & SaaS,1,2026-08-22 20:45:04,IT SERVICES,SME
FWSTC,FWSTC,,SM,Cotton Spinning & Yarns,Cotton Spinning & Yarns,1,2026-08-22 20:45:04,TEXTILES,SME
GANESHIN,GANESHIN,,ST,Packaged Foods & Snacks,Packaged Foods & Snacks,1,2026-08-22 20:45:04,FOOD PROCESSING,SME
GCHOTELS,GCHOTELS,,ST,Luxury Hotels & Resorts,Luxury Hotels & Resorts,1,2026-08-22 20:45:04,HOTELS & HOSPITALITY,SME
GENXAI,GENXAI,,SM,"AI Solutions, Analytics & Cloud Data","AI Solutions, Analytics & Cloud Data",1,2026-08-22 20:45:04,DATA CENTERS & CLOUD,SME
GGBL,GGBL,,SM,IMFL Spirits & Distilleries,IMFL Spirits & Distilleries,1,2026-08-22 20:45:04,BEVERAGES & DISTILLERIES,SME
GILT10BETA,GILT10BETA,,EQ,Exchange Traded Funds (ETF),Exchange Traded Funds (ETF),0,2026-08-22 20:45:04,CAPITAL MARKETS,NON_SME
GILT5BETA,GILT5BETA,,EQ,Exchange Traded Funds (ETF),Exchange Traded Funds (ETF),0,2026-08-22 20:45:04,CAPITAL MARKETS,NON_SME
GILT5YBEES,GILT5YBEES,,EQ,Exchange Traded Funds (ETF),Exchange Traded Funds (ETF),0,2026-08-22 20:45:04,CAPITAL MARKETS,NON_SME
GIRIRAJ,GIRIRAJ,,SM,Civil & Commercial Construction,Civil & Commercial Construction,1,2026-08-22 20:45:04,CONSTRUCTION & INFRASTRUCTURE,SME
GJL,GJL,,ST,Bridal Gold Jewellery & Retail Showrooms,Bridal Gold Jewellery & Retail Showrooms,1,2026-08-22 20:45:04,JEWELLERY,SME
GLOBALPET,GLOBALPET,,ST,Flexible Packaging Films,Flexible Packaging Films,1,2026-08-22 20:45:04,PAPER & PACKAGING,SME
GOLD1,GOLD1,,EQ,Exchange Traded Funds (ETF),Exchange Traded Funds (ETF),0,2026-08-22 20:45:04,CAPITAL MARKETS,NON_SME
GOLD360,GOLD360,,EQ,Exchange Traded Funds (ETF),Exchange Traded Funds (ETF),0,2026-08-22 20:45:04,CAPITAL MARKETS,NON_SME
GOLDADD,GOLDADD,,EQ,Exchange Traded Funds (ETF),Exchange Traded Funds (ETF),0,2026-08-22 20:45:04,CAPITAL MARKETS,NON_SME
GOLDAXIS,GOLDAXIS,,EQ,Exchange Traded Funds (ETF),Exchange Traded Funds (ETF),0,2026-08-22 20:45:04,CAPITAL MARKETS,NON_SME
GOLDBEES,GOLDBEES,,EQ,Exchange Traded Funds (ETF),Exchange Traded Funds (ETF),0,2026-08-22 20:45:04,CAPITAL MARKETS,NON_SME
GOLDBETA,GOLDBETA,,EQ,Exchange Traded Funds (ETF),Exchange Traded Funds (ETF),0,2026-08-22 20:45:04,CAPITAL MARKETS,NON_SME
GOLDBND,GOLDBND,,EQ,Exchange Traded Funds (ETF),Exchange Traded Funds (ETF),0,2026-08-22 20:45:04,CAPITAL MARKETS,NON_SME
GOLDCASE,GOLDCASE,,EQ,Exchange Traded Funds (ETF),Exchange Traded Funds (ETF),0,2026-08-22 20:45:04,CAPITAL MARKETS,NON_SME
GOLDETF,GOLDETF,,EQ,Exchange Traded Funds (ETF),Exchange Traded Funds (ETF),0,2026-08-22 20:45:04,CAPITAL MARKETS,NON_SME
GOLDIETF,GOLDIETF,,EQ,Exchange Traded Funds (ETF),Exchange Traded Funds (ETF),0,2026-08-22 20:45:04,CAPITAL MARKETS,NON_SME
GOLDKART,GOLDKART,,SM,Exchange Traded Funds (ETF),Exchange Traded Funds (ETF),0,2026-08-22 20:45:04,CAPITAL MARKETS,SME
GOLDSTAR,GOLDSTAR,,SM,Exchange Traded Funds (ETF),Exchange Traded Funds (ETF),0,2026-08-22 20:45:04,CAPITAL MARKETS,SME
GOYALSALT,GOYALSALT,,SM,Packaged Foods & Snacks,Packaged Foods & Snacks,1,2026-08-22 20:45:04,FOOD PROCESSING,SME
GPECO,GPECO,,ST,Solar PV & Green Hydrogen,Solar PV & Green Hydrogen,1,2026-08-22 20:45:04,RENEWABLE ENERGY,SME
GRAPHISAD,GRAPHISAD,,SM,Print Media & Publishing,Print Media & Publishing,1,2026-08-22 20:45:04,MEDIA & ENTERTAINMENT,SME
GRCL,GRCL,,SM,Residential Townships & Commercial REITs,Residential Townships & Commercial REITs,1,2026-08-22 20:45:04,REAL ESTATE,SME
GREENCHEF,GREENCHEF,,SM,Kitchen Homeware & Cookware,Kitchen Homeware & Cookware,1,2026-08-22 20:45:04,CONSUMER DURABLES,SME
GREENLEAF,GREENLEAF,,ST,Crop Protection Agrochemicals,Crop Protection Agrochemicals,1,2026-08-22 20:45:04,AGRICULTURE & AGROCHEMICALS,SME
GROWWCAPM,GROWWCAPM,,EQ,Exchange Traded Funds (ETF),Exchange Traded Funds (ETF),0,2026-08-22 20:45:04,CAPITAL MARKETS,NON_SME
GROWWCHEM,GROWWCHEM,,EQ,Exchange Traded Funds (ETF),Exchange Traded Funds (ETF),0,2026-08-22 20:45:04,CAPITAL MARKETS,NON_SME
GROWWDEFNC,GROWWDEFNC,,EQ,Exchange Traded Funds (ETF),Exchange Traded Funds (ETF),0,2026-08-22 20:45:04,CAPITAL MARKETS,NON_SME
GROWWEV,GROWWEV,,EQ,Exchange Traded Funds (ETF),Exchange Traded Funds (ETF),0,2026-08-22 20:45:04,CAPITAL MARKETS,NON_SME
GROWWGOLD,GROWWGOLD,,EQ,Exchange Traded Funds (ETF),Exchange Traded Funds (ETF),0,2026-08-22 20:45:04,CAPITAL MARKETS,NON_SME
GROWWHOSPI,GROWWHOSPI,,EQ,Exchange Traded Funds (ETF),Exchange Traded Funds (ETF),0,2026-08-22 20:45:04,CAPITAL MARKETS,NON_SME
GROWWLIQID,GROWWLIQID,,EQ,Exchange Traded Funds (ETF),Exchange Traded Funds (ETF),0,2026-08-22 20:45:04,CAPITAL MARKETS,NON_SME
GROWWLOVOL,GROWWLOVOL,,EQ,Exchange Traded Funds (ETF),Exchange Traded Funds (ETF),0,2026-08-22 20:45:04,CAPITAL MARKETS,NON_SME
GROWWMC150,GROWWMC150,,EQ,Exchange Traded Funds (ETF),Exchange Traded Funds (ETF),0,2026-08-22 20:45:04,CAPITAL MARKETS,NON_SME
GROWWMETAL,GROWWMETAL,,EQ,Exchange Traded Funds (ETF),Exchange Traded Funds (ETF),0,2026-08-22 20:45:04,CAPITAL MARKETS,NON_SME
GROWWMOM50,GROWWMOM50,,EQ,Exchange Traded Funds (ETF),Exchange Traded Funds (ETF),0,2026-08-22 20:45:04,CAPITAL MARKETS,NON_SME
GROWWN200,GROWWN200,,EQ,Exchange Traded Funds (ETF),Exchange Traded Funds (ETF),0,2026-08-22 20:45:04,CAPITAL MARKETS,NON_SME
GROWWNET,GROWWNET,,EQ,Exchange Traded Funds (ETF),Exchange Traded Funds (ETF),0,2026-08-22 20:45:04,CAPITAL MARKETS,NON_SME
GROWWNIFTY,GROWWNIFTY,,EQ,Exchange Traded Funds (ETF),Exchange Traded Funds (ETF),0,2026-08-22 20:45:04,CAPITAL MARKETS,NON_SME
GROWWNXT50,GROWWNXT50,,EQ,Exchange Traded Funds (ETF),Exchange Traded Funds (ETF),0,2026-08-22 20:45:04,CAPITAL MARKETS,NON_SME
GROWWPOWER,GROWWPOWER,,EQ,Exchange Traded Funds (ETF),Exchange Traded Funds (ETF),0,2026-08-22 20:45:04,CAPITAL MARKETS,NON_SME
GROWWPSE,GROWWPSE,,EQ,Exchange Traded Funds (ETF),Exchange Traded Funds (ETF),0,2026-08-22 20:45:04,CAPITAL MARKETS,NON_SME
GROWWPSUBK,GROWWPSUBK,,EQ,Exchange Traded Funds (ETF),Exchange Traded Funds (ETF),0,2026-08-22 20:45:04,CAPITAL MARKETS,NON_SME
GROWWRAIL,GROWWRAIL,,EQ,Exchange Traded Funds (ETF),Exchange Traded Funds (ETF),0,2026-08-22 20:45:04,CAPITAL MARKETS,NON_SME
GROWWRLTY,GROWWRLTY,,EQ,Exchange Traded Funds (ETF),Exchange Traded Funds (ETF),0,2026-08-22 20:45:04,CAPITAL MARKETS,NON_SME
GROWWSC250,GROWWSC250,,EQ,Exchange Traded Funds (ETF),Exchange Traded Funds (ETF),0,2026-08-22 20:45:04,CAPITAL MARKETS,NON_SME
GROWWSLVR,GROWWSLVR,,EQ,Exchange Traded Funds (ETF),Exchange Traded Funds (ETF),0,2026-08-22 20:45:04,CAPITAL MARKETS,NON_SME
GSEC10ABSL,GSEC10ABSL,,EQ,Exchange Traded Funds (ETF),Exchange Traded Funds (ETF),0,2026-08-22 20:45:04,CAPITAL MARKETS,NON_SME
GSEC10ADD,GSEC10ADD,,EQ,Exchange Traded Funds (ETF),Exchange Traded Funds (ETF),0,2026-08-22 20:45:04,CAPITAL MARKETS,NON_SME
GSEC10IETF,GSEC10IETF,,EQ,Exchange Traded Funds (ETF),Exchange Traded Funds (ETF),0,2026-08-22 20:45:04,CAPITAL MARKETS,NON_SME
GSEC10YEAR,GSEC10YEAR,,EQ,Exchange Traded Funds (ETF),Exchange Traded Funds (ETF),0,2026-08-22 20:45:04,CAPITAL MARKETS,NON_SME
GSEC5IETF,GSEC5IETF,,EQ,Exchange Traded Funds (ETF),Exchange Traded Funds (ETF),0,2026-08-22 20:45:04,CAPITAL MARKETS,NON_SME
GSMFOILS,GSMFOILS,,SM,Refining & Petrochemicals,Refining & Petrochemicals,1,2026-08-22 20:45:04,OIL & GAS,SME
GSTL,GSTL,,SM,Secondary Steel & TMT Rebars,Secondary Steel & TMT Rebars,1,2026-08-22 20:45:04,STEEL,SME
GURUNANAK,GURUNANAK,,SM,Precision Machine Tools & Fasteners,Precision Machine Tools & Fasteners,1,2026-08-22 20:45:04,CAPITAL GOODS & MACHINERY,SME
HAPPY,HAPPY,,SM,Auto Castings & Heavy Forgings,Auto Castings & Heavy Forgings,1,2026-08-22 20:45:04,AUTO ANCILLARIES,SME
HDFCBSE500,HDFCBSE500,,EQ,Private Sector Banks,Private Sector Banks,0,2026-08-22 20:45:04,BANKING,NON_SME
HDFCGOLD,HDFCGOLD,,EQ,Exchange Traded Funds (ETF),Exchange Traded Funds (ETF),0,2026-08-22 20:45:04,CAPITAL MARKETS,NON_SME
HDFCGROWTH,HDFCGROWTH,,EQ,Private Sector Banks,Private Sector Banks,0,2026-08-22 20:45:04,BANKING,NON_SME
HDFCLIQUID,HDFCLIQUID,,EQ,Exchange Traded Funds (ETF),Exchange Traded Funds (ETF),0,2026-08-22 20:45:04,CAPITAL MARKETS,NON_SME
HDFCLOWVOL,HDFCLOWVOL,,EQ,Exchange Traded Funds (ETF),Exchange Traded Funds (ETF),0,2026-08-22 20:45:04,CAPITAL MARKETS,NON_SME
HDFCMID150,HDFCMID150,,EQ,Exchange Traded Funds (ETF),Exchange Traded Funds (ETF),0,2026-08-22 20:45:04,CAPITAL MARKETS,NON_SME
HDFCMOMENT,HDFCMOMENT,,EQ,Exchange Traded Funds (ETF),Exchange Traded Funds (ETF),0,2026-08-22 20:45:04,CAPITAL MARKETS,NON_SME
HDFCNEXT50,HDFCNEXT50,,EQ,Exchange Traded Funds (ETF),Exchange Traded Funds (ETF),0,2026-08-22 20:45:04,CAPITAL MARKETS,NON_SME
HDFCNIF100,HDFCNIF100,,EQ,Private Sector Banks,Private Sector Banks,0,2026-08-22 20:45:04,BANKING,NON_SME
HDFCNIFBAN,HDFCNIFBAN,,EQ,Private Sector Banks,Private Sector Banks,0,2026-08-22 20:45:04,BANKING,NON_SME
HDFCNIFIT,HDFCNIFIT,,EQ,Private Sector Banks,Private Sector Banks,0,2026-08-22 20:45:04,BANKING,NON_SME
HDFCNIFTY,HDFCNIFTY,,EQ,Exchange Traded Funds (ETF),Exchange Traded Funds (ETF),0,2026-08-22 20:45:04,CAPITAL MARKETS,NON_SME
HDFCNIMEG,HDFCNIMEG,,EQ,Private Sector Banks,Private Sector Banks,0,2026-08-22 20:45:04,BANKING,NON_SME
HDFCPSUBK,HDFCPSUBK,,EQ,Private Sector Banks,Private Sector Banks,0,2026-08-22 20:45:04,BANKING,NON_SME
HDFCPVTBAN,HDFCPVTBAN,,EQ,Private Sector Banks,Private Sector Banks,0,2026-08-22 20:45:04,BANKING,NON_SME
HDFCQUAL,HDFCQUAL,,EQ,Private Sector Banks,Private Sector Banks,0,2026-08-22 20:45:04,BANKING,NON_SME
HDFCSENSEX,HDFCSENSEX,,EQ,Exchange Traded Funds (ETF),Exchange Traded Funds (ETF),0,2026-08-22 20:45:04,CAPITAL MARKETS,NON_SME
HDFCSILVER,HDFCSILVER,,EQ,Exchange Traded Funds (ETF),Exchange Traded Funds (ETF),0,2026-08-22 20:45:04,CAPITAL MARKETS,NON_SME
HDFCSML250,HDFCSML250,,EQ,Private Sector Banks,Private Sector Banks,0,2026-08-22 20:45:04,BANKING,NON_SME
HDFCVALUE,HDFCVALUE,,EQ,Exchange Traded Funds (ETF),Exchange Traded Funds (ETF),0,2026-08-22 20:45:04,CAPITAL MARKETS,NON_SME
HEALTHADD,HEALTHADD,,EQ,Exchange Traded Funds (ETF),Exchange Traded Funds (ETF),0,2026-08-22 20:45:04,CAPITAL MARKETS,NON_SME
HEALTHAXIS,HEALTHAXIS,,EQ,Finished Formulations,Finished Formulations,1,2026-08-22 20:45:04,PHARMACEUTICALS,NON_SME
HEALTHCARE,HEALTHCARE,,EQ,Finished Formulations,Finished Formulations,1,2026-08-22 20:45:04,PHARMACEUTICALS,NON_SME
HEALTHIETF,HEALTHIETF,,EQ,Exchange Traded Funds (ETF),Exchange Traded Funds (ETF),0,2026-08-22 20:45:04,CAPITAL MARKETS,NON_SME
HEALTHY,HEALTHY,,EQ,Finished Formulations,Finished Formulations,1,2026-08-22 20:45:04,PHARMACEUTICALS,NON_SME
HIGREEN,HIGREEN,,SM,Solar PV & Green Hydrogen,Solar PV & Green Hydrogen,1,2026-08-22 20:45:04,RENEWABLE ENERGY,SME
HNGSNGBEES,HNGSNGBEES,,EQ,Exchange Traded Funds (ETF),Exchange Traded Funds (ETF),0,2026-08-22 20:45:04,CAPITAL MARKETS,NON_SME
HOLMARC,HOLMARC,,SM,Precision Machine Tools & Fasteners,Precision Machine Tools & Fasteners,1,2026-08-22 20:45:04,CAPITAL GOODS & MACHINERY,SME
HOMESFY,HOMESFY,,SM,Residential Real Estate,Residential Real Estate,1,2026-08-22 20:45:04,REAL ESTATE,SME
HPTL,HPTL,,SM,Thermal & Renewable Power Generation,Thermal & Renewable Power Generation,1,2026-08-22 20:45:04,POWER,SME
HRHNEXT,HRHNEXT,,SM,Business Process Management (BPM),Business Process Management (BPM),1,2026-08-22 20:45:04,SERVICES & MEDIA,SME
HSBCGOLD,HSBCGOLD,,EQ,Exchange Traded Funds (ETF),Exchange Traded Funds (ETF),0,2026-08-22 20:45:04,CAPITAL MARKETS,NON_SME
HVAX,HVAX,,SM,Heavy Infrastructure EPC,Heavy Infrastructure EPC,1,2026-08-22 20:45:04,CONSTRUCTION & INFRASTRUCTURE,SME
HYBRIDETF,HYBRIDETF,,EQ,Exchange Traded Funds (ETF),Exchange Traded Funds (ETF),0,2026-08-22 20:45:04,CAPITAL MARKETS,NON_SME
ICELCO,ICELCO,,SM,Air Conditioners & Commercial HVAC,Air Conditioners & Commercial HVAC,1,2026-08-22 20:45:04,CONSUMER DURABLES,SME
ICICIB22,ICICIB22,,EQ,Private Sector Banks,Private Sector Banks,0,2026-08-22 20:45:04,BANKING,NON_SME
IDEALTECHO,IDEALTECHO,,SM,Mid-Tier IT & Digital Solutions,Mid-Tier IT & Digital Solutions,1,2026-08-22 20:45:04,IT SERVICES,SME
IDFNIFTYET,IDFNIFTYET,,EQ,Exchange Traded Funds (ETF),Exchange Traded Funds (ETF),0,2026-08-22 20:45:04,CAPITAL MARKETS,NON_SME
IEML,IEML,,SM,Advertising & Digital Marketing,Advertising & Digital Marketing,1,2026-08-22 20:45:04,SERVICES & MEDIA,SME
INFINIUM,INFINIUM,,SM,API & Bulk Drugs,API & Bulk Drugs,1,2026-08-22 20:45:04,PHARMACEUTICALS,SME
INFLUX,INFLUX,,SM,Tertiary Hospitals & Clinics,Tertiary Hospitals & Clinics,1,2026-08-22 20:45:04,HEALTHCARE SERVICES,SME
INFOLLION,INFOLLION,,SM,Staffing & Workforce Security,Staffing & Workforce Security,1,2026-08-22 20:45:04,SERVICES & MEDIA,SME
INFRA,INFRA,,EQ,Civil & Commercial Construction,Civil & Commercial Construction,1,2026-08-22 20:45:04,CONSTRUCTION & INFRASTRUCTURE,NON_SME
INFRABEES,INFRABEES,,EQ,Exchange Traded Funds (ETF),Exchange Traded Funds (ETF),0,2026-08-22 20:45:04,CAPITAL MARKETS,NON_SME
INFRAIETF,INFRAIETF,,EQ,Exchange Traded Funds (ETF),Exchange Traded Funds (ETF),0,2026-08-22 20:45:04,CAPITAL MARKETS,NON_SME
INNOMET,INNOMET,,ST,Metals & Fabrication,Metals & Fabrication,1,2026-08-22 20:45:04,METALS & FABRICATION,SME
INSPIRE,INSPIRE,,SM,Garments & Apparel Exports,Garments & Apparel Exports,1,2026-08-22 20:45:04,TEXTILES,SME
INSUREIETF,INSUREIETF,,EQ,Exchange Traded Funds (ETF),Exchange Traded Funds (ETF),0,2026-08-22 20:45:04,CAPITAL MARKETS,NON_SME
INTEGRITY,INTEGRITY,,ST,Wealth Broking & Advisory,Wealth Broking & Advisory,1,2026-08-22 20:45:04,CAPITAL MARKETS,SME
INTERNET,INTERNET,,EQ,Consumer Internet & Super Apps,Consumer Internet & Super Apps,1,2026-08-22 20:45:04,PROFESSIONAL & CONSUMER SERVICES,NON_SME
IPHL,IPHL,,SM,Finished Formulations,Finished Formulations,1,2026-08-22 20:45:04,PHARMACEUTICALS,SME
ISHAN,ISHAN,,SM,Pigments & Dyes,Pigments & Dyes,1,2026-08-22 20:45:04,CHEMICALS,SME
IT,IT,,EQ,Tier-1 IT Services,Tier-1 IT Services,1,2026-08-22 20:45:04,IT SERVICES,NON_SME
ITADD,ITADD,,EQ,Exchange Traded Funds (ETF),Exchange Traded Funds (ETF),0,2026-08-22 20:45:04,CAPITAL MARKETS,NON_SME
ITALIANE,ITALIANE,,SM,Ceramic Tiles & Sanitaryware,Ceramic Tiles & Sanitaryware,1,2026-08-22 20:45:04,BUILDING MATERIALS,SME
ITAXIS,ITAXIS,,EQ,Private Sector Banks,Private Sector Banks,0,2026-08-22 20:45:04,BANKING,NON_SME
ITBEES,ITBEES,,EQ,Exchange Traded Funds (ETF),Exchange Traded Funds (ETF),0,2026-08-22 20:45:04,CAPITAL MARKETS,NON_SME
ITBETA,ITBETA,,EQ,Exchange Traded Funds (ETF),Exchange Traded Funds (ETF),0,2026-08-22 20:45:04,CAPITAL MARKETS,NON_SME
ITETF,ITETF,,EQ,Exchange Traded Funds (ETF),Exchange Traded Funds (ETF),0,2026-08-22 20:45:04,CAPITAL MARKETS,NON_SME
ITIETF,ITIETF,,EQ,Exchange Traded Funds (ETF),Exchange Traded Funds (ETF),0,2026-08-22 20:45:04,CAPITAL MARKETS,NON_SME
ITTL,ITTL,,ST,Mid-Tier IT & Digital Solutions,Mid-Tier IT & Digital Solutions,1,2026-08-22 20:45:04,IT SERVICES,SME
IVZBANKNF,IVZBANKNF,,EQ,Exchange Traded Funds (ETF),Exchange Traded Funds (ETF),0,2026-08-22 20:45:04,CAPITAL MARKETS,NON_SME
IVZINGOLD,IVZINGOLD,,EQ,Exchange Traded Funds (ETF),Exchange Traded Funds (ETF),0,2026-08-22 20:45:04,CAPITAL MARKETS,NON_SME
IVZINNIFTY,IVZINNIFTY,,EQ,Exchange Traded Funds (ETF),Exchange Traded Funds (ETF),0,2026-08-22 20:45:04,CAPITAL MARKETS,NON_SME
IVZSENSEX,IVZSENSEX,,EQ,Exchange Traded Funds (ETF),Exchange Traded Funds (ETF),0,2026-08-22 20:45:04,CAPITAL MARKETS,NON_SME
IWARE,IWARE,,ST,Mid-Tier IT & Digital Solutions,Mid-Tier IT & Digital Solutions,1,2026-08-22 20:45:04,IT SERVICES,SME
JAINIK,JAINIK,,SM,Commodity & Wholesale Trading,Commodity & Wholesale Trading,1,2026-08-22 20:45:04,COMMERCIAL TRADING,SME
JALAN,JALAN,,ST,Cotton Spinning & Yarns,Cotton Spinning & Yarns,1,2026-08-22 20:45:04,TEXTILES,SME
JAYBEE,JAYBEE,,SM,Precision Auto Engine Components,Precision Auto Engine Components,1,2026-08-22 20:45:04,AUTO ANCILLARIES,SME
JAYESH,JAYESH,,SM,Ferro Alloys & Secondary Metals,Ferro Alloys & Secondary Metals,1,2026-08-22 20:45:04,METALS & FABRICATION,SME
JEYYAM,JEYYAM,,ST,Packaged Foods & Snacks,Packaged Foods & Snacks,1,2026-08-22 20:45:04,FOOD PROCESSING,SME
JFLLIFE,JFLLIFE,,SM,Finished Formulations,Finished Formulations,1,2026-08-22 20:45:04,PHARMACEUTICALS,SME
JIWANRAM,JIWANRAM,,SM,Garments & Apparel Exports,Garments & Apparel Exports,1,2026-08-22 20:45:04,TEXTILES,SME
JUNIORBEES,JUNIORBEES,,EQ,Exchange Traded Funds (ETF),Exchange Traded Funds (ETF),0,2026-08-22 20:45:04,CAPITAL MARKETS,NON_SME
JYOTIGLOBL,JYOTIGLOBL,,SM,Garments & Apparel Exports,Garments & Apparel Exports,1,2026-08-22 20:45:04,TEXTILES,SME
K2INFRA,K2INFRA,,ST,Roads & Highways EPC,Roads & Highways EPC,1,2026-08-22 20:45:04,CONSTRUCTION & INFRASTRUCTURE,SME
KALANA,KALANA,,SM,Packaged Foods & Snacks,Packaged Foods & Snacks,1,2026-08-22 20:45:04,FOOD PROCESSING,SME
KANDARP,KANDARP,,SM,Commodity & Wholesale Trading,Commodity & Wholesale Trading,1,2026-08-22 20:45:04,COMMERCIAL TRADING,SME
KARNIKA,KARNIKA,,SM,Garments & Apparel Exports,Garments & Apparel Exports,1,2026-08-22 20:45:04,TEXTILES,SME
KATARIA,KATARIA,,SM,Secondary Steel & TMT Rebars,Secondary Steel & TMT Rebars,1,2026-08-22 20:45:04,STEEL,SME
KAYTEX,KAYTEX,,SM,Cotton Spinning & Yarns,Cotton Spinning & Yarns,1,2026-08-22 20:45:04,TEXTILES,SME
KCEIL,KCEIL,,SM,Heavy Infrastructure EPC,Heavy Infrastructure EPC,1,2026-08-22 20:45:04,CONSTRUCTION & INFRASTRUCTURE,SME
KCK,KCK,,ST,Specialty Chemicals,Specialty Chemicals,1,2026-08-22 20:45:04,CHEMICALS,SME
KDL,KDL,,SM,Domestic Consumer Appliance EMS (AC/TV/Washing Machines),Domestic Consumer Appliance EMS (AC/TV/Washing Machines),1,2026-08-22 20:45:04,EMS & ELECTRONICS,SME
KEN,KEN,,SM,Enterprise Software & SaaS,Enterprise Software & SaaS,1,2026-08-22 20:45:04,IT SERVICES,SME
KHFM,KHFM,,SM,Staffing & Workforce Security,Staffing & Workforce Security,1,2026-08-22 20:45:04,SERVICES & MEDIA,SME
KKJEWELS,KKJEWELS,,SM,Gold Jewellery & Retail,Gold Jewellery & Retail,1,2026-08-22 20:45:04,JEWELLERY,SME
KLL,KLL,,SM,Freight Forwarding & Multi-Modal Cargo,Freight Forwarding & Multi-Modal Cargo,1,2026-08-22 20:45:04,LOGISTICS & SUPPLY CHAIN,SME
KODYTECH,KODYTECH,,ST,AI Servers & Supercomputing Hardware,AI Servers & Supercomputing Hardware,1,2026-08-22 20:45:04,DATA CENTERS & CLOUD,SME
KONSTELEC,KONSTELEC,,ST,Heavy Infrastructure EPC,Heavy Infrastructure EPC,1,2026-08-22 20:45:04,CONSTRUCTION & INFRASTRUCTURE,SME
KONTOR,KONTOR,,SM,Commercial REITs & Malls,Commercial REITs & Malls,1,2026-08-22 20:45:04,REAL ESTATE,SME
KORE,KORE,,SM,Secondary Steel & TMT Rebars,Secondary Steel & TMT Rebars,1,2026-08-22 20:45:04,STEEL,SME
KRISHCA,KRISHCA,,SM,Secondary Steel & TMT Rebars,Secondary Steel & TMT Rebars,1,2026-08-22 20:45:04,STEEL,SME
KRMAYURVED,KRMAYURVED,,SM,Ayurvedic & Herbal Care,Ayurvedic & Herbal Care,1,2026-08-22 20:45:04,FMCG & PERSONAL CARE,SME
LAKSHYA,LAKSHYA,,SM,Film Theatres & Broadcast Media,Film Theatres & Broadcast Media,1,2026-08-22 20:45:04,MEDIA & ENTERTAINMENT,SME
LAMOSAIC,LAMOSAIC,,ST,Plywood & Laminates,Plywood & Laminates,1,2026-08-22 20:45:04,BUILDING MATERIALS,SME
LARGEMID50,LARGEMID50,,EQ,Commodity & Wholesale Trading,Commodity & Wholesale Trading,0,2026-08-22 20:45:04,COMMERCIAL TRADING,NON_SME
LICMFGOLD,LICMFGOLD,,EQ,Exchange Traded Funds (ETF),Exchange Traded Funds (ETF),0,2026-08-22 20:45:04,CAPITAL MARKETS,NON_SME
LICNETFGSC,LICNETFGSC,,EQ,Exchange Traded Funds (ETF),Exchange Traded Funds (ETF),0,2026-08-22 20:45:04,CAPITAL MARKETS,NON_SME
LICNETFN50,LICNETFN50,,EQ,Exchange Traded Funds (ETF),Exchange Traded Funds (ETF),0,2026-08-22 20:45:04,CAPITAL MARKETS,NON_SME
LICNETFSEN,LICNETFSEN,,EQ,Exchange Traded Funds (ETF),Exchange Traded Funds (ETF),0,2026-08-22 20:45:04,CAPITAL MARKETS,NON_SME
LICNFNHGP,LICNFNHGP,,EQ,Diversified Consumer & MSME NBFC,Diversified Consumer & MSME NBFC,1,2026-08-22 20:45:04,FINANCE & NBFC,NON_SME
LICNMID100,LICNMID100,,EQ,Commodity & Wholesale Trading,Commodity & Wholesale Trading,0,2026-08-22 20:45:04,COMMERCIAL TRADING,NON_SME
LIQGRWBEES,LIQGRWBEES,,EQ,Exchange Traded Funds (ETF),Exchange Traded Funds (ETF),0,2026-08-22 20:45:04,CAPITAL MARKETS,NON_SME
LIQUID,LIQUID,,EQ,Exchange Traded Funds (ETF),Exchange Traded Funds (ETF),0,2026-08-22 20:45:04,CAPITAL MARKETS,NON_SME
LIQUID1,LIQUID1,,EQ,Exchange Traded Funds (ETF),Exchange Traded Funds (ETF),0,2026-08-22 20:45:04,CAPITAL MARKETS,NON_SME
LIQUIDADD,LIQUIDADD,,EQ,Exchange Traded Funds (ETF),Exchange Traded Funds (ETF),0,2026-08-22 20:45:04,CAPITAL MARKETS,NON_SME
LIQUIDBEES,LIQUIDBEES,,EQ,Exchange Traded Funds (ETF),Exchange Traded Funds (ETF),0,2026-08-22 20:45:04,CAPITAL MARKETS,NON_SME
LIQUIDBETA,LIQUIDBETA,,EQ,Exchange Traded Funds (ETF),Exchange Traded Funds (ETF),0,2026-08-22 20:45:04,CAPITAL MARKETS,NON_SME
LIQUIDBETF,LIQUIDBETF,,EQ,Exchange Traded Funds (ETF),Exchange Traded Funds (ETF),0,2026-08-22 20:45:04,CAPITAL MARKETS,NON_SME
LIQUIDCASE,LIQUIDCASE,,EQ,Exchange Traded Funds (ETF),Exchange Traded Funds (ETF),0,2026-08-22 20:45:04,CAPITAL MARKETS,NON_SME
LIQUIDETF,LIQUIDETF,,EQ,Exchange Traded Funds (ETF),Exchange Traded Funds (ETF),0,2026-08-22 20:45:04,CAPITAL MARKETS,NON_SME
LIQUIDIETF,LIQUIDIETF,,EQ,Exchange Traded Funds (ETF),Exchange Traded Funds (ETF),0,2026-08-22 20:45:04,CAPITAL MARKETS,NON_SME
LIQUIDPLUS,LIQUIDPLUS,,EQ,Exchange Traded Funds (ETF),Exchange Traded Funds (ETF),0,2026-08-22 20:45:04,CAPITAL MARKETS,NON_SME
LIQUIDSBI,LIQUIDSBI,,EQ,Exchange Traded Funds (ETF),Exchange Traded Funds (ETF),0,2026-08-22 20:45:04,CAPITAL MARKETS,NON_SME
LIQUIDSHRI,LIQUIDSHRI,,EQ,Exchange Traded Funds (ETF),Exchange Traded Funds (ETF),0,2026-08-22 20:45:04,CAPITAL MARKETS,NON_SME
LLOYDS,LLOYDS,,SM,Secondary Steel & TMT Rebars,Secondary Steel & TMT Rebars,1,2026-08-22 20:45:04,STEEL,SME
LOWVOL,LOWVOL,,EQ,Exchange Traded Funds (ETF),Exchange Traded Funds (ETF),0,2026-08-22 20:45:04,CAPITAL MARKETS,NON_SME
LOWVOL1,LOWVOL1,,EQ,Exchange Traded Funds (ETF),Exchange Traded Funds (ETF),0,2026-08-22 20:45:04,CAPITAL MARKETS,NON_SME
LOWVOLIETF,LOWVOLIETF,,EQ,Exchange Traded Funds (ETF),Exchange Traded Funds (ETF),0,2026-08-22 20:45:04,CAPITAL MARKETS,NON_SME
LRRPL,LRRPL,,SM,Civil & Commercial Construction,Civil & Commercial Construction,1,2026-08-22 20:45:04,CONSTRUCTION & INFRASTRUCTURE,SME
LTGILTBEES,LTGILTBEES,,EQ,Exchange Traded Funds (ETF),Exchange Traded Funds (ETF),0,2026-08-22 20:45:04,CAPITAL MARKETS,NON_SME
LTGILTCASE,LTGILTCASE,,EQ,Exchange Traded Funds (ETF),Exchange Traded Funds (ETF),0,2026-08-22 20:45:04,CAPITAL MARKETS,NON_SME
MACOBSTECH,MACOBSTECH,,SM,Personal Care & Soaps,Personal Care & Soaps,1,2026-08-22 20:45:04,FMCG & PERSONAL CARE,SME
MADHAVBAUG,MADHAVBAUG,,ST,Medical Clinics & Equipment,Medical Clinics & Equipment,1,2026-08-22 20:45:04,HEALTHCARE SERVICES,SME
MADHUSUDAN,MADHUSUDAN,,ST,Edible Oils & Vanaspati,Edible Oils & Vanaspati,1,2026-08-22 20:45:04,FOOD PROCESSING,SME
MAFANG,MAFANG,,EQ,Exchange Traded Funds (ETF),Exchange Traded Funds (ETF),0,2026-08-22 20:45:04,CAPITAL MARKETS,NON_SME
MAGSON,MAGSON,,SM,Grocery & Departmental Stores,Grocery & Departmental Stores,1,2026-08-22 20:45:04,RETAIL,SME
MAHICKRA,MAHICKRA,,SM,Pigments & Dyes,Pigments & Dyes,1,2026-08-22 20:45:04,CHEMICALS,SME
MAHKTECH,MAHKTECH,,EQ,Mid-Tier IT & Digital Solutions,Mid-Tier IT & Digital Solutions,1,2026-08-22 20:45:04,IT SERVICES,NON_SME
MAKEINDIA,MAKEINDIA,,EQ,Exchange Traded Funds (ETF),Exchange Traded Funds (ETF),0,2026-08-22 20:45:04,CAPITAL MARKETS,NON_SME
MAKS,MAKS,,SM,Industrial Compressors & Pumps,Industrial Compressors & Pumps,1,2026-08-22 20:45:04,CAPITAL GOODS & MACHINERY,SME
MANAV,MANAV,,SM,Civil & Commercial Construction,Civil & Commercial Construction,1,2026-08-22 20:45:04,CONSTRUCTION & INFRASTRUCTURE,SME
MANDEEP,MANDEEP,,SM,Auto Castings & Heavy Forgings,Auto Castings & Heavy Forgings,1,2026-08-22 20:45:04,AUTO ANCILLARIES,SME
MANUFGBEES,MANUFGBEES,,EQ,Exchange Traded Funds (ETF),Exchange Traded Funds (ETF),0,2026-08-22 20:45:04,CAPITAL MARKETS,NON_SME
MARC,MARC,,SM,Heavy Switchgear & Automation,Heavy Switchgear & Automation,1,2026-08-22 20:45:04,ELECTRICAL EQUIPMENT,SME
MARCO,MARCO,,SM,Packaged Foods & Snacks,Packaged Foods & Snacks,1,2026-08-22 20:45:04,FOOD PROCESSING,SME
MASON,MASON,,SM,Ceramic Tiles & Sanitaryware,Ceramic Tiles & Sanitaryware,1,2026-08-22 20:45:04,BUILDING MATERIALS,SME
MASPTOP50,MASPTOP50,,EQ,Commodity & Wholesale Trading,Commodity & Wholesale Trading,0,2026-08-22 20:45:04,COMMERCIAL TRADING,NON_SME
MAXPOSURE,MAXPOSURE,,SM,Print Media & Publishing,Print Media & Publishing,1,2026-08-22 20:45:04,MEDIA & ENTERTAINMENT,SME
MAXVOLT,MAXVOLT,,SM,PCB Assembly & Fabrication,PCB Assembly & Fabrication,1,2026-08-22 20:45:04,EMS & ELECTRONICS,SME
MDL,MDL,,ST,Naval Combat Warships & Submarines,Naval Combat Warships & Submarines,1,2026-08-22 20:45:04,DEFENCE & AEROSPACE,SME
MEDISTEP,MEDISTEP,,SM,Medical Clinics & Equipment,Medical Clinics & Equipment,1,2026-08-22 20:45:04,HEALTHCARE SERVICES,SME
MEGAFLEX,MEGAFLEX,,SM,Paperboard & Packaging Cartons,Paperboard & Packaging Cartons,1,2026-08-22 20:45:04,PAPER & PACKAGING,SME
MEGATHERM,MEGATHERM,,SM,Heavy Process Equipment & Machinery,Heavy Process Equipment & Machinery,1,2026-08-22 20:45:04,CAPITAL GOODS & MACHINERY,SME
METAL,METAL,,EQ,Secondary Steel & TMT Rebars,Secondary Steel & TMT Rebars,1,2026-08-22 20:45:04,STEEL,NON_SME
METALIC,METALIC,,SM,Secondary Steel & TMT Rebars,Secondary Steel & TMT Rebars,1,2026-08-22 20:45:04,STEEL,SME
METALIETF,METALIETF,,EQ,Exchange Traded Funds (ETF),Exchange Traded Funds (ETF),0,2026-08-22 20:45:04,CAPITAL MARKETS,NON_SME
MGSL,MGSL,,SM,Diversified Consumer & MSME NBFC,Diversified Consumer & MSME NBFC,1,2026-08-22 20:45:04,FINANCE & NBFC,SME
MHHL,MHHL,,SM,Luxury Hotels & Resorts,Luxury Hotels & Resorts,1,2026-08-22 20:45:04,HOTELS & HOSPITALITY,SME
MID150,MID150,,EQ,Exchange Traded Funds (ETF),Exchange Traded Funds (ETF),0,2026-08-22 20:45:04,CAPITAL MARKETS,NON_SME
MID150BEES,MID150BEES,,EQ,Exchange Traded Funds (ETF),Exchange Traded Funds (ETF),0,2026-08-22 20:45:04,CAPITAL MARKETS,NON_SME
MID150CASE,MID150CASE,,EQ,Exchange Traded Funds (ETF),Exchange Traded Funds (ETF),0,2026-08-22 20:45:04,CAPITAL MARKETS,NON_SME
MIDBANKADD,MIDBANKADD,,EQ,Exchange Traded Funds (ETF),Exchange Traded Funds (ETF),0,2026-08-22 20:45:04,CAPITAL MARKETS,NON_SME
MIDCAP,MIDCAP,,EQ,Commodity & Wholesale Trading,Commodity & Wholesale Trading,0,2026-08-22 20:45:04,COMMERCIAL TRADING,NON_SME
MIDCAPADD,MIDCAPADD,,EQ,Exchange Traded Funds (ETF),Exchange Traded Funds (ETF),0,2026-08-22 20:45:04,CAPITAL MARKETS,NON_SME
MIDCAPBETA,MIDCAPBETA,,EQ,Exchange Traded Funds (ETF),Exchange Traded Funds (ETF),0,2026-08-22 20:45:04,CAPITAL MARKETS,NON_SME
MIDCAPETF,MIDCAPETF,,EQ,Exchange Traded Funds (ETF),Exchange Traded Funds (ETF),0,2026-08-22 20:45:04,CAPITAL MARKETS,NON_SME
MIDCAPIETF,MIDCAPIETF,,EQ,Exchange Traded Funds (ETF),Exchange Traded Funds (ETF),0,2026-08-22 20:45:04,CAPITAL MARKETS,NON_SME
MIDQ50ADD,MIDQ50ADD,,EQ,Exchange Traded Funds (ETF),Exchange Traded Funds (ETF),0,2026-08-22 20:45:04,CAPITAL MARKETS,NON_SME
MIDSELIETF,MIDSELIETF,,EQ,Exchange Traded Funds (ETF),Exchange Traded Funds (ETF),0,2026-08-22 20:45:04,CAPITAL MARKETS,NON_SME
MIDSMALL,MIDSMALL,,EQ,Specialty Retail Boutiques,Specialty Retail Boutiques,1,2026-08-22 20:45:04,RETAIL,NON_SME
MIEL,MIEL,,SM,Cotton Spinning & Yarns,Cotton Spinning & Yarns,1,2026-08-22 20:45:04,TEXTILES,SME
MILTON,MILTON,,SM,Kitchen Homeware & Cookware,Kitchen Homeware & Cookware,1,2026-08-22 20:45:04,CONSUMER DURABLES,SME
MMEL,MMEL,,SM,Precision Machine Tools & Fasteners,Precision Machine Tools & Fasteners,1,2026-08-22 20:45:04,CAPITAL GOODS & MACHINERY,SME
MNC,MNC,,EQ,Diversified Consumer & MSME NBFC,Diversified Consumer & MSME NBFC,1,2026-08-22 20:45:04,FINANCE & NBFC,NON_SME
MOALPHA50,MOALPHA50,,EQ,Exchange Traded Funds (ETF),Exchange Traded Funds (ETF),0,2026-08-22 20:45:04,CAPITAL MARKETS,NON_SME
MOBANK10,MOBANK10,,EQ,Exchange Traded Funds (ETF),Exchange Traded Funds (ETF),0,2026-08-22 20:45:04,CAPITAL MARKETS,NON_SME
MOCAPITAL,MOCAPITAL,,EQ,API & Bulk Drugs,API & Bulk Drugs,0,2026-08-22 20:45:04,PHARMACEUTICALS,NON_SME
MODEFENCE,MODEFENCE,,EQ,Precision Defence Machining,Precision Defence Machining,0,2026-08-22 20:45:04,DEFENCE,NON_SME
MOENERGY,MOENERGY,,EQ,Conventional Thermal & Fossil Power,Conventional Thermal & Fossil Power,1,2026-08-22 20:45:04,POWER,NON_SME
MOGOLD,MOGOLD,,EQ,Exchange Traded Funds (ETF),Exchange Traded Funds (ETF),0,2026-08-22 20:45:04,CAPITAL MARKETS,NON_SME
MOGSEC,MOGSEC,,EQ,Exchange Traded Funds (ETF),Exchange Traded Funds (ETF),0,2026-08-22 20:45:04,CAPITAL MARKETS,NON_SME
MOHEALTH,MOHEALTH,,EQ,Finished Formulations,Finished Formulations,0,2026-08-22 20:45:04,PHARMACEUTICALS,NON_SME
MOINFRA,MOINFRA,,EQ,Civil & Commercial Construction,Civil & Commercial Construction,0,2026-08-22 20:45:04,CONSTRUCTION & INFRASTRUCTURE,NON_SME
MOIPO,MOIPO,,EQ,Wealth Broking & Advisory,Wealth Broking & Advisory,0,2026-08-22 20:45:04,CAPITAL MARKETS,NON_SME
MOLOWVOL,MOLOWVOL,,EQ,Exchange Traded Funds (ETF),Exchange Traded Funds (ETF),0,2026-08-22 20:45:04,CAPITAL MARKETS,NON_SME
MOM100,MOM100,,EQ,Exchange Traded Funds (ETF),Exchange Traded Funds (ETF),0,2026-08-22 20:45:04,CAPITAL MARKETS,NON_SME
MOM30IETF,MOM30IETF,,EQ,Exchange Traded Funds (ETF),Exchange Traded Funds (ETF),0,2026-08-22 20:45:04,CAPITAL MARKETS,NON_SME
MOM50,MOM50,,EQ,Exchange Traded Funds (ETF),Exchange Traded Funds (ETF),0,2026-08-22 20:45:04,CAPITAL MARKETS,NON_SME
MOMENTUM,MOMENTUM,,EQ,Exchange Traded Funds (ETF),Exchange Traded Funds (ETF),0,2026-08-22 20:45:04,CAPITAL MARKETS,NON_SME
MOMENTUM30,MOMENTUM30,,EQ,Exchange Traded Funds (ETF),Exchange Traded Funds (ETF),0,2026-08-22 20:45:04,CAPITAL MARKETS,NON_SME
MOMENTUM50,MOMENTUM50,,EQ,Exchange Traded Funds (ETF),Exchange Traded Funds (ETF),0,2026-08-22 20:45:04,CAPITAL MARKETS,NON_SME
MOMETAL,MOMETAL,,EQ,Exchange Traded Funds (ETF),Exchange Traded Funds (ETF),0,2026-08-22 20:45:04,CAPITAL MARKETS,NON_SME
MOMGF,MOMGF,,EQ,Exchange Traded Funds (ETF),Exchange Traded Funds (ETF),0,2026-08-22 20:45:04,CAPITAL MARKETS,NON_SME
MOMIDMTM,MOMIDMTM,,EQ,Exchange Traded Funds (ETF),Exchange Traded Funds (ETF),0,2026-08-22 20:45:04,CAPITAL MARKETS,NON_SME
MOMMIDCAP,MOMMIDCAP,,EQ,Exchange Traded Funds (ETF),Exchange Traded Funds (ETF),0,2026-08-22 20:45:04,CAPITAL MARKETS,NON_SME
MOMNC,MOMNC,,EQ,Exchange Traded Funds (ETF),Exchange Traded Funds (ETF),0,2026-08-22 20:45:04,CAPITAL MARKETS,NON_SME
MOMOMENTUM,MOMOMENTUM,,EQ,Exchange Traded Funds (ETF),Exchange Traded Funds (ETF),0,2026-08-22 20:45:04,CAPITAL MARKETS,NON_SME
MON100,MON100,,EQ,Commodity & Wholesale Trading,Commodity & Wholesale Trading,0,2026-08-22 20:45:04,COMMERCIAL TRADING,NON_SME
MON50EQUAL,MON50EQUAL,,EQ,Commodity & Wholesale Trading,Commodity & Wholesale Trading,0,2026-08-22 20:45:04,COMMERCIAL TRADING,NON_SME
MONEXT50,MONEXT50,,EQ,Exchange Traded Funds (ETF),Exchange Traded Funds (ETF),0,2026-08-22 20:45:04,CAPITAL MARKETS,NON_SME
MONIFTY100,MONIFTY100,,EQ,Exchange Traded Funds (ETF),Exchange Traded Funds (ETF),0,2026-08-22 20:45:04,CAPITAL MARKETS,NON_SME
MONIFTY500,MONIFTY500,,EQ,Exchange Traded Funds (ETF),Exchange Traded Funds (ETF),0,2026-08-22 20:45:04,CAPITAL MARKETS,NON_SME
MONOLITH,MONOLITH,,SM,Commodity & Wholesale Trading,Commodity & Wholesale Trading,0,2026-08-22 20:45:04,COMMERCIAL TRADING,SME
MONOPHARMA,MONOPHARMA,,SM,Finished Formulations,Finished Formulations,0,2026-08-22 20:45:04,PHARMACEUTICALS,SME
MONQ50,MONQ50,,EQ,Commodity & Wholesale Trading,Commodity & Wholesale Trading,0,2026-08-22 20:45:04,COMMERCIAL TRADING,NON_SME
MOOILGAS,MOOILGAS,,EQ,Refining & Petrochemicals,Refining & Petrochemicals,1,2026-08-22 20:45:04,OIL & GAS,NON_SME
MOPSE,MOPSE,,EQ,Commodity & Wholesale Trading,Commodity & Wholesale Trading,0,2026-08-22 20:45:04,COMMERCIAL TRADING,NON_SME
MOQUALITY,MOQUALITY,,EQ,Exchange Traded Funds (ETF),Exchange Traded Funds (ETF),0,2026-08-22 20:45:04,CAPITAL MARKETS,NON_SME
MOREALTY,MOREALTY,,EQ,Secondary Steel & TMT Rebars,Secondary Steel & TMT Rebars,0,2026-08-22 20:45:04,STEEL,NON_SME
MOS,MOS,,ST,Enterprise Software & SaaS,Enterprise Software & SaaS,1,2026-08-22 20:45:04,IT SERVICES,SME
MOSERVICE,MOSERVICE,,EQ,Consumer Internet Platforms & Apps,Consumer Internet Platforms & Apps,1,2026-08-22 20:45:04,SERVICES & MEDIA,NON_SME
MOSILVER,MOSILVER,,EQ,Exchange Traded Funds (ETF),Exchange Traded Funds (ETF),0,2026-08-22 20:45:04,CAPITAL MARKETS,NON_SME
MOSMALL250,MOSMALL250,,EQ,Exchange Traded Funds (ETF),Exchange Traded Funds (ETF),0,2026-08-22 20:45:04,CAPITAL MARKETS,NON_SME
MOTOUR,MOTOUR,,EQ,Online Travel Agency (OTA) & Flight Booking,Online Travel Agency (OTA) & Flight Booking,1,2026-08-22 20:45:04,HOTELS & HOSPITALITY,NON_SME
MOVALUE,MOVALUE,,EQ,Exchange Traded Funds (ETF),Exchange Traded Funds (ETF),0,2026-08-22 20:45:04,CAPITAL MARKETS,NON_SME
MPEL,MPEL,,ST,Wires & Cables,Wires & Cables,1,2026-08-22 20:45:04,CONSUMER ELECTRICALS,SME
MRIL,MRIL,,ST,Residential Townships & Commercial REITs,Residential Townships & Commercial REITs,1,2026-08-22 20:45:04,REAL ESTATE,SME
MSCI360,MSCI360,,EQ,Wealth Broking & Advisory,Wealth Broking & Advisory,0,2026-08-22 20:45:04,CAPITAL MARKETS,NON_SME
MSCIADD,MSCIADD,,EQ,Exchange Traded Funds (ETF),Exchange Traded Funds (ETF),0,2026-08-22 20:45:04,CAPITAL MARKETS,NON_SME
MSCIINDIA,MSCIINDIA,,EQ,Wealth Broking & Advisory,Wealth Broking & Advisory,0,2026-08-22 20:45:04,CAPITAL MARKETS,NON_SME
MULTICAP,MULTICAP,,EQ,Mutual Fund Asset Managers (AMC),Mutual Fund Asset Managers (AMC),0,2026-08-22 20:45:04,CAPITAL MARKETS,NON_SME
MUNISH,MUNISH,,SM,Garments & Apparel Exports,Garments & Apparel Exports,1,2026-08-22 20:45:04,TEXTILES,SME
MVKAGRO,MVKAGRO,,SM,Sugar Refining & Bio-Ethanol,Sugar Refining & Bio-Ethanol,1,2026-08-22 20:45:04,SUGAR & BIO-ETHANOL,SME
MYMUDRA,MYMUDRA,,SM,Diversified Consumer & MSME NBFC,Diversified Consumer & MSME NBFC,1,2026-08-22 20:45:04,FINANCE & NBFC,SME
NAMAN,NAMAN,,SM,Civil & Commercial Construction,Civil & Commercial Construction,1,2026-08-22 20:45:04,CONSTRUCTION & INFRASTRUCTURE,SME
NAMOEWASTE,NAMOEWASTE,,ST,Staffing & Security Services,Staffing & Security Services,1,2026-08-22 20:45:04,PROFESSIONAL & CONSUMER SERVICES,SME
NEOCHEM,NEOCHEM,,ST,Specialty Chemicals,Specialty Chemicals,1,2026-08-22 20:45:04,CHEMICALS,SME
NEPHROCARE,NEPHROCARE,,ST,Hospitals & Healthcare Chains,Hospitals & Healthcare Chains,1,2026-08-22 20:45:04,HEALTHCARE SERVICES,SME
NEPTUNE,NEPTUNE,,SM,Freight Forwarding & Multi-Modal Cargo,Freight Forwarding & Multi-Modal Cargo,1,2026-08-22 20:45:04,LOGISTICS & SUPPLY CHAIN,SME
NETF,NETF,,EQ,Exchange Traded Funds (ETF),Exchange Traded Funds (ETF),0,2026-08-22 20:45:04,CAPITAL MARKETS,NON_SME
NEWJAISA,NEWJAISA,,ST,Mid-Tier IT & Digital Solutions,Mid-Tier IT & Digital Solutions,1,2026-08-22 20:45:04,IT SERVICES,SME
NEXT30ADD,NEXT30ADD,,EQ,Exchange Traded Funds (ETF),Exchange Traded Funds (ETF),0,2026-08-22 20:45:04,CAPITAL MARKETS,NON_SME
NEXT50,NEXT50,,EQ,Exchange Traded Funds (ETF),Exchange Traded Funds (ETF),0,2026-08-22 20:45:04,CAPITAL MARKETS,NON_SME
NEXT50ADD,NEXT50ADD,,EQ,Exchange Traded Funds (ETF),Exchange Traded Funds (ETF),0,2026-08-22 20:45:04,CAPITAL MARKETS,NON_SME
NEXT50BETA,NEXT50BETA,,EQ,Exchange Traded Funds (ETF),Exchange Traded Funds (ETF),0,2026-08-22 20:45:04,CAPITAL MARKETS,NON_SME
NEXT50ETF,NEXT50ETF,,EQ,Exchange Traded Funds (ETF),Exchange Traded Funds (ETF),0,2026-08-22 20:45:04,CAPITAL MARKETS,NON_SME
NEXT50IETF,NEXT50IETF,,EQ,Exchange Traded Funds (ETF),Exchange Traded Funds (ETF),0,2026-08-22 20:45:04,CAPITAL MARKETS,NON_SME
NFPSAMPOOR,NFPSAMPOOR,,SM,Diversified Consumer & MSME NBFC,Diversified Consumer & MSME NBFC,1,2026-08-22 20:45:04,FINANCE & NBFC,SME
NIDAN,NIDAN,,SM,Diagnostic & Pathology Labs,Diagnostic & Pathology Labs,1,2026-08-22 20:45:04,HEALTHCARE SERVICES,SME
NIF100BEES,NIF100BEES,,EQ,Exchange Traded Funds (ETF),Exchange Traded Funds (ETF),0,2026-08-22 20:45:04,CAPITAL MARKETS,NON_SME
NIF100IETF,NIF100IETF,,EQ,Exchange Traded Funds (ETF),Exchange Traded Funds (ETF),0,2026-08-22 20:45:04,CAPITAL MARKETS,NON_SME
NIFTY1,NIFTY1,,EQ,Exchange Traded Funds (ETF),Exchange Traded Funds (ETF),0,2026-08-22 20:45:04,CAPITAL MARKETS,NON_SME
NIFTY100EW,NIFTY100EW,,EQ,Exchange Traded Funds (ETF),Exchange Traded Funds (ETF),0,2026-08-22 20:45:04,CAPITAL MARKETS,NON_SME
NIFTYADD,NIFTYADD,,EQ,Exchange Traded Funds (ETF),Exchange Traded Funds (ETF),0,2026-08-22 20:45:04,CAPITAL MARKETS,NON_SME
NIFTYAXIS,NIFTYAXIS,,EQ,Exchange Traded Funds (ETF),Exchange Traded Funds (ETF),0,2026-08-22 20:45:04,CAPITAL MARKETS,NON_SME
NIFTYBEES,NIFTYBEES,,EQ,Exchange Traded Funds (ETF),Exchange Traded Funds (ETF),0,2026-08-22 20:45:04,CAPITAL MARKETS,NON_SME
NIFTYBETA,NIFTYBETA,,EQ,Exchange Traded Funds (ETF),Exchange Traded Funds (ETF),0,2026-08-22 20:45:04,CAPITAL MARKETS,NON_SME
NIFTYBETF,NIFTYBETF,,EQ,Exchange Traded Funds (ETF),Exchange Traded Funds (ETF),0,2026-08-22 20:45:04,CAPITAL MARKETS,NON_SME
NIFTYCASE,NIFTYCASE,,EQ,Exchange Traded Funds (ETF),Exchange Traded Funds (ETF),0,2026-08-22 20:45:04,CAPITAL MARKETS,NON_SME
NIFTYETF,NIFTYETF,,EQ,Exchange Traded Funds (ETF),Exchange Traded Funds (ETF),0,2026-08-22 20:45:04,CAPITAL MARKETS,NON_SME
NIFTYIETF,NIFTYIETF,,EQ,Exchange Traded Funds (ETF),Exchange Traded Funds (ETF),0,2026-08-22 20:45:04,CAPITAL MARKETS,NON_SME
NIFTYJBLK,NIFTYJBLK,,EQ,Exchange Traded Funds (ETF),Exchange Traded Funds (ETF),0,2026-08-22 20:45:04,CAPITAL MARKETS,NON_SME
NIFTYQLITY,NIFTYQLITY,,EQ,Exchange Traded Funds (ETF),Exchange Traded Funds (ETF),0,2026-08-22 20:45:04,CAPITAL MARKETS,NON_SME
NIKITA,NIKITA,,SM,Paperboard & Packaging Cartons,Paperboard & Packaging Cartons,1,2026-08-22 20:45:04,PAPER & PACKAGING,SME
NIRMAN,NIRMAN,,SM,Civil & Commercial Construction,Civil & Commercial Construction,1,2026-08-22 20:45:04,CONSTRUCTION & INFRASTRUCTURE,SME
NPBET,NPBET,,EQ,Wealth Broking & Advisory,Wealth Broking & Advisory,0,2026-08-22 20:45:04,CAPITAL MARKETS,NON_SME
NRVANDANA,NRVANDANA,,ST,Civil & Commercial Construction,Civil & Commercial Construction,1,2026-08-22 20:45:04,CONSTRUCTION & INFRASTRUCTURE,SME
NV20,NV20,,EQ,Exchange Traded Funds (ETF),Exchange Traded Funds (ETF),0,2026-08-22 20:45:04,CAPITAL MARKETS,NON_SME
NV20BEES,NV20BEES,,EQ,Exchange Traded Funds (ETF),Exchange Traded Funds (ETF),0,2026-08-22 20:45:04,CAPITAL MARKETS,NON_SME
NV20IETF,NV20IETF,,EQ,Exchange Traded Funds (ETF),Exchange Traded Funds (ETF),0,2026-08-22 20:45:04,CAPITAL MARKETS,NON_SME
OBSCP,OBSCP,,SM,Business Process Management (BPM),Business Process Management (BPM),1,2026-08-22 20:45:04,SERVICES & MEDIA,SME
OILIETF,OILIETF,,EQ,Exchange Traded Funds (ETF),Exchange Traded Funds (ETF),0,2026-08-22 20:45:04,CAPITAL MARKETS,NON_SME
OLIL,OLIL,,SM,Edible Oils & Vanaspati,Edible Oils & Vanaspati,1,2026-08-22 20:45:04,FOOD PROCESSING,SME
ONDOOR,ONDOOR,,SM,Grocery & Departmental Stores,Grocery & Departmental Stores,1,2026-08-22 20:45:04,RETAIL,SME
OPTIMYSTIX,OPTIMYSTIX,,ST,Television Broadcasting & OTT,Television Broadcasting & OTT,1,2026-08-22 20:45:04,MEDIA & ENTERTAINMENT,SME
OPTIVALUE,OPTIVALUE,,ST,Exchange Traded Funds (ETF),Exchange Traded Funds (ETF),0,2026-08-22 20:45:04,CAPITAL MARKETS,SME
ORIANA,ORIANA,,SM,Solar PV & Green Hydrogen,Solar PV & Green Hydrogen,1,2026-08-22 20:45:04,RENEWABLE ENERGY,SME
OSELDEVICE,OSELDEVICE,,SM,Precision Auto Engine Components,Precision Auto Engine Components,1,2026-08-22 20:45:04,AUTO ANCILLARIES,SME
OWAIS,OWAIS,,ST,Industrial Minerals,Industrial Minerals,1,2026-08-22 20:45:04,MINING & MINERALS,SME
PARAGON,PARAGON,,SM,Sports & Athleisure Footwear,Sports & Athleisure Footwear,1,2026-08-22 20:45:04,FOOTWEAR,SME
PARAMOUNT,PARAMOUNT,,SM,Wires & Cables,Wires & Cables,1,2026-08-22 20:45:04,CONSUMER ELECTRICALS,SME
PARIN,PARIN,,SM,Furniture & Mattresses,Furniture & Mattresses,1,2026-08-22 20:45:04,CONSUMER DURABLES,SME
PARTH,PARTH,,SM,Commodity & Wholesale Trading,Commodity & Wholesale Trading,1,2026-08-22 20:45:04,COMMERCIAL TRADING,SME
PARTYCRUS,PARTYCRUS,,SM,Advertising & Digital Marketing,Advertising & Digital Marketing,1,2026-08-22 20:45:04,SERVICES & MEDIA,SME
PATILAUTOM,PATILAUTOM,,SM,Precision Auto Engine Components,Precision Auto Engine Components,1,2026-08-22 20:45:04,AUTO ANCILLARIES,SME
PCCL,PCCL,,SM,Calcined Petroleum Coke & Industrial Carbon,Calcined Petroleum Coke & Industrial Carbon,1,20260827_224508,CHEMICALS & PETROCHEMICALS,SME
PELATRO,PELATRO,,SM,Enterprise Software & SaaS,Enterprise Software & SaaS,1,2026-08-22 20:45:04,IT SERVICES,SME
PENTAGON,PENTAGON,,SM,Precision Machine Tools & Fasteners,Precision Machine Tools & Fasteners,1,2026-08-22 20:45:04,CAPITAL GOODS & MACHINERY,SME
PERFECT,PERFECT,,SZ,Precision Powertrain Engine Components,Precision Powertrain Engine Components,1,2026-08-22 20:45:04,AUTO ANCILLARIES,SME
PHANTOMFX,PHANTOMFX,,SM,Music Labels & VFX Studios,Music Labels & VFX Studios,1,2026-08-22 20:45:04,MEDIA & ENTERTAINMENT,SME
PHARMABEES,PHARMABEES,,EQ,Exchange Traded Funds (ETF),Exchange Traded Funds (ETF),0,2026-08-22 20:45:04,CAPITAL MARKETS,NON_SME
PHOGLOBAL,PHOGLOBAL,,SM,Commodity & Wholesale Trading,Commodity & Wholesale Trading,1,2026-08-22 20:45:04,COMMERCIAL TRADING,SME
POLYSIL,POLYSIL,,SM,Solar PV & Green Hydrogen,Solar PV & Green Hydrogen,1,2026-08-22 20:45:04,RENEWABLE ENERGY,SME
POSITRON,POSITRON,,SM,Diagnostic & Pathology Labs,Diagnostic & Pathology Labs,1,2026-08-22 20:45:04,HEALTHCARE SERVICES,SME
PPSL,PPSL,,SM,Cotton Spinning & Yarns,Cotton Spinning & Yarns,1,2026-08-22 20:45:04,TEXTILES,SME
PRAMARA,PRAMARA,,SM,Print Media & Publishing,Print Media & Publishing,1,2026-08-22 20:45:04,MEDIA & ENTERTAINMENT,SME
PRAMODINI,PRAMODINI,,ST,Cotton Spinning & Yarns,Cotton Spinning & Yarns,1,2026-08-22 20:45:04,TEXTILES,SME
PRANIK,PRANIK,,SM,Civil & Commercial Construction,Civil & Commercial Construction,1,2026-08-22 20:45:04,CONSTRUCTION & INFRASTRUCTURE,SME
PRATHAM,PRATHAM,,SM,Optical Fiber & Telecom Infrastructure,Optical Fiber & Telecom Infrastructure,1,2026-08-22 20:45:04,TELECOM,SME
PREMIUM,PREMIUM,,SM,Diversified Consumer & MSME NBFC,Diversified Consumer & MSME NBFC,1,2026-08-22 20:45:04,FINANCE & NBFC,SME
PRESSTONIC,PRESSTONIC,,SM,"Rolling Stock, Wagons & Vande Bharat Trainsets","Rolling Stock, Wagons & Vande Bharat Trainsets",1,2026-08-22 20:45:04,RAILWAYS,SME
PRIMECAB,PRIMECAB,,ST,Wires & Cables,Wires & Cables,1,2026-08-22 20:45:04,CONSUMER ELECTRICALS,SME
PRIZOR,PRIZOR,,ST,PCB Assembly & Fabrication,PCB Assembly & Fabrication,1,2026-08-22 20:45:04,EMS & ELECTRONICS,SME
PRLIND,PRLIND,,SM,Residential Townships & Commercial REITs,Residential Townships & Commercial REITs,1,2026-08-22 20:45:04,REAL ESTATE,SME
PROLIFE,PROLIFE,,SM,Tertiary Hospitals & Clinics,Tertiary Hospitals & Clinics,1,2026-08-22 20:45:04,HEALTHCARE SERVICES,SME
PROPEQUITY,PROPEQUITY,,SM,Enterprise Software & SaaS,Enterprise Software & SaaS,1,2026-08-22 20:45:04,IT SERVICES,SME
PROPSHOP,PROPSHOP,,SM,Residential Real Estate,Residential Real Estate,1,2026-08-22 20:45:04,REAL ESTATE,SME
PROV,PROV,,SM,Packaged Foods & Snacks,Packaged Foods & Snacks,1,2026-08-22 20:45:04,FOOD PROCESSING,SME
PSFL,PSFL,,SM,Diversified Consumer & MSME NBFC,Diversified Consumer & MSME NBFC,1,2026-08-22 20:45:04,FINANCE & NBFC,SME
PSRAJ,PSRAJ,,ST,Edible Oils & Vanaspati,Edible Oils & Vanaspati,1,2026-08-22 20:45:04,FOOD PROCESSING,SME
PSUBANK,PSUBANK,,EQ,Exchange Traded Funds (ETF),Exchange Traded Funds (ETF),0,2026-08-22 20:45:04,CAPITAL MARKETS,NON_SME
PSUBANKADD,PSUBANKADD,,EQ,Exchange Traded Funds (ETF),Exchange Traded Funds (ETF),0,2026-08-22 20:45:04,CAPITAL MARKETS,NON_SME
PSUBNKBEES,PSUBNKBEES,,EQ,Exchange Traded Funds (ETF),Exchange Traded Funds (ETF),0,2026-08-22 20:45:04,CAPITAL MARKETS,NON_SME
PSUBNKIETF,PSUBNKIETF,,EQ,Exchange Traded Funds (ETF),Exchange Traded Funds (ETF),0,2026-08-22 20:45:04,CAPITAL MARKETS,NON_SME
PULZ,PULZ,,SM,Consumer Electronics,Consumer Electronics,1,2026-08-22 20:45:04,CONSUMER ELECTRONICS,SME
PURPLEUTED,PURPLEUTED,,ST,Film Theatres & Broadcast Media,Film Theatres & Broadcast Media,1,2026-08-22 20:45:04,MEDIA & ENTERTAINMENT,SME
PUSHPA,PUSHPA,,SM,Commodity & Wholesale Trading,Commodity & Wholesale Trading,1,2026-08-22 20:45:04,COMMERCIAL TRADING,SME
PVTBANIETF,PVTBANIETF,,EQ,Exchange Traded Funds (ETF),Exchange Traded Funds (ETF),0,2026-08-22 20:45:04,CAPITAL MARKETS,NON_SME
PVTBANK,PVTBANK,,EQ,Exchange Traded Funds (ETF),Exchange Traded Funds (ETF),0,2026-08-22 20:45:04,CAPITAL MARKETS,NON_SME
PVTBANKADD,PVTBANKADD,,EQ,Exchange Traded Funds (ETF),Exchange Traded Funds (ETF),0,2026-08-22 20:45:04,CAPITAL MARKETS,NON_SME
PVTBKGROWW,PVTBKGROWW,,EQ,Exchange Traded Funds (ETF),Exchange Traded Funds (ETF),0,2026-08-22 20:45:04,CAPITAL MARKETS,NON_SME
QGOLDHALF,QGOLDHALF,,EQ,Exchange Traded Funds (ETF),Exchange Traded Funds (ETF),0,2026-08-22 20:45:04,CAPITAL MARKETS,NON_SME
QLINE,QLINE,,SM,Diagnostic & Pathology Labs,Diagnostic & Pathology Labs,1,2026-08-22 20:45:04,HEALTHCARE SERVICES,SME
QNIFTY,QNIFTY,,EQ,Exchange Traded Funds (ETF),Exchange Traded Funds (ETF),0,2026-08-22 20:45:04,CAPITAL MARKETS,NON_SME
QUAL30IETF,QUAL30IETF,,EQ,Exchange Traded Funds (ETF),Exchange Traded Funds (ETF),0,2026-08-22 20:45:04,CAPITAL MARKETS,NON_SME
QUALITY30,QUALITY30,,EQ,Exchange Traded Funds (ETF),Exchange Traded Funds (ETF),0,2026-08-22 20:45:04,CAPITAL MARKETS,NON_SME
QUESTLAB,QUESTLAB,,SM,Finished Formulations,Finished Formulations,1,2026-08-22 20:45:04,PHARMACEUTICALS,SME
QUICKTOUCH,QUICKTOUCH,,SM,Mid-Tier IT & Digital Solutions,Mid-Tier IT & Digital Solutions,1,2026-08-22 20:45:04,IT SERVICES,SME
QVCEL,QVCEL,,SM,Ferro Alloys & Secondary Metals,Ferro Alloys & Secondary Metals,1,2026-08-22 20:45:04,METALS & FABRICATION,SME
RADIOWALLA,RADIOWALLA,,ST,Music Labels & VFX Studios,Music Labels & VFX Studios,1,2026-08-22 20:45:04,MEDIA & ENTERTAINMENT,SME
RAJINDLTD,RAJINDLTD,,SM,Cotton Spinning & Yarns,Cotton Spinning & Yarns,1,2026-08-22 20:45:04,TEXTILES,SME
RAJPUTANA,RAJPUTANA,,SM,Secondary Steel & TMT Rebars,Secondary Steel & TMT Rebars,1,2026-08-22 20:45:04,STEEL,SME
RAPIDFLEET,RAPIDFLEET,,SM,API & Bulk Drugs,API & Bulk Drugs,1,2026-08-22 20:45:04,PHARMACEUTICALS,SME
RAPPID,RAPPID,,SM,Pumps & Compressors,Pumps & Compressors,1,2026-08-22 20:45:04,CAPITAL GOODS & MACHINERY,SME
RBMINFRA,RBMINFRA,,SM,Heavy Infrastructure EPC,Heavy Infrastructure EPC,1,2026-08-22 20:45:04,CONSTRUCTION & INFRASTRUCTURE,SME
RBS,RBS,,SM,Diversified Consumer & MSME NBFC,Diversified Consumer & MSME NBFC,1,2026-08-22 20:45:04,FINANCE & NBFC,SME
RCDL,RCDL,,SM,Civil & Commercial Construction,Civil & Commercial Construction,1,2026-08-22 20:45:04,CONSTRUCTION & INFRASTRUCTURE,SME
READYMIX,READYMIX,,SM,Integrated Grey Cement,Integrated Grey Cement,1,2026-08-22 20:45:04,BUILDING MATERIALS,SME
REFRACTORY,REFRACTORY,,SM,Secondary Steel & TMT Rebars,Secondary Steel & TMT Rebars,1,2026-08-22 20:45:04,STEEL,SME
REMUS,REMUS,,SM,Finished Formulations,Finished Formulations,1,2026-08-22 20:45:04,PHARMACEUTICALS,SME
RFBL,RFBL,,ST,Edible Oils & Vanaspati,Edible Oils & Vanaspati,1,2026-08-22 20:45:04,FOOD PROCESSING,SME
RICHA,RICHA,,ST,Garments & Apparel Exports,Garments & Apparel Exports,1,2026-08-22 20:45:04,TEXTILES,SME
RILINFRA,RILINFRA,,SM,Civil & Commercial Construction,Civil & Commercial Construction,1,2026-08-22 20:45:04,CONSTRUCTION & INFRASTRUCTURE,SME
RITEZONE,RITEZONE,,SM,Garments & Apparel Exports,Garments & Apparel Exports,1,2026-08-22 20:45:04,TEXTILES,SME
RNFI,RNFI,,SM,Diversified Consumer & MSME NBFC,Diversified Consumer & MSME NBFC,1,2026-08-22 20:45:04,FINANCE & NBFC,SME
RNPL,RNPL,,SM,Civil & Commercial Construction,Civil & Commercial Construction,1,2026-08-22 20:45:04,CONSTRUCTION & INFRASTRUCTURE,SME
ROCKINGDCE,ROCKINGDCE,,SM,Specialty Retail Boutiques,Specialty Retail Boutiques,1,2026-08-22 20:45:04,RETAIL,SME
ROXHITECH,ROXHITECH,,SM,Mid-Tier IT & Digital Solutions,Mid-Tier IT & Digital Solutions,1,2026-08-22 20:45:04,IT SERVICES,SME
ROYALARC,ROYALARC,,SM,Precision Machine Tools & Fasteners,Precision Machine Tools & Fasteners,1,2026-08-22 20:45:04,CAPITAL GOODS & MACHINERY,SME
RULKA,RULKA,,SM,Precision Machine Tools & Fasteners,Precision Machine Tools & Fasteners,1,2026-08-22 20:45:04,CAPITAL GOODS & MACHINERY,SME
SAAKSHI,SAAKSHI,,ST,Heavy Process Equipment & Machinery,Heavy Process Equipment & Machinery,1,2026-08-22 20:45:04,CAPITAL GOODS & MACHINERY,SME
SABAR,SABAR,,SM,Pumps & Compressors,Pumps & Compressors,1,2026-08-22 20:45:04,CAPITAL GOODS & MACHINERY,SME
SACHEEROME,SACHEEROME,,SM,Specialty Chemicals,Specialty Chemicals,1,2026-08-22 20:45:04,CHEMICALS,SME
SADHAV,SADHAV,,SM,Marine Offshore Vessels & Tugs,Marine Offshore Vessels & Tugs,1,2026-08-22 20:45:04,SHIPBUILDING & PORTS,SME
SAFEENTP,SAFEENTP,,SM,Heavy Process Equipment & Machinery,Heavy Process Equipment & Machinery,1,2026-08-22 20:45:04,CAPITAL GOODS & MACHINERY,SME
SAHAJSOLAR,SAHAJSOLAR,,SM,Solar PV & Green Hydrogen,Solar PV & Green Hydrogen,1,2026-08-22 20:45:04,RENEWABLE ENERGY,SME
SAHANA,SAHANA,,SM,Garments & Apparel Exports,Garments & Apparel Exports,1,2026-08-22 20:45:04,TEXTILES,SME
SAHASRA,SAHASRA,,ST,Printed Circuit Boards (PCBA) & Components,Printed Circuit Boards (PCBA) & Components,1,2026-08-22 20:45:04,EMS & ELECTRONICS,SME
SAIFL,SAIFL,,SM,Diversified Consumer & MSME NBFC,Diversified Consumer & MSME NBFC,1,2026-08-22 20:45:04,FINANCE & NBFC,SME
SAMAY,SAMAY,,ST,Precision Machine Tools & Fasteners,Precision Machine Tools & Fasteners,1,2026-08-22 20:45:04,CAPITAL GOODS & MACHINERY,SME
SAROJA,SAROJA,,SM,Cotton Spinning & Yarns,Cotton Spinning & Yarns,1,2026-08-22 20:45:04,TEXTILES,SME
SARTELE,SARTELE,,SM,Optical Fiber & Telecom Infrastructure,Optical Fiber & Telecom Infrastructure,1,2026-08-22 20:45:04,TELECOM,SME
SATECH,SATECH,,SM,Mid-Tier IT & Digital Solutions,Mid-Tier IT & Digital Solutions,1,2026-08-22 20:45:04,IT SERVICES,SME
SATIPOLY,SATIPOLY,,ST,Flexible Packaging Films,Flexible Packaging Films,1,2026-08-22 20:45:04,PAPER & PACKAGING,SME
SATKARTAR,SATKARTAR,,SM,Medical Clinics & Equipment,Medical Clinics & Equipment,1,2026-08-22 20:45:04,HEALTHCARE SERVICES,SME
SATTVAENGG,SATTVAENGG,,SM,Heavy Process Equipment & Machinery,Heavy Process Equipment & Machinery,1,2026-08-22 20:45:04,CAPITAL GOODS & MACHINERY,SME
SAVY,SAVY,,SM,Precision Auto Engine Components,Precision Auto Engine Components,1,2026-08-22 20:45:04,AUTO ANCILLARIES,SME
SAWALIYA,SAWALIYA,,SM,Commodity & Wholesale Trading,Commodity & Wholesale Trading,1,2026-08-22 20:45:04,COMMERCIAL TRADING,SME
SBIBPB,SBIBPB,,EQ,Public Sector Banks (PSU),Public Sector Banks (PSU),0,2026-08-22 20:45:04,BANKING,NON_SME
SBIETFCON,SBIETFCON,,EQ,Exchange Traded Funds (ETF),Exchange Traded Funds (ETF),0,2026-08-22 20:45:04,CAPITAL MARKETS,NON_SME
SBIETFIT,SBIETFIT,,EQ,Exchange Traded Funds (ETF),Exchange Traded Funds (ETF),0,2026-08-22 20:45:04,CAPITAL MARKETS,NON_SME
SBIETFPB,SBIETFPB,,EQ,Exchange Traded Funds (ETF),Exchange Traded Funds (ETF),0,2026-08-22 20:45:04,CAPITAL MARKETS,NON_SME
SBIETFQLTY,SBIETFQLTY,,EQ,Exchange Traded Funds (ETF),Exchange Traded Funds (ETF),0,2026-08-22 20:45:04,CAPITAL MARKETS,NON_SME
SBILIQETF,SBILIQETF,,EQ,Exchange Traded Funds (ETF),Exchange Traded Funds (ETF),0,2026-08-22 20:45:04,CAPITAL MARKETS,NON_SME
SBIMIDMOM,SBIMIDMOM,,EQ,Exchange Traded Funds (ETF),Exchange Traded Funds (ETF),0,2026-08-22 20:45:04,CAPITAL MARKETS,NON_SME
SBINEQWETF,SBINEQWETF,,EQ,Exchange Traded Funds (ETF),Exchange Traded Funds (ETF),0,2026-08-22 20:45:04,CAPITAL MARKETS,NON_SME
SBINMID150,SBINMID150,,EQ,Exchange Traded Funds (ETF),Exchange Traded Funds (ETF),0,2026-08-22 20:45:04,CAPITAL MARKETS,NON_SME
SBISILVER,SBISILVER,,EQ,Exchange Traded Funds (ETF),Exchange Traded Funds (ETF),0,2026-08-22 20:45:04,CAPITAL MARKETS,NON_SME
SBISMLETF,SBISMLETF,,EQ,Exchange Traded Funds (ETF),Exchange Traded Funds (ETF),0,2026-08-22 20:45:04,CAPITAL MARKETS,NON_SME
SBIVALETF,SBIVALETF,,EQ,Exchange Traded Funds (ETF),Exchange Traded Funds (ETF),0,2026-08-22 20:45:04,CAPITAL MARKETS,NON_SME
SCML,SCML,,SM,Secondary Steel & TMT Rebars,Secondary Steel & TMT Rebars,1,2026-08-22 20:45:04,STEEL,SME
SDREAMS,SDREAMS,,SM,Residential Real Estate,Residential Real Estate,1,2026-08-22 20:45:04,REAL ESTATE,SME
SEL,SEL,,SM,Cotton Spinning & Yarns,Cotton Spinning & Yarns,1,2026-08-22 20:45:04,TEXTILES,SME
SELECTIPO,SELECTIPO,,EQ,Wealth Broking & Advisory,Wealth Broking & Advisory,1,2026-08-22 20:45:04,CAPITAL MARKETS,NON_SME
SELLOWRAP,SELLOWRAP,,SM,Auto Lighting & Electricals,Auto Lighting & Electricals,1,2026-08-22 20:45:04,AUTO ANCILLARIES,SME
SENSEXADD,SENSEXADD,,EQ,Exchange Traded Funds (ETF),Exchange Traded Funds (ETF),0,2026-08-22 20:45:04,CAPITAL MARKETS,NON_SME
SENSEXAXIS,SENSEXAXIS,,EQ,Exchange Traded Funds (ETF),Exchange Traded Funds (ETF),0,2026-08-22 20:45:04,CAPITAL MARKETS,NON_SME
SENSEXBETA,SENSEXBETA,,EQ,Exchange Traded Funds (ETF),Exchange Traded Funds (ETF),0,2026-08-22 20:45:04,CAPITAL MARKETS,NON_SME
SENSEXETF,SENSEXETF,,EQ,Exchange Traded Funds (ETF),Exchange Traded Funds (ETF),0,2026-08-22 20:45:04,CAPITAL MARKETS,NON_SME
SENSEXIETF,SENSEXIETF,,EQ,Exchange Traded Funds (ETF),Exchange Traded Funds (ETF),0,2026-08-22 20:45:04,CAPITAL MARKETS,NON_SME
SERVICE,SERVICE,,SM,Staffing & Workforce Security,Staffing & Workforce Security,1,2026-08-22 20:45:04,SERVICES & MEDIA,SME
SETF10GILT,SETF10GILT,,EQ,Exchange Traded Funds (ETF),Exchange Traded Funds (ETF),0,2026-08-22 20:45:04,CAPITAL MARKETS,NON_SME
SETFGOLD,SETFGOLD,,EQ,Exchange Traded Funds (ETF),Exchange Traded Funds (ETF),0,2026-08-22 20:45:04,CAPITAL MARKETS,NON_SME
SETFNIF50,SETFNIF50,,EQ,Exchange Traded Funds (ETF),Exchange Traded Funds (ETF),0,2026-08-22 20:45:04,CAPITAL MARKETS,NON_SME
SETFNIFBK,SETFNIFBK,,EQ,Exchange Traded Funds (ETF),Exchange Traded Funds (ETF),0,2026-08-22 20:45:04,CAPITAL MARKETS,NON_SME
SETFNN50,SETFNN50,,EQ,Exchange Traded Funds (ETF),Exchange Traded Funds (ETF),0,2026-08-22 20:45:04,CAPITAL MARKETS,NON_SME
SFML,SFML,,SM,Packaged Foods & Snacks,Packaged Foods & Snacks,1,2026-08-22 20:45:04,FOOD PROCESSING,SME
SHANTHALA,SHANTHALA,,SM,Auto Castings & Heavy Forgings,Auto Castings & Heavy Forgings,1,2026-08-22 20:45:04,AUTO ANCILLARIES,SME
SHARIABEES,SHARIABEES,,EQ,Exchange Traded Funds (ETF),Exchange Traded Funds (ETF),0,2026-08-22 20:45:04,CAPITAL MARKETS,NON_SME
SHEEL,SHEEL,,ST,Crop Protection Formulations,Crop Protection Formulations,1,2026-08-22 20:45:04,AGRICULTURE & AGROCHEMICALS,SME
SHEETAL,SHEETAL,,SM,Packaged Foods & Snacks,Packaged Foods & Snacks,1,2026-08-22 20:45:04,FOOD PROCESSING,SME
SHERA,SHERA,,ST,Copper Mining & Smelting,Copper Mining & Smelting,1,2026-08-22 20:45:04,ALUMINIUM & COPPER,SME
SHETHJI,SHETHJI,,ST,Packaged Foods & Snacks,Packaged Foods & Snacks,1,2026-08-22 20:45:04,FOOD PROCESSING,SME
SHIVASHRIT,SHIVASHRIT,,SM,Diversified Consumer & MSME NBFC,Diversified Consumer & MSME NBFC,1,2026-08-22 20:45:04,FINANCE & NBFC,SME
SHKSIL,SHKSIL,,SM,Specialty Chemicals,Specialty Chemicals,1,2026-08-22 20:45:04,CHEMICALS,SME
SHREEDHAR,SHREEDHAR,,ST,Civil & Commercial Construction,Civil & Commercial Construction,1,2026-08-22 20:45:04,CONSTRUCTION & INFRASTRUCTURE,SME
SHREEKARNI,SHREEKARNI,,SM,Cotton Spinning & Yarns,Cotton Spinning & Yarns,1,2026-08-22 20:45:04,TEXTILES,SME
SHREEOSFM,SHREEOSFM,,SM,3PL Logistics & Fleet Haulage,3PL Logistics & Fleet Haulage,1,2026-08-22 20:45:04,LOGISTICS & SUPPLY CHAIN,SME
SHRIAHIMSA,SHRIAHIMSA,,ST,Industrial Minerals,Industrial Minerals,1,2026-08-22 20:45:04,MINING & MINERALS,SME
SHUBHSHREE,SHUBHSHREE,,SM,Cotton Spinning & Yarns,Cotton Spinning & Yarns,1,2026-08-22 20:45:04,TEXTILES,SME
SHYAMDHANI,SHYAMDHANI,,ST,Packaged Foods & Snacks,Packaged Foods & Snacks,1,2026-08-22 20:45:04,FOOD PROCESSING,SME
SIDDHICOTS,SIDDHICOTS,,SM,Cotton Spinning & Yarns,Cotton Spinning & Yarns,1,2026-08-22 20:45:04,TEXTILES,SME
SIDDHIKA,SIDDHIKA,,SM,Commercial REITs & Malls,Commercial REITs & Malls,1,2026-08-22 20:45:04,REAL ESTATE,SME
SILKFLEX,SILKFLEX,,SM,Specialty Chemicals,Specialty Chemicals,1,2026-08-22 20:45:04,CHEMICALS,SME
SILVER,SILVER,,EQ,Exchange Traded Funds (ETF),Exchange Traded Funds (ETF),0,2026-08-22 20:45:04,CAPITAL MARKETS,NON_SME
SILVER1,SILVER1,,EQ,Exchange Traded Funds (ETF),Exchange Traded Funds (ETF),0,2026-08-22 20:45:04,CAPITAL MARKETS,NON_SME
SILVER360,SILVER360,,EQ,Exchange Traded Funds (ETF),Exchange Traded Funds (ETF),0,2026-08-22 20:45:04,CAPITAL MARKETS,NON_SME
SILVERADD,SILVERADD,,EQ,Exchange Traded Funds (ETF),Exchange Traded Funds (ETF),0,2026-08-22 20:45:04,CAPITAL MARKETS,NON_SME
SILVERAG,SILVERAG,,EQ,Exchange Traded Funds (ETF),Exchange Traded Funds (ETF),0,2026-08-22 20:45:04,CAPITAL MARKETS,NON_SME
SILVERAXIS,SILVERAXIS,,EQ,Exchange Traded Funds (ETF),Exchange Traded Funds (ETF),0,2026-08-22 20:45:04,CAPITAL MARKETS,NON_SME
SILVERBEES,SILVERBEES,,EQ,Exchange Traded Funds (ETF),Exchange Traded Funds (ETF),0,2026-08-22 20:45:04,CAPITAL MARKETS,NON_SME
SILVERBETA,SILVERBETA,,EQ,Exchange Traded Funds (ETF),Exchange Traded Funds (ETF),0,2026-08-22 20:45:04,CAPITAL MARKETS,NON_SME
SILVERBND,SILVERBND,,EQ,Exchange Traded Funds (ETF),Exchange Traded Funds (ETF),0,2026-08-22 20:45:04,CAPITAL MARKETS,NON_SME
SILVERCASE,SILVERCASE,,EQ,Exchange Traded Funds (ETF),Exchange Traded Funds (ETF),0,2026-08-22 20:45:04,CAPITAL MARKETS,NON_SME
SILVERIETF,SILVERIETF,,EQ,Exchange Traded Funds (ETF),Exchange Traded Funds (ETF),0,2026-08-22 20:45:04,CAPITAL MARKETS,NON_SME
SIMCA,SIMCA,,SM,Auto Castings & Heavy Forgings,Auto Castings & Heavy Forgings,1,2026-08-22 20:45:04,AUTO ANCILLARIES,SME
SJLOGISTIC,SJLOGISTIC,,SM,3PL Logistics & Fleet Haulage,3PL Logistics & Fleet Haulage,1,2026-08-22 20:45:04,LOGISTICS & SUPPLY CHAIN,SME
SKP,SKP,,SM,Architectural Glass & Windows,Architectural Glass & Windows,1,2026-08-22 20:45:04,BUILDING MATERIALS,SME
SKYTECH,SKYTECH,,ST,Civil & Commercial Construction,Civil & Commercial Construction,1,2026-08-22 20:45:04,CONSTRUCTION & INFRASTRUCTURE,SME
SLONE,SLONE,,ST,Heavy Process Equipment & Machinery,Heavy Process Equipment & Machinery,1,2026-08-22 20:45:04,CAPITAL GOODS & MACHINERY,SME
SMALL250,SMALL250,,EQ,Exchange Traded Funds (ETF),Exchange Traded Funds (ETF),0,2026-08-22 20:45:04,CAPITAL MARKETS,NON_SME
SMALLADD,SMALLADD,,EQ,Exchange Traded Funds (ETF),Exchange Traded Funds (ETF),0,2026-08-22 20:45:04,CAPITAL MARKETS,NON_SME
SMALLCAP,SMALLCAP,,EQ,Specialty Retail Boutiques,Specialty Retail Boutiques,0,2026-08-22 20:45:04,RETAIL,NON_SME
SMALLGROWW,SMALLGROWW,,EQ,Exchange Traded Funds (ETF),Exchange Traded Funds (ETF),0,2026-08-22 20:45:04,CAPITAL MARKETS,NON_SME
SMALLIETF,SMALLIETF,,EQ,Exchange Traded Funds (ETF),Exchange Traded Funds (ETF),0,2026-08-22 20:45:04,CAPITAL MARKETS,NON_SME
SMARTEN,SMARTEN,,ST,Power & Distribution Transformers,Power & Distribution Transformers,1,2026-08-22 20:45:04,ELECTRICAL EQUIPMENT,SME
SML100CASE,SML100CASE,,EQ,Exchange Traded Funds (ETF),Exchange Traded Funds (ETF),0,2026-08-22 20:45:04,CAPITAL MARKETS,NON_SME
SMVD,SMVD,,SM,Paperboard & Packaging Cartons,Paperboard & Packaging Cartons,1,2026-08-22 20:45:04,PAPER & PACKAGING,SME
SNEHAA,SNEHAA,,SM,Music Labels & VFX Studios,Music Labels & VFX Studios,1,2026-08-22 20:45:04,MEDIA & ENTERTAINMENT,SME
SNXT30BEES,SNXT30BEES,,EQ,Exchange Traded Funds (ETF),Exchange Traded Funds (ETF),0,2026-08-22 20:45:04,CAPITAL MARKETS,NON_SME
SNXT50BETA,SNXT50BETA,,EQ,Exchange Traded Funds (ETF),Exchange Traded Funds (ETF),0,2026-08-22 20:45:04,CAPITAL MARKETS,NON_SME
SOCL,SOCL,,SM,Crop Protection Formulations,Crop Protection Formulations,1,2026-08-22 20:45:04,AGRICULTURE & AGROCHEMICALS,SME
SONAMAC,SONAMAC,,SM,Kitchen Appliances & Cookware,Kitchen Appliances & Cookware,1,2026-08-22 20:45:04,CONSUMER DURABLES,SME
SPCL,SPCL,,SM,Civil & Commercial Construction,Civil & Commercial Construction,1,2026-08-22 20:45:04,CONSTRUCTION & INFRASTRUCTURE,SME
SPCON,SPCON,,SM,Roads & Highways EPC,Roads & Highways EPC,1,2026-08-22 20:45:04,CONSTRUCTION & INFRASTRUCTURE,SME
SPECTSTM,SPECTSTM,,SM,Heavy Switchgear & Automation,Heavy Switchgear & Automation,1,2026-08-22 20:45:04,ELECTRICAL EQUIPMENT,SME
SPPPOLY,SPPPOLY,,SM,Flexible Packaging Films,Flexible Packaging Films,1,2026-08-22 20:45:04,PAPER & PACKAGING,SME
SPRL,SPRL,,SM,Precision Auto Engine Components,Precision Auto Engine Components,1,2026-08-22 20:45:04,AUTO ANCILLARIES,SME
SPUNWEB,SPUNWEB,,SM,Cotton Spinning & Yarns,Cotton Spinning & Yarns,1,2026-08-22 20:45:04,TEXTILES,SME
SRIVASAVI,SRIVASAVI,,ST,Wires & Cables,Wires & Cables,1,2026-08-22 20:45:04,CONSUMER ELECTRICALS,SME
SSEGL,SSEGL,,SM,Secondary Steel & TMT Rebars,Secondary Steel & TMT Rebars,1,2026-08-22 20:45:04,STEEL,SME
SSFL,SSFL,,ST,Microfinance (MFI),Microfinance (MFI),1,2026-08-22 20:45:04,FINANCE & NBFC,SME
STRIDERS,STRIDERS,,SM,Staffing & Security Services,Staffing & Security Services,1,2026-08-22 20:45:04,PROFESSIONAL & CONSUMER SERVICES,SME
STUDIOLSD,STUDIOLSD,,SM,Television Broadcasting & OTT,Television Broadcasting & OTT,1,2026-08-22 20:45:04,MEDIA & ENTERTAINMENT,SME
SUBAHOTELS,SUBAHOTELS,,SM,Luxury Hotels & Resorts,Luxury Hotels & Resorts,1,2026-08-22 20:45:04,HOTELS & HOSPITALITY,SME
SUN-RE,SUN-RE,,ST,Solar PV & Green Hydrogen,Solar PV & Green Hydrogen,1,2026-08-22 20:45:04,RENEWABLE ENERGY,SME
SUNLITE,SUNLITE,,SM,Solar PV & Green Hydrogen,Solar PV & Green Hydrogen,1,2026-08-22 20:45:04,RENEWABLE ENERGY,SME
SUNREST,SUNREST,,SM,Finished Formulations,Finished Formulations,1,2026-08-22 20:45:04,PHARMACEUTICALS,SME
SUNTECH,SUNTECH,,ST,Printed Circuit Boards (PCBA) & Components,Printed Circuit Boards (PCBA) & Components,1,2026-08-22 20:45:04,EMS & ELECTRONICS,SME
SUPREMEPWR,SUPREMEPWR,,SM,Power & Distribution Transformers,Power & Distribution Transformers,1,2026-08-22 20:45:04,ELECTRICAL EQUIPMENT,SME
SURANI,SURANI,,SM,Secondary Steel & TMT Rebars,Secondary Steel & TMT Rebars,1,2026-08-22 20:45:04,STEEL,SME
SWASTIK,SWASTIK,,ST,Steel Pipes & Tubes,Steel Pipes & Tubes,1,2026-08-22 20:45:04,STEEL,SME
SYLVANPLY,SYLVANPLY,,SM,Plywood & Laminates,Plywood & Laminates,1,2026-08-22 20:45:04,BUILDING MATERIALS,SME
SYSTANGO,SYSTANGO,,SM,Enterprise Software & SaaS,Enterprise Software & SaaS,1,2026-08-22 20:45:04,IT SERVICES,SME
TAC,TAC,,ST,Enterprise Software & SaaS,Enterprise Software & SaaS,1,2026-08-22 20:45:04,IT SERVICES,SME
TANKUP,TANKUP,,ST,Fuel Retailing (OMC),Fuel Retailing (OMC),1,2026-08-22 20:45:04,OIL & GAS,SME
TATAGOLD,TATAGOLD,,EQ,Exchange Traded Funds (ETF),Exchange Traded Funds (ETF),0,2026-08-22 20:45:04,CAPITAL MARKETS,NON_SME
TATSILV,TATSILV,,EQ,Precious Metals & Silverware,Precious Metals & Silverware,0,2026-08-22 20:45:04,METALS & FABRICATION,NON_SME
TAURIAN,TAURIAN,,SM,Civil & Commercial Construction,Civil & Commercial Construction,1,2026-08-22 20:45:04,CONSTRUCTION & INFRASTRUCTURE,SME
TBI,TBI,,SM,Packaged Foods & Snacks,Packaged Foods & Snacks,1,2026-08-22 20:45:04,FOOD PROCESSING,SME
TCL,TCL,,SM,Industrial & Basic Chemicals,Industrial & Basic Chemicals,1,2026-08-22 20:45:04,CHEMICALS,SME
TEAMTECH,TEAMTECH,,ST,Engineering R&D (ER&D),Engineering R&D (ER&D),1,2026-08-22 20:45:04,IT SERVICES,SME
TECH,TECH,,EQ,Mid-Tier IT & Digital Solutions,Mid-Tier IT & Digital Solutions,0,2026-08-22 20:45:04,IT SERVICES,NON_SME
TECHD,TECHD,,ST,Mid-Tier IT & Digital Solutions,Mid-Tier IT & Digital Solutions,1,2026-08-22 20:45:04,IT SERVICES,SME
TECHERA,TECHERA,,SM,Mid-Tier IT & Digital Solutions,Mid-Tier IT & Digital Solutions,1,2026-08-22 20:45:04,IT SERVICES,SME
TECHLABS,TECHLABS,,SM,Mid-Tier IT & Digital Solutions,Mid-Tier IT & Digital Solutions,1,2026-08-22 20:45:04,IT SERVICES,SME
TEJA,TEJA,,SM,Packaged Foods & Snacks,Packaged Foods & Snacks,1,2026-08-22 20:45:04,FOOD PROCESSING,SME
TGL,TGL,,ST,Commodity & Wholesale Trading,Commodity & Wholesale Trading,1,2026-08-22 20:45:04,COMMERCIAL TRADING,SME
THESL,THESL,,ST,Solar PV & Green Hydrogen,Solar PV & Green Hydrogen,1,2026-08-22 20:45:04,RENEWABLE ENERGY,SME
TIMESCAN,TIMESCAN,,SM,Express Parcel & Courier,Express Parcel & Courier,1,2026-08-22 20:45:04,LOGISTICS & SUPPLY CHAIN,SME
TNIDETF,TNIDETF,,EQ,Exchange Traded Funds (ETF),Exchange Traded Funds (ETF),0,2026-08-22 20:45:04,CAPITAL MARKETS,NON_SME
TOP100CASE,TOP100CASE,,EQ,Exchange Traded Funds (ETF),Exchange Traded Funds (ETF),0,2026-08-22 20:45:04,CAPITAL MARKETS,NON_SME
TOP10ADD,TOP10ADD,,EQ,Exchange Traded Funds (ETF),Exchange Traded Funds (ETF),0,2026-08-22 20:45:04,CAPITAL MARKETS,NON_SME
TOP15IETF,TOP15IETF,,EQ,Exchange Traded Funds (ETF),Exchange Traded Funds (ETF),0,2026-08-22 20:45:04,CAPITAL MARKETS,NON_SME
TOP20,TOP20,,EQ,Mutual Fund Asset Managers (AMC),Mutual Fund Asset Managers (AMC),0,2026-08-22 20:45:04,CAPITAL MARKETS,NON_SME
TRANSTEEL,TRANSTEEL,,SM,Secondary Steel & TMT Rebars,Secondary Steel & TMT Rebars,1,2026-08-22 20:45:04,STEEL,SME
TRANSWIND,TRANSWIND,,SM,Wind Turbines & Wind Energy,Wind Turbines & Wind Energy,1,2026-08-22 20:45:04,RENEWABLE ENERGY,SME
TROM,TROM,,SM,Solar PV & Green Hydrogen,Solar PV & Green Hydrogen,1,2026-08-22 20:45:04,RENEWABLE ENERGY,SME
TRUST,TRUST,,SM,Stockbroking & Wealth Management,Stockbroking & Wealth Management,1,2026-08-22 20:45:04,CAPITAL MARKETS,SME
TUNWAL,TUNWAL,,SM,Electric Vehicles (EV),Electric Vehicles (EV),1,2026-08-22 20:45:04,AUTOMOBILE,SME
TWCGOLDETF,TWCGOLDETF,,EQ,Exchange Traded Funds (ETF),Exchange Traded Funds (ETF),0,2026-08-22 20:45:04,CAPITAL MARKETS,NON_SME
UHTL,UHTL,,ST,Luxury Hotels & Resorts,Luxury Hotels & Resorts,1,2026-08-22 20:45:04,HOTELS & HOSPITALITY,SME
UNIHEALTH,UNIHEALTH,,SM,Hospitals & Healthcare Chains,Hospitals & Healthcare Chains,1,2026-08-22 20:45:04,HEALTHCARE SERVICES,SME
UNILEX,UNILEX,,SM,Pigments & Dyes,Pigments & Dyes,1,2026-08-22 20:45:04,CHEMICALS,SME
UNIONGOLD,UNIONGOLD,,EQ,Exchange Traded Funds (ETF),Exchange Traded Funds (ETF),0,2026-08-22 20:45:04,CAPITAL MARKETS,NON_SME
URBAN,URBAN,,SM,Residential Real Estate,Residential Real Estate,1,2026-08-22 20:45:04,REAL ESTATE,SME
USASEEDS,USASEEDS,,SM,Hybrid Seeds & Agri Inputs,Hybrid Seeds & Agri Inputs,1,2026-08-22 20:45:04,AGRICULTURE & AGROCHEMICALS,SME
USHAFIN,USHAFIN,,SM,Corporate & Wholesale Finance,Corporate & Wholesale Finance,1,2026-08-22 20:45:04,FINANCE & NBFC,SME
UTKAL,UTKAL,,SM,Secondary Steel & TMT Rebars,Secondary Steel & TMT Rebars,1,2026-08-22 20:45:04,STEEL,SME
UTSSAV,UTSSAV,,ST,Fast Moving Electrical Goods (FMEG),Fast Moving Electrical Goods (FMEG),1,2026-08-22 20:45:04,CONSUMER ELECTRICALS,SME
VAL30IETF,VAL30IETF,,EQ,Exchange Traded Funds (ETF),Exchange Traded Funds (ETF),0,2026-08-22 20:45:04,CAPITAL MARKETS,NON_SME
VALUE,VALUE,,EQ,Exchange Traded Funds (ETF),Exchange Traded Funds (ETF),0,2026-08-22 20:45:04,CAPITAL MARKETS,NON_SME
VALUE360,VALUE360,,SM,Exchange Traded Funds (ETF),Exchange Traded Funds (ETF),0,2026-08-22 20:45:04,CAPITAL MARKETS,SME
VALUEAXIS,VALUEAXIS,,EQ,Exchange Traded Funds (ETF),Exchange Traded Funds (ETF),0,2026-08-22 20:45:04,CAPITAL MARKETS,NON_SME
VDEAL,VDEAL,,SM,Heavy Switchgear & Automation,Heavy Switchgear & Automation,1,2026-08-22 20:45:04,ELECTRICAL EQUIPMENT,SME
VEEKAYEM,VEEKAYEM,,SM,Garments & Apparel Exports,Garments & Apparel Exports,1,2026-08-22 20:45:04,TEXTILES,SME
VGINFOTECH,VGINFOTECH,,SM,Mid-Tier IT & Digital Solutions,Mid-Tier IT & Digital Solutions,1,2026-08-22 20:45:04,IT SERVICES,SME
VIAZ,VIAZ,,SM,Ceramic Tiles & Sanitaryware,Ceramic Tiles & Sanitaryware,1,2026-08-22 20:45:04,BUILDING MATERIALS,SME
VICTORYEV,VICTORYEV,,ST,Electric Vehicles (EV),Electric Vehicles (EV),1,2026-08-22 20:45:04,AUTOMOBILE,SME
VIESL,VIESL,,SM,Heavy Infrastructure EPC,Heavy Infrastructure EPC,1,2026-08-22 20:45:04,CONSTRUCTION & INFRASTRUCTURE,SME
VIGOR,VIGOR,,ST,Crop Protection Formulations,Crop Protection Formulations,1,2026-08-22 20:45:04,AGRICULTURE & AGROCHEMICALS,SME
VIJAYPD,VIJAYPD,,SM,Packaged Foods & Snacks,Packaged Foods & Snacks,1,2026-08-22 20:45:04,FOOD PROCESSING,SME
VILAS,VILAS,,SM,Cotton Spinning & Yarns,Cotton Spinning & Yarns,1,2026-08-22 20:45:04,TEXTILES,SME
VINSYS,VINSYS,,ST,Enterprise Software & SaaS,Enterprise Software & SaaS,1,2026-08-22 20:45:04,IT SERVICES,SME
VINYAS,VINYAS,,SM,Commercial & Industrial Electronics EMS,Commercial & Industrial Electronics EMS,1,2026-08-22 20:45:04,EMS & ELECTRONICS,SME
VISAMAN,VISAMAN,,SM,Steel Pipes & Tubes,Steel Pipes & Tubes,1,2026-08-22 20:45:04,STEEL,SME
VISDEM,VISDEM,,SM,Precision Machine Tools & Fasteners,Precision Machine Tools & Fasteners,1,2026-08-22 20:45:04,CAPITAL GOODS & MACHINERY,SME
VISHNUINFR,VISHNUINFR,,SM,Water Infrastructure EPC & Supply,Water Infrastructure EPC & Supply,1,2026-08-22 20:45:04,WATER TREATMENT,SME
VIVIDEL,VIVIDEL,,ST,Domestic & Consumer Appliances EMS,Domestic & Consumer Appliances EMS,1,2026-08-22 20:45:04,EMS & ELECTRONICS,SME
VLINFRA,VLINFRA,,SM,Roads & Highways EPC,Roads & Highways EPC,1,2026-08-22 20:45:04,CONSTRUCTION & INFRASTRUCTURE,SME
VMARCIND,VMARCIND,,SM,Wires & Cables,Wires & Cables,1,2026-08-22 20:45:04,CONSUMER ELECTRICALS,SME
VMOBILE,VMOBILE,,SM,Specialty Retail Boutiques,Specialty Retail Boutiques,1,2026-08-22 20:45:04,RETAIL,SME
VOLERCAR,VOLERCAR,,SM,3PL Logistics & Fleet Haulage,3PL Logistics & Fleet Haulage,1,2026-08-22 20:45:04,LOGISTICS & SUPPLY CHAIN,SME
VR,VR,,SM,3PL Logistics & Fleet Haulage,3PL Logistics & Fleet Haulage,1,2026-08-22 20:45:04,LOGISTICS & SUPPLY CHAIN,SME
VSCL,VSCL,,SM,Civil & Commercial Construction,Civil & Commercial Construction,1,2026-08-22 20:45:04,CONSTRUCTION & INFRASTRUCTURE,SME
WALPAR,WALPAR,,SM,Medical Clinics & Equipment,Medical Clinics & Equipment,1,2026-08-22 20:45:04,HEALTHCARE SERVICES,SME
WHITEFORCE,WHITEFORCE,,SM,Staffing & Security Services,Staffing & Security Services,1,2026-08-22 20:45:04,PROFESSIONAL & CONSUMER SERVICES,SME
WINNY,WINNY,,SM,Packaged Foods & Snacks,Packaged Foods & Snacks,1,2026-08-22 20:45:04,FOOD PROCESSING,SME
WINSOL,WINSOL,,SM,Solar PV & Green Hydrogen,Solar PV & Green Hydrogen,1,2026-08-22 20:45:04,RENEWABLE ENERGY,SME
WOL3D,WOL3D,,ST,Heavy Process Equipment & Machinery,Heavy Process Equipment & Machinery,1,2026-08-22 20:45:04,CAPITAL GOODS & MACHINERY,SME
WOMANCART,WOMANCART,,SM,Fashion Apparel Retail,Fashion Apparel Retail,1,2026-08-22 20:45:04,RETAIL,SME
WTICAB,WTICAB,,SM,3PL Logistics & Fleet Haulage,3PL Logistics & Fleet Haulage,1,2026-08-22 20:45:04,LOGISTICS & SUPPLY CHAIN,SME
YAAP,YAAP,,SM,Print Media & Publishing,Print Media & Publishing,1,2026-08-22 20:45:04,MEDIA & ENTERTAINMENT,SME
YASHOPTICS,YASHOPTICS,,SM,Medical Clinics & Equipment,Medical Clinics & Equipment,1,2026-08-22 20:45:04,HEALTHCARE SERVICES,SME
YUDIZ,YUDIZ,,SM,Enterprise Software & SaaS,Enterprise Software & SaaS,1,2026-08-22 20:45:04,IT SERVICES,SME
ZEAL,ZEAL,,SM,Medical Clinics & Equipment,Medical Clinics & Equipment,1,2026-08-22 20:45:04,HEALTHCARE SERVICES,SME
ZENITHDRUG,ZENITHDRUG,,SM,Finished Formulations,Finished Formulations,1,2026-08-22 20:45:04,PHARMACEUTICALS,SME
ZTECH,ZTECH,,SM,"Industrial Effluent, Desalination & ZLD","Industrial Effluent, Desalination & ZLD",1,2026-08-22 20:45:04,WATER TREATMENT,SME
20MICRONS,20 Microns Limited,,EQ,Industrial Minerals,Industrial Minerals,1,2026-08-22 20:45:04,MINING & MINERALS,NON_SME
21STCENMGM,21st Century Management Services Limited,,EQ,Stockbroking & Wealth Management,Stockbroking & Wealth Management,1,2026-08-22 20:45:04,CAPITAL MARKETS,NON_SME
360ONE,360 ONE WAM LIMITED,,EQ,Stockbroking & Wealth Management,Stockbroking & Wealth Management,1,2026-08-22 20:45:04,CAPITAL MARKETS,NON_SME
3BBLACKBIO,3B Blackbio Dx Limited,,EQ,Diagnostic & Pathology Labs,Diagnostic & Pathology Labs,1,2026-08-22 20:45:04,HEALTHCARE SERVICES,NON_SME
3IINFOLTD,3i Infotech Limited,,BE,Mid-Tier IT & Digital Solutions,Mid-Tier IT & Digital Solutions,1,2026-08-22 20:45:04,IT SERVICES,NON_SME
3MINDIA,3M India Limited,,EQ,Industrial Abrasives & Ceramics,Industrial Abrasives & Ceramics,1,2026-08-22 20:45:04,CAPITAL GOODS & MACHINERY,NON_SME
3PLAND,3P Land Holdings Limited,,EQ,Diversified Consumer & MSME NBFC,Diversified Consumer & MSME NBFC,1,2026-08-22 20:45:04,FINANCE & NBFC,NON_SME
5PAISA,5Paisa Capital Limited,,EQ,Stockbroking & Wealth Management,Stockbroking & Wealth Management,1,2026-08-22 20:45:04,CAPITAL MARKETS,NON_SME
63MOONS,63 moons technologies limited,,EQ,Mid-Tier IT & Digital Solutions,Mid-Tier IT & Digital Solutions,1,2026-08-22 20:45:04,IT SERVICES,NON_SME
A2ZINFRA,A2Z Infra Engineering Limited,,EQ,Precision Auto Engine Components,Precision Auto Engine Components,1,2026-08-22 20:45:04,AUTO ANCILLARIES,NON_SME
AAATECH,AAA Technologies Limited,,EQ,Mid-Tier IT & Digital Solutions,Mid-Tier IT & Digital Solutions,1,2026-08-22 20:45:04,IT SERVICES,NON_SME
AADHARHFC,Aadhar Housing Finance Limited,,EQ,Housing Finance (HFC),Housing Finance (HFC),1,2026-08-22 20:45:04,FINANCE & NBFC,NON_SME
AAKASH,Aakash Exploration Services Limited,,EQ,Oil & Gas Exploration (E&P),Oil & Gas Exploration (E&P),1,2026-08-22 20:45:04,OIL & GAS,NON_SME
AAREYDRUGS,Aarey Drugs & Pharmaceuticals Limited,,EQ,Finished Formulations,Finished Formulations,1,2026-08-22 20:45:04,PHARMACEUTICALS,NON_SME
AARNAV,Aarnav Fashions Limited,,BE,Garments & Apparel Exports,Garments & Apparel Exports,1,2026-08-22 20:45:04,TEXTILES,NON_SME
AARON,Aaron Industries Limited,,EQ,Pumps & Compressors,Pumps & Compressors,1,2026-08-22 20:45:04,CAPITAL GOODS & MACHINERY,NON_SME
AARTECH,Aartech Solonics Limited,,BE,Mid-Tier IT & Digital Solutions,Mid-Tier IT & Digital Solutions,1,2026-08-22 20:45:04,IT SERVICES,NON_SME
AARTIDRUGS,Aarti Drugs Limited,,EQ,Finished Formulations,Finished Formulations,1,2026-08-22 20:45:04,PHARMACEUTICALS,NON_SME
AARTIIND,Aarti Industries Limited,,EQ,Specialty Chemicals,Specialty Chemicals,1,2026-08-22 20:45:04,CHEMICALS,NON_SME
AARTIPHARM,Aarti Pharmalabs Limited,,EQ,Finished Formulations,Finished Formulations,1,2026-08-22 20:45:04,PHARMACEUTICALS,NON_SME
AARTISURF,Aarti Surfactants Limited,,BE,Personal Care & Soaps,Personal Care & Soaps,1,2026-08-22 20:45:04,FMCG & PERSONAL CARE,NON_SME
AARVI,Aarvi Encon Limited,,EQ,Staffing & Security Services,Staffing & Security Services,1,2026-08-22 20:45:04,PROFESSIONAL & CONSUMER SERVICES,NON_SME
AASTHA,Aastha Spintex Limited,,EQ,Cotton Spinning & Yarns,Cotton Spinning & Yarns,1,2026-08-22 20:45:04,TEXTILES,NON_SME
AAVAS,Aavas Financiers Limited,,EQ,Housing Finance (HFC),Housing Finance (HFC),1,2026-08-22 20:45:04,FINANCE & NBFC,NON_SME
ABAN,Aban Offshore Limited,,BE,Refining & Petrochemicals,Refining & Petrochemicals,1,2026-08-22 20:45:04,OIL & GAS,NON_SME
ABANSENT,Abans Enterprises Limited,,EQ,Stockbroking & Wealth Management,Stockbroking & Wealth Management,1,2026-08-22 20:45:04,CAPITAL MARKETS,NON_SME
ABB,ABB India Limited,,EQ,Heavy Switchgear & Automation,Heavy Switchgear & Automation,1,2026-08-22 20:45:04,ELECTRICAL EQUIPMENT,NON_SME
ABBOTINDIA,Abbott India Limited,,EQ,Finished Formulations,Finished Formulations,1,2026-08-22 20:45:04,PHARMACEUTICALS,NON_SME
ABCAPITAL,Aditya Birla Capital Limited,,EQ,Diversified Consumer & MSME NBFC,Diversified Consumer & MSME NBFC,1,2026-08-22 20:45:04,FINANCE & NBFC,NON_SME
ABCOTS,A B Cotspin India Limited,,EQ,Cotton Spinning & Yarns,Cotton Spinning & Yarns,1,2026-08-22 20:45:04,TEXTILES,NON_SME
ABDL,Allied Blenders and Distillers Limited,,EQ,Missiles & Military Explosives,Missiles & Military Explosives,1,2026-08-22 20:45:04,DEFENCE & AEROSPACE,NON_SME
ABFRL,Aditya Birla Fashion and Retail Limited,,EQ,Garments & Apparel Exports,Garments & Apparel Exports,1,2026-08-22 20:45:04,TEXTILES,NON_SME
ABINFRA,A B Infrabuild Limited,,EQ,Roads & Highways EPC,Roads & Highways EPC,1,2026-08-22 20:45:04,CONSTRUCTION & INFRASTRUCTURE,NON_SME
ABLBL,Aditya Birla Lifestyle Brands Limited,,EQ,Specialty Retail Boutiques,Specialty Retail Boutiques,1,2026-08-22 20:45:04,RETAIL,NON_SME
ABMINTLLTD,ABM International Limited,,BE,Civil & Commercial Construction,Civil & Commercial Construction,1,2026-08-22 20:45:04,CONSTRUCTION & INFRASTRUCTURE,NON_SME
ABMKNO,ABM Knowledgeware Limited,,EQ,Enterprise Software & SaaS,Enterprise Software & SaaS,1,2026-08-22 20:45:04,IT SERVICES,NON_SME
ABREL,Aditya Birla Real Estate Limited,,EQ,Residential Real Estate,Residential Real Estate,1,2026-08-22 20:45:04,REAL ESTATE,NON_SME
ABSLAMC,Aditya Birla Sun Life AMC Limited,,EQ,Mutual Fund Asset Managers (AMC),Mutual Fund Asset Managers (AMC),1,2026-08-22 20:45:04,CAPITAL MARKETS,NON_SME
ACC,ACC Limited,,EQ,Integrated Grey Cement,Integrated Grey Cement,1,2026-08-22 20:45:04,CEMENT,NON_SME
ACCELYA,Accelya Solutions India Limited,,EQ,Enterprise Software & SaaS,Enterprise Software & SaaS,1,2026-08-22 20:45:04,IT SERVICES,NON_SME
ACCURACY,Accuracy Shipping Limited,,BE,Marine Offshore Vessels & Tugs,Marine Offshore Vessels & Tugs,1,2026-08-22 20:45:04,SHIPBUILDING & PORTS,NON_SME
ACE,Action Construction Equipment Limited,,EQ,Heavy Process Equipment & Machinery,Heavy Process Equipment & Machinery,1,2026-08-22 20:45:04,CAPITAL GOODS & MACHINERY,NON_SME
ACEINTEG,Ace Integrated Solutions Limited,,EQ,Mid-Tier IT & Digital Solutions,Mid-Tier IT & Digital Solutions,1,2026-08-22 20:45:04,IT SERVICES,NON_SME
ACGL,Automobile Corporation of Goa Limited,,EQ,Auto Castings & Heavy Forgings,Auto Castings & Heavy Forgings,1,2026-08-22 20:45:04,AUTO ANCILLARIES,NON_SME
ACI,Archean Chemical Industries Limited,,EQ,Industrial & Basic Chemicals,Industrial & Basic Chemicals,1,2026-08-22 20:45:04,CHEMICALS,NON_SME
ACL,Andhra Cements Limited,,EQ,Regional Cement & RMC,Regional Cement & RMC,1,2026-08-22 20:45:04,CEMENT,NON_SME
ACMESOLAR,Acme Solar Holdings Limited,,EQ,Solar PV & Green Hydrogen,Solar PV & Green Hydrogen,1,2026-08-22 20:45:04,RENEWABLE ENERGY,NON_SME
ACSTECH,ACS Technologies Limited,,EQ,Mid-Tier IT & Digital Solutions,Mid-Tier IT & Digital Solutions,1,2026-08-22 20:45:04,IT SERVICES,NON_SME
ACUTAAS,Acutaas Chemicals Limited,,EQ,Industrial & Basic Chemicals,Industrial & Basic Chemicals,1,2026-08-22 20:45:04,CHEMICALS,NON_SME
ADANIENSOL,Adani Energy Solutions Limited,,EQ,Conventional Thermal & Fossil Power,Conventional Thermal & Fossil Power,1,2026-08-22 20:45:04,POWER,NON_SME
ADANIENT,Adani Enterprises Limited,,EQ,Commodity & Wholesale Trading,Commodity & Wholesale Trading,1,2026-08-22 20:45:04,COMMERCIAL TRADING,NON_SME
ADANIGREEN,Adani Green Energy Limited,,EQ,Green Energy Generation (IPP),Green Energy Generation (IPP),1,2026-08-22 20:45:04,RENEWABLE ENERGY,NON_SME
ADANIPORTS,Adani Ports and Special Economic Zone Limited,,EQ,Commercial Ports & Terminals,Commercial Ports & Terminals,1,2026-08-22 20:45:04,SHIPBUILDING & PORTS,NON_SME
ADANIPOWER,Adani Power Limited,,EQ,Conventional Thermal & Fossil Power,Conventional Thermal & Fossil Power,1,2026-08-22 20:45:04,POWER,NON_SME
ADDIND,Addi Industries Limited,,EQ,Building Materials,Building Materials,1,2026-08-22 20:45:04,BUILDING MATERIALS,NON_SME
ADFFOODS,ADF Foods Limited,,EQ,Packaged Foods & Snacks,Packaged Foods & Snacks,1,2026-08-22 20:45:04,FOOD PROCESSING,NON_SME
ADL,Archidply Decor Limited,,EQ,Plywood & Laminates,Plywood & Laminates,1,2026-08-22 20:45:04,BUILDING MATERIALS,NON_SME
ADOR,Ador Welding Limited,,EQ,Industrial Abrasives & Ceramics,Industrial Abrasives & Ceramics,1,2026-08-22 20:45:04,CAPITAL GOODS & MACHINERY,NON_SME
ADROITINFO,Adroit Infotech Limited,,EQ,Mid-Tier IT & Digital Solutions,Mid-Tier IT & Digital Solutions,1,2026-08-22 20:45:04,IT SERVICES,NON_SME
ADSL,Allied Digital Services Limited,,EQ,Mid-Tier IT & Digital Solutions,Mid-Tier IT & Digital Solutions,1,2026-08-22 20:45:04,IT SERVICES,NON_SME
ADVAIT,Advait Energy Transitions Limited,,EQ,Solar PV & Green Hydrogen,Solar PV & Green Hydrogen,1,2026-08-22 20:45:04,RENEWABLE ENERGY,NON_SME
ADVANCE,Advance Agrolife Limited,,EQ,Crop Protection Formulations,Crop Protection Formulations,1,2026-08-22 20:45:04,AGRICULTURE & AGROCHEMICALS,NON_SME
ADVANIHOTR,Advani Hotels & Resorts (India) Limited,,EQ,Luxury Hotels & Resorts,Luxury Hotels & Resorts,1,2026-08-22 20:45:04,HOTELS & HOSPITALITY,NON_SME
ADVENTHTL,Advent Hotels International Limited,,EQ,Luxury Hotels & Resorts,Luxury Hotels & Resorts,1,2026-08-22 20:45:04,HOTELS & HOSPITALITY,NON_SME
ADVENZYMES,Advanced Enzyme Technologies Limited,,EQ,Specialty Enzymes & Biologicals,Specialty Enzymes & Biologicals,1,2026-08-22 20:45:04,PHARMACEUTICALS,NON_SME
ADVIKCA,Advik Capital Limited,,EQ,Diversified Consumer & MSME NBFC,Diversified Consumer & MSME NBFC,1,2026-08-22 20:45:04,FINANCE & NBFC,NON_SME
AEGISLOG,Aegis Logistics Limited,,EQ,3PL Logistics & Fleet Haulage,3PL Logistics & Fleet Haulage,1,2026-08-22 20:45:04,LOGISTICS & SUPPLY CHAIN,NON_SME
AEGISVOPAK,Aegis Vopak Terminals Limited,,EQ,Oil & LPG Tank Terminals,Oil & LPG Tank Terminals,1,2026-08-22 20:45:04,OIL & GAS,NON_SME
AEPL,Artemis Electricals and Projects Limited,,EQ,Fast Moving Electrical Goods (FMEG),Fast Moving Electrical Goods (FMEG),1,2026-08-22 20:45:04,CONSUMER ELECTRICALS,NON_SME
AEQUS,Aequs Limited,,EQ,Aerospace Parts & Precision Engineering,Aerospace Parts & Precision Engineering,1,2026-08-22 20:45:04,EMS & ELECTRONICS,NON_SME
AEROENTER,Aeroflex Enterprises Limited,,EQ,Steel Pipes & Tubes,Steel Pipes & Tubes,1,2026-08-22 20:45:04,STEEL,NON_SME
AEROFLEX,Aeroflex Industries Limited,,EQ,Steel Pipes & Tubes,Steel Pipes & Tubes,1,2026-08-22 20:45:04,STEEL,NON_SME
AERONEU,Aeroflex Neu Limited,,EQ,Steel Pipes & Tubes,Steel Pipes & Tubes,1,2026-08-22 20:45:04,STEEL,NON_SME
AEROPLANE,Amir Chand Jagdish Kumar (Exports) Limited,,EQ,Basmati Rice & Exports,Basmati Rice & Exports,1,2026-08-22 20:45:04,RICE,NON_SME
AETHER,Aether Industries Limited,,EQ,Specialty Chemicals,Specialty Chemicals,1,2026-08-22 20:45:04,CHEMICALS,NON_SME
AFCONS,Afcons Infrastructure Limited,,EQ,Civil & Commercial Construction,Civil & Commercial Construction,1,2026-08-22 20:45:04,CONSTRUCTION & INFRASTRUCTURE,NON_SME
AFFLE,Affle 3i Limited,,EQ,AdTech & Marketing Analytics,AdTech & Marketing Analytics,1,2026-08-22 20:45:04,IT SERVICES,NON_SME
AFFORDABLE,Affordable Robotic & Automation Limited,,BE,Heavy Switchgear & Automation,Heavy Switchgear & Automation,1,2026-08-22 20:45:04,ELECTRICAL EQUIPMENT,NON_SME
AFIL,Akme Fintrade (India) Limited,,EQ,Diversified Consumer & MSME NBFC,Diversified Consumer & MSME NBFC,1,2026-08-22 20:45:04,FINANCE & NBFC,NON_SME
AFSL,Abans Financial Services Limited,,EQ,Corporate & Wholesale Finance,Corporate & Wholesale Finance,1,2026-08-22 20:45:04,FINANCE & NBFC,NON_SME
AGARIND,Agarwal Industrial Corporation Limited,,EQ,Lubricants & Specialty Oils,Lubricants & Specialty Oils,1,2026-08-22 20:45:04,OIL & GAS,NON_SME
AGARWALEYE,Dr. Agarwal's Health Care Limited,,EQ,Finished Formulations,Finished Formulations,1,2026-08-22 20:45:04,PHARMACEUTICALS,NON_SME
AGI,AGI Greenpac Limited,,EQ,Moulded Plastics & Packaging,Moulded Plastics & Packaging,1,2026-08-22 20:45:04,PAPER & PACKAGING,NON_SME
AGIIL,Agi Infra Limited,,EQ,Civil & Commercial Construction,Civil & Commercial Construction,1,2026-08-22 20:45:04,CONSTRUCTION & INFRASTRUCTURE,NON_SME
AGL,Allcargo Global Limited,,EQ,Precision Auto Engine Components,Precision Auto Engine Components,1,2026-08-22 20:45:04,AUTO ANCILLARIES,NON_SME
AGRITECH,Agri-Tech (India) Limited,,EQ,Crop Protection Agrochemicals,Crop Protection Agrochemicals,1,2026-08-22 20:45:04,AGRICULTURE & AGROCHEMICALS,NON_SME
AGROPHOS,Agro Phos India Limited,,EQ,Fertilizers & Soil Nutrients,Fertilizers & Soil Nutrients,1,2026-08-22 20:45:04,FERTILIZERS,NON_SME
AGSTRA,AGS Transact Technologies Limited,,BZ,Staffing & Security Services,Staffing & Security Services,1,2026-08-22 20:45:04,PROFESSIONAL & CONSUMER SERVICES,NON_SME
AHCL,Anlon Healthcare Limited,,EQ,Finished Formulations,Finished Formulations,1,2026-08-22 20:45:04,PHARMACEUTICALS,NON_SME
AHLADA,Ahlada Engineers Limited,,EQ,Precision Metal Fabrication,Precision Metal Fabrication,1,2026-08-22 20:45:04,METALS & FABRICATION,NON_SME
AHLEAST,Asian Hotels (East) Limited,,EQ,Luxury Hotels & Resorts,Luxury Hotels & Resorts,1,2026-08-22 20:45:04,HOTELS & HOSPITALITY,NON_SME
AHLUCONT,Ahluwalia Contracts (India) Limited,,EQ,Civil & Commercial Construction,Civil & Commercial Construction,1,2026-08-22 20:45:04,CONSTRUCTION & INFRASTRUCTURE,NON_SME
AHLWEST,Asian Hotels (West) Limited,,BE,Luxury Hotels & Resorts,Luxury Hotels & Resorts,1,2026-08-22 20:45:04,HOTELS & HOSPITALITY,NON_SME
AIAENG,AIA Engineering Limited,,EQ,Precision Auto Engine Components,Precision Auto Engine Components,1,2026-08-22 20:45:04,AUTO ANCILLARIES,NON_SME
AIIL,Authum Investment & Infrastructure Limited,,EQ,Diversified Consumer & MSME NBFC,Diversified Consumer & MSME NBFC,1,2026-08-22 20:45:04,FINANCE & NBFC,NON_SME
AIRAN,Airan Limited,,EQ,Business Process Management (BPM),Business Process Management (BPM),1,2026-08-22 20:45:04,PROFESSIONAL & CONSUMER SERVICES,NON_SME
AIROLAM,Airo Lam limited,,EQ,Plywood & Laminates,Plywood & Laminates,1,2026-08-22 20:45:04,BUILDING MATERIALS,NON_SME
AJANTPHARM,Ajanta Pharma Limited,,EQ,Finished Formulations,Finished Formulations,1,2026-08-22 20:45:04,PHARMACEUTICALS,NON_SME
AJAXENGG,Ajax Engineering Limited,,EQ,Heavy Process Equipment & Machinery,Heavy Process Equipment & Machinery,1,2026-08-22 20:45:04,CAPITAL GOODS & MACHINERY,NON_SME
AJMERA,Ajmera Realty & Infra India Limited,,EQ,Residential Real Estate,Residential Real Estate,1,2026-08-22 20:45:04,REAL ESTATE,NON_SME
AJOONI,Ajooni Biotech Limited,,EQ,Biopharma & Biosimilars,Biopharma & Biosimilars,1,2026-08-22 20:45:04,PHARMACEUTICALS,NON_SME
AKASH,Akash Infra-Projects Limited,,EQ,Civil & Commercial Construction,Civil & Commercial Construction,1,2026-08-22 20:45:04,CONSTRUCTION & INFRASTRUCTURE,NON_SME
AKCAPIT,AK Capital Services Limited,,EQ,API & Bulk Drugs,API & Bulk Drugs,1,2026-08-22 20:45:04,PHARMACEUTICALS,NON_SME
AKG,Akg Exim Limited,,EQ,Seafood & Marine Exports,Seafood & Marine Exports,1,2026-08-22 20:45:04,FOOD PROCESSING,NON_SME
AKI,AKI India Limited,,EQ,Footwear Retail Chains,Footwear Retail Chains,1,2026-08-22 20:45:04,FOOTWEAR,NON_SME
AKSHAR,Akshar Spintex Limited,,EQ,Cotton Spinning & Yarns,Cotton Spinning & Yarns,1,2026-08-22 20:45:04,TEXTILES,NON_SME
AKSHARCHEM,AksharChem India Limited,,BE,Pigments & Dyes,Pigments & Dyes,1,2026-08-22 20:45:04,CHEMICALS,NON_SME
AKSHOPTFBR,Aksh Optifibre Limited,,BE,Optical Fiber & Telecom Gear,Optical Fiber & Telecom Gear,1,2026-08-22 20:45:04,TELECOM,NON_SME
AKUMS,Akums Drugs and Pharmaceuticals Limited,,EQ,Finished Formulations,Finished Formulations,1,2026-08-22 20:45:04,PHARMACEUTICALS,NON_SME
ALANKIT,Alankit Limited,,EQ,Registrar & Transfer Agents (RTA),Registrar & Transfer Agents (RTA),1,2026-08-22 20:45:04,CAPITAL MARKETS,NON_SME
ALBERTDAVD,Albert David Limited,,EQ,Finished Formulations,Finished Formulations,1,2026-08-22 20:45:04,PHARMACEUTICALS,NON_SME
ALEMBICLTD,Alembic Limited,,EQ,Finished Formulations,Finished Formulations,1,2026-08-22 20:45:04,PHARMACEUTICALS,NON_SME
ALFREDHE,Alfred Herbert India Limited,,EQ,Industrial Abrasives & Ceramics,Industrial Abrasives & Ceramics,1,2026-08-22 20:45:04,CAPITAL GOODS & MACHINERY,NON_SME
ALGOQUANT,Algoquant Fintech Limited,,EQ,Stockbroking & Wealth Management,Stockbroking & Wealth Management,1,2026-08-22 20:45:04,CAPITAL MARKETS,NON_SME
ALICON,Alicon Castalloy Limited,,EQ,Auto Castings & Heavy Forgings,Auto Castings & Heavy Forgings,1,2026-08-22 20:45:04,AUTO ANCILLARIES,NON_SME
ALIVUS,Alivus Life Sciences Limited,,EQ,Finished Formulations,Finished Formulations,1,2026-08-22 20:45:04,PHARMACEUTICALS,NON_SME
ALKALI,Alkali Metals Limited,,BE,Specialty Chemicals,Specialty Chemicals,1,2026-08-22 20:45:04,CHEMICALS,NON_SME
ALKEM,Alkem Laboratories Limited,,EQ,Finished Formulations,Finished Formulations,1,2026-08-22 20:45:04,PHARMACEUTICALS,NON_SME
ALKYLAMINE,Alkyl Amines Chemicals Limited,,EQ,Industrial & Basic Chemicals,Industrial & Basic Chemicals,1,2026-08-22 20:45:04,CHEMICALS,NON_SME
ALLCARGO,Allcargo Logistics Limited,,EQ,Precision Auto Engine Components,Precision Auto Engine Components,1,2026-08-22 20:45:04,AUTO ANCILLARIES,NON_SME
ALLDIGI,Alldigi Tech Limited,,EQ,Mid-Tier IT & Digital Solutions,Mid-Tier IT & Digital Solutions,1,2026-08-22 20:45:04,IT SERVICES,NON_SME
ALLTIME,All Time Plastics Limited,,EQ,Engineered Polymers & Compounding,Engineered Polymers & Compounding,1,2026-08-22 20:45:04,PLASTICS & POLYMERS,NON_SME
ALMONDZ,Almondz Global Securities Limited,,EQ,Stockbroking & Wealth Management,Stockbroking & Wealth Management,1,2026-08-22 20:45:04,CAPITAL MARKETS,NON_SME
ALOKINDS,Alok Industries Limited,,EQ,Cotton Spinning & Yarns,Cotton Spinning & Yarns,1,2026-08-22 20:45:04,TEXTILES,NON_SME
ALPA,Alpa Laboratories Limited,,EQ,Finished Formulations,Finished Formulations,1,2026-08-22 20:45:04,PHARMACEUTICALS,NON_SME
ALPHAGEO,Alphageo (India) Limited,,BE,Oilfield Services & Drilling,Oilfield Services & Drilling,1,2026-08-22 20:45:04,OIL & GAS,NON_SME
ALPINETEX,Alpine Texworld Limited,,EQ,Cotton Spinning & Yarns,Cotton Spinning & Yarns,1,2026-08-22 20:45:04,TEXTILES,NON_SME
ALUFLUOR,Alufluoride Limited,,EQ,Fluorochemicals,Fluorochemicals,1,2026-08-22 20:45:04,CHEMICALS,NON_SME
AMAGI,Amagi Media Labs Limited,,EQ,Finished Formulations,Finished Formulations,1,2026-08-22 20:45:04,PHARMACEUTICALS,NON_SME
AMAL,Amal Limited,,EQ,Industrial & Basic Chemicals,Industrial & Basic Chemicals,1,2026-08-22 20:45:04,CHEMICALS,NON_SME
AMANTA,Amanta Healthcare Limited,,BE,Finished Formulations,Finished Formulations,1,2026-08-22 20:45:04,PHARMACEUTICALS,NON_SME
AMARJOTHI,Amarjothi Spinning Mills Limited,,EQ,Cotton Spinning & Yarns,Cotton Spinning & Yarns,1,2026-08-22 20:45:04,TEXTILES,NON_SME
AMBALALSA,Ambalal Sarabhai Enterprises Limited,,BE,Finished Formulations,Finished Formulations,1,2026-08-22 20:45:04,PHARMACEUTICALS,NON_SME
AMBER,Amber Enterprises India Limited,,EQ,Domestic & Consumer Appliances EMS,Domestic & Consumer Appliances EMS,1,2026-08-22 20:45:04,EMS & ELECTRONICS,NON_SME
AMBICAAGAR,Ambica Agarbathies & Aroma industries Limited,,EQ,Ayurvedic & Herbal Care,Ayurvedic & Herbal Care,1,2026-08-22 20:45:04,FMCG & PERSONAL CARE,NON_SME
AMBIKCO,Ambika Cotton Mills Limited,,EQ,Cotton Spinning & Yarns,Cotton Spinning & Yarns,1,2026-08-22 20:45:04,TEXTILES,NON_SME
AMBUJACEM,Ambuja Cements Limited,,EQ,Regional Cement & RMC,Regional Cement & RMC,1,2026-08-22 20:45:04,CEMENT,NON_SME
AMDIND,AMD Industries Limited,,EQ,Moulded Plastics & Packaging,Moulded Plastics & Packaging,1,2026-08-22 20:45:04,PAPER & PACKAGING,NON_SME
AMJLAND,Amj Land Holdings Limited,,EQ,Diversified Consumer & MSME NBFC,Diversified Consumer & MSME NBFC,1,2026-08-22 20:45:04,FINANCE & NBFC,NON_SME
AMNPLST,Amines & Plasticizers Limited,,EQ,Industrial & Basic Chemicals,Industrial & Basic Chemicals,1,2026-08-22 20:45:04,CHEMICALS,NON_SME
AMRUTANJAN,Amrutanjan Health Care Limited,,EQ,Finished Formulations,Finished Formulations,1,2026-08-22 20:45:04,PHARMACEUTICALS,NON_SME
ANANDRATHI,Anand Rathi Wealth Limited,,EQ,Stockbroking & Wealth Management,Stockbroking & Wealth Management,1,2026-08-22 20:45:04,CAPITAL MARKETS,NON_SME
ANANTRAJ,Anant Raj Limited,,EQ,Residential Townships & Commercial REITs,Residential Townships & Commercial REITs,1,2026-08-22 20:45:04,REAL ESTATE,NON_SME
ANDHRAPAP,ANDHRA PAPER LIMITED,,EQ,Paperboard & Packaging Cartons,Paperboard & Packaging Cartons,1,2026-08-22 20:45:04,PAPER & PACKAGING,NON_SME
ANDHRSUGAR,The Andhra Sugars Limited,,EQ,Sugar Refining & Bio-Ethanol,Sugar Refining & Bio-Ethanol,1,2026-08-22 20:45:04,SUGAR & BIO-ETHANOL,NON_SME
ANDREWYU,Andrew Yule & Company Limited,,EQ,Tea Plantations & Packaging,Tea Plantations & Packaging,1,2026-08-22 20:45:04,TEA & COFFEE,NON_SME
ANGELONE,Angel One Limited,,EQ,Stockbroking & Wealth Management,Stockbroking & Wealth Management,1,2026-08-22 20:45:04,CAPITAL MARKETS,NON_SME
ANIKINDS,Anik Industries Limited,,EQ,Dairy Products,Dairy Products,1,2026-08-22 20:45:04,FOOD PROCESSING,NON_SME
ANKITMETAL,Ankit Metal & Power Limited,,BZ,Secondary Steel & TMT Rebars,Secondary Steel & TMT Rebars,1,2026-08-22 20:45:04,STEEL,NON_SME
ANMOL,Anmol India Limited,,EQ,Coal Mining,Coal Mining,1,2026-08-22 20:45:04,MINING & MINERALS,NON_SME
ANNAPURNA,Annapurna Swadisht Limited,,EQ,Packaged Foods & Snacks,Packaged Foods & Snacks,1,2026-08-22 20:45:04,FOOD PROCESSING,NON_SME
ANSALAPI,Ansal Properties & Infrastructure Limited,,BZ,Residential Real Estate,Residential Real Estate,1,2026-08-22 20:45:04,REAL ESTATE,NON_SME
ANSALBU,Ansal Buildwell Limited,,EQ,Residential Real Estate,Residential Real Estate,1,2026-08-22 20:45:04,REAL ESTATE,NON_SME
ANTELOPUS,Antelopus Selan Energy Limited,,EQ,Oil & Gas Exploration (E&P),Oil & Gas Exploration (E&P),1,2026-08-22 20:45:04,OIL & GAS,NON_SME
ANTGRAPHIC,Antarctica Limited,,EQ,Paperboard & Packaging Cartons,Paperboard & Packaging Cartons,1,2026-08-22 20:45:04,PAPER & PACKAGING,NON_SME
ANTHEM,Anthem Biosciences Limited,,EQ,API & Bulk Drugs,API & Bulk Drugs,1,2026-08-22 20:45:04,PHARMACEUTICALS,NON_SME
ANUHPHR,Anuh Pharma Limited,,EQ,Finished Formulations,Finished Formulations,1,2026-08-22 20:45:04,PHARMACEUTICALS,NON_SME
ANUP,The Anup Engineering Limited,,EQ,Precision Auto Engine Components,Precision Auto Engine Components,1,2026-08-22 20:45:04,AUTO ANCILLARIES,NON_SME
ANURAS,Anupam Rasayan India Limited,,EQ,Specialty Chemicals,Specialty Chemicals,1,2026-08-22 20:45:04,CHEMICALS,NON_SME
APARINDS,Apar Industries Limited,,EQ,Wires & Cables,Wires & Cables,1,2026-08-22 20:45:04,CONSUMER ELECTRICALS,NON_SME
APCL,Anjani Portland Cement Limited,,EQ,Regional Cement & RMC,Regional Cement & RMC,1,2026-08-22 20:45:04,CEMENT,NON_SME
APCOTEXIND,Apcotex Industries Limited,,EQ,Industrial Rubber Products,Industrial Rubber Products,1,2026-08-22 20:45:04,TYRES & RUBBER,NON_SME
APEX,Apex Frozen Foods Limited,,EQ,Packaged Foods & Snacks,Packaged Foods & Snacks,1,2026-08-22 20:45:04,FOOD PROCESSING,NON_SME
APLAPOLLO,APL Apollo Tubes Limited,,EQ,Steel Pipes & Tubes,Steel Pipes & Tubes,1,2026-08-22 20:45:04,STEEL,NON_SME
APLLTD,Alembic Pharmaceuticals Limited,,EQ,Finished Formulations,Finished Formulations,1,2026-08-22 20:45:04,PHARMACEUTICALS,NON_SME
APOLLO,Apollo Micro Systems Limited,,EQ,Defence Electronics & Avionics,Defence Electronics & Avionics,1,2026-08-22 20:45:04,DEFENCE & AEROSPACE,NON_SME
APOLLOHOSP,Apollo Hospitals Enterprise Limited,,EQ,Tertiary Hospitals & Clinics,Tertiary Hospitals & Clinics,1,2026-08-22 20:45:04,HEALTHCARE SERVICES,NON_SME
APOLLOPIPE,Apollo Pipes Limited,,EQ,Steel Pipes & Tubes,Steel Pipes & Tubes,1,2026-08-22 20:45:04,STEEL,NON_SME
APOLLOTYRE,Apollo Tyres Limited,,EQ,Automotive Radial Tyres,Automotive Radial Tyres,1,2026-08-22 20:45:04,TYRES & RUBBER,NON_SME
APOLSINHOT,Apollo Sindoori Hotels Limited,,EQ,Luxury Hotels & Resorts,Luxury Hotels & Resorts,1,2026-08-22 20:45:04,HOTELS & HOSPITALITY,NON_SME
APOORVA,Apoorva Leasing Finance and Investment Company Limited,,EQ,Corporate & Wholesale Finance,Corporate & Wholesale Finance,1,2026-08-22 20:45:04,FINANCE & NBFC,NON_SME
APTECHT,Aptech Limited,,BE,Mid-Tier IT & Digital Solutions,Mid-Tier IT & Digital Solutions,1,2026-08-22 20:45:04,IT SERVICES,NON_SME
APTUS,Aptus Value Housing Finance India Limited,,EQ,Housing Finance (HFC),Housing Finance (HFC),1,2026-08-22 20:45:04,FINANCE & NBFC,NON_SME
AQYLON,Aqylon Nexus Limited,,EQ,Mid-Tier IT & Digital Solutions,Mid-Tier IT & Digital Solutions,1,2026-08-22 20:45:04,IT SERVICES,NON_SME
ARCHIDPLY,Archidply Industries Limited,,EQ,Plywood & Laminates,Plywood & Laminates,1,2026-08-22 20:45:04,BUILDING MATERIALS,NON_SME
ARCHIES,Archies Limited,,EQ,Specialty Retail Boutiques,Specialty Retail Boutiques,1,2026-08-22 20:45:04,RETAIL,NON_SME
ARCL,ARCL Organics Limited,,EQ,Specialty Chemicals,Specialty Chemicals,1,2026-08-22 20:45:04,CHEMICALS,NON_SME
ARDEE,Ardee Industries Limited,,EQ,Material Handling & Cranes,Material Handling & Cranes,1,2026-08-22 20:45:04,CAPITAL GOODS & MACHINERY,NON_SME
ARE&M,Amara Raja Energy & Mobility Limited,,EQ,Precision Auto Engine Components,Precision Auto Engine Components,1,2026-08-22 20:45:04,AUTO ANCILLARIES,NON_SME
ARENTERP,Rajdarshan Industries Limited,,EQ,Industrial Minerals,Industrial Minerals,1,2026-08-22 20:45:04,MINING & MINERALS,NON_SME
ARFIN,Arfin India Limited,,EQ,Primary Aluminium,Primary Aluminium,1,2026-08-22 20:45:04,ALUMINIUM & COPPER,NON_SME
ARIES,Aries Agro Limited,,EQ,Fertilizers & Soil Nutrients,Fertilizers & Soil Nutrients,1,2026-08-22 20:45:04,FERTILIZERS,NON_SME
ARIHANT,Arihant Foundations & Housing Limited,,EQ,Residential Real Estate,Residential Real Estate,1,2026-08-22 20:45:04,REAL ESTATE,NON_SME
ARIHANTCAP,Arihant Capital Markets Limited,,EQ,API & Bulk Drugs,API & Bulk Drugs,1,2026-08-22 20:45:04,PHARMACEUTICALS,NON_SME
ARIHANTSUP,Arihant Superstructures Limited,,EQ,Precision Metal Fabrication,Precision Metal Fabrication,1,2026-08-22 20:45:04,METALS & FABRICATION,NON_SME
ARIS,Arisinfra Solutions Limited,,EQ,Civil & Commercial Construction,Civil & Commercial Construction,1,2026-08-22 20:45:04,CONSTRUCTION & INFRASTRUCTURE,NON_SME
ARKADE,Arkade Developers Limited,,EQ,Precision Auto Engine Components,Precision Auto Engine Components,1,2026-08-22 20:45:04,AUTO ANCILLARIES,NON_SME
ARMANFIN,Arman Financial Services Limited,,EQ,Microfinance (MFI),Microfinance (MFI),1,2026-08-22 20:45:04,FINANCE & NBFC,NON_SME
AROGRANITE,Aro Granite Industries Limited,,EQ,Industrial Minerals,Industrial Minerals,1,2026-08-22 20:45:04,MINING & MINERALS,NON_SME
ARROWGREEN,Arrow Greentech Limited,,BE,Specialty Chemicals,Specialty Chemicals,1,2026-08-22 20:45:04,CHEMICALS,NON_SME
ARSHIYA,Arshiya Limited,,BZ,Container Rail & Dry Ports,Container Rail & Dry Ports,1,2026-08-22 20:45:04,LOGISTICS & SUPPLY CHAIN,NON_SME
ARSSBL,Anand Rathi Share and Stock Brokers Limited,,EQ,Stockbroking & Wealth Management,Stockbroking & Wealth Management,1,2026-08-22 20:45:04,CAPITAL MARKETS,NON_SME
ARTEMISMED,Artemis Medicare Services Limited,,EQ,Precision Auto Engine Components,Precision Auto Engine Components,1,2026-08-22 20:45:04,AUTO ANCILLARIES,NON_SME
ARTNIRMAN,Art Nirman Limited,,EQ,Residential Real Estate,Residential Real Estate,1,2026-08-22 20:45:04,REAL ESTATE,NON_SME
ARVEE,Arvee Laboratories (India) Limited,,EQ,Finished Formulations,Finished Formulations,1,2026-08-22 20:45:04,PHARMACEUTICALS,NON_SME
ARVIND,Arvind Limited,,EQ,Garments & Apparel Exports,Garments & Apparel Exports,1,2026-08-22 20:45:04,TEXTILES,NON_SME
ARVINDFASN,Arvind Fashions Limited,,EQ,Garments & Apparel Exports,Garments & Apparel Exports,1,2026-08-22 20:45:04,TEXTILES,NON_SME
ARVSMART,Arvind SmartSpaces Limited,,EQ,Grocery & Departmental Stores,Grocery & Departmental Stores,1,2026-08-22 20:45:04,RETAIL,NON_SME
ARYAMAN,Aryaman Financial Services Limited,,EQ,Diversified Consumer & MSME NBFC,Diversified Consumer & MSME NBFC,1,2026-08-22 20:45:04,FINANCE & NBFC,NON_SME
ASAHIINDIA,Asahi India Glass Limited,,EQ,Architectural Glass & Windows,Architectural Glass & Windows,1,2026-08-22 20:45:04,BUILDING MATERIALS,NON_SME
ASAHISONG,Asahi Songwon Colors Limited,,BE,Industrial & Basic Chemicals,Industrial & Basic Chemicals,1,2026-08-22 20:45:04,CHEMICALS,NON_SME
ASAL,Automotive Stampings and Assemblies Limited,,EQ,Precision Auto Engine Components,Precision Auto Engine Components,1,2026-08-22 20:45:04,AUTO ANCILLARIES,NON_SME
ASALCBR,Associated Alcohols & Breweries Ltd.,,EQ,IMFL Spirits & Distilleries,IMFL Spirits & Distilleries,1,2026-08-22 20:45:04,BEVERAGES & DISTILLERIES,NON_SME
ASHAPURMIN,Ashapura Minechem Limited,,EQ,Industrial Minerals,Industrial Minerals,1,2026-08-22 20:45:04,MINING & MINERALS,NON_SME
ASHIANA,Ashiana Housing Limited,,EQ,Residential Real Estate,Residential Real Estate,1,2026-08-22 20:45:04,REAL ESTATE,NON_SME
ASHIKAG,Ashika Global Securities Limited,,BE,Stockbroking & Wealth Management,Stockbroking & Wealth Management,1,2026-08-22 20:45:04,CAPITAL MARKETS,NON_SME
ASHIMASYN,Ashima Limited,,EQ,Garments & Apparel Exports,Garments & Apparel Exports,1,2026-08-22 20:45:04,TEXTILES,NON_SME
ASHOKA,Ashoka Buildcon Limited,,EQ,Civil & Commercial Construction,Civil & Commercial Construction,1,2026-08-22 20:45:04,CONSTRUCTION & INFRASTRUCTURE,NON_SME
ASHOKAMET,Ashoka Metcast Limited,,EQ,Secondary Steel & TMT Rebars,Secondary Steel & TMT Rebars,1,2026-08-22 20:45:04,STEEL,NON_SME
ASHOKLEY,Ashok Leyland Limited,,EQ,Commercial Vehicles (Trucks & Buses),Commercial Vehicles (Trucks & Buses),1,2026-08-22 20:45:04,AUTOMOBILE,NON_SME
ASIANENE,Asian Energy Services Limited,,EQ,Conventional Thermal & Fossil Power,Conventional Thermal & Fossil Power,1,2026-08-22 20:45:04,POWER,NON_SME
ASIANHOTNR,Asian Hotels (North) Limited,,EQ,Luxury Hotels & Resorts,Luxury Hotels & Resorts,1,2026-08-22 20:45:04,HOTELS & HOSPITALITY,NON_SME
ASIANPAINT,Asian Paints Limited,,EQ,Decorative Paints,Decorative Paints,1,2026-08-22 20:45:04,PAINTS & COATINGS,NON_SME
ASIANTILES,Asian Granito India Limited,,EQ,Ceramic Tiles & Sanitaryware,Ceramic Tiles & Sanitaryware,1,2026-08-22 20:45:04,BUILDING MATERIALS,NON_SME
ASIANTNE,Asian Tea & Exports Limited,,EQ,Tea Plantations & Packaging,Tea Plantations & Packaging,1,2026-08-22 20:45:04,TEA & COFFEE,NON_SME
ASKAUTOLTD,ASK Automotive Limited,,EQ,Precision Auto Engine Components,Precision Auto Engine Components,1,2026-08-22 20:45:04,AUTO ANCILLARIES,NON_SME
ASMS,Avio Smart Market Stack Limited,,BE,Grocery & Departmental Stores,Grocery & Departmental Stores,1,2026-08-22 20:45:04,RETAIL,NON_SME
ASPINWALL,Aspinwall and Company Limited,,EQ,3PL Logistics & Fleet Haulage,3PL Logistics & Fleet Haulage,1,2026-08-22 20:45:04,LOGISTICS & SUPPLY CHAIN,NON_SME
ASSAMENT,Assam Entrade Limited,,EQ,Diversified Consumer & MSME NBFC,Diversified Consumer & MSME NBFC,1,2026-08-22 20:45:04,FINANCE & NBFC,NON_SME
ASTAR,Asian Star Company Limited,,EQ,Diamond & Studded Jewellery,Diamond & Studded Jewellery,1,2026-08-22 20:45:04,JEWELLERY,NON_SME
ASTEC,Astec LifeSciences Limited,,EQ,Finished Formulations,Finished Formulations,1,2026-08-22 20:45:04,PHARMACEUTICALS,NON_SME
ASTERDM,Aster DM Quality Care Limited,,EQ,Precision Auto Engine Components,Precision Auto Engine Components,1,2026-08-22 20:45:04,AUTO ANCILLARIES,NON_SME
ASTRAL,Astral Limited,,EQ,Plastic & CPVC Pipes,Plastic & CPVC Pipes,1,2026-08-22 20:45:04,BUILDING MATERIALS,NON_SME
ASTRAMICRO,Astra Microwave Products Limited,,EQ,Defence Electronics & Radars,Defence Electronics & Radars,1,2026-08-22 20:45:04,DEFENCE & AEROSPACE,NON_SME
ASTRAZEN,AstraZeneca Pharma India Limited,,EQ,Finished Formulations,Finished Formulations,1,2026-08-22 20:45:04,PHARMACEUTICALS,NON_SME
ASTRON,Astron Paper & Board Mill Limited,,BZ,Paperboard & Packaging Cartons,Paperboard & Packaging Cartons,1,2026-08-22 20:45:04,PAPER & PACKAGING,NON_SME
ATALREAL,Atal Realtech Limited,,EQ,Residential Townships & Commercial REITs,Residential Townships & Commercial REITs,1,2026-08-22 20:45:04,REAL ESTATE,NON_SME
ATAM,Atam Valves Limited,,EQ,Pumps & Compressors,Pumps & Compressors,1,2026-08-22 20:45:04,CAPITAL GOODS & MACHINERY,NON_SME
ATGL,Adani Total Gas Limited,,EQ,Refining & Petrochemicals,Refining & Petrochemicals,1,2026-08-22 20:45:04,OIL & GAS,NON_SME
ATHERENERG,Ather Energy Limited,,EQ,Conventional Thermal & Fossil Power,Conventional Thermal & Fossil Power,1,2026-08-22 20:45:04,POWER,NON_SME
ATL,Allcargo Terminals Limited,,EQ,Precision Auto Engine Components,Precision Auto Engine Components,1,2026-08-22 20:45:04,AUTO ANCILLARIES,NON_SME
ATLANTAA,ATLANTAA LIMITED,,EQ,Roads & Highways EPC,Roads & Highways EPC,1,2026-08-22 20:45:04,CONSTRUCTION & INFRASTRUCTURE,NON_SME
ATLANTAELE,Atlanta Electricals Limited,,EQ,Conventional Thermal & Fossil Power,Conventional Thermal & Fossil Power,1,2026-08-22 20:45:04,POWER,NON_SME
ATLASCYCLE,Atlas Cycles (Haryana) Limited,,EQ,Two & Three Wheelers,Two & Three Wheelers,1,2026-08-22 20:45:04,AUTOMOBILE,NON_SME
ATUL,Atul Limited,,EQ,Specialty Chemicals,Specialty Chemicals,1,2026-08-22 20:45:04,CHEMICALS,NON_SME
ATULAUTO,Atul Auto Limited,,EQ,Precision Auto Engine Components,Precision Auto Engine Components,1,2026-08-22 20:45:04,AUTO ANCILLARIES,NON_SME
AUBANK,AU Small Finance Bank Limited,,EQ,Small Finance & Payment Banks,Small Finance & Payment Banks,1,2026-08-22 20:45:04,BANKING,NON_SME
AURIONPRO,Aurionpro Solutions Limited,,EQ,Mid-Tier IT & Digital Solutions,Mid-Tier IT & Digital Solutions,1,2026-08-22 20:45:04,IT SERVICES,NON_SME
AUROPHARMA,Aurobindo Pharma Limited,,EQ,Finished Formulations,Finished Formulations,1,2026-08-22 20:45:04,PHARMACEUTICALS,NON_SME
AURUM,Aurum PropTech Limited,,EQ,PropTech & Real Estate Technology,PropTech & Real Estate Technology,1,2026-08-22 20:45:04,REAL ESTATE,NON_SME
AURUS,AURUS GEM CORPORATION LIMITED,,EQ,Gold Jewellery & Retail,Gold Jewellery & Retail,1,2026-08-22 20:45:04,JEWELLERY,NON_SME
AUSOMENT,Ausom Enterprise Limited,,EQ,Diversified Consumer & MSME NBFC,Diversified Consumer & MSME NBFC,1,2026-08-22 20:45:04,FINANCE & NBFC,NON_SME
AUSTENG,Austin Engineering Company  Limited,,EQ,Precision Machine Tools & Fasteners,Precision Machine Tools & Fasteners,1,2026-08-22 20:45:04,CAPITAL GOODS & MACHINERY,NON_SME
AUTOAXLES,Automotive Axles Limited,,EQ,Auto Transmission & Driveline,Auto Transmission & Driveline,1,2026-08-22 20:45:04,AUTO ANCILLARIES,NON_SME
AUTOIND,Autoline Industries Limited,,BE,Precision Auto Engine Components,Precision Auto Engine Components,1,2026-08-22 20:45:04,AUTO ANCILLARIES,NON_SME
AVADHSUGAR,Avadh Sugar & Energy Limited,,EQ,Sugar Refining & Bio-Ethanol,Sugar Refining & Bio-Ethanol,1,2026-08-22 20:45:04,SUGAR & BIO-ETHANOL,NON_SME
AVALON,Avalon Technologies Limited,,EQ,Commercial & Industrial Electronics EMS,Commercial & Industrial Electronics EMS,1,2026-08-22 20:45:04,EMS & ELECTRONICS,NON_SME
AVANCE,Avance Technologies Limited,,EQ,Mid-Tier IT & Digital Solutions,Mid-Tier IT & Digital Solutions,1,2026-08-22 20:45:04,IT SERVICES,NON_SME
AVANTEL,Avantel Limited,,EQ,Engineering R&D (ER&D),Engineering R&D (ER&D),1,2026-08-22 20:45:04,IT SERVICES,NON_SME
AVANTIFEED,Avanti Feeds Limited,,EQ,Packaged Foods & Snacks,Packaged Foods & Snacks,1,2026-08-22 20:45:04,FOOD PROCESSING,NON_SME
AVG,AVG Logistics Limited,,BE,3PL Logistics & Fleet Haulage,3PL Logistics & Fleet Haulage,1,2026-08-22 20:45:04,LOGISTICS & SUPPLY CHAIN,NON_SME
AVL,Aditya Vision Limited,,EQ,Specialty Retail Boutiques,Specialty Retail Boutiques,1,2026-08-22 20:45:04,RETAIL,NON_SME
AVONMORE,Avonmore Capital & Management Services Limited,,EQ,API & Bulk Drugs,API & Bulk Drugs,1,2026-08-22 20:45:04,PHARMACEUTICALS,NON_SME
AVROIND,AVRO INDIA LIMITED,,EQ,Engineered Polymers & Compounding,Engineered Polymers & Compounding,1,2026-08-22 20:45:04,PLASTICS & POLYMERS,NON_SME
AVTNPL,AVT Natural Products Limited,,EQ,Packaged Foods & Snacks,Packaged Foods & Snacks,1,2026-08-22 20:45:04,FOOD PROCESSING,NON_SME
AWFIS,Awfis Space Solutions Limited,,EQ,Co-Working & Managed Office Spaces,Co-Working & Managed Office Spaces,1,2026-08-22 20:45:04,REAL ESTATE,NON_SME
AWHCL,Antony Waste Handling Cell Limited,,EQ,Staffing & Security Services,Staffing & Security Services,1,2026-08-22 20:45:04,PROFESSIONAL & CONSUMER SERVICES,NON_SME
AWL,AWL Agri Business Limited,,EQ,Precision Auto Engine Components,Precision Auto Engine Components,1,2026-08-22 20:45:04,AUTO ANCILLARIES,NON_SME
AXISBANK,Axis Bank Limited,,EQ,Private Sector Banks,Private Sector Banks,1,2026-08-22 20:45:04,BANKING,NON_SME
AXISCADES,AXISCADES Technologies Limited,,EQ,Engineering R&D (ER&D),Engineering R&D (ER&D),1,2026-08-22 20:45:04,IT SERVICES,NON_SME
AXITA,Axita Cotton Limited,,EQ,Cotton Spinning & Yarns,Cotton Spinning & Yarns,1,2026-08-22 20:45:04,TEXTILES,NON_SME
AXTEL,Axtel Industries Limited,,EQ,Heavy Process Equipment & Machinery,Heavy Process Equipment & Machinery,1,2026-08-22 20:45:04,CAPITAL GOODS & MACHINERY,NON_SME
AYE,Aye Finance Limited,,EQ,Diversified Consumer & MSME NBFC,Diversified Consumer & MSME NBFC,1,2026-08-22 20:45:04,FINANCE & NBFC,NON_SME
AYMSYNTEX,AYM Syntex Limited,,EQ,Cotton Spinning & Yarns,Cotton Spinning & Yarns,1,2026-08-22 20:45:04,TEXTILES,NON_SME
AZAD,Azad Engineering Limited,,EQ,Precision Auto Engine Components,Precision Auto Engine Components,1,2026-08-22 20:45:04,AUTO ANCILLARIES,NON_SME
AZADIND,Azad India Mobility Limited,,EQ,Auto Castings & Heavy Forgings,Auto Castings & Heavy Forgings,1,2026-08-22 20:45:04,AUTO ANCILLARIES,NON_SME
BAFNAPH,Bafna Pharmaceuticals Limited,,BE,Finished Formulations,Finished Formulations,1,2026-08-22 20:45:04,PHARMACEUTICALS,NON_SME
BAGFILMS,B.A.G Films and Media Limited,,EQ,Music Labels & VFX Studios,Music Labels & VFX Studios,1,2026-08-22 20:45:04,MEDIA & ENTERTAINMENT,NON_SME
BAIDFIN,Baid Finserv Limited,,EQ,Diversified Consumer & MSME NBFC,Diversified Consumer & MSME NBFC,1,2026-08-22 20:45:04,FINANCE & NBFC,NON_SME
BAJAJ-AUTO,Bajaj Auto Limited,,EQ,Two & Three Wheelers,Two & Three Wheelers,1,2026-08-22 20:45:04,AUTOMOBILE,NON_SME
BAJAJCON,Bajaj Consumer Care Limited,,EQ,Hair Oils & Personal Care,Hair Oils & Personal Care,1,2026-08-22 20:45:04,FMCG & PERSONAL CARE,NON_SME
BAJAJELEC,Bajaj Electricals Limited,,EQ,Conventional Thermal & Fossil Power,Conventional Thermal & Fossil Power,1,2026-08-22 20:45:04,POWER,NON_SME
BAJAJFINSV,Bajaj Finserv Limited,,EQ,Diversified Consumer & MSME NBFC,Diversified Consumer & MSME NBFC,1,2026-08-22 20:45:04,FINANCE & NBFC,NON_SME
BAJAJHCARE,Bajaj Healthcare Limited,,EQ,Finished Formulations,Finished Formulations,1,2026-08-22 20:45:04,PHARMACEUTICALS,NON_SME
BAJAJHFL,Bajaj Housing Finance Limited,,EQ,Housing Finance (HFC),Housing Finance (HFC),1,2026-08-22 20:45:04,FINANCE & NBFC,NON_SME
BAJAJHIND,Bajaj Hindusthan Sugar Limited,,EQ,Sugar Refining & Bio-Ethanol,Sugar Refining & Bio-Ethanol,1,2026-08-22 20:45:04,SUGAR & BIO-ETHANOL,NON_SME
BAJAJHLDNG,Bajaj Holdings & Investment Limited,,EQ,Diversified Consumer & MSME NBFC,Diversified Consumer & MSME NBFC,1,2026-08-22 20:45:04,FINANCE & NBFC,NON_SME
BAJAJINDEF,Indef Manufacturing Limited,,EQ,Material Handling & Cranes,Material Handling & Cranes,1,2026-08-22 20:45:04,CAPITAL GOODS & MACHINERY,NON_SME
BAJAJST,Bajaj Steel Industries Limited,,EQ,Secondary Steel & TMT Rebars,Secondary Steel & TMT Rebars,1,2026-08-22 20:45:04,STEEL,NON_SME
BAJEL,Bajel Projects Limited,,EQ,Civil & Commercial Construction,Civil & Commercial Construction,1,2026-08-22 20:45:04,CONSTRUCTION & INFRASTRUCTURE,NON_SME
BAJFINANCE,Bajaj Finance Limited,,EQ,Diversified Consumer & MSME NBFC,Diversified Consumer & MSME NBFC,1,2026-08-22 20:45:04,FINANCE & NBFC,NON_SME
BALAJEE,Shree Tirupati Balajee Agro Trading Company Limited,,EQ,Paperboard & Packaging Cartons,Paperboard & Packaging Cartons,1,2026-08-22 20:45:04,PAPER & PACKAGING,NON_SME
BALAJITELE,Balaji Telefilms Limited,,EQ,Music Labels & VFX Studios,Music Labels & VFX Studios,1,2026-08-22 20:45:04,MEDIA & ENTERTAINMENT,NON_SME
BALAMINES,Balaji Amines Limited,,EQ,Industrial & Basic Chemicals,Industrial & Basic Chemicals,1,2026-08-22 20:45:04,CHEMICALS,NON_SME
BALAXI,BALAXI PHARMACEUTICALS LIMITED,,EQ,Finished Formulations,Finished Formulations,1,2026-08-22 20:45:04,PHARMACEUTICALS,NON_SME
BALKRISHNA,Balkrishna Paper Mills Limited,,EQ,Paperboard & Packaging Cartons,Paperboard & Packaging Cartons,1,2026-08-22 20:45:04,PAPER & PACKAGING,NON_SME
BALKRISIND,Balkrishna Industries Limited,,EQ,Off-Highway Tyres,Off-Highway Tyres,1,2026-08-22 20:45:04,TYRES & RUBBER,NON_SME
BALMLAWRIE,Balmer Lawrie & Company Limited,,EQ,3PL Logistics & Fleet Haulage,3PL Logistics & Fleet Haulage,1,2026-08-22 20:45:04,LOGISTICS & SUPPLY CHAIN,NON_SME
BALPHARMA,Bal Pharma Limited,,EQ,Finished Formulations,Finished Formulations,1,2026-08-22 20:45:04,PHARMACEUTICALS,NON_SME
BALRAMCHIN,Balrampur Chini Mills Limited,,EQ,Sugar Refining & Bio-Ethanol,Sugar Refining & Bio-Ethanol,1,2026-08-22 20:45:04,SUGAR & BIO-ETHANOL,NON_SME
BALUFORGE,Balu Forge Industries Limited,,EQ,Auto Castings & Heavy Forgings,Auto Castings & Heavy Forgings,1,2026-08-22 20:45:04,AUTO ANCILLARIES,NON_SME
BANARBEADS,Banaras Beads Limited,,EQ,Silver & Fashion Gemstones,Silver & Fashion Gemstones,1,2026-08-22 20:45:04,JEWELLERY,NON_SME
BANARISUG,Bannari Amman Sugars Limited,,EQ,Sugar Refining & Bio-Ethanol,Sugar Refining & Bio-Ethanol,1,2026-08-22 20:45:04,SUGAR & BIO-ETHANOL,NON_SME
BANCOINDIA,Banco Products (I) Limited,,EQ,Auto Air Conditioning & Thermal Systems,Auto Air Conditioning & Thermal Systems,1,2026-08-22 20:45:04,AUTO ANCILLARIES,NON_SME
BANDHANBNK,Bandhan Bank Limited,,EQ,Private Sector Banks,Private Sector Banks,1,2026-08-22 20:45:04,BANKING,NON_SME
BANG,Bang Overseas Limited,,EQ,Garments & Apparel Exports,Garments & Apparel Exports,1,2026-08-22 20:45:04,TEXTILES,NON_SME
BANKA,Banka BioLoo Limited,,EQ,"Industrial Effluent, Desalination & ZLD","Industrial Effluent, Desalination & ZLD",1,2026-08-22 20:45:04,WATER TREATMENT,NON_SME
BANKBARODA,Bank of Baroda,,EQ,Public Sector Banks (PSU),Public Sector Banks (PSU),1,2026-08-22 20:45:04,BANKING,NON_SME
BANKINDIA,Bank of India,,EQ,Public Sector Banks (PSU),Public Sector Banks (PSU),1,2026-08-22 20:45:04,BANKING,NON_SME
BANSALWIRE,Bansal Wire Industries Limited,,EQ,Wires & Cables,Wires & Cables,1,2026-08-22 20:45:04,CONSUMER ELECTRICALS,NON_SME
BANSWRAS,Banswara Syntex Limited,,EQ,Cotton Spinning & Yarns,Cotton Spinning & Yarns,1,2026-08-22 20:45:04,TEXTILES,NON_SME
BASF,BASF India Limited,,EQ,Specialty Chemicals,Specialty Chemicals,1,2026-08-22 20:45:04,CHEMICALS,NON_SME
BASML,Bannari Amman Spinning Mills Limited,,BE,Cotton Spinning & Yarns,Cotton Spinning & Yarns,1,2026-08-22 20:45:04,TEXTILES,NON_SME
BATAINDIA,Bata India Limited,,EQ,Footwear Retail Chains,Footwear Retail Chains,1,2026-08-22 20:45:04,FOOTWEAR,NON_SME
BATLIBOI,Batliboi Limited,,EQ,Precision Machine Tools & Fasteners,Precision Machine Tools & Fasteners,1,2026-08-22 20:45:04,CAPITAL GOODS & MACHINERY,NON_SME
BAYERCROP,Bayer Cropscience Limited,,EQ,Crop Protection Agrochemicals,Crop Protection Agrochemicals,1,2026-08-22 20:45:04,AGRICULTURE & AGROCHEMICALS,NON_SME
BBL,Bharat Bijlee Limited,,EQ,Power & Distribution Transformers,Power & Distribution Transformers,1,2026-08-22 20:45:04,ELECTRICAL EQUIPMENT,NON_SME
BBOX,Black Box Limited,,EQ,Paperboard & Packaging Cartons,Paperboard & Packaging Cartons,1,2026-08-22 20:45:04,PAPER & PACKAGING,NON_SME
BBTC,The Bombay Burmah Trading Corporation Limited,,EQ,Tea & Coffee Plantations,Tea & Coffee Plantations,1,2026-08-22 20:45:04,TEA & COFFEE,NON_SME
BBTCL,B&B Triplewall Containers Limited,,EQ,Container Rail & Dry Ports,Container Rail & Dry Ports,1,2026-08-22 20:45:04,LOGISTICS & SUPPLY CHAIN,NON_SME
BCG,Brightcom Group Limited,,EQ,Enterprise Software & SaaS,Enterprise Software & SaaS,1,2026-08-22 20:45:04,IT SERVICES,NON_SME
BCLIND,Bcl Industries Limited,,EQ,Sugar Refining & Bio-Ethanol,Sugar Refining & Bio-Ethanol,1,2026-08-22 20:45:04,SUGAR & BIO-ETHANOL,NON_SME
BCONCEPTS,Brand Concepts Limited,,EQ,Fashion Apparel Retail,Fashion Apparel Retail,1,2026-08-22 20:45:04,RETAIL,NON_SME
BCPL,BCPL Railway Infrastructure Limited,,EQ,Civil & Commercial Construction,Civil & Commercial Construction,1,2026-08-22 20:45:04,CONSTRUCTION & INFRASTRUCTURE,NON_SME
BDL,Bharat Dynamics Limited,,EQ,Missiles & Military Explosives,Missiles & Military Explosives,1,2026-08-22 20:45:04,DEFENCE & AEROSPACE,NON_SME
BEARDSELL,Beardsell Limited,,EQ,Plywood & Laminates,Plywood & Laminates,1,2026-08-22 20:45:04,BUILDING MATERIALS,NON_SME
BECTORFOOD,Mrs. Bectors Food Specialities Limited,,EQ,Packaged Foods & Snacks,Packaged Foods & Snacks,1,2026-08-22 20:45:04,FOOD PROCESSING,NON_SME
BEDMUTHA,Bedmutha Industries Limited,,EQ,Wires & Cables,Wires & Cables,1,2026-08-22 20:45:04,CONSUMER ELECTRICALS,NON_SME
BEEKAY,Beekay Steel Industries Limited,,EQ,Secondary Steel & TMT Rebars,Secondary Steel & TMT Rebars,1,2026-08-22 20:45:04,STEEL,NON_SME
BEL,Bharat Electronics Limited,,EQ,Defence Electronics & Radars,Defence Electronics & Radars,1,2026-08-22 20:45:04,DEFENCE & AEROSPACE,NON_SME
BELLACASA,Bella Casa Fashion & Retail Limited,,EQ,Garments & Apparel Exports,Garments & Apparel Exports,1,2026-08-22 20:45:04,TEXTILES,NON_SME
BELRISE,Belrise Industries Limited,,EQ,Defence Electronics & Radars,Defence Electronics & Radars,1,2026-08-22 20:45:04,DEFENCE & AEROSPACE,NON_SME
BEML,BEML Limited,,EQ,"Rolling Stock, Wagons & Vande Bharat Trainsets","Rolling Stock, Wagons & Vande Bharat Trainsets",1,2026-08-22 20:45:04,RAILWAYS,NON_SME
BENARAS,Benares Hotels Limited,,EQ,Luxury Hotels & Resorts,Luxury Hotels & Resorts,1,2026-08-22 20:45:04,HOTELS & HOSPITALITY,NON_SME
BENGALASM,Bengal & Assam Company Limited,,EQ,Core Investment & Holding Companies,Core Investment & Holding Companies,1,20260827_224508,FINANCE & NBFC,NON_SME
BEPL,Bhansali Engineering Polymers Limited,,EQ,Industrial & Basic Chemicals,Industrial & Basic Chemicals,1,2026-08-22 20:45:04,CHEMICALS,NON_SME
BERGEPAINT,Berger Paints (I) Limited,,EQ,Decorative Paints,Decorative Paints,1,2026-08-22 20:45:04,PAINTS & COATINGS,NON_SME
BESTAGRO,Best Agrolife Limited,,EQ,Crop Protection Agrochemicals,Crop Protection Agrochemicals,1,2026-08-22 20:45:04,AGRICULTURE & AGROCHEMICALS,NON_SME
BETA,Beta Drugs Limited,,EQ,Finished Formulations,Finished Formulations,1,2026-08-22 20:45:04,PHARMACEUTICALS,NON_SME
BFINVEST,BF Investment Limited,,EQ,Diversified Consumer & MSME NBFC,Diversified Consumer & MSME NBFC,1,2026-08-22 20:45:04,FINANCE & NBFC,NON_SME
BFUTILITIE,BF Utilities Limited,,EQ,Roads & Highways EPC,Roads & Highways EPC,1,2026-08-22 20:45:04,CONSTRUCTION & INFRASTRUCTURE,NON_SME
BGRENERGY,BGR Energy Systems Limited,,BE,Conventional Thermal & Fossil Power,Conventional Thermal & Fossil Power,1,2026-08-22 20:45:04,POWER,NON_SME
BHAGCHEM,Bhagiradha Chemicals & Industries Limited,,EQ,Industrial & Basic Chemicals,Industrial & Basic Chemicals,1,2026-08-22 20:45:04,CHEMICALS,NON_SME
BHAGERIA,Bhageria Industries Limited,,BE,Specialty Chemicals,Specialty Chemicals,1,2026-08-22 20:45:04,CHEMICALS,NON_SME
BHAGYANGR,Bhagyanagar India Limited,,EQ,Copper Mining & Smelting,Copper Mining & Smelting,1,2026-08-22 20:45:04,ALUMINIUM & COPPER,NON_SME
BHANDARI,Bhandari Hosiery Exports Limited,,EQ,Commercial Ports & Terminals,Commercial Ports & Terminals,1,2026-08-22 20:45:04,SHIPBUILDING & PORTS,NON_SME
BHARATCOAL,Bharat Coking Coal Limited,,EQ,Coal Mining,Coal Mining,1,2026-08-22 20:45:04,MINING & MINERALS,NON_SME
BHARATFORG,Bharat Forge Limited,,EQ,Auto Castings & Heavy Forgings,Auto Castings & Heavy Forgings,1,2026-08-22 20:45:04,AUTO ANCILLARIES,NON_SME
BHARATGEAR,Bharat Gears Limited,,BE,Auto Transmission & Driveline,Auto Transmission & Driveline,1,2026-08-22 20:45:04,AUTO ANCILLARIES,NON_SME
BHARATRAS,Bharat Rasayan Limited,,EQ,Crop Protection Agrochemicals,Crop Protection Agrochemicals,1,2026-08-22 20:45:04,AGRICULTURE & AGROCHEMICALS,NON_SME
BHARATSE,Bharat Seats Limited,,EQ,Auto Climate & Thermal Systems,Auto Climate & Thermal Systems,1,2026-08-22 20:45:04,AUTO ANCILLARIES,NON_SME
BHARATWIRE,Bharat Wire Ropes Limited,,EQ,Wires & Cables,Wires & Cables,1,2026-08-22 20:45:04,CONSUMER ELECTRICALS,NON_SME
BHARTIARTL,Bharti Airtel Limited,,EQ,Telecom Cellular Operators,Telecom Cellular Operators,1,2026-08-22 20:45:04,TELECOM,NON_SME
BHARTIHEXA,Bharti Hexacom Limited,,EQ,Telecom Cellular Operators,Telecom Cellular Operators,1,2026-08-22 20:45:04,TELECOM,NON_SME
BHEL,Bharat Heavy Electricals Limited,,EQ,Conventional Thermal & Fossil Power,Conventional Thermal & Fossil Power,1,2026-08-22 20:45:04,POWER,NON_SME
BI,Bilcare Limited,,BE,Precision Auto Engine Components,Precision Auto Engine Components,1,2026-08-22 20:45:04,AUTO ANCILLARIES,NON_SME
BIGBLOC,Bigbloc Construction Limited,,EQ,Civil & Commercial Construction,Civil & Commercial Construction,1,2026-08-22 20:45:04,CONSTRUCTION & INFRASTRUCTURE,NON_SME
BIKAJI,Bikaji Foods International Limited,,EQ,Packaged Foods & Snacks,Packaged Foods & Snacks,1,2026-08-22 20:45:04,FOOD PROCESSING,NON_SME
BIL,Bhartiya International Limited,,EQ,Garments & Apparel Exports,Garments & Apparel Exports,1,2026-08-22 20:45:04,TEXTILES,NON_SME
BILVYAPAR,BIL VYAPAR LIMITED,,BE,Commodity & Wholesale Trading,Commodity & Wholesale Trading,1,2026-08-22 20:45:04,COMMERCIAL TRADING,NON_SME
BIMETAL,Bimetal Bearings Limited,,EQ,Precision Bearings & Motion Controls,Precision Bearings & Motion Controls,1,2026-08-22 20:45:04,AUTO ANCILLARIES,NON_SME
BIOCON,Biocon Limited,,EQ,Biopharma & Biosimilars,Biopharma & Biosimilars,1,2026-08-22 20:45:04,PHARMACEUTICALS,NON_SME
BIOFILCHEM,Biofil Chemicals & Pharmaceuticals Limited,,EQ,Biopharma & Biosimilars,Biopharma & Biosimilars,1,2026-08-22 20:45:04,PHARMACEUTICALS,NON_SME
BIRLACABLE,Birla Cable Limited,,BE,Wires & Cables,Wires & Cables,1,2026-08-22 20:45:04,CONSUMER ELECTRICALS,NON_SME
BIRLACORPN,Birla Corporation Limited,,EQ,Integrated Grey Cement,Integrated Grey Cement,1,2026-08-22 20:45:04,CEMENT,NON_SME
BIRLAMONEY,Aditya Birla Money Limited,,EQ,Stockbroking & Wealth Management,Stockbroking & Wealth Management,1,2026-08-22 20:45:04,CAPITAL MARKETS,NON_SME
BIRLANU,BirlaNu Limited,,EQ,Cotton Spinning & Yarns,Cotton Spinning & Yarns,1,2026-08-22 20:45:04,TEXTILES,NON_SME
BIRLAPREC,Birla Precision Technologies Limited,,EQ,Precision Bearings & Motion Controls,Precision Bearings & Motion Controls,1,2026-08-22 20:45:04,AUTO ANCILLARIES,NON_SME
BLACKBUCK,BLACKBUCK LIMITED,,EQ,Fleet Tech & Logistics SaaS,Fleet Tech & Logistics SaaS,1,2026-08-22 20:45:04,IT SERVICES,NON_SME
BLACKROSE,Black Rose Inds. Limited,,BE,Specialty Chemicals,Specialty Chemicals,1,2026-08-22 20:45:04,CHEMICALS,NON_SME
BLAL,BEML Land Assets Limited,,EQ,Residential Real Estate,Residential Real Estate,1,2026-08-22 20:45:04,REAL ESTATE,NON_SME
BLBLIMITED,BLB Limited,,EQ,Stockbroking & Wealth Management,Stockbroking & Wealth Management,1,2026-08-22 20:45:04,CAPITAL MARKETS,NON_SME
BLEL,Behari Lal Engineering Limited,,EQ,Precision Auto Engine Components,Precision Auto Engine Components,1,2026-08-22 20:45:04,AUTO ANCILLARIES,NON_SME
BLIL,Balmer Lawrie Investments Limited,,EQ,Diversified Consumer & MSME NBFC,Diversified Consumer & MSME NBFC,1,2026-08-22 20:45:04,FINANCE & NBFC,NON_SME
BLISSGVS,Bliss GVS Pharma Limited,,BE,Finished Formulations,Finished Formulations,1,2026-08-22 20:45:04,PHARMACEUTICALS,NON_SME
BLKASHYAP,B. L. Kashyap and Sons Limited,,EQ,Civil & Commercial Construction,Civil & Commercial Construction,1,2026-08-22 20:45:04,CONSTRUCTION & INFRASTRUCTURE,NON_SME
BLS,BLS International Services Limited,,EQ,Staffing & Security Services,Staffing & Security Services,1,2026-08-22 20:45:04,PROFESSIONAL & CONSUMER SERVICES,NON_SME
BLSE,BLS E-Services Limited,,EQ,Staffing & Security Services,Staffing & Security Services,1,2026-08-22 20:45:04,PROFESSIONAL & CONSUMER SERVICES,NON_SME
BLUECHIP,Blue Chip India Limited,,EQ,Diversified Consumer & MSME NBFC,Diversified Consumer & MSME NBFC,1,2026-08-22 20:45:04,FINANCE & NBFC,NON_SME
BLUECLOUDS,Blue Cloud Softech Solutions Limited,,EQ,Mid-Tier IT & Digital Solutions,Mid-Tier IT & Digital Solutions,1,2026-08-22 20:45:04,IT SERVICES,NON_SME
BLUECOAST,Blue Coast Hotels Limited,,BE,Luxury Hotels & Resorts,Luxury Hotels & Resorts,1,2026-08-22 20:45:04,HOTELS & HOSPITALITY,NON_SME
BLUEDART,Blue Dart Express Limited,,EQ,Express Parcel & Courier,Express Parcel & Courier,1,2026-08-22 20:45:04,LOGISTICS & SUPPLY CHAIN,NON_SME
BLUEJET,Blue Jet Healthcare Limited,,EQ,Finished Formulations,Finished Formulations,1,2026-08-22 20:45:04,PHARMACEUTICALS,NON_SME
BLUESTARCO,Blue Star Limited,,EQ,Air Conditioners & Commercial HVAC,Air Conditioners & Commercial HVAC,1,2026-08-22 20:45:04,CONSUMER DURABLES,NON_SME
BLUESTONE,BlueStone Jewellery and Lifestyle Limited,,EQ,Gold Jewellery & Retail,Gold Jewellery & Retail,1,2026-08-22 20:45:04,JEWELLERY,NON_SME
BLUSPRING,Bluspring Enterprises Limited,,EQ,Packaged Foods & Snacks,Packaged Foods & Snacks,1,2026-08-22 20:45:04,FOOD PROCESSING,NON_SME
BMWVENTLTD,BMW Ventures Limited,,EQ,Diversified Consumer & MSME NBFC,Diversified Consumer & MSME NBFC,1,2026-08-22 20:45:04,FINANCE & NBFC,NON_SME
BNAGROCHEM,BN Agrochem Limited,,EQ,Crop Protection Formulations,Crop Protection Formulations,1,2026-08-22 20:45:04,AGRICULTURE & AGROCHEMICALS,NON_SME
BNALTD,B & A Limited,,BE,Tea Plantations & Packaging,Tea Plantations & Packaging,1,2026-08-22 20:45:04,TEA & COFFEE,NON_SME
BODALCHEM,Bodal Chemicals Limited,,BE,Industrial & Basic Chemicals,Industrial & Basic Chemicals,1,2026-08-22 20:45:04,CHEMICALS,NON_SME
BOHRAIND,Bohra Industries Limited,,EQ,Fertilizers & Soil Nutrients,Fertilizers & Soil Nutrients,1,2026-08-22 20:45:04,FERTILIZERS,NON_SME
BOMDYEING,Bombay Dyeing & Mfg Company Limited,,EQ,Synthetic Fiber & Polyester Weaving,Synthetic Fiber & Polyester Weaving,1,2026-08-22 20:45:04,TEXTILES,NON_SME
BONLON,Bonlon Industries Limited,,EQ,Copper Mining & Smelting,Copper Mining & Smelting,1,2026-08-22 20:45:04,ALUMINIUM & COPPER,NON_SME
BORANA,Borana Weaves Limited,,EQ,Cotton Spinning & Yarns,Cotton Spinning & Yarns,1,2026-08-22 20:45:04,TEXTILES,NON_SME
BOROLTD,Borosil Limited,,EQ,Kitchen Appliances & Cookware,Kitchen Appliances & Cookware,1,2026-08-22 20:45:04,CONSUMER DURABLES,NON_SME
BORORENEW,BOROSIL RENEWABLES LIMITED,,EQ,Solar PV & Green Hydrogen,Solar PV & Green Hydrogen,1,2026-08-22 20:45:04,RENEWABLE ENERGY,NON_SME
BOROSCI,Borosil Scientific Limited,,EQ,Medical Clinics & Equipment,Medical Clinics & Equipment,1,2026-08-22 20:45:04,HEALTHCARE SERVICES,NON_SME
BOSCH-HCIL,BOSCH HOME COMFORT INDIA LIMITED,,EQ,Home Appliances (White Goods),Home Appliances (White Goods),1,2026-08-22 20:45:04,CONSUMER DURABLES,NON_SME
BOSCHLTD,Bosch Limited,,EQ,Precision Powertrain Engine Components,Precision Powertrain Engine Components,1,2026-08-22 20:45:04,AUTO ANCILLARIES,NON_SME
BPCL,Bharat Petroleum Corporation Limited,,EQ,Refining & Petrochemicals,Refining & Petrochemicals,1,2026-08-22 20:45:04,OIL & GAS,NON_SME
BPL,BPL Limited,,EQ,Home Appliances (White Goods),Home Appliances (White Goods),1,2026-08-22 20:45:04,CONSUMER DURABLES,NON_SME
BPLPHARMA,Bharat Parenterals Limited,,EQ,Finished Formulations,Finished Formulations,1,2026-08-22 20:45:04,PHARMACEUTICALS,NON_SME
BRAHMINFRA,Brahmaputra Infrastructure Limited,,EQ,Civil & Commercial Construction,Civil & Commercial Construction,1,2026-08-22 20:45:04,CONSTRUCTION & INFRASTRUCTURE,NON_SME
BRIGADE,Brigade Enterprises Limited,,EQ,Residential Real Estate,Residential Real Estate,1,2026-08-22 20:45:04,REAL ESTATE,NON_SME
BRIGHOTEL,Brigade Hotel Ventures Limited,,EQ,Diversified Consumer & MSME NBFC,Diversified Consumer & MSME NBFC,1,2026-08-22 20:45:04,FINANCE & NBFC,NON_SME
BRIGHTBR,Bright Brothers Limited,,EQ,Engineered Polymers & Compounding,Engineered Polymers & Compounding,1,2026-08-22 20:45:04,PLASTICS & POLYMERS,NON_SME
BRITANNIA,Britannia Industries Limited,,EQ,Packaged Foods & Snacks,Packaged Foods & Snacks,1,2026-08-22 20:45:04,FOOD PROCESSING,NON_SME
BRNL,Bharat Road Network Limited,,EQ,Roads & Highways EPC,Roads & Highways EPC,1,2026-08-22 20:45:04,CONSTRUCTION & INFRASTRUCTURE,NON_SME
BROOKS,Brooks Laboratories Limited,,BE,Finished Formulations,Finished Formulations,1,2026-08-22 20:45:04,PHARMACEUTICALS,NON_SME
BSE,BSE Limited,,EQ,Stock & Commodity Derivatives Exchanges,Stock & Commodity Derivatives Exchanges,1,2026-08-22 20:45:04,CAPITAL MARKETS,NON_SME
BSHSL,Bombay Super Hybrid Seeds Limited,,EQ,Hybrid Seeds & Agri Inputs,Hybrid Seeds & Agri Inputs,1,2026-08-22 20:45:04,AGRICULTURE & AGROCHEMICALS,NON_SME
BSL,BSL Limited,,EQ,Worsted Fabric & Suiting,Worsted Fabric & Suiting,1,2026-08-22 20:45:04,TEXTILES,NON_SME
BSOFT,BIRLASOFT LIMITED,,EQ,Mid-Tier IT & Digital Solutions,Mid-Tier IT & Digital Solutions,1,2026-08-22 20:45:04,IT SERVICES,NON_SME
BTML,Bodhi Tree Multimedia Limited,,EQ,Paperboard & Packaging Cartons,Paperboard & Packaging Cartons,1,2026-08-22 20:45:04,PAPER & PACKAGING,NON_SME
BTTL,Bhilwara Technical Textiles Limited,,BE,Cotton Spinning & Yarns,Cotton Spinning & Yarns,1,2026-08-22 20:45:04,TEXTILES,NON_SME
BUILDPRO,Shankara Buildpro Limited,,EQ,Plywood & Laminates,Plywood & Laminates,1,2026-08-22 20:45:04,BUILDING MATERIALS,NON_SME
BURNPUR,Burnpur Cement Limited,,BE,Regional Cement & RMC,Regional Cement & RMC,1,2026-08-22 20:45:04,CEMENT,NON_SME
BUTTERFLY,Butterfly Gandhimathi Appliances Limited,,EQ,Dairy Products,Dairy Products,1,2026-08-22 20:45:04,FOOD PROCESSING,NON_SME
BVCL,Barak Valley Cements Limited,,EQ,Regional Cement & RMC,Regional Cement & RMC,1,2026-08-22 20:45:04,CEMENT,NON_SME
BYKE,The Byke Hospitality Ltd,,BE,Hospitals & Healthcare Chains,Hospitals & Healthcare Chains,1,2026-08-22 20:45:04,HEALTHCARE SERVICES,NON_SME
CALSOFT,California Software Company Limited,,EQ,Mid-Tier IT & Digital Solutions,Mid-Tier IT & Digital Solutions,1,2026-08-22 20:45:04,IT SERVICES,NON_SME
CAMLINFINE,Camlin Fine Sciences Limited,,EQ,Specialty Chemicals,Specialty Chemicals,1,2026-08-22 20:45:04,CHEMICALS,NON_SME
CAMPUS,Campus Activewear Limited,,EQ,Sports & Athleisure Footwear,Sports & Athleisure Footwear,1,2026-08-22 20:45:04,FOOTWEAR,NON_SME
CAMS,Computer Age Management Services Limited,,EQ,Mutual Fund Registrar & Transfer Agent,Mutual Fund Registrar & Transfer Agent,1,2026-08-22 20:45:04,CAPITAL MARKETS,NON_SME
CANBK,Canara Bank,,EQ,Public Sector Banks (PSU),Public Sector Banks (PSU),1,2026-08-22 20:45:04,BANKING,NON_SME
CANFINHOME,Can Fin Homes Limited,,EQ,Housing Finance (HFC),Housing Finance (HFC),1,2026-08-22 20:45:04,FINANCE & NBFC,NON_SME
CANHLIFE,Canara HSBC Life Insurance Company Limited,,EQ,Life Insurance,Life Insurance,1,2026-08-22 20:45:04,INSURANCE,NON_SME
CANTABIL,Cantabil Retail India Limited,,EQ,Specialty Retail Boutiques,Specialty Retail Boutiques,1,2026-08-22 20:45:04,RETAIL,NON_SME
CAPACITE,Capacit'e Infraprojects Limited,,EQ,Civil & Commercial Construction,Civil & Commercial Construction,1,2026-08-22 20:45:04,CONSTRUCTION & INFRASTRUCTURE,NON_SME
CAPILLARY,Capillary Technologies India Limited,,EQ,API & Bulk Drugs,API & Bulk Drugs,1,2026-08-22 20:45:04,PHARMACEUTICALS,NON_SME
CAPITALSFB,Capital Small Finance Bank Limited,,EQ,API & Bulk Drugs,API & Bulk Drugs,1,2026-08-22 20:45:04,PHARMACEUTICALS,NON_SME
CAPLIPOINT,Caplin Point Laboratories Limited,,EQ,Finished Formulations,Finished Formulations,1,2026-08-22 20:45:04,PHARMACEUTICALS,NON_SME
CAPTRUST,Capital Trust Limited,,BE,API & Bulk Drugs,API & Bulk Drugs,1,2026-08-22 20:45:04,PHARMACEUTICALS,NON_SME
CARBORUNIV,Carborundum Universal Limited,,EQ,Precision Auto Engine Components,Precision Auto Engine Components,1,2026-08-22 20:45:04,AUTO ANCILLARIES,NON_SME
CARERATING,CARE Ratings Limited,,EQ,Credit Ratings & Risk Analytics,Credit Ratings & Risk Analytics,1,2026-08-22 20:45:04,CAPITAL MARKETS,NON_SME
CARRARO,Carraro India Limited,,EQ,Precision Auto Engine Components,Precision Auto Engine Components,1,2026-08-22 20:45:04,AUTO ANCILLARIES,NON_SME
CARTRADE,Cartrade Tech Limited,,EQ,Precision Auto Engine Components,Precision Auto Engine Components,1,2026-08-22 20:45:04,AUTO ANCILLARIES,NON_SME
CARYSIL,CARYSIL LIMITED,,EQ,Precision Auto Engine Components,Precision Auto Engine Components,1,2026-08-22 20:45:04,AUTO ANCILLARIES,NON_SME
CASTROLIND,Castrol India Limited,,EQ,Lubricants & Specialty Oils,Lubricants & Specialty Oils,1,2026-08-22 20:45:04,OIL & GAS,NON_SME
CCAVENUE,AvenuesAI Limited,,EQ,Payment Gateway & FinTech SaaS,Payment Gateway & FinTech SaaS,1,2026-08-22 20:45:04,IT SERVICES,NON_SME
CCCL,Consolidated Construction Consortium Limited,,EQ,Civil & Commercial Construction,Civil & Commercial Construction,1,2026-08-22 20:45:04,CONSTRUCTION & INFRASTRUCTURE,NON_SME
CCHHL,Country Club Hospitality & Holidays Limited,,EQ,Hospitals & Healthcare Chains,Hospitals & Healthcare Chains,1,2026-08-22 20:45:04,HEALTHCARE SERVICES,NON_SME
CCL,CCL Products (India) Limited,,EQ,Tea Plantations & Packaging,Tea Plantations & Packaging,1,2026-08-22 20:45:04,TEA & COFFEE,NON_SME
CDSL,Central Depository Services (India) Limited,,EQ,Depository & Clearing Services,Depository & Clearing Services,1,2026-08-22 20:45:04,CAPITAL MARKETS,NON_SME
CEATLTD,CEAT Limited,,EQ,Automotive Radial Tyres,Automotive Radial Tyres,1,2026-08-22 20:45:04,TYRES & RUBBER,NON_SME
CEIGALL,Ceigall India Limited,,EQ,Roads & Highways EPC,Roads & Highways EPC,1,2026-08-22 20:45:04,CONSTRUCTION & INFRASTRUCTURE,NON_SME
CEINSYS,Ceinsys Tech Limited,,EQ,Mid-Tier IT & Digital Solutions,Mid-Tier IT & Digital Solutions,1,2026-08-22 20:45:04,IT SERVICES,NON_SME
CELEBRITY,Celebrity Fashions Limited,,EQ,Garments & Apparel Exports,Garments & Apparel Exports,1,2026-08-22 20:45:04,TEXTILES,NON_SME
CELLO,Cello World Limited,,EQ,Kitchen Homeware & Cookware,Kitchen Homeware & Cookware,1,2026-08-22 20:45:04,CONSUMER DURABLES,NON_SME
CEMPRO,Cemindia Projects Limited,,EQ,Civil & Commercial Construction,Civil & Commercial Construction,1,2026-08-22 20:45:04,CONSTRUCTION & INFRASTRUCTURE,NON_SME
CENTENKA,Century Enka Limited,,EQ,Cotton Spinning & Yarns,Cotton Spinning & Yarns,1,2026-08-22 20:45:04,TEXTILES,NON_SME
CENTEXT,Century Extrusions Limited,,EQ,Primary Aluminium,Primary Aluminium,1,2026-08-22 20:45:04,ALUMINIUM & COPPER,NON_SME
CENTRALBK,Central Bank of India,,EQ,Public Sector Banks (PSU),Public Sector Banks (PSU),1,2026-08-22 20:45:04,BANKING,NON_SME
CENTRUM,Centrum Capital Limited,,EQ,API & Bulk Drugs,API & Bulk Drugs,1,2026-08-22 20:45:04,PHARMACEUTICALS,NON_SME
CENTUM,Centum Electronics Limited,,EQ,Printed Circuit Boards (PCBA) & Components,Printed Circuit Boards (PCBA) & Components,1,2026-08-22 20:45:04,EMS & ELECTRONICS,NON_SME
CENTURYPLY,Century Plyboards (India) Limited,,EQ,Plywood & Laminates,Plywood & Laminates,1,2026-08-22 20:45:04,BUILDING MATERIALS,NON_SME
CERA,Cera Sanitaryware Limited,,EQ,Ceramic Tiles & Sanitaryware,Ceramic Tiles & Sanitaryware,1,2026-08-22 20:45:04,BUILDING MATERIALS,NON_SME
CEREBRAINT,Cerebra Integrated Technologies Limited,,BZ,Mid-Tier IT & Digital Solutions,Mid-Tier IT & Digital Solutions,1,2026-08-22 20:45:04,IT SERVICES,NON_SME
CESC,CESC Limited,,EQ,Power Distribution & Integrated Utilities,Power Distribution & Integrated Utilities,1,2026-08-22 20:45:04,POWER,NON_SME
CEWATER,Concord Enviro Systems Limited,,EQ,"Industrial Effluent, Desalination & ZLD","Industrial Effluent, Desalination & ZLD",1,2026-08-22 20:45:04,WATER TREATMENT,NON_SME
CFEL,Confidence Futuristic Energetech Limited,,EQ,Renewable Energy & Solar,Renewable Energy & Solar,1,2026-08-22 20:45:04,RENEWABLE ENERGY,NON_SME
CGCL,Capri Global Capital Limited,,EQ,API & Bulk Drugs,API & Bulk Drugs,1,2026-08-22 20:45:04,PHARMACEUTICALS,NON_SME
CGPOWER,CG Power and Industrial Solutions Limited,,EQ,Conventional Thermal & Fossil Power,Conventional Thermal & Fossil Power,1,2026-08-22 20:45:04,POWER,NON_SME
CGVAK,CG Vak Software & Exports Limited,,EQ,Mid-Tier IT & Digital Solutions,Mid-Tier IT & Digital Solutions,1,2026-08-22 20:45:04,IT SERVICES,NON_SME
CHALET,Chalet Hotels Limited,,EQ,Luxury Hotels & Resorts,Luxury Hotels & Resorts,1,2026-08-22 20:45:04,HOTELS & HOSPITALITY,NON_SME
CHAMBLFERT,Chambal Fertilizers & Chemicals Limited,,EQ,Fertilizers & Soil Nutrients,Fertilizers & Soil Nutrients,1,2026-08-22 20:45:04,FERTILIZERS,NON_SME
CHEMBOND,Chembond Material Technologies Limited,,EQ,Industrial & Basic Chemicals,Industrial & Basic Chemicals,1,2026-08-22 20:45:04,CHEMICALS,NON_SME
CHEMBONDCH,Chembond Chemicals Limited,,BE,Industrial & Basic Chemicals,Industrial & Basic Chemicals,1,2026-08-22 20:45:04,CHEMICALS,NON_SME
CHEMCON,Chemcon Speciality Chemicals Limited,,BE,Industrial & Basic Chemicals,Industrial & Basic Chemicals,1,2026-08-22 20:45:04,CHEMICALS,NON_SME
CHEMCRUX,Chemcrux Enterprises Limited,,EQ,Industrial & Basic Chemicals,Industrial & Basic Chemicals,1,2026-08-22 20:45:04,CHEMICALS,NON_SME
CHEMFAB,Chemfab Alkalis Limited,,EQ,Industrial & Basic Chemicals,Industrial & Basic Chemicals,1,2026-08-22 20:45:04,CHEMICALS,NON_SME
CHEMPLASTS,Chemplast Sanmar Limited,,EQ,Industrial & Basic Chemicals,Industrial & Basic Chemicals,1,2026-08-22 20:45:04,CHEMICALS,NON_SME
CHENNPETRO,Chennai Petroleum Corporation Limited,,EQ,Refining & Petrochemicals,Refining & Petrochemicals,1,2026-08-22 20:45:04,OIL & GAS,NON_SME
CHEVIOT,Cheviot Company Limited,,EQ,Precision Auto Engine Components,Precision Auto Engine Components,1,2026-08-22 20:45:04,AUTO ANCILLARIES,NON_SME
CHOICEIN,Choice International Limited,,EQ,Wealth Broking & Advisory,Wealth Broking & Advisory,1,2026-08-22 20:45:04,CAPITAL MARKETS,NON_SME
CHOLAFIN,Cholamandalam Investment and Finance Company Limited,,EQ,Vehicle Finance,Vehicle Finance,1,2026-08-22 20:45:04,FINANCE & NBFC,NON_SME
CHOLAHLDNG,Cholamandalam Financial Holdings Limited,,EQ,Diversified Consumer & MSME NBFC,Diversified Consumer & MSME NBFC,1,2026-08-22 20:45:04,FINANCE & NBFC,NON_SME
CIEINDIA,CIE Automotive India Limited,,EQ,Precision Auto Engine Components,Precision Auto Engine Components,1,2026-08-22 20:45:04,AUTO ANCILLARIES,NON_SME
CIFL,Capital India Finance Limited,,EQ,API & Bulk Drugs,API & Bulk Drugs,1,2026-08-22 20:45:04,PHARMACEUTICALS,NON_SME
CINELINE,Cineline India Limited,,EQ,Film Multiplex Theatres,Film Multiplex Theatres,1,2026-08-22 20:45:04,MEDIA & ENTERTAINMENT,NON_SME
CINEVISTA,Cinevista Limited,,EQ,Precision Auto Engine Components,Precision Auto Engine Components,1,2026-08-22 20:45:04,AUTO ANCILLARIES,NON_SME
CIPLA,Cipla Limited,,EQ,Finished Formulations,Finished Formulations,1,2026-08-22 20:45:04,PHARMACEUTICALS,NON_SME
CLCIND,CLC Industries Limited,,BE,Cotton Spinning & Yarns,Cotton Spinning & Yarns,1,2026-08-22 20:45:04,TEXTILES,NON_SME
CLEAN,Clean Science and Technology Limited,,EQ,Specialty Chemicals,Specialty Chemicals,1,2026-08-22 20:45:04,CHEMICALS,NON_SME
CLEANMAX,Clean Max Enviro Energy Solutions Limited,,EQ,Conventional Thermal & Fossil Power,Conventional Thermal & Fossil Power,1,2026-08-22 20:45:04,POWER,NON_SME
CLEDUCATE,CL Educate Limited,,BE,Education Academies & Publishing,Education Academies & Publishing,1,2026-08-22 20:45:04,EDUCATION & EDTECH,NON_SME
CLSEL,Chaman Lal Setia Exports Limited,,EQ,Basmati Rice Milling & Global Exports,Basmati Rice Milling & Global Exports,1,2026-08-22 20:45:04,RICE,NON_SME
CMLL,Caliber Mining and Logistics Limited,,EQ,Secondary Steel & TMT Rebars,Secondary Steel & TMT Rebars,1,2026-08-22 20:45:04,STEEL,NON_SME
CMPDI,Central Mine Planning & Design Institute Limited,,EQ,Mining Consultancy & Geological Services,Mining Consultancy & Geological Services,1,2026-08-22 20:45:04,MINING & MINERALS,NON_SME
CMRGREEN,CMR Green Technologies Limited,,EQ,Aluminium Recycling & Secondary Metals,Aluminium Recycling & Secondary Metals,1,2026-08-22 20:45:04,METALS & FABRICATION,NON_SME
CMSINFO,CMS Info Systems Limited,,EQ,Mid-Tier IT & Digital Solutions,Mid-Tier IT & Digital Solutions,1,2026-08-22 20:45:04,IT SERVICES,NON_SME
CNL,Creative Newtech Limited,,EQ,IT Distribution & Enterprise Infra,IT Distribution & Enterprise Infra,1,2026-08-22 20:45:04,IT SERVICES,NON_SME
COALINDIA,Coal India Limited,,EQ,Coal Mining,Coal Mining,1,2026-08-22 20:45:04,MINING & MINERALS,NON_SME
COASTCORP,Coastal Corporation Limited,,EQ,Seafood & Marine Exports,Seafood & Marine Exports,1,2026-08-22 20:45:04,FOOD PROCESSING,NON_SME
COCHINSHIP,Cochin Shipyard Limited,,EQ,Naval Warships & Submarines,Naval Warships & Submarines,1,2026-08-22 20:45:04,DEFENCE & AEROSPACE,NON_SME
COCKERILL,John Cockerill India Limited,,EQ,Heavy Process Plant Equipment,Heavy Process Plant Equipment,1,2026-08-22 20:45:04,CAPITAL GOODS & MACHINERY,NON_SME
COFFEEDAY,Coffee Day Enterprises Limited,,BE,Tea Plantations & Packaging,Tea Plantations & Packaging,1,2026-08-22 20:45:04,TEA & COFFEE,NON_SME
COFORGE,Coforge Limited,,EQ,Mid-Tier IT & Digital Solutions,Mid-Tier IT & Digital Solutions,1,2026-08-22 20:45:04,IT SERVICES,NON_SME
COHANCE,Cohance Lifesciences Limited,,EQ,Finished Formulations,Finished Formulations,1,2026-08-22 20:45:04,PHARMACEUTICALS,NON_SME
COLPAL,Colgate Palmolive (India) Limited,,EQ,Oral Hygiene,Oral Hygiene,1,2026-08-22 20:45:04,FMCG & PERSONAL CARE,NON_SME
COMFINTE,Comfort Intech Limited,,EQ,Mid-Tier IT & Digital Solutions,Mid-Tier IT & Digital Solutions,1,2026-08-22 20:45:04,IT SERVICES,NON_SME
COMPEAU,Competent Automobiles Company Limited,,EQ,Precision Auto Engine Components,Precision Auto Engine Components,1,2026-08-22 20:45:04,AUTO ANCILLARIES,NON_SME
COMPINFO,Compuage Infocom Limited,,BZ,IT Distribution & Enterprise Infra,IT Distribution & Enterprise Infra,1,2026-08-22 20:45:04,IT SERVICES,NON_SME
COMPUSOFT,Compucom Software Limited,,EQ,Mid-Tier IT & Digital Solutions,Mid-Tier IT & Digital Solutions,1,2026-08-22 20:45:04,IT SERVICES,NON_SME
COMSYN,Commercial Syn Bags Limited,,EQ,Paperboard & Packaging Cartons,Paperboard & Packaging Cartons,1,2026-08-22 20:45:04,PAPER & PACKAGING,NON_SME
CONCOR,Container Corporation of India Limited,,EQ,Container Rail & Dry Ports,Container Rail & Dry Ports,1,2026-08-22 20:45:04,LOGISTICS & SUPPLY CHAIN,NON_SME
CONCORDBIO,Concord Biotech Limited,,EQ,Biopharma & Biosimilars,Biopharma & Biosimilars,1,2026-08-22 20:45:04,PHARMACEUTICALS,NON_SME
CONFIPET,Confidence Petroleum India Limited,,EQ,Refining & Petrochemicals,Refining & Petrochemicals,1,2026-08-22 20:45:04,OIL & GAS,NON_SME
CONSOFINVT,Consolidated Finvest & Holdings Limited,,BE,Diversified Consumer & MSME NBFC,Diversified Consumer & MSME NBFC,1,2026-08-22 20:45:04,FINANCE & NBFC,NON_SME
CONTROLPR,Control Print Limited,,EQ,Print Media & Publishing,Print Media & Publishing,1,2026-08-22 20:45:04,MEDIA & ENTERTAINMENT,NON_SME
CORALFINAC,Coral India Finance & Housing Limited,,EQ,Housing Finance (HFC),Housing Finance (HFC),1,2026-08-22 20:45:04,FINANCE & NBFC,NON_SME
CORDELIA,Waterways Leisure Tourism Limited,,EQ,Cruise Ships & Water Tourism,Cruise Ships & Water Tourism,1,2026-08-22 20:45:04,HOTELS & HOSPITALITY,NON_SME
CORDSCABLE,Cords Cable Industries Limited,,BE,Wires & Cables,Wires & Cables,1,2026-08-22 20:45:04,CONSUMER ELECTRICALS,NON_SME
COROMANDEL,Coromandel International Limited,,EQ,Fertilizers & Soil Nutrients,Fertilizers & Soil Nutrients,1,2026-08-22 20:45:04,FERTILIZERS,NON_SME
CORONA,CORONA Remedies Limited,,EQ,Finished Formulations,Finished Formulations,1,2026-08-22 20:45:04,PHARMACEUTICALS,NON_SME
COSMOFIRST,COSMO FIRST LIMITED,,EQ,Flexible Packaging Films,Flexible Packaging Films,1,2026-08-22 20:45:04,PAPER & PACKAGING,NON_SME
COUNCODOS,Country Condo's Limited,,BE,Residential Townships & Commercial REITs,Residential Townships & Commercial REITs,1,2026-08-22 20:45:04,REAL ESTATE,NON_SME
CPCAP,CP Capital Limited,,EQ,API & Bulk Drugs,API & Bulk Drugs,1,2026-08-22 20:45:04,PHARMACEUTICALS,NON_SME
CPEDU,Career Point Edutech Limited,,EQ,Precision Auto Engine Components,Precision Auto Engine Components,1,2026-08-22 20:45:04,AUTO ANCILLARIES,NON_SME
CPL,Captain Polyplast Limited,,EQ,Plastic & CPVC Pipes,Plastic & CPVC Pipes,1,2026-08-22 20:45:04,BUILDING MATERIALS,NON_SME
CPPLUS,Aditya Infotech Limited,,EQ,Mid-Tier IT & Digital Solutions,Mid-Tier IT & Digital Solutions,1,2026-08-22 20:45:04,IT SERVICES,NON_SME
CRAFTSMAN,Craftsman Automation Limited,,EQ,Precision Auto Engine Components,Precision Auto Engine Components,1,2026-08-22 20:45:04,AUTO ANCILLARIES,NON_SME
CRAMC,Canara Robeco Asset Management Company Limited,,EQ,Mutual Fund Asset Managers (AMC),Mutual Fund Asset Managers (AMC),1,2026-08-22 20:45:04,CAPITAL MARKETS,NON_SME
CRAVATEX,Cravatex Limited,,EQ,Sports & Athleisure Footwear,Sports & Athleisure Footwear,1,2026-08-22 20:45:04,FOOTWEAR,NON_SME
CREATIVEYE,Creative Eye Limited,,EQ,Television Content & OTT Production,Television Content & OTT Production,1,2026-08-22 20:45:04,MEDIA & ENTERTAINMENT,NON_SME
CREDITACC,CREDITACCESS GRAMEEN LIMITED,,EQ,Microfinance (MFI),Microfinance (MFI),1,2026-08-22 20:45:04,FINANCE & NBFC,NON_SME
CREST,Crest Ventures Limited,,EQ,Diversified Consumer & MSME NBFC,Diversified Consumer & MSME NBFC,1,2026-08-22 20:45:04,FINANCE & NBFC,NON_SME
CRISIL,Crisil Limited,,EQ,Credit Ratings & Risk Analytics,Credit Ratings & Risk Analytics,1,2026-08-22 20:45:04,CAPITAL MARKETS,NON_SME
CRIZAC,Crizac Limited,,EQ,Overseas Education Consulting,Overseas Education Consulting,1,2026-08-22 20:45:04,EDUCATION & EDTECH,NON_SME
CROMPTON,Crompton Greaves Consumer Electricals Limited,,EQ,Conventional Thermal & Fossil Power,Conventional Thermal & Fossil Power,1,2026-08-22 20:45:04,POWER,NON_SME
CROWN,Crown Lifters Limited,,EQ,Material Handling & Cranes,Material Handling & Cranes,1,2026-08-22 20:45:04,CAPITAL GOODS & MACHINERY,NON_SME
CRSL,Cressanda Railway Solutions Limited,,EQ,Railway Signalling & Technology Systems,Railway Signalling & Technology Systems,1,2026-08-22 20:45:04,RAILWAYS,NON_SME
CSBBANK,CSB Bank Limited,,EQ,Private Sector Banks,Private Sector Banks,1,2026-08-22 20:45:04,BANKING,NON_SME
CSLFINANCE,CSL Finance Limited,,EQ,Diversified Consumer & MSME NBFC,Diversified Consumer & MSME NBFC,1,2026-08-22 20:45:04,FINANCE & NBFC,NON_SME
CSM,CSM Technologies Limited,,EQ,Mid-Tier IT & Digital Solutions,Mid-Tier IT & Digital Solutions,1,2026-08-22 20:45:04,IT SERVICES,NON_SME
CTE,Cambridge Technology Enterprises Limited,,EQ,Enterprise Software & SaaS,Enterprise Software & SaaS,1,2026-08-22 20:45:04,IT SERVICES,NON_SME
CUB,City Union Bank Limited,,EQ,Public Sector Banks (PSU),Public Sector Banks (PSU),1,2026-08-22 20:45:04,BANKING,NON_SME
CUBEXTUB,Cubex Tubings Limited,,EQ,Steel Pipes & Tubes,Steel Pipes & Tubes,1,2026-08-22 20:45:04,STEEL,NON_SME
CUMMINSIND,Cummins India Limited,,EQ,Diesel Engines & Gensets,Diesel Engines & Gensets,1,2026-08-22 20:45:04,CAPITAL GOODS & MACHINERY,NON_SME
CUPID,Cupid Limited,,EQ,Medical Devices & Consumables,Medical Devices & Consumables,1,2026-08-22 20:45:04,HEALTHCARE SERVICES,NON_SME
CURAA,Cura Technologies Limited,,EQ,Mid-Tier IT & Digital Solutions,Mid-Tier IT & Digital Solutions,1,2026-08-22 20:45:04,IT SERVICES,NON_SME
CYBERMEDIA,Cyber Media (India) Limited,,EQ,Mid-Tier IT & Digital Solutions,Mid-Tier IT & Digital Solutions,1,2026-08-22 20:45:04,IT SERVICES,NON_SME
CYBERTECH,Cybertech Systems And Software Limited,,BE,Mid-Tier IT & Digital Solutions,Mid-Tier IT & Digital Solutions,1,2026-08-22 20:45:04,IT SERVICES,NON_SME
CYIENT,Cyient Limited,,EQ,Engineering R&D (ER&D),Engineering R&D (ER&D),1,2026-08-22 20:45:04,IT SERVICES,NON_SME
CYIENTDLM,Cyient DLM Limited,,EQ,Commercial & Industrial Electronics EMS,Commercial & Industrial Electronics EMS,1,2026-08-22 20:45:04,EMS & ELECTRONICS,NON_SME
DABUR,Dabur India Limited,,EQ,Ayurvedic & Herbal Care,Ayurvedic & Herbal Care,1,2026-08-22 20:45:04,FMCG & PERSONAL CARE,NON_SME
DAICHI,Dai-Ichi Karkaria Limited,,EQ,Specialty Chemicals,Specialty Chemicals,1,2026-08-22 20:45:04,CHEMICALS,NON_SME
DALBHARAT,Dalmia Bharat Limited,,EQ,Integrated Grey Cement,Integrated Grey Cement,1,2026-08-22 20:45:04,CEMENT,NON_SME
DALMIASUG,Dalmia Bharat Sugar and Industries Limited,,EQ,Sugar Refining & Bio-Ethanol,Sugar Refining & Bio-Ethanol,1,2026-08-22 20:45:04,SUGAR & BIO-ETHANOL,NON_SME
DAMCAPITAL,Dam Capital Advisors Limited,,EQ,API & Bulk Drugs,API & Bulk Drugs,1,2026-08-22 20:45:04,PHARMACEUTICALS,NON_SME
DAMODARIND,Damodar Industries Limited,,BE,Cotton Spinning & Yarns,Cotton Spinning & Yarns,1,2026-08-22 20:45:04,TEXTILES,NON_SME
DANGEE,Dangee Dums Limited,,EQ,Packaged Foods & Snacks,Packaged Foods & Snacks,1,2026-08-22 20:45:04,FOOD PROCESSING,NON_SME
DATAMATICS,Datamatics Global Services Limited,,EQ,Mid-Tier IT & Digital Solutions,Mid-Tier IT & Digital Solutions,1,2026-08-22 20:45:04,IT SERVICES,NON_SME
DATAPATTNS,Data Patterns (India) Limited,,EQ,Defence Electronics & Radars,Defence Electronics & Radars,1,2026-08-22 20:45:04,DEFENCE & AEROSPACE,NON_SME
DAVANGERE,Davangere Sugar Company Limited,,EQ,Sugar Refining & Bio-Ethanol,Sugar Refining & Bio-Ethanol,1,2026-08-22 20:45:04,SUGAR & BIO-ETHANOL,NON_SME
DBCORP,D.B.Corp Limited,,EQ,Print Media & Publishing,Print Media & Publishing,1,2026-08-22 20:45:04,MEDIA & ENTERTAINMENT,NON_SME
DBEIL,Deepak Builders & Engineers India Limited,,BE,Precision Auto Engine Components,Precision Auto Engine Components,1,2026-08-22 20:45:04,AUTO ANCILLARIES,NON_SME
DBL,Dilip Buildcon Limited,,EQ,Civil & Commercial Construction,Civil & Commercial Construction,1,2026-08-22 20:45:04,CONSTRUCTION & INFRASTRUCTURE,NON_SME
DBOL,Dhampur Bio Organics Limited,,EQ,Specialty Chemicals,Specialty Chemicals,1,2026-08-22 20:45:04,CHEMICALS,NON_SME
DBREALTY,Valor Estate Limited,,EQ,Residential Real Estate,Residential Real Estate,1,2026-08-22 20:45:04,REAL ESTATE,NON_SME
DBSTOCKBRO,DB (International) Stock Brokers Limited,,BE,Stockbroking & Wealth Management,Stockbroking & Wealth Management,1,2026-08-22 20:45:04,CAPITAL MARKETS,NON_SME
DCAL,Dishman Carbogen Amcis Limited,,EQ,Precision Auto Engine Components,Precision Auto Engine Components,1,2026-08-22 20:45:04,AUTO ANCILLARIES,NON_SME
DCBBANK,DCB Bank Limited,,EQ,Private Sector Banks,Private Sector Banks,1,2026-08-22 20:45:04,BANKING,NON_SME
DCI,Dc Infotech And Communication Limited,,EQ,Mid-Tier IT & Digital Solutions,Mid-Tier IT & Digital Solutions,1,2026-08-22 20:45:04,IT SERVICES,NON_SME
DCM,DCM  Limited,,BE,Cotton Spinning & Yarns,Cotton Spinning & Yarns,1,2026-08-22 20:45:04,TEXTILES,NON_SME
DCMFINSERV,DCM Financial Services Limited,,EQ,Diversified Consumer & MSME NBFC,Diversified Consumer & MSME NBFC,1,2026-08-22 20:45:04,FINANCE & NBFC,NON_SME
DCMNVL,DCM Nouvelle Limited,,EQ,Specialty Chemicals,Specialty Chemicals,1,2026-08-22 20:45:04,CHEMICALS,NON_SME
DCMSHRIRAM,DCM Shriram Limited,,EQ,Industrial & Basic Chemicals,Industrial & Basic Chemicals,1,2026-08-22 20:45:04,CHEMICALS,NON_SME
DCMSIL,DCM Shriram International Limited,,EQ,Packaged Foods & Snacks,Packaged Foods & Snacks,1,2026-08-22 20:45:04,FOOD PROCESSING,NON_SME
DCMSRIND,DCM Shriram Industries Limited,,EQ,Sugar Refining & Bio-Ethanol,Sugar Refining & Bio-Ethanol,1,2026-08-22 20:45:04,SUGAR & BIO-ETHANOL,NON_SME
DCW,DCW Limited,,EQ,Industrial & Basic Chemicals,Industrial & Basic Chemicals,1,2026-08-22 20:45:04,CHEMICALS,NON_SME
DCXINDIA,DCX Systems Limited,,EQ,Commercial & Industrial Electronics EMS,Commercial & Industrial Electronics EMS,1,2026-08-22 20:45:04,EMS & ELECTRONICS,NON_SME
DDEVPLSTIK,Ddev Plastiks Industries Limited,,EQ,Precision Auto Engine Components,Precision Auto Engine Components,1,2026-08-22 20:45:04,AUTO ANCILLARIES,NON_SME
DECCANCE,Deccan Cements Limited,,EQ,Regional Cement & RMC,Regional Cement & RMC,1,2026-08-22 20:45:04,CEMENT,NON_SME
DECNGOLD,Deccan Gold Mines Limited,,EQ,Gold Mining & Precious Metals Exploration,Gold Mining & Precious Metals Exploration,1,2026-08-22 20:45:04,MINING & MINERALS,NON_SME
DEEDEV,DEE Development Engineers Limited,,EQ,Precision Auto Engine Components,Precision Auto Engine Components,1,2026-08-22 20:45:04,AUTO ANCILLARIES,NON_SME
DEEP,Deep Polymers Limited,,EQ,Industrial & Basic Chemicals,Industrial & Basic Chemicals,1,2026-08-22 20:45:04,CHEMICALS,NON_SME
DEEPAKFERT,Deepak Fertilizers and Petrochemicals Corporation Limited,,EQ,Fertilizers & Soil Nutrients,Fertilizers & Soil Nutrients,1,2026-08-22 20:45:04,FERTILIZERS,NON_SME
DEEPAKNTR,Deepak Nitrite Limited,,EQ,Specialty Chemicals,Specialty Chemicals,1,2026-08-22 20:45:04,CHEMICALS,NON_SME
DEEPINDS,Deep Industries Limited,,EQ,Oilfield Services & Drilling,Oilfield Services & Drilling,1,2026-08-22 20:45:04,OIL & GAS,NON_SME
DELHIVERY,Delhivery Limited,,EQ,Express Parcel & Courier,Express Parcel & Courier,1,2026-08-22 20:45:04,LOGISTICS & SUPPLY CHAIN,NON_SME
DELPHIFX,DELPHI WORLD MONEY LIMITED,,BE,Forex & Currency Exchange,Forex & Currency Exchange,1,2026-08-22 20:45:04,CAPITAL MARKETS,NON_SME
DELTACORP,Delta Corp Limited,,EQ,"Gaming, Casinos & Entertainment","Gaming, Casinos & Entertainment",1,2026-08-22 20:45:04,HOTELS & HOSPITALITY,NON_SME
DELTAMAGNT,Delta Manufacturing Limited,,EQ,Fertilizers & Soil Nutrients,Fertilizers & Soil Nutrients,1,2026-08-22 20:45:04,FERTILIZERS,NON_SME
DEN,Den Networks Limited,,EQ,Cable & Broadband Distribution,Cable & Broadband Distribution,1,2026-08-22 20:45:04,MEDIA & ENTERTAINMENT,NON_SME
DENORA,De Nora India Limited,,EQ,Specialty Electrochemical Chemicals,Specialty Electrochemical Chemicals,1,2026-08-22 20:45:04,CHEMICALS,NON_SME
DENTA,Denta Water and Infra Solutions Limited,,EQ,"Industrial Effluent, Desalination & ZLD","Industrial Effluent, Desalination & ZLD",1,2026-08-22 20:45:04,WATER TREATMENT,NON_SME
DEVIT,Dev Information Technology Limited,,EQ,Precision Auto Engine Components,Precision Auto Engine Components,1,2026-08-22 20:45:04,AUTO ANCILLARIES,NON_SME
DEVX,Dev Accelerator Limited,,EQ,Precision Auto Engine Components,Precision Auto Engine Components,1,2026-08-22 20:45:04,AUTO ANCILLARIES,NON_SME
DEVYANI,Devyani International Limited,,EQ,Precision Auto Engine Components,Precision Auto Engine Components,1,2026-08-22 20:45:04,AUTO ANCILLARIES,NON_SME
DGCONTENT,Digicontent Limited,,EQ,General & Health Insurance,General & Health Insurance,1,2026-08-22 20:45:04,INSURANCE,NON_SME
DHABRIYA,Dhabriya Polywood Limited,,EQ,Civil & Commercial Construction,Civil & Commercial Construction,1,2026-08-22 20:45:04,CONSTRUCTION & INFRASTRUCTURE,NON_SME
DHAMPURSUG,Dhampur Sugar Mills Limited,,EQ,Sugar Refining & Bio-Ethanol,Sugar Refining & Bio-Ethanol,1,2026-08-22 20:45:04,SUGAR & BIO-ETHANOL,NON_SME
DHANBANK,Dhanlaxmi Bank Limited,,EQ,Private Sector Banks,Private Sector Banks,1,2026-08-22 20:45:04,BANKING,NON_SME
DHANUKA,Dhanuka Agritech Limited,,EQ,Crop Protection Agrochemicals,Crop Protection Agrochemicals,1,2026-08-22 20:45:04,AGRICULTURE & AGROCHEMICALS,NON_SME
DHARAN,DHARAN INFRA-EPC LIMITED,,BZ,Civil & Commercial Construction,Civil & Commercial Construction,1,2026-08-22 20:45:04,CONSTRUCTION & INFRASTRUCTURE,NON_SME
DHARMAJ,Dharmaj Crop Guard Limited,,EQ,Crop Protection Agrochemicals,Crop Protection Agrochemicals,1,2026-08-22 20:45:04,AGRICULTURE & AGROCHEMICALS,NON_SME
DHATRE,Dhatre Udyog Limited,,EQ,Packaged Foods & Snacks,Packaged Foods & Snacks,1,2026-08-22 20:45:04,FOOD PROCESSING,NON_SME
DHOOTTRANS,Dhoot Transmission Limited,,EQ,Conventional Thermal & Fossil Power,Conventional Thermal & Fossil Power,1,2026-08-22 20:45:04,POWER,NON_SME
DHRUV,Dhruv Consultancy Services Limited,,EQ,Roads & Highways EPC,Roads & Highways EPC,1,2026-08-22 20:45:04,CONSTRUCTION & INFRASTRUCTURE,NON_SME
DHUNINV,Dhunseri Investments Limited,,EQ,Diversified Consumer & MSME NBFC,Diversified Consumer & MSME NBFC,1,2026-08-22 20:45:04,FINANCE & NBFC,NON_SME
DIACABS,Diamond Power Infrastructure Limited,,BE,Wires & Cables,Wires & Cables,1,2026-08-22 20:45:04,CONSUMER ELECTRICALS,NON_SME
DIAMINESQ,Diamines & Chemicals Limited,,EQ,Industrial & Basic Chemicals,Industrial & Basic Chemicals,1,2026-08-22 20:45:04,CHEMICALS,NON_SME
DIAMONDYD,Prataap Snacks Limited,,EQ,Packaged Foods & Snacks,Packaged Foods & Snacks,1,2026-08-22 20:45:04,FOOD PROCESSING,NON_SME
DICIND,DIC India Limited,,EQ,Pigments & Dyes,Pigments & Dyes,1,2026-08-22 20:45:04,CHEMICALS,NON_SME
DIFFNKG,Diffusion Engineers Limited,,EQ,Precision Auto Engine Components,Precision Auto Engine Components,1,2026-08-22 20:45:04,AUTO ANCILLARIES,NON_SME
DIGIDRIVE,Digidrive Distributors Limited,,EQ,IT Distribution & Enterprise Infra,IT Distribution & Enterprise Infra,1,2026-08-22 20:45:04,IT SERVICES,NON_SME
DIGISPICE,DiGiSPICE Technologies Limited,,EQ,Packaged Foods & Snacks,Packaged Foods & Snacks,1,2026-08-22 20:45:04,FOOD PROCESSING,NON_SME
DIGITIDE,Digitide Solutions Limited,,EQ,Mid-Tier IT & Digital Solutions,Mid-Tier IT & Digital Solutions,1,2026-08-22 20:45:04,IT SERVICES,NON_SME
DIGJAMLMTD,Digjam Limited,,EQ,Worsted Fabric & Suiting,Worsted Fabric & Suiting,1,2026-08-22 20:45:04,TEXTILES,NON_SME
DISAQ,Disa India Limited,,EQ,Foundry Equipment & Shot Blasting,Foundry Equipment & Shot Blasting,1,2026-08-22 20:45:04,CAPITAL GOODS & MACHINERY,NON_SME
DISHTV,Dish TV India Limited,,EQ,Television Broadcasting & OTT,Television Broadcasting & OTT,1,2026-08-22 20:45:04,MEDIA & ENTERTAINMENT,NON_SME
DIVGIITTS,Divgi Torqtransfer Systems Limited,,EQ,Precision Bearings & Motion Controls,Precision Bearings & Motion Controls,1,2026-08-22 20:45:04,AUTO ANCILLARIES,NON_SME
DIVISLAB,Divi's Laboratories Limited,,EQ,Finished Formulations,Finished Formulations,1,2026-08-22 20:45:04,PHARMACEUTICALS,NON_SME
DIXON,Dixon Technologies (India) Limited,,EQ,Domestic Consumer Appliance EMS (AC/TV/Washing Machines),Domestic Consumer Appliance EMS (AC/TV/Washing Machines),1,2026-08-22 20:45:04,EMS & ELECTRONICS,NON_SME
DJML,DJ Mediaprint & Logistics Limited,,EQ,3PL Logistics & Fleet Haulage,3PL Logistics & Fleet Haulage,1,2026-08-22 20:45:04,LOGISTICS & SUPPLY CHAIN,NON_SME
DLF,DLF Limited,,EQ,Residential Real Estate,Residential Real Estate,1,2026-08-22 20:45:04,REAL ESTATE,NON_SME
DLINKINDIA,D-Link (India) Limited,,EQ,Networking Hardware & Infra,Networking Hardware & Infra,1,2026-08-22 20:45:04,IT SERVICES,NON_SME
DMART,Avenue Supermarts Limited,,EQ,Grocery & Departmental Stores,Grocery & Departmental Stores,1,2026-08-22 20:45:04,RETAIL,NON_SME
DMCC,DMCC SPECIALITY CHEMICALS LIMITED,,EQ,Industrial & Basic Chemicals,Industrial & Basic Chemicals,1,2026-08-22 20:45:04,CHEMICALS,NON_SME
DNAMEDIA,Diligent Media Corporation Limited,,EQ,Paperboard & Packaging Cartons,Paperboard & Packaging Cartons,1,2026-08-22 20:45:04,PAPER & PACKAGING,NON_SME
DODLA,Dodla Dairy Limited,,EQ,Liquid Milk & Value-Added Dairy,Liquid Milk & Value-Added Dairy,1,2026-08-22 20:45:04,DAIRY & MILK PRODUCTS,NON_SME
DOLATALGO,Dolat Algotech Limited,,EQ,Mid-Tier IT & Digital Solutions,Mid-Tier IT & Digital Solutions,1,2026-08-22 20:45:04,IT SERVICES,NON_SME
DOLLAR,Dollar Industries Limited,,EQ,Innerwear & Athleisure,Innerwear & Athleisure,1,2026-08-22 20:45:04,TEXTILES,NON_SME
DOLPHIN,Dolphin Offshore Enterprises (India) Limited,,EQ,Refining & Petrochemicals,Refining & Petrochemicals,1,2026-08-22 20:45:04,OIL & GAS,NON_SME
DOMS,DOMS Industries Limited,,EQ,Paperboard & Packaging Cartons,Paperboard & Packaging Cartons,1,2026-08-22 20:45:04,PAPER & PACKAGING,NON_SME
DONEAR,Donear Industries Limited,,EQ,Polyester Woven Fabrics & Suiting,Polyester Woven Fabrics & Suiting,1,2026-08-22 20:45:04,TEXTILES,NON_SME
DPABHUSHAN,D. P. Abhushan Limited,,EQ,Gold Jewellery & Retail,Gold Jewellery & Retail,1,2026-08-22 20:45:04,JEWELLERY,NON_SME
DPSCLTD,DPSC Limited,,BE,State Distribution Companies (DISCOMs),State Distribution Companies (DISCOMs),1,2026-08-22 20:45:04,POWER,NON_SME
DPWIRES,D P Wires Limited,,BE,Wires & Cables,Wires & Cables,1,2026-08-22 20:45:04,CONSUMER ELECTRICALS,NON_SME
DRAGARWQ,Dr Agarwals Eye Hospital Limited,,EQ,Hospitals & Healthcare Chains,Hospitals & Healthcare Chains,1,2026-08-22 20:45:04,HEALTHCARE SERVICES,NON_SME
DRCSYSTEMS,DRC Systems India Limited,,EQ,Mid-Tier IT & Digital Solutions,Mid-Tier IT & Digital Solutions,1,2026-08-22 20:45:04,IT SERVICES,NON_SME
DREAMFOLKS,Dreamfolks Services Limited,,EQ,Airport Lounge & Transit Tech,Airport Lounge & Transit Tech,1,2026-08-22 20:45:04,ONLINE TICKETING & TRAVEL,NON_SME
DREDGECORP,Dredging Corporation of India Limited,,EQ,3PL Logistics & Fleet Haulage,3PL Logistics & Fleet Haulage,1,2026-08-22 20:45:04,LOGISTICS & SUPPLY CHAIN,NON_SME
DRREDDY,Dr. Reddy's Laboratories Limited,,EQ,Finished Formulations,Finished Formulations,1,2026-08-22 20:45:04,PHARMACEUTICALS,NON_SME
DSFCL,DCM Shriram Fine Chemicals Limited,,BE,Specialty Chemicals,Specialty Chemicals,1,2026-08-22 20:45:04,CHEMICALS,NON_SME
DSKULKARNI,DS Kulkarni Developers Limited,,BE,Precision Auto Engine Components,Precision Auto Engine Components,1,2026-08-22 20:45:04,AUTO ANCILLARIES,NON_SME
DSSL,Dynacons Systems & Solutions Limited,,EQ,Mid-Tier IT & Digital Solutions,Mid-Tier IT & Digital Solutions,1,2026-08-22 20:45:04,IT SERVICES,NON_SME
DTIL,Dhunseri Tea & Industries Limited,,EQ,Tea Plantations & Packaging,Tea Plantations & Packaging,1,2026-08-22 20:45:04,TEA & COFFEE,NON_SME
DUCON,Ducon Infratechnologies Limited,,EQ,Mid-Tier IT & Digital Solutions,Mid-Tier IT & Digital Solutions,1,2026-08-22 20:45:04,IT SERVICES,NON_SME
DVL,Dhunseri Ventures Limited,,EQ,Diversified Consumer & MSME NBFC,Diversified Consumer & MSME NBFC,1,2026-08-22 20:45:04,FINANCE & NBFC,NON_SME
DWARKESH,Dwarikesh Sugar Industries Limited,,EQ,Sugar Refining & Bio-Ethanol,Sugar Refining & Bio-Ethanol,1,2026-08-22 20:45:04,SUGAR & BIO-ETHANOL,NON_SME
DYCL,Dynamic Cables Limited,,EQ,Wires & Cables,Wires & Cables,1,2026-08-22 20:45:04,CONSUMER ELECTRICALS,NON_SME
DYNAMATECH,Dynamatic Technologies Limited,,EQ,Defence Electronics & Avionics,Defence Electronics & Avionics,1,2026-08-22 20:45:04,DEFENCE & AEROSPACE,NON_SME
DYNPRO,Dynemic Products Limited,,EQ,Pigments & Dyes,Pigments & Dyes,1,2026-08-22 20:45:04,CHEMICALS,NON_SME
E2E,E2E Networks Limited,,BE,Cloud GPUs & Supercomputing Infrastructure,Cloud GPUs & Supercomputing Infrastructure,1,2026-08-22 20:45:04,DATA CENTERS & CLOUD,NON_SME
EASEMYTRIP,Easy Trip Planners Limited,,EQ,Online Travel Agency (OTA) & Flight Booking,Online Travel Agency (OTA) & Flight Booking,1,2026-08-22 20:45:04,ONLINE TICKETING & TRAVEL,NON_SME
EASTSILK,Eastern Silk Industries Limited,,BE,Cotton Spinning & Yarns,Cotton Spinning & Yarns,1,2026-08-22 20:45:04,TEXTILES,NON_SME
EASTWEST,East West Freight Carriers Limited,,EQ,Precision Auto Engine Components,Precision Auto Engine Components,1,2026-08-22 20:45:04,AUTO ANCILLARIES,NON_SME
EBGNG,GNG Electronics Limited,,EQ,Commercial & Industrial Electronics EMS,Commercial & Industrial Electronics EMS,1,2026-08-22 20:45:04,EMS & ELECTRONICS,NON_SME
EBIX,EBIX Limited,,EQ,Enterprise Software & SaaS,Enterprise Software & SaaS,1,2026-08-22 20:45:04,IT SERVICES,NON_SME
ECLERX,eClerx Services Limited,,EQ,Business Process Management (BPM),Business Process Management (BPM),1,2026-08-22 20:45:04,IT SERVICES,NON_SME
ECORECO,Eco Recycling Limited,,EQ,E-Waste Recycling & Sustainability,E-Waste Recycling & Sustainability,1,2026-08-22 20:45:04,SERVICES & MEDIA,NON_SME
ECOSMOBLTY,Ecos (India) Mobility & Hospitality Limited,,BE,Hospitals & Healthcare Chains,Hospitals & Healthcare Chains,1,2026-08-22 20:45:04,HEALTHCARE SERVICES,NON_SME
EDELWEISS,Edelweiss Financial Services Limited,,EQ,Diversified Consumer & MSME NBFC,Diversified Consumer & MSME NBFC,1,2026-08-22 20:45:04,FINANCE & NBFC,NON_SME
EFCIL,EFC (I) Limited,,EQ,Residential Townships & Commercial REITs,Residential Townships & Commercial REITs,1,2026-08-22 20:45:04,REAL ESTATE,NON_SME
EICHERMOT,Eicher Motors Limited,,EQ,Passenger Vehicles (Cars & SUVs),Passenger Vehicles (Cars & SUVs),1,2026-08-22 20:45:04,AUTOMOBILE,NON_SME
EIDPARRY,EID Parry India Limited,,EQ,Sugar Refining & Bio-Ethanol,Sugar Refining & Bio-Ethanol,1,2026-08-22 20:45:04,SUGAR & BIO-ETHANOL,NON_SME
EIEL,Enviro Infra Engineers Limited,,EQ,Precision Auto Engine Components,Precision Auto Engine Components,1,2026-08-22 20:45:04,AUTO ANCILLARIES,NON_SME
EIFFL,Euro India Fresh Foods Limited,,BE,Packaged Foods & Snacks,Packaged Foods & Snacks,1,2026-08-22 20:45:04,FOOD PROCESSING,NON_SME
EIHAHOTELS,EIH Associated Hotels Limited,,EQ,Luxury Hotels & Resorts,Luxury Hotels & Resorts,1,2026-08-22 20:45:04,HOTELS & HOSPITALITY,NON_SME
EIHOTEL,EIH Limited,,EQ,Luxury Hotels & Resorts,Luxury Hotels & Resorts,1,2026-08-22 20:45:04,HOTELS & HOSPITALITY,NON_SME
EIMCOELECO,Eimco Elecon (India) Limited,,EQ,Material Handling & Cranes,Material Handling & Cranes,1,2026-08-22 20:45:04,CAPITAL GOODS & MACHINERY,NON_SME
EKC,Everest Kanto Cylinder Limited,,EQ,Precision Auto Engine Components,Precision Auto Engine Components,1,2026-08-22 20:45:04,AUTO ANCILLARIES,NON_SME
EKI,EKI Energy Services Limited,,EQ,Conventional Thermal & Fossil Power,Conventional Thermal & Fossil Power,1,2026-08-22 20:45:04,POWER,NON_SME
ELANTAS,Elantas Beck India Limited,,EQ,Specialty Chemicals,Specialty Chemicals,1,2026-08-22 20:45:04,CHEMICALS,NON_SME
ELCIDIN,EL CID Investments Limited,,EQ,Diversified Consumer & MSME NBFC,Diversified Consumer & MSME NBFC,1,2026-08-22 20:45:04,FINANCE & NBFC,NON_SME
ELDEHSG,Eldeco Housing And Industries Limited,,EQ,Residential Real Estate,Residential Real Estate,1,2026-08-22 20:45:04,REAL ESTATE,NON_SME
ELECON,Elecon Engineering Company Limited,,EQ,Precision Auto Engine Components,Precision Auto Engine Components,1,2026-08-22 20:45:04,AUTO ANCILLARIES,NON_SME
ELECTCAST,Electrosteel Castings Limited,,EQ,Secondary Steel & TMT Rebars,Secondary Steel & TMT Rebars,1,2026-08-22 20:45:04,STEEL,NON_SME
ELECTHERM,Electrotherm (India) Limited,,EQ,Secondary Steel & TMT Rebars,Secondary Steel & TMT Rebars,1,2026-08-22 20:45:04,STEEL,NON_SME
ELGIEQUIP,Elgi Equipments Limited,,EQ,Heavy Process Equipment & Machinery,Heavy Process Equipment & Machinery,1,2026-08-22 20:45:04,CAPITAL GOODS & MACHINERY,NON_SME
ELGIRUBCO,Elgi Rubber Company Limited,,EQ,Automotive Radial Tyres,Automotive Radial Tyres,1,2026-08-22 20:45:04,TYRES & RUBBER,NON_SME
ELIN,Elin Electronics Limited,,EQ,Domestic & Consumer Appliances EMS,Domestic & Consumer Appliances EMS,1,2026-08-22 20:45:04,EMS & ELECTRONICS,NON_SME
ELITECON,Elitecon International Limited,,EQ,Tobacco Products,Tobacco Products,1,2026-08-22 20:45:04,FMCG & PERSONAL CARE,NON_SME
ELLEN,Ellenbarrie Industrial Gases Limited,,EQ,Refining & Petrochemicals,Refining & Petrochemicals,1,2026-08-22 20:45:04,OIL & GAS,NON_SME
ELPROINTL,Elpro International Limited,,EQ,Heavy Switchgear & Automation,Heavy Switchgear & Automation,1,2026-08-22 20:45:04,ELECTRICAL EQUIPMENT,NON_SME
EMAMILTD,Emami Limited,,EQ,Ayurvedic & Herbal Care,Ayurvedic & Herbal Care,1,2026-08-22 20:45:04,FMCG & PERSONAL CARE,NON_SME
EMAMIPAP,Emami Paper Mills Limited,,BE,Paperboard & Packaging Cartons,Paperboard & Packaging Cartons,1,2026-08-22 20:45:04,PAPER & PACKAGING,NON_SME
EMAMIREAL,Emami Realty Limited,,EQ,Residential Real Estate,Residential Real Estate,1,2026-08-22 20:45:04,REAL ESTATE,NON_SME
EMBDL,Embassy Developments Limited,,EQ,Precision Auto Engine Components,Precision Auto Engine Components,1,2026-08-22 20:45:04,AUTO ANCILLARIES,NON_SME
EMCURE,Emcure Pharmaceuticals Limited,,EQ,Finished Formulations,Finished Formulations,1,2026-08-22 20:45:04,PHARMACEUTICALS,NON_SME
EMIL,Electronics Mart India Limited,,EQ,Specialty Retail Boutiques,Specialty Retail Boutiques,1,2026-08-22 20:45:04,RETAIL,NON_SME
EMKAY,Emkay Global Financial Services Limited,,EQ,Diversified Consumer & MSME NBFC,Diversified Consumer & MSME NBFC,1,2026-08-22 20:45:04,FINANCE & NBFC,NON_SME
EMMBI,Emmbi Industries Limited,,BE,Flexible Packaging Films,Flexible Packaging Films,1,2026-08-22 20:45:04,PAPER & PACKAGING,NON_SME
EMMVEE,Emmvee Photovoltaic Power Limited,,EQ,Green Energy Generation (IPP),Green Energy Generation (IPP),1,2026-08-22 20:45:04,RENEWABLE ENERGY,NON_SME
EMPIND,Empire Industries Limited,,EQ,Heavy Process Plant Equipment,Heavy Process Plant Equipment,1,2026-08-22 20:45:04,CAPITAL GOODS & MACHINERY,NON_SME
EMPOWER,Empower India Limited,,EQ,Conventional Thermal & Fossil Power,Conventional Thermal & Fossil Power,1,2026-08-22 20:45:04,POWER,NON_SME
EMSLIMITED,EMS Limited,,EQ,"Industrial Effluent, Desalination & ZLD","Industrial Effluent, Desalination & ZLD",1,2026-08-22 20:45:04,WATER TREATMENT,NON_SME
EMUDHRA,eMudhra Limited,,EQ,Enterprise Software & SaaS,Enterprise Software & SaaS,1,2026-08-22 20:45:04,IT SERVICES,NON_SME
ENDURANCE,Endurance Technologies Limited,,EQ,Auto Castings & Heavy Forgings,Auto Castings & Heavy Forgings,1,2026-08-22 20:45:04,AUTO ANCILLARIES,NON_SME
ENERGYDEV,Energy Development Company Limited,,EQ,Precision Auto Engine Components,Precision Auto Engine Components,1,2026-08-22 20:45:04,AUTO ANCILLARIES,NON_SME
ENGINERSIN,Engineers India Limited,,EQ,Precision Auto Engine Components,Precision Auto Engine Components,1,2026-08-22 20:45:04,AUTO ANCILLARIES,NON_SME
ENIL,Entertainment Network (India) Limited,,EQ,Paperboard & Packaging Cartons,Paperboard & Packaging Cartons,1,2026-08-22 20:45:04,PAPER & PACKAGING,NON_SME
ENKEIWHEL,Enkei Wheels (India) Limited,,EQ,Wires & Cables,Wires & Cables,1,2026-08-22 20:45:04,CONSUMER ELECTRICALS,NON_SME
ENRIN,Siemens Energy India Limited,,EQ,Conventional Thermal & Fossil Power,Conventional Thermal & Fossil Power,1,2026-08-22 20:45:04,POWER,NON_SME
ENTERO,Entero Healthcare Solutions Limited,,EQ,Finished Formulations,Finished Formulations,1,2026-08-22 20:45:04,PHARMACEUTICALS,NON_SME
EPACK,EPACK Durable Limited,,EQ,Domestic & Consumer Appliances EMS,Domestic & Consumer Appliances EMS,1,2026-08-22 20:45:04,EMS & ELECTRONICS,NON_SME
EPACKPEB,EPack Prefab Technologies Limited,,EQ,Pre-Engineered Steel Buildings,Pre-Engineered Steel Buildings,1,2026-08-22 20:45:04,BUILDING MATERIALS,NON_SME
EPIGRAL,Epigral Limited,,EQ,Industrial & Basic Chemicals,Industrial & Basic Chemicals,1,2026-08-22 20:45:04,CHEMICALS,NON_SME
EPL,EPL Limited,,EQ,Flexible Packaging Films,Flexible Packaging Films,1,2026-08-22 20:45:04,PAPER & PACKAGING,NON_SME
EQUIPPP,Equippp Social Impact Technologies Limited,,BE,Mid-Tier IT & Digital Solutions,Mid-Tier IT & Digital Solutions,1,2026-08-22 20:45:04,IT SERVICES,NON_SME
EQUITASBNK,Equitas Small Finance Bank Limited,,EQ,Diversified Consumer & MSME NBFC,Diversified Consumer & MSME NBFC,1,2026-08-22 20:45:04,FINANCE & NBFC,NON_SME
ERIS,Eris Lifesciences Limited,,EQ,Finished Formulations,Finished Formulations,1,2026-08-22 20:45:04,PHARMACEUTICALS,NON_SME
ESABINDIA,Esab India Limited,,EQ,Precision Machine Tools & Fasteners,Precision Machine Tools & Fasteners,1,2026-08-22 20:45:04,CAPITAL GOODS & MACHINERY,NON_SME
ESAFSFB,ESAF Small Finance Bank Limited,,BE,Diversified Consumer & MSME NBFC,Diversified Consumer & MSME NBFC,1,2026-08-22 20:45:04,FINANCE & NBFC,NON_SME
ESCORTS,Escorts Kubota Limited,,EQ,Tractors & Farm Machinery,Tractors & Farm Machinery,1,2026-08-22 20:45:04,AUTOMOBILE,NON_SME
ESSARSHPNG,Essar Shipping Limited,,EQ,Marine Offshore Vessels & Tugs,Marine Offshore Vessels & Tugs,1,2026-08-22 20:45:04,SHIPBUILDING & PORTS,NON_SME
ESSENTIA,Integra Essentia Limited,,EQ,Packaged Foods & Snacks,Packaged Foods & Snacks,1,2026-08-22 20:45:04,FOOD PROCESSING,NON_SME
ESTER,Ester Industries Limited,,EQ,Flexible Packaging Films,Flexible Packaging Films,1,2026-08-22 20:45:04,PAPER & PACKAGING,NON_SME
ETERNAL,ETERNAL LIMITED,,EQ,Diversified Consumer & MSME NBFC,Diversified Consumer & MSME NBFC,1,2026-08-22 20:45:04,FINANCE & NBFC,NON_SME
ETHOSLTD,Ethos Limited,,EQ,Specialty Retail Boutiques,Specialty Retail Boutiques,1,2026-08-22 20:45:04,RETAIL,NON_SME
EUREKAFORB,Eureka Forbes Limited,,EQ,Fast Moving Electrical Goods (FMEG),Fast Moving Electrical Goods (FMEG),1,2026-08-22 20:45:04,CONSUMER ELECTRICALS,NON_SME
EUROBOND,Euro Panel Products Limited,,EQ,Plywood & Laminates,Plywood & Laminates,1,2026-08-22 20:45:04,BUILDING MATERIALS,NON_SME
EUROPRATIK,Euro Pratik Sales Limited,,EQ,Plywood & Laminates,Plywood & Laminates,1,2026-08-22 20:45:04,BUILDING MATERIALS,NON_SME
EUROTEXIND,Eurotex Industries and Exports Limited,,BE,Commercial Ports & Terminals,Commercial Ports & Terminals,1,2026-08-22 20:45:04,SHIPBUILDING & PORTS,NON_SME
EVEREADY,Eveready Industries India Limited,,EQ,Precision Auto Engine Components,Precision Auto Engine Components,1,2026-08-22 20:45:04,AUTO ANCILLARIES,NON_SME
EVERESTIND,Everest Industries Limited,,BE,Precision Auto Engine Components,Precision Auto Engine Components,1,2026-08-22 20:45:04,AUTO ANCILLARIES,NON_SME
EXCELINDUS,Excel Industries Limited,,EQ,Specialty Chemicals,Specialty Chemicals,1,2026-08-22 20:45:04,CHEMICALS,NON_SME
EXCELSOFT,Excelsoft Technologies Limited,,EQ,Mid-Tier IT & Digital Solutions,Mid-Tier IT & Digital Solutions,1,2026-08-22 20:45:04,IT SERVICES,NON_SME
EXICOM,Exicom Tele-Systems Limited,,EQ,EV Charging Infrastructure,EV Charging Infrastructure,1,2026-08-22 20:45:04,EMS & ELECTRONICS,NON_SME
EXIDEIND,Exide Industries Limited,,EQ,Auto Batteries & Storage,Auto Batteries & Storage,1,2026-08-22 20:45:04,AUTO ANCILLARIES,NON_SME
EXPLEOSOL,Expleo Solutions Limited,,EQ,Mid-Tier IT & Digital Solutions,Mid-Tier IT & Digital Solutions,1,2026-08-22 20:45:04,IT SERVICES,NON_SME
EXXARO,Exxaro Tiles Limited,,EQ,Ceramic Tiles & Sanitaryware,Ceramic Tiles & Sanitaryware,1,2026-08-22 20:45:04,BUILDING MATERIALS,NON_SME
FABTECH,Fabtech Technologies Limited,,EQ,Mid-Tier IT & Digital Solutions,Mid-Tier IT & Digital Solutions,1,2026-08-22 20:45:04,IT SERVICES,NON_SME
FACT,Fertilizers and Chemicals Travancore Limited,,EQ,Fertilizers & Soil Nutrients,Fertilizers & Soil Nutrients,1,2026-08-22 20:45:04,FERTILIZERS,NON_SME
FAIRCHEMOR,Fairchem Organics Limited,,BE,Specialty Chemicals,Specialty Chemicals,1,2026-08-22 20:45:04,CHEMICALS,NON_SME
FAZE3Q,Faze Three Limited,,EQ,Home Textiles,Home Textiles,1,2026-08-22 20:45:04,TEXTILES,NON_SME
FCL,Fineotex Chemical Limited,,EQ,Industrial & Basic Chemicals,Industrial & Basic Chemicals,1,2026-08-22 20:45:04,CHEMICALS,NON_SME
FCSSOFT,FCS Software Solutions Limited,,EQ,Mid-Tier IT & Digital Solutions,Mid-Tier IT & Digital Solutions,1,2026-08-22 20:45:04,IT SERVICES,NON_SME
FDC,FDC Limited,,EQ,Finished Formulations,Finished Formulations,1,2026-08-22 20:45:04,PHARMACEUTICALS,NON_SME
FEDDERSHOL,Fedders Holding Limited,,EQ,Air Conditioners & Commercial HVAC,Air Conditioners & Commercial HVAC,1,2026-08-22 20:45:04,CONSUMER DURABLES,NON_SME
FEDERALBNK,The Federal Bank  Limited,,EQ,Private Sector Banks,Private Sector Banks,1,2026-08-22 20:45:04,BANKING,NON_SME
FEDFINA,Fedbank Financial Services Limited,,EQ,Diversified Consumer & MSME NBFC,Diversified Consumer & MSME NBFC,1,2026-08-22 20:45:04,FINANCE & NBFC,NON_SME
FEL,Future Enterprises Limited,,BZ,Fashion Apparel Retail,Fashion Apparel Retail,1,2026-08-22 20:45:04,RETAIL,NON_SME
FELDVR,Future Enterprises Limited,,BZ,Fashion Apparel Retail,Fashion Apparel Retail,1,2026-08-22 20:45:04,RETAIL,NON_SME
FERMENTA,Fermenta Biotech Limited,,EQ,Biopharma & Biosimilars,Biopharma & Biosimilars,1,2026-08-22 20:45:04,PHARMACEUTICALS,NON_SME
FIBERWEB,Fiberweb (India) Limited,,EQ,Cotton Spinning & Yarns,Cotton Spinning & Yarns,1,2026-08-22 20:45:04,TEXTILES,NON_SME
FIEMIND,Fiem Industries Limited,,EQ,Auto Lighting & Electricals,Auto Lighting & Electricals,1,2026-08-22 20:45:04,AUTO ANCILLARIES,NON_SME
FILATEX,Filatex India Limited,,EQ,Cotton Spinning & Yarns,Cotton Spinning & Yarns,1,2026-08-22 20:45:04,TEXTILES,NON_SME
FILATFASH,Filatex Fashions Limited,,EQ,Garments & Apparel Exports,Garments & Apparel Exports,1,2026-08-22 20:45:04,TEXTILES,NON_SME
FINCABLES,Finolex Cables Limited,,EQ,Wires & Cables,Wires & Cables,1,2026-08-22 20:45:04,CONSUMER ELECTRICALS,NON_SME
FINEORG,Fine Organic Industries Limited,,EQ,Specialty Chemicals,Specialty Chemicals,1,2026-08-22 20:45:04,CHEMICALS,NON_SME
FINKURVE,Finkurve Financial Services Limited,,EQ,Diversified Consumer & MSME NBFC,Diversified Consumer & MSME NBFC,1,2026-08-22 20:45:04,FINANCE & NBFC,NON_SME
FINOPB,Fino Payments Bank Limited,,EQ,Private Sector Banks,Private Sector Banks,1,2026-08-22 20:45:04,BANKING,NON_SME
FINPIPE,Finolex Industries Limited,,EQ,Plastic & CPVC Pipes,Plastic & CPVC Pipes,1,2026-08-22 20:45:04,BUILDING MATERIALS,NON_SME
FIRSTCRY,Brainbees Solutions Limited,,EQ,Baby & Kids E-Commerce,Baby & Kids E-Commerce,0,2026-08-22 20:45:04,E-COMMERCE & QUICK COMMERCE,NON_SME
FISCHER,Fischer Medical Ventures Limited,,EQ,Finished Formulations,Finished Formulations,1,2026-08-22 20:45:04,PHARMACEUTICALS,NON_SME
FIVESTAR,Five-Star Business Finance Limited,,EQ,Diversified Consumer & MSME NBFC,Diversified Consumer & MSME NBFC,1,2026-08-22 20:45:04,FINANCE & NBFC,NON_SME
FLAIR,Flair Writing Industries Limited,,EQ,Stationery & Writing Instruments,Stationery & Writing Instruments,1,2026-08-22 20:45:04,PAPER & PACKAGING,NON_SME
FLEXITUFF,Flexituff Ventures International Limited,,BE,Diversified Consumer & MSME NBFC,Diversified Consumer & MSME NBFC,1,2026-08-22 20:45:04,FINANCE & NBFC,NON_SME
FLFL,Future Lifestyle Fashions Limited,,BZ,Garments & Apparel Exports,Garments & Apparel Exports,1,2026-08-22 20:45:04,TEXTILES,NON_SME
FLUOROCHEM,Gujarat Fluorochemicals Limited,,EQ,Fluorochemicals,Fluorochemicals,1,2026-08-22 20:45:04,CHEMICALS,NON_SME
FMGOETZE,Federal-Mogul Goetze (India) Limited.,,EQ,Precision Powertrain Engine Components,Precision Powertrain Engine Components,1,2026-08-22 20:45:04,AUTO ANCILLARIES,NON_SME
FMNL,Future Market Networks Limited,,BE,Residential Townships & Commercial REITs,Residential Townships & Commercial REITs,1,2026-08-22 20:45:04,REAL ESTATE,NON_SME
FOCUS,Focus Lighting and Fixtures Limited,,BE,LED Lighting & Fixtures,LED Lighting & Fixtures,1,2026-08-22 20:45:04,ELECTRICAL EQUIPMENT,NON_SME
FOODSIN,Foods & Inns Limited,,EQ,Packaged Foods & Snacks,Packaged Foods & Snacks,1,2026-08-22 20:45:04,FOOD PROCESSING,NON_SME
FORCEMOT,FORCE MOTORS LTD,,EQ,Passenger Vehicles (Cars & SUVs),Passenger Vehicles (Cars & SUVs),1,2026-08-22 20:45:04,AUTOMOBILE,NON_SME
FORTIS,Fortis Healthcare Limited,,EQ,Finished Formulations,Finished Formulations,1,2026-08-22 20:45:04,PHARMACEUTICALS,NON_SME
FOSECOIND,Foseco India Limited,,EQ,Specialty Chemicals,Specialty Chemicals,1,2026-08-22 20:45:04,CHEMICALS,NON_SME
FRACTAL,Fractal Analytics Limited,,EQ,"AI Solutions, Analytics & Cloud Data","AI Solutions, Analytics & Cloud Data",1,2026-08-22 20:45:04,DATA CENTERS & CLOUD,NON_SME
FREDUN,Fredun Pharmaceuticals Limited,,EQ,Finished Formulations,Finished Formulations,1,2026-08-22 20:45:04,PHARMACEUTICALS,NON_SME
FRONTSP,Frontier Springs Limited,,EQ,"Rolling Stock, Wagons & Vande Bharat Trainsets","Rolling Stock, Wagons & Vande Bharat Trainsets",1,2026-08-22 20:45:04,RAILWAYS,NON_SME
FSL,Firstsource Solutions Limited,,EQ,Mid-Tier IT & Digital Solutions,Mid-Tier IT & Digital Solutions,1,2026-08-22 20:45:04,IT SERVICES,NON_SME
FUSION,Fusion Finance Limited,,EQ,Microfinance (MFI),Microfinance (MFI),1,2026-08-22 20:45:04,FINANCE & NBFC,NON_SME
GABRIEL,Gabriel India Limited,,EQ,Auto Transmission & Driveline,Auto Transmission & Driveline,1,2026-08-22 20:45:04,AUTO ANCILLARIES,NON_SME
GAEL,Gujarat Ambuja Exports Limited,,EQ,Commercial Ports & Terminals,Commercial Ports & Terminals,1,2026-08-22 20:45:04,SHIPBUILDING & PORTS,NON_SME
GAIL,GAIL (India) Limited,,EQ,Gas Transmission Pipelines,Gas Transmission Pipelines,1,2026-08-22 20:45:04,OIL & GAS,NON_SME
GALAPREC,Gala Precision Engineering Limited,,EQ,Precision Auto Engine Components,Precision Auto Engine Components,1,2026-08-22 20:45:04,AUTO ANCILLARIES,NON_SME
GALAXYSURF,Galaxy Surfactants Limited,,EQ,Personal Care & Soaps,Personal Care & Soaps,1,2026-08-22 20:45:04,FMCG & PERSONAL CARE,NON_SME
GALLANTT,Gallantt Ispat Limited,,EQ,Secondary Steel & TMT Rebars,Secondary Steel & TMT Rebars,1,2026-08-22 20:45:04,STEEL,NON_SME
GANDHAR,Gandhar Oil Refinery (India) Limited,,EQ,Edible Oils & Vanaspati,Edible Oils & Vanaspati,1,2026-08-22 20:45:04,EDIBLE OILS,NON_SME
GANDHITUBE,Gandhi Special Tubes Limited,,EQ,Steel Pipes & Tubes,Steel Pipes & Tubes,1,2026-08-22 20:45:04,STEEL,NON_SME
GANECOS,Ganesha Ecosphere Limited,,EQ,Recycled Polyester & Eco-Yarns,Recycled Polyester & Eco-Yarns,1,2026-08-22 20:45:04,TEXTILES,NON_SME
GANESHBE,Ganesh Benzoplast Limited,,BE,Liquid Storage Terminals & Logistics,Liquid Storage Terminals & Logistics,1,2026-08-22 20:45:04,LOGISTICS & SUPPLY CHAIN,NON_SME
GANESHCP,Ganesh Consumer Products Limited,,EQ,Packaged Foods & Snacks,Packaged Foods & Snacks,1,2026-08-22 20:45:04,FOOD PROCESSING,NON_SME
GANESHHOU,GANESH HOUSING LIMITED,,EQ,Residential Real Estate,Residential Real Estate,1,2026-08-22 20:45:04,REAL ESTATE,NON_SME
GANGAFORGE,Ganga Forging Limited,,EQ,Secondary Steel & TMT Rebars,Secondary Steel & TMT Rebars,1,2026-08-22 20:45:04,STEEL,NON_SME
GANGESSECU,Ganges Securities Limited,,EQ,Stockbroking & Wealth Management,Stockbroking & Wealth Management,1,2026-08-22 20:45:04,CAPITAL MARKETS,NON_SME
GARFIBRES,Garware Technical Fibres Limited,,EQ,Optical Fiber & Telecom Gear,Optical Fiber & Telecom Gear,1,2026-08-22 20:45:04,TELECOM,NON_SME
GARUDA,Garuda Construction and Engineering Limited,,EQ,Precision Auto Engine Components,Precision Auto Engine Components,1,2026-08-22 20:45:04,AUTO ANCILLARIES,NON_SME
GATECH,GACM Technologies Limited,,BE,Mid-Tier IT & Digital Solutions,Mid-Tier IT & Digital Solutions,1,2026-08-22 20:45:04,IT SERVICES,NON_SME
GATECHDVR,GACM Technologies Limited,,BE,Mid-Tier IT & Digital Solutions,Mid-Tier IT & Digital Solutions,1,2026-08-22 20:45:04,IT SERVICES,NON_SME
GATEWAY,Gateway Distriparks Limited,,EQ,Freight Forwarding & Multi-Modal Cargo,Freight Forwarding & Multi-Modal Cargo,1,2026-08-22 20:45:04,LOGISTICS & SUPPLY CHAIN,NON_SME
GAUDIUMIVF,Gaudium IVF and Women Health Limited,,BE,Finished Formulations,Finished Formulations,1,2026-08-22 20:45:04,PHARMACEUTICALS,NON_SME
GAYAHWS,Gayatri Highways Limited,,EQ,Roads & Highways EPC,Roads & Highways EPC,1,2026-08-22 20:45:04,CONSTRUCTION & INFRASTRUCTURE,NON_SME
GAYAPROJ,Gayatri Projects Limited,,BE,Civil & Commercial Construction,Civil & Commercial Construction,1,2026-08-22 20:45:04,CONSTRUCTION & INFRASTRUCTURE,NON_SME
GCSL,Gretex Corporate Services Limited,,EQ,Wealth Broking & Advisory,Wealth Broking & Advisory,1,2026-08-22 20:45:04,CAPITAL MARKETS,NON_SME
GEECEE,GeeCee Ventures Limited,,BE,Diversified Consumer & MSME NBFC,Diversified Consumer & MSME NBFC,1,2026-08-22 20:45:04,FINANCE & NBFC,NON_SME
GEEKAYWIRE,Geekay Wires Limited,,EQ,Wires & Cables,Wires & Cables,1,2026-08-22 20:45:04,CONSUMER ELECTRICALS,NON_SME
GEMAROMA,Gem Aromatics Limited,,EQ,Specialty Chemicals,Specialty Chemicals,1,2026-08-22 20:45:04,CHEMICALS,NON_SME
GENCON,Generic Engineering Construction and Projects Limited,,EQ,Precision Auto Engine Components,Precision Auto Engine Components,1,2026-08-22 20:45:04,AUTO ANCILLARIES,NON_SME
GENESYS,Genesys International Corporation Limited,,EQ,Geospatial AI & Digital Mapping,Geospatial AI & Digital Mapping,1,2026-08-22 20:45:04,IT SERVICES,NON_SME
GENSOL,Gensol Engineering Limited,,BZ,Precision Auto Engine Components,Precision Auto Engine Components,1,2026-08-22 20:45:04,AUTO ANCILLARIES,NON_SME
GENUSPAPER,Genus Paper & Boards Limited,,EQ,Paperboard & Packaging Cartons,Paperboard & Packaging Cartons,1,2026-08-22 20:45:04,PAPER & PACKAGING,NON_SME
GENUSPOWER,Genus Power Infrastructures Limited,,EQ,Conventional Thermal & Fossil Power,Conventional Thermal & Fossil Power,1,2026-08-22 20:45:04,POWER,NON_SME
GEOJITFSL,Geojit Financial Services Limited,,EQ,Diversified Consumer & MSME NBFC,Diversified Consumer & MSME NBFC,1,2026-08-22 20:45:04,FINANCE & NBFC,NON_SME
GESHIP,The Great Eastern Shipping Company Limited,,EQ,Marine Offshore Vessels & Tugs,Marine Offshore Vessels & Tugs,1,2026-08-22 20:45:04,SHIPBUILDING & PORTS,NON_SME
GFLLIMITED,GFL Limited,,EQ,Fluorochemicals,Fluorochemicals,1,2026-08-22 20:45:04,CHEMICALS,NON_SME
GHCL,GHCL Limited,,EQ,Industrial & Basic Chemicals,Industrial & Basic Chemicals,1,2026-08-22 20:45:04,CHEMICALS,NON_SME
GHCLTEXTIL,GHCL Textiles Limited,,EQ,Cotton Spinning & Yarns,Cotton Spinning & Yarns,1,2026-08-22 20:45:04,TEXTILES,NON_SME
GICHSGFIN,GIC Housing Finance Limited,,EQ,Housing Finance (HFC),Housing Finance (HFC),1,2026-08-22 20:45:04,FINANCE & NBFC,NON_SME
GICL,Globe International Carriers Limited,,EQ,Precision Auto Engine Components,Precision Auto Engine Components,1,2026-08-22 20:45:04,AUTO ANCILLARIES,NON_SME
GICRE,General Insurance Corporation of India,,EQ,General & Health Insurance,General & Health Insurance,1,2026-08-22 20:45:04,INSURANCE,NON_SME
GILLANDERS,Gillanders Arbuthnot & Company Limited,,EQ,Tea & Coffee Plantations,Tea & Coffee Plantations,1,2026-08-22 20:45:04,TEA & COFFEE,NON_SME
GILLETTE,Gillette India Limited,,EQ,Personal Care & Soaps,Personal Care & Soaps,1,2026-08-22 20:45:04,FMCG & PERSONAL CARE,NON_SME
GINNIFILA,Ginni Filaments Limited,,BE,Cotton Spinning & Yarns,Cotton Spinning & Yarns,1,2026-08-22 20:45:04,TEXTILES,NON_SME
GIPCL,Gujarat Industries Power Company Limited,,EQ,Conventional Thermal & Fossil Power,Conventional Thermal & Fossil Power,1,2026-08-22 20:45:04,POWER,NON_SME
GKB,GKB Ophthalmics Limited,,EQ,Aerospace & Fighter Aircraft,Aerospace & Fighter Aircraft,1,2026-08-22 20:45:04,DEFENCE & AEROSPACE,NON_SME
GKENERGY,GK Energy Limited,,EQ,Conventional Thermal & Fossil Power,Conventional Thermal & Fossil Power,1,2026-08-22 20:45:04,POWER,NON_SME
GKSL,Gujarat Kidney And Super Speciality Limited,,EQ,Tertiary Hospitals & Clinics,Tertiary Hospitals & Clinics,1,2026-08-22 20:45:04,HEALTHCARE SERVICES,NON_SME
GKWLIMITED,GKW Limited,,EQ,Precision Machine Tools & Fasteners,Precision Machine Tools & Fasteners,1,2026-08-22 20:45:04,CAPITAL GOODS & MACHINERY,NON_SME
GLAND,Gland Pharma Limited,,EQ,Finished Formulations,Finished Formulations,1,2026-08-22 20:45:04,PHARMACEUTICALS,NON_SME
GLAXO,GlaxoSmithKline Pharmaceuticals Limited,,EQ,Finished Formulations,Finished Formulations,1,2026-08-22 20:45:04,PHARMACEUTICALS,NON_SME
GLENMARK,Glenmark Pharmaceuticals Limited,,EQ,Finished Formulations,Finished Formulations,1,2026-08-22 20:45:04,PHARMACEUTICALS,NON_SME
GLFL,Gujarat Lease Financing Limited,,EQ,Diversified Consumer & MSME NBFC,Diversified Consumer & MSME NBFC,1,2026-08-22 20:45:04,FINANCE & NBFC,NON_SME
GLOBAL,Global Education Limited,,EQ,Education Academies & Publishing,Education Academies & Publishing,1,2026-08-22 20:45:04,EDUCATION & EDTECH,NON_SME
GLOBALE,Globale Tessile Limited,,EQ,Cotton Spinning & Yarns,Cotton Spinning & Yarns,1,2026-08-22 20:45:04,TEXTILES,NON_SME
GLOBALVECT,Global Vectra Helicorp Limited,,EQ,Passenger Airlines,Passenger Airlines,1,2026-08-22 20:45:04,AVIATION,NON_SME
GLOBE,GLOBE ENTERPRISES (INDIA) LIMITED,,EQ,Commodity & Wholesale Trading,Commodity & Wholesale Trading,1,2026-08-22 20:45:04,COMMERCIAL TRADING,NON_SME
GLOBECIVIL,Globe Civil Projects Limited,,EQ,Civil & Commercial Construction,Civil & Commercial Construction,1,2026-08-22 20:45:04,CONSTRUCTION & INFRASTRUCTURE,NON_SME
GLOBUSSPR,Globus Spirits Limited,,EQ,IMFL Spirits & Distilleries,IMFL Spirits & Distilleries,1,2026-08-22 20:45:04,BEVERAGES & DISTILLERIES,NON_SME
GLOSTERLTD,Gloster Limited,,EQ,Cotton Spinning & Yarns,Cotton Spinning & Yarns,1,2026-08-22 20:45:04,TEXTILES,NON_SME
GLOTTIS,Glottis Limited,,BE,Freight Forwarding & Multi-Modal Cargo,Freight Forwarding & Multi-Modal Cargo,1,2026-08-22 20:45:04,LOGISTICS & SUPPLY CHAIN,NON_SME
GMBREW,GM Breweries Limited,,EQ,IMFL Spirits & Distilleries,IMFL Spirits & Distilleries,1,2026-08-22 20:45:04,BEVERAGES & DISTILLERIES,NON_SME
GMDCLTD,Gujarat Mineral Development Corporation Limited,,EQ,Industrial Minerals,Industrial Minerals,1,2026-08-22 20:45:04,MINING & MINERALS,NON_SME
GMMPFAUDLR,GMM Pfaudler Limited,,EQ,Heavy Process Plant Equipment,Heavy Process Plant Equipment,1,2026-08-22 20:45:04,CAPITAL GOODS & MACHINERY,NON_SME
GMRAIRPORT,GMR AIRPORTS LIMITED,,EQ,Passenger Airlines,Passenger Airlines,1,2026-08-22 20:45:04,AVIATION,NON_SME
GMRP&UI,GMR Power and Urban Infra Limited,,EQ,Conventional Thermal & Fossil Power,Conventional Thermal & Fossil Power,1,2026-08-22 20:45:04,POWER,NON_SME
GNA,GNA Axles Limited,,EQ,Auto Transmission & Driveline,Auto Transmission & Driveline,1,2026-08-22 20:45:04,AUTO ANCILLARIES,NON_SME
GNFC,Gujarat Narmada Valley Fertilizers and Chemicals Limited,,EQ,Fertilizers & Soil Nutrients,Fertilizers & Soil Nutrients,1,2026-08-22 20:45:04,FERTILIZERS,NON_SME
GNRL,Gujarat Natural Resources Limited,,EQ,Oil & Gas Exploration (E&P),Oil & Gas Exploration (E&P),1,2026-08-22 20:45:04,OIL & GAS,NON_SME
GOACARBON,Goa Carbon Limited,,EQ,Precision Auto Engine Components,Precision Auto Engine Components,1,2026-08-22 20:45:04,AUTO ANCILLARIES,NON_SME
GOCLCORP,GOCL Corporation Limited,,EQ,Missiles & Military Explosives,Missiles & Military Explosives,1,2026-08-22 20:45:04,DEFENCE & AEROSPACE,NON_SME
GOCOLORS,Go Fashion (India) Limited,,EQ,Garments & Apparel Exports,Garments & Apparel Exports,1,2026-08-22 20:45:04,TEXTILES,NON_SME
GODAVARIB,Godavari Biorefineries Limited,,EQ,Sugar Refining & Bio-Ethanol,Sugar Refining & Bio-Ethanol,1,2026-08-22 20:45:04,SUGAR & BIO-ETHANOL,NON_SME
GODFRYPHLP,Godfrey Phillips India Limited,,EQ,Tobacco Products,Tobacco Products,1,2026-08-22 20:45:04,FMCG & PERSONAL CARE,NON_SME
GODIGIT,Go Digit General Insurance Limited,,EQ,General & Health Insurance,General & Health Insurance,1,2026-08-22 20:45:04,INSURANCE,NON_SME
GODREJAGRO,Godrej Agrovet Limited,,EQ,Crop Protection Agrochemicals,Crop Protection Agrochemicals,1,2026-08-22 20:45:04,AGRICULTURE & AGROCHEMICALS,NON_SME
GODREJCP,Godrej Consumer Products Limited,,EQ,Personal Care & Soaps,Personal Care & Soaps,1,2026-08-22 20:45:04,FMCG & PERSONAL CARE,NON_SME
GODREJIND,Godrej Industries Limited,,EQ,Specialty Chemicals,Specialty Chemicals,1,2026-08-22 20:45:04,CHEMICALS,NON_SME
GODREJPROP,Godrej Properties Limited,,EQ,Residential Real Estate,Residential Real Estate,1,2026-08-22 20:45:04,REAL ESTATE,NON_SME
GOKEX,Gokaldas Exports Limited,,EQ,Commercial Ports & Terminals,Commercial Ports & Terminals,1,2026-08-22 20:45:04,SHIPBUILDING & PORTS,NON_SME
GOKUL,Gokul Refoils and Solvent Limited,,EQ,Edible Oils & Vanaspati,Edible Oils & Vanaspati,1,2026-08-22 20:45:04,EDIBLE OILS,NON_SME
GOKULAGRO,Gokul Agro Resources Limited,,EQ,Edible Oils & Vanaspati,Edible Oils & Vanaspati,1,2026-08-22 20:45:04,EDIBLE OILS,NON_SME
GOLDENTOBC,Golden Tobacco Limited,,BZ,Tobacco Products & Cigarettes,Tobacco Products & Cigarettes,1,2026-08-22 20:45:04,BEVERAGES & DISTILLERIES,NON_SME
GOLDIAM,Goldiam International Limited,,EQ,Diamond & Studded Jewellery,Diamond & Studded Jewellery,1,2026-08-22 20:45:04,JEWELLERY,NON_SME
GOLDTECH,AION-TECH SOLUTIONS LIMITED,,BE,Mid-Tier IT & Digital Solutions,Mid-Tier IT & Digital Solutions,1,2026-08-22 20:45:04,IT SERVICES,NON_SME
GOODLUCK,Goodluck India Limited,,EQ,Steel Pipes & Tubes,Steel Pipes & Tubes,1,2026-08-22 20:45:04,STEEL,NON_SME
GOODYEAR,Goodyear India Limited,,EQ,Automotive Radials & Off-Highway Tyres,Automotive Radials & Off-Highway Tyres,1,2026-08-22 20:45:04,TYRES & RUBBER,NON_SME
GOPAL,Gopal Snacks Limited,,EQ,Packaged Foods & Snacks,Packaged Foods & Snacks,1,2026-08-22 20:45:04,FOOD PROCESSING,NON_SME
GOYALALUM,Goyal Aluminiums Limited,,EQ,Primary Aluminium,Primary Aluminium,1,2026-08-22 20:45:04,ALUMINIUM & COPPER,NON_SME
GPIL,Godawari Power And Ispat limited,,EQ,Secondary Steel & TMT Rebars,Secondary Steel & TMT Rebars,1,2026-08-22 20:45:04,STEEL,NON_SME
GPPL,Gujarat Pipavav Port Limited,,EQ,Commercial Ports & Terminals,Commercial Ports & Terminals,1,2026-08-22 20:45:04,SHIPBUILDING & PORTS,NON_SME
GPTHEALTH,GPT Healthcare Limited,,EQ,Finished Formulations,Finished Formulations,1,2026-08-22 20:45:04,PHARMACEUTICALS,NON_SME
GPTINFRA,GPT Infraprojects Limited,,EQ,Civil & Commercial Construction,Civil & Commercial Construction,1,2026-08-22 20:45:04,CONSTRUCTION & INFRASTRUCTURE,NON_SME
GRADIENTE,Gradiente Infotainment Limited,,EQ,Film Theatres & Broadcast Media,Film Theatres & Broadcast Media,1,2026-08-22 20:45:04,MEDIA & ENTERTAINMENT,NON_SME
GRANDOAK,Grand Oak Canyons Distillery Limited,,EQ,Sugar Refining & Bio-Ethanol,Sugar Refining & Bio-Ethanol,1,2026-08-22 20:45:04,SUGAR & BIO-ETHANOL,NON_SME
GRANULES,Granules India Limited,,EQ,Finished Formulations,Finished Formulations,1,2026-08-22 20:45:04,PHARMACEUTICALS,NON_SME
GRAPHITE,Graphite India Limited,,EQ,Metals & Fabrication,Metals & Fabrication,1,2026-08-22 20:45:04,METALS & FABRICATION,NON_SME
GRASIM,Grasim Industries Limited,,EQ,Integrated Grey Cement,Integrated Grey Cement,1,2026-08-22 20:45:04,CEMENT,NON_SME
GRAUWEIL,Grauer & Weil India Limited,,EQ,Specialty Chemicals,Specialty Chemicals,1,2026-08-22 20:45:04,CHEMICALS,NON_SME
GRAVISSHO,Graviss Hospitality Limited,,EQ,Hospitals & Healthcare Chains,Hospitals & Healthcare Chains,1,2026-08-22 20:45:04,HEALTHCARE SERVICES,NON_SME
GRAVITA,Gravita India Limited,,EQ,Zinc & Non-Ferrous Alloys,Zinc & Non-Ferrous Alloys,1,2026-08-22 20:45:04,METALS & FABRICATION,NON_SME
GREAVESCOT,Greaves Cotton Limited,,EQ,Electric Vehicles (EV),Electric Vehicles (EV),1,2026-08-22 20:45:04,AUTOMOBILE,NON_SME
GREENLAM,Greenlam Industries Limited,,EQ,Plywood & Laminates,Plywood & Laminates,1,2026-08-22 20:45:04,BUILDING MATERIALS,NON_SME
GREENPANEL,Greenpanel Industries Limited,,EQ,Plywood & Laminates,Plywood & Laminates,1,2026-08-22 20:45:04,BUILDING MATERIALS,NON_SME
GREENPLY,Greenply Industries Limited,,EQ,Plywood & Laminates,Plywood & Laminates,1,2026-08-22 20:45:04,BUILDING MATERIALS,NON_SME
GREENPOWER,Orient Green Power Company Limited,,EQ,Conventional Thermal & Fossil Power,Conventional Thermal & Fossil Power,1,2026-08-22 20:45:04,POWER,NON_SME
GRINDWELL,Grindwell Norton Limited,,EQ,Industrial Abrasives & Ceramics,Industrial Abrasives & Ceramics,1,2026-08-22 20:45:04,CAPITAL GOODS & MACHINERY,NON_SME
GRINFRA,G R Infraprojects Limited,,EQ,Civil & Commercial Construction,Civil & Commercial Construction,1,2026-08-22 20:45:04,CONSTRUCTION & INFRASTRUCTURE,NON_SME
GRMOVER,GRM Overseas Limited,,EQ,Packaged Foods & Snacks,Packaged Foods & Snacks,1,2026-08-22 20:45:04,FOOD PROCESSING,NON_SME
GROBTEA,The Grob Tea Company Limited,,EQ,Tea Plantations & Packaging,Tea Plantations & Packaging,1,2026-08-22 20:45:04,TEA & COFFEE,NON_SME
GROWW,Billionbrains Garage Ventures Limited,,EQ,Stockbroking & Wealth Management,Stockbroking & Wealth Management,1,2026-08-22 20:45:04,CAPITAL MARKETS,NON_SME
GRPLTD,GRP Limited,,EQ,Automotive Radials & Off-Highway Tyres,Automotive Radials & Off-Highway Tyres,1,2026-08-22 20:45:04,TYRES & RUBBER,NON_SME
GRSE,Garden Reach Shipbuilders & Engineers Limited,,EQ,Naval Warships & Submarines,Naval Warships & Submarines,1,2026-08-22 20:45:04,DEFENCE & AEROSPACE,NON_SME
GRWRHITECH,Garware Hi-Tech Films Limited,,EQ,Flexible Packaging Films,Flexible Packaging Films,1,2026-08-22 20:45:04,PAPER & PACKAGING,NON_SME
GSFC,Gujarat State Fertilizers & Chemicals Limited,,EQ,Fertilizers & Soil Nutrients,Fertilizers & Soil Nutrients,1,2026-08-22 20:45:04,FERTILIZERS,NON_SME
GSLSU,Global Surfaces Limited,,EQ,Ceramic Tiles & Sanitaryware,Ceramic Tiles & Sanitaryware,1,2026-08-22 20:45:04,BUILDING MATERIALS,NON_SME
GSPCROP,GSP Crop Science Limited,,EQ,Crop Protection Agrochemicals,Crop Protection Agrochemicals,1,2026-08-22 20:45:04,AGRICULTURE & AGROCHEMICALS,NON_SME
GSS,GSS Infotech Limited,,EQ,Mid-Tier IT & Digital Solutions,Mid-Tier IT & Digital Solutions,1,2026-08-22 20:45:04,IT SERVICES,NON_SME
GTECJAINX,G-TEC JAINX EDUCATION LIMITED,,BE,Education Academies & Publishing,Education Academies & Publishing,1,2026-08-22 20:45:04,EDUCATION & EDTECH,NON_SME
GTL,GTL Limited,,EQ,Optical Fiber & Telecom Infrastructure,Optical Fiber & Telecom Infrastructure,1,2026-08-22 20:45:04,TELECOM,NON_SME
GTLINFRA,GTL Infrastructure Limited,,EQ,Civil & Commercial Construction,Civil & Commercial Construction,1,2026-08-22 20:45:04,CONSTRUCTION & INFRASTRUCTURE,NON_SME
GTPL,GTPL Hathway Limited,,EQ,Television Broadcasting & OTT,Television Broadcasting & OTT,1,2026-08-22 20:45:04,MEDIA & ENTERTAINMENT,NON_SME
GUFICBIO,Gufic Biosciences Limited,,EQ,CDMO & Sterile Injectables,CDMO & Sterile Injectables,1,2026-08-22 20:45:04,PHARMACEUTICALS,NON_SME
GUJALKALI,Gujarat Alkalies and Chemicals Limited,,EQ,Industrial & Basic Chemicals,Industrial & Basic Chemicals,1,2026-08-22 20:45:04,CHEMICALS,NON_SME
GUJAPOLLO,Gujarat Apollo Industries Limited,,EQ,Material Handling & Cranes,Material Handling & Cranes,1,2026-08-22 20:45:04,CAPITAL GOODS & MACHINERY,NON_SME
GUJENERGY,GUJARAT ENERGY LIMITED,,EQ,Conventional Thermal & Fossil Power,Conventional Thermal & Fossil Power,1,2026-08-22 20:45:04,POWER,NON_SME
GUJRAFFIA,Gujarat Raffia Industries Limited,,EQ,Cotton Spinning & Yarns,Cotton Spinning & Yarns,1,2026-08-22 20:45:04,TEXTILES,NON_SME
GUJTHEM,Gujarat Themis Biosyn Limited,,EQ,API & Bulk Drugs,API & Bulk Drugs,1,2026-08-22 20:45:04,PHARMACEUTICALS,NON_SME
GULFOILLUB,Gulf Oil Lubricants India Limited,,EQ,Lubricants & Specialty Oils,Lubricants & Specialty Oils,1,2026-08-22 20:45:04,OIL & GAS,NON_SME
GULFPETRO,GP Petroleums Limited,,BE,Refining & Petrochemicals,Refining & Petrochemicals,1,2026-08-22 20:45:04,OIL & GAS,NON_SME
GULPOLY,Gulshan Polyols Limited,,EQ,Sugar Refining & Bio-Ethanol,Sugar Refining & Bio-Ethanol,1,2026-08-22 20:45:04,SUGAR & BIO-ETHANOL,NON_SME
GVKPIL,GVK Power & Infrastructure Limited,,BE,Conventional Thermal & Fossil Power,Conventional Thermal & Fossil Power,1,2026-08-22 20:45:04,POWER,NON_SME
GVPIL,GE Power India Limited,,EQ,Conventional Thermal & Fossil Power,Conventional Thermal & Fossil Power,1,2026-08-22 20:45:04,POWER,NON_SME
GVPTECH,GVP Infotech Limited,,EQ,Mid-Tier IT & Digital Solutions,Mid-Tier IT & Digital Solutions,1,2026-08-22 20:45:04,IT SERVICES,NON_SME
GVT&D,GE Vernova T&D India Limited,,EQ,Heavy Switchgear & Automation,Heavy Switchgear & Automation,1,2026-08-22 20:45:04,ELECTRICAL EQUIPMENT,NON_SME
GYFTR,Gyftr Limited,,EQ,Enterprise Software & SaaS,Enterprise Software & SaaS,1,2026-08-22 20:45:04,IT SERVICES,NON_SME
HAL,Hindustan Aeronautics Limited,,EQ,Aerospace & Fighter Aircraft,Aerospace & Fighter Aircraft,1,2026-08-22 20:45:04,DEFENCE & AEROSPACE,NON_SME
HALDER,Halder Venture Limited,,EQ,Aerospace & Fighter Aircraft,Aerospace & Fighter Aircraft,1,2026-08-22 20:45:04,DEFENCE & AEROSPACE,NON_SME
HALDYNGL,Haldyn Glass Limited,,BE,Architectural Glass & Windows,Architectural Glass & Windows,1,2026-08-22 20:45:04,BUILDING MATERIALS,NON_SME
HALEOSLABS,HALEOS LABS LIMITED,,EQ,Finished Formulations,Finished Formulations,1,2026-08-22 20:45:04,PHARMACEUTICALS,NON_SME
HAMPTON,Hampton Sky Realty Limited,,EQ,Residential Real Estate,Residential Real Estate,1,2026-08-22 20:45:04,REAL ESTATE,NON_SME
HAPPSTMNDS,Happiest Minds Technologies Limited,,EQ,Consumer Internet & Super Apps,Consumer Internet & Super Apps,1,2026-08-22 20:45:04,PROFESSIONAL & CONSUMER SERVICES,NON_SME
HAPPYFORGE,Happy Forgings Limited,,EQ,Secondary Steel & TMT Rebars,Secondary Steel & TMT Rebars,1,2026-08-22 20:45:04,STEEL,NON_SME
HARDWYN,Hardwyn India Limited,,EQ,Architectural Hardware & Fittings,Architectural Hardware & Fittings,1,2026-08-22 20:45:04,BUILDING MATERIALS,NON_SME
HARIOMPIPE,Hariom Pipe Industries Limited,,EQ,Steel Pipes & Tubes,Steel Pipes & Tubes,1,2026-08-22 20:45:04,STEEL,NON_SME
HARRMALAYA,Harrisons  Malayalam Limited,,EQ,Tea & Coffee Plantations,Tea & Coffee Plantations,1,2026-08-22 20:45:04,TEA & COFFEE,NON_SME
HARSHA,Harsha Engineers International Limited,,EQ,Precision Auto Engine Components,Precision Auto Engine Components,1,2026-08-22 20:45:04,AUTO ANCILLARIES,NON_SME
HATHWAY,Hathway Cable & Datacom Limited,,EQ,Wires & Cables,Wires & Cables,1,2026-08-22 20:45:04,CONSUMER ELECTRICALS,NON_SME
HATSUN,Hatsun Agro Product Limited,,EQ,Liquid Milk & Value-Added Dairy,Liquid Milk & Value-Added Dairy,1,2026-08-22 20:45:04,DAIRY & MILK PRODUCTS,NON_SME
HAVELLS,Havells India Limited,,EQ,Wires & Cables,Wires & Cables,1,2026-08-22 20:45:04,CONSUMER ELECTRICALS,NON_SME
HAVISHA,Sri Havisha Hospitality and Infrastructure Limited,,EQ,Hospitals & Healthcare Chains,Hospitals & Healthcare Chains,1,2026-08-22 20:45:04,HEALTHCARE SERVICES,NON_SME
HAWKINCOOK,Hawkins Cookers Limited,,EQ,Kitchen Homeware & Cookware,Kitchen Homeware & Cookware,1,2026-08-22 20:45:04,CONSUMER DURABLES,NON_SME
HAZOOR,Hazoor Multi Projects Limited,,EQ,Civil & Commercial Construction,Civil & Commercial Construction,1,2026-08-22 20:45:04,CONSTRUCTION & INFRASTRUCTURE,NON_SME
HBESD,HB Estate Developers Limited,,EQ,Precision Auto Engine Components,Precision Auto Engine Components,1,2026-08-22 20:45:04,AUTO ANCILLARIES,NON_SME
HBLENGINE,HBL Engineering Limited,,EQ,Precision Auto Engine Components,Precision Auto Engine Components,1,2026-08-22 20:45:04,AUTO ANCILLARIES,NON_SME
HBPOR,HB Portfolio Limited,,EQ,Commercial Ports & Terminals,Commercial Ports & Terminals,1,2026-08-22 20:45:04,SHIPBUILDING & PORTS,NON_SME
HBSL,HB Stockholdings Limited,,EQ,Diversified Consumer & MSME NBFC,Diversified Consumer & MSME NBFC,1,2026-08-22 20:45:04,FINANCE & NBFC,NON_SME
HCC,Hindustan Construction Company Limited,,EQ,Civil & Commercial Construction,Civil & Commercial Construction,1,2026-08-22 20:45:04,CONSTRUCTION & INFRASTRUCTURE,NON_SME
HCG,Healthcare Global Enterprises Limited,,EQ,Finished Formulations,Finished Formulations,1,2026-08-22 20:45:04,PHARMACEUTICALS,NON_SME
HCL-INSYS,HCL Infosystems Limited,,EQ,Mid-Tier IT & Digital Solutions,Mid-Tier IT & Digital Solutions,1,2026-08-22 20:45:04,IT SERVICES,NON_SME
HCLTECH,HCL Technologies Limited,,EQ,Mid-Tier IT & Digital Solutions,Mid-Tier IT & Digital Solutions,1,2026-08-22 20:45:04,IT SERVICES,NON_SME
HDBFS,HDB Financial Services Limited,,EQ,Diversified Consumer & MSME NBFC,Diversified Consumer & MSME NBFC,1,2026-08-22 20:45:04,FINANCE & NBFC,NON_SME
HDFCAMC,HDFC Asset Management Company Limited,,EQ,Mutual Fund Asset Managers (AMC),Mutual Fund Asset Managers (AMC),1,2026-08-22 20:45:04,CAPITAL MARKETS,NON_SME
HDFCBANK,HDFC Bank Limited,,EQ,Private Sector Banks,Private Sector Banks,1,2026-08-22 20:45:04,BANKING,NON_SME
HDFCLIFE,HDFC Life Insurance Company Limited,,EQ,Life Insurance,Life Insurance,1,2026-08-22 20:45:04,INSURANCE,NON_SME
HDIL,Housing Development and Infrastructure Limited,,BZ,Precision Auto Engine Components,Precision Auto Engine Components,1,2026-08-22 20:45:04,AUTO ANCILLARIES,NON_SME
HEADSUP,Heads UP Ventures Limited,,EQ,Diversified Consumer & MSME NBFC,Diversified Consumer & MSME NBFC,1,2026-08-22 20:45:04,FINANCE & NBFC,NON_SME
HEALTHX,Health X Platform Limited,,EQ,Finished Formulations,Finished Formulations,1,2026-08-22 20:45:04,PHARMACEUTICALS,NON_SME
HECPROJECT,HEC Infra Projects Limited,,EQ,Civil & Commercial Construction,Civil & Commercial Construction,1,2026-08-22 20:45:04,CONSTRUCTION & INFRASTRUCTURE,NON_SME
HEG,HEG Limited,,EQ,Metals & Fabrication,Metals & Fabrication,1,2026-08-22 20:45:04,METALS & FABRICATION,NON_SME
HEIDELBERG,HeidelbergCement India Limited,,EQ,Regional Cement & RMC,Regional Cement & RMC,1,2026-08-22 20:45:04,CEMENT,NON_SME
HEMIPROP,Hemisphere Properties India Limited,,EQ,Residential Real Estate,Residential Real Estate,1,2026-08-22 20:45:04,REAL ESTATE,NON_SME
HERANBA,Heranba Industries Limited,,EQ,Crop Protection Agrochemicals,Crop Protection Agrochemicals,1,2026-08-22 20:45:04,AGRICULTURE & AGROCHEMICALS,NON_SME
HERITGFOOD,Heritage Foods Limited,,EQ,Liquid Milk & Value-Added Dairy,Liquid Milk & Value-Added Dairy,1,2026-08-22 20:45:04,DAIRY & MILK PRODUCTS,NON_SME
HEROMOTOCO,Hero MotoCorp Limited,,EQ,Two & Three Wheelers,Two & Three Wheelers,1,2026-08-22 20:45:04,AUTOMOBILE,NON_SME
HESTERBIO,Hester Biosciences Limited,,EQ,Finished Formulations,Finished Formulations,1,2026-08-22 20:45:04,PHARMACEUTICALS,NON_SME
HEXAGON,Hexagon Nutrition Limited,,BE,Finished Formulations,Finished Formulations,1,2026-08-22 20:45:04,PHARMACEUTICALS,NON_SME
HEXATRADEX,Hexa Tradex Limited,,EQ,Secondary Steel & TMT Rebars,Secondary Steel & TMT Rebars,1,2026-08-22 20:45:04,STEEL,NON_SME
HEXT,Hexaware Technologies Limited,,EQ,Mid-Tier IT & Digital Solutions,Mid-Tier IT & Digital Solutions,1,2026-08-22 20:45:04,IT SERVICES,NON_SME
HFCL,HFCL Limited,,EQ,Optical Fiber & Telecom Infrastructure,Optical Fiber & Telecom Infrastructure,1,2026-08-22 20:45:04,TELECOM,NON_SME
HGINFRA,H.G. Infra Engineering Limited,,EQ,Precision Auto Engine Components,Precision Auto Engine Components,1,2026-08-22 20:45:04,AUTO ANCILLARIES,NON_SME
HGM,HandsOn Global Management (HGM) Limited,,EQ,Mid-Tier IT & Digital Solutions,Mid-Tier IT & Digital Solutions,1,2026-08-22 20:45:04,IT SERVICES,NON_SME
HGS,Hinduja Global Solutions Limited,,EQ,Mid-Tier IT & Digital Solutions,Mid-Tier IT & Digital Solutions,1,2026-08-22 20:45:04,IT SERVICES,NON_SME
HIKAL,Hikal Limited,,EQ,CDMO & Sterile Injectables,CDMO & Sterile Injectables,1,2026-08-22 20:45:04,PHARMACEUTICALS,NON_SME
HILINFRA,Highway Infrastructure Limited,,EQ,Roads & Highways EPC,Roads & Highways EPC,1,2026-08-22 20:45:04,CONSTRUCTION & INFRASTRUCTURE,NON_SME
HILTON,Hilton Metal Forging Limited,,BE,Secondary Steel & TMT Rebars,Secondary Steel & TMT Rebars,1,2026-08-22 20:45:04,STEEL,NON_SME
HIMATSEIDE,Himatsingka Seide Limited,,EQ,Home Textiles,Home Textiles,1,2026-08-22 20:45:04,TEXTILES,NON_SME
HINDADH,Hindustan Adhesives Limited,,EQ,Specialty Chemicals,Specialty Chemicals,1,2026-08-22 20:45:04,CHEMICALS,NON_SME
HINDALCO,Hindalco Industries Limited,,EQ,Primary Aluminium,Primary Aluminium,1,2026-08-22 20:45:04,ALUMINIUM & COPPER,NON_SME
HINDALUMI,Hind Aluminium Industries Limited,,EQ,Primary Aluminium,Primary Aluminium,1,2026-08-22 20:45:04,ALUMINIUM & COPPER,NON_SME
HINDCOMPOS,Hindustan Composites Limited,,EQ,Auto Transmission & Driveline,Auto Transmission & Driveline,1,2026-08-22 20:45:04,AUTO ANCILLARIES,NON_SME
HINDCON,Hindcon Chemicals Limited,,EQ,Industrial & Basic Chemicals,Industrial & Basic Chemicals,1,2026-08-22 20:45:04,CHEMICALS,NON_SME
HINDCOPPER,Hindustan Copper Limited,,EQ,Copper Mining & Smelting,Copper Mining & Smelting,1,2026-08-22 20:45:04,ALUMINIUM & COPPER,NON_SME
HINDOILEXP,Hindustan Oil Exploration Company Limited,,EQ,Oil & Gas Exploration (E&P),Oil & Gas Exploration (E&P),1,2026-08-22 20:45:04,OIL & GAS,NON_SME
HINDPETRO,Hindustan Petroleum Corporation Limited,,EQ,Refining & Petrochemicals,Refining & Petrochemicals,1,2026-08-22 20:45:04,OIL & GAS,NON_SME
HINDUNILVR,Hindustan Unilever Limited,,EQ,Precision Auto Engine Components,Precision Auto Engine Components,1,2026-08-22 20:45:04,AUTO ANCILLARIES,NON_SME
HINDWAREAP,Hindware Home Innovation Limited,,EQ,Kitchen Homeware & Cookware,Kitchen Homeware & Cookware,1,2026-08-22 20:45:04,CONSUMER DURABLES,NON_SME
HINDZINC,Hindustan Zinc Limited,,EQ,Zinc & Non-Ferrous Alloys,Zinc & Non-Ferrous Alloys,1,2026-08-22 20:45:04,ALUMINIUM & COPPER,NON_SME
HIRECT,Hirect Limited,,EQ,"Rolling Stock, Wagons & Vande Bharat Trainsets","Rolling Stock, Wagons & Vande Bharat Trainsets",1,2026-08-22 20:45:04,RAILWAYS,NON_SME
HISARMETAL,Hisar Metal Industries Limited,,EQ,Secondary Steel & TMT Rebars,Secondary Steel & TMT Rebars,1,2026-08-22 20:45:04,STEEL,NON_SME
HITECH,Hi-Tech Pipes Limited,,EQ,Steel Pipes & Tubes,Steel Pipes & Tubes,1,2026-08-22 20:45:04,STEEL,NON_SME
HITECHCORP,Hitech Corporation Limited,,BE,Mid-Tier IT & Digital Solutions,Mid-Tier IT & Digital Solutions,1,2026-08-22 20:45:04,IT SERVICES,NON_SME
HITECHGEAR,The Hi-Tech Gears Limited,,BE,Auto Transmission & Driveline,Auto Transmission & Driveline,1,2026-08-22 20:45:04,AUTO ANCILLARIES,NON_SME
HLEGLAS,HLE Glascoat Limited,,EQ,Heavy Process Plant Equipment,Heavy Process Plant Equipment,1,2026-08-22 20:45:04,CAPITAL GOODS & MACHINERY,NON_SME
HLVLTD,HLV LIMITED,,EQ,Luxury Hotels & Resorts,Luxury Hotels & Resorts,1,2026-08-22 20:45:04,HOTELS & HOSPITALITY,NON_SME
HMAAGRO,HMA Agro Industries Limited,,EQ,Packaged Foods & Snacks,Packaged Foods & Snacks,1,2026-08-22 20:45:04,FOOD PROCESSING,NON_SME
HMT,HMT Limited,,BZ,Precision Machine Tools & Fasteners,Precision Machine Tools & Fasteners,1,2026-08-22 20:45:04,CAPITAL GOODS & MACHINERY,NON_SME
HMVL,Hindustan Media Ventures Limited,,BE,Diversified Consumer & MSME NBFC,Diversified Consumer & MSME NBFC,1,2026-08-22 20:45:04,FINANCE & NBFC,NON_SME
HNDFDS,Hindustan Foods Limited,,EQ,Packaged Foods & Snacks,Packaged Foods & Snacks,1,2026-08-22 20:45:04,FOOD PROCESSING,NON_SME
HOMEFIRST,Home First Finance Company India Limited,,EQ,Housing Finance (HFC),Housing Finance (HFC),1,2026-08-22 20:45:04,FINANCE & NBFC,NON_SME
HONASA,Honasa Consumer Limited,,EQ,Ayurvedic & Herbal Care,Ayurvedic & Herbal Care,1,2026-08-22 20:45:04,FMCG & PERSONAL CARE,NON_SME
HONAUT,Honeywell Automation India Limited,,EQ,Precision Auto Engine Components,Precision Auto Engine Components,1,2026-08-22 20:45:04,AUTO ANCILLARIES,NON_SME
HONDAPOWER,Honda India Power Products Limited,,EQ,Conventional Thermal & Fossil Power,Conventional Thermal & Fossil Power,1,2026-08-22 20:45:04,POWER,NON_SME
HPAL,HP Adhesives Limited,,EQ,Specialty Chemicals,Specialty Chemicals,1,2026-08-22 20:45:04,CHEMICALS,NON_SME
HPIL,Hindprakash Industries Limited,,EQ,Pigments & Dyes,Pigments & Dyes,1,2026-08-22 20:45:04,CHEMICALS,NON_SME
HPL,HPL Electric & Power Limited,,EQ,Conventional Thermal & Fossil Power,Conventional Thermal & Fossil Power,1,2026-08-22 20:45:04,POWER,NON_SME
HRYNSHP,Hariyana Ship Breakers Limited,,EQ,Marine Offshore Vessels & Tugs,Marine Offshore Vessels & Tugs,1,2026-08-22 20:45:04,SHIPBUILDING & PORTS,NON_SME
HSCL,Himadri Speciality Chemical Limited,,EQ,Industrial & Basic Chemicals,Industrial & Basic Chemicals,1,2026-08-22 20:45:04,CHEMICALS,NON_SME
HTMEDIA,HT Media Limited,,EQ,Paperboard & Packaging Cartons,Paperboard & Packaging Cartons,1,2026-08-22 20:45:04,PAPER & PACKAGING,NON_SME
HUBTOWN,Hubtown Limited,,EQ,Residential Townships & Commercial REITs,Residential Townships & Commercial REITs,1,2026-08-22 20:45:04,REAL ESTATE,NON_SME
HUDCO,Housing & Urban Development Corporation Limited,,EQ,Housing Finance (HFC),Housing Finance (HFC),1,2026-08-22 20:45:04,FINANCE & NBFC,NON_SME
HUHTAMAKI,Huhtamaki India Limited,,EQ,Paperboard & Packaging Cartons,Paperboard & Packaging Cartons,1,2026-08-22 20:45:04,PAPER & PACKAGING,NON_SME
HYBRIDFIN,Hybrid Financial Services Limited,,BE,Diversified Consumer & MSME NBFC,Diversified Consumer & MSME NBFC,1,2026-08-22 20:45:04,FINANCE & NBFC,NON_SME
HYUNDAI,Hyundai Motor India Limited,,EQ,Precision Auto Engine Components,Precision Auto Engine Components,1,2026-08-22 20:45:04,AUTO ANCILLARIES,NON_SME
IBULLSLTD,Indiabulls Limited,,EQ,Diversified Consumer & MSME NBFC,Diversified Consumer & MSME NBFC,1,2026-08-22 20:45:04,FINANCE & NBFC,NON_SME
ICDSLTD,ICDS Limited,,EQ,Diversified Consumer & MSME NBFC,Diversified Consumer & MSME NBFC,1,2026-08-22 20:45:04,FINANCE & NBFC,NON_SME
ICEMAKE,Ice Make Refrigeration Limited,,EQ,Industrial Compressors & Pumps,Industrial Compressors & Pumps,1,2026-08-22 20:45:04,CAPITAL GOODS & MACHINERY,NON_SME
ICICIAMC,ICICI Prudential Asset Management Company Limited,,EQ,Mutual Fund Asset Managers (AMC),Mutual Fund Asset Managers (AMC),1,2026-08-22 20:45:04,CAPITAL MARKETS,NON_SME
ICICIBANK,ICICI Bank Limited,,EQ,Private Sector Banks,Private Sector Banks,1,2026-08-22 20:45:04,BANKING,NON_SME
ICICIGI,ICICI Lombard General Insurance Company Limited,,EQ,Life Insurance,Life Insurance,1,2026-08-22 20:45:04,INSURANCE,NON_SME
ICICIPRULI,ICICI Prudential Life Insurance Company Limited,,EQ,Life Insurance,Life Insurance,1,2026-08-22 20:45:04,INSURANCE,NON_SME
ICIL,Indo Count Industries Limited,,EQ,Home Textiles,Home Textiles,1,2026-08-22 20:45:04,TEXTILES,NON_SME
ICRA,ICRA Limited,,EQ,Credit Ratings & Risk Analytics,Credit Ratings & Risk Analytics,1,2026-08-22 20:45:04,CAPITAL MARKETS,NON_SME
IDBI,IDBI Bank Limited,,EQ,Private Sector Banks,Private Sector Banks,1,2026-08-22 20:45:04,BANKING,NON_SME
IDEA,Vodafone Idea Limited,,EQ,Telecom Cellular Operators,Telecom Cellular Operators,1,2026-08-22 20:45:04,TELECOM,NON_SME
IDEAFORGE,Ideaforge Technology Limited,,EQ,Aerospace & Fighter Aircraft,Aerospace & Fighter Aircraft,1,2026-08-22 20:45:04,DEFENCE & AEROSPACE,NON_SME
IDFCFIRSTB,IDFC First Bank Limited,,EQ,Private Sector Banks,Private Sector Banks,1,2026-08-22 20:45:04,BANKING,NON_SME
IEX,Indian Energy Exchange Limited,,EQ,Electricity & Power Exchanges,Electricity & Power Exchanges,1,2026-08-22 20:45:04,CAPITAL MARKETS,NON_SME
IFBAGRO,IFB Agro Industries Limited,,EQ,IMFL Spirits & Distilleries,IMFL Spirits & Distilleries,1,2026-08-22 20:45:04,BEVERAGES & DISTILLERIES,NON_SME
IFBIND,IFB Industries Limited,,EQ,Home Appliances (White Goods),Home Appliances (White Goods),1,2026-08-22 20:45:04,CONSUMER DURABLES,NON_SME
IFCI,IFCI Limited,,EQ,Corporate & Wholesale Finance,Corporate & Wholesale Finance,1,2026-08-22 20:45:04,FINANCE & NBFC,NON_SME
IFGLEXPOR,IFGL Refractories Limited,,EQ,Building Materials,Building Materials,1,2026-08-22 20:45:04,BUILDING MATERIALS,NON_SME
IGARASHI,Igarashi Motors India Limited,,EQ,Precision Auto Engine Components,Precision Auto Engine Components,1,2026-08-22 20:45:04,AUTO ANCILLARIES,NON_SME
IGCL,Indogulf Cropsciences Limited,,EQ,Crop Protection Agrochemicals,Crop Protection Agrochemicals,1,2026-08-22 20:45:04,AGRICULTURE & AGROCHEMICALS,NON_SME
IGIL,International Gemological Institute Limited,,EQ,General & Health Insurance,General & Health Insurance,1,2026-08-22 20:45:04,INSURANCE,NON_SME
IGL,Indraprastha Gas Limited,,EQ,Refining & Petrochemicals,Refining & Petrochemicals,1,2026-08-22 20:45:04,OIL & GAS,NON_SME
IGPL,IG Petrochemicals Limited,,EQ,Industrial & Basic Chemicals,Industrial & Basic Chemicals,1,2026-08-22 20:45:04,CHEMICALS,NON_SME
IIFL,IIFL Finance Limited,,EQ,Diversified Consumer & MSME NBFC,Diversified Consumer & MSME NBFC,1,2026-08-22 20:45:04,FINANCE & NBFC,NON_SME
IIFLCAPS,IIFL Capital Services Limited,,EQ,API & Bulk Drugs,API & Bulk Drugs,1,2026-08-22 20:45:04,PHARMACEUTICALS,NON_SME
IITL,Industrial Investment Trust Limited,,EQ,Diversified Consumer & MSME NBFC,Diversified Consumer & MSME NBFC,1,2026-08-22 20:45:04,FINANCE & NBFC,NON_SME
IKIO,IKIO Technologies Limited,,EQ,Fast Moving Electrical Goods (FMEG),Fast Moving Electrical Goods (FMEG),1,2026-08-22 20:45:04,CONSUMER ELECTRICALS,NON_SME
IKS,Inventurus Knowledge Solutions Limited,,EQ,Mid-Tier IT & Digital Solutions,Mid-Tier IT & Digital Solutions,1,2026-08-22 20:45:04,IT SERVICES,NON_SME
IL&FSENGG,IL&FS Engineering and Construction Company Limited,,BZ,Precision Auto Engine Components,Precision Auto Engine Components,1,2026-08-22 20:45:04,AUTO ANCILLARIES,NON_SME
IL&FSTRANS,IL&FS Transportation Networks Limited,,BZ,Commercial Ports & Terminals,Commercial Ports & Terminals,1,2026-08-22 20:45:04,SHIPBUILDING & PORTS,NON_SME
IMAGICAA,Imagicaaworld Entertainment Limited,,EQ,Paperboard & Packaging Cartons,Paperboard & Packaging Cartons,1,2026-08-22 20:45:04,PAPER & PACKAGING,NON_SME
IMFA,Indian Metals & Ferro Alloys Limited,,EQ,Ferro Alloys & Secondary Metals,Ferro Alloys & Secondary Metals,1,2026-08-22 20:45:04,METALS & FABRICATION,NON_SME
IMPAL,India Motor Parts and Accessories Limited,,EQ,Precision Auto Engine Components,Precision Auto Engine Components,1,2026-08-22 20:45:04,AUTO ANCILLARIES,NON_SME
IMPEXFERRO,Impex Ferro Tech Limited,,BZ,Mid-Tier IT & Digital Solutions,Mid-Tier IT & Digital Solutions,1,2026-08-22 20:45:04,IT SERVICES,NON_SME
INA,Insolation Energy Limited,,EQ,Conventional Thermal & Fossil Power,Conventional Thermal & Fossil Power,1,2026-08-22 20:45:04,POWER,NON_SME
INCREDIBLE,INCREDIBLE INDUSTRIES LIMITED,,EQ,Secondary Steel & TMT Rebars,Secondary Steel & TMT Rebars,1,2026-08-22 20:45:04,STEEL,NON_SME
INDBANK,Indbank Merchant Banking Services Limited,,EQ,Private Sector Banks,Private Sector Banks,1,2026-08-22 20:45:04,BANKING,NON_SME
INDGN,Indegene Limited,,EQ,Healthcare & Life Sciences Tech,Healthcare & Life Sciences Tech,1,2026-08-22 20:45:04,IT SERVICES,NON_SME
INDHOTEL,The Indian Hotels Company Limited,,EQ,Luxury Hotels & Resorts,Luxury Hotels & Resorts,1,2026-08-22 20:45:04,HOTELS & HOSPITALITY,NON_SME
INDIACEM,The India Cements Limited,,EQ,Regional Cement & RMC,Regional Cement & RMC,1,2026-08-22 20:45:04,CEMENT,NON_SME
INDIAGLYCO,India Glycols Limited,,EQ,Specialty Chemicals,Specialty Chemicals,1,2026-08-22 20:45:04,CHEMICALS,NON_SME
INDIAMART,Indiamart Intermesh Limited,,EQ,Grocery & Departmental Stores,Grocery & Departmental Stores,1,2026-08-22 20:45:04,RETAIL,NON_SME
INDIANB,Indian Bank,,EQ,Private Sector Banks,Private Sector Banks,1,2026-08-22 20:45:04,BANKING,NON_SME
INDIANCARD,Indian Card Clothing Company Limited,,EQ,Garments & Apparel Exports,Garments & Apparel Exports,1,2026-08-22 20:45:04,TEXTILES,NON_SME
INDIANHUME,Indian Hume Pipe Company Limited,,EQ,Heavy Infrastructure EPC,Heavy Infrastructure EPC,1,2026-08-22 20:45:04,CONSTRUCTION & INFRASTRUCTURE,NON_SME
INDIASHLTR,India Shelter Finance Corporation Limited,,EQ,Diversified Consumer & MSME NBFC,Diversified Consumer & MSME NBFC,1,2026-08-22 20:45:04,FINANCE & NBFC,NON_SME
INDIGO,InterGlobe Aviation Limited,,EQ,Passenger Airlines,Passenger Airlines,1,2026-08-22 20:45:04,AVIATION,NON_SME
INDIGOPNTS,Indigo Paints Limited,,EQ,Decorative Paints,Decorative Paints,1,2026-08-22 20:45:04,PAINTS & COATINGS,NON_SME
INDIQUBE,Indiqube Spaces Limited,,EQ,Residential Townships & Commercial REITs,Residential Townships & Commercial REITs,1,2026-08-22 20:45:04,REAL ESTATE,NON_SME
INDNIPPON,India Nippon Electricals Limited,,EQ,Conventional Thermal & Fossil Power,Conventional Thermal & Fossil Power,1,2026-08-22 20:45:04,POWER,NON_SME
INDOAMIN,Indo Amines Limited,,BE,Industrial & Basic Chemicals,Industrial & Basic Chemicals,1,2026-08-22 20:45:04,CHEMICALS,NON_SME
INDOBORAX,Indo Borax & Chemicals Limited,,EQ,Industrial & Basic Chemicals,Industrial & Basic Chemicals,1,2026-08-22 20:45:04,CHEMICALS,NON_SME
INDOCO,Indoco Remedies Limited,,EQ,Finished Formulations,Finished Formulations,1,2026-08-22 20:45:04,PHARMACEUTICALS,NON_SME
INDOFARM,Indo Farm Equipment Limited,,EQ,Heavy Process Equipment & Machinery,Heavy Process Equipment & Machinery,1,2026-08-22 20:45:04,CAPITAL GOODS & MACHINERY,NON_SME
INDOKEM,Indokem Limited,,EQ,Pigments & Dyes,Pigments & Dyes,1,2026-08-22 20:45:04,CHEMICALS,NON_SME
INDOMIM,INDO-MIM Limited,,EQ,Precision Machine Tools & Fasteners,Precision Machine Tools & Fasteners,1,2026-08-22 20:45:04,CAPITAL GOODS & MACHINERY,NON_SME
INDORAMA,Indo Rama Synthetics (India) Limited,,EQ,Cotton Spinning & Yarns,Cotton Spinning & Yarns,1,2026-08-22 20:45:04,TEXTILES,NON_SME
INDOSTAR,IndoStar Capital Finance Limited,,EQ,API & Bulk Drugs,API & Bulk Drugs,1,2026-08-22 20:45:04,PHARMACEUTICALS,NON_SME
INDOTECH,Indo Tech Transformers Limited,,EQ,Power & Distribution Transformers,Power & Distribution Transformers,1,2026-08-22 20:45:04,ELECTRICAL EQUIPMENT,NON_SME
INDOTHAI,Indo Thai Securities Limited,,EQ,Stockbroking & Wealth Management,Stockbroking & Wealth Management,1,2026-08-22 20:45:04,CAPITAL MARKETS,NON_SME
INDOUS,Indo Us Biotech Limited,,EQ,Biopharma & Biosimilars,Biopharma & Biosimilars,1,2026-08-22 20:45:04,PHARMACEUTICALS,NON_SME
INDOWIND,Indowind Energy Limited,,EQ,Wind Turbines & Wind Energy,Wind Turbines & Wind Energy,1,2026-08-22 20:45:04,RENEWABLE ENERGY,NON_SME
INDPRUD,Industrial & Prudential Investment Company Limited,,EQ,Diversified Consumer & MSME NBFC,Diversified Consumer & MSME NBFC,1,2026-08-22 20:45:04,FINANCE & NBFC,NON_SME
INDRAMEDCO,Indraprastha Medical Corporation Limited,,EQ,Finished Formulations,Finished Formulations,1,2026-08-22 20:45:04,PHARMACEUTICALS,NON_SME
INDSWFTLAB,Ind-Swift Laboratories Limited,,EQ,Finished Formulations,Finished Formulations,1,2026-08-22 20:45:04,PHARMACEUTICALS,NON_SME
INDTERRAIN,Indian Terrain Fashions Limited,,EQ,Garments & Apparel Exports,Garments & Apparel Exports,1,2026-08-22 20:45:04,TEXTILES,NON_SME
INDUSINDBK,IndusInd Bank Limited,,EQ,Private Sector Banks,Private Sector Banks,1,2026-08-22 20:45:04,BANKING,NON_SME
INDUSTOWER,Indus Towers Limited,,EQ,Optical Fiber & Telecom Infrastructure,Optical Fiber & Telecom Infrastructure,1,2026-08-22 20:45:04,TELECOM,NON_SME
INFOBEAN,InfoBeans Technologies Limited,,EQ,Mid-Tier IT & Digital Solutions,Mid-Tier IT & Digital Solutions,1,2026-08-22 20:45:04,IT SERVICES,NON_SME
INFOMEDIA,Infomedia Press Limited,,EQ,Paperboard & Packaging Cartons,Paperboard & Packaging Cartons,1,2026-08-22 20:45:04,PAPER & PACKAGING,NON_SME
INFY,Infosys Limited,,EQ,Tier-1 IT Services,Tier-1 IT Services,1,2026-08-22 20:45:04,IT SERVICES,NON_SME
INGERRAND,Ingersoll Rand (India) Limited,,EQ,Industrial Compressors & Pumps,Industrial Compressors & Pumps,1,2026-08-22 20:45:04,CAPITAL GOODS & MACHINERY,NON_SME
INNOVACAP,Innova Captab Limited,,EQ,Finished Formulations,Finished Formulations,1,2026-08-22 20:45:04,PHARMACEUTICALS,NON_SME
INNOVANA,Innovana Thinklabs Limited,,EQ,Finished Formulations,Finished Formulations,1,2026-08-22 20:45:04,PHARMACEUTICALS,NON_SME
INNOVISION,Innovision Limited,,EQ,Staffing & Workforce Security,Staffing & Workforce Security,1,2026-08-22 20:45:04,SERVICES & MEDIA,NON_SME
INOXGREEN,Inox Green Energy Services Limited,,EQ,Green Energy Generation (IPP),Green Energy Generation (IPP),1,2026-08-22 20:45:04,RENEWABLE ENERGY,NON_SME
INOXINDIA,INOX India Limited,,EQ,Film Multiplex Theatres,Film Multiplex Theatres,1,2026-08-22 20:45:04,MEDIA & ENTERTAINMENT,NON_SME
INOXWIND,Inox Wind Limited,,EQ,Wind Turbines & Wind Energy,Wind Turbines & Wind Energy,1,2026-08-22 20:45:04,RENEWABLE ENERGY,NON_SME
INSECTICID,Insecticides (India) Limited,,EQ,Crop Protection Formulations,Crop Protection Formulations,1,2026-08-22 20:45:04,AGRICULTURE & AGROCHEMICALS,NON_SME
INSPIRISYS,Inspirisys Solutions Limited,,BE,Mid-Tier IT & Digital Solutions,Mid-Tier IT & Digital Solutions,1,2026-08-22 20:45:04,IT SERVICES,NON_SME
INTELLECT,Intellect Design Arena Limited,,EQ,Financial Software & SaaS,Financial Software & SaaS,1,2026-08-22 20:45:04,IT SERVICES,NON_SME
INTENTECH,Intense Technologies Limited,,EQ,Mid-Tier IT & Digital Solutions,Mid-Tier IT & Digital Solutions,1,2026-08-22 20:45:04,IT SERVICES,NON_SME
INTERARCH,Interarch Building Solutions Limited,,EQ,Pre-Engineered Steel Buildings,Pre-Engineered Steel Buildings,1,2026-08-22 20:45:04,BUILDING MATERIALS,NON_SME
INTLCONV,International Conveyors Limited,,EQ,Material Handling & Cranes,Material Handling & Cranes,1,2026-08-22 20:45:04,CAPITAL GOODS & MACHINERY,NON_SME
INVENTURE,Inventure Growth & Securities Limited,,EQ,Stockbroking & Wealth Management,Stockbroking & Wealth Management,1,2026-08-22 20:45:04,CAPITAL MARKETS,NON_SME
INVPRECQ,Investment & Precision Castings Limited,,BE,Diversified Consumer & MSME NBFC,Diversified Consumer & MSME NBFC,1,2026-08-22 20:45:04,FINANCE & NBFC,NON_SME
IOB,Indian Overseas Bank,,EQ,Public Sector Banks (PSU),Public Sector Banks (PSU),1,2026-08-22 20:45:04,BANKING,NON_SME
IOC,Indian Oil Corporation Limited,,EQ,Refining & Petrochemicals,Refining & Petrochemicals,1,2026-08-22 20:45:04,OIL & GAS,NON_SME
IOLCP,IOL Chemicals and Pharmaceuticals Limited,,EQ,Finished Formulations,Finished Formulations,1,2026-08-22 20:45:04,PHARMACEUTICALS,NON_SME
IONEXCHANG,ION Exchange (India) Limited,,EQ,"Industrial Effluent, Desalination & ZLD","Industrial Effluent, Desalination & ZLD",1,2026-08-22 20:45:04,WATER TREATMENT,NON_SME
IPCALAB,IPCA Laboratories Limited,,EQ,Finished Formulations,Finished Formulations,1,2026-08-22 20:45:04,PHARMACEUTICALS,NON_SME
IPL,India Pesticides Limited,,EQ,Crop Protection Formulations,Crop Protection Formulations,1,2026-08-22 20:45:04,AGRICULTURE & AGROCHEMICALS,NON_SME
IPRINGLTD,IP Rings Limited,,EQ,Precision Powertrain Engine Components,Precision Powertrain Engine Components,1,2026-08-22 20:45:04,AUTO ANCILLARIES,NON_SME
IRB,IRB Infrastructure Developers Limited,,EQ,Precision Auto Engine Components,Precision Auto Engine Components,1,2026-08-22 20:45:04,AUTO ANCILLARIES,NON_SME
IRCON,Ircon International Limited,,EQ,Railway Signaling & Track EPC,Railway Signaling & Track EPC,1,2026-08-22 20:45:04,RAILWAYS,NON_SME
IRCTC,Indian Railway Catering And Tourism Corporation Limited,,EQ,Railway Ticketing & Catering,Railway Ticketing & Catering,1,2026-08-22 20:45:04,ONLINE TICKETING & TRAVEL,NON_SME
IREDA,Indian Renewable Energy Development Agency Limited,,EQ,Green Energy Generation (IPP),Green Energy Generation (IPP),1,2026-08-22 20:45:04,RENEWABLE ENERGY,NON_SME
IRFC,Indian Railway Finance Corporation Limited,,EQ,Railway Lease Financing,Railway Lease Financing,1,2026-08-22 20:45:04,RAILWAYS,NON_SME
IRIS,IRIS RegTech Solutions Limited,,EQ,Mid-Tier IT & Digital Solutions,Mid-Tier IT & Digital Solutions,1,2026-08-22 20:45:04,IT SERVICES,NON_SME
IRISDOREME,Iris Clothings Limited,,EQ,Garments & Apparel Exports,Garments & Apparel Exports,1,2026-08-22 20:45:04,TEXTILES,NON_SME
IRMENERGY,IRM Energy Limited,,EQ,Conventional Thermal & Fossil Power,Conventional Thermal & Fossil Power,1,2026-08-22 20:45:04,POWER,NON_SME
ISFT,Intrasoft Technologies Limited,,EQ,Mid-Tier IT & Digital Solutions,Mid-Tier IT & Digital Solutions,1,2026-08-22 20:45:04,IT SERVICES,NON_SME
ISGEC,Isgec Heavy Engineering Limited,,EQ,Precision Auto Engine Components,Precision Auto Engine Components,1,2026-08-22 20:45:04,AUTO ANCILLARIES,NON_SME
ISHANCH,Ishan Dyes and Chemicals Limited,,EQ,Pigments & Dyes,Pigments & Dyes,1,2026-08-22 20:45:04,CHEMICALS,NON_SME
ISTLTD,I S T Limited,,EQ,Precision Powertrain Engine Components,Precision Powertrain Engine Components,1,2026-08-22 20:45:04,AUTO ANCILLARIES,NON_SME
ITC,ITC Limited,,EQ,Tobacco Products,Tobacco Products,1,2026-08-22 20:45:04,FMCG & PERSONAL CARE,NON_SME
ITCHOTELS,ITC Hotels Limited,,EQ,Luxury Hotels & Resorts,Luxury Hotels & Resorts,1,2026-08-22 20:45:04,HOTELS & HOSPITALITY,NON_SME
ITDC,India Tourism Development Corporation Limited,,EQ,Precision Auto Engine Components,Precision Auto Engine Components,1,2026-08-22 20:45:04,AUTO ANCILLARIES,NON_SME
ITI,ITI Limited,,EQ,Optical Fiber & Telecom Infrastructure,Optical Fiber & Telecom Infrastructure,1,2026-08-22 20:45:04,TELECOM,NON_SME
ITL,ITL Industries Limited,,EQ,Precision Machine Tools & Fasteners,Precision Machine Tools & Fasteners,1,2026-08-22 20:45:04,CAPITAL GOODS & MACHINERY,NON_SME
IVALUE,Ivalue Infosolutions Limited,,EQ,IT Distribution & Enterprise Infra,IT Distribution & Enterprise Infra,1,2026-08-22 20:45:04,IT SERVICES,NON_SME
IVC,IL&FS Investment Managers Limited,,EQ,Diversified Consumer & MSME NBFC,Diversified Consumer & MSME NBFC,1,2026-08-22 20:45:04,FINANCE & NBFC,NON_SME
IVP,IVP Limited,,BE,Specialty Chemicals,Specialty Chemicals,1,2026-08-22 20:45:04,CHEMICALS,NON_SME
IWP,The Indian Wood Products Company Limited,,EQ,Civil & Commercial Construction,Civil & Commercial Construction,1,2026-08-22 20:45:04,CONSTRUCTION & INFRASTRUCTURE,NON_SME
IXIGO,Le Travenues Technology Limited,,EQ,Online Travel Agency (OTA) & Flight Booking,Online Travel Agency (OTA) & Flight Booking,1,2026-08-22 20:45:04,ONLINE TICKETING & TRAVEL,NON_SME
IZMO,IZMO Limited,,EQ,Mid-Tier IT & Digital Solutions,Mid-Tier IT & Digital Solutions,1,2026-08-22 20:45:04,IT SERVICES,NON_SME
J&KBANK,The Jammu & Kashmir Bank Limited,,EQ,Private Sector Banks,Private Sector Banks,1,2026-08-22 20:45:04,BANKING,NON_SME
JAGRAN,Jagran Prakashan Limited,,EQ,Print Media & Publishing,Print Media & Publishing,1,2026-08-22 20:45:04,MEDIA & ENTERTAINMENT,NON_SME
JAGSNPHARM,Jagsonpal Pharmaceuticals Limited,,EQ,Finished Formulations,Finished Formulations,1,2026-08-22 20:45:04,PHARMACEUTICALS,NON_SME
JAIBALAJI,Jai Balaji Industries Limited,,EQ,Secondary Steel & TMT Rebars,Secondary Steel & TMT Rebars,1,2026-08-22 20:45:04,STEEL,NON_SME
JAICORPLTD,Jai Corp Limited,,EQ,Industrial Parks & Special Economic Zones,Industrial Parks & Special Economic Zones,1,2026-08-22 20:45:04,REAL ESTATE,NON_SME
JAINREC,Jain Resource Recycling Limited,,EQ,Zinc & Non-Ferrous Alloys,Zinc & Non-Ferrous Alloys,1,2026-08-22 20:45:04,METALS & FABRICATION,NON_SME
JAIPURKURT,Nandani Creation Limited,,EQ,Garments & Apparel Exports,Garments & Apparel Exports,1,2026-08-22 20:45:04,TEXTILES,NON_SME
JAMNAAUTO,Jamna Auto Industries Limited,,EQ,Precision Auto Engine Components,Precision Auto Engine Components,1,2026-08-22 20:45:04,AUTO ANCILLARIES,NON_SME
JARO,Jaro Institute of Technology Management and Research Limited,,EQ,Higher Education & Online Learning,Higher Education & Online Learning,1,2026-08-22 20:45:04,EDUCATION & EDTECH,NON_SME
JASH,Jash Engineering Limited,,EQ,Precision Auto Engine Components,Precision Auto Engine Components,1,2026-08-22 20:45:04,AUTO ANCILLARIES,NON_SME
JAYAGROGN,Jayant Agro Organics Limited,,EQ,Specialty Chemicals,Specialty Chemicals,1,2026-08-22 20:45:04,CHEMICALS,NON_SME
JAYBARMARU,Jay Bharat Maruti Limited,,EQ,Stampings & Pressed Metal Auto Parts,Stampings & Pressed Metal Auto Parts,1,2026-08-22 20:45:04,AUTO ANCILLARIES,NON_SME
JAYKAY,Jaykay Enterprises Limited,,EQ,Residential Townships & Commercial REITs,Residential Townships & Commercial REITs,1,2026-08-22 20:45:04,REAL ESTATE,NON_SME
JAYNECOIND,Jayaswal Neco Industries Limited,,EQ,Secondary Steel & TMT Rebars,Secondary Steel & TMT Rebars,1,2026-08-22 20:45:04,STEEL,NON_SME
JAYSREETEA,Jayshree Tea & Industries Limited,,EQ,Tea Plantations & Packaging,Tea Plantations & Packaging,1,2026-08-22 20:45:04,TEA & COFFEE,NON_SME
JBMA,JBM Auto Limited,,EQ,Precision Auto Engine Components,Precision Auto Engine Components,1,2026-08-22 20:45:04,AUTO ANCILLARIES,NON_SME
JENBURPH,Jenburkt Pharmaceuticals Limited,,EQ,Finished Formulations,Finished Formulations,1,2026-08-22 20:45:04,PHARMACEUTICALS,NON_SME
JETFREIGHT,Jet Freight Logistics Limited,,EQ,Freight Forwarding & Multi-Modal Cargo,Freight Forwarding & Multi-Modal Cargo,1,2026-08-22 20:45:04,LOGISTICS & SUPPLY CHAIN,NON_SME
JGCHEM,J.G.Chemicals Limited,,EQ,Industrial & Basic Chemicals,Industrial & Basic Chemicals,1,2026-08-22 20:45:04,CHEMICALS,NON_SME
JHS,JHS Svendgaard Laboratories Limited,,EQ,Finished Formulations,Finished Formulations,1,2026-08-22 20:45:04,PHARMACEUTICALS,NON_SME
JINDALPHOT,Jindal Photo Limited,,EQ,Specialty Chemicals,Specialty Chemicals,1,2026-08-22 20:45:04,CHEMICALS,NON_SME
JINDALPOLY,Jindal Poly Films Limited,,EQ,Music Labels & VFX Studios,Music Labels & VFX Studios,1,2026-08-22 20:45:04,MEDIA & ENTERTAINMENT,NON_SME
JINDALSAW,Jindal Saw Limited,,EQ,Steel Pipes & Tubes,Steel Pipes & Tubes,1,2026-08-22 20:45:04,STEEL,NON_SME
JINDALSTEL,JINDAL STEEL LIMITED,,EQ,Secondary Steel & TMT Rebars,Secondary Steel & TMT Rebars,1,2026-08-22 20:45:04,STEEL,NON_SME
JINDRILL,Jindal Drilling And Industries Limited,,EQ,Oil & Gas Exploration (E&P),Oil & Gas Exploration (E&P),1,2026-08-22 20:45:04,OIL & GAS,NON_SME
JINDWORLD,Jindal Worldwide Limited,,EQ,Garments & Apparel Exports,Garments & Apparel Exports,1,2026-08-22 20:45:04,TEXTILES,NON_SME
JIOFIN,Jio Financial Services Limited,,EQ,Diversified Consumer & MSME NBFC,Diversified Consumer & MSME NBFC,1,2026-08-22 20:45:04,FINANCE & NBFC,NON_SME
JISLDVREQS,Jain Irrigation Systems Limited,,EQ,Micro-Irrigation & Agri-Plastics,Micro-Irrigation & Agri-Plastics,1,2026-08-22 20:45:04,AGRICULTURE & AGROCHEMICALS,NON_SME
JISLJALEQS,Jain Irrigation Systems Limited,,EQ,Micro-Irrigation & Agri-Plastics,Micro-Irrigation & Agri-Plastics,1,2026-08-22 20:45:04,AGRICULTURE & AGROCHEMICALS,NON_SME
JITFINFRA,JITF Infralogistics Limited,,EQ,Civil & Commercial Construction,Civil & Commercial Construction,1,2026-08-22 20:45:04,CONSTRUCTION & INFRASTRUCTURE,NON_SME
JKCEMENT,JK Cement Limited,,EQ,Regional Cement & RMC,Regional Cement & RMC,1,2026-08-22 20:45:04,CEMENT,NON_SME
JKIL,J.Kumar Infraprojects Limited,,EQ,Civil & Commercial Construction,Civil & Commercial Construction,1,2026-08-22 20:45:04,CONSTRUCTION & INFRASTRUCTURE,NON_SME
JKIPL,Jinkushal Industries Limited,,EQ,Aerospace & Fighter Aircraft,Aerospace & Fighter Aircraft,1,2026-08-22 20:45:04,DEFENCE & AEROSPACE,NON_SME
JKLAKSHMI,JK Lakshmi Cement Limited,,EQ,Regional Cement & RMC,Regional Cement & RMC,1,2026-08-22 20:45:04,CEMENT,NON_SME
JKPAPER,JK Paper Limited,,EQ,Paperboard & Packaging Cartons,Paperboard & Packaging Cartons,1,2026-08-22 20:45:04,PAPER & PACKAGING,NON_SME
JKTYRE,JK Tyre & Industries Limited,,EQ,Automotive Radial Tyres,Automotive Radial Tyres,1,2026-08-22 20:45:04,TYRES & RUBBER,NON_SME
JLHL,Jupiter Life Line Hospitals Limited,,EQ,Hospitals & Healthcare Chains,Hospitals & Healthcare Chains,1,2026-08-22 20:45:04,HEALTHCARE SERVICES,NON_SME
JMA,Jullundur Motor Agency (Delhi) Limited,,EQ,Precision Auto Engine Components,Precision Auto Engine Components,1,2026-08-22 20:45:04,AUTO ANCILLARIES,NON_SME
JMFINANCIL,JM Financial Limited,,EQ,Diversified Consumer & MSME NBFC,Diversified Consumer & MSME NBFC,1,2026-08-22 20:45:04,FINANCE & NBFC,NON_SME
JNKINDIA,JNK India Limited,,EQ,Heavy Process Plant Equipment,Heavy Process Plant Equipment,1,2026-08-22 20:45:04,CAPITAL GOODS & MACHINERY,NON_SME
JNPR,Juniper Green Energy Limited,,EQ,Green Energy Generation (IPP),Green Energy Generation (IPP),1,2026-08-22 20:45:04,RENEWABLE ENERGY,NON_SME
JOCIL,Jocil Limited,,BE,Specialty Chemicals,Specialty Chemicals,1,2026-08-22 20:45:04,CHEMICALS,NON_SME
JPOLYINVST,Jindal Poly Investment and Finance Company Limited,,EQ,Diversified Consumer & MSME NBFC,Diversified Consumer & MSME NBFC,1,2026-08-22 20:45:04,FINANCE & NBFC,NON_SME
JPPOWER,Jaiprakash Power Ventures Limited,,EQ,Diversified Consumer & MSME NBFC,Diversified Consumer & MSME NBFC,1,2026-08-22 20:45:04,FINANCE & NBFC,NON_SME
JSFB,Jana Small Finance Bank Limited,,EQ,Diversified Consumer & MSME NBFC,Diversified Consumer & MSME NBFC,1,2026-08-22 20:45:04,FINANCE & NBFC,NON_SME
JSL,Jindal Stainless Limited,,EQ,Stainless Steel & Special Alloys,Stainless Steel & Special Alloys,1,2026-08-22 20:45:04,STEEL,NON_SME
JSLL,Jeena Sikho Lifecare Limited,,EQ,Precision Auto Engine Components,Precision Auto Engine Components,1,2026-08-22 20:45:04,AUTO ANCILLARIES,NON_SME
JSWCEMENT,JSW Cement Limited,,EQ,Regional Cement & RMC,Regional Cement & RMC,1,2026-08-22 20:45:04,CEMENT,NON_SME
JSWDULUX,JSW Dulux Limited,,EQ,Decorative Paints,Decorative Paints,1,2026-08-22 20:45:04,PAINTS & COATINGS,NON_SME
JSWENERGY,JSW Energy Limited,,EQ,Conventional Thermal & Fossil Power,Conventional Thermal & Fossil Power,1,2026-08-22 20:45:04,POWER,NON_SME
JSWHL,JSW Holdings Limited,,EQ,Diversified Consumer & MSME NBFC,Diversified Consumer & MSME NBFC,1,2026-08-22 20:45:04,FINANCE & NBFC,NON_SME
JSWINFRA,JSW Infrastructure Limited,,EQ,Civil & Commercial Construction,Civil & Commercial Construction,1,2026-08-22 20:45:04,CONSTRUCTION & INFRASTRUCTURE,NON_SME
JSWSTEEL,JSW Steel Limited,,EQ,Secondary Steel & TMT Rebars,Secondary Steel & TMT Rebars,1,2026-08-22 20:45:04,STEEL,NON_SME
JTEKTINDIA,Jtekt India Limited,,EQ,Precision Bearings & Motion Controls,Precision Bearings & Motion Controls,1,2026-08-22 20:45:04,AUTO ANCILLARIES,NON_SME
JTLIND,JTL INDUSTRIES LIMITED,,EQ,Steel Pipes & Tubes,Steel Pipes & Tubes,1,2026-08-22 20:45:04,STEEL,NON_SME
JUBLCPL,Jubilant Agri and Consumer Products Limited,,EQ,Specialty Chemicals,Specialty Chemicals,1,2026-08-22 20:45:04,CHEMICALS,NON_SME
JUBLFOOD,Jubilant Foodworks Limited,,EQ,Packaged Foods & Snacks,Packaged Foods & Snacks,1,2026-08-22 20:45:04,FOOD PROCESSING,NON_SME
JUBLINGREA,Jubilant Ingrevia Limited,,EQ,Precision Auto Engine Components,Precision Auto Engine Components,1,2026-08-22 20:45:04,AUTO ANCILLARIES,NON_SME
JUBLPHARMA,Jubilant Pharmova Limited,,EQ,Finished Formulations,Finished Formulations,1,2026-08-22 20:45:04,PHARMACEUTICALS,NON_SME
JUNIPER,Juniper Hotels Limited,,EQ,Luxury Hotels & Resorts,Luxury Hotels & Resorts,1,2026-08-22 20:45:04,HOTELS & HOSPITALITY,NON_SME
JUSTDIAL,Just Dial Limited,,EQ,Consumer Internet Platforms & Apps,Consumer Internet Platforms & Apps,1,2026-08-22 20:45:04,SERVICES & MEDIA,NON_SME
JWL,Jupiter Wagons Limited,,EQ,"Rolling Stock, Wagons & Vande Bharat Trainsets","Rolling Stock, Wagons & Vande Bharat Trainsets",1,2026-08-22 20:45:04,RAILWAYS,NON_SME
JYOTHYLAB,Jyothy Labs Limited,,EQ,Finished Formulations,Finished Formulations,1,2026-08-22 20:45:04,PHARMACEUTICALS,NON_SME
JYOTICNC,Jyoti CNC Automation Limited,,EQ,Precision Auto Engine Components,Precision Auto Engine Components,1,2026-08-22 20:45:04,AUTO ANCILLARIES,NON_SME
JYOTIRES,Jyoti Resins & Adhesives Limited,,EQ,Industrial & Basic Chemicals,Industrial & Basic Chemicals,1,2026-08-22 20:45:04,CHEMICALS,NON_SME
JYOTISTRUC,Jyoti Structures Limited,,EQ,Precision Metal Fabrication,Precision Metal Fabrication,1,2026-08-22 20:45:04,METALS & FABRICATION,NON_SME
KABRAEXTRU,Kabra Extrusion Technik Limited,,EQ,Plastics Processing Machinery,Plastics Processing Machinery,1,2026-08-22 20:45:04,CAPITAL GOODS & MACHINERY,NON_SME
KAJARIACER,Kajaria Ceramics Limited,,EQ,Ceramic Tiles & Sanitaryware,Ceramic Tiles & Sanitaryware,1,2026-08-22 20:45:04,BUILDING MATERIALS,NON_SME
KAKATCEM,Kakatiya Cement Sugar & Industries Limited,,EQ,Sugar Refining & Bio-Ethanol,Sugar Refining & Bio-Ethanol,1,2026-08-22 20:45:04,SUGAR & BIO-ETHANOL,NON_SME
KALAMANDIR,Sai Silks (Kalamandir) Limited,,EQ,Cotton Spinning & Yarns,Cotton Spinning & Yarns,1,2026-08-22 20:45:04,TEXTILES,NON_SME
KALPATARU,Kalpataru Limited,,EQ,Residential Townships & Commercial REITs,Residential Townships & Commercial REITs,1,2026-08-22 20:45:04,REAL ESTATE,NON_SME
KALYANI,Kalyani Commercials Limited,,BE,Gold Jewellery & Retail,Gold Jewellery & Retail,1,2026-08-22 20:45:04,JEWELLERY,NON_SME
KALYANIFRG,Kalyani Forge Limited,,EQ,Gold Jewellery & Retail,Gold Jewellery & Retail,1,2026-08-22 20:45:04,JEWELLERY,NON_SME
KALYANKJIL,Kalyan Jewellers India Limited,,EQ,Gold Jewellery & Retail,Gold Jewellery & Retail,1,2026-08-22 20:45:04,JEWELLERY,NON_SME
KAMAHOLD,Kama Holdings Limited,,EQ,Diversified Consumer & MSME NBFC,Diversified Consumer & MSME NBFC,1,2026-08-22 20:45:04,FINANCE & NBFC,NON_SME
KAMANWALA,Kamanwala Housing Construction Limited,,EQ,Residential Real Estate,Residential Real Estate,1,2026-08-22 20:45:04,REAL ESTATE,NON_SME
KAMATHOTEL,Kamat Hotels (I) Limited,,EQ,Luxury Hotels & Resorts,Luxury Hotels & Resorts,1,2026-08-22 20:45:04,HOTELS & HOSPITALITY,NON_SME
KAMDHENU,Kamdhenu Limited,,BE,Secondary Steel & TMT Rebars,Secondary Steel & TMT Rebars,1,2026-08-22 20:45:04,STEEL,NON_SME
KAMOPAINTS,Kamdhenu Ventures Limited,,EQ,Diversified Consumer & MSME NBFC,Diversified Consumer & MSME NBFC,1,2026-08-22 20:45:04,FINANCE & NBFC,NON_SME
KANANIIND,Kanani Industries Limited,,EQ,Diamond & Studded Jewellery,Diamond & Studded Jewellery,1,2026-08-22 20:45:04,JEWELLERY,NON_SME
KANCHI,Kanchi Karpooram Limited,,EQ,Specialty Chemicals,Specialty Chemicals,1,2026-08-22 20:45:04,CHEMICALS,NON_SME
KANCOTEA,Kanco Tea & Industries Limited,,EQ,Tea Plantations & Packaging,Tea Plantations & Packaging,1,2026-08-22 20:45:04,TEA & COFFEE,NON_SME
KANORICHEM,Kanoria Chemicals & Industries Limited,,BE,Industrial & Basic Chemicals,Industrial & Basic Chemicals,1,2026-08-22 20:45:04,CHEMICALS,NON_SME
KANPRPLA,Kanpur Plastipack Limited,,EQ,Flexible Packaging Films,Flexible Packaging Films,1,2026-08-22 20:45:04,PAPER & PACKAGING,NON_SME
KANSAINER,Kansai Nerolac Paints Limited,,EQ,Decorative Paints,Decorative Paints,1,2026-08-22 20:45:04,PAINTS & COATINGS,NON_SME
KAPSTON,Kapston Services Limited,,EQ,Staffing & Workforce Security,Staffing & Workforce Security,1,2026-08-22 20:45:04,SERVICES & MEDIA,NON_SME
KARMAENG,Karma Energy Limited,,EQ,Conventional Thermal & Fossil Power,Conventional Thermal & Fossil Power,1,2026-08-22 20:45:04,POWER,NON_SME
KARURVYSYA,Karur Vysya Bank Limited,,EQ,Private Sector Banks,Private Sector Banks,1,2026-08-22 20:45:04,BANKING,NON_SME
KAUSHALYA,Kaushalya Infrastructure Development Corporation Limited,,BE,Precision Auto Engine Components,Precision Auto Engine Components,1,2026-08-22 20:45:04,AUTO ANCILLARIES,NON_SME
KAVDEFENCE,Kavveri Defence & Wireless Technologies Limited,,EQ,Wires & Cables,Wires & Cables,1,2026-08-22 20:45:04,CONSUMER ELECTRICALS,NON_SME
KAYA,Kaya Limited,,EQ,Medical Clinics & Equipment,Medical Clinics & Equipment,1,2026-08-22 20:45:04,HEALTHCARE SERVICES,NON_SME
KAYNES,Kaynes Technology India Limited,,EQ,Industrial & Aerospace EMS,Industrial & Aerospace EMS,1,2026-08-22 20:45:04,EMS & ELECTRONICS,NON_SME
KCP,KCP Limited,,EQ,Integrated Grey Cement,Integrated Grey Cement,1,2026-08-22 20:45:04,CEMENT,NON_SME
KCPSUGIND,KCP Sugar and Industries Corporation Limited,,BE,Sugar Refining & Bio-Ethanol,Sugar Refining & Bio-Ethanol,1,2026-08-22 20:45:04,SUGAR & BIO-ETHANOL,NON_SME
KDDL,KDDL Limited,,EQ,Kitchen Homeware & Cookware,Kitchen Homeware & Cookware,1,2026-08-22 20:45:04,CONSUMER DURABLES,NON_SME
KEC,KEC International Limited,,EQ,Power Transmission Grid,Power Transmission Grid,1,2026-08-22 20:45:04,POWER,NON_SME
KECL,Kirloskar Electric Company Limited,,EQ,Conventional Thermal & Fossil Power,Conventional Thermal & Fossil Power,1,2026-08-22 20:45:04,POWER,NON_SME
KEEPLEARN,DSJ Keep Learning Limited,,EQ,Education Academies & Publishing,Education Academies & Publishing,1,2026-08-22 20:45:04,EDUCATION & EDTECH,NON_SME
KEI,KEI Industries Limited,,EQ,Wires & Cables,Wires & Cables,1,2026-08-22 20:45:04,CONSUMER ELECTRICALS,NON_SME
KELLTONTEC,Kellton Tech Solutions Limited,,EQ,Mid-Tier IT & Digital Solutions,Mid-Tier IT & Digital Solutions,1,2026-08-22 20:45:04,IT SERVICES,NON_SME
KENNAMET,Kennametal India Limited,,EQ,Precision Machine Tools & Fasteners,Precision Machine Tools & Fasteners,1,2026-08-22 20:45:04,CAPITAL GOODS & MACHINERY,NON_SME
KERNEX,Kernex Microsystems (India) Limited,,EQ,Mid-Tier IT & Digital Solutions,Mid-Tier IT & Digital Solutions,1,2026-08-22 20:45:04,IT SERVICES,NON_SME
KESORAMIND,Kesoram Industries Limited,,BE,Integrated Grey Cement,Integrated Grey Cement,1,2026-08-22 20:45:04,CEMENT,NON_SME
KEYFINSERV,Keynote Financial Services Limited,,EQ,Diversified Consumer & MSME NBFC,Diversified Consumer & MSME NBFC,1,2026-08-22 20:45:04,FINANCE & NBFC,NON_SME
KFINTECH,Kfin Technologies Limited,,EQ,Mutual Fund Registrar & Transfer Agent,Mutual Fund Registrar & Transfer Agent,1,2026-08-22 20:45:04,CAPITAL MARKETS,NON_SME
KHADIM,Khadim India Limited,,BE,Footwear Retail Chains,Footwear Retail Chains,1,2026-08-22 20:45:04,FOOTWEAR,NON_SME
KHAICHEM,Khaitan Chemicals & Fertilizers Limited,,EQ,Fertilizers & Soil Nutrients,Fertilizers & Soil Nutrients,1,2026-08-22 20:45:04,FERTILIZERS,NON_SME
KHAITANLTD,Khaitan (India) Limited,,EQ,Fast Moving Electrical Goods (FMEG),Fast Moving Electrical Goods (FMEG),1,2026-08-22 20:45:04,CONSUMER ELECTRICALS,NON_SME
KHANDSE,Khandwala Securities Limited,,EQ,Stockbroking & Wealth Management,Stockbroking & Wealth Management,1,2026-08-22 20:45:04,CAPITAL MARKETS,NON_SME
KICL,Kalyani Investment Company Limited,,EQ,Diversified Consumer & MSME NBFC,Diversified Consumer & MSME NBFC,1,2026-08-22 20:45:04,FINANCE & NBFC,NON_SME
KILITCH,Kilitch Drugs (India) Limited,,BE,Finished Formulations,Finished Formulations,1,2026-08-22 20:45:04,PHARMACEUTICALS,NON_SME
KIMS,Krishna Institute of Medical Sciences Limited,,EQ,Finished Formulations,Finished Formulations,1,2026-08-22 20:45:04,PHARMACEUTICALS,NON_SME
KINGFA,Kingfa Science & Technology (India) Limited,,EQ,Specialty Chemicals,Specialty Chemicals,1,2026-08-22 20:45:04,CHEMICALS,NON_SME
KIOCL,KIOCL Limited,,EQ,Iron Ore & Manganese Mining,Iron Ore & Manganese Mining,1,2026-08-22 20:45:04,MINING & MINERALS,NON_SME
KIRANVYPAR,Kiran Vyapar Limited,,EQ,Diversified Consumer & MSME NBFC,Diversified Consumer & MSME NBFC,1,2026-08-22 20:45:04,FINANCE & NBFC,NON_SME
KIRIINDUS,Kiri Industries Limited,,EQ,Pigments & Dyes,Pigments & Dyes,1,2026-08-22 20:45:04,CHEMICALS,NON_SME
KIRLFER,Kirloskar Ferrous Industries Limited,,EQ,Secondary Steel & TMT Rebars,Secondary Steel & TMT Rebars,1,2026-08-22 20:45:04,STEEL,NON_SME
KIRLOSBROS,Kirloskar Brothers Limited,,EQ,Industrial Compressors & Pumps,Industrial Compressors & Pumps,1,2026-08-22 20:45:04,CAPITAL GOODS & MACHINERY,NON_SME
KIRLOSENG,Kirloskar Oil Engines Limited,,EQ,Refining & Petrochemicals,Refining & Petrochemicals,1,2026-08-22 20:45:04,OIL & GAS,NON_SME
KIRLOSIND,Kirloskar Industries Limited,,EQ,Diversified Consumer & MSME NBFC,Diversified Consumer & MSME NBFC,1,2026-08-22 20:45:04,FINANCE & NBFC,NON_SME
KIRLPNU,Kirloskar Pneumatic Company Limited,,EQ,Industrial Compressors & Pumps,Industrial Compressors & Pumps,1,2026-08-22 20:45:04,CAPITAL GOODS & MACHINERY,NON_SME
KISSHT,OnEMI Technology Solutions Limited,,EQ,Consumer Lending & BNPL FinTech,Consumer Lending & BNPL FinTech,1,2026-08-22 20:45:04,FINANCE & NBFC,NON_SME
KITEX,Kitex Garments Limited,,EQ,Garments & Apparel Exports,Garments & Apparel Exports,1,2026-08-22 20:45:04,TEXTILES,NON_SME
KJMCFIN,KJMC Financial Services Limited,,EQ,Diversified Consumer & MSME NBFC,Diversified Consumer & MSME NBFC,1,2026-08-22 20:45:04,FINANCE & NBFC,NON_SME
KKCL,Kewal Kiran Clothing Limited,,EQ,Garments & Apparel Exports,Garments & Apparel Exports,1,2026-08-22 20:45:04,TEXTILES,NON_SME
KLBRENG-B,Kilburn Engineering Limited,,EQ,Precision Auto Engine Components,Precision Auto Engine Components,1,2026-08-22 20:45:04,AUTO ANCILLARIES,NON_SME
KMCSHIL,K M C Speciality Hospitals (India) Limited,,EQ,Hospitals & Healthcare Chains,Hospitals & Healthcare Chains,1,2026-08-22 20:45:04,HEALTHCARE SERVICES,NON_SME
KMEW,Knowledge Marine & Engineering Works Limited,,EQ,Precision Auto Engine Components,Precision Auto Engine Components,1,2026-08-22 20:45:04,AUTO ANCILLARIES,NON_SME
KMSUGAR,K.M.Sugar Mills Limited,,EQ,Sugar Refining & Bio-Ethanol,Sugar Refining & Bio-Ethanol,1,2026-08-22 20:45:04,SUGAR & BIO-ETHANOL,NON_SME
KNACK,Knack Packaging Limited,,EQ,Paperboard & Packaging Cartons,Paperboard & Packaging Cartons,1,2026-08-22 20:45:04,PAPER & PACKAGING,NON_SME
KNAGRI,KN Agri Resources Limited,,EQ,Edible Oils & Vanaspati,Edible Oils & Vanaspati,1,2026-08-22 20:45:04,FOOD PROCESSING,NON_SME
KNRCON,KNR Constructions Limited,,EQ,Civil & Commercial Construction,Civil & Commercial Construction,1,2026-08-22 20:45:04,CONSTRUCTION & INFRASTRUCTURE,NON_SME
KOHINOOR,Kohinoor Foods Limited,,EQ,Basmati Rice Milling & Global Exports,Basmati Rice Milling & Global Exports,1,2026-08-22 20:45:04,RICE,NON_SME
KOKUYOCMLN,Kokuyo Camlin Limited,,EQ,Paperboard & Packaging Cartons,Paperboard & Packaging Cartons,1,2026-08-22 20:45:04,PAPER & PACKAGING,NON_SME
KOLTEPATIL,Kolte - Patil Developers Limited,,EQ,Precision Auto Engine Components,Precision Auto Engine Components,1,2026-08-22 20:45:04,AUTO ANCILLARIES,NON_SME
KOPRAN,Kopran Limited,,BE,Finished Formulations,Finished Formulations,1,2026-08-22 20:45:04,PHARMACEUTICALS,NON_SME
KOTAKBANK,Kotak Mahindra Bank Limited,,EQ,Private Sector Banks,Private Sector Banks,1,2026-08-22 20:45:04,BANKING,NON_SME
KOTARISUG,Kothari Sugars And Chemicals Limited,,EQ,Sugar Refining & Bio-Ethanol,Sugar Refining & Bio-Ethanol,1,2026-08-22 20:45:04,SUGAR & BIO-ETHANOL,NON_SME
KOTHARIPET,Kothari Petrochemicals Limited,,EQ,Industrial & Basic Chemicals,Industrial & Basic Chemicals,1,2026-08-22 20:45:04,CHEMICALS,NON_SME
KOTHARIPRO,Kothari Products Limited,,EQ,Tobacco Products,Tobacco Products,1,2026-08-22 20:45:04,FMCG & PERSONAL CARE,NON_SME
KOTIC,Kothari Industrial Corporation Limited,,EQ,Specialty Chemicals,Specialty Chemicals,1,2026-08-22 20:45:04,CHEMICALS,NON_SME
KOTYARK,Kotyark Industries Limited,,BE,Sugar Refining & Bio-Ethanol,Sugar Refining & Bio-Ethanol,1,2026-08-22 20:45:04,SUGAR & BIO-ETHANOL,NON_SME
KOVAI,Kovai Medical Center & Hospital Limited,,EQ,Hospitals & Healthcare Chains,Hospitals & Healthcare Chains,1,2026-08-22 20:45:04,HEALTHCARE SERVICES,NON_SME
KPEL,K.P. Energy Limited,,EQ,Conventional Thermal & Fossil Power,Conventional Thermal & Fossil Power,1,2026-08-22 20:45:04,POWER,NON_SME
KPIGREEN,KPI Green Energy Limited,,EQ,Solar PV & Green Hydrogen,Solar PV & Green Hydrogen,1,2026-08-22 20:45:04,RENEWABLE ENERGY,NON_SME
KPIL,Kalpataru Projects International Limited,,EQ,Civil & Commercial Construction,Civil & Commercial Construction,1,2026-08-22 20:45:04,CONSTRUCTION & INFRASTRUCTURE,NON_SME
KPITTECH,KPIT Technologies Limited,,EQ,Mid-Tier IT & Digital Solutions,Mid-Tier IT & Digital Solutions,1,2026-08-22 20:45:04,IT SERVICES,NON_SME
KPL,Kwality Pharmaceuticals Limited,,EQ,Finished Formulations,Finished Formulations,1,2026-08-22 20:45:04,PHARMACEUTICALS,NON_SME
KPRMILL,K.P.R. Mill Limited,,EQ,Cotton Spinning & Yarns,Cotton Spinning & Yarns,1,2026-08-22 20:45:04,TEXTILES,NON_SME
KRBL,KRBL Limited,,EQ,Basmati Rice Milling & Global Exports,Basmati Rice Milling & Global Exports,1,2026-08-22 20:45:04,RICE,NON_SME
KREBSBIO,Krebs Biochemicals and Industries Limited,,EQ,Industrial & Basic Chemicals,Industrial & Basic Chemicals,1,2026-08-22 20:45:04,CHEMICALS,NON_SME
KRIDHANINF,Kridhan Infra Limited,,BE,Civil & Commercial Construction,Civil & Commercial Construction,1,2026-08-22 20:45:04,CONSTRUCTION & INFRASTRUCTURE,NON_SME
KRISHANA,Krishana Phoschem Limited,,EQ,Fertilizers & Soil Nutrients,Fertilizers & Soil Nutrients,1,2026-08-22 20:45:04,FERTILIZERS,NON_SME
KRISHIVAL,Krishival Foods Limited,,EQ,Packaged Foods & Snacks,Packaged Foods & Snacks,1,2026-08-22 20:45:04,FOOD PROCESSING,NON_SME
KRISHNADEF,Krishna Defence And Allied Industries Limited,,EQ,Precision Defence Machining,Precision Defence Machining,1,2026-08-22 20:45:04,DEFENCE & AEROSPACE,NON_SME
KRITI,Kriti Industries (India) Limited,,EQ,Plastic & CPVC Pipes,Plastic & CPVC Pipes,1,2026-08-22 20:45:04,BUILDING MATERIALS,NON_SME
KRITIKA,Kritika Wires Limited,,EQ,Wires & Cables,Wires & Cables,1,2026-08-22 20:45:04,CONSUMER ELECTRICALS,NON_SME
KRITINUT,Kriti Nutrients Limited,,EQ,Industrial & Basic Chemicals,Industrial & Basic Chemicals,1,2026-08-22 20:45:04,CHEMICALS,NON_SME
KRN,KRN Heat Exchanger and Refrigeration Limited,,EQ,Data Center Cooling & Liquid Systems,Data Center Cooling & Liquid Systems,1,2026-08-22 20:45:04,DATA CENTERS & CLOUD,NON_SME
KRONOX,Kronox Lab Sciences Limited,,EQ,Specialty Chemicals,Specialty Chemicals,1,2026-08-22 20:45:04,CHEMICALS,NON_SME
KROSS,Kross Limited,,EQ,Auto Castings & Heavy Forgings,Auto Castings & Heavy Forgings,1,2026-08-22 20:45:04,AUTO ANCILLARIES,NON_SME
KRSNAA,Krsnaa Diagnostics Limited,,EQ,Diagnostic & Pathology Labs,Diagnostic & Pathology Labs,1,2026-08-22 20:45:04,HEALTHCARE SERVICES,NON_SME
KRYSTAL,Krystal Integrated Services Limited,,EQ,Staffing & Workforce Security,Staffing & Workforce Security,1,2026-08-22 20:45:04,SERVICES & MEDIA,NON_SME
KSB,Ksb Limited,,EQ,Pumps & Compressors,Pumps & Compressors,1,2026-08-22 20:45:04,CAPITAL GOODS & MACHINERY,NON_SME
KSCL,Kaveri Seed Company Limited,,EQ,Hybrid Seeds & Agri Inputs,Hybrid Seeds & Agri Inputs,1,2026-08-22 20:45:04,AGRICULTURE & AGROCHEMICALS,NON_SME
KSE,KSE Limited,,EQ,Packaged Foods & Snacks,Packaged Foods & Snacks,1,2026-08-22 20:45:04,FOOD PROCESSING,NON_SME
KSHINTL,KSH International Limited,,EQ,Wires & Cables,Wires & Cables,1,2026-08-22 20:45:04,CONSUMER ELECTRICALS,NON_SME
KSHITIJPOL,Kshitij Polyline Limited,,EQ,Paperboard & Packaging Cartons,Paperboard & Packaging Cartons,1,2026-08-22 20:45:04,PAPER & PACKAGING,NON_SME
KSL,Kalyani Steels Limited,,EQ,Secondary Steel & TMT Rebars,Secondary Steel & TMT Rebars,1,2026-08-22 20:45:04,STEEL,NON_SME
KSOLVES,Ksolves India Limited,,EQ,Enterprise Software & SaaS,Enterprise Software & SaaS,1,2026-08-22 20:45:04,IT SERVICES,NON_SME
KSR,KSR Footwear Limited,,EQ,Footwear Retail Chains,Footwear Retail Chains,1,2026-08-22 20:45:04,FOOTWEAR,NON_SME
KTKBANK,The Karnataka Bank Limited,,EQ,Private Sector Banks,Private Sector Banks,1,2026-08-22 20:45:04,BANKING,NON_SME
KUANTUM,Kuantum Papers Limited,,EQ,Paperboard & Packaging Cartons,Paperboard & Packaging Cartons,1,2026-08-22 20:45:04,PAPER & PACKAGING,NON_SME
KUSUMGAR,Kusumgar Limited,,EQ,Cotton Spinning & Yarns,Cotton Spinning & Yarns,1,2026-08-22 20:45:04,TEXTILES,NON_SME
KWIL,Kwality Wall's (India) Limited,,EQ,Packaged Foods & Snacks,Packaged Foods & Snacks,1,2026-08-22 20:45:04,FOOD PROCESSING,NON_SME
LADDERUP,Ladderup Finance Limited,,EQ,Stockbroking & Wealth Management,Stockbroking & Wealth Management,1,2026-08-22 20:45:04,CAPITAL MARKETS,NON_SME
LAGNAM,Lagnam Spintex Limited,,EQ,Cotton Spinning & Yarns,Cotton Spinning & Yarns,1,2026-08-22 20:45:04,TEXTILES,NON_SME
LAHOTIOV,Lahoti Overseas Limited,,EQ,Garments & Apparel Exports,Garments & Apparel Exports,1,2026-08-22 20:45:04,TEXTILES,NON_SME
LAKPRE,Lakshmi Precision Screws Limited,,BZ,Precision Machine Tools & Fasteners,Precision Machine Tools & Fasteners,1,2026-08-22 20:45:04,CAPITAL GOODS & MACHINERY,NON_SME
LAKSHMIMIL,Lakshmi Mills Company Limited,,EQ,Cotton Spinning & Yarns,Cotton Spinning & Yarns,1,2026-08-22 20:45:04,TEXTILES,NON_SME
LAL,Lorenzini Apparels Limited,,EQ,Garments & Apparel Exports,Garments & Apparel Exports,1,2026-08-22 20:45:04,TEXTILES,NON_SME
LALPATHLAB,Dr. Lal Path Labs Ltd.,,EQ,Finished Formulations,Finished Formulations,1,2026-08-22 20:45:04,PHARMACEUTICALS,NON_SME
LAMBODHARA,Lambodhara Textiles Limited,,EQ,Cotton Spinning & Yarns,Cotton Spinning & Yarns,1,2026-08-22 20:45:04,TEXTILES,NON_SME
LANCER,Lancer Container Lines Limited,,EQ,Container Rail & Dry Ports,Container Rail & Dry Ports,1,2026-08-22 20:45:04,LOGISTICS & SUPPLY CHAIN,NON_SME
LANCORHOL,Lancor Holdings Limited,,EQ,Diversified Consumer & MSME NBFC,Diversified Consumer & MSME NBFC,1,2026-08-22 20:45:04,FINANCE & NBFC,NON_SME
LANDMARK,Landmark Cars Limited,,EQ,Precision Auto Engine Components,Precision Auto Engine Components,1,2026-08-22 20:45:04,AUTO ANCILLARIES,NON_SME
LANDSMILL,Landsmill Green Limited,,EQ,Sugar Refining & Bio-Ethanol,Sugar Refining & Bio-Ethanol,1,2026-08-22 20:45:04,SUGAR & BIO-ETHANOL,NON_SME
LAOPALA,La Opala RG Limited,,EQ,Kitchen Homeware & Cookware,Kitchen Homeware & Cookware,1,2026-08-22 20:45:04,CONSUMER DURABLES,NON_SME
LASA,Lasa Supergenerics Limited,,EQ,API & Bulk Drugs,API & Bulk Drugs,1,2026-08-22 20:45:04,PHARMACEUTICALS,NON_SME
LASERPOWER,Laser Power & Infra Limited,,EQ,Conventional Thermal & Fossil Power,Conventional Thermal & Fossil Power,1,2026-08-22 20:45:04,POWER,NON_SME
LATENTVIEW,Latent View Analytics Limited,,EQ,"AI Solutions, Analytics & Cloud Data","AI Solutions, Analytics & Cloud Data",1,2026-08-22 20:45:04,DATA CENTERS & CLOUD,NON_SME
LATTEYS,Latteys Industries Limited,,EQ,Industrial Compressors & Pumps,Industrial Compressors & Pumps,1,2026-08-22 20:45:04,CAPITAL GOODS & MACHINERY,NON_SME
LAURUSLABS,Laurus Labs Limited,,EQ,Finished Formulations,Finished Formulations,1,2026-08-22 20:45:04,PHARMACEUTICALS,NON_SME
LAXMICOT,Laxmi Cotspin Limited,,EQ,Cotton Spinning & Yarns,Cotton Spinning & Yarns,1,2026-08-22 20:45:04,TEXTILES,NON_SME
LAXMIDENTL,Laxmi Dental Limited,,EQ,Medical Clinics & Equipment,Medical Clinics & Equipment,1,2026-08-22 20:45:04,HEALTHCARE SERVICES,NON_SME
LAXMIINDIA,Laxmi India Finance Limited,,EQ,Diversified Consumer & MSME NBFC,Diversified Consumer & MSME NBFC,1,2026-08-22 20:45:04,FINANCE & NBFC,NON_SME
LCCINFOTEC,LCC Infotech Limited,,EQ,Mid-Tier IT & Digital Solutions,Mid-Tier IT & Digital Solutions,1,2026-08-22 20:45:04,IT SERVICES,NON_SME
LCL,Lohia Corp Limited,,EQ,Heavy Process Plant Equipment,Heavy Process Plant Equipment,1,2026-08-22 20:45:04,CAPITAL GOODS & MACHINERY,NON_SME
LEAPIND,LEAP India Limited,,EQ,API & Bulk Drugs,API & Bulk Drugs,1,2026-08-22 20:45:04,PHARMACEUTICALS,NON_SME
LEENEE,Lee & Nee Softwares Exports Limited,,EQ,Mid-Tier IT & Digital Solutions,Mid-Tier IT & Digital Solutions,1,2026-08-22 20:45:04,IT SERVICES,NON_SME
LEMERITE,Le Merite Exports Limited,,EQ,Commercial Ports & Terminals,Commercial Ports & Terminals,1,2026-08-22 20:45:04,SHIPBUILDING & PORTS,NON_SME
LEMONTREE,Lemon Tree Hotels Limited,,EQ,Luxury Hotels & Resorts,Luxury Hotels & Resorts,1,2026-08-22 20:45:04,HOTELS & HOSPITALITY,NON_SME
LENSKART,Lenskart Solutions Limited,,EQ,Eyewear Retail & Optical Products,Eyewear Retail & Optical Products,1,2026-08-22 20:45:04,RETAIL,NON_SME
LEXUS,Lexus Granito (India) Limited,,EQ,Ceramic Tiles & Sanitaryware,Ceramic Tiles & Sanitaryware,1,2026-08-22 20:45:04,BUILDING MATERIALS,NON_SME
LFIC,Lakshmi Finance & Industrial Corporation Limited,,EQ,Diversified Consumer & MSME NBFC,Diversified Consumer & MSME NBFC,1,2026-08-22 20:45:04,FINANCE & NBFC,NON_SME
LGBBROSLTD,LG Balakrishnan & Bros Limited,,EQ,Precision Powertrain Engine Components,Precision Powertrain Engine Components,1,2026-08-22 20:45:04,AUTO ANCILLARIES,NON_SME
LGEINDIA,LG Electronics India Limited,,EQ,Commercial & Industrial Electronics EMS,Commercial & Industrial Electronics EMS,1,2026-08-22 20:45:04,EMS & ELECTRONICS,NON_SME
LGHL,Laxmi Goldorna House Limited,,EQ,Gold Jewellery & Retail,Gold Jewellery & Retail,1,2026-08-22 20:45:04,JEWELLERY,NON_SME
LIBAS,Libas Consumer Products Limited,,EQ,Garments & Apparel Exports,Garments & Apparel Exports,1,2026-08-22 20:45:04,TEXTILES,NON_SME
LIBERTSHOE,Liberty Shoes Limited,,EQ,Footwear Retail Chains,Footwear Retail Chains,1,2026-08-22 20:45:04,FOOTWEAR,NON_SME
LICHSGFIN,LIC Housing Finance Limited,,EQ,Housing Finance (HFC),Housing Finance (HFC),1,2026-08-22 20:45:04,FINANCE & NBFC,NON_SME
LICI,Life Insurance Corporation Of India,,EQ,Life Insurance,Life Insurance,1,2026-08-22 20:45:04,INSURANCE,NON_SME
LIKHITHA,Likhitha Infrastructure Limited,,EQ,Civil & Commercial Construction,Civil & Commercial Construction,1,2026-08-22 20:45:04,CONSTRUCTION & INFRASTRUCTURE,NON_SME
LINC,Linc Limited,,EQ,Paperboard & Packaging Cartons,Paperboard & Packaging Cartons,1,2026-08-22 20:45:04,PAPER & PACKAGING,NON_SME
LINCOLN,Lincoln Pharmaceuticals Limited,,EQ,Finished Formulations,Finished Formulations,1,2026-08-22 20:45:04,PHARMACEUTICALS,NON_SME
LINDEINDIA,Linde India Limited,,EQ,Industrial & Basic Chemicals,Industrial & Basic Chemicals,1,2026-08-22 20:45:04,CHEMICALS,NON_SME
LKPSEC,LKP Securities Limited,,EQ,Stockbroking & Wealth Management,Stockbroking & Wealth Management,1,2026-08-22 20:45:04,CAPITAL MARKETS,NON_SME
LLOYDSENGG,LLOYDS ENGINEERING WORKS LIMITED,,EQ,Precision Auto Engine Components,Precision Auto Engine Components,1,2026-08-22 20:45:04,AUTO ANCILLARIES,NON_SME
LLOYDSENT,Lloyds Enterprises Limited,,EQ,Steel Pipes & Tubes,Steel Pipes & Tubes,1,2026-08-22 20:45:04,STEEL,NON_SME
LLOYDSME,Lloyds Metals And Energy Limited,,EQ,Secondary Steel & TMT Rebars,Secondary Steel & TMT Rebars,1,2026-08-22 20:45:04,STEEL,NON_SME
LMW,LMW Limited,,EQ,Heavy Process Plant Equipment,Heavy Process Plant Equipment,1,2026-08-22 20:45:04,CAPITAL GOODS & MACHINERY,NON_SME
LODHA,Lodha Developers Limited,,EQ,Precision Auto Engine Components,Precision Auto Engine Components,1,2026-08-22 20:45:04,AUTO ANCILLARIES,NON_SME
LOKESHMACH,Lokesh Machines Limited,,BE,Precision Machine Tools & Fasteners,Precision Machine Tools & Fasteners,1,2026-08-22 20:45:04,CAPITAL GOODS & MACHINERY,NON_SME
LORDSCHLO,Lords Chloro Alkali Limited,,EQ,Industrial & Basic Chemicals,Industrial & Basic Chemicals,1,2026-08-22 20:45:04,CHEMICALS,NON_SME
LOTUSCHO,Lotus Chocolate Company Limited,,EQ,Packaged Foods & Snacks,Packaged Foods & Snacks,1,2026-08-22 20:45:04,FOOD PROCESSING,NON_SME
LOTUSDEV,Sri Lotus Developers and Realty Limited,,BE,Precision Auto Engine Components,Precision Auto Engine Components,1,2026-08-22 20:45:04,AUTO ANCILLARIES,NON_SME
LOTUSEYE,Lotus Eye Hospital and Institute Limited,,EQ,Hospitals & Healthcare Chains,Hospitals & Healthcare Chains,1,2026-08-22 20:45:04,HEALTHCARE SERVICES,NON_SME
LOVABLE,Lovable Lingerie Limited,,EQ,Branded Innerwear,Branded Innerwear,1,2026-08-22 20:45:04,TEXTILES,NON_SME
LOYALTEX,Loyal Textile Mills Limited,,EQ,Cotton Spinning & Yarns,Cotton Spinning & Yarns,1,2026-08-22 20:45:04,TEXTILES,NON_SME
LPDC,Landmark Property Development Company Limited,,EQ,Precision Auto Engine Components,Precision Auto Engine Components,1,2026-08-22 20:45:04,AUTO ANCILLARIES,NON_SME
LT,Larsen & Toubro Limited,,EQ,Heavy Infrastructure EPC,Heavy Infrastructure EPC,1,2026-08-22 20:45:04,CONSTRUCTION & INFRASTRUCTURE,NON_SME
LTF,L&T Finance Limited,,EQ,Diversified Consumer & MSME NBFC,Diversified Consumer & MSME NBFC,1,2026-08-22 20:45:04,FINANCE & NBFC,NON_SME
LTFOODS,LT Foods Limited,,EQ,Basmati Rice Milling & Global Exports,Basmati Rice Milling & Global Exports,1,2026-08-22 20:45:04,RICE,NON_SME
LTM,LTM Limited,,EQ,Tier-1 IT Services,Tier-1 IT Services,1,2026-08-22 20:45:04,IT SERVICES,NON_SME
LTTS,L&T Technology Services Limited,,EQ,Mid-Tier IT & Digital Solutions,Mid-Tier IT & Digital Solutions,1,2026-08-22 20:45:04,IT SERVICES,NON_SME
LUMAXIND,Lumax Industries Limited,,EQ,Auto Lighting & Electricals,Auto Lighting & Electricals,1,2026-08-22 20:45:04,AUTO ANCILLARIES,NON_SME
LUMAXTECH,Lumax Auto Technologies Limited,,EQ,Precision Auto Engine Components,Precision Auto Engine Components,1,2026-08-22 20:45:04,AUTO ANCILLARIES,NON_SME
LUPIN,Lupin Limited,,EQ,Finished Formulations,Finished Formulations,1,2026-08-22 20:45:04,PHARMACEUTICALS,NON_SME
LUXIND,Lux Industries Limited,,EQ,Innerwear & Athleisure,Innerwear & Athleisure,1,2026-08-22 20:45:04,TEXTILES,NON_SME
LXCHEM,Laxmi Organic Industries Limited,,EQ,Specialty Chemicals,Specialty Chemicals,1,2026-08-22 20:45:04,CHEMICALS,NON_SME
LYKALABS,Lyka Labs Limited,,BE,Finished Formulations,Finished Formulations,1,2026-08-22 20:45:04,PHARMACEUTICALS,NON_SME
M&M,Mahindra & Mahindra Limited,,EQ,Passenger Vehicles (Cars & SUVs),Passenger Vehicles (Cars & SUVs),1,2026-08-22 20:45:04,AUTOMOBILE,NON_SME
M&MFIN,Mahindra & Mahindra Financial Services Limited,,EQ,Vehicle Finance,Vehicle Finance,1,2026-08-22 20:45:04,FINANCE & NBFC,NON_SME
MAANALU,Maan Aluminium Limited,,EQ,Primary Aluminium,Primary Aluminium,1,2026-08-22 20:45:04,ALUMINIUM & COPPER,NON_SME
MACPOWER,Macpower CNC Machines Limited,,EQ,Conventional Thermal & Fossil Power,Conventional Thermal & Fossil Power,1,2026-08-22 20:45:04,POWER,NON_SME
MADHAV,Madhav Marbles and Granites Limited,,EQ,Industrial Minerals,Industrial Minerals,1,2026-08-22 20:45:04,MINING & MINERALS,NON_SME
MADHAVIPL,Madhav Infra Projects Limited,,EQ,Civil & Commercial Construction,Civil & Commercial Construction,1,2026-08-22 20:45:04,CONSTRUCTION & INFRASTRUCTURE,NON_SME
MADHUCON,Madhucon Projects Limited,,BE,Civil & Commercial Construction,Civil & Commercial Construction,1,2026-08-22 20:45:04,CONSTRUCTION & INFRASTRUCTURE,NON_SME
MADRASFERT,Madras Fertilizers Limited,,EQ,Fertilizers & Soil Nutrients,Fertilizers & Soil Nutrients,1,2026-08-22 20:45:04,FERTILIZERS,NON_SME
MAFATIND,Mafatlal Industries Limited,,EQ,Cotton Spinning & Yarns,Cotton Spinning & Yarns,1,2026-08-22 20:45:04,TEXTILES,NON_SME
MAGADSUGAR,Magadh Sugar & Energy Limited,,EQ,Sugar Refining & Bio-Ethanol,Sugar Refining & Bio-Ethanol,1,2026-08-22 20:45:04,SUGAR & BIO-ETHANOL,NON_SME
MAGNUM,Magnum Ventures Limited,,EQ,Diversified Consumer & MSME NBFC,Diversified Consumer & MSME NBFC,0,2026-08-22 20:45:04,FINANCE & NBFC,NON_SME
MAHABANK,Bank of Maharashtra,,EQ,Public Sector Banks (PSU),Public Sector Banks (PSU),1,2026-08-22 20:45:04,BANKING,NON_SME
MAHAPEXLTD,Maha Rashtra Apex Corporation Limited,,EQ,Diversified Consumer & MSME NBFC,Diversified Consumer & MSME NBFC,1,2026-08-22 20:45:04,FINANCE & NBFC,NON_SME
MAHASTEEL,Mahamaya Steel Industries Limited,,BE,Secondary Steel & TMT Rebars,Secondary Steel & TMT Rebars,1,2026-08-22 20:45:04,STEEL,NON_SME
MAHEPC,Mahindra EPC Irrigation Limited,,EQ,Micro-Irrigation & Agri-Plastics,Micro-Irrigation & Agri-Plastics,1,2026-08-22 20:45:04,AGRICULTURE & AGROCHEMICALS,NON_SME
MAHESHWARI,Maheshwari Logistics Limited,,BE,3PL Logistics & Fleet Haulage,3PL Logistics & Fleet Haulage,1,2026-08-22 20:45:04,LOGISTICS & SUPPLY CHAIN,NON_SME
MAHLIFE,Mahindra Lifespace Developers Limited,,EQ,Residential Townships & Commercial REITs,Residential Townships & Commercial REITs,1,2026-08-22 20:45:04,REAL ESTATE,NON_SME
MAHLOG,Mahindra Logistics Limited,,EQ,3PL Logistics & Fleet Haulage,3PL Logistics & Fleet Haulage,1,2026-08-22 20:45:04,LOGISTICS & SUPPLY CHAIN,NON_SME
MAHSCOOTER,Maharashtra Scooters Limited,,EQ,Precision Auto Engine Components,Precision Auto Engine Components,1,2026-08-22 20:45:04,AUTO ANCILLARIES,NON_SME
MAHSEAMLES,Maharashtra Seamless Limited,,EQ,Secondary Steel & TMT Rebars,Secondary Steel & TMT Rebars,1,2026-08-22 20:45:04,STEEL,NON_SME
MAITHANALL,Maithan Alloys Limited,,EQ,Ferro Alloys & Secondary Metals,Ferro Alloys & Secondary Metals,1,2026-08-22 20:45:04,METALS & FABRICATION,NON_SME
MAJESAUT,Majestic Auto Limited,,BE,Precision Auto Engine Components,Precision Auto Engine Components,1,2026-08-22 20:45:04,AUTO ANCILLARIES,NON_SME
MAKERSL,Makers Laboratories Limited,,EQ,Finished Formulations,Finished Formulations,1,2026-08-22 20:45:04,PHARMACEUTICALS,NON_SME
MALLCOM,Mallcom (India) Limited,,EQ,Specialty Retail Boutiques,Specialty Retail Boutiques,1,2026-08-22 20:45:04,RETAIL,NON_SME
MALUPAPER,Malu Paper Mills Limited,,EQ,Paperboard & Packaging Cartons,Paperboard & Packaging Cartons,1,2026-08-22 20:45:04,PAPER & PACKAGING,NON_SME
MAMATA,Mamata Machinery Limited,,EQ,Heavy Process Equipment & Machinery,Heavy Process Equipment & Machinery,1,2026-08-22 20:45:04,CAPITAL GOODS & MACHINERY,NON_SME
MANAKALUCO,Manaksia Aluminium Company Limited,,EQ,Primary Aluminium,Primary Aluminium,1,2026-08-22 20:45:04,ALUMINIUM & COPPER,NON_SME
MANAKCOAT,Manaksia Coated Metals & Industries Limited,,EQ,Coated & Galvanised Steel,Coated & Galvanised Steel,1,2026-08-22 20:45:04,STEEL,NON_SME
MANAKSIA,Manaksia Limited,,EQ,Metals & Fabrication,Metals & Fabrication,1,2026-08-22 20:45:04,METALS & FABRICATION,NON_SME
MANAKSTEEL,Manaksia Steels Limited,,EQ,Secondary Steel & TMT Rebars,Secondary Steel & TMT Rebars,1,2026-08-22 20:45:04,STEEL,NON_SME
MANALIPETC,Manali Petrochemicals Limited,,EQ,Industrial & Basic Chemicals,Industrial & Basic Chemicals,1,2026-08-22 20:45:04,CHEMICALS,NON_SME
MANAPPURAM,Manappuram Finance Limited,,EQ,Gold Finance,Gold Finance,1,2026-08-22 20:45:04,FINANCE & NBFC,NON_SME
MANBA,Manba Finance Limited,,EQ,Diversified Consumer & MSME NBFC,Diversified Consumer & MSME NBFC,1,2026-08-22 20:45:04,FINANCE & NBFC,NON_SME
MANBRO,Manbro Industries Limited,,EQ,Packaged Foods & Snacks,Packaged Foods & Snacks,1,2026-08-22 20:45:04,FOOD PROCESSING,NON_SME
MANCREDIT,Mangal Credit and Fincorp Limited,,EQ,Diversified Consumer & MSME NBFC,Diversified Consumer & MSME NBFC,1,2026-08-22 20:45:04,FINANCE & NBFC,NON_SME
MANGALAM,Mangalam Drugs And Organics Limited,,EQ,Finished Formulations,Finished Formulations,1,2026-08-22 20:45:04,PHARMACEUTICALS,NON_SME
MANGLMCEM,Mangalam Cement Limited,,EQ,Regional Cement & RMC,Regional Cement & RMC,1,2026-08-22 20:45:04,CEMENT,NON_SME
MANINDS,Man Industries (India) Limited,,EQ,Steel Pipes & Tubes,Steel Pipes & Tubes,1,2026-08-22 20:45:04,STEEL,NON_SME
MANINFRA,Man Infraconstruction Limited,,EQ,Civil & Commercial Construction,Civil & Commercial Construction,1,2026-08-22 20:45:04,CONSTRUCTION & INFRASTRUCTURE,NON_SME
MANIPALHOS,Manipal Health Enterprises Limited,,EQ,Finished Formulations,Finished Formulations,1,2026-08-22 20:45:04,PHARMACEUTICALS,NON_SME
MANKIND,Mankind Pharma Limited,,EQ,Finished Formulations,Finished Formulations,1,2026-08-22 20:45:04,PHARMACEUTICALS,NON_SME
MANOMAY,Manomay Tex India Limited,,EQ,Garments & Apparel Exports,Garments & Apparel Exports,1,2026-08-22 20:45:04,TEXTILES,NON_SME
MANORAMA,Manorama Industries Limited,,EQ,Edible Oils & Vanaspati,Edible Oils & Vanaspati,1,2026-08-22 20:45:04,FOOD PROCESSING,NON_SME
MANORG,Mangalam Organics Limited,,EQ,Specialty Chemicals,Specialty Chemicals,1,2026-08-22 20:45:04,CHEMICALS,NON_SME
MANUGRAPH,Manugraph India Limited,,BE,Heavy Process Plant Equipment,Heavy Process Plant Equipment,1,2026-08-22 20:45:04,CAPITAL GOODS & MACHINERY,NON_SME
MANYAVAR,Vedant Fashions Limited,,EQ,Garments & Apparel Exports,Garments & Apparel Exports,1,2026-08-22 20:45:04,TEXTILES,NON_SME
MAPMYINDIA,C.E. Info Systems Limited,,EQ,Mid-Tier IT & Digital Solutions,Mid-Tier IT & Digital Solutions,1,2026-08-22 20:45:04,IT SERVICES,NON_SME
MARALOVER,Maral Overseas Limited,,EQ,Garments & Apparel Exports,Garments & Apparel Exports,1,2026-08-22 20:45:04,TEXTILES,NON_SME
MARATHON,Marathon Nextgen Realty Limited,,EQ,Residential Real Estate,Residential Real Estate,1,2026-08-22 20:45:04,REAL ESTATE,NON_SME
MARICO,Marico Limited,,EQ,Personal Care & Soaps,Personal Care & Soaps,1,2026-08-22 20:45:04,FMCG & PERSONAL CARE,NON_SME
MARINE,Marine Electricals (India) Limited,,EQ,Conventional Thermal & Fossil Power,Conventional Thermal & Fossil Power,1,2026-08-22 20:45:04,POWER,NON_SME
MARKOLINES,Markolines Pavement Technologies Limited,,EQ,Roads & Highways EPC,Roads & Highways EPC,1,2026-08-22 20:45:04,CONSTRUCTION & INFRASTRUCTURE,NON_SME
MARKSANS,Marksans Pharma Limited,,EQ,Finished Formulations,Finished Formulations,1,2026-08-22 20:45:04,PHARMACEUTICALS,NON_SME
MARSONS,Marsons Limited,,EQ,Heavy Switchgear & Automation,Heavy Switchgear & Automation,1,2026-08-22 20:45:04,ELECTRICAL EQUIPMENT,NON_SME
MARUTI,Maruti Suzuki India Limited,,EQ,Passenger Vehicles (Cars & SUVs),Passenger Vehicles (Cars & SUVs),1,2026-08-22 20:45:04,AUTOMOBILE,NON_SME
MASFIN,MAS Financial Services Limited,,EQ,Diversified Consumer & MSME NBFC,Diversified Consumer & MSME NBFC,1,2026-08-22 20:45:04,FINANCE & NBFC,NON_SME
MASKINVEST,Mask Investments Limited,,EQ,Diversified Consumer & MSME NBFC,Diversified Consumer & MSME NBFC,1,2026-08-22 20:45:04,FINANCE & NBFC,NON_SME
MASTEK,Mastek Limited,,EQ,Tier-1 IT Services,Tier-1 IT Services,1,2026-08-22 20:45:04,IT SERVICES,NON_SME
MASTERTR,Master Trust Limited,,EQ,Wealth Broking & Advisory,Wealth Broking & Advisory,1,2026-08-22 20:45:04,CAPITAL MARKETS,NON_SME
MATRIMONY,Matrimony.Com Limited,,EQ,Consumer Internet Platforms & Apps,Consumer Internet Platforms & Apps,1,2026-08-22 20:45:04,SERVICES & MEDIA,NON_SME
MAWANASUG,Mawana Sugars Limited,,EQ,Sugar Refining & Bio-Ethanol,Sugar Refining & Bio-Ethanol,1,2026-08-22 20:45:04,SUGAR & BIO-ETHANOL,NON_SME
MAXESTATES,Max Estates Limited,,EQ,Commercial Office & Mixed-Use Real Estate,Commercial Office & Mixed-Use Real Estate,1,20260827_224508,REAL ESTATE,NON_SME
MAXHEALTH,Max Healthcare Institute Limited,,EQ,Finished Formulations,Finished Formulations,1,2026-08-22 20:45:04,PHARMACEUTICALS,NON_SME
MAXIND,Max India Limited,,EQ,Tertiary Hospitals & Clinics,Tertiary Hospitals & Clinics,1,2026-08-22 20:45:04,HEALTHCARE SERVICES,NON_SME
MAYURUNIQ,Mayur Uniquoters Ltd,,EQ,Auto Lighting & Electricals,Auto Lighting & Electricals,1,2026-08-22 20:45:04,AUTO ANCILLARIES,NON_SME
MAZDA,Mazda Limited,,BE,Heavy Process Plant Equipment,Heavy Process Plant Equipment,1,2026-08-22 20:45:04,CAPITAL GOODS & MACHINERY,NON_SME
MAZDOCK,Mazagon Dock Shipbuilders Limited,,EQ,Naval Warships & Submarines,Naval Warships & Submarines,1,2026-08-22 20:45:04,DEFENCE & AEROSPACE,NON_SME
MBAPL,Madhya Bharat Agro Products Limited,,EQ,Complex Fertilizers & Soil Nutrients,Complex Fertilizers & Soil Nutrients,1,2026-08-22 20:45:04,CHEMICALS,NON_SME
MBEL,M & B Engineering Limited,,EQ,Precision Auto Engine Components,Precision Auto Engine Components,1,2026-08-22 20:45:04,AUTO ANCILLARIES,NON_SME
MBLINFRA,MBL Infrastructure Limited,,EQ,Civil & Commercial Construction,Civil & Commercial Construction,1,2026-08-22 20:45:04,CONSTRUCTION & INFRASTRUCTURE,NON_SME
MCCHRLS-B,Mac Charles India Limited,,EQ,Luxury Hotels & Resorts,Luxury Hotels & Resorts,1,2026-08-22 20:45:04,HOTELS & HOSPITALITY,NON_SME
MCL,M TEK COPPER LIMITED,,EQ,Copper Mining & Smelting,Copper Mining & Smelting,1,2026-08-22 20:45:04,ALUMINIUM & COPPER,NON_SME
MCLEODRUSS,Mcleod Russel India Limited,,EQ,Tea Plantations & Packaging,Tea Plantations & Packaging,1,2026-08-22 20:45:04,TEA & COFFEE,NON_SME
MCLOUD,Magellanic Cloud Limited,,EQ,Mid-Tier IT & Digital Solutions,Mid-Tier IT & Digital Solutions,1,2026-08-22 20:45:04,IT SERVICES,NON_SME
MCX,Multi Commodity Exchange of India Limited,,EQ,Stock & Commodity Derivatives Exchanges,Stock & Commodity Derivatives Exchanges,1,2026-08-22 20:45:04,CAPITAL MARKETS,NON_SME
MEDANTA,Global Health Limited,,EQ,Finished Formulations,Finished Formulations,1,2026-08-22 20:45:04,PHARMACEUTICALS,NON_SME
MEDIASSIST,Medi Assist Healthcare Services Limited,,EQ,Finished Formulations,Finished Formulations,1,2026-08-22 20:45:04,PHARMACEUTICALS,NON_SME
MEDICAMEQ,Medicamen Biotech Limited,,EQ,Biopharma & Biosimilars,Biopharma & Biosimilars,1,2026-08-22 20:45:04,PHARMACEUTICALS,NON_SME
MEDICAPQ,Medi Caps Limited,,EQ,Finished Formulations,Finished Formulations,1,2026-08-22 20:45:04,PHARMACEUTICALS,NON_SME
MEDICO,Medico Remedies Limited,,EQ,Finished Formulations,Finished Formulations,1,2026-08-22 20:45:04,PHARMACEUTICALS,NON_SME
MEDPLUS,Medplus Health Services Limited,,EQ,Finished Formulations,Finished Formulations,1,2026-08-22 20:45:04,PHARMACEUTICALS,NON_SME
MEESHO,Meesho Limited,,EQ,Social Commerce & Marketplace,Social Commerce & Marketplace,1,2026-08-22 20:45:04,E-COMMERCE & QUICK COMMERCE,NON_SME
MEGASTAR,Megastar Foods Limited,,EQ,Packaged Foods & Snacks,Packaged Foods & Snacks,1,2026-08-22 20:45:04,FOOD PROCESSING,NON_SME
MEIL,Mangal Electrical Industries Limited,,EQ,Conventional Thermal & Fossil Power,Conventional Thermal & Fossil Power,1,2026-08-22 20:45:04,POWER,NON_SME
MENNPIS,Menon Pistons Limited,,EQ,Precision Auto Engine Components,Precision Auto Engine Components,1,2026-08-22 20:45:04,AUTO ANCILLARIES,NON_SME
MENONBE,Menon Bearings Limited,,BE,Precision Bearings & Motion Controls,Precision Bearings & Motion Controls,1,2026-08-22 20:45:04,CAPITAL GOODS & MACHINERY,NON_SME
MEP,MEP Infrastructure Developers Limited,,BZ,Precision Auto Engine Components,Precision Auto Engine Components,1,2026-08-22 20:45:04,AUTO ANCILLARIES,NON_SME
MERCANTILE,Mercantile Ventures Limited,,EQ,Diversified Consumer & MSME NBFC,Diversified Consumer & MSME NBFC,1,2026-08-22 20:45:04,FINANCE & NBFC,NON_SME
MERCURYEV,Mercury Ev-Tech Limited,,EQ,Precision Auto Engine Components,Precision Auto Engine Components,1,2026-08-22 20:45:04,AUTO ANCILLARIES,NON_SME
METROBRAND,Metro Brands Limited,,EQ,Footwear Retail Chains,Footwear Retail Chains,1,2026-08-22 20:45:04,FOOTWEAR,NON_SME
METROGLOBL,Metroglobal Limited,,EQ,Commodity & Wholesale Trading,Commodity & Wholesale Trading,1,2026-08-22 20:45:04,COMMERCIAL TRADING,NON_SME
METROPOLIS,Metropolis Healthcare Limited,,EQ,Finished Formulations,Finished Formulations,1,2026-08-22 20:45:04,PHARMACEUTICALS,NON_SME
MFML,Mahalaxmi Fabric Mills Limited,,EQ,Cotton Spinning & Yarns,Cotton Spinning & Yarns,1,2026-08-22 20:45:04,TEXTILES,NON_SME
MFSL,Max Financial Services Limited,,EQ,Diversified Consumer & MSME NBFC,Diversified Consumer & MSME NBFC,1,2026-08-22 20:45:04,FINANCE & NBFC,NON_SME
MGEL,Mangalam Global Enterprise Limited,,BE,Edible Oils & Vanaspati,Edible Oils & Vanaspati,1,2026-08-22 20:45:04,FOOD PROCESSING,NON_SME
MGL,Mahanagar Gas Limited,,EQ,Refining & Petrochemicals,Refining & Petrochemicals,1,2026-08-22 20:45:04,OIL & GAS,NON_SME
MHLXMIRU,Mahalaxmi Rubtech Limited,,BE,Specialty Chemicals,Specialty Chemicals,1,2026-08-22 20:45:04,CHEMICALS,NON_SME
MHRIL,Mahindra Holidays & Resorts India Limited,,EQ,Luxury Hotels & Resorts,Luxury Hotels & Resorts,1,2026-08-22 20:45:04,HOTELS & HOSPITALITY,NON_SME
MICEL,MIC Electronics Limited,,BE,Commercial & Industrial Electronics EMS,Commercial & Industrial Electronics EMS,1,2026-08-22 20:45:04,EMS & ELECTRONICS,NON_SME
MIDHANI,Mishra Dhatu Nigam Limited,,EQ,Precision Defence Machining,Precision Defence Machining,1,2026-08-22 20:45:04,DEFENCE & AEROSPACE,NON_SME
MIDWESTLTD,Midwest Limited,,EQ,Industrial Minerals,Industrial Minerals,1,2026-08-22 20:45:04,MINING & MINERALS,NON_SME
MIIL,Meghna Infracon Infrastructure Limited,,EQ,Civil & Commercial Construction,Civil & Commercial Construction,1,2026-08-22 20:45:04,CONSTRUCTION & INFRASTRUCTURE,NON_SME
MILKYMIST,Milky Mist Dairy Food Limited,,EQ,Baby & Infant Nutrition,Baby & Infant Nutrition,1,2026-08-22 20:45:04,DAIRY & MILK PRODUCTS,NON_SME
MINALIND,Minal Industries Limited,,EQ,Bridal Gold Jewellery & Retail Showrooms,Bridal Gold Jewellery & Retail Showrooms,1,2026-08-22 20:45:04,JEWELLERY,NON_SME
MINDACORP,Minda Corporation Limited,,EQ,Auto Lighting & Electricals,Auto Lighting & Electricals,1,2026-08-22 20:45:04,AUTO ANCILLARIES,NON_SME
MINDTECK,Mindteck (India) Limited,,EQ,Engineering R&D (ER&D),Engineering R&D (ER&D),1,2026-08-22 20:45:04,IT SERVICES,NON_SME
MIRZAINT,Mirza International Limited,,EQ,Leather & Industrial Footwear,Leather & Industrial Footwear,1,2026-08-22 20:45:04,FOOTWEAR,NON_SME
MITCON,MITCON Consultancy & Engineering Services Limited,,BE,Precision Auto Engine Components,Precision Auto Engine Components,1,2026-08-22 20:45:04,AUTO ANCILLARIES,NON_SME
MITTAL,Mittal Life Style Limited,,EQ,Cotton Spinning & Yarns,Cotton Spinning & Yarns,1,2026-08-22 20:45:04,TEXTILES,NON_SME
MKEXIM,M.K. Exim (India) Limited,,EQ,Garments & Apparel Exports,Garments & Apparel Exports,1,2026-08-22 20:45:04,TEXTILES,NON_SME
MKPL,M K Proteins Limited,,EQ,Edible Oils & Vanaspati,Edible Oils & Vanaspati,1,2026-08-22 20:45:04,FOOD PROCESSING,NON_SME
MLKFOOD,Milkfood Limited,,EQ,Dairy Products,Dairy Products,1,2026-08-22 20:45:04,FOOD PROCESSING,NON_SME
MMFL,MM Forgings Limited,,EQ,Secondary Steel & TMT Rebars,Secondary Steel & TMT Rebars,1,2026-08-22 20:45:04,STEEL,NON_SME
MMP,MMP Industries Limited,,EQ,Specialty Chemicals,Specialty Chemicals,1,2026-08-22 20:45:04,CHEMICALS,NON_SME
MMTC,MMTC Limited,,EQ,State Commodity & Metals Trading,State Commodity & Metals Trading,1,2026-08-22 20:45:04,COMMERCIAL TRADING,NON_SME
MMWL,Media Matrix Worldwide Limited,,EQ,Paperboard & Packaging Cartons,Paperboard & Packaging Cartons,1,2026-08-22 20:45:04,PAPER & PACKAGING,NON_SME
MOBIKWIK,One Mobikwik Systems Limited,,EQ,Payment Gateway & FinTech SaaS,Payment Gateway & FinTech SaaS,1,2026-08-22 20:45:04,IT SERVICES,NON_SME
MODINATUR,Modi Naturals Limited,,BE,Edible Oils & Vanaspati,Edible Oils & Vanaspati,1,2026-08-22 20:45:04,FOOD PROCESSING,NON_SME
MODIRUBBER,Modi Rubber Limited,,EQ,Automotive Radial Tyres,Automotive Radial Tyres,1,2026-08-22 20:45:04,TYRES & RUBBER,NON_SME
MODIS,Modis Navnirman Limited,,EQ,Civil & Commercial Construction,Civil & Commercial Construction,1,2026-08-22 20:45:04,CONSTRUCTION & INFRASTRUCTURE,NON_SME
MODISONLTD,MODISON LIMITED,,BE,Metals & Fabrication,Metals & Fabrication,1,2026-08-22 20:45:04,METALS & FABRICATION,NON_SME
MODTHREAD,Modern Threads (India) Limited,,EQ,Cotton Spinning & Yarns,Cotton Spinning & Yarns,1,2026-08-22 20:45:04,TEXTILES,NON_SME
MOHITE,Mohite Industries Limited,,EQ,Commodity & Wholesale Trading,Commodity & Wholesale Trading,0,2026-08-22 20:45:04,COMMERCIAL TRADING,NON_SME
MOHITIND,Mohit Industries Limited,,EQ,Diamond & Studded Jewellery,Diamond & Studded Jewellery,0,2026-08-22 20:45:04,JEWELLERY,NON_SME
MOIL,MOIL Limited,,EQ,Iron Ore & Manganese Mining,Iron Ore & Manganese Mining,1,2026-08-22 20:45:04,MINING & MINERALS,NON_SME
MOKSH,Moksh Ornaments Limited,,EQ,Gold Jewellery & Retail,Gold Jewellery & Retail,1,2026-08-22 20:45:04,JEWELLERY,NON_SME
MOL,Meghmani Organics Limited,,EQ,Specialty Chemicals,Specialty Chemicals,1,2026-08-22 20:45:04,CHEMICALS,NON_SME
MOLBIO,Molbio Diagnostics Limited,,EQ,Diagnostic & Pathology Labs,Diagnostic & Pathology Labs,1,2026-08-22 20:45:04,HEALTHCARE SERVICES,NON_SME
MOLDTECH,Mold-Tek Technologies Limited,,BE,Mid-Tier IT & Digital Solutions,Mid-Tier IT & Digital Solutions,0,2026-08-22 20:45:04,IT SERVICES,NON_SME
MOLDTKPAC,Mold-Tek Packaging Limited,,EQ,Paperboard & Packaging Cartons,Paperboard & Packaging Cartons,1,2026-08-22 20:45:04,PAPER & PACKAGING,NON_SME
MONARCH,Monarch Networth Capital Limited,,EQ,API & Bulk Drugs,API & Bulk Drugs,1,2026-08-22 20:45:04,PHARMACEUTICALS,NON_SME
MONEYBOXX,Moneyboxx Finance Limited,,EQ,Diversified Consumer & MSME NBFC,Diversified Consumer & MSME NBFC,1,2026-08-22 20:45:04,FINANCE & NBFC,NON_SME
MONTECARLO,Monte Carlo Fashions Limited,,EQ,Garments & Apparel Exports,Garments & Apparel Exports,0,2026-08-22 20:45:04,TEXTILES,NON_SME
MOREPENLAB,Morepen Laboratories Limited,,EQ,Finished Formulations,Finished Formulations,1,2026-08-22 20:45:04,PHARMACEUTICALS,NON_SME
MOSCHIP,Moschip Technologies Limited,,EQ,Engineering R&D (ER&D),Engineering R&D (ER&D),1,2026-08-22 20:45:04,IT SERVICES,NON_SME
MOTHERSON,Samvardhana Motherson International Limited,,EQ,Auto Lighting & Electricals,Auto Lighting & Electricals,1,2026-08-22 20:45:04,AUTO ANCILLARIES,NON_SME
MOTILALOFS,Motilal Oswal Financial Services Limited,,EQ,Diversified Consumer & MSME NBFC,Diversified Consumer & MSME NBFC,1,2026-08-22 20:45:04,FINANCE & NBFC,NON_SME
MOTISONS,Motisons Jewellers Limited,,EQ,Gold Jewellery & Retail,Gold Jewellery & Retail,1,2026-08-22 20:45:04,JEWELLERY,NON_SME
MOTOGENFIN,The Motor & General Finance Limited,,BE,Diversified Consumer & MSME NBFC,Diversified Consumer & MSME NBFC,1,2026-08-22 20:45:04,FINANCE & NBFC,NON_SME
MPDL,MPDL Limited,,EQ,Residential Townships & Commercial REITs,Residential Townships & Commercial REITs,1,2026-08-22 20:45:04,REAL ESTATE,NON_SME
MPHASIS,MphasiS Limited,,EQ,Mid-Tier IT & Digital Solutions,Mid-Tier IT & Digital Solutions,1,2026-08-22 20:45:04,IT SERVICES,NON_SME
MPSLTD,MPS Limited,,EQ,Enterprise Software & SaaS,Enterprise Software & SaaS,1,2026-08-22 20:45:04,IT SERVICES,NON_SME
MRF,MRF Limited,,EQ,Automotive Radial Tyres,Automotive Radial Tyres,1,2026-08-22 20:45:04,TYRES & RUBBER,NON_SME
MRPL,Mangalore Refinery and Petrochemicals Limited,,EQ,Industrial & Basic Chemicals,Industrial & Basic Chemicals,1,2026-08-22 20:45:04,CHEMICALS,NON_SME
MSL,Mangalam Seeds Limited,,EQ,Hybrid Seeds & Agri Inputs,Hybrid Seeds & Agri Inputs,1,2026-08-22 20:45:04,AGRICULTURE & AGROCHEMICALS,NON_SME
MSPL,MSP Steel & Power Limited,,EQ,Secondary Steel & TMT Rebars,Secondary Steel & TMT Rebars,1,2026-08-22 20:45:04,STEEL,NON_SME
MSTCLTD,Mstc Limited,,EQ,Consumer Internet Platforms & Apps,Consumer Internet Platforms & Apps,1,2026-08-22 20:45:04,SERVICES & MEDIA,NON_SME
MSUMI,Motherson Sumi Wiring India Limited,,EQ,Auto Lighting & Electricals,Auto Lighting & Electricals,1,2026-08-22 20:45:04,AUTO ANCILLARIES,NON_SME
MTARTECH,Mtar Technologies Limited,,BE,Precision Defence Machining,Precision Defence Machining,1,2026-08-22 20:45:04,DEFENCE & AEROSPACE,NON_SME
MTEDUCARE,MT Educare Limited,,BE,Precision Auto Engine Components,Precision Auto Engine Components,1,2026-08-22 20:45:04,AUTO ANCILLARIES,NON_SME
MTNL,Mahanagar Telephone Nigam Limited,,EQ,Telecom Cellular Operators,Telecom Cellular Operators,1,2026-08-22 20:45:04,TELECOM,NON_SME
MUFIN,Mufin Green Finance Limited,,EQ,Diversified Consumer & MSME NBFC,Diversified Consumer & MSME NBFC,1,2026-08-22 20:45:04,FINANCE & NBFC,NON_SME
MUFTI,Credo Brands Marketing Limited,,EQ,Secondary Steel & TMT Rebars,Secondary Steel & TMT Rebars,1,2026-08-22 20:45:04,STEEL,NON_SME
MUKANDLTD,Mukand Limited,,EQ,Secondary Steel & TMT Rebars,Secondary Steel & TMT Rebars,1,2026-08-22 20:45:04,STEEL,NON_SME
MUKESHB,Mukesh Babu Financial Services Limited,,EQ,Diversified Consumer & MSME NBFC,Diversified Consumer & MSME NBFC,1,2026-08-22 20:45:04,FINANCE & NBFC,NON_SME
MUKKA,Mukka Proteins Limited,,EQ,Packaged Foods & Snacks,Packaged Foods & Snacks,1,2026-08-22 20:45:04,FOOD PROCESSING,NON_SME
MUKTAARTS,Mukta Arts Limited,,BE,Film Theatres & Broadcast Media,Film Theatres & Broadcast Media,1,2026-08-22 20:45:04,MEDIA & ENTERTAINMENT,NON_SME
MUNJALAU,Munjal Auto Industries Limited,,EQ,Precision Auto Engine Components,Precision Auto Engine Components,1,2026-08-22 20:45:04,AUTO ANCILLARIES,NON_SME
MUNJALSHOW,Munjal Showa Limited,,EQ,Auto Transmission & Driveline,Auto Transmission & Driveline,1,2026-08-22 20:45:04,AUTO ANCILLARIES,NON_SME
MURUDCERA,Murudeshwar Ceramics Limited,,EQ,Ceramic Tiles & Sanitaryware,Ceramic Tiles & Sanitaryware,1,2026-08-22 20:45:04,BUILDING MATERIALS,NON_SME
MUTHOOTCAP,Muthoot Capital Services Limited,,EQ,API & Bulk Drugs,API & Bulk Drugs,1,2026-08-22 20:45:04,PHARMACEUTICALS,NON_SME
MUTHOOTFIN,Muthoot Finance Limited,,EQ,Gold Finance,Gold Finance,1,2026-08-22 20:45:04,FINANCE & NBFC,NON_SME
MUTHOOTMF,Muthoot Microfin Limited,,EQ,Microfinance (MFI),Microfinance (MFI),1,2026-08-22 20:45:04,FINANCE & NBFC,NON_SME
MVELECTRO,MV Electrosystems Limited,,EQ,Mid-Tier IT & Digital Solutions,Mid-Tier IT & Digital Solutions,1,2026-08-22 20:45:04,IT SERVICES,NON_SME
MVGJL,Manoj Vaibhav Gems N Jewellers Limited,,EQ,Gold Jewellery & Retail,Gold Jewellery & Retail,1,2026-08-22 20:45:04,JEWELLERY,NON_SME
MWL,Mangalam Worldwide Limited,,EQ,Secondary Steel & TMT Rebars,Secondary Steel & TMT Rebars,1,2026-08-22 20:45:04,STEEL,NON_SME
MYSORPETRO,Mysore Petro Chemicals Limited,,EQ,Industrial & Basic Chemicals,Industrial & Basic Chemicals,1,2026-08-22 20:45:04,CHEMICALS,NON_SME
NACLIND,NACL Industries Limited,,EQ,Crop Protection Agrochemicals,Crop Protection Agrochemicals,1,2026-08-22 20:45:04,AGRICULTURE & AGROCHEMICALS,NON_SME
NAGREEKCAP,Nagreeka Capital & Infrastructure Limited,,EQ,API & Bulk Drugs,API & Bulk Drugs,1,2026-08-22 20:45:04,PHARMACEUTICALS,NON_SME
NAGREEKEXP,Nagreeka Exports Limited,,EQ,Commercial Ports & Terminals,Commercial Ports & Terminals,1,2026-08-22 20:45:04,SHIPBUILDING & PORTS,NON_SME
NAHARCAP,Nahar Capital and Financial Services Limited,,EQ,API & Bulk Drugs,API & Bulk Drugs,1,2026-08-22 20:45:04,PHARMACEUTICALS,NON_SME
NAHARINDUS,Nahar Industrial Enterprises Limited,,EQ,Cotton Spinning & Yarns,Cotton Spinning & Yarns,1,2026-08-22 20:45:04,TEXTILES,NON_SME
NAHARPOLY,Nahar Poly Films Limited,,EQ,Music Labels & VFX Studios,Music Labels & VFX Studios,1,2026-08-22 20:45:04,MEDIA & ENTERTAINMENT,NON_SME
NAHARSPING,Nahar Spinning Mills Limited,,EQ,Cotton Spinning & Yarns,Cotton Spinning & Yarns,1,2026-08-22 20:45:04,TEXTILES,NON_SME
NAM-INDIA,Nippon Life India Asset Management Limited,,EQ,Mutual Fund Asset Managers (AMC),Mutual Fund Asset Managers (AMC),1,2026-08-22 20:45:04,CAPITAL MARKETS,NON_SME
NARMADA,Narmada Agrobase Limited,,EQ,Animal Feed & Nutrition,Animal Feed & Nutrition,1,20260827_224508,AGRICULTURE & AGRI-INPUTS,NON_SME
NATCAPSUQ,Natural Capsules Limited,,EQ,Finished Formulations,Finished Formulations,1,2026-08-22 20:45:04,PHARMACEUTICALS,NON_SME
NATCOPHARM,Natco Pharma Limited,,EQ,Finished Formulations,Finished Formulations,1,2026-08-22 20:45:04,PHARMACEUTICALS,NON_SME
NATHBIOGEN,Nath Bio-Genes (India) Limited,,EQ,Hybrid Seeds & Agri Inputs,Hybrid Seeds & Agri Inputs,1,2026-08-22 20:45:04,AGRICULTURE & AGROCHEMICALS,NON_SME
NATIONALUM,National Aluminium Company Limited,,EQ,Primary Aluminium,Primary Aluminium,1,2026-08-22 20:45:04,ALUMINIUM & COPPER,NON_SME
NATIONSTD,National Standard (India) Limited,,EQ,Auto Transmission & Driveline,Auto Transmission & Driveline,1,2026-08-22 20:45:04,AUTO ANCILLARIES,NON_SME
NAUKRI,Info Edge (India) Limited,,EQ,Consumer Internet & Super Apps,Consumer Internet & Super Apps,1,2026-08-22 20:45:04,PROFESSIONAL & CONSUMER SERVICES,NON_SME
NAVA,NAVA LIMITED,,EQ,Ferro Alloys & Secondary Metals,Ferro Alloys & Secondary Metals,1,2026-08-22 20:45:04,METALS & FABRICATION,NON_SME
NAVINFLUOR,Navin Fluorine International Limited,,EQ,Fluorochemicals,Fluorochemicals,1,2026-08-22 20:45:04,CHEMICALS,NON_SME
NAVKARCORP,Navkar Corporation Limited,,EQ,Freight Forwarding & Multi-Modal Cargo,Freight Forwarding & Multi-Modal Cargo,1,2026-08-22 20:45:04,LOGISTICS & SUPPLY CHAIN,NON_SME
NAVKARURB,Navkar Urbanstructure Limited,,BE,Residential Townships & Commercial REITs,Residential Townships & Commercial REITs,1,2026-08-22 20:45:04,REAL ESTATE,NON_SME
NAVNETEDUL,Navneet Education Limited,,EQ,Education Academies & Publishing,Education Academies & Publishing,1,2026-08-22 20:45:04,EDUCATION & EDTECH,NON_SME
NAZARA,Nazara Technologies Limited,,EQ,"Gaming, Esports & Mobile Games","Gaming, Esports & Mobile Games",1,2026-08-22 20:45:04,MEDIA & ENTERTAINMENT,NON_SME
NBCC,NBCC (India) Limited,,EQ,Civil & Commercial Construction,Civil & Commercial Construction,1,2026-08-22 20:45:04,CONSTRUCTION & INFRASTRUCTURE,NON_SME
NBIFIN,N. B. I. Industrial Finance Company Limited,,EQ,Diversified Consumer & MSME NBFC,Diversified Consumer & MSME NBFC,1,2026-08-22 20:45:04,FINANCE & NBFC,NON_SME
NCC,NCC Limited,,EQ,Civil & Commercial Construction,Civil & Commercial Construction,1,2026-08-22 20:45:04,CONSTRUCTION & INFRASTRUCTURE,NON_SME
NCLIND,NCL Industries Limited,,EQ,Integrated Grey Cement,Integrated Grey Cement,1,2026-08-22 20:45:04,CEMENT,NON_SME
NDGL,Naga Dhunseri Group Limited,,EQ,Investment & Treasury Holding Companies,Investment & Treasury Holding Companies,1,20260827_224508,FINANCE & NBFC,NON_SME
NDL,Nandan Denim Limited,,EQ,Garments & Apparel Exports,Garments & Apparel Exports,1,2026-08-22 20:45:04,TEXTILES,NON_SME
NDLVENTURE,NDL Ventures Limited,,EQ,Diversified Consumer & MSME NBFC,Diversified Consumer & MSME NBFC,1,2026-08-22 20:45:04,FINANCE & NBFC,NON_SME
NDRAUTO,Ndr Auto Components Limited,,EQ,Precision Auto Engine Components,Precision Auto Engine Components,1,2026-08-22 20:45:04,AUTO ANCILLARIES,NON_SME
NDTV,New Delhi Television Limited,,EQ,Auto Lighting & Electricals,Auto Lighting & Electricals,1,2026-08-22 20:45:04,AUTO ANCILLARIES,NON_SME
NEAGI,Neelamalai Agro Industries Limited,,EQ,Tea & Coffee Plantations,Tea & Coffee Plantations,1,2026-08-22 20:45:04,TEA & COFFEE,NON_SME
NECCLTD,North Eastern Carrying Corporation Limited,,BE,Precision Auto Engine Components,Precision Auto Engine Components,1,2026-08-22 20:45:04,AUTO ANCILLARIES,NON_SME
NECLIFE,Nectar Lifesciences Limited,,EQ,Finished Formulations,Finished Formulations,1,2026-08-22 20:45:04,PHARMACEUTICALS,NON_SME
NELCAST,Nelcast Limited,,EQ,Auto Castings & Heavy Forgings,Auto Castings & Heavy Forgings,1,2026-08-22 20:45:04,AUTO ANCILLARIES,NON_SME
NELCO,NELCO Limited,,EQ,Optical Fiber & Telecom Infrastructure,Optical Fiber & Telecom Infrastructure,1,2026-08-22 20:45:04,TELECOM,NON_SME
NEOGEN,Neogen Chemicals Limited,,EQ,Industrial & Basic Chemicals,Industrial & Basic Chemicals,1,2026-08-22 20:45:04,CHEMICALS,NON_SME
NEPHROPLUS,Nephrocare Health Services Limited,,EQ,Finished Formulations,Finished Formulations,1,2026-08-22 20:45:04,PHARMACEUTICALS,NON_SME
NESCO,Nesco Limited,,EQ,Residential Townships & Commercial REITs,Residential Townships & Commercial REITs,1,2026-08-22 20:45:04,SERVICES & MEDIA,NON_SME
NESTLEIND,Nestle India Limited,,EQ,Packaged Foods & Snacks,Packaged Foods & Snacks,1,2026-08-22 20:45:04,FOOD PROCESSING,NON_SME
NETWEB,Netweb Technologies India Limited,,EQ,AI Servers & Supercomputing Hardware,AI Servers & Supercomputing Hardware,1,2026-08-22 20:45:04,DATA CENTERS & CLOUD,NON_SME
NETWORK18,Network18 Media & Investments Limited,,EQ,Diversified Consumer & MSME NBFC,Diversified Consumer & MSME NBFC,1,2026-08-22 20:45:04,FINANCE & NBFC,NON_SME
NEUEON,Neueon Corporation Limited,,BE,Renewable Energy & Solar,Renewable Energy & Solar,1,2026-08-22 20:45:04,POWER,NON_SME
NEULANDLAB,Neuland Laboratories Limited,,EQ,Finished Formulations,Finished Formulations,1,2026-08-22 20:45:04,PHARMACEUTICALS,NON_SME
NEWGEN,Newgen Software Technologies Limited,,EQ,Mid-Tier IT & Digital Solutions,Mid-Tier IT & Digital Solutions,1,2026-08-22 20:45:04,IT SERVICES,NON_SME
NEXTMEDIA,Next Mediaworks Limited,,EQ,Paperboard & Packaging Cartons,Paperboard & Packaging Cartons,1,2026-08-22 20:45:04,PAPER & PACKAGING,NON_SME
NFL,National Fertilizers Limited,,EQ,Fertilizers & Soil Nutrients,Fertilizers & Soil Nutrients,1,2026-08-22 20:45:04,FERTILIZERS,NON_SME
NGIL,Nakoda Group of Industries Limited,,BE,Packaged Foods & Snacks,Packaged Foods & Snacks,1,2026-08-22 20:45:04,FOOD PROCESSING,NON_SME
NGLFINE,NGL Fine-Chem Limited,,EQ,Industrial & Basic Chemicals,Industrial & Basic Chemicals,1,2026-08-22 20:45:04,CHEMICALS,NON_SME
NH,Narayana Hrudayalaya Ltd.,,EQ,Hospitals & Healthcare Chains,Hospitals & Healthcare Chains,1,2026-08-22 20:45:04,HEALTHCARE SERVICES,NON_SME
NHPC,NHPC Limited,,EQ,Green Energy Generation (IPP),Green Energy Generation (IPP),1,2026-08-22 20:45:04,RENEWABLE ENERGY,NON_SME
NIACL,The New India Assurance Company Limited,,EQ,General & Health Insurance,General & Health Insurance,1,2026-08-22 20:45:04,INSURANCE,NON_SME
NIBE,NIBE Limited,,EQ,Missiles & Military Explosives,Missiles & Military Explosives,1,2026-08-22 20:45:04,DEFENCE & AEROSPACE,NON_SME
NIBL,NRB Industrial Bearings Limited,,EQ,Precision Bearings & Motion Controls,Precision Bearings & Motion Controls,1,2026-08-22 20:45:04,CAPITAL GOODS & MACHINERY,NON_SME
NICCOPAR,Nicco Parks & Resorts Limited,,EQ,Luxury Hotels & Resorts,Luxury Hotels & Resorts,1,2026-08-22 20:45:04,HOTELS & HOSPITALITY,NON_SME
NIITLTD,NIIT Limited,,EQ,Education Academies & Publishing,Education Academies & Publishing,1,2026-08-22 20:45:04,EDUCATION & EDTECH,NON_SME
NIITMTS,NIIT Learning Systems Limited,,EQ,Education Academies & Publishing,Education Academies & Publishing,1,2026-08-22 20:45:04,EDUCATION & EDTECH,NON_SME
NILAINFRA,Nila Infrastructures Limited,,EQ,Precision Metal Fabrication,Precision Metal Fabrication,1,2026-08-22 20:45:04,METALS & FABRICATION,NON_SME
NILASPACES,Nila Spaces Limited,,EQ,Residential Townships & Commercial REITs,Residential Townships & Commercial REITs,1,2026-08-22 20:45:04,REAL ESTATE,NON_SME
NILE,Nile Limited,,EQ,Zinc & Non-Ferrous Alloys,Zinc & Non-Ferrous Alloys,1,2026-08-22 20:45:04,METALS & FABRICATION,NON_SME
NILKAMAL,Nilkamal Limited,,EQ,Furniture & Mattresses,Furniture & Mattresses,1,2026-08-22 20:45:04,CONSUMER DURABLES,NON_SME
NIMBSPROJ,Nimbus Projects Limited,,EQ,Precision Auto Engine Components,Precision Auto Engine Components,1,2026-08-22 20:45:04,AUTO ANCILLARIES,NON_SME
NINSYS,NINtec Systems Limited,,EQ,Mid-Tier IT & Digital Solutions,Mid-Tier IT & Digital Solutions,1,2026-08-22 20:45:04,IT SERVICES,NON_SME
NIPPOBATRY,Indo-National Limited,,EQ,Fast Moving Electrical Goods (FMEG),Fast Moving Electrical Goods (FMEG),1,2026-08-22 20:45:04,CONSUMER ELECTRICALS,NON_SME
NIRAJ,Niraj Cement Structurals Limited,,EQ,Regional Cement & RMC,Regional Cement & RMC,1,2026-08-22 20:45:04,CEMENT,NON_SME
NIRAJISPAT,Niraj Ispat Industries Limited,,EQ,Secondary Steel & TMT Rebars,Secondary Steel & TMT Rebars,1,2026-08-22 20:45:04,STEEL,NON_SME
NIRLON,Nirlon Limited,,EQ,Residential Townships & Commercial REITs,Residential Townships & Commercial REITs,1,2026-08-22 20:45:04,REAL ESTATE,NON_SME
NITCO,Nitco Limited,,EQ,Ceramic Tiles & Sanitaryware,Ceramic Tiles & Sanitaryware,1,2026-08-22 20:45:04,BUILDING MATERIALS,NON_SME
NITINSPIN,Nitin Spinners Limited,,EQ,Cotton Spinning & Yarns,Cotton Spinning & Yarns,1,2026-08-22 20:45:04,TEXTILES,NON_SME
NITIRAJ,Nitiraj Engineers Limited,,EQ,Precision Auto Engine Components,Precision Auto Engine Components,1,2026-08-22 20:45:04,AUTO ANCILLARIES,NON_SME
NITTAGELA,Nitta Gelatin India Limited,,EQ,Specialty Ingredients & Flavours,Specialty Ingredients & Flavours,1,2026-08-22 20:45:04,FOOD PROCESSING,NON_SME
NIVABUPA,Niva Bupa Health Insurance Company Limited,,EQ,Finished Formulations,Finished Formulations,1,2026-08-22 20:45:04,PHARMACEUTICALS,NON_SME
NKIND,NK Industries Limited,,EQ,Edible Oils & Vanaspati,Edible Oils & Vanaspati,1,2026-08-22 20:45:04,FOOD PROCESSING,NON_SME
NLCINDIA,NLC India Limited,,EQ,Thermal & Renewable Power Generation,Thermal & Renewable Power Generation,1,2026-08-22 20:45:04,POWER,NON_SME
NMDC,NMDC Limited,,EQ,Iron Ore & Manganese Mining,Iron Ore & Manganese Mining,1,2026-08-22 20:45:04,MINING & MINERALS,NON_SME
NOCIL,NOCIL Limited,,EQ,Specialty Chemicals,Specialty Chemicals,1,2026-08-22 20:45:04,CHEMICALS,NON_SME
NOIDATOLL,Noida Toll Bridge Company Limited,,BE,Heavy Infrastructure & Highways EPC,Heavy Infrastructure & Highways EPC,1,2026-08-22 20:45:04,CONSTRUCTION & INFRASTRUCTURE,NON_SME
NORBTEAEXP,Norben Tea & Exports Limited,,EQ,Tea Plantations & Packaging,Tea Plantations & Packaging,1,2026-08-22 20:45:04,TEA & COFFEE,NON_SME
NORTHARC,Northern Arc Capital Limited,,EQ,API & Bulk Drugs,API & Bulk Drugs,1,2026-08-22 20:45:04,PHARMACEUTICALS,NON_SME
NOVAAGRI,Nova Agritech Limited,,BE,Crop Protection Agrochemicals,Crop Protection Agrochemicals,1,2026-08-22 20:45:04,AGRICULTURE & AGROCHEMICALS,NON_SME
NOVARTIND,Novartis India Limited,,EQ,Finished Formulations,Finished Formulations,1,2026-08-22 20:45:04,PHARMACEUTICALS,NON_SME
NPST,Network People Services Technologies Limited,,EQ,Mid-Tier IT & Digital Solutions,Mid-Tier IT & Digital Solutions,1,2026-08-22 20:45:04,IT SERVICES,NON_SME
NRAIL,N R Agarwal Industries Limited,,EQ,Paperboard & Packaging Cartons,Paperboard & Packaging Cartons,1,2026-08-22 20:45:04,PAPER & PACKAGING,NON_SME
NRBBEARING,NRB Bearing Limited,,EQ,Precision Bearings & Motion Controls,Precision Bearings & Motion Controls,1,2026-08-22 20:45:04,CAPITAL GOODS & MACHINERY,NON_SME
NRL,Nupur Recyclers Limited,,BE,Precision Auto Engine Components,Precision Auto Engine Components,1,2026-08-22 20:45:04,AUTO ANCILLARIES,NON_SME
NSIL,Nalwa Sons Investments Limited,,EQ,Diversified Consumer & MSME NBFC,Diversified Consumer & MSME NBFC,1,2026-08-22 20:45:04,FINANCE & NBFC,NON_SME
NSLNISP,NMDC Steel Limited,,EQ,Secondary Steel & TMT Rebars,Secondary Steel & TMT Rebars,1,2026-08-22 20:45:04,STEEL,NON_SME
NTCIND,NTC Industries Limited,,EQ,3PL Logistics & Fleet Haulage,3PL Logistics & Fleet Haulage,1,2026-08-22 20:45:04,LOGISTICS & SUPPLY CHAIN,NON_SME
NTPC,NTPC Limited,,EQ,Conventional Thermal & Fossil Power,Conventional Thermal & Fossil Power,1,2026-08-22 20:45:04,POWER,NON_SME
NTPCGREEN,NTPC Green Energy Limited,,EQ,Green Energy Generation (IPP),Green Energy Generation (IPP),1,2026-08-22 20:45:04,RENEWABLE ENERGY,NON_SME
NUCLEUS,Nucleus Software Exports Limited,,EQ,Mid-Tier IT & Digital Solutions,Mid-Tier IT & Digital Solutions,1,2026-08-22 20:45:04,IT SERVICES,NON_SME
NURECA,Nureca Limited,,BE,Medical Clinics & Equipment,Medical Clinics & Equipment,1,2026-08-22 20:45:04,HEALTHCARE SERVICES,NON_SME
NUVAMA,Nuvama Wealth Management Limited,,EQ,Stockbroking & Wealth Management,Stockbroking & Wealth Management,1,2026-08-22 20:45:04,CAPITAL MARKETS,NON_SME
NUVOCO,Nuvoco Vistas Corporation Limited,,EQ,Integrated Grey Cement,Integrated Grey Cement,1,2026-08-22 20:45:04,CEMENT,NON_SME
NYKAA,FSN E-Commerce Ventures Limited,,EQ,Beauty & Fashion E-Commerce,Beauty & Fashion E-Commerce,1,2026-08-22 20:45:04,E-COMMERCE & QUICK COMMERCE,NON_SME
OAL,Oriental Aromatics Limited,,EQ,Specialty Chemicals,Specialty Chemicals,1,2026-08-22 20:45:04,CHEMICALS,NON_SME
OBCL,OBCL Limited,,EQ,Civil & Commercial Construction,Civil & Commercial Construction,1,2026-08-22 20:45:04,CONSTRUCTION & INFRASTRUCTURE,NON_SME
OBEROIRLTY,Oberoi Realty Limited,,EQ,Residential Real Estate,Residential Real Estate,1,2026-08-22 20:45:04,REAL ESTATE,NON_SME
OCCLLTD,OCCL Limited,,BE,Specialty Chemicals,Specialty Chemicals,1,20260827_224508,CHEMICALS,NON_SME
ODIGMA,Odigma Consultancy Solutions Limited,,EQ,Mid-Tier IT & Digital Solutions,Mid-Tier IT & Digital Solutions,1,2026-08-22 20:45:04,IT SERVICES,NON_SME
ODYCORP,Odyssey Corporation Limited,,EQ,Film Theatres & Broadcast Media,Film Theatres & Broadcast Media,1,2026-08-22 20:45:04,MEDIA & ENTERTAINMENT,NON_SME
OFSS,Oracle Financial Services Software Limited,,EQ,Diversified Consumer & MSME NBFC,Diversified Consumer & MSME NBFC,1,2026-08-22 20:45:04,FINANCE & NBFC,NON_SME
OIL,Oil India Limited,,EQ,Refining & Petrochemicals,Refining & Petrochemicals,1,2026-08-22 20:45:04,OIL & GAS,NON_SME
OILCOUNTUB,Oil Country Tubular Limited,,BE,Refining & Petrochemicals,Refining & Petrochemicals,1,2026-08-22 20:45:04,OIL & GAS,NON_SME
OLAELEC,Ola Electric Mobility Limited,,EQ,Precision Auto Engine Components,Precision Auto Engine Components,1,2026-08-22 20:45:04,AUTO ANCILLARIES,NON_SME
OLECTRA,Olectra Greentech Limited,,EQ,Electric Vehicles (EV),Electric Vehicles (EV),1,2026-08-22 20:45:04,AUTOMOBILE,NON_SME
OMAXAUTO,Omax Autos Limited,,EQ,Precision Auto Engine Components,Precision Auto Engine Components,1,2026-08-22 20:45:04,AUTO ANCILLARIES,NON_SME
OMAXE,Omaxe Limited,,EQ,Residential Townships & Commercial REITs,Residential Townships & Commercial REITs,1,2026-08-22 20:45:04,REAL ESTATE,NON_SME
OMFREIGHT,Om Freight Forwarders Limited,,BE,3PL Logistics & Fleet Haulage,3PL Logistics & Fleet Haulage,1,2026-08-22 20:45:04,LOGISTICS & SUPPLY CHAIN,NON_SME
OMINFRAL,OM INFRA LIMITED,,EQ,Civil & Commercial Construction,Civil & Commercial Construction,1,2026-08-22 20:45:04,CONSTRUCTION & INFRASTRUCTURE,NON_SME
OMNI,Omnitech Engineering Limited,,EQ,Precision Auto Engine Components,Precision Auto Engine Components,1,2026-08-22 20:45:04,AUTO ANCILLARIES,NON_SME
OMPOWER,Om Power Transmission Limited,,EQ,Conventional Thermal & Fossil Power,Conventional Thermal & Fossil Power,1,2026-08-22 20:45:04,POWER,NON_SME
ONEGLOBAL,One Global Service Provider Limited,,EQ,Optical Fiber & Telecom Infrastructure,Optical Fiber & Telecom Infrastructure,1,2026-08-22 20:45:04,TELECOM,NON_SME
ONELIFECAP,Onelife Capital Advisors Limited,,BE,API & Bulk Drugs,API & Bulk Drugs,1,2026-08-22 20:45:04,PHARMACEUTICALS,NON_SME
ONEPOINT,One Point One Solutions Limited,,EQ,Mid-Tier IT & Digital Solutions,Mid-Tier IT & Digital Solutions,1,2026-08-22 20:45:04,IT SERVICES,NON_SME
ONESOURCE,Onesource Specialty Pharma Limited,,EQ,Finished Formulations,Finished Formulations,1,2026-08-22 20:45:04,PHARMACEUTICALS,NON_SME
ONGC,Oil & Natural Gas Corporation Limited,,EQ,Refining & Petrochemicals,Refining & Petrochemicals,1,2026-08-22 20:45:04,OIL & GAS,NON_SME
ONIDA,Onida Electronics Limited,,EQ,Commercial & Industrial Electronics EMS,Commercial & Industrial Electronics EMS,1,2026-08-22 20:45:04,EMS & ELECTRONICS,NON_SME
ONIXSOLAR,Onix Solar Energy Limited,,EQ,Solar PV & Green Hydrogen,Solar PV & Green Hydrogen,1,2026-08-22 20:45:04,RENEWABLE ENERGY,NON_SME
ONMOBILE,OnMobile Global Limited,,BE,Enterprise Software & SaaS,Enterprise Software & SaaS,1,2026-08-22 20:45:04,IT SERVICES,NON_SME
ONWARDTEC,Onward Technologies Limited,,EQ,Mid-Tier IT & Digital Solutions,Mid-Tier IT & Digital Solutions,1,2026-08-22 20:45:04,IT SERVICES,NON_SME
OPTIEMUS,Optiemus Infracom Limited,,EQ,Civil & Commercial Construction,Civil & Commercial Construction,1,2026-08-22 20:45:04,CONSTRUCTION & INFRASTRUCTURE,NON_SME
OPTIFIN,Optimus Finance Limited,,EQ,Diversified Consumer & MSME NBFC,Diversified Consumer & MSME NBFC,1,2026-08-22 20:45:04,FINANCE & NBFC,NON_SME
ORBTEXP,Orbit Exports Limited,,BE,Commercial Ports & Terminals,Commercial Ports & Terminals,1,2026-08-22 20:45:04,SHIPBUILDING & PORTS,NON_SME
ORCHASP,Orchasp Limited,,EQ,Mid-Tier IT & Digital Solutions,Mid-Tier IT & Digital Solutions,1,2026-08-22 20:45:04,IT SERVICES,NON_SME
ORCHPHARMA,Orchid Pharma Limited,,EQ,Finished Formulations,Finished Formulations,1,2026-08-22 20:45:04,PHARMACEUTICALS,NON_SME
ORICONENT,Oricon Enterprises Limited,,EQ,Flexible Packaging Films,Flexible Packaging Films,1,2026-08-22 20:45:04,PAPER & PACKAGING,NON_SME
ORIENTALTL,Oriental Trimex Limited,,EQ,Ceramic Tiles & Sanitaryware,Ceramic Tiles & Sanitaryware,1,2026-08-22 20:45:04,BUILDING MATERIALS,NON_SME
ORIENTBELL,Orient Bell Limited,,EQ,Defence Electronics & Radars,Defence Electronics & Radars,1,2026-08-22 20:45:04,DEFENCE & AEROSPACE,NON_SME
ORIENTCEM,Orient Cement Limited,,EQ,Regional Cement & RMC,Regional Cement & RMC,1,2026-08-22 20:45:04,CEMENT,NON_SME
ORIENTCER,ORIENT CERATECH LIMITED,,EQ,Mid-Tier IT & Digital Solutions,Mid-Tier IT & Digital Solutions,1,2026-08-22 20:45:04,IT SERVICES,NON_SME
ORIENTELEC,Orient Electric Limited,,EQ,Conventional Thermal & Fossil Power,Conventional Thermal & Fossil Power,1,2026-08-22 20:45:04,POWER,NON_SME
ORIENTHOT,Oriental Hotels Limited,,EQ,Luxury Hotels & Resorts,Luxury Hotels & Resorts,1,2026-08-22 20:45:04,HOTELS & HOSPITALITY,NON_SME
ORIENTLTD,Orient Press Limited,,BE,Paperboard & Packaging Cartons,Paperboard & Packaging Cartons,1,2026-08-22 20:45:04,PAPER & PACKAGING,NON_SME
ORIENTPPR,Orient Paper & Industries Limited,,EQ,Paperboard & Packaging Cartons,Paperboard & Packaging Cartons,1,2026-08-22 20:45:04,PAPER & PACKAGING,NON_SME
ORIENTTECH,Orient Technologies Limited,,EQ,Mid-Tier IT & Digital Solutions,Mid-Tier IT & Digital Solutions,1,2026-08-22 20:45:04,IT SERVICES,NON_SME
ORIRAIL,Oriental Rail Infrastructure Limited,,EQ,Civil & Commercial Construction,Civil & Commercial Construction,1,2026-08-22 20:45:04,CONSTRUCTION & INFRASTRUCTURE,NON_SME
ORISSAMINE,The Orissa Minerals Development Company Limited,,EQ,Industrial Minerals,Industrial Minerals,1,2026-08-22 20:45:04,MINING & MINERALS,NON_SME
ORKLAINDIA,Orkla India Limited,,EQ,Packaged Foods & Snacks,Packaged Foods & Snacks,1,2026-08-22 20:45:04,FOOD PROCESSING,NON_SME
ORTINGLOBE,ORTIN GLOBAL LIMITED,,EQ,Commodity & Wholesale Trading,Commodity & Wholesale Trading,1,2026-08-22 20:45:04,COMMERCIAL TRADING,NON_SME
OSIAHYPER,Osia Hyper Retail Limited,,BE,Specialty Retail Boutiques,Specialty Retail Boutiques,1,2026-08-22 20:45:04,RETAIL,NON_SME
OSWALAGRO,Oswal Agro Mills Limited,,EQ,Residential Townships & Commercial REITs,Residential Townships & Commercial REITs,1,2026-08-22 20:45:04,REAL ESTATE,NON_SME
OSWALGREEN,Oswal Greentech Limited,,EQ,Renewable Energy & Solar,Renewable Energy & Solar,1,2026-08-22 20:45:04,RENEWABLE ENERGY,NON_SME
OSWALPUMPS,Oswal Pumps Limited,,EQ,Pumps & Compressors,Pumps & Compressors,1,2026-08-22 20:45:04,CAPITAL GOODS & MACHINERY,NON_SME
OSWALSEEDS,ShreeOswal Seeds And Chemicals Limited,,EQ,Hybrid Seeds & Agri Inputs,Hybrid Seeds & Agri Inputs,1,2026-08-22 20:45:04,AGRICULTURE & AGROCHEMICALS,NON_SME
PACEDIGITK,Pace Digitek Limited,,EQ,Optical Fiber & Telecom Infrastructure,Optical Fiber & Telecom Infrastructure,1,2026-08-22 20:45:04,TELECOM,NON_SME
PACIFICI,Pacific Industries Limited,,EQ,Industrial Minerals,Industrial Minerals,1,2026-08-22 20:45:04,MINING & MINERALS,NON_SME
PAGEIND,Page Industries Limited,,EQ,Innerwear & Athleisure,Innerwear & Athleisure,1,2026-08-22 20:45:04,TEXTILES,NON_SME
PAISALO,Paisalo Digital Limited,,EQ,Diversified Consumer & MSME NBFC,Diversified Consumer & MSME NBFC,1,2026-08-22 20:45:04,FINANCE & NBFC,NON_SME
PAKKA,PAKKA LIMITED,,EQ,Paperboard & Packaging Cartons,Paperboard & Packaging Cartons,1,2026-08-22 20:45:04,PAPER & PACKAGING,NON_SME
PALASHSECU,Palash Securities Limited,,EQ,Stockbroking & Wealth Management,Stockbroking & Wealth Management,1,2026-08-22 20:45:04,CAPITAL MARKETS,NON_SME
PALREDTEC,Palred Technologies Limited,,BE,Mid-Tier IT & Digital Solutions,Mid-Tier IT & Digital Solutions,1,2026-08-22 20:45:04,IT SERVICES,NON_SME
PANACEABIO,Panacea Biotec Limited,,EQ,Finished Formulations,Finished Formulations,1,2026-08-22 20:45:04,PHARMACEUTICALS,NON_SME
PANACHE,Panache Digilife Limited,,BE,PCB Assembly & Fabrication,PCB Assembly & Fabrication,1,2026-08-22 20:45:04,EMS & ELECTRONICS,NON_SME
PANAMAPET,Panama Petrochem Limited,,EQ,Industrial & Basic Chemicals,Industrial & Basic Chemicals,1,2026-08-22 20:45:04,CHEMICALS,NON_SME
PANCHMAHQ,Panchmahal Steel Limited,,EQ,Secondary Steel & TMT Rebars,Secondary Steel & TMT Rebars,1,2026-08-22 20:45:04,STEEL,NON_SME
PANORAMA,Panorama Studios International Limited,,EQ,Film Theatres & Broadcast Media,Film Theatres & Broadcast Media,1,2026-08-22 20:45:04,MEDIA & ENTERTAINMENT,NON_SME
PANSARI,Pansari Developers Limited,,EQ,Precision Auto Engine Components,Precision Auto Engine Components,1,2026-08-22 20:45:04,AUTO ANCILLARIES,NON_SME
PAR,Par Drugs And Chemicals Limited,,EQ,Finished Formulations,Finished Formulations,1,2026-08-22 20:45:04,PHARMACEUTICALS,NON_SME
PARACABLES,Paramount Communications Limited,,EQ,Wires & Cables,Wires & Cables,1,2026-08-22 20:45:04,CONSUMER ELECTRICALS,NON_SME
PARADEEP,Paradeep Phosphates Limited,,EQ,Fertilizers & Soil Nutrients,Fertilizers & Soil Nutrients,1,2026-08-22 20:45:04,FERTILIZERS,NON_SME
PARAGMILK,Parag Milk Foods Limited,,EQ,Liquid Milk & Value-Added Dairy,Liquid Milk & Value-Added Dairy,1,2026-08-22 20:45:04,DAIRY & MILK PRODUCTS,NON_SME
PARAS,Paras Defence and Space Technologies Limited,,EQ,Defence Electronics & Radars,Defence Electronics & Radars,1,2026-08-22 20:45:04,DEFENCE & AEROSPACE,NON_SME
PARASPETRO,Paras Petrofils Limited,,EQ,Defence Electronics & Radars,Defence Electronics & Radars,1,2026-08-22 20:45:04,DEFENCE & AEROSPACE,NON_SME
PARKHOSPS,Park Medi World Limited,,EQ,Tertiary Hospitals & Clinics,Tertiary Hospitals & Clinics,1,2026-08-22 20:45:04,HEALTHCARE SERVICES,NON_SME
PARKHOTELS,Apeejay Surrendra Park Hotels Limited,,EQ,Luxury Hotels & Resorts,Luxury Hotels & Resorts,1,2026-08-22 20:45:04,HOTELS & HOSPITALITY,NON_SME
PARNAXLAB,Parnax Lab Limited,,EQ,Finished Formulations,Finished Formulations,1,2026-08-22 20:45:04,PHARMACEUTICALS,NON_SME
PARSVNATH,Parsvnath Developers Limited,,BE,Precision Auto Engine Components,Precision Auto Engine Components,1,2026-08-22 20:45:04,AUTO ANCILLARIES,NON_SME
PASHUPATI,Pashupati Cotspin Limited,,EQ,Cotton Spinning & Yarns,Cotton Spinning & Yarns,1,2026-08-22 20:45:04,TEXTILES,NON_SME
PASUPTAC,Pasupati Acrylon Limited,,BE,Cotton Spinning & Yarns,Cotton Spinning & Yarns,1,2026-08-22 20:45:04,TEXTILES,NON_SME
PATANJALI,Patanjali Foods Limited,,EQ,Packaged Foods & Snacks,Packaged Foods & Snacks,1,2026-08-22 20:45:04,FOOD PROCESSING,NON_SME
PATELENG,Patel Engineering Limited,,EQ,Precision Auto Engine Components,Precision Auto Engine Components,1,2026-08-22 20:45:04,AUTO ANCILLARIES,NON_SME
PATELRMART,Patel Retail Limited,,EQ,Specialty Retail Boutiques,Specialty Retail Boutiques,1,2026-08-22 20:45:04,RETAIL,NON_SME
PATINTLOG,Patel Integrated Logistics Limited,,BE,3PL Logistics & Fleet Haulage,3PL Logistics & Fleet Haulage,1,2026-08-22 20:45:04,LOGISTICS & SUPPLY CHAIN,NON_SME
PAUSHAKLTD,Paushak Limited,,EQ,Specialty Chemicals,Specialty Chemicals,1,2026-08-22 20:45:04,CHEMICALS,NON_SME
PAVNAIND,Pavna Industries Limited,,EQ,Auto Lighting & Electricals,Auto Lighting & Electricals,1,2026-08-22 20:45:04,AUTO ANCILLARIES,NON_SME
PAYTM,One 97 Communications Limited,,EQ,Consumer Internet & Super Apps,Consumer Internet & Super Apps,1,2026-08-22 20:45:04,PROFESSIONAL & CONSUMER SERVICES,NON_SME
PBMPOLY,PBM Polytex Limited,,EQ,Cotton Spinning & Yarns,Cotton Spinning & Yarns,1,2026-08-22 20:45:04,TEXTILES,NON_SME
PCBL,PCBL Chemical Limited,,EQ,Industrial & Basic Chemicals,Industrial & Basic Chemicals,1,2026-08-22 20:45:04,CHEMICALS,NON_SME
PCJEWELLER,PC Jeweller Limited,,EQ,Gold Jewellery & Retail,Gold Jewellery & Retail,1,2026-08-22 20:45:04,JEWELLERY,NON_SME
PDMJEPAPER,Pudumjee Paper Products Limited,,EQ,Paperboard & Packaging Cartons,Paperboard & Packaging Cartons,1,2026-08-22 20:45:04,PAPER & PACKAGING,NON_SME
PDSL,PDS Limited,,EQ,Garments & Apparel Exports,Garments & Apparel Exports,1,2026-08-22 20:45:04,TEXTILES,NON_SME
PEARLPOLY,Pearl Polymers Limited,,EQ,Industrial & Basic Chemicals,Industrial & Basic Chemicals,1,2026-08-22 20:45:04,CHEMICALS,NON_SME
PENIND,Pennar Industries Limited,,EQ,Steel Pipes & Tubes,Steel Pipes & Tubes,1,2026-08-22 20:45:04,STEEL,NON_SME
PENINLAND,Peninsula Land Limited,,BE,IMFL Spirits & Distilleries,IMFL Spirits & Distilleries,1,2026-08-22 20:45:04,BEVERAGES & DISTILLERIES,NON_SME
PERMAGN,Permanent Magnets Limited,,EQ,Metals & Fabrication,Metals & Fabrication,1,2026-08-22 20:45:04,METALS & FABRICATION,NON_SME
PERSISTENT,Persistent Systems Limited,,EQ,Mid-Tier IT & Digital Solutions,Mid-Tier IT & Digital Solutions,1,2026-08-22 20:45:04,IT SERVICES,NON_SME
PETRONET,Petronet LNG Limited,,EQ,Refining & Marketing (OMC),Refining & Marketing (OMC),1,2026-08-22 20:45:04,OIL & GAS,NON_SME
PFC,Power Finance Corporation Limited,,EQ,Corporate & Wholesale Finance,Corporate & Wholesale Finance,1,2026-08-22 20:45:04,FINANCE & NBFC,NON_SME
PFIZER,Pfizer Limited,,EQ,Finished Formulations,Finished Formulations,1,2026-08-22 20:45:04,PHARMACEUTICALS,NON_SME
PFOCUS,Prime Focus Limited,,EQ,Film Theatres & Broadcast Media,Film Theatres & Broadcast Media,1,2026-08-22 20:45:04,MEDIA & ENTERTAINMENT,NON_SME
PFS,PTC India Financial Services Limited,,EQ,Diversified Consumer & MSME NBFC,Diversified Consumer & MSME NBFC,1,2026-08-22 20:45:04,FINANCE & NBFC,NON_SME
PGEL,PG Electroplast Limited,,EQ,Domestic & Consumer Appliances EMS,Domestic & Consumer Appliances EMS,1,2026-08-22 20:45:04,EMS & ELECTRONICS,NON_SME
PGHH,Procter & Gamble Hygiene and Health Care Limited,,EQ,Finished Formulations,Finished Formulations,1,2026-08-22 20:45:04,PHARMACEUTICALS,NON_SME
PGHL,Procter & Gamble Health Limited,,EQ,Finished Formulations,Finished Formulations,1,2026-08-22 20:45:04,PHARMACEUTICALS,NON_SME
PGIL,Pearl Global Industries Limited,,EQ,Garments & Apparel Exports,Garments & Apparel Exports,1,2026-08-22 20:45:04,TEXTILES,NON_SME
PHOENIXLTD,The Phoenix Mills Limited,,EQ,Residential Townships & Commercial REITs,Residential Townships & Commercial REITs,1,2026-08-22 20:45:04,REAL ESTATE,NON_SME
PHOENXINTL,Phoenix International Limited,,EQ,Sports & Athleisure Footwear,Sports & Athleisure Footwear,1,2026-08-22 20:45:04,FOOTWEAR,NON_SME
PICCADIL,Piccadily Agro Industries Limited,,EQ,IMFL Spirits & Distilleries,IMFL Spirits & Distilleries,1,2026-08-22 20:45:04,BEVERAGES & DISTILLERIES,NON_SME
PIDILITIND,Pidilite Industries Limited,,EQ,Decorative Paints,Decorative Paints,1,2026-08-22 20:45:04,PAINTS & COATINGS,NON_SME
PIGL,Power & Instrumentation (Gujarat) Limited,,EQ,Conventional Thermal & Fossil Power,Conventional Thermal & Fossil Power,1,2026-08-22 20:45:04,POWER,NON_SME
PIIND,PI Industries Limited,,EQ,Crop Protection Formulations,Crop Protection Formulations,1,2026-08-22 20:45:04,AGRICULTURE & AGROCHEMICALS,NON_SME
PILANIINVS,Pilani Investment and Industries Corporation Limited,,EQ,Diversified Consumer & MSME NBFC,Diversified Consumer & MSME NBFC,1,2026-08-22 20:45:04,FINANCE & NBFC,NON_SME
PILITA,PIL ITALICA LIFESTYLE LIMITED,,EQ,Furniture & Mattresses,Furniture & Mattresses,1,2026-08-22 20:45:04,CONSUMER DURABLES,NON_SME
PINELABS,Pine Labs Limited,,EQ,Finished Formulations,Finished Formulations,1,2026-08-22 20:45:04,PHARMACEUTICALS,NON_SME
PIONEEREMB,Pioneer Embroideries Limited,,EQ,Garments & Apparel Exports,Garments & Apparel Exports,1,2026-08-22 20:45:04,TEXTILES,NON_SME
PIONRINV,Pioneer Investcorp Limited,,BE,Wealth Broking & Advisory,Wealth Broking & Advisory,1,2026-08-22 20:45:04,CAPITAL MARKETS,NON_SME
PIRAMALFIN,Piramal Finance Limited,,EQ,Diversified Consumer & MSME NBFC,Diversified Consumer & MSME NBFC,1,2026-08-22 20:45:04,FINANCE & NBFC,NON_SME
PITTIENG,Pitti Engineering Limited,,EQ,Precision Auto Engine Components,Precision Auto Engine Components,1,2026-08-22 20:45:04,AUTO ANCILLARIES,NON_SME
PIXTRANS,Pix Transmissions Limited,,EQ,Conventional Thermal & Fossil Power,Conventional Thermal & Fossil Power,1,2026-08-22 20:45:04,POWER,NON_SME
PKTEA,The Peria Karamalai Tea & Produce Company Limited,,EQ,Tea Plantations & Packaging,Tea Plantations & Packaging,1,2026-08-22 20:45:04,TEA & COFFEE,NON_SME
PLASTIBLEN,Plastiblends India Limited,,EQ,Specialty Chemicals,Specialty Chemicals,1,2026-08-22 20:45:04,CHEMICALS,NON_SME
PLATIND,Platinum Industries Limited,,EQ,PVC Stabilizers & Additives,PVC Stabilizers & Additives,1,2026-08-22 20:45:04,CHEMICALS,NON_SME
PLAZACABLE,Plaza Wires Limited,,EQ,Wires & Cables,Wires & Cables,1,2026-08-22 20:45:04,CONSUMER ELECTRICALS,NON_SME
PML,Paul Merchants Limited,,EQ,Diversified Consumer & MSME NBFC,Diversified Consumer & MSME NBFC,1,2026-08-22 20:45:04,FINANCE & NBFC,NON_SME
PNB,Punjab National Bank,,EQ,Public Sector Banks (PSU),Public Sector Banks (PSU),1,2026-08-22 20:45:04,BANKING,NON_SME
PNBGILTS,PNB Gilts Limited,,EQ,Government Securities & Bond Dealing,Government Securities & Bond Dealing,1,2026-08-22 20:45:04,CAPITAL MARKETS,NON_SME
PNBHOUSING,PNB Housing Finance Limited,,EQ,Housing Finance (HFC),Housing Finance (HFC),1,2026-08-22 20:45:04,FINANCE & NBFC,NON_SME
PNC,Pritish Nandy Communications Limited,,EQ,Film Theatres & Broadcast Media,Film Theatres & Broadcast Media,1,2026-08-22 20:45:04,MEDIA & ENTERTAINMENT,NON_SME
PNCINFRA,PNC Infratech Limited,,EQ,Roads & Highways EPC,Roads & Highways EPC,1,2026-08-22 20:45:04,CONSTRUCTION & INFRASTRUCTURE,NON_SME
PNGJL,P N Gadgil Jewellers Limited,,EQ,Gold Jewellery & Retail,Gold Jewellery & Retail,1,2026-08-22 20:45:04,JEWELLERY,NON_SME
PNGSREVA,PNGS Reva Diamond Jewellery Limited,,EQ,Precision Auto Engine Components,Precision Auto Engine Components,1,2026-08-22 20:45:04,AUTO ANCILLARIES,NON_SME
POCL,Pondy Oxides & Chemicals Limited,,EQ,Industrial & Basic Chemicals,Industrial & Basic Chemicals,1,2026-08-22 20:45:04,CHEMICALS,NON_SME
PODDARMENT,Poddar Pigments Limited,,EQ,Pigments & Dyes,Pigments & Dyes,1,2026-08-22 20:45:04,CHEMICALS,NON_SME
POEL,POCL Enterprises Limited,,EQ,Zinc & Non-Ferrous Alloys,Zinc & Non-Ferrous Alloys,1,2026-08-22 20:45:04,METALS & FABRICATION,NON_SME
POKARNA,Pokarna Limited,,EQ,Ceramic Tiles & Sanitaryware,Ceramic Tiles & Sanitaryware,1,2026-08-22 20:45:04,BUILDING MATERIALS,NON_SME
POLICYBZR,PB Fintech Limited,,EQ,Diversified Consumer & MSME NBFC,Diversified Consumer & MSME NBFC,1,2026-08-22 20:45:04,FINANCE & NBFC,NON_SME
POLYCAB,Polycab India Limited,,EQ,Wires & Cables,Wires & Cables,1,2026-08-22 20:45:04,CONSUMER ELECTRICALS,NON_SME
POLYMED,Poly Medicure Limited,,EQ,Medical Clinics & Equipment,Medical Clinics & Equipment,1,2026-08-22 20:45:04,HEALTHCARE SERVICES,NON_SME
POLYPLEX,Polyplex Corporation Limited,,EQ,Flexible Packaging Films,Flexible Packaging Films,1,2026-08-22 20:45:04,PAPER & PACKAGING,NON_SME
POLYSPIN,Polyspin Exports Limited,,EQ,Commercial Ports & Terminals,Commercial Ports & Terminals,1,2026-08-22 20:45:04,SHIPBUILDING & PORTS,NON_SME
PONNIERODE,Ponni Sugars (Erode) Limited,,EQ,Sugar Refining & Bio-Ethanol,Sugar Refining & Bio-Ethanol,1,2026-08-22 20:45:04,SUGAR & BIO-ETHANOL,NON_SME
POONAWALLA,Poonawalla Fincorp Limited,,EQ,Diversified Consumer & MSME NBFC,Diversified Consumer & MSME NBFC,1,2026-08-22 20:45:04,FINANCE & NBFC,NON_SME
POWERGRID,Power Grid Corporation of India Limited,,EQ,Power Transmission Grid,Power Transmission Grid,1,2026-08-22 20:45:04,POWER,NON_SME
POWERICA,Powerica Limited,,EQ,Conventional Thermal & Fossil Power,Conventional Thermal & Fossil Power,1,2026-08-22 20:45:04,POWER,NON_SME
POWERINDIA,Hitachi Energy India Limited,,EQ,Conventional Thermal & Fossil Power,Conventional Thermal & Fossil Power,1,2026-08-22 20:45:04,POWER,NON_SME
POWERMECH,Power Mech Projects Limited,,EQ,Conventional Thermal & Fossil Power,Conventional Thermal & Fossil Power,1,2026-08-22 20:45:04,POWER,NON_SME
PPAP,PPAP Automotive Limited,,BE,Precision Auto Engine Components,Precision Auto Engine Components,1,2026-08-22 20:45:04,AUTO ANCILLARIES,NON_SME
PPL,Prakash Pipes Limited,,BE,Steel Pipes & Tubes,Steel Pipes & Tubes,1,2026-08-22 20:45:04,STEEL,NON_SME
PPLPHARMA,Piramal Pharma Limited,,EQ,Finished Formulations,Finished Formulations,1,2026-08-22 20:45:04,PHARMACEUTICALS,NON_SME
PRABHA,Prabha Energy Limited,,EQ,Conventional Thermal & Fossil Power,Conventional Thermal & Fossil Power,1,2026-08-22 20:45:04,POWER,NON_SME
PRADPME,Pradeep Metals Limited,,BE,Secondary Steel & TMT Rebars,Secondary Steel & TMT Rebars,1,2026-08-22 20:45:04,STEEL,NON_SME
PRAENG,Prajay Engineers Syndicate Limited,,EQ,Precision Auto Engine Components,Precision Auto Engine Components,1,2026-08-22 20:45:04,AUTO ANCILLARIES,NON_SME
PRAJIND,Praj Industries Limited,,EQ,"Industrial Effluent, Desalination & ZLD","Industrial Effluent, Desalination & ZLD",1,2026-08-22 20:45:04,WATER TREATMENT,NON_SME
PRAKASH,Prakash Industries Limited,,EQ,Secondary Steel & TMT Rebars,Secondary Steel & TMT Rebars,1,2026-08-22 20:45:04,STEEL,NON_SME
PRAKASHSTL,Prakash Steelage Limited,,EQ,Secondary Steel & TMT Rebars,Secondary Steel & TMT Rebars,1,2026-08-22 20:45:04,STEEL,NON_SME
PRAVEG,Praveg Limited,,EQ,Luxury Hotels & Resorts,Luxury Hotels & Resorts,1,2026-08-22 20:45:04,HOTELS & HOSPITALITY,NON_SME
PRAXIS,Praxis Home Retail Limited,,EQ,Specialty Retail Boutiques,Specialty Retail Boutiques,1,2026-08-22 20:45:04,RETAIL,NON_SME
PRECAM,Precision Camshafts Limited,,EQ,Precision Powertrain Engine Components,Precision Powertrain Engine Components,1,2026-08-22 20:45:04,AUTO ANCILLARIES,NON_SME
PRECOT,Precot Limited,,EQ,Cotton Spinning & Yarns,Cotton Spinning & Yarns,1,2026-08-22 20:45:04,TEXTILES,NON_SME
PRECWIRE,Precision Wires India Limited,,EQ,Wires & Cables,Wires & Cables,1,2026-08-22 20:45:04,CONSUMER ELECTRICALS,NON_SME
PREMCO,Premco Global Limited,,EQ,Garments & Apparel Exports,Garments & Apparel Exports,1,2026-08-22 20:45:04,TEXTILES,NON_SME
PREMEXPLN,Premier Explosives Limited,,EQ,Missiles & Military Explosives,Missiles & Military Explosives,1,2026-08-22 20:45:04,DEFENCE & AEROSPACE,NON_SME
PREMIER,Premier Limited,,BE,Precision Machine Tools & Fasteners,Precision Machine Tools & Fasteners,1,2026-08-22 20:45:04,CAPITAL GOODS & MACHINERY,NON_SME
PREMIERENE,Premier Energies Limited,,EQ,Solar PV & Green Hydrogen,Solar PV & Green Hydrogen,1,2026-08-22 20:45:04,RENEWABLE ENERGY,NON_SME
PREMIERPOL,Premier Polyfilm Limited,,EQ,Music Labels & VFX Studios,Music Labels & VFX Studios,1,2026-08-22 20:45:04,MEDIA & ENTERTAINMENT,NON_SME
PRESTIGE,Prestige Estates Projects Limited,,EQ,Residential Townships & Commercial REITs,Residential Townships & Commercial REITs,1,20260827_224508,REAL ESTATE,NON_SME
PRICOLLTD,Pricol Limited,,EQ,Auto Lighting & Electricals,Auto Lighting & Electricals,1,2026-08-22 20:45:04,AUTO ANCILLARIES,NON_SME
PRIMESECU,Prime Securities Limited,,EQ,Stockbroking & Wealth Management,Stockbroking & Wealth Management,1,2026-08-22 20:45:04,CAPITAL MARKETS,NON_SME
PRIMO,Primo Chemicals Limited,,EQ,Industrial & Basic Chemicals,Industrial & Basic Chemicals,1,2026-08-22 20:45:04,CHEMICALS,NON_SME
PRINCEPIPE,Prince Pipes And Fittings Limited,,EQ,Steel Pipes & Tubes,Steel Pipes & Tubes,1,2026-08-22 20:45:04,STEEL,NON_SME
PRISMX,Prismx Global Ventures Limited,,EQ,Diversified Consumer & MSME NBFC,Diversified Consumer & MSME NBFC,1,2026-08-22 20:45:04,FINANCE & NBFC,NON_SME
PRITI,Priti International Limited,,BE,Furniture & Mattresses,Furniture & Mattresses,1,2026-08-22 20:45:04,CONSUMER DURABLES,NON_SME
PRITIKAUTO,Pritika Auto Industries Limited,,BE,Precision Auto Engine Components,Precision Auto Engine Components,1,2026-08-22 20:45:04,AUTO ANCILLARIES,NON_SME
PRIVISCL,Privi Speciality Chemicals Limited,,EQ,Industrial & Basic Chemicals,Industrial & Basic Chemicals,1,2026-08-22 20:45:04,CHEMICALS,NON_SME
PROSTARM,Prostarm Info Systems Limited,,EQ,Mid-Tier IT & Digital Solutions,Mid-Tier IT & Digital Solutions,1,2026-08-22 20:45:04,IT SERVICES,NON_SME
PROTEAN,Protean eGov Technologies Limited,,EQ,E-Governance & Digital Public Infrastructure,E-Governance & Digital Public Infrastructure,1,20260827_224508,IT SERVICES,NON_SME
PROZONER,Prozone Realty Limited,,EQ,Residential Real Estate,Residential Real Estate,1,2026-08-22 20:45:04,REAL ESTATE,NON_SME
PRSMJOHNSN,Prism Johnson Limited,,EQ,Integrated Grey Cement,Integrated Grey Cement,1,2026-08-22 20:45:04,CEMENT,NON_SME
PRUDENT,Prudent Corporate Advisory Services Limited,,EQ,Wealth Broking & Advisory,Wealth Broking & Advisory,1,2026-08-22 20:45:04,CAPITAL MARKETS,NON_SME
PRUDMOULI,Prudential Sugar Corporation Limited,,BE,Sugar Refining & Bio-Ethanol,Sugar Refining & Bio-Ethanol,1,2026-08-22 20:45:04,SUGAR & BIO-ETHANOL,NON_SME
PSB,Punjab & Sind Bank,,EQ,Private Sector Banks,Private Sector Banks,1,2026-08-22 20:45:04,BANKING,NON_SME
PSPPROJECT,PSP Projects Limited,,EQ,Civil & Commercial Construction,Civil & Commercial Construction,1,2026-08-22 20:45:04,CONSTRUCTION & INFRASTRUCTURE,NON_SME
PTC,PTC India Limited,,EQ,Thermal & Renewable Power Generation,Thermal & Renewable Power Generation,1,2026-08-22 20:45:04,POWER,NON_SME
PTCIL,PTC Industries Limited,,EQ,3PL Logistics & Fleet Haulage,3PL Logistics & Fleet Haulage,1,2026-08-22 20:45:04,LOGISTICS & SUPPLY CHAIN,NON_SME
PTL,PTL Enterprises Limited,,EQ,Automotive Radials & Off-Highway Tyres,Automotive Radials & Off-Highway Tyres,1,2026-08-22 20:45:04,TYRES & RUBBER,NON_SME
PUNJABCHEM,Punjab Chemicals & Crop Protection Limited,,EQ,Crop Protection Formulations,Crop Protection Formulations,1,2026-08-22 20:45:04,AGRICULTURE & AGROCHEMICALS,NON_SME
PURVA,Puravankara Limited,,EQ,Residential Townships & Commercial REITs,Residential Townships & Commercial REITs,1,2026-08-22 20:45:04,REAL ESTATE,NON_SME
PVP,PVP Ventures Limited,,EQ,Diversified Consumer & MSME NBFC,Diversified Consumer & MSME NBFC,1,2026-08-22 20:45:04,FINANCE & NBFC,NON_SME
PVRINOX,PVR INOX Limited,,EQ,Film Multiplex Theatres,Film Multiplex Theatres,1,2026-08-22 20:45:04,MEDIA & ENTERTAINMENT,NON_SME
PVSL,Popular Vehicles and Services Limited,,EQ,Precision Auto Engine Components,Precision Auto Engine Components,1,2026-08-22 20:45:04,AUTO ANCILLARIES,NON_SME
PWL,Physicswallah Limited,,EQ,Education Academies & Publishing,Education Academies & Publishing,1,2026-08-22 20:45:04,EDUCATION & EDTECH,NON_SME
PYRAMID,Pyramid Technoplast Limited,,EQ,Rigid Plastic Containers & Drums,Rigid Plastic Containers & Drums,1,2026-08-22 20:45:04,PAPER & PACKAGING,NON_SME
QMSMEDI,QMS Medical Allied Services Limited,,BE,Finished Formulations,Finished Formulations,1,2026-08-22 20:45:04,PHARMACEUTICALS,NON_SME
QPOWER,Quality Power Electrical Equipments Limited,,EQ,Conventional Thermal & Fossil Power,Conventional Thermal & Fossil Power,1,2026-08-22 20:45:04,POWER,NON_SME
QUADFUTURE,Quadrant Future Tek Limited,,EQ,"Rolling Stock, Wagons & Vande Bharat Trainsets","Rolling Stock, Wagons & Vande Bharat Trainsets",1,2026-08-22 20:45:04,RAILWAYS,NON_SME
QUESS,Quess Corp Limited,,EQ,Staffing & Security Services,Staffing & Security Services,1,2026-08-22 20:45:04,PROFESSIONAL & CONSUMER SERVICES,NON_SME
QUICKHEAL,Quick Heal Technologies Limited,,BE,Mid-Tier IT & Digital Solutions,Mid-Tier IT & Digital Solutions,1,2026-08-22 20:45:04,IT SERVICES,NON_SME
QUINT,Quint Digital Limited,,EQ,Mid-Tier IT & Digital Solutions,Mid-Tier IT & Digital Solutions,1,2026-08-22 20:45:04,IT SERVICES,NON_SME
RACE,Race Eco Chain Limited,,EQ,Recycled Plastics & Circular Polymers,Recycled Plastics & Circular Polymers,1,2026-08-22 20:45:04,PLASTICS & POLYMERS,NON_SME
RACLGEAR,RACL Geartech Limited,,EQ,Auto Transmission & Driveline,Auto Transmission & Driveline,1,2026-08-22 20:45:04,AUTO ANCILLARIES,NON_SME
RADAAN,Radaan Mediaworks India Limited,,EQ,Paperboard & Packaging Cartons,Paperboard & Packaging Cartons,1,2026-08-22 20:45:04,PAPER & PACKAGING,NON_SME
RADHIKAJWE,Radhika Jeweltech Limited,,EQ,Gold Jewellery & Retail,Gold Jewellery & Retail,1,2026-08-22 20:45:04,JEWELLERY,NON_SME
RADIANTCMS,Radiant Cash Management Services Limited,,EQ,Staffing & Workforce Security,Staffing & Workforce Security,1,2026-08-22 20:45:04,SERVICES & MEDIA,NON_SME
RADICO,Radico Khaitan Limited,,EQ,IMFL Spirits & Distilleries,IMFL Spirits & Distilleries,1,2026-08-22 20:45:04,BEVERAGES & DISTILLERIES,NON_SME
RADIOCITY,Music Broadcast Limited,,EQ,Television Broadcasting & OTT,Television Broadcasting & OTT,1,2026-08-22 20:45:04,MEDIA & ENTERTAINMENT,NON_SME
RAILTEL,Railtel Corporation Of India Limited,,EQ,Railway Signaling & Track EPC,Railway Signaling & Track EPC,1,2026-08-22 20:45:04,RAILWAYS,NON_SME
RAIN,Rain Industries Limited,,EQ,Specialty Chemicals,Specialty Chemicals,1,2026-08-22 20:45:04,CHEMICALS,NON_SME
RAINBOW,Rainbow Childrens Medicare Limited,,EQ,Precision Auto Engine Components,Precision Auto Engine Components,1,2026-08-22 20:45:04,AUTO ANCILLARIES,NON_SME
RAJESHEXPO,Rajesh Exports Limited,,BZ,Commercial Ports & Terminals,Commercial Ports & Terminals,1,2026-08-22 20:45:04,SHIPBUILDING & PORTS,NON_SME
RAJMET,Rajnandini Metal Limited,,EQ,Secondary Steel & TMT Rebars,Secondary Steel & TMT Rebars,1,2026-08-22 20:45:04,STEEL,NON_SME
RAJOOENG,Rajoo Engineers Limited,,BE,Precision Auto Engine Components,Precision Auto Engine Components,1,2026-08-22 20:45:04,AUTO ANCILLARIES,NON_SME
RAJPALAYAM,Rajapalayam Mills Limited,,EQ,Cotton Spinning & Yarns,Cotton Spinning & Yarns,1,2026-08-22 20:45:04,TEXTILES,NON_SME
RAJRATAN,Rajratan Global Wire Limited,,EQ,Wires & Cables,Wires & Cables,1,2026-08-22 20:45:04,CONSUMER ELECTRICALS,NON_SME
RAJRILTD,Raj Rayon Industries Limited,,BE,Cotton Spinning & Yarns,Cotton Spinning & Yarns,1,2026-08-22 20:45:04,TEXTILES,NON_SME
RAJSREESUG,Rajshree Sugars & Chemicals Limited,,EQ,Sugar Refining & Bio-Ethanol,Sugar Refining & Bio-Ethanol,1,2026-08-22 20:45:04,SUGAR & BIO-ETHANOL,NON_SME
RAJTV,Raj Television Network Limited,,EQ,Auto Lighting & Electricals,Auto Lighting & Electricals,1,2026-08-22 20:45:04,AUTO ANCILLARIES,NON_SME
RALLIS,Rallis India Limited,,EQ,Crop Protection Agrochemicals,Crop Protection Agrochemicals,1,2026-08-22 20:45:04,AGRICULTURE & AGROCHEMICALS,NON_SME
RAMANEWS,Shree Rama Newsprint Limited,,EQ,Television Broadcasting & OTT,Television Broadcasting & OTT,1,2026-08-22 20:45:04,MEDIA & ENTERTAINMENT,NON_SME
RAMAPHO,Rama Phosphates Limited,,EQ,Fertilizers & Soil Nutrients,Fertilizers & Soil Nutrients,1,2026-08-22 20:45:04,FERTILIZERS,NON_SME
RAMASTEEL,Rama Steel Tubes Limited,,BE,Steel Pipes & Tubes,Steel Pipes & Tubes,1,2026-08-22 20:45:04,STEEL,NON_SME
RAMBHAJO,Advit Jewels Limited,,EQ,Gold Jewellery & Retail,Gold Jewellery & Retail,1,2026-08-22 20:45:04,JEWELLERY,NON_SME
RAMCOCEM,The Ramco Cements Limited,,EQ,Regional Cement & RMC,Regional Cement & RMC,1,2026-08-22 20:45:04,CEMENT,NON_SME
RAMCOIND,Ramco Industries Limited,,EQ,Integrated Grey Cement,Integrated Grey Cement,1,2026-08-22 20:45:04,CEMENT,NON_SME
RAMCOSYS,Ramco Systems Limited,,EQ,Mid-Tier IT & Digital Solutions,Mid-Tier IT & Digital Solutions,1,2026-08-22 20:45:04,IT SERVICES,NON_SME
RAMKY,Ramky Infrastructure Limited,,EQ,Civil & Commercial Construction,Civil & Commercial Construction,1,2026-08-22 20:45:04,CONSTRUCTION & INFRASTRUCTURE,NON_SME
RAMRAT,Ram Ratna Wires Limited,,EQ,Wires & Cables,Wires & Cables,1,2026-08-22 20:45:04,CONSUMER ELECTRICALS,NON_SME
RANASUG,Rana Sugars Limited,,EQ,Sugar Refining & Bio-Ethanol,Sugar Refining & Bio-Ethanol,1,2026-08-22 20:45:04,SUGAR & BIO-ETHANOL,NON_SME
RANEHOLDIN,Rane Holdings Limited,,EQ,Diversified Consumer & MSME NBFC,Diversified Consumer & MSME NBFC,1,2026-08-22 20:45:04,FINANCE & NBFC,NON_SME
RATEGAIN,Rategain Travel Technologies Limited,,EQ,Travel Tech & Revenue Management SaaS,Travel Tech & Revenue Management SaaS,1,2026-08-22 20:45:04,ONLINE TICKETING & TRAVEL,NON_SME
RATNAMANI,Ratnamani Metals & Tubes Limited,,EQ,Steel Pipes & Tubes,Steel Pipes & Tubes,1,2026-08-22 20:45:04,STEEL,NON_SME
RATNAVEER,Ratnaveer Precision Engineering Limited,,EQ,Precision Auto Engine Components,Precision Auto Engine Components,1,2026-08-22 20:45:04,AUTO ANCILLARIES,NON_SME
RAYMOND,Raymond Limited,,EQ,Garments & Apparel Exports,Garments & Apparel Exports,1,2026-08-22 20:45:04,TEXTILES,NON_SME
RAYMONDLSL,Raymond Lifestyle Limited,,EQ,Garments & Apparel Exports,Garments & Apparel Exports,1,2026-08-22 20:45:04,TEXTILES,NON_SME
RAYMONDREL,Raymond Realty Limited,,EQ,Residential Real Estate,Residential Real Estate,1,2026-08-22 20:45:04,REAL ESTATE,NON_SME
RBA,Restaurant Brands Asia Limited,,EQ,Quick Service Restaurants (QSR),Quick Service Restaurants (QSR),1,2026-08-22 20:45:04,HOTELS & HOSPITALITY,NON_SME
RBLBANK,RBL Bank Limited,,EQ,Private Sector Banks,Private Sector Banks,1,2026-08-22 20:45:04,BANKING,NON_SME
RBZJEWEL,RBZ Jewellers Limited,,EQ,Gold Jewellery & Retail,Gold Jewellery & Retail,1,2026-08-22 20:45:04,JEWELLERY,NON_SME
RCF,Rashtriya Chemicals and Fertilizers Limited,,EQ,Fertilizers & Soil Nutrients,Fertilizers & Soil Nutrients,1,2026-08-22 20:45:04,FERTILIZERS,NON_SME
RCOM,Reliance Communications Limited,,BE,Telecom Cellular Operators,Telecom Cellular Operators,1,2026-08-22 20:45:04,TELECOM,NON_SME
RECLTD,REC Limited,,EQ,Corporate & Wholesale Finance,Corporate & Wholesale Finance,1,2026-08-22 20:45:04,FINANCE & NBFC,NON_SME
REDINGTON,Redington Limited,,EQ,IT Supply Chain & Technology Distribution,IT Supply Chain & Technology Distribution,1,2026-08-22 20:45:04,IT SERVICES,NON_SME
REDTAPE,Redtape Limited,,EQ,Sports & Athleisure Footwear,Sports & Athleisure Footwear,1,2026-08-22 20:45:04,FOOTWEAR,NON_SME
REFEX,Refex Industries Limited,,EQ,Specialty Chemicals,Specialty Chemicals,1,2026-08-22 20:45:04,CHEMICALS,NON_SME
REGAAL,Regaal Resources Limited,,EQ,Packaged Foods & Snacks,Packaged Foods & Snacks,1,2026-08-22 20:45:04,FOOD PROCESSING,NON_SME
REGENCERAM,Regency Ceramics Limited,,EQ,Ceramic Tiles & Sanitaryware,Ceramic Tiles & Sanitaryware,1,2026-08-22 20:45:04,BUILDING MATERIALS,NON_SME
RELAXO,Relaxo Footwears Limited,,EQ,Footwear Retail Chains,Footwear Retail Chains,1,2026-08-22 20:45:04,FOOTWEAR,NON_SME
RELCHEMQ,Reliance Chemotex Industries Limited,,EQ,Industrial & Basic Chemicals,Industrial & Basic Chemicals,1,2026-08-22 20:45:04,CHEMICALS,NON_SME
RELIABLE,Reliable Data Services Limited,,EQ,Mid-Tier IT & Digital Solutions,Mid-Tier IT & Digital Solutions,1,2026-08-22 20:45:04,IT SERVICES,NON_SME
RELIANCE,Reliance Industries Limited,,EQ,Refining & Marketing (OMC),Refining & Marketing (OMC),1,2026-08-22 20:45:04,OIL & GAS,NON_SME
RELIGARE,Religare Enterprises Limited,,EQ,Diversified Consumer & MSME NBFC,Diversified Consumer & MSME NBFC,1,2026-08-22 20:45:04,FINANCE & NBFC,NON_SME
RELINFRA,Reliance Infrastructure Limited,,BE,Power Distribution & Integrated Utilities,Power Distribution & Integrated Utilities,1,2026-08-22 20:45:04,POWER,NON_SME
RELTD,Ravindra Energy Limited,,EQ,Conventional Thermal & Fossil Power,Conventional Thermal & Fossil Power,1,2026-08-22 20:45:04,POWER,NON_SME
REMSONSIND,Remsons Industries Limited,,EQ,Commercial & Industrial Electronics EMS,Commercial & Industrial Electronics EMS,1,2026-08-22 20:45:04,EMS & ELECTRONICS,NON_SME
RENUKA,Shree Renuka Sugars Limited,,EQ,Sugar Refining & Bio-Ethanol,Sugar Refining & Bio-Ethanol,1,2026-08-22 20:45:04,SUGAR & BIO-ETHANOL,NON_SME
REPCOHOME,Repco Home Finance Limited,,EQ,Housing Finance (HFC),Housing Finance (HFC),1,2026-08-22 20:45:04,FINANCE & NBFC,NON_SME
REPL,Rudrabhishek Enterprises Limited,,BE,Heavy Infrastructure EPC,Heavy Infrastructure EPC,1,2026-08-22 20:45:04,CONSTRUCTION & INFRASTRUCTURE,NON_SME
REPRO,Repro India Limited,,EQ,Paperboard & Packaging Cartons,Paperboard & Packaging Cartons,1,2026-08-22 20:45:04,PAPER & PACKAGING,NON_SME
RESPONIND,Responsive Industries Limited,,EQ,Building Materials,Building Materials,1,2026-08-22 20:45:04,BUILDING MATERIALS,NON_SME
RETAIL,JHS Svendgaard Retail Ventures Limited,,EQ,Diversified Consumer & MSME NBFC,Diversified Consumer & MSME NBFC,1,2026-08-22 20:45:04,FINANCE & NBFC,NON_SME
RGL,Renaissance Global Limited,,EQ,Diamond Studded & Solitaires,Diamond Studded & Solitaires,1,2026-08-22 20:45:04,JEWELLERY,NON_SME
RHETAN,Rhetan TMT Limited,,EQ,Secondary Steel & TMT Rebars,Secondary Steel & TMT Rebars,1,2026-08-22 20:45:04,STEEL,NON_SME
RHFL,Reliance Home Finance Limited,,BZ,Housing Finance (HFC),Housing Finance (HFC),1,2026-08-22 20:45:04,FINANCE & NBFC,NON_SME
RHIM,RHI MAGNESITA INDIA LIMITED,,EQ,Building Materials,Building Materials,1,2026-08-22 20:45:04,BUILDING MATERIALS,NON_SME
RHL,Robust Hotels Limited,,EQ,Precision Auto Engine Components,Precision Auto Engine Components,1,2026-08-22 20:45:04,AUTO ANCILLARIES,NON_SME
RICOAUTO,Rico Auto Industries Limited,,EQ,Precision Auto Engine Components,Precision Auto Engine Components,1,2026-08-22 20:45:04,AUTO ANCILLARIES,NON_SME
RIIL,Reliance Industrial Infrastructure Limited,,EQ,Civil & Commercial Construction,Civil & Commercial Construction,1,2026-08-22 20:45:04,CONSTRUCTION & INFRASTRUCTURE,NON_SME
RIR,RIR Power Electronics Limited,,EQ,Conventional Thermal & Fossil Power,Conventional Thermal & Fossil Power,1,2026-08-22 20:45:04,POWER,NON_SME
RISHABH,Rishabh Instruments Limited,,EQ,Heavy Process Equipment & Machinery,Heavy Process Equipment & Machinery,1,2026-08-22 20:45:04,CAPITAL GOODS & MACHINERY,NON_SME
RITCO,Ritco Logistics Limited,,EQ,3PL Logistics & Fleet Haulage,3PL Logistics & Fleet Haulage,1,2026-08-22 20:45:04,LOGISTICS & SUPPLY CHAIN,NON_SME
RITES,RITES Limited,,EQ,Railway Signaling & Track EPC,Railway Signaling & Track EPC,1,2026-08-22 20:45:04,RAILWAYS,NON_SME
RKDL,Ravi Kumar Distilleries Limited,,EQ,Sugar Refining & Bio-Ethanol,Sugar Refining & Bio-Ethanol,1,2026-08-22 20:45:04,SUGAR & BIO-ETHANOL,NON_SME
RKEC,RKEC Projects Limited,,EQ,Civil & Commercial Construction,Civil & Commercial Construction,1,2026-08-22 20:45:04,CONSTRUCTION & INFRASTRUCTURE,NON_SME
RKFORGE,Ramkrishna Forgings Limited,,EQ,Secondary Steel & TMT Rebars,Secondary Steel & TMT Rebars,1,2026-08-22 20:45:04,STEEL,NON_SME
RKSWAMY,R K Swamy Limited,,EQ,Advertising & Digital Marketing,Advertising & Digital Marketing,1,2026-08-22 20:45:04,SERVICES & MEDIA,NON_SME
RMC,RMC Switchgears Limited,,EQ,Auto Lighting & Electricals,Auto Lighting & Electricals,1,2026-08-22 20:45:04,AUTO ANCILLARIES,NON_SME
RMDRIP,R M Drip and Sprinklers Systems Limited,,BE,Micro-Irrigation & Agri-Plastics,Micro-Irrigation & Agri-Plastics,1,2026-08-22 20:45:04,AGRICULTURE & AGROCHEMICALS,NON_SME
RML,Rane (Madras) Limited,,EQ,Auto Transmission & Driveline,Auto Transmission & Driveline,1,2026-08-22 20:45:04,AUTO ANCILLARIES,NON_SME
RNBDENIMS,R&B Denims Limited,,EQ,Garments & Apparel Exports,Garments & Apparel Exports,1,2026-08-22 20:45:04,TEXTILES,NON_SME
ROHLTD,Royal Orchid Hotels Limited,,EQ,Luxury Hotels & Resorts,Luxury Hotels & Resorts,1,2026-08-22 20:45:04,HOTELS & HOSPITALITY,NON_SME
ROLEXRINGS,Rolex Rings Limited,,EQ,Auto Castings & Heavy Forgings,Auto Castings & Heavy Forgings,1,2026-08-22 20:45:04,AUTO ANCILLARIES,NON_SME
ROLLT,Rollatainers Limited,,BE,Paperboard & Packaging Cartons,Paperboard & Packaging Cartons,1,2026-08-22 20:45:04,PAPER & PACKAGING,NON_SME
ROML,Raj Oil Mills Limited,,EQ,Edible Oils & Vanaspati,Edible Oils & Vanaspati,1,2026-08-22 20:45:04,EDIBLE OILS,NON_SME
ROSSARI,Rossari Biotech Limited,,EQ,Biopharma & Biosimilars,Biopharma & Biosimilars,1,2026-08-22 20:45:04,PHARMACEUTICALS,NON_SME
ROSSELLIND,Rossell India Limited,,EQ,Tea & Coffee Plantations,Tea & Coffee Plantations,1,2026-08-22 20:45:04,TEA & COFFEE,NON_SME
ROSSTECH,Rossell Techsys Limited,,EQ,Mid-Tier IT & Digital Solutions,Mid-Tier IT & Digital Solutions,1,2026-08-22 20:45:04,IT SERVICES,NON_SME
ROTO,Roto Pumps Limited,,EQ,Pumps & Compressors,Pumps & Compressors,1,2026-08-22 20:45:04,CAPITAL GOODS & MACHINERY,NON_SME
ROUTE,ROUTE MOBILE LIMITED,,EQ,Enterprise Software & SaaS,Enterprise Software & SaaS,1,2026-08-22 20:45:04,IT SERVICES,NON_SME
RPEL,Raghav Productivity Enhancers Limited,,EQ,Building Materials,Building Materials,1,2026-08-22 20:45:04,BUILDING MATERIALS,NON_SME
RPGLIFE,RPG Life Sciences Limited,,EQ,Finished Formulations,Finished Formulations,1,2026-08-22 20:45:04,PHARMACEUTICALS,NON_SME
RPOWER,Reliance Power Limited,,EQ,Conventional Thermal & Fossil Power,Conventional Thermal & Fossil Power,1,2026-08-22 20:45:04,POWER,NON_SME
RPPINFRA,R.P.P. Infra Projects Limited,,EQ,Civil & Commercial Construction,Civil & Commercial Construction,1,2026-08-22 20:45:04,CONSTRUCTION & INFRASTRUCTURE,NON_SME
RPPL,Rajshree Polypack Limited,,BE,Paperboard & Packaging Cartons,Paperboard & Packaging Cartons,1,2026-08-22 20:45:04,PAPER & PACKAGING,NON_SME
RPSGVENT,RPSG VENTURES LIMITED,,EQ,Diversified Consumer & MSME NBFC,Diversified Consumer & MSME NBFC,1,2026-08-22 20:45:04,FINANCE & NBFC,NON_SME
RPTECH,Rashi Peripherals Limited,,EQ,IT Distribution & Enterprise Infra,IT Distribution & Enterprise Infra,1,2026-08-22 20:45:04,IT SERVICES,NON_SME
RRECL,RDB Real Estate Constructions Limited,,EQ,Residential Real Estate,Residential Real Estate,1,2026-08-22 20:45:04,REAL ESTATE,NON_SME
RRIL,RRIL Limited,,EQ,Residential Townships & Commercial REITs,Residential Townships & Commercial REITs,1,2026-08-22 20:45:04,REAL ESTATE,NON_SME
RRKABEL,R R Kabel Limited,,EQ,Defence Electronics & Radars,Defence Electronics & Radars,1,2026-08-22 20:45:04,DEFENCE & AEROSPACE,NON_SME
RSDFIN,RSD Finance Limited,,BE,Diversified Consumer & MSME NBFC,Diversified Consumer & MSME NBFC,1,2026-08-22 20:45:04,FINANCE & NBFC,NON_SME
RSL,Rajputana Stainless Limited,,EQ,Secondary Steel & TMT Rebars,Secondary Steel & TMT Rebars,1,2026-08-22 20:45:04,STEEL,NON_SME
RSSOFTWARE,R. S. Software (India) Limited,,EQ,Mid-Tier IT & Digital Solutions,Mid-Tier IT & Digital Solutions,1,2026-08-22 20:45:04,IT SERVICES,NON_SME
RSWM,RSWM Limited,,BE,Cotton Spinning & Yarns,Cotton Spinning & Yarns,1,2026-08-22 20:45:04,TEXTILES,NON_SME
RSYSTEMS,R Systems International Limited,,EQ,Mid-Tier IT & Digital Solutions,Mid-Tier IT & Digital Solutions,1,2026-08-22 20:45:04,IT SERVICES,NON_SME
RTNINDIA,RattanIndia Enterprises Limited,,EQ,Consumer Internet Platforms & Apps,Consumer Internet Platforms & Apps,1,2026-08-22 20:45:04,SERVICES & MEDIA,NON_SME
RTNPOWER,RattanIndia Power Limited,,EQ,Conventional Thermal & Fossil Power,Conventional Thermal & Fossil Power,1,2026-08-22 20:45:04,POWER,NON_SME
RTSPOWR,RTS Power Corporation Limited,,EQ,Conventional Thermal & Fossil Power,Conventional Thermal & Fossil Power,1,2026-08-22 20:45:04,POWER,NON_SME
RUBFILA,Rubfila International Limited,,EQ,Cotton Spinning & Yarns,Cotton Spinning & Yarns,1,2026-08-22 20:45:04,TEXTILES,NON_SME
RUBICON,Rubicon Research Limited,,EQ,Finished Formulations,Finished Formulations,1,2026-08-22 20:45:04,PHARMACEUTICALS,NON_SME
RUBYMILLS,The Ruby Mills Limited,,BE,Cotton Spinning & Yarns,Cotton Spinning & Yarns,1,2026-08-22 20:45:04,TEXTILES,NON_SME
RUCHINFRA,Ruchi Infrastructure Limited,,EQ,Civil & Commercial Construction,Civil & Commercial Construction,1,2026-08-22 20:45:04,CONSTRUCTION & INFRASTRUCTURE,NON_SME
RUCHIRA,Ruchira Papers Limited,,EQ,Paperboard & Packaging Cartons,Paperboard & Packaging Cartons,1,2026-08-22 20:45:04,PAPER & PACKAGING,NON_SME
RUDRA,Rudra Global Infra Products Limited,,EQ,Civil & Commercial Construction,Civil & Commercial Construction,1,2026-08-22 20:45:04,CONSTRUCTION & INFRASTRUCTURE,NON_SME
RUPA,Rupa & Company Limited,,EQ,Innerwear & Athleisure,Innerwear & Athleisure,1,2026-08-22 20:45:04,TEXTILES,NON_SME
RUSHIL,Rushil Decor Limited,,EQ,Plywood & Laminates,Plywood & Laminates,1,2026-08-22 20:45:04,BUILDING MATERIALS,NON_SME
RUSTOMJEE,Keystone Realtors Limited,,EQ,Residential Townships & Commercial REITs,Residential Townships & Commercial REITs,1,2026-08-22 20:45:04,REAL ESTATE,NON_SME
RVHL,Ravinder Heights Limited,,EQ,Residential Townships & Commercial REITs,Residential Townships & Commercial REITs,1,2026-08-22 20:45:04,REAL ESTATE,NON_SME
RVNL,Rail Vikas Nigam Limited,,EQ,Railway Signaling & Track EPC,Railway Signaling & Track EPC,1,2026-08-22 20:45:04,RAILWAYS,NON_SME
RVTH,Revathi Equipment India Limited,,EQ,Precision Auto Engine Components,Precision Auto Engine Components,1,2026-08-22 20:45:04,AUTO ANCILLARIES,NON_SME
S&SPOWER,S&S Power Switchgears Limited,,EQ,Auto Lighting & Electricals,Auto Lighting & Electricals,1,2026-08-22 20:45:04,AUTO ANCILLARIES,NON_SME
SAATVIKGL,Saatvik Green Energy Limited,,EQ,Green Energy Generation (IPP),Green Energy Generation (IPP),1,2026-08-22 20:45:04,RENEWABLE ENERGY,NON_SME
SAB,SAB Industries Limited,,EQ,Civil & Commercial Construction,Civil & Commercial Construction,1,2026-08-22 20:45:04,CONSTRUCTION & INFRASTRUCTURE,NON_SME
SADBHAV,Sadbhav Engineering Limited,,EQ,Precision Auto Engine Components,Precision Auto Engine Components,1,2026-08-22 20:45:04,AUTO ANCILLARIES,NON_SME
SADBHIN,Sadbhav Infrastructure Project Limited,,BE,Civil & Commercial Construction,Civil & Commercial Construction,1,2026-08-22 20:45:04,CONSTRUCTION & INFRASTRUCTURE,NON_SME
SADHNANIQ,Sadhana Nitrochem Limited,,BE,Industrial & Basic Chemicals,Industrial & Basic Chemicals,1,2026-08-22 20:45:04,CHEMICALS,NON_SME
SAFARI,Safari Industries (India) Limited,,EQ,Luggage & Travel Gear,Luggage & Travel Gear,1,2026-08-22 20:45:04,CONSUMER DURABLES,NON_SME
SAGARDEEP,Sagardeep Alloys Limited,,EQ,Secondary Steel & TMT Rebars,Secondary Steel & TMT Rebars,1,2026-08-22 20:45:04,STEEL,NON_SME
SAGCEM,Sagar Cements Limited,,EQ,Regional Cement & RMC,Regional Cement & RMC,1,2026-08-22 20:45:04,CEMENT,NON_SME
SAGILITY,SAGILITY LIMITED,,EQ,Business Process Management (BPM),Business Process Management (BPM),1,2026-08-22 20:45:04,SERVICES & MEDIA,NON_SME
SAHLIBHFI,Shalibhadra Finance Limited,,EQ,Diversified Consumer & MSME NBFC,Diversified Consumer & MSME NBFC,1,2026-08-22 20:45:04,FINANCE & NBFC,NON_SME
SAHYADRI,Sahyadri Industries Limited,,EQ,Building Materials,Building Materials,1,2026-08-22 20:45:04,BUILDING MATERIALS,NON_SME
SAICAPI,Sai Capital Limited,,EQ,API & Bulk Drugs,API & Bulk Drugs,1,2026-08-22 20:45:04,PHARMACEUTICALS,NON_SME
SAIL,Steel Authority of India Limited,,EQ,Secondary Steel & TMT Rebars,Secondary Steel & TMT Rebars,1,2026-08-22 20:45:04,STEEL,NON_SME
SAILIFE,Sai Life Sciences Limited,,EQ,CDMO & Sterile Injectables,CDMO & Sterile Injectables,1,2026-08-22 20:45:04,PHARMACEUTICALS,NON_SME
SAIPARENT,Sai Parenterals Limited,,EQ,CDMO & Sterile Injectables,CDMO & Sterile Injectables,1,2026-08-22 20:45:04,PHARMACEUTICALS,NON_SME
SAKAR,Sakar Healthcare Limited,,EQ,Finished Formulations,Finished Formulations,1,2026-08-22 20:45:04,PHARMACEUTICALS,NON_SME
SAKHTISUG,Sakthi Sugars Limited,,EQ,Sugar Refining & Bio-Ethanol,Sugar Refining & Bio-Ethanol,1,2026-08-22 20:45:04,SUGAR & BIO-ETHANOL,NON_SME
SAKSOFT,Saksoft Limited,,EQ,Mid-Tier IT & Digital Solutions,Mid-Tier IT & Digital Solutions,1,2026-08-22 20:45:04,IT SERVICES,NON_SME
SAKUMA,Sakuma Exports Limited,,EQ,Commercial Ports & Terminals,Commercial Ports & Terminals,1,2026-08-22 20:45:04,SHIPBUILDING & PORTS,NON_SME
SALASAR,Salasar Techno Engineering Limited,,EQ,Precision Auto Engine Components,Precision Auto Engine Components,1,2026-08-22 20:45:04,AUTO ANCILLARIES,NON_SME
SALONA,Salona Cotspin Limited,,EQ,Cotton Spinning & Yarns,Cotton Spinning & Yarns,1,2026-08-22 20:45:04,TEXTILES,NON_SME
SALSTEEL,S.A.L. Steel Limited,,EQ,Secondary Steel & TMT Rebars,Secondary Steel & TMT Rebars,1,2026-08-22 20:45:04,STEEL,NON_SME
SALZERELEC,Salzer Electronics Limited,,EQ,Printed Circuit Boards (PCBA) & Components,Printed Circuit Boards (PCBA) & Components,1,2026-08-22 20:45:04,EMS & ELECTRONICS,NON_SME
SAMBANDAM,Sambandam Spinning Mills Limited,,EQ,Cotton Spinning & Yarns,Cotton Spinning & Yarns,1,2026-08-22 20:45:04,TEXTILES,NON_SME
SAMBHAAV,Sambhaav Media Limited,,EQ,Paperboard & Packaging Cartons,Paperboard & Packaging Cartons,1,2026-08-22 20:45:04,PAPER & PACKAGING,NON_SME
SAMBHV,Sambhv Steel Tubes Limited,,EQ,Steel Pipes & Tubes,Steel Pipes & Tubes,1,2026-08-22 20:45:04,STEEL,NON_SME
SAMHI,Samhi Hotels Limited,,EQ,Luxury Hotels & Resorts,Luxury Hotels & Resorts,1,2026-08-22 20:45:04,HOTELS & HOSPITALITY,NON_SME
SAMMAANCAP,Sammaan Capital Limited,,EQ,API & Bulk Drugs,API & Bulk Drugs,1,2026-08-22 20:45:04,PHARMACEUTICALS,NON_SME
SAMPANN,Sampann Utpadan India Limited,,EQ,Packaged Foods & Snacks,Packaged Foods & Snacks,1,2026-08-22 20:45:04,FOOD PROCESSING,NON_SME
SANATHAN,Sanathan Textiles Limited,,EQ,Cotton Spinning & Yarns,Cotton Spinning & Yarns,1,2026-08-22 20:45:04,TEXTILES,NON_SME
SANDESH,The Sandesh Limited,,EQ,Print Media & Publishing,Print Media & Publishing,1,2026-08-22 20:45:04,MEDIA & ENTERTAINMENT,NON_SME
SANDHAR,Sandhar Technologies Limited,,EQ,Auto Body & Closure Systems,Auto Body & Closure Systems,1,2026-08-22 20:45:04,AUTO ANCILLARIES,NON_SME
SANDUMA,Sandur Manganese & Iron Ores Limited,,EQ,Iron Ore Mining,Iron Ore Mining,1,2026-08-22 20:45:04,MINING & MINERALS,NON_SME
SANGAMIND,Sangam (India) Limited,,EQ,Cotton Spinning & Yarns,Cotton Spinning & Yarns,1,2026-08-22 20:45:04,TEXTILES,NON_SME
SANGHVIMOV,Sanghvi Movers Limited,,EQ,Material Handling & Cranes,Material Handling & Cranes,1,2026-08-22 20:45:04,CAPITAL GOODS & MACHINERY,NON_SME
SANGINITA,Sanginita Chemicals Limited,,BE,Industrial & Basic Chemicals,Industrial & Basic Chemicals,1,2026-08-22 20:45:04,CHEMICALS,NON_SME
SANOFI,Sanofi India Limited,,EQ,Finished Formulations,Finished Formulations,1,2026-08-22 20:45:04,PHARMACEUTICALS,NON_SME
SANOFICONR,Sanofi Consumer Healthcare India Limited,,EQ,Finished Formulations,Finished Formulations,1,2026-08-22 20:45:04,PHARMACEUTICALS,NON_SME
SANSERA,Sansera Engineering Limited,,EQ,Precision Auto Engine Components,Precision Auto Engine Components,1,2026-08-22 20:45:04,AUTO ANCILLARIES,NON_SME
SANSTAR,Sanstar Limited,,EQ,Packaged Foods & Snacks,Packaged Foods & Snacks,1,2026-08-22 20:45:04,FOOD PROCESSING,NON_SME
SANWARIA,Sanwaria Consumer Limited,,BZ,Edible Oils & Vanaspati,Edible Oils & Vanaspati,1,2026-08-22 20:45:04,FOOD PROCESSING,NON_SME
SAPPHIRE,Sapphire Foods India Limited,,EQ,Packaged Foods & Snacks,Packaged Foods & Snacks,1,2026-08-22 20:45:04,FOOD PROCESSING,NON_SME
SAPPL,Shree Ajit Pulp & Paper Limited,,EQ,Paperboard & Packaging Cartons,Paperboard & Packaging Cartons,1,2026-08-22 20:45:04,PAPER & PACKAGING,NON_SME
SARDAEN,Sarda Energy & Minerals Limited,,EQ,Industrial Minerals,Industrial Minerals,1,2026-08-22 20:45:04,MINING & MINERALS,NON_SME
SAREGAMA,Saregama India Limited,,EQ,Music Labels & VFX Studios,Music Labels & VFX Studios,1,2026-08-22 20:45:04,MEDIA & ENTERTAINMENT,NON_SME
SARLAPOLY,Sarla Performance Fibers Limited,,EQ,Cotton Spinning & Yarns,Cotton Spinning & Yarns,1,2026-08-22 20:45:04,TEXTILES,NON_SME
SARVESHWAR,Sarveshwar Foods Limited,,EQ,Basmati Rice Milling & Global Exports,Basmati Rice Milling & Global Exports,1,2026-08-22 20:45:04,RICE,NON_SME
SASKEN,Sasken Technologies Limited,,EQ,Mid-Tier IT & Digital Solutions,Mid-Tier IT & Digital Solutions,1,2026-08-22 20:45:04,IT SERVICES,NON_SME
SATIA,Satia Industries Limited,,EQ,Paperboard & Packaging Cartons,Paperboard & Packaging Cartons,1,2026-08-22 20:45:04,PAPER & PACKAGING,NON_SME
SATIN,Satin Creditcare Network Limited,,EQ,Microfinance (MFI),Microfinance (MFI),1,2026-08-22 20:45:04,FINANCE & NBFC,NON_SME
SAURASHCEM,Saurashtra Cement Limited,,EQ,Regional Cement & RMC,Regional Cement & RMC,1,2026-08-22 20:45:04,CEMENT,NON_SME
SAYAJIHOTL,Sayaji Hotels Limited,,EQ,Luxury Hotels & Resorts,Luxury Hotels & Resorts,1,2026-08-22 20:45:04,HOTELS & HOSPITALITY,NON_SME
SAYAJIIND,Sayaji Industries Limited,,EQ,Packaged Foods & Snacks,Packaged Foods & Snacks,1,2026-08-22 20:45:04,FOOD PROCESSING,NON_SME
SBC,SBC Exports Limited,,EQ,Commercial Ports & Terminals,Commercial Ports & Terminals,1,2026-08-22 20:45:04,SHIPBUILDING & PORTS,NON_SME
SBCL,Shivalik Bimetal Controls Limited,,EQ,Precision Powertrain Engine Components,Precision Powertrain Engine Components,1,2026-08-22 20:45:04,AUTO ANCILLARIES,NON_SME
SBFC,SBFC Finance Limited,,EQ,Diversified Consumer & MSME NBFC,Diversified Consumer & MSME NBFC,1,2026-08-22 20:45:04,FINANCE & NBFC,NON_SME
SBGLP,Suratwwala Business Group Limited,,EQ,Precision Auto Engine Components,Precision Auto Engine Components,1,2026-08-22 20:45:04,AUTO ANCILLARIES,NON_SME
SBICARD,SBI Cards and Payment Services Limited,,EQ,Precision Auto Engine Components,Precision Auto Engine Components,1,2026-08-22 20:45:04,AUTO ANCILLARIES,NON_SME
SBIFUNDS,SBI Funds Management Limited,,EQ,Mutual Fund Asset Managers (AMC),Mutual Fund Asset Managers (AMC),1,2026-08-22 20:45:04,CAPITAL MARKETS,NON_SME
SBILIFE,SBI Life Insurance Company Limited,,EQ,Life Insurance,Life Insurance,1,2026-08-22 20:45:04,INSURANCE,NON_SME
SBIN,State Bank of India,,EQ,Public Sector Banks (PSU),Public Sector Banks (PSU),1,2026-08-22 20:45:04,BANKING,NON_SME
SCANSTL,Scan Steels Limited,,BE,Secondary Steel & TMT Rebars,Secondary Steel & TMT Rebars,1,2026-08-22 20:45:04,STEEL,NON_SME
SCHAEFFLER,Schaeffler India Limited,,EQ,Precision Bearings & Motion Controls,Precision Bearings & Motion Controls,1,2026-08-22 20:45:04,CAPITAL GOODS & MACHINERY,NON_SME
SCHAND,S Chand And Company Limited,,EQ,Education Academies & Publishing,Education Academies & Publishing,1,2026-08-22 20:45:04,EDUCATION & EDTECH,NON_SME
SCHNEIDER,Schneider Electric Infrastructure Limited,,EQ,Conventional Thermal & Fossil Power,Conventional Thermal & Fossil Power,1,2026-08-22 20:45:04,POWER,NON_SME
SCI,Shipping Corporation Of India Limited,,EQ,Marine Offshore Vessels & Tugs,Marine Offshore Vessels & Tugs,1,2026-08-22 20:45:04,SHIPBUILDING & PORTS,NON_SME
SCILAL,Shipping Corporation of India Land and Assets Limited,,EQ,Marine Offshore Vessels & Tugs,Marine Offshore Vessels & Tugs,1,2026-08-22 20:45:04,SHIPBUILDING & PORTS,NON_SME
SCODATUBES,Scoda Tubes Limited,,EQ,Steel Pipes & Tubes,Steel Pipes & Tubes,1,2026-08-22 20:45:04,STEEL,NON_SME
SCPL,Sheetal Cool Products Limited,,EQ,Packaged Foods & Snacks,Packaged Foods & Snacks,1,2026-08-22 20:45:04,FOOD PROCESSING,NON_SME
SDBL,Som Distilleries & Breweries Limited,,EQ,Sugar Refining & Bio-Ethanol,Sugar Refining & Bio-Ethanol,1,2026-08-22 20:45:04,SUGAR & BIO-ETHANOL,NON_SME
SEAMECLTD,Seamec Limited,,EQ,Marine Offshore Vessels & Tugs,Marine Offshore Vessels & Tugs,1,2026-08-22 20:45:04,SHIPBUILDING & PORTS,NON_SME
SECMARK,SecMark Consultancy Limited,,EQ,Staffing & Workforce Security,Staffing & Workforce Security,1,2026-08-22 20:45:04,SERVICES & MEDIA,NON_SME
SECURKLOUD,SECUREKLOUD TECHNOLOGIES LIMITED,,EQ,Mid-Tier IT & Digital Solutions,Mid-Tier IT & Digital Solutions,1,2026-08-22 20:45:04,IT SERVICES,NON_SME
SEDEMAC,SEDEMAC Mechatronics Limited,,EQ,Auto Lighting & Electricals,Auto Lighting & Electricals,1,2026-08-22 20:45:04,AUTO ANCILLARIES,NON_SME
SEIL,Shanti Educational Initiatives Limited,,EQ,Education Academies & Publishing,Education Academies & Publishing,1,2026-08-22 20:45:04,EDUCATION & EDTECH,NON_SME
SEJALLTD,Sejal Glass Limited,,EQ,Architectural Glass & Windows,Architectural Glass & Windows,1,2026-08-22 20:45:04,BUILDING MATERIALS,NON_SME
SEKURITIND,Saint Gobain Sekurit India Limited,,EQ,Auto Glass & Safety Systems,Auto Glass & Safety Systems,1,2026-08-22 20:45:04,AUTO ANCILLARIES,NON_SME
SELMC,SEL Manufacturing Company Limited,,EQ,Fertilizers & Soil Nutrients,Fertilizers & Soil Nutrients,1,2026-08-22 20:45:04,FERTILIZERS,NON_SME
SEMAC,Semac Construction Limited,,EQ,Civil & Commercial Construction,Civil & Commercial Construction,1,2026-08-22 20:45:04,CONSTRUCTION & INFRASTRUCTURE,NON_SME
SENCO,Senco Gold Limited,,EQ,Gold Jewellery & Retail,Gold Jewellery & Retail,1,2026-08-22 20:45:04,JEWELLERY,NON_SME
SENORES,Senores Pharmaceuticals Limited,,EQ,Finished Formulations,Finished Formulations,1,2026-08-22 20:45:04,PHARMACEUTICALS,NON_SME
SEPC,SEPC Limited,,EQ,Heavy Infrastructure EPC,Heavy Infrastructure EPC,1,2026-08-22 20:45:04,CONSTRUCTION & INFRASTRUCTURE,NON_SME
SERVOTECH,Servotech Renewable Power System Limited,,EQ,Green Energy Generation (IPP),Green Energy Generation (IPP),1,2026-08-22 20:45:04,RENEWABLE ENERGY,NON_SME
SESHAPAPER,Seshasayee Paper and Boards Limited,,EQ,Paperboard & Packaging Cartons,Paperboard & Packaging Cartons,1,2026-08-22 20:45:04,PAPER & PACKAGING,NON_SME
SETCO,Setco Automotive Limited,,BE,Precision Auto Engine Components,Precision Auto Engine Components,1,2026-08-22 20:45:04,AUTO ANCILLARIES,NON_SME
SETL,Standard Engineering Technology Limited,,EQ,Precision Auto Engine Components,Precision Auto Engine Components,1,2026-08-22 20:45:04,AUTO ANCILLARIES,NON_SME
SETUINFRA,Setubandhan Infrastructure Limited,,BZ,Civil & Commercial Construction,Civil & Commercial Construction,1,2026-08-22 20:45:04,CONSTRUCTION & INFRASTRUCTURE,NON_SME
SEYAIND,Seya Industries Limited,,BE,Specialty Chemicals,Specialty Chemicals,1,2026-08-22 20:45:04,CHEMICALS,NON_SME
SFL,Sheela Foam Limited,,EQ,Furniture & Mattresses,Furniture & Mattresses,1,2026-08-22 20:45:04,CONSUMER DURABLES,NON_SME
SGFIN,SG Finserve Limited,,EQ,Diversified Consumer & MSME NBFC,Diversified Consumer & MSME NBFC,1,2026-08-22 20:45:04,FINANCE & NBFC,NON_SME
SGIL,Synergy Green Industries Limited,,EQ,Precision Bearings & Motion Controls,Precision Bearings & Motion Controls,1,2026-08-22 20:45:04,CAPITAL GOODS & MACHINERY,NON_SME
SGL,STL Global Limited,,EQ,Cotton Spinning & Yarns,Cotton Spinning & Yarns,1,2026-08-22 20:45:04,TEXTILES,NON_SME
SGLRES,SGL Resources Limited,,EQ,Industrial Minerals,Industrial Minerals,1,2026-08-22 20:45:04,MINING & MINERALS,NON_SME
SGMART,SG Mart Limited,,EQ,Grocery & Departmental Stores,Grocery & Departmental Stores,1,2026-08-22 20:45:04,RETAIL,NON_SME
SGRL,Shree Ganesh Remedies Limited,,EQ,Finished Formulations,Finished Formulations,1,2026-08-22 20:45:04,PHARMACEUTICALS,NON_SME
SHADOWFAX,Shadowfax Technologies Limited,,EQ,Last Mile & Quick Commerce Logistics,Last Mile & Quick Commerce Logistics,1,2026-08-22 20:45:04,LOGISTICS & SUPPLY CHAIN,NON_SME
SHAH,Shah Metacorp Limited,,EQ,Metals & Fabrication,Metals & Fabrication,1,2026-08-22 20:45:04,METALS & FABRICATION,NON_SME
SHAHALLOYS,Shah Alloys Limited,,EQ,Secondary Steel & TMT Rebars,Secondary Steel & TMT Rebars,1,2026-08-22 20:45:04,STEEL,NON_SME
SHAILY,Shaily Engineering Plastics Limited,,EQ,Precision Auto Engine Components,Precision Auto Engine Components,1,2026-08-22 20:45:04,AUTO ANCILLARIES,NON_SME
SHAKTIPUMP,Shakti Pumps (India) Limited,,EQ,Pumps & Compressors,Pumps & Compressors,1,2026-08-22 20:45:04,CAPITAL GOODS & MACHINERY,NON_SME
SHALBY,Shalby Limited,,EQ,Aerospace & Fighter Aircraft,Aerospace & Fighter Aircraft,1,2026-08-22 20:45:04,DEFENCE & AEROSPACE,NON_SME
SHALPAINTS,Shalimar Paints Limited,,BE,Decorative Paints,Decorative Paints,1,2026-08-22 20:45:04,PAINTS & COATINGS,NON_SME
SHANKARA,Shankara Building Products Limited,,EQ,Building Materials,Building Materials,1,2026-08-22 20:45:04,BUILDING MATERIALS,NON_SME
SHANTI,Shanti Overseas (India) Limited,,EQ,Garments & Apparel Exports,Garments & Apparel Exports,1,2026-08-22 20:45:04,TEXTILES,NON_SME
SHANTIGEAR,Shanthi Gears Limited,,EQ,Auto Transmission & Driveline,Auto Transmission & Driveline,1,2026-08-22 20:45:04,AUTO ANCILLARIES,NON_SME
SHANTIGOLD,Shanti Gold International Limited,,EQ,Bridal Gold Jewellery & Retail Showrooms,Bridal Gold Jewellery & Retail Showrooms,1,2026-08-22 20:45:04,JEWELLERY,NON_SME
SHARDACROP,Sharda Cropchem Limited,,EQ,Crop Protection Formulations,Crop Protection Formulations,1,2026-08-22 20:45:04,AGRICULTURE & AGROCHEMICALS,NON_SME
SHARDAMOTR,Sharda Motor Industries Limited,,EQ,Precision Auto Engine Components,Precision Auto Engine Components,1,2026-08-22 20:45:04,AUTO ANCILLARIES,NON_SME
SHARDUL,Shardul Securities Limited,,BE,Stockbroking & Wealth Management,Stockbroking & Wealth Management,1,2026-08-22 20:45:04,CAPITAL MARKETS,NON_SME
SHAREINDIA,Share India Securities Limited,,EQ,Stockbroking & Wealth Management,Stockbroking & Wealth Management,1,2026-08-22 20:45:04,CAPITAL MARKETS,NON_SME
SHBAJRG,Shri Bajrang Alliance Limited,,EQ,Packaged Foods & Snacks,Packaged Foods & Snacks,1,2026-08-22 20:45:04,FOOD PROCESSING,NON_SME
SHEKHAWATI,Shekhawati Industries Limited,,BE,Cotton Spinning & Yarns,Cotton Spinning & Yarns,1,2026-08-22 20:45:04,TEXTILES,NON_SME
SHEMAROO,Shemaroo Entertainment Limited,,BE,Paperboard & Packaging Cartons,Paperboard & Packaging Cartons,1,2026-08-22 20:45:04,PAPER & PACKAGING,NON_SME
SHERVANI,Shervani Industrial Syndicate Limited,,EQ,Residential Townships & Commercial REITs,Residential Townships & Commercial REITs,1,2026-08-22 20:45:04,REAL ESTATE,NON_SME
SHILCTECH,Shilchar Technologies Limited,,EQ,Power Transformers & Electrical Equipment,Power Transformers & Electrical Equipment,1,2026-08-22 20:45:04,EMS & ELECTRONICS,NON_SME
SHILGRAVQ,Shilp Gravures Limited,,EQ,Heavy Process Plant Equipment,Heavy Process Plant Equipment,1,2026-08-22 20:45:04,CAPITAL GOODS & MACHINERY,NON_SME
SHILPAMED,Shilpa Medicare Limited,,EQ,Precision Auto Engine Components,Precision Auto Engine Components,1,2026-08-22 20:45:04,AUTO ANCILLARIES,NON_SME
SHINDL,Sharat Industries Limited,,EQ,Packaged Foods & Snacks,Packaged Foods & Snacks,1,2026-08-22 20:45:04,FOOD PROCESSING,NON_SME
SHIPROCKET,Shiprocket Limited,,EQ,Marine Offshore Vessels & Tugs,Marine Offshore Vessels & Tugs,1,2026-08-22 20:45:04,SHIPBUILDING & PORTS,NON_SME
SHIVAAGRO,Shiva Global Agro Industries Limited,,EQ,Complex Fertilizers & Soil Nutrients,Complex Fertilizers & Soil Nutrients,1,2026-08-22 20:45:04,CHEMICALS,NON_SME
SHIVACEM,Shiva Cement Limited,,EQ,Regional Cement & RMC,Regional Cement & RMC,1,2026-08-22 20:45:04,CEMENT,NON_SME
SHIVALIK,Shivalik Rasayan Limited,,BE,Crop Protection Agrochemicals,Crop Protection Agrochemicals,1,2026-08-22 20:45:04,AGRICULTURE & AGROCHEMICALS,NON_SME
SHIVAMAUTO,Shivam Autotech Limited,,BE,Precision Auto Engine Components,Precision Auto Engine Components,1,2026-08-22 20:45:04,AUTO ANCILLARIES,NON_SME
SHIVAMILLS,Shiva Mills Limited,,EQ,Cotton Spinning & Yarns,Cotton Spinning & Yarns,1,2026-08-22 20:45:04,TEXTILES,NON_SME
SHIVATEX,Shiva Texyarn Limited,,EQ,Cotton Spinning & Yarns,Cotton Spinning & Yarns,1,2026-08-22 20:45:04,TEXTILES,NON_SME
SHIVAUM,Shiv Aum Steels Limited,,EQ,Secondary Steel & TMT Rebars,Secondary Steel & TMT Rebars,1,2026-08-22 20:45:04,STEEL,NON_SME
SHK,S H Kelkar and Company Limited,,EQ,Specialty Chemicals,Specialty Chemicals,1,2026-08-22 20:45:04,CHEMICALS,NON_SME
SHOPERSTOP,Shoppers Stop Limited,,EQ,Fashion Apparel Retail,Fashion Apparel Retail,1,2026-08-22 20:45:04,RETAIL,NON_SME
SHRADDHA,Shraddha Prime Projects Limited,,EQ,Residential Townships & Commercial REITs,Residential Townships & Commercial REITs,1,2026-08-22 20:45:04,REAL ESTATE,NON_SME
SHRADHA,Shradha Realty Limited,,EQ,Residential Real Estate,Residential Real Estate,1,2026-08-22 20:45:04,REAL ESTATE,NON_SME
SHREDIGCEM,Shree Digvijay Cement Co.Ltd,,EQ,Regional Cement & RMC,Regional Cement & RMC,1,2026-08-22 20:45:04,CEMENT,NON_SME
SHREECEM,SHREE CEMENT LIMITED,,EQ,Regional Cement & RMC,Regional Cement & RMC,1,2026-08-22 20:45:04,CEMENT,NON_SME
SHREEJISPG,Shreeji Shipping Global Limited,,EQ,Marine Offshore Vessels & Tugs,Marine Offshore Vessels & Tugs,1,2026-08-22 20:45:04,SHIPBUILDING & PORTS,NON_SME
SHREEPUSHK,Shree Pushkar Chemicals & Fertilisers Limited,,EQ,Fertilizers & Soil Nutrients,Fertilizers & Soil Nutrients,1,2026-08-22 20:45:04,FERTILIZERS,NON_SME
SHREERAMA,Shree Rama Multi-Tech Limited,,EQ,Mid-Tier IT & Digital Solutions,Mid-Tier IT & Digital Solutions,1,2026-08-22 20:45:04,IT SERVICES,NON_SME
SHRENIK,Shrenik Limited,,BZ,Diamond & Studded Jewellery,Diamond & Studded Jewellery,1,2026-08-22 20:45:04,JEWELLERY,NON_SME
SHREYANIND,Shreyans Industries Limited,,EQ,Paperboard & Packaging Cartons,Paperboard & Packaging Cartons,1,2026-08-22 20:45:04,PAPER & PACKAGING,NON_SME
SHRIKRISH,Shri Krishna Devcon Limited,,EQ,Precision Auto Engine Components,Precision Auto Engine Components,1,2026-08-22 20:45:04,AUTO ANCILLARIES,NON_SME
SHRINGARMS,Shringar House of Mangalsutra Limited,,EQ,Bridal Gold Jewellery & Retail Showrooms,Bridal Gold Jewellery & Retail Showrooms,1,2026-08-22 20:45:04,JEWELLERY,NON_SME
SHRIPISTON,SPR Auto Technologies Limited,,EQ,Precision Auto Engine Components,Precision Auto Engine Components,1,2026-08-22 20:45:04,AUTO ANCILLARIES,NON_SME
SHRIRAMFIN,Shriram Finance Limited,,EQ,Vehicle Finance,Vehicle Finance,1,2026-08-22 20:45:04,FINANCE & NBFC,NON_SME
SHRIRAMPPS,Shriram Properties Limited,,EQ,Residential Real Estate,Residential Real Estate,1,2026-08-22 20:45:04,REAL ESTATE,NON_SME
SHRJAGP,Shri Jagdamba Polymers Limited,,EQ,Industrial & Basic Chemicals,Industrial & Basic Chemicals,1,2026-08-22 20:45:04,CHEMICALS,NON_SME
SHUKRAPHAR,Shukra Pharmaceuticals Limited,,EQ,Finished Formulations,Finished Formulations,1,2026-08-22 20:45:04,PHARMACEUTICALS,NON_SME
SHYAMCENT,Shyam Century Ferrous Limited,,BE,Ferro Alloys & Secondary Metals,Ferro Alloys & Secondary Metals,1,2026-08-22 20:45:04,METALS & FABRICATION,NON_SME
SHYAMMETL,Shyam Metalics and Energy Limited,,EQ,Secondary Steel & TMT Rebars,Secondary Steel & TMT Rebars,1,2026-08-22 20:45:04,STEEL,NON_SME
SHYAMTEL,Shyam Telecom Limited,,EQ,Optical Fiber & Telecom Infrastructure,Optical Fiber & Telecom Infrastructure,1,2026-08-22 20:45:04,TELECOM,NON_SME
SICAGEN,Sicagen India Limited,,EQ,Industrial Distribution & Logistics,Industrial Distribution & Logistics,1,2026-08-22 20:45:04,LOGISTICS & SUPPLY CHAIN,NON_SME
SICALLOG,Sical Logistics Limited,,BE,3PL Logistics & Fleet Haulage,3PL Logistics & Fleet Haulage,1,2026-08-22 20:45:04,LOGISTICS & SUPPLY CHAIN,NON_SME
SIEL,Superior Industrial Enterprises Limited,,EQ,Edible Oils & Vanaspati,Edible Oils & Vanaspati,1,2026-08-22 20:45:04,FOOD PROCESSING,NON_SME
SIEMENS,Siemens Limited,,EQ,Heavy Switchgear & Automation,Heavy Switchgear & Automation,1,2026-08-22 20:45:04,ELECTRICAL EQUIPMENT,NON_SME
SIGACHI,Sigachi Industries Limited,,EQ,Excipients & Pharma Binders,Excipients & Pharma Binders,1,2026-08-22 20:45:04,PHARMACEUTICALS,NON_SME
SIGIND,Signet Industries Limited,,EQ,Micro-Irrigation & Agri-Plastics,Micro-Irrigation & Agri-Plastics,1,2026-08-22 20:45:04,AGRICULTURE & AGROCHEMICALS,NON_SME
SIGMA,Sigma Solve Limited,,EQ,Mid-Tier IT & Digital Solutions,Mid-Tier IT & Digital Solutions,1,2026-08-22 20:45:04,IT SERVICES,NON_SME
SIGMAADV,SIGMA ADVANCED SYSTEMS LIMITED,,EQ,Mid-Tier IT & Digital Solutions,Mid-Tier IT & Digital Solutions,1,2026-08-22 20:45:04,IT SERVICES,NON_SME
SIGNATURE,Signatureglobal (India) Limited,,EQ,Residential Townships & Commercial REITs,Residential Townships & Commercial REITs,1,2026-08-22 20:45:04,REAL ESTATE,NON_SME
SIGNPOST,Signpost India Limited,,EQ,Advertising & Digital Marketing,Advertising & Digital Marketing,1,2026-08-22 20:45:04,SERVICES & MEDIA,NON_SME
SIKA,Sika Interplant Systems Limited,,EQ,Enterprise Software & SaaS,Enterprise Software & SaaS,1,2026-08-22 20:45:04,IT SERVICES,NON_SME
SIKKO,Sikko Industries Limited,,BE,Crop Protection Agrochemicals,Crop Protection Agrochemicals,1,2026-08-22 20:45:04,AGRICULTURE & AGROCHEMICALS,NON_SME
SIL,Standard Industries Limited,,EQ,Residential Townships & Commercial REITs,Residential Townships & Commercial REITs,1,2026-08-22 20:45:04,REAL ESTATE,NON_SME
SILGO,Silgo Retail Limited,,EQ,Silver & Fashion Gemstones,Silver & Fashion Gemstones,1,2026-08-22 20:45:04,JEWELLERY,NON_SME
SILINV,SIL Investments Limited,,EQ,Diversified Consumer & MSME NBFC,Diversified Consumer & MSME NBFC,1,2026-08-22 20:45:04,FINANCE & NBFC,NON_SME
SILLYMONKS,Silly Monks Entertainment Limited,,EQ,Paperboard & Packaging Cartons,Paperboard & Packaging Cartons,1,2026-08-22 20:45:04,PAPER & PACKAGING,NON_SME
SILVERTUC,Silver Touch Technologies Limited,,EQ,Mid-Tier IT & Digital Solutions,Mid-Tier IT & Digital Solutions,1,2026-08-22 20:45:04,IT SERVICES,NON_SME
SIMBHALS,Simbhaoli Sugars Limited,,BZ,Sugar Refining & Bio-Ethanol,Sugar Refining & Bio-Ethanol,1,2026-08-22 20:45:04,SUGAR & BIO-ETHANOL,NON_SME
SIMPLEXINF,Simplex Infrastructures Limited,,EQ,Precision Metal Fabrication,Precision Metal Fabrication,1,2026-08-22 20:45:04,METALS & FABRICATION,NON_SME
SIMPLXREA,Simplex Realty Limited,,EQ,Residential Real Estate,Residential Real Estate,1,2026-08-22 20:45:04,REAL ESTATE,NON_SME
SINCLAIR,Sinclairs Hotels Limited,,EQ,Luxury Hotels & Resorts,Luxury Hotels & Resorts,1,2026-08-22 20:45:04,HOTELS & HOSPITALITY,NON_SME
SINDHUTRAD,Sindhu Trade Links Limited,,EQ,Freight Forwarding & Multi-Modal Cargo,Freight Forwarding & Multi-Modal Cargo,1,2026-08-22 20:45:04,LOGISTICS & SUPPLY CHAIN,NON_SME
SINGERIND,Singer India Limited,,EQ,Home Appliances (White Goods),Home Appliances (White Goods),1,2026-08-22 20:45:04,CONSUMER DURABLES,NON_SME
SINTERCOM,Sintercom India Limited,,EQ,Precision Powertrain Engine Components,Precision Powertrain Engine Components,1,2026-08-22 20:45:04,AUTO ANCILLARIES,NON_SME
SIRCA,Sirca Paints India Limited,,EQ,Decorative Paints,Decorative Paints,1,2026-08-22 20:45:04,PAINTS & COATINGS,NON_SME
SIS,SIS LIMITED,,EQ,Staffing & Workforce Security,Staffing & Workforce Security,1,2026-08-22 20:45:04,SERVICES & MEDIA,NON_SME
SITINET,Siti Networks Limited,,BZ,Cable & Broadband Distribution,Cable & Broadband Distribution,1,2026-08-22 20:45:04,MEDIA & ENTERTAINMENT,NON_SME
SIYSIL,Siyaram Silk Mills Limited,,EQ,Cotton Spinning & Yarns,Cotton Spinning & Yarns,1,2026-08-22 20:45:04,TEXTILES,NON_SME
SJS,S.J.S. Enterprises Limited,,EQ,Auto Lighting & Electricals,Auto Lighting & Electricals,1,2026-08-22 20:45:04,AUTO ANCILLARIES,NON_SME
SJVN,SJVN Limited,,EQ,Green Energy Generation (IPP),Green Energy Generation (IPP),1,2026-08-22 20:45:04,RENEWABLE ENERGY,NON_SME
SKFINDIA,SKF India Limited,,EQ,Precision Bearings & Motion Controls,Precision Bearings & Motion Controls,1,2026-08-22 20:45:04,CAPITAL GOODS & MACHINERY,NON_SME
SKFINDUS,SKF India (Industrial) Limited,,EQ,Precision Bearings & Motion Controls,Precision Bearings & Motion Controls,1,2026-08-22 20:45:04,CAPITAL GOODS & MACHINERY,NON_SME
SKIPPER,Skipper Limited,,EQ,Heavy Switchgear & Automation,Heavy Switchgear & Automation,1,2026-08-22 20:45:04,ELECTRICAL EQUIPMENT,NON_SME
SKMEGGPROD,SKM Egg Products Export (India) Limited,,EQ,Commercial Ports & Terminals,Commercial Ports & Terminals,1,2026-08-22 20:45:04,SHIPBUILDING & PORTS,NON_SME
SKYGOLD,SKY GOLD AND DIAMONDS LIMITED,,EQ,Diamond & Studded Jewellery,Diamond & Studded Jewellery,1,2026-08-22 20:45:04,JEWELLERY,NON_SME
SMARTLINK,Smartlink Holdings Limited,,BE,Diversified Consumer & MSME NBFC,Diversified Consumer & MSME NBFC,1,2026-08-22 20:45:04,FINANCE & NBFC,NON_SME
SMARTWORKS,Smartworks Coworking Spaces Limited,,EQ,Grocery & Departmental Stores,Grocery & Departmental Stores,1,2026-08-22 20:45:04,RETAIL,NON_SME
SMCGLOBAL,SMC Global Securities Limited,,EQ,Stockbroking & Wealth Management,Stockbroking & Wealth Management,1,2026-08-22 20:45:04,CAPITAL MARKETS,NON_SME
SMLMAH,SML Mahindra Limited,,EQ,Commercial Vehicles (Trucks & Buses),Commercial Vehicles (Trucks & Buses),1,2026-08-22 20:45:04,AUTOMOBILE,NON_SME
SMLT,Sarthak Metals Limited,,EQ,Secondary Steel & TMT Rebars,Secondary Steel & TMT Rebars,1,2026-08-22 20:45:04,STEEL,NON_SME
SMSPHARMA,SMS Pharmaceuticals Limited,,EQ,Finished Formulations,Finished Formulations,1,2026-08-22 20:45:04,PHARMACEUTICALS,NON_SME
SNOWMAN,Snowman Logistics Limited,,EQ,3PL Logistics & Fleet Haulage,3PL Logistics & Fleet Haulage,1,2026-08-22 20:45:04,LOGISTICS & SUPPLY CHAIN,NON_SME
SOBHA,Sobha Limited,,EQ,Residential Real Estate,Residential Real Estate,1,2026-08-22 20:45:04,REAL ESTATE,NON_SME
SOFTTECH,Softtech Engineers Limited,,EQ,Precision Auto Engine Components,Precision Auto Engine Components,1,2026-08-22 20:45:04,AUTO ANCILLARIES,NON_SME
SOLARA,Solara Active Pharma Sciences Limited,,EQ,Finished Formulations,Finished Formulations,1,2026-08-22 20:45:04,PHARMACEUTICALS,NON_SME
SOLARINDS,Solar Industries India Limited,,EQ,Missiles & Military Explosives,Missiles & Military Explosives,1,2026-08-22 20:45:04,DEFENCE & AEROSPACE,NON_SME
SOLARWORLD,Solarworld Energy Solutions Limited,,EQ,Solar PV & Green Hydrogen,Solar PV & Green Hydrogen,1,2026-08-22 20:45:04,RENEWABLE ENERGY,NON_SME
SOLEX,Solex Energy Limited,,EQ,Conventional Thermal & Fossil Power,Conventional Thermal & Fossil Power,1,2026-08-22 20:45:04,POWER,NON_SME
SOMANYCERA,Somany Ceramics Limited,,EQ,Ceramic Tiles & Sanitaryware,Ceramic Tiles & Sanitaryware,1,2026-08-22 20:45:04,BUILDING MATERIALS,NON_SME
SOMATEX,Soma Textiles & Industries Limited,,EQ,Breweries & Beer,Breweries & Beer,1,2026-08-22 20:45:04,BEVERAGES & DISTILLERIES,NON_SME
SOMICONVEY,Somi Conveyor Beltings Limited,,EQ,Material Handling & Cranes,Material Handling & Cranes,1,2026-08-22 20:45:04,CAPITAL GOODS & MACHINERY,NON_SME
SONACOMS,Sona BLW Precision Forgings Limited,,EQ,Auto Castings & Heavy Forgings,Auto Castings & Heavy Forgings,1,2026-08-22 20:45:04,AUTO ANCILLARIES,NON_SME
SONAL,Sonal Mercantile Limited,,EQ,Diversified Consumer & MSME NBFC,Diversified Consumer & MSME NBFC,1,2026-08-22 20:45:04,FINANCE & NBFC,NON_SME
SONAMLTD,SONAM LIMITED,,EQ,Kitchen Homeware & Cookware,Kitchen Homeware & Cookware,1,2026-08-22 20:45:04,CONSUMER DURABLES,NON_SME
SONATSOFTW,Sonata Software Limited,,EQ,Mid-Tier IT & Digital Solutions,Mid-Tier IT & Digital Solutions,1,2026-08-22 20:45:04,IT SERVICES,NON_SME
SOTL,Savita Oil Technologies Limited,,EQ,Refining & Petrochemicals,Refining & Petrochemicals,1,2026-08-22 20:45:04,OIL & GAS,NON_SME
SOUTHBANK,The South Indian Bank Limited,,EQ,Private Sector Banks,Private Sector Banks,1,2026-08-22 20:45:04,BANKING,NON_SME
SOUTHWEST,South West Pinnacle Exploration Limited,,EQ,Oil & Gas Exploration (E&P),Oil & Gas Exploration (E&P),1,2026-08-22 20:45:04,OIL & GAS,NON_SME
SPAL,S. P. Apparels Limited,,EQ,Garments & Apparel Exports,Garments & Apparel Exports,1,2026-08-22 20:45:04,TEXTILES,NON_SME
SPANDANA,Spandana Sphoorty Financial Limited,,EQ,Microfinance (MFI),Microfinance (MFI),1,2026-08-22 20:45:04,FINANCE & NBFC,NON_SME
SPARC,Sun Pharma Advanced Research Company Limited,,EQ,Finished Formulations,Finished Formulations,1,2026-08-22 20:45:04,PHARMACEUTICALS,NON_SME
SPCENET,Spacenet Enterprises India Limited,,EQ,Enterprise Software & SaaS,Enterprise Software & SaaS,1,2026-08-22 20:45:04,IT SERVICES,NON_SME
SPECIALITY,Speciality Restaurants Limited,,BE,Quick Service Restaurants (QSR),Quick Service Restaurants (QSR),1,2026-08-22 20:45:04,HOTELS & HOSPITALITY,NON_SME
SPECTRUM,Spectrum Electrical Industries Limited,,BE,Conventional Thermal & Fossil Power,Conventional Thermal & Fossil Power,1,2026-08-22 20:45:04,POWER,NON_SME
SPELS,SPEL Semiconductor Limited,,EQ,Semiconductor Assembly & Packaging (OSAT),Semiconductor Assembly & Packaging (OSAT),1,2026-08-22 20:45:04,EMS & ELECTRONICS,NON_SME
SPENCERS,Spencer's Retail Limited,,EQ,Specialty Retail Boutiques,Specialty Retail Boutiques,1,2026-08-22 20:45:04,RETAIL,NON_SME
SPIC,Southern Petrochemicals Industries Corporation  Limited,,EQ,Industrial & Basic Chemicals,Industrial & Basic Chemicals,1,2026-08-22 20:45:04,CHEMICALS,NON_SME
SPLIL,SPL Industries Limited,,EQ,Garments & Apparel Exports,Garments & Apparel Exports,1,2026-08-22 20:45:04,TEXTILES,NON_SME
SPLPETRO,Supreme Petrochem Limited,,EQ,Industrial & Basic Chemicals,Industrial & Basic Chemicals,1,2026-08-22 20:45:04,CHEMICALS,NON_SME
SPMLINFRA,SPML Infra Limited,,EQ,Civil & Commercial Construction,Civil & Commercial Construction,1,2026-08-22 20:45:04,CONSTRUCTION & INFRASTRUCTURE,NON_SME
SPORTKING,Sportking India Limited,,EQ,Commercial Ports & Terminals,Commercial Ports & Terminals,1,2026-08-22 20:45:04,SHIPBUILDING & PORTS,NON_SME
SRD,Shankar Lal Rampal Dye-Chem Limited,,EQ,Pigments & Dyes,Pigments & Dyes,1,2026-08-22 20:45:04,CHEMICALS,NON_SME
SREEL,Sreeleathers Limited,,EQ,Footwear Retail Chains,Footwear Retail Chains,1,2026-08-22 20:45:04,FOOTWEAR,NON_SME
SRF,SRF Limited,,EQ,Fluorochemicals,Fluorochemicals,1,2026-08-22 20:45:04,CHEMICALS,NON_SME
SRGHFL,SRG Housing Finance Limited,,EQ,Housing Finance (HFC),Housing Finance (HFC),1,2026-08-22 20:45:04,FINANCE & NBFC,NON_SME
SRHHYPOLTD,Sree Rayalaseema Hi-Strength Hypo Limited,,EQ,Industrial & Basic Chemicals,Industrial & Basic Chemicals,1,2026-08-22 20:45:04,CHEMICALS,NON_SME
SRIKPRIND,Sri KPR Industries Limited,,EQ,Plastic & CPVC Pipes,Plastic & CPVC Pipes,1,2026-08-22 20:45:04,BUILDING MATERIALS,NON_SME
SRM,SRM Contractors Limited,,EQ,Precision Auto Engine Components,Precision Auto Engine Components,1,2026-08-22 20:45:04,AUTO ANCILLARIES,NON_SME
SRTL,Shree Ram Twistex Limited,,EQ,Cotton Spinning & Yarns,Cotton Spinning & Yarns,1,2026-08-22 20:45:04,TEXTILES,NON_SME
SSDL,Saraswati Saree Depot Limited,,EQ,Exchange Traded Funds (ETF),Exchange Traded Funds (ETF),0,2026-08-22 20:45:04,CAPITAL MARKETS,NON_SME
SSWL,Steel Strips Wheels Limited,,EQ,Secondary Steel & TMT Rebars,Secondary Steel & TMT Rebars,1,2026-08-22 20:45:04,STEEL,NON_SME
STALLION,Stallion India Fluorochemicals Limited,,BE,Fluorochemicals,Fluorochemicals,1,2026-08-22 20:45:04,CHEMICALS,NON_SME
STANLEY,Stanley Lifestyles Limited,,EQ,Furniture & Mattresses,Furniture & Mattresses,1,2026-08-22 20:45:04,CONSUMER DURABLES,NON_SME
STAR,Strides Pharma Science Limited,,EQ,Finished Formulations,Finished Formulations,1,2026-08-22 20:45:04,PHARMACEUTICALS,NON_SME
STARCEMENT,Star Cement Limited,,EQ,Regional Cement & RMC,Regional Cement & RMC,1,2026-08-22 20:45:04,CEMENT,NON_SME
STARHEALTH,Star Health and Allied Insurance Company Limited,,EQ,Finished Formulations,Finished Formulations,1,2026-08-22 20:45:04,PHARMACEUTICALS,NON_SME
STARPAPER,Star Paper Mills Limited,,EQ,Paperboard & Packaging Cartons,Paperboard & Packaging Cartons,1,2026-08-22 20:45:04,PAPER & PACKAGING,NON_SME
STARTECK,Starteck Finance Limited,,EQ,Diversified Consumer & MSME NBFC,Diversified Consumer & MSME NBFC,1,2026-08-22 20:45:04,FINANCE & NBFC,NON_SME
STCINDIA,The State Trading Corporation of India Limited,,EQ,3PL Logistics & Fleet Haulage,3PL Logistics & Fleet Haulage,1,2026-08-22 20:45:04,LOGISTICS & SUPPLY CHAIN,NON_SME
STEELCAS,Steelcast Limited,,EQ,Secondary Steel & TMT Rebars,Secondary Steel & TMT Rebars,1,2026-08-22 20:45:04,STEEL,NON_SME
STEELCITY,Steel City Securities Limited,,EQ,Stockbroking & Wealth Management,Stockbroking & Wealth Management,1,2026-08-22 20:45:04,CAPITAL MARKETS,NON_SME
STEELXIND,STEEL EXCHANGE INDIA LIMITED,,EQ,Secondary Steel & TMT Rebars,Secondary Steel & TMT Rebars,1,2026-08-22 20:45:04,STEEL,NON_SME
STEL,Stel Holdings Limited,,EQ,Diversified Consumer & MSME NBFC,Diversified Consumer & MSME NBFC,1,2026-08-22 20:45:04,FINANCE & NBFC,NON_SME
STERTOOLS,Sterling Tools Limited,,BE,Precision Powertrain Engine Components,Precision Powertrain Engine Components,1,2026-08-22 20:45:04,AUTO ANCILLARIES,NON_SME
STLNETWORK,STL Networks Limited,,EQ,Optical Fiber & Telecom Infrastructure,Optical Fiber & Telecom Infrastructure,1,2026-08-22 20:45:04,TELECOM,NON_SME
STLSTRINF,Steel Strips Infrastructures Limited,,EQ,Secondary Steel & TMT Rebars,Secondary Steel & TMT Rebars,1,2026-08-22 20:45:04,STEEL,NON_SME
STLTECH,Sterlite Technologies Limited,,BE,Optical Fibre Cables & Telecom Infra,Optical Fibre Cables & Telecom Infra,1,2026-08-22 20:45:04,TELECOM,NON_SME
STOVEKRAFT,Stove Kraft Limited,,EQ,Paperboard & Packaging Cartons,Paperboard & Packaging Cartons,1,2026-08-22 20:45:04,PAPER & PACKAGING,NON_SME
STUDDS,Studds Accessories Limited,,EQ,Integrated Grey Cement,Integrated Grey Cement,1,2026-08-22 20:45:04,CEMENT,NON_SME
STYL,Seshaasai Technologies Limited,,EQ,Mid-Tier IT & Digital Solutions,Mid-Tier IT & Digital Solutions,1,2026-08-22 20:45:04,IT SERVICES,NON_SME
STYLAMIND,Stylam Industries Limited,,EQ,Plywood & Laminates,Plywood & Laminates,1,2026-08-22 20:45:04,BUILDING MATERIALS,NON_SME
STYLEBAAZA,Baazar Style Retail Limited,,EQ,Specialty Retail Boutiques,Specialty Retail Boutiques,1,2026-08-22 20:45:04,RETAIL,NON_SME
STYRENIX,Styrenix Performance Materials Limited,,EQ,Automotive Radial Tyres,Automotive Radial Tyres,1,2026-08-22 20:45:04,TYRES & RUBBER,NON_SME
SUBEXLTD,Subex Limited,,EQ,Enterprise Software & SaaS,Enterprise Software & SaaS,1,2026-08-22 20:45:04,IT SERVICES,NON_SME
SUBROS,Subros Limited,,EQ,Auto Air Conditioning & Thermal Systems,Auto Air Conditioning & Thermal Systems,1,2026-08-22 20:45:04,AUTO ANCILLARIES,NON_SME
SUDARCOLOR,Sudarshan Colorants India Limited,,EQ,Pigments & Dyes,Pigments & Dyes,1,2026-08-22 20:45:04,CHEMICALS,NON_SME
SUDARSCHEM,Sudarshan Chemical Industries Limited,,EQ,Industrial & Basic Chemicals,Industrial & Basic Chemicals,1,2026-08-22 20:45:04,CHEMICALS,NON_SME
SUDEEPPHRM,Sudeep Pharma Limited,,EQ,Finished Formulations,Finished Formulations,1,2026-08-22 20:45:04,PHARMACEUTICALS,NON_SME
SUKHJITS,Sukhjit Starch & Chemicals Limited,,EQ,Industrial & Basic Chemicals,Industrial & Basic Chemicals,1,2026-08-22 20:45:04,CHEMICALS,NON_SME
SULA,Sula Vineyards Limited,,EQ,IMFL Spirits & Distilleries,IMFL Spirits & Distilleries,1,2026-08-22 20:45:04,BEVERAGES & DISTILLERIES,NON_SME
SUMEDHA,Sumedha Fiscal Services Limited,,EQ,Wealth Broking & Advisory,Wealth Broking & Advisory,1,2026-08-22 20:45:04,CAPITAL MARKETS,NON_SME
SUMEETINDS,Sumeet Industries Limited,,EQ,Secondary Steel & TMT Rebars,Secondary Steel & TMT Rebars,1,2026-08-22 20:45:04,STEEL,NON_SME
SUMICHEM,Sumitomo Chemical India Limited,,EQ,Industrial & Basic Chemicals,Industrial & Basic Chemicals,1,2026-08-22 20:45:04,CHEMICALS,NON_SME
SUMIT,Sumit Woods Limited,,EQ,Civil & Commercial Construction,Civil & Commercial Construction,1,2026-08-22 20:45:04,CONSTRUCTION & INFRASTRUCTURE,NON_SME
SUMMITSEC,Summit Securities Limited,,EQ,Stockbroking & Wealth Management,Stockbroking & Wealth Management,1,2026-08-22 20:45:04,CAPITAL MARKETS,NON_SME
SUNCLAY,Sundaram Clayton Limited,,EQ,Auto Castings & Heavy Forgings,Auto Castings & Heavy Forgings,1,2026-08-22 20:45:04,AUTO ANCILLARIES,NON_SME
SUNDARAM,Sundaram Multi Pap Limited,,EQ,Paperboard & Packaging Cartons,Paperboard & Packaging Cartons,1,2026-08-22 20:45:04,PAPER & PACKAGING,NON_SME
SUNDARMFIN,Sundaram Finance Limited,,EQ,Vehicle Finance,Vehicle Finance,1,2026-08-22 20:45:04,FINANCE & NBFC,NON_SME
SUNDRMBRAK,Sundaram Brake Linings Limited,,BE,Auto Braking & Suspension,Auto Braking & Suspension,1,2026-08-22 20:45:04,AUTO ANCILLARIES,NON_SME
SUNDRMFAST,Sundram Fasteners Limited,,EQ,Precision Powertrain Engine Components,Precision Powertrain Engine Components,1,2026-08-22 20:45:04,AUTO ANCILLARIES,NON_SME
SUNDROP,Sundrop Brands Limited,,EQ,Edible Oils & Vanaspati,Edible Oils & Vanaspati,1,2026-08-22 20:45:04,FOOD PROCESSING,NON_SME
SUNFLAG,Sunflag Iron And Steel Company Limited,,EQ,Secondary Steel & TMT Rebars,Secondary Steel & TMT Rebars,1,2026-08-22 20:45:04,STEEL,NON_SME
SUNLOC,Sunil Healthcare Limited,,EQ,Finished Formulations,Finished Formulations,1,2026-08-22 20:45:04,PHARMACEUTICALS,NON_SME
SUNPHARMA,Sun Pharmaceutical Industries Limited,,EQ,Finished Formulations,Finished Formulations,1,2026-08-22 20:45:04,PHARMACEUTICALS,NON_SME
SUNRAKSHAK,Sunrakshakk Industries India Limited,,EQ,Diversified Consumer & MSME NBFC,Diversified Consumer & MSME NBFC,1,2026-08-22 20:45:04,FINANCE & NBFC,NON_SME
SUNSHIEL,Sunshield Chemicals Limited,,EQ,Industrial & Basic Chemicals,Industrial & Basic Chemicals,1,2026-08-22 20:45:04,CHEMICALS,NON_SME
SUNTECK,Sunteck Realty Limited,,EQ,Residential Real Estate,Residential Real Estate,1,2026-08-22 20:45:04,REAL ESTATE,NON_SME
SUNTV,Sun TV Network Limited,,EQ,Television Broadcasting & OTT,Television Broadcasting & OTT,1,2026-08-22 20:45:04,MEDIA & ENTERTAINMENT,NON_SME
SUPERHOUSE,Superhouse Limited,,EQ,Sports & Athleisure Footwear,Sports & Athleisure Footwear,1,2026-08-22 20:45:04,FOOTWEAR,NON_SME
SUPERSPIN,Super Spinning Mills Limited,,BE,Cotton Spinning & Yarns,Cotton Spinning & Yarns,1,2026-08-22 20:45:04,TEXTILES,NON_SME
SUPRAJIT,Suprajit Engineering Limited,,EQ,Precision Auto Engine Components,Precision Auto Engine Components,1,2026-08-22 20:45:04,AUTO ANCILLARIES,NON_SME
SUPREME,Supreme Holdings & Hospitality (India) Limited,,EQ,Hospitals & Healthcare Chains,Hospitals & Healthcare Chains,1,2026-08-22 20:45:04,HEALTHCARE SERVICES,NON_SME
SUPREMEENG,Supreme Engineering Limited,,BZ,Precision Auto Engine Components,Precision Auto Engine Components,1,2026-08-22 20:45:04,AUTO ANCILLARIES,NON_SME
SUPREMEIND,Supreme Industries Limited,,EQ,Plastic & CPVC Pipes,Plastic & CPVC Pipes,1,2026-08-22 20:45:04,BUILDING MATERIALS,NON_SME
SUPREMEINF,Supreme Infrastructure India Limited,,EQ,Civil & Commercial Construction,Civil & Commercial Construction,1,2026-08-22 20:45:04,CONSTRUCTION & INFRASTRUCTURE,NON_SME
SUPRIYA,Supriya Lifescience Limited,,EQ,Finished Formulations,Finished Formulations,1,2026-08-22 20:45:04,PHARMACEUTICALS,NON_SME
SUPTANERY,Super Tannery Limited,,EQ,Sports & Athleisure Footwear,Sports & Athleisure Footwear,1,2026-08-22 20:45:04,FOOTWEAR,NON_SME
SURAJEST,Suraj Estate Developers Limited,,EQ,Precision Auto Engine Components,Precision Auto Engine Components,1,2026-08-22 20:45:04,AUTO ANCILLARIES,NON_SME
SURAJLTD,Suraj Limited,,EQ,Steel Pipes & Tubes,Steel Pipes & Tubes,1,2026-08-22 20:45:04,STEEL,NON_SME
SURAKSHA,Suraksha Diagnostic Limited,,EQ,Diagnostic & Pathology Labs,Diagnostic & Pathology Labs,1,2026-08-22 20:45:04,HEALTHCARE SERVICES,NON_SME
SURANASOL,Surana Solar Limited,,EQ,Solar PV & Green Hydrogen,Solar PV & Green Hydrogen,1,2026-08-22 20:45:04,RENEWABLE ENERGY,NON_SME
SURANAT&P,Surana Telecom and Power Limited,,EQ,Conventional Thermal & Fossil Power,Conventional Thermal & Fossil Power,1,2026-08-22 20:45:04,POWER,NON_SME
SURYALA,Suryalata Spinning Mills Limited,,EQ,Cotton Spinning & Yarns,Cotton Spinning & Yarns,1,2026-08-22 20:45:04,TEXTILES,NON_SME
SURYALAXMI,Suryalakshmi Cotton Mills Limited,,EQ,Cotton Spinning & Yarns,Cotton Spinning & Yarns,1,2026-08-22 20:45:04,TEXTILES,NON_SME
SURYAROSNI,Surya Roshni Limited,,EQ,Steel Pipes & Tubes,Steel Pipes & Tubes,1,2026-08-22 20:45:04,STEEL,NON_SME
SURYODAY,Suryoday Small Finance Bank Limited,,EQ,Diversified Consumer & MSME NBFC,Diversified Consumer & MSME NBFC,1,2026-08-22 20:45:04,FINANCE & NBFC,NON_SME
SUTLEJTEX,Sutlej Textiles and Industries Limited,,BE,Cotton Spinning & Yarns,Cotton Spinning & Yarns,1,2026-08-22 20:45:04,TEXTILES,NON_SME
SUVEN,Suven Life Sciences Limited,,EQ,CDMO & Sterile Injectables,CDMO & Sterile Injectables,1,2026-08-22 20:45:04,PHARMACEUTICALS,NON_SME
SUVIDHAA,Suvidhaa Infoserve Limited,,EQ,Consumer Internet Platforms & Apps,Consumer Internet Platforms & Apps,1,2026-08-22 20:45:04,SERVICES & MEDIA,NON_SME
SUYOG,Suyog Telematics Limited,,EQ,Optical Fiber & Telecom Infrastructure,Optical Fiber & Telecom Infrastructure,1,2026-08-22 20:45:04,TELECOM,NON_SME
SUZLON,Suzlon Energy Limited,,EQ,Wind Turbines & Wind Energy,Wind Turbines & Wind Energy,1,2026-08-22 20:45:04,RENEWABLE ENERGY,NON_SME
SVGLOBAL,S V Global Mill Limited,,EQ,Residential Townships & Commercial REITs,Residential Townships & Commercial REITs,1,2026-08-22 20:45:04,REAL ESTATE,NON_SME
SVLL,Shree Vasu Logistics Limited,,BE,3PL Logistics & Fleet Haulage,3PL Logistics & Fleet Haulage,1,2026-08-22 20:45:04,LOGISTICS & SUPPLY CHAIN,NON_SME
SVPGLOB,SVP GLOBAL TEXTILES LIMITED,,EQ,Cotton Spinning & Yarns,Cotton Spinning & Yarns,1,2026-08-22 20:45:04,TEXTILES,NON_SME
SWANCORP,SWAN CORP LIMITED,,EQ,Commodity & Wholesale Trading,Commodity & Wholesale Trading,1,2026-08-22 20:45:04,COMMERCIAL TRADING,NON_SME
SWANDEF,Swan Defence and Heavy Industries Limited,,BE,Precision Defence Machining,Precision Defence Machining,1,2026-08-22 20:45:04,DEFENCE & AEROSPACE,NON_SME
SWARAJ,Swaraj Suiting Limited,,EQ,Garments & Apparel Exports,Garments & Apparel Exports,1,2026-08-22 20:45:04,TEXTILES,NON_SME
SWARAJENG,Swaraj Engines Limited,,EQ,Precision Auto Engine Components,Precision Auto Engine Components,1,2026-08-22 20:45:04,AUTO ANCILLARIES,NON_SME
SWARNSAR,Swarnsarita Jewels India Limited,,EQ,Gold Jewellery & Retail,Gold Jewellery & Retail,1,2026-08-22 20:45:04,JEWELLERY,NON_SME
SWELECTES,Swelect Energy Systems Limited,,EQ,Conventional Thermal & Fossil Power,Conventional Thermal & Fossil Power,1,2026-08-22 20:45:04,POWER,NON_SME
SWIGGY,Swiggy Limited,,EQ,Food Delivery & Quick Commerce,Food Delivery & Quick Commerce,1,2026-08-22 20:45:04,E-COMMERCE & QUICK COMMERCE,NON_SME
SWISSMLTRY,Swiss Military Consumer Goods Limited,,EQ,Luggage & Travel Gear,Luggage & Travel Gear,1,2026-08-22 20:45:04,CONSUMER DURABLES,NON_SME
SWSOLAR,Sterling and Wilson Renewable Energy Limited,,EQ,Green Energy Generation (IPP),Green Energy Generation (IPP),1,2026-08-22 20:45:04,RENEWABLE ENERGY,NON_SME
SYMPHONY,Symphony Limited,,EQ,Air Conditioners & Commercial HVAC,Air Conditioners & Commercial HVAC,1,2026-08-22 20:45:04,CONSUMER DURABLES,NON_SME
SYNCOMF,Syncom Formulations (India) Limited,,EQ,Finished Formulations,Finished Formulations,1,2026-08-22 20:45:04,PHARMACEUTICALS,NON_SME
SYNGENE,Syngene International Limited,,EQ,CDMO & Sterile Injectables,CDMO & Sterile Injectables,1,2026-08-22 20:45:04,PHARMACEUTICALS,NON_SME
SYRMA,Syrma SGS Technology Limited,,EQ,Commercial & Industrial Electronics EMS,Commercial & Industrial Electronics EMS,1,2026-08-22 20:45:04,EMS & ELECTRONICS,NON_SME
SYSTMTXC,Systematix Corporate Services Limited,,BE,Stockbroking & Wealth Management,Stockbroking & Wealth Management,1,2026-08-22 20:45:04,CAPITAL MARKETS,NON_SME
TAALTECH,Taal Tech Limited,,EQ,Mid-Tier IT & Digital Solutions,Mid-Tier IT & Digital Solutions,1,2026-08-22 20:45:04,IT SERVICES,NON_SME
TAINWALCHM,Tainwala Chemical and Plastic (I) Limited,,EQ,Industrial & Basic Chemicals,Industrial & Basic Chemicals,1,2026-08-22 20:45:04,CHEMICALS,NON_SME
TAJGVK,Taj GVK Hotels & Resorts Limited,,EQ,Luxury Hotels & Resorts,Luxury Hotels & Resorts,1,2026-08-22 20:45:04,HOTELS & HOSPITALITY,NON_SME
TAKE,TAKE Limited,,EQ,Healthcare & Life Sciences Tech,Healthcare & Life Sciences Tech,1,2026-08-22 20:45:04,IT SERVICES,NON_SME
TALBROAUTO,Talbros Automotive Components Limited,,EQ,Precision Auto Engine Components,Precision Auto Engine Components,1,2026-08-22 20:45:04,AUTO ANCILLARIES,NON_SME
TAMBOLIIN,Tamboli Industries Limited,,BE,Precision Machine Tools & Fasteners,Precision Machine Tools & Fasteners,1,2026-08-22 20:45:04,CAPITAL GOODS & MACHINERY,NON_SME
TANAA,Taneja Aerospace & Aviation Limited,,EQ,Passenger Airlines,Passenger Airlines,1,2026-08-22 20:45:04,AVIATION,NON_SME
TANLA,Tanla Platforms Limited,,EQ,Enterprise Software & SaaS,Enterprise Software & SaaS,1,2026-08-22 20:45:04,IT SERVICES,NON_SME
TARACHAND,Tara Chand InfraLogistic Solutions Limited,,EQ,Freight Forwarding & Multi-Modal Cargo,Freight Forwarding & Multi-Modal Cargo,1,2026-08-22 20:45:04,LOGISTICS & SUPPLY CHAIN,NON_SME
TARAPUR,Tarapur Transformers Limited,,EQ,Power & Distribution Transformers,Power & Distribution Transformers,1,2026-08-22 20:45:04,ELECTRICAL EQUIPMENT,NON_SME
TARC,TARC Limited,,EQ,Residential Townships & Commercial REITs,Residential Townships & Commercial REITs,1,2026-08-22 20:45:04,REAL ESTATE,NON_SME
TARIL,Transformers And Rectifiers (India) Limited,,EQ,Power & Distribution Transformers,Power & Distribution Transformers,1,2026-08-22 20:45:04,ELECTRICAL EQUIPMENT,NON_SME
TARMAT,Tarmat Limited,,EQ,Heavy Infrastructure EPC,Heavy Infrastructure EPC,1,2026-08-22 20:45:04,CONSTRUCTION & INFRASTRUCTURE,NON_SME
TARSONS,Tarsons Products Limited,,EQ,Medical Clinics & Equipment,Medical Clinics & Equipment,1,2026-08-22 20:45:04,HEALTHCARE SERVICES,NON_SME
TASTYBITE,Tasty Bite Eatables Limited,,EQ,Packaged Foods & Snacks,Packaged Foods & Snacks,1,2026-08-22 20:45:04,FOOD PROCESSING,NON_SME
TATACAP,Tata Capital Limited,,EQ,API & Bulk Drugs,API & Bulk Drugs,1,2026-08-22 20:45:04,PHARMACEUTICALS,NON_SME
TATACHEM,Tata Chemicals Limited,,EQ,Industrial & Basic Chemicals,Industrial & Basic Chemicals,1,2026-08-22 20:45:04,CHEMICALS,NON_SME
TATACOMM,Tata Communications Limited,,EQ,Commodity & Wholesale Trading,Commodity & Wholesale Trading,0,2026-08-22 20:45:04,COMMERCIAL TRADING,NON_SME
TATACONSUM,TATA CONSUMER PRODUCTS LIMITED,,EQ,Tea Plantations & Packaging,Tea Plantations & Packaging,0,2026-08-22 20:45:04,TEA & COFFEE,NON_SME
TATAELXSI,Tata Elxsi Limited,,EQ,Engineering R&D (ER&D),Engineering R&D (ER&D),1,2026-08-22 20:45:04,IT SERVICES,NON_SME
TATAINVEST,Tata Investment Corporation Limited,,EQ,Corporate & Wholesale Finance,Corporate & Wholesale Finance,1,2026-08-22 20:45:04,FINANCE & NBFC,NON_SME
TATAPOWER,Tata Power Company Limited,,EQ,Power Distribution & Integrated Utilities,Power Distribution & Integrated Utilities,1,2026-08-22 20:45:04,POWER,NON_SME
TATASTEEL,Tata Steel Limited,,EQ,Secondary Steel & TMT Rebars,Secondary Steel & TMT Rebars,1,2026-08-22 20:45:04,STEEL,NON_SME
TATATECH,Tata Technologies Limited,,EQ,Mid-Tier IT & Digital Solutions,Mid-Tier IT & Digital Solutions,0,2026-08-22 20:45:04,IT SERVICES,NON_SME
TATVA,Tatva Chintan Pharma Chem Limited,,EQ,Finished Formulations,Finished Formulations,1,2026-08-22 20:45:04,PHARMACEUTICALS,NON_SME
TBOTEK,TBO Tek Limited,,EQ,B2B Travel Distribution Platform,B2B Travel Distribution Platform,1,2026-08-22 20:45:04,ONLINE TICKETING & TRAVEL,NON_SME
TBZ,Tribhovandas Bhimji Zaveri Limited,,EQ,Gold Jewellery & Retail,Gold Jewellery & Retail,1,2026-08-22 20:45:04,JEWELLERY,NON_SME
TCC,TCC Concept Limited,,EQ,Staffing & Workforce Security,Staffing & Workforce Security,1,2026-08-22 20:45:04,SERVICES & MEDIA,NON_SME
TCI,Transport Corporation of India Limited,,EQ,Commercial Ports & Terminals,Commercial Ports & Terminals,1,2026-08-22 20:45:04,SHIPBUILDING & PORTS,NON_SME
TCIEXP,TCI Express Limited,,EQ,Express Parcel & Courier,Express Parcel & Courier,1,2026-08-22 20:45:04,LOGISTICS & SUPPLY CHAIN,NON_SME
TCIFINANCE,TCI Finance Limited,,BE,Diversified Consumer & MSME NBFC,Diversified Consumer & MSME NBFC,1,2026-08-22 20:45:04,FINANCE & NBFC,NON_SME
TCPLPACK,TCPL Packaging Limited,,EQ,Paperboard & Packaging Cartons,Paperboard & Packaging Cartons,1,2026-08-22 20:45:04,PAPER & PACKAGING,NON_SME
TCS,Tata Consultancy Services Limited,,EQ,Tier-1 IT Services,Tier-1 IT Services,1,2026-08-22 20:45:04,IT SERVICES,NON_SME
TDPOWERSYS,TD Power Systems Limited,,EQ,Conventional Thermal & Fossil Power,Conventional Thermal & Fossil Power,1,2026-08-22 20:45:04,POWER,NON_SME
TEAMGTY,Team India Guaranty Limited,,EQ,Credit Guarantee & Risk Management Services,Credit Guarantee & Risk Management Services,1,20260827_224508,FINANCE & NBFC,NON_SME
TEAMLEASE,Teamlease Services Limited,,EQ,Staffing & Workforce Solutions,Staffing & Workforce Solutions,1,20260827_224508,STAFFING & EMPLOYMENT SERVICES,NON_SME
TECHM,Tech Mahindra Limited,,EQ,Mid-Tier IT & Digital Solutions,Mid-Tier IT & Digital Solutions,1,2026-08-22 20:45:04,IT SERVICES,NON_SME
TECHNOCRAF,Technocraft Ventures Limited,,EQ,Diversified Consumer & MSME NBFC,Diversified Consumer & MSME NBFC,1,2026-08-22 20:45:04,FINANCE & NBFC,NON_SME
TECHNOE,Techno Electric & Engineering Company Limited,,EQ,Power Transmission Grid,Power Transmission Grid,1,2026-08-22 20:45:04,POWER,NON_SME
TECHNVISN,TechNVision Ventures Limited,,EQ,Diversified Consumer & MSME NBFC,Diversified Consumer & MSME NBFC,1,2026-08-22 20:45:04,FINANCE & NBFC,NON_SME
TECILCHEM,TECIL Chemicals and Hydro Power Limited,,EQ,Industrial & Basic Chemicals,Industrial & Basic Chemicals,1,2026-08-22 20:45:04,CHEMICALS,NON_SME
TEGA,Tega Industries Limited,,EQ,Mining Equipment & Mill Liners,Mining Equipment & Mill Liners,1,2026-08-22 20:45:04,MINING & MINERALS,NON_SME
TEJASNET,Tejas Networks Limited,,EQ,Optical Fiber & Telecom Infrastructure,Optical Fiber & Telecom Infrastructure,1,2026-08-22 20:45:04,TELECOM,NON_SME
TEMBO,Tembo Global Industries Limited,,EQ,Basmati Rice Milling & Global Exports,Basmati Rice Milling & Global Exports,1,2026-08-22 20:45:04,RICE,NON_SME
TENNIND,Tenneco Clean Air India Limited,,EQ,Auto Emission & Exhaust Systems,Auto Emission & Exhaust Systems,1,2026-08-22 20:45:04,AUTO ANCILLARIES,NON_SME
TERAI,Terai Tea Company Limited,,EQ,Tea Plantations & Packaging,Tea Plantations & Packaging,1,2026-08-22 20:45:04,TEA & COFFEE,NON_SME
TERASOFT,Tera Software Limited,,EQ,Mid-Tier IT & Digital Solutions,Mid-Tier IT & Digital Solutions,1,2026-08-22 20:45:04,IT SERVICES,NON_SME
TEXINFRA,Texmaco Infrastructure & Holdings Limited,,EQ,Diversified Consumer & MSME NBFC,Diversified Consumer & MSME NBFC,1,2026-08-22 20:45:04,FINANCE & NBFC,NON_SME
TEXMOPIPES,Texmo Pipes and Products Limited,,EQ,Steel Pipes & Tubes,Steel Pipes & Tubes,1,2026-08-22 20:45:04,STEEL,NON_SME
TEXRAIL,Texmaco Rail & Engineering Limited,,EQ,"Rolling Stock, Wagons & Vande Bharat Trainsets","Rolling Stock, Wagons & Vande Bharat Trainsets",1,2026-08-22 20:45:04,RAILWAYS,NON_SME
TFCILTD,Tourism Finance Corporation of India Limited,,EQ,Diversified Consumer & MSME NBFC,Diversified Consumer & MSME NBFC,1,2026-08-22 20:45:04,FINANCE & NBFC,NON_SME
TFL,Transwarranty Finance Limited,,EQ,Diversified Consumer & MSME NBFC,Diversified Consumer & MSME NBFC,1,2026-08-22 20:45:04,FINANCE & NBFC,NON_SME
TGBHOTELS,TGB Banquets And Hotels Limited,,EQ,Luxury Hotels & Resorts,Luxury Hotels & Resorts,1,2026-08-22 20:45:04,HOTELS & HOSPITALITY,NON_SME
TGVSL,TGV Sraac Limited,,EQ,Industrial & Basic Chemicals,Industrial & Basic Chemicals,1,2026-08-22 20:45:04,CHEMICALS,NON_SME
THACKER,Thacker & Company Limited,,BE,Diversified Consumer & MSME NBFC,Diversified Consumer & MSME NBFC,1,2026-08-22 20:45:04,FINANCE & NBFC,NON_SME
THAKDEV,Thakkers Developers Limited,,EQ,Precision Auto Engine Components,Precision Auto Engine Components,1,2026-08-22 20:45:04,AUTO ANCILLARIES,NON_SME
THANGAMAYL,Thangamayil Jewellery Limited,,EQ,Gold Jewellery & Retail,Gold Jewellery & Retail,1,2026-08-22 20:45:04,JEWELLERY,NON_SME
THEINVEST,The Investment Trust Of India Limited,,EQ,Diversified Consumer & MSME NBFC,Diversified Consumer & MSME NBFC,1,2026-08-22 20:45:04,FINANCE & NBFC,NON_SME
THEJO,Thejo Engineering Limited,,EQ,Precision Auto Engine Components,Precision Auto Engine Components,1,2026-08-22 20:45:04,AUTO ANCILLARIES,NON_SME
THELEELA,Leela Palaces Hotels & Resorts Limited,,EQ,Luxury Hotels & Resorts,Luxury Hotels & Resorts,1,2026-08-22 20:45:04,HOTELS & HOSPITALITY,NON_SME
THEMISMED,Themis Medicare Limited,,EQ,Precision Auto Engine Components,Precision Auto Engine Components,1,2026-08-22 20:45:04,AUTO ANCILLARIES,NON_SME
THERMAX,Thermax Limited,,EQ,Heavy Process Equipment & Machinery,Heavy Process Equipment & Machinery,1,2026-08-22 20:45:04,CAPITAL GOODS & MACHINERY,NON_SME
THOMASCOOK,Thomas Cook  (India)  Limited,,EQ,Online Travel Agency (OTA) & Flight Booking,Online Travel Agency (OTA) & Flight Booking,1,2026-08-22 20:45:04,ONLINE TICKETING & TRAVEL,NON_SME
THOMASCOTT,Thomas Scott (India) Limited,,EQ,Garments & Apparel Exports,Garments & Apparel Exports,1,2026-08-22 20:45:04,TEXTILES,NON_SME
THYROCARE,Thyrocare Technologies Limited,,EQ,Precision Auto Engine Components,Precision Auto Engine Components,1,2026-08-22 20:45:04,AUTO ANCILLARIES,NON_SME
TI,Tilaknagar Industries Limited,,EQ,IMFL Spirits & Distilleries,IMFL Spirits & Distilleries,1,2026-08-22 20:45:04,BEVERAGES & DISTILLERIES,NON_SME
TICL,Twamev Construction and Infrastructure Limited,,BE,Precision Auto Engine Components,Precision Auto Engine Components,1,2026-08-22 20:45:04,AUTO ANCILLARIES,NON_SME
TIGERLOGS,Tiger Logistics (India) Limited,,EQ,3PL Logistics & Fleet Haulage,3PL Logistics & Fleet Haulage,1,2026-08-22 20:45:04,LOGISTICS & SUPPLY CHAIN,NON_SME
TIIL,Technocraft Industries (India) Limited,,EQ,Rigid Plastic Containers & Drums,Rigid Plastic Containers & Drums,1,2026-08-22 20:45:04,PAPER & PACKAGING,NON_SME
TIINDIA,Tube Investments of India Limited,,EQ,Diversified Consumer & MSME NBFC,Diversified Consumer & MSME NBFC,1,2026-08-22 20:45:04,FINANCE & NBFC,NON_SME
TIJARIA,Tijaria Polypipes Limited,,EQ,Steel Pipes & Tubes,Steel Pipes & Tubes,1,2026-08-22 20:45:04,STEEL,NON_SME
TIL,TIL Limited,,BE,Material Handling & Cranes,Material Handling & Cranes,1,2026-08-22 20:45:04,CAPITAL GOODS & MACHINERY,NON_SME
TIMETECHNO,Time Technoplast Limited,,EQ,Rigid Plastic Containers & Drums,Rigid Plastic Containers & Drums,1,2026-08-22 20:45:04,PAPER & PACKAGING,NON_SME
TIMEX,Timex Group India Limited,,EQ,Specialty Retail Boutiques,Specialty Retail Boutiques,1,2026-08-22 20:45:04,RETAIL,NON_SME
TIMKEN,Timken India Limited,,EQ,Precision Bearings & Motion Controls,Precision Bearings & Motion Controls,1,2026-08-22 20:45:04,CAPITAL GOODS & MACHINERY,NON_SME
TINNARUBR,Tinna Rubber and Infrastructure Limited,,EQ,Industrial Rubber & Specialty Materials,Industrial Rubber & Specialty Materials,1,2026-08-22 20:45:04,TYRES & RUBBER,NON_SME
TIPSFILMS,Tips Films Limited,,EQ,Music Labels & VFX Studios,Music Labels & VFX Studios,1,2026-08-22 20:45:04,MEDIA & ENTERTAINMENT,NON_SME
TIPSMUSIC,Tips Music Limited,,EQ,Music Labels & VFX Studios,Music Labels & VFX Studios,1,2026-08-22 20:45:04,MEDIA & ENTERTAINMENT,NON_SME
TIRUMALCHM,Thirumalai Chemicals Limited,,EQ,Industrial & Basic Chemicals,Industrial & Basic Chemicals,1,2026-08-22 20:45:04,CHEMICALS,NON_SME
TIRUPATIFL,Tirupati Forge Limited,,BE,Auto Castings & Heavy Forgings,Auto Castings & Heavy Forgings,1,2026-08-22 20:45:04,AUTO ANCILLARIES,NON_SME
TITAGARH,TITAGARH RAIL SYSTEMS LIMITED,,EQ,"Rolling Stock, Wagons & Vande Bharat Trainsets","Rolling Stock, Wagons & Vande Bharat Trainsets",1,2026-08-22 20:45:04,RAILWAYS,NON_SME
TITAN,Titan Company Limited,,EQ,Bridal Gold Jewellery & Retail Showrooms,Bridal Gold Jewellery & Retail Showrooms,1,2026-08-22 20:45:04,JEWELLERY,NON_SME
TMB,Tamilnad Mercantile Bank Limited,,EQ,Private Sector Banks,Private Sector Banks,1,2026-08-22 20:45:04,BANKING,NON_SME
TMCV,Tata Motors Limited,,EQ,Commercial Vehicles (Trucks & Buses),Commercial Vehicles (Trucks & Buses),1,2026-08-22 20:45:04,AUTOMOBILE,NON_SME
TMPV,Tata Motors Passenger Vehicles Limited,,EQ,Passenger Vehicles (Cars & SUVs),Passenger Vehicles (Cars & SUVs),1,2026-08-22 20:45:04,AUTOMOBILE,NON_SME
TNPETRO,Tamilnadu PetroProducts Limited,,EQ,Specialty Chemicals,Specialty Chemicals,1,2026-08-22 20:45:04,CHEMICALS,NON_SME
TNPL,Tamil Nadu Newsprint & Papers Limited,,EQ,Television Broadcasting & OTT,Television Broadcasting & OTT,1,2026-08-22 20:45:04,MEDIA & ENTERTAINMENT,NON_SME
TNTELE,Tamilnadu Telecommunication Limited,,EQ,Optical Fiber & Telecom Infrastructure,Optical Fiber & Telecom Infrastructure,1,2026-08-22 20:45:04,TELECOM,NON_SME
TOKYOPLAST,Tokyo Plast International Limited,,EQ,Kitchen Homeware & Cookware,Kitchen Homeware & Cookware,1,2026-08-22 20:45:04,CONSUMER DURABLES,NON_SME
TOLINS,Tolins Tyres Limited,,EQ,Automotive Radial Tyres,Automotive Radial Tyres,1,2026-08-22 20:45:04,TYRES & RUBBER,NON_SME
TORNTPHARM,Torrent Pharmaceuticals Limited,,EQ,Finished Formulations,Finished Formulations,1,2026-08-22 20:45:04,PHARMACEUTICALS,NON_SME
TORNTPOWER,Torrent Power Limited,,EQ,Power Distribution & Integrated Utilities,Power Distribution & Integrated Utilities,1,2026-08-22 20:45:04,POWER,NON_SME
TOTAL,Total Transport Systems Limited,,EQ,Freight Forwarding & Multi-Modal Cargo,Freight Forwarding & Multi-Modal Cargo,1,2026-08-22 20:45:04,LOGISTICS & SUPPLY CHAIN,NON_SME
TOUCHWOOD,Touchwood Entertainment Limited,,EQ,Civil & Commercial Construction,Civil & Commercial Construction,1,2026-08-22 20:45:04,CONSTRUCTION & INFRASTRUCTURE,NON_SME
TOYAMSL,Toyam Sports Limited,,EQ,Commercial Ports & Terminals,Commercial Ports & Terminals,1,2026-08-22 20:45:04,SHIPBUILDING & PORTS,NON_SME
TPHQ,Teamo Productions HQ Limited,,EQ,Television Content & OTT Production,Television Content & OTT Production,1,20260827_224508,MEDIA & ENTERTAINMENT,NON_SME
TPLPLASTEH,TPL Plastech Limited,,EQ,Rigid Plastic Containers & Drums,Rigid Plastic Containers & Drums,1,2026-08-22 20:45:04,PAPER & PACKAGING,NON_SME
TRACXN,Tracxn Technologies Limited,,EQ,Mid-Tier IT & Digital Solutions,Mid-Tier IT & Digital Solutions,1,2026-08-22 20:45:04,IT SERVICES,NON_SME
TRANSCOR,Transcorp International Limited,,EQ,Diversified Consumer & MSME NBFC,Diversified Consumer & MSME NBFC,1,2026-08-22 20:45:04,FINANCE & NBFC,NON_SME
TRANSPEK,Transpek Industry Limited,,BE,Specialty Chemicals,Specialty Chemicals,1,2026-08-22 20:45:04,CHEMICALS,NON_SME
TRANSRAILL,Transrail Lighting Limited,,EQ,Power Transmission Line EPC,Power Transmission Line EPC,1,2026-08-22 20:45:04,CONSTRUCTION & INFRASTRUCTURE,NON_SME
TRANSWORLD,TRANSWORLD SHIPPING LINES LIMITED,,BE,Marine Offshore Vessels & Tugs,Marine Offshore Vessels & Tugs,1,2026-08-22 20:45:04,SHIPBUILDING & PORTS,NON_SME
TRAVELFOOD,Travel Food Services Limited,,EQ,Packaged Foods & Snacks,Packaged Foods & Snacks,1,2026-08-22 20:45:04,FOOD PROCESSING,NON_SME
TREEHOUSE,Tree House Education & Accessories Limited,,EQ,Education Academies & Publishing,Education Academies & Publishing,1,2026-08-22 20:45:04,EDUCATION & EDTECH,NON_SME
TREJHARA,TREJHARA SOLUTIONS LIMITED,,EQ,Mid-Tier IT & Digital Solutions,Mid-Tier IT & Digital Solutions,1,2026-08-22 20:45:04,IT SERVICES,NON_SME
TREL,Transindia Real Estate Limited,,EQ,Residential Real Estate,Residential Real Estate,1,2026-08-22 20:45:04,REAL ESTATE,NON_SME
TRENT,Trent Limited,,EQ,Fashion Apparel Retail,Fashion Apparel Retail,1,2026-08-22 20:45:04,RETAIL,NON_SME
TRF,TRF Limited,,EQ,Material Handling & Cranes,Material Handling & Cranes,1,2026-08-22 20:45:04,CAPITAL GOODS & MACHINERY,NON_SME
TRIDENT,Trident Limited,,EQ,Home Textiles,Home Textiles,1,2026-08-22 20:45:04,TEXTILES,NON_SME
TRIGYN,Trigyn Technologies Limited,,EQ,Mid-Tier IT & Digital Solutions,Mid-Tier IT & Digital Solutions,1,2026-08-22 20:45:04,IT SERVICES,NON_SME
TRITONV,Triton Valves Limited,,EQ,Pumps & Compressors,Pumps & Compressors,1,2026-08-22 20:45:04,CAPITAL GOODS & MACHINERY,NON_SME
TRITURBINE,Triveni Turbine Limited,,EQ,Conventional Thermal & Fossil Power,Conventional Thermal & Fossil Power,1,2026-08-22 20:45:04,POWER,NON_SME
TRIVENI,Triveni Engineering & Industries Limited,,EQ,Precision Auto Engine Components,Precision Auto Engine Components,1,2026-08-22 20:45:04,AUTO ANCILLARIES,NON_SME
TRU,TruCap Finance Limited,,EQ,Diversified Consumer & MSME NBFC,Diversified Consumer & MSME NBFC,1,2026-08-22 20:45:04,FINANCE & NBFC,NON_SME
TRUALT,TruAlt Bioenergy Limited,,EQ,Conventional Thermal & Fossil Power,Conventional Thermal & Fossil Power,1,2026-08-22 20:45:04,POWER,NON_SME
TSFINV,TSF INVESTMENTS LIMITED,,EQ,Diversified Consumer & MSME NBFC,Diversified Consumer & MSME NBFC,1,2026-08-22 20:45:04,FINANCE & NBFC,NON_SME
TTKHLTCARE,TTK Healthcare Limited,,EQ,Finished Formulations,Finished Formulations,1,2026-08-22 20:45:04,PHARMACEUTICALS,NON_SME
TTKPRESTIG,TTK Prestige Limited,,EQ,Residential Real Estate,Residential Real Estate,1,2026-08-22 20:45:04,REAL ESTATE,NON_SME
TTL,T T Limited,,EQ,Cotton Spinning & Yarns,Cotton Spinning & Yarns,1,2026-08-22 20:45:04,TEXTILES,NON_SME
TTML,Tata Teleservices (Maharashtra) Limited,,EQ,Optical Fiber & Telecom Infrastructure,Optical Fiber & Telecom Infrastructure,1,2026-08-22 20:45:04,TELECOM,NON_SME
TURTLEMINT,Turtlemint Fintech Solutions Limited,,EQ,Diversified Consumer & MSME NBFC,Diversified Consumer & MSME NBFC,1,2026-08-22 20:45:04,FINANCE & NBFC,NON_SME
TUTIALKA,Tuticorin Alkali Chemicals & Fertilizers Limited,,EQ,Fertilizers & Soil Nutrients,Fertilizers & Soil Nutrients,1,2026-08-22 20:45:04,FERTILIZERS,NON_SME
TVSELECT,TVS Electronics Limited,,EQ,Television Broadcasting & OTT,Television Broadcasting & OTT,1,2026-08-22 20:45:04,MEDIA & ENTERTAINMENT,NON_SME
TVSHLTD,TVS Holdings Limited,,EQ,Diversified Consumer & MSME NBFC,Diversified Consumer & MSME NBFC,1,2026-08-22 20:45:04,FINANCE & NBFC,NON_SME
TVSMOTOR,TVS Motor Company Limited,,EQ,Passenger Vehicles (Cars & SUVs),Passenger Vehicles (Cars & SUVs),1,2026-08-22 20:45:04,AUTOMOBILE,NON_SME
TVSSCS,TVS Supply Chain Solutions Limited,,EQ,Integrated Supply Chain & 3PL,Integrated Supply Chain & 3PL,1,2026-08-22 20:45:04,LOGISTICS & SUPPLY CHAIN,NON_SME
TVSSRICHAK,TVS Srichakra Limited,,EQ,Television Broadcasting & OTT,Television Broadcasting & OTT,1,2026-08-22 20:45:04,MEDIA & ENTERTAINMENT,NON_SME
TVTODAY,TV Today Network Limited,,EQ,Television Broadcasting & OTT,Television Broadcasting & OTT,1,2026-08-22 20:45:04,MEDIA & ENTERTAINMENT,NON_SME
TVVISION,TV Vision Limited,,BE,Television Broadcasting & OTT,Television Broadcasting & OTT,1,2026-08-22 20:45:04,MEDIA & ENTERTAINMENT,NON_SME
UBL,United Breweries Limited,,EQ,IMFL Spirits & Distilleries,IMFL Spirits & Distilleries,1,2026-08-22 20:45:04,BEVERAGES & DISTILLERIES,NON_SME
UCAL,UCAL LIMITED,,BE,Precision Powertrain Engine Components,Precision Powertrain Engine Components,1,2026-08-22 20:45:04,AUTO ANCILLARIES,NON_SME
UCOBANK,UCO Bank,,EQ,Public Sector Banks (PSU),Public Sector Banks (PSU),1,2026-08-22 20:45:04,BANKING,NON_SME
UDAYJEW,Uday Jewellery Industries Limited,,EQ,Gold Jewellery & Retail,Gold Jewellery & Retail,1,2026-08-22 20:45:04,JEWELLERY,NON_SME
UDS,Updater Services Limited,,EQ,Staffing & Workforce Security,Staffing & Workforce Security,1,2026-08-22 20:45:04,SERVICES & MEDIA,NON_SME
UEL,Ujaas Energy Limited,,EQ,Conventional Thermal & Fossil Power,Conventional Thermal & Fossil Power,1,2026-08-22 20:45:04,POWER,NON_SME
UFBL,United Foodbrands Limited,,BE,Packaged Foods & Snacks,Packaged Foods & Snacks,1,2026-08-22 20:45:04,FOOD PROCESSING,NON_SME
UFLEX,UFLEX Limited,,EQ,Flexible Packaging Films,Flexible Packaging Films,1,2026-08-22 20:45:04,PAPER & PACKAGING,NON_SME
UFO,UFO Moviez India Limited,,EQ,Film Theatres & Broadcast Media,Film Theatres & Broadcast Media,1,2026-08-22 20:45:04,SERVICES & MEDIA,NON_SME
UGARSUGAR,The Ugar Sugar Works Limited,,EQ,Sugar Refining & Bio-Ethanol,Sugar Refining & Bio-Ethanol,1,2026-08-22 20:45:04,SUGAR & BIO-ETHANOL,NON_SME
UGROCAP,Ugro Capital Limited,,EQ,API & Bulk Drugs,API & Bulk Drugs,1,2026-08-22 20:45:04,PHARMACEUTICALS,NON_SME
UJJIVANSFB,Ujjivan Small Finance Bank Limited,,EQ,Diversified Consumer & MSME NBFC,Diversified Consumer & MSME NBFC,1,2026-08-22 20:45:04,FINANCE & NBFC,NON_SME
ULTRACEMCO,UltraTech Cement Limited,,EQ,Integrated Grey Cement,Integrated Grey Cement,1,2026-08-22 20:45:04,CEMENT,NON_SME
ULTRAMAR,Ultramarine & Pigments Limited,,EQ,Pigments & Dyes,Pigments & Dyes,1,2026-08-22 20:45:04,CHEMICALS,NON_SME
UMAEXPORTS,Uma Exports Limited,,BE,Commercial Ports & Terminals,Commercial Ports & Terminals,1,2026-08-22 20:45:04,SHIPBUILDING & PORTS,NON_SME
UMESLTD,Usha Martin Education & Solutions Limited,,EQ,Professional & Vocational Training,Professional & Vocational Training,1,2026-08-22 20:45:04,EDUCATION & EDTECH,NON_SME
UMIYA-MRO,UMIYA BUILDCON LIMITED,,EQ,Civil & Commercial Construction,Civil & Commercial Construction,1,2026-08-22 20:45:04,CONSTRUCTION & INFRASTRUCTURE,NON_SME
UNICHEMLAB,Unichem Laboratories Limited,,EQ,Finished Formulations,Finished Formulations,1,2026-08-22 20:45:04,PHARMACEUTICALS,NON_SME
UNIDT,United Drilling Tools Limited,,BE,Oil & Gas Exploration (E&P),Oil & Gas Exploration (E&P),1,2026-08-22 20:45:04,OIL & GAS,NON_SME
UNIECOM,Unicommerce Esolutions Limited,,EQ,Enterprise Software & SaaS,Enterprise Software & SaaS,1,2026-08-22 20:45:04,IT SERVICES,NON_SME
UNIENTER,Uniphos Enterprises Limited,,EQ,Fertilizers & Soil Nutrients,Fertilizers & Soil Nutrients,1,2026-08-22 20:45:04,FERTILIZERS,NON_SME
UNIINFO,Uniinfo Telecom Services Limited,,EQ,Optical Fiber & Telecom Infrastructure,Optical Fiber & Telecom Infrastructure,1,2026-08-22 20:45:04,TELECOM,NON_SME
UNIMECH,Unimech Aerospace and Manufacturing Limited,,EQ,Aerospace & Fighter Aircraft,Aerospace & Fighter Aircraft,1,2026-08-22 20:45:04,DEFENCE & AEROSPACE,NON_SME
UNIONBANK,Union Bank of India,,EQ,Public Sector Banks (PSU),Public Sector Banks (PSU),1,2026-08-22 20:45:04,BANKING,NON_SME
UNIPARTS,Uniparts India Limited,,EQ,Precision Powertrain Engine Components,Precision Powertrain Engine Components,1,2026-08-22 20:45:04,AUTO ANCILLARIES,NON_SME
UNITDSPR,United Spirits Limited,,EQ,IMFL Spirits & Distilleries,IMFL Spirits & Distilleries,1,2026-08-22 20:45:04,BEVERAGES & DISTILLERIES,NON_SME
UNITECH,Unitech Limited,,EQ,Residential Townships & Commercial REITs,Residential Townships & Commercial REITs,1,2026-08-22 20:45:04,REAL ESTATE,NON_SME
UNITEDPOLY,United Polyfab Gujarat Limited,,BE,Cotton Spinning & Yarns,Cotton Spinning & Yarns,1,2026-08-22 20:45:04,TEXTILES,NON_SME
UNITEDTEA,The United Nilgiri Tea Estates Company Limited,,EQ,Tea Plantations & Packaging,Tea Plantations & Packaging,1,2026-08-22 20:45:04,TEA & COFFEE,NON_SME
UNIVASTU,Univastu India Limited,,BE,Civil & Commercial Construction,Civil & Commercial Construction,1,2026-08-22 20:45:04,CONSTRUCTION & INFRASTRUCTURE,NON_SME
UNIVCABLES,Universal Cables Limited,,EQ,Wires & Cables,Wires & Cables,1,2026-08-22 20:45:04,CONSUMER ELECTRICALS,NON_SME
UNIVPHOTO,Universus Photo Imagings Limited,,BE,Medical Clinics & Equipment,Medical Clinics & Equipment,1,2026-08-22 20:45:04,HEALTHCARE SERVICES,NON_SME
UNOMINDA,UNO Minda Limited,,EQ,Auto Lighting & Electricals,Auto Lighting & Electricals,1,2026-08-22 20:45:04,AUTO ANCILLARIES,NON_SME
UPHOT,U P Hotels Limited,,EQ,Luxury Hotels & Resorts,Luxury Hotels & Resorts,1,2026-08-22 20:45:04,HOTELS & HOSPITALITY,NON_SME
UPL,UPL Limited,,EQ,Crop Protection Formulations,Crop Protection Formulations,1,2026-08-22 20:45:04,AGRICULTURE & AGROCHEMICALS,NON_SME
URAVIDEF,Uravi Defence and Technology Limited,,BE,Defence Electronics & Avionics,Defence Electronics & Avionics,1,2026-08-22 20:45:04,DEFENCE & AEROSPACE,NON_SME
URBANCO,Urban Company Limited,,EQ,Consumer Internet Platforms & Apps,Consumer Internet Platforms & Apps,1,2026-08-22 20:45:04,SERVICES & MEDIA,NON_SME
URJA,Urja Global Limited,,EQ,Solar PV & Green Hydrogen,Solar PV & Green Hydrogen,1,2026-08-22 20:45:04,RENEWABLE ENERGY,NON_SME
USHAMART,Usha Martin Limited,,EQ,Secondary Steel & TMT Rebars,Secondary Steel & TMT Rebars,1,2026-08-22 20:45:04,STEEL,NON_SME
USK,Udayshivakumar Infra Limited,,EQ,Civil & Commercial Construction,Civil & Commercial Construction,1,2026-08-22 20:45:04,CONSTRUCTION & INFRASTRUCTURE,NON_SME
UTIAMC,UTI Asset Management Company Limited,,EQ,Mutual Fund Asset Managers (AMC),Mutual Fund Asset Managers (AMC),1,2026-08-22 20:45:04,CAPITAL MARKETS,NON_SME
UTKARSHBNK,Utkarsh Small Finance Bank Limited,,EQ,Diversified Consumer & MSME NBFC,Diversified Consumer & MSME NBFC,1,2026-08-22 20:45:04,FINANCE & NBFC,NON_SME
UTLSOLAR,Fujiyama Power Systems Limited,,EQ,Conventional Thermal & Fossil Power,Conventional Thermal & Fossil Power,1,2026-08-22 20:45:04,POWER,NON_SME
UTTAMSUGAR,Uttam Sugar Mills Limited,,EQ,Sugar Refining & Bio-Ethanol,Sugar Refining & Bio-Ethanol,1,2026-08-22 20:45:04,SUGAR & BIO-ETHANOL,NON_SME
UYFINCORP,U. Y. Fincorp Limited,,BE,Diversified Consumer & MSME NBFC,Diversified Consumer & MSME NBFC,1,2026-08-22 20:45:04,FINANCE & NBFC,NON_SME
V2RETAIL,V2 Retail Limited,,EQ,Specialty Retail Boutiques,Specialty Retail Boutiques,1,2026-08-22 20:45:04,RETAIL,NON_SME
VADILALIND,Vadilal Industries Limited,,EQ,Liquid Milk & Value-Added Dairy,Liquid Milk & Value-Added Dairy,1,2026-08-22 20:45:04,DAIRY & MILK PRODUCTS,NON_SME
VADILENT,Vadilal Enterprises Limited,,EQ,Dairy Products,Dairy Products,1,2026-08-22 20:45:04,FOOD PROCESSING,NON_SME
VAIBHAVGBL,Vaibhav Global Limited,,EQ,Silver & Fashion Gemstones,Silver & Fashion Gemstones,1,2026-08-22 20:45:04,JEWELLERY,NON_SME
VAISHALI,Vaishali Pharma Limited,,EQ,Finished Formulations,Finished Formulations,1,2026-08-22 20:45:04,PHARMACEUTICALS,NON_SME
VAKRANGEE,Vakrangee Limited,,EQ,Staffing & Workforce Security,Staffing & Workforce Security,1,2026-08-22 20:45:04,SERVICES & MEDIA,NON_SME
VALIANTLAB,Valiant Laboratories Limited,,EQ,Finished Formulations,Finished Formulations,1,2026-08-22 20:45:04,PHARMACEUTICALS,NON_SME
VALIANTORG,Valiant Organics Limited,,BE,Specialty Chemicals,Specialty Chemicals,1,2026-08-22 20:45:04,CHEMICALS,NON_SME
VAML,Vedanta Aluminium Metal Limited,,EQ,Primary Aluminium,Primary Aluminium,1,2026-08-22 20:45:04,ALUMINIUM & COPPER,NON_SME
VARDHACRLC,Vardhman Acrylics Limited,,BE,Cotton Spinning & Yarns,Cotton Spinning & Yarns,1,2026-08-22 20:45:04,TEXTILES,NON_SME
VARDMNPOLY,Vardhman Polytex Limited,,EQ,Cotton Spinning & Yarns,Cotton Spinning & Yarns,1,2026-08-22 20:45:04,TEXTILES,NON_SME
VARROC,Varroc Engineering Limited,,EQ,Precision Auto Engine Components,Precision Auto Engine Components,1,2026-08-22 20:45:04,AUTO ANCILLARIES,NON_SME
VASCONEQ,Vascon Engineers Limited,,EQ,Precision Auto Engine Components,Precision Auto Engine Components,1,2026-08-22 20:45:04,AUTO ANCILLARIES,NON_SME
VASUPRADA,Shri Vasuprada Plantations Limited,,EQ,Tea Plantations & Packaging,Tea Plantations & Packaging,1,2026-08-22 20:45:04,TEA & COFFEE,NON_SME
VASWANI,Vaswani Industries Limited,,EQ,Secondary Steel & TMT Rebars,Secondary Steel & TMT Rebars,1,2026-08-22 20:45:04,STEEL,NON_SME
VBL,Varun Beverages Limited,,EQ,IMFL Spirits & Distilleries,IMFL Spirits & Distilleries,1,2026-08-22 20:45:04,BEVERAGES & DISTILLERIES,NON_SME
VCL,Vaxtex Cotfab Limited,,BE,Cotton Spinning & Yarns,Cotton Spinning & Yarns,1,2026-08-22 20:45:04,TEXTILES,NON_SME
VEDAVAAG,VEDAVAAG Systems Limited,,EQ,Mid-Tier IT & Digital Solutions,Mid-Tier IT & Digital Solutions,1,2026-08-22 20:45:04,IT SERVICES,NON_SME
VEDL,Vedanta Limited,,EQ,Zinc & Non-Ferrous Alloys,Zinc & Non-Ferrous Alloys,1,2026-08-22 20:45:04,ALUMINIUM & COPPER,NON_SME
VEDPOWER,Vedanta Power Limited,,EQ,Conventional Thermal & Fossil Power,Conventional Thermal & Fossil Power,1,2026-08-22 20:45:04,POWER,NON_SME
VEEDOL,Veedol Corporation Limited,,EQ,Lubricants & Specialty Oils,Lubricants & Specialty Oils,1,2026-08-22 20:45:04,OIL & GAS,NON_SME
VELJAN,Veljan Denison Limited,,BE,Industrial Compressors & Pumps,Industrial Compressors & Pumps,1,2026-08-22 20:45:04,CAPITAL GOODS & MACHINERY,NON_SME
VENKEYS,Venky's (India) Limited,,EQ,Packaged Foods & Snacks,Packaged Foods & Snacks,1,2026-08-22 20:45:04,FOOD PROCESSING,NON_SME
VENTIVE,Ventive Hospitality Limited,,EQ,Hospitals & Healthcare Chains,Hospitals & Healthcare Chains,1,2026-08-22 20:45:04,HEALTHCARE SERVICES,NON_SME
VENUSPIPES,Venus Pipes & Tubes Limited,,EQ,Steel Pipes & Tubes,Steel Pipes & Tubes,1,2026-08-22 20:45:04,STEEL,NON_SME
VENUSREM,Venus Remedies Limited,,BE,Finished Formulations,Finished Formulations,1,2026-08-22 20:45:04,PHARMACEUTICALS,NON_SME
VERANDA,Veranda Learning Solutions Limited,,EQ,Education Academies & Publishing,Education Academies & Publishing,1,2026-08-22 20:45:04,EDUCATION & EDTECH,NON_SME
VERTOZ,Vertoz Limited,,BE,Advertising & Digital Marketing,Advertising & Digital Marketing,1,2026-08-22 20:45:04,SERVICES & MEDIA,NON_SME
VESUVIUS,Vesuvius India Limited,,EQ,Building Materials,Building Materials,1,2026-08-22 20:45:04,BUILDING MATERIALS,NON_SME
VETO,Veto Switchgears And Cables Limited,,BE,Auto Lighting & Electricals,Auto Lighting & Electricals,1,2026-08-22 20:45:04,AUTO ANCILLARIES,NON_SME
VGCL,Vibrant Global Capital Limited,,EQ,API & Bulk Drugs,API & Bulk Drugs,1,2026-08-22 20:45:04,PHARMACEUTICALS,NON_SME
VGL,VARVEE GLOBAL LIMITED,,EQ,Silver & Fashion Gemstones,Silver & Fashion Gemstones,1,2026-08-22 20:45:04,JEWELLERY,NON_SME
VGUARD,V-Guard Industries Limited,,EQ,Fast Moving Electrical Goods (FMEG),Fast Moving Electrical Goods (FMEG),1,2026-08-22 20:45:04,CONSUMER ELECTRICALS,NON_SME
VHL,Vardhman Holdings Limited,,EQ,Diversified Consumer & MSME NBFC,Diversified Consumer & MSME NBFC,1,2026-08-22 20:45:04,FINANCE & NBFC,NON_SME
VHLTD,Viceroy Hotels Limited,,BE,Luxury Hotels & Resorts,Luxury Hotels & Resorts,1,2026-08-22 20:45:04,HOTELS & HOSPITALITY,NON_SME
VIDHIING,Vidhi Specialty Food Ingredients Limited,,EQ,Packaged Foods & Snacks,Packaged Foods & Snacks,1,2026-08-22 20:45:04,FOOD PROCESSING,NON_SME
VIDYAWIRES,Vidya Wires Limited,,EQ,Wires & Cables,Wires & Cables,1,2026-08-22 20:45:04,CONSUMER ELECTRICALS,NON_SME
VIJAYA,Vijaya Diagnostic Centre Limited,,EQ,Diagnostic & Pathology Labs,Diagnostic & Pathology Labs,1,2026-08-22 20:45:04,HEALTHCARE SERVICES,NON_SME
VIJIFIN,Viji Finance Limited,,BE,Diversified Consumer & MSME NBFC,Diversified Consumer & MSME NBFC,1,2026-08-22 20:45:04,FINANCE & NBFC,NON_SME
VIJSOLX,Vijay Solvex Limited,,EQ,Edible Oils & Vanaspati,Edible Oils & Vanaspati,1,2026-08-22 20:45:04,FOOD PROCESSING,NON_SME
VIKASECO,Vikas EcoTech Limited,,EQ,Specialty Chemicals,Specialty Chemicals,1,2026-08-22 20:45:04,CHEMICALS,NON_SME
VIKASLIFE,Vikas Lifecare Limited,,EQ,Basmati Rice Milling & Global Exports,Basmati Rice Milling & Global Exports,1,2026-08-22 20:45:04,RICE,NON_SME
VIKRAMSOLR,Vikram Solar Limited,,EQ,Solar PV & Green Hydrogen,Solar PV & Green Hydrogen,1,2026-08-22 20:45:04,RENEWABLE ENERGY,NON_SME
VIKRAN,Vikran Engineering Limited,,EQ,Precision Auto Engine Components,Precision Auto Engine Components,1,2026-08-22 20:45:04,AUTO ANCILLARIES,NON_SME
VIMTALABS,Vimta Labs Limited,,EQ,Finished Formulations,Finished Formulations,1,2026-08-22 20:45:04,PHARMACEUTICALS,NON_SME
VINATIORGA,Vinati Organics Limited,,EQ,Specialty Chemicals,Specialty Chemicals,1,2026-08-22 20:45:04,CHEMICALS,NON_SME
VINCOFE,Vintage Coffee And Beverages Limited,,EQ,Tea Plantations & Packaging,Tea Plantations & Packaging,1,2026-08-22 20:45:04,TEA & COFFEE,NON_SME
VINDHYATEL,Vindhya Telelinks Limited,,EQ,Optical Fiber & Telecom Infrastructure,Optical Fiber & Telecom Infrastructure,1,2026-08-22 20:45:04,TELECOM,NON_SME
VINEETLAB,Vineet Laboratories Limited,,EQ,Finished Formulations,Finished Formulations,1,2026-08-22 20:45:04,PHARMACEUTICALS,NON_SME
VINNY,Vinny Overseas Limited,,EQ,Garments & Apparel Exports,Garments & Apparel Exports,1,2026-08-22 20:45:04,TEXTILES,NON_SME
VINYLINDIA,Vinyl Chemicals (India) Limited,,EQ,Industrial & Basic Chemicals,Industrial & Basic Chemicals,1,2026-08-22 20:45:04,CHEMICALS,NON_SME
VIPCLOTHNG,VIP Clothing Limited,,EQ,Garments & Apparel Exports,Garments & Apparel Exports,1,2026-08-22 20:45:04,TEXTILES,NON_SME
VIPIND,VIP Industries Limited,,EQ,Luggage & Travel Gear,Luggage & Travel Gear,1,2026-08-22 20:45:04,CONSUMER DURABLES,NON_SME
VIPULLTD,Vipul Limited,,BE,Residential Townships & Commercial REITs,Residential Townships & Commercial REITs,1,2026-08-22 20:45:04,REAL ESTATE,NON_SME
VIRAT,Virat Industries Limited,,EQ,Cotton Spinning & Yarns,Cotton Spinning & Yarns,1,2026-08-22 20:45:04,TEXTILES,NON_SME
VIRINCHI,Virinchi Limited,,EQ,Tertiary Hospitals & Clinics,Tertiary Hospitals & Clinics,1,2026-08-22 20:45:04,HEALTHCARE SERVICES,NON_SME
VIRTUALG,Virtual Global Education Limited,,EQ,Education Academies & Publishing,Education Academies & Publishing,1,2026-08-22 20:45:04,EDUCATION & EDTECH,NON_SME
VISACHROME,VISA Chrome Limited,,EQ,Ferro Alloys & Secondary Metals,Ferro Alloys & Secondary Metals,1,2026-08-22 20:45:04,METALS & FABRICATION,NON_SME
VISAKAIND,Visaka Industries Limited,,EQ,Building Materials,Building Materials,1,2026-08-22 20:45:04,BUILDING MATERIALS,NON_SME
VISHAL,Vishal Fabrics Limited,,EQ,Cotton Spinning & Yarns,Cotton Spinning & Yarns,1,2026-08-22 20:45:04,TEXTILES,NON_SME
VISHNU,Vishnu Chemicals Limited,,EQ,Industrial & Basic Chemicals,Industrial & Basic Chemicals,1,2026-08-22 20:45:04,CHEMICALS,NON_SME
VISHWARAJ,Vishwaraj Sugar Industries Limited,,EQ,Sugar Refining & Bio-Ethanol,Sugar Refining & Bio-Ethanol,1,2026-08-22 20:45:04,SUGAR & BIO-ETHANOL,NON_SME
VISL,Vedanta Iron and Steel Limited,,EQ,Secondary Steel & TMT Rebars,Secondary Steel & TMT Rebars,1,2026-08-22 20:45:04,STEEL,NON_SME
VITAL,Vital Chemtech Limited,,BE,Industrial & Basic Chemicals,Industrial & Basic Chemicals,1,2026-08-22 20:45:04,CHEMICALS,NON_SME
VIVIANA,Viviana Power Tech Limited,,BE,Conventional Thermal & Fossil Power,Conventional Thermal & Fossil Power,1,2026-08-22 20:45:04,POWER,NON_SME
VIVIDHA,Visagar Polytex Limited,,EQ,Garments & Apparel Exports,Garments & Apparel Exports,1,2026-08-22 20:45:04,TEXTILES,NON_SME
VIVIMEDLAB,Vivimed Labs Limited,,BE,Finished Formulations,Finished Formulations,1,2026-08-22 20:45:04,PHARMACEUTICALS,NON_SME
VIVOBIOT,Vivo Bio Tech Limited,,EQ,Contract Research & Biologicals,Contract Research & Biologicals,1,2026-08-22 20:45:04,PHARMACEUTICALS,NON_SME
VIYASH,Viyash Scientific Limited,,EQ,API & Bulk Drugs,API & Bulk Drugs,1,2026-08-22 20:45:04,PHARMACEUTICALS,NON_SME
VLEGOV,VL E-Governance & IT Solutions Limited,,BE,Enterprise Software & SaaS,Enterprise Software & SaaS,1,2026-08-22 20:45:04,IT SERVICES,NON_SME
VLSFINANCE,VLS Finance Limited,,EQ,Diversified Consumer & MSME NBFC,Diversified Consumer & MSME NBFC,1,2026-08-22 20:45:04,FINANCE & NBFC,NON_SME
VMART,V-Mart Retail Limited,,EQ,Grocery & Departmental Stores,Grocery & Departmental Stores,1,2026-08-22 20:45:04,RETAIL,NON_SME
VMM,Vishal Mega Mart Limited,,EQ,Grocery & Departmental Stores,Grocery & Departmental Stores,1,2026-08-22 20:45:04,RETAIL,NON_SME
VMSTMT,VMS TMT Limited,,EQ,Secondary Steel & TMT Rebars,Secondary Steel & TMT Rebars,1,2026-08-22 20:45:04,STEEL,NON_SME
VOEPL,Virtuoso Optoelectronics Limited,,EQ,Commercial & Industrial Electronics EMS,Commercial & Industrial Electronics EMS,1,2026-08-22 20:45:04,EMS & ELECTRONICS,NON_SME
VOGL,Vedanta Oil and Gas Limited,,EQ,Refining & Petrochemicals,Refining & Petrochemicals,1,2026-08-22 20:45:04,OIL & GAS,NON_SME
VOITHPAPR,Voith Paper Fabrics India Limited,,EQ,Cotton Spinning & Yarns,Cotton Spinning & Yarns,1,2026-08-22 20:45:04,TEXTILES,NON_SME
VOLTAMP,Voltamp Transformers Limited,,EQ,Power & Distribution Transformers,Power & Distribution Transformers,1,2026-08-22 20:45:04,ELECTRICAL EQUIPMENT,NON_SME
VOLTAS,Voltas Limited,,EQ,Air Conditioners & Commercial HVAC,Air Conditioners & Commercial HVAC,1,2026-08-22 20:45:04,CONSUMER DURABLES,NON_SME
VPRPL,Vishnu Prakash R Punglia Limited,,EQ,Heavy Infrastructure EPC,Heavy Infrastructure EPC,1,2026-08-22 20:45:04,CONSTRUCTION & INFRASTRUCTURE,NON_SME
VRAJ,Vraj Iron and Steel Limited,,EQ,Secondary Steel & TMT Rebars,Secondary Steel & TMT Rebars,1,2026-08-22 20:45:04,STEEL,NON_SME
VRLLOG,VRL Logistics Limited,,EQ,3PL Logistics & Fleet Haulage,3PL Logistics & Fleet Haulage,1,2026-08-22 20:45:04,LOGISTICS & SUPPLY CHAIN,NON_SME
VSSL,Vardhman Special Steels Limited,,EQ,Secondary Steel & TMT Rebars,Secondary Steel & TMT Rebars,1,2026-08-22 20:45:04,STEEL,NON_SME
VSTIND,VST Industries Limited,,EQ,Tobacco Products & Cigarettes,Tobacco Products & Cigarettes,1,2026-08-22 20:45:04,BEVERAGES & DISTILLERIES,NON_SME
VSTL,Vibhor Steel Tubes Limited,,EQ,Steel Pipes & Tubes,Steel Pipes & Tubes,1,2026-08-22 20:45:04,STEEL,NON_SME
VSTTILLERS,V.S.T Tillers Tractors Limited,,EQ,Precision Auto Engine Components,Precision Auto Engine Components,1,2026-08-22 20:45:04,AUTO ANCILLARIES,NON_SME
VTL,Vardhman Textiles Limited,,EQ,Cotton Spinning & Yarns,Cotton Spinning & Yarns,1,2026-08-22 20:45:04,TEXTILES,NON_SME
VTMLTD,VTM Limited,,EQ,Cotton Spinning & Yarns,Cotton Spinning & Yarns,1,2026-08-22 20:45:04,TEXTILES,NON_SME
WAAREEENER,Waaree Energies Limited,,EQ,Solar PV & Green Hydrogen,Solar PV & Green Hydrogen,1,2026-08-22 20:45:04,RENEWABLE ENERGY,NON_SME
WAAREEINDO,Indosolar Limited,,EQ,Solar PV & Green Hydrogen,Solar PV & Green Hydrogen,1,2026-08-22 20:45:04,RENEWABLE ENERGY,NON_SME
WAAREERTL,Waaree Renewable Technologies Limited,,EQ,Renewable Energy & Solar,Renewable Energy & Solar,1,2026-08-22 20:45:04,RENEWABLE ENERGY,NON_SME
WABAG,VA Tech Wabag Limited,,EQ,"Industrial Effluent, Desalination & ZLD","Industrial Effluent, Desalination & ZLD",1,2026-08-22 20:45:04,WATER TREATMENT,NON_SME
WAKEFIT,Wakefit Innovations Limited,,EQ,Furniture & Mattresses,Furniture & Mattresses,1,2026-08-22 20:45:04,CONSUMER DURABLES,NON_SME
WALCHANNAG,Walchandnagar Industries Limited,,EQ,Fighter Aircraft & Aerospace Systems,Fighter Aircraft & Aerospace Systems,1,2026-08-22 20:45:04,DEFENCE & AEROSPACE,NON_SME
WANBURY,Wanbury Limited,,EQ,Finished Formulations,Finished Formulations,1,2026-08-22 20:45:04,PHARMACEUTICALS,NON_SME
WARDINMOBI,Wardwizard Innovations & Mobility Limited,,EQ,Precision Auto Engine Components,Precision Auto Engine Components,1,2026-08-22 20:45:04,AUTO ANCILLARIES,NON_SME
WATERBASE,Waterbase Limited,,EQ,Seafood & Aquafeed,Seafood & Aquafeed,1,2026-08-22 20:45:04,FOOD PROCESSING,NON_SME
WCIL,Western Carriers (India) Limited,,EQ,Precision Auto Engine Components,Precision Auto Engine Components,1,2026-08-22 20:45:04,AUTO ANCILLARIES,NON_SME
WEALTH,Wealth First Portfolio Managers Limited,,EQ,Stockbroking & Wealth Management,Stockbroking & Wealth Management,1,2026-08-22 20:45:04,CAPITAL MARKETS,NON_SME
WEBELSOLAR,Websol Energy System Limited,,EQ,Conventional Thermal & Fossil Power,Conventional Thermal & Fossil Power,1,2026-08-22 20:45:04,POWER,NON_SME
WEIZMANIND,Weizmann Limited,,EQ,Cotton Spinning & Yarns,Cotton Spinning & Yarns,1,2026-08-22 20:45:04,TEXTILES,NON_SME
WEL,Wonder Electricals Limited,,EQ,Conventional Thermal & Fossil Power,Conventional Thermal & Fossil Power,1,2026-08-22 20:45:04,POWER,NON_SME
WELCORP,Welspun Corp Limited,,EQ,Steel Pipes & Tubes,Steel Pipes & Tubes,1,2026-08-22 20:45:04,STEEL,NON_SME
WELENT,Welspun Enterprises Limited,,EQ,Heavy Infrastructure EPC,Heavy Infrastructure EPC,1,2026-08-22 20:45:04,CONSTRUCTION & INFRASTRUCTURE,NON_SME
WELINV,Welspun Investments and Commercials Limited,,BE,Diversified Consumer & MSME NBFC,Diversified Consumer & MSME NBFC,1,2026-08-22 20:45:04,FINANCE & NBFC,NON_SME
WELSPLSOL,Welspun Specialty Solutions Limited,,EQ,Specialty Stainless & Alloy Steel,Specialty Stainless & Alloy Steel,1,2026-08-22 20:45:04,STEEL,NON_SME
WELSPUNLIV,Welspun Living Limited,,EQ,Home Textiles,Home Textiles,1,2026-08-22 20:45:04,TEXTILES,NON_SME
WENDT,Wendt (India) Limited,,EQ,Precision Machine Tools & Fasteners,Precision Machine Tools & Fasteners,1,2026-08-22 20:45:04,CAPITAL GOODS & MACHINERY,NON_SME
WESTLIFE,WESTLIFE FOODWORLD LIMITED,,EQ,Packaged Foods & Snacks,Packaged Foods & Snacks,1,2026-08-22 20:45:04,FOOD PROCESSING,NON_SME
WEWIN,WE WIN LIMITED,,EQ,Business Process Management (BPM),Business Process Management (BPM),1,2026-08-22 20:45:04,SERVICES & MEDIA,NON_SME
WEWORK,WeWork India Management Limited,,EQ,Residential Townships & Commercial REITs,Residential Townships & Commercial REITs,1,2026-08-22 20:45:04,REAL ESTATE,NON_SME
WHBRADY,WH Brady & Company Limited,,EQ,Material Handling & Cranes,Material Handling & Cranes,1,2026-08-22 20:45:04,CAPITAL GOODS & MACHINERY,NON_SME
WHEELS,Wheels India Limited,,EQ,Auto Castings & Heavy Forgings,Auto Castings & Heavy Forgings,1,2026-08-22 20:45:04,AUTO ANCILLARIES,NON_SME
WHIRLPOOL,Whirlpool of India Limited,,EQ,Home Appliances (White Goods),Home Appliances (White Goods),1,2026-08-22 20:45:04,CONSUMER DURABLES,NON_SME
WILLAMAGOR,Williamson Magor & Company Limited,,EQ,Investment & Treasury Holding Companies,Investment & Treasury Holding Companies,1,20260827_224508,FINANCE & NBFC,NON_SME
WINDLAS,Windlas Biotech Limited,,EQ,Biopharma & Biosimilars,Biopharma & Biosimilars,1,2026-08-22 20:45:04,PHARMACEUTICALS,NON_SME
WINDMACHIN,Windsor Machines Limited,,EQ,Wind Turbines & Wind Energy,Wind Turbines & Wind Energy,1,2026-08-22 20:45:04,RENEWABLE ENERGY,NON_SME
WIPL,The Western India Plywoods Limited,,EQ,Plywood & Laminates,Plywood & Laminates,1,2026-08-22 20:45:04,BUILDING MATERIALS,NON_SME
WIPRO,Wipro Limited,,EQ,Tier-1 IT Services,Tier-1 IT Services,1,2026-08-22 20:45:04,IT SERVICES,NON_SME
WOCKPHARMA,Wockhardt Limited,,EQ,Finished Formulations,Finished Formulations,1,2026-08-22 20:45:04,PHARMACEUTICALS,NON_SME
WONDERLA,Wonderla Holidays Limited,,EQ,Luxury Hotels & Resorts,Luxury Hotels & Resorts,1,2026-08-22 20:45:04,HOTELS & HOSPITALITY,NON_SME
WORTHPERI,Worth Peripherals Limited,,EQ,Paperboard & Packaging Cartons,Paperboard & Packaging Cartons,1,2026-08-22 20:45:04,PAPER & PACKAGING,NON_SME
WPIL,WPIL Limited,,EQ,Industrial Compressors & Pumps,Industrial Compressors & Pumps,1,2026-08-22 20:45:04,CAPITAL GOODS & MACHINERY,NON_SME
WSI,W S Industries (I) Limited,,EQ,Heavy Switchgear & Automation,Heavy Switchgear & Automation,1,2026-08-22 20:45:04,ELECTRICAL EQUIPMENT,NON_SME
WSTCSTPAPR,West Coast Paper Mills Limited,,EQ,Paperboard & Packaging Cartons,Paperboard & Packaging Cartons,1,2026-08-22 20:45:04,PAPER & PACKAGING,NON_SME
XCHANGING,Xchanging Solutions Limited,,EQ,Mid-Tier IT & Digital Solutions,Mid-Tier IT & Digital Solutions,1,2026-08-22 20:45:04,IT SERVICES,NON_SME
XELPMOC,Xelpmoc Design And Tech Limited,,EQ,Engineering R&D (ER&D),Engineering R&D (ER&D),1,2026-08-22 20:45:04,IT SERVICES,NON_SME
XPROINDIA,Xpro India Limited,,EQ,Flexible Packaging Films,Flexible Packaging Films,1,2026-08-22 20:45:04,PAPER & PACKAGING,NON_SME
XTGLOBAL,Xtglobal Infotech Limited,,EQ,Mid-Tier IT & Digital Solutions,Mid-Tier IT & Digital Solutions,1,2026-08-22 20:45:04,IT SERVICES,NON_SME
XTRANET,Xtranet Technologies Limited,,EQ,Mid-Tier IT & Digital Solutions,Mid-Tier IT & Digital Solutions,1,2026-08-22 20:45:04,IT SERVICES,NON_SME
YASHO,Yasho Industries Limited,,EQ,Specialty Chemicals,Specialty Chemicals,1,2026-08-22 20:45:04,CHEMICALS,NON_SME
YATHARTH,Yatharth Hospital & Trauma Care Services Limited,,EQ,Hospitals & Healthcare Chains,Hospitals & Healthcare Chains,1,2026-08-22 20:45:04,HEALTHCARE SERVICES,NON_SME
YATRA,Yatra Online Limited,,EQ,Online Travel Agency (OTA) & Flight Booking,Online Travel Agency (OTA) & Flight Booking,1,2026-08-22 20:45:04,ONLINE TICKETING & TRAVEL,NON_SME
YESBANK,Yes Bank Limited,,EQ,Private Sector Banks,Private Sector Banks,1,2026-08-22 20:45:04,BANKING,NON_SME
YOGI,Yogi Limited,,EQ,Residential Townships & Commercial REITs,Residential Townships & Commercial REITs,1,2026-08-22 20:45:04,REAL ESTATE,NON_SME
YUKEN,Yuken India Limited,,EQ,Industrial Compressors & Pumps,Industrial Compressors & Pumps,1,2026-08-22 20:45:04,CAPITAL GOODS & MACHINERY,NON_SME
ZAGGLE,Zaggle Prepaid Ocean Services Limited,,EQ,Enterprise Software & SaaS,Enterprise Software & SaaS,1,2026-08-22 20:45:04,IT SERVICES,NON_SME
ZEEL,Zee Entertainment Enterprises Limited,,EQ,Paperboard & Packaging Cartons,Paperboard & Packaging Cartons,1,2026-08-22 20:45:04,PAPER & PACKAGING,NON_SME
ZEELEARN,Zee Learn Limited,,BE,Television Broadcasting & OTT,Television Broadcasting & OTT,1,2026-08-22 20:45:04,MEDIA & ENTERTAINMENT,NON_SME
ZEEMEDIA,Zee Media Corporation Limited,,EQ,Paperboard & Packaging Cartons,Paperboard & Packaging Cartons,1,2026-08-22 20:45:04,PAPER & PACKAGING,NON_SME
ZENITHEXPO,Zenith Exports Limited,,EQ,Commercial Ports & Terminals,Commercial Ports & Terminals,1,2026-08-22 20:45:04,SHIPBUILDING & PORTS,NON_SME
ZENITHSTL,Zenith Steel Pipes & Industries Limited,,EQ,Steel Pipes & Tubes,Steel Pipes & Tubes,1,2026-08-22 20:45:04,STEEL,NON_SME
ZENSARTECH,Zensar Technologies Limited,,EQ,Mid-Tier IT & Digital Solutions,Mid-Tier IT & Digital Solutions,1,2026-08-22 20:45:04,IT SERVICES,NON_SME
ZENTEC,Zen Technologies Limited,,EQ,Defence Electronics & Radars,Defence Electronics & Radars,1,2026-08-22 20:45:04,DEFENCE & AEROSPACE,NON_SME
ZFCVINDIA,ZF Commercial Vehicle Control Systems India Limited,,EQ,Precision Auto Engine Components,Precision Auto Engine Components,1,2026-08-22 20:45:04,AUTO ANCILLARIES,NON_SME
ZFSTEERING,ZF Steering Gear (India) Limited,,EQ,Auto Transmission & Driveline,Auto Transmission & Driveline,1,2026-08-22 20:45:04,AUTO ANCILLARIES,NON_SME
ZIMLAB,Zim Laboratories Limited,,EQ,Finished Formulations,Finished Formulations,1,2026-08-22 20:45:04,PHARMACEUTICALS,NON_SME
ZODIAC,Zodiac Energy Limited,,EQ,Solar PV & Green Hydrogen,Solar PV & Green Hydrogen,1,2026-08-22 20:45:04,RENEWABLE ENERGY,NON_SME
ZODIACLOTH,Zodiac Clothing Company Limited,,EQ,Garments & Apparel Exports,Garments & Apparel Exports,1,2026-08-22 20:45:04,TEXTILES,NON_SME
ZOTA,Zota Health Care LImited,,EQ,Finished Formulations,Finished Formulations,1,2026-08-22 20:45:04,PHARMACEUTICALS,NON_SME
ZSARACOM,Saraswati Commercial India Limited,,EQ,Diversified Consumer & MSME NBFC,Diversified Consumer & MSME NBFC,1,2026-08-22 20:45:04,FINANCE & NBFC,NON_SME
ZUARI,Zuari Agro Chemicals Limited,,EQ,Industrial & Basic Chemicals,Industrial & Basic Chemicals,1,2026-08-22 20:45:04,CHEMICALS,NON_SME
ZUARIIND,ZUARI INDUSTRIES LIMITED,,EQ,Sugar Refining & Bio-Ethanol,Sugar Refining & Bio-Ethanol,1,2026-08-22 20:45:04,SUGAR & BIO-ETHANOL,NON_SME
ZYDUSLIFE,Zydus Lifesciences Limited,,EQ,Finished Formulations,Finished Formulations,1,2026-08-22 20:45:04,PHARMACEUTICALS,NON_SME
ZYDUSWELL,Zydus Wellness Limited,,EQ,Finished Formulations,Finished Formulations,1,2026-08-22 20:45:04,PHARMACEUTICALS,NON_SME
