date,entity,regime,v33_exp_20d,actual_return_20d,abs_error,breach_type
2025-06-24,Auto Glass,WEAK_BULL,-0.37,20.27,20.64,P90_UPSIDE_BREACH
2025-06-25,Auto Glass,WEAK_BULL,-1.66,20.76,22.42,P90_UPSIDE_BREACH
2025-06-25,Electronic Manufacturing Services (EMS),WEAK_BULL,-4.31,11.16,15.47,P90_UPSIDE_BREACH
2025-06-25,Electronic Manufacturing Services (EMS),WEAK_BULL,-2.34,10.52,12.86,WITHIN_BAND
2025-06-25,Ship Building & Defence,WEAK_BULL,3.85,-13.6,17.45,P10_DOWNSIDE_BREACH
2025-06-25,Microfinance NBFC,WEAK_BULL,2.11,-14.48,16.59,P10_DOWNSIDE_BREACH
2025-06-25,Explosives & Defence Chemicals,WEAK_BULL,1.08,-13.54,14.62,P10_DOWNSIDE_BREACH
2025-06-26,Explosives & Defence Chemicals,WEAK_BULL,1.76,-16.38,18.14,P10_DOWNSIDE_BREACH
2025-06-26,Electronic Manufacturing Services (EMS),WEAK_BULL,-1.41,16.21,17.62,P90_UPSIDE_BREACH
2025-06-26,Electronic Manufacturing Services (EMS),WEAK_BULL,-3.25,17.07,20.32,P90_UPSIDE_BREACH
2025-06-26,Electronic Manufacturing Services (EMS),WEAK_BULL,-1.14,14.85,15.99,P90_UPSIDE_BREACH
2025-06-26,Heavy Electrical Equipment,WEAK_BULL,0.05,-11.42,11.47,WITHIN_BAND
2025-06-26,Utilities,WEAK_BULL,3.47,-10.24,13.71,P10_DOWNSIDE_BREACH
2025-06-26,Microfinance NBFC,WEAK_BULL,1.68,-14.01,15.69,P10_DOWNSIDE_BREACH
2025-06-26,Diagnostic & Healthcare Laboratories,WEAK_BULL,-0.56,11.97,12.53,WITHIN_BAND
2025-06-27,Explosives & Defence Chemicals,WEAK_BULL,0.97,-17.84,18.81,P10_DOWNSIDE_BREACH
2025-06-27,Electronic Manufacturing Services (EMS),WEAK_BULL,-0.88,14.67,15.55,P90_UPSIDE_BREACH
2025-06-27,Diagnostic & Healthcare Laboratories,WEAK_BULL,-1.02,10.76,11.78,WITHIN_BAND
2025-06-27,Electronic Manufacturing Services (EMS),WEAK_BULL,-1.41,15.45,16.86,P90_UPSIDE_BREACH
2025-06-27,Electronic Manufacturing Services (EMS),WEAK_BULL,-3.21,16.52,19.73,P90_UPSIDE_BREACH
2025-06-27,Batteries,WEAK_BULL,-0.64,11.19,11.83,WITHIN_BAND
2025-06-27,Batteries,WEAK_BULL,-1.01,12.93,13.94,P90_UPSIDE_BREACH
2025-06-27,Project Management & Civil Construction,WEAK_BULL,0.97,-11.81,12.78,WITHIN_BAND
2025-06-27,Utilities,WEAK_BULL,3.47,-11.1,14.57,P10_DOWNSIDE_BREACH
2025-06-27,Packaging & Containers,WEAK_BULL,-0.39,13.09,13.48,P90_UPSIDE_BREACH
2025-06-27,Microfinance NBFC,WEAK_BULL,1.57,-18.48,20.05,P10_DOWNSIDE_BREACH
2025-06-30,Railway Wagons & Equipment,WEAK_BULL,0.66,-13.11,13.77,P10_DOWNSIDE_BREACH
2025-06-30,Railway Infrastructure,WEAK_BULL,3.36,-12.69,16.05,P10_DOWNSIDE_BREACH
2025-06-30,Copper & Non-Ferrous Metals,WEAK_BULL,1.7,-14.12,15.82,P10_DOWNSIDE_BREACH
2025-06-30,Affordable Housing Finance Company,WEAK_BULL,1.61,-14.35,15.96,P10_DOWNSIDE_BREACH
2025-06-30,Project Management & Civil Construction,WEAK_BULL,0.97,-12.1,13.07,WITHIN_BAND
2025-06-30,Saw Pipes & Ductile Iron Pipes,WEAK_BULL,3.47,-10.79,14.26,P10_DOWNSIDE_BREACH
2025-06-30,Electronic Manufacturing Services (EMS),WEAK_BULL,-2.55,11.73,14.28,P90_UPSIDE_BREACH
2025-06-30,Batteries,WEAK_BULL,-1.05,14.02,15.07,P90_UPSIDE_BREACH
2025-06-30,Batteries,WEAK_BULL,-0.93,19.01,19.94,P90_UPSIDE_BREACH
2025-06-30,Wealth & Asset Management,WEAK_BULL,0.15,-10.1,10.25,WITHIN_BAND
2025-06-30,Packaging & Containers,WEAK_BULL,-0.62,11.93,12.55,WITHIN_BAND
2025-06-30,Ship Building & Defence,WEAK_BULL,3.74,-20.71,24.45,P10_DOWNSIDE_BREACH
2025-06-30,Realty,WEAK_BULL,1.57,-11.17,12.74,WITHIN_BAND
2025-06-30,Utilities,WEAK_BULL,0.42,-12.39,12.81,WITHIN_BAND
2025-06-30,Railway Telecom,WEAK_BULL,3.36,-12.32,15.68,P10_DOWNSIDE_BREACH
2025-06-30,Explosives & Defence Chemicals,WEAK_BULL,1.08,-19.24,20.32,P10_DOWNSIDE_BREACH
2025-06-30,Telecommunication,WEAK_BULL,0.15,-10.11,10.26,WITHIN_BAND
2025-06-30,Microfinance NBFC,WEAK_BULL,3.85,-16.93,20.78,P10_DOWNSIDE_BREACH
2025-06-30,Housing & Urban Infrastructure Financing,WEAK_BULL,1.58,-10.1,11.68,WITHIN_BAND
2025-06-30,Copper Mining,WEAK_BULL,1.7,-11.39,13.09,WITHIN_BAND
2025-07-01,Microfinance NBFC,WEAK_BULL,1.74,-17.84,19.58,P10_DOWNSIDE_BREACH
2025-07-01,Housing & Urban Infrastructure Financing,WEAK_BULL,1.69,-10.37,12.06,WITHIN_BAND
2025-07-01,Batteries,WEAK_BULL,-1.13,21.15,22.28,P90_UPSIDE_BREACH
2025-07-01,Batteries,WEAK_BULL,-0.93,20.32,21.25,P90_UPSIDE_BREACH
2025-07-01,Explosives & Defence Chemicals,WEAK_BULL,0.97,-19.28,20.25,P10_DOWNSIDE_BREACH
2025-07-01,Railway Wagons & Equipment,WEAK_BULL,1.34,-11.07,12.41,WITHIN_BAND
2025-07-01,Ship Building & Defence,WEAK_BULL,3.36,-19.8,23.16,P10_DOWNSIDE_BREACH
2025-07-01,Project Management & Civil Construction,WEAK_BULL,1.41,-11.52,12.93,WITHIN_BAND
2025-07-01,Realty,WEAK_BULL,1.04,-11.0,12.04,WITHIN_BAND
2025-07-01,Railway Telecom,WEAK_BULL,3.36,-10.23,13.59,P10_DOWNSIDE_BREACH
2025-07-01,Edible Oils,WEAK_BULL,-1.62,10.65,12.27,WITHIN_BAND
2025-07-01,Affordable Housing Finance Company,WEAK_BULL,0.12,-14.13,14.25,P10_DOWNSIDE_BREACH
2025-07-01,Packaging & Containers,WEAK_BULL,-0.45,13.01,13.46,WITHIN_BAND
2025-07-01,Railway Infrastructure,WEAK_BULL,3.36,-10.54,13.9,P10_DOWNSIDE_BREACH
2025-07-02,Railway Telecom,WEAK_BULL,0.63,-10.81,11.44,WITHIN_BAND
2025-07-02,Microfinance NBFC,WEAK_BULL,1.37,-15.04,16.41,P10_DOWNSIDE_BREACH
2025-07-02,Railway Infrastructure & Consulting,WEAK_BULL,1.1,-12.32,13.42,WITHIN_BAND
2025-07-02,Affordable Housing Finance Company,WEAK_BULL,3.47,-12.35,15.82,P10_DOWNSIDE_BREACH
2025-07-02,Explosives & Defence Chemicals,WEAK_BULL,1.08,-18.19,19.27,P10_DOWNSIDE_BREACH
2025-07-02,Ship Building & Defence,WEAK_BULL,3.36,-18.03,21.39,P10_DOWNSIDE_BREACH
2025-07-02,Railway Infrastructure,WEAK_BULL,0.68,-10.07,10.75,WITHIN_BAND
2025-07-02,Packaging & Containers,WEAK_BULL,-0.45,12.85,13.3,WITHIN_BAND
2025-07-02,Batteries,WEAK_BULL,-1.05,18.3,19.35,P90_UPSIDE_BREACH
2025-07-02,Batteries,WEAK_BULL,-0.82,18.01,18.83,P90_UPSIDE_BREACH
2025-07-02,Saw Pipes & Ductile Iron Pipes,WEAK_BULL,3.47,-10.02,13.49,P10_DOWNSIDE_BREACH
2025-07-02,Diagnostic & Healthcare Laboratories,WEAK_BULL,-1.52,11.36,12.88,WITHIN_BAND
2025-07-03,Batteries,WEAK_BULL,-1.01,17.66,18.67,P90_UPSIDE_BREACH
2025-07-03,Copper Mining,WEAK_BULL,0.9,-13.67,14.57,P10_DOWNSIDE_BREACH
2025-07-03,Diagnostic & Healthcare Laboratories,WEAK_BULL,-1.09,13.61,14.7,P90_UPSIDE_BREACH
2025-07-03,Explosives & Defence Chemicals,WEAK_BULL,1.76,-21.9,23.66,P10_DOWNSIDE_BREACH
2025-07-03,Railway Telecom,WEAK_BULL,0.91,-13.33,14.24,P10_DOWNSIDE_BREACH
2025-07-03,Affordable Housing Finance Company,WEAK_BULL,3.47,-11.49,14.96,P10_DOWNSIDE_BREACH
2025-07-03,Railway Infrastructure & Consulting,WEAK_BULL,0.66,-10.65,11.31,WITHIN_BAND
2025-07-03,Packaging & Containers,WEAK_BULL,-0.27,12.32,12.59,WITHIN_BAND
2025-07-03,Saw Pipes & Ductile Iron Pipes,WEAK_BULL,3.47,-10.01,13.48,P10_DOWNSIDE_BREACH
2025-07-03,Microfinance NBFC,WEAK_BULL,3.47,-14.14,17.61,P10_DOWNSIDE_BREACH
2025-07-03,Ship Building & Defence,WEAK_BULL,3.36,-17.13,20.49,P10_DOWNSIDE_BREACH
2025-07-04,Air Conditioners & Appliances,WEAK_BULL,1.32,-10.25,11.57,WITHIN_BAND
2025-07-04,Realty,WEAK_BULL,3.36,-11.54,14.9,P10_DOWNSIDE_BREACH
2025-07-04,Explosives & Defence Chemicals,WEAK_BULL,0.57,-24.62,25.19,P10_DOWNSIDE_BREACH
2025-07-04,Saw Pipes & Ductile Iron Pipes,WEAK_BULL,3.36,-12.34,15.7,P10_DOWNSIDE_BREACH
2025-07-04,Copper Mining,WEAK_BULL,1.03,-15.03,16.06,P10_DOWNSIDE_BREACH
2025-07-04,Rubber Chemicals,WEAK_BULL,1.69,-10.29,11.98,WITHIN_BAND
2025-07-04,Ship Building & Defence,WEAK_BULL,3.74,-20.17,23.91,P10_DOWNSIDE_BREACH
2025-07-04,Batteries,WEAK_BULL,-0.98,15.8,16.78,P90_UPSIDE_BREACH
2025-07-04,Superalloys & Special Metals,WEAK_BULL,3.63,-11.61,15.24,P10_DOWNSIDE_BREACH
2025-07-04,Affordable Housing Finance Company,WEAK_BULL,0.78,-12.51,13.29,WITHIN_BAND
2025-07-04,Microfinance NBFC,WEAK_BULL,3.89,-19.88,23.77,P10_DOWNSIDE_BREACH
2025-07-04,Railway Infrastructure & Consulting,WEAK_BULL,0.91,-12.16,13.07,WITHIN_BAND
2025-07-04,Gas Distribution,WEAK_BULL,0.51,-10.14,10.65,WITHIN_BAND
2025-07-07,Ship Building & Defence,WEAK_BULL,3.47,-16.93,20.4,P10_DOWNSIDE_BREACH
2025-07-07,Realty,WEAK_BULL,3.39,-11.82,15.21,P10_DOWNSIDE_BREACH
2025-07-07,Microfinance NBFC,WEAK_BULL,3.47,-16.12,19.59,P10_DOWNSIDE_BREACH
2025-07-07,Copper Mining,WEAK_BULL,1.03,-11.13,12.16,WITHIN_BAND
2025-07-07,Batteries,WEAK_BULL,1.44,23.38,21.94,P90_UPSIDE_BREACH
2025-07-07,Batteries,WEAK_BULL,-0.68,19.92,20.6,P90_UPSIDE_BREACH
2025-07-08,Batteries,WEAK_BULL,-0.16,24.38,24.54,P90_UPSIDE_BREACH
2025-07-08,Microfinance NBFC,WEAK_BULL,3.47,-15.83,19.3,P10_DOWNSIDE_BREACH
2025-07-08,Affordable Housing Finance Company,WEAK_BULL,4.49,-14.07,18.56,P10_DOWNSIDE_BREACH
2025-07-08,Realty,WEAK_BULL,3.66,-13.36,17.02,P10_DOWNSIDE_BREACH
2025-07-08,Explosives & Defence Chemicals,WEAK_BULL,0.7,-16.1,16.8,P10_DOWNSIDE_BREACH
2025-07-08,Ship Building & Defence,WEAK_BULL,3.47,-14.39,17.86,P10_DOWNSIDE_BREACH
2025-07-08,Wealth & Asset Management,WEAK_BULL,0.15,-13.18,13.33,WITHIN_BAND
2025-07-09,Explosives & Defence Chemicals,WEAK_BULL,1.32,-16.44,17.76,P10_DOWNSIDE_BREACH
2025-07-09,Ship Building & Defence,WEAK_BULL,3.66,-17.27,20.93,P10_DOWNSIDE_BREACH
2025-07-09,Microfinance NBFC,WEAK_BULL,3.49,-19.6,23.09,P10_DOWNSIDE_BREACH
2025-07-09,Wealth & Asset Management,WEAK_BULL,0.44,-11.91,12.35,WITHIN_BAND
2025-07-09,Rubber Chemicals,WEAK_BULL,0.97,-10.05,11.02,WITHIN_BAND
2025-07-09,Batteries,WEAK_BULL,-0.93,24.06,24.99,P90_UPSIDE_BREACH
2025-07-09,Construction,WEAK_BULL,1.76,-12.33,14.09,P10_DOWNSIDE_BREACH
2025-07-09,Realty,WEAK_BULL,3.36,-16.83,20.19,P10_DOWNSIDE_BREACH
2025-07-10,Realty,WEAK_BULL,3.66,-19.03,22.69,P10_DOWNSIDE_BREACH
2025-07-10,Railway Infrastructure & Consulting,WEAK_BULL,1.0,-10.88,11.88,WITHIN_BAND
2025-07-10,Explosives & Defence Chemicals,WEAK_BULL,0.74,-15.37,16.11,P10_DOWNSIDE_BREACH
2025-07-10,Batteries,WEAK_BULL,-0.52,22.46,22.98,P90_UPSIDE_BREACH
2025-07-10,Microfinance NBFC,WEAK_BULL,3.87,-22.29,26.16,P10_DOWNSIDE_BREACH
2025-07-10,Construction,WEAK_BULL,1.0,-12.6,13.6,P10_DOWNSIDE_BREACH
2025-07-10,Wealth & Asset Management,WEAK_BULL,0.44,-11.08,11.52,WITHIN_BAND
2025-07-11,Construction,WEAK_BULL,1.08,-13.35,14.43,P10_DOWNSIDE_BREACH
2025-07-11,Realty,WEAK_BULL,3.58,-20.74,24.32,P10_DOWNSIDE_BREACH
2025-07-11,Batteries,WEAK_BULL,-1.36,19.16,20.52,P90_UPSIDE_BREACH
2025-07-11,Railway Telecom,WEAK_BULL,1.45,-16.93,18.38,P10_DOWNSIDE_BREACH
2025-07-11,Affordable Housing Finance Company,WEAK_BULL,1.43,-15.78,17.21,P10_DOWNSIDE_BREACH
2025-07-11,Pumps & Compressors,WEAK_BULL,4.56,-12.7,17.26,P10_DOWNSIDE_BREACH
2025-07-11,Microfinance NBFC,WEAK_BULL,3.47,-24.21,27.68,P10_DOWNSIDE_BREACH
2025-07-11,Footwear,WEAK_BULL,-2.17,-22.57,20.4,P10_DOWNSIDE_BREACH
2025-07-11,Air Conditioners & AC Components,WEAK_BULL,3.36,-11.13,14.49,P10_DOWNSIDE_BREACH
2025-07-14,Construction,WEAK_BULL,0.97,-11.77,12.74,WITHIN_BAND
2025-07-14,Affordable Housing Finance Company,WEAK_BULL,0.63,-14.68,15.31,P10_DOWNSIDE_BREACH
2025-07-14,Footwear,WEAK_BULL,-3.43,-24.31,20.88,P10_DOWNSIDE_BREACH
2025-07-14,Realty,WEAK_BULL,3.36,-20.55,23.91,P10_DOWNSIDE_BREACH
2025-07-14,Railway Infrastructure & Consulting,WEAK_BULL,1.0,-10.66,11.66,WITHIN_BAND
2025-07-14,Microfinance NBFC,WEAK_BULL,0.03,-17.97,18.0,P10_DOWNSIDE_BREACH
2025-07-14,Diagnostic & Healthcare Laboratories,WEAK_BULL,-0.08,10.74,10.82,WITHIN_BAND
2025-07-14,Power,WEAK_BULL,0.35,-10.32,10.67,WITHIN_BAND
2025-07-14,Railway Telecom,WEAK_BULL,1.32,-14.58,15.9,P10_DOWNSIDE_BREACH
2025-07-14,Air Conditioners & AC Components,WEAK_BULL,0.03,-10.23,10.26,WITHIN_BAND
2025-07-14,Batteries,WEAK_BULL,-1.53,16.25,17.78,P90_UPSIDE_BREACH
2025-07-15,Civil Buildings & Commercial EPC,WEAK_BULL,4.25,-16.79,21.04,P10_DOWNSIDE_BREACH
2025-07-15,Batteries,WEAK_BULL,-1.23,10.58,11.81,WITHIN_BAND
2025-07-15,Microfinance NBFC,WEAK_BULL,4.49,-23.65,28.14,P10_DOWNSIDE_BREACH
2025-07-15,Textiles,WEAK_BULL,-1.07,-24.04,22.97,P10_DOWNSIDE_BREACH
2025-07-15,Railway Telecom,WEAK_BULL,1.83,-18.06,19.89,P10_DOWNSIDE_BREACH
2025-07-15,Affordable Housing Finance Company,WEAK_BULL,0.63,-12.01,12.64,WITHIN_BAND
2025-07-15,Rubber Chemicals,WEAK_BULL,1.88,-10.68,12.56,WITHIN_BAND
2025-07-15,Superalloys & Special Metals,WEAK_BULL,4.25,-10.67,14.92,P10_DOWNSIDE_BREACH
2025-07-15,Realty,WEAK_BULL,3.36,-22.46,25.82,P10_DOWNSIDE_BREACH
2025-07-15,Data Centers & Real Estate,WEAK_BULL,2.17,-12.14,14.31,P10_DOWNSIDE_BREACH
2025-07-15,Construction,WEAK_BULL,1.76,-13.74,15.5,P10_DOWNSIDE_BREACH
2025-07-15,Railway Infrastructure & Consulting,WEAK_BULL,1.41,-11.56,12.97,WITHIN_BAND
2025-07-16,Microfinance NBFC,WEAK_BULL,3.36,-24.2,27.56,P10_DOWNSIDE_BREACH
2025-07-16,Rubber Chemicals,WEAK_BULL,1.45,-10.28,11.73,WITHIN_BAND
2025-07-16,Utilities,WEAK_BULL,0.07,-14.62,14.69,P10_DOWNSIDE_BREACH
2025-07-16,Data Centers & Real Estate,WEAK_BULL,0.66,-11.86,12.52,WITHIN_BAND
2025-07-16,Saw Pipes & Ductile Iron Pipes,WEAK_BULL,2.33,-11.47,13.8,P10_DOWNSIDE_BREACH
2025-07-16,Railway Infrastructure & Consulting,WEAK_BULL,0.97,-10.51,11.48,WITHIN_BAND
2025-07-16,Realty,WEAK_BULL,3.39,-22.39,25.78,P10_DOWNSIDE_BREACH
2025-07-16,Oil Gas & Consumable Fuels,WEAK_BULL,2.7,-11.61,14.31,P10_DOWNSIDE_BREACH
2025-07-16,Wealth & Asset Management,WEAK_BULL,0.97,-14.87,15.84,P10_DOWNSIDE_BREACH
2025-07-16,Construction,WEAK_BULL,1.08,-11.77,12.85,WITHIN_BAND
2025-07-16,Railway Telecom,WEAK_BULL,0.88,-16.83,17.71,P10_DOWNSIDE_BREACH
2025-07-16,Affordable Housing Finance Company,WEAK_BULL,0.52,-12.44,12.96,WITHIN_BAND
2025-07-16,Textiles,WEAK_BULL,1.88,-24.64,26.52,P10_DOWNSIDE_BREACH
2025-07-16,Civil Buildings & Commercial EPC,WEAK_BULL,3.47,-14.39,17.86,P10_DOWNSIDE_BREACH
2025-07-16,Batteries,WEAK_BULL,-1.01,11.47,12.48,WITHIN_BAND
2025-07-17,Realty,WEAK_BULL,0.63,-20.86,21.49,P10_DOWNSIDE_BREACH
2025-07-17,Wealth & Asset Management,WEAK_BULL,1.65,-14.51,16.16,P10_DOWNSIDE_BREACH
2025-07-17,Oil Gas & Consumable Fuels,WEAK_BULL,1.61,-19.05,20.66,P10_DOWNSIDE_BREACH
2025-07-17,Copper Mining,WEAK_BULL,1.45,-10.18,11.63,WITHIN_BAND
2025-07-17,Civil Buildings & Commercial EPC,WEAK_BULL,3.36,-14.27,17.63,P10_DOWNSIDE_BREACH
2025-07-17,Air Conditioners & AC Components,WEAK_BULL,0.52,-10.23,10.75,WITHIN_BAND
2025-07-17,Construction,WEAK_BULL,1.1,-10.76,11.86,WITHIN_BAND
2025-07-17,Affordable Housing Finance Company,WEAK_BULL,1.31,-14.83,16.14,P10_DOWNSIDE_BREACH
2025-07-17,Textiles,WEAK_BULL,1.45,-25.1,26.55,P10_DOWNSIDE_BREACH
2025-07-17,Microfinance NBFC,WEAK_BULL,3.36,-26.49,29.85,P10_DOWNSIDE_BREACH
2025-07-17,Data Centers & Real Estate,WEAK_BULL,1.02,-11.31,12.33,WITHIN_BAND
2025-07-17,Electronic Manufacturing Services (EMS),WEAK_BULL,0.68,-11.54,12.22,WITHIN_BAND
2025-07-17,Batteries,WEAK_BULL,-1.22,10.37,11.59,WITHIN_BAND
2025-07-17,Gas Transmission & Distribution,WEAK_BULL,2.31,-11.99,14.3,P10_DOWNSIDE_BREACH
2025-07-17,Saw Pipes & Ductile Iron Pipes,WEAK_BULL,1.36,-13.73,15.09,P10_DOWNSIDE_BREACH
2025-07-17,Rubber Chemicals,WEAK_BULL,0.07,-10.99,11.06,WITHIN_BAND
2025-07-18,Construction,WEAK_BULL,0.57,-10.26,10.83,WITHIN_BAND
2025-07-18,Oil Gas & Consumable Fuels,WEAK_BULL,0.77,-16.32,17.09,P10_DOWNSIDE_BREACH
2025-07-18,Textiles,WEAK_BULL,0.91,-17.24,18.15,P10_DOWNSIDE_BREACH
2025-07-18,Batteries,WEAK_BULL,-1.42,12.43,13.85,P90_UPSIDE_BREACH
2025-07-18,Microfinance NBFC,WEAK_BULL,3.47,-19.97,23.44,P10_DOWNSIDE_BREACH
2025-07-18,Affordable Housing Finance Company,WEAK_BULL,3.47,-12.75,16.22,P10_DOWNSIDE_BREACH
2025-07-18,Realty,WEAK_BULL,0.5,-18.4,18.9,P10_DOWNSIDE_BREACH
2025-07-18,Civil Buildings & Commercial EPC,WEAK_BULL,3.47,-13.1,16.57,P10_DOWNSIDE_BREACH
2025-07-18,Copper Mining,WEAK_BULL,0.75,-10.49,11.24,WITHIN_BAND
2025-07-21,Oil Gas & Consumable Fuels,WEAK_BULL,1.1,-13.73,14.83,P10_DOWNSIDE_BREACH
2025-07-21,Microfinance NBFC,WEAK_BULL,3.47,-17.47,20.94,P10_DOWNSIDE_BREACH
2025-07-21,Textiles,WEAK_BULL,0.91,-15.8,16.71,P10_DOWNSIDE_BREACH
2025-07-21,Affordable Housing Finance Company,WEAK_BULL,3.74,-13.37,17.11,P10_DOWNSIDE_BREACH
2025-07-21,Wealth & Asset Management,WEAK_BULL,1.76,-11.96,13.72,P10_DOWNSIDE_BREACH
2025-07-21,Civil Buildings & Commercial EPC,WEAK_BULL,3.47,-15.22,18.69,P10_DOWNSIDE_BREACH
2025-07-21,Copper Mining,WEAK_BULL,1.24,-11.6,12.84,WITHIN_BAND
2025-07-22,Copper Mining,WEAK_BULL,0.17,-11.63,11.8,WITHIN_BAND
2025-07-22,Civil Buildings & Commercial EPC,WEAK_BULL,3.66,-16.4,20.06,P10_DOWNSIDE_BREACH
2025-07-22,Tractors & Farm Equipment,WEAK_BULL,3.47,23.93,20.46,P90_UPSIDE_BREACH
2025-07-22,Textiles,WEAK_BULL,1.03,-15.94,16.97,P10_DOWNSIDE_BREACH
2025-07-22,Affordable Housing Finance Company,WEAK_BULL,0.63,-12.09,12.72,WITHIN_BAND
2025-07-23,Microfinance NBFC,WEAK_BULL,0.07,-10.03,10.1,WITHIN_BAND
2025-07-23,Affordable Housing Finance Company,WEAK_BULL,0.52,-14.69,15.21,P10_DOWNSIDE_BREACH
2025-07-23,Copper Mining,WEAK_BULL,0.95,-13.45,14.4,P10_DOWNSIDE_BREACH
2025-07-23,Civil Buildings & Commercial EPC,WEAK_BULL,3.85,-12.17,16.02,P10_DOWNSIDE_BREACH
2025-07-23,Passenger Cars & Utility Vehicles,WEAK_BULL,-1.15,12.72,13.87,P90_UPSIDE_BREACH
2025-07-23,Textiles,WEAK_BULL,1.7,-16.57,18.27,P10_DOWNSIDE_BREACH
2025-07-24,Textiles,WEAK_BULL,1.75,-19.89,21.64,P10_DOWNSIDE_BREACH
2025-07-24,Civil Buildings & Commercial EPC,WEAK_BULL,3.47,-10.9,14.37,P10_DOWNSIDE_BREACH
2025-07-24,Passenger Cars & Utility Vehicles,WEAK_BULL,-0.91,13.85,14.76,P90_UPSIDE_BREACH
2025-07-24,Copper Mining,WEAK_BULL,1.3,-13.38,14.68,P10_DOWNSIDE_BREACH
2025-07-25,Railway Financing,SIDEWAYS,-7.89,-32.68,24.79,P10_DOWNSIDE_BREACH
2025-07-25,Media Entertainment & Publication,SIDEWAYS,-0.11,17.69,17.8,P90_UPSIDE_BREACH
2025-07-25,Stockbroking & Financial Products,SIDEWAYS,-6.65,-32.34,25.69,P10_DOWNSIDE_BREACH
2025-07-25,Copper Mining,SIDEWAYS,-3.06,99.99,103.05,P90_UPSIDE_BREACH
2025-07-25,Internet & Digital Platforms,SIDEWAYS,-2.1,-25.48,23.38,P10_DOWNSIDE_BREACH
2025-07-25,Cement & Clinker,SIDEWAYS,-0.31,-23.72,23.41,P10_DOWNSIDE_BREACH
2025-07-25,Structural Steel Tubes & Pipes,SIDEWAYS,-3.94,15.28,19.22,P90_UPSIDE_BREACH
2025-07-25,Travel Tech SaaS Solutions,SIDEWAYS,-10.59,102.02,112.61,P90_UPSIDE_BREACH
2025-07-25,Plastic Pipes & Moulded Products,SIDEWAYS,2.82,-16.16,18.98,P10_DOWNSIDE_BREACH
2025-07-25,Automobile and Auto Components,SIDEWAYS,-3.23,32.52,35.75,P90_UPSIDE_BREACH
2025-07-25,Fast Moving Consumer Goods,SIDEWAYS,-2.35,-23.49,21.14,P10_DOWNSIDE_BREACH
2025-07-25,Aerospace & Defence,SIDEWAYS,-8.33,16.32,24.65,P90_UPSIDE_BREACH
2025-07-25,"Plywood, MDF & Laminates",SIDEWAYS,-6.33,-30.07,23.74,P10_DOWNSIDE_BREACH
2025-07-25,Footwear,SIDEWAYS,-8.65,-33.19,24.54,P10_DOWNSIDE_BREACH
2025-07-25,Passenger Cars & Utility Vehicles,SIDEWAYS,-7.44,55.04,62.48,P90_UPSIDE_BREACH
2025-07-25,Zinc & Silver Mining,SIDEWAYS,-8.71,21.25,29.96,P90_UPSIDE_BREACH
2025-07-25,Microfinance NBFC,SIDEWAYS,-12.2,28.19,40.39,P90_UPSIDE_BREACH
2025-07-25,Water & Wastewater Treatment,SIDEWAYS,4.49,-13.41,17.9,P10_DOWNSIDE_BREACH
2025-07-25,Edible Oils,SIDEWAYS,1.23,-55.07,56.3,P10_DOWNSIDE_BREACH
2025-07-25,Civil Construction & Infrastructure EPC,SIDEWAYS,-8.78,-30.62,21.84,P10_DOWNSIDE_BREACH
2025-07-25,Paints & Coatings,SIDEWAYS,3.59,-22.91,26.5,P10_DOWNSIDE_BREACH
2025-07-25,Realty,SIDEWAYS,-9.28,-47.28,38.0,P10_DOWNSIDE_BREACH
2025-07-25,Diversified Retail,SIDEWAYS,-5.86,-36.81,30.95,P10_DOWNSIDE_BREACH
2025-07-25,Railway Ticketing & Catering,SIDEWAYS,-7.24,-32.99,25.75,P10_DOWNSIDE_BREACH
2025-07-25,Construction,SIDEWAYS,-8.93,10.93,19.86,P90_UPSIDE_BREACH
2025-07-25,Packaged Foods & Consumer Staples,SIDEWAYS,-0.92,-21.26,20.34,P10_DOWNSIDE_BREACH
2025-07-25,"Hotels, Resorts & QSR",SIDEWAYS,-2.75,-24.41,21.66,P10_DOWNSIDE_BREACH
2025-07-25,Transformers & T&D Equipment,SIDEWAYS,-7.05,15.64,22.69,P90_UPSIDE_BREACH
2025-07-25,Railway Infrastructure,SIDEWAYS,-8.78,-32.76,23.98,P10_DOWNSIDE_BREACH
2025-07-25,Textiles,SIDEWAYS,-3.47,38.03,41.5,P90_UPSIDE_BREACH
2025-07-25,Metals & Mining,SIDEWAYS,-2.75,10.81,13.56,P90_UPSIDE_BREACH
2025-07-25,Railways,SIDEWAYS,-9.52,13.75,23.27,P90_UPSIDE_BREACH
2025-07-25,Explosives & Defence Chemicals,SIDEWAYS,-9.96,43.03,52.99,P90_UPSIDE_BREACH
2025-07-25,Hospitals & Healthcare Services,SIDEWAYS,-10.4,34.95,45.35,P90_UPSIDE_BREACH
2025-07-25,Copper & Non-Ferrous Metals,SIDEWAYS,-9.97,11.29,21.26,P90_UPSIDE_BREACH
2025-07-25,Asset Management Company (AMC),SIDEWAYS,-0.24,-26.93,26.69,P10_DOWNSIDE_BREACH
2025-07-25,Air Conditioners & Appliances,SIDEWAYS,-5.12,-25.52,20.4,P10_DOWNSIDE_BREACH
2025-07-25,Agrochemicals & Pesticides,SIDEWAYS,-1.15,-53.14,51.99,P10_DOWNSIDE_BREACH
2025-07-25,Saw Pipes & Ductile Iron Pipes,SIDEWAYS,-11.16,20.48,31.64,P90_UPSIDE_BREACH
2025-07-25,Heavy Electrical Equipment,SIDEWAYS,-8.16,140.76,148.92,P90_UPSIDE_BREACH
2025-07-25,IT Consulting & Software,SIDEWAYS,-7.13,-33.61,26.48,P10_DOWNSIDE_BREACH
2025-07-25,Construction Materials,SIDEWAYS,-10.79,16.63,27.42,P90_UPSIDE_BREACH
2025-07-25,Aluminium & Mining,SIDEWAYS,-1.0,19.33,20.33,P90_UPSIDE_BREACH
2025-07-25,Iron & Steel,SIDEWAYS,-5.06,11.96,17.02,P90_UPSIDE_BREACH
2025-07-25,Fertilizers & Agrochemicals,SIDEWAYS,4.82,-22.97,27.79,P10_DOWNSIDE_BREACH
2025-07-25,Diagnostic & Healthcare Laboratories,SIDEWAYS,6.31,-41.62,47.93,P10_DOWNSIDE_BREACH
2025-07-25,Pharmaceuticals & Biotechnology,SIDEWAYS,-1.08,10.02,11.1,WITHIN_BAND
2025-07-25,Banks,SIDEWAYS,-6.13,11.12,17.25,P90_UPSIDE_BREACH
2025-07-28,Textiles,WEAK_BEAR,-1.98,35.58,37.56,P90_UPSIDE_BREACH
2025-07-28,Metals & Mining,WEAK_BEAR,-0.98,14.47,15.45,P90_UPSIDE_BREACH
2025-07-28,"Hotels, Resorts & QSR",WEAK_BEAR,-2.41,-23.24,20.83,P10_DOWNSIDE_BREACH
2025-07-28,Construction,WEAK_BEAR,-0.22,14.54,14.76,P90_UPSIDE_BREACH
2025-07-28,Heavy Electrical Equipment,WEAK_BEAR,-1.44,132.75,134.19,P90_UPSIDE_BREACH
2025-07-28,Railway Infrastructure,WEAK_BEAR,-0.48,-30.2,29.72,P10_DOWNSIDE_BREACH
2025-07-28,Transformers & T&D Equipment,WEAK_BEAR,-3.9,15.62,19.52,P90_UPSIDE_BREACH
2025-07-28,Explosives & Defence Chemicals,WEAK_BEAR,-1.41,45.05,46.46,P90_UPSIDE_BREACH
2025-07-28,Asset Management Company (AMC),WEAK_BEAR,0.23,-24.27,24.5,P10_DOWNSIDE_BREACH
2025-07-28,Saw Pipes & Ductile Iron Pipes,WEAK_BEAR,-0.38,22.92,23.3,P90_UPSIDE_BREACH
2025-07-28,IT Consulting & Software,WEAK_BEAR,-4.6,-31.48,26.88,P10_DOWNSIDE_BREACH
2025-07-28,Passenger Cars & Utility Vehicles,WEAK_BEAR,-1.15,56.99,58.14,P90_UPSIDE_BREACH
2025-07-28,Microfinance NBFC,WEAK_BEAR,0.59,36.27,35.68,P90_UPSIDE_BREACH
2025-07-28,Footwear,WEAK_BEAR,-1.21,-28.31,27.1,P10_DOWNSIDE_BREACH
2025-07-28,Aluminium & Mining,WEAK_BEAR,-0.98,20.67,21.65,P90_UPSIDE_BREACH
2025-07-28,Civil Construction & Infrastructure EPC,WEAK_BEAR,-3.02,-29.55,26.53,P10_DOWNSIDE_BREACH
2025-07-28,Edible Oils,WEAK_BEAR,-0.55,-54.38,53.83,P10_DOWNSIDE_BREACH
2025-07-28,Copper & Non-Ferrous Metals,WEAK_BEAR,-0.48,12.62,13.1,WITHIN_BAND
2025-07-28,Realty,WEAK_BEAR,-0.21,-45.07,44.86,P10_DOWNSIDE_BREACH
2025-07-28,Structural Steel Tubes & Pipes,WEAK_BEAR,-0.48,17.74,18.22,P90_UPSIDE_BREACH
2025-07-28,Travel Tech SaaS Solutions,WEAK_BEAR,-0.13,102.98,103.11,P90_UPSIDE_BREACH
2025-07-28,Automobile and Auto Components,WEAK_BEAR,-1.17,32.86,34.03,P90_UPSIDE_BREACH
2025-07-28,"Plywood, MDF & Laminates",WEAK_BEAR,-2.14,-28.13,25.99,P10_DOWNSIDE_BREACH
2025-07-28,Fast Moving Consumer Goods,WEAK_BEAR,-2.27,-22.34,20.07,P10_DOWNSIDE_BREACH
2025-07-28,Aerospace & Defence,WEAK_BEAR,-3.14,17.66,20.8,P90_UPSIDE_BREACH
2025-07-28,Banks,WEAK_BEAR,-4.32,11.87,16.19,P90_UPSIDE_BREACH
2025-07-28,Internet & Digital Platforms,WEAK_BEAR,-1.59,-25.57,23.98,P10_DOWNSIDE_BREACH
2025-07-28,Hospitals & Healthcare Services,WEAK_BEAR,0.39,36.27,35.88,P90_UPSIDE_BREACH
2025-07-28,Paints & Coatings,WEAK_BEAR,-1.52,-21.84,20.32,P10_DOWNSIDE_BREACH
2025-07-28,Diversified Retail,WEAK_BEAR,-3.23,-33.46,30.23,P10_DOWNSIDE_BREACH
2025-07-28,Diagnostic & Healthcare Laboratories,WEAK_BEAR,-0.82,-40.45,39.63,P10_DOWNSIDE_BREACH
2025-07-28,Railway Ticketing & Catering,WEAK_BEAR,3.3,-30.09,33.39,P10_DOWNSIDE_BREACH
2025-07-28,Cement & Clinker,WEAK_BEAR,-1.52,-21.59,20.07,P10_DOWNSIDE_BREACH
2025-07-28,Air Conditioners & Appliances,WEAK_BEAR,-3.11,-24.9,21.79,P10_DOWNSIDE_BREACH
2025-07-28,Agrochemicals & Pesticides,WEAK_BEAR,0.11,-53.39,53.5,P10_DOWNSIDE_BREACH
2025-07-28,Stockbroking & Financial Products,WEAK_BEAR,-0.1,-30.65,30.55,P10_DOWNSIDE_BREACH
2025-07-28,Media Entertainment & Publication,WEAK_BEAR,-0.16,18.3,18.46,P90_UPSIDE_BREACH
2025-07-28,Railway Financing,WEAK_BEAR,-1.33,-32.13,30.8,P10_DOWNSIDE_BREACH
2025-07-28,Roads & Highways EPC,WEAK_BEAR,-1.32,-25.11,23.79,P10_DOWNSIDE_BREACH
2025-07-28,Iron & Steel,WEAK_BEAR,-2.71,14.12,16.83,P90_UPSIDE_BREACH
2025-07-28,Zinc & Silver Mining,WEAK_BEAR,-0.37,24.36,24.73,P90_UPSIDE_BREACH
2025-07-28,Copper Mining,WEAK_BEAR,-0.16,104.98,105.14,P90_UPSIDE_BREACH
2025-07-28,Auto Lighting,WEAK_BEAR,-0.82,15.82,16.64,P90_UPSIDE_BREACH
2025-07-28,Bearings & Friction Solutions,WEAK_BEAR,-2.35,11.86,14.21,P90_UPSIDE_BREACH
2025-07-28,Pharmaceuticals & Biotechnology,WEAK_BEAR,-1.81,10.6,12.41,WITHIN_BAND
2025-07-29,Copper Mining,SIDEWAYS,-10.22,99.99,110.21,P90_UPSIDE_BREACH
2025-07-29,Media Entertainment & Publication,SIDEWAYS,-3.19,15.55,18.74,P90_UPSIDE_BREACH
2025-07-29,Civil Construction & Infrastructure EPC,SIDEWAYS,-5.6,-32.2,26.6,P10_DOWNSIDE_BREACH
2025-07-29,"Plywood, MDF & Laminates",SIDEWAYS,-1.1,-28.56,27.46,P10_DOWNSIDE_BREACH
2025-07-29,Automobile and Auto Components,SIDEWAYS,-3.32,29.75,33.07,P90_UPSIDE_BREACH
2025-07-29,Edible Oils,SIDEWAYS,0.52,-56.46,56.98,P10_DOWNSIDE_BREACH
2025-07-29,Cement & Clinker,SIDEWAYS,-1.15,-23.59,22.44,P10_DOWNSIDE_BREACH
2025-07-29,Construction,SIDEWAYS,-10.87,14.47,25.34,P90_UPSIDE_BREACH
2025-07-29,Internet & Digital Platforms,SIDEWAYS,-2.61,-25.82,23.21,P10_DOWNSIDE_BREACH
2025-07-29,Fast Moving Consumer Goods,SIDEWAYS,-1.85,-22.86,21.01,P10_DOWNSIDE_BREACH
2025-07-29,IT Consulting & Software,SIDEWAYS,-7.71,-32.54,24.83,P10_DOWNSIDE_BREACH
2025-07-29,Fertilizers & Agrochemicals,SIDEWAYS,7.04,-25.78,32.82,P10_DOWNSIDE_BREACH
2025-07-29,Water & Wastewater Treatment,SIDEWAYS,2.7,-15.93,18.63,P10_DOWNSIDE_BREACH
2025-07-29,Passenger Cars & Utility Vehicles,SIDEWAYS,-5.31,58.21,63.52,P90_UPSIDE_BREACH
2025-07-29,Construction Materials,SIDEWAYS,-0.78,16.74,17.52,P90_UPSIDE_BREACH
2025-07-29,Microfinance NBFC,SIDEWAYS,-9.38,35.3,44.68,P90_UPSIDE_BREACH
2025-07-29,Diagnostic & Healthcare Laboratories,SIDEWAYS,5.05,-37.8,42.85,P10_DOWNSIDE_BREACH
2025-07-29,Travel Tech SaaS Solutions,SIDEWAYS,-8.75,101.98,110.73,P90_UPSIDE_BREACH
2025-07-29,Air Conditioners & AC Components,SIDEWAYS,1.24,-17.86,19.1,P10_DOWNSIDE_BREACH
2025-07-29,Iron & Steel,SIDEWAYS,-4.05,12.76,16.81,P90_UPSIDE_BREACH
2025-07-29,Copper & Non-Ferrous Metals,SIDEWAYS,-9.9,13.66,23.56,P90_UPSIDE_BREACH
2025-07-29,Aluminium & Mining,SIDEWAYS,-2.76,18.2,20.96,P90_UPSIDE_BREACH
2025-07-29,Hospitals & Healthcare Services,SIDEWAYS,-4.04,33.43,37.47,P90_UPSIDE_BREACH
2025-07-29,Plastic Pipes & Moulded Products,SIDEWAYS,1.9,-12.83,14.73,P10_DOWNSIDE_BREACH
2025-07-29,Asset Management Company (AMC),SIDEWAYS,-0.52,-26.29,25.77,P10_DOWNSIDE_BREACH
2025-07-29,Railway Ticketing & Catering,SIDEWAYS,-8.5,-31.06,22.56,P10_DOWNSIDE_BREACH
2025-07-29,Banks,SIDEWAYS,-8.0,11.42,19.42,P90_UPSIDE_BREACH
2025-07-29,Railway Infrastructure,SIDEWAYS,-8.19,-32.65,24.46,P10_DOWNSIDE_BREACH
2025-07-29,Textiles,SIDEWAYS,-1.88,35.64,37.52,P90_UPSIDE_BREACH
2025-07-29,Paints & Coatings,SIDEWAYS,-0.41,-20.91,20.5,P10_DOWNSIDE_BREACH
2025-07-29,Transformers & T&D Equipment,SIDEWAYS,-3.85,16.36,20.21,P90_UPSIDE_BREACH
2025-07-29,Bearings & Friction Solutions,SIDEWAYS,-1.71,12.47,14.18,P90_UPSIDE_BREACH
2025-07-29,Heavy Electrical Equipment,SIDEWAYS,2.07,135.43,133.36,P90_UPSIDE_BREACH
2025-07-29,Auto Lighting,SIDEWAYS,-3.66,15.43,19.09,P90_UPSIDE_BREACH
2025-07-29,Explosives & Defence Chemicals,SIDEWAYS,-9.12,43.68,52.8,P90_UPSIDE_BREACH
2025-07-29,Oil Gas & Consumable Fuels,SIDEWAYS,-10.28,16.6,26.88,P90_UPSIDE_BREACH
2025-07-29,Metals & Mining,SIDEWAYS,-3.09,12.51,15.6,P90_UPSIDE_BREACH
2025-07-29,Air Conditioners & AC Components,SIDEWAYS,8.01,-18.95,26.96,P10_DOWNSIDE_BREACH
2025-07-29,Realty,SIDEWAYS,-11.06,-45.41,34.35,P10_DOWNSIDE_BREACH
2025-07-29,Diversified Retail,SIDEWAYS,-5.71,-33.39,27.68,P10_DOWNSIDE_BREACH
2025-07-29,Stockbroking & Financial Products,SIDEWAYS,-4.19,-30.9,26.71,P10_DOWNSIDE_BREACH
2025-07-29,Agrochemicals & Pesticides,SIDEWAYS,-0.58,-55.37,54.79,P10_DOWNSIDE_BREACH
2025-07-29,Saw Pipes & Ductile Iron Pipes,SIDEWAYS,-8.47,22.05,30.52,P90_UPSIDE_BREACH
2025-07-29,Commodity Chemicals,SIDEWAYS,3.48,-12.59,16.07,P10_DOWNSIDE_BREACH
2025-07-29,Railway Financing,SIDEWAYS,-9.85,-33.48,23.63,P10_DOWNSIDE_BREACH
2025-07-29,Railways,SIDEWAYS,-7.46,14.87,22.33,P90_UPSIDE_BREACH
2025-07-29,Zinc & Silver Mining,SIDEWAYS,-8.32,23.83,32.15,P90_UPSIDE_BREACH
2025-07-29,Structural Steel Tubes & Pipes,SIDEWAYS,-9.04,18.0,27.04,P90_UPSIDE_BREACH
2025-07-29,Aerospace & Defence,SIDEWAYS,-8.24,18.58,26.82,P90_UPSIDE_BREACH
2025-07-30,Railway Infrastructure,SIDEWAYS,-9.65,-32.78,23.13,P10_DOWNSIDE_BREACH
2025-07-30,Agrochemicals & Pesticides,SIDEWAYS,1.67,-56.52,58.19,P10_DOWNSIDE_BREACH
2025-07-30,Oil Gas & Consumable Fuels,SIDEWAYS,-9.84,19.38,29.22,P90_UPSIDE_BREACH
2025-07-30,Transformers & T&D Equipment,SIDEWAYS,-3.18,13.76,16.94,P90_UPSIDE_BREACH
2025-07-30,Heavy Electrical Equipment,SIDEWAYS,10.72,125.48,114.76,P90_UPSIDE_BREACH
2025-07-30,Copper Mining,SIDEWAYS,-8.1,100.18,108.28,P90_UPSIDE_BREACH
2025-07-30,Civil Construction & Infrastructure,SIDEWAYS,-3.46,-24.71,21.25,P10_DOWNSIDE_BREACH
2025-07-30,"Plywood, MDF & Laminates",SIDEWAYS,-3.76,-27.15,23.39,P10_DOWNSIDE_BREACH
2025-07-30,Automobile and Auto Components,SIDEWAYS,-3.24,29.67,32.91,P90_UPSIDE_BREACH
2025-07-30,Saw Pipes & Ductile Iron Pipes,SIDEWAYS,-6.83,24.27,31.1,P90_UPSIDE_BREACH
2025-07-30,Structural Steel Tubes & Pipes,SIDEWAYS,-6.79,15.45,22.24,P90_UPSIDE_BREACH
2025-07-30,Hospitals & Healthcare Services,SIDEWAYS,-4.1,32.92,37.02,P90_UPSIDE_BREACH
2025-07-30,Construction,SIDEWAYS,-10.61,14.56,25.17,P90_UPSIDE_BREACH
2025-07-30,Air Conditioners & AC Components,SIDEWAYS,2.56,-15.2,17.76,P10_DOWNSIDE_BREACH
2025-07-30,Travel Tech SaaS Solutions,SIDEWAYS,-8.4,103.09,111.49,P90_UPSIDE_BREACH
2025-07-30,Fertilizers & Agrochemicals,SIDEWAYS,10.38,-28.04,38.42,P10_DOWNSIDE_BREACH
2025-07-30,Banks,SIDEWAYS,-7.33,11.85,19.18,P90_UPSIDE_BREACH
2025-07-30,Passenger Cars & Utility Vehicles,SIDEWAYS,0.13,58.11,57.98,P90_UPSIDE_BREACH
2025-07-30,Bearings & Friction Solutions,SIDEWAYS,-3.66,10.91,14.57,P90_UPSIDE_BREACH
2025-07-30,Water & Wastewater Treatment,SIDEWAYS,1.54,-19.94,21.48,P10_DOWNSIDE_BREACH
2025-07-30,Zinc & Silver Mining,SIDEWAYS,-8.59,23.25,31.84,P90_UPSIDE_BREACH
2025-07-30,Edible Oils,SIDEWAYS,0.51,-56.48,56.99,P10_DOWNSIDE_BREACH
2025-07-30,Utilities,SIDEWAYS,-1.64,-24.74,23.1,P10_DOWNSIDE_BREACH
2025-07-30,Diversified Retail,SIDEWAYS,-4.02,-34.79,30.77,P10_DOWNSIDE_BREACH
2025-07-30,Fast Moving Consumer Goods,SIDEWAYS,-0.85,-24.64,23.79,P10_DOWNSIDE_BREACH
2025-07-30,IT Consulting & Software,SIDEWAYS,-8.23,-32.1,23.87,P10_DOWNSIDE_BREACH
2025-07-30,Cement,SIDEWAYS,1.73,-17.43,19.16,P10_DOWNSIDE_BREACH
2025-07-30,Renewable Energy,SIDEWAYS,-0.15,-23.92,23.77,P10_DOWNSIDE_BREACH
2025-07-30,Internet & Digital Platforms,SIDEWAYS,-0.87,-24.37,23.5,P10_DOWNSIDE_BREACH
2025-07-30,Railway Ticketing & Catering,SIDEWAYS,-7.22,-32.73,25.51,P10_DOWNSIDE_BREACH
2025-07-30,Paints & Coatings,SIDEWAYS,1.16,-21.79,22.95,P10_DOWNSIDE_BREACH
2025-07-30,Explosives & Defence Chemicals,SIDEWAYS,-9.74,39.29,49.03,P90_UPSIDE_BREACH
2025-07-30,Railway Financing,SIDEWAYS,-10.67,-33.22,22.55,P10_DOWNSIDE_BREACH
2025-07-30,Stockbroking & Financial Products,SIDEWAYS,-6.68,-31.22,24.54,P10_DOWNSIDE_BREACH
2025-07-30,Media Entertainment & Publication,SIDEWAYS,-7.39,16.6,23.99,P90_UPSIDE_BREACH
2025-07-30,Aerospace & Defence,SIDEWAYS,-7.64,17.11,24.75,P90_UPSIDE_BREACH
2025-07-30,Metals & Mining,SIDEWAYS,-1.88,10.7,12.58,WITHIN_BAND
2025-07-30,Cement & Clinker,SIDEWAYS,0.79,-24.93,25.72,P10_DOWNSIDE_BREACH
2025-07-30,Diagnostic & Healthcare Laboratories,SIDEWAYS,6.36,-40.51,46.87,P10_DOWNSIDE_BREACH
2025-07-30,Civil Construction & Infrastructure EPC,SIDEWAYS,-2.17,-33.69,31.52,P10_DOWNSIDE_BREACH
2025-07-30,Railways,SIDEWAYS,-8.95,13.92,22.87,P90_UPSIDE_BREACH
2025-07-30,Microfinance NBFC,SIDEWAYS,-9.52,35.21,44.73,P90_UPSIDE_BREACH
2025-07-30,Asset Management Company (AMC),SIDEWAYS,1.56,-29.1,30.66,P10_DOWNSIDE_BREACH
2025-07-30,Realty,SIDEWAYS,-8.72,-46.24,37.52,P10_DOWNSIDE_BREACH
2025-07-30,Commodity Chemicals,SIDEWAYS,4.74,-13.43,18.17,P10_DOWNSIDE_BREACH
2025-07-30,Aluminium & Mining,SIDEWAYS,-2.11,15.72,17.83,P90_UPSIDE_BREACH
2025-07-30,Textiles,SIDEWAYS,-2.49,32.24,34.73,P90_UPSIDE_BREACH
2025-07-31,Asset Management Company (AMC),WEAK_BEAR,1.28,-29.8,31.08,P10_DOWNSIDE_BREACH
2025-07-31,Hospitals & Healthcare Services,WEAK_BEAR,-0.6,29.66,30.26,P90_UPSIDE_BREACH
2025-07-31,Saw Pipes & Ductile Iron Pipes,WEAK_BEAR,-0.44,24.9,25.34,P90_UPSIDE_BREACH
2025-07-31,Copper Mining,WEAK_BEAR,1.78,104.33,102.55,P90_UPSIDE_BREACH
2025-07-31,Cement & Clinker,WEAK_BEAR,-2.08,-26.87,24.79,P10_DOWNSIDE_BREACH
2025-07-31,Civil Construction & Infrastructure,WEAK_BEAR,-4.47,-26.72,22.25,P10_DOWNSIDE_BREACH
2025-07-31,Railway Ticketing & Catering,WEAK_BEAR,3.3,-31.8,35.1,P10_DOWNSIDE_BREACH
2025-07-31,Aerospace & Defence,WEAK_BEAR,-3.96,15.88,19.84,P90_UPSIDE_BREACH
2025-07-31,Railway Financing,WEAK_BEAR,-0.44,-33.58,33.14,P10_DOWNSIDE_BREACH
2025-07-31,Paints & Coatings,WEAK_BEAR,-1.52,-24.94,23.42,P10_DOWNSIDE_BREACH
2025-07-31,Stockbroking & Financial Products,WEAK_BEAR,-3.14,-32.11,28.97,P10_DOWNSIDE_BREACH
2025-07-31,"Plywood, MDF & Laminates",WEAK_BEAR,-1.09,-26.98,25.89,P10_DOWNSIDE_BREACH
2025-07-31,Media Entertainment & Publication,WEAK_BEAR,-2.35,17.16,19.51,P90_UPSIDE_BREACH
2025-07-31,Civil Buildings & Commercial EPC,WEAK_BEAR,-0.3,-21.4,21.1,P10_DOWNSIDE_BREACH
2025-07-31,Heavy Electrical Equipment,WEAK_BEAR,-0.62,123.03,123.65,P90_UPSIDE_BREACH
2025-07-31,Diagnostic & Healthcare Laboratories,WEAK_BEAR,2.25,-43.81,46.06,P10_DOWNSIDE_BREACH
2025-07-31,Diversified Retail,WEAK_BEAR,-3.41,-36.34,32.93,P10_DOWNSIDE_BREACH
2025-07-31,Fertilizers & Agrochemicals,WEAK_BEAR,-2.75,-30.09,27.34,P10_DOWNSIDE_BREACH
2025-07-31,Utilities,WEAK_BEAR,-0.45,-24.79,24.34,P10_DOWNSIDE_BREACH
2025-07-31,Railway Wagons & Equipment,WEAK_BEAR,-1.41,-26.58,25.17,P10_DOWNSIDE_BREACH
2025-07-31,Transformers & T&D Equipment,WEAK_BEAR,-3.69,13.21,16.9,P90_UPSIDE_BREACH
2025-07-31,IT Consulting & Software,WEAK_BEAR,-4.27,-33.51,29.24,P10_DOWNSIDE_BREACH
2025-07-31,Aluminium & Mining,WEAK_BEAR,-1.29,15.8,17.09,P90_UPSIDE_BREACH
2025-07-31,Bearings & Friction Solutions,WEAK_BEAR,-1.61,10.17,11.78,WITHIN_BAND
2025-07-31,Renewable Energy,WEAK_BEAR,-3.07,-24.08,21.01,P10_DOWNSIDE_BREACH
2025-07-31,Textiles,WEAK_BEAR,-0.42,32.47,32.89,P90_UPSIDE_BREACH
2025-07-31,Construction,WEAK_BEAR,-0.62,13.05,13.67,P90_UPSIDE_BREACH
2025-07-31,Air Conditioners & Appliances,WEAK_BEAR,-0.22,-25.97,25.75,P10_DOWNSIDE_BREACH
2025-07-31,Railways,WEAK_BEAR,-6.13,12.75,18.88,P90_UPSIDE_BREACH
2025-07-31,Railway Infrastructure & Consulting,WEAK_BEAR,3.3,-12.51,15.81,P10_DOWNSIDE_BREACH
2025-07-31,Zinc & Silver Mining,WEAK_BEAR,-1.32,25.04,26.36,P90_UPSIDE_BREACH
2025-07-31,Iron & Steel,WEAK_BEAR,-3.19,10.53,13.72,P90_UPSIDE_BREACH
2025-07-31,Air Conditioners & AC Components,WEAK_BEAR,0.41,-14.31,14.72,P10_DOWNSIDE_BREACH
2025-07-31,Footwear,WEAK_BEAR,-0.6,-23.03,22.43,P10_DOWNSIDE_BREACH
2025-07-31,Agrochemicals & Pesticides,WEAK_BEAR,0.91,-60.8,61.71,P10_DOWNSIDE_BREACH
2025-07-31,Fast Moving Consumer Goods,WEAK_BEAR,-2.34,-26.71,24.37,P10_DOWNSIDE_BREACH
2025-07-31,Travel Tech SaaS Solutions,WEAK_BEAR,-0.26,100.56,100.82,P90_UPSIDE_BREACH
2025-07-31,Microfinance NBFC,WEAK_BEAR,-0.59,34.52,35.11,P90_UPSIDE_BREACH
2025-07-31,Realty,WEAK_BEAR,0.36,-48.8,49.16,P10_DOWNSIDE_BREACH
2025-07-31,Auto Lighting,WEAK_BEAR,-1.1,13.66,14.76,P90_UPSIDE_BREACH
2025-07-31,"Hotels, Resorts & QSR",WEAK_BEAR,-3.24,-25.09,21.85,P10_DOWNSIDE_BREACH
2025-07-31,Railway Infrastructure,WEAK_BEAR,-1.32,-34.0,32.68,P10_DOWNSIDE_BREACH
2025-07-31,Explosives & Defence Chemicals,WEAK_BEAR,-1.32,40.85,42.17,P90_UPSIDE_BREACH
2025-07-31,Structural Steel Tubes & Pipes,WEAK_BEAR,-0.19,12.66,12.85,WITHIN_BAND
2025-07-31,Civil Construction & Infrastructure EPC,WEAK_BEAR,-3.95,-34.84,30.89,P10_DOWNSIDE_BREACH
2025-07-31,Edible Oils,WEAK_BEAR,-0.66,-57.05,56.39,P10_DOWNSIDE_BREACH
2025-07-31,Automobile and Auto Components,WEAK_BEAR,-1.25,27.69,28.94,P90_UPSIDE_BREACH
2025-07-31,Internet & Digital Platforms,WEAK_BEAR,-1.77,-26.21,24.44,P10_DOWNSIDE_BREACH
2025-07-31,Roads & Highways EPC,WEAK_BEAR,-0.44,-28.27,27.83,P10_DOWNSIDE_BREACH
2025-07-31,Passenger Cars & Utility Vehicles,WEAK_BEAR,-0.69,54.51,55.2,P90_UPSIDE_BREACH
2025-08-01,Railway Wagons & Equipment,WEAK_BEAR,-1.41,-23.16,21.75,P10_DOWNSIDE_BREACH
2025-08-01,Structural Steel Tubes & Pipes,WEAK_BEAR,-0.68,11.8,12.48,WITHIN_BAND
2025-08-01,Railway Infrastructure,WEAK_BEAR,-1.32,-32.29,30.97,P10_DOWNSIDE_BREACH
2025-08-01,Zinc & Silver Mining,WEAK_BEAR,-1.41,26.74,28.15,P90_UPSIDE_BREACH
2025-08-01,Roads & Highways EPC,WEAK_BEAR,-0.4,-26.46,26.06,P10_DOWNSIDE_BREACH
2025-08-01,Pharmaceuticals & Biotechnology,WEAK_BEAR,-3.37,12.97,16.34,P90_UPSIDE_BREACH
2025-08-01,Transformers & T&D Equipment,WEAK_BEAR,-3.65,16.76,20.41,P90_UPSIDE_BREACH
2025-08-01,Travel Tech SaaS Solutions,WEAK_BEAR,-1.41,104.6,106.01,P90_UPSIDE_BREACH
2025-08-01,Fast Moving Consumer Goods,WEAK_BEAR,-1.53,-22.63,21.1,P10_DOWNSIDE_BREACH
2025-08-01,Banks,WEAK_BEAR,-4.32,13.05,17.37,P90_UPSIDE_BREACH
2025-08-01,Railway Infrastructure & Consulting,WEAK_BEAR,3.3,-10.85,14.15,P10_DOWNSIDE_BREACH
2025-08-01,Air Conditioners & Appliances,WEAK_BEAR,-0.22,-23.99,23.77,P10_DOWNSIDE_BREACH
2025-08-01,IT Consulting & Software,WEAK_BEAR,-4.27,-31.41,27.14,P10_DOWNSIDE_BREACH
2025-08-01,Heavy Electrical Equipment,WEAK_BEAR,-0.49,124.96,125.45,P90_UPSIDE_BREACH
2025-08-01,Asset Management Company (AMC),WEAK_BEAR,-1.2,-25.82,24.62,P10_DOWNSIDE_BREACH
2025-08-01,Civil Construction & Infrastructure EPC,WEAK_BEAR,-3.92,-33.01,29.09,P10_DOWNSIDE_BREACH
2025-08-01,"Plywood, MDF & Laminates",WEAK_BEAR,-2.44,-24.86,22.42,P10_DOWNSIDE_BREACH
2025-08-01,Automobile and Auto Components,WEAK_BEAR,-1.05,30.54,31.59,P90_UPSIDE_BREACH
2025-08-01,Edible Oils,WEAK_BEAR,-0.55,-53.73,53.18,P10_DOWNSIDE_BREACH
2025-08-01,Civil Construction & Infrastructure,WEAK_BEAR,-4.35,-24.67,20.32,P10_DOWNSIDE_BREACH
2025-08-01,Bearings & Friction Solutions,WEAK_BEAR,-2.76,12.95,15.71,P90_UPSIDE_BREACH
2025-08-01,Textiles,WEAK_BEAR,1.63,40.14,38.51,P90_UPSIDE_BREACH
2025-08-01,Aluminium & Mining,WEAK_BEAR,-1.2,16.51,17.71,P90_UPSIDE_BREACH
2025-08-01,Realty,WEAK_BEAR,0.7,-45.47,46.17,P10_DOWNSIDE_BREACH
2025-08-01,Fertilizers & Agrochemicals,WEAK_BEAR,-2.19,-26.71,24.52,P10_DOWNSIDE_BREACH
2025-08-01,Railways,WEAK_BEAR,-0.44,14.51,14.95,P90_UPSIDE_BREACH
2025-08-01,Microfinance NBFC,WEAK_BEAR,-1.25,41.14,42.39,P90_UPSIDE_BREACH
2025-08-01,Footwear,WEAK_BEAR,-0.22,-20.85,20.63,P10_DOWNSIDE_BREACH
2025-08-01,Diversified Retail,WEAK_BEAR,-0.64,-33.43,32.79,P10_DOWNSIDE_BREACH
2025-08-01,Agrochemicals & Pesticides,WEAK_BEAR,-1.03,-56.08,55.05,P10_DOWNSIDE_BREACH
2025-08-01,Stockbroking & Financial Products,WEAK_BEAR,-2.82,-29.46,26.64,P10_DOWNSIDE_BREACH
2025-08-01,Diagnostic & Healthcare Laboratories,WEAK_BEAR,2.25,-42.76,45.01,P10_DOWNSIDE_BREACH
2025-08-01,Cement & Clinker,WEAK_BEAR,-1.52,-24.3,22.78,P10_DOWNSIDE_BREACH
2025-08-01,Iron & Steel,WEAK_BEAR,-3.09,13.93,17.02,P90_UPSIDE_BREACH
2025-08-01,Construction,WEAK_BEAR,-0.38,16.78,17.16,P90_UPSIDE_BREACH
2025-08-01,Explosives & Defence Chemicals,WEAK_BEAR,-1.32,44.18,45.5,P90_UPSIDE_BREACH
2025-08-01,Paints & Coatings,WEAK_BEAR,-1.52,-23.51,21.99,P10_DOWNSIDE_BREACH
2025-08-01,Auto Lighting,WEAK_BEAR,-0.66,15.47,16.13,P90_UPSIDE_BREACH
2025-08-01,"Hotels, Resorts & QSR",WEAK_BEAR,-3.14,-23.51,20.37,P10_DOWNSIDE_BREACH
2025-08-01,Hospitals & Healthcare Services,WEAK_BEAR,-0.45,34.76,35.21,P90_UPSIDE_BREACH
2025-08-01,Media Entertainment & Publication,WEAK_BEAR,-2.46,20.59,23.05,P90_UPSIDE_BREACH
2025-08-01,Saw Pipes & Ductile Iron Pipes,WEAK_BEAR,-1.41,32.17,33.58,P90_UPSIDE_BREACH
2025-08-01,Copper Mining,WEAK_BEAR,-0.21,106.79,107.0,P90_UPSIDE_BREACH
2025-08-01,Metals & Mining,WEAK_BEAR,-1.45,14.96,16.41,P90_UPSIDE_BREACH
2025-08-01,Renewable Energy,WEAK_BEAR,-0.09,-20.56,20.47,P10_DOWNSIDE_BREACH
2025-08-01,Railway Ticketing & Catering,WEAK_BEAR,3.3,-31.26,34.56,P10_DOWNSIDE_BREACH
2025-08-01,Internet & Digital Platforms,WEAK_BEAR,-1.65,-22.26,20.61,P10_DOWNSIDE_BREACH
2025-08-01,Aerospace & Defence,WEAK_BEAR,-3.55,18.55,22.1,P90_UPSIDE_BREACH
2025-08-01,Passenger Cars & Utility Vehicles,WEAK_BEAR,1.41,51.63,50.22,P90_UPSIDE_BREACH
2025-08-01,Railway Financing,WEAK_BEAR,-1.32,-31.74,30.42,P10_DOWNSIDE_BREACH
2025-08-04,Fertilizers & Agrochemicals,WEAK_BEAR,-2.55,-26.86,24.31,P10_DOWNSIDE_BREACH
2025-08-04,Footwear,WEAK_BEAR,-0.39,-22.64,22.25,P10_DOWNSIDE_BREACH
2025-08-04,Aerospace & Defence,WEAK_BEAR,-2.96,18.35,21.31,P90_UPSIDE_BREACH
2025-08-04,Realty,WEAK_BEAR,-0.4,-42.52,42.12,P10_DOWNSIDE_BREACH
2025-08-04,Microfinance NBFC,WEAK_BEAR,-1.48,42.25,43.73,P90_UPSIDE_BREACH
2025-08-04,Explosives & Defence Chemicals,WEAK_BEAR,-1.55,41.11,42.66,P90_UPSIDE_BREACH
2025-08-04,Media Entertainment & Publication,WEAK_BEAR,-0.4,19.94,20.34,P90_UPSIDE_BREACH
2025-08-04,Electronic Manufacturing Services (EMS),WEAK_BEAR,1.89,-13.81,15.7,P10_DOWNSIDE_BREACH
2025-08-04,Railways,WEAK_BEAR,-6.24,15.29,21.53,P90_UPSIDE_BREACH
2025-08-04,Textiles,WEAK_BEAR,-0.3,39.5,39.8,P90_UPSIDE_BREACH
2025-08-04,Agrochemicals & Pesticides,WEAK_BEAR,0.13,-56.15,56.28,P10_DOWNSIDE_BREACH
2025-08-04,Railway Financing,WEAK_BEAR,-1.24,-31.97,30.73,P10_DOWNSIDE_BREACH
2025-08-04,Asset Management Company (AMC),WEAK_BEAR,1.95,-26.18,28.13,P10_DOWNSIDE_BREACH
2025-08-04,Civil Construction & Infrastructure EPC,WEAK_BEAR,-3.75,-31.53,27.78,P10_DOWNSIDE_BREACH
2025-08-04,Iron & Steel,WEAK_BEAR,-2.91,13.7,16.61,P90_UPSIDE_BREACH
2025-08-04,Heavy Electrical Equipment,WEAK_BEAR,0.06,129.07,129.01,P90_UPSIDE_BREACH
2025-08-04,Railway Ticketing & Catering,WEAK_BEAR,-0.43,-31.39,30.96,P10_DOWNSIDE_BREACH
2025-08-04,Automobile and Auto Components,WEAK_BEAR,0.2,30.08,29.88,P90_UPSIDE_BREACH
2025-08-04,Edible Oils,WEAK_BEAR,-0.66,-52.5,51.84,P10_DOWNSIDE_BREACH
2025-08-04,Stockbroking & Financial Products,WEAK_BEAR,-6.0,-29.61,23.61,P10_DOWNSIDE_BREACH
2025-08-04,Bearings & Friction Solutions,WEAK_BEAR,-3.16,14.11,17.27,P90_UPSIDE_BREACH
2025-08-04,Passenger Cars & Utility Vehicles,WEAK_BEAR,-1.0,50.46,51.46,P90_UPSIDE_BREACH
2025-08-04,"Plywood, MDF & Laminates",WEAK_BEAR,-2.77,-23.84,21.07,P10_DOWNSIDE_BREACH
2025-08-04,Construction,WEAK_BEAR,-1.52,16.16,17.68,P90_UPSIDE_BREACH
2025-08-04,Structural Steel Tubes & Pipes,WEAK_BEAR,-0.68,15.08,15.76,P90_UPSIDE_BREACH
2025-08-04,Diagnostic & Healthcare Laboratories,WEAK_BEAR,-0.68,-39.85,39.17,P10_DOWNSIDE_BREACH
2025-08-04,Zinc & Silver Mining,WEAK_BEAR,-1.63,26.85,28.48,P90_UPSIDE_BREACH
2025-08-04,Cement & Clinker,WEAK_BEAR,-1.76,-24.57,22.81,P10_DOWNSIDE_BREACH
2025-08-04,Saw Pipes & Ductile Iron Pipes,WEAK_BEAR,-1.12,30.96,32.08,P90_UPSIDE_BREACH
2025-08-04,Air Conditioners & Appliances,WEAK_BEAR,-0.48,-25.06,24.58,P10_DOWNSIDE_BREACH
2025-08-04,Banks,WEAK_BEAR,-3.99,14.49,18.48,P90_UPSIDE_BREACH
2025-08-04,Diversified Retail,WEAK_BEAR,-3.56,-33.34,29.78,P10_DOWNSIDE_BREACH
2025-08-04,Roads & Highways EPC,WEAK_BEAR,-1.63,-25.81,24.18,P10_DOWNSIDE_BREACH
2025-08-04,Hospitals & Healthcare Services,WEAK_BEAR,-0.45,36.57,37.02,P90_UPSIDE_BREACH
2025-08-04,IT Consulting & Software,WEAK_BEAR,-4.63,-30.22,25.59,P10_DOWNSIDE_BREACH
2025-08-04,Internet & Digital Platforms,WEAK_BEAR,-1.64,-22.1,20.46,P10_DOWNSIDE_BREACH
2025-08-04,Paints & Coatings,WEAK_BEAR,-1.52,-24.09,22.57,P10_DOWNSIDE_BREACH
2025-08-04,Aluminium & Mining,WEAK_BEAR,-0.59,15.77,16.36,P90_UPSIDE_BREACH
2025-08-04,Travel Tech SaaS Solutions,WEAK_BEAR,-1.25,103.22,104.47,P90_UPSIDE_BREACH
2025-08-04,Pharmaceuticals & Biotechnology,WEAK_BEAR,-3.69,12.46,16.15,P90_UPSIDE_BREACH
2025-08-04,Railway Infrastructure,WEAK_BEAR,-1.24,-32.22,30.98,P10_DOWNSIDE_BREACH
2025-08-04,Transformers & T&D Equipment,WEAK_BEAR,-3.79,16.83,20.62,P90_UPSIDE_BREACH
2025-08-04,Copper & Non-Ferrous Metals,WEAK_BEAR,-1.1,11.68,12.78,WITHIN_BAND
2025-08-04,Metals & Mining,WEAK_BEAR,-1.44,16.84,18.28,P90_UPSIDE_BREACH
2025-08-04,Railway Wagons & Equipment,WEAK_BEAR,-1.52,-22.52,21.0,P10_DOWNSIDE_BREACH
2025-08-04,Copper Mining,WEAK_BEAR,0.31,106.34,106.03,P90_UPSIDE_BREACH
2025-08-05,Diversified Retail,WEAK_BEAR,-2.17,-34.3,32.13,P10_DOWNSIDE_BREACH
2025-08-05,Roads & Highways EPC,WEAK_BEAR,-1.55,-27.81,26.26,P10_DOWNSIDE_BREACH
2025-08-05,Edible Oils,WEAK_BEAR,-0.55,-52.1,51.55,P10_DOWNSIDE_BREACH
2025-08-05,Renewable Energy,WEAK_BEAR,-0.09,-20.56,20.47,P10_DOWNSIDE_BREACH
2025-08-05,Transformers & T&D Equipment,WEAK_BEAR,-3.24,15.84,19.08,P90_UPSIDE_BREACH
2025-08-05,Railways,WEAK_BEAR,-6.24,14.79,21.03,P90_UPSIDE_BREACH
2025-08-05,Auto Lighting,WEAK_BEAR,-0.38,18.67,19.05,P90_UPSIDE_BREACH
2025-08-05,Textiles,WEAK_BEAR,0.39,41.42,41.03,P90_UPSIDE_BREACH
2025-08-05,Passenger Cars & Utility Vehicles,WEAK_BEAR,-0.97,51.94,52.91,P90_UPSIDE_BREACH
2025-08-05,Realty,WEAK_BEAR,-0.47,-41.56,41.09,P10_DOWNSIDE_BREACH
2025-08-05,Railway Infrastructure,WEAK_BEAR,-1.41,-31.28,29.87,P10_DOWNSIDE_BREACH
2025-08-05,Saw Pipes & Ductile Iron Pipes,WEAK_BEAR,-1.48,27.92,29.4,P90_UPSIDE_BREACH
2025-08-05,Oil Gas & Consumable Fuels,WEAK_BEAR,-0.44,22.62,23.06,P90_UPSIDE_BREACH
2025-08-05,Cement & Clinker,WEAK_BEAR,-3.11,-25.23,22.12,P10_DOWNSIDE_BREACH
2025-08-05,Iron & Steel,WEAK_BEAR,-3.19,14.33,17.52,P90_UPSIDE_BREACH
2025-08-05,Agrochemicals & Pesticides,WEAK_BEAR,-0.55,-53.22,52.67,P10_DOWNSIDE_BREACH
2025-08-05,Aerospace & Defence,WEAK_BEAR,-3.44,16.67,20.11,P90_UPSIDE_BREACH
2025-08-05,Railway Wagons & Equipment,WEAK_BEAR,-1.48,-22.07,20.59,P10_DOWNSIDE_BREACH
2025-08-05,Air Conditioners & Appliances,WEAK_BEAR,-0.22,-24.17,23.95,P10_DOWNSIDE_BREACH
2025-08-05,Metals & Mining,WEAK_BEAR,-2.6,18.37,20.97,P90_UPSIDE_BREACH
2025-08-05,Banks,WEAK_BEAR,-4.32,15.18,19.5,P90_UPSIDE_BREACH
2025-08-05,Batteries,WEAK_BEAR,-0.22,10.79,11.01,WITHIN_BAND
2025-08-05,Structural Steel Tubes & Pipes,WEAK_BEAR,-0.66,13.61,14.27,P90_UPSIDE_BREACH
2025-08-05,Civil Buildings & Commercial EPC,WEAK_BEAR,0.41,-11.49,11.9,WITHIN_BAND
2025-08-05,Copper & Non-Ferrous Metals,WEAK_BEAR,-1.1,13.3,14.4,P90_UPSIDE_BREACH
2025-08-05,IT Consulting & Software,WEAK_BEAR,-4.5,-26.65,22.15,P10_DOWNSIDE_BREACH
2025-08-05,Paints & Coatings,WEAK_BEAR,-1.57,-21.72,20.15,P10_DOWNSIDE_BREACH
2025-08-05,Stockbroking & Financial Products,WEAK_BEAR,-5.61,-29.2,23.59,P10_DOWNSIDE_BREACH
2025-08-05,Hospitals & Healthcare Services,WEAK_BEAR,-0.33,34.85,35.18,P90_UPSIDE_BREACH
2025-08-05,Copper Mining,WEAK_BEAR,-0.66,104.9,105.56,P90_UPSIDE_BREACH
2025-08-05,Diagnostic & Healthcare Laboratories,WEAK_BEAR,-0.05,-40.98,40.93,P10_DOWNSIDE_BREACH
2025-08-05,Railway Ticketing & Catering,WEAK_BEAR,1.42,-31.12,32.54,P10_DOWNSIDE_BREACH
2025-08-05,Railway Financing,WEAK_BEAR,-1.41,-31.07,29.66,P10_DOWNSIDE_BREACH
2025-08-05,Batteries,WEAK_BEAR,-0.53,12.8,13.33,WITHIN_BAND
2025-08-05,Fertilizers,WEAK_BEAR,0.86,-22.02,22.88,P10_DOWNSIDE_BREACH
2025-08-05,Construction,WEAK_BEAR,-1.21,16.86,18.07,P90_UPSIDE_BREACH
2025-08-05,Explosives & Defence Chemicals,WEAK_BEAR,-1.08,37.22,38.3,P90_UPSIDE_BREACH
2025-08-05,Pharmaceuticals & Biotechnology,WEAK_BEAR,-3.84,12.48,16.32,P90_UPSIDE_BREACH
2025-08-05,Aluminium & Mining,WEAK_BEAR,-1.25,15.75,17.0,P90_UPSIDE_BREACH
2025-08-05,Media Entertainment & Publication,WEAK_BEAR,-0.52,20.34,20.86,P90_UPSIDE_BREACH
2025-08-05,Asset Management Company (AMC),WEAK_BEAR,-1.07,-25.77,24.7,P10_DOWNSIDE_BREACH
2025-08-05,"Plywood, MDF & Laminates",WEAK_BEAR,-0.09,-22.3,22.21,P10_DOWNSIDE_BREACH
2025-08-05,Travel Tech SaaS Solutions,WEAK_BEAR,-1.3,103.45,104.75,P90_UPSIDE_BREACH
2025-08-05,Heavy Electrical Equipment,WEAK_BEAR,-0.62,130.62,131.24,P90_UPSIDE_BREACH
2025-08-05,Footwear,WEAK_BEAR,-1.29,-22.6,21.31,P10_DOWNSIDE_BREACH
2025-08-05,Microfinance NBFC,WEAK_BEAR,-1.25,44.78,46.03,P90_UPSIDE_BREACH
2025-08-05,Fertilizers & Agrochemicals,WEAK_BEAR,-2.54,-27.42,24.88,P10_DOWNSIDE_BREACH
2025-08-05,Civil Construction & Infrastructure EPC,WEAK_BEAR,-3.42,-30.83,27.41,P10_DOWNSIDE_BREACH
2025-08-05,Zinc & Silver Mining,WEAK_BEAR,-1.52,26.14,27.66,P90_UPSIDE_BREACH
2025-08-05,Automobile and Auto Components,WEAK_BEAR,-1.03,30.36,31.39,P90_UPSIDE_BREACH
2025-08-05,Bearings & Friction Solutions,WEAK_BEAR,-3.16,14.26,17.42,P90_UPSIDE_BREACH
2025-08-06,Auto Lighting,WEAK_BEAR,-0.76,17.17,17.93,P90_UPSIDE_BREACH
2025-08-06,Railway Ticketing & Catering,WEAK_BEAR,-0.19,-32.61,32.42,P10_DOWNSIDE_BREACH
2025-08-06,Edible Oils,WEAK_BEAR,-0.78,-51.2,50.42,P10_DOWNSIDE_BREACH
2025-08-06,Media Entertainment & Publication,WEAK_BEAR,-0.53,24.27,24.8,P90_UPSIDE_BREACH
2025-08-06,Automobile and Auto Components,WEAK_BEAR,-1.03,29.46,30.49,P90_UPSIDE_BREACH
2025-08-06,Stockbroking & Financial Products,WEAK_BEAR,-6.89,-29.89,23.0,P10_DOWNSIDE_BREACH
2025-08-06,Passenger Cars & Utility Vehicles,WEAK_BEAR,-0.3,59.9,60.2,P90_UPSIDE_BREACH
2025-08-06,Iron & Steel,WEAK_BEAR,-2.79,13.29,16.08,P90_UPSIDE_BREACH
2025-08-06,Realty,WEAK_BEAR,0.98,-39.82,40.8,P10_DOWNSIDE_BREACH
2025-08-06,Agrochemicals & Pesticides,WEAK_BEAR,-0.78,-52.75,51.97,P10_DOWNSIDE_BREACH
2025-08-06,Railway Infrastructure,WEAK_BEAR,-1.41,-31.32,29.91,P10_DOWNSIDE_BREACH
2025-08-06,Aerospace & Defence,WEAK_BEAR,-2.56,16.29,18.85,P90_UPSIDE_BREACH
2025-08-06,Roads & Highways EPC,WEAK_BEAR,-1.32,-26.74,25.42,P10_DOWNSIDE_BREACH
2025-08-06,Structural Steel Tubes & Pipes,WEAK_BEAR,-0.44,14.13,14.57,P90_UPSIDE_BREACH
2025-08-06,Construction,WEAK_BEAR,-1.29,17.87,19.16,P90_UPSIDE_BREACH
2025-08-06,Metals & Mining,WEAK_BEAR,-2.77,18.12,20.89,P90_UPSIDE_BREACH
2025-08-06,Travel Tech SaaS Solutions,WEAK_BEAR,-1.41,106.91,108.32,P90_UPSIDE_BREACH
2025-08-06,Civil Construction & Infrastructure EPC,WEAK_BEAR,-3.52,-32.11,28.59,P10_DOWNSIDE_BREACH
2025-08-06,Footwear,WEAK_BEAR,-0.22,-22.74,22.52,P10_DOWNSIDE_BREACH
2025-08-06,Explosives & Defence Chemicals,WEAK_BEAR,-1.21,37.61,38.82,P90_UPSIDE_BREACH
2025-08-06,Microfinance NBFC,WEAK_BEAR,-1.16,45.14,46.3,P90_UPSIDE_BREACH
2025-08-06,Railway Financing,WEAK_BEAR,-1.26,-31.58,30.32,P10_DOWNSIDE_BREACH
2025-08-06,Cement & Clinker,WEAK_BEAR,-2.45,-24.93,22.48,P10_DOWNSIDE_BREACH
2025-08-06,Railways,WEAK_BEAR,-6.24,14.52,20.76,P90_UPSIDE_BREACH
2025-08-06,Transformers & T&D Equipment,WEAK_BEAR,-3.21,15.96,19.17,P90_UPSIDE_BREACH
2025-08-06,Fertilizers & Agrochemicals,WEAK_BEAR,-2.7,-26.62,23.92,P10_DOWNSIDE_BREACH
2025-08-06,IT Consulting & Software,WEAK_BEAR,-3.48,-26.1,22.62,P10_DOWNSIDE_BREACH
2025-08-06,Railway Wagons & Equipment,WEAK_BEAR,-1.29,-22.01,20.72,P10_DOWNSIDE_BREACH
2025-08-06,Copper & Non-Ferrous Metals,WEAK_BEAR,-0.62,12.22,12.84,WITHIN_BAND
2025-08-06,Auto Glass,WEAK_BEAR,-0.62,11.09,11.71,WITHIN_BAND
2025-08-06,Aluminium & Mining,WEAK_BEAR,-1.53,14.39,15.92,P90_UPSIDE_BREACH
2025-08-06,Textiles,WEAK_BEAR,0.41,41.83,41.42,P90_UPSIDE_BREACH
2025-08-06,Asset Management Company (AMC),WEAK_BEAR,0.11,-29.14,29.25,P10_DOWNSIDE_BREACH
2025-08-06,Zinc & Silver Mining,WEAK_BEAR,-1.44,25.55,26.99,P90_UPSIDE_BREACH
2025-08-06,Bearings & Friction Solutions,WEAK_BEAR,-3.11,15.6,18.71,P90_UPSIDE_BREACH
2025-08-06,"Plywood, MDF & Laminates",WEAK_BEAR,-0.08,-22.54,22.46,P10_DOWNSIDE_BREACH
2025-08-06,Heavy Electrical Equipment,WEAK_BEAR,0.06,126.8,126.74,P90_UPSIDE_BREACH
2025-08-06,Utilities,WEAK_BEAR,0.32,-22.64,22.96,P10_DOWNSIDE_BREACH
2025-08-06,Batteries,WEAK_BEAR,-0.47,14.55,15.02,P90_UPSIDE_BREACH
2025-08-06,Fertilizers,WEAK_BEAR,-1.36,-22.03,20.67,P10_DOWNSIDE_BREACH
2025-08-06,Saw Pipes & Ductile Iron Pipes,WEAK_BEAR,-1.29,27.02,28.31,P90_UPSIDE_BREACH
2025-08-06,Diagnostic & Healthcare Laboratories,WEAK_BEAR,-0.77,-40.31,39.54,P10_DOWNSIDE_BREACH
2025-08-06,Pharmaceuticals & Biotechnology,WEAK_BEAR,-4.43,14.74,19.17,P90_UPSIDE_BREACH
2025-08-06,Copper Mining,WEAK_BEAR,-0.22,104.57,104.79,P90_UPSIDE_BREACH
2025-08-06,Hospitals & Healthcare Services,WEAK_BEAR,-0.94,35.17,36.11,P90_UPSIDE_BREACH
2025-08-06,API & CDMO / CRAMS,WEAK_BEAR,-0.78,12.38,13.16,WITHIN_BAND
2025-08-06,Air Conditioners & Appliances,WEAK_BEAR,-0.39,-23.85,23.46,P10_DOWNSIDE_BREACH
2025-08-06,Banks,WEAK_BEAR,-3.31,14.43,17.74,P90_UPSIDE_BREACH
2025-08-06,Diversified Retail,WEAK_BEAR,-1.85,-34.11,32.26,P10_DOWNSIDE_BREACH
2025-08-07,Passenger Cars & Utility Vehicles,WEAK_BEAR,-1.03,60.32,61.35,P90_UPSIDE_BREACH
2025-08-07,Batteries,WEAK_BEAR,-0.39,10.73,11.12,WITHIN_BAND
2025-08-07,Civil Construction & Infrastructure EPC,WEAK_BEAR,-3.68,-31.57,27.89,P10_DOWNSIDE_BREACH
2025-08-07,"Plywood, MDF & Laminates",WEAK_BEAR,-0.73,-21.69,20.96,P10_DOWNSIDE_BREACH
2025-08-07,Construction,WEAK_BEAR,-1.25,19.15,20.4,P90_UPSIDE_BREACH
2025-08-07,Railway Financing,WEAK_BEAR,-1.52,-31.18,29.66,P10_DOWNSIDE_BREACH
2025-08-07,Explosives & Defence Chemicals,WEAK_BEAR,-1.1,38.89,39.99,P90_UPSIDE_BREACH
2025-08-07,Air Conditioners & Appliances,WEAK_BEAR,-1.14,-24.74,23.6,P10_DOWNSIDE_BREACH
2025-08-07,Hospitals & Healthcare Services,WEAK_BEAR,-0.94,37.0,37.94,P90_UPSIDE_BREACH
2025-08-07,IT Consulting & Software,WEAK_BEAR,-3.84,-27.18,23.34,P10_DOWNSIDE_BREACH
2025-08-07,Aluminium & Mining,WEAK_BEAR,-1.22,13.05,14.27,P90_UPSIDE_BREACH
2025-08-07,Copper Mining,WEAK_BEAR,0.39,105.92,105.53,P90_UPSIDE_BREACH
2025-08-07,Copper & Non-Ferrous Metals,WEAK_BEAR,-1.33,12.8,14.13,P90_UPSIDE_BREACH
2025-08-07,Asset Management Company (AMC),WEAK_BEAR,1.13,-28.55,29.68,P10_DOWNSIDE_BREACH
2025-08-07,Banks,WEAK_BEAR,-4.32,14.59,18.91,P90_UPSIDE_BREACH
2025-08-07,Railway Ticketing & Catering,WEAK_BEAR,1.42,-30.99,32.41,P10_DOWNSIDE_BREACH
2025-08-07,Microfinance NBFC,WEAK_BEAR,-1.06,44.31,45.37,P90_UPSIDE_BREACH
2025-08-07,Automobile and Auto Components,WEAK_BEAR,-1.15,31.49,32.64,P90_UPSIDE_BREACH
2025-08-07,Metals & Mining,WEAK_BEAR,-1.62,17.8,19.42,P90_UPSIDE_BREACH
2025-08-07,Media Entertainment & Publication,WEAK_BEAR,-0.3,21.76,22.06,P90_UPSIDE_BREACH
2025-08-07,Structural Steel Tubes & Pipes,WEAK_BEAR,-0.35,13.48,13.83,P90_UPSIDE_BREACH
2025-08-07,Diagnostic & Healthcare Laboratories,WEAK_BEAR,1.69,-41.66,43.35,P10_DOWNSIDE_BREACH
2025-08-07,Pharmaceuticals & Biotechnology,WEAK_BEAR,-4.52,14.96,19.48,P90_UPSIDE_BREACH
2025-08-07,Paints & Coatings,WEAK_BEAR,-1.15,-22.7,21.55,P10_DOWNSIDE_BREACH
2025-08-07,API & CDMO / CRAMS,WEAK_BEAR,-1.5,12.46,13.96,P90_UPSIDE_BREACH
2025-08-07,Stockbroking & Financial Products,WEAK_BEAR,-5.11,-28.43,23.32,P10_DOWNSIDE_BREACH
2025-08-07,Travel Tech SaaS Solutions,WEAK_BEAR,-1.15,106.72,107.87,P90_UPSIDE_BREACH
2025-08-07,Roads & Highways EPC,WEAK_BEAR,-1.32,-26.33,25.01,P10_DOWNSIDE_BREACH
2025-08-07,Agrochemicals & Pesticides,WEAK_BEAR,-0.78,-51.33,50.55,P10_DOWNSIDE_BREACH
2025-08-07,Iron & Steel,WEAK_BEAR,-3.17,13.38,16.55,P90_UPSIDE_BREACH
2025-08-07,Utilities,WEAK_BEAR,0.39,-25.01,25.4,P10_DOWNSIDE_BREACH
2025-08-07,Zinc & Silver Mining,WEAK_BEAR,-1.55,24.4,25.95,P90_UPSIDE_BREACH
2025-08-07,Diversified Retail,WEAK_BEAR,-1.99,-34.49,32.5,P10_DOWNSIDE_BREACH
2025-08-07,Oil Gas & Consumable Fuels,WEAK_BEAR,-0.44,17.96,18.4,P90_UPSIDE_BREACH
2025-08-07,Auto Lighting,WEAK_BEAR,-0.38,21.26,21.64,P90_UPSIDE_BREACH
2025-08-07,Cement & Clinker,WEAK_BEAR,-2.56,-23.87,21.31,P10_DOWNSIDE_BREACH
2025-08-07,Fertilizers & Agrochemicals,WEAK_BEAR,-1.99,-23.88,21.89,P10_DOWNSIDE_BREACH
2025-08-07,Saw Pipes & Ductile Iron Pipes,WEAK_BEAR,-1.34,23.71,25.05,P90_UPSIDE_BREACH
2025-08-07,Transformers & T&D Equipment,WEAK_BEAR,-2.34,17.56,19.9,P90_UPSIDE_BREACH
2025-08-07,Railway Infrastructure,WEAK_BEAR,-1.41,-29.94,28.53,P10_DOWNSIDE_BREACH
2025-08-07,Heavy Electrical Equipment,WEAK_BEAR,-0.62,132.04,132.66,P90_UPSIDE_BREACH
2025-08-07,Railways,WEAK_BEAR,-6.31,14.16,20.47,P90_UPSIDE_BREACH
2025-08-07,Aerospace & Defence,WEAK_BEAR,-3.19,17.04,20.23,P90_UPSIDE_BREACH
2025-08-07,Realty,WEAK_BEAR,-0.47,-41.49,41.02,P10_DOWNSIDE_BREACH
2025-08-07,Edible Oils,WEAK_BEAR,-0.92,-58.42,57.5,P10_DOWNSIDE_BREACH
2025-08-07,Bearings & Friction Solutions,WEAK_BEAR,-3.44,16.55,19.99,P90_UPSIDE_BREACH
2025-08-07,Textiles,WEAK_BEAR,0.7,46.3,45.6,P90_UPSIDE_BREACH
2025-08-08,Auto Lighting,WEAK_BEAR,-0.38,25.7,26.08,P90_UPSIDE_BREACH
2025-08-08,Paints & Coatings,WEAK_BEAR,-1.67,-23.8,22.13,P10_DOWNSIDE_BREACH
2025-08-08,Pharmaceuticals & Biotechnology,WEAK_BEAR,-4.35,15.85,20.2,P90_UPSIDE_BREACH
2025-08-08,Edible Oils,WEAK_BEAR,-0.89,-59.19,58.3,P10_DOWNSIDE_BREACH
2025-08-08,Aerospace & Defence,WEAK_BEAR,-2.2,18.15,20.35,P90_UPSIDE_BREACH
2025-08-08,Stockbroking & Financial Products,WEAK_BEAR,-2.13,-26.5,24.37,P10_DOWNSIDE_BREACH
2025-08-08,Explosives & Defence Chemicals,WEAK_BEAR,-1.1,40.49,41.59,P90_UPSIDE_BREACH
2025-08-08,Media Entertainment & Publication,WEAK_BEAR,-1.03,28.45,29.48,P90_UPSIDE_BREACH
2025-08-08,Railway Ticketing & Catering,WEAK_BEAR,-2.1,-30.54,28.44,P10_DOWNSIDE_BREACH
2025-08-08,Railway Financing,WEAK_BEAR,-1.41,-30.15,28.74,P10_DOWNSIDE_BREACH
2025-08-08,Capital Goods,WEAK_BEAR,-4.16,11.54,15.7,P90_UPSIDE_BREACH
2025-08-08,Realty,WEAK_BEAR,-0.44,-40.06,39.62,P10_DOWNSIDE_BREACH
2025-08-08,Diagnostic & Healthcare Laboratories,WEAK_BEAR,1.05,-40.4,41.45,P10_DOWNSIDE_BREACH
2025-08-08,Aluminium & Mining,WEAK_BEAR,-2.91,14.21,17.12,P90_UPSIDE_BREACH
2025-08-08,Metals & Mining,WEAK_BEAR,-3.11,19.53,22.64,P90_UPSIDE_BREACH
2025-08-08,Railways,WEAK_BEAR,-3.46,14.77,18.23,P90_UPSIDE_BREACH
2025-08-08,Utilities,WEAK_BEAR,-0.36,-25.98,25.62,P10_DOWNSIDE_BREACH
2025-08-08,Asset Management Company (AMC),WEAK_BEAR,0.64,-30.95,31.59,P10_DOWNSIDE_BREACH
2025-08-08,Textiles,WEAK_BEAR,-0.44,48.72,49.16,P90_UPSIDE_BREACH
2025-08-08,Iron & Steel,WEAK_BEAR,-3.09,14.93,18.02,P90_UPSIDE_BREACH
2025-08-08,Air Conditioners & Appliances,WEAK_BEAR,-1.22,-24.82,23.6,P10_DOWNSIDE_BREACH
2025-08-08,Diversified Retail,WEAK_BEAR,-3.41,-32.65,29.24,P10_DOWNSIDE_BREACH
2025-08-08,Construction,WEAK_BEAR,-3.14,20.79,23.93,P90_UPSIDE_BREACH
2025-08-08,Construction Materials,WEAK_BEAR,-0.59,14.18,14.77,P90_UPSIDE_BREACH
2025-08-08,IT Consulting & Software,WEAK_BEAR,-3.1,-25.49,22.39,P10_DOWNSIDE_BREACH
2025-08-08,Banks,WEAK_BEAR,-4.36,15.04,19.4,P90_UPSIDE_BREACH
2025-08-08,Copper Mining,WEAK_BEAR,-0.44,105.54,105.98,P90_UPSIDE_BREACH
2025-08-08,Batteries,WEAK_BEAR,-0.44,16.74,17.18,P90_UPSIDE_BREACH
2025-08-08,Hospitals & Healthcare Services,WEAK_BEAR,-0.22,37.87,38.09,P90_UPSIDE_BREACH
2025-08-08,API & CDMO / CRAMS,WEAK_BEAR,-2.72,14.52,17.24,P90_UPSIDE_BREACH
2025-08-08,Fertilizers & Agrochemicals,WEAK_BEAR,-2.81,-23.32,20.51,P10_DOWNSIDE_BREACH
2025-08-08,Railway Infrastructure,WEAK_BEAR,-1.29,-27.73,26.44,P10_DOWNSIDE_BREACH
2025-08-08,Roads & Highways EPC,WEAK_BEAR,-1.24,-25.47,24.23,P10_DOWNSIDE_BREACH
2025-08-08,Zinc & Silver Mining,WEAK_BEAR,-1.33,24.23,25.56,P90_UPSIDE_BREACH
2025-08-08,Agrochemicals & Pesticides,WEAK_BEAR,-0.13,-48.08,47.95,P10_DOWNSIDE_BREACH
2025-08-08,Passenger Cars & Utility Vehicles,WEAK_BEAR,-0.83,54.74,55.57,P90_UPSIDE_BREACH
2025-08-08,Saw Pipes & Ductile Iron Pipes,WEAK_BEAR,-1.29,30.18,31.47,P90_UPSIDE_BREACH
2025-08-08,Transformers & T&D Equipment,WEAK_BEAR,-2.9,19.7,22.6,P90_UPSIDE_BREACH
2025-08-08,Oil Gas & Consumable Fuels,WEAK_BEAR,-0.19,10.93,11.12,WITHIN_BAND
2025-08-08,Bearings & Friction Solutions,WEAK_BEAR,-3.44,17.05,20.49,P90_UPSIDE_BREACH
2025-08-08,"Plywood, MDF & Laminates",WEAK_BEAR,-0.97,-21.72,20.75,P10_DOWNSIDE_BREACH
2025-08-08,Heavy Electrical Equipment,WEAK_BEAR,3.01,134.94,131.93,P90_UPSIDE_BREACH
2025-08-08,Structural Steel Tubes & Pipes,WEAK_BEAR,-0.32,12.91,13.23,WITHIN_BAND
2025-08-08,Cement & Clinker,WEAK_BEAR,-2.78,-23.15,20.37,P10_DOWNSIDE_BREACH
2025-08-08,Civil Construction & Infrastructure EPC,WEAK_BEAR,-3.68,-32.03,28.35,P10_DOWNSIDE_BREACH
2025-08-08,Microfinance NBFC,WEAK_BEAR,-1.16,46.83,47.99,P90_UPSIDE_BREACH
2025-08-08,Automobile and Auto Components,WEAK_BEAR,-1.15,31.08,32.23,P90_UPSIDE_BREACH
2025-08-08,Water & Wastewater Treatment,WEAK_BEAR,-2.84,-31.24,28.4,P10_DOWNSIDE_BREACH
2025-08-08,Travel Tech SaaS Solutions,WEAK_BEAR,-0.03,98.26,98.29,P90_UPSIDE_BREACH
2025-08-08,Renewable Energy Financing NBFC,WEAK_BEAR,1.54,-15.23,16.77,P10_DOWNSIDE_BREACH
2025-08-11,Diversified Retail,WEAK_BEAR,-2.9,-33.09,30.19,P10_DOWNSIDE_BREACH
2025-08-11,Air Conditioners & AC Components,WEAK_BEAR,-2.14,10.84,12.98,WITHIN_BAND
2025-08-11,Cement & Clinker,WEAK_BEAR,-3.19,-24.33,21.14,P10_DOWNSIDE_BREACH
2025-08-11,Transformers & T&D Equipment,WEAK_BEAR,-3.77,18.04,21.81,P90_UPSIDE_BREACH
2025-08-11,Structural Steel Tubes & Pipes,WEAK_BEAR,-0.47,12.74,13.21,WITHIN_BAND
2025-08-11,Railway Financing,WEAK_BEAR,-1.52,-31.38,29.86,P10_DOWNSIDE_BREACH
2025-08-11,Civil Construction & Infrastructure EPC,WEAK_BEAR,-3.53,-33.57,30.04,P10_DOWNSIDE_BREACH
2025-08-11,Utilities,WEAK_BEAR,-0.44,-27.28,26.84,P10_DOWNSIDE_BREACH
2025-08-11,Microfinance NBFC,WEAK_BEAR,0.75,42.53,41.78,P90_UPSIDE_BREACH
2025-08-11,Railways,WEAK_BEAR,-3.46,14.31,17.77,P90_UPSIDE_BREACH
2025-08-11,Air Conditioners & Appliances,WEAK_BEAR,-1.26,-25.31,24.05,P10_DOWNSIDE_BREACH
2025-08-11,Iron & Steel,WEAK_BEAR,-3.77,14.73,18.5,P90_UPSIDE_BREACH
2025-08-11,Explosives & Defence Chemicals,WEAK_BEAR,-1.48,38.99,40.47,P90_UPSIDE_BREACH
2025-08-11,Metals & Mining,WEAK_BEAR,-3.18,17.86,21.04,P90_UPSIDE_BREACH
2025-08-11,Edible Oils,WEAK_BEAR,0.06,-62.24,62.3,P10_DOWNSIDE_BREACH
2025-08-11,Aerospace & Defence,WEAK_BEAR,-3.29,15.21,18.5,P90_UPSIDE_BREACH
2025-08-11,Realty,WEAK_BEAR,-0.55,-39.82,39.27,P10_DOWNSIDE_BREACH
2025-08-11,Diagnostic & Healthcare Laboratories,WEAK_BEAR,-0.52,-43.92,43.4,P10_DOWNSIDE_BREACH
2025-08-11,Railway Infrastructure,WEAK_BEAR,-1.34,-30.4,29.06,P10_DOWNSIDE_BREACH
2025-08-11,Roads & Highways EPC,WEAK_BEAR,-1.24,-28.89,27.65,P10_DOWNSIDE_BREACH
2025-08-11,Zinc & Silver Mining,WEAK_BEAR,-2.5,24.33,26.83,P90_UPSIDE_BREACH
2025-08-11,Agrochemicals & Pesticides,WEAK_BEAR,0.63,-53.23,53.86,P10_DOWNSIDE_BREACH
2025-08-11,Passenger Cars & Utility Vehicles,WEAK_BEAR,-0.83,57.23,58.06,P90_UPSIDE_BREACH
2025-08-11,Auto Lighting,WEAK_BEAR,-0.62,23.64,24.26,P90_UPSIDE_BREACH
2025-08-11,Saw Pipes & Ductile Iron Pipes,WEAK_BEAR,-1.29,32.24,33.53,P90_UPSIDE_BREACH
2025-08-11,Internet & Digital Platforms,WEAK_BEAR,-0.21,-20.27,20.06,P10_DOWNSIDE_BREACH
2025-08-11,"Plywood, MDF & Laminates",WEAK_BEAR,-0.3,-22.32,22.02,P10_DOWNSIDE_BREACH
2025-08-11,Water & Wastewater Treatment,WEAK_BEAR,-0.65,-32.46,31.81,P10_DOWNSIDE_BREACH
2025-08-11,Water & Wastewater Treatment,WEAK_BEAR,-3.03,-31.75,28.72,P10_DOWNSIDE_BREACH
2025-08-11,Aluminium & Mining,WEAK_BEAR,-2.27,12.59,14.86,P90_UPSIDE_BREACH
2025-08-11,Copper Mining,WEAK_BEAR,-0.4,106.39,106.79,P90_UPSIDE_BREACH
2025-08-11,IT Consulting & Software,WEAK_BEAR,-3.56,-25.78,22.22,P10_DOWNSIDE_BREACH
2025-08-11,Paints & Coatings,WEAK_BEAR,-1.64,-25.36,23.72,P10_DOWNSIDE_BREACH
2025-08-11,API & CDMO / CRAMS,WEAK_BEAR,-3.06,12.61,15.67,P90_UPSIDE_BREACH
2025-08-11,Bearings & Friction Solutions,WEAK_BEAR,-3.45,17.17,20.62,P90_UPSIDE_BREACH
2025-08-11,Hospitals & Healthcare Services,WEAK_BEAR,-0.66,37.55,38.21,P90_UPSIDE_BREACH
2025-08-11,Travel Tech SaaS Solutions,WEAK_BEAR,-0.15,95.52,95.67,P90_UPSIDE_BREACH
2025-08-11,Civil Buildings & Commercial EPC,WEAK_BEAR,0.24,-10.43,10.67,WITHIN_BAND
2025-08-11,Capital Goods,WEAK_BEAR,-4.27,10.51,14.78,P90_UPSIDE_BREACH
2025-08-11,Stockbroking & Financial Products,WEAK_BEAR,-2.94,-26.68,23.74,P10_DOWNSIDE_BREACH
2025-08-11,Heavy Electrical Equipment,WEAK_BEAR,0.29,129.2,128.91,P90_UPSIDE_BREACH
2025-08-11,Textiles,WEAK_BEAR,-0.62,48.67,49.29,P90_UPSIDE_BREACH
2025-08-11,Tractors & Farm Equipment,WEAK_BEAR,0.11,-12.1,12.21,WITHIN_BAND
2025-08-11,Fertilizers & Agrochemicals,WEAK_BEAR,-2.81,-24.84,22.03,P10_DOWNSIDE_BREACH
2025-08-11,Construction,WEAK_BEAR,-3.18,19.29,22.47,P90_UPSIDE_BREACH
2025-08-11,Pharmaceuticals & Biotechnology,WEAK_BEAR,-4.43,13.77,18.2,P90_UPSIDE_BREACH
2025-08-11,Railway Ticketing & Catering,WEAK_BEAR,8.56,-29.72,38.28,P10_DOWNSIDE_BREACH
2025-08-11,Banks,WEAK_BEAR,-3.67,15.11,18.78,P90_UPSIDE_BREACH
2025-08-11,Asset Management Company (AMC),WEAK_BEAR,0.11,-29.74,29.85,P10_DOWNSIDE_BREACH
2025-08-11,Media Entertainment & Publication,WEAK_BEAR,-2.46,29.45,31.91,P90_UPSIDE_BREACH
2025-08-11,Automobile and Auto Components,WEAK_BEAR,-1.04,30.73,31.77,P90_UPSIDE_BREACH
2025-08-12,Construction,WEAK_BEAR,-3.07,20.65,23.72,P90_UPSIDE_BREACH
2025-08-12,Aerospace & Defence,WEAK_BEAR,-3.19,15.84,19.03,P90_UPSIDE_BREACH
2025-08-12,Electronic Manufacturing Services (EMS),WEAK_BEAR,-1.08,11.75,12.83,WITHIN_BAND
2025-08-12,IT Consulting & Software,WEAK_BEAR,-3.77,-26.26,22.49,P10_DOWNSIDE_BREACH
2025-08-12,Capital Goods,WEAK_BEAR,-3.9,11.36,15.26,P90_UPSIDE_BREACH
2025-08-12,Electronic Manufacturing Services (EMS),WEAK_BEAR,-0.73,11.79,12.52,WITHIN_BAND
2025-08-12,Auto Lighting,WEAK_BEAR,-1.25,25.35,26.6,P90_UPSIDE_BREACH
2025-08-12,Textiles,WEAK_BEAR,-0.44,52.33,52.77,P90_UPSIDE_BREACH
2025-08-12,Railways,WEAK_BEAR,-3.53,14.55,18.08,P90_UPSIDE_BREACH
2025-08-12,Utilities,WEAK_BEAR,-0.66,-26.56,25.9,P10_DOWNSIDE_BREACH
2025-08-12,Diversified Retail,WEAK_BEAR,-3.52,-34.85,31.33,P10_DOWNSIDE_BREACH
2025-08-12,Cement & Clinker,WEAK_BEAR,-2.71,-24.11,21.4,P10_DOWNSIDE_BREACH
2025-08-12,Realty,WEAK_BEAR,-0.47,-39.3,38.83,P10_DOWNSIDE_BREACH
2025-08-12,Edible Oils,WEAK_BEAR,0.13,-63.72,63.85,P10_DOWNSIDE_BREACH
2025-08-12,Asset Management Company (AMC),WEAK_BEAR,-0.54,-29.38,28.84,P10_DOWNSIDE_BREACH
2025-08-12,Bearings & Friction Solutions,WEAK_BEAR,-3.04,15.99,19.03,P90_UPSIDE_BREACH
2025-08-12,Transformers & T&D Equipment,WEAK_BEAR,-3.22,18.26,21.48,P90_UPSIDE_BREACH
2025-08-12,Saw Pipes & Ductile Iron Pipes,WEAK_BEAR,-0.38,33.08,33.46,P90_UPSIDE_BREACH
2025-08-12,Roads & Highways EPC,WEAK_BEAR,-0.44,-24.83,24.39,P10_DOWNSIDE_BREACH
2025-08-12,Heavy Electrical Equipment,WEAK_BEAR,0.39,131.63,131.24,P90_UPSIDE_BREACH
2025-08-12,Passenger Cars & Utility Vehicles,WEAK_BEAR,-1.03,58.31,59.34,P90_UPSIDE_BREACH
2025-08-12,Footwear,WEAK_BEAR,0.64,-14.23,14.87,P10_DOWNSIDE_BREACH
2025-08-12,Fertilizers & Agrochemicals,WEAK_BEAR,-2.31,-24.88,22.57,P10_DOWNSIDE_BREACH
2025-08-12,Banks,WEAK_BEAR,-4.91,15.78,20.69,P90_UPSIDE_BREACH
2025-08-12,Explosives & Defence Chemicals,WEAK_BEAR,-1.25,42.02,43.27,P90_UPSIDE_BREACH
2025-08-12,Fast Moving Consumer Goods,WEAK_BEAR,-1.29,-21.63,20.34,P10_DOWNSIDE_BREACH
2025-08-12,Automobile and Auto Components,WEAK_BEAR,-1.1,30.8,31.9,P90_UPSIDE_BREACH
2025-08-12,Travel Tech SaaS Solutions,WEAK_BEAR,-0.87,92.23,93.1,P90_UPSIDE_BREACH
2025-08-12,Hospitals & Healthcare Services,WEAK_BEAR,1.06,34.23,33.17,P90_UPSIDE_BREACH
2025-08-12,API & CDMO / CRAMS,WEAK_BEAR,-2.06,12.56,14.62,P90_UPSIDE_BREACH
2025-08-12,Iron & Steel,WEAK_BEAR,-3.7,14.62,18.32,P90_UPSIDE_BREACH
2025-08-12,Civil Construction & Infrastructure,WEAK_BEAR,-3.95,-24.41,20.46,P10_DOWNSIDE_BREACH
2025-08-12,Structural Steel Tubes & Pipes,WEAK_BEAR,-0.68,14.14,14.82,P90_UPSIDE_BREACH
2025-08-12,Air Conditioners & AC Components,WEAK_BEAR,-3.54,10.48,14.02,P90_UPSIDE_BREACH
2025-08-12,Copper Mining,WEAK_BEAR,-0.61,104.9,105.51,P90_UPSIDE_BREACH
2025-08-12,Wealth & Asset Management,WEAK_BEAR,-1.25,10.52,11.77,WITHIN_BAND
2025-08-12,Construction Materials,WEAK_BEAR,-0.33,14.64,14.97,P90_UPSIDE_BREACH
2025-08-12,Civil Construction & Infrastructure EPC,WEAK_BEAR,-3.45,-33.35,29.9,P10_DOWNSIDE_BREACH
2025-08-12,Railway Financing,WEAK_BEAR,-1.29,-29.62,28.33,P10_DOWNSIDE_BREACH
2025-08-12,Railway Infrastructure,WEAK_BEAR,-1.33,-27.65,26.32,P10_DOWNSIDE_BREACH
2025-08-12,Zinc & Silver Mining,WEAK_BEAR,-1.55,23.71,25.26,P90_UPSIDE_BREACH
2025-08-12,Agrochemicals & Pesticides,WEAK_BEAR,0.09,-56.95,57.04,P10_DOWNSIDE_BREACH
2025-08-12,Water & Wastewater Treatment,WEAK_BEAR,-1.8,-23.68,21.88,P10_DOWNSIDE_BREACH
2025-08-12,Water & Wastewater Treatment,WEAK_BEAR,-1.25,-28.84,27.59,P10_DOWNSIDE_BREACH
2025-08-12,Aluminium & Mining,WEAK_BEAR,-2.3,13.18,15.48,P90_UPSIDE_BREACH
2025-08-12,Air Conditioners & Appliances,WEAK_BEAR,-1.24,-23.46,22.22,P10_DOWNSIDE_BREACH
2025-08-12,Diagnostic & Healthcare Laboratories,WEAK_BEAR,1.39,-44.72,46.11,P10_DOWNSIDE_BREACH
2025-08-12,Stockbroking & Financial Products,WEAK_BEAR,-3.9,-26.04,22.14,P10_DOWNSIDE_BREACH
2025-08-12,Media Entertainment & Publication,WEAK_BEAR,-2.52,29.65,32.17,P90_UPSIDE_BREACH
2025-08-12,Railway Ticketing & Catering,WEAK_BEAR,1.42,-29.78,31.2,P10_DOWNSIDE_BREACH
2025-08-12,Metals & Mining,WEAK_BEAR,-3.0,18.42,21.42,P90_UPSIDE_BREACH
2025-08-12,Pharmaceuticals & Biotechnology,WEAK_BEAR,-4.47,14.88,19.35,P90_UPSIDE_BREACH
2025-08-12,Microfinance NBFC,WEAK_BEAR,-1.25,43.58,44.83,P90_UPSIDE_BREACH
2025-08-12,Data Centers & Real Estate,WEAK_BEAR,-0.39,11.72,12.11,WITHIN_BAND
2025-08-13,Cement & Clinker,WEAK_BEAR,-2.89,-23.25,20.36,P10_DOWNSIDE_BREACH
2025-08-13,Bearings & Friction Solutions,WEAK_BEAR,-3.28,16.13,19.41,P90_UPSIDE_BREACH
2025-08-13,Transformers & T&D Equipment,WEAK_BEAR,-3.25,17.77,21.02,P90_UPSIDE_BREACH
2025-08-13,Air Conditioners & Appliances,WEAK_BEAR,-1.51,-23.94,22.43,P10_DOWNSIDE_BREACH
2025-08-13,Textiles,WEAK_BEAR,-0.66,49.86,50.52,P90_UPSIDE_BREACH
2025-08-13,Civil Construction & Infrastructure EPC,WEAK_BEAR,-3.97,-33.39,29.42,P10_DOWNSIDE_BREACH
2025-08-13,Water & Wastewater Treatment,WEAK_BEAR,-1.1,-22.94,21.84,P10_DOWNSIDE_BREACH
2025-08-13,Asset Management Company (AMC),WEAK_BEAR,-1.31,-30.82,29.51,P10_DOWNSIDE_BREACH
2025-08-13,Agrochemicals & Pesticides,WEAK_BEAR,-1.03,-55.06,54.03,P10_DOWNSIDE_BREACH
2025-08-13,Auto Lighting,WEAK_BEAR,-1.12,24.15,25.27,P90_UPSIDE_BREACH
2025-08-13,Capital Goods,WEAK_BEAR,-3.23,10.58,13.81,P90_UPSIDE_BREACH
2025-08-13,Automobile and Auto Components,WEAK_BEAR,-0.59,28.37,28.96,P90_UPSIDE_BREACH
2025-08-13,Travel Tech SaaS Solutions,WEAK_BEAR,-1.56,90.24,91.8,P90_UPSIDE_BREACH
2025-08-13,Banks,WEAK_BEAR,-4.53,16.41,20.94,P90_UPSIDE_BREACH
2025-08-13,Aerospace & Defence,WEAK_BEAR,-2.75,15.74,18.49,P90_UPSIDE_BREACH
2025-08-13,API & CDMO / CRAMS,WEAK_BEAR,-1.89,11.12,13.01,WITHIN_BAND
2025-08-13,Aluminium & Mining,WEAK_BEAR,-0.97,11.51,12.48,WITHIN_BAND
2025-08-13,Copper Mining,WEAK_BEAR,-0.66,105.82,106.48,P90_UPSIDE_BREACH
2025-08-13,Stockbroking & Financial Products,WEAK_BEAR,-3.94,-26.47,22.53,P10_DOWNSIDE_BREACH
2025-08-13,Fertilizers & Agrochemicals,WEAK_BEAR,-2.4,-24.56,22.16,P10_DOWNSIDE_BREACH
2025-08-13,Electronic Manufacturing Services (EMS),WEAK_BEAR,-1.43,-36.97,35.54,P10_DOWNSIDE_BREACH
2025-08-13,Electronic Manufacturing Services (EMS),WEAK_BEAR,-0.22,13.72,13.94,P90_UPSIDE_BREACH
2025-08-13,Oil Gas & Consumable Fuels,WEAK_BEAR,-0.29,18.47,18.76,P90_UPSIDE_BREACH
2025-08-13,Railway Ticketing & Catering,WEAK_BEAR,-0.18,-31.71,31.53,P10_DOWNSIDE_BREACH
2025-08-13,Metals & Mining,WEAK_BEAR,-0.92,18.16,19.08,P90_UPSIDE_BREACH
2025-08-13,Data Centers & Real Estate,WEAK_BEAR,-0.47,12.97,13.44,WITHIN_BAND
2025-08-13,Diversified Retail,WEAK_BEAR,-3.39,-34.27,30.88,P10_DOWNSIDE_BREACH
2025-08-13,"Hotels, Resorts & QSR",WEAK_BEAR,-2.32,-24.24,21.92,P10_DOWNSIDE_BREACH
2025-08-13,Microfinance NBFC,WEAK_BEAR,-1.21,44.93,46.14,P90_UPSIDE_BREACH
2025-08-13,Media Entertainment & Publication,WEAK_BEAR,-2.02,31.17,33.19,P90_UPSIDE_BREACH
2025-08-13,Zinc & Silver Mining,WEAK_BEAR,-1.55,24.36,25.91,P90_UPSIDE_BREACH
2025-08-13,IT Consulting & Software,WEAK_BEAR,-4.53,-26.91,22.38,P10_DOWNSIDE_BREACH
2025-08-13,Saw Pipes & Ductile Iron Pipes,WEAK_BEAR,-0.91,29.59,30.5,P90_UPSIDE_BREACH
2025-08-13,Structural Steel Tubes & Pipes,WEAK_BEAR,-0.17,14.41,14.58,P90_UPSIDE_BREACH
2025-08-13,Railway Wagons & Equipment,WEAK_BEAR,-0.95,-21.55,20.6,P10_DOWNSIDE_BREACH
2025-08-13,Railway Infrastructure,WEAK_BEAR,-1.29,-27.9,26.61,P10_DOWNSIDE_BREACH
2025-08-13,Construction Materials,WEAK_BEAR,-0.61,15.59,16.2,P90_UPSIDE_BREACH
2025-08-13,Diagnostic & Healthcare Laboratories,WEAK_BEAR,-0.15,-45.53,45.38,P10_DOWNSIDE_BREACH
2025-08-13,Pharmaceuticals & Biotechnology,WEAK_BEAR,-4.03,14.09,18.12,P90_UPSIDE_BREACH
2025-08-13,Railway Financing,WEAK_BEAR,-1.48,-30.58,29.1,P10_DOWNSIDE_BREACH
2025-08-13,Realty,WEAK_BEAR,-0.44,-39.8,39.36,P10_DOWNSIDE_BREACH
2025-08-13,Edible Oils,WEAK_BEAR,-0.76,-62.06,61.3,P10_DOWNSIDE_BREACH
2025-08-13,Passenger Cars & Utility Vehicles,WEAK_BEAR,-0.34,55.81,56.15,P90_UPSIDE_BREACH
2025-08-13,Heavy Electrical Equipment,WEAK_BEAR,-0.36,128.21,128.57,P90_UPSIDE_BREACH
2025-08-13,Explosives & Defence Chemicals,WEAK_BEAR,0.09,30.25,30.16,P90_UPSIDE_BREACH
2025-08-13,Hotels & Restaurants,WEAK_BEAR,-1.01,-23.53,22.52,P10_DOWNSIDE_BREACH
2025-08-13,Iron & Steel,WEAK_BEAR,-2.73,14.21,16.94,P90_UPSIDE_BREACH
2025-08-13,Roads & Highways EPC,WEAK_BEAR,-1.44,-27.94,26.5,P10_DOWNSIDE_BREACH
2025-08-13,Hospitals & Healthcare Services,WEAK_BEAR,0.93,32.52,31.59,P90_UPSIDE_BREACH
2025-08-13,Construction,WEAK_BEAR,-3.18,20.62,23.8,P90_UPSIDE_BREACH
2025-08-14,Railway Infrastructure,WEAK_BEAR,-1.33,-28.1,26.77,P10_DOWNSIDE_BREACH
2025-08-14,Agrochemicals & Pesticides,WEAK_BEAR,-0.84,-56.18,55.34,P10_DOWNSIDE_BREACH
2025-08-14,Banks,WEAK_BEAR,-4.53,15.31,19.84,P90_UPSIDE_BREACH
2025-08-14,Microfinance NBFC,WEAK_BEAR,-0.38,44.18,44.56,P90_UPSIDE_BREACH
2025-08-14,Aluminium & Mining,WEAK_BEAR,-2.27,12.18,14.45,P90_UPSIDE_BREACH
2025-08-14,Tractors & Farm Equipment,WEAK_BEAR,-0.36,-20.95,20.59,P10_DOWNSIDE_BREACH
2025-08-14,Civil Construction & Infrastructure EPC,WEAK_BEAR,-3.86,-33.89,30.03,P10_DOWNSIDE_BREACH
2025-08-14,IT Consulting & Software,WEAK_BEAR,-4.54,-28.75,24.21,P10_DOWNSIDE_BREACH
2025-08-14,Railway Wagons & Equipment,WEAK_BEAR,-1.25,-23.27,22.02,P10_DOWNSIDE_BREACH
2025-08-14,Edible Oils,WEAK_BEAR,-1.09,-60.33,59.24,P10_DOWNSIDE_BREACH
2025-08-14,"Hotels, Resorts & QSR",WEAK_BEAR,-3.02,-24.18,21.16,P10_DOWNSIDE_BREACH
2025-08-14,Transformers & T&D Equipment,WEAK_BEAR,-3.45,18.09,21.54,P90_UPSIDE_BREACH
2025-08-14,Copper Mining,WEAK_BEAR,-0.62,106.0,106.62,P90_UPSIDE_BREACH
2025-08-14,Oil Gas & Consumable Fuels,WEAK_BEAR,0.7,23.24,22.54,P90_UPSIDE_BREACH
2025-08-14,Hotels & Restaurants,WEAK_BEAR,-2.4,-23.13,20.73,P10_DOWNSIDE_BREACH
2025-08-14,Railway Ticketing & Catering,WEAK_BEAR,-3.46,-32.51,29.05,P10_DOWNSIDE_BREACH
2025-08-14,Passenger Cars & Utility Vehicles,WEAK_BEAR,-0.53,54.62,55.15,P90_UPSIDE_BREACH
2025-08-14,Metals & Mining,WEAK_BEAR,-3.0,17.7,20.7,P90_UPSIDE_BREACH
2025-08-14,Travel Tech SaaS Solutions,WEAK_BEAR,-1.56,87.2,88.76,P90_UPSIDE_BREACH
2025-08-14,Diversified Retail,WEAK_BEAR,-3.14,-34.87,31.73,P10_DOWNSIDE_BREACH
2025-08-14,Automobile and Auto Components,WEAK_BEAR,-1.25,26.18,27.43,P90_UPSIDE_BREACH
2025-08-14,Textiles,WEAK_BEAR,0.8,48.83,48.03,P90_UPSIDE_BREACH
2025-08-14,Roads & Highways EPC,WEAK_BEAR,-1.24,-31.28,30.04,P10_DOWNSIDE_BREACH
2025-08-14,Media Entertainment & Publication,WEAK_BEAR,0.09,27.08,26.99,P90_UPSIDE_BREACH
2025-08-14,Water & Wastewater Treatment,WEAK_BEAR,-1.25,-29.02,27.77,P10_DOWNSIDE_BREACH
2025-08-14,Water & Wastewater Treatment,WEAK_BEAR,-0.82,-27.94,27.12,P10_DOWNSIDE_BREACH
2025-08-14,Cement & Clinker,WEAK_BEAR,-2.89,-24.22,21.33,P10_DOWNSIDE_BREACH
2025-08-14,Hospitals & Healthcare Services,WEAK_BEAR,0.39,32.02,31.63,P90_UPSIDE_BREACH
2025-08-14,Civil Construction & Infrastructure,WEAK_BEAR,-4.14,-25.09,20.95,P10_DOWNSIDE_BREACH
2025-08-14,Air Conditioners & Appliances,WEAK_BEAR,-1.51,-25.67,24.16,P10_DOWNSIDE_BREACH
2025-08-14,Heavy Electrical Equipment,WEAK_BEAR,-0.55,130.46,131.01,P90_UPSIDE_BREACH
2025-08-14,Pharmaceuticals & Biotechnology,WEAK_BEAR,-4.48,12.78,17.26,P90_UPSIDE_BREACH
2025-08-14,Diagnostic & Healthcare Laboratories,WEAK_BEAR,-0.15,-47.18,47.03,P10_DOWNSIDE_BREACH
2025-08-14,Auto Lighting,WEAK_BEAR,-1.41,25.74,27.15,P90_UPSIDE_BREACH
2025-08-14,Construction,WEAK_BEAR,-2.96,18.92,21.88,P90_UPSIDE_BREACH
2025-08-14,Bearings & Friction Solutions,WEAK_BEAR,-3.16,15.59,18.75,P90_UPSIDE_BREACH
2025-08-14,Asset Management Company (AMC),WEAK_BEAR,-0.5,-32.46,31.96,P10_DOWNSIDE_BREACH
2025-08-14,Railway Financing,WEAK_BEAR,-1.3,-30.7,29.4,P10_DOWNSIDE_BREACH
2025-08-14,Fertilizers,WEAK_BEAR,-0.01,-20.12,20.11,P10_DOWNSIDE_BREACH
2025-08-14,Fertilizers & Agrochemicals,WEAK_BEAR,-2.84,-24.06,21.22,P10_DOWNSIDE_BREACH
2025-08-14,Data Centers & Real Estate,WEAK_BEAR,-0.39,14.42,14.81,P90_UPSIDE_BREACH
2025-08-14,Stockbroking & Financial Products,WEAK_BEAR,-3.83,-25.78,21.95,P10_DOWNSIDE_BREACH
2025-08-14,Saw Pipes & Ductile Iron Pipes,WEAK_BEAR,-0.38,32.8,33.18,P90_UPSIDE_BREACH
2025-08-14,Internet & Digital Platforms,WEAK_BEAR,-2.28,-23.57,21.29,P10_DOWNSIDE_BREACH
2025-08-14,Realty,WEAK_BEAR,-0.4,-40.97,40.57,P10_DOWNSIDE_BREACH
2025-08-14,Zinc & Silver Mining,WEAK_BEAR,-1.33,25.37,26.7,P90_UPSIDE_BREACH
2025-08-14,Structural Steel Tubes & Pipes,WEAK_BEAR,-0.6,12.96,13.56,P90_UPSIDE_BREACH
2025-08-14,Iron & Steel,WEAK_BEAR,-3.03,14.53,17.56,P90_UPSIDE_BREACH
2025-08-14,Explosives & Defence Chemicals,WEAK_BEAR,-0.19,28.96,29.15,P90_UPSIDE_BREACH
2025-08-14,Aerospace & Defence,WEAK_BEAR,-3.76,15.61,19.37,P90_UPSIDE_BREACH
2025-08-18,Edible Oils,WEAK_BEAR,-0.52,-61.95,61.43,P10_DOWNSIDE_BREACH
2025-08-18,Travel Tech SaaS Solutions,WEAK_BEAR,-1.45,85.93,87.38,P90_UPSIDE_BREACH
2025-08-18,Explosives & Defence Chemicals,WEAK_BEAR,-0.44,29.76,30.2,P90_UPSIDE_BREACH
2025-08-18,Metals & Mining,WEAK_BEAR,-2.58,14.02,16.6,P90_UPSIDE_BREACH
2025-08-18,Iron & Steel,WEAK_BEAR,-3.0,13.51,16.51,P90_UPSIDE_BREACH
2025-08-18,Copper Mining,WEAK_BEAR,-0.47,106.05,106.52,P90_UPSIDE_BREACH
2025-08-18,Automobile and Auto Components,WEAK_BEAR,0.13,20.82,20.69,P90_UPSIDE_BREACH
2025-08-18,Railway Ticketing & Catering,WEAK_BEAR,10.18,-32.11,42.29,P10_DOWNSIDE_BREACH
2025-08-18,Microfinance NBFC,WEAK_BEAR,-0.03,39.42,39.45,P90_UPSIDE_BREACH
2025-08-18,Oil Gas & Consumable Fuels,WEAK_BEAR,0.12,21.02,20.9,P90_UPSIDE_BREACH
2025-08-18,Diversified Retail,WEAK_BEAR,-1.66,-37.65,35.99,P10_DOWNSIDE_BREACH
2025-08-18,Transformers & T&D Equipment,WEAK_BEAR,-3.24,17.14,20.38,P90_UPSIDE_BREACH
2025-08-18,Hospitals & Healthcare Services,WEAK_BEAR,1.15,27.0,25.85,P90_UPSIDE_BREACH
2025-08-18,Internet & Digital Platforms,WEAK_BEAR,-2.11,-24.4,22.29,P10_DOWNSIDE_BREACH
2025-08-18,Realty,WEAK_BEAR,-1.29,-43.43,42.14,P10_DOWNSIDE_BREACH
2025-08-18,Fast Moving Consumer Goods,WEAK_BEAR,-2.44,-24.42,21.98,P10_DOWNSIDE_BREACH
2025-08-18,Cement & Clinker,WEAK_BEAR,-0.83,-27.19,26.36,P10_DOWNSIDE_BREACH
2025-08-18,Roads & Highways EPC,WEAK_BEAR,-1.52,-32.58,31.06,P10_DOWNSIDE_BREACH
2025-08-18,Utilities,WEAK_BEAR,0.46,-17.84,18.3,P10_DOWNSIDE_BREACH
2025-08-18,Water & Wastewater Treatment,WEAK_BEAR,-0.38,-28.1,27.72,P10_DOWNSIDE_BREACH
2025-08-18,Civil Construction & Infrastructure,WEAK_BEAR,-4.31,-27.24,22.93,P10_DOWNSIDE_BREACH
2025-08-18,Construction,WEAK_BEAR,-2.97,17.15,20.12,P90_UPSIDE_BREACH
2025-08-18,Hotels & Restaurants,WEAK_BEAR,-1.95,-25.46,23.51,P10_DOWNSIDE_BREACH
2025-08-18,Water & Wastewater Treatment,WEAK_BEAR,-1.62,-27.91,26.29,P10_DOWNSIDE_BREACH
2025-08-18,Consumer Services,WEAK_BEAR,-0.2,-24.31,24.11,P10_DOWNSIDE_BREACH
2025-08-18,Plastic Pipes & Moulded Products,WEAK_BEAR,0.12,-15.44,15.56,P10_DOWNSIDE_BREACH
2025-08-18,Plastic Pipes & Fittings,WEAK_BEAR,0.11,-17.62,17.73,P10_DOWNSIDE_BREACH
2025-08-18,Passenger Cars & Utility Vehicles,WEAK_BEAR,-0.36,48.31,48.67,P90_UPSIDE_BREACH
2025-08-18,Banks,WEAK_BEAR,-4.0,13.32,17.32,P90_UPSIDE_BREACH
2025-08-18,Aerospace & Defence,WEAK_BEAR,-3.75,13.48,17.23,P90_UPSIDE_BREACH
2025-08-18,Auto Lighting,WEAK_BEAR,-1.76,18.04,19.8,P90_UPSIDE_BREACH
2025-08-18,Railway Infrastructure,WEAK_BEAR,-1.36,-29.03,27.67,P10_DOWNSIDE_BREACH
2025-08-18,Heavy Electrical Equipment,WEAK_BEAR,-0.26,128.0,128.26,P90_UPSIDE_BREACH
2025-08-18,Civil Construction & Infrastructure EPC,WEAK_BEAR,-4.04,-35.24,31.2,P10_DOWNSIDE_BREACH
2025-08-18,Air Conditioners & Appliances,WEAK_BEAR,-2.33,-29.91,27.58,P10_DOWNSIDE_BREACH
2025-08-18,Diagnostic & Healthcare Laboratories,WEAK_BEAR,1.97,-50.3,52.27,P10_DOWNSIDE_BREACH
2025-08-18,Agrochemicals & Pesticides,WEAK_BEAR,-1.03,-56.04,55.01,P10_DOWNSIDE_BREACH
2025-08-18,Bearings & Friction Solutions,WEAK_BEAR,-3.39,14.27,17.66,P90_UPSIDE_BREACH
2025-08-18,Pharmaceuticals & Biotechnology,WEAK_BEAR,-4.26,11.72,15.98,P90_UPSIDE_BREACH
2025-08-18,Footwear,WEAK_BEAR,0.86,-20.81,21.67,P10_DOWNSIDE_BREACH
2025-08-18,Aluminium & Mining,WEAK_BEAR,-3.16,10.43,13.59,P90_UPSIDE_BREACH
2025-08-18,Saw Pipes & Ductile Iron Pipes,WEAK_BEAR,-1.32,29.95,31.27,P90_UPSIDE_BREACH
2025-08-18,IT Consulting & Software,WEAK_BEAR,-4.56,-30.13,25.57,P10_DOWNSIDE_BREACH
2025-08-18,Structural Steel Tubes & Pipes,WEAK_BEAR,-0.4,13.49,13.89,P90_UPSIDE_BREACH
2025-08-18,Railway Wagons & Equipment,WEAK_BEAR,4.56,-25.3,29.86,P10_DOWNSIDE_BREACH
2025-08-18,Zinc & Silver Mining,WEAK_BEAR,-1.51,24.48,25.99,P90_UPSIDE_BREACH
2025-08-18,Tractors & Farm Equipment,WEAK_BEAR,-0.65,-22.69,22.04,P10_DOWNSIDE_BREACH
2025-08-18,Fertilizers,WEAK_BEAR,-0.54,-20.93,20.39,P10_DOWNSIDE_BREACH
2025-08-18,"Hotels, Resorts & QSR",WEAK_BEAR,-3.03,-24.81,21.78,P10_DOWNSIDE_BREACH
2025-08-18,Fertilizers & Agrochemicals,WEAK_BEAR,-2.06,-25.54,23.48,P10_DOWNSIDE_BREACH
2025-08-18,Textiles,WEAK_BEAR,0.78,41.04,40.26,P90_UPSIDE_BREACH
2025-08-18,Asset Management Company (AMC),WEAK_BEAR,1.08,-38.04,39.12,P10_DOWNSIDE_BREACH
2025-08-18,Media Entertainment & Publication,WEAK_BEAR,-1.22,26.02,27.24,P90_UPSIDE_BREACH
2025-08-18,Paints & Coatings,WEAK_BEAR,0.76,-11.67,12.43,WITHIN_BAND
2025-08-18,Stockbroking & Financial Products,WEAK_BEAR,-3.35,-25.78,22.43,P10_DOWNSIDE_BREACH
2025-08-18,Railway Financing,WEAK_BEAR,-1.48,-31.33,29.85,P10_DOWNSIDE_BREACH
2025-08-19,IT Consulting & Software,WEAK_BEAR,-4.53,-29.97,25.44,P10_DOWNSIDE_BREACH
2025-08-19,Banks,WEAK_BEAR,-4.0,12.43,16.43,P90_UPSIDE_BREACH
2025-08-19,Railway Wagons & Equipment,WEAK_BEAR,0.0,-26.43,26.43,P10_DOWNSIDE_BREACH
2025-08-19,Heavy Electrical Equipment,WEAK_BEAR,-0.39,123.97,124.36,P90_UPSIDE_BREACH
2025-08-19,Iron & Steel,WEAK_BEAR,-3.0,12.81,15.81,P90_UPSIDE_BREACH
2025-08-19,Structural Steel Tubes & Pipes,WEAK_BEAR,-0.77,11.85,12.62,WITHIN_BAND
2025-08-19,Railway Ticketing & Catering,WEAK_BEAR,8.75,-32.53,41.28,P10_DOWNSIDE_BREACH
2025-08-19,Realty,WEAK_BEAR,-0.22,-44.83,44.61,P10_DOWNSIDE_BREACH
2025-08-19,Water & Wastewater Treatment,WEAK_BEAR,-0.63,-29.44,28.81,P10_DOWNSIDE_BREACH
2025-08-19,Hotels & Restaurants,WEAK_BEAR,-2.62,-25.49,22.87,P10_DOWNSIDE_BREACH
2025-08-19,"Hotels, Resorts & QSR",WEAK_BEAR,-2.92,-25.36,22.44,P10_DOWNSIDE_BREACH
2025-08-19,Media Entertainment & Publication,WEAK_BEAR,-1.25,26.54,27.79,P90_UPSIDE_BREACH
2025-08-19,Microfinance NBFC,WEAK_BEAR,-0.71,36.6,37.31,P90_UPSIDE_BREACH
2025-08-19,Auto Lighting,WEAK_BEAR,-1.49,11.49,12.98,WITHIN_BAND
2025-08-19,Asset Management Company (AMC),WEAK_BEAR,0.92,-39.34,40.26,P10_DOWNSIDE_BREACH
2025-08-19,Diversified Retail,WEAK_BEAR,-1.18,-40.3,39.12,P10_DOWNSIDE_BREACH
2025-08-19,Diagnostic & Healthcare Laboratories,WEAK_BEAR,1.73,-44.79,46.52,P10_DOWNSIDE_BREACH
2025-08-19,Copper Mining,WEAK_BEAR,-0.47,103.91,104.38,P90_UPSIDE_BREACH
2025-08-19,Metals & Mining,WEAK_BEAR,-3.22,13.91,17.13,P90_UPSIDE_BREACH
2025-08-19,Travel Tech SaaS Solutions,WEAK_BEAR,-0.77,87.17,87.94,P90_UPSIDE_BREACH
2025-08-19,Air Conditioners & Appliances,WEAK_BEAR,-4.27,-30.29,26.02,P10_DOWNSIDE_BREACH
2025-08-19,Stockbroking & Financial Products,WEAK_BEAR,-3.35,-26.47,23.12,P10_DOWNSIDE_BREACH
2025-08-19,Water & Wastewater Treatment,WEAK_BEAR,0.13,-22.94,23.07,P10_DOWNSIDE_BREACH
2025-08-19,Cement & Clinker,WEAK_BEAR,-2.02,-28.24,26.22,P10_DOWNSIDE_BREACH
2025-08-19,Civil Construction & Infrastructure,WEAK_BEAR,-4.26,-27.75,23.49,P10_DOWNSIDE_BREACH
2025-08-19,Internet & Digital Platforms,WEAK_BEAR,-2.01,-25.94,23.93,P10_DOWNSIDE_BREACH
2025-08-19,Pharmaceuticals & Biotechnology,WEAK_BEAR,-2.78,10.9,13.68,P90_UPSIDE_BREACH
2025-08-19,Hospitals & Healthcare Services,WEAK_BEAR,0.22,28.14,27.92,P90_UPSIDE_BREACH
2025-08-19,Textiles,WEAK_BEAR,-0.66,40.98,41.64,P90_UPSIDE_BREACH
2025-08-19,Roads & Highways EPC,WEAK_BEAR,-1.6,-32.99,31.39,P10_DOWNSIDE_BREACH
2025-08-19,Railway Financing,WEAK_BEAR,-1.45,-32.28,30.83,P10_DOWNSIDE_BREACH
2025-08-19,Agrochemicals & Pesticides,WEAK_BEAR,-1.28,-58.47,57.19,P10_DOWNSIDE_BREACH
2025-08-19,Cement,WEAK_BEAR,-1.25,-22.16,20.91,P10_DOWNSIDE_BREACH
2025-08-19,Zinc & Silver Mining,WEAK_BEAR,-2.77,24.26,27.03,P90_UPSIDE_BREACH
2025-08-19,Fertilizers & Agrochemicals,WEAK_BEAR,-1.74,-27.14,25.4,P10_DOWNSIDE_BREACH
2025-08-19,Construction,WEAK_BEAR,-2.17,15.27,17.44,P90_UPSIDE_BREACH
2025-08-19,Fertilizers,WEAK_BEAR,-0.71,-23.25,22.54,P10_DOWNSIDE_BREACH
2025-08-19,Fast Moving Consumer Goods,WEAK_BEAR,-0.39,-23.79,23.4,P10_DOWNSIDE_BREACH
2025-08-19,Transformers & T&D Equipment,WEAK_BEAR,-2.75,16.38,19.13,P90_UPSIDE_BREACH
2025-08-19,Oil Gas & Consumable Fuels,WEAK_BEAR,-0.05,17.33,17.38,P90_UPSIDE_BREACH
2025-08-19,Tractors & Farm Equipment,WEAK_BEAR,-1.29,-25.53,24.24,P10_DOWNSIDE_BREACH
2025-08-19,Edible Oils,WEAK_BEAR,0.14,-63.15,63.29,P10_DOWNSIDE_BREACH
2025-08-19,Consumer Services,WEAK_BEAR,-2.47,-26.14,23.67,P10_DOWNSIDE_BREACH
2025-08-19,Explosives & Defence Chemicals,WEAK_BEAR,-0.44,31.4,31.84,P90_UPSIDE_BREACH
2025-08-19,Civil Construction & Infrastructure EPC,WEAK_BEAR,-3.5,-35.91,32.41,P10_DOWNSIDE_BREACH
2025-08-19,Bearings & Friction Solutions,WEAK_BEAR,-3.33,14.12,17.45,P90_UPSIDE_BREACH
2025-08-19,Railway Infrastructure,WEAK_BEAR,-0.68,-30.77,30.09,P10_DOWNSIDE_BREACH
2025-08-19,Aerospace & Defence,WEAK_BEAR,-3.76,13.57,17.33,P90_UPSIDE_BREACH
2025-08-19,Passenger Cars & Utility Vehicles,WEAK_BEAR,-0.65,49.42,50.07,P90_UPSIDE_BREACH
2025-08-19,Saw Pipes & Ductile Iron Pipes,WEAK_BEAR,-1.08,25.61,26.69,P90_UPSIDE_BREACH
2025-08-19,Railway Telecom,WEAK_BEAR,-0.74,-22.21,21.47,P10_DOWNSIDE_BREACH
2025-08-20,Fertilizers,WEAK_BEAR,0.13,-25.51,25.64,P10_DOWNSIDE_BREACH
2025-08-20,Construction,WEAK_BEAR,-2.96,15.45,18.41,P90_UPSIDE_BREACH
2025-08-20,Railways,WEAK_BEAR,-3.58,13.15,16.73,P90_UPSIDE_BREACH
2025-08-20,Textiles,WEAK_BEAR,-0.47,40.72,41.19,P90_UPSIDE_BREACH
2025-08-20,Copper Mining,WEAK_BEAR,-0.36,104.45,104.81,P90_UPSIDE_BREACH
2025-08-20,Railway Wagons & Equipment,WEAK_BEAR,-0.63,-26.13,25.5,P10_DOWNSIDE_BREACH
2025-08-20,Bearings & Friction Solutions,WEAK_BEAR,-3.08,14.46,17.54,P90_UPSIDE_BREACH
2025-08-20,Railway Infrastructure,WEAK_BEAR,-1.13,-31.1,29.97,P10_DOWNSIDE_BREACH
2025-08-20,Civil Construction & Infrastructure EPC,WEAK_BEAR,-3.47,-34.21,30.74,P10_DOWNSIDE_BREACH
2025-08-20,Diagnostic & Healthcare Laboratories,WEAK_BEAR,2.16,-42.83,44.99,P10_DOWNSIDE_BREACH
2025-08-20,Saw Pipes & Ductile Iron Pipes,WEAK_BEAR,-0.69,23.93,24.62,P90_UPSIDE_BREACH
2025-08-20,Air Conditioners & Appliances,WEAK_BEAR,-4.27,-29.08,24.81,P10_DOWNSIDE_BREACH
2025-08-20,Railway Financing,WEAK_BEAR,-1.52,-31.65,30.13,P10_DOWNSIDE_BREACH
2025-08-20,Fertilizers & Agrochemicals,WEAK_BEAR,-2.08,-27.28,25.2,P10_DOWNSIDE_BREACH
2025-08-20,Tractors & Farm Equipment,WEAK_BEAR,0.22,-41.28,41.5,P10_DOWNSIDE_BREACH
2025-08-20,Stockbroking & Financial Products,WEAK_BEAR,-3.69,-25.47,21.78,P10_DOWNSIDE_BREACH
2025-08-20,Media Entertainment & Publication,WEAK_BEAR,-0.07,24.03,24.1,P90_UPSIDE_BREACH
2025-08-20,"Hotels, Resorts & QSR",WEAK_BEAR,-1.3,-25.11,23.81,P10_DOWNSIDE_BREACH
2025-08-20,Pharmaceuticals & Biotechnology,WEAK_BEAR,-4.38,12.43,16.81,P90_UPSIDE_BREACH
2025-08-20,Zinc & Silver Mining,WEAK_BEAR,-2.77,23.52,26.29,P90_UPSIDE_BREACH
2025-08-20,Asset Management Company (AMC),WEAK_BEAR,0.12,-36.61,36.73,P10_DOWNSIDE_BREACH
2025-08-20,Agrochemicals & Pesticides,WEAK_BEAR,-2.46,-57.57,55.11,P10_DOWNSIDE_BREACH
2025-08-20,Metals & Mining,WEAK_BEAR,-3.11,14.66,17.77,P90_UPSIDE_BREACH
2025-08-20,Oil Gas & Consumable Fuels,WEAK_BEAR,-0.46,20.43,20.89,P90_UPSIDE_BREACH
2025-08-20,Transformers & T&D Equipment,WEAK_BEAR,-3.21,16.98,20.19,P90_UPSIDE_BREACH
2025-08-20,Water & Wastewater Treatment,WEAK_BEAR,-0.91,-25.63,24.72,P10_DOWNSIDE_BREACH
2025-08-20,Water & Wastewater Treatment,WEAK_BEAR,-0.37,-21.72,21.35,P10_DOWNSIDE_BREACH
2025-08-20,Realty,WEAK_BEAR,-0.48,-42.9,42.42,P10_DOWNSIDE_BREACH
2025-08-20,Roads & Highways EPC,WEAK_BEAR,-1.6,-32.36,30.76,P10_DOWNSIDE_BREACH
2025-08-20,Cement & Clinker,WEAK_BEAR,-1.96,-27.63,25.67,P10_DOWNSIDE_BREACH
2025-08-20,Data Centers & Real Estate,WEAK_BEAR,-1.33,14.24,15.57,P90_UPSIDE_BREACH
2025-08-20,Civil Construction & Infrastructure,WEAK_BEAR,-4.17,-27.96,23.79,P10_DOWNSIDE_BREACH
2025-08-20,Passenger Cars & Utility Vehicles,WEAK_BEAR,-0.65,54.08,54.73,P90_UPSIDE_BREACH
2025-08-20,Banks,WEAK_BEAR,-2.98,13.2,16.18,P90_UPSIDE_BREACH
2025-08-20,Heavy Electrical Equipment,WEAK_BEAR,-0.53,128.17,128.7,P90_UPSIDE_BREACH
2025-08-20,Iron & Steel,WEAK_BEAR,-2.36,12.91,15.27,P90_UPSIDE_BREACH
2025-08-20,Edible Oils,WEAK_BEAR,1.09,-65.47,66.56,P10_DOWNSIDE_BREACH
2025-08-20,Railway Telecom,WEAK_BEAR,-0.73,-21.12,20.39,P10_DOWNSIDE_BREACH
2025-08-20,Explosives & Defence Chemicals,WEAK_BEAR,-0.47,32.23,32.7,P90_UPSIDE_BREACH
2025-08-20,Aerospace & Defence,WEAK_BEAR,-3.76,13.69,17.45,P90_UPSIDE_BREACH
2025-08-20,Hospitals & Healthcare Services,WEAK_BEAR,0.28,30.79,30.51,P90_UPSIDE_BREACH
2025-08-20,Fast Moving Consumer Goods,WEAK_BEAR,-2.52,-22.74,20.22,P10_DOWNSIDE_BREACH
2025-08-20,Travel Tech SaaS Solutions,WEAK_BEAR,-0.77,86.46,87.23,P90_UPSIDE_BREACH
2025-08-20,Dairy Products,WEAK_BEAR,0.76,-18.41,19.17,P10_DOWNSIDE_BREACH
2025-08-20,Structural Steel Tubes & Pipes,WEAK_BEAR,-0.58,13.21,13.79,P90_UPSIDE_BREACH
2025-08-20,Railway Ticketing & Catering,WEAK_BEAR,-0.24,-33.4,33.16,P10_DOWNSIDE_BREACH
2025-08-20,IT Consulting & Software,WEAK_BEAR,-3.58,-30.58,27.0,P10_DOWNSIDE_BREACH
2025-08-20,Automobile and Auto Components,WEAK_BEAR,-0.87,19.1,19.97,P90_UPSIDE_BREACH
2025-08-20,Diversified Retail,WEAK_BEAR,-1.53,-42.6,41.07,P10_DOWNSIDE_BREACH
2025-08-20,Hotels & Restaurants,WEAK_BEAR,-2.88,-25.78,22.9,P10_DOWNSIDE_BREACH
2025-08-20,Microfinance NBFC,WEAK_BEAR,-0.1,35.72,35.82,P90_UPSIDE_BREACH
2025-08-20,Consumer Services,WEAK_BEAR,-2.73,-24.73,22.0,P10_DOWNSIDE_BREACH
2025-08-20,Batteries,WEAK_BEAR,0.78,-11.16,11.94,WITHIN_BAND
2025-08-20,Auto Lighting,WEAK_BEAR,-0.65,12.99,13.64,P90_UPSIDE_BREACH
2025-08-20,Internet & Digital Platforms,WEAK_BEAR,-1.91,-25.3,23.39,P10_DOWNSIDE_BREACH
2025-08-21,Saw Pipes & Ductile Iron Pipes,WEAK_BEAR,-1.21,26.7,27.91,P90_UPSIDE_BREACH
2025-08-21,Zinc & Silver Mining,WEAK_BEAR,-2.77,22.8,25.57,P90_UPSIDE_BREACH
2025-08-21,Structural Steel Tubes & Pipes,WEAK_BEAR,-0.77,11.51,12.28,WITHIN_BAND
2025-08-21,Auto Lighting,WEAK_BEAR,-0.53,13.6,14.13,P90_UPSIDE_BREACH
2025-08-21,Fast Moving Consumer Goods,WEAK_BEAR,-0.22,-24.24,24.02,P10_DOWNSIDE_BREACH
2025-08-21,Internet & Digital Platforms,WEAK_BEAR,-1.91,-24.33,22.42,P10_DOWNSIDE_BREACH
2025-08-21,Utilities,WEAK_BEAR,0.7,-12.39,13.09,WITHIN_BAND
2025-08-21,Data Centers & Real Estate,WEAK_BEAR,-1.04,10.46,11.5,WITHIN_BAND
2025-08-21,Realty,WEAK_BEAR,-0.61,-44.85,44.24,P10_DOWNSIDE_BREACH
2025-08-21,Aerospace & Defence,WEAK_BEAR,-3.67,10.8,14.47,P90_UPSIDE_BREACH
2025-08-21,Explosives & Defence Chemicals,WEAK_BEAR,-0.3,30.47,30.77,P90_UPSIDE_BREACH
2025-08-21,Renewable Energy,WEAK_BEAR,-1.25,-22.54,21.29,P10_DOWNSIDE_BREACH
2025-08-21,Diagnostic & Healthcare Laboratories,WEAK_BEAR,0.27,-42.08,42.35,P10_DOWNSIDE_BREACH
2025-08-21,Bearings & Friction Solutions,WEAK_BEAR,-3.39,12.65,16.04,P90_UPSIDE_BREACH
2025-08-21,Railway Financing,WEAK_BEAR,-1.32,-31.74,30.42,P10_DOWNSIDE_BREACH
2025-08-21,Asset Management Company (AMC),WEAK_BEAR,-0.1,-36.59,36.49,P10_DOWNSIDE_BREACH
2025-08-21,Pharmaceuticals & Biotechnology,WEAK_BEAR,-4.07,11.8,15.87,P90_UPSIDE_BREACH
2025-08-21,Stockbroking & Financial Products,WEAK_BEAR,-3.39,-26.16,22.77,P10_DOWNSIDE_BREACH
2025-08-21,Fertilizers,WEAK_BEAR,-1.25,-25.61,24.36,P10_DOWNSIDE_BREACH
2025-08-21,Construction,WEAK_BEAR,-1.59,12.01,13.6,P90_UPSIDE_BREACH
2025-08-21,Railways,WEAK_BEAR,-6.24,14.01,20.25,P90_UPSIDE_BREACH
2025-08-21,Telecommunication,WEAK_BEAR,-1.14,-21.19,20.05,P10_DOWNSIDE_BREACH
2025-08-21,Fertilizers & Agrochemicals,WEAK_BEAR,-2.71,-27.94,25.23,P10_DOWNSIDE_BREACH
2025-08-21,Copper Mining,WEAK_BEAR,-0.51,102.85,103.36,P90_UPSIDE_BREACH
2025-08-21,Batteries,WEAK_BEAR,1.0,-18.39,19.39,P10_DOWNSIDE_BREACH
2025-08-21,Travel Tech SaaS Solutions,WEAK_BEAR,-1.56,86.64,88.2,P90_UPSIDE_BREACH
2025-08-21,Metals & Mining,WEAK_BEAR,-2.6,12.62,15.22,P90_UPSIDE_BREACH
2025-08-21,Railway Ticketing & Catering,WEAK_BEAR,1.62,-34.28,35.9,P10_DOWNSIDE_BREACH
2025-08-21,Automobile and Auto Components,WEAK_BEAR,-1.15,19.61,20.76,P90_UPSIDE_BREACH
2025-08-21,Oil Gas & Consumable Fuels,WEAK_BEAR,-0.4,17.26,17.66,P90_UPSIDE_BREACH
2025-08-21,Passenger Cars & Utility Vehicles,WEAK_BEAR,-0.36,47.9,48.26,P90_UPSIDE_BREACH
2025-08-21,Textiles,WEAK_BEAR,-0.47,39.67,40.14,P90_UPSIDE_BREACH
2025-08-21,Media Entertainment & Publication,WEAK_BEAR,-1.1,25.58,26.68,P90_UPSIDE_BREACH
2025-08-21,Diversified Retail,WEAK_BEAR,-1.07,-44.26,43.19,P10_DOWNSIDE_BREACH
2025-08-21,Hotels & Restaurants,WEAK_BEAR,-2.88,-26.88,24.0,P10_DOWNSIDE_BREACH
2025-08-21,Consumer Services,WEAK_BEAR,-2.56,-25.22,22.66,P10_DOWNSIDE_BREACH
2025-08-21,Heavy Electrical Equipment,WEAK_BEAR,-0.65,125.62,126.27,P90_UPSIDE_BREACH
2025-08-21,Edible Oils,WEAK_BEAR,0.28,-65.56,65.84,P10_DOWNSIDE_BREACH
2025-08-21,Railway Telecom,WEAK_BEAR,-0.5,-22.58,22.08,P10_DOWNSIDE_BREACH
2025-08-21,Banks,WEAK_BEAR,-4.44,12.47,16.91,P90_UPSIDE_BREACH
2025-08-21,Transformers & T&D Equipment,WEAK_BEAR,-2.58,15.68,18.26,P90_UPSIDE_BREACH
2025-08-21,Water & Wastewater Treatment,WEAK_BEAR,-0.62,-31.36,30.74,P10_DOWNSIDE_BREACH
2025-08-21,Water & Wastewater Treatment,WEAK_BEAR,-1.34,-28.15,26.81,P10_DOWNSIDE_BREACH
2025-08-21,Roads & Highways EPC,WEAK_BEAR,-0.41,-33.84,33.43,P10_DOWNSIDE_BREACH
2025-08-21,Cement & Clinker,WEAK_BEAR,-1.64,-28.8,27.16,P10_DOWNSIDE_BREACH
2025-08-21,Civil Construction & Infrastructure,WEAK_BEAR,-4.04,-28.58,24.54,P10_DOWNSIDE_BREACH
2025-08-21,Hospitals & Healthcare Services,WEAK_BEAR,0.64,33.47,32.83,P90_UPSIDE_BREACH
2025-08-21,Microfinance NBFC,WEAK_BEAR,-0.61,30.22,30.83,P90_UPSIDE_BREACH
2025-08-21,Iron & Steel,WEAK_BEAR,-3.0,13.64,16.64,P90_UPSIDE_BREACH
2025-08-21,"Hotels, Resorts & QSR",WEAK_BEAR,-2.44,-26.32,23.88,P10_DOWNSIDE_BREACH
2025-08-21,Railway Wagons & Equipment,WEAK_BEAR,-0.08,-29.48,29.4,P10_DOWNSIDE_BREACH
2025-08-21,Railway Infrastructure,WEAK_BEAR,-1.02,-31.7,30.68,P10_DOWNSIDE_BREACH
2025-08-21,Air Conditioners & Appliances,WEAK_BEAR,-3.7,-28.97,25.27,P10_DOWNSIDE_BREACH
2025-08-21,Civil Construction & Infrastructure EPC,WEAK_BEAR,-3.34,-35.96,32.62,P10_DOWNSIDE_BREACH
2025-08-21,Plastic Pipes & Fittings,WEAK_BEAR,-0.63,-20.79,20.16,P10_DOWNSIDE_BREACH
2025-08-21,Tractors & Farm Equipment,WEAK_BEAR,-0.53,-40.49,39.96,P10_DOWNSIDE_BREACH
2025-08-21,IT Consulting & Software,WEAK_BEAR,-4.53,-28.95,24.42,P10_DOWNSIDE_BREACH
2025-08-21,Agrochemicals & Pesticides,WEAK_BEAR,0.39,-57.23,57.62,P10_DOWNSIDE_BREACH
2025-08-22,Explosives & Defence Chemicals,WEAK_BEAR,0.2,26.08,25.88,P90_UPSIDE_BREACH
2025-08-22,Internet & Digital Platforms,WEAK_BEAR,-1.77,-21.84,20.07,P10_DOWNSIDE_BREACH
2025-08-22,Hospitals & Healthcare Services,WEAK_BEAR,0.22,34.85,34.63,P90_UPSIDE_BREACH
2025-08-22,Cement & Clinker,WEAK_BEAR,-2.78,-26.22,23.44,P10_DOWNSIDE_BREACH
2025-08-22,Tractors & Farm Equipment,WEAK_BEAR,-0.53,-28.63,28.1,P10_DOWNSIDE_BREACH
2025-08-22,Roads & Highways EPC,WEAK_BEAR,-0.57,-31.36,30.79,P10_DOWNSIDE_BREACH
2025-08-22,Heavy Electrical Equipment,WEAK_BEAR,-0.3,117.59,117.89,P90_UPSIDE_BREACH
2025-08-22,IT Consulting & Software,WEAK_BEAR,-4.47,-26.33,21.86,P10_DOWNSIDE_BREACH
2025-08-22,Edible Oils,WEAK_BEAR,0.11,-60.08,60.19,P10_DOWNSIDE_BREACH
2025-08-22,Transformers & T&D Equipment,WEAK_BEAR,-2.58,15.53,18.11,P90_UPSIDE_BREACH
2025-08-22,Banks,WEAK_BEAR,-3.37,13.71,17.08,P90_UPSIDE_BREACH
2025-08-22,Realty,WEAK_BEAR,-0.48,-42.54,42.06,P10_DOWNSIDE_BREACH
2025-08-22,Auto Lighting,WEAK_BEAR,-0.55,13.16,13.71,P90_UPSIDE_BREACH
2025-08-22,Fast Moving Consumer Goods,WEAK_BEAR,-2.53,-23.38,20.85,P10_DOWNSIDE_BREACH
2025-08-22,Passenger Cars & Utility Vehicles,WEAK_BEAR,-0.65,46.58,47.23,P90_UPSIDE_BREACH
2025-08-22,Textiles,WEAK_BEAR,-0.47,41.13,41.6,P90_UPSIDE_BREACH
2025-08-22,Bearings & Friction Solutions,WEAK_BEAR,-3.17,13.99,17.16,P90_UPSIDE_BREACH
2025-08-22,Fertilizers,WEAK_BEAR,-1.66,-24.04,22.38,P10_DOWNSIDE_BREACH
2025-08-22,Stockbroking & Financial Products,WEAK_BEAR,-3.16,-24.67,21.51,P10_DOWNSIDE_BREACH
2025-08-22,Electronic Manufacturing Services (EMS),WEAK_BEAR,2.42,-18.48,20.9,P10_DOWNSIDE_BREACH
2025-08-22,Fertilizers & Agrochemicals,WEAK_BEAR,-2.75,-27.1,24.35,P10_DOWNSIDE_BREACH
2025-08-22,"Hotels, Resorts & QSR",WEAK_BEAR,-2.39,-25.28,22.89,P10_DOWNSIDE_BREACH
2025-08-22,Automobile and Auto Components,WEAK_BEAR,-1.3,20.95,22.25,P90_UPSIDE_BREACH
2025-08-22,Saw Pipes & Ductile Iron Pipes,WEAK_BEAR,-1.1,27.84,28.94,P90_UPSIDE_BREACH
2025-08-22,Pharmaceuticals & Biotechnology,WEAK_BEAR,-4.07,12.33,16.4,P90_UPSIDE_BREACH
2025-08-22,Hotels & Restaurants,WEAK_BEAR,-2.51,-26.35,23.84,P10_DOWNSIDE_BREACH
2025-08-22,Diversified Retail,WEAK_BEAR,-1.1,-47.67,46.57,P10_DOWNSIDE_BREACH
2025-08-22,Batteries,WEAK_BEAR,0.64,-17.35,17.99,P10_DOWNSIDE_BREACH
2025-08-22,Travel Tech SaaS Solutions,WEAK_BEAR,-1.38,88.88,90.26,P90_UPSIDE_BREACH
2025-08-22,Diagnostic & Healthcare Laboratories,WEAK_BEAR,-0.66,-37.54,36.88,P10_DOWNSIDE_BREACH
2025-08-22,Renewable Energy,WEAK_BEAR,-1.3,-22.11,20.81,P10_DOWNSIDE_BREACH
2025-08-22,Water & Wastewater Treatment,WEAK_BEAR,-1.41,-28.58,27.17,P10_DOWNSIDE_BREACH
2025-08-22,Water & Wastewater Treatment,WEAK_BEAR,-0.38,-29.81,29.43,P10_DOWNSIDE_BREACH
2025-08-22,Zinc & Silver Mining,WEAK_BEAR,-1.32,26.04,27.36,P90_UPSIDE_BREACH
2025-08-22,Civil Construction & Infrastructure EPC,WEAK_BEAR,-3.28,-34.23,30.95,P10_DOWNSIDE_BREACH
2025-08-22,Railway Financing,WEAK_BEAR,-1.44,-29.1,27.66,P10_DOWNSIDE_BREACH
2025-08-22,Civil Construction & Infrastructure,WEAK_BEAR,-4.31,-27.75,23.44,P10_DOWNSIDE_BREACH
2025-08-22,Construction,WEAK_BEAR,-1.44,11.78,13.22,WITHIN_BAND
2025-08-22,Microfinance NBFC,WEAK_BEAR,-0.05,24.93,24.98,P90_UPSIDE_BREACH
2025-08-22,Data Centers & Real Estate,WEAK_BEAR,-1.29,12.05,13.34,WITHIN_BAND
2025-08-22,Railway Infrastructure,WEAK_BEAR,-1.06,-29.6,28.54,P10_DOWNSIDE_BREACH
2025-08-22,Consumer Services,WEAK_BEAR,-2.78,-24.05,21.27,P10_DOWNSIDE_BREACH
2025-08-22,Railway Wagons & Equipment,WEAK_BEAR,-0.61,-27.02,26.41,P10_DOWNSIDE_BREACH
2025-08-22,Aluminium & Mining,WEAK_BEAR,-3.11,11.17,14.28,P90_UPSIDE_BREACH
2025-08-22,Railways,WEAK_BEAR,-6.13,15.44,21.57,P90_UPSIDE_BREACH
2025-08-22,Iron & Steel,WEAK_BEAR,-3.47,15.95,19.42,P90_UPSIDE_BREACH
2025-08-22,Aerospace & Defence,WEAK_BEAR,-3.03,10.87,13.9,P90_UPSIDE_BREACH
2025-08-22,Copper Mining,WEAK_BEAR,-0.36,105.79,106.15,P90_UPSIDE_BREACH
2025-08-22,Structural Steel Tubes & Pipes,WEAK_BEAR,-0.51,12.98,13.49,P90_UPSIDE_BREACH
2025-08-22,Oil Gas & Consumable Fuels,WEAK_BEAR,-0.41,17.63,18.04,P90_UPSIDE_BREACH
2025-08-22,Railway Ticketing & Catering,WEAK_BEAR,1.42,-32.11,33.53,P10_DOWNSIDE_BREACH
2025-08-22,Metals & Mining,WEAK_BEAR,-2.27,15.73,18.0,P90_UPSIDE_BREACH
2025-08-22,Air Conditioners & Appliances,WEAK_BEAR,-3.86,-25.21,21.35,P10_DOWNSIDE_BREACH
2025-08-22,Agrochemicals & Pesticides,WEAK_BEAR,0.2,-61.69,61.89,P10_DOWNSIDE_BREACH
2025-08-22,Media Entertainment & Publication,WEAK_BEAR,-1.2,32.88,34.08,P90_UPSIDE_BREACH
2025-08-22,Asset Management Company (AMC),WEAK_BEAR,1.0,-35.33,36.33,P10_DOWNSIDE_BREACH
2026-07-02,Ceramics & Tiles,HIGH_VOLATILITY,0.97,-11.66,12.63,WITHIN_BAND
2026-07-02,Oil Gas & Consumable Fuels,HIGH_VOLATILITY,-1.6,24.01,25.61,P90_UPSIDE_BREACH
2026-07-02,Diversified Retail,HIGH_VOLATILITY,2.85,-10.19,13.04,WITHIN_BAND
2026-07-02,Textiles,HIGH_VOLATILITY,1.82,-14.51,16.33,P10_DOWNSIDE_BREACH
2026-07-02,Heavy Electrical Equipment,HIGH_VOLATILITY,1.82,-10.31,12.13,WITHIN_BAND
2026-07-02,Power Generation & Distribution,HIGH_VOLATILITY,9.99,-12.96,22.95,P10_DOWNSIDE_BREACH
2026-07-02,Renewable Energy - Solar & Wind,HIGH_VOLATILITY,0.16,-10.48,10.64,WITHIN_BAND
2026-07-02,Water & Wastewater Treatment,HIGH_VOLATILITY,4.05,-18.87,22.92,P10_DOWNSIDE_BREACH
2026-07-02,Civil Construction & Infrastructure,HIGH_VOLATILITY,5.59,-10.72,16.31,P10_DOWNSIDE_BREACH
2026-07-02,Wires & Cables,HIGH_VOLATILITY,0.86,-11.07,11.93,WITHIN_BAND
2026-07-02,Data Centers & Real Estate,HIGH_VOLATILITY,-0.57,13.15,13.72,P90_UPSIDE_BREACH
2026-07-02,Electronic Manufacturing Services (EMS),HIGH_VOLATILITY,4.05,32.85,28.8,P90_UPSIDE_BREACH
2026-07-03,Media Entertainment & Publication,HIGH_VOLATILITY,-0.01,14.24,14.25,P90_UPSIDE_BREACH
2026-07-03,Textiles,HIGH_VOLATILITY,1.01,-10.08,11.09,WITHIN_BAND
2026-07-03,Electronic Manufacturing Services (EMS),HIGH_VOLATILITY,0.27,-10.03,10.3,WITHIN_BAND
2026-07-03,Data Centers & Real Estate,HIGH_VOLATILITY,-0.22,12.43,12.65,WITHIN_BAND
2026-07-06,Water & Wastewater Treatment,HIGH_VOLATILITY,1.14,-13.35,14.49,P10_DOWNSIDE_BREACH
2026-07-06,Electronic Manufacturing Services (EMS),HIGH_VOLATILITY,0.48,-11.77,12.25,WITHIN_BAND
2026-07-06,Electronic Manufacturing Services (EMS),HIGH_VOLATILITY,0.48,-12.34,12.82,WITHIN_BAND
2026-07-06,Media Entertainment & Publication,HIGH_VOLATILITY,-0.91,16.0,16.91,P90_UPSIDE_BREACH
2026-07-06,Paints & Coatings,HIGH_VOLATILITY,0.27,27.42,27.15,P90_UPSIDE_BREACH
2026-07-06,Data Centers & Real Estate,HIGH_VOLATILITY,-0.48,13.38,13.86,P90_UPSIDE_BREACH
2026-07-07,Data Centers & Real Estate,HIGH_VOLATILITY,-0.52,16.38,16.9,P90_UPSIDE_BREACH
2026-07-07,Media Entertainment & Publication,HIGH_VOLATILITY,-1.08,16.16,17.24,P90_UPSIDE_BREACH
2026-07-07,Paints & Coatings,HIGH_VOLATILITY,0.75,29.74,28.99,P90_UPSIDE_BREACH
2026-07-08,Data Centers & Real Estate,HIGH_VOLATILITY,-0.79,14.79,15.58,P90_UPSIDE_BREACH
2026-07-08,Paints & Coatings,HIGH_VOLATILITY,1.3,34.97,33.67,P90_UPSIDE_BREACH
2026-07-08,Media Entertainment & Publication,HIGH_VOLATILITY,-0.88,16.3,17.18,P90_UPSIDE_BREACH
2026-07-09,Paints & Coatings,HIGH_VOLATILITY,-0.52,37.61,38.13,P90_UPSIDE_BREACH
2026-07-09,Utilities,HIGH_VOLATILITY,3.51,-15.17,18.68,P10_DOWNSIDE_BREACH
2026-07-10,Water & Wastewater Treatment,HIGH_VOLATILITY,1.27,-17.72,18.99,P10_DOWNSIDE_BREACH
2026-07-10,Utilities,HIGH_VOLATILITY,0.98,-15.68,16.66,P10_DOWNSIDE_BREACH
2026-07-10,Microfinance NBFC,HIGH_VOLATILITY,1.04,-12.62,13.66,P10_DOWNSIDE_BREACH
2026-07-10,Paints & Coatings,HIGH_VOLATILITY,-0.77,35.21,35.98,P90_UPSIDE_BREACH
2026-07-10,Tractors & Farm Equipment,HIGH_VOLATILITY,-0.26,12.04,12.3,WITHIN_BAND
2026-07-13,Water & Wastewater Treatment,HIGH_VOLATILITY,0.29,-18.76,19.05,P10_DOWNSIDE_BREACH
2026-07-13,Microfinance NBFC,HIGH_VOLATILITY,1.13,-13.37,14.5,P10_DOWNSIDE_BREACH
2026-07-13,Paints & Coatings,HIGH_VOLATILITY,-0.21,32.37,32.58,P90_UPSIDE_BREACH
2026-07-13,Structural Steel Tubes & Pipes,HIGH_VOLATILITY,-0.32,10.36,10.68,WITHIN_BAND
2026-07-14,Passenger Cars & Utility Vehicles,HIGH_VOLATILITY,1.27,-14.21,15.48,P10_DOWNSIDE_BREACH
2026-07-14,Water & Wastewater Treatment,HIGH_VOLATILITY,-0.43,-20.77,20.34,P10_DOWNSIDE_BREACH
2026-07-14,Water & Wastewater Treatment,HIGH_VOLATILITY,0.98,-21.01,21.99,P10_DOWNSIDE_BREACH
2026-07-14,Utilities,HIGH_VOLATILITY,1.4,-12.41,13.81,P10_DOWNSIDE_BREACH
2026-07-14,Structural Steel Tubes & Pipes,HIGH_VOLATILITY,-0.21,11.62,11.83,WITHIN_BAND
2026-07-14,Paints & Coatings,HIGH_VOLATILITY,-0.6,32.47,33.07,P90_UPSIDE_BREACH
2026-07-15,Paints & Coatings,HIGH_VOLATILITY,-0.6,32.63,33.23,P90_UPSIDE_BREACH
2026-07-15,Heavy Electrical Equipment,HIGH_VOLATILITY,4.75,25.42,20.67,P90_UPSIDE_BREACH
2026-07-15,Water & Wastewater Treatment,HIGH_VOLATILITY,0.29,-18.52,18.81,P10_DOWNSIDE_BREACH
2026-07-15,Microfinance NBFC,HIGH_VOLATILITY,1.01,-10.58,11.59,WITHIN_BAND
2026-07-15,Passenger Cars & Utility Vehicles,HIGH_VOLATILITY,1.0,-14.15,15.15,P10_DOWNSIDE_BREACH
2026-07-15,Diagnostic & Healthcare Laboratories,HIGH_VOLATILITY,-0.6,12.87,13.47,P90_UPSIDE_BREACH
2026-07-16,Heavy Electrical Equipment,HIGH_VOLATILITY,4.11,29.54,25.43,P90_UPSIDE_BREACH
2026-07-16,Electronic Manufacturing Services (EMS),HIGH_VOLATILITY,0.98,-12.01,12.99,WITHIN_BAND
2026-07-16,Electronic Manufacturing Services (EMS),HIGH_VOLATILITY,0.42,-12.9,13.32,WITHIN_BAND
2026-07-16,Diagnostic & Healthcare Laboratories,HIGH_VOLATILITY,-1.14,13.1,14.24,P90_UPSIDE_BREACH
2026-07-16,Structural Steel Tubes & Pipes,HIGH_VOLATILITY,-0.21,14.56,14.77,P90_UPSIDE_BREACH
2026-07-16,Paints & Coatings,HIGH_VOLATILITY,-0.7,35.39,36.09,P90_UPSIDE_BREACH
2026-07-16,Water & Wastewater Treatment,HIGH_VOLATILITY,0.48,-17.74,18.22,P10_DOWNSIDE_BREACH
2026-07-17,Diagnostic & Healthcare Laboratories,HIGH_VOLATILITY,-0.6,13.06,13.66,P90_UPSIDE_BREACH
2026-07-17,Microfinance NBFC,HIGH_VOLATILITY,0.9,-12.16,13.06,WITHIN_BAND
2026-07-17,Passenger Cars & Utility Vehicles,HIGH_VOLATILITY,0.9,-14.85,15.75,P10_DOWNSIDE_BREACH
2026-07-17,Packaging & Containers,HIGH_VOLATILITY,-2.27,10.26,12.53,WITHIN_BAND
2026-07-17,Tractors & Farm Equipment,HIGH_VOLATILITY,-0.01,12.02,12.03,WITHIN_BAND
2026-07-17,Structural Steel Tubes & Pipes,HIGH_VOLATILITY,-0.32,15.32,15.64,P90_UPSIDE_BREACH
2026-07-17,Heavy Electrical Equipment,HIGH_VOLATILITY,3.53,29.69,26.16,P90_UPSIDE_BREACH
2026-07-17,Plastic Pipes & Moulded Products,HIGH_VOLATILITY,1.5,-11.77,13.27,WITHIN_BAND
2026-07-17,Paints & Coatings,HIGH_VOLATILITY,-0.6,38.83,39.43,P90_UPSIDE_BREACH
2026-07-20,Heavy Electrical Equipment,HIGH_VOLATILITY,4.15,32.82,28.67,P90_UPSIDE_BREACH
2026-07-20,Packaging & Containers,HIGH_VOLATILITY,-2.27,10.7,12.97,WITHIN_BAND
2026-07-20,Paints & Coatings,HIGH_VOLATILITY,-0.22,30.1,30.32,P90_UPSIDE_BREACH
2026-07-20,Passenger Cars & Utility Vehicles,HIGH_VOLATILITY,0.9,-15.13,16.03,P10_DOWNSIDE_BREACH
2026-07-20,Microfinance NBFC,HIGH_VOLATILITY,0.9,-13.7,14.6,P10_DOWNSIDE_BREACH
2026-07-21,Heavy Electrical Equipment,HIGH_VOLATILITY,4.17,36.31,32.14,P90_UPSIDE_BREACH
2026-07-21,Paints & Coatings,HIGH_VOLATILITY,-0.22,18.61,18.83,P90_UPSIDE_BREACH
2026-07-21,Microfinance NBFC,HIGH_VOLATILITY,1.02,-17.41,18.43,P10_DOWNSIDE_BREACH
2026-07-21,Passenger Cars & Utility Vehicles,HIGH_VOLATILITY,1.02,-14.55,15.57,P10_DOWNSIDE_BREACH
2026-07-21,Tractors & Farm Equipment,HIGH_VOLATILITY,-0.87,13.77,14.64,P90_UPSIDE_BREACH
2026-07-22,Civil Buildings & Commercial EPC,HIGH_VOLATILITY,1.0,-15.39,16.39,P10_DOWNSIDE_BREACH
2026-07-22,Paints & Coatings,HIGH_VOLATILITY,-0.6,18.05,18.65,P90_UPSIDE_BREACH
2026-07-22,Microfinance NBFC,HIGH_VOLATILITY,4.54,-12.75,17.29,P10_DOWNSIDE_BREACH
2026-07-22,Heavy Electrical Equipment,HIGH_VOLATILITY,4.21,30.93,26.72,P90_UPSIDE_BREACH
2026-07-22,Passenger Cars & Utility Vehicles,HIGH_VOLATILITY,1.01,-14.41,15.42,P10_DOWNSIDE_BREACH
2026-07-22,Structural Steel Tubes & Pipes,HIGH_VOLATILITY,-0.32,15.64,15.96,P90_UPSIDE_BREACH
2026-07-22,Sugar & Bio-Ethanol,HIGH_VOLATILITY,-3.7,13.05,16.75,P90_UPSIDE_BREACH
2026-07-22,Diagnostic & Healthcare Laboratories,HIGH_VOLATILITY,-0.7,10.88,11.58,WITHIN_BAND
2026-07-23,Passenger Cars & Utility Vehicles,HIGH_VOLATILITY,1.38,-10.09,11.47,WITHIN_BAND
2026-07-23,Paints & Coatings,HIGH_VOLATILITY,-0.61,22.36,22.97,P90_UPSIDE_BREACH
2026-07-23,Power Sector Financing NBFC,HIGH_VOLATILITY,0.15,-11.5,11.65,WITHIN_BAND
2026-07-23,Packaging & Containers,HIGH_VOLATILITY,-2.73,10.36,13.09,WITHIN_BAND
2026-07-23,Heavy Electrical Equipment,HIGH_VOLATILITY,4.17,30.3,26.13,P90_UPSIDE_BREACH
2026-07-23,Diagnostic & Healthcare Laboratories,HIGH_VOLATILITY,-0.52,11.7,12.22,WITHIN_BAND
2026-07-23,Wealth & Asset Management,HIGH_VOLATILITY,-0.53,10.73,11.26,WITHIN_BAND
2026-07-23,Sugar & Bio-Ethanol,HIGH_VOLATILITY,-2.71,22.07,24.78,P90_UPSIDE_BREACH
2026-07-24,Batteries,HIGH_VOLATILITY,-1.37,11.92,13.29,WITHIN_BAND
2026-07-24,Passenger Cars & Utility Vehicles,HIGH_VOLATILITY,1.13,-12.38,13.51,P10_DOWNSIDE_BREACH
2026-07-24,Sugar & Bio-Ethanol,HIGH_VOLATILITY,-3.46,20.33,23.79,P90_UPSIDE_BREACH
2026-07-24,Power Sector Financing NBFC,HIGH_VOLATILITY,0.14,-12.17,12.31,WITHIN_BAND
2026-07-24,Heavy Electrical Equipment,HIGH_VOLATILITY,4.17,34.38,30.21,P90_UPSIDE_BREACH
2026-07-24,Structural Steel Tubes & Pipes,HIGH_VOLATILITY,-0.32,16.45,16.77,P90_UPSIDE_BREACH
2026-07-27,Batteries,HIGH_VOLATILITY,-1.95,13.43,15.38,P90_UPSIDE_BREACH
2026-07-28,Batteries,HIGH_VOLATILITY,-1.47,13.85,15.32,P90_UPSIDE_BREACH
2026-07-29,Batteries,HIGH_VOLATILITY,-0.96,12.13,13.09,WITHIN_BAND
2026-07-30,Batteries,WEAK_BEAR,-0.01,10.98,10.99,WITHIN_BAND
2026-08-04,Air Conditioners & AC Components,SIDEWAYS,0.73,-12.08,12.81,WITHIN_BAND
2026-08-05,Air Conditioners & AC Components,SIDEWAYS,0.46,-16.12,16.58,P10_DOWNSIDE_BREACH
