prediction_id,prediction_date,industry,prediction_hash,feature_hash,frozen_timestamp,immutable_lock
LIVE_SHADOW_0935784cd4b08f,2026-08-24,Industrial Minerals,e1dd9fb7b4274c7034b943f871ff5c554208c81566796774d34757770a72dff5,f3e62ee7776943b7f440884fa6599e5dc3e6fddc83202551131a9da4c86bc02a,2026-08-24T08:30:00+05:30,True
LIVE_SHADOW_47f80bd1069b20,2026-08-24,Stockbroking & Wealth Management,2fbab3894d28dfb24f22b87b6b70a93d160e4c34c733c85afa50d53c2543e6ae,c69a04db8b140619c910af0bc8d90bbe10eb4b033e8dc52ad29ebe0d95de28b0,2026-08-24T08:30:00+05:30,True
LIVE_SHADOW_1dad0a5d1524dc,2026-08-24,Diagnostic & Pathology Labs,b947a1becc91cb01e3c692f4e3a89e2ce1a517262a58004463ae9869fff80921,0e2af8a46f160b171dac8921fe94b7b7670b57a72aa1ca266780d5d41f66d3f9,2026-08-24T08:30:00+05:30,True
LIVE_SHADOW_d8929802cbec1e,2026-08-24,Mid-Tier IT & Digital Solutions,1a9f8eee9334579b729d5fac43f824954c1813077c571312809ce7b9acadc095,494cce8ff4b2507265058a0f311b5ac8a05d41432ce7ea8c67841020b190d26c,2026-08-24T08:30:00+05:30,True
LIVE_SHADOW_f680ac9aae2bc2,2026-08-24,Industrial Abrasives & Ceramics,91533da5b3170f06dceefbbe08250a5df94eae39b81e3af61bdadcb8a47fef95,4c73470dbb6fe8a6a1e3e4fcf376e0fb83cd799e56c6863a8e7b4b38745daacf,2026-08-24T08:30:00+05:30,True
LIVE_SHADOW_6a624a443f1f61,2026-08-24,Diversified Consumer & MSME NBFC,066d586402db6186663dc2c24ceaf89b44e8894524f40c395bfb6ad5e50513b6,39ce7f99f81c2bdeb4f6d92c57301f0ac41a6a5e882e07557d84de311ad19b8a,2026-08-24T08:30:00+05:30,True
LIVE_SHADOW_e2d3eba10ecd3d,2026-08-24,Precision Auto Engine Components,fa844bf30de4c10d8ebdad55cf7353cb3de1175a8a57336f8900af00738fe7ca,dceb87573fedc30438fd04f77e4147f315d670d985b7dbc749508d3207f71e37,2026-08-24T08:30:00+05:30,True
LIVE_SHADOW_4e887272aa807d,2026-08-24,Housing Finance (HFC),4a080012d44a68c820b04647d7acef6b23aa6de5c43a5f1e397003b2ce90778a,30b10ec18f5887cbbcbaa5b39574a064707b3be9b9b0cdddc2d3addd91169973,2026-08-24T08:30:00+05:30,True
LIVE_SHADOW_f28b09030dd9a3,2026-08-24,Precision Metal Fabrication,52bb1b0479d1637aaa0c3fde3c84cbf479ccaf2909ef37b659fc6e06eeff3a06,06900f36469c819c265f23b3f132554873dd36edc6b6535244a3c428b716caaf,2026-08-24T08:30:00+05:30,True
LIVE_SHADOW_01fef8310abac2,2026-08-24,Oil & Gas Exploration (E&P),b4f599b60902d3984abd1bb67d0b1129563b8b402f4117def3c763b8058e4670,20b214d0f4e487eecee9064b50f668fc8078c90ae9ae922e30d253165ea7c708,2026-08-24T08:30:00+05:30,True
LIVE_SHADOW_439f152e2dc9b7,2026-08-24,Steel Pipes & Tubes,880796de20ab97f0f07d1ee90d5bb61ba3693b46bdec3057191d20e82ada90f0,81bbdf46664deac103a5d3c2943c2334c1982f8b608e8b94d6f5d466c6b7899e,2026-08-24T08:30:00+05:30,True
LIVE_SHADOW_7c5a57cf4201b7,2026-08-24,Finished Formulations,037f2d93372936a55806c21f1541e9c926056b552f6dda1ed173b2d0e907ef2c,8f31202565c69410fbe872e1d002845b1be11c292437f0e0066be780b74bee82,2026-08-24T08:30:00+05:30,True
LIVE_SHADOW_be737aaac37e1d,2026-08-24,Garments & Apparel Exports,310181bd273899098bb65a28a3de4bd046e585fe69931315f2b980c0e5b601bb,c853ae11219e66c07f3ccd326d0e4fdb2d8dc261e4a9b6154247fbe87812f242,2026-08-24T08:30:00+05:30,True
LIVE_SHADOW_bf7a3f07080eb8,2026-08-24,Pumps & Compressors,3144bb98b893f3071951ae31abdb0705a16975ac0950ac551d9c65ef6eb8fdf7,1d0ff52121ee16b12cf4d6e68240a8d7d2901ba1426be495f9cc3a5147c2105c,2026-08-24T08:30:00+05:30,True
LIVE_SHADOW_d95cb19f271af2,2026-08-24,Specialty Chemicals,f31d2e0c4175217cf395e1d5cb3e12d123ffba8c86de60f3b39657c58f5302a9,bbe8ae3a8ea9eef1579440db4c57083d1d0bdf3b7adafceeb80025c61cfbbad1,2026-08-24T08:30:00+05:30,True
LIVE_SHADOW_78c7a60404bd69,2026-08-24,Personal Care & Soaps,68bb74c30aa1e066d39eeeb193add4c7b5f57b07d1d8bc12a19f2efe87e4583d,76b740f2521d41ef59cd5f1bd99c77c4b6530d290464a5f3f7041cb2f44b9e14,2026-08-24T08:30:00+05:30,True
LIVE_SHADOW_10fb3b85cffb7f,2026-08-24,Staffing & Security Services,328bbf52acf6fa64f8a2b71896a3e9e4779926d877c5ee93d3443cb63771fc2f,ff4c866ad83a5cbf2cffa7a520d1d3e4af3ff196321b9881c4cc00f9a9d3b364,2026-08-24T08:30:00+05:30,True
LIVE_SHADOW_bb87e8b6decce3,2026-08-24,Cotton Spinning & Yarns,1e5fd9ba92a8f519621f032c3738c8715c577b627a64b312650049512433a5ec,f04ff08314a792789b1ee67eebb165ed7fdb667afb23804c9e375bb9a3585d18,2026-08-24T08:30:00+05:30,True
LIVE_SHADOW_720fb3927691db,2026-08-24,Hospitals & Healthcare Chains,1c5d8e92e8550ea7ac54ce75b9c2fb998553eec06970d75c065033a8035a5095,3999cb9d6761327b97f053eb6e855c959f45d53f344e9c3d464cb44eed836018,2026-08-24T08:30:00+05:30,True
LIVE_SHADOW_a34689e9208c93,2026-08-24,Refining & Petrochemicals,e292fc79814edff3c1cb5bc3a51d93a8dea5f3915fffea8094717464b4641093,867e342c70c7900bb1f3820c83f6580121f12d70cd3e62ec2cb924ca64cb9b8a,2026-08-24T08:30:00+05:30,True
LIVE_SHADOW_ae3168a85374d7,2026-08-24,Heavy Switchgear & Automation,55bcd8315d28ae63afe149a6ebcda52141191b64d3cc646bfacb04aa642de38f,1b3fe2ae500a9bfdb024e2c194d190904b5260b95da902b02e278767df24804a,2026-08-24T08:30:00+05:30,True
LIVE_SHADOW_0b962fd9d840fd,2026-08-24,Missiles & Military Explosives,ade83a3e10caf2d8b39ed4016a81d85b454ea89a5760d489b28250757701ac24,6f4afa80a19756842bf0de97f151409188f07164b19d3cb6bb48b72695797a17,2026-08-24T08:30:00+05:30,True
LIVE_SHADOW_9e0b6c3f8b1001,2026-08-24,Conventional Thermal & Fossil Power,7c033ec06b4266aff6817a95bbbcbecc03e4093983f76dfe738b0e632674b891,822477033b0b8d265ad9c07743712ec320f425ac56fd60105a316eccd0cb428f,2026-08-24T08:30:00+05:30,True
LIVE_SHADOW_d48194ff42cf95,2026-08-24,Roads & Highways EPC,c8cd06006a3af2358721efffaf38b6121c3172ee9d5870f7972aedb6d16f46dd,e4af76557b5219d303380c2450291ce06135aa7564c3461f97929e25a6ec3287,2026-08-24T08:30:00+05:30,True
LIVE_SHADOW_384e2b35eb6b08,2026-08-24,Specialty Retail Boutiques,8203f73cf219315e0c8840bf7fb919bffbdeb862ff70b87ed27bb1dc43a1d78e,f7a2a772826715b0d96b1971710f05fae88a44aad741013c899c188dbbd092fe,2026-08-24T08:30:00+05:30,True
LIVE_SHADOW_52dad0ce3b2d6f,2026-08-24,Civil & Commercial Construction,98f92ece963ebf74890410f4ba1f65ce101ba720378b76bf4ac7f27d952e4460,9688c868610787e7c48c7ade22070cae393b07b8644d35ce8956ba1ef54ca0e9,2026-08-24T08:30:00+05:30,True
LIVE_SHADOW_d4ccf0a5bf68ef,2026-08-24,Enterprise Software & SaaS,d7d69e98756642d2f6b44f714656d87a0aa1d13013b0ea5faff17f98fbf94233,91314d8daeb00dd34a68932e02587f1500d18960e5719988eb7e5eccd86a42a9,2026-08-24T08:30:00+05:30,True
LIVE_SHADOW_1fbb7945f0eb29,2026-08-24,Residential Real Estate,4db341d1d69e9815d5a2d5a3d0e63d75001f8194478fbd9ea52bba711fd487dd,f67a8316587115bf5436194b3e6d0ec615a9a46e0e737e4d0f6c5df89261f407,2026-08-24T08:30:00+05:30,True
LIVE_SHADOW_826a7b1a836755,2026-08-24,Mutual Fund Asset Managers (AMC),0a5d018dc6c69568cf30beca8c12904903818550f989523d908ad8e2c5c33868,e6cdd0c1aa9d80b7bb1bcaf9e4be1c6617fe23bec16ed66d2e82d36f919405ae,2026-08-24T08:30:00+05:30,True
LIVE_SHADOW_c4623c4fe70357,2026-08-24,Marine Offshore Vessels & Tugs,bf181303cf777a4859916064d3bd73f20511583edc13d29d8174188f12d14f24,c765bc2c51dcd5ddf62f70def23176ad81e3e9db826bea30d20950d8cc510b5c,2026-08-24T08:30:00+05:30,True
LIVE_SHADOW_bef70044bc9c9e,2026-08-24,Integrated Grey Cement,a736e8346fefe8690faf22aea77d697233a4399073588695a0ecaab2ee8912de,e9fb96d5ef24da742102b09702cd0f37019b081dc05acf803f8e4176ef13693f,2026-08-24T08:30:00+05:30,True
LIVE_SHADOW_4a6a4c23f87392,2026-08-24,Heavy Process Equipment & Machinery,66e5ec8d54e565f85ac60485ec6ea50de597963ce4ad6c7346c6f098d70f791f,7907f0d9187752e02dfefbdae259e9e076cd8d1c6986a5c2544b2cac96ef579f,2026-08-24T08:30:00+05:30,True
LIVE_SHADOW_adaa030b978336,2026-08-24,Auto Castings & Heavy Forgings,e115292466ea242cc5230c36b42beca012a75d1a307472ec2d01e2dec8acdabe,9b0b50f3cbe132e4ec9f7efe20c46590e4dacf373f00a9a98dd984ab39e71ac3,2026-08-24T08:30:00+05:30,True
LIVE_SHADOW_bcacfdd8ff5647,2026-08-24,Industrial & Basic Chemicals,b50d949ce71695ec5f298705e86fab8d7202d4615f2bcab4dabf3861a1324611,4e3eb9b9301993c41a393dab204b3dcf9c95e5d57019c456125ac73eb66b6b73,2026-08-24T08:30:00+05:30,True
LIVE_SHADOW_8da62d1a78187f,2026-08-24,Regional Cement & RMC,9e7ad8ad39078547dc216b499677a6fc21344eefde896b5ccaa787795249bcb8,833066b32c2fc9eae3e24ecbc36ef3a64dfea9b9a183bc4b2398ea9aadc90b55,2026-08-24T08:30:00+05:30,True
LIVE_SHADOW_42a06b4ff9854e,2026-08-24,Solar PV & Green Hydrogen,295a052696578e10f4da9861cfa85a18d9d0dc481941a38917cc57ae9ae3943f,9de3c39fbd5d7c007f9e519da46b6191526985aabe21968f6bafedbee3f3f573,2026-08-24T08:30:00+05:30,True
LIVE_SHADOW_5a522408d0fa35,2026-08-24,Commodity & Wholesale Trading,923ae93ae2aad435df2bdf3354ac0bad4e7062a4c0dfcfcb72ae95e82e86c71d,b03ce0de029da122ee42d51f7fbf273ba6a40b94008d477a6ca264a4d4e3f374,2026-08-24T08:30:00+05:30,True
LIVE_SHADOW_7369c4bbcc46b6,2026-08-24,Green Energy Generation (IPP),7ee15cac15cddd51966b15b72787478d522f05bc4e1c84b42926ec278438664e,3a12fd13122452e5fa155e90830f12f911b79320c395e1c70ab5dddf35f3dd0c,2026-08-24T08:30:00+05:30,True
LIVE_SHADOW_5556139bae6b99,2026-08-24,Commercial Ports & Terminals,a3d569669082ae2f1e91f5bde9beb7bd3292d8efa1088574af610e9aa70a3b6d,b0a5c1929eb6551b363343b2791f41ebb0ed4dda208175deb6770051e674feb5,2026-08-24T08:30:00+05:30,True
LIVE_SHADOW_9ba6e84ea66d9f,2026-08-24,Print Media & Publishing,7cc3e62eae40a2cf935ef98e0ee3220bc35463cb6ecdb2541a71b09925f55590,421efba720260b50b5f8bec5785a128cc20d5ea122f967615b4148f289a85842,2026-08-24T08:30:00+05:30,True
LIVE_SHADOW_7d480504eb65df,2026-08-24,Building Materials,1952da3754007f497e6c2eaeb1e69217d7ebc54298f2090fbeb08d1a25ef819e,7742810b4f40be1b1da21ce76ab6cbe76cf00c39647fa7ddd91b585c80d1a04e,2026-08-24T08:30:00+05:30,True
LIVE_SHADOW_23040da14315e8,2026-08-24,Packaged Foods & Snacks,ac9824fe87284afaf692c6f23dad8fb35647970e7189c22d709a38769f015d89,87c585403a3b0ade55ff6114a0996fab299f2b85e37ae34860f92fd1fcd9af4b,2026-08-24T08:30:00+05:30,True
LIVE_SHADOW_66c67dd66afcac,2026-08-24,Plywood & Laminates,5bbeaec5b5f30751594d4889904fa97c293842c13e6aa9f6fddb63c2de9ab00b,a2186798d191d722094e6fc6ee8a0846658af2ce07221bc21d74a6fdc8038134,2026-08-24T08:30:00+05:30,True
LIVE_SHADOW_d37aa839cd85f2,2026-08-24,Crop Protection Formulations,65d94c2692daba5d3c135aaac8e80b75cad8d438e60123b5db74464484b12143,06a3fa019fead9204b247c154d0e7d1d918812363cd8df18392c09a5b9d984fd,2026-08-24T08:30:00+05:30,True
LIVE_SHADOW_fbbab25dd6447d,2026-08-24,Luxury Hotels & Resorts,5f63f14c5c9e8212a3ce8ccce840a9716a51bbeffd38cf868bbb950d42429a68,9ff8121d2eee8eabc970f996b6329f797469e2ad93eb5c05b6800b627562d541,2026-08-24T08:30:00+05:30,True
LIVE_SHADOW_3a57685fbad0c0,2026-08-24,Specialty Enzymes & Biologicals,df7c725005c994da0663931ed4605f4ff1f58fc4011f500da2484736749658e8,f189717f0fe1c7f06a333902230187155ec41a71bf448d78e2e9562d65d27b50,2026-08-24T08:30:00+05:30,True
LIVE_SHADOW_fb032777eac0f5,2026-08-24,3PL Logistics & Fleet Haulage,5581fdb3f92f39e1343d46eb017b08558ef930f3fd4b6f9f2f0fdc922f61ddfe,f85f03e4020983ed83cf0d6e114b3265ac946b4b39490302b5ecb900b51712d8,2026-08-24T08:30:00+05:30,True
LIVE_SHADOW_e592063efa15aa,2026-08-24,Oil & LPG Tank Terminals,39c41c6fd132fbaf5a73b5a09df807555046e7faa947bc4ef3fb2e1ebb635661,39cbc7349d431796a6e4c7fbf7ac5b4132750ed6fe5293ed5c7cba7b404af115,2026-08-24T08:30:00+05:30,True
LIVE_SHADOW_a8bb83bd1c71e0,2026-08-24,Fast Moving Electrical Goods (FMEG),8a49a6127942c2564d93a77a0d7e6e2189f7e77ee596492bbaa4b3c7f64a8bc2,e4bc58cdd48b6e7a40838440117b9cd1587e1809a03d3b3bc27f5deb65a25972,2026-08-24T08:30:00+05:30,True
LIVE_SHADOW_2c07de45d5d8bb,2026-08-24,Aerospace Parts & Precision Engineering,3fd77215c924a2f5205c2f7ca19019d8ed4359a87410dc153e35577b377bb72c,6b30c1ef7a4ce0d16cb6f90be61a17620640ba6e458a40a28333a565d2d6d75a,2026-08-24T08:30:00+05:30,True
LIVE_SHADOW_57625e59280ecd,2026-08-24,Aerospace & Fighter Aircraft,42f6d736d2b0fc601ecccc83d50472cd9be6033407f88978f5130fb41c964b09,d1375a9e6a76def1b1c742f03e55de8c56d5110fe74a2a21ea1e2e382e97f190,2026-08-24T08:30:00+05:30,True
LIVE_SHADOW_6715c802cfe43e,2026-08-24,Basmati Rice & Exports,607cbfe5768f892f7017661c95e0d33b4597f58d1cf0765919b81aeb9da2d536,6e0c44eae9e5732eaf00d086d46fafb0e8cd6d0bc04e5e78c254a9a54c705a46,2026-08-24T08:30:00+05:30,True
LIVE_SHADOW_14ac802ace0eef,2026-08-24,Architectural Glass & Windows,348ece93fc051bf91bf560e7ed23c1afca796f0df056882d9f75e62fc1efa267,a34ebaba624fe38263d6b8c329e5d5c411a72e47916d266e387cec340a7836be,2026-08-24T08:30:00+05:30,True
LIVE_SHADOW_90cfa063a2a31d,2026-08-24,AdTech & Marketing Analytics,7361f82fed52cd163741e4719347fdfb8735e50f09cee85cc589e7737cbdb21a,322f92dc5e400c3a29c8c47550d23fd107cc0968867154cd119426f8b7648e76,2026-08-24T08:30:00+05:30,True
LIVE_SHADOW_e55296407b5565,2026-08-24,Corporate & Wholesale Finance,4e9f830ecd2bba0a9157e3cf4c2e8a80de604a27e288189c375aa503e65a6e23,a7e1948b77b6d0c78d0c495119cefc5842c4695c6ac3aa8802e3ac28f62357f4,2026-08-24T08:30:00+05:30,True
LIVE_SHADOW_ba32bc188511b4,2026-08-24,Lubricants & Specialty Oils,6d4c1c7c3698a884fe2bb8a3e6b6a5db655dcaedc7b707eed84ca48f7d4e0a89,9ab5f42a6534c4bd0c854b4e17d4dcf8f506ded2f996298951f47d8dfee4ebd3,2026-08-24T08:30:00+05:30,True
LIVE_SHADOW_143c4ff8723982,2026-08-24,Moulded Plastics & Packaging,7fb0c69f5c6f3ef15db876e708b19bf5de9a27dff8346cfeec8ab8a0b9048418,c53b418d0507f4be2310bcc7242b75f2f710a00b482f6e35cb6f5d55dc2d2143,2026-08-24T08:30:00+05:30,True
LIVE_SHADOW_489b5df9df4024,2026-08-24,Crop Protection Agrochemicals,1161fe2ced63828e54d3624c4ab94e1edf4ee14a0d37c9ce501ca024244c0325,1947f1ac89f2ed2af29f21e454aa9ae96ee834a60f4688c21cf1bad3ac7b791d,2026-08-24T08:30:00+05:30,True
LIVE_SHADOW_2668e9bffb3d57,2026-08-24,Fertilizers & Soil Nutrients,d0226a8d6684a6646cdd0119ebff2725961f85ab7c5c36c6ef591d8b5ee0a5f2,156336ab2b78693b6cca54e954d705123764d6f2aac3e4cc598eaf9be7644200,2026-08-24T08:30:00+05:30,True
LIVE_SHADOW_b81614d92aefb3,2026-08-24,Printed Circuit Boards (PCBA) & Components,33708a82b19d71fc9f6ed0bef70618fce9ce5d7aa0eaf4a2343d2cbb5f0735c4,61bb460a7094d352f0ced522c69337ced569c1f35f3d38c608d038e0f04bcf4d,2026-08-24T08:30:00+05:30,True
LIVE_SHADOW_d8b3b31f0c211b,2026-08-24,Business Process Management (BPM),8317f1be176432df8331666b4305fa359c1d9a001c70b29f559fe778e64435c9,e303b5416241e6a2a9ff1a183318122b64879c0cf2a279bbf43f549f84a17ae9,2026-08-24T08:30:00+05:30,True
LIVE_SHADOW_8c42ad9c4eb73f,2026-08-24,Biopharma & Biosimilars,9df6e0882326465ff7b3536886a5e0530a88f7fad60b613579be464eb453d95c,159551e4688aeae06a5f49dd09459d3f5447ba35306d21008b26726047d0fd2f,2026-08-24T08:30:00+05:30,True
LIVE_SHADOW_1507ad28844b05,2026-08-24,Power & Distribution Transformers,99e358457848ea093f93c38181c872c934a047c2423352bf865b3d2796b9de51,55de2836be1efee38ca670405bd9268672aeeccc146534db236f737ac7b66e8b,2026-08-24T08:30:00+05:30,True
LIVE_SHADOW_4bf61b79214000,2026-08-24,API & Bulk Drugs,44b9ae98dd4b9440b0eda51cfce980b85697e713d35b1797d66b13af59860c4c,b0c4ceb09cfb0d4e0b781bc56dee3a691e1c42c0b75634a635b8ec3822ee0980,2026-08-24T08:30:00+05:30,True
LIVE_SHADOW_7b22f9efc9ce72,2026-08-24,Seafood & Marine Exports,53dedc8202b85c8e227c7027d1af04ce9bedc6817c76bfc284c8769eb6c03c0e,42c34abf78e306d8461239f7f00afd323461cc0041b31121a82bed165858d40c,2026-08-24T08:30:00+05:30,True
LIVE_SHADOW_215c263ebf097a,2026-08-24,Footwear Retail Chains,b19e48e91d5c2a3dfee4ba779923a29222a8e8d17af3937bce1c352a937cea04,496925d23dc598f6e7a390c1d33f34a032f3dff6ce4219a1b9cd6a229a52b982,2026-08-24T08:30:00+05:30,True
LIVE_SHADOW_dd4e9b0e76ad57,2026-08-24,Pigments & Dyes,1656f3b2240b02993cf13c2f03474f7f628ef3d0cc5298f131041602ba986fcd,3487726808d139f0e50e954e047a8655f37d8f07b81c75decee4d29e40c3c52a,2026-08-24T08:30:00+05:30,True
LIVE_SHADOW_520278e12d9bf9,2026-08-24,Optical Fiber & Telecom Gear,4141e861a7ea045e3be72e889ff9c1b5c9491ad3b3c925c0cb4e9baad8851b63,cef89d2639940c32b43393fa829bb6f01b04f4b66661b596a0d35925fb9c9038,2026-08-24T08:30:00+05:30,True
LIVE_SHADOW_ca0ea39084c504,2026-08-24,Registrar & Transfer Agents (RTA),46de4c17b16b302621c84c87f6c6e6cc102b9b1e3c9a778a7e372d2de610d053,a26a5d9e2bad550545e931437bbbec448e92259b2a0c6d6b2188b8c12b278a31,2026-08-24T08:30:00+05:30,True
LIVE_SHADOW_e72273da0ca666,2026-08-24,IMFL Spirits & Distilleries,c1ad51aef457d296080ed3c03d11891a03964985d26f309756df7c391971dad2,7706a75e9ff9fbda8788e15fbf05377cddbbf8049452e9b4c1a991d7f80ac578,2026-08-24T08:30:00+05:30,True
LIVE_SHADOW_9f37e14379cdbb,2026-08-24,Engineered Polymers & Compounding,372beb08f05777b7507d301b872958c86040537a7954e5c3133c86eb5a628353,1a78bd0b61a2bed84099870039eced1673b622186cadeb24252ebeae42382b3a,2026-08-24T08:30:00+05:30,True
LIVE_SHADOW_e763771c76edea,2026-08-24,Oilfield Services & Drilling,5191c8bd7cb4d15db17ab17dc011eb964da30f1488da2c1ab3d5df6e8da70b9b,062e25cf12cfb956d8c3cd5e90441ad198477958ddcdc0760e53a612fb1dc93a,2026-08-24T08:30:00+05:30,True
LIVE_SHADOW_9c085e1664d0df,2026-08-24,Fluorochemicals,c908da8168c8786523a23606aedcfbd69d283b7939bd8bc4f5241f76f515ee8a,eab5c56fcc16d20fd92517c131cd9787059b648ef734fcca43456d86517a4846,2026-08-24T08:30:00+05:30,True
LIVE_SHADOW_2f5264f47e8f57,2026-08-24,Domestic & Consumer Appliances EMS,3d7d3479f556cd126335799a5f59ec49df2eca7338d1a296ae94961f7d98dc97,c02d0823dca8dd31d184bf4e63285d9cb9a53e90a56a67fb5805d2ca3559ee4b,2026-08-24T08:30:00+05:30,True
LIVE_SHADOW_4ab9c62487771d,2026-08-24,Ayurvedic & Herbal Care,eff540a3f494aa48c6d5cb3ec7ae9561f5e0581258c37ab04e6f3460be5b2103,e94797fa44a77a7a1b9c83422b4eb333c3abd71ba66071dcdeb7e10aae696afb,2026-08-24T08:30:00+05:30,True
LIVE_SHADOW_01b6b27ccb8c74,2026-08-24,Residential Townships & Commercial REITs,a9db98ad3ab8cd89fb9bb8114b14e6255b24a00bff358f93d41da86693c7dd5d,a62b9427f8d91747fc3421d4f17edf62a317fb62ef04574b19ceb03d4b352780,2026-08-24T08:30:00+05:30,True
LIVE_SHADOW_c71a58ab955833,2026-08-24,Paperboard & Packaging Cartons,1842c068873071e48940a7aafb355320ddf2f17378030adcc705c7dda683744e,2de445bdc297c4071ba4319a7fac476f4ce5e5bd915e9b336dc0899ac74a12fb,2026-08-24T08:30:00+05:30,True
LIVE_SHADOW_c2bbe34d9b65b2,2026-08-24,Sugar Refining & Bio-Ethanol,278dbe3ad3497818b3e86cee1359e6c3fa65ead33d9a526e2fa435cf9a59bd38,737a45cdcf7093f04634a33f51f997df2bdaca6771d481d34b13b9ac8ae1f450,2026-08-24T08:30:00+05:30,True
LIVE_SHADOW_44a7d936b564c6,2026-08-24,Tea Plantations & Packaging,d81f38e789f3b731bdeb408b7ff2e5ac2d45c6651d9bcf358f29b40f3269844a,ba579d9da4e227d88b05674f7525b0a50937c84ae4d40fd39b1582e581ec7fe8,2026-08-24T08:30:00+05:30,True
LIVE_SHADOW_be760e115420fb,2026-08-24,Dairy Products,20db08e0ac15c0b903299bcdf6df28b8e6d19f7e9edbc4ea27c579cbfb3afa11,7a40ea06c53af8991e59e110a33226880e210bf0bcfb4986390a117166eede7f,2026-08-24T08:30:00+05:30,True
LIVE_SHADOW_d597ce7f8ff525,2026-08-24,Secondary Steel & TMT Rebars,261121987ca985929d407516269ba252107c86a9417c2ab236047eded953c56b,cb2c030fe79cf54b5ba7fafea7e46b5779888a61b248757234ae8eb4eeefe248,2026-08-24T08:30:00+05:30,True
LIVE_SHADOW_c50d608d9c992e,2026-08-24,Coal Mining,2925e26b66f438f5520b226d37b86696655d81b5c2f15e050119933ebf024cc1,1efe75acd104ecc91766ce07593795c43563ff7ff213441885dd3ac55248655d,2026-08-24T08:30:00+05:30,True
LIVE_SHADOW_489afa5bba8b3b,2026-08-24,Medical Clinics & Equipment,e594ac5f42157e2663fc1e379b72282dce46227fef56f11e42f2ceee59d17d83,77360d1d9894634bc18277896e3fa076563a25e0eba855ff3c988cc50e1a0618,2026-08-24T08:30:00+05:30,True
LIVE_SHADOW_a5dab62c59c822,2026-08-24,Wires & Cables,518a1a0bb8bce9dd5eae39375647a76dfcd3590b8d5aadde62658738b1cbfa34,f5f8e565c23319b836209847421a1840d716938bca45a178a455a071bbe31db7,2026-08-24T08:30:00+05:30,True
LIVE_SHADOW_a2e098d5668332,2026-08-24,Industrial Rubber Products,45b270b9be0abe3eaeeb74f7279a0ed68686c2447ba3fce6772c8892c6a5d728,9821ec6d663291e45cc15eb080c1fed338d2f65c150fe33212028796f0580a7d,2026-08-24T08:30:00+05:30,True
LIVE_SHADOW_5ba039cd4ed079,2026-08-24,"Industrial Effluent, Desalination & ZLD",f42639a79f57a1c79cf4a849c986eb1b3fb0b87ec7526ce1f476fa6f07dfbe41,8fa8c3c509ae9706b7408699c9da046d89fddcf66215545c8b174d00b0f8c93e,2026-08-24T08:30:00+05:30,True
LIVE_SHADOW_bd12c2a2429afc,2026-08-24,Defence Electronics & Avionics,d9c084243ec0f4c714e04b812d00a609391504367cc1be7d6e7906c82fb37ceb,65928999be4162fc2417ecc61ea4304fe6301c29d5366cb5ae24aaf9c776467a,2026-08-24T08:30:00+05:30,True
LIVE_SHADOW_b034ee7630fbdc,2026-08-24,Tertiary Hospitals & Clinics,5ad43a86317e501c402bbb11576e2bc1721f1eb3362f8a1b481170df1eeb5814,a49773a6c907f7f656cf56df4413c3115986ae0404174d25f889285188095577,2026-08-24T08:30:00+05:30,True
LIVE_SHADOW_ee516441383134,2026-08-24,Automotive Radial Tyres,e8a643627e8822b5c9450906145556f983c79b0a27b827d769cc173068bda8e1,e91dbf1e37202d71a1518ae622e242a0c83e4b98c63d8f5e155d2616e6dd27ee,2026-08-24T08:30:00+05:30,True
LIVE_SHADOW_723ffadec4e07b,2026-08-24,Material Handling & Cranes,d10ec9ac0b59b890820f2386708c2efcb70f2d5572ef433a657ee771df706d6a,1f6832fa95f3b6b32a4b27675e6f78716439fae894fd9fc53cbd338a2f0ad5d6,2026-08-24T08:30:00+05:30,True
LIVE_SHADOW_01a34aa85199d8,2026-08-24,Primary Aluminium,abda60c4a77cbfae6a1493af5cdf3042d9971e79e8ae2004151bdde308ab6c5b,47e17d18e4af5f19cf1e597d0770fdbe92a324c3c3de6656040e0737aa122da8,2026-08-24T08:30:00+05:30,True
LIVE_SHADOW_a4ecde11bfdec8,2026-08-24,Flexible Packaging Films,8867274cc369382cd567328829c7153ee6b868e03248ffee57e754a34bb9985f,7d560bb53bc9bf86fdac0e4ce1491ed530693db0d40ca74fbb3758dd2e414840,2026-08-24T08:30:00+05:30,True
LIVE_SHADOW_2ac83018ec1fa9,2026-08-24,Education Academies & Publishing,ecfb09220f7e4453660cd4fc4d4f50bf2f851e9f58cfa0815e64f13290ce8dba,aa48d17f1ee30bb784175302ef344d3896d99468fc18451895741828e99e0b96,2026-08-24T08:30:00+05:30,True
LIVE_SHADOW_5ab39c0058ffc5,2026-08-24,Microfinance (MFI),d48e7582121703cb360b1497cbded803de0772645a082ec3fededfc057e26869,a3667f41acdc4a1229b86286ede057875d577728f972c6b24afe5f363f7bee32,2026-08-24T08:30:00+05:30,True
LIVE_SHADOW_5bc557eedb58bb,2026-08-24,Precision Defence Machining,9eacfcd025309fcfc0d3a4883703c98e3c6f72701b8447820553d2ff498448b3,2bcff558d1125e2d7c24335fac70d897c166fb9325f74e813990ad550daa8288,2026-08-24T08:30:00+05:30,True
LIVE_SHADOW_73e5782b6f6ef4,2026-08-24,Container Rail & Dry Ports,01907fbaf8a01d231615f0fe0eed52aae72ef5d96fb780978b2698d9ecd6dd26,8a2e939639c869231c953d4b8329906a95d1a52e5da6a3a2671099f44949fa98,2026-08-24T08:30:00+05:30,True
LIVE_SHADOW_4114ea8ecac9c1,2026-08-24,Grocery & Departmental Stores,3bc8e89ec4c0170ed711b7aac5aaaadf15260bffff51b3a618634a401611af16,661890982f10234a1e550a5c7372f7d1fbba225f44e0f1a8cc73e1b1750c6c88,2026-08-24T08:30:00+05:30,True
LIVE_SHADOW_c6ab8a66df40a9,2026-08-24,Commercial Vehicles (Trucks & Buses),34fc9553df754c64e70ffc1d1a7d09c76a1323af1f2a1c066a64d80d0bb7d3df,ffebdd916aa691a079471abec033a3e8f68e215b20d3acf0e03fb1b09276ddb6,2026-08-24T08:30:00+05:30,True
LIVE_SHADOW_cdf1974edd8403,2026-08-24,Decorative Paints,f118470c571c67dbad51460012ec8b0ce632a4b694c62efc065461ac3a9c2741,f983a8ddf01209bd9249e727ddacde398eb1d91fc70a6b41233f04109548d4fc,2026-08-24T08:30:00+05:30,True
LIVE_SHADOW_aaed3f89e9ebaf,2026-08-24,Ceramic Tiles & Sanitaryware,316b91bbf808a543b3704d6afff6d548abe9649aaaea26d3205a1baa5cfb0831,fbb5ff19808f0e270ed14ab470d1e8b7dc321533034068609e255a8e59097c58,2026-08-24T08:30:00+05:30,True
LIVE_SHADOW_156bc9773569aa,2026-08-24,Diamond & Studded Jewellery,77d0ec195f2b2474f51c19d701e022959bd40ee965c8acb0ad89d9f0b0925221,43749dfd32e4eb0e0fcd41503e59ffa60946f94e49153a168573c04ed39ea2c2,2026-08-24T08:30:00+05:30,True
LIVE_SHADOW_547c37d0e4d34b,2026-08-24,Plastic & CPVC Pipes,01178917a2660880f1cd030e65771fcca0139e610d62ba4ab8b2b91351b40852,af23be593014edb84c9702b200a5c3c02782ddd39de4f491409dc0324be6d37e,2026-08-24T08:30:00+05:30,True
LIVE_SHADOW_87b2faa9f152bf,2026-08-24,Defence Electronics & Radars,8eea2f229f50e305abb80a9d7a40cdb4fc67a293ca8dc261074f65784261a4ee,17780b9de2768da44d577cb9eeab47ba86a8aa88029276af46c515e36c798f4b,2026-08-24T08:30:00+05:30,True
LIVE_SHADOW_3890bb0fca4b79,2026-08-24,Two & Three Wheelers,b30f81da0f2e3ecc828b78d5cf8be7b25763096595243cbf0625f2d638850fce,e7de056059a8cf89796cefe4b4eae5b7e72de701dc00b06471fad9093475c289,2026-08-24T08:30:00+05:30,True
LIVE_SHADOW_4064b64d07e2db,2026-08-24,Small Finance & Payment Banks,cf33c9a4a13986ed71fcccc15636e389c1be3fa938829284accdf99ea40d4b2e,bfa5fd8eec5b350f1713fde8e24e591a6d5e4f72e6fa995ac14e71ae893f2796,2026-08-24T08:30:00+05:30,True
LIVE_SHADOW_cce92aa517b004,2026-08-24,PropTech & Real Estate Technology,d262bad030500a0277a5cfc1bf06dd975121299ab3f57db7a061bb372518d1a5,99ada7bd8cd05732f61bbb590e8e3f0270f8c6c426f3de93965f141ec6cfa054,2026-08-24T08:30:00+05:30,True
LIVE_SHADOW_4912669e4e1683,2026-08-24,Gold Jewellery & Retail,83fc53f707fcc15a5c1202c0d65b6a21d3d98609140b45fcc7a542c9f39436b0,db4e3bd058c988e591351fc3a849200f687d627bb7b7c5c0f0bed7406e76b749,2026-08-24T08:30:00+05:30,True
LIVE_SHADOW_c35f0dee6834fb,2026-08-24,Precision Machine Tools & Fasteners,ce665f1db1ddf76630bfb2e377c6a74b18e861303c6da38e33201f50047835cf,ef8f8a09a99991a35da7bd15585acf83affbad9281fb08442906188da6b81f08,2026-08-24T08:30:00+05:30,True
LIVE_SHADOW_8cafb3082da358,2026-08-24,Auto Transmission & Driveline,70d35a23abd47e761ba0ad3d3266733013f05dd07b5932266fa250ccc60e5332,410b8f4bf29bc53442e0b5edf8e999a5774e0f074e0d2f6a138f7ac37acf0b5f,2026-08-24T08:30:00+05:30,True
LIVE_SHADOW_eb152d45c2d37e,2026-08-24,Commercial & Industrial Electronics EMS,166c95b9eb2f02940fec648cce8b4904680e8e2b85b3fe49fcc07f1ff39a1857,11ecee4d45acab83ef3ecbecd714cce8f347556ef4bed5e78e35b19fb53a1c04,2026-08-24T08:30:00+05:30,True
LIVE_SHADOW_f5ecf76ea6b9b1,2026-08-24,Engineering R&D (ER&D),20d5df2272d25449a905583c9546bfaee9b4efcfddd89949b08fa80387bba308,a38b660353a717704bb6e276e98766e2d4454d35daeb0ec16e737ac7f7f50542,2026-08-24T08:30:00+05:30,True
LIVE_SHADOW_e7b21bf63bbe5f,2026-08-24,Co-Working & Managed Office Spaces,a9ec926677676a0f11a550a903aebe959dc51aad148195e84acbff8466e96374,ebf7005d6e15e2ff489a50afd0decf7096806eacd7a4b6a8844a34ce7afec2e5,2026-08-24T08:30:00+05:30,True
LIVE_SHADOW_b01c64696eb4ce,2026-08-24,Private Sector Banks,08df8921b5192860ae826fd1dd368a49dbd2f0714d71a0cadf3b1d92755d6990,af50c1bd484ff417490ce177d5005f8fe99f8e97c622036f70549c3af7afdefb,2026-08-24T08:30:00+05:30,True
LIVE_SHADOW_06f15e86b663f4,2026-08-24,Television Broadcasting & OTT,56bee04fe9e0af28a3c00332e5ca9eec31f2fecd117ba3746bedbb84b3c3d543,5a3eafa473c402dcdf020e201c1af0047e4ea6d0cb2c2c796e1d6a1246c46895,2026-08-24T08:30:00+05:30,True
LIVE_SHADOW_83044145ebe8ba,2026-08-24,Music Labels & VFX Studios,0be69cb6d623e5421c40819068d28b1754fcc4c1a9893fcc2382f5369a13537f,ce9aa640791b18a06419ce6ddafa5316464fcac5e70b9d9cbf1caa625b7fc20c,2026-08-24T08:30:00+05:30,True
LIVE_SHADOW_2c63627e8622ca,2026-08-24,Hair Oils & Personal Care,a697dea83347d2ef1658a64252d444c703ff11d9208bb69025e877db027f2350,48a656ff9528c9f2e4afdf4df34bdf78af15bac1b87395b9908c2b5a581c90f4,2026-08-24T08:30:00+05:30,True
LIVE_SHADOW_ad7539221f89f1,2026-08-24,Off-Highway Tyres,71f131d62c4ff131f384105aedcbdae62ee4101b5b89b62f4fac4c7e893f7aea,16f882f638a156237456b799aa5b748a7019c811a73193aa36e0040b519da72d,2026-08-24T08:30:00+05:30,True
LIVE_SHADOW_d09a205afd0dc5,2026-08-24,Silver & Fashion Gemstones,76a8ffab0dd594172ecf7a403347f90f3433a7e93c2a10b7a709d6bcbbff0d56,10d2485b4014ecfd788b4a70e0a461c2a7f865c3bb2710a0c6f82370be8b58d3,2026-08-24T08:30:00+05:30,True
LIVE_SHADOW_95261abce31033,2026-08-24,Auto Air Conditioning & Thermal Systems,fd1c78ba158ae5a68990e3c98efc67aef5404a64df336eb5ace1975de1cca4a0,3af7419a50e823087d8c2b0ee55c018fca31f6a80aac47217c824f2fae22e6f4,2026-08-24T08:30:00+05:30,True
LIVE_SHADOW_5ac81837fa0378,2026-08-24,Public Sector Banks (PSU),d857f955205f432d5109cb437c159f2796400bb3d9a65a3d766720cf6f62a5f7,7419e067e54d746a0ce8417d641870a2dccef1bdc83916a80a2ec14082683a22,2026-08-24T08:30:00+05:30,True
LIVE_SHADOW_128a08c14a1677,2026-08-24,Tea & Coffee Plantations,fce14c67b418bc113d6656fe36e66845adccfb2bcc87b615937b31a973ef71c0,d5c30f8ddca848dae6d6bd4849c51262fb5936451ca2501349e118664145d0b2,2026-08-24T08:30:00+05:30,True
LIVE_SHADOW_dc05fee355ee94,2026-08-24,Fashion Apparel Retail,10f2176152ec64b12f8eb5d034917f63c3dd82f1b30c7b6c677b817fc91755c6,75d352a2f06f1f9383b1e0a34c269650b4262140cfd51f82ecf3d0e0b8b9ab48,2026-08-24T08:30:00+05:30,True
LIVE_SHADOW_c8182f713254ab,2026-08-24,"Rolling Stock, Wagons & Vande Bharat Trainsets",5b54a2b3443ebabd6fa9fc4e3c2c6daab0cb6f7a6153e9dd803e1bef42ff6c5e,b072d522dbeba8c82f98df0bdee48ce5afa54664303d1f0a1af75b355bdb6ab6,2026-08-24T08:30:00+05:30,True
LIVE_SHADOW_4a4d1f3d6edf5c,2026-08-24,Copper Mining & Smelting,e0e2b6a754730e09b52c44c9aac10107bc592e4508aef91550eb5dbacbdb1e9c,0248a19af41e3b0c33af549b355cf3004e053c0f6a24eaf483bc9b77f7b19866,2026-08-24T08:30:00+05:30,True
LIVE_SHADOW_699ac8eff2dd1b,2026-08-24,Auto Climate & Thermal Systems,cda98d5b89b5d156de3d82fbc41ffbcf3b5e1b2bf8ac9587868beefcfb41be2b,f200d0920555e1a2b62b3c0101f4d1ab0c570e722515371467823389c33282fd,2026-08-24T08:30:00+05:30,True
LIVE_SHADOW_965b771e981728,2026-08-24,Telecom Cellular Operators,b643c43a76edf8279339e520d68d55325493e9325b042a70d6e1c83ed85bb828,ca9165ffe07b1948e59c6941b989d762e3e7c8006ba5c40df85a50d3f53f82cc,2026-08-24T08:30:00+05:30,True
LIVE_SHADOW_fd5d4e35c68b68,2026-08-24,Electric Vehicles (EV),c9946ddfc00aaa32e12997f201af941624abb1c9c729082512126991884d142a,6048531595ac20dde6b3ebfcb67f4681399771a54a0d0c8e58c65670e8abd9e8,2026-08-24T08:30:00+05:30,True
LIVE_SHADOW_69f677473b6569,2026-08-24,Precision Bearings & Motion Controls,5ef956a54fff88eb51ec6614ab6fe0349bbd08e4c5e94423d23fa4c2ba86c91c,7a147df20ef9079fab0b99f6f0690d5ce828f8a72c42de1ee7c9aa597cc4c96c,2026-08-24T08:30:00+05:30,True
LIVE_SHADOW_6c33444f881c7f,2026-08-24,Fleet Tech & Logistics SaaS,7d844b33f9bb8305c3b3062c590a51123bad94fe4ab73425802c26d33315f7ee,0db1c51fb0a4b5a9b2eba4e594f8ec97c943afebe5cb57d833b65c2f6f83d0a3,2026-08-24T08:30:00+05:30,True
LIVE_SHADOW_05b1f9060b43be,2026-08-24,Express Parcel & Courier,7f74d2fe5fa0bfa1c3e186a92c2fb716ccfb69ae3da320b371720b3a1bfe840c,e416f8f4c0f805e63a43d8b51483bc7b3c60ae514b209c6e862502cf1b4bb7ce,2026-08-24T08:30:00+05:30,True
LIVE_SHADOW_c2e58ef475d818,2026-08-24,Design & Facility Architecture,92ff388a677c69c2db2ac99c0eb372db91161ec925eb280c318a2106cfe21fb7,1bf6265741a919afc3dd9d9c0687778a0e8405d736e9402f3dee5d81d22f17fe,2026-08-24T08:30:00+05:30,True
LIVE_SHADOW_28b88ee79fc1cc,2026-08-24,Air Conditioners & Commercial HVAC,e2b34718b2370846ef01a335d6e0629d9ef350abc2814f92c75b6e6fd569c520,5b3baf4988842af3e607fe0c51db1f75a55f9e85d1d8bf5dec2a1e832106d0f3,2026-08-24T08:30:00+05:30,True
LIVE_SHADOW_ea98f4ed12a519,2026-08-24,Synthetic Fiber & Polyester Weaving,db9e0ee897b9ae60a7b25b3866466478663325c1da90e4200d99ce001e28242f,ca555043f5c8ac4484ccef510f1a361294ff1cb0571403fe16741f2b9fc6b817,2026-08-24T08:30:00+05:30,True
LIVE_SHADOW_90e5d1ddda72cc,2026-08-24,Kitchen Appliances & Cookware,1174a6cb2d4da540f9ab634ba4484e66cf7fbb056b138ca2bb6eee50e5a29199,60897adb84d14605edcc1d76679e9399a6fb4973819420876c6e8dce2dac9a44,2026-08-24T08:30:00+05:30,True
LIVE_SHADOW_ceef3e91830fe9,2026-08-24,Home Appliances (White Goods),f46d7b58fa7416a57a576d74a16cf8f15eba2790dee7169717366fac3ba5f545,2548af8604af9eb7e7be797d1aab04d9bd3b2f745ba39749b97a6e2e25e7274b,2026-08-24T08:30:00+05:30,True
LIVE_SHADOW_1e8acaaa3e797d,2026-08-24,Precision Powertrain Engine Components,39aec2d26346b015690363bd6cb4f27f8e8a557210f5b38b675a26ae7a8ed4fd,b81775df11fcc4b5b41e2d555ba1b51cbbf27e27a6eece1a43b1d04914caf349,2026-08-24T08:30:00+05:30,True
LIVE_SHADOW_e6c398e1b6e3c9,2026-08-24,Sports & Athleisure Footwear,7fad6c9e92e049feac00b7dd83b3b59fb2b4695b41db1d2592cfe30d169250ef,577e4b35bd2768614ebfc0a153014b812eddf3ed1489e30a9a77c23e26bbeba0,2026-08-24T08:30:00+05:30,True
LIVE_SHADOW_1330fb3172b4c4,2026-08-24,Stock & Commodity Derivatives Exchanges,4d0122274a1d945cc4b7d9d50e0d51e59f9ca224dfbcaf04f1fbd1a1aec4396b,363fa85c4020b511c788d4b98fbdcb8833a5166f8ba3536db2e06f223612d1fa,2026-08-24T08:30:00+05:30,True
LIVE_SHADOW_cece10e30852f3,2026-08-24,Hybrid Seeds & Agri Inputs,e0d850dda5ac4b9b1d2f6e86d2434f47c8324c8adda3c3a5d2ed41b58495183d,f5a557d59e30df02074a475cbd5b2a5a5300c3b29ed19ade0d26d395691da7e9,2026-08-24T08:30:00+05:30,True
LIVE_SHADOW_24f7600a3675e6,2026-08-24,Worsted Fabric & Suiting,29601e66c0cf1fecb549272835c99cbe0f1a43ed1003cb095fe45f090b355267,bf750ab01e0e755c0115df33c47de9dba54b8bdfd1690aec213d9cf0a1c7081a,2026-08-24T08:30:00+05:30,True
LIVE_SHADOW_d5c4028a25bbd6,2026-08-24,Mutual Fund Registrar & Transfer Agent,b115030f2b034e7cf0cea73aa1303bebb02f9a44b599c2802476f5da10ced7eb,7aea97b54aac49559124cd46c271abc172c01883c3cda453364f0f4045ab48c6,2026-08-24T08:30:00+05:30,True
LIVE_SHADOW_6e327f088d00e1,2026-08-24,Life Insurance,85ea3e8950d807ada2280ff55bc8b1442e2bfb6c3bc1063d3ba646fa68d825d8,f27823ca907665c469494fe1aa161056a3d751c1726cccc015b45bcd09d26e0b,2026-08-24T08:30:00+05:30,True
LIVE_SHADOW_04a0b47a00a426,2026-08-24,Credit Ratings & Risk Analytics,9d83136b15e8c4e9ccb2ae2e13c2f9557c6a14b3c76d1887ef9f1340432f6308,24dffa58b1201fb557f1c33b8a20ad183e276c1d6c250ebff25c3e0e11d617bd,2026-08-24T08:30:00+05:30,True
LIVE_SHADOW_68321e046b878e,2026-08-24,Payment Gateway & FinTech SaaS,71f6a050dc9702c50346a125ad0929428422a425fa6b3b6e009f73a580b1a607,4d069460b6b53a0689698908443f398a78ef6675e43dd63346220eb848789926,2026-08-24T08:30:00+05:30,True
LIVE_SHADOW_3491130cbd1626,2026-08-24,Depository & Clearing Services,1d0c18e31d8b0dc2cabd5c3a0d95cf66b081d7a8baff290f45a0bc4c17f0a9df,916dc64668dfe979d036efecc05fb449ff305f49efdb370255299b9731500137,2026-08-24T08:30:00+05:30,True
LIVE_SHADOW_c27c085bf1f40f,2026-08-24,Kitchen Homeware & Cookware,669259c3ab4c02b5d17c143564f4f668363ff18830fba270e5094c5548f21b6a,d4a5df21449f314f451af632c43baa5d9304395107259687d83b22484d94605f,2026-08-24T08:30:00+05:30,True
LIVE_SHADOW_4668ee384649c7,2026-08-24,Power Distribution & Integrated Utilities,336f595e569a0a0f11e7be34b0deaf9158aa1a51fea70eef31d52d42f7a63867,7456fa6be78b0195f454a666a185a920bdb86012aa3063306ca0b4bdca0320b6,2026-08-24T08:30:00+05:30,True
LIVE_SHADOW_63b9d33bfa63f0,2026-08-24,Renewable Energy & Solar,7140e57ee66fc4f7e423fb88e74e9f03a31538765e755700055faf803bbaea59,54342d8533cd1914fbb8c678b8926ea9799eabeba1578ac1ca72f26d7fe53dbc,2026-08-24T08:30:00+05:30,True
LIVE_SHADOW_b76092c33a12f2,2026-08-24,Wealth Broking & Advisory,36cd98077d8a7f1a93e8077f6390257a3e92f7b37794ba2ce4ca6adb3f0489ec,6657f9f06c66df20c68d7856b15f4a1dcad66ab66afc16d1526955ada949a610,2026-08-24T08:30:00+05:30,True
LIVE_SHADOW_fe73ce3ddfb7ef,2026-08-24,Vehicle Finance,05f5a33c4a7b844822797dd594689a06cdcd440379b728ae5ac61421bb868413,b384c4908d1c2e4c6ce6bbe9ebfb6cb720f7df75083e08037c9a449fd324c20f,2026-08-24T08:30:00+05:30,True
LIVE_SHADOW_16a4d5969045bd,2026-08-24,Film Multiplex Theatres,dc65f232c6c1021b5a791645e4afc4ceefa257758fbcf5ce1351afd190666c86,486565b99ff6123a7def059e8ffa65a81d722794d953396803a1d4b17ed2795b,2026-08-24T08:30:00+05:30,True
LIVE_SHADOW_947001cda5a678,2026-08-24,Basmati Rice Milling & Global Exports,5e0043736ef0210ff3dcaaae11daa07996df3aad683736792d5b9a827b0f2534,ef850f3053059c3443679bf81b1b7ad6150cb9c6eae042490861c5a83c60b4f4,2026-08-24T08:30:00+05:30,True
LIVE_SHADOW_1b0cfb6e3c753f,2026-08-24,Mining Consultancy & Geological Services,25ca5089d89c2c3aa0bc1c6a9795e96b8044551ec108be45e0e25d0111227fc4,793da5e308736a8c021fa4de29b4d08baab1d9289e0f2971fe1dc24e74bcd3a8,2026-08-24T08:30:00+05:30,True
LIVE_SHADOW_ee808e32b14c14,2026-08-24,Aluminium Recycling & Secondary Metals,6fb0b5ffd988a863db8cbac33580298ff6d260a4ea1cd025879b79bfd155dfa8,0221fa91f95cd15b02cc965f4b1fdf5cfa00d24de4fa3d51323eaf789a58289f,2026-08-24T08:30:00+05:30,True
LIVE_SHADOW_858396d053e382,2026-08-24,IT Distribution & Enterprise Infra,0d7088e08daaa4ebddf0deb552a0bddea1701f406bca27f42c17f308293e5a7e,4c749e859339a7a2a81ef96abef87056a23b72370a7d1305c37e8e87220f91a1,2026-08-24T08:30:00+05:30,True
LIVE_SHADOW_e96ca5806d91fb,2026-08-24,Naval Warships & Submarines,c6518c2e3bd9e5a5c44553c66d4981964d68e13f2abbbe3af2ed0089e4e3fb0f,3e41a5ee596014e85651ec2f4d2c7a5c30bb6497eaadb5075dce7b434e9971c0,2026-08-24T08:30:00+05:30,True
LIVE_SHADOW_e3ae3e0c269fff,2026-08-24,Heavy Process Plant Equipment,ca205c90ec433aca81d369badb83a70d7f777b506f73ee528e13742f5c6c288b,7c8c8f9791a8e2766fd4ad8545b874cb1b82d905723925eb9cfd06f32f9b68a1,2026-08-24T08:30:00+05:30,True
LIVE_SHADOW_f6edf36a39ae8f,2026-08-24,Oral Hygiene,8362fea4b03cc6bd0475a0fbc5331db9b9a774716b02f66ddc59ae57796978be,223634d315a2183b46f69550278d0e462d201f1ef65f44cfefd6641a6f63a18c,2026-08-24T08:30:00+05:30,True
LIVE_SHADOW_aa6b666b5440f3,2026-08-24,Freight Forwarding & Multi-Modal Cargo,17c96f2d61dbb78bb9d5b66e33ed3c809235bbae616ae7b7f86629f737bdfcef,57c1a205d0878556cea4e47ad9fe9b025f56e31b0c4af8616638560d79043f83,2026-08-24T08:30:00+05:30,True
LIVE_SHADOW_d30e884cfda6a2,2026-08-24,Cruise Ships & Water Tourism,3c87393e24ea1c8126df494178b67229cac1adb3b36de0539afd4d1cc6aafb1d,ce0c77204e09a0ffcb8fd3c4057d8218a37206eaa201592ed4a50e218930fabe,2026-08-24T08:30:00+05:30,True
LIVE_SHADOW_d8b3b31f0c211b,2026-08-24,Business Process Management (BPM),4fe89edd091d14ba92d0f70573789c9304007d3e7c4cf8c83fed899404cb79e9,b739adfe8a972faa10eee8755c52d36fd5f8a624f7220f4146c6ab6f29043f20,2026-08-24T08:30:00+05:30,True
LIVE_SHADOW_558dc70fc4ab7d,2026-08-24,Television Content & OTT Production,d556d23b7c3ce3d9bc1f8c1c3a3dcc33ec7bd2f3012eed073fbb1fa10adeed4a,4f243322c26c2f69702e07c48afae6082b81e18633a322bbe57ec9eb2e66b2a4,2026-08-24T08:30:00+05:30,True
LIVE_SHADOW_1e58afcc55a7f5,2026-08-24,Overseas Education Consulting,d76ad8671bf8f498d274ff7a59e3d18220306c68acfd1b45ff4374e2d6835f7c,c72344582bd909e69d33406df40871007c2f758fead17f46cd7f3f2b55845743,2026-08-24T08:30:00+05:30,True
LIVE_SHADOW_37da6336e7d58e,2026-08-24,Railway Signalling & Technology Systems,11987fbc5a428c2dc8d01e605549dd01172ab7f7a429054f11ad2bf51b67f85a,9f92f045dfc5757e8da076e0e75c85eaab5b396c55823c4e4d202bec23ef2683,2026-08-24T08:30:00+05:30,True
LIVE_SHADOW_4ebb67b4bace14,2026-08-24,Diesel Engines & Gensets,bcb953c2b81cb8d3a3c8cd29127f6c6870141aec35de0320e375eb72d8f369b1,39f9be4a79c25356fdb7dbba3766c29a62f2358bec96cf1273c900c9ee9c8934,2026-08-24T08:30:00+05:30,True
LIVE_SHADOW_b6f1448c9bde26,2026-08-24,Medical Devices & Consumables,4489c4d47282017a1399432f7d91480b2ad8d5c46eb3d36730abadc10147dc81,f64a44ceb12afef812cdc17f32819212002a4c6237c530453f3e16fd29808709,2026-08-24T08:30:00+05:30,True
LIVE_SHADOW_93ada57e9366a7,2026-08-24,Gold Mining & Precious Metals Exploration,e47630060a2d97c32d783d18f0286f5c41d1e735f6f099fc8cfc8f0b8ca41f9c,f06cca01bef2ce3ae4b924ee48d62b14ef78f592e9c5061aa034825305b239ef,2026-08-24T08:30:00+05:30,True
LIVE_SHADOW_64128c990f13c6,2026-08-24,Forex & Currency Exchange,63147ae65c9493f2d5098e68ca404957240245d3232fac4349f3653e5cabb498,bfe12fe44599d6bfdc3265ea80448aa5ed86ecc0692ced731034f6e262391483,2026-08-24T08:30:00+05:30,True
LIVE_SHADOW_6afacce924a0e0,2026-08-24,"Gaming, Casinos & Entertainment",d21ba092eafa48116f26f994233c2a99735eb438cb31caa2fd52585301d33585,837b1336fbcfe926bb250a89efb6d4e51d71d5fba02458f2f37a00ad7c33ceb7,2026-08-24T08:30:00+05:30,True
LIVE_SHADOW_e1cf4cb06e5db9,2026-08-24,Cable & Broadband Distribution,75473eead562024951024d6228ed3573da95ab13726cfd824a285c37eb58d026,67f22d81c54db818d07875a966c16be9746ae97d67d6dbb6cfd0bca4b03620f9,2026-08-24T08:30:00+05:30,True
LIVE_SHADOW_52b7ac6b433b0b,2026-08-24,Specialty Electrochemical Chemicals,a086e5d845e1c0206f4eb97fe2dbb99af5a828ccf0587643e8a6f75c4fd2c27c,33b595fe1734fdbf5833b3ac0ba96b27a2da634c0130dbb52ee74ed7a1899720,2026-08-24T08:30:00+05:30,True
LIVE_SHADOW_3388c25c64a1c6,2026-08-24,General & Health Insurance,db9347adde7891a019ec5afaae60b9ea415ca99e06f2f6cacb8000771557fd62,30ce544388b062ebb78717a56a1cf5e468bb975fa24a71566d3fe710be0ce80a,2026-08-24T08:30:00+05:30,True
LIVE_SHADOW_bd2aae0dbf64fb,2026-08-24,Railway Signaling & Track EPC,f98c98a3313ee6fd84d45f560739ac5e56c67b779806bf54f1f4b015252c8745,ec1da3cf65c842d4350e678881d43fdb3d2ee1c0c9fa92f9d6ee485ce92c9978,2026-08-24T08:30:00+05:30,True
LIVE_SHADOW_b2818b1d6bd986,2026-08-24,Foundry Equipment & Shot Blasting,343502d3dbb64c16dd1f79936d67ad2f1d11efd69f8a32ab082e704111905538,8c3018e6af981eb2a9234f6530e4f32907649322811b4932bf57117a6d79f92c,2026-08-24T08:30:00+05:30,True
LIVE_SHADOW_9db2b87dc550a3,2026-08-24,Bridal Gold Jewellery & Retail Showrooms,8dce70b8fa74fbc6a8d4cecd23b9d40b51d76e3ccc9529713d06d8261c5da0d9,bc9d0bbba1549a5bb1fbe238b63095898b947cebbb1b8cd082d0ee1644c9caf0,2026-08-24T08:30:00+05:30,True
LIVE_SHADOW_e22296799cbf3d,2026-08-24,Domestic Consumer Appliance EMS (AC/TV/Washing Machines),25405a623ae7d2edc18c106e03a0a6a64d5c421298f3a6730c604dffa1bb2fe1,c53d898903486dde081828fbe78ebc172addccfcc16ebf328ae9acbf56b698a9,2026-08-24T08:30:00+05:30,True
LIVE_SHADOW_96155dc3a9b50a,2026-08-24,PCB Assembly & Fabrication,ae74d99cece757f1406dcb66ce4088238d4e13b5f234349bc8113a0bd04e8970,91a9b4468d74f037479e38d509bcb05f0f70eb12d38855c2ad1335dc79230ae9,2026-08-24T08:30:00+05:30,True
LIVE_SHADOW_dba2e5077c6e69,2026-08-24,Networking Hardware & Infra,c765d3ceb88ae9d18168270efaf7f66f075ce4afdc92655f1b0c3dcc83777831,840e31577b8fd512ad3a45bca359c6aca6ada05db8163ca541867e9d425b5d85,2026-08-24T08:30:00+05:30,True
LIVE_SHADOW_7a8adb566b1453,2026-08-24,Liquid Milk & Value-Added Dairy,3c978316c5015b93a0fcc8fcf2aab3e9e97bee4febe3d6bcfe823bde523ae166,935b8ddf91c284f3cc25307a2b7124a94811eb527526e7ec41ec3682ae12efe2,2026-08-24T08:30:00+05:30,True
LIVE_SHADOW_9a1ec448cb20a5,2026-08-24,Innerwear & Athleisure,293450449f81d651a1f421a1c7429e635da02ea5b22ce75564b564cc2da03f52,feefc25534a8f8a737610a9df14e47ab43bb8c1162fcc18b8d6389837880b7cd,2026-08-24T08:30:00+05:30,True
LIVE_SHADOW_a470d516a9c733,2026-08-24,Polyester Woven Fabrics & Suiting,f42d3b0e61d6f27d0adff643de541a27b14e07605be73a469f24be6f27354078,a88809ffdc5ee98031ed82d45e99f0961024f7d10f6ba8e81bd34858468ce5c8,2026-08-24T08:30:00+05:30,True
LIVE_SHADOW_bb6f7358525590,2026-08-24,State Distribution Companies (DISCOMs),251740c8470e98eaed64f7e0556c6af56a63aea281f789bd331c0f095351e967,7d6264d65a8c205d3b9b79ef010e481bd400d87e4ed53fd29d698112f7eec2c8,2026-08-24T08:30:00+05:30,True
LIVE_SHADOW_71b07a0406569a,2026-08-24,Airport Lounge & Transit Tech,bb43be715ddb5a2aa74c523aaad8da6e230e35e50c495184e7b7302ccbd9066f,438505276c76c6c8ded691e13490674da7ae897e92e447785e6aeb2d49e12e1d,2026-08-24T08:30:00+05:30,True
LIVE_SHADOW_c4ede569fca2ed,2026-08-24,Staffing & Workforce Security,6c31f21266a9901d4ba662c68743461cfa828bbf9c683c91a80dde4ae18b22e0,fcced24f9a6be912aac7c77896fba1fac16347ca990221484bfb3c040b7dbc44,2026-08-24T08:30:00+05:30,True
LIVE_SHADOW_8094fec8a25c1f,2026-08-24,Cloud GPUs & Supercomputing Infrastructure,e19bf1527ea2e93145d5176f029988cf881b47107d379f54209218c09029ff0f,6e51479b55b8fa14cfba7ce0b36e95b4ef57175932f0fef0ab8633469e05ba5c,2026-08-24T08:30:00+05:30,True
LIVE_SHADOW_436e05c49b3e1c,2026-08-24,Online Travel Agency (OTA) & Flight Booking,7c4558414cba74fe84e3f33e5438b6eeaf3d2909f7b01614393271b5b40ac212,5c3d90719ccb68c73d651094d809a9020ae77aeab029ebe395fb303e396fe3fb,2026-08-24T08:30:00+05:30,True
LIVE_SHADOW_d8b3b31f0c211b,2026-08-24,Business Process Management (BPM),7489191ea3ad2ca897b546238d08d5af686914185b00c58e55908d2be007f448,a6cdb49f8e5a72662d0178cbe7d943cd323ffb37ac046eb4fbca2b8cf55322e1,2026-08-24T08:30:00+05:30,True
LIVE_SHADOW_0131ff34910411,2026-08-24,Recycled Polyester & Eco-Yarns,0a928ba2be2cd6433d305431d27050a82811d6f85b3db0a11297b641d99603ef,4b520d0030d893bf6b971aca7328b3db8ceaa47e8f4d9b67b723ad3c66509fe3,2026-08-24T08:30:00+05:30,True
LIVE_SHADOW_bb7c5f6fd8dac0,2026-08-24,E-Waste Recycling & Sustainability,654856fc19a279fbd48b26a0fe3d58b452facaf922805242902e8b46f1b1158b,b8500272ead5b560d56cba8d47f23d6cfd230c2ac6cf4de79c4ba92ae7f3d010,2026-08-24T08:30:00+05:30,True
LIVE_SHADOW_db74134602ed98,2026-08-24,Heavy Infrastructure EPC,5d38bf7c5855f3a495a1b7a037166be9e0a3c914328249906e49b2522be69c00,fc1c89dc7ec698375eb8182caa11e8c24afdd008eb8b82087d32ea485ad440c4,2026-08-24T08:30:00+05:30,True
LIVE_SHADOW_96ffb6327000b7,2026-08-24,Passenger Vehicles (Cars & SUVs),1cdb5de57d027a4d7c4340b6f39714c762fba9080af29920d471c1718e5ac7c8,2a617bc5e4d0dc03693cea71e9d2251136001d2c907de554cd736ee4ea57ee0d,2026-08-24T08:30:00+05:30,True
LIVE_SHADOW_ba361da9407937,2026-08-24,Tobacco Products,c119c82b1bc13e04c23f01716a5db817f916a2900bc286163f6c76a0c6dbad17,f884460b89025482c419c0ee30df92eb2d0b87e055dca547c52b676f93d74248,2026-08-24T08:30:00+05:30,True
LIVE_SHADOW_39f4f1aa743f02,2026-08-24,Advertising & Digital Marketing,f8a7ce709ba0aa15fe4cd65dc6ecabbdc575dcda1a7520c0ecde02e39252924b,fb2b5e1a377763c30e202445182ff1781764e04a4b27f4c7621b0ac2a6364101,2026-08-24T08:30:00+05:30,True
LIVE_SHADOW_46c734c29cb297,2026-08-24,Pre-Engineered Steel Buildings,47daa542015eb409124a20041b3954d2ce742612b9621c7028daaa1d61dd51b2,5e4a94d1fb92054dca14a4259bee3e31958a4a136b35586629777e7d7ba0dd20,2026-08-24T08:30:00+05:30,True
LIVE_SHADOW_7fbb5ad287cd55,2026-08-24,Wind Turbines & Wind Energy,5bd0ae6a39c32338ae7bab89d9174cc0f7346b0fa010037a60226fca0aa79e82,78a5aa9a9857f839c467129ea3299f8b8fa061cc514b2ab6782c0e967a63f5db,2026-08-24T08:30:00+05:30,True
LIVE_SHADOW_d6cfc5b7897842,2026-08-24,AI Servers & Supercomputing Hardware,276d4a28319a693a1c35fba0f898d84616d180e66e0784ecceb121a7e9ec2438,93019f31352eb996caae102e67f0d0f69260bf98fcf9ac8a9751e36c0a839200,2026-08-24T08:30:00+05:30,True
LIVE_SHADOW_bdd5d860612e12,2026-08-24,Tractors & Farm Machinery,9e7c07029200ce9d1d45af343e67d830c74c04d3ceb53561c1d21e21b31e7a2d,2b24ec78b3e49c955a8074a7530dc3d1a3e888b5b8020779e2f54eacde83c244,2026-08-24T08:30:00+05:30,True
LIVE_SHADOW_f0cf2b5162b3f4,2026-08-24,EV Charging Infrastructure,5be92f02fb4ba44417d315dc28e5630cfe2bd929d4b6d0195a233f2b74f9366e,f85376605c81b6eb6e902343bce00c0dd4627179bea734aa5e53445718afd764,2026-08-24T08:30:00+05:30,True
LIVE_SHADOW_e3297145ad83f1,2026-08-24,Auto Batteries & Storage,0db64a00907166cba53deaa9ab0b0f9bb95a70a4886628ccc0272245876aa447,ddfa6371cabd988c06db71d94a88c67ffefe8b1fe1d5b97254f614bba72d0aae,2026-08-24T08:30:00+05:30,True
LIVE_SHADOW_a198ead8f83893,2026-08-24,Home Textiles,a8a69dfc4a020cb0fb106d1d73145154ed948855a9781e37d6d19b176e992a48,93153cdc5653a14d565efb638d3e23af7f6c7054ba03824e0d13b966d4333c77,2026-08-24T08:30:00+05:30,True
LIVE_SHADOW_1659d2f3a9e3cd,2026-08-24,Water Infrastructure EPC & Supply,6594f0486a1caaa9c808325db2d4b9305d15b93e01539a82ef0351b606b1ab88,7c26d3c225a096e603f603b6bbe3f90d81fe12fda1dfd5bb2d2d3490972f4563,2026-08-24T08:30:00+05:30,True
LIVE_SHADOW_ad4d5e46f8ebe7,2026-08-24,Auto Lighting & Electricals,c64923b845d9ac698a48a83ca9e44cef4f697c7b5eacb002ed6e0d889d7b6fdc,dee6a7902600553ee1caf65f862bcf5d476d8328bd05a4ef025faa5bb0913cdb,2026-08-24T08:30:00+05:30,True
LIVE_SHADOW_e1c617e1b5c5e8,2026-08-24,Stationery & Writing Instruments,f4438f40dedb8d8af92f8ba6bc1b9fb7e07b083c23cc0dc9f51ed0a168b7f24d,694445efb77cbae91164705f532ce3c878ce9ce56acf9ff00d1d76224809e89a,2026-08-24T08:30:00+05:30,True
LIVE_SHADOW_eaceb498573ec6,2026-08-24,Passenger Airlines,c52db9f4d457299b39f0de5baf4b58b5b998244d477032f5ae7c5943a51b6969,c1c00c4ac65190a142a4823f0d59abff32419586b63326f989af8ab5342aa27a,2026-08-24T08:30:00+05:30,True
LIVE_SHADOW_cc04cb6dcd723a,2026-08-24,LED Lighting & Fixtures,173a0ae52ff1f14e1e5c0e2b35449afecf4174bb345fd682b1db5e0f71cd0ba3,f17f661c3384903a3fb00f7a1c0a2fcaddb337108a70d569545c32d42e01b2dc,2026-08-24T08:30:00+05:30,True
LIVE_SHADOW_7b7afa44c110ae,2026-08-24,"AI Solutions, Analytics & Cloud Data",7b8aa951830daf605af1f47ef1d496f826e5668abfd8fa47efb0c2b5ebc87c32,73f4cbcbb8818e70991eb5ba501a661be50a1639d372ffd91bfe028cce03eb5e,2026-08-24T08:30:00+05:30,True
LIVE_SHADOW_18b0d69a8e057f,2026-08-24,Gas Transmission Pipelines,3b39b93c09709dcbcf612504e72032fcd9a0fce2c858c729c05977840c2ef8cc,22234d10cc7d7da31f4cfe54dfccc1bf90bf3ea5242ddae837c427f30b2b81ac,2026-08-24T08:30:00+05:30,True
LIVE_SHADOW_258607c937b030,2026-08-24,Edible Oils & Vanaspati,8b53c9814f6fa56b99f2cde53e10926c971068fe7fa85fc04aa9e5ea571c99b1,f2a4e597ae85f22cf51908dae00c3bbc2ef403c2124e493040df539001b023ae,2026-08-24T08:30:00+05:30,True
LIVE_SHADOW_c5821136bfda8b,2026-08-24,Liquid Storage Terminals & Logistics,1bcfa00085963bd48f9153c6c24f7d2c15616a8d3241d5821ec3c5ea7c3eebf0,85ae4ee490c497aeb369846abab710712b59e0d673176ed886f22707a0272f04,2026-08-24T08:30:00+05:30,True
LIVE_SHADOW_1728f150c34cf4,2026-08-24,Geospatial AI & Digital Mapping,2557c0e255d8e378bf20f60222f27d5bee4db5c5e2c0f3225c399c4315bc118a,fd299d020565a5de1e9e1a499f5e8ed686f8c94c95a0300477e32a3aa7c45486,2026-08-24T08:30:00+05:30,True
LIVE_SHADOW_e54d638ce34a6b,2026-08-24,Tobacco Products & Cigarettes,0a7181641d455232253cb372ba8de783c6bcaaa8b48ce52f829d1e9172185bf1,1d715ecfc91d8b1bbc595ed1a92aaecc3c56e29ba7477104031a404d368c906f,2026-08-24T08:30:00+05:30,True
LIVE_SHADOW_47637ac1d5066e,2026-08-24,Automotive Radials & Off-Highway Tyres,8e3ccc590b2b537e34c8e64d873edd3a361c889cfb4e854cc14342526169756e,34893d35ac7290f41c3904fbb143583ea606f2e1a2cbd863d68beb58381f6e7f,2026-08-24T08:30:00+05:30,True
LIVE_SHADOW_4d6770c3a12e71,2026-08-24,Film Theatres & Broadcast Media,80b8af2b35a8b95209df14b0e05d543db28aa066f92170cafc0b0ed442953eee,05514e8bb4cc0558ce223b7b87605dc362f0c3c0b42191f5fb709fe570d287ea,2026-08-24T08:30:00+05:30,True
LIVE_SHADOW_cfb20ae55e3f4e,2026-08-24,Metals & Fabrication,162d9d9a65ed38d01eb307e9540e4eefadf604a4ce997e334561cc3e71fc106c,2f7a043fcae222035b8485456c718a17287d1ec704c1a18153a281e2d42dfb06,2026-08-24T08:30:00+05:30,True
LIVE_SHADOW_5bbca462de85b1,2026-08-24,Zinc & Non-Ferrous Alloys,6fa9898fddbd3ac7384e594dd4bf5432f49ba9fac3df5c7bce37bd035a3bbbe8,c0b128bb8a3b808d6201cb6adf4e6459bb66aaa801cefbb4590257fe9e51cf8e,2026-08-24T08:30:00+05:30,True
LIVE_SHADOW_4cb0d2a2d4a697,2026-08-24,Optical Fiber & Telecom Infrastructure,e3c21a055cc0eab6166c2cf9fa1ef5e1aeb924db68de1d123a21868cc5322b3d,b6df40d22eff1e8b3a4698cc437679e962d8b250eb0c02f61ac0799fd072c467,2026-08-24T08:30:00+05:30,True
LIVE_SHADOW_adafc7b90e4699,2026-08-24,CDMO & Sterile Injectables,d79587dd31042e7adac5878cdf32697a170baac6e430fbbf252541b67860c476,53d337e92f769bf8547cfc30662d896197736d9b2695c46dc71426d91c3deb21,2026-08-24T08:30:00+05:30,True
LIVE_SHADOW_9d6e1bcbc94ace,2026-08-24,Consumer Internet & Super Apps,f7c2ea9e78e5a71901e6adcd36657411e4a18e5b34478921dcaa55cc3fee1fe2,51f5093d8a0e345f129e0fa5d2356e2bc233e4e1011856676f24ef5828600819,2026-08-24T08:30:00+05:30,True
LIVE_SHADOW_ecc35568cbdbe4,2026-08-24,Architectural Hardware & Fittings,28062170142f12d7f50b55593fa0c3cf0ea5a6b96098a2775ed5f132f8a568a2,a85c2d8e30f732547ef398576c2c2db2a0160d5cdcee7322fa779375e104af64,2026-08-24T08:30:00+05:30,True
LIVE_SHADOW_5bbca462de85b1,2026-08-24,Zinc & Non-Ferrous Alloys,00f695d2ee6826c84798aeade5ca6f00ababbb8fa07fc490b15cbf837089c1e0,44bd4aa47b1da57dff8e9a7742badbaaf7d710e3f740faebd20a02ebeba7dedd,2026-08-24T08:30:00+05:30,True
LIVE_SHADOW_eb872f5d88d6a4,2026-08-24,Thermal & Renewable Power Generation,5d38a4a306afd0403a4ba1037a36d768f92e249817f22a3442466ba3d9c30d2c,39d6aa068bab95cf4cbd96b948db2d17d483c203d1ac8262127f39f3b3725c11,2026-08-24T08:30:00+05:30,True
LIVE_SHADOW_38a44382862bf7,2026-08-24,Industrial Compressors & Pumps,ded13b4a27eb0415d572394e60aadc34e7d6b02ab4fe4b12d6cb18fb33eb7c6f,29acc2f7151e9b0359b3563b697b04640a611769602f91f5dd2cd78c004dd3c4,2026-08-24T08:30:00+05:30,True
LIVE_SHADOW_3f1249a2bdaa5c,2026-08-24,Electricity & Power Exchanges,3cbefb9f381b6fc226e8a7eca8e1cf4253cee71cabe1eaef5ed5c10ee9540118,3cc83bc432b3ac0a1c1ccc7652d38de31fee50173269b6da708cd2d573dc3aa2,2026-08-24T08:30:00+05:30,True
LIVE_SHADOW_24731dcd1afae1,2026-08-24,Ferro Alloys & Secondary Metals,6cbc67b4af9762305b58de6ba89a50f7a6181b12430e5ea74ee7f5ee0b1671d3,6861c68a38b36264b5a61720524555025e337ba42b4c1997f6534442db240452,2026-08-24T08:30:00+05:30,True
LIVE_SHADOW_554bc29aab1955,2026-08-24,Healthcare & Life Sciences Tech,affa74067855da39ee64f2476ce23d0ae7af45a7be7aceb9d031510ca8800f8a,e3febd39d8300f32b3ead330bf1be2562c3c6fc6d763345ea1fd72e9a5bc6560,2026-08-24T08:30:00+05:30,True
LIVE_SHADOW_8d0923c03d0b80,2026-08-24,Tier-1 IT Services,c2172dc87058438a66336e7b37703c5d8833043eb62b4b30dd95121df150efbd,d19f5fbafba4cec58824ff8e56260769ce43bf86f72a6f774900ecd430b50d74,2026-08-24T08:30:00+05:30,True
LIVE_SHADOW_5c344e693dcd53,2026-08-24,Financial Software & SaaS,8c72595e4d4cb3c7fef2efcda5b935cb592df103abc6b5639c938ec15b9d34a8,f2ae07506d6105c2740dc629ecc1a898f2f0f6ebc20b245d9149271b19564441,2026-08-24T08:30:00+05:30,True
LIVE_SHADOW_5353eabc5bfdfb,2026-08-24,Railway Ticketing & Catering,77b1d5f4058bc602b57728623810c37ea4fd7b9c9e65fb57f2778a3d512c32b5,58d3a9a93437823bfee4a4cef2e333af5470b2a36cbe417a5e1597585d33c116,2026-08-24T08:30:00+05:30,True
LIVE_SHADOW_7a43f36d149328,2026-08-24,Railway Lease Financing,17bab6c327b6651414d1b87bde6cd8d62b52008e2d371589dd4ca96deee6856c,def1b57db43f2130615bd5fa71539e0c72ad7acf37dc986a0b32bb8007636a86,2026-08-24T08:30:00+05:30,True
LIVE_SHADOW_28968cc98453ca,2026-08-24,Industrial Parks & Special Economic Zones,a4e67c37933ed5f109c8e364649d574d382529d5ee382d23174150967ce74726,19968b3558d5c265687f1c76d2a0b954e02edb230b366d27a1c7e0395716ea0b,2026-08-24T08:30:00+05:30,True
LIVE_SHADOW_e55181275bc912,2026-08-24,Higher Education & Online Learning,7c83c554f58c5ddf63dffd0b95bba4f5096337418351414a94631094095e23af,214624298fa8f7ff8e7917b38c44a759a93d6c1fd9b34a0fb35d7bd048523255,2026-08-24T08:30:00+05:30,True
LIVE_SHADOW_1f83f42669c509,2026-08-24,Stampings & Pressed Metal Auto Parts,19f747600abf77d667e3db598ba7be39c36f09f61ea2693a3c32376be9042383,865e075e36c79230deaa6a097d1d4f0001c114e42c74d1b7ce1b154b683cb811,2026-08-24T08:30:00+05:30,True
LIVE_SHADOW_07f9f573f5f891,2026-08-24,Micro-Irrigation & Agri-Plastics,a15fc1851090dd5d161ea5436ad3f3bf9da27c24864356f7dd2578bf617b57ad,7527d65531ff60f37f938947ed77c83b874f1cbc8ee9ecc71a2c69c4d7a229a7,2026-08-24T08:30:00+05:30,True
LIVE_SHADOW_3f6484ad9087ac,2026-08-24,Stainless Steel & Special Alloys,9958a5031df2a0b69206a36605211625d93bbf09b1feb7b6f91f1ca23c7429d7,73c9b318d13417fcfa869ce2b0951d574fb0315f40bd0ea22d3c82594261116b,2026-08-24T08:30:00+05:30,True
LIVE_SHADOW_1a17f4d2f8957b,2026-08-24,Consumer Internet Platforms & Apps,a2ecf106f6d63b8ab3f51ac84fb7cc891ed7feaf4d6d73de41de43db8a0841d3,50c58da98fef3150c94839321c5ad68d583c6e8a0f65be73690a3cfa1c155734,2026-08-24T08:30:00+05:30,True
LIVE_SHADOW_94671a5afe53ac,2026-08-24,Plastics Processing Machinery,513c5d68fbff883620684efac14f06cd1d0fba9dc2332684f0025a42c30b043f,8605901f2c407443c0643c6e1414e1d795f6a455041ec6c357604492a808fbd1,2026-08-24T08:30:00+05:30,True
LIVE_SHADOW_a9e523036a3f66,2026-08-24,Industrial & Aerospace EMS,4563d7f5db7ae148e30afab98be2142d8bc75eb3f6d4375ecb1fe03a0942e116,e89c673e0d95cff77cbd5c7183bd08057a1d6a6258a2525973ec6bede5bd7ae0,2026-08-24T08:30:00+05:30,True
LIVE_SHADOW_379d1d12da6129,2026-08-24,Power Transmission Grid,4a65ed2ad3ec7b3832b709523fec0ab4297de9b3375fd98c1e0d262eeb6e40dc,acc16f355247ee2726a3a68c97d333fe09331b53987e9fe6b75442a39737cd9d,2026-08-24T08:30:00+05:30,True
LIVE_SHADOW_b1d60dba19503f,2026-08-24,Iron Ore & Manganese Mining,a56ac2e88e2b8c87a2495a99ca1fa24c9afbabc498f93791f2c3c77b6b8631d4,b1993c1e5f073ede7e0a9a4a0d59243911494a05ce7ca3e36d9ef10cbcb55c7a,2026-08-24T08:30:00+05:30,True
LIVE_SHADOW_3a5a9a91fe6566,2026-08-24,Consumer Lending & BNPL FinTech,798f5ebe81afd588b66b1d0123a958853df930025aaffc6db31d09a4f7349414,b33df15c45fd6d93d94cd1bac7545d30b3419734d1d45ec972fe0d231a3a7242,2026-08-24T08:30:00+05:30,True
LIVE_SHADOW_258607c937b030,2026-08-24,Edible Oils & Vanaspati,5e19f9b8092fbd542fca7764f7523b0801b0081f0efb8b8a4de56e6d1a3a6c52,1f1323139398c0019c01b850cd1b4e254322060b67cc44160c6dc5506684e178,2026-08-24T08:30:00+05:30,True
LIVE_SHADOW_83b84cf40d4689,2026-08-24,Commercial REITs & Malls,cd03b7403cf39483e42614738cda4eeb43b939d137ad89ef43a3d4f9d2034a3c,53051e3ccaac1304ea194fe3a6a4ba99d85e807240cb6402b42316f38d2d3c6b,2026-08-24T08:30:00+05:30,True
LIVE_SHADOW_65745719f02e5d,2026-08-24,Data Center Cooling & Liquid Systems,882a9f398e28591274226ddb6e8fe13c4583232b8881f8d515cbd64043d9f923,5d585af8d21433d9f5602f35fa1733429835961bba39835442cecf48aa452228,2026-08-24T08:30:00+05:30,True
LIVE_SHADOW_9d036a7d4366a1,2026-08-24,Eyewear Retail & Optical Products,17a8132640ae60203d486a04e6b57ad91589b9d782537c624267a23b2977400c,99850a677d9348c49d5519c1fd5edc2614be4ead86fe1d8fcd7370a75b391e3d,2026-08-24T08:30:00+05:30,True
LIVE_SHADOW_9b66579c3fa12a,2026-08-24,Branded Innerwear,198e9369f9f12888986e335fec21a18b7767bb9b010116320add47a7ada81bee,66dc4760f8cfff73d51da7f733b316bf21d8b6722e2d3627c5ff6ebe6f78538a,2026-08-24T08:30:00+05:30,True
LIVE_SHADOW_ed1bd0b6cd677b,2026-08-24,Coated & Galvanised Steel,ec42fb2fa986182827f1cf00d9e5de884f0171c4850532a95d0758b5588757c5,60ef013c622c86b1a05a4b46502452e8559d614987a2bce6b5ed3013b11335dc,2026-08-24T08:30:00+05:30,True
LIVE_SHADOW_28f475c612b434,2026-08-24,Gold Finance,7fe60e19094f1251f53ea9929e8e7fe05ea5cfda8ff2ab85d00657c18be17906,fee77659a3bac58d4abee486af00a43e52451109dd5c018576fe67fae6c3d574,2026-08-24T08:30:00+05:30,True
LIVE_SHADOW_a7c6aa8fec1415,2026-08-24,Complex Fertilizers & Soil Nutrients,e850c75848f9f0f4e108a42df23cbf596d02fdd0193f6e9c5a9977ac08b4f0d2,5a73ce5c0211b3a8b5e9e0d8d0c7ce2aaa45fe06f793ac9887707d950a824639,2026-08-24T08:30:00+05:30,True
LIVE_SHADOW_3810844a842c94,2026-08-24,Naval Combat Warships & Submarines,87f4b5a7959acb89bf01672227d400e14585ac3b644096847ae3538bc71a695e,158ccd9284715c3583150f40407c55560d8f59335bf9a5be0e81bb5fbcb438d7,2026-08-24T08:30:00+05:30,True
LIVE_SHADOW_59de5fb9b95745,2026-08-24,Social Commerce & Marketplace,d6f149c388e0ea3dce9f5ebddf17a09eaa4ac9026cae7473b01533c07853e37f,2339510deb567efe8b0cbb97274e6f62760d63b802f94c62e7e097f81959d635,2026-08-24T08:30:00+05:30,True
LIVE_SHADOW_69f677473b6569,2026-08-24,Precision Bearings & Motion Controls,2fc4397d594dab870cb9f14fdd322b0aa22db419dcd95fa111276ff006a79ae5,20a0c53d49c14b71862add7b8cf126ca837041542fe756e9b3d05697b59f3451,2026-08-24T08:30:00+05:30,True
LIVE_SHADOW_7f2e20cd80b8ed,2026-08-24,Baby & Infant Nutrition,1d2b8e4caabdf7e6038f27b4a8d97b3c94206d8328e30cf15f976a364725b47d,1f76013381c255c81c1dfe57f995afff5cb42cda7b51b147387101ac71e498ed,2026-08-24T08:30:00+05:30,True
LIVE_SHADOW_c60fb28c49827e,2026-08-24,Leather & Industrial Footwear,4aeb62dc8e6e604be06eeb04cd59eddb851a7f88f525fd3015889048a424326d,1bf6231c7d700883901d13b150b2819cefcd4488c09a75b9cc0ae35e6a8f3f28,2026-08-24T08:30:00+05:30,True
LIVE_SHADOW_d632957910b126,2026-08-24,State Commodity & Metals Trading,23b296dffad2812e34913c5e82bdd1d825b0189c1daef8113a2ecef29c9fec50,8ea6643e6c979102343edc2f7a4a930b6ff36bbf090ce971b259dc2693ea6006,2026-08-24T08:30:00+05:30,True
LIVE_SHADOW_436e05c49b3e1c,2026-08-24,Online Travel Agency (OTA) & Flight Booking,e8c51c68622a3bdd041cba319645a03dc2d712af4dd541517e40dca98954677e,f5e7d605edb1ce63beef5dab74b8bae090b5e5e82f4d3a2d4c84b5767f5ae7b4,2026-08-24T08:30:00+05:30,True
LIVE_SHADOW_b7383e30e9ebf2,2026-08-24,"Gaming, Esports & Mobile Games",7a5fd2a975d0c3f3572a120a2dc5c768e6fb1ac9c4789f7250017e8c181e974a,6befbcf7fe5e477d5b582c504c7658e85bf719baf3ede977cd34203a45be4e6b,2026-08-24T08:30:00+05:30,True
LIVE_SHADOW_01b6b27ccb8c74,2026-08-24,Residential Townships & Commercial REITs,dc0a6cfae809e2b6000e8e363aaa2f50bb3c736f49a7aa28a96413079456c78c,3cfe2e7358fe9e5739e105d7ceabe9190581f7e909f96b0061adaa66ac236045,2026-08-24T08:30:00+05:30,True
LIVE_SHADOW_63b9d33bfa63f0,2026-08-24,Renewable Energy & Solar,0d5cdbb95ba79e55da84a745867c21a9c4e1215c7957e3ca28f938e522546cb8,c5f74af717687544154be66b17901dbc68cabe98aa177286ae888c4780dcd1d2,2026-08-24T08:30:00+05:30,True
LIVE_SHADOW_3d3284d4d64b20,2026-08-24,Furniture & Mattresses,90d55b29d0dae9d6a75cd0187f6d09c90b9d5bbf03aa0b624c4a11d56f6798ef,318db68d14c19ef291e804bc92cc843ea22cc23d4b37df819e179e508b524be9,2026-08-24T08:30:00+05:30,True
LIVE_SHADOW_2de5d6a76b1d1f,2026-08-24,Specialty Ingredients & Flavours,b69cee355cd0462b1c4a45a06020a01574506c3f745d4e55f32b1588ece6da9b,c75d4bf087ad50dea22596fb403e3161de8a7b3789d012fdf0d6a6cd00543674,2026-08-24T08:30:00+05:30,True
LIVE_SHADOW_5470fef0795e7a,2026-08-24,Heavy Infrastructure & Highways EPC,3675c7ed77f9c9ec23e3eb09a3c1b96e61dc62ca3a0a27dfcedf44d000823359,c1d1c4f7eada0af2ba82a43d42545492b36e43800cc53e7337bf8530bc129198,2026-08-24T08:30:00+05:30,True
LIVE_SHADOW_4609c5307d241e,2026-08-24,Beauty & Fashion E-Commerce,6f0628ea6718be042a6112d77f200315f0b782dd2da5de5ce1f3d7a1a3f8c606,c1ddbdb399ba53fe9fba36858e7aa3f105c34ab0469d4409f4b604bf5f7bc27b,2026-08-24T08:30:00+05:30,True
LIVE_SHADOW_af38068c6f14bd,2026-08-24,Refining & Marketing (OMC),dd847506aea12ba781d8133a8fa67fc8057aa236da063fc081eebaa3255fa00d,99d6593920525d89c6b24242967080fcbb6b484bc2e7ceabf0aed0c89bbd03fd,2026-08-24T08:30:00+05:30,True
LIVE_SHADOW_6c58fb6806e166,2026-08-24,PVC Stabilizers & Additives,a96be72874dfe413bb2c8a19225c297a77ae7488f66e1f6878e2fe10196fce83,5a4ed10bede7ed35ba742efdf8f370d2281982d4494d88a260fef6e41b80809a,2026-08-24T08:30:00+05:30,True
LIVE_SHADOW_99331d3233fd3e,2026-08-24,Government Securities & Bond Dealing,1d4d8cb5df6d0533e02439d4e333c3866f0d751019cff739934b18447c78473d,5d888884fc3ea04d537d77adc85f5333cc9a525a627f7e12205b29f9a3be7755,2026-08-24T08:30:00+05:30,True
LIVE_SHADOW_f7b7ac5d22791e,2026-08-24,Consumer Electronics,9d3c19fcef4f36b9d04671f21f6ad18e1128afe57c67994de84c83bf30865d0a,1dfe6eff725d5fcb86870b4192998d3d3ae48822050b0f7711a173d1427b1cb6,2026-08-24T08:30:00+05:30,True
LIVE_SHADOW_aed82365b0ccdb,2026-08-24,Rigid Plastic Containers & Drums,c97b5ae2c461abfb0535ed8721467c3e00ab3d81f8624f7d5cfab72e488aa168,8d564fdcafb4d53eac1bbd1d2096f8141bae831b0b2ba1c162b1676d346296c6,2026-08-24T08:30:00+05:30,True
LIVE_SHADOW_d518dfa284fb19,2026-08-24,Recycled Plastics & Circular Polymers,eedb586d16c27e42b5dbfa6b44684afb9729e34aa68b60fba5fc431093436a55,389117531fdbe280c16b99b0840d98455b909d8289175b3d63b54c8702f08eea,2026-08-24T08:30:00+05:30,True
LIVE_SHADOW_1fc6d83578e26c,2026-08-24,Travel Tech & Revenue Management SaaS,44cf40d2216cda0a0db249912b028c72eae012a36848b98d504915665e04596e,c808114390be73f30eb5758b071bad0a9990cf7bfc431e50ef07ac728db0032d,2026-08-24T08:30:00+05:30,True
LIVE_SHADOW_48c605d192d721,2026-08-24,Quick Service Restaurants (QSR),97225b973f3aab37c5c259818b3c0d1abe83bb1d0f199effdc0b56cdd58568e8,65508c51408e31268bb26856634f8138e0eb09bcb086860b9e7e020d61090b69,2026-08-24T08:30:00+05:30,True
LIVE_SHADOW_bef70044bc9c9e,2026-08-24,Integrated Grey Cement,d82c2dffefef520ad61a4cd69b0772ec5ba08e54f350622a5fb3d8502da8f7b1,23f23a4b6b1e66aac853b32c8ba6047205302d585ed1a5034513801ff4d8f587,2026-08-24T08:30:00+05:30,True
LIVE_SHADOW_2e8c50576843a3,2026-08-24,IT Supply Chain & Technology Distribution,4e64ffed6ac08058f213356e7ba441ab71737c29895d9ef492a744e663a83914,5317af1875b0240e3a16022acf9c72e942102e078a55276c6cce863e58f1aab0,2026-08-24T08:30:00+05:30,True
LIVE_SHADOW_7196275054503a,2026-08-24,Diamond Studded & Solitaires,73348668ba5b2456c93d8796a77a18ee27a3dd49060d7614a07999e9d6ada4c2,a904e296c7213bb0c52a3d7c541e5ba4fb4742ab82606e7767bc38c44bbe5247,2026-08-24T08:30:00+05:30,True
LIVE_SHADOW_9e97234426eb1f,2026-08-24,Luggage & Travel Gear,6c680e1bb8ecf660888deaa75033bad6ccaa8b7fdcc591fd617e45017909d2a7,dc4a3732d81214e9a2b6f354d9907737b50dac11cc1376b91c1f1bb61ed1dbf1,2026-08-24T08:30:00+05:30,True
LIVE_SHADOW_46fd0f21e60481,2026-08-24,Auto Body & Closure Systems,a0a8048b3f68e4dd656229827aba8a6c70698a938d7175c70d8cd0385b28095c,0b7a5d7fe804589b0da3865d840bfc05b00c57429d17cd9219105202fbd486b0,2026-08-24T08:30:00+05:30,True
LIVE_SHADOW_87169c22ff0a09,2026-08-24,Iron Ore Mining,788a0f7cd3b0ab8320b018e215f4e24feb1ae4c4419d3d405bbeb02f627cd596,a7cec4bf42f90ac24b9af0fb45b7b426ee7f1513813e56b645a17392aa249015,2026-08-24T08:30:00+05:30,True
LIVE_SHADOW_8cedef9bc67e50,2026-08-24,Auto Glass & Safety Systems,79863b3da908c1ab84479606bd3ffc3b487d7937252130348c1f9971c6f3a0f4,e649740235abaf8f85beac31224c0ee09e0f6f23980fdd7d9093ac7fab857084,2026-08-24T08:30:00+05:30,True
LIVE_SHADOW_baceb844c95e95,2026-08-24,Last Mile & Quick Commerce Logistics,75b4fc7f98a1274de29d54121764a420bfa5ce241032dfd8d105ab225499e102,0cdb765d943575dd2fd280f05e7df74ccb9432fb1ec6395b2f082b0bc29552e2,2026-08-24T08:30:00+05:30,True
LIVE_SHADOW_0ceb52f1e7ba1c,2026-08-24,Power Transformers & Electrical Equipment,d95899bad11ec11e6b745d29d6f81f9765d23817d2ab5d7195ece0ff8ff3fd96,0daec0f33ed595a002411a37b2954df3fae3769aa372663a462c0ce2470156e4,2026-08-24T08:30:00+05:30,True
LIVE_SHADOW_34f313cd773343,2026-08-24,Industrial Distribution & Logistics,30ea066c118b688d34b81403e4033533b009b25573912e38c72b3367a3eaba58,56ad60529e82767bace58564a85c28e3652795c45721e93a3d1df2ee28e42604,2026-08-24T08:30:00+05:30,True
LIVE_SHADOW_07a2954e072ddf,2026-08-24,Excipients & Pharma Binders,9f2e4b2a7cf2b6258b60344657b743e63695b86539cfeea2be73e1a4c8d726f8,109d99e153f378cbfe833aeafe27ccd1e422008e1048db02f9906f65feaffbcc,2026-08-24T08:30:00+05:30,True
LIVE_SHADOW_b8acf610c97235,2026-08-24,Breweries & Beer,83930a4edabd9cf10580269b0100d37336502d44c9d50f41f3baf4d1fca25daf,e01adc478cecda6b47f00380f649f1ec615d06d632fcdbddcdb5089d3bd0de83,2026-08-24T08:30:00+05:30,True
LIVE_SHADOW_2e07f63b300379,2026-08-24,Semiconductor Assembly & Packaging (OSAT),099abde23e010f760318228fd0c6f5d684fad708731ba6eb98d47183b07bcd32,0d8837d04ff28726108bf940a4808b947fc3cf372a52d4d98546731e846228fd,2026-08-24T08:30:00+05:30,True
LIVE_SHADOW_c0fcda9d889dee,2026-08-24,Optical Fibre Cables & Telecom Infra,f6517a955ae2eeef8ec0ce42ec255cef2b923c2cb507be2ce0126144aaf2186e,f2a74b698a51f425310dfe7fdeb7f396132ee8308656678d497cea637b84d700,2026-08-24T08:30:00+05:30,True
LIVE_SHADOW_d366e162089664,2026-08-24,Auto Braking & Suspension,8dca60f51ba906ece739db206b9adaa22d91fa2cc663bfab8d4e77b2af1ec459,83c21448ee6a3a24e3ef2c18bd75e92987a511c94560d616f6fd0e893d971da9,2026-08-24T08:30:00+05:30,True
LIVE_SHADOW_492d5300a9fbee,2026-08-24,Food Delivery & Quick Commerce,f21214750be8b07af3484cb81daeea9791c69b87d2eeb4a51b5ce2247e5eead0,a7cf9c0271f32edb8328b8d76a365302f78ea693a191c83e2dcfff96dea165a7,2026-08-24T08:30:00+05:30,True
LIVE_SHADOW_f759b4e76bd686,2026-08-24,Fuel Retailing (OMC),8d1b9dbfbbd8670c23cf5dc5a0a2e26f9dccb1a519f7e7942ccc7b86f36ae000,9764ef1e22399e42c5e57e10ce26863a710a423d2e3b0b438e65b006b8fed554,2026-08-24T08:30:00+05:30,True
LIVE_SHADOW_24140dcdbd2378,2026-08-24,B2B Travel Distribution Platform,c689c212e378b2c0835c748cbd76b56467628a75236b39673269a9932f8b5b9c,075400efde2c98d3d12dbdab80f477538ff875f6ef9e7438c02f52734487d9d8,2026-08-24T08:30:00+05:30,True
LIVE_SHADOW_98cbd6d50c76fd,2026-08-24,Mining Equipment & Mill Liners,cd5e7bfc16c202b893b5a61672565a96769cd245c54f08c6257bfbeff02bd27f,6ec4c8959a8280cd6bab539921e0edc7bdd47313cbdea19f8e8dd4bb8c71f22e,2026-08-24T08:30:00+05:30,True
LIVE_SHADOW_acde05f8d3047b,2026-08-24,Auto Emission & Exhaust Systems,ea342d582721c7ec498520e81dfbdb2e218f621fece7465ddb12f09ad3365901,c875f871ee9133dfbd6490fbd6a9d04ba1263d3ae9779493a20f579472924c88,2026-08-24T08:30:00+05:30,True
LIVE_SHADOW_74f3c330d45ade,2026-08-24,Industrial Rubber & Specialty Materials,ad7b9f7fd1313b820350244281c4942a31ddd3972fea8e4573c3f674970899b6,54e8e34e52ecd34a826752470483f739abda2ee7c70cd5ae2df31c9ded540d23,2026-08-24T08:30:00+05:30,True
LIVE_SHADOW_acf5e01fef68d3,2026-08-24,Power Transmission Line EPC,2fa88037224d0d2e614bc7d0b2121a2d0bc2860a7d5bf78e17c16ddc2c8c5782,d7f2ee2144053dfe8621182cf245b5f0f39a1ddde529a2dad23d416cdb07519b,2026-08-24T08:30:00+05:30,True
LIVE_SHADOW_ed59f2b5f48471,2026-08-24,Integrated Supply Chain & 3PL,e9abc1ab7a20f58c357f9beefb6d3f3e2958e7f0805f050efb70a153c3736b2e,e97a1a6396ec492d8648ef6380f80a9df618d1d298709597371d692fdbfd3943,2026-08-24T08:30:00+05:30,True
LIVE_SHADOW_4d6770c3a12e71,2026-08-24,Film Theatres & Broadcast Media,2e0eacc30812a30fa930888817c6e1ac28b2c55a5a17f16997e0f9eafbcf1972,442e7d03bb81ed662fd2dec574c50a5dd4b7851e278bd64f54e6ab07593c32f7,2026-08-24T08:30:00+05:30,True
LIVE_SHADOW_0cfb26f2c5e5dd,2026-08-24,Professional & Vocational Training,e82fc5e92969d55765ab013951c1256698b8a553943d6bd9d633a41b4fb41473,c07c02f23c0eef3aae44d6dc2f5577ef4be4f0f3ab5c54a79a1763d2fe8ea025,2026-08-24T08:30:00+05:30,True
LIVE_SHADOW_e6e8fc2aefef89,2026-08-24,Contract Research & Biologicals,a1a20d313f7288786adc2ef5fe4f2db3745ee618bf58fe424be12bcfc47ef8d0,adedd51e30f93d5afbb2fc8ce729ba170cb6c6d35506d65bda07c919bb11a523,2026-08-24T08:30:00+05:30,True
LIVE_SHADOW_a7daa41a8272dd,2026-08-24,Fighter Aircraft & Aerospace Systems,176ef2b526877c59eed68191c626f8b55d07ea62bacc58ceab008b08fa43cbf4,5602c156461a67ac3d9bdaa7fad4d1c5ca8dccd72a031f948bcb048009299339,2026-08-24T08:30:00+05:30,True
LIVE_SHADOW_15c8ecfd52f511,2026-08-24,Seafood & Aquafeed,d9372e0e368840d921b9e418cc5ad3f01f3345a014a178c507b391c598b4cac0,7589a21d2292f34e8c0c33c0be82054fb1723e1de957e8cf598e190c54f57286,2026-08-24T08:30:00+05:30,True
LIVE_SHADOW_c656f20c5ebec9,2026-08-24,Specialty Stainless & Alloy Steel,3ffda9bafa8ccc2cfcb58dc8ae2d53b0c79b4000018f897fdac5b39a3e74006f,efdf5439ea12128e550d3003b263b83915eaaa77b203a3764f1b1455359858dd,2026-08-24T08:30:00+05:30,True
LIVE_SHADOW_1a92ee75b61e36,2026-08-25,Industrial Minerals,99265e18baaa74f1f390478365c813e531fa5b49f8c6a3a22504c0633b830e76,62537ee4d02b2544cf63d38a2dacb00634ae928eb16fa7347df8aa9aa53ffe06,2026-08-25T08:30:00+05:30,True
LIVE_SHADOW_a8d13f9540a709,2026-08-25,Stockbroking & Wealth Management,997cd1e431502a6e5298a8ba3f4ac716a1ad09662348f29ee6a958f8ba8e83b4,65700d8ff0c77b408835d0eef4a741fdceed82d92517fbd7935cb61c66d9205a,2026-08-25T08:30:00+05:30,True
LIVE_SHADOW_f5cf1674fc0f9f,2026-08-25,Diagnostic & Pathology Labs,36c2cc9d50d445cfc4bd2f21521234ed71274cefdef1fa4222eb7290c81aae6d,1e89a4fa93174cb338a0312643567fbd73bf3460d7dcbfa3ea193b13d9649b8a,2026-08-25T08:30:00+05:30,True
LIVE_SHADOW_fbe4e086d0e259,2026-08-25,Mid-Tier IT & Digital Solutions,1e1a19403ec2e269ff849198fca69646f9af80cbe5f0389bc9694a72bfb8bc29,0cdc04a0c26bc9542cf42bc8dd53e053cdece1e1e73a2a7689a9b04265339afb,2026-08-25T08:30:00+05:30,True
LIVE_SHADOW_35fbda476c4f1d,2026-08-25,Industrial Abrasives & Ceramics,218e6338a3d7dddc646c9af33e9a8ddb8af5fe557dbfbf64d7a60b99649a23e9,46522632d8b6217a0b460395149fdfeb00d21e5e3e0af7ac780524aaf43523a4,2026-08-25T08:30:00+05:30,True
LIVE_SHADOW_97169b82561894,2026-08-25,Diversified Consumer & MSME NBFC,bfa5f070f9a4702e4def9b1d0a82eb9bdc67726ec5778b4d41a8e3e2a800a106,022c4110633f6b55a91d22d93d21446c91701ba1a28f0b1cabe36d14cac7e1e1,2026-08-25T08:30:00+05:30,True
LIVE_SHADOW_e15d5e1f334742,2026-08-25,Precision Auto Engine Components,9faa7fea6986992cc30bbf6fafff30ed549387f233f196a0551770ea5bfd93e9,c4e853ba5b26eefd4e3437e90d4e17e43cda83d888c491d84e9e91f48c670b24,2026-08-25T08:30:00+05:30,True
LIVE_SHADOW_7e29a895870d9c,2026-08-25,Housing Finance (HFC),0bfc64021398fb1e058fa2c7915e8d97f0fce3a184d7117500f20319bee3edb8,e5e20d1f0c023798cd168e050759aeb1530a7de245af0bb943c6b972d8c72a38,2026-08-25T08:30:00+05:30,True
LIVE_SHADOW_5589edaf862307,2026-08-25,Precision Metal Fabrication,dc78fa42bb656065bf35b0ae673a4e4ca10763c78673ca089bcff345c8518c05,9693e3672ea9185d6e0a9e6c098a8617cb2ce1fac4d7035f204a4c9e77f53548,2026-08-25T08:30:00+05:30,True
LIVE_SHADOW_1988bdc0de28db,2026-08-25,Oil & Gas Exploration (E&P),ee66ad3fd569617626aa79c2c93871d627d1302e651fa861617ebbde2ac8c195,d3591121ebc6aad61b05455da1d8c15e9fa4e0aab46aedbd50acd0f7c2af5a84,2026-08-25T08:30:00+05:30,True
LIVE_SHADOW_302285191b0bc8,2026-08-25,Steel Pipes & Tubes,03a94adea3a20ca2d1aaa1418d95467cda733dcd73fa4f70c23990277123e5ea,20bcc3c696af439f39e68f312a09b62ca3f9788e46ac969076ef86547e0314e5,2026-08-25T08:30:00+05:30,True
LIVE_SHADOW_ef1d62112973b8,2026-08-25,Finished Formulations,e84fe110835e6d004bc831ecaaf0225f3865481c32a8286e7aaef4c6f1202883,829802bd76fd501903a0eb0051cce9ef0e64e04d24e91361a724510641bad584,2026-08-25T08:30:00+05:30,True
LIVE_SHADOW_67ec586040a60d,2026-08-25,Garments & Apparel Exports,129a061c22d6eb218c53a0319529b73e62e25567d74e9be9973804c11fe35b3c,6ec339a4f8b2a10f00237d2c2f4719dfdd90dd5e224110dffb8d69c813822acf,2026-08-25T08:30:00+05:30,True
LIVE_SHADOW_d0c86edaee6d1a,2026-08-25,Pumps & Compressors,1ea2abf637ac88a619694b0e2784fb4b58ee7ec8de23909ba255fe8b66c74a12,fc1cd4ed6c444aa386972ef5d58cfca67fc04887212a3634bb405e046081a6ec,2026-08-25T08:30:00+05:30,True
LIVE_SHADOW_b0af0ae3ee38a8,2026-08-25,Specialty Chemicals,636b02c2182467c9220b891bec3e9cffce0a9c8e0bf0226efd47c1a76101b7e3,33a2a9ab18b39d51c49209f4c80e07d971444776161dd43ba4b3fc230aac3bfd,2026-08-25T08:30:00+05:30,True
LIVE_SHADOW_979670c6464424,2026-08-25,Personal Care & Soaps,487c4277108c4fe577af7344f891080da056b59bc1f0a5de6ed93c34fa066f0c,3a5259d861d292de058a6dcf2f4f1ebbf1fbc74525b0856f5b40786ae564a3ed,2026-08-25T08:30:00+05:30,True
LIVE_SHADOW_a71c0c7a519e05,2026-08-25,Staffing & Security Services,b44d4189cc76de0200ead26c6c490ad2a45d1ff1d665aa7aae8d2f5044928e50,e9898f71720a6a3b8607d243c7880bd2e058c65d42c73fc9a5e7e267667271f6,2026-08-25T08:30:00+05:30,True
LIVE_SHADOW_7b2d3bc922fc43,2026-08-25,Cotton Spinning & Yarns,129a99d3f1cbb9579676ed7fef8d883bcfacb886e0e1c0a9196b6e1e6f8b0a28,7872b3faf94f87a7919b199b88233d99b17c3e8d5e8da93f9a9cd727c996c94a,2026-08-25T08:30:00+05:30,True
LIVE_SHADOW_ff60e0bbab9b98,2026-08-25,Hospitals & Healthcare Chains,52d580b7062ed209cf10b7ee23c165a7bf0938173c60aca9bc8d0e72aaca5554,b3f18f3c7e060823499492c546c8ff12dbf4026c018ee1f2644a362fd3f53786,2026-08-25T08:30:00+05:30,True
LIVE_SHADOW_06d98309ac177c,2026-08-25,Refining & Petrochemicals,a390e80e1e6e63010f4280aab544be9ddb7792e27a30808e6991d6029b6c499a,a7e4b4f5830a61a0621027f4be77ba3bddd6de7bd4245564caed740890d36076,2026-08-25T08:30:00+05:30,True
LIVE_SHADOW_b16d4ee842908e,2026-08-25,Heavy Switchgear & Automation,be3e2e155abdb784bad3c2995c26df37440cf4f6ad27acf56875e1934fc22288,aa693ce88b2c14f76acadf06cc77a360a1c10e125c1085650d8b7a89c9fa1f3d,2026-08-25T08:30:00+05:30,True
LIVE_SHADOW_cc9e151e89e1f8,2026-08-25,Missiles & Military Explosives,e51fa9d1c2db1e5351d5ac6d9b591a9b52f705ef0a61d0ec65bd58b6d67e4479,8bc2ad2cdb7551bded4d5d874a03839ceac5c52798d4c8c65f2b3f68f6ecaeeb,2026-08-25T08:30:00+05:30,True
LIVE_SHADOW_0a069588b40086,2026-08-25,Conventional Thermal & Fossil Power,bd4602a7e25ca632409b3c3fbf26562653a20eb6365ecc19e1a6a0d24d98ab7c,7b0dd5719fccd4d0b6d555215e46d55d8b960d3efa2918af43eccf73ba9e9c3b,2026-08-25T08:30:00+05:30,True
LIVE_SHADOW_e38a50ec8dc1e3,2026-08-25,Roads & Highways EPC,480be2e9b8c58a2f239b7a1de1eb61d18824ff50f3c22774f5b20d535fbda80b,ceb0c362a11bf327d762538cff1317e6f815a2c6169dbee4f31173c358102ec0,2026-08-25T08:30:00+05:30,True
LIVE_SHADOW_82a61b94288683,2026-08-25,Specialty Retail Boutiques,2e16dc6e6f0cb52641a10c83880f9bb3b6394b6b9dc5b7f02d2d31b1d618c97b,896d30b8492d63a2239b40c8347c8816f2e51ca05a839db10ebfbeedf21e75e2,2026-08-25T08:30:00+05:30,True
LIVE_SHADOW_206e0b6e6d1097,2026-08-25,Civil & Commercial Construction,b7eea0ecfc746983fd30d77198609ed0cdd7ca56f992e75eb2734e057a6b4167,1eef6b2ddc8dc4d8e5b1b4f67af9ccd0eb830579edb5ec28fe411fcd3a6d5f53,2026-08-25T08:30:00+05:30,True
LIVE_SHADOW_29e6b945f5745e,2026-08-25,Enterprise Software & SaaS,4b558221a97f609299c27bf35b9994acc74e74a7adb34cd425d79006de4b6eaa,915a2677dca9ba931896e14464aab99e128e2dd362e7a1c4d6c4c66f2534013a,2026-08-25T08:30:00+05:30,True
LIVE_SHADOW_45b6ae5cf46cc1,2026-08-25,Residential Real Estate,a5c53d7ccfc9af2eed55098588d6f73d7676b33f7757ebc87441eb6d97964a43,bb85e46b91798d104837d2a57a85a262a161b5a4da6b142ccaeacb96e474cc9c,2026-08-25T08:30:00+05:30,True
LIVE_SHADOW_b245ce0998303d,2026-08-25,Mutual Fund Asset Managers (AMC),7095ace8e1261225ab997edbf96aaa2c26fc30671c740d0a682937d5d2740f67,30242187bd59e56509b8dbd32180b8c9b0462de0d7218e13a40fa68ce37b61f5,2026-08-25T08:30:00+05:30,True
LIVE_SHADOW_eac560a2ba9932,2026-08-25,Marine Offshore Vessels & Tugs,d45faac4d0ffa070a6928383217edf0fe117a3300d0eaaee360a7104ebe15997,a88b2292c913d35d75801c2c1eddd0656394e602835b287f774954f5f9f00652,2026-08-25T08:30:00+05:30,True
LIVE_SHADOW_f4d0c41d2faa68,2026-08-25,Integrated Grey Cement,55d2afcfe5d0c2699389f2f8c112f43999ec54ee0241e8ae169804fde1a237bc,67f4084599b361d4004cfc46ecce42df8fe002aeee34244f4e207396b2070372,2026-08-25T08:30:00+05:30,True
LIVE_SHADOW_3534a3b817d80c,2026-08-25,Heavy Process Equipment & Machinery,3e4d8652a51a9dc98c39a5dea37dbc348145e9819711c008bfd3d0780f8b6855,428a1d51a0e1d8989d8f92cec0d186a450f22b7b0ae544a734c471bb6a719f2c,2026-08-25T08:30:00+05:30,True
LIVE_SHADOW_f50e8e431420c2,2026-08-25,Auto Castings & Heavy Forgings,414a18a467cad715a6bfb1a997e92c34bf89aba100fa33f4a5b450da6ecbad29,f8e636279e4a8f5c34ed5a8800c44e9e51bf7a25ac0c421451784991f2add2fe,2026-08-25T08:30:00+05:30,True
LIVE_SHADOW_69df616827606e,2026-08-25,Industrial & Basic Chemicals,55c31279a29b00141586b2dac2c4f36e61afedac9e7777d8752283f4c215dd73,34c41e582dfbf09acc76bf06d024ebc7706baa46e42b5e6eba5a5ae1ab59ba67,2026-08-25T08:30:00+05:30,True
LIVE_SHADOW_cfa669b3c172d3,2026-08-25,Regional Cement & RMC,ebd6ce876e9239b0823ea63b743136e4a63d0e59f01d9b69e6f33f555bd8fbe1,d8036f0aa15d20697016956dbf6a02265b2ee455c2c023f11c25ac2f428698b4,2026-08-25T08:30:00+05:30,True
LIVE_SHADOW_ae949b306e9f44,2026-08-25,Solar PV & Green Hydrogen,8a297bef57803cc4187556adcf24a9bacfd58fa228084a7ec1f36d8a5b691524,8a2a15401ab59ffe846aec02a2c62e83631103f34938b8588df7921512d5323d,2026-08-25T08:30:00+05:30,True
LIVE_SHADOW_b815b10cb709f1,2026-08-25,Commodity & Wholesale Trading,cd69b6ca6fa3031579a0411bfb070e69424abec83c9b6f634e1c88b1528ed33c,61dbd8b47c03e360405d4f449ea57e211914bb1711b0534aee4146b99381e1d8,2026-08-25T08:30:00+05:30,True
LIVE_SHADOW_6c83e1b7dda434,2026-08-25,Green Energy Generation (IPP),5a4e5acaaa8611ca1e088d6420d2c69736866f63fcedc2813d2e3f028abdae5a,50638c1f651848b7e3991ed9d204c6eda2d640f7ac35cfdfd0ff8ec5008af74a,2026-08-25T08:30:00+05:30,True
LIVE_SHADOW_a41550acac7cec,2026-08-25,Commercial Ports & Terminals,4be101071e04d39ce8b3da9e9fe5139c0729306cf30c969d03a4422de6b667aa,1c83ce5dd64314709d729ba4ebd3beb6bec3a8b299101fd251a94ba9964a2cde,2026-08-25T08:30:00+05:30,True
LIVE_SHADOW_ee317ef5dc2202,2026-08-25,Print Media & Publishing,f99ca95cb6a63f85b9d2cd2d35c92bcaaf3e39457b6691ea9c8ce02627bebf78,cd64df6ca2b9511d71bac1f0fa3bea7fca6b949e6a278130ad2a153650b8f84d,2026-08-25T08:30:00+05:30,True
LIVE_SHADOW_0dbc6ac75076fe,2026-08-25,Building Materials,5aacc56e7f2f864cf2696375d20383de1cd8b48966b3377c3b087dd175511645,ba6329a9efdc9d0a43aed6ae91afcba67fdad830f5e127a1f163fd3da38f21b9,2026-08-25T08:30:00+05:30,True
LIVE_SHADOW_9eaa9a29d68a26,2026-08-25,Packaged Foods & Snacks,c3abef265685b21710a633af2bddadd25f25d4a740c14cf328e3865ae39472a2,cd3585df6264b036a566f13ceded471241c06fb58281a911e9b4a75325fc27ff,2026-08-25T08:30:00+05:30,True
LIVE_SHADOW_ee21c28af570f2,2026-08-25,Plywood & Laminates,b7f36162816076d72c1d90e7ce9c5325be5bdeaa99c6cdcbfc950989d5b15f6a,569c471e8869d2349d3ae333d7e45c5cd3a626bf936da69bf7292f98ef76271a,2026-08-25T08:30:00+05:30,True
LIVE_SHADOW_ce6966c2f095a2,2026-08-25,Crop Protection Formulations,587b9771b79f30df3cb8fd78863669887c3555550f1629bbc1a17eaf4cfb367b,cebf12800463385d328b520543ee61883d5604cb0003dcfe64798dccb4461a0b,2026-08-25T08:30:00+05:30,True
LIVE_SHADOW_d082c759f49683,2026-08-25,Luxury Hotels & Resorts,4ed6347364cd6a77bcf21069bb8c54a5e7e59f89e397192bad6c4567577bb85a,1b2c6fccf54a135547358ab7243a095e4716f95cb15a20f7fb9fc241bd30dc23,2026-08-25T08:30:00+05:30,True
LIVE_SHADOW_4a3a8409959d82,2026-08-25,Specialty Enzymes & Biologicals,7ac01c992954862b2df0b8514d6fd17ff1e7c100bb98abde0e9fc3087638a8ae,16aba054414a3deaf60cf1562bf4a5b3f65d155c8be947ba974d51923d71a351,2026-08-25T08:30:00+05:30,True
LIVE_SHADOW_5cf951fd23485f,2026-08-25,3PL Logistics & Fleet Haulage,53aaa702ebedaacf61693504ac1e418706bceded5d51290e8625450ddd6163b1,751d2ed11c54748e5ad7b17acf074724259f37b7a6ec0e996341cf008a67e595,2026-08-25T08:30:00+05:30,True
LIVE_SHADOW_ae83ec8fdae035,2026-08-25,Oil & LPG Tank Terminals,7c55beaba4d860ba17b3f20ed88640f63dada55932521ea69153e52fb693b64f,765c05ecd53cb367b75edac8fd0ef2f45b8c7b77734340c89bf1b853a498cbde,2026-08-25T08:30:00+05:30,True
LIVE_SHADOW_95b18499bbe9c4,2026-08-25,Fast Moving Electrical Goods (FMEG),d864f524e87e85208e3d64c81beb568b57266afc2df102382ed557f8f8790e28,e32c31ba014fa3d4b9c4e028fa35cdd6b7fb9b10aab4410dffcc403436cc5ae1,2026-08-25T08:30:00+05:30,True
LIVE_SHADOW_5f49533dbe9640,2026-08-25,Aerospace Parts & Precision Engineering,15ec9873cf3cf6ef8ac3a3025cabd3eb2e185990184695eb7d2c572994522293,97ac3f84ad5a937943943c324e1644c88349d2e7b25deb1bbbb738ce80fa79ba,2026-08-25T08:30:00+05:30,True
LIVE_SHADOW_5010bda3657cef,2026-08-25,Aerospace & Fighter Aircraft,93c2338ea4a3b600d412b93f697667e57e979bf824574c12d151b737de63dea3,b6a7f67b2c9143890234a8f56b53d835d94c9a2c8cf6bb891a4a3d641b0f801e,2026-08-25T08:30:00+05:30,True
LIVE_SHADOW_612c6e5c62e231,2026-08-25,Basmati Rice & Exports,6af27c8bc4e4a0501b25610b0664a2cfe508e0198a7e1adc500c05833bbd20e1,29c18078790868aa668d2e6828b7328c505dd0376c17834bcc93cf502f95d074,2026-08-25T08:30:00+05:30,True
LIVE_SHADOW_f797d0810d1717,2026-08-25,Architectural Glass & Windows,142c8c0edd60cc58b63567b492f7fff44f063ac9a4155919ab18a30af9d3d297,4fdfbff5f4aa51386d2314ced18b0bc267981e81a5761813eaa1904dc9fb5792,2026-08-25T08:30:00+05:30,True
LIVE_SHADOW_18250ada1c6e86,2026-08-25,AdTech & Marketing Analytics,c81bffe89a1a4e10bac57fae44081a4a27d5af4569a23c9b37fdc4ed34562101,45cf07b4493a484bfcf33f9542e9d7882a359aeb581dcfc321f238bf40703939,2026-08-25T08:30:00+05:30,True
LIVE_SHADOW_869b4f0c36ffd0,2026-08-25,Corporate & Wholesale Finance,49f6a6bb4b05bf30781e3c3fe1fcdedf5cbb02ab276d35e81518c753b3185b12,9fb3d7ed6303fda831a11de074a7229b3ddbac9d1c52ed6f26ffa7779d7f859a,2026-08-25T08:30:00+05:30,True
LIVE_SHADOW_99e5e4eb10bcc8,2026-08-25,Lubricants & Specialty Oils,792f08aeb974d67da230b4456bc74134e93c7231e1f67019ca22014e729df6d8,36df5750ad00a10b0d8020100239dd64143c90bb3ec612fc689eef3236d237a8,2026-08-25T08:30:00+05:30,True
LIVE_SHADOW_9b45a7b3093a1a,2026-08-25,Moulded Plastics & Packaging,70fe43d271c2c4a13f438545b05cb3e1dda497bd5cc3e6c8a25a860b6209ca0c,d2645b33a90afe19e94df26b5d9a9f2898e86639d4314d613800adc93ebde9c0,2026-08-25T08:30:00+05:30,True
LIVE_SHADOW_eb36821cf0f988,2026-08-25,Crop Protection Agrochemicals,1d5fd196077fd003583b05695588c6905063e1643589683cfeb0806a71cd7e25,d3f8dbd234d6ae025c0cde9638c961694be8fed8e1db91026bcc7b2405696ae6,2026-08-25T08:30:00+05:30,True
LIVE_SHADOW_cde2d7167c19eb,2026-08-25,Fertilizers & Soil Nutrients,add609b664fa4b8235c451f6bd0d94e22b8cc0bfe95abf45d285f4b28048c1c7,f49234a56c73f81c64243e8a8860a3574d66ed3444b6dc90cb960741ba488c62,2026-08-25T08:30:00+05:30,True
LIVE_SHADOW_9b69b0f1b1265b,2026-08-25,Printed Circuit Boards (PCBA) & Components,ddb881a2cdfd91d7d94aba7dfa5c94f3537c27abedb513a201ad2c69217586f5,c4a8da95e57ce89f0ea35e76e2c178bc12c5cc0ffd627d90904cad66ed004250,2026-08-25T08:30:00+05:30,True
LIVE_SHADOW_0ee350291d2ce3,2026-08-25,Business Process Management (BPM),35188b9fa2d5de40c722e991bd44ac808c9ab0c5243e87ea8d1935eb2312061d,b77f1092c16434f1a1316bfb9a7cc490072a7c18366c4d6b6cfa735982abd49b,2026-08-25T08:30:00+05:30,True
LIVE_SHADOW_1547e635e13609,2026-08-25,Biopharma & Biosimilars,8d648b074ceb57967c95153f706a329281a1f8131a9f15986c2b344ebde6eea4,a6af802b20026794e7cc201c76dee0c568d3f287eb580c52bbd0198c996bd344,2026-08-25T08:30:00+05:30,True
LIVE_SHADOW_c670c0e2cdf5df,2026-08-25,Power & Distribution Transformers,f24030d73d716a1f36297790aad5310293ba3045fbfe0c74c2ed4d21d30af4a3,2b79e90a3abbc287683fc55869d7adbeb1b77021f5956a49d40176f59471aa08,2026-08-25T08:30:00+05:30,True
LIVE_SHADOW_d66b7f2fbf1aa2,2026-08-25,API & Bulk Drugs,d5486f390d7bf47f1d1bf31822ad997268c12aaf243eebae487c5e81b5cb899c,ee0105956d7d6cac1104d2e15d65de14d30dedcbea3908fee9ca9ca0a4c5a831,2026-08-25T08:30:00+05:30,True
LIVE_SHADOW_c909c741db466d,2026-08-25,Seafood & Marine Exports,7ce917d371c73edc0b887ba8b9ea5c080c116e1c9a85088f5e0a61dab4ad73fd,2e8838938da993405671ee879045bd381ca3f2aa8883989c0c54fd6b624c36e0,2026-08-25T08:30:00+05:30,True
LIVE_SHADOW_d53709c19e718d,2026-08-25,Footwear Retail Chains,72fb68ed26cbb78e8ed56fdb1b48707656a478d1d9f5cd6f0d6475f9d74eee7d,cbdfb322ad6667913eb3832bb4859108dca4b1a053ed05876e16e22faff36700,2026-08-25T08:30:00+05:30,True
LIVE_SHADOW_ef4c6f6ad71bc0,2026-08-25,Pigments & Dyes,773f8b823bff668a0e3d4c65bc5fc7ed32928a0e83220031d2e72b485e1dfaab,7d00d4d635f052925029a9260828b16bdab910330aabfd772da5a51fe0113c1d,2026-08-25T08:30:00+05:30,True
LIVE_SHADOW_846fdec13c1a99,2026-08-25,Optical Fiber & Telecom Gear,b41329bb916aefb3c741be2e19b4c1a66484d0a07108aac21a57daec12fcfa6a,0276cb24b33377c1cebed05777f9de0808bc00d474204767a6ce28fd7f2a7902,2026-08-25T08:30:00+05:30,True
LIVE_SHADOW_f29e109acde1de,2026-08-25,Registrar & Transfer Agents (RTA),626a05d1f8e16f58bed7ad7f6d2fd8c3f072a9f80e603bdf2b36a1d23900b310,cac0c2452961c2ac28262a219a8a8c417259b16ea25e85808e0bd3008db48f72,2026-08-25T08:30:00+05:30,True
LIVE_SHADOW_cd4131c78af418,2026-08-25,IMFL Spirits & Distilleries,6133234fa40d6ff6971449dfbb7a96219ba1400b26db2394c6f24ace3f8879e8,575bb3eafc3788dfb68da1b6fa240f00b7c538102dd274162fd4927d18353304,2026-08-25T08:30:00+05:30,True
LIVE_SHADOW_2eeef2f6f049e5,2026-08-25,Engineered Polymers & Compounding,b7d86bce01b39aa1c6bf26c9ad845a1799e26b3b651df16feff1cbdb89635d4f,a0feb0ab2e74fd35235e7d02ff297783db329d3c6f65b5cc34c0cba32de20b2d,2026-08-25T08:30:00+05:30,True
LIVE_SHADOW_e3af55e2169da7,2026-08-25,Oilfield Services & Drilling,9327feea72200b7ad80766582f15f414891610194db90a4aa0444dc7f6c897cf,0bc2de28f28687713e7619bce430d3d67c6902c49d8ed2d55c0fbaad7851e595,2026-08-25T08:30:00+05:30,True
LIVE_SHADOW_674f7806cf2ae0,2026-08-25,Fluorochemicals,79f0bea3f2017c2dd6b80a8f414f1361391d40ccecefb9611feb8ae798023733,282a684be352380502ef19c7ae8b015f42e9ac4dbab2b1e9210ff610a646d953,2026-08-25T08:30:00+05:30,True
LIVE_SHADOW_45bade05c36008,2026-08-25,Domestic & Consumer Appliances EMS,134cf6c44a732eca946a5070fd0dda05aa65f3db8f96450976694a17d8f95352,85fc31dd9e4655ea833786a5a4c1c320ee56d296b06fef9dab4e59cdb5bbd79d,2026-08-25T08:30:00+05:30,True
LIVE_SHADOW_516f6658ed01ac,2026-08-25,Ayurvedic & Herbal Care,f23052ac562881f5fdbd18d47e26f051f4bfaeb5f03563c5e4920eb9c3a08983,5edcace4c7c6c7bab9c560224ef24b64275db83a9a1f85eccf656ed19a1d6385,2026-08-25T08:30:00+05:30,True
LIVE_SHADOW_d11a14d5e65aa9,2026-08-25,Residential Townships & Commercial REITs,dc37e0f0c47a709612cd36b9f344eac26cc618132f38a40f36f3cb557baaa5f7,11134b875da624e6c36bdbfc32a2f13ee498a9275f2cfe03416aed3e6cc09f94,2026-08-25T08:30:00+05:30,True
LIVE_SHADOW_089197b013e161,2026-08-25,Paperboard & Packaging Cartons,1e6cb1a38311208f558e2eff580476631925b8a50c57808b939f593c181cf21c,0340cd553ffa3c412aeddc42070deef67356f3e05c68265a4167ff5fc7a1a279,2026-08-25T08:30:00+05:30,True
LIVE_SHADOW_7a3a126a144f9a,2026-08-25,Sugar Refining & Bio-Ethanol,85cb3d305631c8c1ab0f3ef347210f7d747efb27541fba261782ac418e05037e,85a5242e2dc0a861069e88008be8b5bcb4edda083390652b1340e7ad849f977f,2026-08-25T08:30:00+05:30,True
LIVE_SHADOW_a6b4c5aee5fa6f,2026-08-25,Tea Plantations & Packaging,65e56f8d9fe055318c8a8156d0a8e79856356d946b2f717e31edb1681f73346e,ea0d8d423cb487077d8ee28b0d10a078396020f321befb893a2c4756ed88af5f,2026-08-25T08:30:00+05:30,True
LIVE_SHADOW_18a722e33d32d0,2026-08-25,Dairy Products,a53c8a07bc8e29217626290106485753e3c5173bcccf9195da703f4a33932492,ed8b596ad4c238b281f565da50545df2d2943b0992f0f20f63681f09d391925d,2026-08-25T08:30:00+05:30,True
LIVE_SHADOW_bb5b64d54e618e,2026-08-25,Secondary Steel & TMT Rebars,6b118edad1857011d09649963962a77990d200c048eb5ce7f13b85a43d2b6079,d8e8a38f76a9c743442ba9e82dea633be9efa8633b92e96b751a87d628ec39f7,2026-08-25T08:30:00+05:30,True
LIVE_SHADOW_3e50f924bdd2f6,2026-08-25,Coal Mining,ac85cf7dd871b5d110e03f5700a57063841dca6f767f56ae2e56d3303e58d6e2,f512fb7f06553731ed10fd9bacbbaa4efe200858d33c12ed96b79e56987b79f2,2026-08-25T08:30:00+05:30,True
LIVE_SHADOW_a20c08854c5f4f,2026-08-25,Medical Clinics & Equipment,7b515384247ff9022f15ae885f5174904cd5f9df68d3380983138368cc55842c,c6fc935b262bb53f86dddccc1e6935d0c2d5190357bfc9d45b9233d574dc7639,2026-08-25T08:30:00+05:30,True
LIVE_SHADOW_20dc907459202d,2026-08-25,Wires & Cables,4abac3e025127689453c21134d0309dffd377d351120559b477738aae8853ff8,24e1399ca92017c0bb702ad774bf26c93847399596cf01c63dd086f03102c2b2,2026-08-25T08:30:00+05:30,True
LIVE_SHADOW_3c723de4801ae1,2026-08-25,Industrial Rubber Products,a9255e041bf49404235ae7569175e3bc837f1901a225c481c0252ee646f80a3f,a1e3a306a42d8c2106422b231df36eeeadec586a207ffe41b6e769025e61d71f,2026-08-25T08:30:00+05:30,True
LIVE_SHADOW_5fc6e07a4342a3,2026-08-25,"Industrial Effluent, Desalination & ZLD",68b61636cd0dec68d12f3fb97ccffffdad5fcd844ab84d362942b5c9f7c9f556,667a29a2fb6528e21a7e7b16cca4cfb696cf0b222dbb7cf31d9dce706f120e65,2026-08-25T08:30:00+05:30,True
LIVE_SHADOW_b6d9631a3dc1b2,2026-08-25,Defence Electronics & Avionics,40399bd0931f209a56606a43bbb9caaf0d27206fe5d6506fbbb37989b834cd04,d5ef604049fa59b76feeeadbb00ed70c08f6ca33dddb2621058cdda28a0865ae,2026-08-25T08:30:00+05:30,True
LIVE_SHADOW_e8957e5b27f8ff,2026-08-25,Tertiary Hospitals & Clinics,6694e932b2e082d116e27423f71f61be5306e85db6b4c5cfed7552e64b3f7421,57bc475b059622d79155e5e6cf530a6127c3d0d542a2f12d08c55c87a443cdea,2026-08-25T08:30:00+05:30,True
LIVE_SHADOW_d4b01b9d9ecbfc,2026-08-25,Automotive Radial Tyres,a6008e8efb7d06a2fad866e41a97d7c38210e881c8b2ddebe6f721003abca673,d631fc3c2a36d344206fea38400d7ef7e507bf627f3f0668e7b71c1d858be668,2026-08-25T08:30:00+05:30,True
LIVE_SHADOW_fe6e516e19129d,2026-08-25,Material Handling & Cranes,b2f49cf1a37aee822c1e0335180c1fd60b1cbde94295425e0fb35178dee2e4b4,45742a9502c63caef2ee7abbc5f95c79e7a94cc58d12857120552ccb5ca753d9,2026-08-25T08:30:00+05:30,True
LIVE_SHADOW_a6dd5ccec7d318,2026-08-25,Primary Aluminium,4044c6447eee30c5b8050f963b5ee3cffdb429338cfd8d4550703c6c2a0278bd,ba4ad1db092959ea31e7433829548cb19c2902f1124fb540ca2c56f296cdddcd,2026-08-25T08:30:00+05:30,True
LIVE_SHADOW_3a9d9ea5222466,2026-08-25,Flexible Packaging Films,082830f5b79fbcfdf406f625f328dff54a64421951c83f764f7ba872e10d9d74,cbbd1df02db22f38bd7943fc45765f96032c88faf595230c226651344c54e120,2026-08-25T08:30:00+05:30,True
LIVE_SHADOW_45f2b69c5cd9e8,2026-08-25,Education Academies & Publishing,75132aca7cf84d95af740166bf9ce72e1a93dd457574f49db16bdce7469fc7bf,c442d55d2474607ff25097372e8f6f7e637e5ebde7b8a2dadfd14e238140fb06,2026-08-25T08:30:00+05:30,True
LIVE_SHADOW_5eb4539d296c38,2026-08-25,Microfinance (MFI),d0ac83c55b8a3b166bd56c52e401ac5949fd7074e52b971673295f18e3503c9c,d27faa73aea8fea8d6cd0d0e0d7219eb228852caf13c13300fa4063a1235717d,2026-08-25T08:30:00+05:30,True
LIVE_SHADOW_c4c47657d1e2f0,2026-08-25,Precision Defence Machining,d49187316cad719fe86c91eb0d05bde420663a0750cfb5c5f31cb31c69aac828,c04a0010a5d2cc643066e832a973b8a5ff92060b99f496b67d4658dfa7789a77,2026-08-25T08:30:00+05:30,True
LIVE_SHADOW_3247ef051d06ec,2026-08-25,Container Rail & Dry Ports,2aa1d634e0b368cc8bd3b8bb55171af19faafc06b3afe393b3f4a818076eef73,751056ba2aa04537a1c5e2f497c076a561d0c257b9c39dcc3d281839ba45321f,2026-08-25T08:30:00+05:30,True
LIVE_SHADOW_ef1aa949bf690d,2026-08-25,Grocery & Departmental Stores,bb75a5199ace55bc82715b81ef5567f41ab3bb313a952a3828d321adec13bde2,708617dc8535544f751e326cc95828bbb4b8cc938c14b2d31b50d44f39ce8e2c,2026-08-25T08:30:00+05:30,True
LIVE_SHADOW_c4870de33eeb0b,2026-08-25,Commercial Vehicles (Trucks & Buses),ab7454aed0883d18ce6bd690c1e9cf8bf9bdb29d7d1ef1d142c62b71a7e23ca1,f037726c1e266bb78736552c6219add28f87edd26d2592dafea274cf20fc1ef9,2026-08-25T08:30:00+05:30,True
LIVE_SHADOW_db36cc5f66db5a,2026-08-25,Decorative Paints,c611811dd0c304ce3563cade603ae3d355d5421a4d7ca73820ca2daf9f8925b8,6a4a07239c02045d058e5fe57a57cabdb330885574f1a5ca9958797a4bb9f5b1,2026-08-25T08:30:00+05:30,True
LIVE_SHADOW_757cc7bb242a75,2026-08-25,Ceramic Tiles & Sanitaryware,d058b5dd4a97235685428d78f932f564cf848a58553c375f4eabc3f8c05a3467,373686324af368ae17ac8cfc61c08e5429baf4bcb2cf7c13820b24d5db016b3d,2026-08-25T08:30:00+05:30,True
LIVE_SHADOW_f69cc130bde34a,2026-08-25,Diamond & Studded Jewellery,7878e482cfea5efbb9fec6d687ed48425a5f295adffa9b43f30c5fa4b3b74804,3de6c0668114f9585c755c07ad3d1fa109abf5622607ab973b0a09bd57f184c5,2026-08-25T08:30:00+05:30,True
LIVE_SHADOW_a94e09541a57af,2026-08-25,Plastic & CPVC Pipes,8aba8bd7c127d560342c7fcccdc4f7a28f5ee423f5d5e53ffc88dcee899b6d42,0d44bdbca02d2c540f9ef6288c048a83c287a94a2d8fb0828eb1702d0b113b7c,2026-08-25T08:30:00+05:30,True
LIVE_SHADOW_ed32fe58190250,2026-08-25,Defence Electronics & Radars,e507d70eedd814e4e9a887f2a5bd9a6cfb50443556bfc277815cf72f82c9c6dd,a53d870f5b29b208e21a40989629e04fd68f009666b133d2f5722a29a2ebd8c5,2026-08-25T08:30:00+05:30,True
LIVE_SHADOW_9d321b70f17f93,2026-08-25,Two & Three Wheelers,f108ded99d69f09083e8069c7a3493d2d1ee64cc98dfcf15707aed5c072d7c8d,e49cb20732f4e07b17f3c3febfbf6e1ff1f343169e3ac3622693a253ce37b710,2026-08-25T08:30:00+05:30,True
LIVE_SHADOW_0530d0082c2f56,2026-08-25,Small Finance & Payment Banks,7a07911122d45a3450e7e03dd7294aebe6709080fcac524ebc7f99a2b8b31bcc,ea3f1c41d78621b2d4a119b310b8e53febdc8bb0b33277ce783fa66202e6eaa1,2026-08-25T08:30:00+05:30,True
LIVE_SHADOW_618adcbc8a5b9d,2026-08-25,PropTech & Real Estate Technology,743601f4ef8edebbec04158b263bef3ad7ec266c98c64e7b599e70cb5f604515,9ce861ae45d1ac570e35b8aea71d80ecb825fb360a3d8c58be61df9acca5dce2,2026-08-25T08:30:00+05:30,True
LIVE_SHADOW_ed4ecf3e1b0bf4,2026-08-25,Gold Jewellery & Retail,240c16736126821da6ea5ef1ba00ee1c08e15012902eec9478ce18b992b6c373,4f850ce41638f92f62bc99060284f4fbd4b551f7838e401482508dd5d7df310d,2026-08-25T08:30:00+05:30,True
LIVE_SHADOW_94813e66a536ec,2026-08-25,Precision Machine Tools & Fasteners,21d9c8fe012620351cc762fd96fef98539444705f805da539a06efa2022f37f1,be44778a83eb417e429759d35ad803bea64de152d49e9965f98e13e963f2ae8a,2026-08-25T08:30:00+05:30,True
LIVE_SHADOW_b70ef7749148c3,2026-08-25,Auto Transmission & Driveline,fc4eb561d1a680a44d81ac46caded20a3c659eb14c88403199256a9f07ff2055,102d2922794074050c7267b036ed7c621177bce39c4bbec8a3b2a5d02d632ebf,2026-08-25T08:30:00+05:30,True
LIVE_SHADOW_ffac78dfacc2f1,2026-08-25,Commercial & Industrial Electronics EMS,20b138e20208e530a5fc48e5f0f210893f4fe58e5db74288005afd242b4e26af,137d5ce7b3c0621de4d106e1ae8235446040c69f2ce2e763cfa60371fe8df83e,2026-08-25T08:30:00+05:30,True
LIVE_SHADOW_13328e0e4e0fa5,2026-08-25,Engineering R&D (ER&D),6832deb1b32cc68c571a35f48de6c2531659e96102e234b731d89d9f6d6fdd2d,cea801d16a1572eb530d7e293b015aeed74ad484e504bb99c53246d0a5761941,2026-08-25T08:30:00+05:30,True
LIVE_SHADOW_0ba03b51f7b346,2026-08-25,Co-Working & Managed Office Spaces,42c42bf96676d24b10e0f921a7da269c89d8cc9c8f3dd4dcb3ca92800f1c729d,7e2e5fb626defc047ba5ed44478ef7714d25a7e159694e497409d97acdbdff8f,2026-08-25T08:30:00+05:30,True
LIVE_SHADOW_950ea11ba855cb,2026-08-25,Private Sector Banks,23b9d201e797a181e61eb28e8a240a869341554cff9f006c89b68fba17556ce7,b9eb7b3b2feef140e34e4baa444764f2d394378f0e7758f610cd01253704fb76,2026-08-25T08:30:00+05:30,True
LIVE_SHADOW_7712f705dd1ffa,2026-08-25,Television Broadcasting & OTT,77b534622365cbd8e42cb4846edefad236f733894783775128358065f101067f,1f3cc5a4314aaed9d660148059910fa07f5f82201be094f62d44180c949bd697,2026-08-25T08:30:00+05:30,True
LIVE_SHADOW_c0d9056e4ad689,2026-08-25,Music Labels & VFX Studios,02e96396537a414f49c838ee4363acde3ce6cf62cbe64c345928a11f253abf6d,d0bdee8d1a4146e3357c3ea53c7bf7d1df645f158a7e2318d97259e845cd0aa8,2026-08-25T08:30:00+05:30,True
LIVE_SHADOW_b1500a45127c27,2026-08-25,Hair Oils & Personal Care,bfa0ba157e2b61a67dda6447e38a334f1471f5cf4f1eb8ce33e7f93ab294731f,64de7b8aeb07644a8a253e0611047364fd214b9d8353d1a8beb7a50d5a528d82,2026-08-25T08:30:00+05:30,True
LIVE_SHADOW_d27fffddbf940c,2026-08-25,Off-Highway Tyres,aa57ab3dd579da5831a397b95db0e829cd8d41450dcea971baf23a8a10bd88f2,f89379d46f5168ef26e4a8adf6c57faff53442bc9159b0d5989e6c1406b80ea0,2026-08-25T08:30:00+05:30,True
LIVE_SHADOW_8ba9a539ee4c7b,2026-08-25,Silver & Fashion Gemstones,fee0b8f05592e17d0d74474096d2423788b0e50945a91b0d108e7ac282121cee,32afdbad9a215b1a838c96d8d45fdc81d62749cb9bfe7c26b6341d175b409485,2026-08-25T08:30:00+05:30,True
LIVE_SHADOW_0e48c66fec70d9,2026-08-25,Auto Air Conditioning & Thermal Systems,f6071a894f455eefc55921be7a200d0022cff55bf5ac3df489db35ac6c3cd49b,b319211dfae09da997b1cd46bae2e53820bfd031c49f770c4dfb5ca44d3a244a,2026-08-25T08:30:00+05:30,True
LIVE_SHADOW_ee598015c67544,2026-08-25,Public Sector Banks (PSU),b4f42c9aad92c0e032d4edd5629751338017af42c48dabdfdb4faadda493a514,5cc38ec52304d9c67ad3d93d589c9be34bf9ca150fa96ae974e7a117e9196939,2026-08-25T08:30:00+05:30,True
LIVE_SHADOW_35863001f124df,2026-08-25,Tea & Coffee Plantations,62f3ab7b52704561ba2bd06c5272eacf94791d0af524dcdc0829b3d6a6d0023b,7274adaf5e74a5eb07f27168ef0dad76b99e57ec472ece13ccd9bd4af8aef106,2026-08-25T08:30:00+05:30,True
LIVE_SHADOW_6d62291bdcfc0f,2026-08-25,Fashion Apparel Retail,4f87500b3b09dc26caac3e56ea8a8c458c1f32102590a460a030ebd244830b91,ec5c2d0df24febb83f75fb741268a78ade46c7f09e8843f6ae3a624d30a9c05d,2026-08-25T08:30:00+05:30,True
LIVE_SHADOW_dc915f9f9bc392,2026-08-25,"Rolling Stock, Wagons & Vande Bharat Trainsets",07e1954fae9574e174a09f15a2e77672013a74c5d39e829bc84adfbcb710cd53,847a0c5ee33ca2cb28e8f7e47310542693483d4e9a53caa3daa72ac0892a1019,2026-08-25T08:30:00+05:30,True
LIVE_SHADOW_6dcc89fcf3c8f7,2026-08-25,Copper Mining & Smelting,5d7e662eb79cf3f33eef1e33c1963d4d4e5060e1d691fd73709538ac1dea5b1b,4da1226500429979e68709a446a77b131bb70659cbd03a5b611d3775e51e0a2b,2026-08-25T08:30:00+05:30,True
LIVE_SHADOW_d3381d60002a29,2026-08-25,Auto Climate & Thermal Systems,b8f58a1dc1ba4b299bfeebe2e336ec331c676bbb784f81a04f32631d4aec79ca,7b426a4b7f6c91e5f9ca4c1c5be12b77e7b5904676b97f1546a298e3ebe13b35,2026-08-25T08:30:00+05:30,True
LIVE_SHADOW_ad082833b41f06,2026-08-25,Telecom Cellular Operators,9fecd9ecc4e2ceb2d3580562b6ace9f175331e05bb295b9ead2e37828cebd972,352bb610cf76bc2ae32cff13fc668c7e4396b35d43aa8a05f9b6e6fba7a79f75,2026-08-25T08:30:00+05:30,True
LIVE_SHADOW_5c6929516a1db3,2026-08-25,Electric Vehicles (EV),28d87d0ca8d951145c773c3ecee5bcb42a35fd2998d8169133724c5da03f111d,6706fdb6284a83c4ca0b967e9cd0953d37b63906b584212b66aac0bb419e5790,2026-08-25T08:30:00+05:30,True
LIVE_SHADOW_e2a7169b17cdc8,2026-08-25,Precision Bearings & Motion Controls,a548456e6652de09e6a4cc77c67f8eceab96889c08a919833d398b37fa2ae8f3,cb2511ffe8d7c85054eaaa091b4665e246797ae8e22f7fd243ecd365fc775e8b,2026-08-25T08:30:00+05:30,True
LIVE_SHADOW_09bbb123abb871,2026-08-25,Fleet Tech & Logistics SaaS,80f210b55ddf0491e97ed145d25d04ecd6d0478b4ff8ba416cb92c7c72db45c0,b3b9b45a845db120374a1d58be45071fd7647e5f55d6595cbbfee830471e276e,2026-08-25T08:30:00+05:30,True
LIVE_SHADOW_8d2ecc5da35814,2026-08-25,Express Parcel & Courier,ba5c1cc0ef4071d4cd9b34be8d0f67e0b73824dd1bcb6cf54f2162b57fbb100e,610b74ff8c21a5158ba56b7cc0c7a254f2d29248eb1d8d989414789ec7301c08,2026-08-25T08:30:00+05:30,True
LIVE_SHADOW_bb58ef027dd299,2026-08-25,Design & Facility Architecture,93dfbf99d2d98ccc7ef23bcd11ab48b0a62d82bca50a3e90d08a539cdb1435ec,3a9037656a0ec8e561af2b68b156d2fc545ba5621e861d65a77cbc23ad6e5b43,2026-08-25T08:30:00+05:30,True
LIVE_SHADOW_f8fb32f3de1f40,2026-08-25,Air Conditioners & Commercial HVAC,3989130cd3aaadbc23ab1a9be4a60947a779e3e3e749b3aad64ffab0af1402e3,8e0ea1261f5ff02bb85ede11954f3bb16a2ccd26f479f82e7c49336edf7dcf65,2026-08-25T08:30:00+05:30,True
LIVE_SHADOW_b9b7166930bf43,2026-08-25,Synthetic Fiber & Polyester Weaving,8e83f85612ba60152e7887c240a67c3bf81b4eef5e898feefe5a35c2edeb056a,d54aa74c8ee51925eff6eac7edcbe5e11a8964c85ae6e9badb7bb4e2f8f69508,2026-08-25T08:30:00+05:30,True
LIVE_SHADOW_e7a24a0de91576,2026-08-25,Kitchen Appliances & Cookware,95add6c7c674832673355cb2296c20c359466f5b440f6ac96d5c70fa48a28e9b,4028afbbf8db7acb59c13f87b660fabdf4d15ad26b5189153a342131bc39465d,2026-08-25T08:30:00+05:30,True
LIVE_SHADOW_cd0e8c86032d94,2026-08-25,Home Appliances (White Goods),93005aae00223da9790208df4088f3b7a0d65b743516a3613a55ca282b704f57,5f2c0f7eabb64ed43b496bd70527906dff2e5a3daf5f83b59a94859b9c4cd377,2026-08-25T08:30:00+05:30,True
LIVE_SHADOW_e86b9c03dd81b7,2026-08-25,Precision Powertrain Engine Components,14ba7eb580cd253e2b4cfaaaf41f9b082aac083db7fe28294081ab74e4d9f869,dc8bff0befaf823d864d44329b239f6c8eaaa074fd28ab273d945777a774710d,2026-08-25T08:30:00+05:30,True
LIVE_SHADOW_5d9424ba4c9560,2026-08-25,Sports & Athleisure Footwear,ec5bd4f1aed891a96c39d24e8369504ca1294c825b1014cbedc6df79cd4310ac,652be3bc3fc4af7d969e4b4aaca958cb707ff3e0ca5f4670655b3f9b51b8e0c8,2026-08-25T08:30:00+05:30,True
LIVE_SHADOW_a60d43dd8a1f2d,2026-08-25,Stock & Commodity Derivatives Exchanges,eca6abb67d665472f985a67defb68271bc9610cbe1e3da0b6774047aad049951,5b2e051bde6968a2a112faac52b5cbdb3cd2333957460bfefed337a83cef5aab,2026-08-25T08:30:00+05:30,True
LIVE_SHADOW_0e8c656681af07,2026-08-25,Hybrid Seeds & Agri Inputs,97fec5d51efd8f04395d7bd4fc34c3efd700169a07372472cb6c1c0c9f4c0ced,6c96fa67f956a4652531665f4b31f4b2908163a8a12fab8bb2092c604c41cee7,2026-08-25T08:30:00+05:30,True
LIVE_SHADOW_6b2dde53009699,2026-08-25,Worsted Fabric & Suiting,a222ffd8ba9a4e854240834778db54b971456a3f1d4c6081ba61a5973b99bbf2,34484079f4df5237c102387298c03d2d63a17da0c4163719a0c48118adca37e1,2026-08-25T08:30:00+05:30,True
LIVE_SHADOW_025a30ab4915cf,2026-08-25,Mutual Fund Registrar & Transfer Agent,e45dd36f1d335fa991fafe5f422e7b8281e8f41f9ba15f999f3bd1f308bbf7bf,0e53604186b9932b3d894ea5093799c28a144227d5c33467d7312938b86d9c39,2026-08-25T08:30:00+05:30,True
LIVE_SHADOW_fcf1f96833fbf1,2026-08-25,Life Insurance,e99e2cf5a76e70b232749c0c5af26334bbd5c5906e788506b5295cb2aaa8b960,14215a718124604fa72ff96afd14dc71aa7c7f47989a18ffc6bbabd4d6951038,2026-08-25T08:30:00+05:30,True
LIVE_SHADOW_fdf86e82eb86f5,2026-08-25,Credit Ratings & Risk Analytics,28f600ee7c4c37272144fd01c1497965001cbe1888edd748dd13a2c45d77a065,bf741427d81358fb2250282f938eb8d657e27d4b778fd48ff665da98c6484b51,2026-08-25T08:30:00+05:30,True
LIVE_SHADOW_ebbbdb5ac6520d,2026-08-25,Payment Gateway & FinTech SaaS,e24712854819fb807ebe1401d015c37d47eaf20be563184e21b566a5451bdd3d,ae9aa1eb1747b6f5c3be97c4c6b630225005395f867e915c942614efc07054b8,2026-08-25T08:30:00+05:30,True
LIVE_SHADOW_b22dce35b58765,2026-08-25,Depository & Clearing Services,50f36e0dec64806d0ea77088ad1b79d4ac1fbb365530777e10b2a59153b0864b,0a2f37253d4c39b6043ca5db1206362fcaa5f01dfff00982113e372bd14e2acf,2026-08-25T08:30:00+05:30,True
LIVE_SHADOW_2d210bf3bd3e47,2026-08-25,Kitchen Homeware & Cookware,08be491e7799dfd9b0f6d8c4484ac4b75adf05a646faa7a8da503cc16e5ad673,7c7a68b699dc76a9697c0a542fda95b781d861ade8427e9f7d6d1a51ce5c9e04,2026-08-25T08:30:00+05:30,True
LIVE_SHADOW_96d4310f5e3490,2026-08-25,Power Distribution & Integrated Utilities,72c5449c8418de364b1a60807610b0c7270004650d26e55f3b7fea1895833183,a127ee25cdee63df06ecd6c81449d91a290db2503dab7604ea099fc008aa38b2,2026-08-25T08:30:00+05:30,True
LIVE_SHADOW_4d6a312c52cb64,2026-08-25,Renewable Energy & Solar,8dff0087f2128cd5bb41a9498d458e9575384a8fdad643c16a448ca7d40868ab,e3bd609fc55b6ca6a8d6dace67f52610f257cf8699db75791df0d9591e633b2d,2026-08-25T08:30:00+05:30,True
LIVE_SHADOW_fa2e486b5b347c,2026-08-25,Wealth Broking & Advisory,98088a9028f286c4cae51de0803711b42f03b39853c4926ca0efa23e37103bdd,7817fc25f847be6527f886fe4472fc4961e292190ca77c505427a32cdfafb02a,2026-08-25T08:30:00+05:30,True
LIVE_SHADOW_7f6b01aecf6996,2026-08-25,Vehicle Finance,2ae4dfb1092620eee83817d194ea661e5a03390a49018d64e09107dd7283d986,5ec26540e90561294133dd332dc34726f5711d7be20b9abcada095b95b9c67e7,2026-08-25T08:30:00+05:30,True
LIVE_SHADOW_d3d1a4751fc630,2026-08-25,Film Multiplex Theatres,0b9aca2791c428aede5a388ed1ecc5aa498eed3d36c89da36f9c17a3ad43ac24,9e8f27129b86e551ae316a1df535c36561acbcfd5b5f2ab733ea4388e47616a3,2026-08-25T08:30:00+05:30,True
LIVE_SHADOW_478adcab2a6c92,2026-08-25,Basmati Rice Milling & Global Exports,744e83c172fb43f9a298207b70949d6d870c7f86e81c51041c6081d2bbc0d2b0,acb095ce226948e918920eb156fb10efbf605f6337b2da11bb642e5fcf1706cb,2026-08-25T08:30:00+05:30,True
LIVE_SHADOW_9c0a8181545456,2026-08-25,Mining Consultancy & Geological Services,5d516681a288d5fc9e25b0960702dec2f942cb518fb6d0daa9710f337e35b480,c5222beabd226c32f0ca01526ce635234affa9d3b1646eb06c0ccac290ada24b,2026-08-25T08:30:00+05:30,True
LIVE_SHADOW_991276978f3420,2026-08-25,Aluminium Recycling & Secondary Metals,ec02d2c0cc33ab82fe3932ed4d48e95f8e72d6abb3c31f325da5077921f622f6,8d504f2cdfbae48674b3c81f1cb5dace3d8f0182a1a86cf3c09e86627bfd7859,2026-08-25T08:30:00+05:30,True
LIVE_SHADOW_8d61ba261c62eb,2026-08-25,IT Distribution & Enterprise Infra,68cb6aab809d3ee064320b4e8afe416132e28119ff00a1ea954fdd20a5855d15,ee240c73d5450db9af371aafe5921035d89bf683c5097c04f8958511052e5d17,2026-08-25T08:30:00+05:30,True
LIVE_SHADOW_c5da536fa4e00b,2026-08-25,Naval Warships & Submarines,c68403f615e6a6bfd13050bde2ee122ae6a2cccae6bdb18f248cf92d7b7fd297,27d0e4b7d288b73fb71ad06e15bb3d94e0b15b2ef929d1335667a61051354acf,2026-08-25T08:30:00+05:30,True
LIVE_SHADOW_3e31ed2abb2c56,2026-08-25,Heavy Process Plant Equipment,a686967464eb76e6006e48c451463192c06f20c67cd9ce3df82a03a9ad0e7c05,49ea488f0fecc84a4d92b81fb372beada8feee377da8081f15af80ecedaedc38,2026-08-25T08:30:00+05:30,True
LIVE_SHADOW_82138a705848b7,2026-08-25,Oral Hygiene,52cc8613cd338874030b28946049023972da4ea2a20a492913b56cbe79638273,d259136e316cca9c8e74ef96baf415db6b23cccc50b11d651710c829661680f3,2026-08-25T08:30:00+05:30,True
LIVE_SHADOW_5f84050825a058,2026-08-25,Freight Forwarding & Multi-Modal Cargo,c997bd881bf074895547b372a2ba74955c1658e90270c631934d72251e17b88b,5e3a4e0fe22349123a306a8fc145e1f0b1d17d71cb3ca5722d51bc84776adafb,2026-08-25T08:30:00+05:30,True
LIVE_SHADOW_54420751002114,2026-08-25,Cruise Ships & Water Tourism,019cd724f0485f3d8afca2d264cc1c6f2d69aac3bcd46c4e92a35a05c6597259,a6802740b2809623b2a82a54f152af7e9aacc4b3ca053d91041d46127a9f0f60,2026-08-25T08:30:00+05:30,True
LIVE_SHADOW_0ee350291d2ce3,2026-08-25,Business Process Management (BPM),8539df7a67a395d24630b9c7ec92dc2d83d95e8a746397ee86dddee8294cb042,7c5e3911cfcc7f9ac21bda5df9dff405a4d38d61f0e59f0c7353d0f8e319d485,2026-08-25T08:30:00+05:30,True
LIVE_SHADOW_4d8820fef3f4af,2026-08-25,Television Content & OTT Production,3e8a2f9b69279bc5202391b1ad362e3233b61601a0b09de6cd820d7385a97cb1,bed8b9b28156eec63b85cca907ca8d0ac4ea021bdc9b16d9e031af976012f3a1,2026-08-25T08:30:00+05:30,True
LIVE_SHADOW_72cb2a96e2dcc3,2026-08-25,Overseas Education Consulting,cd36a74bb46fe5992ce2c6ce0babbecbc91ab528e6e72a1a18bdb27bd11ceb7f,6e97c924a3fbae9bb4855e844e113ff5b187502001d8d52a3ff4394fa86cb76f,2026-08-25T08:30:00+05:30,True
LIVE_SHADOW_a58b51bb8c95e8,2026-08-25,Railway Signalling & Technology Systems,0e637944e84ffc712cce977b4ddd2d8f3ae249cafdce3931fc1b33b939ba64da,4b8f62b890a9c8029603b15f223893c7a810e7b831432038a8fa4e2c27061910,2026-08-25T08:30:00+05:30,True
LIVE_SHADOW_161dd51342eb18,2026-08-25,Diesel Engines & Gensets,e133ed67c64f2efb394020b41c5e6b8003dd1f57cbaf5a04c15dfbf63c57369a,a2632a9ea6984b18e7b275613f508dd57e21184546e091a5b90289ffcdf5760f,2026-08-25T08:30:00+05:30,True
LIVE_SHADOW_1db553af7c9e2d,2026-08-25,Medical Devices & Consumables,eaf395e90f66744b7d6574648bad3764f7bde4b9e9dee9a0ecdd58666ebdeeb8,2abf91b7e663235a3e8e10e2b35769a1412a55a4053af7688b863b5f887d61cf,2026-08-25T08:30:00+05:30,True
LIVE_SHADOW_a2e65c60426657,2026-08-25,Gold Mining & Precious Metals Exploration,c0399fbcff54bcc01a86ed209fea85504b9b8934da98c626bb27257330dfc248,387f91ea6d60922c349a679d529e58a80d8e9e7e55a01408fd83612c31571055,2026-08-25T08:30:00+05:30,True
LIVE_SHADOW_90c49eb3e07726,2026-08-25,Forex & Currency Exchange,0f7eed3c25e9eb26d2f09e4a41c98ac951556f956aa2e7a144a1e85de3699e25,e5723de024dd868a53bf11272dc74cb137c67d657d3f432e0e2a3639ae654296,2026-08-25T08:30:00+05:30,True
LIVE_SHADOW_1017678112e278,2026-08-25,"Gaming, Casinos & Entertainment",cc812935e4b74bd59d8ced58473a24b0293086e273893ce239eb006af5a6185b,d7fc9d2b4803c35b8f17c84e7e5f46329ee8ce52dae0143d978b583319203cb5,2026-08-25T08:30:00+05:30,True
LIVE_SHADOW_0f9c99ef7a292b,2026-08-25,Cable & Broadband Distribution,148b7edffe05d62e4f2dd0d8519f10959a214f1e1c92fb97cc706cc018ae11e8,43e9ea5a983806b9085020952e3d2574e4c3186eacc6d0c348c58e9ac09394e0,2026-08-25T08:30:00+05:30,True
LIVE_SHADOW_1d72120f9691bc,2026-08-25,Specialty Electrochemical Chemicals,34247a2d16eb8f6af01fc788758db278084e522fbac3975011eacd2df9bd52a9,f0fede09217b914441c01efa488ddcaec4ea4b0ee7d5e3b06951bca56b7b4e08,2026-08-25T08:30:00+05:30,True
LIVE_SHADOW_a2a906583ca544,2026-08-25,General & Health Insurance,2517df725a7003a792af7562775bf4ad0294eb56bd469f6336b5d7876e658973,dc80b22965acf2626da2907c4c43728a59ab60f61cae281948f5f7778d6c6bf1,2026-08-25T08:30:00+05:30,True
LIVE_SHADOW_04fb6c027beb6b,2026-08-25,Railway Signaling & Track EPC,c4c240581aa6af5c6d9e9e092ade86a3b58c5d9378f467ed9eb90ba134862c7b,747c7342ffe096bd610599e5051dce85f27e54c3d42425762a1d3d4ede1a3776,2026-08-25T08:30:00+05:30,True
LIVE_SHADOW_896255da04feab,2026-08-25,Foundry Equipment & Shot Blasting,8f0149d557f924c1286d6dc5396ce59acd3b10f16ff0079902b33334ee29e07a,db90e1491ca8a82bcfc77603073ed7b2ad461726cda9787a527269b3ae26b04e,2026-08-25T08:30:00+05:30,True
LIVE_SHADOW_81d408d0f4fbbd,2026-08-25,Bridal Gold Jewellery & Retail Showrooms,978a55987f11bc4cd311bb94fac308df0db345399ea98d5968a1fae99c22165e,149c2a9d5654fd951612f4800d141dcb13468cdd9b2ce8668c3fe9a9c5f0b850,2026-08-25T08:30:00+05:30,True
LIVE_SHADOW_d4272228cd809b,2026-08-25,Domestic Consumer Appliance EMS (AC/TV/Washing Machines),56df6d7aed876ecb3ef7d510188b8510f5929c1b6719da33446d0c85d7e8f466,c8386dc2980c36463dd89edbcded1bd836b798f86dc7cad548d9b81aa90193ba,2026-08-25T08:30:00+05:30,True
LIVE_SHADOW_711c3ac0350da3,2026-08-25,PCB Assembly & Fabrication,ebd7103001a721b9fa0532112e94ed9fe2abd092db115be28f9801c94ada0f46,60ccfdc777c48467fa83fc18a44bae91c1ae2be135728e0e87314da4dab4366d,2026-08-25T08:30:00+05:30,True
LIVE_SHADOW_b4c722f5e3bc04,2026-08-25,Networking Hardware & Infra,f793728f309f8b5732e97a2c7b776e03d7999f6daa1c047ed268ffbc9a2ac58a,89f860deb69083a074ccfb304dc0dac5ca90ee4cef641011ec0d9c8bf647d2e4,2026-08-25T08:30:00+05:30,True
LIVE_SHADOW_fb9cc1f50f1c6a,2026-08-25,Liquid Milk & Value-Added Dairy,4e3d41dda4f0b4f340ff569f16317278f1157e0635d580041407967ad4069b3a,ddc9b8eb12e0043520668885e69664a76ef50f99eac9edbd543f63bba0751e69,2026-08-25T08:30:00+05:30,True
LIVE_SHADOW_85e4a3cd9faa43,2026-08-25,Innerwear & Athleisure,74ba6c801ad4e4a4a0a41a2762779e9e6797917c5f221e01bacf8812c84d7abc,e8a85f9374dc83d73efb904d1be6fbf180338352574a7f73adfeb71ff26efe5b,2026-08-25T08:30:00+05:30,True
LIVE_SHADOW_84a98da595e51b,2026-08-25,Polyester Woven Fabrics & Suiting,0efb5f99594f94ab8449ed38ea07133020f0f90d36dea9eeb261b6971e4a09f5,cb849e6d7c1132043054456052fc80ca7e2d9423e12d70cc8d5c915bed23f0fc,2026-08-25T08:30:00+05:30,True
LIVE_SHADOW_a690f7a173bc34,2026-08-25,State Distribution Companies (DISCOMs),c8aca7d30a1022dcddf2cb9e586f965d38724c85b5d21b0d276a121777b6caff,d45f7f4c873f86b1a234ceff1aafb70e52b8a4fa7fcd43a1f3bf48ed3989f21f,2026-08-25T08:30:00+05:30,True
LIVE_SHADOW_79c5e39101e3a0,2026-08-25,Airport Lounge & Transit Tech,ffe19cf8febebd256915757709ed3faa24581bdb200fdbb2f212dfb548439284,1e6f41f4b77514afb44fae0c47805feeff8afa9ffe39548ff4948408f2fbee8b,2026-08-25T08:30:00+05:30,True
LIVE_SHADOW_d7c89b4d845fc7,2026-08-25,Staffing & Workforce Security,3f654b8ce543d66636f8de3255a4b4a2e4582dbbfc0d7e5a3dfc82b398933520,f0b9d0f5547a83959e15cf4bbc1cd4531e55cd6e76de8ab951516fe7095c4a15,2026-08-25T08:30:00+05:30,True
LIVE_SHADOW_b18005c1f05d03,2026-08-25,Cloud GPUs & Supercomputing Infrastructure,9fc71d1cd55cadd7a2e57af750c424fc463b531a727dc9a1f4761c8ae77525ab,e08dc3927a659fb52d957c4ee4eab1282feb7f63a2710b44cccc5ffca4c8d75d,2026-08-25T08:30:00+05:30,True
LIVE_SHADOW_9281875586e5f7,2026-08-25,Online Travel Agency (OTA) & Flight Booking,605909fbb800579f334b6c8b1ad706c11d3b99fc60d43f5e41ada9a74d47d060,7f6a2965d66330f470f076c78c2cbbb151cd3c5b625cd39147604d8a05816db3,2026-08-25T08:30:00+05:30,True
LIVE_SHADOW_0ee350291d2ce3,2026-08-25,Business Process Management (BPM),5abd8cdec71d6c83882a3b10a65ff07985b4a425eb23976059ed924c90fdb361,aff088a63d6dffa82e38ee89cb6deaa67ce97aac40abc28389c756b81f067b48,2026-08-25T08:30:00+05:30,True
LIVE_SHADOW_8ecddf44a66040,2026-08-25,Recycled Polyester & Eco-Yarns,3a8e6a3856234e709cfce0071f836e6e018d041c8f017b01a695d8ad00b8453d,01b9dd297a99e6a8bf6981a19cd70484c8ee85edc10b93f978fdb7b71bc41a51,2026-08-25T08:30:00+05:30,True
LIVE_SHADOW_8c2808b1edf289,2026-08-25,E-Waste Recycling & Sustainability,25bc25fdf85cfe1f271e55893d6ba0159f74dfad621fa8e47fd1e300525e34dc,8835f9410661e0af4a888e3be041d5c91371bf49ddfded8e62955ea57f7b7c2a,2026-08-25T08:30:00+05:30,True
LIVE_SHADOW_a1389b97167213,2026-08-25,Heavy Infrastructure EPC,ae7f0b76adfa5cff0cf0ca3ff1f814ba4a7fcb0cee2b0de5fe7f1b6e494dc7a5,f283e50925522dc30da3095a1834ddb067174a6da54ce0407d9cccbfd2c0e3c7,2026-08-25T08:30:00+05:30,True
LIVE_SHADOW_8960ba50f8b6a0,2026-08-25,Passenger Vehicles (Cars & SUVs),53f4b6684cb808738d6956923aa4bf33baaeda089835f2993b864863c8ed8ba0,d112013375223982b2facdd88b2b6b4d6ea5648cf7dd3109901599f19eca4912,2026-08-25T08:30:00+05:30,True
LIVE_SHADOW_ac9a7394d75b0b,2026-08-25,Tobacco Products,52137ede4edf57863220d2a9d758b22fb3bdc6923b001c4bb5bf733cd3b2d11b,da4c85e1a8597e5521aa735e6201d3131cd8a8c514f28428039ae856847c2631,2026-08-25T08:30:00+05:30,True
LIVE_SHADOW_ffb760213721b8,2026-08-25,Advertising & Digital Marketing,44aab140dfc6401caa3083edf815c296bfe64254d71f3d41844bdaa1007f0a86,d92c37697f7f31c4bce6d1d7614173673a8e6ea1cc131f588aaea2caa02f6592,2026-08-25T08:30:00+05:30,True
LIVE_SHADOW_ae8c932baef2b4,2026-08-25,Pre-Engineered Steel Buildings,c43042dee5da868d7b7c2fb5fd9b9846cf055627ed5550f15b3905e0868b7fbe,5ed959fa1f433a7c372b868eed81e90a586423293c0084f2284050b356aaaa42,2026-08-25T08:30:00+05:30,True
LIVE_SHADOW_35382286efcb17,2026-08-25,Wind Turbines & Wind Energy,52e744c822771afbf2bd29b00b15d79e4d808c26ae70b4acd2ea17ccdb057234,81662fcdea7c657cf5596fdd456a9261f8003cea45c9eb2ad469ebf5dc82edce,2026-08-25T08:30:00+05:30,True
LIVE_SHADOW_fd29d978d7383e,2026-08-25,AI Servers & Supercomputing Hardware,5f5306a0876f294d1c302ffe3629a5da9ae1c311a737e96fe79b3fc66c5b1b36,c0948b01106865dcb947684ae6cb6d71cb5db90d2a5826180d9c63324ac65167,2026-08-25T08:30:00+05:30,True
LIVE_SHADOW_2e36073cfe2f34,2026-08-25,Tractors & Farm Machinery,07a109a1cd3b2b2801e67d43ea2d53a19663751de7747c749fbb1dab383432d7,ee010200cabc4579e9e1e713419f8b732fe5d78bd85cc59a1005e45f32639e74,2026-08-25T08:30:00+05:30,True
LIVE_SHADOW_14d05be55401b4,2026-08-25,EV Charging Infrastructure,b61d6dfcad8cc59eb4b854045ee5f432e5de5aad86d70a74a510109517dc723a,5908d854f763edd9b64ecbde5c8c45b8d4c186d5a6c97ec56c4ba177b23a4681,2026-08-25T08:30:00+05:30,True
LIVE_SHADOW_f59dcd4b0dd00a,2026-08-25,Auto Batteries & Storage,2b2ea2076d4bf8a7259d3171630266f418060f8975f3c20436f4bbb979a19d13,93822611cddb084e6c8496a00109dda2a1730c8aa92772eb11339555a3764b99,2026-08-25T08:30:00+05:30,True
LIVE_SHADOW_9948813355cdf6,2026-08-25,Home Textiles,633d30c9016463dd51557cb31f4c327b46406c561e9d9bdc021fa7a1988919ad,fa04d9f944e8305c5e0da59ac953ccd5abdfcffc1d8147c13f34715870a7aff9,2026-08-25T08:30:00+05:30,True
LIVE_SHADOW_dcf4e7158028ee,2026-08-25,Water Infrastructure EPC & Supply,1138c91be14d08f686b32150d9d7fb7e62a6d54c31453a8635cf4c468503eea6,5fcab4f4b59d2e6892d9a02ca8b11e522d26ebe5bba1577cb9afecd1192c98a7,2026-08-25T08:30:00+05:30,True
LIVE_SHADOW_6a76e008746b9d,2026-08-25,Auto Lighting & Electricals,08ee25ac619a372a65079b50a0511b627822beddb886a337f17e31b144cdd475,0034ffae744fa4456a4344b8ec52e690f550ff29c140e9ef0382655ff3c855b1,2026-08-25T08:30:00+05:30,True
LIVE_SHADOW_bf75be00f12d17,2026-08-25,Stationery & Writing Instruments,1e054ae520d014794ba245d841d6d0ae951cae644a5eace9640ea174916f28cb,3db323c1960ad0d93744e0d5d44a9e2713d1a5c477c840da0173d76b9de7e4b2,2026-08-25T08:30:00+05:30,True
LIVE_SHADOW_2c766d8642011d,2026-08-25,Passenger Airlines,d775bcc43fcc6646b1f40fddd6589d68e13f1e64cee2ad799b5aa301202ede99,f61015dc763ef7f541dace0463832535354ad9f5ca54dbb2f22add7fbc412564,2026-08-25T08:30:00+05:30,True
LIVE_SHADOW_ae28d60444c634,2026-08-25,LED Lighting & Fixtures,f94a97eb617a1d4e0a5139dcddfebc7128aa1c0065761eaf38ba5b3e2e74f008,705415e95896c70f2a8a91edc60c9871cbbcb3b1724a52ef7f668335404390f6,2026-08-25T08:30:00+05:30,True
LIVE_SHADOW_054fe0e9fec224,2026-08-25,"AI Solutions, Analytics & Cloud Data",f1bd97c783b56d018d318c22f452904188b70187dc41ea7aba3f314a42d0a923,1818bbcfd32c245f61086761cd6017431541624f80753bce949cc1d47fba0679,2026-08-25T08:30:00+05:30,True
LIVE_SHADOW_72a5b8bd1e5cde,2026-08-25,Gas Transmission Pipelines,e19813dc698efc387acebbe92d6cc0971fbb159c5666947aed3667584c3b5ea9,90d0cba37e3d3a87b6c9aae1b9f8e79397e8264f601fa443e6b92041ae9b4f8e,2026-08-25T08:30:00+05:30,True
LIVE_SHADOW_c191e001935021,2026-08-25,Edible Oils & Vanaspati,1b61331c7516751107a9397e760f35949682fd62dab865b8c9bef98ea1736cc8,6a48cffd269046bfe5f122cd38ee772b0a4c41b30a372d717db94322365845c9,2026-08-25T08:30:00+05:30,True
LIVE_SHADOW_35dc69d28bcb2d,2026-08-25,Liquid Storage Terminals & Logistics,7db8615f4fb4f11e66b089bd964879ae7e1628b6a094a4163e29637a07a3afcb,7161abb4cb2e00351d2f47715d2b4bc6630cfed5021a84afdb2690f8d0012a3d,2026-08-25T08:30:00+05:30,True
LIVE_SHADOW_960d1a36cec47c,2026-08-25,Geospatial AI & Digital Mapping,6cc329ef2a9a87053de45ac0f0a07cf784919a94d69ccc9822b8eabd36b0344b,21e2261ea8a24286d478a387b8db7e69d9245b0e67a6be50fed2655810ace37e,2026-08-25T08:30:00+05:30,True
LIVE_SHADOW_ca19885d33b552,2026-08-25,Tobacco Products & Cigarettes,c28ca654bc3dd53958beb59f15beae3b34ac81613672d353b4091802e4534238,248b74dffddd5b699efd61692e12451213e588b9d58e4477fe48d3c2cac3d6a8,2026-08-25T08:30:00+05:30,True
LIVE_SHADOW_512dd6261ba058,2026-08-25,Automotive Radials & Off-Highway Tyres,6965e48b116424cf5ea6e3000dada6f4d43ac46f2e550ae2b45ce9a7fc11c9b8,4562502ae433d944731d806c0c0b38c2d3c3ab50e7b455cb62f0a7e872fc7316,2026-08-25T08:30:00+05:30,True
LIVE_SHADOW_69dbab319d0953,2026-08-25,Film Theatres & Broadcast Media,0daf54e517cbb75a9f32f4b9f23f9808b254eb0a27f0a022cc08f3f7fc89a1da,2b6274bf00fb55d8c7fffa92b013c6c93f0a042f050a58f4809b11894689a0ae,2026-08-25T08:30:00+05:30,True
LIVE_SHADOW_b7d7690ccec644,2026-08-25,Metals & Fabrication,9e2a074d84124672c48180a5df79e91c7c379d6c5da77f182fa5b9410260a3ba,6311ca209a5b40cace17a337852b374b7bb6a4c89a700c0f01162381b40965ba,2026-08-25T08:30:00+05:30,True
LIVE_SHADOW_e835c2a0dd2ffd,2026-08-25,Zinc & Non-Ferrous Alloys,cce8f89263a3d8d6907aa95d0c9c40dff7450e311b90bce6af7f6975d5bf76e1,e16034a570b613d539667ab087f7378d9bbb481e6767784d3ffc9feb3c2ff225,2026-08-25T08:30:00+05:30,True
LIVE_SHADOW_4f7a3fb37d4389,2026-08-25,Optical Fiber & Telecom Infrastructure,ec784631fd68a028d92ca91add023acd2e5a8d51fdc2794b7f7a25510725e9f1,841d01686dddf3b118f40c51d39c9631f3d1c91f0237384bd1c1db09c8e1acfb,2026-08-25T08:30:00+05:30,True
LIVE_SHADOW_2f8f0da047bf26,2026-08-25,CDMO & Sterile Injectables,f57e46a0ffba6d84c934097d922f64651c8ffb7e6eca20be6200bfa4f9a782df,d1588c800e5bbece3bf6d9d437e9b8b9a2bccbe1e6c21fc697e71744c6066808,2026-08-25T08:30:00+05:30,True
LIVE_SHADOW_51d80b6a617a07,2026-08-25,Consumer Internet & Super Apps,8a42cda4f3dbc44e4bf9bf9b0c3552c3b53cce345b0ef8c26cf8bf81085718e8,5dce2dfd2108a7ec7fd4bc9f4136f14657e3cf79fa77f38780dd7c6367e7494b,2026-08-25T08:30:00+05:30,True
LIVE_SHADOW_db6246efa0e45b,2026-08-25,Architectural Hardware & Fittings,3c69b9113b615f549afbd07633c38fa0d54ab8479702d45686220923633f5b74,911729b5a96d2e466ad471afbc8149eb69d4c9ab70d099d23e47aab86bef403d,2026-08-25T08:30:00+05:30,True
LIVE_SHADOW_e835c2a0dd2ffd,2026-08-25,Zinc & Non-Ferrous Alloys,fca5a6477f317d66f5539f5e54512f48db2fb90a065063d050677f382b879f05,82bc23a647c394c4a26f2567f581314e82f8852d9edbe8d97151042c4285b81a,2026-08-25T08:30:00+05:30,True
LIVE_SHADOW_42ee91920bd964,2026-08-25,Thermal & Renewable Power Generation,28b0470fd856e3a9b7dcc4d0b23fb1f37a26c7ebe631f6f9ac345012897ee4b7,2053714166de0cf7543474d70da97ba08d943ddf72045cc6d1e3e35403cd5e09,2026-08-25T08:30:00+05:30,True
LIVE_SHADOW_a6ae912e3991cf,2026-08-25,Industrial Compressors & Pumps,35bd528185d93bbbdf454cf1ffde271c297a2481e9ea3ecdcf06b8083b15666a,1ebe79fc7501cf2f4e832218959a76eb64aece4e6abfcce69e755b6ff3fda4be,2026-08-25T08:30:00+05:30,True
LIVE_SHADOW_0b7b585311e363,2026-08-25,Electricity & Power Exchanges,2743d60c2f5b8db27971382c3a98eb2e2049e7ef743503abda11f100a8bc6a76,3cdb3c666f0daeddf923f888537896c332c4393ccc413397eb27a77ca4a53b3c,2026-08-25T08:30:00+05:30,True
LIVE_SHADOW_4310fb64d45a34,2026-08-25,Ferro Alloys & Secondary Metals,46ec3d553e48658338c77b042f8fd6623d33d0bf087e68f614797df58a01c43c,52c2acd17e94f6ef2191aa71bd27c59683f2d18d1b2b5cfc8ff936ad2befe36d,2026-08-25T08:30:00+05:30,True
LIVE_SHADOW_1cb46c28fb646d,2026-08-25,Healthcare & Life Sciences Tech,8ace950e074876f2f0952439c43c555cf7ed0b66a076dd005871c1c97908a9a8,e528e9dcbea825d5a6abef85fdc3e666f0effa8285f419547ba7947717bb5755,2026-08-25T08:30:00+05:30,True
LIVE_SHADOW_f74140349a468d,2026-08-25,Tier-1 IT Services,a5fd704ba7dac17263fdc23a143573cee71727656f897cde9682c2bc293dc205,f553669da7928e84b203f8c8ade834ab0e032165256247416498ff8945145cf2,2026-08-25T08:30:00+05:30,True
LIVE_SHADOW_e17390fbbedd34,2026-08-25,Financial Software & SaaS,fb254b64070dc1818f3aa37a415598095c9118dbec365358b0c8e9591d4e60c9,059aa1a249d2f011e452b049880f47cef413128f14754a26b0be266a136b5621,2026-08-25T08:30:00+05:30,True
LIVE_SHADOW_683e31ffd14497,2026-08-25,Railway Ticketing & Catering,62cf3bc514cc69f345bb113614b50f112561b0bcb69d12bb0c857ed594aa9f3f,f7ef28350fa0719a1abf62e9eab10f662a7462015a7260bf6b14a9b139c2276e,2026-08-25T08:30:00+05:30,True
LIVE_SHADOW_ad115da0091e02,2026-08-25,Railway Lease Financing,e6dddeb931ec5bd9cf893e7c4b4ed2461e8a74473881c89e049074b1f29ddcab,4fd9350d865c62adc7ae569d802b0cf71e9b7a190d090ac85100eb59f98ca393,2026-08-25T08:30:00+05:30,True
LIVE_SHADOW_c8dab87a65a01d,2026-08-25,Industrial Parks & Special Economic Zones,17b8a8e6ecd683be30c12934b56d27045e0efa5e87c3906474d07cb062f4ea9c,44f9da9d4f90b57312efcdb1cf988c4edd626f34a9c7744f443874356a127cd9,2026-08-25T08:30:00+05:30,True
LIVE_SHADOW_48ee9d3ee01658,2026-08-25,Higher Education & Online Learning,bbd23aa02711f7c19cc9cd0113075f8edfe63e30f8833a41f691b7d6e9c92e07,dc54f56a0cdd051cc9c8bf0f406f745ebceb29596c5cb5f32ba1ca993b578eee,2026-08-25T08:30:00+05:30,True
LIVE_SHADOW_405456842cd8d9,2026-08-25,Stampings & Pressed Metal Auto Parts,0687ff610483f71ecbd87b4003411474ea97eb489620915aa777ae0d8fa519e3,1890f3a61172c33b398f848323c9a56be5d2fbac84bec164753f2a0af2cd5cb1,2026-08-25T08:30:00+05:30,True
LIVE_SHADOW_3e836abbca4762,2026-08-25,Micro-Irrigation & Agri-Plastics,f16323f587266f875c65da709a2737afef4496e92af87525c19744c9fa3c7953,aac13919f156b35514ef1a6272974845b0f655f168ee275207e6a30e88376f03,2026-08-25T08:30:00+05:30,True
LIVE_SHADOW_758dbb9319f7a0,2026-08-25,Stainless Steel & Special Alloys,7c852138fa223aad07d508f3294131b20eab92f5ebfdfd8c734d8fb2b744b1f3,e8c4263fbd20780d966444ca8a9e3ebab001814f9e452dc74864b130cca5f9cd,2026-08-25T08:30:00+05:30,True
LIVE_SHADOW_dd1d74678968b3,2026-08-25,Consumer Internet Platforms & Apps,13fc3463af07385ac2952d2f458797a4fb71a483f95d830c55f67131cd77216e,c4f6f74afcc2eb76c900c443befe13dd714aa1fb321025ef655ea79d2126ffb8,2026-08-25T08:30:00+05:30,True
LIVE_SHADOW_d2c9729b75fa4f,2026-08-25,Plastics Processing Machinery,0c37a4c3a13b41a2dded239c6e2fbcf75501dc5f2442df9973d902a7af12189d,16b26292fe71b5a9ee2c69133b340883b081bc21f68afb07d33cfb3014d80da3,2026-08-25T08:30:00+05:30,True
LIVE_SHADOW_1f115d5bd64bf5,2026-08-25,Industrial & Aerospace EMS,0de367aea900f1dbf406df5b7924d8fc6501fae4036a2db59c27d4d4890cf0bc,0d39ee057a476a622ec6b8bbbc514e195356e4337144f2fa77a0b93ceaf5fd72,2026-08-25T08:30:00+05:30,True
LIVE_SHADOW_12a1d4b4497903,2026-08-25,Power Transmission Grid,ea53d1a562fa5999f680d8b5c2a8e5969dd28d7655e56c617d00fc4be565bbd8,eb9190308eeeee9b09832ae7a6c5df6c35965603c1649cf494fc21a7573d2253,2026-08-25T08:30:00+05:30,True
LIVE_SHADOW_51df4cdd6704e8,2026-08-25,Iron Ore & Manganese Mining,31640edf1d7a344fba849e99e06bbe85664d24582b1835eb6ea06d486d70e7fb,42357ba6e49e0e11d0ed0b98b220e73f44ad47a07e8e28516a92a48fcd6a7568,2026-08-25T08:30:00+05:30,True
LIVE_SHADOW_20acf047768821,2026-08-25,Consumer Lending & BNPL FinTech,560bb8dde4a0dfef40f87343835b9cac8737ea7a0b8256c523942707d1849a5f,28741771a6ec734b13b69c8859a25b10dd9857a10d4c4b108da4c89828dba08c,2026-08-25T08:30:00+05:30,True
LIVE_SHADOW_c191e001935021,2026-08-25,Edible Oils & Vanaspati,3e94ab0f79391e5a0c6167b3238decda7c1e33b5006dc89d0026d54da07b1fd4,0a914009fcb3936d35025b1318d4721b34e73293400cfabdc4b5ab8a7d4c9d86,2026-08-25T08:30:00+05:30,True
LIVE_SHADOW_5c194d263c76fd,2026-08-25,Commercial REITs & Malls,693867217eae23d8183da3cefd9071a2fc175fc9f158e5b46c6cffa09374225c,93a8aa199600a33c2cf18611b136a5fd424c355e04636489ef720a7a0bfedf84,2026-08-25T08:30:00+05:30,True
LIVE_SHADOW_d1b6e074819d65,2026-08-25,Data Center Cooling & Liquid Systems,b35d4c5a9d49fc98c42195ca3ceb0d2f4f4e804a91187d481161f8736dbd2d1d,f9afcffc3baacca9be58887ca721732d7d90f177e5408cbdf56727e608581fbd,2026-08-25T08:30:00+05:30,True
LIVE_SHADOW_7e891f325eb637,2026-08-25,Eyewear Retail & Optical Products,f113484b6cebf0129b19285e33e096a3ac15aa1563371ca910eecaae3f27cb5b,8e4dfe33a6b96fcd06108808c828e9bbad15eaec843590386a273623181fef66,2026-08-25T08:30:00+05:30,True
LIVE_SHADOW_520fe51e675cef,2026-08-25,Branded Innerwear,4ad14ff6c3adb03f1d3aa0e44235b24950fdfde48353e42de5ac1c66c48ae1dd,45098d003dfeb64a488a2fa6d883a615915ffc7c2cfda070bb4455a50372e868,2026-08-25T08:30:00+05:30,True
LIVE_SHADOW_fa6c14ba9bc883,2026-08-25,Coated & Galvanised Steel,5579098e1c59909a4eda0572960fd34f7854aa72d47180ff33cdd07a411fb2f6,d65b7156bbe83b8de46c1aabc01eaa222979311bcd0e12211982a734e6927886,2026-08-25T08:30:00+05:30,True
LIVE_SHADOW_d2863f317eb518,2026-08-25,Gold Finance,a30046907e69ce5fc918f00d4326a98e889f7e51af6770f010a5321b68b1071d,3c21a8d75c491689ea5475bf8b831389dce70baa9bec9d531bbe4fc3997a6176,2026-08-25T08:30:00+05:30,True
LIVE_SHADOW_ad33dc241376cc,2026-08-25,Complex Fertilizers & Soil Nutrients,9c4017b638f33893e2218caa9222135468bef3532cf7ec50d79d175af05857f5,d60c1073e7c95a7a71f824d02f6b682461b0610ee7da0b982537c88d0af78402,2026-08-25T08:30:00+05:30,True
LIVE_SHADOW_5edcdf2a72952e,2026-08-25,Naval Combat Warships & Submarines,78329d9e063a8e0ff11584ab3191105005c868b3f1531a5834601a1c50efc428,78bfe723290edbbbf39f4bc8853c2112e850d37cc4854368b786f319ca3392a2,2026-08-25T08:30:00+05:30,True
LIVE_SHADOW_34012f5ebfea5e,2026-08-25,Social Commerce & Marketplace,e0bfad7bba4240adb44b2df241cad1406a0fe2afcf1f7fd83636ecf8081431aa,4d5c6c173c45d67331efd6c2cf5f30085d4e16b7dbc86aa80a3229400f4b00ec,2026-08-25T08:30:00+05:30,True
LIVE_SHADOW_e2a7169b17cdc8,2026-08-25,Precision Bearings & Motion Controls,d9d88e42ec093d757860c739448a6ceffc4b31b4e717340c566a4a5b82f976db,c0bcf10ea61d26e5e05267606913d69f90eda5ff520ba17fc940bc7b2e3e3525,2026-08-25T08:30:00+05:30,True
LIVE_SHADOW_e9d3d8163e2fc2,2026-08-25,Baby & Infant Nutrition,d51cad5f42f5dacaa8f2e35b8a7f858f2485f91fac5cf739d1c2ed7986a65b5e,d000e6a02a4c5600cf46cdd393397d5244427d3b74a5e3792e31bb6180f5d44d,2026-08-25T08:30:00+05:30,True
LIVE_SHADOW_709beef45ce5f8,2026-08-25,Leather & Industrial Footwear,445b193b673febd64c4981d177a6d2bc96d9a91184d39534905bd0db157a06ea,b12fc8e1a03730093360777064380a47c52cbd2137246db5ba38140a28517684,2026-08-25T08:30:00+05:30,True
LIVE_SHADOW_bab0d7af4e08dd,2026-08-25,State Commodity & Metals Trading,af14c90b50a073402bbacdad262b6e1f3c95cef3f791f2413bbac49ee6d12605,15eb1f1d80ed0abd380b41b4d4f1688a297f282321a6dc8b1cca0315e2874db6,2026-08-25T08:30:00+05:30,True
LIVE_SHADOW_9281875586e5f7,2026-08-25,Online Travel Agency (OTA) & Flight Booking,7cd9aca3a5acfbe33bcf47be666a888c5bad07e97eb6e0c821b45838e14edaae,967dc84b146421816e61627afa80d9e6efaab8f77b3892412032b0b99d6c9007,2026-08-25T08:30:00+05:30,True
LIVE_SHADOW_418822ed7fa9f4,2026-08-25,"Gaming, Esports & Mobile Games",d19cc57a6daebf96e2856dd859086adc62d7e92dabbd9bb46be38a099fcf4077,d2ed3c803261327f1dcb5d20873e0a75bcde823932b922511ddcb2fafe3eee04,2026-08-25T08:30:00+05:30,True
LIVE_SHADOW_d11a14d5e65aa9,2026-08-25,Residential Townships & Commercial REITs,068c6eb830376ab5dbc1768f9cb7ef4b1a0f9034d30e1ecaaef6ceb9a05636e4,33a43f9a5eb290866ef3b3b7e9a588579b83262099484465018f424a1d3ed954,2026-08-25T08:30:00+05:30,True
LIVE_SHADOW_4d6a312c52cb64,2026-08-25,Renewable Energy & Solar,9125560e18291ecd0cfdd37e6154659f31e057981c1b608e8499d81db0cd703c,a3a8241bfa453ada63ce136f68e1efc29b96defa315ecbe0476dd80963428f20,2026-08-25T08:30:00+05:30,True
LIVE_SHADOW_08cde2cf2bbf7d,2026-08-25,Furniture & Mattresses,341e5f3ceca2ffb3755b7aa8e342376a365a5c85ab099975249101705df75ac8,5b7c3428d01aacf7b0b9f3ad2437288ce8c28c1ebad84d792bebd98fbe431bf3,2026-08-25T08:30:00+05:30,True
LIVE_SHADOW_0dec3226c34331,2026-08-25,Specialty Ingredients & Flavours,98224b05664490bb542303dba304420e5e07dbf652b666b6130ce96c17a7ac61,e675633b1f6cf575c28c7c1466795162a33380ff568bff808df5fab474b1af01,2026-08-25T08:30:00+05:30,True
LIVE_SHADOW_010d1d7ea022d2,2026-08-25,Heavy Infrastructure & Highways EPC,56cb5aca6dbec92396b5cc9199831b067b451aa261a149091640d630e37a5004,507407d2028828ef35720e48b2efbba817f0405aac271381e29afec5d9fdd310,2026-08-25T08:30:00+05:30,True
LIVE_SHADOW_550a4b720f24f2,2026-08-25,Beauty & Fashion E-Commerce,badfaa335d5611af9b83152d35ff6a2cf89b660df01c57c1b0d33a7e1bfcd6c9,8048b63ae28dbe0a9df9fd866dd856d8ad9ae919efa20cff323bffc84396c5b9,2026-08-25T08:30:00+05:30,True
LIVE_SHADOW_d1ac563635c8b8,2026-08-25,Refining & Marketing (OMC),3fed373c64fc19e2a8fa2ba5b3cee500756630de226a0d23597ccccac3709543,24d905dbef5c43f0c1d8c853cadf1cb7bdbd61574dbbf4b0a70a3106d01ca058,2026-08-25T08:30:00+05:30,True
LIVE_SHADOW_8ecbbf51852f3c,2026-08-25,PVC Stabilizers & Additives,dd0ef32bca68760bea31258203ca4cf3aabde6a63992650fabca5771d3f762cc,0ef1898f81a988f227e0777fecc95471dbef9afdb1cae0cfa733998aeee44f5d,2026-08-25T08:30:00+05:30,True
LIVE_SHADOW_7082be87d2c715,2026-08-25,Government Securities & Bond Dealing,09887c8972dd13b429e7091d49d28a5302b1c90ead0ac8093eda30d375944562,6c221bcff2d75df48a9abfb5b3fd35dc30e6a1424f821725e14064f83b03277c,2026-08-25T08:30:00+05:30,True
LIVE_SHADOW_62ebd611441af1,2026-08-25,Consumer Electronics,69e3bd2c07c7979a44448ba609fb473d5adb3f4b42d5ef178322247b7a9df46e,dbdea919b82d5b01022a71f8db37f2773f1d02af43c53ad6d1e4e15fbe8f0b84,2026-08-25T08:30:00+05:30,True
LIVE_SHADOW_cb8f6eb3657f36,2026-08-25,Rigid Plastic Containers & Drums,4f59f46ad698b3b9424ffe87d7d8f4e32623d18545527f09ae7ff43e87c3b215,236ef1b3a95611c7626dd8047f642b8c000246810770bfb62a71cee42e4b5cc0,2026-08-25T08:30:00+05:30,True
LIVE_SHADOW_54f915475fa410,2026-08-25,Recycled Plastics & Circular Polymers,430f91952982031ae1885eac1f911c41eecc4c5932808a49661162efb29b3365,151f21e26c6c659a9ca3aeaa6f8bbdda13429f051302634cdda1e8a47cd5f616,2026-08-25T08:30:00+05:30,True
LIVE_SHADOW_2fc20835db22d9,2026-08-25,Travel Tech & Revenue Management SaaS,ba58ef26cadc88e47b220658b731accdef5c48deaaee536043cf5e931e93b605,c68ad0ed3eb7671fd78db9397bd1d15e2d4da60dfdbfb9ac39e95ffd5151f82d,2026-08-25T08:30:00+05:30,True
LIVE_SHADOW_727de9e234e168,2026-08-25,Quick Service Restaurants (QSR),9e033344db4a64976e7fbb9dcd22a5d039073471de26aa9812ff3bb62b69d6d5,d10ba769a23b422d2b3504f7edf0abdbfaed5f07c49e9515eea8e202eb519dfc,2026-08-25T08:30:00+05:30,True
LIVE_SHADOW_f4d0c41d2faa68,2026-08-25,Integrated Grey Cement,123f01eb4a8f86bdd9ecebff985f40c7a1c68d91b80922175546a51bb8e57ded,775befefb45b29a8d2d0c1d7b980f3521141190de0e09b0c286b9ccee16570ad,2026-08-25T08:30:00+05:30,True
LIVE_SHADOW_5ed741255754f0,2026-08-25,IT Supply Chain & Technology Distribution,4d693983ba3281d98c5e815cf97b0205b1d6f0e37506a59daf80ac88b2fb22ab,f95b0448f3b505ebc88a14a81f39f6f956a6f11a220c53fb3a728b91bbc245f4,2026-08-25T08:30:00+05:30,True
LIVE_SHADOW_378919e8382b83,2026-08-25,Diamond Studded & Solitaires,e4a1f4a3364ca9b6350c09d7716209eb6b7d4ff528804d2d36b0bf355c02263e,b5d065e2240a9dedbce23b20d35b73d5c163ed57a580606e818a9f9ea2ed5183,2026-08-25T08:30:00+05:30,True
LIVE_SHADOW_55abe729cc17a6,2026-08-25,Luggage & Travel Gear,14d50c73d213ac258261a8246e3ea4006a49ef8108abdb64be020923176b5025,0f83fee58a8dbb1c51d72351c81fd8ff137d4f387a153d4c14e101a86edf129a,2026-08-25T08:30:00+05:30,True
LIVE_SHADOW_db9b792c3ba4a1,2026-08-25,Auto Body & Closure Systems,19a3236e9f0ee5dd96364f8cdcd09f30f4804f4e87e89d67cbe3372f2536ae2c,4b2b48098a79bec346f578460e54b7e66c0075061258c4a2ba00289770158855,2026-08-25T08:30:00+05:30,True
LIVE_SHADOW_fba6f65569e4e2,2026-08-25,Iron Ore Mining,80661d73588e0c6348af610a883a186ce634e5be263ab8a16535697ad2da367b,8381692975cc28e56af35195061237bb72a3fe58aeb819920b141310ee188247,2026-08-25T08:30:00+05:30,True
LIVE_SHADOW_e4c1621f7bf0ee,2026-08-25,Auto Glass & Safety Systems,19f04f3c22fca6d8a4d690a8566a56e259307b048d7ca76db04033167d13d50d,2043c9930075afe528fbe5c2d821f0f8045b053eeff8b0a51a1fb61a7cd6a05c,2026-08-25T08:30:00+05:30,True
LIVE_SHADOW_23d027d8e3bfc2,2026-08-25,Last Mile & Quick Commerce Logistics,8bc02ad1b220312318a6184d9ce90d0a16de1384dec45556259cff1a40ac8c2f,7195ae755ff727d23cbeaa74ef3231b9a249b5ca23fa72a76bb9456894b4f2be,2026-08-25T08:30:00+05:30,True
LIVE_SHADOW_7c7c3907b4f9cf,2026-08-25,Power Transformers & Electrical Equipment,8b04e6706557900716cd3b2ed81a86d625339e72aa331c3e0b3cfb88e9673f9a,d16fb6d80c8babb2639b9d1ab73e6bf096eace512e22ea0c4264fadb4951e598,2026-08-25T08:30:00+05:30,True
LIVE_SHADOW_ac5dd8f9a8831f,2026-08-25,Industrial Distribution & Logistics,30796e087115aa123c6f694e16b0edd1fb6eccd90c42dcc217660feba4e3621a,2e6cf37dad54bb54cc19fdb10b14eda7b17a409ac0895d745ad8dd42f0072c1c,2026-08-25T08:30:00+05:30,True
LIVE_SHADOW_4ed359be082afd,2026-08-25,Excipients & Pharma Binders,c7ac280394e700eba31accd598198d04fdf0f8b193920c347a97ac7c9e6d6f6c,a4c802242f0b6b3dc21c624e77e273155c071ed2d1ba4decbb2d86245b0f7e9c,2026-08-25T08:30:00+05:30,True
LIVE_SHADOW_dca97c21d10854,2026-08-25,Breweries & Beer,4292a21da9289ddc423c7a1a828e3a7c430a1a68ae35aa2ab1a5e48c6eaa5138,c03e02b16e5354a4e9cee0973a017c56d391eb1b1ee39ee647d029ef3f4fdecb,2026-08-25T08:30:00+05:30,True
LIVE_SHADOW_b412288d705fa8,2026-08-25,Semiconductor Assembly & Packaging (OSAT),26efe74fb98e2084e2feec03cea29337c75d0a2bb5a46beb4c26baec9e64e161,886c69129d756f9ae0bd1ededc1f355b815e4dbe398e6aa81dd619bbdafd745c,2026-08-25T08:30:00+05:30,True
LIVE_SHADOW_19cadb35f4159a,2026-08-25,Optical Fibre Cables & Telecom Infra,baa1c59dc36396acf74d314e225c804cadc4d66ad7a1c61a56609f92bfd17d82,142e660795471285c55e02956635d5790d6eaf5b7b005e578e7eea3fb601c0b2,2026-08-25T08:30:00+05:30,True
LIVE_SHADOW_e08d90ca887749,2026-08-25,Auto Braking & Suspension,e7882860f9a8feda7d18288dc1ddc9bc6940c3f977f2de2c6cfe55efd07d05b0,c2ec6b22ac3676573176c2f11cfec969ae09fdb58136d4b334dae2e4eef172a2,2026-08-25T08:30:00+05:30,True
LIVE_SHADOW_763eac8a8845fc,2026-08-25,Food Delivery & Quick Commerce,cbba76b3d4efa1cf38cf4e45a6296b46391f83f560b8cca4bb76055f096e5bd3,74595351c1d8ddfdd5c099ddebce29baeb9fa40e246511303751670c28610cad,2026-08-25T08:30:00+05:30,True
LIVE_SHADOW_b7ed6e7c41983d,2026-08-25,Fuel Retailing (OMC),ce4bdf328124b35786651263bd1335127aafe9c715b4f6718533d6b2eb5c5b74,49ab8cdcb617e3c7bba81d648e0c38be536d460774cf25a504b1d90f3247bff0,2026-08-25T08:30:00+05:30,True
LIVE_SHADOW_fd2eb8aedcdb59,2026-08-25,B2B Travel Distribution Platform,8c370007d00fd1a910c7ae22c3317c4f4e3bea9ca91eacca75cdacc718afdbad,0775c61f048247c7ae0067c702b185e6d5f63f72c711cc05453fa61d3db2592c,2026-08-25T08:30:00+05:30,True
LIVE_SHADOW_ca5e5287388fff,2026-08-25,Mining Equipment & Mill Liners,d7aaa199546e986d8f8ee806d930e30cdea7f8644f0f4bdbf609d4694277c2f6,e63c82c9f2817f2bd41bd92a494058089a5d74afe15518c94d5860cdc035f25b,2026-08-25T08:30:00+05:30,True
LIVE_SHADOW_58c9216823876c,2026-08-25,Auto Emission & Exhaust Systems,0712894d6f90af3cea1e1f8217c9403aa31f252257e03a29d8c4ba7f97fb3727,5d24418fee7370f66418055e664319092ae522533657d5dfc498730820109e9f,2026-08-25T08:30:00+05:30,True
LIVE_SHADOW_089b1542a43d17,2026-08-25,Industrial Rubber & Specialty Materials,3a8bf6a7f493040a1c490bceb83038a5456a762c2864ba517bbf6f69ca8ae1a1,39f1403da75c4e289281de7f5a29b15531f8ca6f7f25587774f8ad2eb6fd089a,2026-08-25T08:30:00+05:30,True
LIVE_SHADOW_dfb833739cab61,2026-08-25,Power Transmission Line EPC,422fb4e8e70ac9537bf873310f176ac16c1c338f3a167883ee2ffe7a4132a3c9,9eaba1b9808e490f7d9fe2bc08b157bdf5fb2a4eb24eedf1c44ac53facc82890,2026-08-25T08:30:00+05:30,True
LIVE_SHADOW_5ae87ad8b38cc9,2026-08-25,Integrated Supply Chain & 3PL,128d193e704629be1ceae2f8fe64ad0ae315ae5a68178a76746b785e8a1c144c,1c88f519441b0467bf7240434d1e5413d4a09aebf2b0898854f6dfe9f4fc359b,2026-08-25T08:30:00+05:30,True
LIVE_SHADOW_69dbab319d0953,2026-08-25,Film Theatres & Broadcast Media,69ddd41bb7caa2995273e9d66af4faf72f97bf3400afceb639cabc6bcc0d4afa,3e307623f67bbe2a3f2f026b34352df146efafeaec2e0af42b98f9b06e576647,2026-08-25T08:30:00+05:30,True
LIVE_SHADOW_de6c6251abff2a,2026-08-25,Professional & Vocational Training,fbfa5d2a3543fad3cb67d9ccb7097e757e18363a84de1e23d98d8525f25d07d2,ebb58ef7d1ef08b03c7f705baf2a61cfa61bded221cdc1f201445a3e8bd05b8a,2026-08-25T08:30:00+05:30,True
LIVE_SHADOW_5432f31f118e47,2026-08-25,Contract Research & Biologicals,5ab3eadf0f5cff73ba2d590e334509f5bf0d3ce1b74c7871a09f1c0c74157a15,9626e295a337a08a23fdb6320a1eb5b2c21e9216030b2e6e7c3ee7dba9cfb86c,2026-08-25T08:30:00+05:30,True
LIVE_SHADOW_742d4a153773af,2026-08-25,Fighter Aircraft & Aerospace Systems,bf5f5b7fd07ff979b87467ccddcd23bb02542654aa896d041f56bfe559ba4de3,abe4919f94829c3e1090407dfbca318b3cbd6ab2211014d11eb51f4506d35ad4,2026-08-25T08:30:00+05:30,True
LIVE_SHADOW_0d303adaebbb50,2026-08-25,Seafood & Aquafeed,1f8d0845c12b11b2035eefd253a750c00a4989cd3fa1c5fe07727d44d475dc66,e9aa87203d6060b6616677adb3e17f7e69566740d3aea5876d07c6a206015c96,2026-08-25T08:30:00+05:30,True
LIVE_SHADOW_0089f4747e0500,2026-08-25,Specialty Stainless & Alloy Steel,288337eeb4181166b5a3c3b00dd8ba1e382b06407083d66c9588a9a5d2b60522,9c0ea1e0e613c8de861779b27cac89b8cbf314dcff08d62f46478c1d85566b8f,2026-08-25T08:30:00+05:30,True
LIVE_SHADOW_4fb932c01e7fea,2026-08-26,Industrial Minerals,ed3552257f19b5ca46376f99fd37a512850d1be6bde6cc93f3970fc5ebeb8603,8a6d0f920e32a0fc3b0399bd65380d80f74e6f50a01ec4f58e1157ffab4f3e31,2026-08-26T08:30:00+05:30,True
LIVE_SHADOW_9d1226e891ee06,2026-08-26,Stockbroking & Wealth Management,fe59e3df876edef4fbd7d950d2fefb365626482ba0f184dec07d6783998b8144,d4043875e6d3899032df77270319e12eb007226435db481585ff2774cced7fd0,2026-08-26T08:30:00+05:30,True
LIVE_SHADOW_2ec6aa4ecd0a74,2026-08-26,Diagnostic & Pathology Labs,be3ade632bc09b62352d7b0322d79a3033df5a2057d2e14afaae6706bea24c3f,8d550ecd5823d159c6aab8b627bf49d46e620774a27774b20348d7cfadfb58ae,2026-08-26T08:30:00+05:30,True
LIVE_SHADOW_8edcdbb0b7590e,2026-08-26,Mid-Tier IT & Digital Solutions,34ad6499dc90352e615484fcb8ca1192509b43ff043ca8d4f508aebc41878e0c,07f78db5677bbe1f930f61fde7b880f5b26dc139585befd3f03c8d8a29e6f7d7,2026-08-26T08:30:00+05:30,True
LIVE_SHADOW_a0b23e2a8f9fff,2026-08-26,Industrial Abrasives & Ceramics,552021322827ffee26a08900683d81bfbd2f9e3388de0ee94982668a03d69060,447ae3a30d0e1ee017912ae99135893fb60f7456fe55fb0ea1197c6fad0210b4,2026-08-26T08:30:00+05:30,True
LIVE_SHADOW_092efd799464b6,2026-08-26,Diversified Consumer & MSME NBFC,19fae38b7c0c097b71abc8a4074176357805eb0d6ff9ce8f30accdb6d5936136,d51e65e48bdae5249bdafe068512eabb1c1f62eba9cfed513386606dc5b5926c,2026-08-26T08:30:00+05:30,True
LIVE_SHADOW_90bd78a3f22a53,2026-08-26,Precision Auto Engine Components,a5569bf813511b72e96e41daf30115cde5bef61a4b7c53f6e24152499849de38,527f11ef686a15153aea297399b4e9275c7a86678e46f0a8b98512592b1adade,2026-08-26T08:30:00+05:30,True
LIVE_SHADOW_d169a0ea556d4d,2026-08-26,Housing Finance (HFC),6f54f3140ab6e67661cd728132cb26d23fa75e9132bbc127bfc6ef88b13d98b8,b3cdfd6f9234a9f6cace1162f0cd55d7c205400ccd6a0dfb4ada93bfe51c3e9e,2026-08-26T08:30:00+05:30,True
LIVE_SHADOW_c29445d369ffeb,2026-08-26,Precision Metal Fabrication,7982feb9fccca684ddff509ec88cff2e9d3bd0467f279094aeca97beef8fa9d9,9315182769a1b3bfe96cbd298b20eb1b8c218342c6469214f61613aaa5e4ddc1,2026-08-26T08:30:00+05:30,True
LIVE_SHADOW_98b7076b40ffb1,2026-08-26,Oil & Gas Exploration (E&P),4edf93e45e4a2e9036b1ac47e692dc1aadb127fb3909083a6e368dcd4ffb1cdf,cb2153f3f1ffe6ce006f28d13e228a58466bdd8658f47a6388de37a28b111922,2026-08-26T08:30:00+05:30,True
LIVE_SHADOW_cdff60e3259d15,2026-08-26,Steel Pipes & Tubes,6161fadc68b8360adfde7ef4a2846cb83d6627a5d3e8ef950e49d36ffccbe20d,6da3614a8664efdb52ca215a54ad0477575345b36dde10bd803ba4f65a1081f2,2026-08-26T08:30:00+05:30,True
LIVE_SHADOW_fa72ef6f35e9ac,2026-08-26,Finished Formulations,8e15ccda7177dd009f2ff06e6c3f173c801b14b86afa4d9bc7d9b86682fbcabf,b0d62c67e1e7557884d632fc3f1a8c3f5c104cf9cb9233f810ca08fa5510e156,2026-08-26T08:30:00+05:30,True
LIVE_SHADOW_60da7b44a87cbc,2026-08-26,Garments & Apparel Exports,30f14d33f50ea1af05792271ea7f02bd5d09e8518eca6e6f273c832de8dea36d,ee5f8eb8919b37e4bff56d9bfac95825d394c3e1da7350fe8425aba7716792e0,2026-08-26T08:30:00+05:30,True
LIVE_SHADOW_c5cddef4c07beb,2026-08-26,Pumps & Compressors,f3633879032215ad72517cde1e6fa8ab2fc8073d7a848279eb8a908318cde0a4,7dafc04b67e572812259e3b8a52585c56ad486f62ea611a88d577962c37651f6,2026-08-26T08:30:00+05:30,True
LIVE_SHADOW_5e81fa1bf0cefc,2026-08-26,Specialty Chemicals,b303ffd0d06edfd3f8e9f46acce6cd70ce1fc4c7ada2ecc6f88a664f0bc7938e,09ca582849ff765f28bdf2a488c21508a938ea548011bec3a43a012f5bd06f45,2026-08-26T08:30:00+05:30,True
LIVE_SHADOW_5f308cc2724068,2026-08-26,Personal Care & Soaps,c61bbb05fb727bc5b96bdd0ee751ce3b3b1b3bb6241dcc9f4372a12c0790136e,0c2422bab604f2e1963b4796350072824abdd46735d98c01a3d6c6b95dc958f9,2026-08-26T08:30:00+05:30,True
LIVE_SHADOW_554cb5b5aa0ab8,2026-08-26,Staffing & Security Services,d0a4d25c13fa7a87bed42ac3f6d8b16ffb4733b28c7e7db602e688943bb77183,d4ff954c0ea2631a1ddc69e94910371afbc85b55f30be80d48c53ca38ef6ee4c,2026-08-26T08:30:00+05:30,True
LIVE_SHADOW_9b87490ef4aaa2,2026-08-26,Cotton Spinning & Yarns,4ac53656293a62208da397ea429f313c8776fb43736f83f8509787946c133fef,fff28f9d4b880fc1c74c512fbb097c22123779304ce61215c39f549c9d63a4b7,2026-08-26T08:30:00+05:30,True
LIVE_SHADOW_fdb19779599db8,2026-08-26,Hospitals & Healthcare Chains,d5b07141833e9207af2156cc68f04b5ddc065fefd274e3f0d601f019bd8d4041,4e218702eb836edd919bd962010c3432932bd7f7c6bf2e838477879b5a44eba4,2026-08-26T08:30:00+05:30,True
LIVE_SHADOW_f377cb81d6e65f,2026-08-26,Refining & Petrochemicals,ced0738865cc541d8357f28bb929945098a65ca6c4b2620e85dcaf864269ebb6,241f5dfd1396e84aa632a98348565f559cc42c500d310ae09073c3b04088e49b,2026-08-26T08:30:00+05:30,True
LIVE_SHADOW_d034abb630c697,2026-08-26,Heavy Switchgear & Automation,f64956461d659ceebbcfd153c56c5cb222f043efbf741fd0cbd4da2f72d85ffa,71cd90323a6d98a847ef5e40a2bdaa28f9aa885b3f6ebeafefc7eee3f2baf3d0,2026-08-26T08:30:00+05:30,True
LIVE_SHADOW_29d2ffd519ee9f,2026-08-26,Missiles & Military Explosives,57b1739f3d674bf55591c296d6b553257d6103d7050206920460458e1ecef247,a4dff8963c93669fc231e98d2283b4e4eeb462116519c2a05eaa938133275d4e,2026-08-26T08:30:00+05:30,True
LIVE_SHADOW_456bfc9b9aa36b,2026-08-26,Conventional Thermal & Fossil Power,97885c5d6c7b2e7dad2c7a234e4e71b9ff80395f91fd228f2b364a0b80f3afba,d51eada7ad0e659e66abebe1a88f6c0843782330cc1e0356a98a6f57061c8a63,2026-08-26T08:30:00+05:30,True
LIVE_SHADOW_97edd30d9f3c45,2026-08-26,Roads & Highways EPC,4f0c1ca58fe0a41001333759e5b0618d9fb349a5ae0ddae208a83bfef5dd3bcf,ff61b754b91d0546ac34984997660324bf2f99aa10585463295ec72ada23ccc5,2026-08-26T08:30:00+05:30,True
LIVE_SHADOW_fe7c4fe32d8f7d,2026-08-26,Specialty Retail Boutiques,3e8c378f4d41ba8b0c1680c95242d548361be4c2dfb11da1a68ddf5e9db4d338,cdcd86f9b080f4cb7035696284f46af823e3b17efa8d0dc2d7257b559a1936dd,2026-08-26T08:30:00+05:30,True
LIVE_SHADOW_12d3a5c854dacc,2026-08-26,Civil & Commercial Construction,c8395ff1f23e1642b7692085ed5990d118d733efe8e6e24b3c994fef812c2c60,fa7e79d93fa271d6bbde837ac11828bfeabb0fcb4013079f35cff09b50be4500,2026-08-26T08:30:00+05:30,True
LIVE_SHADOW_3d31a118a6b2af,2026-08-26,Enterprise Software & SaaS,404c8eeb357839715bccee5dc0c90f802badd0079101c82cfccf6cbf37ad9d29,d58406188cbc560649d02688d20fc79f71c3742e42957c87fa2202730d943f4c,2026-08-26T08:30:00+05:30,True
LIVE_SHADOW_7d196eb1aaace2,2026-08-26,Residential Real Estate,8de10b7eb5059f2bbb4f7ab65beca315802ff321b599157639606599c772c2aa,a9d1a4a5a779c8f3a135ca393a6400effc36540b4ccc768325f5079e7fba0507,2026-08-26T08:30:00+05:30,True
LIVE_SHADOW_2255607a331aae,2026-08-26,Mutual Fund Asset Managers (AMC),56aad1c9ab98b1c19bdd23b711f5c3c66e01e1744b4322e1d96807c9b919755a,c4f6a9659b54519b1050af278155e8428dd2357bcd30c8922297b9eb5c261baf,2026-08-26T08:30:00+05:30,True
LIVE_SHADOW_0675e60a9491fe,2026-08-26,Marine Offshore Vessels & Tugs,e60a9b5a4c3dcee3a530f38ffb2cbeafbd0bb3687f6da42c6071183520ce0a32,28cfc939290adac1a6daa722db2aedb0202fc15ac418e154d843a5cdfcffc919,2026-08-26T08:30:00+05:30,True
LIVE_SHADOW_ff09dec19f30c0,2026-08-26,Integrated Grey Cement,b9a5bbc9acfb07a827c7a9e4370b853a7afd8e8685c2803a5de8b501327c2804,a2f70d41571a4e9e0ab1e76e4afc928d5f4823ac94548982538629eb0bd08b48,2026-08-26T08:30:00+05:30,True
LIVE_SHADOW_0e4977c75b6e85,2026-08-26,Heavy Process Equipment & Machinery,021b949a71003270cdfab8b1c4a14f49a52e8da0efbc9819f9ca1debdaee47ef,80f3669c058675d546e6d74f1b905b3678f4f969a5f65494823dc43b69fc5455,2026-08-26T08:30:00+05:30,True
LIVE_SHADOW_bcb4a89ae9a339,2026-08-26,Auto Castings & Heavy Forgings,030588c7ff097c778df98b88e656133b977401acd477c608fee3f76c17ed393d,c61156a3262fc8d784ee86b5bd27f1545097a4832b1bf7bd594a914cab398d08,2026-08-26T08:30:00+05:30,True
LIVE_SHADOW_8426719efdba4c,2026-08-26,Industrial & Basic Chemicals,f227d4391681ddc5fbaa177c226a864cf89790eb9b16f536c516a91a5a8d3184,107d0ad13ca02a58a9c7e05e61cb852264192659e489990362c7ff7bef3c6f8d,2026-08-26T08:30:00+05:30,True
LIVE_SHADOW_da6a689b395ce5,2026-08-26,Regional Cement & RMC,4f4f8b8ce1a7d1cc8ab4b24cce4b3be66410197daa6e602199035aee537cf4c4,eaf898b72ba4a653b42473ab30d75abf74a2979d6a5d1f10f3743fb39715bd61,2026-08-26T08:30:00+05:30,True
LIVE_SHADOW_d6ae92bd5dc969,2026-08-26,Solar PV & Green Hydrogen,bfda404438b643b6246677aa57909cf69f3523e2ac7d8c738691d6e64fd28b54,abc02f271a98f0dfc9917e213b08e7741cc0a89c750f3cf6ad790546f2f71c5a,2026-08-26T08:30:00+05:30,True
LIVE_SHADOW_58b5f95a47daed,2026-08-26,Commodity & Wholesale Trading,bd2753a341dce21a92cd5b15abb56e0f204103f2224e50c3272ae5511be93e28,e16829d01c2a842e138558fafed10dc4fca40d7dc74a4ca65f166ee03b24b87a,2026-08-26T08:30:00+05:30,True
LIVE_SHADOW_2c2b62a6713c62,2026-08-26,Green Energy Generation (IPP),93b92f5d6896edd92f0ea5c5d9966cec9bf67bd2e4492be27600cbf3405e2b67,08f578196f93dc9818d2bba10ec3b0ad1ccf0d208caf169a8e55c61b3071073a,2026-08-26T08:30:00+05:30,True
LIVE_SHADOW_94b372683e981d,2026-08-26,Commercial Ports & Terminals,4b231e1a0e48279ed6af32be1e2a9db11cde614f994c6b6316d5295385c16bc9,5ae4963e39704e95f5487f7535e88a35e16d62f511fdfd5a0dab8a107e36bd66,2026-08-26T08:30:00+05:30,True
LIVE_SHADOW_db4248cc3c2fd7,2026-08-26,Print Media & Publishing,26782a680836a7498051505959ce6eaaf17dc91f7d0588fc0066b0ac34244edf,ff47484c6c43e907e7c072fa7a112ecdc29017b8db1205239ec4825c4f9fa3b6,2026-08-26T08:30:00+05:30,True
LIVE_SHADOW_059ef2c7fc9e45,2026-08-26,Building Materials,de128886e9b15a99a452dc5dbdcbe514164f0bdf257da43f155d3432f6f6fabc,2d9668214e0a2ab320d06daad7e2ec2dd4c1a9257abcecb329004fdcb1b9654d,2026-08-26T08:30:00+05:30,True
LIVE_SHADOW_7377cf78684651,2026-08-26,Packaged Foods & Snacks,0986526970a66bdfbcf632c37afc066e92b4503309896c6e883991a720a93951,ffbd7f394601ea600bf86e63c228c1e227efa94882780bfeb1c60e2be9fe47ba,2026-08-26T08:30:00+05:30,True
LIVE_SHADOW_d45fa8144df042,2026-08-26,Plywood & Laminates,606cc555749fa3f6554e009c6050959d44b4a7b1d64b78507bfa1a51ace901e9,b737c8b68bfce02dac37fc2d9386e0aa90de1d0e9f0b7e2cd72dd75dbd9ed7a6,2026-08-26T08:30:00+05:30,True
LIVE_SHADOW_e556d36730596e,2026-08-26,Crop Protection Formulations,e5acf11e14193e63c8ae307c40122d08a6ef64ddd31827b81d4a80af0b86386a,b7b61c979e3633d5dc0c64152b7544d5345c711cf00ade403182427e124e4953,2026-08-26T08:30:00+05:30,True
LIVE_SHADOW_6fab5107e9100e,2026-08-26,Luxury Hotels & Resorts,b367f07b5ef3bd1d33e6887048f5861f985617cbc445b8327e1c178ff7b6ea92,bdb92fad767be405699f9f2aedb488cda44ee357971cae8e9755b8887667dea8,2026-08-26T08:30:00+05:30,True
LIVE_SHADOW_7cc53a31b5b779,2026-08-26,Specialty Enzymes & Biologicals,d523633c7acfa572bd45f305a726b3e98218d02212d70e9bc6127a84678e79e9,044b6247894cbeb4ab1d5ffdc965a3e9b76932725c8d28484dea79c65e2038fe,2026-08-26T08:30:00+05:30,True
LIVE_SHADOW_d1d93251367dd7,2026-08-26,3PL Logistics & Fleet Haulage,c587a8160535246ed60929bd2e487bd915d79415a2d70a8dcc8f247dc0f647d4,39af35dbf3cc4a5de6eea4e29640ca7eac3eaa67017ad9fecf83ffaa36e3c925,2026-08-26T08:30:00+05:30,True
LIVE_SHADOW_ba007906448b43,2026-08-26,Oil & LPG Tank Terminals,405ecd780bac5440991d1be5a0863d865748135344c1b1581571c0e9408a2378,978be7bec1b0368cbc0d2fba3365d1585cce6d677bdfa6d3cb1d9b4798f83802,2026-08-26T08:30:00+05:30,True
LIVE_SHADOW_a50f0ca72dbae5,2026-08-26,Fast Moving Electrical Goods (FMEG),0ab364af3c271d1269468060a8a13255bc839451f397ebdbe41b344113ee32a7,b4b4699d9bd13fb66499a3bdad46298dd8a57b4dbdbd1979f4fa2418982ce05c,2026-08-26T08:30:00+05:30,True
LIVE_SHADOW_a905f377a90e5b,2026-08-26,Aerospace Parts & Precision Engineering,d015bc9bab17d3da575b7cd56fba5cb521a20df13bf4bdb73df4fb01992ceb55,d8ba74f504d4911a1a39f991f520a760f8d3ed7f5fe0b330e58cc79afc2ee3d8,2026-08-26T08:30:00+05:30,True
LIVE_SHADOW_37b56b740dcfdf,2026-08-26,Aerospace & Fighter Aircraft,4c8deef232a4fd1e719a3e9dd691fefa7e4196efa51116867439dd9ce9ce3265,0d9eea31434398d97b0d37d263981b03d0827f122c94d687b232156064fe3f86,2026-08-26T08:30:00+05:30,True
LIVE_SHADOW_a56ee207bb6f77,2026-08-26,Basmati Rice & Exports,f9385d365294835361b95dc4281f5a1836542c771bbe100459bb23de1e8e344a,a190496664aff6fd9bf65a381b1d161c3a252cac171504d03f87c5a55dbd3066,2026-08-26T08:30:00+05:30,True
LIVE_SHADOW_a3c848f5dd2579,2026-08-26,Architectural Glass & Windows,86aeab36e55b03f839028048eba4dd02d4fab133b59431fa1b359f2df2b35f4f,f97abb00d6093ffc7370704b2c6faed479868bc09d13c19c9036fbc3856b6711,2026-08-26T08:30:00+05:30,True
LIVE_SHADOW_92165ad45fbea2,2026-08-26,AdTech & Marketing Analytics,dbbffe64df3ce119506706b7c259af0d4a6fd55377d98542dfed9b9b0ffc3d7b,31405033a82854ac552a42234323f31723062ab4b96e97c648f68d026c505236,2026-08-26T08:30:00+05:30,True
LIVE_SHADOW_afa4307359b6ec,2026-08-26,Corporate & Wholesale Finance,4b84b22738bee513c590071d5571170f9aa8c06313bfecf1b6e4512c455502dd,1fa640a900aad2588465bbfb9daf32ab48ce1166d754b89551332eafae9cc5cd,2026-08-26T08:30:00+05:30,True
LIVE_SHADOW_49d9ddfddd6e63,2026-08-26,Lubricants & Specialty Oils,1f4fb31e80bdc5062fe1f88c90cb87313aa5237fac332747ff908609bba3639c,0e713e86c184ce9bdcd9ac3822d4b92799de7425ee7555fdcba89ea6e8d13a7b,2026-08-26T08:30:00+05:30,True
LIVE_SHADOW_506cef4a5f7602,2026-08-26,Moulded Plastics & Packaging,cfdbabe210a2d9b2a2f4afbf3b82d0f819f809de40f5f32b5db0beb72cb9197a,296b1cc61897baf5c0e6e833c3119cbf54960dfe9ab0d90c101a4c769d2b65ec,2026-08-26T08:30:00+05:30,True
LIVE_SHADOW_d8f054f6c98cf6,2026-08-26,Crop Protection Agrochemicals,d987df10a4e89e469ce3f973b1eb5bbb6ef641ae18c80f9c198f4d3005f4da46,e81bb6e3c8ee3b2dcbfba796f6ab6f3ebf587c1382e8ee5290b555e08c2bead5,2026-08-26T08:30:00+05:30,True
LIVE_SHADOW_3d8f1fb56aa74f,2026-08-26,Fertilizers & Soil Nutrients,27b01342de53d06bbb8f2755a1d910e2a1b30e26728aabc025890706740df171,3cc4d91cd95c8fe0092780f980becc0e5d2b266bd211899af1acb0bb7e1bba56,2026-08-26T08:30:00+05:30,True
LIVE_SHADOW_2500a28626a0d4,2026-08-26,Printed Circuit Boards (PCBA) & Components,b15a8142bed73308270c5be0e6048ab37ed6dd9485af10067ca03636d53ff5ec,5764ceceb8d4301f555546c1d968c90274bf136dae007cdccf1300dda3993e4b,2026-08-26T08:30:00+05:30,True
LIVE_SHADOW_6a690c2c48fb8f,2026-08-26,Business Process Management (BPM),4febbfb9b781e99b913cb65af9cb294caddc4aeb5d1d73300edea783779c6fbb,1281f4e10afc3de235ed9b30caa880286642013d022a971cb135ccf4ef53f231,2026-08-26T08:30:00+05:30,True
LIVE_SHADOW_48689c43b09af0,2026-08-26,Biopharma & Biosimilars,f9718a673004230853969a239489cf964f6ffb307670a284d57519b327154394,385af4a0164898ed4baf479152575d95f893d04cc097bbaf2fa6673378191fe8,2026-08-26T08:30:00+05:30,True
LIVE_SHADOW_5d0b939311db00,2026-08-26,Power & Distribution Transformers,7ad9245015515d4c85d549fab58228cde664b2fc14047cc0b29c22c497603918,04fc334b8f4c00311d4adfca97c13ab359ba79ff288fec4e9f929503f7626c4c,2026-08-26T08:30:00+05:30,True
LIVE_SHADOW_2a340406cf2f85,2026-08-26,API & Bulk Drugs,572101192254525b4716084a13897cc64554041fef44e32acd28153d5a671463,6d43bd30f2ed50c1d9882b4b663570003c307f7010fc6b6d9003de21436785fe,2026-08-26T08:30:00+05:30,True
LIVE_SHADOW_dd9168f6e88b72,2026-08-26,Seafood & Marine Exports,6a35719b903460d9daa9081d3b354b3e4d26d139a0e88fd1dea6479fabf3f57c,a2db7f70dafbf08a58e4a9f57d577c576cd0d6f8cd474931ab7dc7b4829b01d9,2026-08-26T08:30:00+05:30,True
LIVE_SHADOW_becfc766313865,2026-08-26,Footwear Retail Chains,b23edd37c6d8bbb1d9f520bdd0da16743c206cabfd677cf77d8cd988bfc6a308,73e6779cd2f6411abd5a76e2acf32dbc1d43fb6b2f5ec6702086be8afe22aefb,2026-08-26T08:30:00+05:30,True
LIVE_SHADOW_c93ef471aa59b6,2026-08-26,Pigments & Dyes,b1f7fb531053e3c62da6d5981c2ef12a9b12eb01be8b9da4ab09350a35dcb2cd,650f28f9f8e4118a60ae522f39b3242a4d2f327037d4568fa22e4df14d001424,2026-08-26T08:30:00+05:30,True
LIVE_SHADOW_97144a192aca65,2026-08-26,Optical Fiber & Telecom Gear,f67a96cee0d13f0f6855e0eb292f0de2df8f05d2013f74f85019d054e4131f46,235de75eeb7db770837e90b96a6d8d83398fcf69961f9262a2bfe4a83c6b35d0,2026-08-26T08:30:00+05:30,True
LIVE_SHADOW_801608144cb516,2026-08-26,Registrar & Transfer Agents (RTA),3fc30e42321169af4e670df81256e3894824603f8b7b14b85e966f1077f491cb,1b06a2d8216f52876c97956643a7766de1dded72c45619e500a1eddb6301e396,2026-08-26T08:30:00+05:30,True
LIVE_SHADOW_64cb0a7d93c411,2026-08-26,IMFL Spirits & Distilleries,d6c95e587f2aa56cec340e5cb1f1fddad6f9d026c5e0c38fb1271b028acee750,982fb2894db3a7a9e45c310e6c06255f98a9321eaba2d8bbcdc0bdbad9e7ce63,2026-08-26T08:30:00+05:30,True
LIVE_SHADOW_debe43eb8f78d2,2026-08-26,Engineered Polymers & Compounding,119517d4a59bc3808f466b47f3585c519d57b006f56d8480c7bc191954c66885,3d131deb3a146425aa63ac26596a75a7ed14eed4dea6ed0f5f8216b4df5f1d4f,2026-08-26T08:30:00+05:30,True
LIVE_SHADOW_b5e13c53e294b9,2026-08-26,Oilfield Services & Drilling,66c5b27a12338841f8f4d0c0f265454714f7d18df7c6f197c356b38beca213a1,c3fc188644094cb1b030a7e77aae9c456f5eeb2a572a4a0cc2655bcc88e94926,2026-08-26T08:30:00+05:30,True
LIVE_SHADOW_aaebb8864d2ddd,2026-08-26,Fluorochemicals,26ec1536829ad924a230c88ba46e51682f26e0fd59c42da5d5b926e77af31c64,f6a7a7f8b2a741c5571dab438ec57d610710ab15802d29d855f55006c60551fe,2026-08-26T08:30:00+05:30,True
LIVE_SHADOW_755cb613a23d34,2026-08-26,Domestic & Consumer Appliances EMS,4be42d648408d430443e633687083eded4dabe34af77d484d36d6cb7a092da2c,514e816493de561d19c21c70ad97966c8bfc22746d55ae67d44f37dbbb346c41,2026-08-26T08:30:00+05:30,True
LIVE_SHADOW_ef9767c7943afb,2026-08-26,Ayurvedic & Herbal Care,9520b67ce23e4620165577c54537d913a24328ffe646c7a29e350a3129badd54,710608feddbb83979f50d56c1e4a8423229054a6fc167d61ae648bacf53c69d6,2026-08-26T08:30:00+05:30,True
LIVE_SHADOW_42552a613d00a9,2026-08-26,Residential Townships & Commercial REITs,e73c8eb3d2a2983ccb945680c37d1fa160bcdeb83adafd6911ce0e1325143547,b6ab9f2eeccf9220e6118a0b21fce32fc9417bd92d46da17b70572ee4662dc9f,2026-08-26T08:30:00+05:30,True
LIVE_SHADOW_06d205ace20ad5,2026-08-26,Paperboard & Packaging Cartons,ef7c3d0d727164f51ee2913e8ae2e127682cbc4464e6e720e3da850f0b86a5ef,2f4fc899e87a2d50edfecf8df37e41351652a3ee483ea2c99f36f6aa962ece2d,2026-08-26T08:30:00+05:30,True
LIVE_SHADOW_3cbcffc9f0ab23,2026-08-26,Sugar Refining & Bio-Ethanol,7e7e083530c4a2271390eced740dce3a6c07f825acda1019ac04e567e13e2dc0,37f79c3fd075a38d0500e6ef4cd4035d35f2bb369e0756d718eedca0012d717e,2026-08-26T08:30:00+05:30,True
LIVE_SHADOW_07cddc77632206,2026-08-26,Tea Plantations & Packaging,30160420d7d7b31ca526ea0b4fcff32486b01bf317b5e089af9c1e3553b5433f,1b1a11d0e52405a1d58b2a98fe90128f66b2a864fdc714e1b9a9f5ae6ac026b7,2026-08-26T08:30:00+05:30,True
LIVE_SHADOW_4a4e01f1402e95,2026-08-26,Dairy Products,bb650aea08632e39598f99a756b1f9cd493597581931d96203bcc7be12150075,5481f9f17acbda9b90237050a749dac7b0cdca185366bd91c2e6f94b2a993deb,2026-08-26T08:30:00+05:30,True
LIVE_SHADOW_3281e1e94f6828,2026-08-26,Secondary Steel & TMT Rebars,ef2344970eb37727dcb08e963b7d522e9f8249ec726618571ad6995f3427784b,c2a5289c9f543bb64381166a22462e0d97f57680988441ccf0586a160c6605d5,2026-08-26T08:30:00+05:30,True
LIVE_SHADOW_008e71398ec466,2026-08-26,Coal Mining,03a16363d2d8358b0a0b43dd31a0d7940f54b274ad9826d76dd44b3c656bf6fa,1dda6002cf697e02cfb9fd5a68ef31e0340eabda6c86f7e68fd6fb0caca25447,2026-08-26T08:30:00+05:30,True
LIVE_SHADOW_eacb6d852738cd,2026-08-26,Medical Clinics & Equipment,a1f816af904994f471f0ab482e1edde983dc3ef1ae558916914248459f380d46,28a784d4274a4e65d6320f0cce660c8053c7484498ff0a893a21fcacd3faa1d5,2026-08-26T08:30:00+05:30,True
LIVE_SHADOW_50aa385e7a00ff,2026-08-26,Wires & Cables,1bce510bb60a71be42987d5f897c236a0ea9ba75183b89e664e96993cb8a1ed7,3b8c191a740706a63f1a8a601457e93a422554710008c4b6833cbdedb9036195,2026-08-26T08:30:00+05:30,True
LIVE_SHADOW_6cf0559572ae04,2026-08-26,Industrial Rubber Products,db426ca6f534f621c7fe36d83bd82acdd70302965b7c066db91d5366c02512e9,1e9060791d068fbbcc1d14eb6224d6138c25acda49306a70b3e25044d10111ef,2026-08-26T08:30:00+05:30,True
LIVE_SHADOW_6810392333bc05,2026-08-26,"Industrial Effluent, Desalination & ZLD",3e68b64caf9db7b58fd908b54169e7c55d26132f4db9f132cb70b18705e2c2f7,b284b1780585502a97454a0548d491e0ea3fee51122eff89be4ab24a573c8ff1,2026-08-26T08:30:00+05:30,True
LIVE_SHADOW_6fa304b179b825,2026-08-26,Defence Electronics & Avionics,bd33f3c0f4e6650d9ed0432b8496e1e30dfe581f3d345380fe27fc2355c959e7,d0eca5510fcf35dab4a16ffe6d33b2944746a0999872ffb46e1164967168e7ca,2026-08-26T08:30:00+05:30,True
LIVE_SHADOW_cf936b2ef63551,2026-08-26,Tertiary Hospitals & Clinics,a907c50ded6b37f84c09a92f48f22c743ee32dd6e2321b5093fbe382edb312f9,0c0c0ffb01f443db6d0fb9c577e5551b395a43aacfc17744599ff6b5a85829c6,2026-08-26T08:30:00+05:30,True
LIVE_SHADOW_db06155488c1bb,2026-08-26,Automotive Radial Tyres,845cbb70cec037e12acfc8b56b8594f38bc18df4338a086954ef1f97b4e430fe,2dd53e173ebe50d6ea37d3c672c27d678b4543ccfe4507ab9bced6c0e3801436,2026-08-26T08:30:00+05:30,True
LIVE_SHADOW_830c26ad6641f3,2026-08-26,Material Handling & Cranes,6348f757fb2a51756192b0567dce5848f6070f45a539b130a250e21802659455,42eda5f1be565c6481d4c5fad493557459e244491a867ac0315b4c8c45f22206,2026-08-26T08:30:00+05:30,True
LIVE_SHADOW_e4d6ae23ebda97,2026-08-26,Primary Aluminium,5e2f51d04ca1445cad906d37b3ad06dedd63aca024ca1220dbc6ec9840fb95d7,7b5dea976f4671998596e7c3a23e3821480b0be7b5748e26e480f70fe11ef71a,2026-08-26T08:30:00+05:30,True
LIVE_SHADOW_9062f308776f13,2026-08-26,Flexible Packaging Films,4d4381d16e3573817dc89f00b2c7b5b01dff7a2f249dcae4b7dcdf1eb1e16d4c,8f022cd8d162ceba15a71149b7635dd361d1b0f7a8d404d5d2e1c75408042720,2026-08-26T08:30:00+05:30,True
LIVE_SHADOW_74c35d0b168458,2026-08-26,Education Academies & Publishing,dda6bc8d79cac583f6d022d9fc166ba330c6c0b99b7b5ab23727f79c55dff940,64a4d8c507e364f8664e5917126f488f223200fb464c3dbce5bd0214a2630ef7,2026-08-26T08:30:00+05:30,True
LIVE_SHADOW_d2a37cc7be1bed,2026-08-26,Microfinance (MFI),f5e6daf1784c93411cf556fb5c8f9169b2b6f90247c2902a559be2511c73f9ad,6ad5227add5edcaf12bf3b80d765d268eb06cccb6717223afb3e52df7a1c258f,2026-08-26T08:30:00+05:30,True
LIVE_SHADOW_b725ad4618293c,2026-08-26,Precision Defence Machining,09927c9bcaa631ddb491f57fdc772ccc2808b9525740b5a992a3a66534da1ce4,a3573104d3f6a9da775220c00da5499f20076f35932d534a72fdf1ed3956cd24,2026-08-26T08:30:00+05:30,True
LIVE_SHADOW_b745d26b909ef2,2026-08-26,Container Rail & Dry Ports,3dae1dcb9a06debafd19dfdc33b2789e39ea9ed850e4e10455bbce97d63eb496,6e74659a2c12565ba4d208b3be1659ed1dc19d7e1d8bff74fbc60920665fa165,2026-08-26T08:30:00+05:30,True
LIVE_SHADOW_93f4781cdc0364,2026-08-26,Grocery & Departmental Stores,b7edc2dc325f8e7685e27b731c252959e4b3ad4dda7354c3b70ef3deaa5d7ae3,f8b4ea0378e01aefe852af7ceaa8f35a928d3a83269e91937c79df43007a2f18,2026-08-26T08:30:00+05:30,True
LIVE_SHADOW_65c0427f7c5f4c,2026-08-26,Commercial Vehicles (Trucks & Buses),d5abade2e66bf26e14ce8f9bc54f9c06c1b400bd0044ee2ce195d92bedc35f0b,e1ca731cf34815fbb59e3878522952fadde5158e87eb9e6b9434d8d27ae916c8,2026-08-26T08:30:00+05:30,True
LIVE_SHADOW_7f4564dab8ce62,2026-08-26,Decorative Paints,ddb1ac572beb2fae96e1c558fb1b702958607180ad888238dce712e10ca3926d,53e83e435a832e84c491f363d97d3baa1c3a869d11e7f72434f2f28b9ac0c516,2026-08-26T08:30:00+05:30,True
LIVE_SHADOW_6be85b1aa06675,2026-08-26,Ceramic Tiles & Sanitaryware,47fc3f91626fb0052a880bc8dcf69d3e5bdb940b0e6b6b0270ee96f125846dd9,7bcef26ba17ea6caaeaca85c4bbcd04758f9a78cd3b032bb158656267d10c316,2026-08-26T08:30:00+05:30,True
LIVE_SHADOW_3f147df0b6b02c,2026-08-26,Diamond & Studded Jewellery,348c604950d6ba53f7ebc82d7f4ca5d964de2ab320d15138f5dd94e40329306c,48ff5ab25bc6596104a52e719af78e1055b42f620bb107f887e4ec84510925cb,2026-08-26T08:30:00+05:30,True
LIVE_SHADOW_b59f9d83440ce3,2026-08-26,Plastic & CPVC Pipes,8d369b802ba2c52736d70ec4b0657d1365c34b28bb400c460bac72618d4a1f8e,c72e40062a8d4c0adcef6634fb7b996a5a16d0bba3ad2a79e4abe8d5113b0a96,2026-08-26T08:30:00+05:30,True
LIVE_SHADOW_0e4c0fcb1c08a7,2026-08-26,Defence Electronics & Radars,64e7cdc6c55784bffbe89587e878470bd05ea436d54923107241652981147dba,e4421e621e53f1c9ed5639aebbde311efb057ad2647b043e1e4f94b6b1d84346,2026-08-26T08:30:00+05:30,True
LIVE_SHADOW_da6bb06e66a1c1,2026-08-26,Two & Three Wheelers,e10c60fceef705c25d7c2c5cf4ce6d4c402ab17308666658cb6fe2db1a97cf2c,65f887e9b9eacbfa28395baf6d7ed5021f3b2ac2b454ea1de28cc85051b51b80,2026-08-26T08:30:00+05:30,True
LIVE_SHADOW_5671aef535ed5e,2026-08-26,Small Finance & Payment Banks,2a133e67ad66c7053de1bc45426590780a2b27dc7b7ccb6fd888d1b7922e5a5e,5ae002db6f507f38e968e5abb1a3478e03451dba81f11f4621ee106a7cb8ddcd,2026-08-26T08:30:00+05:30,True
LIVE_SHADOW_087eea4b3aca3b,2026-08-26,PropTech & Real Estate Technology,20ccc6f192fa36751cb193aa3ebe492d12500c912ddfb66037d8aca1b0af3c17,a430d1e9e9e090003db864cf23faa4aa612f9fb2a226ab75d8673e3c57a5d7c5,2026-08-26T08:30:00+05:30,True
LIVE_SHADOW_854c24b262d716,2026-08-26,Gold Jewellery & Retail,b211a87cf6bc97b9ca96bdbe602d20dce84a2ed3eacbb4a3be03877d1746e0a4,385ba72d9c4a67d447c50c6a65365dac55379efc989e03812a3d9eac9c3dbdf2,2026-08-26T08:30:00+05:30,True
LIVE_SHADOW_de31cd7ef38705,2026-08-26,Precision Machine Tools & Fasteners,de898e04bb231ca30712d0e80c08221d99c4706ce7807e6533096a64b493e130,bf87e52cb99b530285d855fa868f777ee512e9ae9b36ccaacacbc44535121c86,2026-08-26T08:30:00+05:30,True
LIVE_SHADOW_97ba7f6af820d5,2026-08-26,Auto Transmission & Driveline,2b8efb71feb0108d05be5e2e6148313a4902998a8f7633ba92086ea8f8233ab2,e02518e895d4fa690396452e14ee008705afaa0350d30b17fecdfc376bcacfa4,2026-08-26T08:30:00+05:30,True
LIVE_SHADOW_7a66683b4aa10e,2026-08-26,Commercial & Industrial Electronics EMS,2733c50fb9eb19ead29d58b4ead99c0db62d65c2668bbc2bb4fd0daf4e033118,df12cfda1aadbd35a65e867b41b6287e88306f4e969a25ccfa873580c0366cea,2026-08-26T08:30:00+05:30,True
LIVE_SHADOW_da5bd46ea9ec1f,2026-08-26,Engineering R&D (ER&D),a71b2aeafaefa5cad0bc1f4df0a66a8281e7ce44729a29ca2c53d4a49619b659,34ecdff927a2434f497321cede45a3ac98bb62671b000a4917117571226342c5,2026-08-26T08:30:00+05:30,True
LIVE_SHADOW_82d29f276528dd,2026-08-26,Co-Working & Managed Office Spaces,d00722f988db8c180558e63e2db00d3ef11076ada807117566277b64460d42c7,c83558734849e96446a954fc9f38f0158fa06c8fd19a683c38169af0927a8576,2026-08-26T08:30:00+05:30,True
LIVE_SHADOW_446edda44ecbb9,2026-08-26,Private Sector Banks,a20c96ac30b6621f4908fdc2007fff9980eaecc29304ec926c0a37431782dc63,a095d1a46cb73362249df4587f37de6373d190dfc98612172659001edd4b23ab,2026-08-26T08:30:00+05:30,True
LIVE_SHADOW_7ef90dc284a6a4,2026-08-26,Television Broadcasting & OTT,7e3528ec0a990b3b4a565c9228b689bce6894823ec438d02675ea714d40537e4,a5888adc08f8c8664611df2c389d4c93fa452bae9599a3ceba41bf3550228683,2026-08-26T08:30:00+05:30,True
LIVE_SHADOW_d6065a785295b8,2026-08-26,Music Labels & VFX Studios,18bf5d10115bb2e68c2220c68584283be406dab8c060d6db659be42c5376f072,4fe2b80887d8cdc06e920d521df40b60037730641c7e68419a9b361be1214475,2026-08-26T08:30:00+05:30,True
LIVE_SHADOW_c33c2941d98b2a,2026-08-26,Hair Oils & Personal Care,ef5233644fbadc9f8755691183cc7aebac7661058ce6dfb16d1c6689e4dbea23,b64b8109e70e20ab7d624aa29239c6d26ddaf048e29399d043e32107b598a396,2026-08-26T08:30:00+05:30,True
LIVE_SHADOW_2cc1e79dbce424,2026-08-26,Off-Highway Tyres,e46c9e80005771c3693c19b82b3a89c7fe9c555c7169d7ed2af27ef7cb097b7c,5b0a895a87396ff1686e8a4509563b19aa4e00c9037645cd7d129dd8c6701c8d,2026-08-26T08:30:00+05:30,True
LIVE_SHADOW_7c70272a25f913,2026-08-26,Silver & Fashion Gemstones,372f22dd0e5bd93479f8b04e547b49cb6a6dbc2872f1ebb5ac7d491c57a7ae04,9ffb07792f143dcf03d52c4610471ffd2978ff60f9eae5d7265c62e2c61c7f92,2026-08-26T08:30:00+05:30,True
LIVE_SHADOW_960ef7962c92f0,2026-08-26,Auto Air Conditioning & Thermal Systems,19f1b1c3db0cdd9f7000b5a0c4b7864ec3a4a6e2f5c45c4d4ceb6f7789c23233,34aeca6e96a7144d7bc3835708579b92498e763243b06c96d451d561b1c37ed3,2026-08-26T08:30:00+05:30,True
LIVE_SHADOW_dbfe3ff529d4dd,2026-08-26,Public Sector Banks (PSU),494b1edb6d1184b75830f8fcd1d139f8fe3463faf5e9d609cd8e3e8dbbebabc1,518509913be08756fe4b89d9f5c2952f275044991344c3bde785d074d1f6af61,2026-08-26T08:30:00+05:30,True
LIVE_SHADOW_df2d5770d7cb5d,2026-08-26,Tea & Coffee Plantations,54d5acd44f1c301f9e82d386f3921d39142d5699f626684162aa00c489ac6590,99a98a035176a9d3762c819213b9dcb8fb7a39c61709e241dbf0e27e6caf81e0,2026-08-26T08:30:00+05:30,True
LIVE_SHADOW_dfec9599ae1cb1,2026-08-26,Fashion Apparel Retail,e1c2817987de31bff95047e443b877e6b8e8cb451945af3a7f9471b440b13478,0ed6bea1dabe80655d0a3e6fc46c378c34873f8cc41fa4a05a621ab8fefeffcd,2026-08-26T08:30:00+05:30,True
LIVE_SHADOW_84371d08a2c8bc,2026-08-26,"Rolling Stock, Wagons & Vande Bharat Trainsets",72e156d66633446bc98449b6c6a3549adc0604d0a2760b8979efd9a32731916b,bb77fa786eb8d63d272474ef3433178e4b9d781a6a32f8adc78121f249dace4b,2026-08-26T08:30:00+05:30,True
LIVE_SHADOW_f9f76c9781ee87,2026-08-26,Copper Mining & Smelting,5a4b6ec4a199d1e4d8d23740ed15fc65781774a1364b1d9d8912295f3f50af12,ce4dd0905231ebabfc51987cddba8a0e9de8c125b5e1770256a9dde9131bcab4,2026-08-26T08:30:00+05:30,True
LIVE_SHADOW_b0a9d3d5320853,2026-08-26,Auto Climate & Thermal Systems,835aadf1f2d3e326e19a00a6922e1f59cd948fd420b31261ae23c8626cd23e6e,e3088642d5d010964d6ec2c49a16071b3d9ce3e25f85346c4b3d3efa0fdf1329,2026-08-26T08:30:00+05:30,True
LIVE_SHADOW_deff98cc8e1a44,2026-08-26,Telecom Cellular Operators,852f525a8c1c392f32c677a62ea7db7527db2a60adb2aadbdc383162e896d250,1329459a8901c7b826487f640eed81587939b2a759d374339950e381ab9e20fe,2026-08-26T08:30:00+05:30,True
LIVE_SHADOW_bc816bad01dc98,2026-08-26,Electric Vehicles (EV),00034a7a956a483f589777f2f3cd94d4104d48cdd9a0f3a64e61649728540733,b3e12c65c71861b0a514f41aa3cdc8be4460298a616b44f6ce33f3476337dfe9,2026-08-26T08:30:00+05:30,True
LIVE_SHADOW_c25c873df42d74,2026-08-26,Precision Bearings & Motion Controls,5a498f0529a3c6401759e9e30b2a9a65ac6030208418e315d1153d8be6c5840b,97a4c6e5d93181a613a519fe6976852fef670b17d606ff247f2719c46b234620,2026-08-26T08:30:00+05:30,True
LIVE_SHADOW_522d7be4cbc1f1,2026-08-26,Fleet Tech & Logistics SaaS,2c00c3cf06d06b6ec0321fdb9105c92208f0e1ded3bb8378b915617d8eac1381,33472585ecde21e334ae7b537300c4f14cf3ae9fd5d446388e4ad8e0776a20f5,2026-08-26T08:30:00+05:30,True
LIVE_SHADOW_1c7d4be91d3e22,2026-08-26,Express Parcel & Courier,4f46e02d549b2ec2f7e30497f506a4d3cc55e36fdca87d0eb1ed8f4ba94860a1,43428ca8aeaa6b8859ffed8793ad791bd12a25c89e13261d5a2b2497c373689a,2026-08-26T08:30:00+05:30,True
LIVE_SHADOW_2dd0a9a23082b3,2026-08-26,Design & Facility Architecture,096f73630b082cba984ee52eac74c69fa6c29eb7fbbf52e5ea9d591f2703d9f6,1caa4dbe815100881f8802ca1d0ae496f4820a9e99419856895fdcfaf305a832,2026-08-26T08:30:00+05:30,True
LIVE_SHADOW_6c71c01df4b655,2026-08-26,Air Conditioners & Commercial HVAC,df25e2bb5c7421bb18f29f73ed9d7615f7104c561272ab924d25766ed28ff767,fcb1a2fda2803b49e6059002a673eeea5a183e74d51129c18defa6acd3824782,2026-08-26T08:30:00+05:30,True
LIVE_SHADOW_425cbe3566b626,2026-08-26,Synthetic Fiber & Polyester Weaving,ed796f404f5db52c061438aec611b03567522c6a0e5a4af8642072174f29789d,24f90f3ce6c8801e91caaf69273bd0b8f3c069c79413774e7a3bc79374e3aba9,2026-08-26T08:30:00+05:30,True
LIVE_SHADOW_5d348f1a043e06,2026-08-26,Kitchen Appliances & Cookware,364cf17c9bff172805ab1f85e7f9af15ed765d5da3179f4e7dc46205fdf936a2,576952328cc828669acc2c6548344c4bdf29bbc3477c4e57c3a5820cf13f485e,2026-08-26T08:30:00+05:30,True
LIVE_SHADOW_a62f99da7f3c06,2026-08-26,Home Appliances (White Goods),5b8c5a71a0d77e6f0214592b6862369aeb05ba1948f7d9ca30e3915f51a4cbe4,b5819e03fa1a9c1c5a7084511a62e7e2fc05ddeaab2a92c5bcbe8c508015661a,2026-08-26T08:30:00+05:30,True
LIVE_SHADOW_d204459cbb5343,2026-08-26,Precision Powertrain Engine Components,5a02082eaef1ac7edc18382accd3a2f53de6285b71c816784198bca81d2d934b,4ad7f3754f33f345e5151e9df64ab4f44718727e6350f175ade3a0e6f426d80c,2026-08-26T08:30:00+05:30,True
LIVE_SHADOW_605a23070b9d90,2026-08-26,Sports & Athleisure Footwear,4accc87300d0a62971929f4578644d1b65a9fe1adca98223422f132a7762677d,02810bd41012b1a47141437fcec574403c3b06d8a0e070693cd3d4dc06b26c1e,2026-08-26T08:30:00+05:30,True
LIVE_SHADOW_3cf8e12a69582d,2026-08-26,Stock & Commodity Derivatives Exchanges,8974d13b08c4b1cbd635424404c182983ecb46df4fbe27d1d0eaa3be08585947,b85efedcb32af2aed5367e098f7f2543e27600889e23b99003e9ace65b28b35a,2026-08-26T08:30:00+05:30,True
LIVE_SHADOW_2903bed71b2fe8,2026-08-26,Hybrid Seeds & Agri Inputs,bce759607c5630a18063733eda69c6a5ce5e0dec96457b3f428901dd9c5ec49e,99bd1e4443260538e56fc51aa99dfb3b66995d113b50ec572e11d1e3c9861db2,2026-08-26T08:30:00+05:30,True
LIVE_SHADOW_b7a23979404e6b,2026-08-26,Worsted Fabric & Suiting,deb50c9d4c72609bfa1f81c9ed3c93616a0456eec676de13fbfec5c295b1f0eb,29547431c86ad9d47b1498610663405ce0be4b916210332847b43d9f3a3471bf,2026-08-26T08:30:00+05:30,True
LIVE_SHADOW_123cadbe4db388,2026-08-26,Mutual Fund Registrar & Transfer Agent,24171fb695e72583a72495e315300d5b6914625de649be2ce41d05a152901fc7,297db5050b0e82f11e0a6da30ad06dedc00bb3584fa65234edca7277d53c2f2b,2026-08-26T08:30:00+05:30,True
LIVE_SHADOW_767eb2c8be48d8,2026-08-26,Life Insurance,5dbfab4a2ca69aa3339362e4551be3d663202ffa9e48c8f653ec9d33a489c878,1f3633231acc24939a4943de42ec01387907663ac18c76e5b1d2504ebcb5edea,2026-08-26T08:30:00+05:30,True
LIVE_SHADOW_b1b04e7462d66b,2026-08-26,Credit Ratings & Risk Analytics,275ec6f7aef99b84f68fc449096f746e479980a1754d1263cbe96f595b917307,bac5b8c3a360cce8e81a25db633a292824e432b08e31c225dc52963ae3f77654,2026-08-26T08:30:00+05:30,True
LIVE_SHADOW_59145a30a16da5,2026-08-26,Payment Gateway & FinTech SaaS,0cf029badaddb7583afaff25998a0b3361a0fd9cf3516d01ff36c0ca20114889,c83067b743c77c5437a2e4ffe3f34b80620df2bbcb6f30c8dbe1a407b243d497,2026-08-26T08:30:00+05:30,True
LIVE_SHADOW_75dce0358c1a04,2026-08-26,Depository & Clearing Services,824d4280625c029c97c0c0debb3e2c7ef84bd7ed6eaa92534ce7e66bde37f578,377b66af695c22e86d5d49da97b96911cbfa8b76bf8b8c12b3b4698d2b20d2a7,2026-08-26T08:30:00+05:30,True
LIVE_SHADOW_e760764926eb73,2026-08-26,Kitchen Homeware & Cookware,b02009db730279b8b972651e437aca4cd275b4e89e2cd98eeec1b34d80866fa6,dad40bda1b07c077f0dd9ce93a73474277f205a4ee9b8025e172f9322d7f4908,2026-08-26T08:30:00+05:30,True
LIVE_SHADOW_3e5d3b2b7b7970,2026-08-26,Power Distribution & Integrated Utilities,a2108e96cb6763257c47532fdd5c14126769e4740994ff3db18824f066d3872f,9e4ae5a97511c5956be0e74f0937023a2d08060948f7058b4f692c051b507afd,2026-08-26T08:30:00+05:30,True
LIVE_SHADOW_0ce728193ec521,2026-08-26,Renewable Energy & Solar,706a548c1256ae6dd93548eb263e174fe769b37a98b26ba34fa5fa265a637527,51f92df7dbb81d77a74d04b6f2e4431b32694d89ffdbfc0f384113312b735e05,2026-08-26T08:30:00+05:30,True
LIVE_SHADOW_10330d8f7da5d1,2026-08-26,Wealth Broking & Advisory,df46fa4d90a33a6f94b35709d0c63f0fc0f4e5f907ecc17013f5cfe6673d0406,1d9d3142fade79253e6a378921a18a59fa2dafdda9b0135faf99648f661f0642,2026-08-26T08:30:00+05:30,True
LIVE_SHADOW_879fc8f137f0c2,2026-08-26,Vehicle Finance,5a82801a91858186b332452f149c814197e68dc2e33ad174c8fbd7dfa5df69d9,bc68044b8c29cd1bc0d053eec2529a33d5a7a92418f5bf8be4a68d671b46b624,2026-08-26T08:30:00+05:30,True
LIVE_SHADOW_78ecf219ce781c,2026-08-26,Film Multiplex Theatres,ebef2ea88edb0a4cc3061d743514515d08feb89d0d5635654a68106241bbf025,61978121d4333e6ce2bc6b7634a801d494392a1aed59078aab284a006dd6fbe3,2026-08-26T08:30:00+05:30,True
LIVE_SHADOW_900fafd0046958,2026-08-26,Basmati Rice Milling & Global Exports,e5e824adec5625447824b81564c05927e533a3229321bcc6a3f4714c333f9d52,c31662070221d266b2eaa058687acf8b6cabbeb36aeb659326dc7d090fce5904,2026-08-26T08:30:00+05:30,True
LIVE_SHADOW_2c5e74ba8b5bf9,2026-08-26,Mining Consultancy & Geological Services,7d21bfbc4c2679174781ef55c561a3b27bd9c2dc07fcf1f8aca0127e494c265e,c861cd518bb1b3c3f59268335526bceaea84bb8b85999fe1380f0ff1da72e423,2026-08-26T08:30:00+05:30,True
LIVE_SHADOW_bc5f2b81d53b7d,2026-08-26,Aluminium Recycling & Secondary Metals,f564e40be84d825df746591010b2b61ce30170d12df424e0da4d1f90df86a9f3,5a2a06d46571a4f7d5cb65d6baa375239f565758988642b3f15411b4a00b2a20,2026-08-26T08:30:00+05:30,True
LIVE_SHADOW_61fc3d24d496c9,2026-08-26,IT Distribution & Enterprise Infra,dd85f95a57f3e008326ff9b22a58068733c4af8ff6f82c3d584ae67218a02f63,4126a62be6851bb83a1b62498f98bedc0ce1b2955994bb93c0a9fb7b30f98ef9,2026-08-26T08:30:00+05:30,True
LIVE_SHADOW_b0424daaf31760,2026-08-26,Naval Warships & Submarines,c39a9b229610a94ee75f4cbd056a8f1c0787c76794875e15c39f83418351df84,45f444288c1de822744b59c5187f7249fc7a9ecbc3f2a881e86bca24ca58e501,2026-08-26T08:30:00+05:30,True
LIVE_SHADOW_c908ad7cd35e13,2026-08-26,Heavy Process Plant Equipment,aeb5f181501a47bdeb03181a9d067ee3e7b8bcd7d48d008c23b97a34cf0e73d8,788922f6abcf7855d9b933e634e65fe78aafefd0be16ee71d78b2817ee4670aa,2026-08-26T08:30:00+05:30,True
LIVE_SHADOW_f205505dd7aed9,2026-08-26,Oral Hygiene,85a4066acab0995e2b7dff2be5f727b3d82f011e8d6108ac5754a1ff8aba544b,0ad6e6e305f2ddaa2f13a5819128fa061ec44cd0e74c60f25851a08221a639c1,2026-08-26T08:30:00+05:30,True
LIVE_SHADOW_c44cb9a9d0d68b,2026-08-26,Freight Forwarding & Multi-Modal Cargo,511112f53f1a6dd4d96c8f168a0af1dda8ae821de823b360ca034fb545765860,f6c248695884e48de75df92263fdc0ea3d5b1ca035d1b5f2acaf8fa6375ad722,2026-08-26T08:30:00+05:30,True
LIVE_SHADOW_78cdcf70b6a82d,2026-08-26,Cruise Ships & Water Tourism,ec79529c6c15af3f7d73c9d8991b7b08a45464f8798a9916a71ebb96106efced,3140f1f6171cc2079e99b92823682c1f6c317627d3067bd66126382090b8c0ad,2026-08-26T08:30:00+05:30,True
LIVE_SHADOW_6a690c2c48fb8f,2026-08-26,Business Process Management (BPM),5a7de3dd291d1a2e13b3bc3bf28f7f09f35064fa898876a17e58d47425f65b97,ebb6050a07b156425ccafc9e0f1bfe75aefad9d4ba18c85c06322844615e9930,2026-08-26T08:30:00+05:30,True
LIVE_SHADOW_93a4f8a4bc2b6d,2026-08-26,Television Content & OTT Production,d2d44abfa47065b7744a1de62ec37d3a991f25c36e6fbf34dafddccf7121996b,ca9dfb6191bb2ad104f7375f41bc9b655c17ddc897642adb06946a61e2e85d74,2026-08-26T08:30:00+05:30,True
LIVE_SHADOW_8653e98a3cb3b7,2026-08-26,Overseas Education Consulting,aaee26671820d2fb10d3de1e4fb0eaadea6451546780072b65582290f5082cb7,54edd59504c76194507bd40da21ac7b09ca902748b2afc3e3e94db68b2a34ca6,2026-08-26T08:30:00+05:30,True
LIVE_SHADOW_830d7fca54b14d,2026-08-26,Railway Signalling & Technology Systems,e486e332e60f0f6cbab4422cd5393ce302bd6203d90ccf1dd23f283788992cea,3956635e739a3043651e76257a1b3f2c9e2a37c7f67c17394f6254d21995caa5,2026-08-26T08:30:00+05:30,True
LIVE_SHADOW_625463f3f0ba97,2026-08-26,Diesel Engines & Gensets,2e31fdb0dfce7eb04419de9aece9dbcb5493285f514a5be6a7b57eae4ae5a1a5,d777c49a6e3e7dec5e350e35945bab5ad6a2f4bee76b6c59a25fa63d5135e70c,2026-08-26T08:30:00+05:30,True
LIVE_SHADOW_bd2454d06a56bf,2026-08-26,Medical Devices & Consumables,7554c6f5431ab6cff8f1c2f146dcbef8136d97e48e16f223fc9de75f7ed2ba0a,22c99ec785559906d58ef7ea6cf649dbe2c73bc8bd9a912eb5e6c97c0a9ba0c8,2026-08-26T08:30:00+05:30,True
LIVE_SHADOW_4a629c698ffcb5,2026-08-26,Gold Mining & Precious Metals Exploration,f3918c0d92f9a80cf9db0db3a5d547ab111b55448e9ab2b8f57064229eaf4b06,256b994553064b65c9321282d4026a499e8109fad78903086b38a8fdfb045750,2026-08-26T08:30:00+05:30,True
LIVE_SHADOW_6cda741fe274fa,2026-08-26,Forex & Currency Exchange,2c7133ae4c07fbbc5aa8bf4601be5a7fa4ae342295c06c55380ec8602cd749ab,3d0121f0a9c40d7a1ca11bee6ba8b2eea8022f933fe32dac5c94ceb226ff24aa,2026-08-26T08:30:00+05:30,True
LIVE_SHADOW_d00d0ea4770dbe,2026-08-26,"Gaming, Casinos & Entertainment",bf578dc9f6b2a45f472fae22e5d08ca59e022e01db27dd72c5309912ee6d1b36,791a06f8caa90ff553b588902af3562bfcdc08257e34374e636d793f89a4d05f,2026-08-26T08:30:00+05:30,True
LIVE_SHADOW_e76633eb7d3bf6,2026-08-26,Cable & Broadband Distribution,8038360bc73029a3d4846229b437e3caa90e61d3f3ea9c077c621bcb4d5ea59e,6a649e433bdc9ae6810e9ae2ee0706d470af52f7098736825d6b4a58f55e8fc0,2026-08-26T08:30:00+05:30,True
LIVE_SHADOW_4e707090324093,2026-08-26,Specialty Electrochemical Chemicals,7de3fabe5a776ea9b53335a48f7bb7af77da87a863378638360ffd86dd9a02c7,71e2e95626c9064cb5c2cbd81db881d91aca4bdd4b9b109e0e1b23b5ca278579,2026-08-26T08:30:00+05:30,True
LIVE_SHADOW_b864b4f3944361,2026-08-26,General & Health Insurance,1c5592bf102b54013b7707020f963afdc985ddea8992f4b76290a52275ca9f73,953f826970e24e61da66775d17d9299e0b78bfc4370cf7f47ddd2d1b9dced04a,2026-08-26T08:30:00+05:30,True
LIVE_SHADOW_0f01afb65ee0b0,2026-08-26,Railway Signaling & Track EPC,c67086306e690bedbd47766906ecbeecc4fcdcea0619f5f102b520baf193c270,28fe42bf75c5118366ef3d579bbe358ef3bf9d3cdeb8009c33cbd1593b1a522d,2026-08-26T08:30:00+05:30,True
LIVE_SHADOW_c2efa3baf06bdc,2026-08-26,Foundry Equipment & Shot Blasting,2a2164028125f851e76fc04269c5777042341d969a8a66cb360a18bb9989fc32,4813f17ade3b24d6629a396aa58ed33cba6e266831e9b6b7c90f51566f173239,2026-08-26T08:30:00+05:30,True
LIVE_SHADOW_9c54e067a66eb7,2026-08-26,Bridal Gold Jewellery & Retail Showrooms,d8a924100fd4cf0041d465e1850b42cf913a245dea300d73c36926b7ec56f1e9,59b9a5cc10cb7e2002703669143bf94afd078f77afbdd871a83cf47d3bcda893,2026-08-26T08:30:00+05:30,True
LIVE_SHADOW_2583edf602ce05,2026-08-26,Domestic Consumer Appliance EMS (AC/TV/Washing Machines),4f90c36fe68552fbba2c823feb801a3a6bb69c35c5007642436cfa19e7132f44,03a94977b4d946146848d5172dae7fc7f027112b8b63fc73171af3646dff741f,2026-08-26T08:30:00+05:30,True
LIVE_SHADOW_407836453b7f72,2026-08-26,PCB Assembly & Fabrication,59f6737aaaba8ef748a6095acf3795c43fe52dc8f0e187bcc9c63ce159cb5f1e,7bdc91a2fc6d6c0324283953247c18254a381adaae23ede2df1ea0dc35a654b8,2026-08-26T08:30:00+05:30,True
LIVE_SHADOW_0eb00875b2b3da,2026-08-26,Networking Hardware & Infra,c87cbc5e2ce613fff415ebbf18b57ad403716455d9daff7dc3bd959bce60c08b,013c86714409932b4b83cdc9f0fe3c3549b30e634368f5992c7d359336be7b05,2026-08-26T08:30:00+05:30,True
LIVE_SHADOW_618dbbffa0a684,2026-08-26,Liquid Milk & Value-Added Dairy,37ba27312195034454795f3fb37bfaabcbe3422eca9ccba4f4c0da51e1511792,ad4e9a593272e164a88b100796e2e49e398ccba70ce6a04c3310e578808d4d37,2026-08-26T08:30:00+05:30,True
LIVE_SHADOW_14b20adf6dd33b,2026-08-26,Innerwear & Athleisure,9ab9e13bdb8307fb122829d68fd20996b20c39548c5d83992237334a18a83055,1f4b722423c656ea821af13313dbedae1bc9ac38431866693888e96f08eb6e52,2026-08-26T08:30:00+05:30,True
LIVE_SHADOW_fb25bcbeec6bf4,2026-08-26,Polyester Woven Fabrics & Suiting,f6542bcedec87201121e931cd95e23e4f99ec7b374d3123b13d1f958c9fbfe61,738c33167b698c33c6445f81a7f9f1670cb3a4d9247df639abbe54f9cd744120,2026-08-26T08:30:00+05:30,True
LIVE_SHADOW_fb25906d8d1a77,2026-08-26,State Distribution Companies (DISCOMs),beac1ab6552d80372fad1fcb2f6a53ea0338fd368fa532570dfad20f9eccea83,f5cf443816b459a822447a840cb65e4363baad1c0f8f329b94ccab8c2a29a44b,2026-08-26T08:30:00+05:30,True
LIVE_SHADOW_b7d8129adc9a72,2026-08-26,Airport Lounge & Transit Tech,a0dc106994e24ef34a93df129ed67153e33d0b8cc1ee569db76c6a4625e1a66f,f3791b560c1d12c52e83afaeaa237f031483b52c4923da20cbf54d02338dc587,2026-08-26T08:30:00+05:30,True
LIVE_SHADOW_620ae21f8eaf52,2026-08-26,Staffing & Workforce Security,5d0a99541706b2b1fe84ac29b73cb929abd03e7291c3f0fdac3759f5fcc17437,4fb458c0187937f870ae480cfb130d485e44964cea4c5af90a1c0abc8cc386ca,2026-08-26T08:30:00+05:30,True
LIVE_SHADOW_6c8bd4be16f5ce,2026-08-26,Cloud GPUs & Supercomputing Infrastructure,45577128c6c46e58eedb5471e41df972bed8887f0b5516c916caa4dac03bc4d4,c51a49cbf0272b1e9384b1f9f69523afc2d119ea1745e21c200f8414ce14865e,2026-08-26T08:30:00+05:30,True
LIVE_SHADOW_a5b7d56fd02f73,2026-08-26,Online Travel Agency (OTA) & Flight Booking,9a571d9027d228522fe5a205ef789842093ca9ef7c64bdc3fb8be10d20daea8b,124345dee6f9687b390e5159d242df4c50ca00a788c31fba5c49541751e3c21f,2026-08-26T08:30:00+05:30,True
LIVE_SHADOW_6a690c2c48fb8f,2026-08-26,Business Process Management (BPM),7973efadd5c033a66c5acfe63602f27c9de76fd1e0cd69d6e6d47bb4285aa837,1cdfb79a0d8b9d1c648d708394f1ecd792cd4ccd2f856d0b1244d64e8c3293e1,2026-08-26T08:30:00+05:30,True
LIVE_SHADOW_f08c6f8f553fbc,2026-08-26,Recycled Polyester & Eco-Yarns,f55371e41ad349d242ca158782af89aa0cd96a90e6d3f1b50d684b81aaead415,a16b2c164774ecdad91aa610edde80031460dda3e3a323f955f9373b633df76c,2026-08-26T08:30:00+05:30,True
LIVE_SHADOW_9ddacc68b296c6,2026-08-26,E-Waste Recycling & Sustainability,8ff617276b1a993250adeabfe5c92a96994cb6c842cbcfb00b336bb20e765463,25504b72dbc56522c23dd36ff247b3bc1ae6a6a5cb409ae33017111b59612372,2026-08-26T08:30:00+05:30,True
LIVE_SHADOW_f46b19bf093930,2026-08-26,Heavy Infrastructure EPC,df38f73c803ca8a5738c1f4c36b35533ba98be57d3a6a354fb101ed9df338c59,7603cf3a2264e9a9f3d90bdc3601dd1c3f5552ee51e66a3544905371d964e8f2,2026-08-26T08:30:00+05:30,True
LIVE_SHADOW_64fb33a523ab05,2026-08-26,Passenger Vehicles (Cars & SUVs),81d3e2defcfc88a905b8bf44a1312b3fc2e54d4abbfb7629e8189c910962d150,d92c2c07fd620a08127df094825407b30a9a1a7ff72a0aaad163c8da239f4ea0,2026-08-26T08:30:00+05:30,True
LIVE_SHADOW_09a8595b4f7532,2026-08-26,Tobacco Products,f252a5bbefacffe3151cfa8380ad81dff73200add192bea3d9bde0345b20a87d,fc8454e6c1f05e10c0b92e7d67ad9c3637b0e9c2aaf11df6f1afdd585e1004d6,2026-08-26T08:30:00+05:30,True
LIVE_SHADOW_a7cbee8debf345,2026-08-26,Advertising & Digital Marketing,9f5d4e35e5a39a6b6d78f3e9ac611c37d8ff61f5311faab49a078e4f0410d618,c2847b856b3dede70ba12507f4cc3ec93df665dd73af1f1302f8b48720a3fae0,2026-08-26T08:30:00+05:30,True
LIVE_SHADOW_efc1aacde388d8,2026-08-26,Pre-Engineered Steel Buildings,f125d2f6e14211c8e0e436b7ac48096a53a0e5827108f3cc7bba39fef34da05c,acebe6af837b0598ddcccd101dee6ab94154d1d134dd3a73202073efec8166c7,2026-08-26T08:30:00+05:30,True
LIVE_SHADOW_2025189616bcf4,2026-08-26,Wind Turbines & Wind Energy,d9a0eff3d8411b6763126b382b76afe9ced4772179cf6dd9e3ac0c2e32175058,62b00d427ee60f5f536c0aba66d2f4e5506240694ca689c30d5bc56c1b41e5b2,2026-08-26T08:30:00+05:30,True
LIVE_SHADOW_817a002f57a8cf,2026-08-26,AI Servers & Supercomputing Hardware,b3f7aaba052b3e47caf384996de84b5ea018c01411435ec18984fc86b566c607,8d0804f4ed83b525e438656aff96aa5e2f9c3b312bff6cde161cfaee3690c5c0,2026-08-26T08:30:00+05:30,True
LIVE_SHADOW_1f979b7547cc4e,2026-08-26,Tractors & Farm Machinery,41cf7a2944ca6575bf7e84de63f28fb4df42f5e6da901607961c30aad9202906,26d73bb220872a3ffd53d94e1d7d6fa9f0758f2b1518eb321d524c03e7809f65,2026-08-26T08:30:00+05:30,True
LIVE_SHADOW_2d9e7211b96586,2026-08-26,EV Charging Infrastructure,624129f64adff78ce9301ff1be521ca3f8088c30c9120fa1772db68734655a3f,5f3e66589c42fa3a94bc8d6f96065549a4b09b9b18e1fdc7db73e5a42ce255a3,2026-08-26T08:30:00+05:30,True
LIVE_SHADOW_809ba694b836d0,2026-08-26,Auto Batteries & Storage,9f4e89ce386e1a5bb9e5182399a9e6431ada59f46346a8811ffbf2f378ca036a,5e55d4dc4cfac0e5b041a7e23087641ef87ee67fb67d360c195559ef34508c6c,2026-08-26T08:30:00+05:30,True
LIVE_SHADOW_a397c51f6b88b1,2026-08-26,Home Textiles,4a212413d200b40bb5bfe78bd0288f8a2328a001f77a63759ac262c42ff73620,4fdae5cf7ef08a5be1cc8105a46be19582f001b0623629bc6134e54bbe5e8072,2026-08-26T08:30:00+05:30,True
LIVE_SHADOW_d47c22a2658d03,2026-08-26,Water Infrastructure EPC & Supply,1de764934e905904d7f772e403489bb84d77520cbad5081ef8f63dd74d261e69,40f65cc5bce3121a28c328630eef728fd5bf6f7533796a81df3861190c38944b,2026-08-26T08:30:00+05:30,True
LIVE_SHADOW_958c7f2e2600e0,2026-08-26,Auto Lighting & Electricals,a688482c1f266e15ed62e541bd0bbb7fb96e3a0c5ef56125801b7b8ef76d0ef8,87668ba87820d4aa74a5de6962351113a19363a4db03ce66e25c85a6926ec01d,2026-08-26T08:30:00+05:30,True
LIVE_SHADOW_1e408b08a87504,2026-08-26,Stationery & Writing Instruments,0051d003c14f0d555883a66a32e647e4ad7fbf33c790bb05ca659e8b4fbc30d2,48d94ab0956ff5df85fae9c9d2ae718f5b4d940b4c7fdddb0b48108688ae0e74,2026-08-26T08:30:00+05:30,True
LIVE_SHADOW_27f3d428271a75,2026-08-26,Passenger Airlines,daf9c4d0f1085fe3d6efa7be3d9e9035688754da214bc4e565f448b4966675a0,a16138348be2eadd9ba366e24673d064c6600c80a001277c8132a648cfdc4e7e,2026-08-26T08:30:00+05:30,True
LIVE_SHADOW_c60623ba1d219d,2026-08-26,LED Lighting & Fixtures,efc7dce9f2da3762fabc97d7b0c15a65410973963d30b7bd85c299ca7a504006,97fdce626bc1e3dca3cb9596301ac54e8955a4eb5be939575f996b17ff36c9fd,2026-08-26T08:30:00+05:30,True
LIVE_SHADOW_04d9e35680cf62,2026-08-26,"AI Solutions, Analytics & Cloud Data",154c8707e54f40c6a7f32b2ab94272b2ea4639f900591bd8778c1389335c3f87,a61146467f9f8afe11b953b4aae7bd17dff32f9b15d85f202b350b9beee1d9ea,2026-08-26T08:30:00+05:30,True
LIVE_SHADOW_c11fa8c6b79a67,2026-08-26,Gas Transmission Pipelines,78a4932ccde566fccd9985732d94745ce78d4a1f7a530de3255890de8296a13e,14369c12cd584805f244bff5bf3c4d9e9fbcfebcaeaf06fa66467f6c30986620,2026-08-26T08:30:00+05:30,True
LIVE_SHADOW_3e83dfea8c2761,2026-08-26,Edible Oils & Vanaspati,c883fb2a843a9c1b1f56ea92ebe0bc2caf63a684eb9442be09cd1ae7b3aee8ff,ee650a59b5d3d93d8520634c5734b8640ded65d886a15352d81acfaa8b10bdd0,2026-08-26T08:30:00+05:30,True
LIVE_SHADOW_30771432784129,2026-08-26,Liquid Storage Terminals & Logistics,8f16fa0e87fbbe806ceda8d3847f6784ad19152947d854203603c2e66b6cae43,06cfb31d9a8394993c570156aa7fb3d3c5757750cfdc0bc580fdcf09815c8716,2026-08-26T08:30:00+05:30,True
LIVE_SHADOW_5fe32cfbfac21c,2026-08-26,Geospatial AI & Digital Mapping,cbe37c4333c0afa543c92815bba3f172c1ccf1cce0792c8594d9026a017bc6bf,3b2ec918d225110c508d9d1305906cac03f45a5e741761d33d1651e372179b43,2026-08-26T08:30:00+05:30,True
LIVE_SHADOW_08b3747f5e0754,2026-08-26,Tobacco Products & Cigarettes,b046a75da26b3f9917dc90f2c76a998432ab05d813367e15590c720f52c501d5,b29686a5f4a7ae1a3f707b7b2b9633ceb102cc8b281aaac2950f9e6cbb2da138,2026-08-26T08:30:00+05:30,True
LIVE_SHADOW_61c883569fcf08,2026-08-26,Automotive Radials & Off-Highway Tyres,c9136a189689a00d8e0f38955885d153eb8f13958e7282ed8fde93d2455b5626,595e7eea3d52b1527d7793c0af682dcd166dde6c0b34fa8e4cbbc0f772b1ae8f,2026-08-26T08:30:00+05:30,True
LIVE_SHADOW_73b285699ceeeb,2026-08-26,Film Theatres & Broadcast Media,a242c155005ca12989091f2eb809f8cb7ca8e78fb874e029aee7fd4bf8d1cc80,84ec3ed4f4aeab4f2e914f20d6172e73c01e7ba226ba6be80bcac8940ab45886,2026-08-26T08:30:00+05:30,True
LIVE_SHADOW_c510d128af42fd,2026-08-26,Metals & Fabrication,79ef091439c7fc2125581dfaa19469a2aa4cd1899324572b01db52f1ef49b452,749f229871ed2361dd2d0ddab864b4fdb2bf974b7219483ef454862304f33dee,2026-08-26T08:30:00+05:30,True
LIVE_SHADOW_4645d7052e156e,2026-08-26,Zinc & Non-Ferrous Alloys,618257f4d0745a11bb121bfd0fe57a54760322ec23acdb15904a2d14729fc205,43def60d95d4d45141de14ab492f9358049f48c81e83eafb76b1f9e1d11e61fb,2026-08-26T08:30:00+05:30,True
LIVE_SHADOW_fe6b7ec282f887,2026-08-26,Optical Fiber & Telecom Infrastructure,a7ec6e0e64941914400d43ec214d01e126751909328fe128ad51071d4c62fdda,ebf7e3d97f51fbed569c021e9b223947ab55f6b9d6463f5e62034acae5b4cd13,2026-08-26T08:30:00+05:30,True
LIVE_SHADOW_f59c26cbd922e9,2026-08-26,CDMO & Sterile Injectables,7b808d3024988ebecd37f0fe1351e2790a2cb843e23527424f12a91e69c51e13,62c92273cf13f923f9d625321382e728c7649e05a3062da5a103145aa719e74d,2026-08-26T08:30:00+05:30,True
LIVE_SHADOW_4bffbaaf00a15c,2026-08-26,Consumer Internet & Super Apps,dbd6d37063baadd3cdbf6b69df57f6280f05c5f9084ea79f60403caeea6b6897,2856f0b6fd207b3e72477c96cf67198904f5562a6bdc2dab6b1e4b9bd4e52274,2026-08-26T08:30:00+05:30,True
LIVE_SHADOW_e8136e19c761e1,2026-08-26,Architectural Hardware & Fittings,eeb63b4664bb3c348fd391bc4ba21008750e862907db8a8c6899241d118341e3,c4a76ddf0719eec328a5fc1759c775bf19b6f4dee566886535398d6dc4a78e33,2026-08-26T08:30:00+05:30,True
LIVE_SHADOW_4645d7052e156e,2026-08-26,Zinc & Non-Ferrous Alloys,1834192d227b9a69d29c5444aaa927e10cbac8c0b8d95c466784992e56b6545e,e130b83b1f84311190b2dd414caff0b4595ba36508f1433236ecce1d8db0da7b,2026-08-26T08:30:00+05:30,True
LIVE_SHADOW_03db15b956b5de,2026-08-26,Thermal & Renewable Power Generation,2663843628e2e3293147bb83052e0ebf09bddc25c1bcf58d20f2237380b711e4,c5bbcbd7cd61c5ce7f8f3815e775d2bc4bcd6d47e1a938ac225b98fac1f3de05,2026-08-26T08:30:00+05:30,True
LIVE_SHADOW_42f63c32d6b730,2026-08-26,Industrial Compressors & Pumps,6f3e61996f678369a36945ee6b656ff78e7f02df291a8e089be239b69b412746,69f85bb1fa69d59acd819aca0f9c2a4e7cef716469507cb4c54d53aa87fee9e8,2026-08-26T08:30:00+05:30,True
LIVE_SHADOW_0f62c38848600d,2026-08-26,Electricity & Power Exchanges,1104c7b61d3a0e33ff6ad95ad6d689824546dce579aa553a27c3a669a5a38240,3b275cf9e2c7abc247a79a0a44a2068a5cc04b933a39e7f6b8177909bb21283d,2026-08-26T08:30:00+05:30,True
LIVE_SHADOW_69ffecf3382673,2026-08-26,Ferro Alloys & Secondary Metals,c25435c5d08134e31822998df0dca457076b0b469964409c0b84a67b8989780c,51bfb8fab9d774d4e5a6bc2d29d6d10e8297d8d21bfd8d4b1d0e4fa833199230,2026-08-26T08:30:00+05:30,True
LIVE_SHADOW_6fa41567ac5534,2026-08-26,Healthcare & Life Sciences Tech,cc142df13bb06ac17cc321bc10c8b63dc0870ac86d7ad3336db1a47beb257449,8359949f81a2741ca3cf1a808517554d88920ae163995ef68457eff391ca7ca6,2026-08-26T08:30:00+05:30,True
LIVE_SHADOW_3c1ab12eca67ed,2026-08-26,Tier-1 IT Services,2162dd16ef9e43f38a6f96fc357c6b85490af3e2f200ed49888d258217359e97,7388eac6c57ed0c27042804ade0e867033cafd84c787a04e9572f090c3b539a9,2026-08-26T08:30:00+05:30,True
LIVE_SHADOW_081c81b19abf12,2026-08-26,Financial Software & SaaS,964ad9340bdb2775a0eb72c5378e129602f1d558c2338732a8bf281d76e37f7c,20cafc99cdf28c12788b331b5c05778cae070fdbb4923337d3d6910acca417b9,2026-08-26T08:30:00+05:30,True
LIVE_SHADOW_7beb2330951c90,2026-08-26,Railway Ticketing & Catering,a4ebe8f4c7ba1132ffb52fa8e430500a8782dcd06391f5abe75dde261115154d,d442669e7952f232f5d5aca6eb2bdfc4376cc6326b8129af701beca9d3e24c8c,2026-08-26T08:30:00+05:30,True
LIVE_SHADOW_108cd991627f51,2026-08-26,Railway Lease Financing,cefce15949ac5bcd2d2e4c22190939fe7731120bc4dfbd0a5f90bc3590065ac3,ffba2b1f27ffedabf9a59280a3fddb0a6a5cc39da530ef06ba28076423b21905,2026-08-26T08:30:00+05:30,True
LIVE_SHADOW_0dec162ae5e503,2026-08-26,Industrial Parks & Special Economic Zones,d54d8c86307be124c50419104c223cb4c646f434f0069a10e936f498c9abd0cc,0c91c9ee5dc58d71c0732a08f517b0ccd28fb2637eac352432c9483fbd79e9a4,2026-08-26T08:30:00+05:30,True
LIVE_SHADOW_d4aec23ddd1883,2026-08-26,Higher Education & Online Learning,cc13becbb2adec67d59b277e225794c62c0aaa81d6c3395d29c2edc4ba28b0e4,ed5cc2d8ef1bff945c0349233a1d6b02d9699c5853b7bb688d7028a95fa0292c,2026-08-26T08:30:00+05:30,True
LIVE_SHADOW_f08bf25c87fee1,2026-08-26,Stampings & Pressed Metal Auto Parts,ec5a9e67328d9733a6f441c99369a2915547b7aad58697947c602d89ec5ca703,3e842a2c695f199534ebdc28d05894f0e67bd4a4d3225a1557cf2504a985f8c1,2026-08-26T08:30:00+05:30,True
LIVE_SHADOW_fa9edbade6960a,2026-08-26,Micro-Irrigation & Agri-Plastics,61cc08243335f8177d89bf3595ccf065acd3819e09d8346199a0c3a8fa1fc8b8,8d78ba1186802fbf5cfba7a4cf63ca5f534e399944052d02c316f39fc8381b11,2026-08-26T08:30:00+05:30,True
LIVE_SHADOW_5d4fc5f2396ac3,2026-08-26,Stainless Steel & Special Alloys,2fa2740ab9f4d4293c2f519ce0e9f6c07c9110cb03e676c90ee0c596b109d5e6,a46f25bd1270c865ea7570a052e4138e4fd6e54cc4adf045c9e91bce29bf4f97,2026-08-26T08:30:00+05:30,True
LIVE_SHADOW_ab1a354b33dab5,2026-08-26,Consumer Internet Platforms & Apps,99d4bdf9014557e4973bc77e293f3bd501ed932420b2d15d884495c3fed29a20,78040a484c53488f9dec08f35fcbab1a7acf0a2dc2da0e325c05644859c2ed93,2026-08-26T08:30:00+05:30,True
LIVE_SHADOW_cea1d596785f04,2026-08-26,Plastics Processing Machinery,796d6ca237542585f3ae15149ac8ad9333214724f50be75e3ac5c9834fe96b94,74baffccbbd74bc9b36843f136ee5a2406e1f3026a500a7cfba02d396beb539f,2026-08-26T08:30:00+05:30,True
LIVE_SHADOW_991bf45cbf0158,2026-08-26,Industrial & Aerospace EMS,b47ecab81e1f5b986e98853c04f4f1ea0633285c445d31b0f069e654a987ed4e,c84cb7d08afaf50ace348b1839508063454dea5744a4e8fec437f3654b680389,2026-08-26T08:30:00+05:30,True
LIVE_SHADOW_d305dfb81b90df,2026-08-26,Power Transmission Grid,95a33c3dce55c0545365bff25240c5d5d5277a7a9913a9a8009d40847609b8de,470977659b8773a020bb15593a4101a4a2693141653cfe38cdfa94a1d7d6f6c5,2026-08-26T08:30:00+05:30,True
LIVE_SHADOW_27c844f3fd4a4e,2026-08-26,Iron Ore & Manganese Mining,3c5897de62c08ea8125215b95d8b7f53719887adbbf5f1e9cbba1d2d2d6b9606,997809740f822b4a49eabe547fb1a2268a3221e0c6c1d917301c08ba07e03415,2026-08-26T08:30:00+05:30,True
LIVE_SHADOW_29998ab06a6ff0,2026-08-26,Consumer Lending & BNPL FinTech,c19f3fb3a99070b624055de4d59ce2919a4527d0a3da3c1bf4b2a32c95de14b3,e75c0922dc37fdda04cf64f2790212a6c083e58fa4520e3447c4e829b677148c,2026-08-26T08:30:00+05:30,True
LIVE_SHADOW_3e83dfea8c2761,2026-08-26,Edible Oils & Vanaspati,debca1c30a896772c9451ed6c20000e7cea7eb5cd79d3437383558e8472ed92c,c3ebd8955356e0d1e2f7eb5ef47709249d9a87eaefff084b2b77ab41b7d50c3e,2026-08-26T08:30:00+05:30,True
LIVE_SHADOW_0ca22df20d8a77,2026-08-26,Commercial REITs & Malls,2d4b1d86bd825ab9756be30be4c68d57efc5920183d546c5ea39f15d00c294e8,65dbf8a1e9fd0d2a3bca3b6cf60d3984f2bb83b5b1281a634c23f66bbef0667b,2026-08-26T08:30:00+05:30,True
LIVE_SHADOW_db5485e8fe2a35,2026-08-26,Data Center Cooling & Liquid Systems,c843ec3d0028a9c0280f1f66eec9b189c1a15feade296304cff07bcee869918d,f5771f556305ec7e2ee5a59213eb5922a819921014afdaed14c8a529dc3cb59e,2026-08-26T08:30:00+05:30,True
LIVE_SHADOW_cb6d3704b9be5e,2026-08-26,Eyewear Retail & Optical Products,7fbc8bfcde4c712644dd33054bc0df6d37638aff0731009e9d51118095fe801c,49d93788185aded7e26708abeb1153412dcd4162c1d284442cc2e50f9d6e88dc,2026-08-26T08:30:00+05:30,True
LIVE_SHADOW_33f6d1e558d447,2026-08-26,Branded Innerwear,5a30164018b9cd663b4bf119f74d50c797d0695473c5ba2c056820bd53233e64,af73e7de8a0198420afaaff231aad1ade9f266ae593615b473ad913797acadd2,2026-08-26T08:30:00+05:30,True
LIVE_SHADOW_33fcc97d183fff,2026-08-26,Coated & Galvanised Steel,49ee2565f03dc45ebb91858d12969e2981a8174865980c951b0aed95d51ba1cf,361afeaeee64a965e7fed1c5fcce387badff5a4cb95b8b3f5aa03cc674b39bd4,2026-08-26T08:30:00+05:30,True
LIVE_SHADOW_400606accf9d9c,2026-08-26,Gold Finance,92685a2c350799b3261eaae431f43094d883129f42eec8a228c72f9588f6017e,b116f9ec42a986c5f6a9f8e68a8fbbbf0b797da25b6c423892ddb4911064c2b7,2026-08-26T08:30:00+05:30,True
LIVE_SHADOW_63db62e50c737f,2026-08-26,Complex Fertilizers & Soil Nutrients,dea9ee7779b7d9c054e8e85530fcd000fe807b9defc4f748067e2a583a78d758,06ffba36fbb6fef5606b0f0b8e2e8fc604b1cf531fde21dfffc77b27b76ab64d,2026-08-26T08:30:00+05:30,True
LIVE_SHADOW_99e63dab58b723,2026-08-26,Naval Combat Warships & Submarines,3ebdad1c43f8d9825e4a44b9c23bcc247b5c8d5f502d9de5aeda534f163f5a73,95fae426a0d6858becc799ded7cc0e4554123b8e2a5378f2b2c8589942a11863,2026-08-26T08:30:00+05:30,True
LIVE_SHADOW_cc702660b33b14,2026-08-26,Social Commerce & Marketplace,e8cfbba9ae3f118e94655fed7a34eb0100a198fa8b107f2256b06b19075140f8,8ae150dacb818bedaeafe33be9c8a5f6ff7f94b49e97abb707f70dac3e7fb5cd,2026-08-26T08:30:00+05:30,True
LIVE_SHADOW_c25c873df42d74,2026-08-26,Precision Bearings & Motion Controls,85fcb6150e3482538c887be1d758428c566ab363f85e9e525794eabf9783438b,5239f2e8991edaa2db02887c2d48cad2c2e2dcf2f847f6c3bda8fdf043d0c1b1,2026-08-26T08:30:00+05:30,True
LIVE_SHADOW_0f4a52963da493,2026-08-26,Baby & Infant Nutrition,58de595c5b9b274625e641022b269984a45f52d9ad15ca572a02d84e9e2acdf4,6c85ac5f7a9d7414036608e5e661b9061593436ae8948002b26be3ed6634f0b6,2026-08-26T08:30:00+05:30,True
LIVE_SHADOW_10eb316b8f0be9,2026-08-26,Leather & Industrial Footwear,20b76d8b55891d397901d2e40db5cd8f0e2928b20d77d3a5e675a0ca88369aab,708dae2e93894c4cae54e8a99ad7de750f4fe0e672983da11e13d29585905e31,2026-08-26T08:30:00+05:30,True
LIVE_SHADOW_051981a2909048,2026-08-26,State Commodity & Metals Trading,d75ef9bfd3a1f44b7548db46e877daa49590371945e8384e01f7237845923b73,f735135eda2a7e38879776c6b62177b8aa46cf9f8d4cfd34c235b00eb97d690d,2026-08-26T08:30:00+05:30,True
LIVE_SHADOW_a5b7d56fd02f73,2026-08-26,Online Travel Agency (OTA) & Flight Booking,91736b6412acbd556618e0dc405608abfebd34950c49bb766c09f6a413cdee9c,7370f7343ef84deddb83a3ddae86279d9a4e9fe91317ceb5a1705cb84741bda8,2026-08-26T08:30:00+05:30,True
LIVE_SHADOW_35eba1c0ef6812,2026-08-26,"Gaming, Esports & Mobile Games",8c58e217bcfd1f86c414333d5180ea9b7354be0a1cb1241110ddaf3a10040598,c4149e75cfda59c77db2a44e1f1f898e97c19cd9fb9171c4d69fcd048ade9287,2026-08-26T08:30:00+05:30,True
LIVE_SHADOW_42552a613d00a9,2026-08-26,Residential Townships & Commercial REITs,c7551612a21df1aa7a2c1ae264efe3592bf3f90cdbd837df7b8e76a391650cfe,d172475012dff6436713dfa8cd0da845e3397482ef5a3dd5c3824e821bf4f6ab,2026-08-26T08:30:00+05:30,True
LIVE_SHADOW_0ce728193ec521,2026-08-26,Renewable Energy & Solar,e3cd88750f0846ab6ef09a6b7e577e23d432516c46597b6846ddb8227c1df834,88702184ba99bd524043ed8f55e847b64d667239e711672e70cf0fa16223790e,2026-08-26T08:30:00+05:30,True
LIVE_SHADOW_0d8c31416a34c1,2026-08-26,Furniture & Mattresses,57159647ae10a2c7080401e0cf41bcdc60c051534fee2ad880cd5d29fe07c77b,d3e72c1051d971389a0074eb218616bd30dc106cb997288087ee3b12a1f96527,2026-08-26T08:30:00+05:30,True
LIVE_SHADOW_55bb55edaf6ad4,2026-08-26,Specialty Ingredients & Flavours,61e83ac1d4d8287a85ff8447841b8b863c17030e3c08f0595abddf6bea2b7e47,53458954ac8406d952c2b21c689b0a46b26c4ce390bb3d9625c25d59dd7507e3,2026-08-26T08:30:00+05:30,True
LIVE_SHADOW_877804bb8a6977,2026-08-26,Heavy Infrastructure & Highways EPC,0aa6e0f4a096a65a95ba3327e34116cdfd28bb7e4085ad7ae9498d1e447b533a,a31c8c02100129c4c678e55e84b1ed51903c9cb35b7679383ea54693e51bcf2f,2026-08-26T08:30:00+05:30,True
LIVE_SHADOW_d23e2b10d3a978,2026-08-26,Beauty & Fashion E-Commerce,2a356e8db2cdf6028017df9d13e30859ebf33fa8465571abc495d43700296c53,3e59c60f6931bc4ed4bce9e2131a792afa3ef015d3b856ab998f703035a6b918,2026-08-26T08:30:00+05:30,True
LIVE_SHADOW_7536a8518e7582,2026-08-26,Refining & Marketing (OMC),87fd83b6cc6d62b720d37b70861248828a8b3dab37cf68c1b4579743e7505e8d,5083ff754661f3438958daef0ecbcdd9e2d55b844c817f657a6022f7f329c81b,2026-08-26T08:30:00+05:30,True
LIVE_SHADOW_871724ac785b5e,2026-08-26,PVC Stabilizers & Additives,f8c09976f901e01a9cbe9eb7a65fb24de6ee06106f47c4abe1953df4c76b77c2,6f79fec41c701c972ba7ceaab864aa6df8cb95b94245e2deb2c820417bb65f3d,2026-08-26T08:30:00+05:30,True
LIVE_SHADOW_649963f46264d2,2026-08-26,Government Securities & Bond Dealing,d6c1744e25f5b95476052a66d5b3b8bb844e841f2922dc30159e52113f0a3b56,95382e77fe1da0a2fb6ed93a18ad6b5ea7e96ac3e4aa05444cec6424fcc18b92,2026-08-26T08:30:00+05:30,True
LIVE_SHADOW_04c057bb0e515f,2026-08-26,Consumer Electronics,ad315d3231a2fdac8f2bc4f20df8fa2116fb2fc435945414f7c06acb6378002a,8603fb92ba1d5eeb88b60bc673c97af9b54d53c57fafaa53e33dd0ea745ec2fe,2026-08-26T08:30:00+05:30,True
LIVE_SHADOW_55f1860f547c8a,2026-08-26,Rigid Plastic Containers & Drums,3c6daddbbc8ca7eb2ea98b584b64d8ed666892491a2f3d089d8d260a14a4075a,47f4d563048d4ca4f68965196367937d14d6a7d2265eef46cd6e258a4d059db8,2026-08-26T08:30:00+05:30,True
LIVE_SHADOW_c0ff0c043ae098,2026-08-26,Recycled Plastics & Circular Polymers,f5e6853670649d5a1c14460ee788f9c7c523f7e7aafcddc582cfe833ff77808c,d1c4b5c7e8cc90f80e853db5209e5a421663dc089889ae5861e123f11f5db73f,2026-08-26T08:30:00+05:30,True
LIVE_SHADOW_994fa67e221a3f,2026-08-26,Travel Tech & Revenue Management SaaS,e2dca80bbeb70c16a368cb67ff8d90cfbc61329515cb3c03520ccf698e4c47f2,c0cb76a9fd0769ba517b5db85868a2a8ddcfa2870d98360acc0625937dc829f6,2026-08-26T08:30:00+05:30,True
LIVE_SHADOW_1daffeb22f499e,2026-08-26,Quick Service Restaurants (QSR),e1e4d6cb4f6784b94d701d0bedb34c311611e7ef23b88eb13c70905fbc2b6bb5,6c7f84e0b946abb5ee862e83c47b31ca16ac906d0e5d461dfefcaf44db4ad110,2026-08-26T08:30:00+05:30,True
LIVE_SHADOW_ff09dec19f30c0,2026-08-26,Integrated Grey Cement,13c8683ed65ffe625dfcb1011f35e1d644257b71f0e6e3b66ff020658f51b123,3db93be0531ffa81993ebd51cb81c7aa1c680a4c4a3b47bc9c6d5283c0f56c87,2026-08-26T08:30:00+05:30,True
LIVE_SHADOW_61a38eb4ff870d,2026-08-26,IT Supply Chain & Technology Distribution,af03dc71125c2c8880601c8c18c851ae28d805af48ba58694013d78da49888f6,2bde2dc3403e93ce3ef6616ebe2d3e111516a47e4dcab6487cc7e33e27fc5c78,2026-08-26T08:30:00+05:30,True
LIVE_SHADOW_c5fa73f99c8653,2026-08-26,Diamond Studded & Solitaires,15c1103612c1061d0200e65a810ea2a1a025a45776182a8aad1c066af48eec77,63867a83128787719decbbb3e39b5ca27002eecbfd71e9056d43d59a746b84a5,2026-08-26T08:30:00+05:30,True
LIVE_SHADOW_21ade8a3490e73,2026-08-26,Luggage & Travel Gear,567aaaab4d6efadf738ac559be163075b0359ec56cefa86578ca7eb2ce8c1906,f975391af453a3ed3623ad32ab8b43ece3ca263d945cd0198fc8d5a5a3b61be0,2026-08-26T08:30:00+05:30,True
LIVE_SHADOW_cafc84d44a8919,2026-08-26,Auto Body & Closure Systems,bdef1010e0fa333217834322c7bcd95e022afc288795466082f8f4f5f1686506,dee21ae0a8f465aadf2bb8d2f8a750f1d375d74160e3f321256b831401a1780d,2026-08-26T08:30:00+05:30,True
LIVE_SHADOW_ca6a8b899c96c6,2026-08-26,Iron Ore Mining,58e4292f8ca8d094f58ba57b4a20b4573d5b499137dc49e2570a7dbec46d84e1,1ad4eabe0b29750f4093a3fa1d6098d45e52dcbdccc9f06798beda2c900e6038,2026-08-26T08:30:00+05:30,True
LIVE_SHADOW_1a88e1fe23b6d8,2026-08-26,Auto Glass & Safety Systems,78befe7d56a1143924904da88a1988434fa4edac39fa603a54c7cc24d7f121d1,98d917000f3e799397b8d705509070102fd0c61b2dd95605cc8ea3ce704ad3c0,2026-08-26T08:30:00+05:30,True
LIVE_SHADOW_faf3d30e92f718,2026-08-26,Last Mile & Quick Commerce Logistics,d8b13128d32b8a77c436bf5563d313cf1ba9cf85568bedda6f8e976eabf47ca1,49f385f06b79c4a62a02315cb40cbd771f71631df57ff7c88b192f747a780e43,2026-08-26T08:30:00+05:30,True
LIVE_SHADOW_31f4afa2dc5203,2026-08-26,Power Transformers & Electrical Equipment,3b7342860af2583ee926f7f876491aac69295d2a5aff10f563d94b8507e7d03a,dfe8b09748e2168b6dd7be2ac6cadc6a14f3bf29d7e978a976c0ace65e7adf69,2026-08-26T08:30:00+05:30,True
LIVE_SHADOW_05ed4d739bacd0,2026-08-26,Industrial Distribution & Logistics,215bb7a925b5cc52f68ed8b2ae569310a0b165b28079f54607f1fc442fa55335,42bf3f6a77ff96bca79bb64e7f6260973ac4de7736a9efdf1c024f827a44a129,2026-08-26T08:30:00+05:30,True
LIVE_SHADOW_899051ece3e254,2026-08-26,Excipients & Pharma Binders,e31cde25c598f08051e846c380d4ed5e01c0e8e4c0f6488f8c0e5c05a04931b6,40b0a4e774c282d422dd53aa151c90cf6e0db62a95a09e19e327573ecaf723cb,2026-08-26T08:30:00+05:30,True
LIVE_SHADOW_a9a56b05771b4f,2026-08-26,Breweries & Beer,a477e5ce521dc716539f4604ab4fc9379f815cfb55a534bca7aff69622b33791,fb16e4837cbe23301b2ef26c151ce81ba87932c9f68ca627b62959c02de0cf49,2026-08-26T08:30:00+05:30,True
LIVE_SHADOW_e9288ca3e7b1fd,2026-08-26,Semiconductor Assembly & Packaging (OSAT),c7e33e21fb660e58b3a8a7bf54b1eb42417135f8b07d145964d0363057e4cdad,35d5285bed2eb5cb49b53b537bdbee80289bbc06e8375156522504ff1a225456,2026-08-26T08:30:00+05:30,True
LIVE_SHADOW_95c2e32020a08e,2026-08-26,Optical Fibre Cables & Telecom Infra,55177d8a721d557cd1a1d892b31f3d19cf331cf2186f806756ccdc30fba5c778,aab36ce39f6d06a02ed23deed7d15d70c1a4df9bc215d5b736faa96d938b9ff0,2026-08-26T08:30:00+05:30,True
LIVE_SHADOW_87a9dc1ea2a2d4,2026-08-26,Auto Braking & Suspension,2bf705bc50cdfe2b3aacd90f180f5d99321aea3a2ffddeeef1dd037543072b4e,c0455cd69403fc1c24b3115f0ed351ac43b5fe5707a925adff5bc812fb4bb3ee,2026-08-26T08:30:00+05:30,True
LIVE_SHADOW_3f689a624a7c43,2026-08-26,Food Delivery & Quick Commerce,d173b4f6f93c430dd5eccb523866e5939f0a4a07af815d0ac6a4986d4176c1ea,0b249928c1e4a53dd053329541f67e55d6b74bfebeb2bb3338ebd9590312b64f,2026-08-26T08:30:00+05:30,True
LIVE_SHADOW_051981580d2805,2026-08-26,Fuel Retailing (OMC),1f778e8443691ca633d58551cf17b4289b6de4ddbe9fad8c0af2e0a389190f98,ee3a7f6afb9aea269a4b2f6f728fd56827bf6dabf4b3bccb8c90a4df6eb471f7,2026-08-26T08:30:00+05:30,True
LIVE_SHADOW_71519d2d7056a5,2026-08-26,B2B Travel Distribution Platform,6495c343f638044194134ce500830a10cf9ca1a40106f6a5fdf1742f7535be55,7b23c2f3f7dcac4dae0e2c5ac7af9ade8655b2ae5d39df6b252166fe58ca5170,2026-08-26T08:30:00+05:30,True
LIVE_SHADOW_c126cd959383da,2026-08-26,Mining Equipment & Mill Liners,6ac5fdb13dcf1c7eac8115fe222b356fad709edb5c78710ad6eab24a23ab9902,55cd4ded616a31819bf852abfe635b03a767172ee61a8e859667465fd86df274,2026-08-26T08:30:00+05:30,True
LIVE_SHADOW_b2bc5e2e306728,2026-08-26,Auto Emission & Exhaust Systems,809e85faa3869c8bd28957e822f4d8f6e1d2639d3fd88262a8505990a74b81b0,72da7343e1403e2ca3fb117b1d369c12f7bc6561e8612133a45c346efd70974b,2026-08-26T08:30:00+05:30,True
LIVE_SHADOW_a513d54eb6d90b,2026-08-26,Industrial Rubber & Specialty Materials,9d1a83ae74a4b77f2a6e95dda0b501ca938fb18d29289b876f2e70bc0d878ab7,567f532161d1726d3a7fb0deb881fc7b4720c0ffa381f38197e83678a2164b47,2026-08-26T08:30:00+05:30,True
LIVE_SHADOW_dcdd1243bceb8f,2026-08-26,Power Transmission Line EPC,7b92adad05046479a90b05629736f4efe3085193e813613aa24c294d0778cc6c,81352bf8d7e0b56013dfba8587355be6d1ae16ea58c75c26bb30d26bac111dd5,2026-08-26T08:30:00+05:30,True
LIVE_SHADOW_45b786dccc7352,2026-08-26,Integrated Supply Chain & 3PL,bea3bd8f09862d4edc8c4e1fe30e09100d7f840f6333cec612c314d6276ea92b,76933498a97d09a7fb20d105f3e69c7c529f069cd3e1e681b07d3442adbb0129,2026-08-26T08:30:00+05:30,True
LIVE_SHADOW_73b285699ceeeb,2026-08-26,Film Theatres & Broadcast Media,af4ddcf7776925432075ea8498770e24e29695ca7487801cc19456b5f8e4c9b2,86616f31c5fcdce2420e834f88e8e52bde28e6c8d37e85ffc3164860d0aed13e,2026-08-26T08:30:00+05:30,True
LIVE_SHADOW_37e7059653eeaf,2026-08-26,Professional & Vocational Training,78b0c8727030b1a7f33565d4d962abc8e9d2b358df43eee970efaa329faa51cf,18aa04b0b0d1373b36f89a4f4d482b21c067e9dd16db688127991223c2a51455,2026-08-26T08:30:00+05:30,True
LIVE_SHADOW_e13fb69dc8f251,2026-08-26,Contract Research & Biologicals,78f44001e87704bb3bd2bf90e127c97d2c7769dc8820a3fcee6a0b78fbcaa201,d11b8c113e08886cca4a47f53b25dbaf32f351abb6e10c198d7cba5b5a7ac056,2026-08-26T08:30:00+05:30,True
LIVE_SHADOW_b961bf4e11f43f,2026-08-26,Fighter Aircraft & Aerospace Systems,fe9442bf77003fafec0e712ab08ae6356bd204636ca86037bcac9ea4ef43c92f,8904611f17a55baea14fef1b2a5a2f3e160a87f50fc14381c3d6ec2765bcf453,2026-08-26T08:30:00+05:30,True
LIVE_SHADOW_79eb861accb9fb,2026-08-26,Seafood & Aquafeed,e02f63a1bd466831e146ecba1786ffc365d340b31b2a1c96d2866c4537ea7603,fb162d0d43924ec438df99867485c3f2202b3e90923d51ebe52a5412d25dac3a,2026-08-26T08:30:00+05:30,True
LIVE_SHADOW_272ac47202c726,2026-08-26,Specialty Stainless & Alloy Steel,ed406474d2b745de86179aada4d85defd60a39eb0903047284880797757bdbda,4c163c27ac0146201942db7bb944bfabc7f17aad160a2d32aa100dfa3c0dc73a,2026-08-26T08:30:00+05:30,True
LIVE_SHADOW_a8171d041f6807,2026-08-27,Industrial Minerals,8c1c254e1b12f4946c67749d914979f27941d6b13b77f3e68936aecea991a1cf,df30453e34a17a073b6e38d7360ae2376fed55c86c7994252cb2c25a25e9dcbf,2026-08-27T08:30:00+05:30,True
LIVE_SHADOW_dd291eb3367701,2026-08-27,Stockbroking & Wealth Management,b70a32ddcf4f946defd389899c6a63f101f1e536e48bc4dbc1e8a8df131c76d9,a1e04659b50088ac8a1e9179cb3b13ae5f65a549247073cc06cc43ce74e0a2aa,2026-08-27T08:30:00+05:30,True
LIVE_SHADOW_11e8ef76d87ea0,2026-08-27,Diagnostic & Pathology Labs,254276112a273ca298ed10a0fef8926740312b72337ca38a7c96b5bff1e4f23e,8df1ba74eebb64712aaf844e28c6098343013c1dbaedc161f4e36c4260cb8b8b,2026-08-27T08:30:00+05:30,True
LIVE_SHADOW_0e3475fbd4f69e,2026-08-27,Mid-Tier IT & Digital Solutions,2d81cd817bf074f5f893c1ff87d79d9f233b9eb20940320439767f8e0b60e570,6dfd09397ca69308842d3c720b6d651ac5d9d5f045a0160c911c4ac7bf50b2e5,2026-08-27T08:30:00+05:30,True
LIVE_SHADOW_1d5c4045217a4d,2026-08-27,Industrial Abrasives & Ceramics,012e9ef9eac695876133223a7444c30847ef56660827e79a54d2ccb406ec5fbf,38d9703f787d48178a615dda8136b0f1fb534681e118c40ae0fb69d4e45f2d7b,2026-08-27T08:30:00+05:30,True
LIVE_SHADOW_280ce8c1b9ecc5,2026-08-27,Diversified Consumer & MSME NBFC,203e6a7a290b77dc6613bec3c41eeec9cef1ecb639e9dc39f4fde80227951a4e,3b9cdc5ff2bfda3a159d215a64cc656463ec55c5af9b3eee668146c10d287deb,2026-08-27T08:30:00+05:30,True
LIVE_SHADOW_87ac31ef1b7224,2026-08-27,Precision Auto Engine Components,61a3228ec4f19b456fe91895070bb0e1f789f896dc6c7ce4251cc4961e014b1c,d8434fc57ab782ee81f750b2cfde59cf1865733ed173d3a979ef02ad6079b232,2026-08-27T08:30:00+05:30,True
LIVE_SHADOW_dc807a63de559e,2026-08-27,Housing Finance (HFC),25f4d33b6c0fa0a1dd5257acd03ab6b8d8f36960bf47b6cf31768ce2bc326f38,bd052391c5d6dfcdd41fd1492820f4534e486bff5a7981b4cbb8b096c59167e3,2026-08-27T08:30:00+05:30,True
LIVE_SHADOW_7e52d811ea9414,2026-08-27,Precision Metal Fabrication,0f66e21a5b930d205fe83266da8e9f6d8aee2e3e142cec7ad115b5e4d3b8d847,f5a8ea7f80db9cd3b2250a22c7d9fe121e4c2daaa88ca21b4917be9d4e580778,2026-08-27T08:30:00+05:30,True
LIVE_SHADOW_ae2d9fb1715f10,2026-08-27,Oil & Gas Exploration (E&P),f765e10d2cde8ec7d2f7d15d7d05e37882e0f26cc13c929ca52c2779ede63f28,82d8316725df7e47ad1db1fd5a93069948cde9c895b15579a43397024e72ef12,2026-08-27T08:30:00+05:30,True
LIVE_SHADOW_bad60eab14e008,2026-08-27,Steel Pipes & Tubes,e5a472459ea4c763debb053dc060e70a64615906e63c5104546ebf4fe6ed4bb9,6e281fd5fdcbdabf6c88eccfd54b062fe39e7cbda7c0586b233c2a02819c1b3e,2026-08-27T08:30:00+05:30,True
LIVE_SHADOW_38ae3e261c6d8a,2026-08-27,Finished Formulations,b3ae7df9fef603989724966b1adf09986f310e02ab1c7a707cfcd89cef25bbed,94f25f173f5b7f46398713ce859d6cb17d5136ff8e5a13c831ed72c06ee14bc5,2026-08-27T08:30:00+05:30,True
LIVE_SHADOW_def673ee60f7e3,2026-08-27,Garments & Apparel Exports,a43090214a224d5595b6d927a3306c8477e56521d07aae11ed03497028fa5b50,28e22f775184733b3a45e68fce3f4fef19e9acf09fe42a9753ff36535c6bb821,2026-08-27T08:30:00+05:30,True
LIVE_SHADOW_825f8788727535,2026-08-27,Pumps & Compressors,02e1d9975236d1f2262100bf127b475cae6b18ac9cee7b707f4970aa157719ec,74cd2e656276235c870c6b2cda6628db694806587d6969cc92fd84b07fb9af6b,2026-08-27T08:30:00+05:30,True
LIVE_SHADOW_86777918184783,2026-08-27,Specialty Chemicals,ecdc36c8f46e406c4fe790eec0a718b37b7088c9875084bef2158d87e73b46eb,341f8b8a6f44aabc3d0162c6fad46e57130fb98764637562b04ab5af3cfd5591,2026-08-27T08:30:00+05:30,True
LIVE_SHADOW_8eba0593e39e76,2026-08-27,Personal Care & Soaps,5d2a2fad71f56f9af30b3bde7d425ce5ff0717f13f45fdf7cb094e1222022ef6,e8859e4b2ab49d536828b5fa1a7043f51ffe0f389ab460015de5b96e48aaa1ea,2026-08-27T08:30:00+05:30,True
LIVE_SHADOW_13ed4e4ca1d447,2026-08-27,Staffing & Security Services,037e05f8465c48c68590da521f8c820166029b1e63864ed4e1fbd43f93217f28,d3054df2e9f205191a3863173bbe88a7d38aa4cd566e64bf44ccd48dbabc7fdd,2026-08-27T08:30:00+05:30,True
LIVE_SHADOW_68461a0828558d,2026-08-27,Cotton Spinning & Yarns,dcdd4c0d390316c2436850e5b7f527a3e80d7c030fde7cf0f190bfb305f32823,e53e39e67cf3fe8a2dbc14e4eb6748fdc4c1f962136d22c04713574d1103d68b,2026-08-27T08:30:00+05:30,True
LIVE_SHADOW_b5a905dc505ecd,2026-08-27,Hospitals & Healthcare Chains,56921be3b35545163a2e926981ceae25e4250384943610ac15dc905511e9c4ba,f2410bb44134517c9e042c0f8d68cb8da3ffb8f016682ed55d55f5a89ec3d82b,2026-08-27T08:30:00+05:30,True
LIVE_SHADOW_981c6efc0fb1d0,2026-08-27,Refining & Petrochemicals,52f3fb2a21787863fe319ee2ccd7e40d349ee3e04f1933198f0301e8ce23d59b,e5782c791436a99bccd059a3c1dc178a6c6b803711d35d53fce65da6d61cabb4,2026-08-27T08:30:00+05:30,True
LIVE_SHADOW_9d8046f19df025,2026-08-27,Heavy Switchgear & Automation,3981dc761e0f3241a4b0ee1201b72a9cfdf81acf6a81ac643a9fc6d6e211aa4b,6fe700ff20bcaf3d8d758a030e2f402046a8bf0f27145b94651f8127c6dbf937,2026-08-27T08:30:00+05:30,True
LIVE_SHADOW_a0f0e7c7266bd1,2026-08-27,Missiles & Military Explosives,ea6407690da054cc178d250318c82689faf0a7d70c2fbe87a115a209b085df7b,a9a9ae7604ef60df8ccae9dfe3556e21f70283be454e9c0c4e2422d280fd2be2,2026-08-27T08:30:00+05:30,True
LIVE_SHADOW_139b13d99d7460,2026-08-27,Conventional Thermal & Fossil Power,d44fe68115c705f29838b41b0760a55a9b26eb00022fbf4e321309cf42caec8b,f65051af722b4c25561ee0b4d20a786d799230857be80d0ca8c338c6e52c9d6f,2026-08-27T08:30:00+05:30,True
LIVE_SHADOW_a4f02849dcbf28,2026-08-27,Roads & Highways EPC,4fb24e33a23da00e4ac12c5848fb6b8e3f4b78c6f0be50bdfa884359876b4914,f1642bd4ebec7b7cf331182b022a459b14ddb3a2102c2c1d1527e7ed2ea486b3,2026-08-27T08:30:00+05:30,True
LIVE_SHADOW_0da1737203fbec,2026-08-27,Specialty Retail Boutiques,dc172aef6d2082659bdf6f01ed2a73883f97ca83a34a136a74329485bf5260d6,a336e2d09e54bdd3d3b934e74e657bdcf5e921cc624d2b65c951705af0522777,2026-08-27T08:30:00+05:30,True
LIVE_SHADOW_60145ed23c78c0,2026-08-27,Civil & Commercial Construction,fa5da76ae279082b93ba5a07fb3406adb63e4036d53f292a55d1e94f5591f0e8,eef2636d8b38cf2cf0ea2d414a7f0729a6a6fd34b92863d19deb5d2eda8b3629,2026-08-27T08:30:00+05:30,True
LIVE_SHADOW_54000b986a190e,2026-08-27,Enterprise Software & SaaS,b6b129350a8632016ed51851192f93f0cbf7fa5cf3811116b839f5fdf3f1701f,5dc9bacab0d2e2d76897468593e6923ec7ccbf58560ef2bdabc216815da482ca,2026-08-27T08:30:00+05:30,True
LIVE_SHADOW_80d0fea74993a9,2026-08-27,Residential Real Estate,04e483d9f2cadd152d9c66433319c6b37b00764fec274bddb0c91cb6e36939f8,ec01671bcae5300395865fe06d28c747de13fcd7827502cb16934b2cf79b5b1b,2026-08-27T08:30:00+05:30,True
LIVE_SHADOW_336b7c799fb61f,2026-08-27,Mutual Fund Asset Managers (AMC),25a168b4069c7478037bdb71339e67ef9fe32945477da78b4146f98d073bb017,cb87cfe6b8aadcde4e3ed13f384e4915d69eb5d890cbb7ef83b74b69c027ab3c,2026-08-27T08:30:00+05:30,True
LIVE_SHADOW_38477fcefbc9af,2026-08-27,Marine Offshore Vessels & Tugs,5f86fa2b16fd8667ca6595252d5e2c0bb3607e72ea75e98e5dcf3697d6217b1f,c8618b95dd3df7ad4212fa423db20b44ace9557e6729d31f256572bd1b9b964f,2026-08-27T08:30:00+05:30,True
LIVE_SHADOW_89587e9c8ee01c,2026-08-27,Integrated Grey Cement,79a5aeba99950af40edbdc30c6e55647b847ed46953ebba488862220faf58f35,078f17c9f434437c7cd0d876bbbade8be54c36940a31eb85df83ddd609cbcb3a,2026-08-27T08:30:00+05:30,True
LIVE_SHADOW_059cdd00382390,2026-08-27,Heavy Process Equipment & Machinery,911e9f6b94e143dcaac2651786904a15790dd2e5d9234b4e7e3042ec7326e811,80582deb92faf58616e6b5670ffd2cbf3e1d013ecd7788380870a9870de851b7,2026-08-27T08:30:00+05:30,True
LIVE_SHADOW_2007313ddf9106,2026-08-27,Auto Castings & Heavy Forgings,1a9cc3a518fe6ce70bc5622020d6616b27df5021c5a417b435a0727235285d32,85e62d77a52f2f65037685d582efe0bc0fa34c88f2447f07f0b51a9eff768c2c,2026-08-27T08:30:00+05:30,True
LIVE_SHADOW_5895d95f94861c,2026-08-27,Industrial & Basic Chemicals,9847632d20eb18aed64187b8d3be03a7bb65ab205788648330c5286c0f788564,4ab0364d5e5f0abf378a09791a4f8c66b8f73a4e465891c118e3eda6a411595b,2026-08-27T08:30:00+05:30,True
LIVE_SHADOW_c6fe9849abae7d,2026-08-27,Regional Cement & RMC,ffc56d7cc7a0b3164a86319258855c8245d0f050245eed5cdc26f688350bb63a,530a9d3182b6aea33169452afb9b9b26e9050e483da3ccadf053e16bf52c38a7,2026-08-27T08:30:00+05:30,True
LIVE_SHADOW_1e7becd9ac6603,2026-08-27,Solar PV & Green Hydrogen,64f6563ebc9e1f2ba68052d94af44a103075eb609543cb2afa59709deb7834a6,1287270df3319957f6a5eef6b9622304d956cb6c4ec120db4d09f45928d55167,2026-08-27T08:30:00+05:30,True
LIVE_SHADOW_1f451351422439,2026-08-27,Commodity & Wholesale Trading,bf3717fc23d29be687ceebb8557098027cf7ba6a458ba4096f26452266f5b06b,9f867167bec9387f379e5b8d18d22614e5c8dbf6b84cce70be8f41b4eb301f1f,2026-08-27T08:30:00+05:30,True
LIVE_SHADOW_069770c38bd477,2026-08-27,Green Energy Generation (IPP),b38cd52cdd96f1f6c6be597f78d31e8c55253699039a0471eaf60fe7bc4ddc45,5e1da2587962ccc0736beb229dc4eef9b54c6609f3507fcee3d501f5060c544c,2026-08-27T08:30:00+05:30,True
LIVE_SHADOW_2d6ef332bc2ff9,2026-08-27,Commercial Ports & Terminals,8303d5b210b57073417e4e5521773cd29ba129cdc9d005d4c734d3def70a2e28,ed9c0ad29c5abda7052b39cdd36bee3aa05f771d84549c9476e020d89a452f42,2026-08-27T08:30:00+05:30,True
LIVE_SHADOW_12742418c10b4c,2026-08-27,Print Media & Publishing,0dee8db3dba768a43242acab0287e05853b6c9a83761c34c94e10f4d6959bb3d,327f5f06c4c927aed8c59cdd2dc99e12b29dab30a0692cf9a3a505e9084a7b25,2026-08-27T08:30:00+05:30,True
LIVE_SHADOW_37db1080797611,2026-08-27,Building Materials,26287bf037abfc1c24e813040f457e1c492c0a46258b26329a0c39e9ee577670,728eaa880ea935540d695922dc09724f5675eac022bfaa653ba5a57c33d03ba9,2026-08-27T08:30:00+05:30,True
LIVE_SHADOW_7c13e2418ad6b4,2026-08-27,Packaged Foods & Snacks,b33bd46b2c15387db8c46fb0de60d64f47dc582e1a8c5e0ab8eefbba239e2a59,be3ee266d0761af9da10fb0eaa153e312a93414ff78e420bd613df52491d533d,2026-08-27T08:30:00+05:30,True
LIVE_SHADOW_06543f07097c8a,2026-08-27,Plywood & Laminates,058bf31c90be1db396c10502fb4f5915bd60e04084af9118679fc72992783cc4,97aaeacca1adabeea6437efd07f57e6de74f4116036e5165aac281f3df558a85,2026-08-27T08:30:00+05:30,True
LIVE_SHADOW_526a9881a75f8a,2026-08-27,Crop Protection Formulations,ebae238d54dc81b45227ad5cb56619559c43ea97ebfce534bb8b2cc92c0dfd49,44dd88a07bd25c81cb7e99a1d9554d1b1240a028d79b9d962ad4537dfa04eded,2026-08-27T08:30:00+05:30,True
LIVE_SHADOW_1122baa528b054,2026-08-27,Luxury Hotels & Resorts,4321207795bc5eaa5c62bb882b87519281966f578aaaac4663c581521755fdec,b19a27b59dc456c28c621f45c25278e171090f49c5961f8cbd092189e9021849,2026-08-27T08:30:00+05:30,True
LIVE_SHADOW_6d508983b30a58,2026-08-27,Specialty Enzymes & Biologicals,06dad928263a1c376444af31f8111cec545a2b7af35013f4a17c3911e6d4b692,bfb95d114959f61a0a2892fd48a8968aee1700fe95a5be0b120e783e01bc649a,2026-08-27T08:30:00+05:30,True
LIVE_SHADOW_307572d2f0a28f,2026-08-27,3PL Logistics & Fleet Haulage,4d8d02929864917a340490e1d767cada39894685a7824402ea79a3c367be9836,642a5adbab457b3d8655834ad2049d7f877ba966156c434aa8caa7956657127a,2026-08-27T08:30:00+05:30,True
LIVE_SHADOW_8204e06cdbff73,2026-08-27,Oil & LPG Tank Terminals,7a03a057a2117f048f0abb2646e0e154afe856467d0598dac73d12229e707355,962122109931cbeeb3e1beadfcee8eb3b9c77ce054f4fd4482ab77f1d17f3edd,2026-08-27T08:30:00+05:30,True
LIVE_SHADOW_fa7352ab4159f7,2026-08-27,Fast Moving Electrical Goods (FMEG),8c4c2d8f6d2341ec979f81669edd0f5d85a72fd999c26c325e3291a2b5c84f08,2022423a951bc3c2ed5878fe8ceedf73c78a64aacf8af96d8c58a6c10c791be3,2026-08-27T08:30:00+05:30,True
LIVE_SHADOW_00c950a62082ed,2026-08-27,Aerospace Parts & Precision Engineering,6219f11029bc16a30d82cbace0f4dce9c53f70b57f07ceadab81ab9027dd36dc,c7b85a3042de006864a25a7386102a783ee8714c72b5b45219c517124bf804dd,2026-08-27T08:30:00+05:30,True
LIVE_SHADOW_1f56da34f9393f,2026-08-27,Aerospace & Fighter Aircraft,32af76324432b63e82d53a27135faefc40944eb29172702282b07000a9a2712b,0c2ceaf4e33602dffecb1c8420061e2cac75ca0c7dffb7bef93ae9e93ce5eb44,2026-08-27T08:30:00+05:30,True
LIVE_SHADOW_6ff27686472527,2026-08-27,Basmati Rice & Exports,849cd68d1f6994dc80b929bdb2e48af1ae6ce2aa47a0cfca72553b74eae41d17,1199e01079577036671906f2592fa3229addeb2e9a159bde325aafbeba2fe217,2026-08-27T08:30:00+05:30,True
LIVE_SHADOW_4865c4937ad0ba,2026-08-27,Architectural Glass & Windows,ea9498dbec5f74aa34d301561316ca2144eae8f00a1fc4d3e76f1fe60caf57c3,e2b5c018f11e84d471fc80c41ad70efcdf819abcece146dc4c9165066bb4e51f,2026-08-27T08:30:00+05:30,True
LIVE_SHADOW_99aa43d535c69f,2026-08-27,AdTech & Marketing Analytics,2fc0650f3e952b32c17c5ed99d418ab8c7f16877a4785982eff18377fb77ce3f,67642649ab43c10fa1750c448638c0b7c6e982a676be3b01bd0d74c62e9e4014,2026-08-27T08:30:00+05:30,True
LIVE_SHADOW_9f7e20e1f49411,2026-08-27,Corporate & Wholesale Finance,01570f48b153bfd1a3248575d1d480dc72732a0ae09f0798e3c87f51c85203aa,9c7e72c0d77c56d8cb057c25925d79ef078200b449464a7a877c7fa3e3898621,2026-08-27T08:30:00+05:30,True
LIVE_SHADOW_36d12dac2bac20,2026-08-27,Lubricants & Specialty Oils,b9f667f676bbde9c593e4f64ed6117722251992453607571bcc79b12eb97c4a7,b93989c1de1cb30526aac5263838ec73c348c81a0ffa0c39110b03075f73a543,2026-08-27T08:30:00+05:30,True
LIVE_SHADOW_abd7ae4087fbca,2026-08-27,Moulded Plastics & Packaging,cd38f945643a9a29510e4385d78a3608b2a2fa66598ade61c42ef4ded47a3d7c,187ef0d5d70beea233a91d3938c75cb93d7b59d2e939bacdceda79619112459a,2026-08-27T08:30:00+05:30,True
LIVE_SHADOW_a74560a54c887b,2026-08-27,Crop Protection Agrochemicals,1f0b19d2c7c64442139bb683ea00c4946b7a5d0b978fc2c13f449ba81c2d8f9e,569dc69de9976ff07c1ea0950b8ad8e1d98c0d3e11dd8a0d6bb88037642cfd4e,2026-08-27T08:30:00+05:30,True
LIVE_SHADOW_73a347b5b6b8f1,2026-08-27,Fertilizers & Soil Nutrients,91fdd57dcd00915d2438b0f47b152f88a002dfde07ca6d08cd85d786790e4d3e,2257163875f15397f75fbe0c4b06157339ce1e27d921b6af0488861d07e52d2a,2026-08-27T08:30:00+05:30,True
LIVE_SHADOW_1aa766a1dde43d,2026-08-27,Printed Circuit Boards (PCBA) & Components,c497227b36d68c04a168fb333b48db584830bc09d7042d7d7214d4632d92e3a0,6af386e136ed08d7854e38a55bd958ddce9e5f993c843cd50d6bb416246daaa7,2026-08-27T08:30:00+05:30,True
LIVE_SHADOW_de2545f890a637,2026-08-27,Business Process Management (BPM),e6f03c56c57f8d729584afe3670236894a89f87cdd7a938dbca25344195e07a0,1f049ba935642d510475178131d9c51c6c11eb66ed1b71df251b1416affab807,2026-08-27T08:30:00+05:30,True
LIVE_SHADOW_4fede8d54ed029,2026-08-27,Biopharma & Biosimilars,f2f2c624f64015d50f9b7c6b813212d27367faf44843a21058c61466fc9a2d7c,d3d52e56db29044feb0689d37e453522d822378318af271d54f21fc10b2dbce8,2026-08-27T08:30:00+05:30,True
LIVE_SHADOW_8faf5ed42ad618,2026-08-27,Power & Distribution Transformers,172aeaafb5267fcde60e98074015b6aca244fff1cace3b94923e830d9624a7de,2140da986433b4e56595ee46267c0e877e8f0c836c7608f5b2adf357d3745e34,2026-08-27T08:30:00+05:30,True
LIVE_SHADOW_4ad9be164cdd5c,2026-08-27,API & Bulk Drugs,53a1c7b64a8c4509bfea7261706636e23b8288c892e347d28e61a9063ef9d24d,fa410e5fb1bb6e9346a207c9a1412fabc235307e236443ea7aba5c5653ed5ab1,2026-08-27T08:30:00+05:30,True
LIVE_SHADOW_fec102079a71aa,2026-08-27,Seafood & Marine Exports,e0491fd0d801a9fc8fe7ec97fed9c7c8157913bb4915978d4d1ba36f428245ff,28a57a51c9170688412a109b405f55fdbba198930ceb4e2c150288599297e3d0,2026-08-27T08:30:00+05:30,True
LIVE_SHADOW_6510ab0191a381,2026-08-27,Footwear Retail Chains,6002802e75c2ca1a57f51a475e5e0cbb38be51826b041a3a3b28a4695e62b6b7,d9e2737dcf6dc6bbd8b45d8f78dddec61a764ad425baf66441b6dbe2a5fa4bb2,2026-08-27T08:30:00+05:30,True
LIVE_SHADOW_91506afce55693,2026-08-27,Pigments & Dyes,459cda257415d5643a81e2f4377e9897e38a123724b93fa149cc376258f4b819,fbf4bc5036ed02db2dccc8cf091ee629c19b64723a78906fc83ba6576447bd27,2026-08-27T08:30:00+05:30,True
LIVE_SHADOW_db2575ec1b0343,2026-08-27,Optical Fiber & Telecom Gear,176a0b0cb99bb63b0265c6940aaf39a1e1b3f75466811447fc1e22310a0a0e0b,83b5f27a8b013aca2efa16710a689130e91075430e824f601d80262bcb2ceabd,2026-08-27T08:30:00+05:30,True
LIVE_SHADOW_12f06056e20a90,2026-08-27,Registrar & Transfer Agents (RTA),7d224a03bd6e9c3d1c3efe364f6ccc6c8242e2c38e93d8d3227c75d40b632d1c,7073844ef891d0c5544856af32d10e0bf7b02e077ccf60a5c83add2e7f590e34,2026-08-27T08:30:00+05:30,True
LIVE_SHADOW_c86832fa744fcc,2026-08-27,IMFL Spirits & Distilleries,f6ff291f3c5c5bf90ea2465fa4b78aceb749371726199fb1b26277331dee35f7,08524052df27156e36493b557b20ef75eac2a8a1e3392e37b510b122197fc5ff,2026-08-27T08:30:00+05:30,True
LIVE_SHADOW_e332d0edb38242,2026-08-27,Engineered Polymers & Compounding,b242cbcbb39bbf9cc929256ddbdd9d885db118fbb6b24a5e8a9f3f865204cad5,8c770af89387e4d2752be3e6f928e23780f8ce03a44706df075f120cb9e380f0,2026-08-27T08:30:00+05:30,True
LIVE_SHADOW_9963b53a83033f,2026-08-27,Oilfield Services & Drilling,32284cebf1664df3e136c9aa14e1063b0f8d25a2a0f6e01fc1002eaf5ba01f09,d56fc07e73a734b432a673289aa2832e6b4d74e2e4b3c39224cce635b6987176,2026-08-27T08:30:00+05:30,True
LIVE_SHADOW_d4ffaa150b48f2,2026-08-27,Fluorochemicals,3471aef90e0350e6c5ef2ed1523723b62030bc48412ff656427f08225d4594e5,30f3ba6f3e7d82695ca6cae6b9b6b57f6fd7046a7e4887826317e0d4028c2a27,2026-08-27T08:30:00+05:30,True
LIVE_SHADOW_6db205d2503860,2026-08-27,Domestic & Consumer Appliances EMS,42017768d0b71614a67690f5a15e55b20b3121177c714bf360262da39a9ba3ec,885bc43c8462a8d20eb6ae40a19d7300e3573a063324b7d3c981990d9e4de537,2026-08-27T08:30:00+05:30,True
LIVE_SHADOW_cb66f29b274e56,2026-08-27,Ayurvedic & Herbal Care,5c12aee6df1d1be74645731c4b0a02a1ac83599d772a78c1eb8c27fd28f709f5,0589765b7c510d90304101960c0d9d66b50a4b82b74ac4333e3277fbbbb98244,2026-08-27T08:30:00+05:30,True
LIVE_SHADOW_e6571a7840b2e8,2026-08-27,Residential Townships & Commercial REITs,bfea575f4ac3bf88e2b9818540f2453f22725c300c14345bef5b04986c908b35,cffad169490d720dee2a019c958e86351a0d15af7b752971afe0b2f5f915e920,2026-08-27T08:30:00+05:30,True
LIVE_SHADOW_d26c069f2d3a39,2026-08-27,Paperboard & Packaging Cartons,1559eb8267be1044db9a230435ae29fb74adf5d83c90c6dc33dea6081ba66fd1,799d91a23f94f78cca3ca7dfeb2db17ec79c8d8cd719e2e93aa200633593998f,2026-08-27T08:30:00+05:30,True
LIVE_SHADOW_6f3894afdbe39f,2026-08-27,Sugar Refining & Bio-Ethanol,5d5a4982175eeafc5be29f9287b204552f4fce5a07825a092f24a9a2743311bd,9fddcc9a1b9b75ff246288fdc38aa2b7d2edcd4abe3fe64c70d2f2615b79d7f1,2026-08-27T08:30:00+05:30,True
LIVE_SHADOW_4ec79a1cae73cc,2026-08-27,Tea Plantations & Packaging,45915f7a6afd0e7dca0606383825421071821f14929ffdaefdfa4190193fa5b1,d1d88990cf6f27880404122b7463e4376755324805b4434212ffe3cb669f41ca,2026-08-27T08:30:00+05:30,True
LIVE_SHADOW_78126cdf3e84a3,2026-08-27,Dairy Products,db0c40cbe208805b45140509555c254fd3c2abac8ddd13cd1cd0a86488f4de6d,c21008afabd25fc8165f481c06d30da45939c12939ad4e1d0d43617e4a291350,2026-08-27T08:30:00+05:30,True
LIVE_SHADOW_6264cb08ebb4c2,2026-08-27,Secondary Steel & TMT Rebars,321b39ae25ee602a052b97687c6a32bb957b500063a2690bc380f63a27ca10be,28a6e7d176b1bc27ba0b5cc8783871e62e9c08f2b8ae496880ccb479b3cfbede,2026-08-27T08:30:00+05:30,True
LIVE_SHADOW_536f8349a134a9,2026-08-27,Coal Mining,adad134f2431ab5c7c59fa3778d0fb69b29068107f08ff0c402d07635b2be268,85500e89327028f9b31ef9793869a99d4a89979d7e3d98446b7ae35a6e928d0e,2026-08-27T08:30:00+05:30,True
LIVE_SHADOW_58c01ccd004d8a,2026-08-27,Medical Clinics & Equipment,b0c284b1be100cb48fbb86344130c80bc1763fdce66a8eba38b12cc917277821,d4e142f9e51716ec2d96ea66541acdc57cf174618e900ff2f09a94db424af07e,2026-08-27T08:30:00+05:30,True
LIVE_SHADOW_1ab05f1db23e40,2026-08-27,Wires & Cables,f726d27df01241c04ecac3e2cea8d351403c60088788108e273c23661541baf5,0ed64989825d58786c5e756ddec758a8a8833a4b302af9fffe99a03010416e6a,2026-08-27T08:30:00+05:30,True
LIVE_SHADOW_6482e4eb3f534f,2026-08-27,Industrial Rubber Products,b2d6cfdceeea46ba5502af486e3d14ca518e971190192c0bd12017130e584b9d,71715d7edb986ef6f20d3268e758fc1fc055ec9d959591f4e1fa1edd54157f7b,2026-08-27T08:30:00+05:30,True
LIVE_SHADOW_7e5b681632083b,2026-08-27,"Industrial Effluent, Desalination & ZLD",ff7f981f2b9648abac619c5b07f470129d4dccb9da57fad300bc363f21afbf11,f116d7aecc470132631a1b498ba99be023895449335ed6be00a79e3747e4bc74,2026-08-27T08:30:00+05:30,True
LIVE_SHADOW_0ab6b1608ca826,2026-08-27,Defence Electronics & Avionics,bbe59b3a851a7da635af33bf752dcb95df336d4d0168778853c3803df666dfcf,79d7f259f18bd8372e048bbdbc6af5318804972cfbd4e42381ab1aee962a1577,2026-08-27T08:30:00+05:30,True
LIVE_SHADOW_14305dfbfcdbf9,2026-08-27,Tertiary Hospitals & Clinics,273e4b3ceaa82bf2cbd403399af3f1597872e08484940c0bb62a8b555886ca7c,16467a7c4dbddc36392574b835ee994e8d8080583a59bd6dabb72ab4e57ebd44,2026-08-27T08:30:00+05:30,True
LIVE_SHADOW_ed1d9a86d43b9d,2026-08-27,Automotive Radial Tyres,fdae2d09eaaa27d99359242178cc610fba3da7ebf067ac710fba93d71b886eb4,e11e1917d9635462a2de23f8d67fdc1ae5c25d41f807d9acac41c34148dcad33,2026-08-27T08:30:00+05:30,True
LIVE_SHADOW_00a3f0c541dff6,2026-08-27,Material Handling & Cranes,d2533b9812835c240d10d3412ab5cd04ea0d46ed391b280f99afcee4d98b4951,8c3262e7bd659ca1f1738d996f04c3e5a1eee971fb6460734b786df57208f600,2026-08-27T08:30:00+05:30,True
LIVE_SHADOW_405294440a338e,2026-08-27,Primary Aluminium,6081d9b4c5c2f970ab67aab87e216bdcd34c18e84c0fcdf29dfd96c1959343f7,7e776d0cc5d0bf6f9ab2932aa0ef9d116ed3e8a190cd7c16ab60cf859d8809c9,2026-08-27T08:30:00+05:30,True
LIVE_SHADOW_667b23da115a0c,2026-08-27,Flexible Packaging Films,cea819005822046b71bed0df9499c1e938b02031a2ff35142bd87b7066122e1c,357906d1f4277175fffca55c41e9f0e0b70f22c1aa3e112e6d4a2fc62f301010,2026-08-27T08:30:00+05:30,True
LIVE_SHADOW_ce52d79b2e5654,2026-08-27,Education Academies & Publishing,4f7431a834c4e7cbcdb1307e08b5ec8c2dbba7b1ca72f176da7298e13632404c,991663a941eef004f381298cb0419e3136c45b572a6c618eedfc61b65ffcaa79,2026-08-27T08:30:00+05:30,True
LIVE_SHADOW_d4f679390b5730,2026-08-27,Microfinance (MFI),b541c6c4b0a34a98192cce359b82b64d4d54e36761a312bad1e364b79fabf2fc,12e1fd2c03d064a7d7b79cbd74745c9117b21fb071f812e4e0b75cb05dd20c39,2026-08-27T08:30:00+05:30,True
LIVE_SHADOW_0225414375c98e,2026-08-27,Precision Defence Machining,0026c181a717df36301cf38489d3e5d962cdc8e211064a0f1057fdde13ef5743,022e922e53ba5acb87057d677f19e19ced094ccde66a6336afa0cf649c9a0421,2026-08-27T08:30:00+05:30,True
LIVE_SHADOW_eff1f4544733f7,2026-08-27,Container Rail & Dry Ports,08a399a30283a439d9bf9c29e7af15d57d1741db948d7b5d5f52eef1d6346419,0fac843f96bbd348d77464d3688670863d65214376171f7755debe8100ac7dad,2026-08-27T08:30:00+05:30,True
LIVE_SHADOW_13833ee95c4664,2026-08-27,Grocery & Departmental Stores,6419310dea1cdc8b99ff7cdd1fd3821cebbee2ffa349c0de71fc38c69c5f8068,0916e022535c26fd5964b6cbee9e9af2a5a2ff2ae9328a065c1242bf3a6b785e,2026-08-27T08:30:00+05:30,True
LIVE_SHADOW_a601a22a9eccc4,2026-08-27,Commercial Vehicles (Trucks & Buses),f15e8906b39c21428e10bac6003474b7889181b52c8f8e2bfc1f58c7a8c8f513,d4afbf5456954f7c0cd63c6d30dfd97860d6a10e95076e089fa02632bad6933b,2026-08-27T08:30:00+05:30,True
LIVE_SHADOW_aad05a75212958,2026-08-27,Decorative Paints,bb47ea312cdca7f61b29e9b25a077f3c8cbc9163c2a5bc28904e78ec87c23aa6,156298aab2646b74207c6100ab887c2a87f04cc017d3aa84ba2e27cb67d2dffb,2026-08-27T08:30:00+05:30,True
LIVE_SHADOW_ca5f489c44c381,2026-08-27,Ceramic Tiles & Sanitaryware,4c537160554bc5ac65af5e626e4b783702c917028121706b17c89f7cf9a3bafb,d0d569f99e00cb4833fc4d710992641697df6e933c3489faea8458577e1603ee,2026-08-27T08:30:00+05:30,True
LIVE_SHADOW_32822d4a621308,2026-08-27,Diamond & Studded Jewellery,17741d7b1cc4fab3ff11a92511a60fe3b496af0c436fc055ded0de75275b9e17,78f42c041a1d28cd3300e5f9bb6f8e13a93303719c06a302f628cec3b6bed5bf,2026-08-27T08:30:00+05:30,True
LIVE_SHADOW_9517c5ef9931d7,2026-08-27,Plastic & CPVC Pipes,1e5c1ca2fc61b2e1d7b0d0245934a1c1730efee6f8276e66e2f002ce01a5079b,6035c5b441d84c9f9eaf3eeea50584134c26767266f0f8b46e04e2a4dce9b6c5,2026-08-27T08:30:00+05:30,True
LIVE_SHADOW_8e7e67965b10b5,2026-08-27,Defence Electronics & Radars,ae7577faddde15a107aa7bf08923216d42ea9b901ae11b610220afcd9894115a,b062218154805a5e359e01f06573625089f85060bef602d3b356a5ddc70b6769,2026-08-27T08:30:00+05:30,True
LIVE_SHADOW_db8cf57b149015,2026-08-27,Two & Three Wheelers,5e50cd35d73de72fb1101e3f936789c5d9f0e5431e5b3d5253305a5c47f75539,0b00a5d5f32f2e8f686505285145fe8985530941f68457ec1b48944745f65eeb,2026-08-27T08:30:00+05:30,True
LIVE_SHADOW_100f40c3004ef0,2026-08-27,Small Finance & Payment Banks,bdbe26be51b25fdf1c340ad7b538735c657087ba8b42d638074e995e5b79605f,cd03f3ff40c4926945dcbbcbdb1e90d61cf355847d26cae58c4bf42ee075bd7a,2026-08-27T08:30:00+05:30,True
LIVE_SHADOW_e28ffa9434f5b7,2026-08-27,PropTech & Real Estate Technology,766a72a8f0a001fac8e88926e29addc30307cbda37ed58d6fbdc882dd99477d4,45c17635017622f47821ac902e126ca0bfafe94d6e7e2d220a2cd8b60270565b,2026-08-27T08:30:00+05:30,True
LIVE_SHADOW_9ecd0ddcc89203,2026-08-27,Gold Jewellery & Retail,ae15d5af8989cee87b4189e155f87741231f5e8d7f723a13514d63c30b84f6c0,eb44d3349b0698309ae9354e2ec1d2857aaca2d733eb18f5721b1d8c76a28c17,2026-08-27T08:30:00+05:30,True
LIVE_SHADOW_0a8b6e933269ae,2026-08-27,Precision Machine Tools & Fasteners,5bf60077d2e09a9de4b10489582ead805e6ff3143a74d232feda97e2b4baff30,b2ab6e3e62bb27454fa9cd3b0f8a6fa876e74334ac81b022b42e576be1d35696,2026-08-27T08:30:00+05:30,True
LIVE_SHADOW_8ed4d31a3b2563,2026-08-27,Auto Transmission & Driveline,79846db111433e272404925acd68fc7e720168aea007875df9f47ba09e3c7a2f,84afe29915ab516ad4b061cc6214cf47f8270bdd79a4b8ad52afd9f301a9348a,2026-08-27T08:30:00+05:30,True
LIVE_SHADOW_e96b7d9b7b5770,2026-08-27,Commercial & Industrial Electronics EMS,2fadc15ad120c105f43b744fc12bde20e9f7788b7caca89307aaa6aa336bdb53,adb8ab44aedf658acda6bd9d03d5b4f0af5090c3faa0927ba7b101dcf5eb8b14,2026-08-27T08:30:00+05:30,True
LIVE_SHADOW_38a7866f1fdfbe,2026-08-27,Engineering R&D (ER&D),60cdd80dda89659423348e0cc7a30eecd85602090cfb6ead0a1dc0e887677c50,2fb3ce553dcdde6602d4cf3b1831e02bfbb947e58f9f1f6a864a2a94d4f425fc,2026-08-27T08:30:00+05:30,True
LIVE_SHADOW_754f9668cc1779,2026-08-27,Co-Working & Managed Office Spaces,c0e26b31ef6bcfd32f7dce4f7a9aec8cad20ce59d3394234a7c90014458fde7b,56a0acb94efa0325c2221359ec00f8d4551dc4264fdae3029c019df6b2e316df,2026-08-27T08:30:00+05:30,True
LIVE_SHADOW_090697c7172108,2026-08-27,Private Sector Banks,b5a0db231340f9e86e028172fd755e84574f261408c409e32128fb56fad3d2ee,4f5174a2b8766fe891d1d856c75ee0708708ed8284e35620061132a945b9e2da,2026-08-27T08:30:00+05:30,True
LIVE_SHADOW_8a06186ddce5e0,2026-08-27,Television Broadcasting & OTT,e2efcb92c958de876af028080efb3646847acc875e03e19f09187fa5aabec4b5,2854b37347c22762bf77df65cd1512964df5e93886dc42724d1d09b4a853783a,2026-08-27T08:30:00+05:30,True
LIVE_SHADOW_2d6afb1d70d4e1,2026-08-27,Music Labels & VFX Studios,762bfb28e9e09d0c4347b39b8e0a216e8f1d3a2571ec3209fd74823c2e17b892,3b80c6ccced68f59621b8400b3dfde4d8db42798479d52d908e3f1a02a0dc74e,2026-08-27T08:30:00+05:30,True
LIVE_SHADOW_6b8aa14bbd06b2,2026-08-27,Hair Oils & Personal Care,767ac12741704424cdf1000dc5d7a0792049e9d9f9e086fe5a4a84176c9db326,1965bd66c37563f58191a6ced218f96d5a3ad7614d86b99527d795eb9a830796,2026-08-27T08:30:00+05:30,True
LIVE_SHADOW_ecdf8995f05c3f,2026-08-27,Off-Highway Tyres,a0c7ff50d88b2ba0f233e98657a815e0427da51537a9663a013b98d44f2ca1fd,eeea058af4d6a29fc361716f5e9b9008caabfc6a1eba202c402b587835212b42,2026-08-27T08:30:00+05:30,True
LIVE_SHADOW_ff66cdb9e1ad69,2026-08-27,Silver & Fashion Gemstones,7116c93a54bdfa4167fbd2e23895188c9a177e25175d5a2dd985fedd9ac1514b,dbd5079a9c470e71dc3493e10dc1ecac375c593f4c89fe4f3f4f2678a7040254,2026-08-27T08:30:00+05:30,True
LIVE_SHADOW_55b3f054483feb,2026-08-27,Auto Air Conditioning & Thermal Systems,598d979ba8d36c0f8c4ccc6df6069b1c752729b905e8fd33c8d91a6bbd42b91c,470f35da9e3c012c8a632f569a21dacd4da14e81bf7ddbd524478f926b6b2b94,2026-08-27T08:30:00+05:30,True
LIVE_SHADOW_bf2b75e2ef85d1,2026-08-27,Public Sector Banks (PSU),d4c95c9a16961b3ded9edde19368f7a6b7d359f7aaa24454c6cf74b044a6e1f7,144d1666c669adb3191b72483d1a0405af884de96c1693ce7d20bcb6f69fe6f3,2026-08-27T08:30:00+05:30,True
LIVE_SHADOW_b747f77f40bf34,2026-08-27,Tea & Coffee Plantations,90abe93a4e3c029b7a1f20cd4eff584272e18f388f27d33ec8d7418f39c5461d,8ef59dc336ae1f91228197b1c2a3ac071a756ab81fa2df4a593d56118209e934,2026-08-27T08:30:00+05:30,True
LIVE_SHADOW_eb01742ba33e39,2026-08-27,Fashion Apparel Retail,ce06423975318f111026de006f1c3cd0864d32821ac56240f4abe8def06c3d18,7a93ffd0bae0538313deebb7f372a2e6810101a095eaf4cbb43810b4ac1fd769,2026-08-27T08:30:00+05:30,True
LIVE_SHADOW_2bc1fe2a2f09bc,2026-08-27,"Rolling Stock, Wagons & Vande Bharat Trainsets",c424a3219e745c9d13d0a59bb1e1b596f30fef4d7bf857c65b189b83293a63ba,810997bf594c9fa0cfa52834e3e3691c667854fec164f67c820d48f5b945f497,2026-08-27T08:30:00+05:30,True
LIVE_SHADOW_189f29fc40be79,2026-08-27,Copper Mining & Smelting,b1f68a3506537ad33cd0e527a21cd133049c9a91be304514672a8eb425a93b1f,a0d3e8264c607d0c6e07e916f227e8fca8d0eeccc9e62d4ea8b3f7a681d59ac0,2026-08-27T08:30:00+05:30,True
LIVE_SHADOW_77403b12026e48,2026-08-27,Auto Climate & Thermal Systems,522e76920b08da09ee99e73ebbf7b908f7088ef979e9c2dbcd4d06f64f690d4d,d740455aaf0c73b1e02a48cb28667b6249edefba275be6a972dc14d67feb5e7c,2026-08-27T08:30:00+05:30,True
LIVE_SHADOW_b4aae0357553e5,2026-08-27,Telecom Cellular Operators,442db3311d7aa840bfee133824ece59cea11958a09fe7951426a9a21c576fdbf,c4b63086c5c9681a9c6a5df685b3e2f1d5d14b1c0fff35d5098100eb882bb308,2026-08-27T08:30:00+05:30,True
LIVE_SHADOW_51607c90233d4d,2026-08-27,Electric Vehicles (EV),1110825b4ebf42c7f761e31433680c2195e064447574622e79ea95c66f7cd412,57300d903eccfddef56e05db1f83722d378991c594f55512a27422219bc80915,2026-08-27T08:30:00+05:30,True
LIVE_SHADOW_de5c98361bbe78,2026-08-27,Precision Bearings & Motion Controls,0c9193a416c726739907e575be5e28556413030b7bca1cf84232e01543fa2c96,985d8c4f1ea74af7407d1da4c57c8c7cd624fcff3f31860014bdbfc606256d2a,2026-08-27T08:30:00+05:30,True
LIVE_SHADOW_5d55cc622fd7fb,2026-08-27,Fleet Tech & Logistics SaaS,4b60dbac0c773ca89cb6ab694cc7f6c4978b6148ad6a17d543c10fe8be4a96ba,756df56469860abd86cedd65212e298ce58c38ae26db17e3f11e6d1d6c9d8d87,2026-08-27T08:30:00+05:30,True
LIVE_SHADOW_6268def677278c,2026-08-27,Express Parcel & Courier,4009ed370fce8bab84a9b3d4e44a0e319efbfe65fc3d1d93c50662ff213695de,a8af525b5b69581828cab3d69f70d3bd9dbc687c338f4ae13092aef9e69bae5e,2026-08-27T08:30:00+05:30,True
LIVE_SHADOW_4e71e82c6837b9,2026-08-27,Design & Facility Architecture,344fa98fd0d68121a79df2987c977a09af104ae248732d31bda6bdea8079a9a7,c9693362f99862854b5beac3028c7cee4ffbe16504908cec85f739643f0a72b9,2026-08-27T08:30:00+05:30,True
LIVE_SHADOW_1d171ff58eba00,2026-08-27,Air Conditioners & Commercial HVAC,5b3bf2fd9657e909febc2112332a5bc48677382505277dd318761116ef62a1ff,2140945b781af08d02ebb7d8ff4a7d158b6890b618de5ed55aa84e0811446981,2026-08-27T08:30:00+05:30,True
LIVE_SHADOW_8fb5270a798e9d,2026-08-27,Synthetic Fiber & Polyester Weaving,69e8cb9c4d87f63eafa2ce0947b79c136be563e64d7db51e29fc1ca1ec6262d7,c1bc8c9dc10e6e4635f76e351d9832cef5e9823f5f74ba55121bb366c15165cd,2026-08-27T08:30:00+05:30,True
LIVE_SHADOW_c17db6bdace35c,2026-08-27,Kitchen Appliances & Cookware,978da7878080e42323b8b09be7c39c988b53805cc9d64e2d4fcf90c0d0747ca0,427126898741a1ee7cb5c0c7ee57710b4207acb324c7100264ec48c888684352,2026-08-27T08:30:00+05:30,True
LIVE_SHADOW_45707469886264,2026-08-27,Home Appliances (White Goods),4118a7dcba93a7e03482238e164fa33f41b0ccca07b4bd8f84937fb4ed4794a7,969ac7af819dce12532ad3b4685179f6383ace62152b9f27a582cfa5114c463d,2026-08-27T08:30:00+05:30,True
LIVE_SHADOW_063229dc2ee8fa,2026-08-27,Precision Powertrain Engine Components,90adc1616740317faec903197ba5d78372fa3a59ef42894d82d6fe3305865646,a79cee5b6a39b3bae05483d6881969e3a6a65319b3831c32a565eeb35d92addf,2026-08-27T08:30:00+05:30,True
LIVE_SHADOW_dfc28b1be9e117,2026-08-27,Sports & Athleisure Footwear,9b829ec19e5591584f3c4d64f526939080b857473da85ec224716f0d9cf0c23b,99cc3d57f478a106a3026b917796ee27ba3911bede2128a209eba21c20f5eb5a,2026-08-27T08:30:00+05:30,True
LIVE_SHADOW_d4143cb6342d07,2026-08-27,Stock & Commodity Derivatives Exchanges,33ab2e4d5eaf10b31d5c7e9d9f9cb545b4d70ebf6f4bb7723584b6ece1a17fbc,e4a9fdd084a16ebf25f6cd76db0296c474a5d6cf22e1e68673d475b2c76b3ab3,2026-08-27T08:30:00+05:30,True
LIVE_SHADOW_ef7f720aa118c2,2026-08-27,Hybrid Seeds & Agri Inputs,36e997569d7d48f351e06af7b7e281203e6a5ce50e76f3dbe3329e640da7f325,7aa806f87bff68746d50da7f86ed813a94a77a715975af1f0aabcf0ef7e1ef90,2026-08-27T08:30:00+05:30,True
LIVE_SHADOW_37758c9ddb690e,2026-08-27,Worsted Fabric & Suiting,672e1e2a15e346dfdbcbb98ec6aab414c5926e60ae1418bb0c7d0bb671a38e90,06abbf12aef81d015f8f2104405bb694c161d6f0a03fa8529e19f2f9bdadd30b,2026-08-27T08:30:00+05:30,True
LIVE_SHADOW_d4eeb070a83838,2026-08-27,Mutual Fund Registrar & Transfer Agent,b8d10a7d136a3da5f383de0d774861673be162f76d89f9a97fa41010140c0d46,9bb2aa626ca6a77a21dc28e021d830c58753ecc3b7c1ff56312dfe0896244b8e,2026-08-27T08:30:00+05:30,True
LIVE_SHADOW_a7b12d59d4a74e,2026-08-27,Life Insurance,bb042a06a227ce7d7c7f9ee30ce5b50252281c3d9f1e621927609ef6cad76c49,06d6c727ad8354b078761413ce36a6dc45b55686997f7aa1678fb6afd596aa04,2026-08-27T08:30:00+05:30,True
LIVE_SHADOW_7fa6a74a5b7c29,2026-08-27,Credit Ratings & Risk Analytics,c2af9e61c261d1dbc5af545f21179733f9a5376ecae66fc46df8b60df47a6843,bd8a66cf126be50dd37dad6b65da52a327d7d9e1b32276c87d7de2a2cdd28d0e,2026-08-27T08:30:00+05:30,True
LIVE_SHADOW_c360e74de897fd,2026-08-27,Payment Gateway & FinTech SaaS,fee352e74626f1f897df851de4e1bce43f4c270972bbe5c3fe2ed239beed2420,4e6112f9b74701adc665d6e945b074210f095c1cad2dc5ceb2fba204718b286c,2026-08-27T08:30:00+05:30,True
LIVE_SHADOW_e7ff5bf7a3e95c,2026-08-27,Depository & Clearing Services,7661b36429d4699caf2798c9ebfefc4d522ec380abd4da62430f99b736d435b8,4f5d8bc419ae26259bb160d8d8a5d8c36a736c92ad2ca5e02c230d9bf2606615,2026-08-27T08:30:00+05:30,True
LIVE_SHADOW_665798ce91fa93,2026-08-27,Kitchen Homeware & Cookware,92f5e5610e03cf4d646351a16678192aef59f04ed90fd74348defffdf240ecb8,8fc793daedebe445aee05144707aab72c765fcb42c0e38c8c9884e43d4869596,2026-08-27T08:30:00+05:30,True
LIVE_SHADOW_0e7370f29062e4,2026-08-27,Power Distribution & Integrated Utilities,039ed40040234e982f9a94231ea12ab7d2dc3a2988a9eb53b80922a02e428bbb,4c80158f735ae77fbfed1cf312847d7998b84211154a08413f292e8abb199633,2026-08-27T08:30:00+05:30,True
LIVE_SHADOW_a918a2c7bea4d1,2026-08-27,Renewable Energy & Solar,183c2ba5461ee510e0f5ea344be13dfd358f537acd79b7cf451852dc0028b1c2,68f2cff58bfdbc20cf5df80c763ce6c7a30ca8fc0c20fdc84b4fcae87aeb9a0f,2026-08-27T08:30:00+05:30,True
LIVE_SHADOW_94f7a4ff41fdc2,2026-08-27,Wealth Broking & Advisory,5cd292d82eeb79534acb8ecfa7ff07c4168b9ad55dc542501da8931f58c1629a,47c15946cff75000d81390dc8eec53f00683fdf40ee2e9ac3dfa3d81d65e315a,2026-08-27T08:30:00+05:30,True
LIVE_SHADOW_0cc1b53a996472,2026-08-27,Vehicle Finance,005e145caac246c856ae7261c3f7e1347320c64ea89750beb0af58213a7af605,6ec4fca126bc28038e0a439f5b66a227a2986d71d9bee3c28460d384bbc97d2b,2026-08-27T08:30:00+05:30,True
LIVE_SHADOW_22fc06534d2887,2026-08-27,Film Multiplex Theatres,5843684d7d08a3a5e3040cacd28bce152a9131cf8c437b65e38b0dc326c1c417,b96b190954563af87f3f67c975ca2ecfa3a0e6aaf4b98fa5a237a6a5b939ebd8,2026-08-27T08:30:00+05:30,True
LIVE_SHADOW_caa6409f356f94,2026-08-27,Basmati Rice Milling & Global Exports,0d8eef2aac13061d6629b95437797f95f5daa947d6aab2ad27e28d1bead7d3d8,b9c20aca99adac260fd6ca8a22900245e6aff28cee12ff7ffff23a0c5815540f,2026-08-27T08:30:00+05:30,True
LIVE_SHADOW_d8b8cd09cc596d,2026-08-27,Mining Consultancy & Geological Services,a627c38101c77d0f43d6e633a8d3b965784e72a3839a4584ee774bf44f32c469,6d51c22a5f37472d474cf4c86ec60f9e1499f1098846b2b523c3674b52d71f14,2026-08-27T08:30:00+05:30,True
LIVE_SHADOW_4752c9a5233cd7,2026-08-27,Aluminium Recycling & Secondary Metals,283cf546faf15a2079031dcbd5119c9359154506d01e18cd5252f180af868529,a21f9cd2a2dccedbdd23e51d9b685f6e812b08c0f98d6eb1f63aaacb2876b64b,2026-08-27T08:30:00+05:30,True
LIVE_SHADOW_69297f2681a8bc,2026-08-27,IT Distribution & Enterprise Infra,68f5096956873475eb77cb056e29b764df53f902bb76a1fbe6177f2daf79c920,41e8b2e9b0e6d4c327226f139b52a7bb91bb6c4e71eb0164e2020201a7250490,2026-08-27T08:30:00+05:30,True
LIVE_SHADOW_471ca3e572d8e5,2026-08-27,Naval Warships & Submarines,5381e08d993ec7266253c1529f8e20afbde0d0781d7f1882ab5a31de8e252bd3,5f0fec05a17ce0682af9d1aee17a1994df51472b2b515b19058e231dc26f3aee,2026-08-27T08:30:00+05:30,True
LIVE_SHADOW_101c8e932dc9a5,2026-08-27,Heavy Process Plant Equipment,5d97c472e888d81fd5a395bf1574978b8ddb7a12bf8be5d985eee2c0271aa49b,f66bb35dda11f6613284c4a9c6194bc4ea2706014b6a2f98034408f94c1ffaba,2026-08-27T08:30:00+05:30,True
LIVE_SHADOW_aae39677c710e8,2026-08-27,Oral Hygiene,a850e64c089b76d44c461b983d998bab2d5a5bd64eae16d6d3ef5e9634448c9b,31b5fbcfe6deea1ac959ccca39320b2a8cf6c42c5d21cb47b09d20afd68a4b33,2026-08-27T08:30:00+05:30,True
LIVE_SHADOW_e0b3cf6baed208,2026-08-27,Freight Forwarding & Multi-Modal Cargo,27f7498812007a753555f5a1cee22cc30bf1ed8f7db210308ee98ab5196a79a0,58938ab263b5c96c6d9397f66f1afeb9508318f3f7e0d568f4b2b8b2b71ead93,2026-08-27T08:30:00+05:30,True
LIVE_SHADOW_ec008849d1b5fd,2026-08-27,Cruise Ships & Water Tourism,94029151a8a331a1bc98219e8d20017bdbca24a76505a50594c1ff0574ed451e,09f6ad83caf226eb40eff8f618e3830b07fa99bf844e479eba01720768c1150e,2026-08-27T08:30:00+05:30,True
LIVE_SHADOW_de2545f890a637,2026-08-27,Business Process Management (BPM),4f390ecf9f920d35708e7d3b882e2661f959cf902c3547eddce0b4ac2c514329,b3e4c0e24cfc623dc1508fdf021b47ebb2474cd886945c7ea00b819767b93333,2026-08-27T08:30:00+05:30,True
LIVE_SHADOW_255090341aa00c,2026-08-27,Television Content & OTT Production,b89ef2096b6971901c6ef0e764cf8a99d1c21de450f675dbef69415f64b128ed,ba626abd0d2e8309ba4b1e217876c2d4a126bfc6f58ade238441402696eeb14c,2026-08-27T08:30:00+05:30,True
LIVE_SHADOW_5ea6c76ba0f7bb,2026-08-27,Overseas Education Consulting,41d1dd101ff9de4f6228b46756c90828999dae950f286c25bca499d64dda2873,56beb05c2ee8892ae7fd069311d3ac881687cd91fe92f14388ad24b6752bde8a,2026-08-27T08:30:00+05:30,True
LIVE_SHADOW_8d11d1f1bc064d,2026-08-27,Railway Signalling & Technology Systems,9fd9d29bc84127f6ef3e2afb58c2613da820c749aeaa4a2fbb0f56315c8d3383,47ebb35f738ad1f866eedc0a9ef0d8367cbfa284ef7d7f8bd3dba0cedbfba6f2,2026-08-27T08:30:00+05:30,True
LIVE_SHADOW_cac4fa34a7eb48,2026-08-27,Diesel Engines & Gensets,99f4280a65fc39765a48ed02a53e217bebf5aca260a9dc36de1038f515cef001,7e8ecd7378ac83fccde6a2e234179dcdb9afd7db884ae613d66da271627c2664,2026-08-27T08:30:00+05:30,True
LIVE_SHADOW_478637a65f0bb0,2026-08-27,Medical Devices & Consumables,dffde667eda63bcfd9314432cbf6d92b8c08580f8c58596076aaf1f935667cdd,c89260ce2f4ada4f947cf5cd32061eaaaf8d9279acb5fa16e9468c482055fafa,2026-08-27T08:30:00+05:30,True
LIVE_SHADOW_0dbd72a7caa691,2026-08-27,Gold Mining & Precious Metals Exploration,ea1061174113ec792f717dc193e14398e574a9864903d90d01e9becf4bb9426b,6967f34b03472cd7dbf01ec40a02e6214cb25fc1ab13af14d30ca1fdf58d90ea,2026-08-27T08:30:00+05:30,True
LIVE_SHADOW_73655601a1368d,2026-08-27,Forex & Currency Exchange,a8029a713cda0bfec3ed901194ef3e277447076474ff9991fe162996394746ab,88c1012db4a2ff6a1b096cddd7c3dbf46f86b114307a68f1afa3303fc9c241e2,2026-08-27T08:30:00+05:30,True
LIVE_SHADOW_edfecc0599ccf1,2026-08-27,"Gaming, Casinos & Entertainment",3c882c2c886f9e012325b022a77899a1eff8b8fe8069687ecb82612b619d4960,d056ed481490804bdd73913865219931f4b1c33893b23c446fc76999e3f3c19c,2026-08-27T08:30:00+05:30,True
LIVE_SHADOW_fb7fa49b824a01,2026-08-27,Cable & Broadband Distribution,a54c2e77a89795107ea1bdd54095f4bfff615e8993d88f178d1da8b35882c297,66d574c6b8221123a2e63b5c131b5c5d66755c2d3df01cd5cc4027fca6814000,2026-08-27T08:30:00+05:30,True
LIVE_SHADOW_169f0496e6f30a,2026-08-27,Specialty Electrochemical Chemicals,29e35a5e721982c27b230c41f7ba9cbb1df3ddb260371d5b0764149bfaaa2f9d,b552c34d7fa6fce990cf8ab742e6fe22139267c5bf87608a601178bc0b90dcea,2026-08-27T08:30:00+05:30,True
LIVE_SHADOW_e781e7672f9b95,2026-08-27,General & Health Insurance,881cf89e4f8bda43c567bd6b5c2fbf6fe427970f76867d1173d7312f49656b9a,923092f197212d78cba6a4c9e330165f83af71e102decb442e0cbc8307124370,2026-08-27T08:30:00+05:30,True
LIVE_SHADOW_f40d05c22c8e5f,2026-08-27,Railway Signaling & Track EPC,a041c6bc57d0f0d7944eda56e6aa27c17e0050ec735f75353cd61f09202967d4,a1658009f96b1b30f48a25aea4cb1b5fe39337b6732c7ba14999d721c89e0fc8,2026-08-27T08:30:00+05:30,True
LIVE_SHADOW_8e4fbf1abec1af,2026-08-27,Foundry Equipment & Shot Blasting,fd557ac2ab9be581b1d22ae9e993edf118ca4b47521f24f69bddf52095784687,814a71feb75ccd778d0cee4af3bbbfd4e1842779754610ff77e7ff675e343706,2026-08-27T08:30:00+05:30,True
LIVE_SHADOW_fdf9adec90a608,2026-08-27,Bridal Gold Jewellery & Retail Showrooms,5bf61630f1d62be415b572793f86197bfd7055d503fa20ff1f9d13271fad36bb,892905d9fcbe8dac750c32f0e4ff58d0f30106b9a735c6005465fb387cb54961,2026-08-27T08:30:00+05:30,True
LIVE_SHADOW_78b06f72721425,2026-08-27,Domestic Consumer Appliance EMS (AC/TV/Washing Machines),5faf0c3f64ec440a111cf1bac9187b81467cb0f99531fd0b4403f985a9ebed22,2d2ca899e4a074b09b8bc63ea9d5968265f8dc6c07e5b4784302f5a2748c1dd3,2026-08-27T08:30:00+05:30,True
LIVE_SHADOW_81a11021873db2,2026-08-27,PCB Assembly & Fabrication,1fb909ab2da79217541e9b00c53b1073b5341a1c26ae8518918efbd5fe11eeec,d36aa261bcb21f193e8a9279b188bbf30fc1ecd88f63ce25357c9b7bf561e7cd,2026-08-27T08:30:00+05:30,True
LIVE_SHADOW_b54e362dd15fb4,2026-08-27,Networking Hardware & Infra,2099eaef19dd3bf7224e63bd9861bbf8522aa1efba382a5b15b97fbeb7e4ce2b,18771516abf027c32c9c1e53ac356a2a5c6a1caa42da190819a3fe924429b313,2026-08-27T08:30:00+05:30,True
LIVE_SHADOW_a6326838dec5c5,2026-08-27,Liquid Milk & Value-Added Dairy,4572e7fb08d1f6532c422d611ccc80c41883ec37cdcf87a655e954296c829ba4,a5eb01394876911bc5ff33ad789f6c5c3149c442711213f0d388eb3448fa03c3,2026-08-27T08:30:00+05:30,True
LIVE_SHADOW_e6141e17e32ccd,2026-08-27,Innerwear & Athleisure,a13729a8b8c711b0c175003437144ccd36f9925b224e5ba93e519e21dd602305,3d5e6de63db487c4891fcf3e51b6d58483fe5af062f994b475724c8ae20d357b,2026-08-27T08:30:00+05:30,True
LIVE_SHADOW_752d922203ac8a,2026-08-27,Polyester Woven Fabrics & Suiting,a17fe08cdde3fe9fbb15b682a3582e2db64aa9055cc23ce5cd2e893b539e3847,1d9fba3210e6a95dbe8bee588d7837d0d148a850c3580663722bab96430a42dd,2026-08-27T08:30:00+05:30,True
LIVE_SHADOW_8d18f08a45d334,2026-08-27,State Distribution Companies (DISCOMs),aa32a29f86a36c4f55913b11f8de205fc26c19965bdee3e3926181769f04a1dd,9947145512b090be1d5d3ed02dece1e367f1f3372726f22dd6d303fdfd99cf9a,2026-08-27T08:30:00+05:30,True
LIVE_SHADOW_4c98abc1f2e385,2026-08-27,Airport Lounge & Transit Tech,912db2731aa2128dc4abf893a873ed6db16896ea6bfb68fc0b5ecc0e8d44cad7,c3f4dd50706b86e34d5fa3f91f72e1a56478172e5c926a10653a8fdc6fc35142,2026-08-27T08:30:00+05:30,True
LIVE_SHADOW_28ae1bec3b8945,2026-08-27,Staffing & Workforce Security,844b9cc134a4a1e4686bac3c048e1ac14c5b4da0e4b12c1878939de1b5e02cad,657e517a72eb3123923750e19f4d982b095ef958b4e6354137ee07f2f1bac5d2,2026-08-27T08:30:00+05:30,True
LIVE_SHADOW_6efe61f4880c63,2026-08-27,Cloud GPUs & Supercomputing Infrastructure,f28d21385e40ea818547f46073ff510404c52645b6456e04c9c30013c898f31e,74e1fba88954307c5818e93897d80d3e8efdc581ffcb9016b5e654959e6f877d,2026-08-27T08:30:00+05:30,True
LIVE_SHADOW_26cc748f905265,2026-08-27,Online Travel Agency (OTA) & Flight Booking,22c089f01807e227c4ae30665b3320b33bf957dfa96ad37c355cb02e395b1569,73eb9345cc871de5cb4858b3a0d44031f56b356dc83a94c27a5a5d7d02060319,2026-08-27T08:30:00+05:30,True
LIVE_SHADOW_de2545f890a637,2026-08-27,Business Process Management (BPM),ed377f1f27b56ae415fd17d4fa9bf443e1ff8226376858e455bb214d83d1bfb1,66cf87eba6768b2412e9338f6800f32d28b3f2a5dfa4627b8a23254f20541d13,2026-08-27T08:30:00+05:30,True
LIVE_SHADOW_e7998b969c473d,2026-08-27,Recycled Polyester & Eco-Yarns,9699aae8e2a2ff57e22ec8bdf5cb2f4848dab70eadab663e3abead3b912e438a,ce2bff45cce0bb7f32ff021e217d21017703426be53c9ab17f1a428204f3a8d6,2026-08-27T08:30:00+05:30,True
LIVE_SHADOW_06e4db709c85c8,2026-08-27,E-Waste Recycling & Sustainability,07ade23d327ee437b3378b32718baf3ad9df1b28f5de673ab7290112114af03b,c86c0a2317b60db4f48ece66bdb8d865a3bc11137546d723580e57be941c5d28,2026-08-27T08:30:00+05:30,True
LIVE_SHADOW_eb337d4addf537,2026-08-27,Heavy Infrastructure EPC,b7c9e596be37a1ad8c724397212522572a5769fd21f6d71d9a5a5dee3c3c86e4,09c79c3c46e8555ff7935191aff6ffb731e7982c8e1bee45553e0fe59c2cf970,2026-08-27T08:30:00+05:30,True
LIVE_SHADOW_9ad366b918816d,2026-08-27,Passenger Vehicles (Cars & SUVs),9603ceb1d885a04ab7ff9f3b451db88375d4e6d5299cdd4c6a132888a6e382d8,32165727f4c047909923477067d504e0b0fbf75ae34f21a35722eb258926b1e5,2026-08-27T08:30:00+05:30,True
LIVE_SHADOW_a8b65d8256796e,2026-08-27,Tobacco Products,fe16e50feb22dfaa07f0a616865804847dfb12739f06b67340b0f43f5b0232a5,4eec06b680ac1e7a66fae7b4958dd5b5806c5d9401356cbbcb84d3c6af29cbbf,2026-08-27T08:30:00+05:30,True
LIVE_SHADOW_be4b7c7c0eeb2d,2026-08-27,Advertising & Digital Marketing,dbc87044ebe316d3e2e87063c152081f42dd67735b0146d046eacb2540fcad31,cdaf05f7551ffc23931125989c5126ff0905c709b66a5fcabca71bd2c752c841,2026-08-27T08:30:00+05:30,True
LIVE_SHADOW_c7dab2e9ba936b,2026-08-27,Pre-Engineered Steel Buildings,5f388092a4413f696b550d8228848a9a45f018bbded9cc9502c28e8175bd208d,95f14ebc7a084f0ca8f11391469f1bb4fc3165ff79fb44f4d61747065f4f716e,2026-08-27T08:30:00+05:30,True
LIVE_SHADOW_1d33daca16db22,2026-08-27,Wind Turbines & Wind Energy,3e6c2590f3038d34489aea4e098cf26c5cafedd17924bafd4b501a41dbf6290c,f5676bf63dfb5a50c8eb55859526082a6bfa94f97c6a676f29177f735c764868,2026-08-27T08:30:00+05:30,True
LIVE_SHADOW_b03c0b59a2b492,2026-08-27,AI Servers & Supercomputing Hardware,e0554a58dee0f7181c19cade3b3eda6a50450e5af4948dfa32e3918802be9006,eea038906b92d8da340d16507f829ae5fdad47456d3622095083fa4a353ed15c,2026-08-27T08:30:00+05:30,True
LIVE_SHADOW_f2957976241962,2026-08-27,Tractors & Farm Machinery,6c906bb7f7225a9f8b759444802034733f53f131e48304713d14df79be7efd32,eeddeab40f5d8a97c00cfd27e324877fcba0f89e51904e1d737498e3fe21e717,2026-08-27T08:30:00+05:30,True
LIVE_SHADOW_7dc747624b9338,2026-08-27,EV Charging Infrastructure,74a44ddd089c8b1d075a6b15dadad42d957d61e6e0ba29c6493be6227f92ac06,e46456e7df401c56d1def6210b666089679149bfe5a8339adb961eb8cd84e0d3,2026-08-27T08:30:00+05:30,True
LIVE_SHADOW_218f30a4ae60e9,2026-08-27,Auto Batteries & Storage,7ff46f94f04bdbbed359deb96731bb40de703bde3c9d4eefc63735f07d6c5eb0,8eb678abf09cdb12b2c446b7b927f80815e70b86ea4200486a7a88f0acd85714,2026-08-27T08:30:00+05:30,True
LIVE_SHADOW_42aaac653f1951,2026-08-27,Home Textiles,93bca8257417accdbe3f71f14429ee4764cb0ead3a2228704e7030bf91d776ab,a7312a4e3e16a56b9ad7b903bea2c33b1bce4efa0b2e9269998d2956139a78df,2026-08-27T08:30:00+05:30,True
LIVE_SHADOW_4725d344033cad,2026-08-27,Water Infrastructure EPC & Supply,50c9ecdf594527cbb3b496abbbffdca2c9eb7f9cd9390b2264b33cb919bc55a9,4f4ce89bb560b31fe3f26bf08e4039096a30af12624cb9133ddf608e35a5aac7,2026-08-27T08:30:00+05:30,True
LIVE_SHADOW_709d19c3ad7f08,2026-08-27,Auto Lighting & Electricals,2edbe1589b04d96862626ce234b79cbce9545fb511f72afdbba96ea598a6617d,bf98a2416e66d0f9f8828384a61668ba9b9a965bd2e0e3e617c76d36a998bce0,2026-08-27T08:30:00+05:30,True
LIVE_SHADOW_c13071935226ff,2026-08-27,Stationery & Writing Instruments,ed8da48525c32b3bf37a87b5282db2ac3b46f16eb4cfaf577d064d78fe1d2be2,fb1feb516c3163c9958cde30e1bf5ae708a84e08aa6560a7165bfdc594a26fcb,2026-08-27T08:30:00+05:30,True
LIVE_SHADOW_4cd93079094d23,2026-08-27,Passenger Airlines,0008206f69257490eb2ad831e013e009971e2c704764f3611dfd35461054c769,a31e67a8c85b0367c990bfe55abaf7fc09fefe12d160d85ea17f9233f1316d73,2026-08-27T08:30:00+05:30,True
LIVE_SHADOW_478fb3893c4acd,2026-08-27,LED Lighting & Fixtures,73677c7af73739ab933f5e4302c32412499d89e993730a0c7d91cbc0a06e8807,9e5774423252b4c757163e6a67c04f2b28c1ea835327729d4f95ce5e7e1f353f,2026-08-27T08:30:00+05:30,True
LIVE_SHADOW_9b62bd6cfa86cd,2026-08-27,"AI Solutions, Analytics & Cloud Data",d200c76138e04f42b3fee15a2b295abf94f20a7e5f7909bb8ecd5beb6113cbe3,8c1b1f8f812500274dc8e49cd39fc3ed00b91be13b335b4dc48945e7b43118df,2026-08-27T08:30:00+05:30,True
LIVE_SHADOW_e97edafcdd195e,2026-08-27,Gas Transmission Pipelines,0cdd88115d4cafcf15dfbae2c11d8af4be8c57e54ea867c9ffbaf1c0893b8917,cc658bcc5dfcdc8ec5a6c41f428e7fcb2dec7ddcf03aaee1fbe0f7cd4c0f77bf,2026-08-27T08:30:00+05:30,True
LIVE_SHADOW_e43acfb60c8cf5,2026-08-27,Edible Oils & Vanaspati,54790cd50dff74cb072439fbb798ed955f83c312569a695ee2f6a2cf855d6e79,9bfc704e2b230c545bd1ffc5c15f5274bf8347ead12f55e47c016a569e3e21ce,2026-08-27T08:30:00+05:30,True
LIVE_SHADOW_ecddfa18eb0b81,2026-08-27,Liquid Storage Terminals & Logistics,e0948467f6d7546cad47634e6d5a8f7460337c63b191950207a7941c3b32fc22,df45e17c481e8c0e97816934539da50528bde533ed76cbc06c09c53a7558e2e6,2026-08-27T08:30:00+05:30,True
LIVE_SHADOW_753589ad73b7b0,2026-08-27,Geospatial AI & Digital Mapping,e107b13dcc82ac385d4fde3c6bf52b122ea42c67159abed26bdb1633f3980f9a,cc67a409cc1e761a8f72ab6ef6efab908cc3805ee4b6ec929221fdbc2a3b5810,2026-08-27T08:30:00+05:30,True
LIVE_SHADOW_08ba3242df006e,2026-08-27,Tobacco Products & Cigarettes,13e806eb9b52549890e1eca597a5b014c2278f69a154906ba092906a67215f5a,cacdeea583dd12fe2171661e11d50125ff055778951339acdfcf4b15faf81699,2026-08-27T08:30:00+05:30,True
LIVE_SHADOW_5fe81dc3abe4a8,2026-08-27,Automotive Radials & Off-Highway Tyres,d37804cb1b81f550afbbdc836c3b32892ae7bcecf76669509fe248f463b3536a,3b44f87e1797f72561a8bb4ad0d6838d4232803ea910b3ead100a284212febe0,2026-08-27T08:30:00+05:30,True
LIVE_SHADOW_f0198cf928dfae,2026-08-27,Film Theatres & Broadcast Media,4ba42a6e38f2665b27eb382bebd2c086ea4ee383cc5b02237ddba830dcc30f2e,55b98d95e8f490d9b28d5f17614200011eb8fc476468691e7e8f72870ccea729,2026-08-27T08:30:00+05:30,True
LIVE_SHADOW_9ec10cb0fdc8a6,2026-08-27,Metals & Fabrication,b803bfef504e0cdeefd4403557ef0a9363ccf28bca1b3b58af8c7e99ce8bff9d,52f05ec1464fd0bdaefcfcfecca5b424d366faef36783cb3e716cf82dbe314eb,2026-08-27T08:30:00+05:30,True
LIVE_SHADOW_0b69d2a0332f6a,2026-08-27,Zinc & Non-Ferrous Alloys,31cf138045c7702d6ced7412fc7cd5f43117e59d7391dea61211d1eeaca34987,e66d057248654f4057ac42719a59f25b3889a34517ada66f503c483ef6edfb6c,2026-08-27T08:30:00+05:30,True
LIVE_SHADOW_14eadcb64d767d,2026-08-27,Optical Fiber & Telecom Infrastructure,1c9386f08ff965e76d2b2bdb4cec306a56d8d3cdeb45694bf1c2b00e0484ff93,cd72e6604e8e864033bfeb1f1902b7ddaa53b011f5d86a2f8ac12d64071026d3,2026-08-27T08:30:00+05:30,True
LIVE_SHADOW_42aa444397ff5c,2026-08-27,CDMO & Sterile Injectables,edabc7fde5bcdd580f36933e52d811bd7d0a99adf7823512246ab594a9be7a93,52d0fe4d33d889a24fc4866d68049725b0ead693e4e2e5414e9de2d2a82f1dc7,2026-08-27T08:30:00+05:30,True
LIVE_SHADOW_139907aa4ce0e5,2026-08-27,Consumer Internet & Super Apps,f81e3bb57df74b63e029e060f53275beed55ed8ef5eda9ee1b1a87c5588afbd0,99cdc57f131d15d987120da0112938c6e56924b0688335e10672bd3610809c66,2026-08-27T08:30:00+05:30,True
LIVE_SHADOW_19b95b409233cd,2026-08-27,Architectural Hardware & Fittings,8d4f8057e7b794bd02689137dcf9e583878289e770531afb8444d036df66b0ff,c13c82a5a021f97cc2db81634e3689996115b6fc83f02cd5841e23e99eda0938,2026-08-27T08:30:00+05:30,True
LIVE_SHADOW_0b69d2a0332f6a,2026-08-27,Zinc & Non-Ferrous Alloys,5f55f6a78198cd84d4d01f38008e6ebf5f951d827c0dbd54161afd31c72fb67c,72ebb73d0b76405c995a15873eb61905756684ee5b0ae611802acf76fd2ad53b,2026-08-27T08:30:00+05:30,True
LIVE_SHADOW_b87d1fdadb1882,2026-08-27,Thermal & Renewable Power Generation,efb0fd496f28720e3ceb136e4699520a891a59cc4f0326f76ec063f072663b1d,888db9ab10a998bc8fb5e65de76f39c02552b44efbf8d1186577ab4d04ac53d1,2026-08-27T08:30:00+05:30,True
LIVE_SHADOW_4d3f5889fc01b7,2026-08-27,Industrial Compressors & Pumps,34bfd98f2249134b768361bcdf4c9c73e851bcf839cce69a6f5ce3370ef9a3f6,8905432318a2d06db10fd52d4a45d0d27bad07ad57c846b31084a77a509762aa,2026-08-27T08:30:00+05:30,True
LIVE_SHADOW_d8ee2ae403b9dc,2026-08-27,Electricity & Power Exchanges,699eabe7452eba96e108868ad784c38101341fd395eef39fa32eb8aff837ac58,00c75d7115c2d49a4cfad8a225ca57ceec3be5312dee00724ca730fcd72aed3a,2026-08-27T08:30:00+05:30,True
LIVE_SHADOW_c5cb7091406b5f,2026-08-27,Ferro Alloys & Secondary Metals,c91308ac40cb13717f32691ea91be2751d6d1181421155894868ec1176d29d0b,8ded52fb01540d33f5a14f07f19fef9c678f8ff7c5bd5ac186be8b4e786f5cce,2026-08-27T08:30:00+05:30,True
LIVE_SHADOW_72fc48bd4025ae,2026-08-27,Healthcare & Life Sciences Tech,bc65099e59c0737f89c2759c336bcb1f7159901a73d76c91b7ed2ebf4fe11aea,25b1d136a63d7823946ded9751fde66c3b1d3af5d068f12f846954da2e882233,2026-08-27T08:30:00+05:30,True
LIVE_SHADOW_6480ddbd39322a,2026-08-27,Tier-1 IT Services,dc36cfd4fa84a4d2dc7462c3617a1573de2d82794a7cdb23cb0f8284baf35392,966e1d540322a2a1fa01ee95617f344ccb8f9e68f5c2a8be93ed14b481586c7f,2026-08-27T08:30:00+05:30,True
LIVE_SHADOW_17168888c1b718,2026-08-27,Financial Software & SaaS,235a91fc9efe64322edbd65af61da8c7462306379b922701e6ef5aff64fd6be4,aed4db55f5a0c9c5a045adda95e4aa8eb4d2f652741436634a7b908670f7b8ff,2026-08-27T08:30:00+05:30,True
LIVE_SHADOW_220aecd6140590,2026-08-27,Railway Ticketing & Catering,dbdbad6868c3e6a8651b7c9e2d29e1b8b3ef4ae8ce2d5646cc618de67199f817,ff9485000b806bd7f1cfeb00e89110142384478c07bcd0bb25419b9c6214ace5,2026-08-27T08:30:00+05:30,True
LIVE_SHADOW_2c69f88547c17d,2026-08-27,Railway Lease Financing,f99ca910b9173bd5fe23e0c9888db7925ef8c67fc2cb44020cd8b815822ee54d,f5e21132d4f535fb542406ae024643e1534ef482b315b1dd0c452d9d2949f685,2026-08-27T08:30:00+05:30,True
LIVE_SHADOW_0096dccb796042,2026-08-27,Industrial Parks & Special Economic Zones,87b6c9f206bbc0b636b36222b6ef1399f05a7287de97db98a8ed42605c0ca3bd,662ad13cfa1153af4888cebabee531b4dec4edd2643548e0d74e812b9997f9f4,2026-08-27T08:30:00+05:30,True
LIVE_SHADOW_a8ce7268c8c42e,2026-08-27,Higher Education & Online Learning,e209ce08561912b0ec5b74add6ca98938475b6d469908f71c467422e6189fe64,47fcb853ca6725d304931fa402427474654c322a2c10e035763d74991dfe2cb3,2026-08-27T08:30:00+05:30,True
LIVE_SHADOW_2e99271b6a5266,2026-08-27,Stampings & Pressed Metal Auto Parts,15af64f251c33669d92929f8893ecac2dda3e55dc5d25dba591cc53f7af1837a,91b16c8c8a66f488d09bdf27a18f87d07a0a88eaee08bf148abefbc886abf280,2026-08-27T08:30:00+05:30,True
LIVE_SHADOW_8d00797a426a41,2026-08-27,Micro-Irrigation & Agri-Plastics,55cc768829b4e56ad447833d1f4680e56abc8b703872833dc91d0c3d314dd1d6,ae34e70a266926b1f68599d34a59bb26b36b3d612600d0eae44747071c716509,2026-08-27T08:30:00+05:30,True
LIVE_SHADOW_9b2bc37595f7cf,2026-08-27,Stainless Steel & Special Alloys,e7dc837ead2b940130341e51d778a96a276b2584ed8b62afcd4763e9fa51e764,50c43dddc7adf21cfe66960f37d9379352c354ed09f408674c0677078522adaf,2026-08-27T08:30:00+05:30,True
LIVE_SHADOW_d5b04f7c44340c,2026-08-27,Consumer Internet Platforms & Apps,606a279a52348c3a0901986601fa37e1a0459b3e21273480281170d5ace9438a,2efd387037866dff9b8d2b8ef1034f760ffa08ab69938a727423c0d15675454f,2026-08-27T08:30:00+05:30,True
LIVE_SHADOW_fad764290c7166,2026-08-27,Plastics Processing Machinery,061ab71c41aa9f22396b1f27ba6bc5efa4447e2e294922c8ab9199fb9d13024f,53d48e38d90a6b218cbd1c31aa4cb2b9649434af49639e6c6895de389444113e,2026-08-27T08:30:00+05:30,True
LIVE_SHADOW_ee6c6349add74c,2026-08-27,Industrial & Aerospace EMS,78e20f518092432f1494123880885f33c3220e991f464ac3bb83a2884e3dc95d,359a787ab55f889d8227860fdf7371645b7e8f54d39a5f9366a1b7546a5246f9,2026-08-27T08:30:00+05:30,True
LIVE_SHADOW_9747e7f321b834,2026-08-27,Power Transmission Grid,b357f76a51cdba92e190edff495beadfc3b5a00392faeff5562bee94038f8c13,48ff84718990b4bac892af0424b3c5299f44cbc62255764407ff7e82fefb8ce7,2026-08-27T08:30:00+05:30,True
LIVE_SHADOW_985074bd8946ed,2026-08-27,Iron Ore & Manganese Mining,4b3456e59582e14a20b1ff7cfbc41e39d08373ac99ecfed505b581fc37b6a588,3d53a9761aa0e773303dba8a125cb795f7a69a15d6cd9612d3ec547c396e8ec1,2026-08-27T08:30:00+05:30,True
LIVE_SHADOW_4cd0ea6d1c9a9e,2026-08-27,Consumer Lending & BNPL FinTech,85cd65bb0f4bf13a8b0e0c5cf5bef1681c29d24d5be36c07cb43027e6e179bd0,ca569d27e613f2e23700903cfe69097eae3d328d744bfcfe72f8c83a8d6f551e,2026-08-27T08:30:00+05:30,True
LIVE_SHADOW_e43acfb60c8cf5,2026-08-27,Edible Oils & Vanaspati,515f175f1d97cd36b73fe1375e5ab0af3eec2cd7d625d9e9bc8c47377973fbba,bdd3667ee9bdc50911b5662e62c95c9622e6ab2781672461fd8dc334a20083f6,2026-08-27T08:30:00+05:30,True
LIVE_SHADOW_a6eb6fa3047599,2026-08-27,Commercial REITs & Malls,45e37b12d384550558aad50fc24ead4e49cea94652ac9a0a8137b627ee114fb6,7ce2e32abffd48e5af79f1b7ad82c6cf7c2accf72c600bed7dc8b125eb90f037,2026-08-27T08:30:00+05:30,True
LIVE_SHADOW_3531145684e254,2026-08-27,Data Center Cooling & Liquid Systems,0a2feff315a7c8acfce54627437f8495a44071379782adb29786732fb958863b,f4506887967388c3d32e12f10f62f1bca6af8a17b8b98b14e5f34d85d234ed26,2026-08-27T08:30:00+05:30,True
LIVE_SHADOW_854f31b25844e2,2026-08-27,Eyewear Retail & Optical Products,142ef3bd18755c131fc5a1bf8869d4d5e98a53ec65b826a61abf1b763ad88559,723ceb26fdb4952080618e52340be42401aa6432658257e43e730ecbc879252f,2026-08-27T08:30:00+05:30,True
LIVE_SHADOW_8c65d7be13749d,2026-08-27,Branded Innerwear,58710ca6bdaea09819c6a1492255fcf4b21b078604fce464f803bd6f51c22a4e,e59b3bed444c87f69be3fbd9d41e7e380352643b8aa28ed358cded989b91e3cd,2026-08-27T08:30:00+05:30,True
LIVE_SHADOW_2965d12e583c2b,2026-08-27,Coated & Galvanised Steel,57c2fd03694592ecf7a4e8fe522aeaa69df0bfe87608d8b861d7d737fcdba281,7c6d742124a81e6fa325d9c255aee458807b8be9844899d561ef2b6d2e7a092d,2026-08-27T08:30:00+05:30,True
LIVE_SHADOW_e9a578b558ca2b,2026-08-27,Gold Finance,ca4ed7a2a5395f33ff5dd81cb6958e26bbd8b2ae54b2ec39671aef8115d06502,7c8f7cdbc3670b95e9a71cd241b1c932eb08e10299eb2e194b49bb7efd54e61d,2026-08-27T08:30:00+05:30,True
LIVE_SHADOW_2f28128d42d276,2026-08-27,Complex Fertilizers & Soil Nutrients,9d5b59499b1fcee885a200159dc64872ae81f7b3c2f12ff140c2dc637e966d6d,64750b9b66bf9676bd04868d45087bd0fd10682a7a3a7689df9763c1a524df43,2026-08-27T08:30:00+05:30,True
LIVE_SHADOW_4e1c52d480532b,2026-08-27,Naval Combat Warships & Submarines,1a653c07ed1f6ddbaf00c673b5efa02482d2a9da002979a968f7d4fd94412cc6,3279119ad5d83687c25ea9937a0a3b248b9266f8e0a345c933734b08943f6d6f,2026-08-27T08:30:00+05:30,True
LIVE_SHADOW_8400fec01a7f44,2026-08-27,Social Commerce & Marketplace,c0f03b667b85986e38faa2e016b9a5beb76bf3013e2b1a6a2f6a658eb325227c,da88b98f716879c6e1443d501ad5d7a39196c4041b80117b9bc89fe6e804f9fe,2026-08-27T08:30:00+05:30,True
LIVE_SHADOW_de5c98361bbe78,2026-08-27,Precision Bearings & Motion Controls,316134fcff876bbd5864a6d213bffa7cec51a6e4d224bd5ee9e233f757fc34ce,b6558aae1b78037d5a131ef83ff85b971748849cb5efff7599a6a55464a9bb0e,2026-08-27T08:30:00+05:30,True
LIVE_SHADOW_f5fcbd13d6438d,2026-08-27,Baby & Infant Nutrition,fbe9ef9ab878c81e30170c462686463005eeddf4402e10b5dcf4c53bb76e3ac1,b1d48138b006f5830833e2473a0cc6662293b55275070e752e964d6797fff45e,2026-08-27T08:30:00+05:30,True
LIVE_SHADOW_0746500911db65,2026-08-27,Leather & Industrial Footwear,ee1792bf32ac3ab5a589f3ffbf8e573f7845ee4b7045357a84d7edc993050f4c,23a016ef8509f1f223b68de74f056a434c4620455d27eaf51ecb2965f88c8a21,2026-08-27T08:30:00+05:30,True
LIVE_SHADOW_57481ae1253ad9,2026-08-27,State Commodity & Metals Trading,c6a579c749e55e9660dd7ffd022ebb1ee74233b984e63c65b732e25e4a8b1ddc,0cd02d7f8633929d576c4e6b4a6523c734e0d02a66d6a0f253657f08b9027bc7,2026-08-27T08:30:00+05:30,True
LIVE_SHADOW_26cc748f905265,2026-08-27,Online Travel Agency (OTA) & Flight Booking,6a45e44a58e3276b89a2326171d00b1a3fdea9098973179317c070eeb035cc1b,24b409c877857fa8c4abdf39968dda0abb6b7ee17a525574ca6164a581d6c793,2026-08-27T08:30:00+05:30,True
LIVE_SHADOW_c2f6eb7f5f9b99,2026-08-27,"Gaming, Esports & Mobile Games",d2825665bfd7af8626e454fb60356d801ffa50c967bc446a7723d645ce42da09,723e1e42bb1054fac5c94a6a9955efd102735a5acac964da655d6881052e17d4,2026-08-27T08:30:00+05:30,True
LIVE_SHADOW_e6571a7840b2e8,2026-08-27,Residential Townships & Commercial REITs,6b2ebb37fe7fe44761cdbe21ec91865e278d231c711b9364371097db988fa70c,feb8d60e71b345eba84f1fa59b933a1fedcb8a73059f807ace09e2b1ac9eed51,2026-08-27T08:30:00+05:30,True
LIVE_SHADOW_a918a2c7bea4d1,2026-08-27,Renewable Energy & Solar,8e9f4a16cc902a4573366ceeca0d7247c14ee608412def3463a9c7e2dd7d643e,77a7031359f51b375f3797c664352594c1f0914db854ad0796ad271d31589dc2,2026-08-27T08:30:00+05:30,True
LIVE_SHADOW_843b1a51780e0f,2026-08-27,Furniture & Mattresses,023b0d1f11835e346b4a06a2e1ab7933d06da2eacee9ff3897d2ab66c94044d6,d7639f303f2e2b26291072ead42505a4304ea0e580296d693e6d75f6869921b0,2026-08-27T08:30:00+05:30,True
LIVE_SHADOW_0ed795a348f0dd,2026-08-27,Specialty Ingredients & Flavours,248f255b68b2c12a5ea2dea45456fc63cb1da13a88fdbc2b30f8e1f8cffe2f36,d7d68b185479927314518318566d8bf13cafdf1f848af2b26a3764bd46514757,2026-08-27T08:30:00+05:30,True
LIVE_SHADOW_671f4fb6e50a24,2026-08-27,Heavy Infrastructure & Highways EPC,5b0aa1a55b918732a43bcc4b5339f2d23f8ddd60d23231abe41beb53a23ca8bd,8796545fadd71c8a13300413c46e63fe307cebef4fed0600711c187c279a0a40,2026-08-27T08:30:00+05:30,True
LIVE_SHADOW_6cb06736d78c9e,2026-08-27,Beauty & Fashion E-Commerce,78a8d2ce008a84ca646aacd65e7eafe235ee2c54c02beb3ef2bdab883313cd2a,f2a550a3771a4a2b442a15fc2593b0afea9dcbc4580f803903ebb275df7503f5,2026-08-27T08:30:00+05:30,True
LIVE_SHADOW_02c65f00d5d50e,2026-08-27,Refining & Marketing (OMC),5e5e0cbf274ea51bdfcb7b153ec3af0eb23c57dfa2d5b69cf010158e0b1d1ea6,fae694c8bc4c1acf34d4381c9d7c598406881b14af78036d8ff2b4433c75d183,2026-08-27T08:30:00+05:30,True
LIVE_SHADOW_7c210d0e8e9af0,2026-08-27,PVC Stabilizers & Additives,fd61fcec0d3d830e43b501d51b9df8578a2400559278ad46c8a99fd9a825b331,62fbb419300ad9888a9c1dc3e7a8b0136f69cedfcdbb5af7c8537aafb39e4207,2026-08-27T08:30:00+05:30,True
LIVE_SHADOW_7a5d0b8b64ab29,2026-08-27,Government Securities & Bond Dealing,8f14688967134fda8e0e4f0c34af015ccae7f3ac03823a5dd2c1a494bd771b2a,c2c43a1662d5578cddbd0a11f3d1ebf83508077dba9c659b23f40fac69a152c3,2026-08-27T08:30:00+05:30,True
LIVE_SHADOW_40fca3b8b1953d,2026-08-27,Consumer Electronics,58690394147540c04902f506b163e8ec1962b016bf0c677e8b9e576b79070b59,cf0d9c42847b07f71a72a723391d9e889455b13889b25e03e9cb435812b04db1,2026-08-27T08:30:00+05:30,True
LIVE_SHADOW_7d430e694b814e,2026-08-27,Rigid Plastic Containers & Drums,dcf6c8ff756d23f9de6628f79c39c94a3b49a5c3969700197a83c31595ec662e,43e2872f97b0b5c61c34abb02cb1621deb1feef68c968d6c9d182546149950b9,2026-08-27T08:30:00+05:30,True
LIVE_SHADOW_3015e35f6f765c,2026-08-27,Recycled Plastics & Circular Polymers,7aa7a0585df6b1cbeaa369b38d14a49eb9ad4f685d6814d78df71aeed5e086e3,f18d61ae174cbe21e2cdf35e3eb46988323672e81cae6d4d60f1c4a32dfd58b7,2026-08-27T08:30:00+05:30,True
LIVE_SHADOW_60ec1425d083b5,2026-08-27,Travel Tech & Revenue Management SaaS,73189c53ade2205379e3a6d823e8e8b28c4a514cf11a50d7bc85e954af5669af,f30cc43b6189cb1fef2999586dd8983f7f53527be8e15b9ec675a367a74f3eca,2026-08-27T08:30:00+05:30,True
LIVE_SHADOW_f9a1a7e1f297b2,2026-08-27,Quick Service Restaurants (QSR),987e822a88299807f17d38a583dd1cc0d088365f76389d95de394a3d435cb01b,f9a11d3db75dfe5b6ca3df2ac2eb33b2245d05b10df43f26666678d883ac6395,2026-08-27T08:30:00+05:30,True
LIVE_SHADOW_89587e9c8ee01c,2026-08-27,Integrated Grey Cement,6c0cb84bf4a25b59a11fb64ef203cdbb5a1910973b07393945b583a74a39c058,457990542611d8bcccbd3aba85588ac0569370d69f77b423973e9077af3ecc16,2026-08-27T08:30:00+05:30,True
LIVE_SHADOW_4aa998ac668d85,2026-08-27,IT Supply Chain & Technology Distribution,78117f5cb91140b6c784252346cad4dd7b2b4c579c6daaa793bf33217ad68ee9,6eb0437b50ffdc6e80011060c1f784ddcfe42d0ee70ff3b27427f59d01d3ac51,2026-08-27T08:30:00+05:30,True
LIVE_SHADOW_f20b0149f688fc,2026-08-27,Diamond Studded & Solitaires,44d27d8a22c32153fbb96b94f048eba83cdbac99f28d5efaa496f00b26c21548,b96c078195e4072a12afbaaadd9a1a8bcd39858d5e8d2f0ddbad78017d9833b3,2026-08-27T08:30:00+05:30,True
LIVE_SHADOW_19b8e373c87f18,2026-08-27,Luggage & Travel Gear,fcffe9c78221982ce9110072d024bc726a3dfeb0793d7e846da48a593d8b3fc8,cbe2cf12f9f58a266de5982d185e46c8659aabb1db23a063a421f3e7ea80fed7,2026-08-27T08:30:00+05:30,True
LIVE_SHADOW_1efae5cab8051f,2026-08-27,Auto Body & Closure Systems,89a8799cdd8fbcbeb58d766597c6d21bcbd5e16051fd8c4459906ff66f7b3522,36c19d3bfb0afac1f342220b443a6db40ae9a7340f5a3483e20c3a963f0101e9,2026-08-27T08:30:00+05:30,True
LIVE_SHADOW_d2f5b76c1d23c8,2026-08-27,Iron Ore Mining,d7ae9d8d2a281eb6a3a414e76d3833c92a1a5e5a59585f223fd9055f3b0ab61e,a21b1d6b20bf719432d37ecbb8a5f456ec7d0a7500f9b8a0f29375ac2f90e8a0,2026-08-27T08:30:00+05:30,True
LIVE_SHADOW_a7efb406ea59d9,2026-08-27,Auto Glass & Safety Systems,e42c2ecad1faa86f9cea9aaddc5a5adcd76a3e422c295c7f7fbdd82fb363179d,777c21ef7a38effeb85466d680149acc2d16890e643b388d934a8c20bace9735,2026-08-27T08:30:00+05:30,True
LIVE_SHADOW_42e1d2b1241c69,2026-08-27,Last Mile & Quick Commerce Logistics,953e98faa646fa912db06f734b03fa135dd44c4b78afbbdd4d7c7d963fee4e31,705804f8d888fc416bc7528f6b812f1ae79f5ea074815b23f57ca20b71d5fece,2026-08-27T08:30:00+05:30,True
LIVE_SHADOW_bb5c59ecbee674,2026-08-27,Power Transformers & Electrical Equipment,5ad809eabfcec3d720bbdaf8a831ccc40ea996f0a121a3baf549b9418d58b205,121d1dd1fef0a35a8c89bd15d657899d8945ae33133f3208e2d767c69e9e4cff,2026-08-27T08:30:00+05:30,True
LIVE_SHADOW_117f5662b761df,2026-08-27,Industrial Distribution & Logistics,5e6ad314523d7a50818dda4960f317f15c8e8f19b318bf29456b99693dfae9fa,559d246ce72164345a67f48e09a650983cce938342aa6039724801c4559697bf,2026-08-27T08:30:00+05:30,True
LIVE_SHADOW_800ab8ac5af21c,2026-08-27,Excipients & Pharma Binders,91869fffbbb4107e1f393fda12f78581df7c4e32b205c876b82c11214be6ee7f,2e0aeaf37009e878c153350514ba5063413ec920256dbb5c7e38b1ffb62fdb28,2026-08-27T08:30:00+05:30,True
LIVE_SHADOW_9ac7c2340d2a9d,2026-08-27,Breweries & Beer,7b95cf40e78bdfd25978ca01a63998d1190f67a3823b02dd84aca2d788fbfa87,e6fed295bc3a0322fb8fc40c4b3dacfb269cd02c15f3ef9a8b17207b8ec90f91,2026-08-27T08:30:00+05:30,True
LIVE_SHADOW_3af9f88489c4b3,2026-08-27,Semiconductor Assembly & Packaging (OSAT),1c5e01fd3247627d667efa901e428faffd30dc03332081a398383fa9f0e182bf,3ef3121d9888057f959e1fd03d7ba6c3b7e7fe0ba7b39b56f47dbb0ddbf251de,2026-08-27T08:30:00+05:30,True
LIVE_SHADOW_e52032b834880a,2026-08-27,Optical Fibre Cables & Telecom Infra,b6a8a4c42403f7f49f1180c54fb3fbc96956d6477c57c605a852340f6a7207e6,e8cafa7795e886514ef8447112cc4008a6194cf79f590f0b5ba1f2c1fe303021,2026-08-27T08:30:00+05:30,True
LIVE_SHADOW_8cf76a5e4d485f,2026-08-27,Auto Braking & Suspension,24405cd93949f46b6c3215f216aeb6721d00d85b14f8fbf597d0d6a5344eca96,f08ccd408e2d85142531c3bb2115da9270f4955f9adf6aaa430eae51ec17fcde,2026-08-27T08:30:00+05:30,True
LIVE_SHADOW_415908d293af25,2026-08-27,Food Delivery & Quick Commerce,e65b952adc25bdf6dcb26fdc472c5c521a73e2a689a3c1619d58d66e956eeaf2,4245f47bc9d5aff604eb3e1e844594716d348b8e181d098330cc47502ad252bf,2026-08-27T08:30:00+05:30,True
LIVE_SHADOW_43afc014b3b66d,2026-08-27,Fuel Retailing (OMC),0cf00b02e7616969aa447016411ba44a4d89b479827d38282b6aa9451ff15c5a,4aa6096d58ee84fb908797c7065bbab6c52dfa7a0d08f127547eb65450a44156,2026-08-27T08:30:00+05:30,True
LIVE_SHADOW_a174a99daf279f,2026-08-27,B2B Travel Distribution Platform,9008b4351b837c7aa1f8936648c426dd9e958cf61c687bc1d6f98156bce70940,48a46758875897c27a6832346b07c09299c33d4c062843427146791bc2b4f242,2026-08-27T08:30:00+05:30,True
LIVE_SHADOW_a4dcb1993ddaf8,2026-08-27,Mining Equipment & Mill Liners,12b9f3385fd5c36c6c50f6cbffb354c33ef33252387e249ab56c3528d4660a0d,c4c502bca39388a06b4274c367408a34f2a6d24f9a2e8cbdff2ea55da4de0bf4,2026-08-27T08:30:00+05:30,True
LIVE_SHADOW_7100c3a17b7afc,2026-08-27,Auto Emission & Exhaust Systems,02df293a2a28e263ab20588d56bd2ad3290cd0ef2e7dff86205b828bada04690,b75e1d7557749a10a380d67378203c124a7738d504b5590a94dc9597dea1b83b,2026-08-27T08:30:00+05:30,True
LIVE_SHADOW_7497de41908f52,2026-08-27,Industrial Rubber & Specialty Materials,28c1ed8cb1f9a262e9fc44dedf8414b09ac9baf284728913c8b1c7e51801b109,5f7208130548a4be57c8086dc7718eb340cc612b4ff2386c4310368f85b68166,2026-08-27T08:30:00+05:30,True
LIVE_SHADOW_b2591cb1191fde,2026-08-27,Power Transmission Line EPC,3ef5671e66d6df66441440484bcd3b53fd83a43c5799746d0db7a7972f3ca14d,26c67a74e694add639d65a38c318a0d2a0886111c5fb91371de9cc72a38d1fc0,2026-08-27T08:30:00+05:30,True
LIVE_SHADOW_4a6694142c18b2,2026-08-27,Integrated Supply Chain & 3PL,c1f98e13f37678237e130f9f5782a80c7aee907cacc9957c9549b6b65e4fdc9c,916ece8193cc8283ff3887fa00d901f3e2b0d1aec7b4b8185681f0025a36fb2e,2026-08-27T08:30:00+05:30,True
LIVE_SHADOW_f0198cf928dfae,2026-08-27,Film Theatres & Broadcast Media,31127a22e66b70b8c53370f595f67caaf03b28776bb9bf28f9b7a6fbbaeb17f1,695b75e93f3149ace6cffbe2e8c61b9f08d11962610f5bb42b39108323348cd4,2026-08-27T08:30:00+05:30,True
LIVE_SHADOW_196b7e70fb6cf6,2026-08-27,Professional & Vocational Training,9d8b673814c8c868ceb69984442dddb4d136e18cb78d3ee90d1b938ca0b5bf00,e1c67d2cd45d4efe769366ad951c2f0423c92ab52004be0e28509953c5f92778,2026-08-27T08:30:00+05:30,True
LIVE_SHADOW_b7668b54455d51,2026-08-27,Contract Research & Biologicals,708158197dfd24c7ffd29de27ff87246a233b2b8a321ab865d7749bc1fde1ea0,068a6b60faf41757b109cb95a5fd9786a246ea15bb3b7692dc4dfdd9326445ea,2026-08-27T08:30:00+05:30,True
LIVE_SHADOW_8993f5ca448fb8,2026-08-27,Fighter Aircraft & Aerospace Systems,779c12e928a19be52d244a5df071a8714de8416d32f92bd52c285cc457402285,f0908930d6ddc65c109ea3bae03a1cde1ee9f7e7674fc5b7426f8c9e04fa2c29,2026-08-27T08:30:00+05:30,True
LIVE_SHADOW_3d121c031e4400,2026-08-27,Seafood & Aquafeed,4b6aebf37143972bcb411e367dcfdc1f9cd7ee471716a57dcc1aa27875e835f5,0be495db5bd9b0c7ebd9ba9e8898322dc38c67f3636765b39ad1fc062f6f13b5,2026-08-27T08:30:00+05:30,True
LIVE_SHADOW_db4ef666479cac,2026-08-27,Specialty Stainless & Alloy Steel,2d10d39561918b4d91d226a2e0cfb099029166a7b7830c8e465c4f4eea6bfd06,c0918d47afa5a5088bacb8d3c132ad5fa7354b608f54f30b9ca56dfb4748463c,2026-08-27T08:30:00+05:30,True
