date,industry,v32_exp_20d,v33_exp_20d,v32_p10_20d,v33_p10_20d,v32_p90_20d,v33_p90_20d,v32_exp_60d,v33_exp_60d,regime,rating
2026-07-27,Banks,3.93,-2.32,-6.43,-15.79,14.29,11.15,12.55,12.55,HIGH_VOLATILITY,BUY
2026-07-27,Copper Mining,6.46,1.94,-3.9,-11.53,16.82,15.41,20.11,20.11,HIGH_VOLATILITY,NEUTRAL
2026-07-27,Healthcare,-3.59,-2.58,-13.95,-16.05,6.77,10.88,-5.0,-5.0,HIGH_VOLATILITY,AVOID
2026-07-27,Residential & Commercial Real Estate,-6.09,-3.62,-16.45,-17.09,4.27,9.85,-12.02,-12.02,HIGH_VOLATILITY,AVOID
2026-07-27,Superalloys & Special Metals,-7.2,-0.49,-17.56,-13.96,3.16,12.98,-15.17,-15.17,HIGH_VOLATILITY,AVOID
2026-07-27,Automobile OEMs,-2.5,-1.89,-12.86,-15.36,7.86,11.57,-3.05,-3.05,HIGH_VOLATILITY,NEUTRAL
2026-07-27,Utilities,-6.18,4.72,-16.54,-8.75,4.18,18.19,-16.51,-16.51,HIGH_VOLATILITY,AVOID
2026-07-27,Air Conditioners & AC Components,-9.95,-0.46,-20.31,-13.92,0.41,13.01,-17.85,-17.85,HIGH_VOLATILITY,AVOID
2026-07-27,API & CDMO / CRAMS,0.45,-1.6,-9.91,-15.07,10.81,11.87,4.65,4.65,HIGH_VOLATILITY,NEUTRAL
2026-07-27,Agrochemicals & Pesticides,-9.11,-0.49,-19.47,-13.96,1.25,12.98,-20.34,-20.34,HIGH_VOLATILITY,AVOID
2026-07-27,Pharmaceuticals,-3.69,-3.16,-14.05,-16.63,6.67,10.3,-1.74,-1.74,HIGH_VOLATILITY,NEUTRAL
2026-07-27,Power Sector Financing NBFC,2.01,0.94,-8.35,-12.53,12.37,14.4,4.46,4.46,HIGH_VOLATILITY,WATCH
2026-07-27,IT Consulting & Software,-6.27,-4.37,-16.63,-17.84,4.09,9.09,-15.17,-15.17,HIGH_VOLATILITY,AVOID
2026-07-27,Capital Markets & Asset Management,-6.98,-3.11,-17.34,-16.58,3.38,10.36,-12.81,-12.81,HIGH_VOLATILITY,AVOID
2026-07-27,Heavy Electrical Equipment,6.24,2.6,-4.12,-10.87,16.6,16.07,19.14,19.14,HIGH_VOLATILITY,NEUTRAL
2026-07-27,Auto Parts & Equipment,3.31,-2.32,-7.05,-15.79,13.67,11.15,10.9,10.9,HIGH_VOLATILITY,BUY
2026-07-27,Railway Wagons & Equipment,-9.25,-0.46,-19.61,-13.92,1.11,13.01,-20.42,-20.42,HIGH_VOLATILITY,AVOID
2026-07-27,Specialty Chemicals,-1.21,-3.43,-11.57,-16.9,9.15,10.04,-2.45,-2.45,HIGH_VOLATILITY,NEUTRAL
2026-07-27,Capital Goods,0.46,-2.89,-9.9,-16.35,10.82,10.58,5.12,5.12,HIGH_VOLATILITY,NEUTRAL
2026-07-27,Financial Services,-4.45,-3.39,-14.81,-16.86,5.91,10.08,-9.07,-9.07,HIGH_VOLATILITY,AVOID
2026-07-27,"Hotels, Resorts & QSR",-7.19,-3.27,-17.55,-16.74,3.17,10.2,-14.99,-14.99,HIGH_VOLATILITY,AVOID
2026-07-27,Tyres & Rubber Products,-3.93,-3.33,-14.29,-16.8,6.43,10.13,-6.32,-6.32,HIGH_VOLATILITY,AVOID
2026-07-27,Auto Glass,-2.76,0.11,-13.12,-13.36,7.6,13.58,3.44,3.44,HIGH_VOLATILITY,NEUTRAL
2026-07-27,Steel Manufacturing & Mining,7.69,-2.96,-2.67,-16.43,18.05,10.51,19.36,19.36,HIGH_VOLATILITY,WATCH
2026-07-27,Water & Wastewater Treatment,-4.49,-3.23,-14.85,-16.7,5.87,10.24,-12.88,-12.88,HIGH_VOLATILITY,AVOID
2026-07-27,Breweries & Distilleries,-3.28,-2.81,-13.64,-16.28,7.08,10.66,-1.62,-1.62,HIGH_VOLATILITY,NEUTRAL
2026-07-27,Oil Gas & Consumable Fuels,7.31,2.64,-3.05,-10.83,17.67,16.11,20.02,20.02,HIGH_VOLATILITY,WATCH
2026-07-27,Sugar & Bio-Ethanol,-3.56,-3.19,-13.92,-16.65,6.8,10.28,-6.45,-6.45,HIGH_VOLATILITY,AVOID
2026-07-27,Civil Construction & Infrastructure,-8.16,-3.73,-18.52,-17.2,2.2,9.74,-16.25,-16.25,HIGH_VOLATILITY,AVOID
2026-07-27,Affordable Housing Finance Company,-9.68,-0.46,-20.04,-13.92,0.68,13.01,-21.26,-21.26,HIGH_VOLATILITY,AVOID
2026-07-27,Software Products & Digital Services,-1.22,-3.63,-11.58,-17.1,9.14,9.84,-3.35,-3.35,HIGH_VOLATILITY,NEUTRAL
2026-07-27,Zinc & Silver Mining,8.65,1.94,-1.71,-11.53,19.01,15.41,22.99,22.99,HIGH_VOLATILITY,WATCH
2026-07-27,Asset Management Company (AMC),-5.53,-1.77,-15.89,-15.23,4.83,11.7,-9.9,-9.9,HIGH_VOLATILITY,AVOID
2026-07-27,Wealth & Asset Management,3.51,2.27,-6.85,-11.19,13.87,15.74,14.5,14.5,HIGH_VOLATILITY,BUY
2026-07-27,Railways,-0.41,-1.91,-10.77,-15.38,9.95,11.55,1.66,1.66,HIGH_VOLATILITY,NEUTRAL
2026-07-27,Water & Wastewater Treatment,-9.94,0.77,-20.3,-12.7,0.42,14.24,-17.83,-17.83,HIGH_VOLATILITY,AVOID
2026-07-27,Air Conditioners & Appliances,-6.34,-3.22,-16.7,-16.69,4.02,10.25,-14.81,-14.81,HIGH_VOLATILITY,AVOID
2026-07-27,Power Generation & Distribution,-6.79,-0.68,-17.15,-14.15,3.57,12.79,-15.35,-15.35,HIGH_VOLATILITY,AVOID
2026-07-27,Microfinance NBFC,6.61,2.46,-3.75,-11.01,16.97,15.93,19.61,19.61,HIGH_VOLATILITY,NEUTRAL
2026-07-27,Renewable Energy,-1.84,-3.06,-12.2,-16.53,8.52,10.4,-5.03,-5.03,HIGH_VOLATILITY,NEUTRAL
2026-07-27,Telecommunication,-2.19,-3.16,-12.55,-16.63,8.17,10.3,-2.46,-2.46,HIGH_VOLATILITY,NEUTRAL
2026-07-27,Pharmaceuticals & Biotechnology,0.62,-2.72,-9.74,-16.19,10.98,10.75,6.04,6.04,HIGH_VOLATILITY,NEUTRAL
2026-07-27,Paints & Coatings,-5.98,-0.49,-16.34,-13.96,4.38,12.98,-13.43,-13.43,HIGH_VOLATILITY,AVOID
2026-07-27,Structural Steel Tubes & Pipes,5.19,2.14,-5.17,-11.33,15.55,15.61,17.39,17.39,HIGH_VOLATILITY,STRONG BUY
2026-07-27,Plastic Pipes & Fittings,-5.28,-3.16,-15.64,-16.63,5.08,10.3,-12.58,-12.58,HIGH_VOLATILITY,AVOID
2026-07-27,Tractors & Farm Equipment,-9.67,-0.49,-20.03,-13.96,0.69,12.98,-20.67,-20.67,HIGH_VOLATILITY,AVOID
2026-07-27,Explosives & Defence Chemicals,5.31,2.46,-5.05,-11.01,15.67,15.93,18.88,18.88,HIGH_VOLATILITY,NEUTRAL
2026-07-27,Services,-2.87,-1.89,-13.23,-15.36,7.49,11.57,-4.64,-4.64,HIGH_VOLATILITY,AVOID
2026-07-27,Power Generation & Utilities,-6.16,-3.11,-16.52,-16.58,4.2,10.36,-10.44,-10.44,HIGH_VOLATILITY,AVOID
2026-07-27,Information Technology,-3.91,-1.94,-14.27,-15.4,6.45,11.53,-7.28,-7.28,HIGH_VOLATILITY,AVOID
2026-07-27,Diagnostic & Healthcare Laboratories,-3.68,-0.14,-14.04,-13.61,6.68,13.33,-13.2,-13.2,HIGH_VOLATILITY,AVOID
2026-07-27,Tea & Coffee,-5.89,-3.11,-16.25,-16.58,4.47,10.36,-9.22,-9.22,HIGH_VOLATILITY,AVOID
2026-07-27,Aerospace & Defence,1.3,-2.66,-9.06,-16.13,11.66,10.8,7.29,7.29,HIGH_VOLATILITY,NEUTRAL
2026-07-27,Wires & Cables,-0.17,-2.65,-10.53,-16.12,10.19,10.82,3.53,3.53,HIGH_VOLATILITY,NEUTRAL
2026-07-27,Packaged Foods & Consumer Staples,-5.87,-3.33,-16.23,-16.8,4.49,10.13,-7.59,-7.59,HIGH_VOLATILITY,AVOID
2026-07-27,Asset Management & Wealth,0.35,-2.34,-10.01,-15.8,10.71,11.13,-1.75,-1.75,HIGH_VOLATILITY,NEUTRAL
2026-07-27,Logistics & Transportation,-3.36,-3.33,-13.72,-16.8,7.0,10.13,-7.44,-7.44,HIGH_VOLATILITY,AVOID
2026-07-27,Construction Materials,4.09,2.36,-6.27,-11.11,14.45,15.82,15.61,15.61,HIGH_VOLATILITY,REDUCE
2026-07-27,Plastic Pipes & Moulded Products,-11.09,0.43,-21.45,-13.03,-0.73,13.9,-20.47,-20.47,HIGH_VOLATILITY,AVOID
2026-07-27,Chemicals,-6.97,-3.1,-17.33,-16.57,3.39,10.37,-11.69,-11.69,HIGH_VOLATILITY,AVOID
2026-07-27,Paints,-3.71,-1.5,-14.07,-14.97,6.65,11.97,-8.14,-8.14,HIGH_VOLATILITY,AVOID
2026-07-27,Railway Telecom,-9.49,-0.49,-19.85,-13.96,0.87,12.98,-20.86,-20.86,HIGH_VOLATILITY,AVOID
2026-07-27,Commodity Chemicals,-3.72,-3.54,-14.08,-17.01,6.64,9.92,-1.75,-1.75,HIGH_VOLATILITY,NEUTRAL
2026-07-27,Project Management & Civil Construction,-7.67,-0.49,-18.03,-13.96,2.69,12.98,-17.47,-17.47,HIGH_VOLATILITY,AVOID
2026-07-27,Construction,-2.17,-1.91,-12.53,-15.38,8.19,11.55,2.65,2.65,HIGH_VOLATILITY,NEUTRAL
2026-07-27,Fertilizers & Agrochemicals,-7.31,-3.54,-17.67,-17.01,3.05,9.92,-17.31,-17.31,HIGH_VOLATILITY,AVOID
2026-07-27,Aluminium & Mining,-3.46,-3.4,-13.82,-16.87,6.9,10.07,-5.15,-5.15,HIGH_VOLATILITY,NEUTRAL
2026-07-27,Paper & Paper Products,0.01,-1.51,-10.35,-14.98,10.37,11.96,-3.61,-3.61,HIGH_VOLATILITY,NEUTRAL
2026-07-27,Copper & Non-Ferrous Metals,6.51,2.1,-3.85,-11.37,16.87,15.56,14.78,14.78,HIGH_VOLATILITY,BUY
2026-07-27,Pumps & Compressors,-4.81,-2.45,-15.17,-15.92,5.55,11.02,-4.15,-4.15,HIGH_VOLATILITY,NEUTRAL
2026-07-27,Insurance,-6.55,-3.11,-16.91,-16.58,3.81,10.36,-12.23,-12.23,HIGH_VOLATILITY,AVOID
2026-07-27,"Logistics, Ports & Supply Chain",0.43,-2.22,-9.93,-15.69,10.79,11.25,3.08,3.08,HIGH_VOLATILITY,NEUTRAL
2026-07-27,Automobile and Auto Components,-0.0,-2.68,-10.36,-16.14,10.36,10.79,3.94,3.94,HIGH_VOLATILITY,NEUTRAL
2026-07-27,Saw Pipes & Ductile Iron Pipes,-0.76,2.1,-11.12,-11.37,9.6,15.56,8.01,8.01,HIGH_VOLATILITY,NEUTRAL
2026-07-27,Packaged Foods & FMCG Staples,-3.88,-3.39,-14.24,-16.86,6.48,10.08,-7.25,-7.25,HIGH_VOLATILITY,AVOID
2026-07-27,Hospitals & Diagnostic Centres,-1.35,-2.5,-11.71,-15.96,9.01,10.97,-0.84,-0.84,HIGH_VOLATILITY,NEUTRAL
2026-07-27,Pipes & Tubes,-3.46,-3.4,-13.82,-16.87,6.9,10.07,-6.99,-6.99,HIGH_VOLATILITY,AVOID
2026-07-27,Plywood & Boards,-8.6,-0.49,-18.96,-13.96,1.76,12.98,-15.88,-15.88,HIGH_VOLATILITY,AVOID
2026-07-27,Mining & Mineral Products,-0.54,-1.83,-10.9,-15.3,9.82,11.63,0.79,0.79,HIGH_VOLATILITY,NEUTRAL
2026-07-27,Railway Infrastructure & Consulting,-9.62,-0.49,-19.98,-13.96,0.74,12.98,-21.18,-21.18,HIGH_VOLATILITY,AVOID
2026-07-27,Auto Lighting,6.79,2.46,-3.57,-11.01,17.15,15.93,20.2,20.2,HIGH_VOLATILITY,NEUTRAL
2026-07-27,Renewable Energy Financing NBFC,-8.32,-0.46,-18.68,-13.92,2.04,13.01,-18.95,-18.95,HIGH_VOLATILITY,AVOID
2026-07-27,Internet & Digital Platforms,-6.42,-3.32,-16.78,-16.79,3.94,10.15,-11.9,-11.9,HIGH_VOLATILITY,AVOID
2026-07-27,Non Banking Financial Company (NBFC),-1.96,-3.54,-12.32,-17.01,8.4,9.92,-2.76,-2.76,HIGH_VOLATILITY,NEUTRAL
2026-07-27,Housing & Urban Infrastructure Financing,-5.52,-0.14,-15.88,-13.61,4.84,13.33,-14.63,-14.63,HIGH_VOLATILITY,AVOID
2026-07-27,Batteries,7.64,0.16,-2.72,-13.31,18.0,13.63,17.36,17.36,HIGH_VOLATILITY,STRONG BUY
2026-07-27,Media Entertainment & Publication,0.84,-1.85,-9.52,-15.31,11.2,11.62,4.51,4.51,HIGH_VOLATILITY,NEUTRAL
2026-07-27,Batteries,-11.15,0.43,-21.51,-13.03,-0.79,13.9,-20.59,-20.59,HIGH_VOLATILITY,AVOID
2026-07-27,Fertilizers,-9.21,-0.49,-19.57,-13.96,1.15,12.98,-20.74,-20.74,HIGH_VOLATILITY,AVOID
2026-07-27,Diversified & Fashion Retail,-10.17,-0.72,-20.53,-14.18,0.19,12.75,-19.78,-19.78,HIGH_VOLATILITY,AVOID
2026-07-27,Consumer Services,-5.56,-1.94,-15.92,-15.4,4.8,11.53,-11.42,-11.42,HIGH_VOLATILITY,AVOID
2026-07-27,Passenger Cars & Utility Vehicles,6.97,2.96,-3.39,-10.51,17.33,16.42,19.1,19.1,HIGH_VOLATILITY,BUY
2026-07-27,Realty,-9.02,-0.49,-19.38,-13.96,1.34,12.98,-20.73,-20.73,HIGH_VOLATILITY,AVOID
2026-07-27,Railway Ticketing & Catering,-8.78,-0.46,-19.14,-13.92,1.58,13.01,-20.09,-20.09,HIGH_VOLATILITY,AVOID
2026-07-27,Batteries & Energy Storage,-10.07,0.43,-20.43,-13.03,0.29,13.9,-19.32,-19.32,HIGH_VOLATILITY,AVOID
2026-07-27,Travel Tech SaaS Solutions,6.27,2.39,-4.09,-11.08,16.63,15.86,19.44,19.44,HIGH_VOLATILITY,NEUTRAL
2026-07-27,Edible Oils,-8.76,-0.49,-19.12,-13.96,1.6,12.98,-19.83,-19.83,HIGH_VOLATILITY,AVOID
2026-07-27,Diversified Retail,-6.94,-3.56,-17.3,-17.03,3.42,9.91,-16.2,-16.2,HIGH_VOLATILITY,AVOID
2026-07-27,Fast Moving Consumer Goods,-5.36,-3.09,-15.72,-16.56,5.0,10.37,-11.41,-11.41,HIGH_VOLATILITY,AVOID
2026-07-27,Railway Financing,-8.82,-0.46,-19.18,-13.92,1.54,13.01,-20.03,-20.03,HIGH_VOLATILITY,AVOID
2026-07-27,Electronic Manufacturing Services (EMS),-7.97,-3.05,-18.33,-16.51,2.39,10.42,-11.71,-11.71,HIGH_VOLATILITY,AVOID
2026-07-27,Ship Building & Defence,-4.05,-2.38,-14.41,-15.85,6.31,11.09,-11.49,-11.49,HIGH_VOLATILITY,AVOID
2026-07-27,Railway Infrastructure,-8.56,-0.46,-18.92,-13.92,1.8,13.01,-19.7,-19.7,HIGH_VOLATILITY,AVOID
2026-07-27,Electronic Manufacturing Services (EMS),-10.93,0.4,-21.29,-13.07,-0.57,13.87,-21.44,-21.44,HIGH_VOLATILITY,AVOID
2026-07-27,Diversified Commercial,-3.1,-3.56,-13.46,-17.03,7.26,9.9,-5.27,-5.27,HIGH_VOLATILITY,AVOID
2026-07-27,Oil Exploration & Refining,-4.31,-3.4,-14.67,-16.87,6.05,10.07,-7.04,-7.04,HIGH_VOLATILITY,AVOID
2026-07-27,Packaging Materials & Containers,0.79,-1.85,-9.57,-15.31,11.15,11.62,1.23,1.23,HIGH_VOLATILITY,WATCH
2026-07-27,Cement & Clinker,-7.64,-3.73,-18.0,-17.2,2.72,9.74,-17.04,-17.04,HIGH_VOLATILITY,AVOID
2026-07-27,Electronic Manufacturing Services (EMS),7.55,-2.32,-2.81,-15.79,17.91,11.15,16.47,16.47,HIGH_VOLATILITY,BUY
2026-07-27,Hotels & Restaurants,-8.77,-3.44,-19.13,-16.91,1.59,10.03,-16.58,-16.58,HIGH_VOLATILITY,AVOID
2026-07-27,Air Conditioners & AC Components,-2.36,-3.23,-12.72,-16.7,8.0,10.24,-9.16,-9.16,HIGH_VOLATILITY,AVOID
2026-07-27,Lubricants & Specialty Oils,-2.45,-2.45,-12.81,-15.92,7.91,11.02,-2.84,-2.84,HIGH_VOLATILITY,NEUTRAL
2026-07-27,Cement,-3.75,-2.45,-14.11,-15.92,6.61,11.02,-4.23,-4.23,HIGH_VOLATILITY,NEUTRAL
2026-07-27,Civil Buildings & Commercial EPC,-7.72,-0.46,-18.08,-13.92,2.64,13.01,-18.1,-18.1,HIGH_VOLATILITY,AVOID
2026-07-27,Civil Construction & Infrastructure EPC,-7.99,-2.85,-18.35,-16.32,2.37,10.62,-17.52,-17.52,HIGH_VOLATILITY,AVOID
2026-07-27,Telecom Services & Infrastructure,-1.45,-2.81,-11.81,-16.28,8.91,10.66,1.93,1.93,HIGH_VOLATILITY,NEUTRAL
2026-07-27,Transformers & T&D Equipment,2.41,-2.27,-7.95,-15.74,12.77,11.19,9.63,9.63,HIGH_VOLATILITY,NEUTRAL
2026-07-27,Ceramics & Tiles,-6.84,-2.74,-17.2,-16.21,3.52,10.73,-13.23,-13.23,HIGH_VOLATILITY,AVOID
2026-07-27,Consumer Durables,1.97,-1.92,-8.39,-15.38,12.33,11.55,4.69,4.69,HIGH_VOLATILITY,WATCH
2026-07-27,"Plywood, MDF & Laminates",-5.82,-3.11,-16.18,-16.58,4.54,10.36,-8.7,-8.7,HIGH_VOLATILITY,AVOID
2026-07-27,Bearings & Friction Solutions,-0.33,-2.81,-10.69,-16.28,10.03,10.66,1.28,1.28,HIGH_VOLATILITY,NEUTRAL
2026-07-27,"Textiles, Yarns & Apparel",-2.81,-3.33,-13.17,-16.8,7.55,10.13,-3.87,-3.87,HIGH_VOLATILITY,NEUTRAL
2026-07-27,Roads & Highways EPC,-11.26,0.43,-21.62,-13.03,-0.9,13.9,-20.86,-20.86,HIGH_VOLATILITY,AVOID
2026-07-27,Packaging & Containers,2.94,-1.62,-7.42,-15.09,13.3,11.85,4.98,4.98,HIGH_VOLATILITY,WATCH
2026-07-27,Metals & Mining,1.26,-1.69,-9.1,-15.16,11.62,11.77,7.97,7.97,HIGH_VOLATILITY,NEUTRAL
2026-07-27,Dairy Products,-8.24,0.43,-18.6,-13.03,2.12,13.9,-16.83,-16.83,HIGH_VOLATILITY,AVOID
2026-07-27,Textiles,1.99,-1.62,-8.37,-15.09,12.35,11.85,11.5,11.5,HIGH_VOLATILITY,BUY
2026-07-27,Footwear,-7.09,-0.46,-17.45,-13.92,3.27,13.01,-16.15,-16.15,HIGH_VOLATILITY,AVOID
2026-07-27,Stockbroking & Financial Products,-4.63,-3.4,-14.99,-16.87,5.73,10.07,-9.6,-9.6,HIGH_VOLATILITY,AVOID
2026-07-27,Media & Entertainment,-6.36,-3.45,-16.72,-16.92,4.0,10.02,-11.69,-11.69,HIGH_VOLATILITY,AVOID
2026-07-27,Renewable Energy - Solar & Wind,-9.54,-2.75,-19.9,-16.22,0.82,10.72,-16.5,-16.5,HIGH_VOLATILITY,AVOID
2026-07-27,Gas Transmission & Distribution,-7.74,-3.11,-18.1,-16.58,2.62,10.36,-13.52,-13.52,HIGH_VOLATILITY,AVOID
2026-07-27,Data Centers & Real Estate,6.78,2.48,-3.58,-10.99,17.14,15.94,20.26,20.26,HIGH_VOLATILITY,BUY
2026-07-27,Hospitals & Healthcare Services,7.73,2.46,-2.63,-11.01,18.09,15.93,20.96,20.96,HIGH_VOLATILITY,WATCH
2026-07-27,Power,-1.73,-3.15,-12.09,-16.62,8.63,10.32,-1.64,-1.64,HIGH_VOLATILITY,NEUTRAL
2026-07-27,Rubber Chemicals,-10.43,0.4,-20.79,-13.07,-0.07,13.87,-18.96,-18.96,HIGH_VOLATILITY,AVOID
2026-07-27,Iron & Steel,0.71,-2.72,-9.65,-16.19,11.07,10.75,6.86,6.86,HIGH_VOLATILITY,NEUTRAL
2026-07-27,Gas Distribution,-4.82,-0.45,-15.18,-13.92,5.54,13.01,-12.78,-12.78,HIGH_VOLATILITY,AVOID
2026-07-27,Textiles & Apparel,-3.28,-3.56,-13.64,-17.03,7.08,9.9,-5.46,-5.46,HIGH_VOLATILITY,AVOID
2026-07-28,"Logistics, Ports & Supply Chain",-1.25,-2.81,-11.61,-16.28,9.11,10.66,-1.22,-1.22,HIGH_VOLATILITY,NEUTRAL
2026-07-28,Dairy Products,-10.18,0.43,-20.54,-13.03,0.18,13.9,-19.21,-19.21,HIGH_VOLATILITY,AVOID
2026-07-28,Railway Telecom,-9.18,-0.46,-19.54,-13.92,1.18,13.01,-20.65,-20.65,HIGH_VOLATILITY,AVOID
2026-07-28,Asset Management Company (AMC),-5.82,-3.16,-16.18,-16.63,4.54,10.3,-10.15,-10.15,HIGH_VOLATILITY,AVOID
2026-07-28,Batteries,-11.41,0.43,-21.77,-13.03,-1.05,13.9,-21.21,-21.21,HIGH_VOLATILITY,AVOID
2026-07-28,Packaging & Containers,-5.53,-3.05,-15.89,-16.51,4.83,10.42,-6.13,-6.13,HIGH_VOLATILITY,AVOID
2026-07-28,Aluminium & Mining,-3.67,-3.4,-14.03,-16.87,6.69,10.07,-5.95,-5.95,HIGH_VOLATILITY,AVOID
2026-07-28,Water & Wastewater Treatment,-4.81,-3.14,-15.17,-16.6,5.55,10.33,-13.43,-13.43,HIGH_VOLATILITY,AVOID
2026-07-28,Water & Wastewater Treatment,-6.62,1.43,-16.98,-12.04,3.74,14.9,-13.2,-13.2,HIGH_VOLATILITY,AVOID
2026-07-28,Diagnostic & Healthcare Laboratories,-8.13,-0.46,-18.49,-13.92,2.23,13.01,-19.39,-19.39,HIGH_VOLATILITY,AVOID
2026-07-28,Batteries,4.19,0.17,-6.17,-13.3,14.55,13.63,9.44,9.44,HIGH_VOLATILITY,WATCH
2026-07-28,Footwear,-8.44,-0.46,-18.8,-13.92,1.92,13.01,-18.55,-18.55,HIGH_VOLATILITY,AVOID
2026-07-28,Structural Steel Tubes & Pipes,5.4,1.91,-4.96,-11.56,15.76,15.38,17.22,17.22,HIGH_VOLATILITY,STRONG BUY
2026-07-28,IT Consulting & Software,-4.43,-3.23,-14.79,-16.7,5.93,10.23,-12.34,-12.34,HIGH_VOLATILITY,AVOID
2026-07-28,Capital Markets & Asset Management,-9.39,-3.11,-19.75,-16.58,0.97,10.36,-16.28,-16.28,HIGH_VOLATILITY,AVOID
2026-07-28,Financial Services,-4.51,-3.33,-14.87,-16.8,5.85,10.13,-8.19,-8.19,HIGH_VOLATILITY,AVOID
2026-07-28,Stockbroking & Financial Products,-4.26,-3.4,-14.62,-16.87,6.1,10.07,-9.1,-9.1,HIGH_VOLATILITY,AVOID
2026-07-28,Media & Entertainment,-5.16,-3.46,-15.52,-16.93,5.2,10.01,-10.76,-10.76,HIGH_VOLATILITY,AVOID
2026-07-28,Electronic Manufacturing Services (EMS),7.58,-2.32,-2.78,-15.79,17.94,11.15,16.54,16.54,HIGH_VOLATILITY,BUY
2026-07-28,Electronic Manufacturing Services (EMS),-9.62,-3.05,-19.98,-16.51,0.74,10.42,-15.49,-15.49,HIGH_VOLATILITY,AVOID
2026-07-28,Electronic Manufacturing Services (EMS),-10.86,0.77,-21.22,-12.7,-0.5,14.24,-21.41,-21.41,HIGH_VOLATILITY,AVOID
2026-07-28,Packaged Foods & FMCG Staples,-2.81,-3.4,-13.17,-16.87,7.55,10.07,-6.54,-6.54,HIGH_VOLATILITY,AVOID
2026-07-28,Ship Building & Defence,-7.81,-0.46,-18.17,-13.92,2.55,13.01,-18.25,-18.25,HIGH_VOLATILITY,AVOID
2026-07-28,Saw Pipes & Ductile Iron Pipes,6.84,2.75,-3.52,-10.71,17.2,16.22,19.94,19.94,HIGH_VOLATILITY,BUY
2026-07-28,Packaging Materials & Containers,-4.51,-1.85,-14.87,-15.31,5.85,11.62,-4.58,-4.58,HIGH_VOLATILITY,AVOID
2026-07-28,Insurance,-8.5,-3.11,-18.86,-16.58,1.86,10.36,-13.56,-13.56,HIGH_VOLATILITY,AVOID
2026-07-28,Copper & Non-Ferrous Metals,-0.5,2.1,-10.86,-11.37,9.86,15.56,3.39,3.39,HIGH_VOLATILITY,NEUTRAL
2026-07-28,Plywood & Boards,0.85,0.11,-9.51,-13.36,11.21,13.58,1.79,1.79,HIGH_VOLATILITY,NEUTRAL
2026-07-28,Construction,-4.89,-2.28,-15.25,-15.75,5.47,11.19,-4.34,-4.34,HIGH_VOLATILITY,NEUTRAL
2026-07-28,Project Management & Civil Construction,-8.24,-0.46,-18.6,-13.92,2.12,13.01,-18.09,-18.09,HIGH_VOLATILITY,AVOID
2026-07-28,API & CDMO / CRAMS,-0.17,-2.81,-10.53,-16.28,10.19,10.66,2.96,2.96,HIGH_VOLATILITY,NEUTRAL
2026-07-28,Pipes & Tubes,-4.46,-3.4,-14.82,-16.87,5.9,10.07,-7.94,-7.94,HIGH_VOLATILITY,AVOID
2026-07-28,Construction Materials,3.95,0.16,-6.41,-13.31,14.31,13.63,16.16,16.16,HIGH_VOLATILITY,REDUCE
2026-07-28,Chemicals,-8.08,-2.75,-18.44,-16.22,2.28,10.72,-13.08,-13.08,HIGH_VOLATILITY,AVOID
2026-07-28,Auto Lighting,4.69,2.58,-5.67,-10.89,15.05,16.05,17.54,17.54,HIGH_VOLATILITY,REDUCE
2026-07-28,Batteries & Energy Storage,-9.73,0.43,-20.09,-13.03,0.63,13.9,-19.69,-19.69,HIGH_VOLATILITY,AVOID
2026-07-28,Passenger Cars & Utility Vehicles,7.94,2.61,-2.42,-10.86,18.3,16.08,19.16,19.16,HIGH_VOLATILITY,BUY
2026-07-28,Realty,-8.96,-0.46,-19.32,-13.92,1.4,13.01,-20.84,-20.84,HIGH_VOLATILITY,AVOID
2026-07-28,Railway Ticketing & Catering,-7.69,-0.46,-18.05,-13.92,2.67,13.01,-18.33,-18.33,HIGH_VOLATILITY,AVOID
2026-07-28,Media Entertainment & Publication,0.47,-1.85,-9.89,-15.31,10.83,11.62,4.03,4.03,HIGH_VOLATILITY,NEUTRAL
2026-07-28,Internet & Digital Platforms,-6.44,-3.4,-16.8,-16.87,3.92,10.07,-12.5,-12.5,HIGH_VOLATILITY,AVOID
2026-07-28,Data Centers & Real Estate,3.91,1.91,-6.45,-11.56,14.27,15.38,16.46,16.46,HIGH_VOLATILITY,BUY
2026-07-28,Rubber Chemicals,-9.4,0.43,-19.76,-13.03,0.96,13.9,-19.26,-19.26,HIGH_VOLATILITY,AVOID
2026-07-28,Gas Distribution,-2.52,-0.68,-12.88,-14.15,7.84,12.79,-9.69,-9.69,HIGH_VOLATILITY,AVOID
2026-07-28,Iron & Steel,3.96,-2.34,-6.4,-15.8,14.32,11.13,10.68,10.68,HIGH_VOLATILITY,BUY
2026-07-28,Pharmaceuticals & Biotechnology,0.86,-2.89,-9.5,-16.35,11.22,10.58,6.28,6.28,HIGH_VOLATILITY,NEUTRAL
2026-07-28,Paints & Coatings,-9.17,0.43,-19.53,-13.03,1.19,13.9,-16.6,-16.6,HIGH_VOLATILITY,AVOID
2026-07-28,Information Technology,0.4,-3.33,-9.96,-16.8,10.76,10.13,-1.85,-1.85,HIGH_VOLATILITY,NEUTRAL
2026-07-28,Renewable Energy,-6.08,-3.23,-16.44,-16.7,4.28,10.24,-12.13,-12.13,HIGH_VOLATILITY,AVOID
2026-07-28,Civil Construction & Infrastructure,-9.56,-3.73,-19.92,-17.2,0.8,9.74,-16.56,-16.56,HIGH_VOLATILITY,AVOID
2026-07-28,Railways,-0.17,-1.91,-10.53,-15.38,10.19,11.55,2.19,2.19,HIGH_VOLATILITY,NEUTRAL
2026-07-28,Air Conditioners & Appliances,-8.86,-0.46,-19.22,-13.92,1.5,13.01,-20.09,-20.09,HIGH_VOLATILITY,AVOID
2026-07-28,Software Products & Digital Services,-4.24,-3.63,-14.6,-17.1,6.12,9.84,-7.58,-7.58,HIGH_VOLATILITY,AVOID
2026-07-28,Logistics & Transportation,-2.83,-3.33,-13.19,-16.8,7.53,10.13,-6.82,-6.82,HIGH_VOLATILITY,AVOID
2026-07-28,Telecommunication,-3.25,-3.05,-13.61,-16.51,7.11,10.42,-3.63,-3.63,HIGH_VOLATILITY,NEUTRAL
2026-07-28,Tyres & Rubber Products,-3.87,-3.33,-14.23,-16.8,6.49,10.13,-6.44,-6.44,HIGH_VOLATILITY,AVOID
2026-07-28,Tractors & Farm Equipment,-10.97,0.43,-21.33,-13.03,-0.61,13.9,-20.18,-20.18,HIGH_VOLATILITY,AVOID
2026-07-28,Railway Wagons & Equipment,-9.85,-0.46,-20.21,-13.92,0.51,13.01,-21.31,-21.31,HIGH_VOLATILITY,AVOID
2026-07-28,Microfinance NBFC,-0.37,2.49,-10.73,-10.98,9.99,15.96,8.91,8.91,HIGH_VOLATILITY,NEUTRAL
2026-07-28,Copper Mining,6.49,1.94,-3.87,-11.53,16.85,15.41,20.52,20.52,HIGH_VOLATILITY,NEUTRAL
2026-07-28,Utilities,-7.28,-0.46,-17.64,-13.92,3.08,13.01,-18.24,-18.24,HIGH_VOLATILITY,AVOID
2026-07-28,Fast Moving Consumer Goods,-4.81,-3.4,-15.17,-16.87,5.55,10.07,-10.85,-10.85,HIGH_VOLATILITY,AVOID
2026-07-28,Auto Parts & Equipment,1.52,-2.53,-8.84,-15.99,11.88,10.94,8.05,8.05,HIGH_VOLATILITY,NEUTRAL
2026-07-28,Capital Goods,-0.68,-2.82,-11.04,-16.29,9.68,10.65,3.56,3.56,HIGH_VOLATILITY,NEUTRAL
2026-07-28,Bearings & Friction Solutions,-1.34,-2.81,-11.7,-16.28,9.02,10.66,0.9,0.9,HIGH_VOLATILITY,NEUTRAL
2026-07-28,Ceramics & Tiles,-3.35,-3.23,-13.71,-16.7,7.01,10.24,-8.49,-8.49,HIGH_VOLATILITY,AVOID
2026-07-28,Textiles & Apparel,-3.67,-3.56,-14.03,-17.03,6.69,9.9,-5.75,-5.75,HIGH_VOLATILITY,AVOID
2026-07-28,Civil Buildings & Commercial EPC,-7.87,-0.46,-18.23,-13.92,2.49,13.01,-18.38,-18.38,HIGH_VOLATILITY,AVOID
2026-07-28,"Plywood, MDF & Laminates",-4.4,-3.23,-14.76,-16.7,5.96,10.24,-7.53,-7.53,HIGH_VOLATILITY,AVOID
2026-07-28,"Textiles, Yarns & Apparel",-3.3,-3.4,-13.66,-16.87,7.06,10.07,-5.19,-5.19,HIGH_VOLATILITY,AVOID
2026-07-28,Metals & Mining,-1.37,-2.22,-11.73,-15.68,8.99,11.25,2.94,2.94,HIGH_VOLATILITY,NEUTRAL
2026-07-28,Auto Glass,-3.29,0.11,-13.65,-13.36,7.07,13.58,2.22,2.22,HIGH_VOLATILITY,NEUTRAL
2026-07-28,Fertilizers & Agrochemicals,-8.56,-3.56,-18.92,-17.03,1.8,9.91,-18.25,-18.25,HIGH_VOLATILITY,AVOID
2026-07-28,Railway Financing,-8.31,-0.46,-18.67,-13.92,2.05,13.01,-19.45,-19.45,HIGH_VOLATILITY,AVOID
2026-07-28,Diversified Retail,-8.64,-2.75,-19.0,-16.22,1.72,10.72,-17.33,-17.33,HIGH_VOLATILITY,AVOID
2026-07-28,Steel Manufacturing & Mining,4.84,-0.73,-5.52,-14.2,15.2,12.74,15.29,15.29,HIGH_VOLATILITY,BUY
2026-07-28,Commodity Chemicals,-3.42,-3.56,-13.78,-17.03,6.94,9.9,-2.74,-2.74,HIGH_VOLATILITY,NEUTRAL
2026-07-28,Diversified Commercial,-4.07,-3.56,-14.43,-17.03,6.29,9.9,-6.31,-6.31,HIGH_VOLATILITY,AVOID
2026-07-28,Sugar & Bio-Ethanol,-7.47,-3.34,-17.83,-16.81,2.89,10.12,-10.8,-10.8,HIGH_VOLATILITY,AVOID
2026-07-28,Cement,-2.35,-2.81,-12.71,-16.28,8.01,10.66,-2.52,-2.52,HIGH_VOLATILITY,NEUTRAL
2026-07-28,Automobile OEMs,-2.13,-1.91,-12.49,-15.38,8.23,11.56,-2.34,-2.34,HIGH_VOLATILITY,NEUTRAL
2026-07-28,Banks,-0.23,-2.89,-10.59,-16.35,10.13,10.58,7.33,7.33,HIGH_VOLATILITY,NEUTRAL
2026-07-28,Heavy Electrical Equipment,7.16,1.95,-3.2,-11.52,17.52,15.41,20.23,20.23,HIGH_VOLATILITY,NEUTRAL
2026-07-28,Transformers & T&D Equipment,0.39,-2.44,-9.97,-15.91,10.75,11.03,6.58,6.58,HIGH_VOLATILITY,NEUTRAL
2026-07-28,Travel Tech SaaS Solutions,6.41,1.94,-3.95,-11.53,16.77,15.41,19.7,19.7,HIGH_VOLATILITY,NEUTRAL
2026-07-28,Specialty Chemicals,-2.82,-3.56,-13.18,-17.03,7.54,9.9,-2.99,-2.99,HIGH_VOLATILITY,NEUTRAL
2026-07-28,Consumer Services,-7.39,-3.28,-17.75,-16.75,2.97,10.19,-12.34,-12.34,HIGH_VOLATILITY,AVOID
2026-07-28,Oil Exploration & Refining,-4.57,-3.28,-14.93,-16.75,5.79,10.19,-6.68,-6.68,HIGH_VOLATILITY,AVOID
2026-07-28,Cement & Clinker,-8.05,-3.73,-18.41,-17.2,2.31,9.74,-17.11,-17.11,HIGH_VOLATILITY,AVOID
2026-07-28,Breweries & Distilleries,-1.06,-2.81,-11.42,-16.28,9.3,10.66,-0.57,-0.57,HIGH_VOLATILITY,NEUTRAL
2026-07-28,Plastic Pipes & Fittings,-7.75,-3.05,-18.11,-16.51,2.61,10.42,-13.77,-13.77,HIGH_VOLATILITY,AVOID
2026-07-28,Paints,-4.5,-3.23,-14.86,-16.7,5.86,10.24,-8.58,-8.58,HIGH_VOLATILITY,AVOID
2026-07-28,Packaged Foods & Consumer Staples,-4.89,-3.33,-15.25,-16.8,5.47,10.13,-7.62,-7.62,HIGH_VOLATILITY,AVOID
2026-07-28,Hospitals & Diagnostic Centres,-1.53,-2.82,-11.89,-16.29,8.83,10.65,-1.09,-1.09,HIGH_VOLATILITY,NEUTRAL
2026-07-28,Power Generation & Utilities,-6.47,-3.11,-16.83,-16.58,3.89,10.36,-11.62,-11.62,HIGH_VOLATILITY,AVOID
2026-07-28,Mining & Mineral Products,-0.09,-1.85,-10.45,-15.31,10.27,11.62,1.23,1.23,HIGH_VOLATILITY,NEUTRAL
2026-07-28,Superalloys & Special Metals,-9.07,0.43,-19.43,-13.03,1.29,13.9,-15.84,-15.84,HIGH_VOLATILITY,AVOID
2026-07-28,Explosives & Defence Chemicals,6.48,1.94,-3.88,-11.53,16.84,15.41,19.7,19.7,HIGH_VOLATILITY,NEUTRAL
2026-07-28,Automobile and Auto Components,-0.72,-2.81,-11.08,-16.28,9.64,10.66,3.14,3.14,HIGH_VOLATILITY,NEUTRAL
2026-07-28,Lubricants & Specialty Oils,-2.32,-2.45,-12.68,-15.92,8.04,11.02,-2.41,-2.41,HIGH_VOLATILITY,NEUTRAL
2026-07-28,Power Sector Financing NBFC,0.41,0.71,-9.95,-12.76,10.77,14.18,4.88,4.88,HIGH_VOLATILITY,NEUTRAL
2026-07-28,Roads & Highways EPC,-10.57,0.43,-20.93,-13.03,-0.21,13.9,-20.53,-20.53,HIGH_VOLATILITY,AVOID
2026-07-28,Healthcare,-3.28,-2.81,-13.64,-16.28,7.08,10.66,-4.75,-4.75,HIGH_VOLATILITY,AVOID
2026-07-28,Plastic Pipes & Moulded Products,-6.53,-0.46,-16.89,-13.92,3.83,13.01,-16.47,-16.47,HIGH_VOLATILITY,AVOID
2026-07-28,"Hotels, Resorts & QSR",-8.7,-3.32,-19.06,-16.78,1.66,10.15,-17.64,-17.64,HIGH_VOLATILITY,AVOID
2026-07-28,Air Conditioners & AC Components,-10.43,-0.46,-20.79,-13.92,-0.07,13.01,-18.96,-18.96,HIGH_VOLATILITY,AVOID
2026-07-28,Air Conditioners & AC Components,-2.33,-3.23,-12.69,-16.7,8.03,10.24,-9.08,-9.08,HIGH_VOLATILITY,AVOID
2026-07-28,Pumps & Compressors,-6.96,-3.11,-17.32,-16.58,3.4,10.36,-10.05,-10.05,HIGH_VOLATILITY,AVOID
2026-07-28,Gas Transmission & Distribution,-10.07,0.43,-20.43,-13.03,0.29,13.9,-18.12,-18.12,HIGH_VOLATILITY,AVOID
2026-07-28,Tea & Coffee,-3.75,-3.33,-14.11,-16.8,6.61,10.13,-6.09,-6.09,HIGH_VOLATILITY,AVOID
2026-07-28,Agrochemicals & Pesticides,-9.11,-0.46,-19.47,-13.92,1.25,13.01,-20.25,-20.25,HIGH_VOLATILITY,AVOID
2026-07-28,Non Banking Financial Company (NBFC),-4.12,-3.28,-14.48,-16.75,6.24,10.19,-5.54,-5.54,HIGH_VOLATILITY,AVOID
2026-07-28,Wires & Cables,-1.78,-3.19,-12.14,-16.65,8.58,10.28,1.4,1.4,HIGH_VOLATILITY,NEUTRAL
2026-07-28,Textiles,4.23,-1.62,-6.13,-15.09,14.59,11.85,12.18,12.18,HIGH_VOLATILITY,BUY
2026-07-28,Oil Gas & Consumable Fuels,4.52,2.61,-5.84,-10.86,14.88,16.08,17.27,17.27,HIGH_VOLATILITY,BUY
2026-07-28,Wealth & Asset Management,3.66,1.91,-6.7,-11.56,14.02,15.38,14.37,14.37,HIGH_VOLATILITY,BUY
2026-07-28,Civil Construction & Infrastructure EPC,-7.56,-3.56,-17.92,-17.03,2.8,9.91,-17.05,-17.05,HIGH_VOLATILITY,AVOID
2026-07-28,Fertilizers,-8.74,-0.46,-19.1,-13.92,1.62,13.01,-20.36,-20.36,HIGH_VOLATILITY,AVOID
2026-07-28,Residential & Commercial Real Estate,-0.83,-3.56,-11.19,-17.03,9.53,9.9,-3.93,-3.93,HIGH_VOLATILITY,NEUTRAL
2026-07-28,Zinc & Silver Mining,6.26,1.94,-4.1,-11.53,16.62,15.41,20.2,20.2,HIGH_VOLATILITY,NEUTRAL
2026-07-28,Power Generation & Distribution,-8.21,-0.46,-18.57,-13.92,2.15,13.01,-16.23,-16.23,HIGH_VOLATILITY,AVOID
2026-07-28,Renewable Energy - Solar & Wind,-8.33,-2.66,-18.69,-16.12,2.03,10.81,-16.12,-16.12,HIGH_VOLATILITY,AVOID
2026-07-28,Asset Management & Wealth,0.29,-2.34,-10.07,-15.8,10.65,11.13,-1.89,-1.89,HIGH_VOLATILITY,NEUTRAL
2026-07-28,Diversified & Fashion Retail,-8.89,-2.07,-19.25,-15.53,1.47,11.4,-19.05,-19.05,HIGH_VOLATILITY,AVOID
2026-07-28,Housing & Urban Infrastructure Financing,-5.98,-0.63,-16.34,-14.1,4.38,12.83,-14.94,-14.94,HIGH_VOLATILITY,AVOID
2026-07-28,Telecom Services & Infrastructure,-0.21,-1.85,-10.57,-15.31,10.15,11.62,3.32,3.32,HIGH_VOLATILITY,NEUTRAL
2026-07-28,Renewable Energy Financing NBFC,-8.28,-0.46,-18.64,-13.92,2.08,13.01,-19.24,-19.24,HIGH_VOLATILITY,AVOID
2026-07-28,Services,-4.29,-2.87,-14.65,-16.34,6.07,10.59,-7.59,-7.59,HIGH_VOLATILITY,AVOID
2026-07-28,Aerospace & Defence,-0.05,-2.07,-10.41,-15.53,10.31,11.4,5.56,5.56,HIGH_VOLATILITY,NEUTRAL
2026-07-28,Railway Infrastructure,-8.52,-0.46,-18.88,-13.92,1.84,13.01,-19.81,-19.81,HIGH_VOLATILITY,AVOID
2026-07-28,Hospitals & Healthcare Services,7.26,2.46,-3.1,-11.01,17.62,15.93,20.87,20.87,HIGH_VOLATILITY,NEUTRAL
2026-07-28,Consumer Durables,-0.02,-3.19,-10.38,-16.65,10.34,10.28,2.9,2.9,HIGH_VOLATILITY,NEUTRAL
2026-07-28,Railway Infrastructure & Consulting,-9.95,-0.46,-20.31,-13.92,0.41,13.01,-21.71,-21.71,HIGH_VOLATILITY,AVOID
2026-07-28,Paper & Paper Products,-3.87,-3.4,-14.23,-16.87,6.49,10.07,-9.97,-9.97,HIGH_VOLATILITY,AVOID
2026-07-28,Edible Oils,-8.77,-0.46,-19.13,-13.92,1.59,13.01,-19.9,-19.9,HIGH_VOLATILITY,AVOID
2026-07-28,Power,-3.29,-3.05,-13.65,-16.51,7.07,10.42,-2.81,-2.81,HIGH_VOLATILITY,NEUTRAL
2026-07-28,Affordable Housing Finance Company,-9.74,0.43,-20.1,-13.03,0.62,13.9,-20.53,-20.53,HIGH_VOLATILITY,AVOID
2026-07-28,Pharmaceuticals,-2.88,-3.19,-13.24,-16.65,7.48,10.28,-2.67,-2.67,HIGH_VOLATILITY,NEUTRAL
2026-07-28,Hotels & Restaurants,-7.62,-3.73,-17.98,-17.2,2.74,9.74,-17.26,-17.26,HIGH_VOLATILITY,AVOID
2026-07-29,Stockbroking & Financial Products,-0.03,-3.39,-10.39,-16.86,10.33,10.08,-3.54,-3.54,HIGH_VOLATILITY,NEUTRAL
2026-07-29,Copper Mining,6.6,2.6,-3.76,-10.87,16.96,16.07,20.52,20.52,HIGH_VOLATILITY,NEUTRAL
2026-07-29,Aerospace & Defence,-1.09,-2.66,-11.45,-16.13,9.27,10.8,4.64,4.64,HIGH_VOLATILITY,NEUTRAL
2026-07-29,Healthcare,-2.93,-2.8,-13.29,-16.27,7.43,10.67,-4.08,-4.08,HIGH_VOLATILITY,NEUTRAL
2026-07-29,Electronic Manufacturing Services (EMS),-9.19,-3.05,-19.55,-16.51,1.17,10.42,-14.51,-14.51,HIGH_VOLATILITY,AVOID
2026-07-29,Auto Parts & Equipment,2.88,-2.32,-7.48,-15.79,13.24,11.15,9.99,9.99,HIGH_VOLATILITY,BUY
2026-07-29,Air Conditioners & Appliances,-4.56,-1.34,-14.92,-14.81,5.8,12.13,-12.89,-12.89,HIGH_VOLATILITY,AVOID
2026-07-29,Gas Transmission & Distribution,-6.61,-3.22,-16.97,-16.69,3.75,10.25,-12.83,-12.83,HIGH_VOLATILITY,AVOID
2026-07-29,Electronic Manufacturing Services (EMS),-11.21,0.43,-21.57,-13.03,-0.85,13.9,-20.74,-20.74,HIGH_VOLATILITY,AVOID
2026-07-29,Electronic Manufacturing Services (EMS),8.34,-0.81,-2.02,-14.28,18.7,12.65,18.27,18.27,HIGH_VOLATILITY,BUY
2026-07-29,"Textiles, Yarns & Apparel",-3.63,-3.27,-13.99,-16.74,6.73,10.2,-4.57,-4.57,HIGH_VOLATILITY,NEUTRAL
2026-07-29,Wealth & Asset Management,7.18,2.27,-3.18,-11.19,17.54,15.74,16.31,16.31,HIGH_VOLATILITY,STRONG BUY
2026-07-29,Services,0.6,-2.28,-9.76,-15.75,10.96,11.19,-0.93,-0.93,HIGH_VOLATILITY,NEUTRAL
2026-07-29,Telecommunication,-3.59,-2.86,-13.95,-16.33,6.77,10.61,-1.67,-1.67,HIGH_VOLATILITY,NEUTRAL
2026-07-29,Hotels & Restaurants,-7.97,-3.47,-18.33,-16.94,2.39,9.99,-15.79,-15.79,HIGH_VOLATILITY,AVOID
2026-07-29,Breweries & Distilleries,1.58,-1.89,-8.78,-15.36,11.94,11.57,2.33,2.33,HIGH_VOLATILITY,WATCH
2026-07-29,Tractors & Farm Equipment,1.68,0.17,-8.68,-13.29,12.04,13.64,1.3,1.3,HIGH_VOLATILITY,WATCH
2026-07-29,Banks,0.51,-2.89,-9.85,-16.35,10.87,10.58,6.8,6.8,HIGH_VOLATILITY,NEUTRAL
2026-07-29,Ceramics & Tiles,-4.13,-3.23,-14.49,-16.7,6.23,10.24,-10.43,-10.43,HIGH_VOLATILITY,AVOID
2026-07-29,Affordable Housing Finance Company,-11.09,0.43,-21.45,-13.03,-0.73,13.9,-20.46,-20.46,HIGH_VOLATILITY,AVOID
2026-07-29,Auto Glass,-2.78,0.26,-13.14,-13.21,7.58,13.73,3.37,3.37,HIGH_VOLATILITY,NEUTRAL
2026-07-29,Telecom Services & Infrastructure,2.42,-1.98,-7.94,-15.44,12.78,11.49,7.35,7.35,HIGH_VOLATILITY,NEUTRAL
2026-07-29,Diversified Commercial,-2.66,-3.56,-13.02,-17.03,7.7,9.9,-4.71,-4.71,HIGH_VOLATILITY,NEUTRAL
2026-07-29,Gas Distribution,-6.26,-0.68,-16.62,-14.15,4.1,12.79,-13.8,-13.8,HIGH_VOLATILITY,AVOID
2026-07-29,Edible Oils,-4.7,4.72,-15.06,-8.75,5.66,18.19,-14.81,-14.81,HIGH_VOLATILITY,AVOID
2026-07-29,Logistics & Transportation,-3.34,-3.33,-13.7,-16.8,7.02,10.13,-6.89,-6.89,HIGH_VOLATILITY,AVOID
2026-07-29,Tea & Coffee,-6.43,-3.11,-16.79,-16.58,3.93,10.36,-9.13,-9.13,HIGH_VOLATILITY,AVOID
2026-07-29,Pumps & Compressors,-3.79,-2.22,-14.15,-15.69,6.57,11.24,-4.54,-4.54,HIGH_VOLATILITY,NEUTRAL
2026-07-29,Metals & Mining,2.02,-1.85,-8.34,-15.31,12.38,11.62,6.67,6.67,HIGH_VOLATILITY,NEUTRAL
2026-07-29,Bearings & Friction Solutions,-1.06,-2.81,-11.42,-16.28,9.3,10.66,0.65,0.65,HIGH_VOLATILITY,NEUTRAL
2026-07-29,IT Consulting & Software,-4.46,-2.69,-14.82,-16.16,5.9,10.78,-12.72,-12.72,HIGH_VOLATILITY,AVOID
2026-07-29,Power Generation & Utilities,-6.46,-3.4,-16.82,-16.87,3.9,10.07,-12.05,-12.05,HIGH_VOLATILITY,AVOID
2026-07-29,Non Banking Financial Company (NBFC),-2.75,-3.55,-13.11,-17.02,7.61,9.92,-3.9,-3.9,HIGH_VOLATILITY,NEUTRAL
2026-07-29,Rubber Chemicals,-6.51,-0.14,-16.87,-13.61,3.85,13.33,-15.99,-15.99,HIGH_VOLATILITY,AVOID
2026-07-29,Hospitals & Healthcare Services,7.74,2.39,-2.62,-11.08,18.1,15.86,21.58,21.58,HIGH_VOLATILITY,NEUTRAL
2026-07-29,Fast Moving Consumer Goods,-5.25,-3.4,-15.61,-16.87,5.11,10.07,-11.58,-11.58,HIGH_VOLATILITY,AVOID
2026-07-29,Power,-1.92,-3.16,-12.28,-16.63,8.44,10.3,-1.86,-1.86,HIGH_VOLATILITY,NEUTRAL
2026-07-29,Data Centers & Real Estate,3.0,2.06,-7.36,-11.4,13.36,15.53,16.63,16.63,HIGH_VOLATILITY,BUY
2026-07-29,Consumer Durables,2.46,-3.19,-7.9,-16.65,12.82,10.28,8.68,8.68,HIGH_VOLATILITY,NEUTRAL
2026-07-29,Renewable Energy Financing NBFC,-8.56,-0.46,-18.92,-13.92,1.8,13.01,-19.54,-19.54,HIGH_VOLATILITY,AVOID
2026-07-29,Media & Entertainment,-3.25,-3.45,-13.61,-16.92,7.11,10.02,-8.73,-8.73,HIGH_VOLATILITY,AVOID
2026-07-29,Internet & Digital Platforms,-5.28,-2.55,-15.64,-16.02,5.08,10.92,-12.26,-12.26,HIGH_VOLATILITY,AVOID
2026-07-29,Packaged Foods & FMCG Staples,-2.37,-3.4,-12.73,-16.87,7.99,10.07,-5.18,-5.18,HIGH_VOLATILITY,AVOID
2026-07-29,Roads & Highways EPC,-8.15,-0.49,-18.51,-13.96,2.21,12.98,-19.18,-19.18,HIGH_VOLATILITY,AVOID
2026-07-29,Civil Buildings & Commercial EPC,-7.83,-0.46,-18.19,-13.92,2.53,13.01,-18.33,-18.33,HIGH_VOLATILITY,AVOID
2026-07-29,Fertilizers,-7.16,-0.49,-17.52,-13.96,3.2,12.98,-18.38,-18.38,HIGH_VOLATILITY,AVOID
2026-07-29,Civil Construction & Infrastructure EPC,-7.47,-3.54,-17.83,-17.01,2.89,9.92,-16.89,-16.89,HIGH_VOLATILITY,AVOID
2026-07-29,Saw Pipes & Ductile Iron Pipes,5.38,2.1,-4.98,-11.37,15.74,15.56,18.85,18.85,HIGH_VOLATILITY,BUY
2026-07-29,Realty,-8.96,-0.49,-19.32,-13.96,1.4,12.98,-19.78,-19.78,HIGH_VOLATILITY,AVOID
2026-07-29,Power Generation & Distribution,-5.13,-0.68,-15.49,-14.15,5.23,12.79,-13.3,-13.3,HIGH_VOLATILITY,AVOID
2026-07-29,Project Management & Civil Construction,-8.43,-0.46,-18.79,-13.92,1.93,13.01,-18.0,-18.0,HIGH_VOLATILITY,AVOID
2026-07-29,Batteries & Energy Storage,-8.78,-0.23,-19.14,-13.7,1.58,13.24,-18.71,-18.71,HIGH_VOLATILITY,AVOID
2026-07-29,Plywood & Boards,-1.53,0.11,-11.89,-13.36,8.83,13.58,1.74,1.74,HIGH_VOLATILITY,NEUTRAL
2026-07-29,Railway Infrastructure & Consulting,-9.12,-0.23,-19.48,-13.7,1.24,13.24,-20.81,-20.81,HIGH_VOLATILITY,AVOID
2026-07-29,Paper & Paper Products,-8.34,-3.11,-18.7,-16.58,2.02,10.36,-13.3,-13.3,HIGH_VOLATILITY,AVOID
2026-07-29,Chemicals,-7.54,-3.11,-17.9,-16.58,2.82,10.36,-12.71,-12.71,HIGH_VOLATILITY,AVOID
2026-07-29,Media Entertainment & Publication,3.89,-0.3,-6.47,-13.76,14.25,13.17,8.28,8.28,HIGH_VOLATILITY,WATCH
2026-07-29,Iron & Steel,3.68,-2.5,-6.68,-15.97,14.04,10.96,9.56,9.56,HIGH_VOLATILITY,BUY
2026-07-29,Railway Ticketing & Catering,-8.11,-0.49,-18.47,-13.96,2.25,12.98,-19.01,-19.01,HIGH_VOLATILITY,AVOID
2026-07-29,Cement & Clinker,-7.37,-3.73,-17.73,-17.2,2.99,9.74,-16.82,-16.82,HIGH_VOLATILITY,AVOID
2026-07-29,Mining & Mineral Products,3.92,-0.72,-6.44,-14.19,14.28,12.75,6.89,6.89,HIGH_VOLATILITY,WATCH
2026-07-29,Ship Building & Defence,-3.38,-3.15,-13.74,-16.62,6.98,10.32,-10.56,-10.56,HIGH_VOLATILITY,AVOID
2026-07-29,Automobile and Auto Components,1.81,-1.56,-8.55,-15.03,12.17,11.91,6.37,6.37,HIGH_VOLATILITY,NEUTRAL
2026-07-29,Insurance,-5.06,-3.4,-15.42,-16.87,5.3,10.07,-11.01,-11.01,HIGH_VOLATILITY,AVOID
2026-07-29,Utilities,-3.99,-0.53,-14.35,-14.0,6.37,12.94,-12.9,-12.9,HIGH_VOLATILITY,AVOID
2026-07-29,Plastic Pipes & Moulded Products,-8.71,-0.49,-19.07,-13.96,1.65,12.98,-19.86,-19.86,HIGH_VOLATILITY,AVOID
2026-07-29,Copper & Non-Ferrous Metals,7.66,2.62,-2.7,-10.85,18.02,16.09,17.41,17.41,HIGH_VOLATILITY,BUY
2026-07-29,Capital Markets & Asset Management,-8.81,-3.11,-19.17,-16.58,1.55,10.36,-15.95,-15.95,HIGH_VOLATILITY,AVOID
2026-07-29,Diversified Retail,-6.05,-3.23,-16.41,-16.7,4.31,10.24,-14.66,-14.66,HIGH_VOLATILITY,AVOID
2026-07-29,Capital Goods,1.38,-2.89,-8.98,-16.35,11.74,10.58,5.93,5.93,HIGH_VOLATILITY,NEUTRAL
2026-07-29,Construction,-1.32,-1.91,-11.68,-15.38,9.04,11.55,2.73,2.73,HIGH_VOLATILITY,NEUTRAL
2026-07-29,Paints,0.29,-1.77,-10.07,-15.23,10.65,11.7,-3.09,-3.09,HIGH_VOLATILITY,NEUTRAL
2026-07-29,API & CDMO / CRAMS,2.35,-1.34,-8.01,-14.81,12.71,12.13,6.51,6.51,HIGH_VOLATILITY,WATCH
2026-07-29,Construction Materials,4.75,2.1,-5.61,-11.37,15.11,15.56,16.54,16.54,HIGH_VOLATILITY,BUY
2026-07-29,Pipes & Tubes,-3.66,-3.39,-14.02,-16.86,6.7,10.08,-7.48,-7.48,HIGH_VOLATILITY,AVOID
2026-07-29,Commodity Chemicals,0.74,-3.27,-9.62,-16.74,11.1,10.2,1.01,1.01,HIGH_VOLATILITY,WATCH
2026-07-29,Hospitals & Diagnostic Centres,-1.6,-3.44,-11.96,-16.91,8.76,10.03,-1.83,-1.83,HIGH_VOLATILITY,NEUTRAL
2026-07-29,Textiles & Apparel,-5.0,-3.4,-15.36,-16.86,5.36,10.07,-4.66,-4.66,HIGH_VOLATILITY,NEUTRAL
2026-07-29,Auto Lighting,4.26,0.16,-6.1,-13.31,14.62,13.63,16.79,16.79,HIGH_VOLATILITY,REDUCE
2026-07-29,Cement,-3.89,-2.45,-14.25,-15.92,6.47,11.02,-4.69,-4.69,HIGH_VOLATILITY,AVOID
2026-07-29,"Plywood, MDF & Laminates",-6.71,-3.11,-17.07,-16.58,3.65,10.36,-10.0,-10.0,HIGH_VOLATILITY,AVOID
2026-07-29,Travel Tech SaaS Solutions,6.66,2.46,-3.7,-11.01,17.02,15.93,20.73,20.73,HIGH_VOLATILITY,NEUTRAL
2026-07-29,Consumer Services,-6.02,-3.28,-16.38,-16.75,4.34,10.19,-10.63,-10.63,HIGH_VOLATILITY,AVOID
2026-07-29,Passenger Cars & Utility Vehicles,2.44,2.1,-7.92,-11.37,12.8,15.56,14.05,14.05,HIGH_VOLATILITY,BUY
2026-07-29,Oil Exploration & Refining,-4.88,-3.28,-15.24,-16.75,5.48,10.19,-6.37,-6.37,HIGH_VOLATILITY,AVOID
2026-07-29,Textiles,2.53,4.07,-7.83,-9.4,12.89,17.53,10.24,10.24,HIGH_VOLATILITY,NEUTRAL
2026-07-29,Zinc & Silver Mining,6.76,2.46,-3.6,-11.01,17.12,15.93,20.49,20.49,HIGH_VOLATILITY,NEUTRAL
2026-07-29,Wires & Cables,-1.05,-3.35,-11.41,-16.82,9.31,10.12,1.57,1.57,HIGH_VOLATILITY,NEUTRAL
2026-07-29,Plastic Pipes & Fittings,-4.55,-3.15,-14.91,-16.62,5.81,10.32,-9.61,-9.61,HIGH_VOLATILITY,AVOID
2026-07-29,Explosives & Defence Chemicals,6.23,1.94,-4.13,-11.53,16.59,15.41,19.39,19.39,HIGH_VOLATILITY,NEUTRAL
2026-07-29,"Logistics, Ports & Supply Chain",-2.22,-2.81,-12.58,-16.28,8.14,10.66,-1.84,-1.84,HIGH_VOLATILITY,NEUTRAL
2026-07-29,Steel Manufacturing & Mining,7.44,-2.92,-2.92,-16.39,17.8,10.55,19.22,19.22,HIGH_VOLATILITY,WATCH
2026-07-29,Batteries,7.12,0.53,-3.24,-12.94,17.48,14.0,16.16,16.16,HIGH_VOLATILITY,STRONG BUY
2026-07-29,Paints & Coatings,-5.93,-0.23,-16.29,-13.7,4.43,13.24,-14.71,-14.71,HIGH_VOLATILITY,AVOID
2026-07-29,Batteries,-11.02,0.43,-21.38,-13.03,-0.66,13.9,-20.3,-20.3,HIGH_VOLATILITY,AVOID
2026-07-29,Renewable Energy - Solar & Wind,-7.46,-3.56,-17.82,-17.03,2.9,9.91,-15.37,-15.37,HIGH_VOLATILITY,AVOID
2026-07-29,Software Products & Digital Services,-3.93,-3.62,-14.29,-17.09,6.43,9.85,-7.68,-7.68,HIGH_VOLATILITY,AVOID
2026-07-29,Railway Wagons & Equipment,-3.39,-0.14,-13.75,-13.61,6.97,13.33,-12.72,-12.72,HIGH_VOLATILITY,AVOID
2026-07-29,Residential & Commercial Real Estate,-5.3,-3.56,-15.66,-17.03,5.06,9.9,-10.79,-10.79,HIGH_VOLATILITY,AVOID
2026-07-29,Railway Infrastructure,-5.62,-0.49,-15.98,-13.96,4.74,12.98,-15.96,-15.96,HIGH_VOLATILITY,AVOID
2026-07-29,Pharmaceuticals,-1.48,-3.27,-11.84,-16.74,8.88,10.2,-1.61,-1.61,HIGH_VOLATILITY,NEUTRAL
2026-07-29,Lubricants & Specialty Oils,-2.06,-2.45,-12.42,-15.92,8.3,11.02,-2.32,-2.32,HIGH_VOLATILITY,NEUTRAL
2026-07-29,Footwear,-7.67,-0.49,-18.03,-13.96,2.69,12.98,-17.86,-17.86,HIGH_VOLATILITY,AVOID
2026-07-29,Heavy Electrical Equipment,2.28,5.28,-8.08,-8.18,12.64,18.75,14.25,14.25,HIGH_VOLATILITY,REDUCE
2026-07-29,Power Sector Financing NBFC,7.71,2.14,-2.65,-11.33,18.07,15.61,17.52,17.52,HIGH_VOLATILITY,STRONG BUY
2026-07-29,Financial Services,-5.39,-3.11,-15.75,-16.58,4.97,10.36,-8.71,-8.71,HIGH_VOLATILITY,AVOID
2026-07-29,Automobile OEMs,-0.04,-1.91,-10.4,-15.38,10.32,11.56,-0.19,-0.19,HIGH_VOLATILITY,NEUTRAL
2026-07-29,Superalloys & Special Metals,-6.84,-0.49,-17.2,-13.96,3.52,12.98,-15.26,-15.26,HIGH_VOLATILITY,AVOID
2026-07-29,Agrochemicals & Pesticides,-8.89,-0.46,-19.25,-13.92,1.47,13.01,-19.68,-19.68,HIGH_VOLATILITY,AVOID
2026-07-29,Sugar & Bio-Ethanol,-7.28,-3.28,-17.64,-16.75,3.08,10.19,-12.38,-12.38,HIGH_VOLATILITY,AVOID
2026-07-29,Civil Construction & Infrastructure,-8.35,-4.5,-18.71,-17.97,2.01,8.97,-17.2,-17.2,HIGH_VOLATILITY,AVOID
2026-07-29,Railway Financing,-7.18,-0.23,-17.54,-13.7,3.18,13.24,-17.86,-17.86,HIGH_VOLATILITY,AVOID
2026-07-29,Dairy Products,-7.55,-0.49,-17.91,-13.96,2.81,12.98,-16.79,-16.79,HIGH_VOLATILITY,AVOID
2026-07-29,Transformers & T&D Equipment,0.03,-2.44,-10.33,-15.91,10.39,11.03,6.05,6.05,HIGH_VOLATILITY,NEUTRAL
2026-07-29,Renewable Energy,-7.37,-2.42,-17.73,-15.89,2.99,11.05,-13.61,-13.61,HIGH_VOLATILITY,AVOID
2026-07-29,Specialty Chemicals,-1.95,-3.55,-12.31,-17.02,8.41,9.92,-2.97,-2.97,HIGH_VOLATILITY,NEUTRAL
2026-07-29,Packaging Materials & Containers,-5.26,-1.85,-15.62,-15.31,5.1,11.62,-4.71,-4.71,HIGH_VOLATILITY,AVOID
2026-07-29,Information Technology,-1.34,-1.71,-11.7,-15.18,9.02,11.76,-3.15,-3.15,HIGH_VOLATILITY,NEUTRAL
2026-07-29,Packaging & Containers,-4.23,-3.16,-14.59,-16.63,6.13,10.3,-6.75,-6.75,HIGH_VOLATILITY,AVOID
2026-07-29,"Hotels, Resorts & QSR",-5.16,-3.42,-15.52,-16.89,5.2,10.05,-13.12,-13.12,HIGH_VOLATILITY,AVOID
2026-07-29,Housing & Urban Infrastructure Financing,-8.59,0.43,-18.95,-13.03,1.77,13.9,-17.01,-17.01,HIGH_VOLATILITY,AVOID
2026-07-29,Microfinance NBFC,-0.62,2.1,-10.98,-11.37,9.74,15.56,8.32,8.32,HIGH_VOLATILITY,NEUTRAL
2026-07-29,Fertilizers & Agrochemicals,-2.58,-3.43,-12.94,-16.9,7.78,10.03,-10.26,-10.26,HIGH_VOLATILITY,AVOID
2026-07-29,Diagnostic & Healthcare Laboratories,-4.99,4.72,-15.35,-8.75,5.37,18.19,-15.08,-15.08,HIGH_VOLATILITY,AVOID
2026-07-29,Asset Management Company (AMC),-5.99,-3.15,-16.35,-16.62,4.37,10.32,-10.61,-10.61,HIGH_VOLATILITY,AVOID
2026-07-29,Diversified & Fashion Retail,-8.09,-2.85,-18.45,-16.32,2.27,10.62,-18.9,-18.9,HIGH_VOLATILITY,AVOID
2026-07-29,Railway Telecom,-6.61,-0.23,-16.97,-13.7,3.75,13.24,-17.27,-17.27,HIGH_VOLATILITY,AVOID
2026-07-29,Packaged Foods & Consumer Staples,-1.88,-2.81,-12.24,-16.28,8.48,10.66,-3.43,-3.43,HIGH_VOLATILITY,NEUTRAL
2026-07-29,Pharmaceuticals & Biotechnology,2.21,-2.89,-8.15,-16.35,12.57,10.58,7.16,7.16,HIGH_VOLATILITY,NEUTRAL
2026-07-29,Aluminium & Mining,-0.2,-1.6,-10.56,-15.07,10.16,11.87,-0.84,-0.84,HIGH_VOLATILITY,NEUTRAL
2026-07-29,Oil Gas & Consumable Fuels,4.28,2.62,-6.08,-10.85,14.64,16.09,17.8,17.8,HIGH_VOLATILITY,BUY
2026-07-29,Air Conditioners & AC Components,-10.19,-0.49,-20.55,-13.96,0.17,12.98,-18.4,-18.4,HIGH_VOLATILITY,AVOID
2026-07-29,Railways,-1.11,-1.91,-11.47,-15.38,9.25,11.55,1.81,1.81,HIGH_VOLATILITY,NEUTRAL
2026-07-29,Asset Management & Wealth,-3.98,-2.34,-14.34,-15.8,6.38,11.13,-1.78,-1.78,HIGH_VOLATILITY,NEUTRAL
2026-07-29,Water & Wastewater Treatment,-3.38,-1.85,-13.74,-15.31,6.98,11.62,-9.67,-9.67,HIGH_VOLATILITY,AVOID
2026-07-29,Structural Steel Tubes & Pipes,5.74,2.14,-4.62,-11.33,16.1,15.61,17.79,17.79,HIGH_VOLATILITY,STRONG BUY
2026-07-29,Air Conditioners & AC Components,-3.06,-3.23,-13.42,-16.7,7.3,10.24,-10.46,-10.46,HIGH_VOLATILITY,AVOID
2026-07-29,Tyres & Rubber Products,-3.67,-3.33,-14.03,-16.8,6.69,10.13,-6.18,-6.18,HIGH_VOLATILITY,AVOID
2026-07-29,Water & Wastewater Treatment,-10.36,0.24,-20.72,-13.23,0.0,13.71,-18.8,-18.8,HIGH_VOLATILITY,AVOID
2026-07-30,Auto Lighting,3.41,0.03,-6.95,-13.44,13.77,13.49,15.32,20.99,WEAK_BEAR,REDUCE
2026-07-30,Air Conditioners & AC Components,-1.16,-3.5,-11.52,-16.97,9.2,9.97,-5.61,0.06,WEAK_BEAR,AVOID
2026-07-30,Rubber Chemicals,-6.64,-0.89,-17.0,-14.36,3.72,12.57,-15.74,-10.07,WEAK_BEAR,AVOID
2026-07-30,Passenger Cars & Utility Vehicles,-0.18,2.1,-10.54,-11.37,10.18,15.56,8.74,14.41,WEAK_BEAR,NEUTRAL
2026-07-30,IT Consulting & Software,-1.4,-3.46,-11.76,-16.93,8.96,10.01,-7.0,-1.33,WEAK_BEAR,AVOID
2026-07-30,Cement,-4.02,-2.98,-14.38,-16.45,6.34,10.49,-6.13,-0.46,WEAK_BEAR,AVOID
2026-07-30,Dairy Products,-6.05,-2.38,-16.41,-15.85,4.31,11.09,-15.71,-10.04,WEAK_BEAR,AVOID
2026-07-30,Construction,-4.41,-2.45,-14.77,-15.92,5.95,11.02,-6.65,-0.98,WEAK_BEAR,AVOID
2026-07-30,Plastic Pipes & Fittings,-1.02,-3.86,-11.38,-17.33,9.34,9.61,-5.47,0.2,WEAK_BEAR,AVOID
2026-07-30,Heavy Electrical Equipment,4.67,7.15,-5.69,-6.32,15.03,20.62,16.55,22.22,WEAK_BEAR,REDUCE
2026-07-30,Hospitals & Diagnostic Centres,-0.36,-2.82,-10.72,-16.29,10.0,10.65,-0.22,5.45,WEAK_BEAR,NEUTRAL
2026-07-30,Packaged Foods & Consumer Staples,-0.32,-3.4,-10.68,-16.87,10.04,10.07,-2.09,3.58,WEAK_BEAR,NEUTRAL
2026-07-30,Consumer Services,-2.22,-3.57,-12.58,-17.03,8.14,9.9,-7.77,-2.1,WEAK_BEAR,AVOID
2026-07-30,Air Conditioners & AC Components,-9.34,-0.46,-19.7,-13.92,1.02,13.01,-16.77,-11.1,WEAK_BEAR,AVOID
2026-07-30,Power Sector Financing NBFC,6.64,-0.24,-3.72,-13.71,17.0,13.22,15.07,20.74,WEAK_BEAR,STRONG BUY
2026-07-30,Travel Tech SaaS Solutions,0.83,-0.47,-9.53,-13.94,11.19,13.0,11.05,16.72,WEAK_BEAR,NEUTRAL
2026-07-30,Water & Wastewater Treatment,-9.58,-0.46,-19.94,-13.92,0.78,13.01,-18.2,-12.53,WEAK_BEAR,AVOID
2026-07-30,Construction Materials,2.5,-1.8,-7.86,-15.27,12.86,11.66,12.27,17.94,WEAK_BEAR,NEUTRAL
2026-07-30,Water & Wastewater Treatment,-1.28,-1.85,-11.64,-15.31,9.08,11.62,-4.73,0.94,WEAK_BEAR,AVOID
2026-07-30,Ship Building & Defence,-5.57,-2.38,-15.93,-15.85,4.79,11.09,-14.85,-9.18,WEAK_BEAR,AVOID
2026-07-30,"Plywood, MDF & Laminates",-2.75,-3.4,-13.11,-16.87,7.61,10.07,-6.92,-1.25,WEAK_BEAR,AVOID
2026-07-30,Structural Steel Tubes & Pipes,4.23,4.38,-6.13,-9.08,14.59,17.85,15.4,21.07,WEAK_BEAR,STRONG BUY
2026-07-30,Oil Exploration & Refining,-5.28,-3.4,-15.64,-16.87,5.08,10.07,-6.22,-0.55,WEAK_BEAR,AVOID
2026-07-30,Roads & Highways EPC,-5.12,-2.07,-15.48,-15.53,5.24,11.4,-14.95,-9.28,WEAK_BEAR,AVOID
2026-07-30,Cement & Clinker,-3.07,-4.15,-13.43,-17.62,7.29,9.32,-10.68,-5.01,WEAK_BEAR,AVOID
2026-07-30,Civil Buildings & Commercial EPC,-7.17,-0.72,-17.53,-14.18,3.19,12.75,-15.75,-10.08,WEAK_BEAR,AVOID
2026-07-30,Media Entertainment & Publication,-0.79,-1.12,-11.15,-14.59,9.57,12.35,2.23,7.9,WEAK_BEAR,NEUTRAL
2026-07-30,Fertilizers,-4.89,-1.61,-15.25,-15.08,5.47,11.86,-14.87,-9.2,WEAK_BEAR,AVOID
2026-07-30,Packaging & Containers,-0.7,-3.32,-11.06,-16.79,9.66,10.15,-0.45,5.22,WEAK_BEAR,NEUTRAL
2026-07-30,Asset Management & Wealth,-2.49,-2.34,-12.85,-15.8,7.87,11.13,-2.14,3.53,WEAK_BEAR,NEUTRAL
2026-07-30,Civil Construction & Infrastructure EPC,-4.57,-4.15,-14.93,-17.62,5.79,9.32,-12.94,-7.27,WEAK_BEAR,AVOID
2026-07-30,Diversified & Fashion Retail,-3.88,-3.56,-14.24,-17.03,6.48,9.91,-12.84,-7.17,WEAK_BEAR,AVOID
2026-07-30,Saw Pipes & Ductile Iron Pipes,0.88,2.64,-9.48,-10.83,11.24,16.11,11.15,16.82,WEAK_BEAR,BUY
2026-07-30,Housing & Urban Infrastructure Financing,-6.78,-0.75,-17.14,-14.22,3.58,12.72,-15.91,-10.24,WEAK_BEAR,AVOID
2026-07-30,"Logistics, Ports & Supply Chain",-2.46,-3.04,-12.82,-16.51,7.9,10.43,-2.49,3.18,WEAK_BEAR,NEUTRAL
2026-07-30,Realty,-5.66,-0.72,-16.02,-14.18,4.7,12.75,-15.01,-9.34,WEAK_BEAR,AVOID
2026-07-30,Power Generation & Distribution,-8.38,-0.36,-18.74,-13.83,1.98,13.11,-17.14,-11.47,WEAK_BEAR,AVOID
2026-07-30,Project Management & Civil Construction,-7.21,-0.72,-17.57,-14.18,3.15,12.75,-16.6,-10.93,WEAK_BEAR,AVOID
2026-07-30,Aluminium & Mining,-4.52,-2.81,-14.88,-16.28,5.84,10.66,-6.36,-0.69,WEAK_BEAR,AVOID
2026-07-30,Railway Telecom,-4.86,-1.47,-15.22,-14.94,5.5,12.0,-14.52,-8.85,WEAK_BEAR,AVOID
2026-07-30,Batteries & Energy Storage,-2.02,-1.84,-12.38,-15.31,8.34,11.63,-9.28,-3.61,WEAK_BEAR,AVOID
2026-07-30,Plywood & Boards,-8.44,-0.46,-18.8,-13.92,1.92,13.01,-14.7,-9.03,WEAK_BEAR,AVOID
2026-07-30,API & CDMO / CRAMS,0.48,-2.98,-9.88,-16.45,10.84,10.49,3.43,9.1,WEAK_BEAR,NEUTRAL
2026-07-30,Railway Infrastructure & Consulting,-6.29,-0.46,-16.65,-13.92,4.07,13.01,-16.67,-11.0,WEAK_BEAR,AVOID
2026-07-30,Explosives & Defence Chemicals,0.58,2.64,-9.78,-10.83,10.94,16.11,10.47,16.14,WEAK_BEAR,NEUTRAL
2026-07-30,Pharmaceuticals,-2.49,-3.34,-12.85,-16.81,7.87,10.13,-3.25,2.42,WEAK_BEAR,NEUTRAL
2026-07-30,Transformers & T&D Equipment,-2.9,-2.84,-13.26,-16.31,7.46,10.63,0.76,6.43,WEAK_BEAR,NEUTRAL
2026-07-30,Packaged Foods & FMCG Staples,-3.01,-3.41,-13.37,-16.88,7.35,10.06,-6.24,-0.57,WEAK_BEAR,AVOID
2026-07-30,Media & Entertainment,-2.69,-3.46,-13.05,-16.93,7.67,10.01,-6.09,-0.42,WEAK_BEAR,AVOID
2026-07-30,Railway Ticketing & Catering,-5.55,-1.61,-15.91,-15.08,4.81,11.86,-14.92,-9.25,WEAK_BEAR,AVOID
2026-07-30,Iron & Steel,-1.61,-3.0,-11.97,-16.47,8.75,10.47,1.67,7.34,WEAK_BEAR,NEUTRAL
2026-07-30,Railway Financing,-2.69,-1.61,-13.05,-15.08,7.67,11.86,-10.81,-5.14,WEAK_BEAR,AVOID
2026-07-30,Packaging Materials & Containers,-4.46,-3.33,-14.82,-16.8,5.9,10.13,-4.25,1.42,WEAK_BEAR,NEUTRAL
2026-07-30,Batteries,-9.52,-0.46,-19.88,-13.92,0.84,13.01,-17.17,-11.5,WEAK_BEAR,AVOID
2026-07-30,Non Banking Financial Company (NBFC),-1.89,-3.82,-12.25,-17.28,8.47,9.65,-3.56,2.11,WEAK_BEAR,NEUTRAL
2026-07-30,Commodity Chemicals,-1.33,-3.65,-11.69,-17.12,9.03,9.82,-2.2,3.47,WEAK_BEAR,NEUTRAL
2026-07-30,Batteries,9.44,1.04,-0.92,-12.43,19.8,14.51,21.5,27.17,WEAK_BEAR,STRONG BUY
2026-07-30,Pipes & Tubes,-3.18,-3.57,-13.54,-17.03,7.18,9.9,-6.39,-0.72,WEAK_BEAR,AVOID
2026-07-30,Internet & Digital Platforms,-0.91,-3.4,-11.27,-16.87,9.45,10.07,-5.49,0.18,WEAK_BEAR,AVOID
2026-07-30,Hospitals & Healthcare Services,4.15,1.76,-6.21,-11.71,14.51,15.22,15.91,21.58,WEAK_BEAR,REDUCE
2026-07-30,Data Centers & Real Estate,5.87,1.76,-4.49,-11.71,16.23,15.22,17.09,22.76,WEAK_BEAR,NEUTRAL
2026-07-30,Fast Moving Consumer Goods,-1.97,-3.57,-12.33,-17.03,8.39,9.9,-7.38,-1.71,WEAK_BEAR,AVOID
2026-07-30,Footwear,-6.84,-0.46,-17.2,-13.92,3.52,13.01,-16.09,-10.42,WEAK_BEAR,AVOID
2026-07-30,Railway Infrastructure,-6.08,-1.61,-16.44,-15.08,4.28,11.86,-15.72,-10.05,WEAK_BEAR,AVOID
2026-07-30,Plastic Pipes & Moulded Products,-5.94,-0.46,-16.3,-13.92,4.42,13.01,-16.36,-10.69,WEAK_BEAR,AVOID
2026-07-30,Superalloys & Special Metals,-8.72,-0.46,-19.08,-13.92,1.64,13.01,-17.23,-11.56,WEAK_BEAR,AVOID
2026-07-30,Renewable Energy - Solar & Wind,-5.08,-3.98,-15.44,-17.45,5.28,9.49,-12.6,-6.93,WEAK_BEAR,AVOID
2026-07-30,Consumer Durables,0.0,-3.35,-10.36,-16.82,10.36,10.12,4.45,10.12,WEAK_BEAR,NEUTRAL
2026-07-30,Renewable Energy Financing NBFC,-5.77,-1.47,-16.13,-14.94,4.59,12.0,-15.45,-9.78,WEAK_BEAR,AVOID
2026-07-30,Power,-4.79,-3.33,-15.15,-16.8,5.57,10.13,-5.78,-0.11,WEAK_BEAR,AVOID
2026-07-30,Paints,-1.64,-3.4,-12.0,-16.86,8.72,10.07,-5.74,-0.07,WEAK_BEAR,AVOID
2026-07-30,Diagnostic & Healthcare Laboratories,-1.9,-0.72,-12.26,-14.18,8.46,12.75,-8.98,-3.31,WEAK_BEAR,AVOID
2026-07-30,"Textiles, Yarns & Apparel",-2.16,-3.57,-12.52,-17.03,8.2,9.9,-2.96,2.71,WEAK_BEAR,NEUTRAL
2026-07-30,Electronic Manufacturing Services (EMS),-8.56,-2.07,-18.92,-15.53,1.8,11.4,-18.08,-12.41,WEAK_BEAR,AVOID
2026-07-30,Software Products & Digital Services,-1.21,-3.65,-11.57,-17.12,9.15,9.82,-3.57,2.1,WEAK_BEAR,NEUTRAL
2026-07-30,Telecommunication,-5.61,-3.16,-15.97,-16.63,4.75,10.3,-6.73,-1.06,WEAK_BEAR,AVOID
2026-07-30,Chemicals,-3.88,-3.98,-14.24,-17.45,6.48,9.49,-10.41,-4.74,WEAK_BEAR,AVOID
2026-07-30,Residential & Commercial Real Estate,-4.39,-3.63,-14.75,-17.1,5.97,9.84,-9.05,-3.38,WEAK_BEAR,AVOID
2026-07-30,Tractors & Farm Equipment,4.98,0.17,-5.38,-13.29,15.34,13.64,9.01,14.68,WEAK_BEAR,WATCH
2026-07-30,Banks,-2.69,-2.95,-13.05,-16.42,7.67,10.52,1.18,6.85,WEAK_BEAR,NEUTRAL
2026-07-30,Automobile OEMs,0.84,-2.83,-9.52,-16.3,11.2,10.64,0.83,6.5,WEAK_BEAR,WATCH
2026-07-30,Wires & Cables,-4.5,-3.19,-14.86,-16.65,5.86,10.28,-4.43,1.24,WEAK_BEAR,AVOID
2026-07-30,Metals & Mining,-0.39,-1.82,-10.75,-15.29,9.97,11.65,1.98,7.65,WEAK_BEAR,NEUTRAL
2026-07-30,Sugar & Bio-Ethanol,-5.4,-3.63,-15.76,-17.1,4.96,9.84,-10.71,-5.04,WEAK_BEAR,AVOID
2026-07-30,Lubricants & Specialty Oils,-4.11,-2.45,-14.47,-15.92,6.25,11.02,-2.97,2.7,WEAK_BEAR,NEUTRAL
2026-07-30,Diversified Commercial,-2.61,-3.65,-12.97,-17.12,7.75,9.82,-5.04,0.63,WEAK_BEAR,AVOID
2026-07-30,Auto Glass,-1.64,-0.24,-12.0,-13.71,8.72,13.22,1.28,6.95,WEAK_BEAR,NEUTRAL
2026-07-30,Electronic Manufacturing Services (EMS),-7.65,0.43,-18.01,-13.03,2.71,13.9,-12.89,-7.22,WEAK_BEAR,AVOID
2026-07-30,Electronic Manufacturing Services (EMS),5.23,-2.06,-5.13,-15.53,15.59,11.41,10.57,16.24,WEAK_BEAR,BUY
2026-07-30,Civil Construction & Infrastructure,-4.63,-4.45,-14.99,-17.92,5.73,9.02,-12.47,-6.8,WEAK_BEAR,AVOID
2026-07-30,Copper Mining,1.56,1.76,-8.8,-11.71,11.92,15.22,12.71,18.38,WEAK_BEAR,NEUTRAL
2026-07-30,Gas Distribution,-5.95,-1.61,-16.31,-15.08,4.41,11.86,-13.88,-8.21,WEAK_BEAR,AVOID
2026-07-30,Steel Manufacturing & Mining,3.82,-0.34,-6.54,-13.81,14.18,13.13,13.91,19.58,WEAK_BEAR,BUY
2026-07-30,Paints & Coatings,-2.16,-0.46,-12.52,-13.92,8.2,13.01,-9.59,-3.92,WEAK_BEAR,AVOID
2026-07-30,Breweries & Distilleries,1.16,-2.38,-9.2,-15.85,11.52,11.09,1.75,7.42,WEAK_BEAR,WATCH
2026-07-30,"Hotels, Resorts & QSR",-2.11,-3.4,-12.47,-16.87,8.25,10.07,-8.64,-2.97,WEAK_BEAR,AVOID
2026-07-30,Bearings & Friction Solutions,-1.75,-2.98,-12.11,-16.45,8.61,10.49,-1.79,3.88,WEAK_BEAR,NEUTRAL
2026-07-30,Wealth & Asset Management,6.72,2.64,-3.64,-10.83,17.08,16.11,15.26,20.93,WEAK_BEAR,STRONG BUY
2026-07-30,Air Conditioners & Appliances,-1.22,-3.38,-11.58,-16.85,9.14,10.08,-6.3,-0.63,WEAK_BEAR,AVOID
2026-07-30,Microfinance NBFC,-3.91,-0.1,-14.27,-13.56,6.45,13.37,0.19,5.86,WEAK_BEAR,NEUTRAL
2026-07-30,Auto Parts & Equipment,-1.22,-3.21,-11.58,-16.68,9.14,10.26,4.76,10.43,WEAK_BEAR,NEUTRAL
2026-07-30,Aerospace & Defence,-4.06,-2.66,-14.42,-16.13,6.3,10.8,-2.29,3.38,WEAK_BEAR,NEUTRAL
2026-07-30,Railways,-1.25,-2.09,-11.61,-15.55,9.11,11.38,0.54,6.21,WEAK_BEAR,NEUTRAL
2026-07-30,Hotels & Restaurants,-3.09,-3.85,-13.45,-17.32,7.27,9.62,-10.52,-4.85,WEAK_BEAR,AVOID
2026-07-30,Affordable Housing Finance Company,-7.29,-0.72,-17.65,-14.18,3.07,12.75,-17.23,-11.56,WEAK_BEAR,AVOID
2026-07-30,Oil Gas & Consumable Fuels,5.41,1.94,-4.95,-11.53,15.77,15.41,17.37,23.04,WEAK_BEAR,NEUTRAL
2026-07-30,Tyres & Rubber Products,1.52,-3.27,-8.84,-16.74,11.88,10.2,0.35,6.02,WEAK_BEAR,WATCH
2026-07-30,Edible Oils,-1.77,-0.46,-12.13,-13.92,8.59,13.01,-8.7,-3.03,WEAK_BEAR,AVOID
2026-07-30,Zinc & Silver Mining,2.64,-1.8,-7.72,-15.27,13.0,11.66,14.19,19.86,WEAK_BEAR,REDUCE
2026-07-30,Telecom Services & Infrastructure,-3.28,-2.84,-13.64,-16.31,7.08,10.63,-0.18,5.49,WEAK_BEAR,NEUTRAL
2026-07-30,Pharmaceuticals & Biotechnology,2.58,-3.0,-7.78,-16.47,12.94,10.47,7.36,13.03,WEAK_BEAR,WATCH
2026-07-30,Ceramics & Tiles,-6.05,-3.23,-16.41,-16.7,4.31,10.24,-10.51,-4.84,WEAK_BEAR,AVOID
2026-07-30,Textiles & Apparel,-3.75,-3.19,-14.11,-16.65,6.61,10.28,-2.85,2.82,WEAK_BEAR,NEUTRAL
2026-07-30,Logistics & Transportation,-2.75,-3.4,-13.11,-16.86,7.61,10.07,-6.09,-0.42,WEAK_BEAR,AVOID
2026-07-30,Tea & Coffee,-4.0,-3.23,-14.36,-16.7,6.36,10.24,-6.68,-1.01,WEAK_BEAR,AVOID
2026-07-30,Paper & Paper Products,-4.88,-3.4,-15.24,-16.87,5.48,10.07,-7.22,-1.55,WEAK_BEAR,AVOID
2026-07-30,Utilities,-7.23,-0.63,-17.59,-14.1,3.13,12.83,-16.66,-10.99,WEAK_BEAR,AVOID
2026-07-30,Services,1.81,-3.18,-8.55,-16.65,12.17,10.28,1.47,7.14,WEAK_BEAR,WATCH
2026-07-30,Fertilizers & Agrochemicals,-3.66,-4.15,-14.02,-17.62,6.7,9.32,-12.12,-6.45,WEAK_BEAR,AVOID
2026-07-30,Specialty Chemicals,-3.23,-3.65,-13.59,-17.12,7.13,9.82,-4.89,0.78,WEAK_BEAR,AVOID
2026-07-30,Railway Wagons & Equipment,-5.69,-0.72,-16.05,-14.18,4.67,12.75,-15.51,-9.84,WEAK_BEAR,AVOID
2026-07-30,Asset Management Company (AMC),-4.37,-3.5,-14.73,-16.97,5.99,9.97,-7.29,-1.62,WEAK_BEAR,AVOID
2026-07-30,Power Generation & Utilities,-6.62,-3.4,-16.98,-16.87,3.74,10.07,-9.3,-3.63,WEAK_BEAR,AVOID
2026-07-30,Pumps & Compressors,-5.96,-3.28,-16.32,-16.75,4.4,10.19,-8.5,-2.83,WEAK_BEAR,AVOID
2026-07-30,Information Technology,-4.62,-2.81,-14.98,-16.28,5.74,10.66,-5.2,0.47,WEAK_BEAR,AVOID
2026-07-30,Financial Services,-3.8,-3.4,-14.16,-16.87,6.56,10.07,-8.43,-2.76,WEAK_BEAR,AVOID
2026-07-30,Textiles,-2.53,-2.21,-12.89,-15.67,7.83,11.26,1.85,7.52,WEAK_BEAR,NEUTRAL
2026-07-30,Copper & Non-Ferrous Metals,8.18,5.45,-2.18,-8.02,18.54,18.92,18.6,24.27,WEAK_BEAR,STRONG BUY
2026-07-30,Stockbroking & Financial Products,-2.78,-3.4,-13.14,-16.87,7.58,10.07,-6.44,-0.77,WEAK_BEAR,AVOID
2026-07-30,Capital Goods,-3.54,-2.95,-13.9,-16.42,6.82,10.52,-0.78,4.89,WEAK_BEAR,NEUTRAL
2026-07-30,Diversified Retail,-4.98,-3.4,-15.34,-16.87,5.38,10.07,-11.79,-6.12,WEAK_BEAR,AVOID
2026-07-30,Healthcare,-1.16,-3.04,-11.52,-16.51,9.2,10.43,-2.79,2.88,WEAK_BEAR,NEUTRAL
2026-07-30,Insurance,-1.0,-3.57,-11.36,-17.03,9.36,9.9,-5.58,0.09,WEAK_BEAR,AVOID
2026-07-30,Capital Markets & Asset Management,-5.56,-3.23,-15.92,-16.7,4.8,10.24,-11.8,-6.13,WEAK_BEAR,AVOID
2026-07-30,Gas Transmission & Distribution,-2.36,-1.47,-12.72,-14.94,8.0,12.0,-8.7,-3.03,WEAK_BEAR,AVOID
2026-07-30,Agrochemicals & Pesticides,-6.62,-1.47,-16.98,-14.94,3.74,12.0,-16.46,-10.79,WEAK_BEAR,AVOID
2026-07-30,Renewable Energy,-6.7,-1.5,-17.06,-14.97,3.66,11.96,-12.66,-6.99,WEAK_BEAR,AVOID
2026-07-30,Mining & Mineral Products,2.13,-2.09,-8.23,-15.55,12.49,11.38,3.91,9.58,WEAK_BEAR,WATCH
2026-07-30,Automobile and Auto Components,-3.27,-2.09,-13.63,-15.55,7.09,11.38,-1.08,4.59,WEAK_BEAR,NEUTRAL
2026-07-31,Diversified Retail,-5.18,-3.57,-15.54,-17.03,5.18,9.9,-11.31,-5.64,WEAK_BEAR,AVOID
2026-07-31,Saw Pipes & Ductile Iron Pipes,1.16,2.86,-9.2,-10.6,11.52,16.33,11.79,17.46,WEAK_BEAR,BUY
2026-07-31,Civil Construction & Infrastructure EPC,-6.13,-3.98,-16.49,-17.45,4.23,9.49,-12.35,-6.68,WEAK_BEAR,AVOID
2026-07-31,Oil Gas & Consumable Fuels,4.19,2.58,-6.17,-10.89,14.55,16.05,15.11,20.78,WEAK_BEAR,REDUCE
2026-07-31,Project Management & Civil Construction,-6.67,-0.75,-17.03,-14.22,3.69,12.72,-15.94,-10.27,WEAK_BEAR,AVOID
2026-07-31,Wires & Cables,-2.98,-2.76,-13.34,-16.23,7.38,10.71,-1.93,3.74,WEAK_BEAR,NEUTRAL
2026-07-31,Financial Services,-1.92,-3.4,-12.28,-16.87,8.44,10.07,-6.02,-0.35,WEAK_BEAR,AVOID
2026-07-31,Pharmaceuticals,0.63,-3.34,-9.73,-16.81,10.99,10.13,0.36,6.03,WEAK_BEAR,WATCH
2026-07-31,Capital Goods,-0.43,-2.78,-10.79,-16.25,9.93,10.68,3.1,8.77,WEAK_BEAR,NEUTRAL
2026-07-31,Power Generation & Utilities,-3.2,-3.93,-13.56,-17.39,7.16,9.54,-7.58,-1.91,WEAK_BEAR,AVOID
2026-07-31,Logistics & Transportation,-2.86,-3.4,-13.22,-16.86,7.5,10.07,-5.96,-0.29,WEAK_BEAR,AVOID
2026-07-31,Transformers & T&D Equipment,2.87,-2.27,-7.49,-15.74,13.23,11.2,8.83,14.5,WEAK_BEAR,NEUTRAL
2026-07-31,Heavy Electrical Equipment,5.33,2.95,-5.03,-10.52,15.69,16.41,17.65,23.32,WEAK_BEAR,NEUTRAL
2026-07-31,Structural Steel Tubes & Pipes,5.73,0.7,-4.63,-12.77,16.09,14.16,16.77,22.44,WEAK_BEAR,STRONG BUY
2026-07-31,Railways,-1.09,-2.09,-11.45,-15.55,9.27,11.38,0.34,6.01,WEAK_BEAR,NEUTRAL
2026-07-31,Services,2.11,-2.36,-8.25,-15.83,12.47,11.11,2.44,8.11,WEAK_BEAR,WATCH
2026-07-31,"Textiles, Yarns & Apparel",-4.91,-3.4,-15.27,-16.87,5.45,10.07,-7.32,-1.65,WEAK_BEAR,AVOID
2026-07-31,Asset Management Company (AMC),-3.18,-3.49,-13.54,-16.96,7.18,9.98,-6.49,-0.82,WEAK_BEAR,AVOID
2026-07-31,Plywood & Boards,2.2,1.43,-8.16,-12.04,12.56,14.9,4.9,10.57,WEAK_BEAR,WATCH
2026-07-31,API & CDMO / CRAMS,-1.21,-2.23,-11.57,-15.7,9.15,11.24,1.06,6.73,WEAK_BEAR,NEUTRAL
2026-07-31,Telecommunication,-3.82,-3.15,-14.18,-16.62,6.54,10.32,-4.28,1.39,WEAK_BEAR,NEUTRAL
2026-07-31,Paper & Paper Products,-3.24,-3.4,-13.6,-16.87,7.12,10.07,-7.72,-2.05,WEAK_BEAR,AVOID
2026-07-31,Rubber Chemicals,-6.82,-0.49,-17.18,-13.96,3.54,12.98,-15.91,-10.24,WEAK_BEAR,AVOID
2026-07-31,Air Conditioners & Appliances,-2.39,-3.4,-12.75,-16.86,7.97,10.07,-8.98,-3.31,WEAK_BEAR,AVOID
2026-07-31,Aluminium & Mining,-1.87,-1.47,-12.23,-14.93,8.49,12.0,-2.7,2.97,WEAK_BEAR,NEUTRAL
2026-07-31,Asset Management & Wealth,-2.16,-2.32,-12.52,-15.79,8.2,11.14,-2.21,3.46,WEAK_BEAR,NEUTRAL
2026-07-31,Wealth & Asset Management,6.13,2.64,-4.23,-10.83,16.49,16.11,13.91,19.58,WEAK_BEAR,BUY
2026-07-31,Zinc & Silver Mining,2.58,-3.08,-7.78,-16.54,12.94,10.39,15.06,20.73,WEAK_BEAR,REDUCE
2026-07-31,Packaged Foods & FMCG Staples,-4.87,-3.57,-15.23,-17.03,5.49,9.9,-9.46,-3.79,WEAK_BEAR,AVOID
2026-07-31,"Logistics, Ports & Supply Chain",-2.61,-2.8,-12.97,-16.27,7.75,10.67,-2.38,3.29,WEAK_BEAR,NEUTRAL
2026-07-31,Packaged Foods & Consumer Staples,-0.66,-3.49,-11.02,-16.96,9.7,9.98,-3.0,2.67,WEAK_BEAR,NEUTRAL
2026-07-31,Hospitals & Healthcare Services,2.33,0.03,-8.03,-13.44,12.69,13.49,14.48,20.15,WEAK_BEAR,REDUCE
2026-07-31,Footwear,-6.51,-0.46,-16.87,-13.92,3.85,13.01,-15.93,-10.26,WEAK_BEAR,AVOID
2026-07-31,Railway Infrastructure,-5.6,-1.61,-15.96,-15.08,4.76,11.86,-14.98,-9.31,WEAK_BEAR,AVOID
2026-07-31,Specialty Chemicals,0.92,-3.16,-9.44,-16.63,11.28,10.3,0.72,6.39,WEAK_BEAR,WATCH
2026-07-31,Dairy Products,-3.01,-2.38,-13.37,-15.85,7.35,11.09,-11.41,-5.74,WEAK_BEAR,AVOID
2026-07-31,Banks,-1.94,-2.95,-12.3,-16.42,8.42,10.52,2.89,8.56,WEAK_BEAR,NEUTRAL
2026-07-31,Roads & Highways EPC,-4.86,-2.07,-15.22,-15.53,5.5,11.4,-14.58,-8.91,WEAK_BEAR,AVOID
2026-07-31,"Plywood, MDF & Laminates",-0.16,-3.4,-10.52,-16.87,10.2,10.07,-0.72,4.95,WEAK_BEAR,WATCH
2026-07-31,Oil Exploration & Refining,-3.14,-3.5,-13.5,-16.97,7.22,9.97,-4.6,1.07,WEAK_BEAR,AVOID
2026-07-31,Packaging Materials & Containers,-2.97,-3.33,-13.33,-16.8,7.39,10.13,-4.91,0.76,WEAK_BEAR,AVOID
2026-07-31,Auto Glass,-2.1,0.93,-12.46,-12.54,8.26,14.4,4.32,9.99,WEAK_BEAR,NEUTRAL
2026-07-31,Tractors & Farm Equipment,5.42,-0.72,-4.94,-14.19,15.78,12.75,10.03,15.7,WEAK_BEAR,WATCH
2026-07-31,Iron & Steel,-1.35,-3.0,-11.71,-16.47,9.01,10.47,2.12,7.79,WEAK_BEAR,NEUTRAL
2026-07-31,Healthcare,0.3,-2.55,-10.06,-16.02,10.66,10.92,-0.44,5.23,WEAK_BEAR,NEUTRAL
2026-07-31,Residential & Commercial Real Estate,-4.31,-3.63,-14.67,-17.1,6.05,9.84,-10.59,-4.92,WEAK_BEAR,AVOID
2026-07-31,Railway Wagons & Equipment,-5.46,-0.72,-15.82,-14.18,4.9,12.75,-15.34,-9.67,WEAK_BEAR,AVOID
2026-07-31,Cement,-5.89,-2.45,-16.25,-15.92,4.47,11.02,-7.12,-1.45,WEAK_BEAR,AVOID
2026-07-31,Pharmaceuticals & Biotechnology,-1.11,-3.0,-11.47,-16.47,9.25,10.47,1.71,7.38,WEAK_BEAR,NEUTRAL
2026-07-31,Hospitals & Diagnostic Centres,-1.56,-2.82,-11.92,-16.29,8.8,10.65,-0.94,4.73,WEAK_BEAR,NEUTRAL
2026-07-31,Copper Mining,5.16,0.16,-5.2,-13.31,15.52,13.63,17.9,23.57,WEAK_BEAR,REDUCE
2026-07-31,Textiles & Apparel,-2.42,-3.56,-12.78,-17.03,7.94,9.9,-3.68,1.99,WEAK_BEAR,NEUTRAL
2026-07-31,Power Sector Financing NBFC,7.19,-0.24,-3.17,-13.71,17.55,13.22,16.33,22.0,WEAK_BEAR,STRONG BUY
2026-07-31,Cement & Clinker,-2.54,-4.32,-12.9,-17.79,7.82,9.15,-9.73,-4.06,WEAK_BEAR,AVOID
2026-07-31,Breweries & Distilleries,-0.28,-2.38,-10.64,-15.85,10.08,11.09,0.99,6.66,WEAK_BEAR,NEUTRAL
2026-07-31,Utilities,-7.59,-0.49,-17.95,-13.96,2.77,12.98,-17.79,-12.12,WEAK_BEAR,AVOID
2026-07-31,Media & Entertainment,-3.31,-3.46,-13.67,-16.93,7.05,10.01,-5.61,0.06,WEAK_BEAR,AVOID
2026-07-31,Capital Markets & Asset Management,-5.76,-3.39,-16.12,-16.86,4.6,10.08,-10.25,-4.58,WEAK_BEAR,AVOID
2026-07-31,Consumer Durables,-2.05,-3.19,-12.41,-16.65,8.31,10.28,0.06,5.73,WEAK_BEAR,NEUTRAL
2026-07-31,Paints & Coatings,-1.38,-0.49,-11.74,-13.96,8.98,12.98,-7.81,-2.14,WEAK_BEAR,AVOID
2026-07-31,Railway Financing,-3.27,-1.61,-13.63,-15.08,7.09,11.86,-12.13,-6.46,WEAK_BEAR,AVOID
2026-07-31,Superalloys & Special Metals,-8.26,-0.49,-18.62,-13.96,2.1,12.98,-16.56,-10.89,WEAK_BEAR,AVOID
2026-07-31,Agrochemicals & Pesticides,-3.14,-1.84,-13.5,-15.31,7.22,11.63,-11.79,-6.12,WEAK_BEAR,AVOID
2026-07-31,Civil Buildings & Commercial EPC,-8.16,-0.46,-18.52,-13.92,2.2,13.01,-15.16,-9.49,WEAK_BEAR,AVOID
2026-07-31,Power,-1.47,-2.1,-11.83,-15.57,8.89,11.36,-1.42,4.25,WEAK_BEAR,NEUTRAL
2026-07-31,Housing & Urban Infrastructure Financing,-7.62,-2.07,-17.98,-15.53,2.74,11.4,-17.06,-11.39,WEAK_BEAR,AVOID
2026-07-31,Software Products & Digital Services,-1.79,-3.25,-12.15,-16.72,8.57,10.22,-3.13,2.54,WEAK_BEAR,NEUTRAL
2026-07-31,Microfinance NBFC,-3.69,2.37,-14.05,-11.1,6.67,15.83,0.69,6.36,WEAK_BEAR,NEUTRAL
2026-07-31,Travel Tech SaaS Solutions,1.22,-0.38,-9.14,-13.85,11.58,13.09,11.92,17.59,WEAK_BEAR,NEUTRAL
2026-07-31,"Hotels, Resorts & QSR",-2.53,-3.6,-12.89,-17.07,7.83,9.86,-8.96,-3.29,WEAK_BEAR,AVOID
2026-07-31,Ship Building & Defence,-4.54,-2.1,-14.9,-15.57,5.82,11.37,-13.52,-7.85,WEAK_BEAR,AVOID
2026-07-31,Tyres & Rubber Products,1.02,-3.34,-9.34,-16.8,11.38,10.13,-0.01,5.66,WEAK_BEAR,WATCH
2026-07-31,Aerospace & Defence,-3.08,-2.21,-13.44,-15.68,7.28,11.25,-0.06,5.61,WEAK_BEAR,NEUTRAL
2026-07-31,Passenger Cars & Utility Vehicles,2.69,2.75,-7.67,-10.71,13.05,16.22,14.38,20.05,WEAK_BEAR,BUY
2026-07-31,Lubricants & Specialty Oils,-2.04,-3.34,-12.4,-16.8,8.32,10.13,-2.36,3.31,WEAK_BEAR,NEUTRAL
2026-07-31,Sugar & Bio-Ethanol,-5.87,-3.46,-16.23,-16.93,4.49,10.01,-11.07,-5.4,WEAK_BEAR,AVOID
2026-07-31,Railway Ticketing & Catering,-4.5,-1.23,-14.86,-14.7,5.86,12.24,-13.98,-8.31,WEAK_BEAR,AVOID
2026-07-31,Consumer Services,-0.81,-3.56,-11.17,-17.03,9.55,9.91,-5.01,0.66,WEAK_BEAR,AVOID
2026-07-31,Fast Moving Consumer Goods,-1.61,-3.57,-11.97,-17.03,8.75,9.9,-6.72,-1.05,WEAK_BEAR,AVOID
2026-07-31,Automobile OEMs,2.79,-2.55,-7.57,-16.01,13.15,10.92,4.57,10.24,WEAK_BEAR,WATCH
2026-07-31,Renewable Energy,-8.63,-0.46,-18.99,-13.92,1.73,13.01,-16.57,-10.9,WEAK_BEAR,AVOID
2026-07-31,Pipes & Tubes,-2.42,-3.56,-12.78,-17.03,7.94,9.91,-5.34,0.33,WEAK_BEAR,AVOID
2026-07-31,Civil Construction & Infrastructure,-3.48,-4.45,-13.84,-17.92,6.88,9.02,-11.22,-5.55,WEAK_BEAR,AVOID
2026-07-31,Steel Manufacturing & Mining,4.67,0.63,-5.69,-12.84,15.03,14.1,14.17,19.84,WEAK_BEAR,BUY
2026-07-31,Explosives & Defence Chemicals,0.72,2.86,-9.64,-10.6,11.08,16.33,10.79,16.46,WEAK_BEAR,BUY
2026-07-31,Electronic Manufacturing Services (EMS),5.66,-1.66,-4.7,-15.13,16.02,11.81,12.18,17.85,WEAK_BEAR,BUY
2026-07-31,Data Centers & Real Estate,6.32,0.69,-4.04,-12.78,16.68,14.16,17.71,23.38,WEAK_BEAR,WATCH
2026-07-31,Non Banking Financial Company (NBFC),1.71,-3.82,-8.65,-17.28,12.07,9.65,1.21,6.88,WEAK_BEAR,WATCH
2026-07-31,Information Technology,-2.02,-3.33,-12.38,-16.8,8.34,10.13,-5.65,0.02,WEAK_BEAR,AVOID
2026-07-31,Commodity Chemicals,-2.73,-3.56,-13.09,-17.03,7.63,9.9,-2.67,3.0,WEAK_BEAR,NEUTRAL
2026-07-31,Plastic Pipes & Moulded Products,-6.21,-0.46,-16.57,-13.92,4.15,13.01,-16.55,-10.88,WEAK_BEAR,AVOID
2026-07-31,Auto Lighting,8.2,-2.19,-2.16,-15.66,18.56,11.28,20.15,25.82,WEAK_BEAR,WATCH
2026-07-31,Tea & Coffee,-2.21,-3.5,-12.57,-16.97,8.15,9.97,-7.44,-1.77,WEAK_BEAR,AVOID
2026-07-31,Gas Distribution,4.52,1.83,-5.84,-11.64,14.88,15.29,10.22,15.89,WEAK_BEAR,WATCH
2026-07-31,Metals & Mining,2.1,-2.5,-8.26,-15.96,12.46,10.97,5.4,11.07,WEAK_BEAR,WATCH
2026-07-31,Gas Transmission & Distribution,-4.98,-1.47,-15.34,-14.94,5.38,12.0,-13.7,-8.03,WEAK_BEAR,AVOID
2026-07-31,Stockbroking & Financial Products,-1.89,-3.4,-12.25,-16.87,8.47,10.07,-5.97,-0.3,WEAK_BEAR,AVOID
2026-07-31,Plastic Pipes & Fittings,-1.37,-3.86,-11.73,-17.33,8.99,9.61,-5.38,0.29,WEAK_BEAR,AVOID
2026-07-31,Construction Materials,2.4,-1.8,-7.96,-15.27,12.76,11.66,12.2,17.87,WEAK_BEAR,NEUTRAL
2026-07-31,Textiles,-2.14,-2.13,-12.5,-15.6,8.22,11.34,2.73,8.4,WEAK_BEAR,NEUTRAL
2026-07-31,Pumps & Compressors,-4.78,-1.85,-15.14,-15.31,5.58,11.62,-4.07,1.6,WEAK_BEAR,AVOID
2026-07-31,Mining & Mineral Products,-1.19,-2.09,-11.55,-15.55,9.17,11.38,-0.18,5.49,WEAK_BEAR,NEUTRAL
2026-07-31,Automobile and Auto Components,2.81,-1.93,-7.55,-15.4,13.17,11.54,7.52,13.19,WEAK_BEAR,WATCH
2026-07-31,Bearings & Friction Solutions,-2.48,-2.98,-12.84,-16.45,7.88,10.49,-1.15,4.52,WEAK_BEAR,NEUTRAL
2026-07-31,Electronic Manufacturing Services (EMS),-8.36,-0.49,-18.72,-13.96,2.0,12.98,-17.42,-11.75,WEAK_BEAR,AVOID
2026-07-31,Hotels & Restaurants,-3.59,-3.85,-13.95,-17.32,6.77,9.62,-10.92,-5.25,WEAK_BEAR,AVOID
2026-07-31,Insurance,-1.51,-3.57,-11.87,-17.03,8.85,9.9,-5.47,0.2,WEAK_BEAR,AVOID
2026-07-31,Ceramics & Tiles,-5.58,-3.44,-15.94,-16.91,4.78,10.03,-10.44,-4.77,WEAK_BEAR,AVOID
2026-07-31,Telecom Services & Infrastructure,-1.88,-2.84,-12.24,-16.31,8.48,10.63,0.61,6.28,WEAK_BEAR,NEUTRAL
2026-07-31,Copper & Non-Ferrous Metals,3.73,4.27,-6.63,-9.19,14.09,17.74,13.69,19.36,WEAK_BEAR,BUY
2026-07-31,Edible Oils,-5.49,-0.46,-15.85,-13.92,4.87,13.01,-15.24,-9.57,WEAK_BEAR,AVOID
2026-07-31,Paints,-1.21,-3.4,-11.57,-16.86,9.15,10.07,-6.3,-0.63,WEAK_BEAR,AVOID
2026-07-31,Construction,-2.75,-2.09,-13.11,-15.55,7.61,11.38,-2.75,2.92,WEAK_BEAR,NEUTRAL
2026-07-31,Affordable Housing Finance Company,-7.01,-0.72,-17.37,-14.18,3.35,12.75,-17.5,-11.83,WEAK_BEAR,AVOID
2026-07-31,Auto Parts & Equipment,-0.7,-2.64,-11.06,-16.11,9.66,10.83,4.51,10.18,WEAK_BEAR,NEUTRAL
2026-07-31,Electronic Manufacturing Services (EMS),-8.16,0.43,-18.52,-13.03,2.2,13.9,-14.06,-8.39,WEAK_BEAR,AVOID
2026-07-31,Fertilizers & Agrochemicals,-5.23,-2.87,-15.59,-16.34,5.13,10.6,-14.56,-8.89,WEAK_BEAR,AVOID
2026-07-31,Diversified Commercial,-1.56,-3.65,-11.92,-17.12,8.8,9.82,-3.73,1.94,WEAK_BEAR,NEUTRAL
2026-07-31,Renewable Energy Financing NBFC,-5.66,-1.47,-16.02,-14.94,4.7,12.0,-14.83,-9.16,WEAK_BEAR,AVOID
2026-07-31,Batteries,7.1,-0.79,-3.26,-14.26,17.46,12.68,16.14,21.81,WEAK_BEAR,STRONG BUY
2026-07-31,Batteries,-9.2,-0.46,-19.56,-13.92,1.16,13.01,-16.45,-10.78,WEAK_BEAR,AVOID
2026-07-31,Power Generation & Distribution,-6.55,0.39,-16.91,-13.08,3.81,13.86,-14.54,-8.87,WEAK_BEAR,AVOID
2026-07-31,Air Conditioners & AC Components,-0.7,-3.5,-11.06,-16.97,9.66,9.97,-4.56,1.11,WEAK_BEAR,AVOID
2026-07-31,Air Conditioners & AC Components,-3.43,0.39,-13.79,-13.08,6.93,13.86,-8.62,-2.95,WEAK_BEAR,AVOID
2026-07-31,IT Consulting & Software,-1.85,-3.46,-12.21,-16.93,8.51,10.01,-7.88,-2.21,WEAK_BEAR,AVOID
2026-07-31,Renewable Energy - Solar & Wind,-5.4,-2.85,-15.76,-16.32,4.96,10.62,-13.29,-7.62,WEAK_BEAR,AVOID
2026-07-31,Realty,-5.04,-0.72,-15.4,-14.18,5.32,12.75,-14.81,-9.14,WEAK_BEAR,AVOID
2026-07-31,Media Entertainment & Publication,0.29,-1.85,-10.07,-15.31,10.65,11.62,3.4,9.07,WEAK_BEAR,NEUTRAL
2026-07-31,Railway Telecom,-3.1,-2.24,-13.46,-15.71,7.26,11.22,-11.74,-6.07,WEAK_BEAR,AVOID
2026-07-31,Batteries & Energy Storage,-1.96,-2.07,-12.32,-15.53,8.4,11.4,-9.12,-3.45,WEAK_BEAR,AVOID
2026-07-31,Water & Wastewater Treatment,1.34,-0.3,-9.02,-13.76,11.7,13.17,0.68,6.35,WEAK_BEAR,WATCH
2026-07-31,Water & Wastewater Treatment,-8.39,-0.49,-18.75,-13.96,1.97,12.98,-16.86,-11.19,WEAK_BEAR,AVOID
2026-07-31,Diversified & Fashion Retail,-4.0,-3.6,-14.36,-17.07,6.36,9.86,-11.98,-6.31,WEAK_BEAR,AVOID
2026-07-31,Fertilizers,-4.52,-1.61,-14.88,-15.08,5.84,11.86,-14.16,-8.49,WEAK_BEAR,AVOID
2026-07-31,Packaging & Containers,1.89,-2.55,-8.47,-16.02,12.25,10.92,2.58,8.25,WEAK_BEAR,WATCH
2026-07-31,Chemicals,-2.89,-3.57,-13.25,-17.03,7.47,9.9,-8.22,-2.55,WEAK_BEAR,AVOID
2026-07-31,Internet & Digital Platforms,0.45,-3.4,-9.91,-16.87,10.81,10.07,-2.38,3.29,WEAK_BEAR,NEUTRAL
2026-07-31,Railway Infrastructure & Consulting,-5.71,-0.46,-16.07,-13.92,4.65,13.01,-16.17,-10.5,WEAK_BEAR,AVOID
2026-07-31,Diagnostic & Healthcare Laboratories,-3.59,-0.75,-13.95,-14.22,6.77,12.72,-10.0,-4.33,WEAK_BEAR,AVOID
2026-08-03,Telecom Services & Infrastructure,-1.46,-2.01,-11.82,-15.48,8.9,11.45,1.34,-2.67,SIDEWAYS,NEUTRAL
2026-08-03,Gas Distribution,-2.48,-0.53,-12.84,-14.0,7.88,12.94,-9.41,-13.42,SIDEWAYS,AVOID
2026-08-03,Wires & Cables,-2.45,-3.12,-12.81,-16.59,7.91,10.34,-0.08,-4.09,SIDEWAYS,NEUTRAL
2026-08-03,Renewable Energy - Solar & Wind,-5.13,-2.75,-15.49,-16.22,5.23,10.72,-14.36,-18.37,SIDEWAYS,AVOID
2026-08-03,Edible Oils,-4.99,0.66,-15.35,-12.81,5.37,14.13,-16.1,-20.11,SIDEWAYS,AVOID
2026-08-03,Logistics & Transportation,-2.06,-3.33,-12.42,-16.8,8.3,10.13,-5.26,-9.27,SIDEWAYS,NEUTRAL
2026-08-03,Water & Wastewater Treatment,1.24,-0.98,-9.12,-14.45,11.6,12.49,-0.03,-4.04,SIDEWAYS,NEUTRAL
2026-08-03,Metals & Mining,1.52,-0.81,-8.84,-14.28,11.88,12.66,8.04,4.03,SIDEWAYS,NEUTRAL
2026-08-03,Railway Infrastructure,-2.15,-0.14,-12.51,-13.61,8.21,13.33,-10.5,-14.51,SIDEWAYS,AVOID
2026-08-03,Plastic Pipes & Fittings,-0.34,-3.69,-10.7,-17.16,10.02,9.78,-4.55,-8.56,SIDEWAYS,NEUTRAL
2026-08-03,Pumps & Compressors,-7.65,-3.23,-18.01,-16.7,2.71,10.24,-11.33,-15.34,SIDEWAYS,AVOID
2026-08-03,Healthcare,2.98,-1.94,-7.38,-15.41,13.34,11.53,4.35,0.34,SIDEWAYS,WATCH
2026-08-03,Auto Parts & Equipment,1.79,-1.44,-8.57,-14.9,12.15,12.03,9.95,5.94,SIDEWAYS,NEUTRAL
2026-08-03,Affordable Housing Finance Company,-3.85,4.56,-14.21,-8.9,6.51,18.03,-14.38,-18.39,SIDEWAYS,AVOID
2026-08-03,Pharmaceuticals,-1.12,-3.16,-11.48,-16.63,9.24,10.3,-0.93,-4.94,SIDEWAYS,NEUTRAL
2026-08-03,Capital Markets & Asset Management,-4.63,-3.23,-14.99,-16.7,5.73,10.24,-11.18,-15.19,SIDEWAYS,AVOID
2026-08-03,Construction Materials,4.47,0.95,-5.89,-12.52,14.83,14.42,16.46,12.45,SIDEWAYS,BUY
2026-08-03,Packaging & Containers,2.23,-1.56,-8.13,-15.03,12.59,11.91,7.37,3.36,SIDEWAYS,NEUTRAL
2026-08-03,Diversified & Fashion Retail,-3.86,-3.42,-14.22,-16.89,6.5,10.05,-13.58,-17.59,SIDEWAYS,AVOID
2026-08-03,Aluminium & Mining,-1.99,-1.41,-12.35,-14.87,8.37,12.06,-3.08,-7.09,SIDEWAYS,NEUTRAL
2026-08-03,"Logistics, Ports & Supply Chain",0.53,-2.75,-9.83,-16.22,10.89,10.72,3.41,-0.6,SIDEWAYS,NEUTRAL
2026-08-03,Hotels & Restaurants,-2.72,-3.4,-13.08,-16.87,7.64,10.07,-10.75,-14.76,SIDEWAYS,AVOID
2026-08-03,Railway Telecom,-3.86,-0.23,-14.22,-13.7,6.5,13.24,-14.42,-18.43,SIDEWAYS,AVOID
2026-08-03,Asset Management & Wealth,-1.83,-2.34,-12.19,-15.8,8.53,11.13,-1.69,-5.7,SIDEWAYS,NEUTRAL
2026-08-03,Housing & Urban Infrastructure Financing,-8.72,-0.23,-19.08,-13.7,1.64,13.24,-18.47,-22.48,SIDEWAYS,AVOID
2026-08-03,Textiles & Apparel,-2.23,-3.38,-12.59,-16.85,8.13,10.08,-4.49,-8.5,SIDEWAYS,NEUTRAL
2026-08-03,Superalloys & Special Metals,-8.94,-0.49,-19.3,-13.96,1.42,12.98,-19.03,-23.04,SIDEWAYS,AVOID
2026-08-03,Copper Mining,2.84,2.33,-7.52,-11.13,13.2,15.8,16.5,12.49,SIDEWAYS,REDUCE
2026-08-03,Breweries & Distilleries,-0.73,-2.98,-11.09,-16.45,9.63,10.49,-0.34,-4.35,SIDEWAYS,NEUTRAL
2026-08-03,"Textiles, Yarns & Apparel",-2.79,-3.55,-13.15,-17.02,7.57,9.91,-4.75,-8.76,SIDEWAYS,NEUTRAL
2026-08-03,Banks,-2.26,-2.47,-12.62,-15.94,8.1,11.0,3.88,-0.13,SIDEWAYS,NEUTRAL
2026-08-03,Chemicals,-0.89,-2.72,-11.25,-16.19,9.47,10.75,-5.64,-9.65,SIDEWAYS,NEUTRAL
2026-08-03,Footwear,-9.15,0.43,-19.51,-13.03,1.21,13.9,-19.77,-23.78,SIDEWAYS,AVOID
2026-08-03,Capital Goods,-0.0,-2.57,-10.36,-16.04,10.36,10.9,4.5,0.49,SIDEWAYS,NEUTRAL
2026-08-03,Bearings & Friction Solutions,-3.01,-2.84,-13.37,-16.31,7.35,10.63,-1.95,-5.96,SIDEWAYS,NEUTRAL
2026-08-03,Information Technology,0.37,-1.34,-9.99,-14.81,10.73,12.13,-0.8,-4.81,SIDEWAYS,NEUTRAL
2026-08-03,Structural Steel Tubes & Pipes,10.86,0.44,0.5,-13.03,21.22,13.91,25.69,21.68,SIDEWAYS,WATCH
2026-08-03,Automobile OEMs,4.19,-1.37,-6.17,-14.83,14.55,12.1,7.74,3.73,SIDEWAYS,WATCH
2026-08-03,Water & Wastewater Treatment,-11.73,0.4,-22.09,-13.07,-1.37,13.87,-21.31,-25.32,SIDEWAYS,AVOID
2026-08-03,Residential & Commercial Real Estate,-2.71,-3.45,-13.07,-16.92,7.65,10.02,-8.62,-12.63,SIDEWAYS,AVOID
2026-08-03,Renewable Energy,-11.24,0.4,-21.6,-13.07,-0.88,13.87,-20.2,-24.21,SIDEWAYS,AVOID
2026-08-03,Software Products & Digital Services,-0.96,-3.12,-11.32,-16.58,9.4,10.35,-1.02,-5.03,SIDEWAYS,NEUTRAL
2026-08-03,Heavy Electrical Equipment,1.26,3.74,-9.1,-9.72,11.62,17.21,13.85,9.84,SIDEWAYS,NEUTRAL
2026-08-03,Civil Construction & Infrastructure,-2.93,-3.39,-13.29,-16.86,7.43,10.08,-10.86,-14.87,SIDEWAYS,AVOID
2026-08-03,Explosives & Defence Chemicals,0.76,2.06,-9.6,-11.4,11.12,15.53,12.72,8.71,SIDEWAYS,NEUTRAL
2026-08-03,Diagnostic & Healthcare Laboratories,-3.16,-0.46,-13.52,-13.92,7.2,13.01,-10.5,-14.51,SIDEWAYS,AVOID
2026-08-03,Steel Manufacturing & Mining,4.24,3.4,-6.12,-10.07,14.6,16.87,17.97,13.96,SIDEWAYS,REDUCE
2026-08-03,Packaged Foods & Consumer Staples,-2.75,-3.5,-13.11,-16.97,7.61,9.97,-6.07,-10.08,SIDEWAYS,AVOID
2026-08-03,Electronic Manufacturing Services (EMS),-9.39,0.24,-19.75,-13.23,0.97,13.71,-15.94,-19.95,SIDEWAYS,AVOID
2026-08-03,Electronic Manufacturing Services (EMS),-11.25,0.4,-21.61,-13.07,-0.89,13.87,-21.36,-25.37,SIDEWAYS,AVOID
2026-08-03,Fertilizers & Agrochemicals,-3.2,-3.97,-13.56,-17.44,7.16,9.5,-12.34,-16.35,SIDEWAYS,AVOID
2026-08-03,Electronic Manufacturing Services (EMS),9.95,-0.7,-0.41,-14.17,20.31,12.77,21.87,17.86,SIDEWAYS,BUY
2026-08-03,Railway Wagons & Equipment,-1.74,-1.93,-12.1,-15.4,8.62,11.54,-7.76,-11.77,SIDEWAYS,AVOID
2026-08-03,Asset Management Company (AMC),-3.26,-3.33,-13.62,-16.8,7.1,10.14,-8.01,-12.02,SIDEWAYS,AVOID
2026-08-03,Dairy Products,-6.75,-0.8,-17.11,-14.27,3.61,12.66,-16.95,-20.96,SIDEWAYS,AVOID
2026-08-03,Rubber Chemicals,-2.15,4.56,-12.51,-8.9,8.21,18.03,-10.49,-14.5,SIDEWAYS,AVOID
2026-08-03,Sugar & Bio-Ethanol,2.64,-0.61,-7.72,-14.08,13.0,12.86,2.98,-1.03,SIDEWAYS,WATCH
2026-08-03,Pharmaceuticals & Biotechnology,-1.9,-3.0,-12.26,-16.47,8.46,10.47,2.12,-1.89,SIDEWAYS,NEUTRAL
2026-08-03,Air Conditioners & Appliances,-4.44,0.43,-14.8,-13.03,5.92,13.9,-13.54,-17.55,SIDEWAYS,AVOID
2026-08-03,Packaged Foods & FMCG Staples,-3.92,-3.26,-14.28,-16.73,6.44,10.21,-7.71,-11.72,SIDEWAYS,AVOID
2026-08-03,Railway Financing,-3.75,-0.45,-14.11,-13.92,6.61,13.02,-14.17,-18.18,SIDEWAYS,AVOID
2026-08-03,Financial Services,1.78,-2.75,-8.58,-16.22,12.14,10.72,0.75,-3.26,SIDEWAYS,WATCH
2026-08-03,Railways,-1.81,-2.32,-12.17,-15.79,8.55,11.14,-0.03,-4.04,SIDEWAYS,NEUTRAL
2026-08-03,Batteries,7.67,-0.22,-2.69,-13.69,18.03,13.24,17.41,13.4,SIDEWAYS,BUY
2026-08-03,Batteries,-8.99,1.43,-19.35,-12.04,1.37,14.9,-15.03,-19.04,SIDEWAYS,AVOID
2026-08-03,Microfinance NBFC,-4.32,3.0,-14.68,-10.47,6.04,16.47,1.07,-2.94,SIDEWAYS,NEUTRAL
2026-08-03,Air Conditioners & AC Components,-1.66,-3.4,-12.02,-16.86,8.7,10.07,-8.03,-12.04,SIDEWAYS,AVOID
2026-08-03,Transformers & T&D Equipment,-0.71,-2.42,-11.07,-15.89,9.65,11.04,5.84,1.83,SIDEWAYS,NEUTRAL
2026-08-03,Wealth & Asset Management,3.47,0.94,-6.89,-12.53,13.83,14.4,14.63,10.62,SIDEWAYS,BUY
2026-08-03,Air Conditioners & AC Components,-8.98,0.43,-19.34,-13.03,1.38,13.9,-17.38,-21.39,SIDEWAYS,AVOID
2026-08-03,"Hotels, Resorts & QSR",-2.52,-1.94,-12.88,-15.4,7.84,11.53,-9.8,-13.81,SIDEWAYS,AVOID
2026-08-03,Tyres & Rubber Products,2.16,-0.9,-8.2,-14.37,12.52,12.57,2.39,-1.62,SIDEWAYS,WATCH
2026-08-03,Oil Gas & Consumable Fuels,3.96,5.75,-6.4,-7.72,14.32,19.21,17.93,13.92,SIDEWAYS,REDUCE
2026-08-03,Specialty Chemicals,0.61,-3.33,-9.75,-16.8,10.97,10.14,1.23,-2.78,SIDEWAYS,WATCH
2026-08-03,Agrochemicals & Pesticides,-3.23,-0.46,-13.59,-13.92,7.13,13.01,-12.97,-16.98,SIDEWAYS,AVOID
2026-08-03,Lubricants & Specialty Oils,-1.49,-1.77,-11.85,-15.24,8.87,11.7,-2.08,-6.09,SIDEWAYS,NEUTRAL
2026-08-03,IT Consulting & Software,-1.51,-2.55,-11.87,-16.02,8.85,10.92,-7.84,-11.85,SIDEWAYS,AVOID
2026-08-03,Paints & Coatings,10.53,3.49,0.17,-9.98,20.89,16.95,23.96,19.95,SIDEWAYS,BUY
2026-08-03,Ceramics & Tiles,-5.21,-2.75,-15.57,-16.22,5.15,10.72,-12.85,-16.86,SIDEWAYS,AVOID
2026-08-03,Realty,-5.59,0.43,-15.95,-13.03,4.77,13.9,-17.32,-21.33,SIDEWAYS,AVOID
2026-08-03,Auto Lighting,5.03,2.33,-5.33,-11.13,15.39,15.8,19.4,15.39,SIDEWAYS,REDUCE
2026-08-03,Civil Buildings & Commercial EPC,-6.25,-0.49,-16.61,-13.96,4.11,12.98,-16.9,-20.91,SIDEWAYS,AVOID
2026-08-03,Oil Exploration & Refining,-2.1,-2.38,-12.46,-15.85,8.26,11.08,-4.24,-8.25,SIDEWAYS,NEUTRAL
2026-08-03,Travel Tech SaaS Solutions,6.98,1.04,-3.38,-12.43,17.34,14.51,21.6,17.59,SIDEWAYS,NEUTRAL
2026-08-03,Consumer Services,2.58,-1.77,-7.78,-15.24,12.94,11.7,2.66,-1.35,SIDEWAYS,WATCH
2026-08-03,Plastic Pipes & Moulded Products,-7.34,0.4,-17.7,-13.07,3.02,13.87,-19.48,-23.49,SIDEWAYS,AVOID
2026-08-03,Pipes & Tubes,-1.85,-3.49,-12.21,-16.96,8.51,9.98,-4.33,-8.34,SIDEWAYS,NEUTRAL
2026-08-03,Power Sector Financing NBFC,7.45,-0.22,-2.91,-13.69,17.81,13.24,16.89,12.88,SIDEWAYS,BUY
2026-08-03,Ship Building & Defence,-9.41,0.43,-19.77,-13.03,0.95,13.9,-18.64,-22.65,SIDEWAYS,AVOID
2026-08-03,Data Centers & Real Estate,5.71,1.76,-4.65,-11.71,16.07,15.22,20.33,16.32,SIDEWAYS,NEUTRAL
2026-08-03,Hospitals & Diagnostic Centres,-0.08,-3.44,-10.44,-16.91,10.28,10.03,0.9,-3.11,SIDEWAYS,WATCH
2026-08-03,Tea & Coffee,-3.73,-3.5,-14.09,-16.97,6.63,9.97,-8.05,-12.06,SIDEWAYS,AVOID
2026-08-03,Packaging Materials & Containers,-6.52,-3.11,-16.88,-16.58,3.84,10.36,-8.02,-12.03,SIDEWAYS,AVOID
2026-08-03,Power Generation & Distribution,-8.93,-0.46,-19.29,-13.92,1.43,13.01,-19.1,-23.11,SIDEWAYS,AVOID
2026-08-03,Cement,-5.69,-3.22,-16.05,-16.69,4.67,10.25,-8.94,-12.95,SIDEWAYS,AVOID
2026-08-03,Saw Pipes & Ductile Iron Pipes,6.35,2.14,-4.01,-11.33,16.71,15.61,15.27,11.26,SIDEWAYS,BUY
2026-08-03,Construction,-3.25,-2.26,-13.61,-15.73,7.11,11.2,-1.13,-5.14,SIDEWAYS,NEUTRAL
2026-08-03,Power Generation & Utilities,-3.47,-3.91,-13.83,-17.38,6.89,9.56,-8.73,-12.74,SIDEWAYS,AVOID
2026-08-03,Services,2.62,-1.49,-7.74,-14.95,12.98,11.98,3.82,-0.19,SIDEWAYS,WATCH
2026-08-03,Media Entertainment & Publication,0.73,-0.72,-9.63,-14.19,11.09,12.75,4.67,0.66,SIDEWAYS,NEUTRAL
2026-08-03,Aerospace & Defence,-3.5,-2.23,-13.86,-15.69,6.86,11.24,0.68,-3.33,SIDEWAYS,NEUTRAL
2026-08-03,Power,1.32,-1.83,-9.04,-15.3,11.68,11.64,2.86,-1.15,SIDEWAYS,WATCH
2026-08-03,Roads & Highways EPC,-4.27,-0.23,-14.63,-13.7,6.09,13.24,-15.36,-19.37,SIDEWAYS,AVOID
2026-08-03,Hospitals & Healthcare Services,4.12,4.46,-6.24,-9.0,14.48,17.93,18.58,14.57,SIDEWAYS,REDUCE
2026-08-03,Commodity Chemicals,-1.58,-2.78,-11.94,-16.25,8.78,10.69,-1.74,-5.75,SIDEWAYS,NEUTRAL
2026-08-03,Railway Ticketing & Catering,-1.5,4.41,-11.86,-9.06,8.86,17.87,-9.01,-13.02,SIDEWAYS,AVOID
2026-08-03,Diversified Commercial,-0.27,-3.17,-10.63,-16.64,10.09,10.29,-1.55,-5.56,SIDEWAYS,NEUTRAL
2026-08-03,Consumer Durables,3.05,-2.15,-7.31,-15.62,13.41,11.31,8.64,4.63,SIDEWAYS,WATCH
2026-08-03,"Plywood, MDF & Laminates",-2.77,-3.22,-13.13,-16.69,7.59,10.25,-6.95,-10.96,SIDEWAYS,AVOID
2026-08-03,Passenger Cars & Utility Vehicles,3.3,2.93,-7.06,-10.54,13.66,16.4,16.62,12.61,SIDEWAYS,BUY
2026-08-03,Renewable Energy Financing NBFC,-3.42,-0.23,-13.78,-13.7,6.94,13.24,-13.4,-17.41,SIDEWAYS,AVOID
2026-08-03,Fast Moving Consumer Goods,-2.14,-3.26,-12.5,-16.73,8.22,10.21,-7.64,-11.65,SIDEWAYS,AVOID
2026-08-03,Fertilizers,-4.51,0.11,-14.87,-13.36,5.85,13.58,-15.89,-19.9,SIDEWAYS,AVOID
2026-08-03,Media & Entertainment,-0.13,-3.4,-10.49,-16.87,10.23,10.07,-4.22,-8.23,SIDEWAYS,NEUTRAL
2026-08-03,Internet & Digital Platforms,-0.64,-3.22,-11.0,-16.69,9.72,10.25,-5.57,-9.58,SIDEWAYS,NEUTRAL
2026-08-03,Textiles,-1.89,-1.34,-12.25,-14.81,8.47,12.13,4.83,0.82,SIDEWAYS,NEUTRAL
2026-08-03,Cement & Clinker,-3.49,-4.14,-13.85,-17.61,6.87,9.33,-12.48,-16.49,SIDEWAYS,AVOID
2026-08-03,Iron & Steel,-1.06,-2.93,-11.42,-16.4,9.3,10.54,3.77,-0.24,SIDEWAYS,NEUTRAL
2026-08-03,Telecommunication,-3.68,-2.38,-14.04,-15.85,6.68,11.09,-4.97,-8.98,SIDEWAYS,NEUTRAL
2026-08-03,Non Banking Financial Company (NBFC),0.01,-3.33,-10.35,-16.8,10.37,10.14,0.1,-3.91,SIDEWAYS,WATCH
2026-08-03,Utilities,-10.38,4.83,-20.74,-8.64,-0.02,18.3,-21.55,-25.56,SIDEWAYS,AVOID
2026-08-03,Stockbroking & Financial Products,0.33,-3.4,-10.03,-16.87,10.69,10.07,-3.37,-7.38,SIDEWAYS,NEUTRAL
2026-08-03,Automobile and Auto Components,2.7,-1.48,-7.66,-14.95,13.06,11.98,8.3,4.29,SIDEWAYS,WATCH
2026-08-03,Gas Transmission & Distribution,-1.85,-2.11,-12.21,-15.58,8.51,11.36,-6.82,-10.83,SIDEWAYS,AVOID
2026-08-03,Insurance,-1.81,-3.55,-12.17,-17.02,8.55,9.91,-7.12,-11.13,SIDEWAYS,AVOID
2026-08-03,Tractors & Farm Equipment,3.05,-1.49,-7.31,-14.95,13.41,11.98,4.12,0.11,SIDEWAYS,WATCH
2026-08-03,API & CDMO / CRAMS,-1.0,-1.83,-11.36,-15.3,9.36,11.64,2.91,-1.1,SIDEWAYS,NEUTRAL
2026-08-03,Zinc & Silver Mining,2.47,3.57,-7.89,-9.9,12.83,17.03,16.63,12.62,SIDEWAYS,REDUCE
2026-08-03,Plywood & Boards,1.34,-0.22,-9.02,-13.69,11.7,13.24,2.9,-1.11,SIDEWAYS,NEUTRAL
2026-08-03,Railway Infrastructure & Consulting,-6.18,0.66,-16.54,-12.81,4.18,14.13,-18.31,-22.32,SIDEWAYS,AVOID
2026-08-03,Civil Construction & Infrastructure EPC,-3.22,-2.95,-13.58,-16.42,7.14,10.52,-12.35,-16.36,SIDEWAYS,AVOID
2026-08-03,Mining & Mineral Products,-1.81,-2.34,-12.17,-15.8,8.55,11.13,-0.45,-4.46,SIDEWAYS,NEUTRAL
2026-08-03,Paper & Paper Products,-2.41,-2.38,-12.77,-15.85,7.95,11.09,-4.06,-8.07,SIDEWAYS,NEUTRAL
2026-08-03,Diversified Retail,-4.54,-3.09,-14.9,-16.56,5.82,10.38,-12.91,-16.92,SIDEWAYS,AVOID
2026-08-03,Batteries & Energy Storage,-1.89,-0.23,-12.25,-13.7,8.47,13.24,-9.91,-13.92,SIDEWAYS,AVOID
2026-08-03,Copper & Non-Ferrous Metals,9.1,1.39,-1.26,-12.08,19.46,14.86,22.13,18.12,SIDEWAYS,BUY
2026-08-03,Paints,-2.41,-3.38,-12.77,-16.85,7.95,10.08,-6.31,-10.32,SIDEWAYS,AVOID
2026-08-03,Auto Glass,7.0,0.44,-3.36,-13.03,17.36,13.9,15.87,11.86,SIDEWAYS,BUY
2026-08-03,Project Management & Civil Construction,-7.57,-0.46,-17.93,-13.92,2.79,13.01,-18.34,-22.35,SIDEWAYS,AVOID
2026-08-04,Heavy Electrical Equipment,2.11,7.15,-8.25,-6.32,12.47,20.62,15.61,11.6,SIDEWAYS,REDUCE
2026-08-04,Diagnostic & Healthcare Laboratories,-2.81,-0.46,-13.17,-13.92,7.55,13.01,-12.02,-16.03,SIDEWAYS,AVOID
2026-08-04,Media & Entertainment,0.9,-3.4,-9.46,-16.87,11.26,10.07,-1.87,-5.88,SIDEWAYS,NEUTRAL
2026-08-04,Batteries & Energy Storage,-3.69,-0.46,-14.05,-13.92,6.67,13.01,-14.03,-18.04,SIDEWAYS,AVOID
2026-08-04,Software Products & Digital Services,-0.77,-3.27,-11.13,-16.74,9.59,10.2,-2.95,-6.96,SIDEWAYS,NEUTRAL
2026-08-04,Fertilizers & Agrochemicals,-4.0,-3.98,-14.36,-17.45,6.36,9.49,-13.85,-17.86,SIDEWAYS,AVOID
2026-08-04,Renewable Energy Financing NBFC,-2.14,-0.46,-12.5,-13.92,8.22,13.01,-10.47,-14.48,SIDEWAYS,AVOID
2026-08-04,Packaging & Containers,3.1,-1.56,-7.26,-15.03,13.46,11.91,5.13,1.12,SIDEWAYS,WATCH
2026-08-04,Asset Management & Wealth,-1.16,-2.34,-11.52,-15.8,9.2,11.13,-0.89,-4.9,SIDEWAYS,NEUTRAL
2026-08-04,Plywood & Boards,6.89,0.44,-3.47,-13.03,17.25,13.9,15.63,11.62,SIDEWAYS,BUY
2026-08-04,Fertilizers,-5.58,-0.42,-15.94,-13.89,4.78,13.05,-17.12,-21.13,SIDEWAYS,AVOID
2026-08-04,Electronic Manufacturing Services (EMS),-9.78,-0.91,-20.14,-14.38,0.58,12.55,-16.84,-20.85,SIDEWAYS,AVOID
2026-08-04,Electronic Manufacturing Services (EMS),7.61,-2.11,-2.75,-15.58,17.97,11.36,16.51,12.5,SIDEWAYS,BUY
2026-08-04,Steel Manufacturing & Mining,6.04,0.3,-4.32,-13.17,16.4,13.77,18.36,14.35,SIDEWAYS,STRONG BUY
2026-08-04,Asset Management Company (AMC),-1.36,-3.33,-11.72,-16.8,9.0,10.14,-5.64,-9.65,SIDEWAYS,AVOID
2026-08-04,Non Banking Financial Company (NBFC),-1.23,-3.44,-11.59,-16.91,9.13,10.03,-2.8,-6.81,SIDEWAYS,NEUTRAL
2026-08-04,Pumps & Compressors,-2.74,-3.4,-13.1,-16.87,7.62,10.07,-7.27,-11.28,SIDEWAYS,AVOID
2026-08-04,Railway Wagons & Equipment,-4.25,0.77,-14.61,-12.7,6.11,14.24,-15.31,-19.32,SIDEWAYS,AVOID
2026-08-04,Pipes & Tubes,1.04,-3.03,-9.32,-16.49,11.4,10.44,-0.71,-4.72,SIDEWAYS,NEUTRAL
2026-08-04,Electronic Manufacturing Services (EMS),-9.96,0.43,-20.32,-13.03,0.4,13.9,-20.28,-24.29,SIDEWAYS,AVOID
2026-08-04,Lubricants & Specialty Oils,4.97,-2.05,-5.39,-15.52,15.33,11.42,9.05,5.04,SIDEWAYS,WATCH
2026-08-04,Power Generation & Distribution,-6.6,-0.46,-16.96,-13.92,3.76,13.01,-16.47,-20.48,SIDEWAYS,AVOID
2026-08-04,Housing & Urban Infrastructure Financing,-7.25,-0.49,-17.61,-13.96,3.11,12.98,-16.7,-20.71,SIDEWAYS,AVOID
2026-08-04,Roads & Highways EPC,-4.12,-0.46,-14.48,-13.92,6.24,13.01,-15.01,-19.02,SIDEWAYS,AVOID
2026-08-04,Water & Wastewater Treatment,-0.52,-1.49,-10.88,-14.95,9.84,11.98,-4.06,-8.07,SIDEWAYS,NEUTRAL
2026-08-04,Batteries,8.66,0.48,-1.7,-12.99,19.02,13.95,19.68,15.67,SIDEWAYS,BUY
2026-08-04,Air Conditioners & AC Components,0.73,-3.5,-9.63,-16.97,11.09,9.97,-1.45,-5.46,SIDEWAYS,NEUTRAL
2026-08-04,Project Management & Civil Construction,-7.49,-0.46,-17.85,-13.92,2.87,13.01,-18.53,-22.54,SIDEWAYS,AVOID
2026-08-04,Saw Pipes & Ductile Iron Pipes,2.94,2.14,-7.42,-11.33,13.3,15.61,16.55,12.54,SIDEWAYS,BUY
2026-08-04,Air Conditioners & AC Components,-9.67,0.4,-20.03,-13.07,0.69,13.87,-16.59,-20.6,SIDEWAYS,AVOID
2026-08-04,Renewable Energy - Solar & Wind,-6.64,-2.75,-17.0,-16.22,3.72,10.72,-16.15,-20.16,SIDEWAYS,AVOID
2026-08-04,Realty,-5.77,0.43,-16.13,-13.03,4.59,13.9,-17.61,-21.62,SIDEWAYS,AVOID
2026-08-04,Footwear,-8.97,0.43,-19.33,-13.03,1.39,13.9,-20.69,-24.7,SIDEWAYS,AVOID
2026-08-04,Pharmaceuticals,-1.24,-3.27,-11.6,-16.74,9.12,10.2,-1.53,-5.54,SIDEWAYS,NEUTRAL
2026-08-04,Plastic Pipes & Moulded Products,-8.17,0.43,-18.53,-13.03,2.19,13.9,-18.64,-22.65,SIDEWAYS,AVOID
2026-08-04,Power Generation & Utilities,-0.42,-3.4,-10.78,-16.86,9.94,10.07,-5.56,-9.57,SIDEWAYS,NEUTRAL
2026-08-04,Railway Infrastructure & Consulting,-8.04,-0.46,-18.4,-13.92,2.32,13.01,-20.99,-25.0,SIDEWAYS,AVOID
2026-08-04,Financial Services,-1.48,-3.5,-11.84,-16.97,8.88,9.97,-4.86,-8.87,SIDEWAYS,NEUTRAL
2026-08-04,Railway Infrastructure,-4.11,-0.46,-14.47,-13.92,6.25,13.01,-14.94,-18.95,SIDEWAYS,AVOID
2026-08-04,Railway Telecom,-6.81,-0.46,-17.17,-13.92,3.55,13.01,-18.87,-22.88,SIDEWAYS,AVOID
2026-08-04,Paper & Paper Products,1.16,-3.23,-9.2,-16.7,11.52,10.24,-1.44,-5.45,SIDEWAYS,NEUTRAL
2026-08-04,Packaging Materials & Containers,-3.18,-3.33,-13.54,-16.8,7.18,10.13,-5.51,-9.52,SIDEWAYS,AVOID
2026-08-04,Consumer Durables,1.28,-2.66,-9.08,-16.13,11.64,10.8,4.97,0.96,SIDEWAYS,NEUTRAL
2026-08-04,Diversified & Fashion Retail,-0.25,-3.42,-10.61,-16.89,10.11,10.05,-5.32,-9.33,SIDEWAYS,NEUTRAL
2026-08-04,Aluminium & Mining,2.77,-0.96,-7.59,-14.43,13.13,12.51,4.56,0.55,SIDEWAYS,WATCH
2026-08-04,Civil Buildings & Commercial EPC,-7.69,-0.46,-18.05,-13.92,2.67,13.01,-18.94,-22.95,SIDEWAYS,AVOID
2026-08-04,Aerospace & Defence,-2.06,-2.93,-12.42,-16.4,8.3,10.54,2.17,-1.84,SIDEWAYS,NEUTRAL
2026-08-04,"Logistics, Ports & Supply Chain",2.56,-2.98,-7.8,-16.45,12.92,10.49,4.01,0.0,SIDEWAYS,WATCH
2026-08-04,Superalloys & Special Metals,1.96,0.44,-8.4,-13.03,12.32,13.9,4.33,0.32,SIDEWAYS,WATCH
2026-08-04,Dairy Products,-2.72,-3.38,-13.08,-16.85,7.64,10.08,-10.46,-14.47,SIDEWAYS,AVOID
2026-08-04,IT Consulting & Software,-2.18,-3.4,-12.54,-16.87,8.18,10.07,-7.83,-11.84,SIDEWAYS,AVOID
2026-08-04,Media Entertainment & Publication,-0.03,-1.85,-10.39,-15.31,10.33,11.62,3.45,-0.56,SIDEWAYS,NEUTRAL
2026-08-04,Internet & Digital Platforms,-0.48,-3.23,-10.84,-16.7,9.88,10.24,-5.2,-9.21,SIDEWAYS,NEUTRAL
2026-08-04,Cement & Clinker,-3.94,-4.15,-14.3,-17.62,6.42,9.32,-13.1,-17.11,SIDEWAYS,AVOID
2026-08-04,Water & Wastewater Treatment,-7.12,0.4,-17.48,-13.07,3.24,13.87,-12.91,-16.92,SIDEWAYS,AVOID
2026-08-04,Batteries,-10.15,0.43,-20.51,-13.03,0.21,13.9,-17.7,-21.71,SIDEWAYS,AVOID
2026-08-04,Civil Construction & Infrastructure EPC,-1.27,-3.09,-11.63,-16.56,9.09,10.37,-7.4,-11.41,SIDEWAYS,AVOID
2026-08-04,Information Technology,-1.96,-1.85,-12.32,-15.31,8.4,11.62,-1.23,-5.24,SIDEWAYS,NEUTRAL
2026-08-04,Ship Building & Defence,-6.77,-0.77,-17.13,-14.24,3.59,12.7,-17.67,-21.68,SIDEWAYS,AVOID
2026-08-04,Power,0.69,-1.91,-9.67,-15.38,11.05,11.56,2.38,-1.63,SIDEWAYS,WATCH
2026-08-04,Paints,1.5,-2.34,-8.86,-15.8,11.86,11.13,0.56,-3.45,SIDEWAYS,WATCH
2026-08-04,Wires & Cables,0.63,-3.12,-9.73,-16.59,10.99,10.34,3.07,-0.94,SIDEWAYS,NEUTRAL
2026-08-04,Breweries & Distilleries,0.95,-2.09,-9.41,-15.55,11.31,11.38,2.87,-1.14,SIDEWAYS,WATCH
2026-08-04,Copper & Non-Ferrous Metals,8.58,-0.22,-1.78,-13.69,18.94,13.24,19.49,15.48,SIDEWAYS,BUY
2026-08-04,Edible Oils,-4.98,0.43,-15.34,-13.03,5.38,13.9,-16.11,-20.12,SIDEWAYS,AVOID
2026-08-04,Telecom Services & Infrastructure,-1.21,-2.09,-11.57,-15.55,9.15,11.38,2.1,-1.91,SIDEWAYS,NEUTRAL
2026-08-04,Affordable Housing Finance Company,-7.77,0.77,-18.13,-12.7,2.59,14.24,-20.07,-24.08,SIDEWAYS,AVOID
2026-08-04,Capital Markets & Asset Management,-2.62,-3.23,-12.98,-16.7,7.74,10.24,-10.11,-14.12,SIDEWAYS,AVOID
2026-08-04,Logistics & Transportation,-1.0,-3.39,-11.36,-16.86,9.36,10.08,-4.29,-8.3,SIDEWAYS,NEUTRAL
2026-08-04,Cement,-6.68,-2.28,-17.04,-15.75,3.68,11.19,-8.64,-12.65,SIDEWAYS,AVOID
2026-08-04,Healthcare,2.62,-2.09,-7.74,-15.55,12.98,11.38,3.14,-0.87,SIDEWAYS,WATCH
2026-08-04,Transformers & T&D Equipment,1.89,-2.5,-8.47,-15.96,12.25,10.97,7.97,3.96,SIDEWAYS,NEUTRAL
2026-08-04,Construction,-2.01,-2.34,-12.37,-15.8,8.35,11.13,-2.41,-6.42,SIDEWAYS,NEUTRAL
2026-08-04,Auto Parts & Equipment,1.09,-2.78,-9.27,-16.24,11.45,10.69,7.46,3.45,SIDEWAYS,NEUTRAL
2026-08-04,Auto Lighting,4.61,2.04,-5.75,-11.42,14.97,15.51,17.59,13.58,SIDEWAYS,REDUCE
2026-08-04,Hospitals & Diagnostic Centres,-1.24,-3.44,-11.6,-16.91,9.12,10.03,-0.92,-4.93,SIDEWAYS,NEUTRAL
2026-08-04,Telecommunication,-4.29,-3.16,-14.65,-16.63,6.07,10.3,-6.33,-10.34,SIDEWAYS,AVOID
2026-08-04,Mining & Mineral Products,-2.11,-2.34,-12.47,-15.8,8.25,11.13,-0.63,-4.64,SIDEWAYS,NEUTRAL
2026-08-04,Tractors & Farm Equipment,2.69,-1.49,-7.67,-14.95,13.05,11.98,3.29,-0.72,SIDEWAYS,WATCH
2026-08-04,Copper Mining,3.88,2.04,-6.48,-11.42,14.24,15.51,18.06,14.05,SIDEWAYS,REDUCE
2026-08-04,Auto Glass,7.64,-0.22,-2.72,-13.69,18.0,13.24,17.34,13.33,SIDEWAYS,BUY
2026-08-04,Diversified Commercial,-0.21,-3.19,-10.57,-16.65,10.15,10.28,-1.87,-5.88,SIDEWAYS,NEUTRAL
2026-08-04,API & CDMO / CRAMS,2.29,-0.79,-8.07,-14.26,12.65,12.68,6.4,2.39,SIDEWAYS,WATCH
2026-08-04,"Textiles, Yarns & Apparel",0.15,-3.55,-10.21,-17.02,10.51,9.91,-1.36,-5.37,SIDEWAYS,NEUTRAL
2026-08-04,Gas Distribution,-6.64,-0.46,-17.0,-13.92,3.72,13.01,-13.37,-17.38,SIDEWAYS,AVOID
2026-08-04,Banks,-1.89,-2.81,-12.25,-16.28,8.47,10.66,3.1,-0.91,SIDEWAYS,NEUTRAL
2026-08-04,Metals & Mining,4.74,-1.91,-5.62,-15.38,15.1,11.55,9.71,5.7,SIDEWAYS,WATCH
2026-08-04,Stockbroking & Financial Products,2.56,-3.33,-7.8,-16.8,12.92,10.13,2.09,-1.92,SIDEWAYS,WATCH
2026-08-04,Gas Transmission & Distribution,-2.12,-2.34,-12.48,-15.8,8.24,11.13,-7.72,-11.73,SIDEWAYS,AVOID
2026-08-04,Construction Materials,5.39,0.29,-4.97,-13.18,15.75,13.76,17.94,13.93,SIDEWAYS,BUY
2026-08-04,Utilities,-9.82,0.43,-20.18,-13.03,0.54,13.9,-21.66,-25.67,SIDEWAYS,AVOID
2026-08-04,Automobile and Auto Components,3.56,-0.81,-6.8,-14.28,13.92,12.66,9.04,5.03,SIDEWAYS,WATCH
2026-08-04,Hotels & Restaurants,-4.31,-3.6,-14.67,-17.07,6.05,9.86,-13.41,-17.42,SIDEWAYS,AVOID
2026-08-04,Ceramics & Tiles,-8.04,-2.75,-18.4,-16.22,2.32,10.72,-14.53,-18.54,SIDEWAYS,AVOID
2026-08-04,Insurance,1.42,-3.57,-8.94,-17.03,11.78,9.9,-0.69,-4.7,SIDEWAYS,WATCH
2026-08-04,Textiles & Apparel,-3.06,-3.4,-13.42,-16.86,7.3,10.07,-5.79,-9.8,SIDEWAYS,AVOID
2026-08-04,Diversified Retail,-3.72,-3.4,-14.08,-16.86,6.64,10.07,-12.38,-16.39,SIDEWAYS,AVOID
2026-08-04,Air Conditioners & Appliances,0.4,-2.92,-9.96,-16.39,10.76,10.55,-3.29,-7.3,SIDEWAYS,NEUTRAL
2026-08-04,Zinc & Silver Mining,6.62,-2.96,-3.74,-16.43,16.98,10.51,21.49,17.48,SIDEWAYS,NEUTRAL
2026-08-04,Plastic Pipes & Fittings,2.58,-2.91,-7.78,-16.37,12.94,10.56,2.15,-1.86,SIDEWAYS,WATCH
2026-08-04,Power Sector Financing NBFC,8.32,1.45,-2.04,-12.01,18.68,14.92,18.9,14.89,SIDEWAYS,STRONG BUY
2026-08-04,Explosives & Defence Chemicals,1.46,-0.22,-8.9,-13.69,11.82,13.24,14.32,10.31,SIDEWAYS,BUY
2026-08-04,Bearings & Friction Solutions,-2.4,-2.34,-12.76,-15.8,7.96,11.13,-0.73,-4.74,SIDEWAYS,NEUTRAL
2026-08-04,Paints & Coatings,10.53,3.14,0.17,-10.33,20.89,16.61,23.96,19.95,SIDEWAYS,BUY
2026-08-04,Iron & Steel,-2.34,-2.93,-12.7,-16.4,8.02,10.54,3.23,-0.78,SIDEWAYS,NEUTRAL
2026-08-04,Automobile OEMs,2.66,-2.71,-7.7,-16.17,13.02,10.76,4.91,0.9,SIDEWAYS,WATCH
2026-08-04,Structural Steel Tubes & Pipes,5.41,0.71,-4.95,-12.76,15.77,14.18,18.47,14.46,SIDEWAYS,BUY
2026-08-04,Passenger Cars & Utility Vehicles,3.03,2.48,-7.33,-10.99,13.39,15.95,16.29,12.28,SIDEWAYS,BUY
2026-08-04,Sugar & Bio-Ethanol,3.22,-1.47,-7.14,-14.94,13.58,12.0,4.52,0.51,SIDEWAYS,WATCH
2026-08-04,Capital Goods,-0.38,-2.89,-10.74,-16.35,9.98,10.58,2.98,-1.03,SIDEWAYS,NEUTRAL
2026-08-04,Residential & Commercial Real Estate,-7.62,-3.28,-17.98,-16.75,2.74,10.19,-11.72,-15.73,SIDEWAYS,AVOID
2026-08-04,Commodity Chemicals,-3.72,-3.56,-14.08,-17.03,6.64,9.9,-5.18,-9.19,SIDEWAYS,NEUTRAL
2026-08-04,Renewable Energy,-8.3,-2.27,-18.66,-15.74,2.06,11.19,-16.2,-20.21,SIDEWAYS,AVOID
2026-08-04,Data Centers & Real Estate,6.98,2.06,-3.38,-11.4,17.34,15.53,20.17,16.16,SIDEWAYS,BUY
2026-08-04,Railway Financing,-5.46,-0.42,-15.82,-13.89,4.9,13.05,-16.53,-20.54,SIDEWAYS,AVOID
2026-08-04,Civil Construction & Infrastructure,-3.6,-4.39,-13.96,-17.85,6.76,9.08,-12.16,-16.17,SIDEWAYS,AVOID
2026-08-04,Hospitals & Healthcare Services,5.51,5.72,-4.85,-7.74,15.87,19.19,20.37,16.36,SIDEWAYS,REDUCE
2026-08-04,Railway Ticketing & Catering,-4.98,-0.77,-15.34,-14.24,5.38,12.7,-15.36,-19.37,SIDEWAYS,AVOID
2026-08-04,Packaged Foods & FMCG Staples,-5.73,-3.4,-16.09,-16.87,4.63,10.07,-9.89,-13.9,SIDEWAYS,AVOID
2026-08-04,Pharmaceuticals & Biotechnology,-1.89,-3.0,-12.25,-16.47,8.47,10.47,2.25,-1.76,SIDEWAYS,NEUTRAL
2026-08-04,Textiles,-1.88,-1.84,-12.24,-15.3,8.48,11.63,4.85,0.84,SIDEWAYS,NEUTRAL
2026-08-04,Railways,2.68,-2.34,-7.68,-15.8,13.04,11.13,6.11,2.1,SIDEWAYS,WATCH
2026-08-04,Travel Tech SaaS Solutions,5.49,2.36,-4.87,-11.11,15.85,15.82,19.77,15.76,SIDEWAYS,REDUCE
2026-08-04,Microfinance NBFC,-3.99,2.48,-14.35,-10.99,6.37,15.95,1.83,-2.18,SIDEWAYS,NEUTRAL
2026-08-04,Oil Exploration & Refining,-3.74,-2.81,-14.1,-16.28,6.62,10.66,-6.62,-10.63,SIDEWAYS,AVOID
2026-08-04,Wealth & Asset Management,4.73,0.86,-5.63,-12.6,15.09,14.33,16.21,12.2,SIDEWAYS,BUY
2026-08-04,Tyres & Rubber Products,0.7,-2.02,-9.66,-15.49,11.06,11.44,0.04,-3.97,SIDEWAYS,NEUTRAL
2026-08-04,Rubber Chemicals,-2.02,0.43,-12.38,-13.03,8.34,13.9,-10.2,-14.21,SIDEWAYS,AVOID
2026-08-04,Tea & Coffee,-6.22,-3.23,-16.58,-16.7,4.14,10.24,-10.65,-14.66,SIDEWAYS,AVOID
2026-08-04,Fast Moving Consumer Goods,-0.89,-3.57,-11.25,-17.03,9.47,9.9,-5.74,-9.75,SIDEWAYS,NEUTRAL
2026-08-04,Oil Gas & Consumable Fuels,2.6,3.74,-7.76,-9.72,12.96,17.21,14.81,10.8,SIDEWAYS,NEUTRAL
2026-08-04,Specialty Chemicals,3.04,-3.17,-7.32,-16.64,13.4,10.29,3.96,-0.05,SIDEWAYS,WATCH
2026-08-04,Packaged Foods & Consumer Staples,-3.56,-3.5,-13.92,-16.97,6.8,9.97,-7.14,-11.15,SIDEWAYS,AVOID
2026-08-04,"Hotels, Resorts & QSR",0.94,-2.55,-9.42,-16.02,11.3,10.92,-2.07,-6.08,SIDEWAYS,NEUTRAL
2026-08-04,Agrochemicals & Pesticides,-3.21,-0.46,-13.57,-13.92,7.15,13.01,-12.92,-16.93,SIDEWAYS,AVOID
2026-08-04,Consumer Services,-0.46,-3.56,-10.82,-17.03,9.9,9.91,-4.58,-8.59,SIDEWAYS,NEUTRAL
2026-08-04,Services,0.52,-2.73,-9.84,-16.2,10.88,10.74,-0.61,-4.62,SIDEWAYS,NEUTRAL
2026-08-04,"Plywood, MDF & Laminates",-4.69,-3.23,-15.05,-16.7,5.67,10.24,-8.89,-12.9,SIDEWAYS,AVOID
2026-08-04,Chemicals,1.28,-3.55,-9.08,-17.02,11.64,9.91,-1.01,-5.02,SIDEWAYS,NEUTRAL
2026-08-05,Aluminium & Mining,1.26,-2.21,-9.1,-15.67,11.62,11.26,4.09,0.08,SIDEWAYS,WATCH
2026-08-05,Transformers & T&D Equipment,2.55,-2.5,-7.81,-15.96,12.91,10.97,8.57,4.56,SIDEWAYS,NEUTRAL
2026-08-05,Financial Services,-1.25,-3.5,-11.61,-16.97,9.11,9.97,-4.62,-8.63,SIDEWAYS,NEUTRAL
2026-08-05,Electronic Manufacturing Services (EMS),7.83,-2.04,-2.53,-15.51,18.19,11.43,17.0,12.99,SIDEWAYS,BUY
2026-08-05,Sugar & Bio-Ethanol,0.9,-3.19,-9.46,-16.65,11.26,10.28,-1.0,-5.01,SIDEWAYS,NEUTRAL
2026-08-05,Consumer Services,0.56,-3.55,-9.8,-17.02,10.92,9.92,-2.23,-6.24,SIDEWAYS,NEUTRAL
2026-08-05,Affordable Housing Finance Company,-7.31,0.43,-17.67,-13.03,3.05,13.9,-19.43,-23.44,SIDEWAYS,AVOID
2026-08-05,Telecom Services & Infrastructure,-4.43,-2.34,-14.79,-15.8,5.93,11.13,-1.87,-5.88,SIDEWAYS,NEUTRAL
2026-08-05,Mining & Mineral Products,-3.73,-2.34,-14.09,-15.8,6.63,11.13,-0.28,-4.29,SIDEWAYS,NEUTRAL
2026-08-05,Paints,3.64,-1.83,-6.72,-15.3,14.0,11.64,5.48,1.47,SIDEWAYS,WATCH
2026-08-05,Non Banking Financial Company (NBFC),-1.08,-3.44,-11.44,-16.91,9.28,10.03,-1.85,-5.86,SIDEWAYS,NEUTRAL
2026-08-05,Fertilizers,-4.22,-0.42,-14.58,-13.89,6.14,13.05,-14.38,-18.39,SIDEWAYS,AVOID
2026-08-05,Civil Construction & Infrastructure EPC,-1.31,-3.22,-11.67,-16.69,9.05,10.25,-7.49,-11.5,SIDEWAYS,AVOID
2026-08-05,Railway Infrastructure & Consulting,-2.3,4.72,-12.66,-8.75,8.06,18.19,-10.85,-14.86,SIDEWAYS,AVOID
2026-08-05,Power Generation & Utilities,-3.48,-3.4,-13.84,-16.86,6.88,10.07,-10.02,-14.03,SIDEWAYS,AVOID
2026-08-05,Consumer Durables,4.08,-2.32,-6.28,-15.78,14.44,11.15,12.15,8.14,SIDEWAYS,BUY
2026-08-05,Power Sector Financing NBFC,4.49,0.95,-5.87,-12.52,14.85,14.42,17.41,13.4,SIDEWAYS,BUY
2026-08-05,Oil Exploration & Refining,-3.81,-2.81,-14.17,-16.28,6.55,10.66,-6.57,-10.58,SIDEWAYS,AVOID
2026-08-05,Tea & Coffee,-0.82,-3.32,-11.18,-16.79,9.54,10.14,-3.59,-7.6,SIDEWAYS,NEUTRAL
2026-08-05,Wealth & Asset Management,7.32,0.48,-3.04,-12.99,17.68,13.95,20.54,16.53,SIDEWAYS,BUY
2026-08-05,Oil Gas & Consumable Fuels,-3.15,4.08,-13.51,-9.39,7.21,17.54,3.76,-0.25,SIDEWAYS,NEUTRAL
2026-08-05,Packaged Foods & Consumer Staples,-6.44,-3.23,-16.8,-16.7,3.92,10.24,-9.91,-13.92,SIDEWAYS,AVOID
2026-08-05,Agrochemicals & Pesticides,-2.87,-0.49,-13.23,-13.96,7.49,12.98,-12.14,-16.15,SIDEWAYS,AVOID
2026-08-05,Breweries & Distilleries,-0.95,-2.09,-11.31,-15.55,9.41,11.38,1.56,-2.45,SIDEWAYS,NEUTRAL
2026-08-05,Railway Infrastructure,-6.32,0.14,-16.68,-13.33,4.04,13.61,-15.97,-19.98,SIDEWAYS,AVOID
2026-08-05,Superalloys & Special Metals,2.15,0.23,-8.21,-13.24,12.51,13.7,4.76,0.75,SIDEWAYS,WATCH
2026-08-05,Ship Building & Defence,-8.46,0.43,-18.82,-13.03,1.9,13.9,-16.94,-20.95,SIDEWAYS,AVOID
2026-08-05,Pumps & Compressors,-1.59,-2.98,-11.95,-16.45,8.77,10.49,-3.04,-7.05,SIDEWAYS,NEUTRAL
2026-08-05,Electronic Manufacturing Services (EMS),-6.8,-1.45,-17.16,-14.92,3.56,12.02,-8.21,-12.22,SIDEWAYS,AVOID
2026-08-05,Electronic Manufacturing Services (EMS),-10.0,0.43,-20.36,-13.03,0.36,13.9,-19.93,-23.94,SIDEWAYS,AVOID
2026-08-05,Air Conditioners & AC Components,-7.61,0.43,-17.97,-13.03,2.75,13.9,-13.18,-17.19,SIDEWAYS,AVOID
2026-08-05,Air Conditioners & AC Components,0.46,-3.5,-9.9,-16.97,10.82,9.97,-2.5,-6.51,SIDEWAYS,NEUTRAL
2026-08-05,Lubricants & Specialty Oils,5.55,-1.15,-4.81,-14.62,15.91,12.32,10.39,6.38,SIDEWAYS,WATCH
2026-08-05,Railway Wagons & Equipment,-3.84,-3.33,-14.2,-16.8,6.52,10.14,-9.37,-13.38,SIDEWAYS,AVOID
2026-08-05,Structural Steel Tubes & Pipes,5.34,2.14,-5.02,-11.33,15.7,15.61,18.65,14.64,SIDEWAYS,BUY
2026-08-05,Paints & Coatings,8.71,3.14,-1.65,-10.33,19.07,16.61,19.79,15.78,SIDEWAYS,BUY
2026-08-05,Packaged Foods & FMCG Staples,-4.07,-3.57,-14.43,-17.03,6.29,9.9,-6.89,-10.9,SIDEWAYS,AVOID
2026-08-05,Air Conditioners & Appliances,-4.91,0.43,-15.27,-13.03,5.45,13.9,-13.22,-17.23,SIDEWAYS,AVOID
2026-08-05,Capital Markets & Asset Management,-2.4,-3.23,-12.76,-16.7,7.96,10.24,-9.61,-13.62,SIDEWAYS,AVOID
2026-08-05,Copper Mining,10.17,1.04,-0.19,-12.43,20.53,14.51,26.29,22.28,SIDEWAYS,WATCH
2026-08-05,Media & Entertainment,2.35,-3.4,-8.01,-16.86,12.71,10.07,1.69,-2.32,SIDEWAYS,WATCH
2026-08-05,Civil Buildings & Commercial EPC,-6.29,-0.46,-16.65,-13.92,4.07,13.01,-17.07,-21.08,SIDEWAYS,AVOID
2026-08-05,Saw Pipes & Ductile Iron Pipes,3.07,2.06,-7.29,-11.4,13.43,15.53,16.19,12.18,SIDEWAYS,BUY
2026-08-05,Plywood & Boards,7.43,-0.22,-2.93,-13.69,17.79,13.24,16.86,12.85,SIDEWAYS,BUY
2026-08-05,Capital Goods,0.03,-3.0,-10.33,-16.47,10.39,10.47,4.85,0.84,SIDEWAYS,NEUTRAL
2026-08-05,Packaging Materials & Containers,-2.82,-3.33,-13.18,-16.8,7.54,10.13,-5.09,-9.1,SIDEWAYS,NEUTRAL
2026-08-05,Railway Ticketing & Catering,-5.21,-0.77,-15.57,-14.24,5.15,12.7,-15.98,-19.99,SIDEWAYS,AVOID
2026-08-05,Fertilizers & Agrochemicals,-6.02,-3.6,-16.38,-17.07,4.34,9.87,-12.45,-16.46,SIDEWAYS,AVOID
2026-08-05,Copper & Non-Ferrous Metals,6.64,-0.22,-3.72,-13.69,17.0,13.24,20.18,16.17,SIDEWAYS,STRONG BUY
2026-08-05,Metals & Mining,0.18,-1.98,-10.18,-15.45,10.54,11.49,5.22,1.21,SIDEWAYS,NEUTRAL
2026-08-05,Explosives & Defence Chemicals,1.61,-0.22,-8.75,-13.69,11.97,13.24,14.54,10.53,SIDEWAYS,BUY
2026-08-05,Microfinance NBFC,-3.58,2.3,-13.94,-11.17,6.78,15.76,2.42,-1.59,SIDEWAYS,NEUTRAL
2026-08-05,Construction Materials,5.86,0.44,-4.5,-13.03,16.22,13.9,18.74,14.73,SIDEWAYS,BUY
2026-08-05,Bearings & Friction Solutions,1.52,-2.11,-8.84,-15.58,11.88,11.36,4.27,0.26,SIDEWAYS,WATCH
2026-08-05,Civil Construction & Infrastructure,-2.37,-3.39,-12.73,-16.86,7.99,10.08,-10.03,-14.04,SIDEWAYS,AVOID
2026-08-05,Water & Wastewater Treatment,-11.1,0.43,-21.46,-13.03,-0.74,13.9,-19.87,-23.88,SIDEWAYS,AVOID
2026-08-05,Water & Wastewater Treatment,0.85,-1.49,-9.51,-14.95,11.21,11.98,-0.92,-4.93,SIDEWAYS,NEUTRAL
2026-08-05,Railway Telecom,-7.6,-0.77,-17.96,-14.24,2.76,12.7,-18.28,-22.29,SIDEWAYS,AVOID
2026-08-05,Media Entertainment & Publication,-1.67,-1.85,-12.03,-15.31,8.69,11.62,3.35,-0.66,SIDEWAYS,NEUTRAL
2026-08-05,Asset Management & Wealth,-1.14,-2.34,-11.5,-15.8,9.22,11.13,-0.8,-4.81,SIDEWAYS,NEUTRAL
2026-08-05,"Textiles, Yarns & Apparel",-3.12,-3.57,-13.48,-17.03,7.24,9.9,-5.34,-9.35,SIDEWAYS,NEUTRAL
2026-08-05,Auto Lighting,12.22,-1.92,1.86,-15.38,22.58,11.55,27.84,23.83,SIDEWAYS,WATCH
2026-08-05,Renewable Energy,-7.58,-2.42,-17.94,-15.89,2.78,11.05,-15.97,-19.98,SIDEWAYS,AVOID
2026-08-05,Hospitals & Diagnostic Centres,-0.48,-2.82,-10.84,-16.28,9.88,10.65,0.16,-3.85,SIDEWAYS,NEUTRAL
2026-08-05,Utilities,-10.81,2.67,-21.17,-10.8,-0.45,16.14,-20.38,-24.39,SIDEWAYS,AVOID
2026-08-05,Tractors & Farm Equipment,4.93,0.53,-5.43,-12.93,15.29,14.0,8.63,4.62,SIDEWAYS,WATCH
2026-08-05,Plastic Pipes & Fittings,1.27,-3.69,-9.09,-17.16,11.63,9.78,-0.85,-4.86,SIDEWAYS,NEUTRAL
2026-08-05,Travel Tech SaaS Solutions,3.45,2.29,-6.91,-11.18,13.81,15.76,17.59,13.58,SIDEWAYS,REDUCE
2026-08-05,Textiles,0.16,-1.91,-10.2,-15.38,10.52,11.56,7.21,3.2,SIDEWAYS,NEUTRAL
2026-08-05,Telecommunication,-4.62,-3.16,-14.98,-16.63,5.74,10.3,-5.83,-9.84,SIDEWAYS,AVOID
2026-08-05,Automobile OEMs,2.68,-2.54,-7.68,-16.01,13.04,10.93,5.97,1.96,SIDEWAYS,WATCH
2026-08-05,Aerospace & Defence,-0.28,-2.71,-10.64,-16.17,10.08,10.76,4.34,0.33,SIDEWAYS,NEUTRAL
2026-08-05,Auto Glass,11.03,0.48,0.67,-12.99,21.39,13.95,25.11,21.1,SIDEWAYS,BUY
2026-08-05,Fast Moving Consumer Goods,-1.07,-3.57,-11.43,-17.03,9.29,9.9,-6.32,-10.33,SIDEWAYS,AVOID
2026-08-05,Services,-0.91,-2.58,-11.27,-16.05,9.45,10.89,0.72,-3.29,SIDEWAYS,NEUTRAL
2026-08-05,Heavy Electrical Equipment,9.99,2.95,-0.37,-10.52,20.35,16.41,23.03,19.02,SIDEWAYS,WATCH
2026-08-05,Batteries,-8.62,0.4,-18.98,-13.07,1.74,13.87,-14.18,-18.19,SIDEWAYS,AVOID
2026-08-05,Hospitals & Healthcare Services,7.53,-3.1,-2.83,-16.56,17.89,10.37,23.34,19.33,SIDEWAYS,NEUTRAL
2026-08-05,Dairy Products,-2.71,-3.4,-13.07,-16.86,7.65,10.07,-10.29,-14.3,SIDEWAYS,AVOID
2026-08-05,Power,4.01,-2.32,-6.35,-15.79,14.37,11.14,6.32,2.31,SIDEWAYS,WATCH
2026-08-05,Batteries,9.26,0.3,-1.1,-13.17,19.62,13.77,21.05,17.04,SIDEWAYS,BUY
2026-08-05,Diagnostic & Healthcare Laboratories,-4.13,-0.46,-14.49,-13.92,6.23,13.01,-12.67,-16.68,SIDEWAYS,AVOID
2026-08-05,Roads & Highways EPC,-5.4,-0.46,-15.76,-13.92,4.96,13.01,-16.32,-20.33,SIDEWAYS,AVOID
2026-08-05,Construction,-0.87,-2.34,-11.23,-15.8,9.49,11.13,2.03,-1.98,SIDEWAYS,NEUTRAL
2026-08-05,Asset Management Company (AMC),-0.45,-3.33,-10.81,-16.8,9.91,10.14,-4.67,-8.68,SIDEWAYS,NEUTRAL
2026-08-05,Commodity Chemicals,-3.16,-3.56,-13.52,-17.03,7.2,9.9,-2.55,-6.56,SIDEWAYS,NEUTRAL
2026-08-05,Textiles & Apparel,-1.16,-3.4,-11.52,-16.86,9.2,10.07,-2.59,-6.6,SIDEWAYS,NEUTRAL
2026-08-05,API & CDMO / CRAMS,2.26,-1.41,-8.1,-14.87,12.62,12.06,7.82,3.81,SIDEWAYS,NEUTRAL
2026-08-05,Rubber Chemicals,-7.59,0.4,-17.95,-13.07,2.77,13.87,-17.65,-21.66,SIDEWAYS,AVOID
2026-08-05,Gas Transmission & Distribution,-5.61,-3.75,-15.97,-17.22,4.75,9.71,-12.76,-16.77,SIDEWAYS,AVOID
2026-08-05,Diversified Commercial,0.11,-3.27,-10.25,-16.74,10.47,10.2,-0.65,-4.66,SIDEWAYS,NEUTRAL
2026-08-05,Ceramics & Tiles,-7.83,-2.75,-18.19,-16.22,2.53,10.72,-15.19,-19.2,SIDEWAYS,AVOID
2026-08-05,Hotels & Restaurants,-3.52,-3.4,-13.88,-16.87,6.84,10.07,-11.52,-15.53,SIDEWAYS,AVOID
2026-08-05,Pharmaceuticals & Biotechnology,-0.68,-3.0,-11.04,-16.47,9.68,10.47,4.26,0.25,SIDEWAYS,NEUTRAL
2026-08-05,Wires & Cables,5.49,-2.43,-4.87,-15.9,15.85,11.03,10.07,6.06,SIDEWAYS,WATCH
2026-08-05,Auto Parts & Equipment,6.62,-1.44,-3.74,-14.9,16.98,12.03,15.84,11.83,SIDEWAYS,BUY
2026-08-05,Railways,0.32,-2.34,-10.04,-15.8,10.68,11.13,2.83,-1.18,SIDEWAYS,NEUTRAL
2026-08-05,Automobile and Auto Components,8.53,2.27,-1.83,-11.19,18.89,15.74,19.38,15.37,SIDEWAYS,BUY
2026-08-05,Residential & Commercial Real Estate,-3.48,-3.46,-13.84,-16.93,6.88,10.01,-9.01,-13.02,SIDEWAYS,AVOID
2026-08-05,Edible Oils,-7.75,0.43,-18.11,-13.03,2.61,13.9,-17.29,-21.3,SIDEWAYS,AVOID
2026-08-05,Specialty Chemicals,0.73,-3.44,-9.63,-16.91,11.09,10.03,0.95,-3.06,SIDEWAYS,WATCH
2026-08-05,Stockbroking & Financial Products,-3.38,-3.33,-13.74,-16.8,6.98,10.13,-4.95,-8.96,SIDEWAYS,NEUTRAL
2026-08-05,Banks,-0.64,-2.81,-11.0,-16.28,9.72,10.66,4.47,0.46,SIDEWAYS,NEUTRAL
2026-08-05,"Hotels, Resorts & QSR",1.16,-2.55,-9.2,-16.02,11.52,10.92,-1.91,-5.92,SIDEWAYS,NEUTRAL
2026-08-05,Tyres & Rubber Products,3.2,-2.21,-7.16,-15.67,13.56,11.26,5.36,1.35,SIDEWAYS,WATCH
2026-08-05,Passenger Cars & Utility Vehicles,0.15,2.48,-10.21,-10.99,10.51,15.95,10.06,6.05,SIDEWAYS,NEUTRAL
2026-08-05,Insurance,2.54,-2.38,-7.82,-15.85,12.9,11.08,2.41,-1.6,SIDEWAYS,WATCH
2026-08-05,Logistics & Transportation,0.61,-3.4,-9.75,-16.87,10.97,10.07,-1.79,-5.8,SIDEWAYS,NEUTRAL
2026-08-05,Diversified Retail,-2.97,-3.4,-13.33,-16.86,7.39,10.07,-10.34,-14.35,SIDEWAYS,AVOID
2026-08-05,Cement,-5.28,-2.27,-15.64,-15.74,5.08,11.2,-7.86,-11.87,SIDEWAYS,AVOID
2026-08-05,Information Technology,0.86,-1.85,-9.5,-15.31,11.22,11.62,1.32,-2.69,SIDEWAYS,WATCH
2026-08-05,Iron & Steel,-0.2,-2.55,-10.56,-16.01,10.16,10.92,6.2,2.19,SIDEWAYS,NEUTRAL
2026-08-05,Gas Distribution,2.88,0.3,-7.48,-13.17,13.24,13.77,6.43,2.42,SIDEWAYS,WATCH
2026-08-05,Steel Manufacturing & Mining,4.29,4.46,-6.07,-9.0,14.65,17.93,17.97,13.96,SIDEWAYS,REDUCE
2026-08-05,Internet & Digital Platforms,0.18,-3.23,-10.18,-16.7,10.54,10.24,-3.69,-7.7,SIDEWAYS,NEUTRAL
2026-08-05,Healthcare,5.73,-2.37,-4.63,-15.84,16.09,11.1,11.04,7.03,SIDEWAYS,BUY
2026-08-05,Project Management & Civil Construction,-5.78,-0.49,-16.14,-13.96,4.58,12.98,-16.25,-20.26,SIDEWAYS,AVOID
2026-08-05,Diversified & Fashion Retail,-1.29,-3.27,-11.65,-16.74,9.07,10.2,-7.69,-11.7,SIDEWAYS,AVOID
2026-08-05,Realty,-5.01,0.43,-15.37,-13.03,5.35,13.9,-16.1,-20.11,SIDEWAYS,AVOID
2026-08-05,Housing & Urban Infrastructure Financing,-6.31,-0.46,-16.67,-13.92,4.05,13.01,-16.47,-20.48,SIDEWAYS,AVOID
2026-08-05,Railway Financing,-5.45,-0.95,-15.81,-14.41,4.91,12.52,-15.76,-19.77,SIDEWAYS,AVOID
2026-08-05,Batteries & Energy Storage,4.7,0.3,-5.66,-13.17,15.06,13.77,10.61,6.6,SIDEWAYS,WATCH
2026-08-05,Data Centers & Real Estate,6.31,1.91,-4.05,-11.56,16.67,15.38,19.36,15.35,SIDEWAYS,BUY
2026-08-05,Plastic Pipes & Moulded Products,-7.13,0.43,-17.49,-13.03,3.23,13.9,-18.91,-22.92,SIDEWAYS,AVOID
2026-08-05,Chemicals,-0.16,-3.57,-10.52,-17.03,10.2,9.9,-4.32,-8.33,SIDEWAYS,NEUTRAL
2026-08-05,Packaging & Containers,4.39,-0.38,-5.97,-13.84,14.75,13.09,8.08,4.07,SIDEWAYS,WATCH
2026-08-05,Footwear,-8.05,0.66,-18.41,-12.81,2.31,14.13,-19.16,-23.17,SIDEWAYS,AVOID
2026-08-05,Pharmaceuticals,-0.79,-3.27,-11.15,-16.74,9.57,10.2,-0.43,-4.44,SIDEWAYS,NEUTRAL
2026-08-05,Renewable Energy Financing NBFC,-3.27,-0.77,-13.63,-14.24,7.09,12.7,-13.07,-17.08,SIDEWAYS,AVOID
2026-08-05,IT Consulting & Software,-1.69,-3.4,-12.05,-16.87,8.67,10.07,-7.78,-11.79,SIDEWAYS,AVOID
2026-08-05,Renewable Energy - Solar & Wind,-5.9,-3.23,-16.26,-16.7,4.46,10.24,-14.28,-18.29,SIDEWAYS,AVOID
2026-08-05,"Plywood, MDF & Laminates",-0.06,-3.23,-10.42,-16.7,10.3,10.24,-4.02,-8.03,SIDEWAYS,NEUTRAL
2026-08-05,Paper & Paper Products,-0.35,-3.23,-10.71,-16.7,10.01,10.24,-4.9,-8.91,SIDEWAYS,NEUTRAL
2026-08-05,"Logistics, Ports & Supply Chain",-0.58,-2.98,-10.94,-16.45,9.78,10.49,-0.41,-4.42,SIDEWAYS,NEUTRAL
2026-08-05,Pipes & Tubes,0.25,-3.5,-10.11,-16.97,10.61,9.97,-2.12,-6.13,SIDEWAYS,NEUTRAL
2026-08-05,Zinc & Silver Mining,10.89,-2.01,0.53,-15.48,21.25,11.46,27.22,23.21,SIDEWAYS,WATCH
2026-08-05,Software Products & Digital Services,1.3,-3.44,-9.06,-16.91,11.66,10.03,-0.07,-4.08,SIDEWAYS,NEUTRAL
2026-08-05,Cement & Clinker,-1.03,-3.76,-11.39,-17.23,9.33,9.71,-7.11,-11.12,SIDEWAYS,AVOID
2026-08-05,Power Generation & Distribution,-9.38,0.43,-19.74,-13.03,0.98,13.9,-18.7,-22.71,SIDEWAYS,AVOID
2026-08-06,Chemicals,-0.81,-3.57,-11.17,-17.03,9.55,9.9,-5.02,-9.03,SIDEWAYS,NEUTRAL
2026-08-06,Affordable Housing Finance Company,-8.3,0.43,-18.66,-13.03,2.06,13.9,-19.73,-23.74,SIDEWAYS,AVOID
2026-08-06,Stockbroking & Financial Products,-4.49,-3.4,-14.85,-16.87,5.87,10.07,-8.21,-12.22,SIDEWAYS,AVOID
2026-08-06,Commodity Chemicals,-2.34,-3.56,-12.7,-17.03,8.02,9.9,-2.97,-6.98,SIDEWAYS,NEUTRAL
2026-08-06,Diversified Retail,-3.84,-3.23,-14.2,-16.7,6.52,10.24,-10.48,-14.49,SIDEWAYS,AVOID
2026-08-06,Realty,-6.87,0.43,-17.23,-13.03,3.49,13.9,-16.72,-20.73,SIDEWAYS,AVOID
2026-08-06,Air Conditioners & Appliances,-8.68,0.43,-19.04,-13.03,1.68,13.9,-15.19,-19.2,SIDEWAYS,AVOID
2026-08-06,Banks,1.14,-2.81,-9.22,-16.28,11.5,10.66,4.2,0.19,SIDEWAYS,WATCH
2026-08-06,Automobile and Auto Components,7.43,1.91,-2.93,-11.56,17.79,15.38,16.85,12.84,SIDEWAYS,BUY
2026-08-06,Information Technology,1.1,-1.85,-9.26,-15.31,11.46,11.62,0.73,-3.28,SIDEWAYS,WATCH
2026-08-06,Railway Infrastructure & Consulting,-1.88,-0.49,-12.24,-13.96,8.48,12.98,-9.87,-13.88,SIDEWAYS,AVOID
2026-08-06,Cement,1.37,-2.62,-8.99,-16.09,11.73,10.85,-0.03,-4.04,SIDEWAYS,WATCH
2026-08-06,Ceramics & Tiles,-6.15,-3.22,-16.51,-16.69,4.21,10.25,-12.77,-16.78,SIDEWAYS,AVOID
2026-08-06,Batteries & Energy Storage,-8.22,0.43,-18.58,-13.03,2.14,13.9,-15.54,-19.55,SIDEWAYS,AVOID
2026-08-06,Plywood & Boards,7.43,-0.22,-2.93,-13.69,17.79,13.24,16.86,12.85,SIDEWAYS,BUY
2026-08-06,Gas Transmission & Distribution,-7.26,-3.23,-17.62,-16.7,3.1,10.24,-12.62,-16.63,SIDEWAYS,AVOID
2026-08-06,Saw Pipes & Ductile Iron Pipes,5.18,0.17,-5.18,-13.3,15.54,13.63,15.61,11.6,SIDEWAYS,BUY
2026-08-06,Auto Glass,10.6,-0.22,0.24,-13.69,20.96,13.24,24.12,20.11,SIDEWAYS,BUY
2026-08-06,Packaged Foods & FMCG Staples,-5.05,-3.57,-15.41,-17.03,5.31,9.9,-9.43,-13.44,SIDEWAYS,AVOID
2026-08-06,Wires & Cables,3.02,-2.65,-7.34,-16.12,13.38,10.82,4.4,0.39,SIDEWAYS,WATCH
2026-08-06,Metals & Mining,-0.95,-1.98,-11.31,-15.45,9.41,11.49,1.54,-2.47,SIDEWAYS,NEUTRAL
2026-08-06,Project Management & Civil Construction,-6.1,0.14,-16.46,-13.33,4.26,13.61,-16.53,-20.54,SIDEWAYS,AVOID
2026-08-06,Power,2.75,-2.34,-7.61,-15.8,13.11,11.13,3.42,-0.59,SIDEWAYS,WATCH
2026-08-06,Insurance,-3.63,-3.57,-13.99,-17.03,6.73,9.9,-6.7,-10.71,SIDEWAYS,AVOID
2026-08-06,Railways,-0.47,-2.34,-10.83,-15.8,9.89,11.13,1.2,-2.81,SIDEWAYS,NEUTRAL
2026-08-06,Mining & Mineral Products,-3.59,-3.86,-13.95,-17.33,6.77,9.61,-1.82,-5.83,SIDEWAYS,NEUTRAL
2026-08-06,Logistics & Transportation,2.11,-1.94,-8.25,-15.4,12.47,11.53,1.37,-2.64,SIDEWAYS,WATCH
2026-08-06,Fast Moving Consumer Goods,-3.68,-3.57,-14.04,-17.03,6.68,9.9,-7.95,-11.96,SIDEWAYS,AVOID
2026-08-06,Capital Markets & Asset Management,-6.14,-3.4,-16.5,-16.87,4.22,10.07,-13.06,-17.07,SIDEWAYS,AVOID
2026-08-06,Oil Exploration & Refining,-3.6,-2.81,-13.96,-16.28,6.76,10.66,-6.41,-10.42,SIDEWAYS,AVOID
2026-08-06,Auto Lighting,8.49,-1.8,-1.87,-15.27,18.85,11.66,22.08,18.07,SIDEWAYS,WATCH
2026-08-06,Fertilizers,-6.44,-0.42,-16.8,-13.89,3.92,13.05,-16.07,-20.08,SIDEWAYS,AVOID
2026-08-06,Data Centers & Real Estate,4.19,3.68,-6.17,-9.79,14.55,17.15,17.36,13.35,SIDEWAYS,REDUCE
2026-08-06,Media & Entertainment,-1.8,-3.4,-12.16,-16.86,8.56,10.07,-4.31,-8.32,SIDEWAYS,NEUTRAL
2026-08-06,Paper & Paper Products,0.3,-2.97,-10.06,-16.43,10.66,10.5,-1.5,-5.51,SIDEWAYS,NEUTRAL
2026-08-06,Non Banking Financial Company (NBFC),-0.69,-3.44,-11.05,-16.91,9.67,10.03,-1.31,-5.32,SIDEWAYS,NEUTRAL
2026-08-06,Consumer Durables,3.47,-2.82,-6.89,-16.28,13.83,10.65,8.97,4.96,SIDEWAYS,WATCH
2026-08-06,Cement & Clinker,-5.8,-4.32,-16.16,-17.79,4.56,9.15,-12.78,-16.79,SIDEWAYS,AVOID
2026-08-06,Services,-2.37,-1.91,-12.73,-15.38,7.99,11.56,-0.67,-4.68,SIDEWAYS,NEUTRAL
2026-08-06,"Plywood, MDF & Laminates",-0.71,-3.23,-11.07,-16.7,9.65,10.24,-3.61,-7.62,SIDEWAYS,NEUTRAL
2026-08-06,Roads & Highways EPC,-4.76,-0.46,-15.12,-13.92,5.6,13.01,-13.93,-17.94,SIDEWAYS,AVOID
2026-08-06,Construction,-0.4,-2.34,-10.76,-15.8,9.96,11.13,-1.64,-5.65,SIDEWAYS,NEUTRAL
2026-08-06,Railway Ticketing & Catering,-3.34,-0.8,-13.7,-14.27,7.02,12.66,-12.05,-16.06,SIDEWAYS,AVOID
2026-08-06,Iron & Steel,2.08,-2.93,-8.28,-16.4,12.44,10.54,5.52,1.51,SIDEWAYS,WATCH
2026-08-06,Textiles,6.73,-0.66,-3.63,-14.13,17.09,12.81,13.45,9.44,SIDEWAYS,BUY
2026-08-06,Telecommunication,-6.23,-2.42,-16.59,-15.89,4.13,11.05,-11.49,-15.5,SIDEWAYS,AVOID
2026-08-06,Power Generation & Distribution,2.66,0.3,-7.7,-13.17,13.02,13.77,5.92,1.91,SIDEWAYS,WATCH
2026-08-06,Fertilizers & Agrochemicals,-5.52,-3.6,-15.88,-17.07,4.84,9.87,-12.94,-16.95,SIDEWAYS,AVOID
2026-08-06,Paints,3.63,-2.21,-6.73,-15.67,13.99,11.26,6.81,2.8,SIDEWAYS,WATCH
2026-08-06,Tea & Coffee,-2.27,-3.86,-12.63,-17.33,8.09,9.61,-4.89,-8.9,SIDEWAYS,NEUTRAL
2026-08-06,Renewable Energy Financing NBFC,-5.31,-0.77,-15.67,-14.24,5.05,12.7,-14.9,-18.91,SIDEWAYS,AVOID
2026-08-06,Copper Mining,11.91,0.69,1.55,-12.78,22.27,14.16,27.12,23.11,SIDEWAYS,WATCH
2026-08-06,Civil Buildings & Commercial EPC,-7.73,-0.46,-18.09,-13.92,2.63,13.01,-18.22,-22.23,SIDEWAYS,AVOID
2026-08-06,Copper & Non-Ferrous Metals,9.46,0.95,-0.9,-12.52,19.82,14.42,25.04,21.03,SIDEWAYS,BUY
2026-08-06,Textiles & Apparel,-3.45,-3.4,-13.81,-16.86,6.91,10.07,-5.04,-9.05,SIDEWAYS,NEUTRAL
2026-08-06,Packaging Materials & Containers,-3.21,-3.33,-13.57,-16.8,7.15,10.13,-5.24,-9.25,SIDEWAYS,NEUTRAL
2026-08-06,Internet & Digital Platforms,-3.72,-3.23,-14.08,-16.7,6.64,10.24,-7.35,-11.36,SIDEWAYS,AVOID
2026-08-06,Hospitals & Diagnostic Centres,-1.15,-3.44,-11.51,-16.91,9.21,10.03,-0.21,-4.22,SIDEWAYS,NEUTRAL
2026-08-06,Power Sector Financing NBFC,4.39,0.95,-5.97,-12.52,14.75,14.42,16.58,12.57,SIDEWAYS,BUY
2026-08-06,Travel Tech SaaS Solutions,10.3,2.57,-0.06,-10.9,20.66,16.04,23.44,19.43,SIDEWAYS,WATCH
2026-08-06,Utilities,-10.47,0.43,-20.83,-13.03,-0.11,13.9,-22.28,-26.29,SIDEWAYS,AVOID
2026-08-06,Media Entertainment & Publication,-0.46,-1.85,-10.82,-15.31,9.9,11.62,2.09,-1.92,SIDEWAYS,NEUTRAL
2026-08-06,Tractors & Farm Equipment,-0.95,-1.49,-11.31,-14.95,9.41,11.98,4.93,0.92,SIDEWAYS,NEUTRAL
2026-08-06,Power Generation & Utilities,-3.39,-3.4,-13.75,-16.86,6.97,10.07,-8.86,-12.87,SIDEWAYS,AVOID
2026-08-06,Hospitals & Healthcare Services,10.31,-2.19,-0.05,-15.66,20.67,11.28,24.76,20.75,SIDEWAYS,WATCH
2026-08-06,Wealth & Asset Management,5.49,-0.22,-4.87,-13.69,15.85,13.24,18.13,14.12,SIDEWAYS,BUY
2026-08-06,Aerospace & Defence,4.48,-2.11,-5.88,-15.58,14.84,11.36,8.67,4.66,SIDEWAYS,WATCH
2026-08-06,Residential & Commercial Real Estate,-3.73,-3.46,-14.09,-16.93,6.63,10.01,-8.84,-12.85,SIDEWAYS,AVOID
2026-08-06,Automobile OEMs,4.02,-2.71,-6.34,-16.17,14.38,10.76,8.25,4.24,SIDEWAYS,WATCH
2026-08-06,Sugar & Bio-Ethanol,1.24,-3.19,-9.12,-16.65,11.6,10.28,-0.22,-4.23,SIDEWAYS,NEUTRAL
2026-08-06,Pumps & Compressors,-2.43,-2.98,-12.79,-16.45,7.93,10.49,-6.08,-10.09,SIDEWAYS,AVOID
2026-08-06,Electronic Manufacturing Services (EMS),-9.8,0.43,-20.16,-13.03,0.56,13.9,-16.9,-20.91,SIDEWAYS,AVOID
2026-08-06,Electronic Manufacturing Services (EMS),6.83,-2.11,-3.53,-15.58,17.19,11.36,14.72,10.71,SIDEWAYS,BUY
2026-08-06,Civil Construction & Infrastructure,-0.88,-3.46,-11.24,-16.93,9.48,10.01,-6.34,-10.35,SIDEWAYS,AVOID
2026-08-06,Packaging & Containers,2.71,-1.56,-7.65,-15.03,13.07,11.91,6.15,2.14,SIDEWAYS,WATCH
2026-08-06,Superalloys & Special Metals,11.07,0.95,0.71,-12.52,21.43,14.42,25.19,21.18,SIDEWAYS,BUY
2026-08-06,Breweries & Distilleries,-1.08,-2.09,-11.44,-15.55,9.28,11.38,1.17,-2.84,SIDEWAYS,NEUTRAL
2026-08-06,Renewable Energy,-7.13,-0.46,-17.49,-13.92,3.23,13.01,-16.23,-20.24,SIDEWAYS,AVOID
2026-08-06,Railway Wagons & Equipment,-2.45,-3.32,-12.81,-16.79,7.91,10.15,-9.39,-13.4,SIDEWAYS,AVOID
2026-08-06,Renewable Energy - Solar & Wind,-7.43,-3.4,-17.79,-16.86,2.93,10.07,-15.35,-19.36,SIDEWAYS,AVOID
2026-08-06,Healthcare,4.63,-2.23,-5.73,-15.7,14.99,11.24,8.12,4.11,SIDEWAYS,WATCH
2026-08-06,Ship Building & Defence,-1.11,4.72,-11.47,-8.75,9.25,18.19,-8.1,-12.11,SIDEWAYS,AVOID
2026-08-06,API & CDMO / CRAMS,5.6,-1.85,-4.76,-15.31,15.96,11.62,11.06,7.05,SIDEWAYS,WATCH
2026-08-06,Diversified & Fashion Retail,-3.03,-3.43,-13.39,-16.9,7.33,10.03,-9.92,-13.93,SIDEWAYS,AVOID
2026-08-06,Capital Goods,5.38,-2.95,-4.98,-16.42,15.74,10.52,10.01,6.0,SIDEWAYS,WATCH
2026-08-06,Gas Distribution,2.91,-0.22,-7.45,-13.69,13.27,13.24,6.51,2.5,SIDEWAYS,WATCH
2026-08-06,Lubricants & Specialty Oils,5.96,0.17,-4.4,-13.3,16.32,13.63,11.33,7.32,SIDEWAYS,WATCH
2026-08-06,Batteries,-9.81,0.43,-20.17,-13.03,0.55,13.9,-16.9,-20.91,SIDEWAYS,AVOID
2026-08-06,Steel Manufacturing & Mining,7.78,-2.19,-2.58,-15.66,18.14,11.28,20.43,16.42,SIDEWAYS,WATCH
2026-08-06,Pharmaceuticals,-0.2,-3.44,-10.56,-16.91,10.16,10.03,-0.41,-4.42,SIDEWAYS,NEUTRAL
2026-08-06,IT Consulting & Software,-4.27,-3.4,-14.63,-16.87,6.09,10.07,-8.63,-12.64,SIDEWAYS,AVOID
2026-08-06,"Logistics, Ports & Supply Chain",3.0,-2.97,-7.36,-16.43,13.36,10.5,3.89,-0.12,SIDEWAYS,WATCH
2026-08-06,Aluminium & Mining,2.33,-2.04,-8.03,-15.51,12.69,11.43,3.02,-0.99,SIDEWAYS,WATCH
2026-08-06,Plastic Pipes & Fittings,-0.29,-3.68,-10.65,-17.14,10.07,9.79,-2.16,-6.17,SIDEWAYS,NEUTRAL
2026-08-06,Railway Infrastructure,-4.29,-0.8,-14.65,-14.27,6.07,12.66,-13.7,-17.71,SIDEWAYS,AVOID
2026-08-06,Electronic Manufacturing Services (EMS),-8.23,0.11,-18.59,-13.36,2.13,13.58,-18.0,-22.01,SIDEWAYS,AVOID
2026-08-06,Software Products & Digital Services,0.67,-2.75,-9.69,-16.22,11.03,10.72,0.89,-3.12,SIDEWAYS,WATCH
2026-08-06,Footwear,-5.2,0.43,-15.56,-13.03,5.16,13.9,-15.08,-19.09,SIDEWAYS,AVOID
2026-08-06,Diagnostic & Healthcare Laboratories,-5.54,-0.23,-15.9,-13.7,4.82,13.24,-11.88,-15.89,SIDEWAYS,AVOID
2026-08-06,Financial Services,-0.82,-2.98,-11.18,-16.45,9.54,10.49,-3.73,-7.74,SIDEWAYS,NEUTRAL
2026-08-06,Water & Wastewater Treatment,-3.75,-2.5,-14.11,-15.97,6.61,10.97,-9.09,-13.1,SIDEWAYS,AVOID
2026-08-06,Dairy Products,-1.2,-2.55,-11.56,-16.02,9.16,10.92,-6.97,-10.98,SIDEWAYS,AVOID
2026-08-06,Heavy Electrical Equipment,7.03,2.6,-3.33,-10.87,17.39,16.07,20.81,16.8,SIDEWAYS,NEUTRAL
2026-08-06,Batteries,8.55,0.3,-1.81,-13.17,18.91,13.77,19.42,15.41,SIDEWAYS,BUY
2026-08-06,Asset Management Company (AMC),-4.69,-3.33,-15.05,-16.8,5.67,10.14,-8.86,-12.87,SIDEWAYS,AVOID
2026-08-06,Agrochemicals & Pesticides,-7.3,-0.46,-17.66,-13.92,3.06,13.01,-18.02,-22.03,SIDEWAYS,AVOID
2026-08-06,Bearings & Friction Solutions,-0.6,-2.98,-10.96,-16.45,9.76,10.49,-0.33,-4.34,SIDEWAYS,NEUTRAL
2026-08-06,Water & Wastewater Treatment,-10.14,0.43,-20.5,-13.03,0.22,13.9,-17.67,-21.68,SIDEWAYS,AVOID
2026-08-06,Pipes & Tubes,-1.22,-3.5,-11.58,-16.97,9.14,9.97,-3.72,-7.73,SIDEWAYS,NEUTRAL
2026-08-06,Telecom Services & Infrastructure,-3.46,-1.85,-13.82,-15.31,6.9,11.62,-3.31,-7.32,SIDEWAYS,NEUTRAL
2026-08-06,Edible Oils,-11.02,1.51,-21.38,-11.96,-0.66,14.97,-19.69,-23.7,SIDEWAYS,AVOID
2026-08-06,Railway Financing,-7.75,0.43,-18.11,-13.03,2.61,13.9,-15.71,-19.72,SIDEWAYS,AVOID
2026-08-06,Zinc & Silver Mining,9.67,-2.19,-0.69,-15.66,20.03,11.28,23.04,19.03,SIDEWAYS,WATCH
2026-08-06,Paints & Coatings,7.88,3.0,-2.48,-10.47,18.24,16.47,17.89,13.88,SIDEWAYS,BUY
2026-08-06,Passenger Cars & Utility Vehicles,0.66,2.49,-9.7,-10.98,11.02,15.95,8.45,4.44,SIDEWAYS,NEUTRAL
2026-08-06,Auto Parts & Equipment,4.74,-2.78,-5.62,-16.24,15.1,10.69,10.79,6.78,SIDEWAYS,WATCH
2026-08-06,Housing & Urban Infrastructure Financing,-6.63,-0.46,-16.99,-13.92,3.73,13.01,-16.86,-20.87,SIDEWAYS,AVOID
2026-08-06,Specialty Chemicals,2.91,-3.27,-7.45,-16.74,13.27,10.2,3.4,-0.61,SIDEWAYS,WATCH
2026-08-06,Civil Construction & Infrastructure EPC,-1.49,-3.23,-11.85,-16.7,8.87,10.24,-7.76,-11.77,SIDEWAYS,AVOID
2026-08-06,Oil Gas & Consumable Fuels,6.12,3.0,-4.24,-10.47,16.48,16.47,20.03,16.02,SIDEWAYS,BUY
2026-08-06,Tyres & Rubber Products,-1.41,-2.21,-11.77,-15.67,8.95,11.26,1.16,-2.85,SIDEWAYS,NEUTRAL
2026-08-06,Hotels & Restaurants,-3.92,-3.73,-14.28,-17.2,6.44,9.74,-10.37,-14.38,SIDEWAYS,AVOID
2026-08-06,Railway Telecom,-7.47,-0.77,-17.83,-14.24,2.89,12.7,-17.25,-21.26,SIDEWAYS,AVOID
2026-08-06,Microfinance NBFC,7.24,2.27,-3.12,-11.19,17.6,15.74,16.42,12.41,SIDEWAYS,BUY
2026-08-06,Pharmaceuticals & Biotechnology,1.98,-3.0,-8.38,-16.47,12.34,10.47,8.23,4.22,SIDEWAYS,NEUTRAL
2026-08-06,Explosives & Defence Chemicals,5.13,0.23,-5.23,-13.24,15.49,13.7,15.19,11.18,SIDEWAYS,BUY
2026-08-06,Rubber Chemicals,-8.06,0.43,-18.42,-13.03,2.3,13.9,-18.66,-22.67,SIDEWAYS,AVOID
2026-08-06,Asset Management & Wealth,-2.03,-2.34,-12.39,-15.8,8.33,11.13,-2.22,-6.23,SIDEWAYS,NEUTRAL
2026-08-06,Consumer Services,-1.47,-3.56,-11.83,-17.03,8.89,9.91,-4.41,-8.42,SIDEWAYS,NEUTRAL
2026-08-06,"Hotels, Resorts & QSR",-1.36,-3.4,-11.72,-16.87,9.0,10.07,-5.64,-9.65,SIDEWAYS,NEUTRAL
2026-08-06,Air Conditioners & AC Components,-9.81,0.43,-20.17,-13.03,0.55,13.9,-16.91,-20.92,SIDEWAYS,AVOID
2026-08-06,Construction Materials,5.03,-0.22,-5.33,-13.69,15.39,13.24,15.99,11.98,SIDEWAYS,BUY
2026-08-06,Structural Steel Tubes & Pipes,7.39,0.56,-2.97,-12.91,17.75,14.02,20.69,16.68,SIDEWAYS,WATCH
2026-08-06,Packaged Foods & Consumer Staples,-7.52,-3.23,-17.88,-16.7,2.84,10.24,-10.42,-14.43,SIDEWAYS,AVOID
2026-08-06,"Textiles, Yarns & Apparel",-2.07,-3.35,-12.43,-16.82,8.29,10.12,-3.28,-7.29,SIDEWAYS,NEUTRAL
2026-08-06,Air Conditioners & AC Components,-0.71,-3.4,-11.07,-16.86,9.65,10.07,-5.85,-9.86,SIDEWAYS,NEUTRAL
2026-08-06,Plastic Pipes & Moulded Products,-7.34,0.43,-17.7,-13.03,3.02,13.9,-18.03,-22.04,SIDEWAYS,AVOID
2026-08-06,Diversified Commercial,0.71,-3.27,-9.65,-16.74,11.07,10.2,-0.1,-4.11,SIDEWAYS,WATCH
2026-08-06,Transformers & T&D Equipment,2.58,-2.5,-7.78,-15.96,12.94,10.97,6.08,2.07,SIDEWAYS,WATCH
2026-08-07,Non Banking Financial Company (NBFC),-3.8,-3.19,-14.16,-16.65,6.56,10.28,-3.01,-7.02,SIDEWAYS,NEUTRAL
2026-08-07,Housing & Urban Infrastructure Financing,-7.32,-0.46,-17.68,-13.92,3.04,13.01,-18.35,-22.36,SIDEWAYS,AVOID
2026-08-07,Batteries & Energy Storage,1.93,0.23,-8.43,-13.24,12.29,13.7,4.26,0.25,SIDEWAYS,WATCH
2026-08-07,Data Centers & Real Estate,3.04,-0.08,-7.32,-13.55,13.4,13.39,16.18,12.17,SIDEWAYS,REDUCE
2026-08-07,Air Conditioners & AC Components,-0.61,-3.4,-10.97,-16.86,9.75,10.07,-5.09,-9.1,SIDEWAYS,NEUTRAL
2026-08-07,Packaging Materials & Containers,-1.98,-3.33,-12.34,-16.8,8.38,10.13,-3.95,-7.96,SIDEWAYS,NEUTRAL
2026-08-07,Renewable Energy Financing NBFC,-7.61,-0.42,-17.97,-13.89,2.75,13.05,-17.6,-21.61,SIDEWAYS,AVOID
2026-08-07,Realty,-5.34,0.4,-15.7,-13.07,5.02,13.87,-14.61,-18.62,SIDEWAYS,AVOID
2026-08-07,Construction,2.63,-1.77,-7.73,-15.24,12.99,11.7,3.88,-0.13,SIDEWAYS,WATCH
2026-08-07,Internet & Digital Platforms,-6.17,-3.11,-16.53,-16.58,4.19,10.36,-8.47,-12.48,SIDEWAYS,AVOID
2026-08-07,Commodity Chemicals,-3.42,-3.56,-13.78,-17.03,6.94,9.9,-4.68,-8.69,SIDEWAYS,NEUTRAL
2026-08-07,Renewable Energy - Solar & Wind,-6.53,-3.4,-16.89,-16.86,3.83,10.07,-14.53,-18.54,SIDEWAYS,AVOID
2026-08-07,Air Conditioners & AC Components,-9.26,0.43,-19.62,-13.03,1.1,13.9,-15.65,-19.66,SIDEWAYS,AVOID
2026-08-07,Railway Telecom,-9.91,0.43,-20.27,-13.03,0.45,13.9,-19.01,-23.02,SIDEWAYS,AVOID
2026-08-07,Packaging & Containers,-0.06,-1.56,-10.42,-15.03,10.3,11.91,4.08,0.07,SIDEWAYS,NEUTRAL
2026-08-07,Railway Infrastructure & Consulting,-3.12,-0.49,-13.48,-13.96,7.24,12.98,-12.4,-16.41,SIDEWAYS,AVOID
2026-08-07,Media Entertainment & Publication,-1.11,-1.85,-11.47,-15.31,9.25,11.62,1.84,-2.17,SIDEWAYS,NEUTRAL
2026-08-07,Plastic Pipes & Fittings,-1.59,-3.69,-11.95,-17.16,8.77,9.78,-3.81,-7.82,SIDEWAYS,NEUTRAL
2026-08-07,Water & Wastewater Treatment,-7.24,-3.23,-17.6,-16.7,3.12,10.24,-16.65,-20.66,SIDEWAYS,AVOID
2026-08-07,Plywood & Boards,7.95,-0.22,-2.41,-13.69,18.31,13.24,18.04,14.03,SIDEWAYS,STRONG BUY
2026-08-07,Water & Wastewater Treatment,-8.99,0.4,-19.35,-13.07,1.37,13.87,-15.03,-19.04,SIDEWAYS,AVOID
2026-08-07,Power Generation & Distribution,-8.62,-0.46,-18.98,-13.92,1.74,13.01,-18.77,-22.78,SIDEWAYS,AVOID
2026-08-07,Diversified & Fashion Retail,-4.23,-3.43,-14.59,-16.9,6.13,10.03,-11.22,-15.23,SIDEWAYS,AVOID
2026-08-07,Explosives & Defence Chemicals,3.25,-0.22,-7.11,-13.69,13.61,13.24,12.89,8.88,SIDEWAYS,BUY
2026-08-07,Textiles,7.37,-0.24,-2.99,-13.7,17.73,13.23,14.91,10.9,SIDEWAYS,BUY
2026-08-07,Railway Ticketing & Catering,-5.81,-0.77,-16.17,-14.24,4.55,12.7,-14.8,-18.81,SIDEWAYS,AVOID
2026-08-07,Construction Materials,9.33,-2.83,-1.03,-16.3,19.69,10.64,21.58,17.57,SIDEWAYS,WATCH
2026-08-07,Fast Moving Consumer Goods,-4.05,-3.57,-14.41,-17.03,6.31,9.9,-8.09,-12.1,SIDEWAYS,AVOID
2026-08-07,Affordable Housing Finance Company,-8.0,0.43,-18.36,-13.03,2.36,13.9,-19.48,-23.49,SIDEWAYS,AVOID
2026-08-07,Microfinance NBFC,-1.62,2.69,-11.98,-10.78,8.74,16.16,1.32,-2.69,SIDEWAYS,NEUTRAL
2026-08-07,Stockbroking & Financial Products,-6.42,-3.11,-16.78,-16.58,3.94,10.36,-10.86,-14.87,SIDEWAYS,AVOID
2026-08-07,Mining & Mineral Products,-2.86,-2.34,-13.22,-15.8,7.5,11.13,-2.3,-6.31,SIDEWAYS,NEUTRAL
2026-08-07,Tyres & Rubber Products,-3.09,-1.85,-13.45,-15.31,7.27,11.62,-2.08,-6.09,SIDEWAYS,NEUTRAL
2026-08-07,Information Technology,-0.56,-1.85,-10.92,-15.31,9.8,11.62,-1.41,-5.42,SIDEWAYS,NEUTRAL
2026-08-07,Insurance,-7.18,-3.23,-17.54,-16.7,3.18,10.24,-11.05,-15.06,SIDEWAYS,AVOID
2026-08-07,Edible Oils,-8.59,0.4,-18.95,-13.07,1.77,13.87,-19.09,-23.1,SIDEWAYS,AVOID
2026-08-07,Telecom Services & Infrastructure,-4.42,-2.45,-14.78,-15.92,5.94,11.02,-4.71,-8.72,SIDEWAYS,NEUTRAL
2026-08-07,Auto Parts & Equipment,7.23,-2.61,-3.13,-16.08,17.59,10.86,14.63,10.62,SIDEWAYS,BUY
2026-08-07,Metals & Mining,-0.65,-1.9,-11.01,-15.37,9.71,11.56,3.36,-0.65,SIDEWAYS,NEUTRAL
2026-08-07,Gas Transmission & Distribution,-5.02,-3.75,-15.38,-17.22,5.34,9.71,-12.26,-16.27,SIDEWAYS,AVOID
2026-08-07,Hotels & Restaurants,-3.03,-3.4,-13.39,-16.87,7.33,10.07,-8.89,-12.9,SIDEWAYS,AVOID
2026-08-07,Ceramics & Tiles,-5.19,-3.23,-15.55,-16.7,5.17,10.24,-11.22,-15.23,SIDEWAYS,AVOID
2026-08-07,Gas Distribution,-9.93,0.43,-20.29,-13.03,0.43,13.9,-17.19,-21.2,SIDEWAYS,AVOID
2026-08-07,Diversified Commercial,1.52,-3.44,-8.84,-16.91,11.88,10.03,1.6,-2.41,SIDEWAYS,WATCH
2026-08-07,Automobile and Auto Components,3.71,-2.32,-6.65,-15.79,14.07,11.15,11.7,7.69,SIDEWAYS,NEUTRAL
2026-08-07,Paints,-0.09,-2.34,-10.45,-15.8,10.27,11.13,-1.23,-5.24,SIDEWAYS,NEUTRAL
2026-08-07,Bearings & Friction Solutions,1.31,-2.32,-9.05,-15.79,11.67,11.14,3.09,-0.92,SIDEWAYS,WATCH
2026-08-07,Consumer Services,0.69,-3.04,-9.67,-16.51,11.05,10.43,-0.13,-4.14,SIDEWAYS,WATCH
2026-08-07,IT Consulting & Software,-4.17,-3.4,-14.53,-16.87,6.19,10.07,-8.74,-12.75,SIDEWAYS,AVOID
2026-08-07,Diagnostic & Healthcare Laboratories,-6.61,-0.46,-16.97,-13.92,3.75,13.01,-13.8,-17.81,SIDEWAYS,AVOID
2026-08-07,Software Products & Digital Services,-0.47,-3.44,-10.83,-16.91,9.89,10.03,-0.5,-4.51,SIDEWAYS,NEUTRAL
2026-08-07,Batteries,9.71,0.57,-0.65,-12.9,20.07,14.04,22.08,18.07,SIDEWAYS,BUY
2026-08-07,Auto Lighting,10.69,1.2,0.33,-12.27,21.05,14.67,27.45,23.44,SIDEWAYS,WATCH
2026-08-07,Batteries,-9.97,0.43,-20.33,-13.03,0.39,13.9,-17.29,-21.3,SIDEWAYS,AVOID
2026-08-07,Fertilizers,-7.98,-0.42,-18.34,-13.89,2.38,13.05,-17.73,-21.74,SIDEWAYS,AVOID
2026-08-07,Automobile OEMs,1.45,-2.84,-8.91,-16.31,11.81,10.63,6.18,2.17,SIDEWAYS,NEUTRAL
2026-08-07,Fertilizers & Agrochemicals,-7.06,-3.98,-17.42,-17.45,3.3,9.49,-16.4,-20.41,SIDEWAYS,AVOID
2026-08-07,Sugar & Bio-Ethanol,0.13,-3.19,-10.23,-16.65,10.49,10.28,-2.76,-6.77,SIDEWAYS,NEUTRAL
2026-08-07,Electronic Manufacturing Services (EMS),-11.09,0.43,-21.45,-13.03,-0.73,13.9,-19.84,-23.85,SIDEWAYS,AVOID
2026-08-07,Civil Construction & Infrastructure,-3.13,-3.46,-13.49,-16.93,7.23,10.01,-8.78,-12.79,SIDEWAYS,AVOID
2026-08-07,Travel Tech SaaS Solutions,7.41,1.91,-2.95,-11.56,17.77,15.38,18.93,14.92,SIDEWAYS,BUY
2026-08-07,Power Sector Financing NBFC,4.24,1.4,-6.12,-12.07,14.6,14.87,17.04,13.03,SIDEWAYS,BUY
2026-08-07,Renewable Energy,-5.68,-2.63,-16.04,-16.09,4.68,10.84,-15.19,-19.2,SIDEWAYS,AVOID
2026-08-07,Electronic Manufacturing Services (EMS),-7.15,-3.15,-17.51,-16.62,3.21,10.32,-9.03,-13.04,SIDEWAYS,AVOID
2026-08-07,Electronic Manufacturing Services (EMS),7.66,-1.54,-2.7,-15.01,18.02,11.92,16.61,12.6,SIDEWAYS,BUY
2026-08-07,Copper & Non-Ferrous Metals,9.04,0.3,-1.32,-13.17,19.4,13.77,21.96,17.95,SIDEWAYS,BUY
2026-08-07,"Hotels, Resorts & QSR",0.36,-3.22,-10.0,-16.69,10.72,10.25,-3.42,-7.43,SIDEWAYS,NEUTRAL
2026-08-07,Steel Manufacturing & Mining,4.31,-0.22,-6.05,-13.69,14.67,13.24,16.01,12.0,SIDEWAYS,BUY
2026-08-07,Asset Management & Wealth,-1.9,-2.34,-12.26,-15.8,8.46,11.13,-2.08,-6.09,SIDEWAYS,NEUTRAL
2026-08-07,Saw Pipes & Ductile Iron Pipes,5.21,1.07,-5.15,-12.4,15.57,14.54,15.98,11.97,SIDEWAYS,BUY
2026-08-07,Aerospace & Defence,4.68,-2.78,-5.68,-16.24,15.04,10.69,9.43,5.42,SIDEWAYS,WATCH
2026-08-07,Heavy Electrical Equipment,6.12,3.14,-4.24,-10.33,16.48,16.61,20.18,16.17,SIDEWAYS,BUY
2026-08-07,Paper & Paper Products,-1.53,-3.5,-11.89,-16.97,8.83,9.97,-4.44,-8.45,SIDEWAYS,NEUTRAL
2026-08-07,Roads & Highways EPC,-2.36,-0.46,-12.72,-13.92,8.0,13.01,-10.59,-14.6,SIDEWAYS,AVOID
2026-08-07,Dairy Products,-3.79,-3.4,-14.15,-16.86,6.57,10.07,-9.48,-13.49,SIDEWAYS,AVOID
2026-08-07,Footwear,-8.31,0.43,-18.67,-13.03,2.05,13.9,-19.08,-23.09,SIDEWAYS,AVOID
2026-08-07,Financial Services,-0.78,-2.98,-11.14,-16.45,9.58,10.49,-2.45,-6.46,SIDEWAYS,NEUTRAL
2026-08-07,Banks,-1.46,-3.0,-11.82,-16.47,8.9,10.47,1.55,-2.46,SIDEWAYS,NEUTRAL
2026-08-07,Asset Management Company (AMC),-5.29,-3.33,-15.65,-16.8,5.07,10.14,-9.24,-13.25,SIDEWAYS,AVOID
2026-08-07,Iron & Steel,2.34,-2.81,-8.02,-16.28,12.7,10.66,6.32,2.31,SIDEWAYS,WATCH
2026-08-07,Consumer Durables,-0.69,-2.66,-11.05,-16.13,9.67,10.8,1.02,-2.99,SIDEWAYS,NEUTRAL
2026-08-07,Pharmaceuticals,-3.11,-3.44,-13.47,-16.91,7.25,10.03,-2.5,-6.51,SIDEWAYS,NEUTRAL
2026-08-07,"Logistics, Ports & Supply Chain",-1.39,-2.98,-11.75,-16.45,8.97,10.49,-1.81,-5.82,SIDEWAYS,NEUTRAL
2026-08-07,Logistics & Transportation,0.87,-2.87,-9.49,-16.34,11.23,10.59,-0.3,-4.31,SIDEWAYS,NEUTRAL
2026-08-07,Oil Gas & Consumable Fuels,-3.7,2.48,-14.06,-10.99,6.66,15.95,2.48,-1.53,SIDEWAYS,NEUTRAL
2026-08-07,Structural Steel Tubes & Pipes,4.68,6.91,-5.68,-6.56,15.04,20.38,17.84,13.83,SIDEWAYS,REDUCE
2026-08-07,Railways,-2.53,-2.34,-12.89,-15.8,7.83,11.13,-1.59,-5.6,SIDEWAYS,NEUTRAL
2026-08-07,Railway Infrastructure,-6.47,0.14,-16.83,-13.33,3.89,13.61,-16.18,-20.19,SIDEWAYS,AVOID
2026-08-07,Healthcare,1.85,-2.58,-8.51,-16.05,12.21,10.88,4.52,0.51,SIDEWAYS,WATCH
2026-08-07,Oil Exploration & Refining,-4.72,-2.81,-15.08,-16.28,5.64,10.66,-7.21,-11.22,SIDEWAYS,AVOID
2026-08-07,Telecommunication,-8.14,-2.42,-18.5,-15.89,2.22,11.05,-12.73,-16.74,SIDEWAYS,AVOID
2026-08-07,Capital Markets & Asset Management,-7.14,-3.57,-17.5,-17.03,3.22,9.9,-13.78,-17.79,SIDEWAYS,AVOID
2026-08-07,Tea & Coffee,-6.04,-3.5,-16.4,-16.97,4.32,9.97,-10.71,-14.72,SIDEWAYS,AVOID
2026-08-07,Breweries & Distilleries,-0.64,-2.09,-11.0,-15.55,9.72,11.38,1.35,-2.66,SIDEWAYS,NEUTRAL
2026-08-07,Copper Mining,7.36,1.76,-3.0,-11.71,17.72,15.22,21.93,17.92,SIDEWAYS,NEUTRAL
2026-08-07,Diversified Retail,-4.93,-3.23,-15.29,-16.7,5.43,10.24,-11.66,-15.67,SIDEWAYS,AVOID
2026-08-07,Residential & Commercial Real Estate,-3.42,-3.73,-13.78,-17.2,6.94,9.74,-8.67,-12.68,SIDEWAYS,AVOID
2026-08-07,Textiles & Apparel,0.04,-3.4,-10.32,-16.87,10.4,10.07,-1.28,-5.29,SIDEWAYS,NEUTRAL
2026-08-07,Lubricants & Specialty Oils,0.83,-2.34,-9.53,-15.8,11.19,11.13,2.18,-1.83,SIDEWAYS,WATCH
2026-08-07,Hospitals & Diagnostic Centres,-1.83,-3.44,-12.19,-16.91,8.53,10.03,-1.66,-5.67,SIDEWAYS,NEUTRAL
2026-08-07,Utilities,-10.21,0.43,-20.57,-13.03,0.15,13.9,-22.52,-26.53,SIDEWAYS,AVOID
2026-08-07,Tractors & Farm Equipment,-2.57,-1.49,-12.93,-14.95,7.79,11.98,2.38,-1.63,SIDEWAYS,NEUTRAL
2026-08-07,"Plywood, MDF & Laminates",0.21,-3.23,-10.15,-16.7,10.57,10.24,0.78,-3.23,SIDEWAYS,NEUTRAL
2026-08-07,Passenger Cars & Utility Vehicles,-0.11,2.99,-10.47,-10.48,10.25,16.46,10.35,6.34,SIDEWAYS,NEUTRAL
2026-08-07,Air Conditioners & Appliances,-4.15,0.77,-14.51,-12.7,6.21,14.24,-10.63,-14.64,SIDEWAYS,AVOID
2026-08-07,Rubber Chemicals,-8.69,0.43,-19.05,-13.03,1.67,13.9,-19.56,-23.57,SIDEWAYS,AVOID
2026-08-07,Agrochemicals & Pesticides,-10.03,0.43,-20.39,-13.03,0.33,13.9,-19.21,-23.22,SIDEWAYS,AVOID
2026-08-07,Pumps & Compressors,-4.64,-3.23,-15.0,-16.7,5.72,10.24,-7.71,-11.72,SIDEWAYS,AVOID
2026-08-07,Aluminium & Mining,2.06,-2.04,-8.3,-15.51,12.42,11.43,3.39,-0.62,SIDEWAYS,WATCH
2026-08-07,Media & Entertainment,-2.17,-3.4,-12.53,-16.86,8.19,10.07,-4.55,-8.56,SIDEWAYS,NEUTRAL
2026-08-07,Power,1.41,-2.34,-8.95,-15.8,11.77,11.13,3.04,-0.97,SIDEWAYS,WATCH
2026-08-07,Paints & Coatings,7.25,2.48,-3.11,-10.99,17.61,15.95,16.44,12.43,SIDEWAYS,BUY
2026-08-07,Pipes & Tubes,-0.73,-3.28,-11.09,-16.75,9.63,10.18,-2.36,-6.37,SIDEWAYS,NEUTRAL
2026-08-07,Wires & Cables,2.74,-2.82,-7.62,-16.28,13.1,10.65,4.64,0.63,SIDEWAYS,WATCH
2026-08-07,Cement & Clinker,-0.92,-3.77,-11.28,-17.24,9.44,9.7,-5.63,-9.64,SIDEWAYS,NEUTRAL
2026-08-07,Project Management & Civil Construction,-7.78,-0.42,-18.14,-13.89,2.58,13.05,-18.38,-22.39,SIDEWAYS,AVOID
2026-08-07,Plastic Pipes & Moulded Products,-7.73,0.43,-18.09,-13.03,2.63,13.9,-18.64,-22.65,SIDEWAYS,AVOID
2026-08-07,Pharmaceuticals & Biotechnology,-0.94,-3.0,-11.3,-16.47,9.42,10.47,1.41,-2.6,SIDEWAYS,NEUTRAL
2026-08-07,Capital Goods,1.36,-2.89,-9.0,-16.35,11.72,10.58,5.04,1.03,SIDEWAYS,NEUTRAL
2026-08-07,Cement,-2.5,-2.62,-12.86,-16.09,7.86,10.85,-5.62,-9.63,SIDEWAYS,AVOID
2026-08-07,Chemicals,-0.38,-3.57,-10.74,-17.03,9.98,9.9,-3.57,-7.58,SIDEWAYS,NEUTRAL
2026-08-07,Civil Construction & Infrastructure EPC,-3.36,-3.98,-13.72,-17.45,7.0,9.49,-10.43,-14.44,SIDEWAYS,AVOID
2026-08-07,API & CDMO / CRAMS,2.61,-1.62,-7.75,-15.09,12.97,11.85,5.68,1.67,SIDEWAYS,WATCH
2026-08-07,Services,-4.27,-1.85,-14.63,-15.31,6.09,11.62,-2.79,-6.8,SIDEWAYS,NEUTRAL
2026-08-07,Auto Glass,6.37,-0.22,-3.99,-13.69,16.73,13.24,14.44,10.43,SIDEWAYS,BUY
2026-08-07,Wealth & Asset Management,6.33,-0.22,-4.03,-13.69,16.69,13.24,18.53,14.52,SIDEWAYS,BUY
2026-08-07,"Textiles, Yarns & Apparel",-1.37,-3.57,-11.73,-17.03,8.99,9.9,-4.61,-8.62,SIDEWAYS,NEUTRAL
2026-08-07,Transformers & T&D Equipment,3.99,-2.5,-6.37,-15.96,14.35,10.97,12.07,8.06,SIDEWAYS,BUY
2026-08-07,Ship Building & Defence,-4.76,-0.46,-15.12,-13.92,5.6,13.01,-13.19,-17.2,SIDEWAYS,AVOID
2026-08-07,Railway Wagons & Equipment,-3.46,-3.33,-13.82,-16.8,6.9,10.14,-10.62,-14.63,SIDEWAYS,AVOID
2026-08-07,Hospitals & Healthcare Services,8.18,-2.92,-2.18,-16.39,18.54,10.55,21.24,17.23,SIDEWAYS,WATCH
2026-08-07,Packaged Foods & FMCG Staples,-4.56,-3.57,-14.92,-17.03,5.8,9.9,-10.22,-14.23,SIDEWAYS,AVOID
2026-08-07,Railway Financing,-8.3,-0.46,-18.66,-13.92,2.06,13.01,-17.11,-21.12,SIDEWAYS,AVOID
2026-08-07,Packaged Foods & Consumer Staples,-0.67,-3.26,-11.03,-16.73,9.69,10.21,-1.65,-5.66,SIDEWAYS,NEUTRAL
2026-08-07,Superalloys & Special Metals,7.93,-0.22,-2.43,-13.69,18.29,13.24,18.0,13.99,SIDEWAYS,BUY
2026-08-07,Civil Buildings & Commercial EPC,-8.09,-0.46,-18.45,-13.92,2.27,13.01,-18.39,-22.4,SIDEWAYS,AVOID
2026-08-07,Zinc & Silver Mining,9.05,-2.96,-1.31,-16.43,19.41,10.51,22.69,18.68,SIDEWAYS,WATCH
2026-08-07,Specialty Chemicals,2.19,-3.44,-8.17,-16.91,12.55,10.03,4.74,0.73,SIDEWAYS,WATCH
2026-08-07,Power Generation & Utilities,-8.07,-2.75,-18.43,-16.22,2.29,10.72,-14.61,-18.62,SIDEWAYS,AVOID
2026-08-10,Consumer Services,-2.16,-3.56,-12.52,-17.03,8.2,9.91,-0.62,-4.63,SIDEWAYS,NEUTRAL
2026-08-10,"Hotels, Resorts & QSR",-3.14,-3.23,-13.5,-16.7,7.22,10.24,-7.73,-11.74,SIDEWAYS,AVOID
2026-08-10,Edible Oils,-8.98,1.51,-19.34,-11.96,1.38,14.97,-18.66,-22.67,SIDEWAYS,AVOID
2026-08-10,Paints & Coatings,2.28,2.48,-8.08,-10.99,12.64,15.95,16.19,12.18,SIDEWAYS,BUY
2026-08-10,Aerospace & Defence,7.34,-2.32,-3.02,-15.79,17.7,11.15,15.8,11.79,SIDEWAYS,BUY
2026-08-10,Residential & Commercial Real Estate,-4.13,-3.46,-14.49,-16.93,6.23,10.01,-8.28,-12.29,SIDEWAYS,AVOID
2026-08-10,Structural Steel Tubes & Pipes,4.39,5.51,-5.97,-7.96,14.75,18.97,19.84,15.83,SIDEWAYS,REDUCE
2026-08-10,Tyres & Rubber Products,-3.65,-1.85,-14.01,-15.31,6.71,11.62,-2.05,-6.06,SIDEWAYS,NEUTRAL
2026-08-10,Wealth & Asset Management,5.29,0.23,-5.07,-13.24,15.65,13.7,16.29,12.28,SIDEWAYS,BUY
2026-08-10,Microfinance NBFC,-2.18,2.06,-12.54,-11.4,8.18,15.53,0.68,-3.33,SIDEWAYS,NEUTRAL
2026-08-10,Auto Parts & Equipment,3.46,-2.78,-6.9,-16.24,13.82,10.69,10.9,6.89,SIDEWAYS,NEUTRAL
2026-08-10,Capital Goods,0.52,-2.72,-9.84,-16.19,10.88,10.75,4.2,0.19,SIDEWAYS,NEUTRAL
2026-08-10,Telecom Services & Infrastructure,-3.79,-3.23,-14.15,-16.7,6.57,10.24,-4.15,-8.16,SIDEWAYS,NEUTRAL
2026-08-10,Passenger Cars & Utility Vehicles,-0.41,2.48,-10.77,-10.99,9.95,15.95,9.67,5.66,SIDEWAYS,NEUTRAL
2026-08-10,Pharmaceuticals & Biotechnology,1.75,-3.0,-8.61,-16.47,12.11,10.47,5.12,1.11,SIDEWAYS,WATCH
2026-08-10,Dairy Products,-3.48,-3.4,-13.84,-16.86,6.88,10.07,-10.48,-14.49,SIDEWAYS,AVOID
2026-08-10,Hotels & Restaurants,-7.75,-3.44,-18.11,-16.91,2.61,10.03,-14.69,-18.7,SIDEWAYS,AVOID
2026-08-10,Packaged Foods & Consumer Staples,-3.97,-3.5,-14.33,-16.97,6.39,9.97,-6.62,-10.63,SIDEWAYS,AVOID
2026-08-10,Specialty Chemicals,-0.57,-3.44,-10.93,-16.91,9.79,10.03,1.31,-2.7,SIDEWAYS,NEUTRAL
2026-08-10,Oil Gas & Consumable Fuels,-4.91,-0.82,-15.27,-14.29,5.45,12.64,-0.28,-4.29,SIDEWAYS,NEUTRAL
2026-08-10,Agrochemicals & Pesticides,-9.18,0.43,-19.54,-13.03,1.18,13.9,-17.58,-21.59,SIDEWAYS,AVOID
2026-08-10,Bearings & Friction Solutions,-0.85,-2.98,-11.21,-16.45,9.51,10.49,-0.57,-4.58,SIDEWAYS,NEUTRAL
2026-08-10,Zinc & Silver Mining,8.49,-2.19,-1.87,-15.66,18.85,11.28,21.33,17.32,SIDEWAYS,WATCH
2026-08-10,Auto Glass,3.41,0.23,-6.95,-13.24,13.77,13.7,14.35,10.34,SIDEWAYS,BUY
2026-08-10,Renewable Energy,-6.2,-2.63,-16.56,-16.09,4.16,10.84,-16.0,-20.01,SIDEWAYS,AVOID
2026-08-10,Water & Wastewater Treatment,-4.68,-3.22,-15.04,-16.69,5.68,10.25,-12.35,-16.36,SIDEWAYS,AVOID
2026-08-10,Superalloys & Special Metals,8.62,-0.22,-1.74,-13.69,18.98,13.24,19.59,15.58,SIDEWAYS,BUY
2026-08-10,Packaging & Containers,3.44,-0.38,-6.92,-13.84,13.8,13.09,9.72,5.71,SIDEWAYS,WATCH
2026-08-10,Diversified & Fashion Retail,-1.89,-3.23,-12.25,-16.7,8.47,10.24,-7.41,-11.42,SIDEWAYS,AVOID
2026-08-10,Railway Financing,-8.23,-0.46,-18.59,-13.92,2.13,13.01,-16.84,-20.85,SIDEWAYS,AVOID
2026-08-10,Asset Management & Wealth,-2.76,-2.34,-13.12,-15.8,7.6,11.13,-2.8,-6.81,SIDEWAYS,NEUTRAL
2026-08-10,Ship Building & Defence,-1.7,-3.69,-12.06,-17.16,8.66,9.78,-7.66,-11.67,SIDEWAYS,AVOID
2026-08-10,Renewable Energy - Solar & Wind,-6.16,-3.4,-16.52,-16.86,4.2,10.07,-13.37,-17.38,SIDEWAYS,AVOID
2026-08-10,Water & Wastewater Treatment,-10.27,0.43,-20.63,-13.03,0.09,13.9,-17.96,-21.97,SIDEWAYS,AVOID
2026-08-10,Pipes & Tubes,-0.76,-3.61,-11.12,-17.08,9.6,9.86,-1.65,-5.66,SIDEWAYS,NEUTRAL
2026-08-10,Civil Construction & Infrastructure EPC,-3.96,-3.98,-14.32,-17.45,6.4,9.49,-10.17,-14.18,SIDEWAYS,AVOID
2026-08-10,Plastic Pipes & Moulded Products,-8.18,0.43,-18.54,-13.03,2.18,13.9,-19.06,-23.07,SIDEWAYS,AVOID
2026-08-10,Air Conditioners & AC Components,-6.92,2.06,-17.28,-11.41,3.44,15.52,-11.0,-15.01,SIDEWAYS,AVOID
2026-08-10,Air Conditioners & AC Components,-3.09,-3.4,-13.45,-16.86,7.27,10.07,-9.94,-13.95,SIDEWAYS,AVOID
2026-08-10,Railway Telecom,-9.3,0.43,-19.66,-13.03,1.06,13.9,-18.36,-22.37,SIDEWAYS,AVOID
2026-08-10,Transformers & T&D Equipment,2.93,-2.5,-7.43,-15.96,13.29,10.97,8.48,4.47,SIDEWAYS,WATCH
2026-08-10,API & CDMO / CRAMS,0.47,-1.85,-9.89,-15.31,10.83,11.62,3.58,-0.43,SIDEWAYS,NEUTRAL
2026-08-10,"Textiles, Yarns & Apparel",-0.56,-3.86,-10.92,-17.33,9.8,9.61,-1.41,-5.42,SIDEWAYS,NEUTRAL
2026-08-10,Plastic Pipes & Fittings,-3.21,-3.69,-13.57,-17.16,7.15,9.78,-5.12,-9.13,SIDEWAYS,NEUTRAL
2026-08-10,Aluminium & Mining,6.15,-0.31,-4.21,-13.78,16.51,13.16,12.31,8.3,SIDEWAYS,BUY
2026-08-10,Steel Manufacturing & Mining,6.15,0.3,-4.21,-13.17,16.51,13.77,18.84,14.83,SIDEWAYS,STRONG BUY
2026-08-10,Healthcare,6.82,-1.37,-3.54,-14.83,17.18,12.1,14.31,10.3,SIDEWAYS,BUY
2026-08-10,Breweries & Distilleries,0.59,-2.09,-9.77,-15.55,10.95,11.38,2.51,-1.5,SIDEWAYS,WATCH
2026-08-10,Civil Construction & Infrastructure,-1.58,-3.46,-11.94,-16.93,8.78,10.01,-5.95,-9.96,SIDEWAYS,NEUTRAL
2026-08-10,Asset Management Company (AMC),-5.04,-3.33,-15.4,-16.8,5.32,10.14,-9.01,-13.02,SIDEWAYS,AVOID
2026-08-10,Pumps & Compressors,-0.79,-1.85,-11.15,-15.31,9.57,11.62,-3.89,-7.9,SIDEWAYS,NEUTRAL
2026-08-10,Construction Materials,11.27,-3.0,0.91,-16.47,21.63,10.46,25.66,21.65,SIDEWAYS,WATCH
2026-08-10,Sugar & Bio-Ethanol,2.52,-1.47,-7.84,-14.94,12.88,12.0,6.4,2.39,SIDEWAYS,WATCH
2026-08-10,"Plywood, MDF & Laminates",-0.86,-3.23,-11.22,-16.7,9.5,10.24,-3.22,-7.23,SIDEWAYS,NEUTRAL
2026-08-10,Automobile OEMs,-1.11,-2.84,-11.47,-16.31,9.25,10.63,3.31,-0.7,SIDEWAYS,NEUTRAL
2026-08-10,Heavy Electrical Equipment,7.54,2.48,-2.82,-10.99,17.9,15.95,18.9,14.89,SIDEWAYS,BUY
2026-08-10,Software Products & Digital Services,-1.72,-3.44,-12.08,-16.91,8.64,10.03,-1.25,-5.26,SIDEWAYS,NEUTRAL
2026-08-10,Batteries,8.59,0.17,-1.77,-13.3,18.95,13.63,19.52,15.51,SIDEWAYS,BUY
2026-08-10,Lubricants & Specialty Oils,1.42,-2.34,-8.94,-15.8,11.78,11.13,3.28,-0.73,SIDEWAYS,WATCH
2026-08-10,Footwear,-5.71,0.76,-16.07,-12.71,4.65,14.23,-15.94,-19.95,SIDEWAYS,AVOID
2026-08-10,Financial Services,-4.09,-2.45,-14.45,-15.92,6.27,11.02,-3.74,-7.75,SIDEWAYS,NEUTRAL
2026-08-10,Railway Infrastructure,-9.76,0.43,-20.12,-13.03,0.6,13.9,-17.28,-21.29,SIDEWAYS,AVOID
2026-08-10,Pharmaceuticals,1.51,-2.15,-8.85,-15.61,11.87,11.32,3.24,-0.77,SIDEWAYS,WATCH
2026-08-10,IT Consulting & Software,-6.05,-3.4,-16.41,-16.87,4.31,10.07,-10.6,-14.61,SIDEWAYS,AVOID
2026-08-10,"Logistics, Ports & Supply Chain",-4.57,-2.81,-14.93,-16.28,5.79,10.66,-3.29,-7.3,SIDEWAYS,NEUTRAL
2026-08-10,Diagnostic & Healthcare Laboratories,-6.62,0.4,-16.98,-13.07,3.74,13.87,-13.17,-17.18,SIDEWAYS,AVOID
2026-08-10,Railway Wagons & Equipment,-10.48,0.43,-20.84,-13.03,-0.12,13.9,-18.44,-22.45,SIDEWAYS,AVOID
2026-08-10,Batteries,-6.62,0.43,-16.98,-13.03,3.74,13.9,-9.61,-13.62,SIDEWAYS,AVOID
2026-08-10,Gas Distribution,-9.69,0.43,-20.05,-13.03,0.67,13.9,-16.73,-20.74,SIDEWAYS,AVOID
2026-08-10,Fertilizers & Agrochemicals,-6.91,-3.6,-17.27,-17.07,3.45,9.87,-13.8,-17.81,SIDEWAYS,AVOID
2026-08-10,Batteries & Energy Storage,-7.27,1.43,-17.63,-12.04,3.09,14.9,-13.77,-17.78,SIDEWAYS,AVOID
2026-08-10,Railway Ticketing & Catering,-7.55,0.43,-17.91,-13.03,2.81,13.9,-13.75,-17.76,SIDEWAYS,AVOID
2026-08-10,Data Centers & Real Estate,-2.57,1.91,-12.93,-11.56,7.79,15.38,5.09,1.08,SIDEWAYS,NEUTRAL
2026-08-10,Iron & Steel,1.98,-2.93,-8.38,-16.4,12.34,10.54,6.06,2.05,SIDEWAYS,WATCH
2026-08-10,Textiles,7.1,1.91,-3.26,-11.56,17.46,15.38,16.1,12.09,SIDEWAYS,BUY
2026-08-10,Roads & Highways EPC,-6.49,-0.49,-16.85,-13.96,3.87,12.98,-15.08,-19.09,SIDEWAYS,AVOID
2026-08-10,Paper & Paper Products,-1.62,-2.98,-11.98,-16.45,8.74,10.49,-2.04,-6.05,SIDEWAYS,NEUTRAL
2026-08-10,Oil Exploration & Refining,-5.1,-3.22,-15.46,-16.68,5.26,10.25,-7.78,-11.79,SIDEWAYS,AVOID
2026-08-10,Telecommunication,-7.45,-2.42,-17.81,-15.89,2.91,11.05,-11.76,-15.77,SIDEWAYS,AVOID
2026-08-10,Fertilizers,-7.46,-0.42,-17.82,-13.89,2.9,13.05,-16.59,-20.6,SIDEWAYS,AVOID
2026-08-10,Rubber Chemicals,-10.76,0.43,-21.12,-13.03,-0.4,13.9,-19.09,-23.1,SIDEWAYS,AVOID
2026-08-10,Auto Lighting,8.43,1.76,-1.93,-11.71,18.79,15.22,22.44,18.43,SIDEWAYS,WATCH
2026-08-10,Tractors & Farm Equipment,-2.07,-0.76,-12.43,-14.23,8.29,12.71,0.6,-3.41,SIDEWAYS,NEUTRAL
2026-08-10,Utilities,-8.42,0.4,-18.78,-13.07,1.94,13.87,-20.27,-24.28,SIDEWAYS,AVOID
2026-08-10,Travel Tech SaaS Solutions,4.04,3.74,-6.32,-9.72,14.4,17.21,17.63,13.62,SIDEWAYS,REDUCE
2026-08-10,Hospitals & Diagnostic Centres,1.16,-3.44,-9.2,-16.91,11.52,10.03,3.39,-0.62,SIDEWAYS,WATCH
2026-08-10,Copper & Non-Ferrous Metals,7.21,0.23,-3.15,-13.24,17.57,13.7,22.01,18.0,SIDEWAYS,BUY
2026-08-10,Textiles & Apparel,-2.0,-3.4,-12.36,-16.86,8.36,10.07,-3.48,-7.49,SIDEWAYS,NEUTRAL
2026-08-10,Power Sector Financing NBFC,-7.15,2.06,-17.51,-11.41,3.21,15.52,-10.81,-14.82,SIDEWAYS,AVOID
2026-08-10,Non Banking Financial Company (NBFC),-4.59,-3.19,-14.95,-16.65,5.77,10.28,-4.74,-8.75,SIDEWAYS,NEUTRAL
2026-08-10,Media & Entertainment,-4.42,-3.4,-14.78,-16.86,5.94,10.07,-6.42,-10.43,SIDEWAYS,AVOID
2026-08-10,Power Generation & Distribution,-7.62,-0.46,-17.98,-13.92,2.74,13.01,-18.16,-22.17,SIDEWAYS,AVOID
2026-08-10,Packaging Materials & Containers,-1.95,-1.94,-12.31,-15.4,8.41,11.53,-4.55,-8.56,SIDEWAYS,NEUTRAL
2026-08-10,Services,-5.48,-2.81,-15.84,-16.28,4.88,10.66,-4.64,-8.65,SIDEWAYS,NEUTRAL
2026-08-10,Saw Pipes & Ductile Iron Pipes,7.56,1.07,-2.8,-12.4,17.92,14.54,19.53,15.52,SIDEWAYS,BUY
2026-08-10,Plywood & Boards,6.66,-0.22,-3.7,-13.69,17.02,13.24,15.09,11.08,SIDEWAYS,BUY
2026-08-10,Chemicals,-4.5,-3.57,-14.86,-17.03,5.86,9.9,-7.38,-11.39,SIDEWAYS,AVOID
2026-08-10,Railway Infrastructure & Consulting,-5.93,-0.46,-16.29,-13.92,4.43,13.01,-15.61,-19.62,SIDEWAYS,AVOID
2026-08-10,Commodity Chemicals,-2.34,-3.56,-12.7,-17.03,8.02,9.9,-2.8,-6.81,SIDEWAYS,NEUTRAL
2026-08-10,Electronic Manufacturing Services (EMS),-9.67,0.43,-20.03,-13.03,0.69,13.9,-19.91,-23.92,SIDEWAYS,AVOID
2026-08-10,Electronic Manufacturing Services (EMS),-8.46,0.43,-18.82,-13.03,1.9,13.9,-13.81,-17.82,SIDEWAYS,AVOID
2026-08-10,Electronic Manufacturing Services (EMS),9.23,-2.04,-1.13,-15.51,19.59,11.43,20.22,16.21,SIDEWAYS,BUY
2026-08-10,Automobile and Auto Components,3.28,-1.91,-7.08,-15.38,13.64,11.56,10.05,6.04,SIDEWAYS,NEUTRAL
2026-08-10,Project Management & Civil Construction,-8.71,-0.42,-19.07,-13.89,1.65,13.05,-19.27,-23.28,SIDEWAYS,AVOID
2026-08-10,Renewable Energy Financing NBFC,-8.12,0.43,-18.48,-13.03,2.24,13.9,-16.38,-20.39,SIDEWAYS,AVOID
2026-08-10,Civil Buildings & Commercial EPC,-8.55,-0.49,-18.91,-13.96,1.81,12.98,-18.44,-22.45,SIDEWAYS,AVOID
2026-08-10,Construction,-0.24,-2.26,-10.6,-15.73,10.12,11.2,1.05,-2.96,SIDEWAYS,WATCH
2026-08-10,Hospitals & Healthcare Services,7.22,-2.19,-3.14,-15.66,17.58,11.28,20.5,16.49,SIDEWAYS,NEUTRAL
2026-08-10,Internet & Digital Platforms,-1.22,-3.33,-11.58,-16.8,9.14,10.13,-2.65,-6.66,SIDEWAYS,NEUTRAL
2026-08-10,Power Generation & Utilities,-7.63,-2.75,-17.99,-16.22,2.73,10.72,-13.87,-17.88,SIDEWAYS,AVOID
2026-08-10,Media Entertainment & Publication,-3.11,-1.91,-13.47,-15.38,7.25,11.55,-0.53,-4.54,SIDEWAYS,NEUTRAL
2026-08-10,Cement & Clinker,-5.59,-4.15,-15.95,-17.62,4.77,9.32,-12.36,-16.37,SIDEWAYS,AVOID
2026-08-10,Consumer Durables,-2.54,-2.66,-12.9,-16.13,7.82,10.8,1.86,-2.15,SIDEWAYS,NEUTRAL
2026-08-10,Realty,-4.97,0.4,-15.33,-13.07,5.39,13.87,-13.92,-17.93,SIDEWAYS,AVOID
2026-08-10,Insurance,-5.76,-3.23,-16.12,-16.7,4.6,10.24,-9.66,-13.67,SIDEWAYS,AVOID
2026-08-10,Housing & Urban Infrastructure Financing,-8.09,-0.46,-18.45,-13.92,2.27,13.01,-18.51,-22.52,SIDEWAYS,AVOID
2026-08-10,Railways,-6.68,-2.34,-17.04,-15.8,3.68,11.13,-7.22,-11.23,SIDEWAYS,AVOID
2026-08-10,Fast Moving Consumer Goods,-3.79,-3.57,-14.15,-17.03,6.57,9.9,-7.57,-11.58,SIDEWAYS,AVOID
2026-08-10,Capital Markets & Asset Management,-3.74,-3.49,-14.1,-16.96,6.62,9.98,-8.36,-12.37,SIDEWAYS,AVOID
2026-08-10,Metals & Mining,-1.71,-1.91,-12.07,-15.38,8.65,11.56,3.41,-0.6,SIDEWAYS,NEUTRAL
2026-08-10,Gas Transmission & Distribution,-7.42,-3.23,-17.78,-16.7,2.94,10.24,-12.45,-16.46,SIDEWAYS,AVOID
2026-08-10,Banks,-0.81,-2.78,-11.17,-16.24,9.55,10.69,2.71,-1.3,SIDEWAYS,NEUTRAL
2026-08-10,Information Technology,-0.82,-1.91,-11.18,-15.38,9.54,11.55,0.3,-3.71,SIDEWAYS,NEUTRAL
2026-08-10,Packaged Foods & FMCG Staples,-5.52,-3.57,-15.88,-17.03,4.84,9.9,-9.88,-13.89,SIDEWAYS,AVOID
2026-08-10,Air Conditioners & Appliances,-9.27,0.43,-19.63,-13.03,1.09,13.9,-17.94,-21.95,SIDEWAYS,AVOID
2026-08-10,Mining & Mineral Products,-0.5,-2.09,-10.86,-15.55,9.86,11.38,1.37,-2.64,SIDEWAYS,NEUTRAL
2026-08-10,Power,-5.86,-1.5,-16.22,-14.97,4.5,11.96,-6.06,-10.07,SIDEWAYS,AVOID
2026-08-10,Diversified Retail,-4.78,-3.23,-15.14,-16.7,5.58,10.24,-11.18,-15.19,SIDEWAYS,AVOID
2026-08-10,Stockbroking & Financial Products,-7.53,-3.11,-17.89,-16.58,2.83,10.36,-10.48,-14.49,SIDEWAYS,AVOID
2026-08-10,Ceramics & Tiles,-6.07,-2.75,-16.43,-16.22,4.29,10.72,-13.12,-17.13,SIDEWAYS,AVOID
2026-08-10,Wires & Cables,2.44,-2.65,-7.92,-16.12,12.8,10.82,4.87,0.86,SIDEWAYS,WATCH
2026-08-10,Copper Mining,9.9,1.76,-0.46,-11.71,20.26,15.22,23.12,19.11,SIDEWAYS,WATCH
2026-08-10,Tea & Coffee,-3.9,-3.5,-14.26,-16.97,6.46,9.97,-7.53,-11.54,SIDEWAYS,AVOID
2026-08-10,Affordable Housing Finance Company,-7.1,0.66,-17.46,-12.81,3.26,14.13,-15.46,-19.47,SIDEWAYS,AVOID
2026-08-10,Logistics & Transportation,-2.95,-3.33,-13.31,-16.8,7.41,10.13,-4.79,-8.8,SIDEWAYS,NEUTRAL
2026-08-10,Diversified Commercial,-1.18,-3.27,-11.54,-16.74,9.18,10.2,-0.77,-4.78,SIDEWAYS,NEUTRAL
2026-08-10,Cement,3.08,-2.02,-7.28,-15.49,13.44,11.44,3.81,-0.2,SIDEWAYS,WATCH
2026-08-10,Paints,2.87,-1.92,-7.49,-15.38,13.23,11.55,5.05,1.04,SIDEWAYS,WATCH
2026-08-10,Explosives & Defence Chemicals,0.52,0.3,-9.84,-13.17,10.88,13.77,9.21,5.2,SIDEWAYS,NEUTRAL
2026-08-11,Diversified Commercial,-1.16,-3.27,-11.52,-16.74,9.2,10.2,-0.92,-4.93,SIDEWAYS,NEUTRAL
2026-08-11,Power,-6.96,-3.16,-17.32,-16.63,3.4,10.3,-8.58,-12.59,SIDEWAYS,AVOID
2026-08-11,"Textiles, Yarns & Apparel",-6.03,-3.4,-16.39,-16.87,4.33,10.07,-7.54,-11.55,SIDEWAYS,AVOID
2026-08-11,Specialty Chemicals,-1.26,-2.75,-11.62,-16.22,9.1,10.72,1.89,-2.12,SIDEWAYS,NEUTRAL
2026-08-11,Packaging & Containers,9.42,3.14,-0.94,-10.33,19.78,16.61,21.41,17.4,SIDEWAYS,BUY
2026-08-11,Hospitals & Healthcare Services,6.18,-0.22,-4.18,-13.69,16.54,13.24,19.91,15.9,SIDEWAYS,STRONG BUY
2026-08-11,Commodity Chemicals,-2.21,-3.19,-12.57,-16.65,8.15,10.28,-3.74,-7.75,SIDEWAYS,NEUTRAL
2026-08-11,Superalloys & Special Metals,7.42,-0.22,-2.94,-13.69,17.78,13.24,16.83,12.82,SIDEWAYS,BUY
2026-08-11,Power Generation & Utilities,-8.95,-2.75,-19.31,-16.22,1.41,10.72,-14.45,-18.46,SIDEWAYS,AVOID
2026-08-11,Diversified & Fashion Retail,-8.6,-2.75,-18.96,-16.22,1.76,10.72,-13.72,-17.73,SIDEWAYS,AVOID
2026-08-11,Ship Building & Defence,-6.21,-0.46,-16.57,-13.92,4.15,13.01,-15.71,-19.72,SIDEWAYS,AVOID
2026-08-11,Electronic Manufacturing Services (EMS),-6.62,-2.86,-16.98,-16.33,3.74,10.61,-7.81,-11.82,SIDEWAYS,AVOID
2026-08-11,Railway Infrastructure & Consulting,-5.94,-0.26,-16.3,-13.72,4.42,13.21,-16.78,-20.79,SIDEWAYS,AVOID
2026-08-11,Renewable Energy - Solar & Wind,-1.35,-3.4,-11.71,-16.86,9.01,10.07,-7.57,-11.58,SIDEWAYS,AVOID
2026-08-11,Wealth & Asset Management,5.02,-0.22,-5.34,-13.69,15.38,13.24,16.61,12.6,SIDEWAYS,BUY
2026-08-11,Renewable Energy Financing NBFC,-10.09,0.43,-20.45,-13.03,0.27,13.9,-17.7,-21.71,SIDEWAYS,AVOID
2026-08-11,Electronic Manufacturing Services (EMS),-11.19,0.43,-21.55,-13.03,-0.83,13.9,-20.08,-24.09,SIDEWAYS,AVOID
2026-08-11,Air Conditioners & AC Components,-3.72,-3.4,-14.08,-16.86,6.64,10.07,-10.23,-14.24,SIDEWAYS,AVOID
2026-08-11,Hotels & Restaurants,-5.44,-3.6,-15.8,-17.07,4.92,9.86,-12.43,-16.44,SIDEWAYS,AVOID
2026-08-11,Wires & Cables,4.09,-2.66,-6.27,-16.13,14.45,10.8,8.38,4.37,SIDEWAYS,WATCH
2026-08-11,Power Sector Financing NBFC,-9.46,0.43,-19.82,-13.03,0.9,13.9,-16.1,-20.11,SIDEWAYS,AVOID
2026-08-11,Transformers & T&D Equipment,1.78,-2.5,-8.58,-15.96,12.14,10.97,7.88,3.87,SIDEWAYS,NEUTRAL
2026-08-11,Air Conditioners & AC Components,-9.82,0.43,-20.18,-13.03,0.54,13.9,-16.94,-20.95,SIDEWAYS,AVOID
2026-08-11,Packaged Foods & Consumer Staples,-3.0,-3.5,-13.36,-16.97,7.36,9.97,-5.81,-9.82,SIDEWAYS,AVOID
2026-08-11,Services,-3.68,-2.81,-14.04,-16.28,6.68,10.66,-4.17,-8.18,SIDEWAYS,NEUTRAL
2026-08-11,Electronic Manufacturing Services (EMS),7.51,-2.11,-2.85,-15.58,17.87,11.36,16.28,12.27,SIDEWAYS,BUY
2026-08-11,Residential & Commercial Real Estate,0.53,-3.46,-9.83,-16.93,10.89,10.01,-2.92,-6.93,SIDEWAYS,NEUTRAL
2026-08-11,Gas Transmission & Distribution,-7.26,-3.23,-17.62,-16.7,3.1,10.24,-12.63,-16.64,SIDEWAYS,AVOID
2026-08-11,Software Products & Digital Services,-1.61,-3.27,-11.97,-16.74,8.75,10.2,-1.94,-5.95,SIDEWAYS,NEUTRAL
2026-08-11,Oil Exploration & Refining,-1.07,-3.32,-11.43,-16.79,9.29,10.15,-3.36,-7.37,SIDEWAYS,NEUTRAL
2026-08-11,Heavy Electrical Equipment,8.83,2.64,-1.53,-10.83,19.19,16.11,21.34,17.33,SIDEWAYS,WATCH
2026-08-11,"Plywood, MDF & Laminates",-5.2,-3.23,-15.56,-16.7,5.16,10.24,-9.74,-13.75,SIDEWAYS,AVOID
2026-08-11,Hospitals & Diagnostic Centres,-1.14,-3.44,-11.5,-16.91,9.22,10.03,-0.5,-4.51,SIDEWAYS,NEUTRAL
2026-08-11,Tea & Coffee,-6.3,-3.4,-16.66,-16.86,4.06,10.07,-12.12,-16.13,SIDEWAYS,AVOID
2026-08-11,Sugar & Bio-Ethanol,-3.93,-3.19,-14.29,-16.65,6.43,10.28,-1.86,-5.87,SIDEWAYS,NEUTRAL
2026-08-11,Consumer Services,-2.75,-3.56,-13.11,-17.03,7.61,9.91,-4.38,-8.39,SIDEWAYS,NEUTRAL
2026-08-11,Travel Tech SaaS Solutions,-3.76,1.92,-14.12,-11.55,6.6,15.38,2.36,-1.65,SIDEWAYS,NEUTRAL
2026-08-11,Automobile OEMs,1.26,-2.84,-9.1,-16.31,11.62,10.63,5.2,1.19,SIDEWAYS,NEUTRAL
2026-08-11,Aerospace & Defence,5.2,-2.78,-5.16,-16.24,15.56,10.69,10.6,6.59,SIDEWAYS,WATCH
2026-08-11,Paints,0.48,-2.21,-9.88,-15.67,10.84,11.26,3.76,-0.25,SIDEWAYS,NEUTRAL
2026-08-11,Breweries & Distilleries,-0.03,-2.09,-10.39,-15.55,10.33,11.38,2.88,-1.13,SIDEWAYS,NEUTRAL
2026-08-11,"Hotels, Resorts & QSR",-3.29,-3.39,-13.65,-16.86,7.07,10.08,-4.42,-8.43,SIDEWAYS,NEUTRAL
2026-08-11,Automobile and Auto Components,0.74,-2.05,-9.62,-15.52,11.1,11.41,7.05,3.04,SIDEWAYS,NEUTRAL
2026-08-11,Fertilizers,-7.85,-0.42,-18.21,-13.89,2.51,13.05,-17.62,-21.63,SIDEWAYS,AVOID
2026-08-11,Diversified Retail,-0.47,-3.55,-10.83,-17.02,9.89,9.91,-4.76,-8.77,SIDEWAYS,NEUTRAL
2026-08-11,Mining & Mineral Products,-0.93,-2.09,-11.29,-15.55,9.43,11.38,0.73,-3.28,SIDEWAYS,NEUTRAL
2026-08-11,Paper & Paper Products,-3.24,-3.33,-13.6,-16.8,7.12,10.13,-3.53,-7.54,SIDEWAYS,NEUTRAL
2026-08-11,Consumer Durables,-2.41,-2.66,-12.77,-16.13,7.95,10.8,0.65,-3.36,SIDEWAYS,NEUTRAL
2026-08-11,Banks,-2.49,-3.0,-12.85,-16.47,7.87,10.47,-0.18,-4.19,SIDEWAYS,NEUTRAL
2026-08-11,Steel Manufacturing & Mining,4.96,-0.22,-5.4,-13.69,15.32,13.25,17.45,13.44,SIDEWAYS,BUY
2026-08-11,Affordable Housing Finance Company,-3.84,0.43,-14.2,-13.03,6.52,13.9,-13.64,-17.65,SIDEWAYS,AVOID
2026-08-11,Healthcare,5.6,-2.5,-4.76,-15.96,15.96,10.97,11.38,7.37,SIDEWAYS,BUY
2026-08-11,Pumps & Compressors,-3.95,-1.85,-14.31,-15.31,6.41,11.62,-6.28,-10.29,SIDEWAYS,AVOID
2026-08-11,Non Banking Financial Company (NBFC),-1.57,-3.44,-11.93,-16.91,8.79,10.03,-1.97,-5.98,SIDEWAYS,NEUTRAL
2026-08-11,Cement & Clinker,-4.03,-1.41,-14.39,-14.87,6.33,12.06,-10.35,-14.36,SIDEWAYS,AVOID
2026-08-11,Edible Oils,-8.85,0.43,-19.21,-13.03,1.51,13.9,-18.49,-22.5,SIDEWAYS,AVOID
2026-08-11,Pharmaceuticals,4.57,-1.54,-5.79,-15.01,14.93,11.93,7.88,3.87,SIDEWAYS,WATCH
2026-08-11,Roads & Highways EPC,-8.88,0.43,-19.24,-13.03,1.48,13.9,-18.06,-22.07,SIDEWAYS,AVOID
2026-08-11,Power Generation & Distribution,-8.0,-0.46,-18.36,-13.92,2.36,13.01,-17.53,-21.54,SIDEWAYS,AVOID
2026-08-11,Oil Gas & Consumable Fuels,-3.42,3.0,-13.78,-10.47,6.94,16.47,3.13,-0.88,SIDEWAYS,NEUTRAL
2026-08-11,Textiles,8.15,1.91,-2.21,-11.56,18.51,15.38,18.5,14.49,SIDEWAYS,BUY
2026-08-11,Agrochemicals & Pesticides,-8.72,0.43,-19.08,-13.03,1.64,13.9,-16.96,-20.97,SIDEWAYS,AVOID
2026-08-11,Railway Infrastructure,-6.8,0.14,-17.16,-13.33,3.56,13.61,-15.31,-19.32,SIDEWAYS,AVOID
2026-08-11,Telecom Services & Infrastructure,-6.11,-3.23,-16.47,-16.7,4.25,10.24,-7.41,-11.42,SIDEWAYS,AVOID
2026-08-11,Cement,-1.86,-2.62,-12.22,-16.09,8.5,10.85,-4.82,-8.83,SIDEWAYS,NEUTRAL
2026-08-11,Construction Materials,6.67,-0.13,-3.69,-13.6,17.03,13.34,19.51,15.5,SIDEWAYS,BUY
2026-08-11,Copper & Non-Ferrous Metals,7.34,-0.22,-3.02,-13.69,17.7,13.24,21.05,17.04,SIDEWAYS,BUY
2026-08-11,Copper Mining,6.44,2.14,-3.92,-11.33,16.8,15.61,19.26,15.25,SIDEWAYS,BUY
2026-08-11,Gas Distribution,2.7,0.3,-7.66,-13.17,13.06,13.77,6.01,2.0,SIDEWAYS,WATCH
2026-08-11,Explosives & Defence Chemicals,0.03,-0.22,-10.33,-13.69,10.39,13.24,9.27,5.26,SIDEWAYS,NEUTRAL
2026-08-11,Chemicals,-7.13,-3.23,-17.49,-16.7,3.23,10.24,-9.15,-13.16,SIDEWAYS,AVOID
2026-08-11,Packaged Foods & FMCG Staples,-6.14,-3.57,-16.5,-17.03,4.22,9.9,-11.78,-15.79,SIDEWAYS,AVOID
2026-08-11,Saw Pipes & Ductile Iron Pipes,5.32,-0.13,-5.04,-13.6,15.68,13.34,17.14,13.13,SIDEWAYS,BUY
2026-08-11,Auto Glass,2.74,-0.22,-7.62,-13.69,13.1,13.24,14.11,10.1,SIDEWAYS,BUY
2026-08-11,Batteries,-9.1,0.4,-19.46,-13.07,1.26,13.87,-15.3,-19.31,SIDEWAYS,AVOID
2026-08-11,Capital Markets & Asset Management,-4.86,-3.5,-15.22,-16.97,5.5,9.97,-9.36,-13.37,SIDEWAYS,AVOID
2026-08-11,Batteries,8.89,0.17,-1.47,-13.3,19.25,13.63,20.2,16.19,SIDEWAYS,BUY
2026-08-11,Ceramics & Tiles,0.71,-3.22,-9.65,-16.69,11.07,10.25,-2.75,-6.76,SIDEWAYS,NEUTRAL
2026-08-11,Pharmaceuticals & Biotechnology,2.22,-3.0,-8.14,-16.47,12.58,10.47,5.79,1.78,SIDEWAYS,WATCH
2026-08-11,IT Consulting & Software,-5.45,-3.63,-15.81,-17.1,4.91,9.84,-9.7,-13.71,SIDEWAYS,AVOID
2026-08-11,Paints & Coatings,6.77,2.48,-3.59,-10.99,17.13,15.95,22.22,18.21,SIDEWAYS,BUY
2026-08-11,Diagnostic & Healthcare Laboratories,-6.93,-0.46,-17.29,-13.92,3.43,13.01,-14.23,-18.24,SIDEWAYS,AVOID
2026-08-11,Media & Entertainment,-4.57,-3.33,-14.93,-16.8,5.79,10.13,-5.37,-9.38,SIDEWAYS,AVOID
2026-08-11,Structural Steel Tubes & Pipes,7.66,-1.8,-2.7,-15.27,18.02,11.66,21.04,17.03,SIDEWAYS,WATCH
2026-08-11,Plywood & Boards,6.08,0.23,-4.28,-13.24,16.44,13.7,17.75,13.74,SIDEWAYS,BUY
2026-08-11,Rubber Chemicals,-10.74,0.43,-21.1,-13.03,-0.38,13.9,-19.04,-23.05,SIDEWAYS,AVOID
2026-08-11,Water & Wastewater Treatment,-10.7,0.43,-21.06,-13.03,-0.34,13.9,-18.96,-22.97,SIDEWAYS,AVOID
2026-08-11,Housing & Urban Infrastructure Financing,-9.0,-0.46,-19.36,-13.92,1.36,13.01,-18.94,-22.95,SIDEWAYS,AVOID
2026-08-11,Renewable Energy,-6.54,-2.61,-16.9,-16.08,3.82,10.85,-15.12,-19.13,SIDEWAYS,AVOID
2026-08-11,Iron & Steel,0.39,-2.66,-9.97,-16.13,10.75,10.8,3.62,-0.39,SIDEWAYS,NEUTRAL
2026-08-11,Microfinance NBFC,9.2,3.14,-1.16,-10.33,19.56,16.61,20.92,16.91,SIDEWAYS,BUY
2026-08-11,Tyres & Rubber Products,-2.83,-2.09,-13.19,-15.55,7.53,11.38,-1.97,-5.98,SIDEWAYS,NEUTRAL
2026-08-11,Zinc & Silver Mining,6.65,-2.19,-3.71,-15.66,17.01,11.28,21.0,16.99,SIDEWAYS,NEUTRAL
2026-08-11,Pipes & Tubes,-2.64,-3.5,-13.0,-16.97,7.72,9.97,-2.99,-7.0,SIDEWAYS,NEUTRAL
2026-08-11,Bearings & Friction Solutions,0.05,-1.76,-10.31,-15.23,10.41,11.71,1.47,-2.54,SIDEWAYS,WATCH
2026-08-11,Capital Goods,-1.81,-2.75,-12.17,-16.22,8.55,10.72,0.29,-3.72,SIDEWAYS,NEUTRAL
2026-08-11,Telecommunication,-8.29,-2.42,-18.65,-15.89,2.07,11.05,-13.44,-17.45,SIDEWAYS,AVOID
2026-08-11,Air Conditioners & Appliances,-10.51,0.43,-20.87,-13.03,-0.15,13.9,-18.53,-22.54,SIDEWAYS,AVOID
2026-08-11,Internet & Digital Platforms,2.79,-0.79,-7.57,-14.26,13.15,12.68,3.78,-0.23,SIDEWAYS,WATCH
2026-08-11,Tractors & Farm Equipment,-1.43,-1.49,-11.79,-14.95,8.93,11.98,1.09,-2.92,SIDEWAYS,NEUTRAL
2026-08-11,Civil Construction & Infrastructure,-4.04,-3.4,-14.4,-16.87,6.32,10.07,-9.9,-13.91,SIDEWAYS,AVOID
2026-08-11,Utilities,-8.89,0.43,-19.25,-13.03,1.47,13.9,-20.92,-24.93,SIDEWAYS,AVOID
2026-08-11,Civil Buildings & Commercial EPC,-7.32,-0.46,-17.68,-13.92,3.04,13.01,-17.7,-21.71,SIDEWAYS,AVOID
2026-08-11,Textiles & Apparel,-1.66,-3.4,-12.02,-16.86,8.7,10.07,-3.59,-7.6,SIDEWAYS,NEUTRAL
2026-08-11,Logistics & Transportation,-1.45,-3.33,-11.81,-16.8,8.91,10.13,-2.16,-6.17,SIDEWAYS,NEUTRAL
2026-08-11,Auto Parts & Equipment,5.09,-2.78,-5.27,-16.24,15.45,10.69,12.08,8.07,SIDEWAYS,BUY
2026-08-11,Railways,-6.29,-2.34,-16.65,-15.8,4.07,11.13,-6.16,-10.17,SIDEWAYS,AVOID
2026-08-11,Project Management & Civil Construction,-7.21,-0.95,-17.57,-14.41,3.15,12.52,-17.39,-21.4,SIDEWAYS,AVOID
2026-08-11,Water & Wastewater Treatment,-7.75,-3.23,-18.11,-16.7,2.61,10.24,-15.24,-19.25,SIDEWAYS,AVOID
2026-08-11,Batteries & Energy Storage,5.99,2.48,-4.37,-10.99,16.35,15.94,13.57,9.56,SIDEWAYS,BUY
2026-08-11,Data Centers & Real Estate,3.76,0.17,-6.6,-13.3,14.12,13.63,16.65,12.64,SIDEWAYS,BUY
2026-08-11,Railway Telecom,-7.86,0.14,-18.22,-13.33,2.5,13.61,-18.37,-22.38,SIDEWAYS,AVOID
2026-08-11,Railway Financing,-7.97,-5.15,-18.33,-18.61,2.39,8.32,-17.52,-21.53,SIDEWAYS,AVOID
2026-08-11,Civil Construction & Infrastructure EPC,-6.77,-2.75,-17.13,-16.22,3.59,10.72,-11.95,-15.96,SIDEWAYS,AVOID
2026-08-11,Fertilizers & Agrochemicals,-5.48,-3.6,-15.84,-17.07,4.88,9.87,-12.58,-16.59,SIDEWAYS,AVOID
2026-08-11,API & CDMO / CRAMS,0.67,-1.85,-9.69,-15.31,11.03,11.62,5.34,1.33,SIDEWAYS,NEUTRAL
2026-08-11,Metals & Mining,-3.04,-1.91,-13.4,-15.38,7.32,11.56,2.46,-1.55,SIDEWAYS,NEUTRAL
2026-08-11,"Logistics, Ports & Supply Chain",-5.18,-2.81,-15.54,-16.28,5.18,10.66,-4.15,-8.16,SIDEWAYS,NEUTRAL
2026-08-11,Railway Ticketing & Catering,-6.92,-0.77,-17.28,-14.24,3.44,12.7,-15.65,-19.66,SIDEWAYS,AVOID
2026-08-11,Stockbroking & Financial Products,-7.02,-3.11,-17.38,-16.58,3.34,10.36,-9.07,-13.08,SIDEWAYS,AVOID
2026-08-11,Financial Services,-3.19,-3.5,-13.55,-16.97,7.17,9.97,-5.23,-9.24,SIDEWAYS,NEUTRAL
2026-08-11,Footwear,-4.51,0.43,-14.87,-13.03,5.85,13.9,-14.77,-18.78,SIDEWAYS,AVOID
2026-08-11,Aluminium & Mining,2.62,-1.98,-7.74,-15.45,12.98,11.48,7.54,3.53,SIDEWAYS,WATCH
2026-08-11,Lubricants & Specialty Oils,0.31,-2.21,-10.05,-15.67,10.67,11.26,7.21,3.2,SIDEWAYS,NEUTRAL
2026-08-11,Plastic Pipes & Moulded Products,-8.37,0.43,-18.73,-13.03,1.99,13.9,-18.94,-22.95,SIDEWAYS,AVOID
2026-08-11,Packaging Materials & Containers,1.33,-1.83,-9.03,-15.3,11.69,11.63,1.21,-2.8,SIDEWAYS,WATCH
2026-08-11,Plastic Pipes & Fittings,-7.72,-3.16,-18.08,-16.63,2.64,10.3,-10.32,-14.33,SIDEWAYS,AVOID
2026-08-11,Insurance,-6.93,-3.23,-17.29,-16.7,3.43,10.24,-8.7,-12.71,SIDEWAYS,AVOID
2026-08-11,Media Entertainment & Publication,-3.13,-1.91,-13.49,-15.38,7.23,11.55,-1.08,-5.09,SIDEWAYS,NEUTRAL
2026-08-11,Asset Management Company (AMC),-4.63,-3.33,-14.99,-16.8,5.73,10.14,-7.46,-11.47,SIDEWAYS,AVOID
2026-08-11,Dairy Products,-6.3,-3.4,-16.66,-16.86,4.06,10.07,-11.96,-15.97,SIDEWAYS,AVOID
2026-08-11,Information Technology,-3.33,-2.98,-13.69,-16.45,7.03,10.49,-3.77,-7.78,SIDEWAYS,NEUTRAL
2026-08-11,Fast Moving Consumer Goods,-4.81,-3.57,-15.17,-17.03,5.55,9.9,-8.1,-12.11,SIDEWAYS,AVOID
2026-08-11,Passenger Cars & Utility Vehicles,-5.18,-1.49,-15.54,-14.95,5.18,11.98,-3.61,-7.62,SIDEWAYS,NEUTRAL
2026-08-11,Railway Wagons & Equipment,-3.14,-3.33,-13.5,-16.8,7.22,10.14,-8.87,-12.88,SIDEWAYS,AVOID
2026-08-11,Construction,0.77,-2.34,-9.59,-15.8,11.13,11.13,1.83,-2.18,SIDEWAYS,WATCH
2026-08-11,Auto Lighting,9.1,0.56,-1.26,-12.91,19.46,14.02,22.54,18.53,SIDEWAYS,WATCH
2026-08-11,Asset Management & Wealth,-10.67,0.43,-21.03,-13.03,-0.31,13.9,-18.88,-22.89,SIDEWAYS,AVOID
2026-08-11,Realty,-3.56,0.43,-13.92,-13.03,6.8,13.9,-12.2,-16.21,SIDEWAYS,AVOID
2026-08-12,Media & Entertainment,-5.54,-3.33,-15.9,-16.8,4.82,10.13,-5.22,-9.23,SIDEWAYS,NEUTRAL
2026-08-12,Fertilizers & Agrochemicals,-7.78,-3.56,-18.14,-17.03,2.58,9.91,-15.47,-19.48,SIDEWAYS,AVOID
2026-08-12,Project Management & Civil Construction,-5.76,-0.42,-16.12,-13.89,4.6,13.05,-14.51,-18.52,SIDEWAYS,AVOID
2026-08-12,Consumer Durables,-4.07,-2.66,-14.43,-16.13,6.29,10.8,-1.07,-5.08,SIDEWAYS,NEUTRAL
2026-08-12,Power Generation & Utilities,-8.24,-2.75,-18.6,-16.22,2.12,10.72,-15.02,-19.03,SIDEWAYS,AVOID
2026-08-12,Fertilizers,-9.17,0.43,-19.53,-13.03,1.19,13.9,-18.17,-22.18,SIDEWAYS,AVOID
2026-08-12,Internet & Digital Platforms,-1.56,-2.98,-11.92,-16.45,8.8,10.49,-1.8,-5.81,SIDEWAYS,NEUTRAL
2026-08-12,Power Generation & Distribution,-4.9,0.76,-15.26,-12.71,5.46,14.23,-14.43,-18.44,SIDEWAYS,AVOID
2026-08-12,Cement & Clinker,-6.29,-3.32,-16.65,-16.78,4.07,10.15,-10.86,-14.87,SIDEWAYS,AVOID
2026-08-12,Travel Tech SaaS Solutions,2.43,2.27,-7.93,-11.19,12.79,15.74,13.81,9.8,SIDEWAYS,BUY
2026-08-12,Auto Lighting,7.33,7.08,-3.03,-6.38,17.69,20.55,24.62,20.61,SIDEWAYS,REDUCE
2026-08-12,Renewable Energy Financing NBFC,-8.9,0.43,-19.26,-13.03,1.46,13.9,-17.26,-21.27,SIDEWAYS,AVOID
2026-08-12,Textiles,6.71,1.91,-3.65,-11.56,17.07,15.38,15.74,11.73,SIDEWAYS,BUY
2026-08-12,Railway Infrastructure & Consulting,-9.7,0.43,-20.06,-13.03,0.66,13.9,-17.35,-21.36,SIDEWAYS,AVOID
2026-08-12,Plywood & Boards,6.6,0.3,-3.76,-13.17,16.96,13.77,18.95,14.94,SIDEWAYS,STRONG BUY
2026-08-12,Realty,-6.36,0.43,-16.72,-13.03,4.0,13.9,-15.23,-19.24,SIDEWAYS,AVOID
2026-08-12,Construction,2.74,-2.34,-7.62,-15.8,13.1,11.13,6.31,2.3,SIDEWAYS,WATCH
2026-08-12,Auto Glass,-3.52,-0.22,-13.88,-13.69,6.84,13.24,2.9,-1.11,SIDEWAYS,NEUTRAL
2026-08-12,Media Entertainment & Publication,-6.43,-1.39,-16.79,-14.86,3.93,12.08,-6.47,-10.48,SIDEWAYS,AVOID
2026-08-12,Affordable Housing Finance Company,-7.51,0.4,-17.87,-13.07,2.85,13.87,-18.16,-22.17,SIDEWAYS,AVOID
2026-08-12,Saw Pipes & Ductile Iron Pipes,5.34,-0.13,-5.02,-13.6,15.7,13.34,17.01,13.0,SIDEWAYS,BUY
2026-08-12,Packaging Materials & Containers,5.44,-1.85,-4.92,-15.31,15.8,11.62,9.61,5.6,SIDEWAYS,WATCH
2026-08-12,Non Banking Financial Company (NBFC),-2.83,-3.44,-13.19,-16.91,7.53,10.03,-3.03,-7.04,SIDEWAYS,NEUTRAL
2026-08-12,Railway Ticketing & Catering,-7.25,-0.77,-17.61,-14.24,3.11,12.7,-16.34,-20.35,SIDEWAYS,AVOID
2026-08-12,Chemicals,-6.18,-3.22,-16.54,-16.69,4.18,10.25,-9.56,-13.57,SIDEWAYS,AVOID
2026-08-12,Civil Buildings & Commercial EPC,-8.39,-0.26,-18.75,-13.72,1.97,13.21,-18.31,-22.32,SIDEWAYS,AVOID
2026-08-12,Services,-3.21,-2.81,-13.57,-16.28,7.15,10.66,-2.98,-6.99,SIDEWAYS,NEUTRAL
2026-08-12,Data Centers & Real Estate,4.84,0.39,-5.52,-13.08,15.2,13.86,17.72,13.71,SIDEWAYS,BUY
2026-08-12,Electronic Manufacturing Services (EMS),-9.86,0.43,-20.22,-13.03,0.5,13.9,-18.82,-22.83,SIDEWAYS,AVOID
2026-08-12,Electronic Manufacturing Services (EMS),-7.26,-3.16,-17.62,-16.63,3.1,10.3,-9.26,-13.27,SIDEWAYS,AVOID
2026-08-12,Hospitals & Healthcare Services,3.18,6.3,-7.18,-7.17,13.54,19.77,17.26,13.25,SIDEWAYS,REDUCE
2026-08-12,Commodity Chemicals,-3.45,-3.27,-13.81,-16.74,6.91,10.2,-4.15,-8.16,SIDEWAYS,NEUTRAL
2026-08-12,Housing & Urban Infrastructure Financing,-7.87,-0.46,-18.23,-13.92,2.49,13.01,-17.36,-21.37,SIDEWAYS,AVOID
2026-08-12,Roads & Highways EPC,-8.07,-0.46,-18.43,-13.92,2.29,13.01,-17.56,-21.57,SIDEWAYS,AVOID
2026-08-12,Dairy Products,-3.42,-3.4,-13.78,-16.86,6.94,10.07,-8.11,-12.12,SIDEWAYS,AVOID
2026-08-12,Passenger Cars & Utility Vehicles,-5.71,-1.49,-16.07,-14.95,4.65,11.98,-4.82,-8.83,SIDEWAYS,AVOID
2026-08-12,Aerospace & Defence,2.88,-2.71,-7.48,-16.17,13.24,10.76,8.02,4.01,SIDEWAYS,WATCH
2026-08-12,Asset Management Company (AMC),-4.81,-3.16,-15.17,-16.63,5.55,10.3,-7.27,-11.28,SIDEWAYS,AVOID
2026-08-12,Residential & Commercial Real Estate,-7.59,-3.4,-17.95,-16.87,2.77,10.07,-13.47,-17.48,SIDEWAYS,AVOID
2026-08-12,Railway Wagons & Equipment,-10.67,0.43,-21.03,-13.03,-0.31,13.9,-18.88,-22.89,SIDEWAYS,AVOID
2026-08-12,Breweries & Distilleries,1.14,-2.09,-9.22,-15.55,11.5,11.38,3.84,-0.17,SIDEWAYS,WATCH
2026-08-12,Railway Financing,-7.67,-5.15,-18.03,-18.61,2.69,8.32,-16.79,-20.8,SIDEWAYS,AVOID
2026-08-12,Heavy Electrical Equipment,13.13,2.95,2.77,-10.52,23.49,16.41,30.15,26.14,SIDEWAYS,WATCH
2026-08-12,Lubricants & Specialty Oils,-3.76,-1.76,-14.12,-15.23,6.6,11.71,0.2,-3.81,SIDEWAYS,NEUTRAL
2026-08-12,Footwear,-9.21,0.43,-19.57,-13.03,1.15,13.9,-20.27,-24.28,SIDEWAYS,AVOID
2026-08-12,Railway Infrastructure,-6.56,0.14,-16.92,-13.33,3.8,13.61,-15.44,-19.45,SIDEWAYS,AVOID
2026-08-12,Financial Services,-4.31,-3.5,-14.67,-16.97,6.05,9.97,-6.6,-10.61,SIDEWAYS,AVOID
2026-08-12,"Plywood, MDF & Laminates",-6.65,-3.11,-17.01,-16.58,3.71,10.36,-9.55,-13.56,SIDEWAYS,AVOID
2026-08-12,Pharmaceuticals,2.52,-2.89,-7.84,-16.35,12.88,10.58,5.35,1.34,SIDEWAYS,WATCH
2026-08-12,"Logistics, Ports & Supply Chain",-5.38,-2.81,-15.74,-16.28,4.98,10.66,-5.99,-10.0,SIDEWAYS,AVOID
2026-08-12,Healthcare,2.6,-2.32,-7.76,-15.79,12.96,11.15,10.5,6.49,SIDEWAYS,NEUTRAL
2026-08-12,Ship Building & Defence,-2.44,-3.69,-12.8,-17.16,7.92,9.78,-8.65,-12.66,SIDEWAYS,AVOID
2026-08-12,Plastic Pipes & Fittings,-4.64,-3.16,-15.0,-16.63,5.72,10.3,-5.42,-9.43,SIDEWAYS,NEUTRAL
2026-08-12,Aluminium & Mining,3.84,-1.98,-6.52,-15.45,14.2,11.48,8.95,4.94,SIDEWAYS,WATCH
2026-08-12,Superalloys & Special Metals,4.14,0.56,-6.22,-12.91,14.5,14.03,10.55,6.54,SIDEWAYS,WATCH
2026-08-12,API & CDMO / CRAMS,-1.94,-1.85,-12.3,-15.31,8.42,11.62,2.52,-1.49,SIDEWAYS,NEUTRAL
2026-08-12,Paints & Coatings,7.99,2.48,-2.37,-10.99,18.35,15.95,22.03,18.02,SIDEWAYS,BUY
2026-08-12,Transformers & T&D Equipment,0.8,-2.5,-9.56,-15.96,11.16,10.97,6.86,2.85,SIDEWAYS,NEUTRAL
2026-08-12,Plastic Pipes & Moulded Products,-9.13,0.43,-19.49,-13.03,1.23,13.9,-20.07,-24.08,SIDEWAYS,AVOID
2026-08-12,"Textiles, Yarns & Apparel",-4.56,-3.57,-14.92,-17.03,5.8,9.9,-7.31,-11.32,SIDEWAYS,AVOID
2026-08-12,Asset Management & Wealth,-10.67,0.4,-21.03,-13.07,-0.31,13.87,-18.89,-22.9,SIDEWAYS,AVOID
2026-08-12,Agrochemicals & Pesticides,-10.12,0.43,-20.48,-13.03,0.24,13.9,-18.45,-22.46,SIDEWAYS,AVOID
2026-08-12,Batteries & Energy Storage,4.34,1.91,-6.02,-11.56,14.7,15.38,13.32,9.31,SIDEWAYS,BUY
2026-08-12,Cement,-4.0,-2.62,-14.36,-16.09,6.36,10.85,-7.29,-11.3,SIDEWAYS,AVOID
2026-08-12,Pharmaceuticals & Biotechnology,2.16,-3.0,-8.2,-16.47,12.52,10.47,6.73,2.72,SIDEWAYS,WATCH
2026-08-12,Iron & Steel,1.87,-2.88,-8.49,-16.35,12.23,10.59,6.74,2.73,SIDEWAYS,NEUTRAL
2026-08-12,Electronic Manufacturing Services (EMS),7.99,-1.82,-2.37,-15.29,18.35,11.64,17.36,13.35,SIDEWAYS,BUY
2026-08-12,Pipes & Tubes,-1.19,-3.57,-11.55,-17.03,9.17,9.9,-1.73,-5.74,SIDEWAYS,NEUTRAL
2026-08-12,Paper & Paper Products,0.27,-3.33,-10.09,-16.8,10.63,10.13,-0.41,-4.42,SIDEWAYS,WATCH
2026-08-12,Telecommunication,-7.87,-2.42,-18.23,-15.89,2.49,11.05,-12.67,-16.68,SIDEWAYS,AVOID
2026-08-12,Tractors & Farm Equipment,-3.58,-1.49,-13.94,-14.95,6.78,11.98,0.06,-3.95,SIDEWAYS,NEUTRAL
2026-08-12,Oil Exploration & Refining,-4.06,-3.33,-14.42,-16.8,6.3,10.13,-7.26,-11.27,SIDEWAYS,AVOID
2026-08-12,Packaged Foods & Consumer Staples,-1.25,-2.98,-11.61,-16.45,9.11,10.49,-3.93,-7.94,SIDEWAYS,NEUTRAL
2026-08-12,Hospitals & Diagnostic Centres,-3.18,-3.19,-13.54,-16.65,7.18,10.28,-3.05,-7.06,SIDEWAYS,NEUTRAL
2026-08-12,Copper & Non-Ferrous Metals,8.74,-0.22,-1.62,-13.69,19.1,13.24,23.18,19.17,SIDEWAYS,BUY
2026-08-12,Textiles & Apparel,-1.86,-3.46,-12.22,-16.93,8.5,10.01,-2.78,-6.79,SIDEWAYS,NEUTRAL
2026-08-12,Tea & Coffee,-4.22,-3.5,-14.58,-16.97,6.14,9.97,-6.3,-10.31,SIDEWAYS,AVOID
2026-08-12,Railways,-6.26,-2.34,-16.62,-15.8,4.1,11.13,-6.07,-10.08,SIDEWAYS,AVOID
2026-08-12,Diversified Retail,-4.97,-3.23,-15.33,-16.7,5.39,10.24,-10.32,-14.33,SIDEWAYS,AVOID
2026-08-12,Air Conditioners & Appliances,-9.44,0.43,-19.8,-13.03,0.92,13.9,-18.03,-22.04,SIDEWAYS,AVOID
2026-08-12,Pumps & Compressors,-7.5,-1.85,-17.86,-15.31,2.86,11.62,-9.34,-13.35,SIDEWAYS,AVOID
2026-08-12,Banks,-1.09,-2.83,-11.45,-16.3,9.27,10.64,2.36,-1.65,SIDEWAYS,NEUTRAL
2026-08-12,Copper Mining,9.58,0.69,-0.78,-12.78,19.94,14.16,26.9,22.89,SIDEWAYS,NEUTRAL
2026-08-12,Power,-7.3,-3.16,-17.66,-16.63,3.06,10.3,-9.35,-13.36,SIDEWAYS,AVOID
2026-08-12,Zinc & Silver Mining,6.05,0.24,-4.31,-13.23,16.41,13.7,22.68,18.67,SIDEWAYS,REDUCE
2026-08-12,Packaged Foods & FMCG Staples,-2.69,-3.57,-13.05,-17.03,7.67,9.9,-6.09,-10.1,SIDEWAYS,NEUTRAL
2026-08-12,Capital Markets & Asset Management,-3.85,-3.5,-14.21,-16.97,6.51,9.97,-7.83,-11.84,SIDEWAYS,AVOID
2026-08-12,Wires & Cables,2.92,-2.53,-7.44,-16.0,13.28,10.94,9.78,5.77,SIDEWAYS,NEUTRAL
2026-08-12,Rubber Chemicals,-8.18,0.43,-18.54,-13.03,2.18,13.9,-18.27,-22.28,SIDEWAYS,AVOID
2026-08-12,Wealth & Asset Management,4.57,-0.22,-5.79,-13.69,14.93,13.24,17.87,13.86,SIDEWAYS,BUY
2026-08-12,Specialty Chemicals,-0.33,-3.44,-10.69,-16.91,10.03,10.03,1.56,-2.45,SIDEWAYS,NEUTRAL
2026-08-12,Structural Steel Tubes & Pipes,6.96,0.17,-3.4,-13.3,17.32,13.63,20.2,16.19,SIDEWAYS,BUY
2026-08-12,Oil Gas & Consumable Fuels,-2.87,2.49,-13.23,-10.98,7.49,15.95,0.94,-3.07,SIDEWAYS,NEUTRAL
2026-08-12,Utilities,-8.9,0.43,-19.26,-13.03,1.46,13.9,-20.39,-24.4,SIDEWAYS,AVOID
2026-08-12,Logistics & Transportation,-2.85,-3.04,-13.21,-16.51,7.51,10.43,-2.74,-6.75,SIDEWAYS,NEUTRAL
2026-08-12,Telecom Services & Infrastructure,-3.02,-2.97,-13.38,-16.43,7.34,10.5,-3.75,-7.76,SIDEWAYS,NEUTRAL
2026-08-12,Construction Materials,11.03,-2.1,0.67,-15.57,21.39,11.37,25.56,21.55,SIDEWAYS,WATCH
2026-08-12,Civil Construction & Infrastructure EPC,-5.66,-2.75,-16.02,-16.22,4.7,10.72,-10.55,-14.56,SIDEWAYS,AVOID
2026-08-12,Water & Wastewater Treatment,-6.54,-3.14,-16.9,-16.6,3.82,10.33,-14.92,-18.93,SIDEWAYS,AVOID
2026-08-12,Auto Parts & Equipment,-0.76,-2.78,-11.12,-16.24,9.6,10.69,7.46,3.45,SIDEWAYS,NEUTRAL
2026-08-12,Paints,1.16,-2.21,-9.2,-15.67,11.52,11.26,6.75,2.74,SIDEWAYS,NEUTRAL
2026-08-12,Metals & Mining,-5.75,-1.85,-16.11,-15.31,4.61,11.62,-4.52,-8.53,SIDEWAYS,AVOID
2026-08-12,Stockbroking & Financial Products,-4.93,-3.11,-15.29,-16.58,5.43,10.36,-7.91,-11.92,SIDEWAYS,AVOID
2026-08-12,Diversified Commercial,-1.27,-3.44,-11.63,-16.91,9.09,10.03,-0.59,-4.6,SIDEWAYS,NEUTRAL
2026-08-12,Water & Wastewater Treatment,-9.63,-0.46,-19.99,-13.92,0.73,13.01,-20.32,-24.33,SIDEWAYS,AVOID
2026-08-12,Hotels & Restaurants,-6.74,-3.6,-17.1,-17.07,3.62,9.86,-13.44,-17.45,SIDEWAYS,AVOID
2026-08-12,Consumer Services,-4.03,-3.33,-14.39,-16.8,6.33,10.13,-5.06,-9.07,SIDEWAYS,NEUTRAL
2026-08-12,Ceramics & Tiles,1.13,-1.77,-9.23,-15.23,11.49,11.7,-1.77,-5.78,SIDEWAYS,NEUTRAL
2026-08-12,Bearings & Friction Solutions,-1.37,-1.76,-11.73,-15.23,8.99,11.71,1.75,-2.26,SIDEWAYS,NEUTRAL
2026-08-12,Explosives & Defence Chemicals,0.04,-0.22,-10.32,-13.69,10.4,13.24,9.37,5.36,SIDEWAYS,NEUTRAL
2026-08-12,Mining & Mineral Products,2.52,-2.34,-7.84,-15.8,12.88,11.13,4.72,0.71,SIDEWAYS,WATCH
2026-08-12,Gas Distribution,-1.18,0.3,-11.54,-13.17,9.18,13.77,4.3,0.29,SIDEWAYS,NEUTRAL
2026-08-12,Air Conditioners & AC Components,-10.28,0.43,-20.64,-13.03,0.08,13.9,-17.98,-21.99,SIDEWAYS,AVOID
2026-08-12,Renewable Energy,-6.25,-2.63,-16.61,-16.09,4.11,10.84,-14.64,-18.65,SIDEWAYS,AVOID
2026-08-12,Diversified & Fashion Retail,-6.59,-2.75,-16.95,-16.22,3.77,10.72,-11.87,-15.88,SIDEWAYS,AVOID
2026-08-12,Automobile OEMs,1.77,-2.84,-8.59,-16.31,12.13,10.63,6.66,2.65,SIDEWAYS,NEUTRAL
2026-08-12,Information Technology,-3.6,-3.05,-13.96,-16.51,6.76,10.42,-3.63,-7.64,SIDEWAYS,NEUTRAL
2026-08-12,Sugar & Bio-Ethanol,-2.79,-3.35,-13.15,-16.82,7.57,10.12,-2.56,-6.57,SIDEWAYS,NEUTRAL
2026-08-12,Packaging & Containers,10.3,3.49,-0.06,-9.98,20.66,16.95,23.44,19.43,SIDEWAYS,BUY
2026-08-12,Microfinance NBFC,-0.8,4.08,-11.16,-9.39,9.56,17.54,3.07,-0.94,SIDEWAYS,NEUTRAL
2026-08-12,Tyres & Rubber Products,-5.52,-1.85,-15.88,-15.31,4.84,11.62,-4.07,-8.08,SIDEWAYS,NEUTRAL
2026-08-12,Gas Transmission & Distribution,-2.94,-2.34,-13.3,-15.8,7.42,11.13,-7.19,-11.2,SIDEWAYS,AVOID
2026-08-12,Steel Manufacturing & Mining,4.56,0.3,-5.8,-13.17,14.92,13.77,16.76,12.75,SIDEWAYS,BUY
2026-08-12,Renewable Energy - Solar & Wind,-8.44,-3.98,-18.8,-17.45,1.92,9.49,-17.1,-21.11,SIDEWAYS,AVOID
2026-08-12,Edible Oils,-5.13,-0.23,-15.49,-13.7,5.23,13.24,-14.13,-18.14,SIDEWAYS,AVOID
2026-08-12,Railway Telecom,-8.47,0.14,-18.83,-13.33,1.89,13.61,-18.92,-22.93,SIDEWAYS,AVOID
2026-08-12,Diagnostic & Healthcare Laboratories,-5.56,-0.46,-15.92,-13.92,4.8,13.01,-12.72,-16.73,SIDEWAYS,AVOID
2026-08-12,Software Products & Digital Services,-1.91,-3.27,-12.27,-16.74,8.45,10.2,-1.18,-5.19,SIDEWAYS,NEUTRAL
2026-08-12,Power Sector Financing NBFC,-9.38,0.43,-19.74,-13.03,0.98,13.9,-15.93,-19.94,SIDEWAYS,AVOID
2026-08-12,"Hotels, Resorts & QSR",-4.83,-3.28,-15.19,-16.75,5.53,10.19,-5.89,-9.9,SIDEWAYS,AVOID
2026-08-12,Civil Construction & Infrastructure,-1.82,-3.4,-12.18,-16.87,8.54,10.07,-6.13,-10.14,SIDEWAYS,NEUTRAL
2026-08-12,IT Consulting & Software,-4.79,-3.63,-15.15,-17.1,5.57,9.84,-8.63,-12.64,SIDEWAYS,AVOID
2026-08-12,Batteries,-10.19,0.43,-20.55,-13.03,0.17,13.9,-17.78,-21.79,SIDEWAYS,AVOID
2026-08-12,Fast Moving Consumer Goods,-5.43,-3.23,-15.79,-16.7,4.93,10.24,-9.16,-13.17,SIDEWAYS,AVOID
2026-08-12,Batteries,9.17,0.39,-1.19,-13.08,19.53,13.86,20.85,16.84,SIDEWAYS,BUY
2026-08-12,Air Conditioners & AC Components,-2.7,-3.4,-13.06,-16.86,7.66,10.07,-6.9,-10.91,SIDEWAYS,AVOID
2026-08-12,Insurance,-9.39,-2.75,-19.75,-16.22,0.97,10.72,-15.4,-19.41,SIDEWAYS,AVOID
2026-08-12,Capital Goods,-0.1,-2.89,-10.46,-16.35,10.26,10.58,3.73,-0.28,SIDEWAYS,NEUTRAL
2026-08-12,Automobile and Auto Components,3.23,-1.98,-7.13,-15.45,13.59,11.49,14.08,10.07,SIDEWAYS,BUY
2026-08-13,Batteries,8.35,0.17,-2.01,-13.3,18.71,13.63,18.98,14.97,SIDEWAYS,BUY
2026-08-13,Utilities,-8.43,0.43,-18.79,-13.03,1.93,13.9,-20.59,-24.6,SIDEWAYS,AVOID
2026-08-13,Packaged Foods & Consumer Staples,-2.07,-3.57,-12.43,-17.03,8.29,9.9,-6.05,-10.06,SIDEWAYS,AVOID
2026-08-13,Hospitals & Diagnostic Centres,-0.75,-3.27,-11.11,-16.74,9.61,10.2,0.23,-3.78,SIDEWAYS,NEUTRAL
2026-08-13,Telecommunication,-3.68,-2.41,-14.04,-15.88,6.68,11.06,-9.22,-13.23,SIDEWAYS,AVOID
2026-08-13,Oil Exploration & Refining,-6.26,-3.11,-16.62,-16.58,4.1,10.36,-10.44,-14.45,SIDEWAYS,AVOID
2026-08-13,Financial Services,-1.89,-3.5,-12.25,-16.97,8.47,9.97,-3.23,-7.24,SIDEWAYS,NEUTRAL
2026-08-13,Edible Oils,-5.5,-0.46,-15.86,-13.92,4.86,13.01,-15.64,-19.65,SIDEWAYS,AVOID
2026-08-13,Renewable Energy - Solar & Wind,-7.15,-3.97,-17.51,-17.44,3.21,9.5,-15.87,-19.88,SIDEWAYS,AVOID
2026-08-13,Electronic Manufacturing Services (EMS),-6.41,0.76,-16.77,-12.71,3.95,14.23,-12.51,-16.52,SIDEWAYS,AVOID
2026-08-13,Electronic Manufacturing Services (EMS),-7.77,-3.16,-18.13,-16.63,2.59,10.3,-10.43,-14.44,SIDEWAYS,AVOID
2026-08-13,Electronic Manufacturing Services (EMS),6.96,-2.11,-3.4,-15.58,17.32,11.36,15.01,11.0,SIDEWAYS,BUY
2026-08-13,Railway Infrastructure,-6.98,0.14,-17.34,-13.33,3.38,13.61,-15.02,-19.03,SIDEWAYS,AVOID
2026-08-13,Lubricants & Specialty Oils,-1.53,-1.91,-11.89,-15.38,8.83,11.55,4.71,0.7,SIDEWAYS,NEUTRAL
2026-08-13,Iron & Steel,-1.95,-2.82,-12.31,-16.28,8.41,10.65,1.45,-2.56,SIDEWAYS,NEUTRAL
2026-08-13,Pipes & Tubes,-0.75,-3.5,-11.11,-16.97,9.61,9.97,-1.56,-5.57,SIDEWAYS,NEUTRAL
2026-08-13,Construction Materials,7.92,-1.8,-2.44,-15.27,18.28,11.66,20.3,16.29,SIDEWAYS,WATCH
2026-08-13,Tractors & Farm Equipment,-2.31,-1.49,-12.67,-14.95,8.05,11.98,0.63,-3.38,SIDEWAYS,NEUTRAL
2026-08-13,Paper & Paper Products,-4.51,-2.86,-14.87,-16.33,5.85,10.61,-6.13,-10.14,SIDEWAYS,AVOID
2026-08-13,Heavy Electrical Equipment,9.67,1.94,-0.69,-11.53,20.03,15.41,24.67,20.66,SIDEWAYS,WATCH
2026-08-13,Consumer Services,-1.26,-3.56,-11.62,-17.03,9.1,9.91,-2.36,-6.37,SIDEWAYS,NEUTRAL
2026-08-13,Batteries,-10.1,0.4,-20.46,-13.07,0.26,13.87,-17.59,-21.6,SIDEWAYS,AVOID
2026-08-13,Footwear,-5.95,5.25,-16.31,-8.22,4.41,18.71,-14.26,-18.27,SIDEWAYS,AVOID
2026-08-13,Wires & Cables,4.43,-2.82,-5.93,-16.28,14.79,10.65,9.58,5.57,SIDEWAYS,WATCH
2026-08-13,Automobile OEMs,2.25,-2.84,-8.11,-16.31,12.61,10.63,8.26,4.25,SIDEWAYS,NEUTRAL
2026-08-13,Railway Financing,-7.89,-5.15,-18.25,-18.61,2.47,8.32,-17.07,-21.08,SIDEWAYS,AVOID
2026-08-13,Renewable Energy,-4.73,-3.23,-15.09,-16.7,5.63,10.24,-11.6,-15.61,SIDEWAYS,AVOID
2026-08-13,Packaged Foods & FMCG Staples,-1.96,-3.55,-12.32,-17.02,8.4,9.91,-5.45,-9.46,SIDEWAYS,NEUTRAL
2026-08-13,Passenger Cars & Utility Vehicles,-8.06,-1.49,-18.42,-14.95,2.3,11.98,-10.19,-14.2,SIDEWAYS,AVOID
2026-08-13,Software Products & Digital Services,-3.26,-3.19,-13.62,-16.65,7.1,10.28,-2.7,-6.71,SIDEWAYS,NEUTRAL
2026-08-13,Capital Markets & Asset Management,-3.36,-3.5,-13.72,-16.97,7.0,9.97,-8.66,-12.67,SIDEWAYS,AVOID
2026-08-13,Rubber Chemicals,-8.64,0.43,-19.0,-13.03,1.72,13.9,-19.31,-23.32,SIDEWAYS,AVOID
2026-08-13,IT Consulting & Software,-4.45,-3.4,-14.81,-16.87,5.91,10.07,-8.75,-12.76,SIDEWAYS,AVOID
2026-08-13,Wealth & Asset Management,4.98,0.3,-5.38,-13.17,15.34,13.77,17.37,13.36,SIDEWAYS,BUY
2026-08-13,Copper Mining,6.87,0.16,-3.49,-13.31,17.23,13.63,23.71,19.7,SIDEWAYS,REDUCE
2026-08-13,Packaging & Containers,10.1,2.48,-0.26,-10.99,20.46,15.95,22.98,18.97,SIDEWAYS,BUY
2026-08-13,Dairy Products,-2.35,-1.93,-12.71,-15.4,8.01,11.54,-5.29,-9.3,SIDEWAYS,NEUTRAL
2026-08-13,Specialty Chemicals,-2.74,-3.44,-13.1,-16.91,7.62,10.03,-0.55,-4.56,SIDEWAYS,NEUTRAL
2026-08-13,Agrochemicals & Pesticides,-7.66,-0.46,-18.02,-13.92,2.7,13.01,-17.76,-21.77,SIDEWAYS,AVOID
2026-08-13,Structural Steel Tubes & Pipes,7.84,-0.47,-2.52,-13.94,18.2,13.0,22.22,18.21,SIDEWAYS,NEUTRAL
2026-08-13,Diagnostic & Healthcare Laboratories,-6.52,-0.46,-16.88,-13.92,3.84,13.01,-13.63,-17.64,SIDEWAYS,AVOID
2026-08-13,"Hotels, Resorts & QSR",-1.43,-3.4,-11.79,-16.87,8.93,10.07,-3.04,-7.05,SIDEWAYS,NEUTRAL
2026-08-13,Pharmaceuticals & Biotechnology,1.78,-2.78,-8.58,-16.24,12.14,10.69,8.17,4.16,SIDEWAYS,NEUTRAL
2026-08-13,Cement,-7.24,-3.23,-17.6,-16.7,3.12,10.24,-9.48,-13.49,SIDEWAYS,AVOID
2026-08-13,Capital Goods,-2.61,-2.89,-12.97,-16.35,7.75,10.58,2.54,-1.47,SIDEWAYS,NEUTRAL
2026-08-13,Asset Management Company (AMC),-3.31,-3.69,-13.67,-17.16,7.05,9.78,-7.1,-11.11,SIDEWAYS,AVOID
2026-08-13,Zinc & Silver Mining,5.03,2.65,-5.33,-10.81,15.39,16.12,19.55,15.54,SIDEWAYS,REDUCE
2026-08-13,Power,-8.94,-2.42,-19.3,-15.89,1.42,11.05,-14.01,-18.02,SIDEWAYS,AVOID
2026-08-13,Civil Construction & Infrastructure,-4.51,-3.4,-14.87,-16.87,5.85,10.07,-8.05,-12.06,SIDEWAYS,AVOID
2026-08-13,Logistics & Transportation,-2.77,-1.91,-13.13,-15.38,7.59,11.56,-1.25,-5.26,SIDEWAYS,NEUTRAL
2026-08-13,Breweries & Distilleries,-1.5,-2.98,-11.86,-16.45,8.86,10.49,-0.28,-4.29,SIDEWAYS,NEUTRAL
2026-08-13,Tea & Coffee,-5.57,-3.16,-15.93,-16.63,4.79,10.3,-8.45,-12.46,SIDEWAYS,AVOID
2026-08-13,Travel Tech SaaS Solutions,-4.3,2.88,-14.66,-10.59,6.06,16.34,1.11,-2.9,SIDEWAYS,NEUTRAL
2026-08-13,Water & Wastewater Treatment,-6.07,-3.23,-16.43,-16.7,4.29,10.24,-14.73,-18.74,SIDEWAYS,AVOID
2026-08-13,Pumps & Compressors,-6.81,-1.85,-17.17,-15.31,3.55,11.62,-9.74,-13.75,SIDEWAYS,AVOID
2026-08-13,Railways,-6.51,-2.34,-16.87,-15.8,3.85,11.13,-6.66,-10.67,SIDEWAYS,AVOID
2026-08-13,Batteries & Energy Storage,2.08,2.3,-8.28,-11.17,12.44,15.76,4.6,0.59,SIDEWAYS,WATCH
2026-08-13,Diversified Retail,-5.24,-3.23,-15.6,-16.7,5.12,10.24,-10.74,-14.75,SIDEWAYS,AVOID
2026-08-13,Water & Wastewater Treatment,-11.1,0.43,-21.46,-13.03,-0.74,13.9,-20.4,-24.41,SIDEWAYS,AVOID
2026-08-13,Railway Wagons & Equipment,-4.84,-3.33,-15.2,-16.8,5.52,10.14,-9.33,-13.34,SIDEWAYS,AVOID
2026-08-13,Sugar & Bio-Ethanol,0.53,-2.15,-9.83,-15.61,10.89,11.32,2.33,-1.68,SIDEWAYS,WATCH
2026-08-13,Air Conditioners & Appliances,-8.43,0.43,-18.79,-13.03,1.93,13.9,-17.55,-21.56,SIDEWAYS,AVOID
2026-08-13,Banks,-2.19,-3.0,-12.55,-16.47,8.17,10.47,0.56,-3.45,SIDEWAYS,NEUTRAL
2026-08-13,Residential & Commercial Real Estate,-3.07,-3.45,-13.43,-16.92,7.29,10.02,-6.76,-10.77,SIDEWAYS,AVOID
2026-08-13,API & CDMO / CRAMS,-1.87,-1.71,-12.23,-15.18,8.49,11.76,4.0,-0.01,SIDEWAYS,NEUTRAL
2026-08-13,Bearings & Friction Solutions,4.86,-1.76,-5.5,-15.23,15.22,11.71,8.57,4.56,SIDEWAYS,WATCH
2026-08-13,Diversified & Fashion Retail,-5.88,-3.43,-16.24,-16.9,4.48,10.03,-11.47,-15.48,SIDEWAYS,AVOID
2026-08-13,Textiles & Apparel,-3.93,-3.4,-14.29,-16.86,6.43,10.07,-6.24,-10.25,SIDEWAYS,AVOID
2026-08-13,Telecom Services & Infrastructure,-2.27,-2.34,-12.63,-15.8,8.09,11.13,-2.85,-6.86,SIDEWAYS,NEUTRAL
2026-08-13,Chemicals,-7.71,-3.23,-18.07,-16.7,2.65,10.24,-11.87,-15.88,SIDEWAYS,AVOID
2026-08-13,Oil Gas & Consumable Fuels,-3.89,1.91,-14.25,-11.56,6.47,15.38,2.05,-1.96,SIDEWAYS,NEUTRAL
2026-08-13,Saw Pipes & Ductile Iron Pipes,3.91,-0.22,-6.45,-13.69,14.27,13.24,14.9,10.89,SIDEWAYS,BUY
2026-08-13,Steel Manufacturing & Mining,3.6,4.46,-6.76,-9.0,13.96,17.93,16.56,12.55,SIDEWAYS,REDUCE
2026-08-13,Aluminium & Mining,-0.6,-1.98,-10.96,-15.44,9.76,11.49,2.35,-1.66,SIDEWAYS,NEUTRAL
2026-08-13,Railway Infrastructure & Consulting,-9.92,0.43,-20.28,-13.03,0.44,13.9,-17.22,-21.23,SIDEWAYS,AVOID
2026-08-13,Metals & Mining,-6.1,-2.28,-16.46,-15.75,4.26,11.19,-6.34,-10.35,SIDEWAYS,AVOID
2026-08-13,Plywood & Boards,5.9,-0.22,-4.46,-13.69,16.26,13.24,18.04,14.03,SIDEWAYS,STRONG BUY
2026-08-13,Packaging Materials & Containers,1.61,-1.85,-8.75,-15.31,11.97,11.62,1.69,-2.32,SIDEWAYS,WATCH
2026-08-13,Railway Telecom,-8.82,0.14,-19.18,-13.33,1.54,13.61,-18.94,-22.95,SIDEWAYS,AVOID
2026-08-13,Diversified Commercial,-1.34,-3.44,-11.7,-16.91,9.02,10.03,-0.45,-4.46,SIDEWAYS,NEUTRAL
2026-08-13,Construction,-2.1,-2.34,-12.46,-15.8,8.26,11.13,-1.6,-5.61,SIDEWAYS,NEUTRAL
2026-08-13,Fertilizers & Agrochemicals,-7.85,-3.56,-18.21,-17.03,2.51,9.91,-15.77,-19.78,SIDEWAYS,AVOID
2026-08-13,Insurance,-6.71,-3.23,-17.07,-16.7,3.65,10.24,-11.27,-15.28,SIDEWAYS,AVOID
2026-08-13,"Textiles, Yarns & Apparel",-6.56,-3.4,-16.92,-16.87,3.8,10.07,-9.05,-13.06,SIDEWAYS,AVOID
2026-08-13,Fertilizers,-5.13,-0.42,-15.49,-13.89,5.23,13.05,-13.61,-17.62,SIDEWAYS,AVOID
2026-08-13,Paints,-1.58,-2.21,-11.94,-15.67,8.78,11.26,3.16,-0.85,SIDEWAYS,NEUTRAL
2026-08-13,Superalloys & Special Metals,9.09,3.49,-1.27,-9.98,19.45,16.95,25.78,21.77,SIDEWAYS,BUY
2026-08-13,Auto Glass,1.59,0.3,-8.77,-13.17,11.95,13.77,14.6,10.59,SIDEWAYS,BUY
2026-08-13,Data Centers & Real Estate,6.35,0.94,-4.01,-12.53,16.71,14.4,18.84,14.83,SIDEWAYS,BUY
2026-08-13,Ceramics & Tiles,1.87,-3.16,-8.49,-16.63,12.23,10.3,0.53,-3.48,SIDEWAYS,WATCH
2026-08-13,Explosives & Defence Chemicals,10.88,0.95,0.52,-12.52,21.24,14.42,24.75,20.74,SIDEWAYS,BUY
2026-08-13,Railway Ticketing & Catering,-7.12,-0.46,-17.48,-13.92,3.24,13.01,-14.48,-18.49,SIDEWAYS,AVOID
2026-08-13,Stockbroking & Financial Products,-3.41,-3.33,-13.77,-16.8,6.95,10.13,-6.8,-10.81,SIDEWAYS,AVOID
2026-08-13,Air Conditioners & AC Components,-3.96,-3.38,-14.32,-16.85,6.4,10.08,-11.1,-15.11,SIDEWAYS,AVOID
2026-08-13,Non Banking Financial Company (NBFC),-1.49,-3.44,-11.85,-16.91,8.87,10.03,-1.15,-5.16,SIDEWAYS,NEUTRAL
2026-08-13,Paints & Coatings,8.41,3.14,-1.95,-10.33,18.77,16.61,21.77,17.76,SIDEWAYS,BUY
2026-08-13,Mining & Mineral Products,5.02,-2.01,-5.34,-15.48,15.38,11.45,9.31,5.3,SIDEWAYS,WATCH
2026-08-13,Affordable Housing Finance Company,-7.65,0.4,-18.01,-13.07,2.71,13.87,-18.47,-22.48,SIDEWAYS,AVOID
2026-08-13,Air Conditioners & AC Components,-10.7,0.43,-21.06,-13.03,-0.34,13.9,-18.96,-22.97,SIDEWAYS,AVOID
2026-08-13,Media Entertainment & Publication,-7.38,-1.49,-17.74,-14.95,2.98,11.98,-8.64,-12.65,SIDEWAYS,AVOID
2026-08-13,Transformers & T&D Equipment,-0.28,-2.5,-10.64,-15.96,10.08,10.97,4.37,0.36,SIDEWAYS,NEUTRAL
2026-08-13,Information Technology,-3.33,-3.05,-13.69,-16.51,7.03,10.42,-3.53,-7.54,SIDEWAYS,NEUTRAL
2026-08-13,Aerospace & Defence,2.25,-2.71,-8.11,-16.17,12.61,10.76,8.93,4.92,SIDEWAYS,NEUTRAL
2026-08-13,Textiles,-0.15,1.91,-10.51,-11.56,10.21,15.38,9.42,5.41,SIDEWAYS,NEUTRAL
2026-08-13,Realty,-7.1,0.43,-17.46,-13.03,3.26,13.9,-16.46,-20.47,SIDEWAYS,AVOID
2026-08-13,Renewable Energy Financing NBFC,-9.24,0.43,-19.6,-13.03,1.12,13.9,-18.48,-22.49,SIDEWAYS,AVOID
2026-08-13,Power Sector Financing NBFC,-9.87,0.43,-20.23,-13.03,0.49,13.9,-17.05,-21.06,SIDEWAYS,AVOID
2026-08-13,Commodity Chemicals,-3.14,-3.19,-13.5,-16.65,7.22,10.28,-4.07,-8.08,SIDEWAYS,NEUTRAL
2026-08-13,"Logistics, Ports & Supply Chain",-3.42,-2.98,-13.78,-16.45,6.94,10.49,-1.22,-5.23,SIDEWAYS,NEUTRAL
2026-08-13,Tyres & Rubber Products,1.69,-2.02,-8.67,-15.49,12.05,11.44,4.16,0.15,SIDEWAYS,WATCH
2026-08-13,Internet & Digital Platforms,0.83,-2.98,-9.53,-16.45,11.19,10.49,-0.03,-4.04,SIDEWAYS,NEUTRAL
2026-08-13,Asset Management & Wealth,-5.96,-1.49,-16.32,-14.95,4.4,11.98,-7.22,-11.23,SIDEWAYS,AVOID
2026-08-13,Auto Lighting,9.27,4.47,-1.09,-8.99,19.63,17.94,24.69,20.68,SIDEWAYS,WATCH
2026-08-13,Plastic Pipes & Fittings,2.5,-0.99,-7.86,-14.46,12.86,12.48,3.37,-0.64,SIDEWAYS,WATCH
2026-08-13,Cement & Clinker,-5.63,-3.56,-15.99,-17.03,4.73,9.91,-12.57,-16.58,SIDEWAYS,AVOID
2026-08-13,Automobile and Auto Components,1.58,-2.05,-8.78,-15.52,11.94,11.41,10.83,6.82,SIDEWAYS,NEUTRAL
2026-08-13,Copper & Non-Ferrous Metals,3.29,-0.22,-7.07,-13.69,13.65,13.24,18.12,14.11,SIDEWAYS,BUY
2026-08-13,Pharmaceuticals,-0.29,-2.82,-10.65,-16.29,10.07,10.65,1.47,-2.54,SIDEWAYS,NEUTRAL
2026-08-13,Media & Entertainment,2.47,-3.38,-7.89,-16.85,12.83,10.08,2.69,-1.32,SIDEWAYS,WATCH
2026-08-13,Gas Transmission & Distribution,-4.54,-3.75,-14.9,-17.22,5.82,9.71,-10.58,-14.59,SIDEWAYS,AVOID
2026-08-13,Housing & Urban Infrastructure Financing,-9.12,-0.46,-19.48,-13.92,1.24,13.01,-19.17,-23.18,SIDEWAYS,AVOID
2026-08-13,Consumer Durables,-3.94,-2.66,-14.3,-16.13,6.42,10.8,-0.51,-4.52,SIDEWAYS,NEUTRAL
2026-08-13,Microfinance NBFC,-4.62,-0.83,-14.98,-14.3,5.74,12.64,0.37,-3.64,SIDEWAYS,NEUTRAL
2026-08-13,Project Management & Civil Construction,-8.5,-0.42,-18.86,-13.89,1.86,13.05,-18.21,-22.22,SIDEWAYS,AVOID
2026-08-13,Power Generation & Utilities,-5.8,-3.93,-16.16,-17.39,4.56,9.54,-10.35,-14.36,SIDEWAYS,AVOID
2026-08-13,"Plywood, MDF & Laminates",-6.2,-3.11,-16.56,-16.58,4.16,10.36,-8.79,-12.8,SIDEWAYS,AVOID
2026-08-13,Services,-5.22,-3.33,-15.58,-16.8,5.14,10.13,-6.26,-10.27,SIDEWAYS,AVOID
2026-08-13,Roads & Highways EPC,-10.04,0.43,-20.4,-13.03,0.32,13.9,-19.11,-23.12,SIDEWAYS,AVOID
2026-08-13,Hospitals & Healthcare Services,1.94,2.04,-8.42,-11.42,12.3,15.51,15.42,11.41,SIDEWAYS,REDUCE
2026-08-13,Power Generation & Distribution,3.87,3.49,-6.49,-9.98,14.23,16.95,10.7,6.69,SIDEWAYS,WATCH
2026-08-13,Gas Distribution,-1.36,-0.22,-11.72,-13.69,9.0,13.24,4.09,0.08,SIDEWAYS,NEUTRAL
2026-08-13,Healthcare,-0.82,-2.06,-11.18,-15.53,9.54,11.41,4.95,0.94,SIDEWAYS,NEUTRAL
2026-08-13,Hotels & Restaurants,-7.36,-3.44,-17.72,-16.91,3.0,10.03,-13.79,-17.8,SIDEWAYS,AVOID
2026-08-13,Auto Parts & Equipment,0.28,-2.78,-10.08,-16.24,10.64,10.69,7.07,3.06,SIDEWAYS,NEUTRAL
2026-08-13,Civil Construction & Infrastructure EPC,-7.08,-2.75,-17.44,-16.22,3.28,10.72,-12.52,-16.53,SIDEWAYS,AVOID
2026-08-13,Ship Building & Defence,0.84,-1.84,-9.52,-15.3,11.2,11.63,1.23,-2.78,SIDEWAYS,WATCH
2026-08-13,Fast Moving Consumer Goods,-3.8,-3.57,-14.16,-17.03,6.56,9.9,-7.72,-11.73,SIDEWAYS,AVOID
2026-08-13,Plastic Pipes & Moulded Products,-9.09,0.4,-19.45,-13.07,1.27,13.87,-19.63,-23.64,SIDEWAYS,AVOID
2026-08-13,Civil Buildings & Commercial EPC,-8.69,-0.49,-19.05,-13.96,1.67,12.98,-19.19,-23.2,SIDEWAYS,AVOID
2026-08-14,Passenger Cars & Utility Vehicles,-8.93,0.13,-19.29,-13.34,1.43,13.6,-12.19,-16.2,SIDEWAYS,AVOID
2026-08-14,Cement,-5.16,-3.23,-15.52,-16.7,5.2,10.24,-8.61,-12.62,SIDEWAYS,AVOID
2026-08-14,Asset Management & Wealth,-10.24,0.43,-20.6,-13.03,0.12,13.9,-17.89,-21.9,SIDEWAYS,AVOID
2026-08-14,Air Conditioners & AC Components,-1.01,-3.4,-11.37,-16.86,9.35,10.07,-6.53,-10.54,SIDEWAYS,AVOID
2026-08-14,"Textiles, Yarns & Apparel",0.29,-3.57,-10.07,-17.03,10.65,9.9,-0.65,-4.66,SIDEWAYS,WATCH
2026-08-14,Agrochemicals & Pesticides,-5.36,-0.26,-15.72,-13.72,5.0,13.21,-15.25,-19.26,SIDEWAYS,AVOID
2026-08-14,Air Conditioners & AC Components,-10.86,0.43,-21.22,-13.03,-0.5,13.9,-19.33,-23.34,SIDEWAYS,AVOID
2026-08-14,Capital Goods,0.37,-2.95,-9.99,-16.42,10.73,10.52,4.58,0.57,SIDEWAYS,NEUTRAL
2026-08-14,Auto Parts & Equipment,-0.69,-2.78,-11.05,-16.24,9.67,10.69,7.58,3.57,SIDEWAYS,NEUTRAL
2026-08-14,Steel Manufacturing & Mining,5.51,-0.22,-4.85,-13.69,15.87,13.24,17.16,13.15,SIDEWAYS,BUY
2026-08-14,Packaging & Containers,10.05,3.0,-0.31,-10.47,20.41,16.47,22.86,18.85,SIDEWAYS,BUY
2026-08-14,Housing & Urban Infrastructure Financing,-5.54,-0.46,-15.9,-13.92,4.82,13.01,-15.12,-19.13,SIDEWAYS,AVOID
2026-08-14,Packaged Foods & Consumer Staples,-2.06,-2.55,-12.42,-16.02,8.3,10.92,-2.04,-6.05,SIDEWAYS,NEUTRAL
2026-08-14,Transformers & T&D Equipment,-1.0,-2.5,-11.36,-15.96,9.36,10.97,6.0,1.99,SIDEWAYS,NEUTRAL
2026-08-14,Construction Materials,3.59,0.1,-6.77,-13.36,13.95,13.57,17.03,13.02,SIDEWAYS,REDUCE
2026-08-14,Pharmaceuticals,-0.86,-2.75,-11.22,-16.22,9.5,10.72,-0.53,-4.54,SIDEWAYS,NEUTRAL
2026-08-14,Financial Services,-5.14,-3.33,-15.5,-16.8,5.22,10.13,-6.95,-10.96,SIDEWAYS,AVOID
2026-08-14,Plastic Pipes & Fittings,-2.22,-3.33,-12.58,-16.8,8.14,10.14,-3.52,-7.53,SIDEWAYS,NEUTRAL
2026-08-14,Railway Infrastructure,-8.16,0.14,-18.52,-13.33,2.2,13.61,-17.62,-21.63,SIDEWAYS,AVOID
2026-08-14,Civil Construction & Infrastructure EPC,-6.67,-2.75,-17.03,-16.22,3.69,10.72,-12.89,-16.9,SIDEWAYS,AVOID
2026-08-14,Renewable Energy - Solar & Wind,-6.76,-3.98,-17.12,-17.45,3.6,9.49,-15.0,-19.01,SIDEWAYS,AVOID
2026-08-14,Footwear,-3.53,-1.49,-13.89,-14.95,6.83,11.98,-10.1,-14.11,SIDEWAYS,AVOID
2026-08-14,"Plywood, MDF & Laminates",-7.53,-3.11,-17.89,-16.58,2.83,10.36,-10.14,-14.15,SIDEWAYS,AVOID
2026-08-14,Water & Wastewater Treatment,-5.47,-3.23,-15.83,-16.7,4.89,10.24,-14.52,-18.53,SIDEWAYS,AVOID
2026-08-14,Oil Gas & Consumable Fuels,-10.56,0.43,-20.92,-13.03,-0.2,13.9,-18.64,-22.65,SIDEWAYS,AVOID
2026-08-14,Healthcare,-0.45,-1.98,-10.81,-15.44,9.91,11.49,2.94,-1.07,SIDEWAYS,NEUTRAL
2026-08-14,Heavy Electrical Equipment,7.61,1.94,-2.75,-11.53,17.97,15.41,21.7,17.69,SIDEWAYS,NEUTRAL
2026-08-14,Ship Building & Defence,0.78,-1.91,-9.58,-15.38,11.14,11.56,-0.19,-4.2,SIDEWAYS,NEUTRAL
2026-08-14,Lubricants & Specialty Oils,-0.22,-1.98,-10.58,-15.45,10.14,11.49,2.5,-1.51,SIDEWAYS,NEUTRAL
2026-08-14,"Logistics, Ports & Supply Chain",-0.66,-1.98,-11.02,-15.44,9.7,11.49,0.31,-3.7,SIDEWAYS,NEUTRAL
2026-08-14,Water & Wastewater Treatment,-2.46,4.72,-12.82,-8.75,7.9,18.19,-10.33,-14.34,SIDEWAYS,AVOID
2026-08-14,Tea & Coffee,-5.2,-3.4,-15.56,-16.86,5.16,10.07,-10.97,-14.98,SIDEWAYS,AVOID
2026-08-14,Wires & Cables,0.95,-2.82,-9.41,-16.28,11.31,10.65,5.11,1.1,SIDEWAYS,NEUTRAL
2026-08-14,Railway Telecom,-8.78,0.14,-19.14,-13.33,1.58,13.61,-19.65,-23.66,SIDEWAYS,AVOID
2026-08-14,Paints & Coatings,8.96,3.0,-1.4,-10.47,19.32,16.47,21.87,17.86,SIDEWAYS,BUY
2026-08-14,Railway Financing,-7.95,-5.15,-18.31,-18.61,2.41,8.32,-17.74,-21.75,SIDEWAYS,AVOID
2026-08-14,Breweries & Distilleries,-3.19,-2.98,-13.55,-16.45,7.17,10.49,-2.41,-6.42,SIDEWAYS,NEUTRAL
2026-08-14,Aluminium & Mining,-2.13,-1.88,-12.49,-15.35,8.23,11.59,0.51,-3.5,SIDEWAYS,NEUTRAL
2026-08-14,Superalloys & Special Metals,10.08,3.18,-0.28,-10.29,20.44,16.65,24.0,19.99,SIDEWAYS,BUY
2026-08-14,Railway Wagons & Equipment,-9.86,0.43,-20.22,-13.03,0.5,13.9,-18.24,-22.25,SIDEWAYS,AVOID
2026-08-14,Aerospace & Defence,4.15,-2.78,-6.21,-16.24,14.51,10.69,11.91,7.9,SIDEWAYS,BUY
2026-08-14,Residential & Commercial Real Estate,-4.15,-3.46,-14.51,-16.93,6.21,10.01,-8.47,-12.48,SIDEWAYS,AVOID
2026-08-14,Diversified & Fashion Retail,-5.91,-3.43,-16.27,-16.9,4.45,10.03,-12.08,-16.09,SIDEWAYS,AVOID
2026-08-14,Asset Management Company (AMC),-2.58,-3.69,-12.94,-17.16,7.78,9.78,-6.31,-10.32,SIDEWAYS,AVOID
2026-08-14,Diagnostic & Healthcare Laboratories,-5.77,-0.26,-16.13,-13.72,4.59,13.21,-13.47,-17.48,SIDEWAYS,AVOID
2026-08-14,Auto Lighting,-0.49,2.49,-10.85,-10.98,9.87,15.95,9.85,5.84,SIDEWAYS,NEUTRAL
2026-08-14,"Hotels, Resorts & QSR",-4.17,-3.28,-14.53,-16.75,6.19,10.19,-5.67,-9.68,SIDEWAYS,NEUTRAL
2026-08-14,Metals & Mining,-6.27,-2.28,-16.63,-15.75,4.09,11.19,-6.48,-10.49,SIDEWAYS,AVOID
2026-08-14,Diversified Commercial,-2.78,-3.44,-13.14,-16.91,7.58,10.03,-1.63,-5.64,SIDEWAYS,NEUTRAL
2026-08-14,Construction,-2.07,-2.34,-12.43,-15.8,8.29,11.13,0.8,-3.21,SIDEWAYS,NEUTRAL
2026-08-14,Auto Glass,11.15,0.95,0.79,-12.52,21.51,14.42,25.37,21.36,SIDEWAYS,BUY
2026-08-14,Power Sector Financing NBFC,-10.69,0.43,-21.05,-13.03,-0.33,13.9,-18.92,-22.93,SIDEWAYS,AVOID
2026-08-14,Roads & Highways EPC,-10.73,0.43,-21.09,-13.03,-0.37,13.9,-19.02,-23.03,SIDEWAYS,AVOID
2026-08-14,Hospitals & Healthcare Services,3.19,2.04,-7.17,-11.42,13.55,15.51,16.36,12.35,SIDEWAYS,REDUCE
2026-08-14,Civil Buildings & Commercial EPC,-5.6,-0.23,-15.96,-13.7,4.76,13.24,-15.21,-19.22,SIDEWAYS,AVOID
2026-08-14,Gas Distribution,1.36,-0.22,-9.0,-13.69,11.72,13.24,2.95,-1.06,SIDEWAYS,WATCH
2026-08-14,Hotels & Restaurants,-7.61,-3.44,-17.97,-16.91,2.75,10.03,-13.7,-17.71,SIDEWAYS,AVOID
2026-08-14,Fast Moving Consumer Goods,0.91,-3.26,-9.45,-16.73,11.27,10.21,-1.62,-5.63,SIDEWAYS,NEUTRAL
2026-08-14,Power Generation & Utilities,-4.65,-3.4,-15.01,-16.86,5.71,10.07,-11.57,-15.58,SIDEWAYS,AVOID
2026-08-14,Tyres & Rubber Products,4.01,-2.11,-6.35,-15.58,14.37,11.36,6.62,2.61,SIDEWAYS,WATCH
2026-08-14,Internet & Digital Platforms,-2.67,-3.5,-13.03,-16.97,7.69,9.97,-5.79,-9.8,SIDEWAYS,AVOID
2026-08-14,Cement & Clinker,-7.99,-3.44,-18.35,-16.91,2.37,10.03,-12.71,-16.72,SIDEWAYS,AVOID
2026-08-14,Paints,3.89,-2.21,-6.47,-15.67,14.25,11.26,7.47,3.46,SIDEWAYS,WATCH
2026-08-14,Media & Entertainment,-1.76,-3.4,-12.12,-16.87,8.6,10.07,-3.42,-7.43,SIDEWAYS,NEUTRAL
2026-08-14,Consumer Durables,1.08,-2.66,-9.28,-16.13,11.44,10.8,3.29,-0.72,SIDEWAYS,WATCH
2026-08-14,Project Management & Civil Construction,-6.4,-0.32,-16.76,-13.79,3.96,13.14,-16.26,-20.27,SIDEWAYS,AVOID
2026-08-14,Dairy Products,-1.9,-3.4,-12.26,-16.86,8.46,10.07,-5.78,-9.79,SIDEWAYS,NEUTRAL
2026-08-14,Telecom Services & Infrastructure,0.54,-2.98,-9.82,-16.45,10.9,10.49,-0.08,-4.09,SIDEWAYS,WATCH
2026-08-14,Railway Infrastructure & Consulting,-9.64,0.43,-20.0,-13.03,0.72,13.9,-17.94,-21.95,SIDEWAYS,AVOID
2026-08-14,Chemicals,-7.49,-3.23,-17.85,-16.7,2.87,10.24,-10.95,-14.96,SIDEWAYS,AVOID
2026-08-14,Plywood & Boards,10.96,0.48,0.6,-12.99,21.32,13.95,25.18,21.17,SIDEWAYS,BUY
2026-08-14,Saw Pipes & Ductile Iron Pipes,3.35,0.3,-7.01,-13.17,13.71,13.77,14.32,10.31,SIDEWAYS,BUY
2026-08-14,Travel Tech SaaS Solutions,4.18,3.49,-6.18,-9.98,14.54,16.95,16.68,12.67,SIDEWAYS,BUY
2026-08-14,Copper & Non-Ferrous Metals,5.22,-0.22,-5.14,-13.69,15.58,13.24,19.33,15.32,SIDEWAYS,BUY
2026-08-14,Automobile and Auto Components,1.65,-1.91,-8.71,-15.38,12.01,11.55,8.28,4.27,SIDEWAYS,NEUTRAL
2026-08-14,Gas Transmission & Distribution,-4.48,-3.75,-14.84,-17.22,5.88,9.71,-10.35,-14.36,SIDEWAYS,AVOID
2026-08-14,Power Generation & Distribution,-6.43,0.43,-16.79,-13.03,3.93,13.9,-16.46,-20.47,SIDEWAYS,AVOID
2026-08-14,Services,-3.07,-3.33,-13.43,-16.8,7.29,10.13,-4.36,-8.37,SIDEWAYS,NEUTRAL
2026-08-14,Explosives & Defence Chemicals,6.71,-0.22,-3.65,-13.69,17.07,13.24,17.39,13.38,SIDEWAYS,BUY
2026-08-14,Fertilizers,-7.64,-0.42,-18.0,-13.89,2.72,13.05,-17.6,-21.61,SIDEWAYS,AVOID
2026-08-14,Insurance,-5.48,-3.4,-15.84,-16.86,4.88,10.07,-11.53,-15.54,SIDEWAYS,AVOID
2026-08-14,Fertilizers & Agrochemicals,-4.4,-3.6,-14.76,-17.07,5.96,9.87,-12.26,-16.27,SIDEWAYS,AVOID
2026-08-14,Data Centers & Real Estate,5.43,0.32,-4.93,-13.15,15.79,13.79,17.13,13.12,SIDEWAYS,BUY
2026-08-14,Stockbroking & Financial Products,-4.55,-3.33,-14.91,-16.8,5.81,10.13,-9.28,-13.29,SIDEWAYS,AVOID
2026-08-14,Textiles,-0.89,1.91,-11.25,-11.56,9.47,15.38,8.92,4.91,SIDEWAYS,NEUTRAL
2026-08-14,Railway Ticketing & Catering,-7.88,-0.46,-18.24,-13.92,2.48,13.01,-16.66,-20.67,SIDEWAYS,AVOID
2026-08-14,Mining & Mineral Products,-1.46,-1.98,-11.82,-15.45,8.9,11.49,-1.35,-5.36,SIDEWAYS,NEUTRAL
2026-08-14,Non Banking Financial Company (NBFC),-2.9,-3.35,-13.26,-16.82,7.46,10.12,-3.9,-7.91,SIDEWAYS,NEUTRAL
2026-08-14,Information Technology,-2.58,-3.16,-12.94,-16.63,7.78,10.3,-3.46,-7.47,SIDEWAYS,NEUTRAL
2026-08-14,Media Entertainment & Publication,-7.58,-1.49,-17.94,-14.95,2.78,11.98,-9.1,-13.11,SIDEWAYS,AVOID
2026-08-14,Ceramics & Tiles,-1.41,-3.16,-11.77,-16.63,8.95,10.3,-5.37,-9.38,SIDEWAYS,NEUTRAL
2026-08-14,Realty,-8.82,0.43,-19.18,-13.03,1.54,13.9,-17.81,-21.82,SIDEWAYS,AVOID
2026-08-14,Renewable Energy Financing NBFC,-8.25,-0.95,-18.61,-14.41,2.11,12.52,-18.34,-22.35,SIDEWAYS,AVOID
2026-08-14,Affordable Housing Finance Company,-8.1,0.77,-18.46,-12.7,2.26,14.24,-18.96,-22.97,SIDEWAYS,AVOID
2026-08-14,Edible Oils,-5.69,-0.46,-16.05,-13.92,4.67,13.01,-15.63,-19.64,SIDEWAYS,AVOID
2026-08-14,Batteries & Energy Storage,-1.1,2.3,-11.46,-11.17,9.26,15.76,3.46,-0.55,SIDEWAYS,NEUTRAL
2026-08-14,Electronic Manufacturing Services (EMS),-7.94,-3.16,-18.3,-16.63,2.42,10.3,-10.82,-14.83,SIDEWAYS,AVOID
2026-08-14,Electronic Manufacturing Services (EMS),-8.56,0.94,-18.92,-12.53,1.8,14.41,-15.95,-19.96,SIDEWAYS,AVOID
2026-08-14,Diversified Retail,-2.63,-3.23,-12.99,-16.7,7.73,10.24,-7.83,-11.84,SIDEWAYS,AVOID
2026-08-14,Civil Construction & Infrastructure,-4.16,-3.46,-14.52,-16.93,6.2,10.01,-8.56,-12.57,SIDEWAYS,AVOID
2026-08-14,Sugar & Bio-Ethanol,0.61,-2.75,-9.75,-16.22,10.97,10.72,1.34,-2.67,SIDEWAYS,WATCH
2026-08-14,Air Conditioners & Appliances,-9.84,0.43,-20.2,-13.03,0.52,13.9,-17.45,-21.46,SIDEWAYS,AVOID
2026-08-14,API & CDMO / CRAMS,-0.19,-1.85,-10.55,-15.31,10.17,11.62,3.9,-0.11,SIDEWAYS,NEUTRAL
2026-08-14,Banks,-2.42,-3.0,-12.78,-16.47,7.94,10.47,-0.83,-4.84,SIDEWAYS,NEUTRAL
2026-08-14,Bearings & Friction Solutions,-3.66,-2.98,-14.02,-16.45,6.7,10.49,-2.35,-6.36,SIDEWAYS,NEUTRAL
2026-08-14,Packaging Materials & Containers,-0.18,-1.91,-10.54,-15.38,10.18,11.55,0.57,-3.44,SIDEWAYS,NEUTRAL
2026-08-14,Power,-6.85,-2.42,-17.21,-15.89,3.51,11.05,-9.23,-13.24,SIDEWAYS,AVOID
2026-08-14,Automobile OEMs,-0.23,-2.23,-10.59,-15.7,10.13,11.24,3.6,-0.41,SIDEWAYS,NEUTRAL
2026-08-14,Copper Mining,5.51,4.42,-4.85,-9.05,15.87,17.88,19.7,15.69,SIDEWAYS,REDUCE
2026-08-14,Renewable Energy,-6.36,-2.63,-16.72,-16.09,4.0,10.84,-14.4,-18.41,SIDEWAYS,AVOID
2026-08-14,Plastic Pipes & Moulded Products,-9.25,0.43,-19.61,-13.03,1.11,13.9,-20.1,-24.11,SIDEWAYS,AVOID
2026-08-14,Capital Markets & Asset Management,-3.48,-3.5,-13.84,-16.97,6.88,9.97,-9.12,-13.13,SIDEWAYS,AVOID
2026-08-14,IT Consulting & Software,-4.92,-3.4,-15.28,-16.87,5.44,10.07,-9.5,-13.51,SIDEWAYS,AVOID
2026-08-14,Wealth & Asset Management,4.08,-0.22,-6.28,-13.69,14.44,13.24,16.37,12.36,SIDEWAYS,BUY
2026-08-14,Rubber Chemicals,-8.06,0.43,-18.42,-13.03,2.3,13.9,-18.94,-22.95,SIDEWAYS,AVOID
2026-08-14,Specialty Chemicals,-0.59,-3.27,-10.95,-16.74,9.77,10.2,2.65,-1.36,SIDEWAYS,NEUTRAL
2026-08-14,Packaged Foods & FMCG Staples,0.36,-3.57,-10.0,-17.03,10.72,9.9,-3.02,-7.03,SIDEWAYS,NEUTRAL
2026-08-14,Structural Steel Tubes & Pipes,8.05,-3.0,-2.31,-16.47,18.41,10.46,21.27,17.26,SIDEWAYS,WATCH
2026-08-14,Pharmaceuticals & Biotechnology,-0.43,-3.0,-10.79,-16.47,9.93,10.47,1.72,-2.29,SIDEWAYS,NEUTRAL
2026-08-14,Zinc & Silver Mining,5.09,4.36,-5.27,-9.11,15.45,17.83,19.47,15.46,SIDEWAYS,REDUCE
2026-08-14,Railways,4.75,0.3,-5.61,-13.17,15.11,13.77,10.72,6.71,SIDEWAYS,WATCH
2026-08-14,Pumps & Compressors,1.49,-1.85,-8.87,-15.31,11.85,11.62,0.66,-3.35,SIDEWAYS,WATCH
2026-08-14,Logistics & Transportation,-1.72,-1.91,-12.08,-15.38,8.64,11.56,-0.72,-4.73,SIDEWAYS,NEUTRAL
2026-08-14,Iron & Steel,-1.74,-2.66,-12.1,-16.13,8.62,10.8,2.19,-1.82,SIDEWAYS,NEUTRAL
2026-08-14,Pipes & Tubes,-4.54,-3.33,-14.9,-16.8,5.82,10.13,-5.76,-9.77,SIDEWAYS,AVOID
2026-08-14,Microfinance NBFC,-1.56,2.49,-11.92,-10.98,8.8,15.95,1.61,-2.4,SIDEWAYS,NEUTRAL
2026-08-14,Commodity Chemicals,1.52,-3.16,-8.84,-16.63,11.88,10.3,1.59,-2.42,SIDEWAYS,WATCH
2026-08-14,Tractors & Farm Equipment,-0.61,-1.49,-10.97,-14.95,9.75,11.98,1.76,-2.25,SIDEWAYS,NEUTRAL
2026-08-14,Telecommunication,-5.51,-2.42,-15.87,-15.89,4.85,11.05,-12.15,-16.16,SIDEWAYS,AVOID
2026-08-14,Batteries,-9.83,0.43,-20.19,-13.03,0.53,13.9,-16.97,-20.98,SIDEWAYS,AVOID
2026-08-14,Batteries,7.52,0.17,-2.84,-13.3,17.88,13.63,17.07,13.06,SIDEWAYS,BUY
2026-08-14,Oil Exploration & Refining,-5.32,-3.33,-15.68,-16.8,5.04,10.13,-9.18,-13.19,SIDEWAYS,AVOID
2026-08-14,Paper & Paper Products,-5.43,-3.11,-15.79,-16.58,4.93,10.36,-8.38,-12.39,SIDEWAYS,AVOID
2026-08-14,Utilities,-6.46,0.4,-16.82,-13.07,3.9,13.87,-18.11,-22.12,SIDEWAYS,AVOID
2026-08-14,Textiles & Apparel,-6.78,-3.28,-17.14,-16.75,3.58,10.19,-8.39,-12.4,SIDEWAYS,AVOID
2026-08-14,Consumer Services,-2.84,-3.56,-13.2,-17.03,7.52,9.91,-2.71,-6.72,SIDEWAYS,NEUTRAL
2026-08-14,Electronic Manufacturing Services (EMS),6.69,-2.11,-3.67,-15.58,17.05,11.36,14.39,10.38,SIDEWAYS,BUY
2026-08-14,Software Products & Digital Services,-2.27,-3.27,-12.63,-16.74,8.09,10.2,-1.97,-5.98,SIDEWAYS,NEUTRAL
2026-08-14,Hospitals & Diagnostic Centres,-1.83,-3.44,-12.19,-16.91,8.53,10.03,-1.55,-5.56,SIDEWAYS,NEUTRAL
2026-08-17,"Plywood, MDF & Laminates",-6.8,-3.11,-17.16,-16.58,3.56,10.36,-9.4,-13.41,SIDEWAYS,AVOID
2026-08-17,Packaged Foods & Consumer Staples,-2.35,-3.33,-12.71,-16.8,8.01,10.13,-4.73,-8.74,SIDEWAYS,NEUTRAL
2026-08-17,Packaged Foods & FMCG Staples,-5.06,-3.57,-15.42,-17.03,5.3,9.9,-10.09,-14.1,SIDEWAYS,AVOID
2026-08-17,Packaging & Containers,9.88,2.48,-0.48,-10.99,20.24,15.95,22.48,18.47,SIDEWAYS,BUY
2026-08-17,Affordable Housing Finance Company,-7.99,0.43,-18.35,-13.03,2.37,13.9,-17.09,-21.1,SIDEWAYS,AVOID
2026-08-17,Construction Materials,5.05,0.24,-5.31,-13.23,15.41,13.7,20.69,16.68,SIDEWAYS,REDUCE
2026-08-17,Commodity Chemicals,0.07,-3.56,-10.29,-17.03,10.43,9.9,0.14,-3.87,SIDEWAYS,WATCH
2026-08-17,Construction,-1.81,-2.26,-12.17,-15.73,8.55,11.2,-0.07,-4.08,SIDEWAYS,NEUTRAL
2026-08-17,Civil Construction & Infrastructure EPC,-7.2,-2.75,-17.56,-16.22,3.16,10.72,-13.48,-17.49,SIDEWAYS,AVOID
2026-08-17,Railway Financing,-6.91,-5.15,-17.27,-18.61,3.45,8.32,-16.27,-20.28,SIDEWAYS,AVOID
2026-08-17,Packaging Materials & Containers,4.98,-0.53,-5.38,-14.0,15.34,12.93,9.9,5.89,SIDEWAYS,WATCH
2026-08-17,Aerospace & Defence,-1.07,-2.52,-11.43,-15.99,9.29,10.95,6.62,2.61,SIDEWAYS,NEUTRAL
2026-08-17,Wires & Cables,0.21,-2.66,-10.15,-16.13,10.57,10.8,4.1,0.09,SIDEWAYS,NEUTRAL
2026-08-17,Pumps & Compressors,-3.16,-1.9,-13.52,-15.37,7.2,11.57,-4.26,-8.27,SIDEWAYS,NEUTRAL
2026-08-17,Data Centers & Real Estate,7.08,0.17,-3.28,-13.3,17.44,13.63,16.07,12.06,SIDEWAYS,BUY
2026-08-17,Tea & Coffee,1.8,-3.57,-8.56,-17.03,12.16,9.9,-0.2,-4.21,SIDEWAYS,WATCH
2026-08-17,Air Conditioners & Appliances,-7.98,0.43,-18.34,-13.03,2.38,13.9,-18.15,-22.16,SIDEWAYS,AVOID
2026-08-17,Media & Entertainment,-4.04,-3.4,-14.4,-16.86,6.32,10.07,-6.96,-10.97,SIDEWAYS,AVOID
2026-08-17,Ceramics & Tiles,-2.08,-3.16,-12.44,-16.63,8.28,10.3,-6.8,-10.81,SIDEWAYS,AVOID
2026-08-17,Automobile and Auto Components,-2.24,-1.91,-12.6,-15.38,8.12,11.55,2.8,-1.21,SIDEWAYS,NEUTRAL
2026-08-17,Civil Buildings & Commercial EPC,-2.48,-0.53,-12.84,-14.0,7.88,12.94,-11.15,-15.16,SIDEWAYS,AVOID
2026-08-17,Gas Transmission & Distribution,-5.67,-3.75,-16.03,-17.22,4.69,9.71,-11.99,-16.0,SIDEWAYS,AVOID
2026-08-17,Edible Oils,-4.69,-0.46,-15.05,-13.92,5.67,13.01,-14.14,-18.15,SIDEWAYS,AVOID
2026-08-17,Plywood & Boards,7.15,-0.22,-3.21,-13.69,17.51,13.24,18.92,14.91,SIDEWAYS,BUY
2026-08-17,Diversified Commercial,-1.5,-3.19,-11.86,-16.65,8.86,10.28,-1.13,-5.14,SIDEWAYS,NEUTRAL
2026-08-17,Iron & Steel,-3.01,-2.82,-13.37,-16.28,7.35,10.65,0.18,-3.83,SIDEWAYS,NEUTRAL
2026-08-17,Software Products & Digital Services,-2.52,-3.19,-12.88,-16.65,7.84,10.28,-2.65,-6.66,SIDEWAYS,NEUTRAL
2026-08-17,Batteries,7.81,0.17,-2.55,-13.3,18.17,13.63,17.72,13.71,SIDEWAYS,BUY
2026-08-17,Media Entertainment & Publication,-7.56,-1.49,-17.92,-14.95,2.8,11.98,-9.06,-13.07,SIDEWAYS,AVOID
2026-08-17,Batteries,-10.02,0.43,-20.38,-13.03,0.34,13.9,-17.4,-21.41,SIDEWAYS,AVOID
2026-08-17,Roads & Highways EPC,-10.12,0.43,-20.48,-13.03,0.24,13.9,-19.71,-23.72,SIDEWAYS,AVOID
2026-08-17,Hotels & Restaurants,-6.71,-3.6,-17.07,-17.07,3.65,9.86,-14.57,-18.58,SIDEWAYS,AVOID
2026-08-17,Railway Ticketing & Catering,-8.69,0.43,-19.05,-13.03,1.67,13.9,-17.27,-21.28,SIDEWAYS,AVOID
2026-08-17,Chemicals,-7.84,-3.23,-18.2,-16.7,2.52,10.24,-13.04,-17.05,SIDEWAYS,AVOID
2026-08-17,Copper & Non-Ferrous Metals,10.36,3.22,0.0,-10.24,20.72,16.69,26.09,22.08,SIDEWAYS,BUY
2026-08-17,Metals & Mining,-7.23,-2.28,-17.59,-15.75,3.13,11.19,-8.69,-12.7,SIDEWAYS,AVOID
2026-08-17,Automobile OEMs,0.24,-2.84,-10.12,-16.31,10.6,10.63,3.47,-0.54,SIDEWAYS,NEUTRAL
2026-08-17,Gas Distribution,-8.47,-0.46,-18.83,-13.92,1.89,13.01,-18.26,-22.27,SIDEWAYS,AVOID
2026-08-17,Microfinance NBFC,-11.78,2.67,-22.14,-10.8,-1.42,16.14,-21.43,-25.44,SIDEWAYS,AVOID
2026-08-17,Batteries & Energy Storage,1.41,2.3,-8.95,-11.17,11.77,15.76,3.05,-0.96,SIDEWAYS,WATCH
2026-08-17,Project Management & Civil Construction,-7.51,-0.42,-17.87,-13.89,2.85,13.05,-18.1,-22.11,SIDEWAYS,AVOID
2026-08-17,Civil Construction & Infrastructure,-4.74,-3.4,-15.1,-16.87,5.62,10.07,-8.29,-12.3,SIDEWAYS,AVOID
2026-08-17,Water & Wastewater Treatment,-7.23,-0.46,-17.59,-13.92,3.13,13.01,-16.44,-20.45,SIDEWAYS,AVOID
2026-08-17,Dairy Products,-3.01,-3.4,-13.37,-16.86,7.35,10.07,-7.66,-11.67,SIDEWAYS,AVOID
2026-08-17,"Hotels, Resorts & QSR",-3.39,-3.4,-13.75,-16.87,6.97,10.07,-6.5,-10.51,SIDEWAYS,AVOID
2026-08-17,Tractors & Farm Equipment,2.45,-1.26,-7.91,-14.73,12.81,12.21,5.0,0.99,SIDEWAYS,WATCH
2026-08-17,Power Generation & Distribution,-8.25,0.43,-18.61,-13.03,2.11,13.9,-18.59,-22.6,SIDEWAYS,AVOID
2026-08-17,Textiles & Apparel,-4.92,-3.28,-15.28,-16.75,5.44,10.19,-7.19,-11.2,SIDEWAYS,AVOID
2026-08-17,Cement,-6.79,-3.11,-17.15,-16.58,3.57,10.36,-8.63,-12.64,SIDEWAYS,AVOID
2026-08-17,Zinc & Silver Mining,5.5,6.21,-4.86,-7.26,15.86,19.68,19.42,15.41,SIDEWAYS,REDUCE
2026-08-17,Paper & Paper Products,-3.41,-3.23,-13.77,-16.7,6.95,10.24,-4.92,-8.93,SIDEWAYS,NEUTRAL
2026-08-17,Cement & Clinker,-4.97,-3.56,-15.33,-17.03,5.39,9.91,-11.52,-15.53,SIDEWAYS,AVOID
2026-08-17,Asset Management Company (AMC),-2.89,-3.38,-13.25,-16.85,7.47,10.09,-6.62,-10.63,SIDEWAYS,AVOID
2026-08-17,Pharmaceuticals & Biotechnology,-0.82,-3.0,-11.18,-16.47,9.54,10.47,2.72,-1.29,SIDEWAYS,NEUTRAL
2026-08-17,"Logistics, Ports & Supply Chain",-3.45,-1.98,-13.81,-15.44,6.91,11.49,-3.97,-7.98,SIDEWAYS,NEUTRAL
2026-08-17,Hospitals & Diagnostic Centres,-4.68,-3.19,-15.04,-16.65,5.68,10.28,-3.43,-7.44,SIDEWAYS,NEUTRAL
2026-08-17,Diversified Retail,-2.67,-3.23,-13.03,-16.7,7.69,10.24,-7.13,-11.14,SIDEWAYS,AVOID
2026-08-17,Banks,-2.85,-3.0,-13.21,-16.47,7.51,10.47,-1.0,-5.01,SIDEWAYS,NEUTRAL
2026-08-17,Paints & Coatings,10.23,3.0,-0.13,-10.47,20.59,16.47,23.42,19.41,SIDEWAYS,BUY
2026-08-17,Logistics & Transportation,-2.28,-3.33,-12.64,-16.8,8.08,10.13,-4.05,-8.06,SIDEWAYS,NEUTRAL
2026-08-17,Railways,-1.33,-3.86,-11.69,-17.33,9.03,9.61,-4.2,-8.21,SIDEWAYS,NEUTRAL
2026-08-17,Power,-7.27,-3.16,-17.63,-16.63,3.09,10.3,-11.09,-15.1,SIDEWAYS,AVOID
2026-08-17,Asset Management & Wealth,-9.67,0.43,-20.03,-13.03,0.69,13.9,-16.58,-20.59,SIDEWAYS,AVOID
2026-08-17,Renewable Energy Financing NBFC,-8.62,-0.95,-18.98,-14.41,1.74,12.52,-18.31,-22.32,SIDEWAYS,AVOID
2026-08-17,Copper Mining,12.34,2.95,1.98,-10.52,22.7,16.41,29.15,25.14,SIDEWAYS,WATCH
2026-08-17,Aluminium & Mining,-3.61,-1.85,-13.97,-15.31,6.75,11.62,0.24,-3.77,SIDEWAYS,NEUTRAL
2026-08-17,Specialty Chemicals,-1.99,-3.44,-12.35,-16.91,8.37,10.03,-0.58,-4.59,SIDEWAYS,NEUTRAL
2026-08-17,Residential & Commercial Real Estate,1.12,-3.46,-9.24,-16.93,11.48,10.01,-1.38,-5.39,SIDEWAYS,NEUTRAL
2026-08-17,Utilities,-6.37,0.4,-16.73,-13.07,3.99,13.87,-17.02,-21.03,SIDEWAYS,AVOID
2026-08-17,Telecommunication,-6.57,-2.42,-16.93,-15.89,3.79,11.05,-13.13,-17.14,SIDEWAYS,AVOID
2026-08-17,Heavy Electrical Equipment,10.5,2.95,0.14,-10.52,20.86,16.41,24.94,20.93,SIDEWAYS,WATCH
2026-08-17,Railway Wagons & Equipment,-7.34,-0.46,-17.7,-13.92,3.02,13.01,-17.52,-21.53,SIDEWAYS,AVOID
2026-08-17,Structural Steel Tubes & Pipes,6.48,0.71,-3.88,-12.76,16.84,14.18,20.07,16.06,SIDEWAYS,BUY
2026-08-17,Pharmaceuticals,-0.79,-2.89,-11.15,-16.35,9.57,10.58,2.38,-1.63,SIDEWAYS,NEUTRAL
2026-08-17,Textiles,-0.79,1.91,-11.15,-11.56,9.57,15.38,8.94,4.93,SIDEWAYS,NEUTRAL
2026-08-17,Healthcare,-2.34,-1.91,-12.7,-15.38,8.02,11.56,3.28,-0.73,SIDEWAYS,NEUTRAL
2026-08-17,Travel Tech SaaS Solutions,3.25,2.93,-7.11,-10.54,13.61,16.4,14.89,10.88,SIDEWAYS,BUY
2026-08-17,Pipes & Tubes,-4.93,-3.33,-15.29,-16.8,5.43,10.13,-5.96,-9.97,SIDEWAYS,AVOID
2026-08-17,Plastic Pipes & Moulded Products,-7.28,-0.46,-17.64,-13.92,3.08,13.01,-17.71,-21.72,SIDEWAYS,AVOID
2026-08-17,Transformers & T&D Equipment,-0.58,-2.55,-10.94,-16.02,9.78,10.92,4.6,0.59,SIDEWAYS,NEUTRAL
2026-08-17,Lubricants & Specialty Oils,4.51,-1.92,-5.85,-15.38,14.87,11.55,10.24,6.23,SIDEWAYS,WATCH
2026-08-17,Rubber Chemicals,-8.17,0.4,-18.53,-13.07,2.19,13.87,-18.88,-22.89,SIDEWAYS,AVOID
2026-08-17,Water & Wastewater Treatment,-6.03,-3.23,-16.39,-16.7,4.33,10.24,-15.3,-19.31,SIDEWAYS,AVOID
2026-08-17,Hospitals & Healthcare Services,5.46,-0.22,-4.9,-13.69,15.82,13.24,19.02,15.01,SIDEWAYS,STRONG BUY
2026-08-17,Electronic Manufacturing Services (EMS),-10.03,0.77,-20.39,-12.7,0.33,14.24,-17.41,-21.42,SIDEWAYS,AVOID
2026-08-17,Electronic Manufacturing Services (EMS),-10.71,0.43,-21.07,-13.03,-0.35,13.9,-19.26,-23.27,SIDEWAYS,AVOID
2026-08-17,Paints,1.42,-2.21,-8.94,-15.67,11.78,11.26,6.33,2.32,SIDEWAYS,NEUTRAL
2026-08-17,Mining & Mineral Products,-1.03,-2.09,-11.39,-15.55,9.33,11.38,1.17,-2.84,SIDEWAYS,NEUTRAL
2026-08-17,Electronic Manufacturing Services (EMS),6.32,-2.04,-4.04,-15.51,16.68,11.43,13.53,9.52,SIDEWAYS,BUY
2026-08-17,Renewable Energy,-0.17,-3.23,-10.53,-16.7,10.19,10.24,-4.6,-8.61,SIDEWAYS,NEUTRAL
2026-08-17,Non Banking Financial Company (NBFC),-2.9,-3.73,-13.26,-17.2,7.46,9.74,-4.67,-8.68,SIDEWAYS,NEUTRAL
2026-08-17,Oil Gas & Consumable Fuels,-10.77,0.43,-21.13,-13.03,-0.41,13.9,-19.1,-23.11,SIDEWAYS,AVOID
2026-08-17,Agrochemicals & Pesticides,-8.02,-0.46,-18.38,-13.92,2.34,13.01,-18.04,-22.05,SIDEWAYS,AVOID
2026-08-17,Auto Parts & Equipment,0.91,-2.78,-9.45,-16.24,11.27,10.69,8.15,4.14,SIDEWAYS,NEUTRAL
2026-08-17,Fast Moving Consumer Goods,-0.79,-3.57,-11.15,-17.03,9.57,9.9,-3.23,-7.24,SIDEWAYS,NEUTRAL
2026-08-17,Stockbroking & Financial Products,-2.89,-3.4,-13.25,-16.87,7.47,10.07,-7.2,-11.21,SIDEWAYS,AVOID
2026-08-17,Diagnostic & Healthcare Laboratories,-7.1,-0.46,-17.46,-13.92,3.26,13.01,-14.93,-18.94,SIDEWAYS,AVOID
2026-08-17,Ship Building & Defence,-3.9,-3.11,-14.26,-16.58,6.46,10.35,-7.37,-11.38,SIDEWAYS,AVOID
2026-08-17,Railway Infrastructure & Consulting,-8.3,-0.46,-18.66,-13.92,2.06,13.01,-17.55,-21.56,SIDEWAYS,AVOID
2026-08-17,Breweries & Distilleries,-3.44,-2.07,-13.8,-15.54,6.92,11.39,-1.75,-5.76,SIDEWAYS,NEUTRAL
2026-08-17,IT Consulting & Software,-4.63,-3.4,-14.99,-16.87,5.73,10.07,-10.16,-14.17,SIDEWAYS,AVOID
2026-08-17,Power Generation & Utilities,-7.24,-3.75,-17.6,-17.22,3.12,9.71,-14.65,-18.66,SIDEWAYS,AVOID
2026-08-17,Insurance,-4.59,-3.57,-14.95,-17.03,5.77,9.9,-9.23,-13.24,SIDEWAYS,AVOID
2026-08-17,Information Technology,0.98,-2.08,-9.38,-15.55,11.34,11.38,2.52,-1.49,SIDEWAYS,WATCH
2026-08-17,"Textiles, Yarns & Apparel",-4.32,-3.33,-14.68,-16.8,6.04,10.13,-5.22,-9.23,SIDEWAYS,NEUTRAL
2026-08-17,Consumer Durables,-2.79,-2.66,-13.15,-16.13,7.57,10.8,-1.17,-5.18,SIDEWAYS,NEUTRAL
2026-08-17,Oil Exploration & Refining,-5.53,-3.4,-15.89,-16.87,4.83,10.07,-9.91,-13.92,SIDEWAYS,AVOID
2026-08-17,Services,-2.66,-3.5,-13.02,-16.97,7.7,9.97,-4.46,-8.47,SIDEWAYS,NEUTRAL
2026-08-17,Capital Goods,2.1,-2.43,-8.26,-15.9,12.46,11.04,6.84,2.83,SIDEWAYS,WATCH
2026-08-17,Telecom Services & Infrastructure,-2.7,-2.98,-13.06,-16.45,7.66,10.49,-3.85,-7.86,SIDEWAYS,NEUTRAL
2026-08-17,Auto Lighting,-3.21,2.49,-13.57,-10.98,7.15,15.95,3.61,-0.4,SIDEWAYS,NEUTRAL
2026-08-17,Fertilizers,-7.34,-0.42,-17.7,-13.89,3.02,13.05,-16.72,-20.73,SIDEWAYS,AVOID
2026-08-17,Semiconductors & Electronic Components,-1.53,1.35,-11.89,-12.12,8.83,14.82,-3.51,-7.52,SIDEWAYS,NEUTRAL
2026-08-17,API & CDMO / CRAMS,0.63,-1.85,-9.73,-15.31,10.99,11.62,4.08,0.07,SIDEWAYS,NEUTRAL
2026-08-17,Passenger Cars & Utility Vehicles,-9.03,-1.49,-19.39,-14.95,1.33,11.98,-12.43,-16.44,SIDEWAYS,AVOID
2026-08-17,Steel Manufacturing & Mining,5.37,0.44,-4.99,-13.03,15.73,13.9,18.19,14.18,SIDEWAYS,BUY
2026-08-17,Internet & Digital Platforms,-4.18,-3.33,-14.54,-16.8,6.18,10.13,-5.49,-9.5,SIDEWAYS,AVOID
2026-08-17,Footwear,-8.21,0.4,-18.57,-13.07,2.15,13.87,-17.58,-21.59,SIDEWAYS,AVOID
2026-08-17,Auto Glass,7.38,-0.22,-2.98,-13.69,17.74,13.24,18.9,14.89,SIDEWAYS,BUY
2026-08-17,Capital Markets & Asset Management,-2.29,-2.97,-12.65,-16.43,8.07,10.5,-4.97,-8.98,SIDEWAYS,NEUTRAL
2026-08-17,Superalloys & Special Metals,6.4,3.14,-3.96,-10.33,16.76,16.61,19.86,15.85,SIDEWAYS,BUY
2026-08-17,Financial Services,-4.57,-3.33,-14.93,-16.8,5.79,10.13,-6.76,-10.77,SIDEWAYS,AVOID
2026-08-17,Saw Pipes & Ductile Iron Pipes,2.84,0.3,-7.52,-13.17,13.2,13.77,15.18,11.17,SIDEWAYS,BUY
2026-08-17,Railway Telecom,-8.41,0.14,-18.77,-13.33,1.95,13.61,-18.89,-22.9,SIDEWAYS,AVOID
2026-08-17,Railway Infrastructure,-7.87,0.14,-18.23,-13.33,2.49,13.61,-17.72,-21.73,SIDEWAYS,AVOID
2026-08-17,Explosives & Defence Chemicals,8.62,0.3,-1.74,-13.17,18.98,13.77,19.59,15.58,SIDEWAYS,BUY
2026-08-17,Wealth & Asset Management,6.95,-0.22,-3.41,-13.69,17.31,13.24,19.17,15.16,SIDEWAYS,BUY
2026-08-17,Realty,-6.78,0.43,-17.14,-13.03,3.58,13.9,-14.85,-18.86,SIDEWAYS,AVOID
2026-08-17,Diversified & Fashion Retail,-7.98,-3.43,-18.34,-16.9,2.38,10.03,-13.33,-17.34,SIDEWAYS,AVOID
2026-08-17,Tyres & Rubber Products,-2.4,-3.34,-12.76,-16.8,7.96,10.13,-2.91,-6.92,SIDEWAYS,NEUTRAL
2026-08-17,Air Conditioners & AC Components,-0.22,-3.4,-10.58,-16.86,10.14,10.07,-4.71,-8.72,SIDEWAYS,NEUTRAL
2026-08-17,Air Conditioners & AC Components,-10.8,0.43,-21.16,-13.03,-0.44,13.9,-19.19,-23.2,SIDEWAYS,AVOID
2026-08-17,Fertilizers & Agrochemicals,-3.04,-3.6,-13.4,-17.07,7.32,9.87,-9.55,-13.56,SIDEWAYS,AVOID
2026-08-17,Bearings & Friction Solutions,0.21,-2.75,-10.15,-16.22,10.57,10.72,1.41,-2.6,SIDEWAYS,WATCH
2026-08-17,Sugar & Bio-Ethanol,3.2,-0.31,-7.16,-13.78,13.56,13.16,8.69,4.68,SIDEWAYS,WATCH
2026-08-17,Plastic Pipes & Fittings,-2.8,-3.33,-13.16,-16.8,7.56,10.14,-4.83,-8.84,SIDEWAYS,NEUTRAL
2026-08-17,Renewable Energy - Solar & Wind,-7.61,-3.98,-17.97,-17.45,2.75,9.49,-15.62,-19.63,SIDEWAYS,AVOID
2026-08-17,Housing & Urban Infrastructure Financing,-7.51,-0.46,-17.87,-13.92,2.85,13.01,-17.77,-21.78,SIDEWAYS,AVOID
2026-08-17,Power Sector Financing NBFC,-10.71,0.43,-21.07,-13.03,-0.35,13.9,-18.97,-22.98,SIDEWAYS,AVOID
2026-08-17,Consumer Services,-1.22,-3.56,-11.58,-17.03,9.14,9.91,-0.69,-4.7,SIDEWAYS,NEUTRAL
2026-08-18,Cement & Clinker,-7.56,-3.44,-17.92,-16.91,2.8,10.03,-14.41,-18.42,SIDEWAYS,AVOID
2026-08-18,Renewable Energy,-6.47,-2.63,-16.83,-16.09,3.89,10.84,-14.61,-18.62,SIDEWAYS,AVOID
2026-08-18,Packaging & Containers,5.58,3.0,-4.78,-10.47,15.94,16.47,19.57,15.56,SIDEWAYS,BUY
2026-08-18,IT Consulting & Software,-6.72,-4.39,-17.08,-17.85,3.64,9.08,-12.79,-16.8,SIDEWAYS,AVOID
2026-08-18,Diversified Commercial,-2.49,-3.19,-12.85,-16.65,7.87,10.28,-2.48,-6.49,SIDEWAYS,NEUTRAL
2026-08-18,Textiles,8.44,3.18,-1.92,-10.29,18.8,16.65,22.07,18.06,SIDEWAYS,BUY
2026-08-18,Diagnostic & Healthcare Laboratories,-6.11,-0.49,-16.47,-13.96,4.25,12.98,-14.1,-18.11,SIDEWAYS,AVOID
2026-08-18,Auto Parts & Equipment,1.7,-2.92,-8.66,-16.39,12.06,10.54,9.97,5.96,SIDEWAYS,NEUTRAL
2026-08-18,Travel Tech SaaS Solutions,6.8,2.48,-3.56,-10.99,17.16,15.95,15.4,11.39,SIDEWAYS,BUY
2026-08-18,"Hotels, Resorts & QSR",-3.86,-3.4,-14.22,-16.87,6.5,10.07,-5.94,-9.95,SIDEWAYS,AVOID
2026-08-18,Automobile and Auto Components,-0.21,-1.73,-10.57,-15.2,10.15,11.73,4.95,0.94,SIDEWAYS,NEUTRAL
2026-08-18,Renewable Energy - Solar & Wind,-9.96,-2.75,-20.32,-16.22,0.4,10.72,-16.72,-20.73,SIDEWAYS,AVOID
2026-08-18,Hotels & Restaurants,-5.42,-3.73,-15.78,-17.2,4.94,9.74,-12.28,-16.29,SIDEWAYS,AVOID
2026-08-18,Automobile OEMs,-2.64,-2.23,-13.0,-15.7,7.72,11.24,0.17,-3.84,SIDEWAYS,NEUTRAL
2026-08-18,Diversified & Fashion Retail,-6.27,-3.43,-16.63,-16.9,4.09,10.03,-13.43,-17.44,SIDEWAYS,AVOID
2026-08-18,Steel Manufacturing & Mining,5.04,-0.22,-5.32,-13.69,15.4,13.24,17.17,13.16,SIDEWAYS,BUY
2026-08-18,Renewable Energy Financing NBFC,-8.59,-0.42,-18.95,-13.89,1.77,13.05,-18.84,-22.85,SIDEWAYS,AVOID
2026-08-18,Housing & Urban Infrastructure Financing,-8.67,-0.46,-19.03,-13.92,1.69,13.01,-19.47,-23.48,SIDEWAYS,AVOID
2026-08-18,Roads & Highways EPC,-8.99,-0.42,-19.35,-13.89,1.37,13.05,-19.52,-23.53,SIDEWAYS,AVOID
2026-08-18,Paper & Paper Products,-4.37,-3.1,-14.73,-16.57,5.99,10.37,-6.6,-10.61,SIDEWAYS,AVOID
2026-08-18,Footwear,-10.31,3.95,-20.67,-9.52,0.05,17.42,-19.83,-23.84,SIDEWAYS,AVOID
2026-08-18,Capital Markets & Asset Management,-2.22,-2.98,-12.58,-16.45,8.14,10.49,-5.31,-9.32,SIDEWAYS,AVOID
2026-08-18,Financial Services,-3.48,-3.5,-13.84,-16.97,6.88,9.97,-5.77,-9.78,SIDEWAYS,AVOID
2026-08-18,Saw Pipes & Ductile Iron Pipes,4.11,-0.22,-6.25,-13.69,14.47,13.24,15.81,11.8,SIDEWAYS,BUY
2026-08-18,Semiconductors & Electronic Components,-6.93,1.35,-17.29,-12.12,3.43,14.82,-15.88,-19.89,SIDEWAYS,AVOID
2026-08-18,Fertilizers & Agrochemicals,-5.77,-3.6,-16.13,-17.07,4.59,9.87,-12.6,-16.61,SIDEWAYS,AVOID
2026-08-18,Bearings & Friction Solutions,-2.19,-2.34,-12.55,-15.8,8.17,11.13,-0.53,-4.54,SIDEWAYS,NEUTRAL
2026-08-18,Packaging Materials & Containers,2.41,-2.21,-7.95,-15.67,12.77,11.26,6.56,2.55,SIDEWAYS,WATCH
2026-08-18,Power Sector Financing NBFC,-9.22,0.43,-19.58,-13.03,1.14,13.9,-18.97,-22.98,SIDEWAYS,AVOID
2026-08-18,Fertilizers,-5.58,-0.42,-15.94,-13.89,4.78,13.05,-14.86,-18.87,SIDEWAYS,AVOID
2026-08-18,Electronic Manufacturing Services (EMS),-9.97,0.43,-20.33,-13.03,0.39,13.9,-17.28,-21.29,SIDEWAYS,AVOID
2026-08-18,Electronic Manufacturing Services (EMS),-5.24,-0.14,-15.6,-13.61,5.12,13.33,-12.27,-16.28,SIDEWAYS,AVOID
2026-08-18,Electronic Manufacturing Services (EMS),5.0,-1.4,-5.36,-14.86,15.36,12.07,9.74,5.73,SIDEWAYS,WATCH
2026-08-18,Tea & Coffee,-3.56,-3.57,-13.92,-17.03,6.8,9.9,-9.13,-13.14,SIDEWAYS,AVOID
2026-08-18,Pumps & Compressors,-6.4,2.31,-16.76,-11.16,3.96,15.78,-10.07,-14.08,SIDEWAYS,AVOID
2026-08-18,Ship Building & Defence,1.75,-1.34,-8.61,-14.81,12.11,12.13,2.04,-1.97,SIDEWAYS,WATCH
2026-08-18,Breweries & Distilleries,-2.29,-2.09,-12.65,-15.55,8.07,11.38,-0.08,-4.09,SIDEWAYS,NEUTRAL
2026-08-18,"Textiles, Yarns & Apparel",-1.77,-3.5,-12.13,-16.97,8.59,9.97,-4.33,-8.34,SIDEWAYS,NEUTRAL
2026-08-18,Services,-3.61,-3.4,-13.97,-16.87,6.75,10.07,-5.84,-9.85,SIDEWAYS,AVOID
2026-08-18,Capital Goods,2.53,-2.78,-7.83,-16.24,12.89,10.69,6.06,2.05,SIDEWAYS,WATCH
2026-08-18,Fast Moving Consumer Goods,-0.59,-3.57,-10.95,-17.03,9.77,9.9,-3.19,-7.2,SIDEWAYS,NEUTRAL
2026-08-18,Plastic Pipes & Fittings,1.79,-1.91,-8.57,-15.38,12.15,11.56,2.13,-1.88,SIDEWAYS,WATCH
2026-08-18,Explosives & Defence Chemicals,8.23,-0.22,-2.13,-13.69,18.59,13.24,18.68,14.67,SIDEWAYS,BUY
2026-08-18,Passenger Cars & Utility Vehicles,-8.87,-1.47,-19.23,-14.94,1.49,11.99,-12.06,-16.07,SIDEWAYS,AVOID
2026-08-18,Hospitals & Healthcare Services,-3.12,-0.22,-13.48,-13.69,7.24,13.24,3.81,-0.2,SIDEWAYS,NEUTRAL
2026-08-18,Textiles & Apparel,-5.48,-3.28,-15.84,-16.75,4.88,10.19,-8.22,-12.23,SIDEWAYS,AVOID
2026-08-18,Tractors & Farm Equipment,0.34,-1.49,-10.02,-14.95,10.7,11.98,2.45,-1.56,SIDEWAYS,NEUTRAL
2026-08-18,Hospitals & Diagnostic Centres,-3.0,-3.44,-13.36,-16.91,7.36,10.03,-2.65,-6.66,SIDEWAYS,NEUTRAL
2026-08-18,Banks,-1.76,-3.0,-12.12,-16.47,8.6,10.47,-0.65,-4.66,SIDEWAYS,NEUTRAL
2026-08-18,Diversified Retail,-2.24,-3.23,-12.6,-16.7,8.12,10.24,-4.05,-8.06,SIDEWAYS,NEUTRAL
2026-08-18,Power,-8.94,-2.42,-19.3,-15.89,1.42,11.05,-15.26,-19.27,SIDEWAYS,AVOID
2026-08-18,Pharmaceuticals,-2.41,-2.75,-12.77,-16.22,7.95,10.72,1.86,-2.15,SIDEWAYS,NEUTRAL
2026-08-18,Specialty Chemicals,-2.94,-3.44,-13.3,-16.91,7.42,10.03,-1.68,-5.69,SIDEWAYS,NEUTRAL
2026-08-18,Residential & Commercial Real Estate,-6.54,-3.4,-16.9,-16.87,3.82,10.07,-9.26,-13.27,SIDEWAYS,AVOID
2026-08-18,Wires & Cables,-1.57,-2.66,-11.93,-16.13,8.79,10.8,3.28,-0.73,SIDEWAYS,NEUTRAL
2026-08-18,Heavy Electrical Equipment,8.57,2.6,-1.79,-10.87,18.93,16.07,23.45,19.44,SIDEWAYS,WATCH
2026-08-18,Healthcare,-1.76,-2.06,-12.12,-15.53,8.6,11.41,4.78,0.77,SIDEWAYS,NEUTRAL
2026-08-18,"Plywood, MDF & Laminates",-5.31,-3.23,-15.67,-16.7,5.05,10.24,-10.24,-14.25,SIDEWAYS,AVOID
2026-08-18,Aerospace & Defence,3.29,-1.44,-7.07,-14.9,13.65,12.03,11.08,7.07,SIDEWAYS,NEUTRAL
2026-08-18,Transformers & T&D Equipment,-1.1,-2.5,-11.46,-15.96,9.26,10.97,4.07,0.06,SIDEWAYS,NEUTRAL
2026-08-18,Cement,-7.67,-3.11,-18.03,-16.58,2.69,10.36,-11.75,-15.76,SIDEWAYS,AVOID
2026-08-18,Gas Transmission & Distribution,-5.32,-3.75,-15.68,-17.22,5.04,9.71,-11.61,-15.62,SIDEWAYS,AVOID
2026-08-18,Edible Oils,-5.33,-0.46,-15.69,-13.92,5.03,13.01,-14.9,-18.91,SIDEWAYS,AVOID
2026-08-18,Software Products & Digital Services,-2.27,-3.19,-12.63,-16.65,8.09,10.28,-2.58,-6.59,SIDEWAYS,NEUTRAL
2026-08-18,Batteries,6.95,0.71,-3.41,-12.76,17.31,14.18,15.75,11.74,SIDEWAYS,BUY
2026-08-18,Batteries,-10.34,0.43,-20.7,-13.03,0.02,13.9,-18.14,-22.15,SIDEWAYS,AVOID
2026-08-18,Power Generation & Distribution,-8.22,0.43,-18.58,-13.03,2.14,13.9,-18.28,-22.29,SIDEWAYS,AVOID
2026-08-18,Commodity Chemicals,-1.74,-3.19,-12.1,-16.65,8.62,10.28,-2.68,-6.69,SIDEWAYS,NEUTRAL
2026-08-18,Gas Distribution,-10.13,0.43,-20.49,-13.03,0.23,13.9,-17.66,-21.67,SIDEWAYS,AVOID
2026-08-18,Batteries & Energy Storage,-3.45,2.48,-13.81,-10.99,6.91,15.95,3.07,-0.94,SIDEWAYS,NEUTRAL
2026-08-18,Rubber Chemicals,-8.41,0.43,-18.77,-13.03,1.95,13.9,-19.17,-23.18,SIDEWAYS,AVOID
2026-08-18,Tyres & Rubber Products,-3.96,-3.34,-14.32,-16.8,6.4,10.13,-4.91,-8.92,SIDEWAYS,NEUTRAL
2026-08-18,Superalloys & Special Metals,6.21,3.0,-4.15,-10.47,16.57,16.47,18.43,14.42,SIDEWAYS,BUY
2026-08-18,Ceramics & Tiles,-7.92,-2.6,-18.28,-16.07,2.44,10.87,-11.99,-16.0,SIDEWAYS,AVOID
2026-08-18,Lubricants & Specialty Oils,3.0,-2.21,-7.36,-15.67,13.36,11.26,9.49,5.48,SIDEWAYS,WATCH
2026-08-18,Aluminium & Mining,-4.69,-1.85,-15.05,-15.31,5.67,11.62,-2.23,-6.24,SIDEWAYS,NEUTRAL
2026-08-18,Air Conditioners & AC Components,-9.39,0.43,-19.75,-13.03,0.97,13.9,-17.63,-21.64,SIDEWAYS,AVOID
2026-08-18,Civil Construction & Infrastructure,-5.09,-3.4,-15.45,-16.87,5.27,10.07,-10.32,-14.33,SIDEWAYS,AVOID
2026-08-18,Sugar & Bio-Ethanol,5.32,-2.82,-5.04,-16.28,15.68,10.65,9.82,5.81,SIDEWAYS,WATCH
2026-08-18,Asset Management & Wealth,-7.21,-0.77,-17.57,-14.24,3.15,12.7,-17.54,-21.55,SIDEWAYS,AVOID
2026-08-18,Pharmaceuticals & Biotechnology,-2.61,-3.0,-12.97,-16.47,7.75,10.47,0.65,-3.36,SIDEWAYS,NEUTRAL
2026-08-18,Paints & Coatings,8.38,2.48,-1.98,-10.99,18.74,15.95,23.58,19.57,SIDEWAYS,BUY
2026-08-18,Air Conditioners & AC Components,-3.45,-2.63,-13.81,-16.09,6.91,10.84,-12.12,-16.13,SIDEWAYS,AVOID
2026-08-18,"Logistics, Ports & Supply Chain",-1.43,-1.98,-11.79,-15.44,8.93,11.49,-1.69,-5.7,SIDEWAYS,NEUTRAL
2026-08-18,Asset Management Company (AMC),-3.08,-3.69,-13.44,-17.16,7.28,9.78,-6.2,-10.21,SIDEWAYS,AVOID
2026-08-18,Dairy Products,0.14,-3.4,-10.22,-16.86,10.5,10.07,-4.17,-8.18,SIDEWAYS,NEUTRAL
2026-08-18,Telecom Services & Infrastructure,-3.75,-3.57,-14.11,-17.03,6.61,9.9,-6.92,-10.93,SIDEWAYS,AVOID
2026-08-18,Paints,-1.9,-2.34,-12.26,-15.8,8.46,11.13,0.09,-3.92,SIDEWAYS,NEUTRAL
2026-08-18,Logistics & Transportation,-3.23,-2.81,-13.59,-16.28,7.13,10.66,-3.89,-7.9,SIDEWAYS,NEUTRAL
2026-08-18,Mining & Mineral Products,-5.44,-3.16,-15.8,-16.63,4.92,10.3,-6.23,-10.24,SIDEWAYS,AVOID
2026-08-18,Railways,-2.12,-3.69,-12.48,-17.16,8.24,9.78,-4.77,-8.78,SIDEWAYS,NEUTRAL
2026-08-18,Non Banking Financial Company (NBFC),1.47,-3.44,-8.89,-16.91,11.83,10.03,2.28,-1.73,SIDEWAYS,WATCH
2026-08-18,Metals & Mining,-3.3,-1.91,-13.66,-15.38,7.06,11.55,-1.83,-5.84,SIDEWAYS,NEUTRAL
2026-08-18,Utilities,-7.26,0.43,-17.62,-13.03,3.1,13.9,-18.48,-22.49,SIDEWAYS,AVOID
2026-08-18,Railway Financing,-7.57,-5.15,-17.93,-18.61,2.79,8.32,-17.42,-21.43,SIDEWAYS,AVOID
2026-08-18,Railway Wagons & Equipment,-6.45,-3.33,-16.81,-16.8,3.91,10.14,-11.22,-15.23,SIDEWAYS,AVOID
2026-08-18,Microfinance NBFC,-11.64,3.34,-22.0,-10.13,-1.28,16.81,-21.1,-25.11,SIDEWAYS,AVOID
2026-08-18,Railway Ticketing & Catering,-8.26,-0.46,-18.62,-13.92,2.1,13.01,-17.53,-21.54,SIDEWAYS,AVOID
2026-08-18,Water & Wastewater Treatment,-5.83,-0.46,-16.19,-13.92,4.53,13.01,-14.53,-18.54,SIDEWAYS,AVOID
2026-08-18,Media Entertainment & Publication,1.86,-0.43,-8.5,-13.9,12.22,13.04,3.51,-0.5,SIDEWAYS,WATCH
2026-08-18,Water & Wastewater Treatment,-6.9,-2.41,-17.26,-15.88,3.46,11.06,-12.11,-16.12,SIDEWAYS,AVOID
2026-08-18,Zinc & Silver Mining,-3.05,0.17,-13.41,-13.3,7.31,13.63,3.98,-0.03,SIDEWAYS,NEUTRAL
2026-08-18,Packaged Foods & Consumer Staples,-2.88,-3.4,-13.24,-16.87,7.48,10.07,-5.49,-9.5,SIDEWAYS,NEUTRAL
2026-08-18,Plywood & Boards,4.68,-0.22,-5.68,-13.69,15.04,13.24,16.82,12.81,SIDEWAYS,BUY
2026-08-18,Railway Telecom,-8.34,0.14,-18.7,-13.33,2.02,13.61,-18.8,-22.81,SIDEWAYS,AVOID
2026-08-18,Civil Buildings & Commercial EPC,-5.13,0.51,-15.49,-12.96,5.23,13.97,-14.31,-18.32,SIDEWAYS,AVOID
2026-08-18,Media & Entertainment,-5.09,-3.4,-15.45,-16.87,5.27,10.07,-8.23,-12.24,SIDEWAYS,AVOID
2026-08-18,Air Conditioners & Appliances,-7.72,0.43,-18.08,-13.03,2.64,13.9,-18.05,-22.06,SIDEWAYS,AVOID
2026-08-18,Copper Mining,9.13,1.94,-1.23,-11.53,19.49,15.41,23.29,19.28,SIDEWAYS,WATCH
2026-08-18,Plastic Pipes & Moulded Products,-8.21,0.14,-18.57,-13.33,2.15,13.61,-18.87,-22.88,SIDEWAYS,AVOID
2026-08-18,Civil Construction & Infrastructure EPC,-6.61,-2.75,-16.97,-16.22,3.75,10.72,-13.47,-17.48,SIDEWAYS,AVOID
2026-08-18,API & CDMO / CRAMS,0.66,-1.83,-9.7,-15.3,11.02,11.63,4.87,0.86,SIDEWAYS,NEUTRAL
2026-08-18,Packaged Foods & FMCG Staples,-5.66,-3.57,-16.02,-17.03,4.7,9.9,-11.57,-15.58,SIDEWAYS,AVOID
2026-08-18,Structural Steel Tubes & Pipes,6.37,-0.65,-3.99,-14.11,16.73,12.82,20.44,16.43,SIDEWAYS,NEUTRAL
2026-08-18,Construction Materials,7.27,-3.08,-3.09,-16.54,17.63,10.39,20.97,16.96,SIDEWAYS,NEUTRAL
2026-08-18,Telecommunication,-6.05,-2.42,-16.41,-15.89,4.31,11.05,-13.17,-17.18,SIDEWAYS,AVOID
2026-08-18,Consumer Services,-2.3,-3.56,-12.66,-17.03,8.06,9.91,-3.71,-7.72,SIDEWAYS,NEUTRAL
2026-08-18,Pipes & Tubes,-4.11,-3.33,-14.47,-16.8,6.25,10.13,-5.33,-9.34,SIDEWAYS,AVOID
2026-08-18,Internet & Digital Platforms,-5.75,-2.81,-16.11,-16.28,4.61,10.66,-5.15,-9.16,SIDEWAYS,AVOID
2026-08-18,Construction,-1.93,-1.69,-12.29,-15.16,8.43,11.78,0.11,-3.9,SIDEWAYS,NEUTRAL
2026-08-18,Auto Glass,11.3,0.48,0.94,-12.99,21.66,13.95,25.72,21.71,SIDEWAYS,BUY
2026-08-18,Consumer Durables,-0.78,-2.82,-11.14,-16.28,9.58,10.65,1.19,-2.82,SIDEWAYS,NEUTRAL
2026-08-18,Oil Exploration & Refining,-7.04,-3.11,-17.4,-16.58,3.32,10.36,-9.99,-14.0,SIDEWAYS,AVOID
2026-08-18,Realty,-8.74,0.43,-19.1,-13.03,1.62,13.9,-16.68,-20.69,SIDEWAYS,AVOID
2026-08-18,Data Centers & Real Estate,4.27,0.17,-6.09,-13.3,14.63,13.63,15.81,11.8,SIDEWAYS,BUY
2026-08-18,Wealth & Asset Management,5.18,-0.22,-5.18,-13.69,15.54,13.24,16.99,12.98,SIDEWAYS,BUY
2026-08-18,Auto Lighting,-3.52,2.49,-13.88,-10.98,6.84,15.95,2.9,-1.11,SIDEWAYS,NEUTRAL
2026-08-18,Agrochemicals & Pesticides,-7.61,-0.46,-17.97,-13.92,2.75,13.01,-17.23,-21.24,SIDEWAYS,AVOID
2026-08-18,Stockbroking & Financial Products,-3.83,-3.4,-14.19,-16.87,6.53,10.07,-7.83,-11.84,SIDEWAYS,AVOID
2026-08-18,Oil Gas & Consumable Fuels,-2.25,2.14,-12.61,-11.33,8.11,15.61,1.48,-2.53,SIDEWAYS,NEUTRAL
2026-08-18,Insurance,-5.2,-3.57,-15.56,-17.03,5.16,9.9,-9.62,-13.63,SIDEWAYS,AVOID
2026-08-18,Information Technology,1.34,-2.81,-9.02,-16.28,11.7,10.66,1.51,-2.5,SIDEWAYS,WATCH
2026-08-18,Railway Infrastructure,-8.54,0.14,-18.9,-13.33,1.82,13.61,-17.75,-21.76,SIDEWAYS,AVOID
2026-08-18,Power Generation & Utilities,-6.67,-3.75,-17.03,-17.22,3.69,9.71,-14.15,-18.16,SIDEWAYS,AVOID
2026-08-18,Project Management & Civil Construction,-8.39,-0.42,-18.75,-13.89,1.97,13.05,-18.43,-22.44,SIDEWAYS,AVOID
2026-08-18,Copper & Non-Ferrous Metals,7.57,1.76,-2.79,-11.71,17.93,15.22,22.02,18.01,SIDEWAYS,NEUTRAL
2026-08-18,Iron & Steel,-3.71,-3.44,-14.07,-16.91,6.65,10.03,-2.0,-6.01,SIDEWAYS,NEUTRAL
2026-08-18,Affordable Housing Finance Company,-10.9,0.43,-21.26,-13.03,-0.54,13.9,-20.12,-24.13,SIDEWAYS,AVOID
2026-08-18,Railway Infrastructure & Consulting,-8.46,-0.46,-18.82,-13.92,1.9,13.01,-18.27,-22.28,SIDEWAYS,AVOID
2026-08-18,Chemicals,-7.93,-3.23,-18.29,-16.7,2.43,10.24,-13.91,-17.92,SIDEWAYS,AVOID
2026-08-19,Power Sector Financing NBFC,-7.63,-0.46,-17.99,-13.92,2.73,13.01,-15.69,-10.02,WEAK_BEAR,AVOID
2026-08-19,Passenger Cars & Utility Vehicles,-7.3,-1.85,-17.66,-15.31,3.06,11.62,-10.0,-4.33,WEAK_BEAR,AVOID
2026-08-19,Wealth & Asset Management,4.67,0.71,-5.69,-12.76,15.03,14.17,15.06,20.73,WEAK_BEAR,STRONG BUY
2026-08-19,Construction Materials,2.85,-0.72,-7.51,-14.19,13.21,12.75,15.43,21.1,WEAK_BEAR,REDUCE
2026-08-19,Fast Moving Consumer Goods,-2.38,-3.57,-12.74,-17.03,7.98,9.9,-5.51,0.16,WEAK_BEAR,AVOID
2026-08-19,Agrochemicals & Pesticides,-2.4,-0.75,-12.76,-14.22,7.96,12.72,-9.74,-4.07,WEAK_BEAR,AVOID
2026-08-19,Mining & Mineral Products,-5.12,-3.33,-15.48,-16.8,5.24,10.13,-5.41,0.26,WEAK_BEAR,AVOID
2026-08-19,Textiles & Apparel,-5.58,-3.34,-15.94,-16.81,4.78,10.12,-7.81,-2.14,WEAK_BEAR,AVOID
2026-08-19,Water & Wastewater Treatment,0.13,-2.92,-10.23,-16.39,10.49,10.55,-3.21,2.46,WEAK_BEAR,NEUTRAL
2026-08-19,Plastic Pipes & Fittings,-2.54,-3.5,-12.9,-16.97,7.82,9.97,-4.41,1.26,WEAK_BEAR,NEUTRAL
2026-08-19,Rubber Chemicals,-6.85,-0.72,-17.21,-14.18,3.51,12.75,-15.49,-9.82,WEAK_BEAR,AVOID
2026-08-19,Water & Wastewater Treatment,-3.57,-0.75,-13.93,-14.22,6.79,12.72,-10.35,-4.68,WEAK_BEAR,AVOID
2026-08-19,Pumps & Compressors,-2.58,-1.91,-12.94,-15.38,7.78,11.56,-5.43,0.24,WEAK_BEAR,AVOID
2026-08-19,Packaged Foods & Consumer Staples,-2.79,-3.4,-13.15,-16.87,7.57,10.07,-4.57,1.1,WEAK_BEAR,NEUTRAL
2026-08-19,Non Banking Financial Company (NBFC),-3.59,-3.56,-13.95,-17.03,6.77,9.9,-5.1,0.57,WEAK_BEAR,AVOID
2026-08-19,Oil Gas & Consumable Fuels,-9.67,-0.46,-20.03,-13.92,0.69,13.01,-17.53,-11.86,WEAK_BEAR,AVOID
2026-08-19,Explosives & Defence Chemicals,6.49,-2.97,-3.87,-16.44,16.85,10.5,14.73,20.4,WEAK_BEAR,BUY
2026-08-19,Railway Infrastructure,-6.38,-1.05,-16.74,-14.52,3.98,12.42,-13.87,-8.2,WEAK_BEAR,AVOID
2026-08-19,Tractors & Farm Equipment,1.05,-1.85,-9.31,-15.31,11.41,11.62,2.67,8.34,WEAK_BEAR,WATCH
2026-08-19,Batteries & Energy Storage,-3.02,2.1,-13.38,-11.37,7.34,15.56,2.22,7.89,WEAK_BEAR,NEUTRAL
2026-08-19,Microfinance NBFC,-9.58,0.4,-19.94,-13.07,0.78,13.87,-17.32,-11.65,WEAK_BEAR,AVOID
2026-08-19,Electronic Manufacturing Services (EMS),-8.2,-0.46,-18.56,-13.92,2.16,13.01,-14.14,-8.47,WEAK_BEAR,AVOID
2026-08-19,Tea & Coffee,1.23,-3.5,-9.13,-16.97,11.59,9.97,0.35,6.02,WEAK_BEAR,WATCH
2026-08-19,Metals & Mining,-4.29,-2.81,-14.65,-16.28,6.07,10.66,-6.41,-0.74,WEAK_BEAR,AVOID
2026-08-19,Footwear,-6.67,-0.46,-17.03,-13.92,3.69,13.01,-15.98,-10.31,WEAK_BEAR,AVOID
2026-08-19,Electronic Manufacturing Services (EMS),-6.81,-0.62,-17.17,-14.09,3.55,12.84,-15.13,-9.46,WEAK_BEAR,AVOID
2026-08-19,Electronic Manufacturing Services (EMS),5.29,-2.32,-5.07,-15.79,15.65,11.15,11.33,17.0,WEAK_BEAR,BUY
2026-08-19,Consumer Services,-1.84,-3.73,-12.2,-17.2,8.52,9.74,-3.24,2.43,WEAK_BEAR,NEUTRAL
2026-08-19,Power Generation & Utilities,-6.41,-2.87,-16.77,-16.34,3.95,10.6,-13.93,-8.26,WEAK_BEAR,AVOID
2026-08-19,Affordable Housing Finance Company,-6.46,-0.72,-16.82,-14.18,3.9,12.75,-14.95,-9.28,WEAK_BEAR,AVOID
2026-08-19,Bearings & Friction Solutions,2.36,-2.42,-8.0,-15.89,12.72,11.04,5.64,11.31,WEAK_BEAR,WATCH
2026-08-19,Packaging Materials & Containers,-1.26,-2.71,-11.62,-16.17,9.1,10.76,4.2,9.87,WEAK_BEAR,NEUTRAL
2026-08-19,Sugar & Bio-Ethanol,6.27,-1.2,-4.09,-14.67,16.63,12.27,13.06,18.73,WEAK_BEAR,BUY
2026-08-19,Fertilizers,-5.36,-1.61,-15.72,-15.08,5.0,11.86,-13.51,-7.84,WEAK_BEAR,AVOID
2026-08-19,Breweries & Distilleries,-2.86,-2.55,-13.22,-16.02,7.5,10.92,-0.97,4.7,WEAK_BEAR,NEUTRAL
2026-08-19,Civil Construction & Infrastructure,-5.49,-3.28,-15.85,-16.75,4.87,10.19,-8.99,-3.32,WEAK_BEAR,AVOID
2026-08-19,"Textiles, Yarns & Apparel",-3.55,-3.5,-13.91,-16.97,6.81,9.97,-6.35,-0.68,WEAK_BEAR,AVOID
2026-08-19,Consumer Durables,-1.77,-2.75,-12.13,-16.22,8.59,10.72,-1.2,4.47,WEAK_BEAR,NEUTRAL
2026-08-19,Fertilizers & Agrochemicals,-3.8,-3.77,-14.16,-17.24,6.56,9.7,-10.09,-4.42,WEAK_BEAR,AVOID
2026-08-19,Telecom Services & Infrastructure,-5.54,-3.23,-15.9,-16.7,4.82,10.24,-8.47,-2.8,WEAK_BEAR,AVOID
2026-08-19,Semiconductors & Electronic Components,-5.78,6.85,-16.14,-6.62,4.58,20.32,-13.24,-7.57,WEAK_BEAR,AVOID
2026-08-19,Air Conditioners & AC Components,-9.11,-0.46,-19.47,-13.92,1.25,13.01,-16.24,-10.57,WEAK_BEAR,AVOID
2026-08-19,Ship Building & Defence,-0.18,-2.5,-10.54,-15.96,10.18,10.97,-0.97,4.7,WEAK_BEAR,NEUTRAL
2026-08-19,Saw Pipes & Ductile Iron Pipes,4.36,-0.79,-6.0,-14.26,14.72,12.68,14.35,20.02,WEAK_BEAR,BUY
2026-08-19,Railway Infrastructure & Consulting,-6.26,-0.72,-16.62,-14.18,4.1,12.75,-14.39,-8.72,WEAK_BEAR,AVOID
2026-08-19,Oil Exploration & Refining,-4.99,-3.28,-15.35,-16.75,5.37,10.19,-8.57,-2.9,WEAK_BEAR,AVOID
2026-08-19,Paints,-2.43,-2.34,-12.79,-15.8,7.93,11.13,0.03,5.7,WEAK_BEAR,NEUTRAL
2026-08-19,Services,-2.33,-3.4,-12.69,-16.87,8.03,10.07,-3.56,2.11,WEAK_BEAR,NEUTRAL
2026-08-19,Railway Telecom,-1.45,-1.75,-11.81,-15.22,8.91,11.72,-7.97,-2.3,WEAK_BEAR,AVOID
2026-08-19,Financial Services,-3.52,-3.57,-13.88,-17.03,6.84,9.9,-6.49,-0.82,WEAK_BEAR,AVOID
2026-08-19,Capital Goods,0.18,-2.92,-10.18,-16.39,10.54,10.54,3.56,9.23,WEAK_BEAR,NEUTRAL
2026-08-19,API & CDMO / CRAMS,0.11,-1.91,-10.25,-15.38,10.47,11.56,2.48,8.15,WEAK_BEAR,NEUTRAL
2026-08-19,Capital Markets & Asset Management,-1.27,-3.5,-11.63,-16.97,9.09,9.97,-3.53,2.14,WEAK_BEAR,NEUTRAL
2026-08-19,Civil Construction & Infrastructure EPC,-1.04,-3.56,-11.4,-17.03,9.32,9.91,-4.87,0.8,WEAK_BEAR,NEUTRAL
2026-08-19,Air Conditioners & AC Components,-3.33,-3.43,-13.69,-16.9,7.03,10.03,-10.65,-4.98,WEAK_BEAR,AVOID
2026-08-19,Media & Entertainment,-4.38,-3.28,-14.74,-16.75,5.98,10.19,-6.98,-1.31,WEAK_BEAR,AVOID
2026-08-19,Gas Distribution,-8.18,-0.46,-18.54,-13.92,2.18,13.01,-14.11,-8.44,WEAK_BEAR,AVOID
2026-08-19,Hotels & Restaurants,-0.3,-3.85,-10.66,-17.32,10.06,9.62,-4.71,0.96,WEAK_BEAR,NEUTRAL
2026-08-19,Chemicals,-7.17,-3.56,-17.53,-17.03,3.19,9.91,-12.73,-7.06,WEAK_BEAR,AVOID
2026-08-19,Iron & Steel,-3.56,-3.44,-13.92,-16.91,6.8,10.03,-1.52,4.15,WEAK_BEAR,NEUTRAL
2026-08-19,Pipes & Tubes,-4.57,-3.4,-14.93,-16.87,5.79,10.07,-5.89,-0.22,WEAK_BEAR,AVOID
2026-08-19,Automobile and Auto Components,-2.8,-1.98,-13.16,-15.44,7.56,11.49,0.79,6.46,WEAK_BEAR,NEUTRAL
2026-08-19,Travel Tech SaaS Solutions,4.22,2.1,-6.14,-11.37,14.58,15.56,13.03,18.7,WEAK_BEAR,BUY
2026-08-19,Telecommunication,-3.88,-3.23,-14.24,-16.7,6.48,10.24,-9.17,-3.5,WEAK_BEAR,AVOID
2026-08-19,Textiles,6.26,2.62,-4.1,-10.85,16.62,16.09,16.39,22.06,WEAK_BEAR,STRONG BUY
2026-08-19,Utilities,-7.07,-0.72,-17.43,-14.18,3.29,12.75,-16.54,-10.87,WEAK_BEAR,AVOID
2026-08-19,Diversified Commercial,-2.96,-3.56,-13.32,-17.03,7.4,9.9,-3.18,2.49,WEAK_BEAR,NEUTRAL
2026-08-19,Railways,-5.85,0.65,-16.21,-12.82,4.51,14.12,-10.79,-5.12,WEAK_BEAR,AVOID
2026-08-19,Renewable Energy Financing NBFC,-6.94,-1.61,-17.3,-15.08,3.42,11.86,-15.25,-9.58,WEAK_BEAR,AVOID
2026-08-19,Cement & Clinker,-3.97,-3.73,-14.33,-17.2,6.39,9.74,-8.93,-3.26,WEAK_BEAR,AVOID
2026-08-19,Logistics & Transportation,-3.5,-2.87,-13.86,-16.34,6.86,10.59,-4.62,1.05,WEAK_BEAR,AVOID
2026-08-19,Hospitals & Healthcare Services,0.32,-0.79,-10.04,-14.26,10.68,12.68,9.16,14.83,WEAK_BEAR,NEUTRAL
2026-08-19,Dairy Products,-2.72,-3.4,-13.08,-16.86,7.64,10.07,-6.05,-0.38,WEAK_BEAR,AVOID
2026-08-19,Asset Management Company (AMC),-1.5,-3.55,-11.86,-17.02,8.86,9.92,-3.7,1.97,WEAK_BEAR,NEUTRAL
2026-08-19,Automobile OEMs,-2.78,-2.84,-13.14,-16.31,7.58,10.63,-0.22,5.45,WEAK_BEAR,NEUTRAL
2026-08-19,Project Management & Civil Construction,-8.37,-0.57,-18.73,-14.04,1.99,12.9,-16.15,-10.48,WEAK_BEAR,AVOID
2026-08-19,Internet & Digital Platforms,-3.0,-3.5,-13.36,-16.97,7.36,9.97,-3.82,1.85,WEAK_BEAR,NEUTRAL
2026-08-19,"Hotels, Resorts & QSR",-2.11,-3.4,-12.47,-16.87,8.25,10.07,-4.14,1.53,WEAK_BEAR,NEUTRAL
2026-08-19,Ceramics & Tiles,-7.35,-2.75,-17.71,-16.22,3.01,10.72,-11.7,-6.03,WEAK_BEAR,AVOID
2026-08-19,Renewable Energy,-7.84,-0.46,-18.2,-13.92,2.52,13.01,-15.77,-10.1,WEAK_BEAR,AVOID
2026-08-19,Superalloys & Special Metals,5.63,2.1,-4.73,-11.37,15.99,15.56,13.72,19.39,WEAK_BEAR,BUY
2026-08-19,Information Technology,0.77,-2.81,-9.59,-16.28,11.13,10.66,1.07,6.74,WEAK_BEAR,WATCH
2026-08-19,Insurance,-2.42,-3.57,-12.78,-17.03,7.94,9.9,-7.51,-1.84,WEAK_BEAR,AVOID
2026-08-19,Diagnostic & Healthcare Laboratories,-5.91,-0.72,-16.27,-14.18,4.45,12.75,-12.28,-6.61,WEAK_BEAR,AVOID
2026-08-19,Stockbroking & Financial Products,-4.35,-3.4,-14.71,-16.87,6.01,10.07,-7.63,-1.96,WEAK_BEAR,AVOID
2026-08-19,Auto Lighting,-3.46,2.62,-13.82,-10.85,6.9,16.09,1.21,6.88,WEAK_BEAR,NEUTRAL
2026-08-19,Paper & Paper Products,-5.19,-3.28,-15.55,-16.75,5.17,10.19,-6.42,-0.75,WEAK_BEAR,AVOID
2026-08-19,Auto Parts & Equipment,0.14,-3.21,-10.22,-16.68,10.5,10.26,4.47,10.14,WEAK_BEAR,NEUTRAL
2026-08-19,Data Centers & Real Estate,5.96,-2.42,-4.4,-15.89,16.32,11.04,16.7,22.37,WEAK_BEAR,STRONG BUY
2026-08-19,Realty,-5.48,-0.72,-15.84,-14.18,4.88,12.75,-12.62,-6.95,WEAK_BEAR,AVOID
2026-08-19,Renewable Energy - Solar & Wind,-5.69,-3.98,-16.05,-17.45,4.67,9.49,-13.3,-7.63,WEAK_BEAR,AVOID
2026-08-19,Auto Glass,7.1,-2.97,-3.26,-16.44,17.46,10.5,16.14,21.81,WEAK_BEAR,STRONG BUY
2026-08-19,Diversified & Fashion Retail,-5.05,-3.57,-15.41,-17.03,5.31,9.9,-9.97,-4.3,WEAK_BEAR,AVOID
2026-08-19,Steel Manufacturing & Mining,5.98,0.71,-4.38,-12.76,16.34,14.17,16.39,22.06,WEAK_BEAR,STRONG BUY
2026-08-19,Construction,-2.85,-2.04,-13.21,-15.51,7.51,11.43,0.06,5.73,WEAK_BEAR,NEUTRAL
2026-08-19,Packaging & Containers,3.94,2.1,-6.42,-11.37,14.3,15.56,16.1,21.77,WEAK_BEAR,STRONG BUY
2026-08-19,Housing & Urban Infrastructure Financing,-6.13,-2.07,-16.49,-15.53,4.23,11.4,-14.24,-8.57,WEAK_BEAR,AVOID
2026-08-19,Commodity Chemicals,-1.23,-3.27,-11.59,-16.74,9.13,10.2,-2.15,3.52,WEAK_BEAR,NEUTRAL
2026-08-19,Hospitals & Diagnostic Centres,-2.88,-3.51,-13.24,-16.98,7.48,9.96,-3.48,2.19,WEAK_BEAR,NEUTRAL
2026-08-19,Paints & Coatings,6.9,2.1,-3.46,-11.37,17.26,15.57,19.47,25.14,WEAK_BEAR,STRONG BUY
2026-08-19,Plastic Pipes & Moulded Products,-5.19,-1.47,-15.55,-14.94,5.17,12.0,-13.97,-8.3,WEAK_BEAR,AVOID
2026-08-19,Cement,-5.05,-3.4,-15.41,-16.87,5.31,10.07,-8.92,-3.25,WEAK_BEAR,AVOID
2026-08-19,Air Conditioners & Appliances,-6.42,-0.72,-16.78,-14.18,3.94,12.75,-14.84,-9.17,WEAK_BEAR,AVOID
2026-08-19,Roads & Highways EPC,-6.27,-1.64,-16.63,-15.11,4.09,11.82,-14.49,-8.82,WEAK_BEAR,AVOID
2026-08-19,Gas Transmission & Distribution,1.5,-1.52,-8.86,-14.98,11.86,11.95,1.06,6.73,WEAK_BEAR,WATCH
2026-08-19,Tyres & Rubber Products,-2.77,-3.5,-13.13,-16.97,7.59,9.97,-4.66,1.01,WEAK_BEAR,NEUTRAL
2026-08-19,Civil Buildings & Commercial EPC,-6.25,-0.46,-16.61,-13.92,4.11,13.01,-14.72,-9.05,WEAK_BEAR,AVOID
2026-08-19,Edible Oils,-4.52,-2.1,-14.88,-15.57,5.84,11.37,-10.96,-5.29,WEAK_BEAR,AVOID
2026-08-19,Software Products & Digital Services,-2.26,-3.27,-12.62,-16.74,8.1,10.2,-2.29,3.38,WEAK_BEAR,NEUTRAL
2026-08-19,Plywood & Boards,2.73,0.71,-7.63,-12.76,13.09,14.17,12.92,18.59,WEAK_BEAR,BUY
2026-08-19,Zinc & Silver Mining,-2.21,0.13,-12.57,-13.34,8.15,13.59,4.07,9.74,WEAK_BEAR,NEUTRAL
2026-08-19,Media Entertainment & Publication,0.9,-1.98,-9.46,-15.45,11.26,11.49,0.16,5.83,WEAK_BEAR,NEUTRAL
2026-08-19,Railway Ticketing & Catering,-6.38,-2.07,-16.74,-15.53,3.98,11.4,-14.19,-8.52,WEAK_BEAR,AVOID
2026-08-19,Batteries,1.12,2.26,-9.24,-11.2,11.48,15.73,2.43,8.1,WEAK_BEAR,NEUTRAL
2026-08-19,Batteries,-8.32,-0.46,-18.68,-13.92,2.04,13.01,-14.42,-8.75,WEAK_BEAR,AVOID
2026-08-19,Copper & Non-Ferrous Metals,3.79,2.64,-6.57,-10.83,14.15,16.11,15.81,21.48,WEAK_BEAR,STRONG BUY
2026-08-19,Power Generation & Distribution,-7.02,0.43,-17.38,-13.03,3.34,13.9,-14.35,-8.68,WEAK_BEAR,AVOID
2026-08-19,Transformers & T&D Equipment,-1.88,-2.71,-12.24,-16.17,8.48,10.76,1.77,7.44,WEAK_BEAR,NEUTRAL
2026-08-19,Copper Mining,3.09,5.03,-7.27,-8.44,13.45,18.5,16.22,21.89,WEAK_BEAR,REDUCE
2026-08-19,Aerospace & Defence,0.37,-2.59,-9.99,-16.06,10.73,10.88,4.86,10.53,WEAK_BEAR,NEUTRAL
2026-08-19,"Plywood, MDF & Laminates",-4.44,-3.4,-14.8,-16.87,5.92,10.07,-8.49,-2.82,WEAK_BEAR,AVOID
2026-08-19,Banks,-1.98,-3.0,-12.34,-16.47,8.38,10.47,-0.35,5.32,WEAK_BEAR,NEUTRAL
2026-08-19,Pharmaceuticals & Biotechnology,-2.32,-3.0,-12.68,-16.47,8.04,10.47,0.64,6.31,WEAK_BEAR,NEUTRAL
2026-08-19,Asset Management & Wealth,0.84,-1.52,-9.52,-14.98,11.2,11.95,-0.46,5.21,WEAK_BEAR,NEUTRAL
2026-08-19,Power,-6.52,-2.52,-16.88,-15.98,3.84,10.95,-11.77,-6.1,WEAK_BEAR,AVOID
2026-08-19,Diversified Retail,-0.13,-3.39,-10.49,-16.86,10.23,10.08,-2.89,2.78,WEAK_BEAR,NEUTRAL
2026-08-19,Pharmaceuticals,-1.14,-2.82,-11.5,-16.29,9.22,10.65,1.68,7.35,WEAK_BEAR,NEUTRAL
2026-08-19,Aluminium & Mining,-4.44,-2.81,-14.8,-16.28,5.92,10.66,-3.49,2.18,WEAK_BEAR,NEUTRAL
2026-08-19,Specialty Chemicals,-1.79,-2.82,-12.15,-16.29,8.57,10.65,-0.35,5.32,WEAK_BEAR,NEUTRAL
2026-08-19,"Logistics, Ports & Supply Chain",-0.71,-3.18,-11.07,-16.65,9.65,10.28,-1.74,3.93,WEAK_BEAR,NEUTRAL
2026-08-19,Lubricants & Specialty Oils,4.17,-2.71,-6.19,-16.17,14.53,10.76,8.53,14.2,WEAK_BEAR,WATCH
2026-08-19,Residential & Commercial Real Estate,-3.93,-3.63,-14.29,-17.1,6.43,9.84,-9.23,-3.56,WEAK_BEAR,AVOID
2026-08-19,Wires & Cables,-1.95,-2.75,-12.31,-16.22,8.41,10.72,2.33,8.0,WEAK_BEAR,NEUTRAL
2026-08-19,Heavy Electrical Equipment,4.23,4.42,-6.13,-9.05,14.59,17.88,18.83,24.5,WEAK_BEAR,REDUCE
2026-08-19,Railway Financing,-5.38,0.36,-15.74,-13.11,4.98,13.82,-13.04,-7.37,WEAK_BEAR,AVOID
2026-08-19,Healthcare,-0.99,-2.46,-11.35,-15.92,9.37,11.01,3.97,9.64,WEAK_BEAR,NEUTRAL
2026-08-19,Packaged Foods & FMCG Staples,-5.98,-3.4,-16.34,-16.87,4.38,10.07,-9.49,-3.82,WEAK_BEAR,AVOID
2026-08-19,Structural Steel Tubes & Pipes,5.17,1.06,-5.19,-12.4,15.53,14.53,16.55,22.22,WEAK_BEAR,STRONG BUY
2026-08-19,Railway Wagons & Equipment,-5.87,-2.07,-16.23,-15.53,4.49,11.4,-14.43,-8.76,WEAK_BEAR,AVOID
2026-08-19,IT Consulting & Software,-5.02,-4.45,-15.38,-17.92,5.34,9.02,-9.51,-3.84,WEAK_BEAR,AVOID
2026-08-20,API & CDMO / CRAMS,7.58,0.05,-2.78,-13.42,17.94,13.52,15.41,11.4,SIDEWAYS,BUY
2026-08-20,"Plywood, MDF & Laminates",-0.76,-2.45,-11.12,-15.92,9.6,11.02,-3.11,-7.12,SIDEWAYS,NEUTRAL
2026-08-20,Ship Building & Defence,-3.51,-1.49,-13.87,-14.96,6.85,11.97,-2.01,-6.02,SIDEWAYS,NEUTRAL
2026-08-20,Dairy Products,1.38,-2.62,-8.98,-16.09,11.74,10.85,1.13,-2.88,SIDEWAYS,WATCH
2026-08-20,Railway Telecom,-6.79,-0.26,-17.15,-13.72,3.57,13.21,-17.01,-21.02,SIDEWAYS,AVOID
2026-08-20,Data Centers & Real Estate,8.0,-0.22,-2.36,-13.69,18.36,13.24,21.64,17.63,SIDEWAYS,BUY
2026-08-20,Stockbroking & Financial Products,-4.73,-3.4,-15.09,-16.87,5.63,10.07,-8.54,-12.55,SIDEWAYS,AVOID
2026-08-20,Diagnostic & Healthcare Laboratories,-5.8,-0.46,-16.16,-13.92,4.56,13.01,-13.43,-17.44,SIDEWAYS,AVOID
2026-08-20,Microfinance NBFC,-1.11,3.49,-11.47,-9.98,9.25,16.95,1.79,-2.22,SIDEWAYS,NEUTRAL
2026-08-20,Diversified & Fashion Retail,-6.09,-3.57,-16.45,-17.03,4.27,9.9,-12.0,-16.01,SIDEWAYS,AVOID
2026-08-20,Metals & Mining,-2.18,-2.62,-12.54,-16.09,8.18,10.85,-4.25,-8.26,SIDEWAYS,NEUTRAL
2026-08-20,Steel Manufacturing & Mining,6.96,-0.22,-3.4,-13.69,17.32,13.24,19.29,15.28,SIDEWAYS,BUY
2026-08-20,Diversified Commercial,-2.78,-3.19,-13.14,-16.65,7.58,10.28,-2.66,-6.67,SIDEWAYS,NEUTRAL
2026-08-20,Railway Ticketing & Catering,-7.35,-0.46,-17.71,-13.92,3.01,13.01,-15.84,-19.85,SIDEWAYS,AVOID
2026-08-20,Diversified Retail,-0.16,-3.22,-10.52,-16.69,10.2,10.25,-3.66,-7.67,SIDEWAYS,NEUTRAL
2026-08-20,Specialty Chemicals,-2.76,-3.44,-13.12,-16.91,7.6,10.03,-2.52,-6.53,SIDEWAYS,NEUTRAL
2026-08-20,Edible Oils,-0.21,-0.46,-10.57,-13.92,10.15,13.01,-6.06,-10.07,SIDEWAYS,NEUTRAL
2026-08-20,Media Entertainment & Publication,1.38,-2.34,-8.98,-15.8,11.74,11.13,0.3,-3.71,SIDEWAYS,WATCH
2026-08-20,Structural Steel Tubes & Pipes,6.21,-0.72,-4.15,-14.19,16.57,12.75,20.74,16.73,SIDEWAYS,NEUTRAL
2026-08-20,Mining & Mineral Products,-6.73,-3.16,-17.09,-16.63,3.63,10.3,-7.84,-11.85,SIDEWAYS,AVOID
2026-08-20,Copper Mining,5.74,6.45,-4.62,-7.02,16.1,19.92,20.77,16.76,SIDEWAYS,REDUCE
2026-08-20,Non Banking Financial Company (NBFC),-4.21,-3.4,-14.57,-16.86,6.15,10.07,-5.04,-9.05,SIDEWAYS,NEUTRAL
2026-08-20,Packaged Foods & Consumer Staples,-0.48,-2.22,-10.84,-15.69,9.88,11.25,-1.44,-5.45,SIDEWAYS,NEUTRAL
2026-08-20,Telecom Services & Infrastructure,-6.36,-3.23,-16.72,-16.7,4.0,10.24,-9.08,-13.09,SIDEWAYS,AVOID
2026-08-20,Civil Construction & Infrastructure EPC,-5.88,-2.75,-16.24,-16.22,4.48,10.72,-12.76,-16.77,SIDEWAYS,AVOID
2026-08-20,Railway Infrastructure,-5.01,-0.55,-15.37,-14.01,5.35,12.92,-13.0,-17.01,SIDEWAYS,AVOID
2026-08-20,Commodity Chemicals,0.63,-3.04,-9.73,-16.51,10.99,10.43,0.53,-3.48,SIDEWAYS,WATCH
2026-08-20,Tea & Coffee,-1.52,-3.49,-11.88,-16.96,8.84,9.98,-4.59,-8.6,SIDEWAYS,NEUTRAL
2026-08-20,Construction,0.28,-1.98,-10.08,-15.45,10.64,11.49,1.53,-2.48,SIDEWAYS,WATCH
2026-08-20,Software Products & Digital Services,-1.55,-3.27,-11.91,-16.74,8.81,10.2,-1.75,-5.76,SIDEWAYS,NEUTRAL
2026-08-20,Renewable Energy - Solar & Wind,-5.41,-3.4,-15.77,-16.86,4.95,10.07,-13.04,-17.05,SIDEWAYS,AVOID
2026-08-20,Oil Exploration & Refining,-5.34,-3.4,-15.7,-16.87,5.02,10.07,-10.65,-14.66,SIDEWAYS,AVOID
2026-08-20,Superalloys & Special Metals,2.37,2.48,-7.99,-10.99,12.73,15.95,16.39,12.38,SIDEWAYS,BUY
2026-08-20,Consumer Durables,-1.01,-2.82,-11.37,-16.28,9.35,10.65,0.38,-3.63,SIDEWAYS,NEUTRAL
2026-08-20,Railway Infrastructure & Consulting,-7.45,-0.46,-17.81,-13.92,2.91,13.01,-17.13,-21.14,SIDEWAYS,AVOID
2026-08-20,Consumer Services,-1.9,-3.55,-12.26,-17.02,8.46,9.92,-2.32,-6.33,SIDEWAYS,NEUTRAL
2026-08-20,Sugar & Bio-Ethanol,8.99,-0.12,-1.37,-13.58,19.35,13.35,19.23,15.22,SIDEWAYS,STRONG BUY
2026-08-20,Copper & Non-Ferrous Metals,7.29,1.76,-3.07,-11.71,17.65,15.22,20.39,16.38,SIDEWAYS,WATCH
2026-08-20,Construction Materials,6.28,0.3,-4.08,-13.17,16.64,13.77,20.01,16.0,SIDEWAYS,BUY
2026-08-20,Media & Entertainment,-5.49,-3.27,-15.85,-16.74,4.87,10.2,-5.36,-9.37,SIDEWAYS,NEUTRAL
2026-08-20,Electronic Manufacturing Services (EMS),-6.94,-3.16,-17.3,-16.63,3.42,10.3,-8.54,-12.55,SIDEWAYS,AVOID
2026-08-20,Electronic Manufacturing Services (EMS),-8.11,-0.46,-18.47,-13.92,2.25,13.01,-18.02,-22.03,SIDEWAYS,AVOID
2026-08-20,Internet & Digital Platforms,-3.18,-3.33,-13.54,-16.8,7.18,10.13,-3.27,-7.28,SIDEWAYS,NEUTRAL
2026-08-20,Gas Transmission & Distribution,-4.59,-3.75,-14.95,-17.22,5.77,9.71,-9.78,-13.79,SIDEWAYS,AVOID
2026-08-20,Realty,-2.56,-0.49,-12.92,-13.96,7.8,12.98,-10.41,-14.42,SIDEWAYS,AVOID
2026-08-20,Roads & Highways EPC,-7.62,-0.42,-17.98,-13.89,2.74,13.05,-18.17,-22.18,SIDEWAYS,AVOID
2026-08-20,Healthcare,1.12,-2.08,-9.24,-15.55,11.48,11.39,5.41,1.4,SIDEWAYS,NEUTRAL
2026-08-20,Heavy Electrical Equipment,6.44,4.42,-3.92,-9.05,16.8,17.88,22.1,18.09,SIDEWAYS,REDUCE
2026-08-20,Insurance,-4.72,-3.57,-15.08,-17.03,5.64,9.9,-9.85,-13.86,SIDEWAYS,AVOID
2026-08-20,Gas Distribution,-10.32,0.43,-20.68,-13.03,0.04,13.9,-18.07,-22.08,SIDEWAYS,AVOID
2026-08-20,Residential & Commercial Real Estate,-6.51,-3.39,-16.87,-16.86,3.85,10.08,-10.9,-14.91,SIDEWAYS,AVOID
2026-08-20,Information Technology,-3.39,-2.81,-13.75,-16.28,6.97,10.66,-4.32,-8.33,SIDEWAYS,NEUTRAL
2026-08-20,Hospitals & Healthcare Services,-1.45,1.49,-11.81,-11.98,8.91,14.95,7.65,3.64,SIDEWAYS,NEUTRAL
2026-08-20,Renewable Energy,-10.28,0.43,-20.64,-13.03,0.08,13.9,-19.09,-23.1,SIDEWAYS,AVOID
2026-08-20,Renewable Energy Financing NBFC,-7.99,-0.42,-18.35,-13.89,2.37,13.05,-18.38,-22.39,SIDEWAYS,AVOID
2026-08-20,Hotels & Restaurants,-5.58,-3.73,-15.94,-17.2,4.78,9.74,-12.96,-16.97,SIDEWAYS,AVOID
2026-08-20,"Hotels, Resorts & QSR",-2.26,-2.75,-12.62,-16.22,8.1,10.72,-2.77,-6.78,SIDEWAYS,NEUTRAL
2026-08-20,IT Consulting & Software,-4.65,-4.39,-15.01,-17.85,5.71,9.08,-9.58,-13.59,SIDEWAYS,AVOID
2026-08-20,Hospitals & Diagnostic Centres,-4.19,-3.19,-14.55,-16.65,6.17,10.28,-3.89,-7.9,SIDEWAYS,NEUTRAL
2026-08-20,Civil Construction & Infrastructure,-5.61,-3.4,-15.97,-16.87,4.75,10.07,-10.27,-14.28,SIDEWAYS,AVOID
2026-08-20,Rubber Chemicals,-7.79,0.43,-18.15,-13.03,2.57,13.9,-18.48,-22.49,SIDEWAYS,AVOID
2026-08-20,Footwear,-3.98,0.77,-14.34,-12.7,6.38,14.24,-11.32,-15.33,SIDEWAYS,AVOID
2026-08-20,Electronic Manufacturing Services (EMS),5.42,-2.11,-4.94,-15.58,15.78,11.36,11.48,7.47,SIDEWAYS,WATCH
2026-08-20,Railway Wagons & Equipment,-4.12,-3.02,-14.48,-16.49,6.24,10.44,-8.37,-12.38,SIDEWAYS,AVOID
2026-08-20,Lubricants & Specialty Oils,2.05,-2.21,-8.31,-15.67,12.41,11.26,7.64,3.63,SIDEWAYS,NEUTRAL
2026-08-20,Aerospace & Defence,0.12,-2.52,-10.24,-15.99,10.48,10.95,5.79,1.78,SIDEWAYS,NEUTRAL
2026-08-20,Explosives & Defence Chemicals,2.15,-0.22,-8.21,-13.69,12.51,13.24,15.9,11.89,SIDEWAYS,BUY
2026-08-20,Fast Moving Consumer Goods,-2.07,-3.57,-12.43,-17.03,8.29,9.9,-4.97,-8.98,SIDEWAYS,NEUTRAL
2026-08-20,"Logistics, Ports & Supply Chain",-1.82,-1.98,-12.18,-15.44,8.54,11.49,-1.1,-5.11,SIDEWAYS,NEUTRAL
2026-08-20,Iron & Steel,-2.9,-3.44,-13.26,-16.91,7.46,10.03,-1.87,-5.88,SIDEWAYS,NEUTRAL
2026-08-20,Zinc & Silver Mining,6.78,1.11,-3.58,-12.35,17.14,14.58,20.35,16.34,SIDEWAYS,BUY
2026-08-20,Fertilizers,-8.49,0.43,-18.85,-13.03,1.87,13.9,-16.95,-20.96,SIDEWAYS,AVOID
2026-08-20,Fertilizers & Agrochemicals,-4.96,-3.6,-15.32,-17.07,5.4,9.87,-12.76,-16.77,SIDEWAYS,AVOID
2026-08-20,Logistics & Transportation,-4.2,-2.81,-14.56,-16.28,6.16,10.66,-5.03,-9.04,SIDEWAYS,NEUTRAL
2026-08-20,Railways,0.53,0.79,-9.83,-12.68,10.89,14.26,0.28,-3.73,SIDEWAYS,NEUTRAL
2026-08-20,Semiconductors & Electronic Components,-6.93,1.58,-17.29,-11.89,3.43,15.04,-15.88,-19.89,SIDEWAYS,AVOID
2026-08-20,Saw Pipes & Ductile Iron Pipes,5.56,-0.22,-4.8,-13.69,15.92,13.24,16.76,12.75,SIDEWAYS,BUY
2026-08-20,Financial Services,-3.15,-2.98,-13.51,-16.45,7.21,10.49,-4.04,-8.05,SIDEWAYS,NEUTRAL
2026-08-20,Services,2.46,-3.33,-7.9,-16.8,12.82,10.13,2.1,-1.91,SIDEWAYS,WATCH
2026-08-20,Packaged Foods & FMCG Staples,-6.1,-3.4,-16.46,-16.87,4.26,10.07,-9.67,-13.68,SIDEWAYS,AVOID
2026-08-20,Oil Gas & Consumable Fuels,-11.65,0.43,-22.01,-13.03,-1.29,13.9,-21.12,-25.13,SIDEWAYS,AVOID
2026-08-20,Telecommunication,-7.66,-2.42,-18.02,-15.89,2.7,11.05,-13.46,-17.47,SIDEWAYS,AVOID
2026-08-20,Auto Glass,6.3,-0.22,-4.06,-13.69,16.66,13.24,17.6,13.59,SIDEWAYS,BUY
2026-08-20,Auto Lighting,-10.55,3.34,-20.91,-10.13,-0.19,16.81,-18.6,-22.61,SIDEWAYS,AVOID
2026-08-20,Pharmaceuticals & Biotechnology,-3.93,-3.0,-14.29,-16.47,6.43,10.47,-0.45,-4.46,SIDEWAYS,NEUTRAL
2026-08-20,Tyres & Rubber Products,-6.11,-3.16,-16.47,-16.63,4.25,10.3,-6.64,-10.65,SIDEWAYS,AVOID
2026-08-20,Auto Parts & Equipment,-0.11,-2.81,-10.47,-16.28,10.25,10.66,4.84,0.83,SIDEWAYS,NEUTRAL
2026-08-20,Pharmaceuticals,1.1,-2.65,-9.26,-16.12,11.46,10.82,3.77,-0.24,SIDEWAYS,WATCH
2026-08-20,Automobile OEMs,-3.65,-2.23,-14.01,-15.7,6.71,11.24,-0.09,-4.1,SIDEWAYS,NEUTRAL
2026-08-20,Power Sector Financing NBFC,-7.48,0.77,-17.84,-12.7,2.88,14.24,-17.1,-21.11,SIDEWAYS,AVOID
2026-08-20,Civil Buildings & Commercial EPC,-9.18,0.43,-19.54,-13.03,1.18,13.9,-20.24,-24.25,SIDEWAYS,AVOID
2026-08-20,Travel Tech SaaS Solutions,7.77,3.0,-2.59,-10.47,18.13,16.47,17.63,13.62,SIDEWAYS,BUY
2026-08-20,Automobile and Auto Components,-1.05,-1.98,-11.41,-15.45,9.31,11.49,5.47,1.46,SIDEWAYS,NEUTRAL
2026-08-20,Banks,-0.97,-3.0,-11.33,-16.47,9.39,10.47,0.63,-3.38,SIDEWAYS,NEUTRAL
2026-08-20,Passenger Cars & Utility Vehicles,-11.74,0.04,-22.1,-13.43,-1.38,13.5,-21.32,-25.33,SIDEWAYS,AVOID
2026-08-20,Transformers & T&D Equipment,-0.44,-2.5,-10.8,-15.96,9.92,10.97,3.44,-0.57,SIDEWAYS,NEUTRAL
2026-08-20,Batteries,7.22,0.94,-3.14,-12.53,17.58,14.4,16.37,12.36,SIDEWAYS,BUY
2026-08-20,Utilities,-8.65,0.43,-19.01,-13.03,1.71,13.9,-20.16,-24.17,SIDEWAYS,AVOID
2026-08-20,Power Generation & Utilities,-7.89,-0.57,-18.25,-14.04,2.47,12.9,-15.4,-19.41,SIDEWAYS,AVOID
2026-08-20,Asset Management Company (AMC),0.64,-3.38,-9.72,-16.85,11.0,10.09,-1.18,-5.19,SIDEWAYS,NEUTRAL
2026-08-20,Pipes & Tubes,-4.25,-3.39,-14.61,-16.86,6.11,10.08,-5.5,-9.51,SIDEWAYS,NEUTRAL
2026-08-20,Wires & Cables,-1.21,-2.82,-11.57,-16.28,9.15,10.65,4.34,0.33,SIDEWAYS,NEUTRAL
2026-08-20,Affordable Housing Finance Company,-5.11,-0.46,-15.47,-13.92,5.25,13.01,-14.61,-18.62,SIDEWAYS,AVOID
2026-08-20,Plywood & Boards,3.8,0.3,-6.56,-13.17,14.16,13.77,15.8,11.79,SIDEWAYS,BUY
2026-08-20,Agrochemicals & Pesticides,-7.94,-0.46,-18.3,-13.92,2.42,13.01,-18.01,-22.02,SIDEWAYS,AVOID
2026-08-20,Plastic Pipes & Moulded Products,-7.11,0.14,-17.47,-13.33,3.25,13.61,-17.72,-21.73,SIDEWAYS,AVOID
2026-08-20,Wealth & Asset Management,9.47,-3.1,-0.89,-16.56,19.83,10.37,22.93,18.92,SIDEWAYS,WATCH
2026-08-20,Air Conditioners & AC Components,-10.67,0.43,-21.03,-13.03,-0.31,13.9,-18.89,-22.9,SIDEWAYS,AVOID
2026-08-20,Batteries,-9.68,0.43,-20.04,-13.03,0.68,13.9,-16.61,-20.62,SIDEWAYS,AVOID
2026-08-20,Air Conditioners & AC Components,-3.51,-3.4,-13.87,-16.86,6.85,10.07,-10.8,-14.81,SIDEWAYS,AVOID
2026-08-20,Power Generation & Distribution,-10.09,2.67,-20.45,-10.8,0.27,16.14,-17.56,-21.57,SIDEWAYS,AVOID
2026-08-20,Water & Wastewater Treatment,-0.98,-2.38,-11.34,-15.85,9.38,11.09,-6.15,-10.16,SIDEWAYS,AVOID
2026-08-20,Water & Wastewater Treatment,-0.72,5.61,-11.08,-7.86,9.64,19.08,-7.22,-11.23,SIDEWAYS,NEUTRAL
2026-08-20,Air Conditioners & Appliances,-6.84,0.66,-17.2,-12.81,3.52,14.13,-16.47,-20.48,SIDEWAYS,AVOID
2026-08-20,Plastic Pipes & Fittings,-5.49,-3.16,-15.85,-16.63,4.87,10.3,-5.22,-9.23,SIDEWAYS,NEUTRAL
2026-08-20,Aluminium & Mining,-4.52,-2.45,-14.88,-15.92,5.84,11.02,-3.84,-7.85,SIDEWAYS,NEUTRAL
2026-08-20,Asset Management & Wealth,5.6,0.44,-4.76,-13.03,15.96,13.9,12.66,8.65,SIDEWAYS,WATCH
2026-08-20,Power,-7.19,-2.42,-17.55,-15.89,3.17,11.05,-14.91,-18.92,SIDEWAYS,AVOID
2026-08-20,Paper & Paper Products,-6.37,-3.11,-16.73,-16.58,3.99,10.36,-10.12,-14.13,SIDEWAYS,AVOID
2026-08-20,Housing & Urban Infrastructure Financing,-7.56,-0.46,-17.92,-13.92,2.8,13.01,-18.11,-22.12,SIDEWAYS,AVOID
2026-08-20,Project Management & Civil Construction,-8.0,-0.45,-18.36,-13.92,2.36,13.02,-18.28,-22.29,SIDEWAYS,AVOID
2026-08-20,Packaging Materials & Containers,0.73,-2.01,-9.63,-15.48,11.09,11.46,4.57,0.56,SIDEWAYS,NEUTRAL
2026-08-20,Textiles & Apparel,-4.58,-3.46,-14.94,-16.93,5.78,10.01,-7.98,-11.99,SIDEWAYS,AVOID
2026-08-20,Cement & Clinker,0.14,-3.54,-10.22,-17.01,10.5,9.92,-4.74,-8.75,SIDEWAYS,NEUTRAL
2026-08-20,Capital Markets & Asset Management,-1.27,-3.5,-11.63,-16.97,9.09,9.97,-4.25,-8.26,SIDEWAYS,NEUTRAL
2026-08-20,Packaging & Containers,6.11,3.0,-4.25,-10.47,16.47,16.47,20.93,16.92,SIDEWAYS,BUY
2026-08-20,Pumps & Compressors,-0.46,-1.83,-10.82,-15.3,9.9,11.63,-3.24,-7.25,SIDEWAYS,NEUTRAL
2026-08-20,Capital Goods,1.82,-2.78,-8.54,-16.24,12.18,10.69,5.94,1.93,SIDEWAYS,WATCH
2026-08-20,"Textiles, Yarns & Apparel",-2.48,-2.1,-12.84,-15.57,7.88,11.36,-6.03,-10.04,SIDEWAYS,AVOID
2026-08-20,Paints,-4.04,-1.49,-14.4,-14.95,6.32,11.98,-2.97,-6.98,SIDEWAYS,NEUTRAL
2026-08-20,Textiles,8.62,2.48,-1.74,-10.99,18.98,15.95,19.59,15.58,SIDEWAYS,BUY
2026-08-20,Ceramics & Tiles,-8.91,-2.6,-19.27,-16.07,1.45,10.87,-14.25,-18.26,SIDEWAYS,AVOID
2026-08-20,Railway Financing,-6.34,1.32,-16.7,-12.15,4.02,14.79,-15.62,-19.63,SIDEWAYS,AVOID
2026-08-20,Breweries & Distilleries,-2.64,-2.09,-13.0,-15.55,7.72,11.38,-1.68,-5.69,SIDEWAYS,NEUTRAL
2026-08-20,Cement,-4.82,-3.22,-15.18,-16.69,5.54,10.25,-9.69,-13.7,SIDEWAYS,AVOID
2026-08-20,Bearings & Friction Solutions,-3.0,-2.05,-13.36,-15.52,7.36,11.41,2.06,-1.95,SIDEWAYS,NEUTRAL
2026-08-20,Tractors & Farm Equipment,1.43,-1.49,-8.93,-14.95,11.79,11.98,3.68,-0.33,SIDEWAYS,WATCH
2026-08-20,Batteries & Energy Storage,-1.05,1.91,-11.41,-11.56,9.31,15.38,3.68,-0.33,SIDEWAYS,NEUTRAL
2026-08-20,Chemicals,-8.19,-2.75,-18.55,-16.22,2.17,10.72,-15.73,-19.74,SIDEWAYS,AVOID
2026-08-20,Paints & Coatings,9.55,3.0,-0.81,-10.47,19.91,16.47,24.92,20.91,SIDEWAYS,BUY
2026-08-21,Housing & Urban Infrastructure Financing,-9.83,0.43,-20.19,-13.03,0.53,13.9,-19.36,-23.37,SIDEWAYS,AVOID
2026-08-21,Plywood & Boards,8.49,-0.22,-1.87,-13.69,18.85,13.24,24.99,20.98,SIDEWAYS,STRONG BUY
2026-08-21,Packaging & Containers,5.16,2.48,-5.2,-10.99,15.52,15.95,19.65,15.64,SIDEWAYS,BUY
2026-08-21,Plastic Pipes & Fittings,0.45,-1.91,-9.91,-15.38,10.81,11.56,1.91,-2.1,SIDEWAYS,WATCH
2026-08-21,Packaged Foods & FMCG Staples,-7.82,-3.4,-18.18,-16.87,2.54,10.07,-11.0,-15.01,SIDEWAYS,AVOID
2026-08-21,Power Generation & Distribution,-8.5,0.43,-18.86,-13.03,1.86,13.9,-18.19,-22.2,SIDEWAYS,AVOID
2026-08-21,Realty,-4.33,-0.49,-14.69,-13.96,6.03,12.98,-13.3,-17.31,SIDEWAYS,AVOID
2026-08-21,Power,-8.75,-2.42,-19.11,-15.89,1.61,11.05,-14.9,-18.91,SIDEWAYS,AVOID
2026-08-21,Insurance,-3.82,-3.91,-14.18,-17.38,6.54,9.56,-8.78,-12.79,SIDEWAYS,AVOID
2026-08-21,Packaged Foods & Consumer Staples,-3.08,-2.81,-13.44,-16.28,7.28,10.66,-3.3,-7.31,SIDEWAYS,NEUTRAL
2026-08-21,Railway Financing,-7.59,1.35,-17.95,-12.12,2.77,14.82,-17.54,-21.55,SIDEWAYS,AVOID
2026-08-21,Oil Gas & Consumable Fuels,0.85,2.31,-9.51,-11.15,11.21,15.78,1.78,-2.23,SIDEWAYS,NEUTRAL
2026-08-21,Railway Infrastructure,-7.37,-0.77,-17.73,-14.24,2.99,12.7,-17.21,-21.22,SIDEWAYS,AVOID
2026-08-21,Renewable Energy,-4.42,-2.63,-14.78,-16.09,5.94,10.84,-11.62,-15.63,SIDEWAYS,AVOID
2026-08-21,Internet & Digital Platforms,-0.25,-2.98,-10.61,-16.45,10.11,10.49,-1.2,-5.21,SIDEWAYS,NEUTRAL
2026-08-21,Plastic Pipes & Moulded Products,-5.82,0.14,-16.18,-13.33,4.54,13.61,-16.24,-20.25,SIDEWAYS,AVOID
2026-08-21,IT Consulting & Software,-4.97,-3.4,-15.33,-16.87,5.39,10.07,-10.13,-14.14,SIDEWAYS,AVOID
2026-08-21,Information Technology,-2.81,-1.85,-13.17,-15.31,7.55,11.62,-2.93,-6.94,SIDEWAYS,NEUTRAL
2026-08-21,Packaging Materials & Containers,-0.09,-1.91,-10.45,-15.38,10.27,11.55,2.06,-1.95,SIDEWAYS,NEUTRAL
2026-08-21,Iron & Steel,-3.82,-3.02,-14.18,-16.49,6.54,10.45,-3.25,-7.26,SIDEWAYS,NEUTRAL
2026-08-21,Project Management & Civil Construction,-8.29,-0.42,-18.65,-13.89,2.07,13.05,-17.82,-21.83,SIDEWAYS,AVOID
2026-08-21,Paints & Coatings,5.73,2.48,-4.63,-10.99,16.09,15.95,19.97,15.96,SIDEWAYS,BUY
2026-08-21,Paper & Paper Products,-3.93,-3.23,-14.29,-16.7,6.43,10.24,-7.89,-11.9,SIDEWAYS,AVOID
2026-08-21,Railway Ticketing & Catering,-6.79,-0.46,-17.15,-13.92,3.57,13.01,-16.04,-20.05,SIDEWAYS,AVOID
2026-08-21,Media Entertainment & Publication,4.4,-0.64,-5.96,-14.11,14.76,12.83,7.22,3.21,SIDEWAYS,WATCH
2026-08-21,Microfinance NBFC,-2.6,2.48,-12.96,-10.99,7.76,15.95,0.37,-3.64,SIDEWAYS,NEUTRAL
2026-08-21,Railway Telecom,-2.67,-0.23,-13.03,-13.7,7.69,13.24,-11.69,-15.7,SIDEWAYS,AVOID
2026-08-21,Passenger Cars & Utility Vehicles,-11.59,1.51,-21.95,-11.96,-1.23,14.97,-21.56,-25.57,SIDEWAYS,AVOID
2026-08-21,Media & Entertainment,-4.81,-3.22,-15.17,-16.68,5.55,10.25,-6.6,-10.61,SIDEWAYS,AVOID
2026-08-21,Paints,-6.38,-2.41,-16.74,-15.88,3.98,11.06,-7.71,-11.72,SIDEWAYS,AVOID
2026-08-21,Mining & Mineral Products,-3.0,-3.19,-13.36,-16.66,7.36,10.27,-3.64,-7.65,SIDEWAYS,NEUTRAL
2026-08-21,Oil Exploration & Refining,0.13,-3.39,-10.23,-16.86,10.49,10.08,-3.09,-7.1,SIDEWAYS,NEUTRAL
2026-08-21,Railway Wagons & Equipment,-3.54,-3.33,-13.9,-16.8,6.82,10.14,-10.65,-14.66,SIDEWAYS,AVOID
2026-08-21,Pharmaceuticals,0.25,-2.75,-10.11,-16.22,10.61,10.72,1.84,-2.17,SIDEWAYS,WATCH
2026-08-21,"Logistics, Ports & Supply Chain",-1.37,-1.96,-11.73,-15.43,8.99,11.51,-0.01,-4.02,SIDEWAYS,NEUTRAL
2026-08-21,Pharmaceuticals & Biotechnology,-1.56,-3.0,-11.92,-16.47,8.8,10.47,0.54,-3.47,SIDEWAYS,NEUTRAL
2026-08-21,Non Banking Financial Company (NBFC),-3.52,-3.73,-13.88,-17.2,6.84,9.74,-5.26,-9.27,SIDEWAYS,NEUTRAL
2026-08-21,Railway Infrastructure & Consulting,-7.34,-0.46,-17.7,-13.92,3.02,13.01,-17.3,-21.31,SIDEWAYS,AVOID
2026-08-21,Logistics & Transportation,-1.18,-2.74,-11.54,-16.21,9.18,10.73,-0.58,-4.59,SIDEWAYS,NEUTRAL
2026-08-21,Power Generation & Utilities,-9.42,-0.57,-19.78,-14.04,0.94,12.9,-17.72,-21.73,SIDEWAYS,AVOID
2026-08-21,Pumps & Compressors,-6.27,-1.85,-16.63,-15.31,4.09,11.62,-6.39,-10.4,SIDEWAYS,AVOID
2026-08-21,Metals & Mining,-4.22,-2.45,-14.58,-15.92,6.14,11.02,-6.98,-10.99,SIDEWAYS,AVOID
2026-08-21,Railways,-8.09,0.66,-18.45,-12.81,2.27,14.13,-12.97,-16.98,SIDEWAYS,AVOID
2026-08-21,Pipes & Tubes,3.74,-1.77,-6.62,-15.24,14.1,11.7,5.39,1.38,SIDEWAYS,WATCH
2026-08-21,Lubricants & Specialty Oils,0.88,-2.21,-9.48,-15.67,11.24,11.26,5.16,1.15,SIDEWAYS,NEUTRAL
2026-08-21,Power Sector Financing NBFC,-8.37,0.43,-18.73,-13.03,1.99,13.9,-19.06,-23.07,SIDEWAYS,AVOID
2026-08-21,Aerospace & Defence,-1.06,-2.52,-11.42,-15.99,9.3,10.95,5.4,1.39,SIDEWAYS,NEUTRAL
2026-08-21,"Hotels, Resorts & QSR",-0.45,-3.04,-10.81,-16.51,9.91,10.43,-1.2,-5.21,SIDEWAYS,NEUTRAL
2026-08-21,Batteries,-10.1,0.43,-20.46,-13.03,0.26,13.9,-17.57,-21.58,SIDEWAYS,AVOID
2026-08-21,Batteries & Energy Storage,-0.83,1.91,-11.19,-11.56,9.53,15.38,3.48,-0.53,SIDEWAYS,NEUTRAL
2026-08-21,Tractors & Farm Equipment,2.24,-1.47,-8.12,-14.94,12.6,11.99,5.23,1.22,SIDEWAYS,WATCH
2026-08-21,Bearings & Friction Solutions,-0.6,-1.76,-10.96,-15.23,9.76,11.71,0.18,-3.83,SIDEWAYS,NEUTRAL
2026-08-21,Breweries & Distilleries,-3.53,-3.34,-13.89,-16.8,6.83,10.13,-4.26,-8.27,SIDEWAYS,NEUTRAL
2026-08-21,"Textiles, Yarns & Apparel",0.22,-0.74,-10.14,-14.2,10.58,12.73,1.82,-2.19,SIDEWAYS,NEUTRAL
2026-08-21,Capital Goods,1.25,-2.6,-9.11,-16.07,11.61,10.87,6.0,1.99,SIDEWAYS,NEUTRAL
2026-08-21,Capital Markets & Asset Management,-0.39,-3.5,-10.75,-16.97,9.97,9.97,-3.3,-7.31,SIDEWAYS,NEUTRAL
2026-08-21,Textiles & Apparel,-3.96,-3.46,-14.32,-16.93,6.4,10.01,-8.2,-12.21,SIDEWAYS,AVOID
2026-08-21,Cement,-4.67,-3.23,-15.03,-16.7,5.69,10.24,-9.12,-13.13,SIDEWAYS,AVOID
2026-08-21,Cement & Clinker,-4.86,-3.56,-15.22,-17.03,5.5,9.91,-11.52,-15.53,SIDEWAYS,AVOID
2026-08-21,Textiles,8.36,2.93,-2.0,-10.54,18.72,16.4,18.98,14.97,SIDEWAYS,BUY
2026-08-21,Ceramics & Tiles,-7.28,-0.46,-17.64,-13.92,3.08,13.01,-11.4,-15.41,SIDEWAYS,AVOID
2026-08-21,Chemicals,-8.46,-2.75,-18.82,-16.22,1.9,10.72,-15.69,-19.7,SIDEWAYS,AVOID
2026-08-21,Telecommunication,-6.19,-3.23,-16.55,-16.7,4.17,10.24,-12.81,-16.82,SIDEWAYS,AVOID
2026-08-21,Civil Buildings & Commercial EPC,-11.66,0.24,-22.02,-13.23,-1.3,13.71,-21.79,-25.8,SIDEWAYS,AVOID
2026-08-21,Civil Construction & Infrastructure,-4.9,-3.4,-15.26,-16.87,5.46,10.07,-9.62,-13.63,SIDEWAYS,AVOID
2026-08-21,Telecom Services & Infrastructure,-6.28,-3.23,-16.64,-16.7,4.08,10.24,-7.56,-11.57,SIDEWAYS,AVOID
2026-08-21,Civil Construction & Infrastructure EPC,-3.43,-2.75,-13.79,-16.22,6.93,10.72,-9.71,-13.72,SIDEWAYS,AVOID
2026-08-21,Batteries,1.6,0.71,-8.76,-12.76,11.96,14.18,3.51,-0.5,SIDEWAYS,WATCH
2026-08-21,Transformers & T&D Equipment,-2.3,-2.31,-12.66,-15.78,8.06,11.16,1.28,-2.73,SIDEWAYS,NEUTRAL
2026-08-21,Banks,1.22,-3.0,-9.14,-16.47,11.58,10.47,3.02,-0.99,SIDEWAYS,WATCH
2026-08-21,Automobile and Auto Components,-1.06,-2.05,-11.42,-15.52,9.3,11.41,4.69,0.68,SIDEWAYS,NEUTRAL
2026-08-21,Wires & Cables,-0.99,-2.75,-11.35,-16.22,9.37,10.72,2.58,-1.43,SIDEWAYS,NEUTRAL
2026-08-21,Affordable Housing Finance Company,-6.84,-0.46,-17.2,-13.92,3.52,13.01,-17.08,-21.09,SIDEWAYS,AVOID
2026-08-21,Agrochemicals & Pesticides,-9.09,0.43,-19.45,-13.03,1.27,13.9,-18.43,-22.44,SIDEWAYS,AVOID
2026-08-21,Wealth & Asset Management,5.88,-0.22,-4.48,-13.69,16.24,13.24,17.8,13.79,SIDEWAYS,STRONG BUY
2026-08-21,Air Conditioners & AC Components,-10.63,0.43,-20.99,-13.03,-0.27,13.9,-19.4,-23.41,SIDEWAYS,AVOID
2026-08-21,Air Conditioners & AC Components,-3.64,-3.4,-14.0,-16.86,6.72,10.07,-11.77,-15.78,SIDEWAYS,AVOID
2026-08-21,API & CDMO / CRAMS,3.84,-1.62,-6.52,-15.09,14.2,11.85,9.02,5.01,SIDEWAYS,WATCH
2026-08-21,Water & Wastewater Treatment,-6.2,-3.23,-16.56,-16.7,4.16,10.24,-12.09,-16.1,SIDEWAYS,AVOID
2026-08-21,Water & Wastewater Treatment,-5.42,0.76,-15.78,-12.71,4.94,14.23,-12.87,-16.88,SIDEWAYS,AVOID
2026-08-21,Commodity Chemicals,-4.49,-3.4,-14.85,-16.86,5.87,10.07,-4.25,-8.26,SIDEWAYS,NEUTRAL
2026-08-21,Air Conditioners & Appliances,-5.83,0.43,-16.19,-13.03,4.53,13.9,-15.12,-19.13,SIDEWAYS,AVOID
2026-08-21,Asset Management & Wealth,5.16,0.23,-5.2,-13.24,15.52,13.7,11.66,7.65,SIDEWAYS,WATCH
2026-08-21,Asset Management Company (AMC),-1.38,-3.69,-11.74,-17.16,8.98,9.78,-3.48,-7.49,SIDEWAYS,NEUTRAL
2026-08-21,Utilities,-9.8,0.43,-20.16,-13.03,0.56,13.9,-20.59,-24.6,SIDEWAYS,AVOID
2026-08-21,Auto Glass,4.05,0.3,-6.31,-13.17,14.41,13.77,19.27,15.26,SIDEWAYS,BUY
2026-08-21,Auto Lighting,-10.65,0.24,-21.01,-13.23,-0.29,13.71,-18.84,-22.85,SIDEWAYS,AVOID
2026-08-21,Tyres & Rubber Products,-5.92,-2.45,-16.28,-15.92,4.44,11.02,-5.59,-9.6,SIDEWAYS,AVOID
2026-08-21,Auto Parts & Equipment,2.86,-2.89,-7.5,-16.35,13.22,10.58,8.61,4.6,SIDEWAYS,NEUTRAL
2026-08-21,Automobile OEMs,3.93,-2.23,-6.43,-15.7,14.29,11.24,8.23,4.22,SIDEWAYS,WATCH
2026-08-21,Travel Tech SaaS Solutions,8.7,3.49,-1.66,-9.98,19.06,16.95,21.63,17.62,SIDEWAYS,BUY
2026-08-21,Aluminium & Mining,-1.1,-1.62,-11.46,-15.09,9.26,11.85,0.34,-3.67,SIDEWAYS,NEUTRAL
2026-08-21,Renewable Energy - Solar & Wind,-5.9,-3.4,-16.26,-16.86,4.46,10.07,-13.31,-17.32,SIDEWAYS,AVOID
2026-08-21,Tea & Coffee,-0.75,-3.4,-11.11,-16.87,9.61,10.07,-4.95,-8.96,SIDEWAYS,NEUTRAL
2026-08-21,Construction Materials,8.26,-2.19,-2.1,-15.66,18.62,11.28,21.21,17.2,SIDEWAYS,WATCH
2026-08-21,Fast Moving Consumer Goods,-3.82,-3.33,-14.18,-16.8,6.54,10.13,-4.26,-8.27,SIDEWAYS,NEUTRAL
2026-08-21,Services,-2.49,-3.33,-12.85,-16.8,7.87,10.13,-3.97,-7.98,SIDEWAYS,NEUTRAL
2026-08-21,Fertilizers,-6.32,-0.42,-16.68,-13.89,4.04,13.05,-15.82,-19.83,SIDEWAYS,AVOID
2026-08-21,Fertilizers & Agrochemicals,-6.72,-3.98,-17.08,-17.45,3.64,9.49,-14.03,-18.04,SIDEWAYS,AVOID
2026-08-21,Semiconductors & Electronic Components,-6.93,1.35,-17.29,-12.12,3.43,14.82,-15.88,-19.89,SIDEWAYS,AVOID
2026-08-21,Saw Pipes & Ductile Iron Pipes,12.18,1.04,1.82,-12.43,22.54,14.51,27.73,23.72,SIDEWAYS,WATCH
2026-08-21,Financial Services,-4.46,-3.5,-14.82,-16.97,5.9,9.97,-7.79,-11.8,SIDEWAYS,AVOID
2026-08-21,Footwear,-8.45,5.87,-18.81,-7.6,1.91,19.34,-16.54,-20.55,SIDEWAYS,AVOID
2026-08-21,Rubber Chemicals,-5.82,0.75,-16.18,-12.72,4.54,14.22,-15.74,-19.75,SIDEWAYS,AVOID
2026-08-21,Gas Distribution,-9.88,0.43,-20.24,-13.03,0.48,13.9,-17.08,-21.09,SIDEWAYS,AVOID
2026-08-21,Gas Transmission & Distribution,-5.28,-3.75,-15.64,-17.22,5.08,9.71,-10.58,-14.59,SIDEWAYS,AVOID
2026-08-21,Roads & Highways EPC,-7.4,-0.42,-17.76,-13.89,2.96,13.05,-17.84,-21.85,SIDEWAYS,AVOID
2026-08-21,Healthcare,0.6,-2.08,-9.76,-15.55,10.96,11.39,4.2,0.19,SIDEWAYS,NEUTRAL
2026-08-21,Heavy Electrical Equipment,7.74,2.46,-2.62,-11.01,18.1,15.93,22.53,18.52,SIDEWAYS,NEUTRAL
2026-08-21,Residential & Commercial Real Estate,-5.23,-3.46,-15.59,-16.93,5.13,10.01,-9.74,-13.75,SIDEWAYS,AVOID
2026-08-21,Hospitals & Diagnostic Centres,-2.58,-3.48,-12.94,-16.95,7.78,9.98,-2.79,-6.8,SIDEWAYS,NEUTRAL
2026-08-21,Hospitals & Healthcare Services,-3.72,-0.22,-14.08,-13.69,6.64,13.24,2.45,-1.56,SIDEWAYS,NEUTRAL
2026-08-21,Renewable Energy Financing NBFC,-8.54,-0.42,-18.9,-13.89,1.82,13.05,-19.05,-23.06,SIDEWAYS,AVOID
2026-08-21,Hotels & Restaurants,-4.48,-3.4,-14.84,-16.87,5.88,10.07,-10.79,-14.8,SIDEWAYS,AVOID
2026-08-21,Explosives & Defence Chemicals,4.44,0.23,-5.92,-13.24,14.8,13.7,16.35,12.34,SIDEWAYS,BUY
2026-08-21,Ship Building & Defence,-6.47,-3.16,-16.83,-16.63,3.89,10.3,-8.3,-12.31,SIDEWAYS,AVOID
2026-08-21,Electronic Manufacturing Services (EMS),5.52,-2.11,-4.84,-15.58,15.88,11.36,11.71,7.7,SIDEWAYS,WATCH
2026-08-21,Electronic Manufacturing Services (EMS),-8.11,-0.49,-18.47,-13.96,2.25,12.98,-17.9,-21.91,SIDEWAYS,AVOID
2026-08-21,Superalloys & Special Metals,2.91,2.93,-7.45,-10.54,13.27,16.4,17.19,13.18,SIDEWAYS,BUY
2026-08-21,Consumer Durables,-2.11,-2.66,-12.47,-16.13,8.25,10.8,0.44,-3.57,SIDEWAYS,NEUTRAL
2026-08-21,Consumer Services,0.71,-3.26,-9.65,-16.72,11.07,10.21,0.94,-3.07,SIDEWAYS,WATCH
2026-08-21,Sugar & Bio-Ethanol,9.06,-2.78,-1.3,-16.24,19.42,10.69,19.24,15.23,SIDEWAYS,STRONG BUY
2026-08-21,Copper & Non-Ferrous Metals,5.07,1.91,-5.29,-11.56,15.43,15.38,18.0,13.99,SIDEWAYS,BUY
2026-08-21,Copper Mining,9.01,2.6,-1.35,-10.87,19.37,16.07,23.33,19.32,SIDEWAYS,WATCH
2026-08-21,Structural Steel Tubes & Pipes,5.87,0.17,-4.49,-13.3,16.23,13.63,19.89,15.88,SIDEWAYS,BUY
2026-08-21,Dairy Products,4.27,-1.15,-6.09,-14.62,14.63,12.32,7.46,3.45,SIDEWAYS,WATCH
2026-08-21,Data Centers & Real Estate,5.18,-0.22,-5.18,-13.69,15.54,13.24,17.22,13.21,SIDEWAYS,BUY
2026-08-21,Construction,5.79,-0.73,-4.57,-14.2,16.15,12.74,10.93,6.92,SIDEWAYS,WATCH
2026-08-21,Stockbroking & Financial Products,-4.02,-3.4,-14.38,-16.87,6.34,10.07,-8.66,-12.67,SIDEWAYS,AVOID
2026-08-21,Diversified & Fashion Retail,-4.85,-3.57,-15.21,-17.03,5.51,9.9,-10.63,-14.64,SIDEWAYS,AVOID
2026-08-21,Steel Manufacturing & Mining,7.14,0.23,-3.22,-13.24,17.5,13.7,19.78,15.77,SIDEWAYS,BUY
2026-08-21,Diversified Commercial,-1.45,-3.19,-11.81,-16.65,8.91,10.28,-1.35,-5.36,SIDEWAYS,NEUTRAL
2026-08-21,Diversified Retail,-2.31,-3.23,-12.67,-16.7,8.05,10.24,-5.22,-9.23,SIDEWAYS,NEUTRAL
2026-08-21,Specialty Chemicals,-4.12,-3.19,-14.48,-16.65,6.24,10.28,-2.88,-6.89,SIDEWAYS,NEUTRAL
2026-08-21,Edible Oils,-5.84,-0.46,-16.2,-13.92,4.52,13.01,-14.35,-18.36,SIDEWAYS,AVOID
2026-08-21,Software Products & Digital Services,1.28,-3.27,-9.08,-16.74,11.64,10.2,2.28,-1.73,SIDEWAYS,WATCH
2026-08-21,"Plywood, MDF & Laminates",-4.69,-3.23,-15.05,-16.7,5.67,10.24,-9.61,-13.62,SIDEWAYS,AVOID
2026-08-21,Electronic Manufacturing Services (EMS),-7.16,-3.16,-17.52,-16.63,3.2,10.3,-9.04,-13.05,SIDEWAYS,AVOID
2026-08-21,Diagnostic & Healthcare Laboratories,-7.93,0.43,-18.29,-13.03,2.43,13.9,-16.16,-20.17,SIDEWAYS,AVOID
2026-08-21,Zinc & Silver Mining,11.46,2.31,1.1,-11.15,21.82,15.78,26.43,22.42,SIDEWAYS,BUY
