date,basic_industry,industry_strength,expected_return_20d,opportunity_class
2024-10-28,API & CDMO / CRAMS,41.26,-3.0,NEUTRAL
2024-10-28,Aerospace & Defence,22.13,-7.58,DISTRIBUTION
2024-10-28,Air Conditioners & AC Components,10.48,-12.18,DISTRIBUTION
2024-10-28,Aluminium & Mining,34.22,-6.49,DISTRIBUTION
2024-10-28,Auto Parts & Equipment,16.03,-8.91,DISTRIBUTION
2024-10-28,Automobile OEMs,16.59,-10.72,DISTRIBUTION
2024-10-28,Banks,23.87,-6.29,LAGGING
2024-10-28,Bearings & Friction Solutions,24.51,-6.48,LAGGING
2024-10-28,Breweries & Distilleries,20.52,-7.23,LAGGING
2024-10-28,Capital Goods,28.8,-7.76,DISTRIBUTION
2024-10-28,Capital Markets & Asset Management,46.31,-2.89,WEAKENING
2024-10-28,Cement,18.97,-10.15,DISTRIBUTION
2024-10-28,Cement & Clinker,22.81,-6.1,LAGGING
2024-10-28,Ceramics & Tiles,23.65,-8.4,DISTRIBUTION
2024-10-28,Chemicals,18.19,-9.79,DISTRIBUTION
2024-10-28,Civil Construction & Infrastructure,21.87,-8.01,DISTRIBUTION
2024-10-28,Civil Construction & Infrastructure EPC,14.45,-9.5,DISTRIBUTION
2024-10-28,Commodity Chemicals,19.54,-9.83,DISTRIBUTION
2024-10-28,Consumer Durables,19.83,-9.94,DISTRIBUTION
2024-10-28,Consumer Services,27.18,-8.18,DISTRIBUTION
2024-10-28,Diversified & Fashion Retail,22.86,-9.02,DISTRIBUTION
2024-10-28,Diversified Commercial,26.78,-6.65,DISTRIBUTION
2024-10-28,Diversified Retail,19.46,-10.03,DISTRIBUTION
2024-10-28,Electronic Manufacturing Services (EMS),19.4,-10.04,DISTRIBUTION
2024-10-28,Fast Moving Consumer Goods,22.16,-7.93,DISTRIBUTION
2024-10-28,Fertilizers & Agrochemicals,26.09,-5.97,LAGGING
2024-10-28,Financial Services,39.92,-4.53,WEAKENING
2024-10-28,Healthcare,49.14,0.22,NEUTRAL
2024-10-28,Hospitals & Diagnostic Centres,40.02,-2.72,NEUTRAL
2024-10-28,Hotels & Restaurants,21.59,-9.52,DISTRIBUTION
2024-10-28,"Hotels, Resorts & QSR",15.75,-10.02,DISTRIBUTION
2024-10-28,IT Consulting & Software,29.58,-5.19,LAGGING
2024-10-28,Information Technology,18.59,-8.96,DISTRIBUTION
2024-10-28,Insurance,18.82,-8.36,DISTRIBUTION
2024-10-28,Internet & Digital Platforms,21.84,-7.03,LAGGING
2024-10-28,Iron & Steel,21.57,-8.4,DISTRIBUTION
2024-10-28,Logistics & Transportation,21.44,-9.27,DISTRIBUTION
2024-10-28,"Logistics, Ports & Supply Chain",16.59,-9.59,DISTRIBUTION
2024-10-28,Lubricants & Specialty Oils,6.96,-10.28,LAGGING
2024-10-28,Media & Entertainment,19.9,-9.04,DISTRIBUTION
2024-10-28,Metals & Mining,20.1,-9.88,DISTRIBUTION
2024-10-28,Mining & Mineral Products,25.98,-7.05,DISTRIBUTION
2024-10-28,Non Banking Financial Company (NBFC),23.18,-9.14,DISTRIBUTION
2024-10-28,Oil Exploration & Refining,15.6,-10.1,DISTRIBUTION
2024-10-28,Packaged Foods & Consumer Staples,21.64,-9.51,DISTRIBUTION
2024-10-28,Packaged Foods & FMCG Staples,18.23,-8.68,DISTRIBUTION
2024-10-28,Packaging Materials & Containers,21.28,-9.59,DISTRIBUTION
2024-10-28,Paper & Paper Products,14.12,-9.59,DISTRIBUTION
2024-10-28,Pharmaceuticals,24.9,-8.42,DISTRIBUTION
2024-10-28,Pharmaceuticals & Biotechnology,23.18,-8.34,DISTRIBUTION
2024-10-28,Pipes & Tubes,16.75,-8.5,LAGGING
2024-10-28,"Plywood, MDF & Laminates",23.14,-8.78,DISTRIBUTION
2024-10-28,Power,13.79,-10.3,DISTRIBUTION
2024-10-28,Power Generation & Utilities,16.76,-10.68,DISTRIBUTION
2024-10-28,Pumps & Compressors,34.63,-4.25,LAGGING
2024-10-28,Renewable Energy - Solar & Wind,17.58,-7.13,LAGGING
2024-10-28,Residential & Commercial Real Estate,21.59,-8.57,DISTRIBUTION
2024-10-28,Services,26.85,-6.63,DISTRIBUTION
2024-10-28,Software Products & Digital Services,27.2,-6.62,DISTRIBUTION
2024-10-28,Specialty Chemicals,25.19,-7.2,DISTRIBUTION
2024-10-28,Stockbroking & Financial Products,31.31,-7.19,DISTRIBUTION
2024-10-28,Sugar & Bio-Ethanol,15.17,-9.69,DISTRIBUTION
2024-10-28,Tea & Coffee,21.61,-9.51,DISTRIBUTION
2024-10-28,Telecom Services & Infrastructure,28.27,-7.14,DISTRIBUTION
2024-10-28,Telecommunication,21.11,-8.13,DISTRIBUTION
2024-10-28,Textiles & Apparel,23.77,-7.09,DISTRIBUTION
2024-10-28,"Textiles, Yarns & Apparel",14.95,-8.15,LAGGING
2024-10-28,Transformers & T&D Equipment,24.37,-8.85,DISTRIBUTION
2024-10-28,Tyres & Rubber Products,14.38,-10.33,DISTRIBUTION
2024-10-28,Wires & Cables,21.72,-7.96,DISTRIBUTION
2024-10-29,API & CDMO / CRAMS,42.27,-0.29,NEUTRAL
2024-10-29,Aerospace & Defence,19.53,-8.21,DISTRIBUTION
2024-10-29,Air Conditioners & AC Components,10.82,-12.1,DISTRIBUTION
2024-10-29,Aluminium & Mining,34.16,-5.67,DISTRIBUTION
2024-10-29,Auto Parts & Equipment,15.29,-9.09,DISTRIBUTION
2024-10-29,Automobile OEMs,19.2,-7.65,LAGGING
2024-10-29,Banks,26.51,-5.0,LAGGING
2024-10-29,Bearings & Friction Solutions,19.32,-6.65,LAGGING
2024-10-29,Breweries & Distilleries,20.58,-6.76,LAGGING
2024-10-29,Capital Goods,27.64,-5.97,LAGGING
2024-10-29,Capital Markets & Asset Management,46.16,0.29,EMERGING_LEADER
2024-10-29,Cement,31.75,-4.25,LAGGING
2024-10-29,Cement & Clinker,21.66,-8.83,DISTRIBUTION
2024-10-29,Ceramics & Tiles,21.2,-8.24,DISTRIBUTION
2024-10-29,Chemicals,17.16,-8.69,DISTRIBUTION
2024-10-29,Civil Construction & Infrastructure,24.26,-5.64,LAGGING
2024-10-29,Civil Construction & Infrastructure EPC,13.4,-9.57,DISTRIBUTION
2024-10-29,Commodity Chemicals,16.69,-9.2,DISTRIBUTION
2024-10-29,Consumer Durables,21.23,-8.21,DISTRIBUTION
2024-10-29,Consumer Services,31.35,-4.3,LAGGING
2024-10-29,Diversified & Fashion Retail,30.52,-5.02,LAGGING
2024-10-29,Diversified Commercial,25.14,-6.41,LAGGING
2024-10-29,Diversified Retail,19.34,-10.06,DISTRIBUTION
2024-10-29,Electronic Manufacturing Services (EMS),17.11,-10.59,DISTRIBUTION
2024-10-29,Fast Moving Consumer Goods,35.7,-1.51,NEUTRAL
2024-10-29,Fertilizers & Agrochemicals,30.88,-2.63,LAGGING
2024-10-29,Financial Services,38.69,-3.58,NEUTRAL
2024-10-29,Healthcare,50.07,1.67,EMERGING_LEADER
2024-10-29,Hospitals & Diagnostic Centres,40.72,-1.23,NEUTRAL
2024-10-29,Hotels & Restaurants,20.62,-8.33,DISTRIBUTION
2024-10-29,"Hotels, Resorts & QSR",15.54,-8.31,LAGGING
2024-10-29,IT Consulting & Software,30.58,-3.4,LAGGING
2024-10-29,Information Technology,23.2,-6.07,LAGGING
2024-10-29,Insurance,30.45,-3.48,LAGGING
2024-10-29,Internet & Digital Platforms,21.35,-6.23,LAGGING
2024-10-29,Iron & Steel,21.52,-7.33,LAGGING
2024-10-29,Logistics & Transportation,24.2,-6.54,LAGGING
2024-10-29,"Logistics, Ports & Supply Chain",19.39,-7.28,LAGGING
2024-10-29,Lubricants & Specialty Oils,4.9,-11.33,LAGGING
2024-10-29,Media & Entertainment,16.54,-8.32,LAGGING
2024-10-29,Metals & Mining,21.53,-6.87,LAGGING
2024-10-29,Mining & Mineral Products,34.26,-1.54,LAGGING
2024-10-29,Non Banking Financial Company (NBFC),24.73,-7.43,DISTRIBUTION
2024-10-29,Oil Exploration & Refining,12.72,-9.44,LAGGING
2024-10-29,Packaged Foods & Consumer Staples,27.35,-6.54,DISTRIBUTION
2024-10-29,Packaged Foods & FMCG Staples,18.16,-8.41,DISTRIBUTION
2024-10-29,Packaging Materials & Containers,19.66,-9.57,DISTRIBUTION
2024-10-29,Paper & Paper Products,18.86,-6.94,LAGGING
2024-10-29,Pharmaceuticals,23.27,-8.42,DISTRIBUTION
2024-10-29,Pharmaceuticals & Biotechnology,22.39,-7.46,DISTRIBUTION
2024-10-29,Pipes & Tubes,19.19,-6.45,LAGGING
2024-10-29,"Plywood, MDF & Laminates",20.48,-6.91,LAGGING
2024-10-29,Power,12.69,-9.54,LAGGING
2024-10-29,Power Generation & Utilities,18.04,-8.99,DISTRIBUTION
2024-10-29,Pumps & Compressors,36.18,-2.04,NEUTRAL
2024-10-29,Renewable Energy - Solar & Wind,16.52,-7.48,LAGGING
2024-10-29,Residential & Commercial Real Estate,25.62,-5.82,LAGGING
2024-10-29,Services,20.83,-6.23,LAGGING
2024-10-29,Software Products & Digital Services,25.49,-5.78,LAGGING
2024-10-29,Specialty Chemicals,21.88,-7.06,LAGGING
2024-10-29,Stockbroking & Financial Products,26.87,-8.25,DISTRIBUTION
2024-10-29,Sugar & Bio-Ethanol,14.45,-9.24,LAGGING
2024-10-29,Tea & Coffee,27.01,-4.67,LAGGING
2024-10-29,Telecom Services & Infrastructure,25.1,-6.42,LAGGING
2024-10-29,Telecommunication,17.73,-8.15,LAGGING
2024-10-29,Textiles & Apparel,21.35,-7.06,LAGGING
2024-10-29,"Textiles, Yarns & Apparel",11.39,-9.3,LAGGING
2024-10-29,Transformers & T&D Equipment,24.04,-8.38,DISTRIBUTION
2024-10-29,Tyres & Rubber Products,14.23,-8.73,LAGGING
2024-10-29,Wires & Cables,18.72,-7.91,LAGGING
2024-10-30,API & CDMO / CRAMS,47.15,1.38,EMERGING_LEADER
2024-10-30,Aerospace & Defence,30.79,-3.38,LAGGING
2024-10-30,Air Conditioners & AC Components,12.81,-11.63,DISTRIBUTION
2024-10-30,Aluminium & Mining,33.88,-5.5,DISTRIBUTION
2024-10-30,Auto Parts & Equipment,18.48,-7.33,LAGGING
2024-10-30,Automobile OEMs,24.48,-5.91,LAGGING
2024-10-30,Banks,28.32,-3.48,LAGGING
2024-10-30,Bearings & Friction Solutions,23.06,-5.4,LAGGING
2024-10-30,Breweries & Distilleries,25.24,-5.05,LAGGING
2024-10-30,Capital Goods,31.9,-4.68,LAGGING
2024-10-30,Capital Markets & Asset Management,50.86,-0.52,NEUTRAL
2024-10-30,Cement,32.31,-4.54,LAGGING
2024-10-30,Cement & Clinker,24.37,-5.23,LAGGING
2024-10-30,Ceramics & Tiles,21.91,-7.81,DISTRIBUTION
2024-10-30,Chemicals,16.79,-8.53,LAGGING
2024-10-30,Civil Construction & Infrastructure,26.05,-4.86,LAGGING
2024-10-30,Civil Construction & Infrastructure EPC,18.11,-7.03,LAGGING
2024-10-30,Commodity Chemicals,21.01,-6.86,LAGGING
2024-10-30,Consumer Durables,26.29,-6.21,LAGGING
2024-10-30,Consumer Services,30.41,-4.9,LAGGING
2024-10-30,Diversified & Fashion Retail,29.62,-5.16,LAGGING
2024-10-30,Diversified Commercial,28.38,-5.06,LAGGING
2024-10-30,Diversified Retail,21.01,-9.51,DISTRIBUTION
2024-10-30,Electronic Manufacturing Services (EMS),26.03,-8.45,DISTRIBUTION
2024-10-30,Fast Moving Consumer Goods,27.36,-5.46,LAGGING
2024-10-30,Fertilizers & Agrochemicals,33.99,-3.39,LAGGING
2024-10-30,Financial Services,40.88,-3.25,NEUTRAL
2024-10-30,Healthcare,61.16,5.04,EMERGING_LEADER
2024-10-30,Hospitals & Diagnostic Centres,42.52,0.14,NEUTRAL
2024-10-30,Hotels & Restaurants,35.97,-0.82,NEUTRAL
2024-10-30,"Hotels, Resorts & QSR",18.88,-6.85,LAGGING
2024-10-30,IT Consulting & Software,32.43,-5.1,DISTRIBUTION
2024-10-30,Information Technology,22.87,-6.41,LAGGING
2024-10-30,Insurance,23.49,-5.67,LAGGING
2024-10-30,Internet & Digital Platforms,22.87,-6.72,LAGGING
2024-10-30,Iron & Steel,21.88,-7.02,LAGGING
2024-10-30,Logistics & Transportation,29.89,-3.74,LAGGING
2024-10-30,"Logistics, Ports & Supply Chain",26.26,-4.4,LAGGING
2024-10-30,Lubricants & Specialty Oils,6.73,-10.2,LAGGING
2024-10-30,Media & Entertainment,19.01,-7.29,LAGGING
2024-10-30,Metals & Mining,21.62,-6.59,LAGGING
2024-10-30,Mining & Mineral Products,29.7,-5.48,LAGGING
2024-10-30,Non Banking Financial Company (NBFC),34.04,-3.34,LAGGING
2024-10-30,Oil Exploration & Refining,12.69,-10.15,DISTRIBUTION
2024-10-30,Packaged Foods & Consumer Staples,29.65,-5.34,LAGGING
2024-10-30,Packaged Foods & FMCG Staples,20.26,-7.02,LAGGING
2024-10-30,Packaging Materials & Containers,27.59,-6.46,DISTRIBUTION
2024-10-30,Paper & Paper Products,19.01,-6.59,LAGGING
2024-10-30,Pharmaceuticals,29.77,-4.49,LAGGING
2024-10-30,Pharmaceuticals & Biotechnology,25.73,-4.89,LAGGING
2024-10-30,Pipes & Tubes,20.99,-6.27,LAGGING
2024-10-30,"Plywood, MDF & Laminates",21.24,-6.85,LAGGING
2024-10-30,Power,13.39,-9.43,LAGGING
2024-10-30,Power Generation & Utilities,17.38,-8.76,DISTRIBUTION
2024-10-30,Pumps & Compressors,31.34,-3.88,LAGGING
2024-10-30,Renewable Energy - Solar & Wind,17.84,-6.9,LAGGING
2024-10-30,Residential & Commercial Real Estate,23.1,-6.56,LAGGING
2024-10-30,Services,34.75,-1.99,LAGGING
2024-10-30,Software Products & Digital Services,27.77,-5.42,LAGGING
2024-10-30,Specialty Chemicals,25.34,-5.5,LAGGING
2024-10-30,Stockbroking & Financial Products,45.2,-1.07,NEUTRAL
2024-10-30,Sugar & Bio-Ethanol,16.56,-8.35,LAGGING
2024-10-30,Tea & Coffee,33.78,-2.36,LAGGING
2024-10-30,Telecom Services & Infrastructure,25.63,-5.95,LAGGING
2024-10-30,Telecommunication,31.32,-2.69,LAGGING
2024-10-30,Textiles & Apparel,30.85,-3.2,LAGGING
2024-10-30,"Textiles, Yarns & Apparel",16.6,-7.13,LAGGING
2024-10-30,Transformers & T&D Equipment,24.12,-6.5,LAGGING
2024-10-30,Tyres & Rubber Products,14.23,-8.53,LAGGING
2024-10-30,Wires & Cables,20.51,-8.85,DISTRIBUTION
2024-10-31,API & CDMO / CRAMS,51.62,2.28,EMERGING_LEADER
2024-10-31,Aerospace & Defence,32.55,-2.5,LAGGING
2024-10-31,Air Conditioners & AC Components,42.82,0.98,NEUTRAL
2024-10-31,Aluminium & Mining,34.92,-4.08,LAGGING
2024-10-31,Auto Parts & Equipment,20.89,-6.76,LAGGING
2024-10-31,Automobile OEMs,25.99,-4.88,LAGGING
2024-10-31,Banks,28.43,-3.56,LAGGING
2024-10-31,Bearings & Friction Solutions,22.32,-6.61,LAGGING
2024-10-31,Breweries & Distilleries,26.93,-4.35,LAGGING
2024-10-31,Capital Goods,36.0,-2.26,NEUTRAL
2024-10-31,Capital Markets & Asset Management,55.47,1.57,NEUTRAL
2024-10-31,Cement,37.48,-2.5,NEUTRAL
2024-10-31,Cement & Clinker,29.14,-3.93,LAGGING
2024-10-31,Ceramics & Tiles,25.39,-5.57,LAGGING
2024-10-31,Chemicals,22.28,-6.26,LAGGING
2024-10-31,Civil Construction & Infrastructure,33.21,-1.72,LAGGING
2024-10-31,Civil Construction & Infrastructure EPC,25.43,-3.62,LAGGING
2024-10-31,Commodity Chemicals,22.84,-6.1,LAGGING
2024-10-31,Consumer Durables,28.39,-4.45,LAGGING
2024-10-31,Consumer Services,37.18,-1.14,NEUTRAL
2024-10-31,Diversified & Fashion Retail,31.75,-3.64,LAGGING
2024-10-31,Diversified Commercial,30.92,-3.81,LAGGING
2024-10-31,Diversified Retail,22.05,-8.12,DISTRIBUTION
2024-10-31,Electronic Manufacturing Services (EMS),73.75,8.4,ESTABLISHED_LEADER
2024-10-31,Fast Moving Consumer Goods,35.1,-1.55,NEUTRAL
2024-10-31,Fertilizers & Agrochemicals,40.01,-0.18,NEUTRAL
2024-10-31,Financial Services,54.13,3.1,EMERGING_LEADER
2024-10-31,Healthcare,69.79,7.45,ESTABLISHED_LEADER
2024-10-31,Hospitals & Diagnostic Centres,51.02,2.94,EMERGING_LEADER
2024-10-31,Hotels & Restaurants,39.78,0.25,NEUTRAL
2024-10-31,"Hotels, Resorts & QSR",21.99,-5.42,LAGGING
2024-10-31,IT Consulting & Software,30.48,-5.5,DISTRIBUTION
2024-10-31,Information Technology,26.18,-4.29,LAGGING
2024-10-31,Insurance,17.46,-8.23,LAGGING
2024-10-31,Internet & Digital Platforms,23.41,-5.7,LAGGING
2024-10-31,Iron & Steel,24.74,-5.31,LAGGING
2024-10-31,Logistics & Transportation,28.49,-3.58,LAGGING
2024-10-31,"Logistics, Ports & Supply Chain",29.39,-3.03,LAGGING
2024-10-31,Lubricants & Specialty Oils,4.92,-10.84,LAGGING
2024-10-31,Media & Entertainment,27.3,-3.47,LAGGING
2024-10-31,Metals & Mining,27.76,-3.54,LAGGING
2024-10-31,Mining & Mineral Products,25.69,-5.11,LAGGING
2024-10-31,Non Banking Financial Company (NBFC),31.24,-3.78,LAGGING
2024-10-31,Oil Exploration & Refining,15.08,-8.82,LAGGING
2024-10-31,Packaged Foods & Consumer Staples,45.06,1.51,EMERGING_LEADER
2024-10-31,Packaged Foods & FMCG Staples,20.05,-7.19,LAGGING
2024-10-31,Packaging Materials & Containers,34.02,-2.9,LAGGING
2024-10-31,Paper & Paper Products,18.83,-6.93,LAGGING
2024-10-31,Pharmaceuticals,33.05,-4.01,LAGGING
2024-10-31,Pharmaceuticals & Biotechnology,32.18,-2.05,LAGGING
2024-10-31,Pipes & Tubes,24.7,-4.35,LAGGING
2024-10-31,"Plywood, MDF & Laminates",29.78,-3.43,LAGGING
2024-10-31,Power,14.09,-8.93,LAGGING
2024-10-31,Power Generation & Utilities,18.33,-8.02,LAGGING
2024-10-31,Pumps & Compressors,41.7,0.66,NEUTRAL
2024-10-31,Renewable Energy - Solar & Wind,19.28,-6.07,LAGGING
2024-10-31,Residential & Commercial Real Estate,27.74,-3.86,LAGGING
2024-10-31,Services,39.31,0.13,NEUTRAL
2024-10-31,Software Products & Digital Services,30.99,-3.6,LAGGING
2024-10-31,Specialty Chemicals,30.89,-3.27,LAGGING
2024-10-31,Stockbroking & Financial Products,49.69,0.66,NEUTRAL
2024-10-31,Sugar & Bio-Ethanol,15.39,-8.68,LAGGING
2024-10-31,Tea & Coffee,40.32,0.38,NEUTRAL
2024-10-31,Telecom Services & Infrastructure,28.43,-4.83,LAGGING
2024-10-31,Telecommunication,24.97,-5.25,LAGGING
2024-10-31,Textiles & Apparel,30.21,-4.14,LAGGING
2024-10-31,"Textiles, Yarns & Apparel",17.42,-6.71,LAGGING
2024-10-31,Transformers & T&D Equipment,28.18,-4.24,LAGGING
2024-10-31,Tyres & Rubber Products,14.74,-8.19,LAGGING
2024-10-31,Wires & Cables,25.12,-5.11,LAGGING
2024-11-01,API & CDMO / CRAMS,49.29,1.41,EMERGING_LEADER
2024-11-01,Aerospace & Defence,35.92,-0.68,NEUTRAL
2024-11-01,Air Conditioners & AC Components,14.0,-11.34,DISTRIBUTION
2024-11-01,Aluminium & Mining,34.68,-3.75,LAGGING
2024-11-01,Auto Parts & Equipment,22.58,-5.51,LAGGING
2024-11-01,Automobile OEMs,26.22,-4.04,LAGGING
2024-11-01,Banks,31.85,-2.47,LAGGING
2024-11-01,Bearings & Friction Solutions,22.15,-7.27,LAGGING
2024-11-01,Breweries & Distilleries,31.62,-3.2,LAGGING
2024-11-01,Capital Goods,30.61,-3.87,LAGGING
2024-11-01,Capital Markets & Asset Management,61.36,5.43,EMERGING_LEADER
2024-11-01,Cement,41.16,0.58,NEUTRAL
2024-11-01,Cement & Clinker,32.46,-2.39,LAGGING
2024-11-01,Ceramics & Tiles,24.06,-6.03,LAGGING
2024-11-01,Chemicals,26.61,-3.77,LAGGING
2024-11-01,Civil Construction & Infrastructure,32.25,-2.12,LAGGING
2024-11-01,Civil Construction & Infrastructure EPC,30.01,-2.1,LAGGING
2024-11-01,Commodity Chemicals,27.08,-3.91,LAGGING
2024-11-01,Consumer Durables,26.69,-4.66,LAGGING
2024-11-01,Consumer Services,44.15,1.3,NEUTRAL
2024-11-01,Diversified & Fashion Retail,29.78,-4.18,LAGGING
2024-11-01,Diversified Commercial,34.8,-1.8,LAGGING
2024-11-01,Diversified Retail,25.91,-5.03,LAGGING
2024-11-01,Electronic Manufacturing Services (EMS),65.8,6.49,ESTABLISHED_LEADER
2024-11-01,Fast Moving Consumer Goods,37.92,-0.2,NEUTRAL
2024-11-01,Fertilizers & Agrochemicals,38.92,0.04,NEUTRAL
2024-11-01,Financial Services,48.75,2.4,EMERGING_LEADER
2024-11-01,Healthcare,69.17,7.3,ESTABLISHED_LEADER
2024-11-01,Hospitals & Diagnostic Centres,44.68,1.13,NEUTRAL
2024-11-01,Hotels & Restaurants,46.32,1.82,EMERGING_LEADER
2024-11-01,"Hotels, Resorts & QSR",23.97,-6.12,LAGGING
2024-11-01,IT Consulting & Software,28.32,-5.65,LAGGING
2024-11-01,Information Technology,34.12,-1.11,LAGGING
2024-11-01,Insurance,20.67,-6.14,LAGGING
2024-11-01,Internet & Digital Platforms,23.61,-5.81,LAGGING
2024-11-01,Iron & Steel,25.87,-5.02,LAGGING
2024-11-01,Logistics & Transportation,31.79,-3.52,LAGGING
2024-11-01,"Logistics, Ports & Supply Chain",29.51,-3.32,LAGGING
2024-11-01,Lubricants & Specialty Oils,14.71,-7.26,LAGGING
2024-11-01,Media & Entertainment,30.58,-1.98,LAGGING
2024-11-01,Metals & Mining,35.95,-0.67,NEUTRAL
2024-11-01,Mining & Mineral Products,23.83,-5.93,LAGGING
2024-11-01,Non Banking Financial Company (NBFC),35.23,-1.7,NEUTRAL
2024-11-01,Oil Exploration & Refining,15.15,-8.8,LAGGING
2024-11-01,Packaged Foods & Consumer Staples,51.79,3.13,EMERGING_LEADER
2024-11-01,Packaged Foods & FMCG Staples,20.64,-6.95,LAGGING
2024-11-01,Packaging Materials & Containers,40.24,0.36,NEUTRAL
2024-11-01,Paper & Paper Products,19.59,-6.35,LAGGING
2024-11-01,Pharmaceuticals,36.49,-0.92,NEUTRAL
2024-11-01,Pharmaceuticals & Biotechnology,29.76,-3.24,LAGGING
2024-11-01,Pipes & Tubes,32.14,-1.59,LAGGING
2024-11-01,"Plywood, MDF & Laminates",29.94,-3.98,LAGGING
2024-11-01,Power,16.2,-7.83,LAGGING
2024-11-01,Power Generation & Utilities,16.16,-8.87,DISTRIBUTION
2024-11-01,Pumps & Compressors,48.84,2.42,EMERGING_LEADER
2024-11-01,Renewable Energy - Solar & Wind,29.48,-2.22,LAGGING
2024-11-01,Residential & Commercial Real Estate,29.39,-3.47,LAGGING
2024-11-01,Services,36.24,-0.94,NEUTRAL
2024-11-01,Software Products & Digital Services,34.03,-1.76,LAGGING
2024-11-01,Specialty Chemicals,31.43,-2.45,LAGGING
2024-11-01,Stockbroking & Financial Products,55.39,3.99,EMERGING_LEADER
2024-11-01,Sugar & Bio-Ethanol,14.95,-8.25,LAGGING
2024-11-01,Tea & Coffee,44.3,1.33,NEUTRAL
2024-11-01,Telecom Services & Infrastructure,40.3,0.16,NEUTRAL
2024-11-01,Telecommunication,27.7,-2.88,LAGGING
2024-11-01,Textiles & Apparel,30.27,-3.48,LAGGING
2024-11-01,"Textiles, Yarns & Apparel",17.62,-6.71,LAGGING
2024-11-01,Transformers & T&D Equipment,30.74,-3.45,LAGGING
2024-11-01,Tyres & Rubber Products,14.93,-8.03,LAGGING
2024-11-01,Wires & Cables,27.19,-4.68,LAGGING
2024-11-04,API & CDMO / CRAMS,58.43,4.72,EMERGING_LEADER
2024-11-04,Aerospace & Defence,34.42,-1.53,LAGGING
2024-11-04,Air Conditioners & AC Components,17.85,-10.42,DISTRIBUTION
2024-11-04,Aluminium & Mining,33.28,-4.18,LAGGING
2024-11-04,Auto Parts & Equipment,25.08,-4.35,LAGGING
2024-11-04,Automobile OEMs,29.49,-2.6,LAGGING
2024-11-04,Banks,33.75,-2.12,LAGGING
2024-11-04,Bearings & Friction Solutions,26.35,-5.34,LAGGING
2024-11-04,Breweries & Distilleries,29.81,-3.17,LAGGING
2024-11-04,Capital Goods,40.92,0.0,NEUTRAL
2024-11-04,Capital Markets & Asset Management,62.89,5.79,EMERGING_LEADER
2024-11-04,Cement,38.79,0.01,NEUTRAL
2024-11-04,Cement & Clinker,32.04,-2.65,LAGGING
2024-11-04,Ceramics & Tiles,28.85,-4.14,LAGGING
2024-11-04,Chemicals,29.24,-2.99,LAGGING
2024-11-04,Civil Construction & Infrastructure,33.81,-1.74,LAGGING
2024-11-04,Civil Construction & Infrastructure EPC,28.06,-2.82,LAGGING
2024-11-04,Commodity Chemicals,29.04,-3.32,LAGGING
2024-11-04,Consumer Durables,27.3,-4.1,LAGGING
2024-11-04,Consumer Services,40.71,0.21,NEUTRAL
2024-11-04,Diversified & Fashion Retail,36.02,-0.99,NEUTRAL
2024-11-04,Diversified Commercial,37.26,-1.17,NEUTRAL
2024-11-04,Diversified Retail,25.82,-4.66,LAGGING
2024-11-04,Electronic Manufacturing Services (EMS),56.58,-0.08,WEAKENING
2024-11-04,Fast Moving Consumer Goods,44.81,1.45,NEUTRAL
2024-11-04,Fertilizers & Agrochemicals,43.77,1.2,NEUTRAL
2024-11-04,Financial Services,51.02,2.24,EMERGING_LEADER
2024-11-04,Healthcare,72.26,8.04,ESTABLISHED_LEADER
2024-11-04,Hospitals & Diagnostic Centres,52.39,2.8,EMERGING_LEADER
2024-11-04,Hotels & Restaurants,51.93,3.16,EMERGING_LEADER
2024-11-04,"Hotels, Resorts & QSR",34.46,-1.03,LAGGING
2024-11-04,IT Consulting & Software,28.4,-5.4,LAGGING
2024-11-04,Information Technology,36.76,-0.48,NEUTRAL
2024-11-04,Insurance,20.06,-6.96,LAGGING
2024-11-04,Internet & Digital Platforms,29.13,-3.7,LAGGING
2024-11-04,Iron & Steel,31.99,-2.45,LAGGING
2024-11-04,Logistics & Transportation,35.87,-0.79,NEUTRAL
2024-11-04,"Logistics, Ports & Supply Chain",34.98,-0.9,LAGGING
2024-11-04,Lubricants & Specialty Oils,20.19,-4.77,LAGGING
2024-11-04,Media & Entertainment,30.56,-2.75,LAGGING
2024-11-04,Metals & Mining,21.4,-6.63,LAGGING
2024-11-04,Mining & Mineral Products,31.96,-3.25,LAGGING
2024-11-04,Non Banking Financial Company (NBFC),35.32,-1.34,NEUTRAL
2024-11-04,Oil Exploration & Refining,20.82,-6.06,LAGGING
2024-11-04,Packaged Foods & Consumer Staples,52.95,3.41,EMERGING_LEADER
2024-11-04,Packaged Foods & FMCG Staples,30.13,-2.63,LAGGING
2024-11-04,Packaging Materials & Containers,32.44,-2.21,LAGGING
2024-11-04,Paper & Paper Products,28.72,-2.48,LAGGING
2024-11-04,Pharmaceuticals,37.69,-0.65,NEUTRAL
2024-11-04,Pharmaceuticals & Biotechnology,33.6,-2.06,LAGGING
2024-11-04,Pipes & Tubes,32.08,-1.6,LAGGING
2024-11-04,"Plywood, MDF & Laminates",30.39,-3.4,LAGGING
2024-11-04,Power,19.39,-6.34,LAGGING
2024-11-04,Power Generation & Utilities,17.24,-7.78,LAGGING
2024-11-04,Pumps & Compressors,64.94,6.29,EMERGING_LEADER
2024-11-04,Renewable Energy - Solar & Wind,35.66,-0.74,NEUTRAL
2024-11-04,Residential & Commercial Real Estate,29.63,-3.44,LAGGING
2024-11-04,Services,42.49,0.9,NEUTRAL
2024-11-04,Software Products & Digital Services,36.33,-1.64,NEUTRAL
2024-11-04,Specialty Chemicals,35.17,-1.76,NEUTRAL
2024-11-04,Stockbroking & Financial Products,55.78,4.09,EMERGING_LEADER
2024-11-04,Sugar & Bio-Ethanol,17.55,-7.36,LAGGING
2024-11-04,Tea & Coffee,40.01,0.3,NEUTRAL
2024-11-04,Telecom Services & Infrastructure,36.96,-1.57,NEUTRAL
2024-11-04,Telecommunication,27.45,-4.27,LAGGING
2024-11-04,Textiles & Apparel,36.98,-0.75,NEUTRAL
2024-11-04,"Textiles, Yarns & Apparel",28.65,-2.66,LAGGING
2024-11-04,Transformers & T&D Equipment,31.54,-3.14,LAGGING
2024-11-04,Tyres & Rubber Products,20.04,-6.17,LAGGING
2024-11-04,Wires & Cables,26.07,-4.96,LAGGING
2024-11-05,API & CDMO / CRAMS,53.17,2.72,EMERGING_LEADER
2024-11-05,Aerospace & Defence,27.91,-3.79,LAGGING
2024-11-05,Air Conditioners & AC Components,18.23,-10.32,DISTRIBUTION
2024-11-05,Aluminium & Mining,33.27,-4.18,LAGGING
2024-11-05,Auto Parts & Equipment,23.46,-4.9,LAGGING
2024-11-05,Automobile OEMs,27.17,-4.04,LAGGING
2024-11-05,Banks,33.95,-2.51,LAGGING
2024-11-05,Bearings & Friction Solutions,35.45,-0.79,NEUTRAL
2024-11-05,Breweries & Distilleries,47.66,2.14,EMERGING_LEADER
2024-11-05,Capital Goods,35.43,-2.09,NEUTRAL
2024-11-05,Capital Markets & Asset Management,64.64,6.21,EMERGING_LEADER
2024-11-05,Cement,48.82,2.42,EMERGING_LEADER
2024-11-05,Cement & Clinker,32.11,-2.41,LAGGING
2024-11-05,Ceramics & Tiles,27.25,-4.37,LAGGING
2024-11-05,Chemicals,31.59,-1.82,LAGGING
2024-11-05,Civil Construction & Infrastructure,33.09,-2.47,LAGGING
2024-11-05,Civil Construction & Infrastructure EPC,24.08,-4.3,LAGGING
2024-11-05,Commodity Chemicals,24.05,-4.9,LAGGING
2024-11-05,Consumer Durables,25.16,-5.25,LAGGING
2024-11-05,Consumer Services,33.61,-3.53,LAGGING
2024-11-05,Diversified & Fashion Retail,32.83,-3.7,LAGGING
2024-11-05,Diversified Commercial,37.44,-0.8,NEUTRAL
2024-11-05,Diversified Retail,28.46,-3.53,LAGGING
2024-11-05,Electronic Manufacturing Services (EMS),59.44,4.97,EMERGING_LEADER
2024-11-05,Fast Moving Consumer Goods,41.26,-1.1,NEUTRAL
2024-11-05,Fertilizers & Agrochemicals,47.29,2.05,EMERGING_LEADER
2024-11-05,Financial Services,50.9,2.41,EMERGING_LEADER
2024-11-05,Healthcare,81.74,10.32,LEADING
2024-11-05,Hospitals & Diagnostic Centres,52.63,2.78,EMERGING_LEADER
2024-11-05,Hotels & Restaurants,43.74,1.2,NEUTRAL
2024-11-05,"Hotels, Resorts & QSR",20.88,-6.03,LAGGING
2024-11-05,IT Consulting & Software,30.52,-4.69,LAGGING
2024-11-05,Information Technology,36.99,-0.64,NEUTRAL
2024-11-05,Insurance,20.64,-8.81,DISTRIBUTION
2024-11-05,Internet & Digital Platforms,21.66,-6.75,LAGGING
2024-11-05,Iron & Steel,39.45,0.17,NEUTRAL
2024-11-05,Logistics & Transportation,33.52,-2.28,LAGGING
2024-11-05,"Logistics, Ports & Supply Chain",33.65,-1.36,LAGGING
2024-11-05,Lubricants & Specialty Oils,19.8,-4.57,LAGGING
2024-11-05,Media & Entertainment,28.23,-3.12,LAGGING
2024-11-05,Metals & Mining,20.06,-7.45,LAGGING
2024-11-05,Mining & Mineral Products,33.55,-4.08,LAGGING
2024-11-05,Non Banking Financial Company (NBFC),36.4,-1.16,NEUTRAL
2024-11-05,Oil Exploration & Refining,21.75,-5.15,LAGGING
2024-11-05,Packaged Foods & Consumer Staples,39.69,-0.25,NEUTRAL
2024-11-05,Packaged Foods & FMCG Staples,30.7,-2.37,LAGGING
2024-11-05,Packaging Materials & Containers,30.02,-2.93,LAGGING
2024-11-05,Paper & Paper Products,28.21,-3.55,LAGGING
2024-11-05,Pharmaceuticals,41.95,0.77,NEUTRAL
2024-11-05,Pharmaceuticals & Biotechnology,31.86,-2.65,LAGGING
2024-11-05,Pipes & Tubes,30.34,-2.71,LAGGING
2024-11-05,"Plywood, MDF & Laminates",32.76,-1.93,LAGGING
2024-11-05,Power,21.81,-5.12,LAGGING
2024-11-05,Power Generation & Utilities,16.64,-8.26,LAGGING
2024-11-05,Pumps & Compressors,57.82,4.58,EMERGING_LEADER
2024-11-05,Renewable Energy - Solar & Wind,35.65,-0.74,NEUTRAL
2024-11-05,Residential & Commercial Real Estate,29.06,-4.41,LAGGING
2024-11-05,Services,45.85,1.7,EMERGING_LEADER
2024-11-05,Software Products & Digital Services,37.93,-0.66,NEUTRAL
2024-11-05,Specialty Chemicals,35.05,-1.22,NEUTRAL
2024-11-05,Stockbroking & Financial Products,53.12,3.45,EMERGING_LEADER
2024-11-05,Sugar & Bio-Ethanol,17.62,-7.2,LAGGING
2024-11-05,Tea & Coffee,49.27,2.52,EMERGING_LEADER
2024-11-05,Telecom Services & Infrastructure,30.37,-3.76,LAGGING
2024-11-05,Telecommunication,29.77,-2.69,LAGGING
2024-11-05,Textiles & Apparel,36.2,-0.64,NEUTRAL
2024-11-05,"Textiles, Yarns & Apparel",26.5,-2.94,LAGGING
2024-11-05,Transformers & T&D Equipment,33.6,-2.22,LAGGING
2024-11-05,Tyres & Rubber Products,16.12,-7.79,LAGGING
2024-11-05,Wires & Cables,26.57,-4.21,LAGGING
2024-11-06,API & CDMO / CRAMS,69.68,7.42,ESTABLISHED_LEADER
2024-11-06,Aerospace & Defence,35.77,-2.52,NEUTRAL
2024-11-06,Air Conditioners & AC Components,17.92,-10.4,DISTRIBUTION
2024-11-06,Aluminium & Mining,42.84,-0.11,NEUTRAL
2024-11-06,Auto Parts & Equipment,27.5,-3.78,LAGGING
2024-11-06,Automobile OEMs,28.12,-4.6,LAGGING
2024-11-06,Banks,37.82,-1.21,NEUTRAL
2024-11-06,Bearings & Friction Solutions,38.41,-0.08,NEUTRAL
2024-11-06,Breweries & Distilleries,43.68,1.18,NEUTRAL
2024-11-06,Capital Goods,43.99,0.73,NEUTRAL
2024-11-06,Capital Markets & Asset Management,67.18,6.82,ESTABLISHED_LEADER
2024-11-06,Cement,49.08,2.48,EMERGING_LEADER
2024-11-06,Cement & Clinker,36.72,-0.96,NEUTRAL
2024-11-06,Ceramics & Tiles,32.61,-2.25,LAGGING
2024-11-06,Chemicals,40.72,0.47,NEUTRAL
2024-11-06,Civil Construction & Infrastructure,33.27,-2.72,LAGGING
2024-11-06,Civil Construction & Infrastructure EPC,29.36,-2.93,LAGGING
2024-11-06,Commodity Chemicals,34.45,-1.31,LAGGING
2024-11-06,Consumer Durables,36.65,-1.34,NEUTRAL
2024-11-06,Consumer Services,42.25,0.27,NEUTRAL
2024-11-06,Diversified & Fashion Retail,34.82,-2.71,LAGGING
2024-11-06,Diversified Commercial,41.79,0.44,NEUTRAL
2024-11-06,Diversified Retail,29.54,-3.38,LAGGING
2024-11-06,Electronic Manufacturing Services (EMS),61.85,5.54,EMERGING_LEADER
2024-11-06,Fast Moving Consumer Goods,49.09,2.48,EMERGING_LEADER
2024-11-06,Fertilizers & Agrochemicals,51.0,2.94,EMERGING_LEADER
2024-11-06,Financial Services,54.21,3.41,EMERGING_LEADER
2024-11-06,Healthcare,83.15,10.66,LEADING
2024-11-06,Hospitals & Diagnostic Centres,54.73,3.33,EMERGING_LEADER
2024-11-06,Hotels & Restaurants,45.6,0.68,EMERGING_LEADER
2024-11-06,"Hotels, Resorts & QSR",28.01,-3.63,LAGGING
2024-11-06,IT Consulting & Software,45.67,1.34,EMERGING_LEADER
2024-11-06,Information Technology,43.38,1.11,NEUTRAL
2024-11-06,Insurance,16.34,-9.37,DISTRIBUTION
2024-11-06,Internet & Digital Platforms,30.56,-3.28,LAGGING
2024-11-06,Iron & Steel,41.2,0.59,NEUTRAL
2024-11-06,Logistics & Transportation,35.59,-2.43,NEUTRAL
2024-11-06,"Logistics, Ports & Supply Chain",29.78,-4.22,LAGGING
2024-11-06,Lubricants & Specialty Oils,26.8,-2.87,LAGGING
2024-11-06,Media & Entertainment,37.04,-0.41,NEUTRAL
2024-11-06,Metals & Mining,43.73,1.2,NEUTRAL
2024-11-06,Mining & Mineral Products,38.01,-1.38,NEUTRAL
2024-11-06,Non Banking Financial Company (NBFC),40.36,-1.18,NEUTRAL
2024-11-06,Oil Exploration & Refining,23.03,-4.61,LAGGING
2024-11-06,Packaged Foods & Consumer Staples,46.15,1.78,EMERGING_LEADER
2024-11-06,Packaged Foods & FMCG Staples,28.76,-3.57,LAGGING
2024-11-06,Packaging Materials & Containers,44.34,1.34,NEUTRAL
2024-11-06,Paper & Paper Products,23.82,-5.42,LAGGING
2024-11-06,Pharmaceuticals,45.35,1.58,EMERGING_LEADER
2024-11-06,Pharmaceuticals & Biotechnology,32.38,-3.03,LAGGING
2024-11-06,Pipes & Tubes,32.26,-2.23,LAGGING
2024-11-06,"Plywood, MDF & Laminates",32.89,-2.01,LAGGING
2024-11-06,Power,22.84,-4.82,LAGGING
2024-11-06,Power Generation & Utilities,19.77,-6.82,LAGGING
2024-11-06,Pumps & Compressors,59.58,5.0,EMERGING_LEADER
2024-11-06,Renewable Energy - Solar & Wind,31.99,-1.78,LAGGING
2024-11-06,Residential & Commercial Real Estate,33.96,-1.89,LAGGING
2024-11-06,Services,49.67,2.61,EMERGING_LEADER
2024-11-06,Software Products & Digital Services,41.72,0.52,NEUTRAL
2024-11-06,Specialty Chemicals,39.0,-0.18,NEUTRAL
2024-11-06,Stockbroking & Financial Products,53.29,2.25,EMERGING_LEADER
2024-11-06,Sugar & Bio-Ethanol,17.78,-7.51,LAGGING
2024-11-06,Tea & Coffee,68.26,7.08,ESTABLISHED_LEADER
2024-11-06,Telecom Services & Infrastructure,34.2,-2.25,LAGGING
2024-11-06,Telecommunication,38.05,-1.66,NEUTRAL
2024-11-06,Textiles & Apparel,36.15,-2.37,NEUTRAL
2024-11-06,"Textiles, Yarns & Apparel",33.43,-1.28,LAGGING
2024-11-06,Transformers & T&D Equipment,33.95,-2.08,LAGGING
2024-11-06,Tyres & Rubber Products,18.82,-6.66,LAGGING
2024-11-06,Wires & Cables,28.92,-3.55,LAGGING
2024-11-07,API & CDMO / CRAMS,59.6,3.74,EMERGING_LEADER
2024-11-07,Aerospace & Defence,26.5,-6.73,DISTRIBUTION
2024-11-07,Air Conditioners & AC Components,31.61,-7.11,DISTRIBUTION
2024-11-07,Aluminium & Mining,28.3,-6.4,DISTRIBUTION
2024-11-07,Auto Parts & Equipment,27.28,-4.3,LAGGING
2024-11-07,Automobile OEMs,27.43,-5.16,LAGGING
2024-11-07,Banks,36.64,-1.73,NEUTRAL
2024-11-07,Bearings & Friction Solutions,33.18,-2.08,LAGGING
2024-11-07,Breweries & Distilleries,41.87,0.74,NEUTRAL
2024-11-07,Capital Goods,42.96,-0.44,NEUTRAL
2024-11-07,Capital Markets & Asset Management,64.45,5.08,EMERGING_LEADER
2024-11-07,Cement,50.44,2.44,EMERGING_LEADER
2024-11-07,Cement & Clinker,33.65,-3.11,LAGGING
2024-11-07,Ceramics & Tiles,27.64,-4.96,LAGGING
2024-11-07,Chemicals,40.1,0.32,NEUTRAL
2024-11-07,Civil Construction & Infrastructure,31.69,-4.67,LAGGING
2024-11-07,Civil Construction & Infrastructure EPC,27.27,-5.12,LAGGING
2024-11-07,Commodity Chemicals,33.13,-2.2,LAGGING
2024-11-07,Consumer Durables,35.79,-2.08,NEUTRAL
2024-11-07,Consumer Services,41.07,-1.44,NEUTRAL
2024-11-07,Diversified & Fashion Retail,39.22,-1.24,NEUTRAL
2024-11-07,Diversified Commercial,40.1,-0.72,NEUTRAL
2024-11-07,Diversified Retail,33.69,-1.82,LAGGING
2024-11-07,Electronic Manufacturing Services (EMS),71.6,6.94,ESTABLISHED_LEADER
2024-11-07,Fast Moving Consumer Goods,51.18,2.98,EMERGING_LEADER
2024-11-07,Fertilizers & Agrochemicals,57.07,4.4,EMERGING_LEADER
2024-11-07,Financial Services,50.45,-0.55,NEUTRAL
2024-11-07,Healthcare,80.86,9.4,LEADING
2024-11-07,Hospitals & Diagnostic Centres,59.35,3.74,EMERGING_LEADER
2024-11-07,Hotels & Restaurants,49.18,1.5,EMERGING_LEADER
2024-11-07,"Hotels, Resorts & QSR",23.87,-5.93,LAGGING
2024-11-07,IT Consulting & Software,44.71,1.29,NEUTRAL
2024-11-07,Information Technology,39.45,-0.14,NEUTRAL
2024-11-07,Insurance,16.41,-8.25,LAGGING
2024-11-07,Internet & Digital Platforms,36.96,-0.69,NEUTRAL
2024-11-07,Iron & Steel,36.99,-0.92,NEUTRAL
2024-11-07,Logistics & Transportation,40.84,0.02,NEUTRAL
2024-11-07,"Logistics, Ports & Supply Chain",34.54,-2.78,LAGGING
2024-11-07,Lubricants & Specialty Oils,25.92,-3.08,LAGGING
2024-11-07,Media & Entertainment,33.18,-2.98,LAGGING
2024-11-07,Metals & Mining,37.92,-1.07,NEUTRAL
2024-11-07,Mining & Mineral Products,40.29,0.3,NEUTRAL
2024-11-07,Non Banking Financial Company (NBFC),38.32,-1.53,NEUTRAL
2024-11-07,Oil Exploration & Refining,20.79,-5.98,LAGGING
2024-11-07,Packaged Foods & Consumer Staples,39.84,-3.38,NEUTRAL
2024-11-07,Packaged Foods & FMCG Staples,30.36,-2.86,LAGGING
2024-11-07,Packaging Materials & Containers,49.03,2.47,EMERGING_LEADER
2024-11-07,Paper & Paper Products,22.25,-6.04,LAGGING
2024-11-07,Pharmaceuticals,38.88,-1.62,NEUTRAL
2024-11-07,Pharmaceuticals & Biotechnology,25.51,-7.08,DISTRIBUTION
2024-11-07,Pipes & Tubes,37.57,-0.67,NEUTRAL
2024-11-07,"Plywood, MDF & Laminates",31.73,-4.03,LAGGING
2024-11-07,Power,21.75,-5.4,LAGGING
2024-11-07,Power Generation & Utilities,24.23,-5.12,LAGGING
2024-11-07,Pumps & Compressors,55.43,3.77,EMERGING_LEADER
2024-11-07,Renewable Energy - Solar & Wind,27.16,-4.06,LAGGING
2024-11-07,Residential & Commercial Real Estate,34.14,-2.65,LAGGING
2024-11-07,Services,44.44,-0.41,NEUTRAL
2024-11-07,Software Products & Digital Services,40.67,-0.5,NEUTRAL
2024-11-07,Specialty Chemicals,39.44,-1.0,NEUTRAL
2024-11-07,Stockbroking & Financial Products,53.09,1.35,NEUTRAL
2024-11-07,Sugar & Bio-Ethanol,17.28,-7.51,LAGGING
2024-11-07,Tea & Coffee,56.88,4.35,EMERGING_LEADER
2024-11-07,Telecom Services & Infrastructure,35.88,-2.05,NEUTRAL
2024-11-07,Telecommunication,42.76,0.96,NEUTRAL
2024-11-07,Textiles & Apparel,38.76,-1.16,NEUTRAL
2024-11-07,"Textiles, Yarns & Apparel",33.39,-1.29,LAGGING
2024-11-07,Transformers & T&D Equipment,38.04,-1.1,NEUTRAL
2024-11-07,Tyres & Rubber Products,16.93,-7.54,LAGGING
2024-11-07,Wires & Cables,27.75,-4.87,LAGGING
2024-11-08,API & CDMO / CRAMS,55.43,2.41,EMERGING_LEADER
2024-11-08,Aerospace & Defence,25.03,-7.95,DISTRIBUTION
2024-11-08,Air Conditioners & AC Components,58.86,4.83,EMERGING_LEADER
2024-11-08,Aluminium & Mining,23.52,-8.36,DISTRIBUTION
2024-11-08,Auto Parts & Equipment,24.8,-5.65,LAGGING
2024-11-08,Automobile OEMs,24.66,-6.36,LAGGING
2024-11-08,Banks,31.06,-4.69,LAGGING
2024-11-08,Bearings & Friction Solutions,40.8,0.49,NEUTRAL
2024-11-08,Breweries & Distilleries,34.83,-3.06,LAGGING
2024-11-08,Capital Goods,43.21,0.64,NEUTRAL
2024-11-08,Capital Markets & Asset Management,60.15,2.22,NEUTRAL
2024-11-08,Cement,36.97,-3.88,NEUTRAL
2024-11-08,Cement & Clinker,32.28,-4.29,LAGGING
2024-11-08,Ceramics & Tiles,27.82,-4.65,LAGGING
2024-11-08,Chemicals,30.09,-4.15,LAGGING
2024-11-08,Civil Construction & Infrastructure,33.86,-3.58,LAGGING
2024-11-08,Civil Construction & Infrastructure EPC,23.0,-7.74,DISTRIBUTION
2024-11-08,Commodity Chemicals,28.53,-4.89,LAGGING
2024-11-08,Consumer Durables,27.32,-5.33,LAGGING
2024-11-08,Consumer Services,39.74,-3.26,NEUTRAL
2024-11-08,Diversified & Fashion Retail,34.46,-2.89,LAGGING
2024-11-08,Diversified Commercial,37.6,-2.47,NEUTRAL
2024-11-08,Diversified Retail,26.42,-5.57,LAGGING
2024-11-08,Electronic Manufacturing Services (EMS),60.3,3.31,NEUTRAL
2024-11-08,Fast Moving Consumer Goods,38.37,-2.71,NEUTRAL
2024-11-08,Fertilizers & Agrochemicals,42.26,-1.26,NEUTRAL
2024-11-08,Financial Services,43.41,-2.54,NEUTRAL
2024-11-08,Healthcare,79.03,8.74,LEADING
2024-11-08,Hospitals & Diagnostic Centres,57.29,4.02,EMERGING_LEADER
2024-11-08,Hotels & Restaurants,53.1,1.96,EMERGING_LEADER
2024-11-08,"Hotels, Resorts & QSR",31.52,-3.08,LAGGING
2024-11-08,IT Consulting & Software,45.07,1.52,EMERGING_LEADER
2024-11-08,Information Technology,35.26,-3.33,NEUTRAL
2024-11-08,Insurance,15.0,-9.42,DISTRIBUTION
2024-11-08,Internet & Digital Platforms,25.48,-5.55,LAGGING
2024-11-08,Iron & Steel,30.56,-3.82,LAGGING
2024-11-08,Logistics & Transportation,36.03,-2.59,NEUTRAL
2024-11-08,"Logistics, Ports & Supply Chain",24.64,-6.96,DISTRIBUTION
2024-11-08,Lubricants & Specialty Oils,19.34,-6.52,LAGGING
2024-11-08,Media & Entertainment,23.35,-7.7,DISTRIBUTION
2024-11-08,Metals & Mining,44.06,0.03,NEUTRAL
2024-11-08,Mining & Mineral Products,39.17,0.1,NEUTRAL
2024-11-08,Non Banking Financial Company (NBFC),38.84,-2.03,NEUTRAL
2024-11-08,Oil Exploration & Refining,23.17,-5.0,LAGGING
2024-11-08,Packaged Foods & Consumer Staples,35.13,-6.27,WEAKENING
2024-11-08,Packaged Foods & FMCG Staples,28.87,-3.59,LAGGING
2024-11-08,Packaging Materials & Containers,37.64,-3.43,NEUTRAL
2024-11-08,Paper & Paper Products,20.92,-6.74,LAGGING
2024-11-08,Pharmaceuticals,32.91,-4.75,LAGGING
2024-11-08,Pharmaceuticals & Biotechnology,24.24,-7.18,DISTRIBUTION
2024-11-08,Pipes & Tubes,30.01,-5.18,LAGGING
2024-11-08,"Plywood, MDF & Laminates",26.61,-6.21,LAGGING
2024-11-08,Power,13.84,-9.1,LAGGING
2024-11-08,Power Generation & Utilities,20.53,-6.29,LAGGING
2024-11-08,Pumps & Compressors,46.47,-1.27,NEUTRAL
2024-11-08,Renewable Energy - Solar & Wind,27.44,-5.78,LAGGING
2024-11-08,Residential & Commercial Real Estate,32.0,-3.85,LAGGING
2024-11-08,Services,41.86,-0.94,NEUTRAL
2024-11-08,Software Products & Digital Services,36.98,-2.59,NEUTRAL
2024-11-08,Specialty Chemicals,31.51,-4.42,LAGGING
2024-11-08,Stockbroking & Financial Products,52.98,0.28,NEUTRAL
2024-11-08,Sugar & Bio-Ethanol,17.74,-7.24,LAGGING
2024-11-08,Tea & Coffee,43.84,-1.56,NEUTRAL
2024-11-08,Telecom Services & Infrastructure,42.55,-1.38,NEUTRAL
2024-11-08,Telecommunication,34.55,-2.48,LAGGING
2024-11-08,Textiles & Apparel,40.49,-0.44,NEUTRAL
2024-11-08,"Textiles, Yarns & Apparel",29.81,-2.65,LAGGING
2024-11-08,Transformers & T&D Equipment,32.96,-3.69,LAGGING
2024-11-08,Tyres & Rubber Products,16.64,-7.7,LAGGING
2024-11-08,Wires & Cables,25.69,-6.1,LAGGING
2024-11-11,API & CDMO / CRAMS,48.6,-2.11,WEAKENING
2024-11-11,Aerospace & Defence,25.58,-7.45,DISTRIBUTION
2024-11-11,Air Conditioners & AC Components,16.52,-10.74,DISTRIBUTION
2024-11-11,Aluminium & Mining,21.64,-8.9,DISTRIBUTION
2024-11-11,Auto Parts & Equipment,25.57,-5.78,LAGGING
2024-11-11,Automobile OEMs,22.44,-7.88,DISTRIBUTION
2024-11-11,Banks,31.04,-5.04,LAGGING
2024-11-11,Bearings & Friction Solutions,30.43,-3.96,LAGGING
2024-11-11,Breweries & Distilleries,27.06,-6.0,LAGGING
2024-11-11,Capital Goods,37.39,-3.66,NEUTRAL
2024-11-11,Capital Markets & Asset Management,47.05,-3.41,WEAKENING
2024-11-11,Cement,37.93,-3.05,NEUTRAL
2024-11-11,Cement & Clinker,26.05,-6.83,DISTRIBUTION
2024-11-11,Ceramics & Tiles,24.88,-6.74,LAGGING
2024-11-11,Chemicals,21.84,-8.09,DISTRIBUTION
2024-11-11,Civil Construction & Infrastructure,30.49,-5.28,LAGGING
2024-11-11,Civil Construction & Infrastructure EPC,19.16,-9.0,DISTRIBUTION
2024-11-11,Commodity Chemicals,27.85,-5.53,LAGGING
2024-11-11,Consumer Durables,24.97,-6.43,LAGGING
2024-11-11,Consumer Services,36.11,-4.16,NEUTRAL
2024-11-11,Diversified & Fashion Retail,29.72,-6.0,DISTRIBUTION
2024-11-11,Diversified Commercial,36.68,-3.3,NEUTRAL
2024-11-11,Diversified Retail,15.81,-10.01,DISTRIBUTION
2024-11-11,Electronic Manufacturing Services (EMS),72.92,8.2,ESTABLISHED_LEADER
2024-11-11,Fast Moving Consumer Goods,37.39,-4.36,WEAKENING
2024-11-11,Fertilizers & Agrochemicals,39.31,-3.37,NEUTRAL
2024-11-11,Financial Services,42.63,-3.28,WEAKENING
2024-11-11,Healthcare,71.76,5.13,ESTABLISHED_LEADER
2024-11-11,Hospitals & Diagnostic Centres,57.75,2.82,NEUTRAL
2024-11-11,Hotels & Restaurants,47.48,-1.41,NEUTRAL
2024-11-11,"Hotels, Resorts & QSR",34.89,-3.55,LAGGING
2024-11-11,IT Consulting & Software,38.75,-0.84,NEUTRAL
2024-11-11,Information Technology,47.11,1.17,EMERGING_LEADER
2024-11-11,Insurance,15.37,-9.16,DISTRIBUTION
2024-11-11,Internet & Digital Platforms,28.66,-5.21,LAGGING
2024-11-11,Iron & Steel,22.68,-8.23,DISTRIBUTION
2024-11-11,Logistics & Transportation,39.31,-1.95,NEUTRAL
2024-11-11,"Logistics, Ports & Supply Chain",28.72,-6.23,DISTRIBUTION
2024-11-11,Lubricants & Specialty Oils,17.84,-8.14,LAGGING
2024-11-11,Media & Entertainment,23.81,-7.5,DISTRIBUTION
2024-11-11,Metals & Mining,27.17,-4.44,LAGGING
2024-11-11,Mining & Mineral Products,27.54,-6.19,DISTRIBUTION
2024-11-11,Non Banking Financial Company (NBFC),40.42,-1.38,NEUTRAL
2024-11-11,Oil Exploration & Refining,12.97,-10.3,DISTRIBUTION
2024-11-11,Packaged Foods & Consumer Staples,39.41,-4.98,WEAKENING
2024-11-11,Packaged Foods & FMCG Staples,27.6,-5.83,LAGGING
2024-11-11,Packaging Materials & Containers,32.82,-4.05,LAGGING
2024-11-11,Paper & Paper Products,19.74,-8.88,DISTRIBUTION
2024-11-11,Pharmaceuticals,28.1,-6.98,DISTRIBUTION
2024-11-11,Pharmaceuticals & Biotechnology,24.52,-7.75,DISTRIBUTION
2024-11-11,Pipes & Tubes,26.65,-6.58,DISTRIBUTION
2024-11-11,"Plywood, MDF & Laminates",29.13,-5.24,LAGGING
2024-11-11,Power,14.03,-9.6,DISTRIBUTION
2024-11-11,Power Generation & Utilities,29.47,-2.73,LAGGING
2024-11-11,Pumps & Compressors,42.08,-4.6,WEAKENING
2024-11-11,Renewable Energy - Solar & Wind,30.29,-5.7,DISTRIBUTION
2024-11-11,Residential & Commercial Real Estate,26.67,-6.13,LAGGING
2024-11-11,Services,41.99,-2.01,NEUTRAL
2024-11-11,Software Products & Digital Services,37.14,-2.94,NEUTRAL
2024-11-11,Specialty Chemicals,28.07,-6.54,DISTRIBUTION
2024-11-11,Stockbroking & Financial Products,55.31,1.19,NEUTRAL
2024-11-11,Sugar & Bio-Ethanol,15.81,-8.52,LAGGING
2024-11-11,Tea & Coffee,41.55,-1.75,NEUTRAL
2024-11-11,Telecom Services & Infrastructure,28.91,-6.51,DISTRIBUTION
2024-11-11,Telecommunication,33.88,-2.71,LAGGING
2024-11-11,Textiles & Apparel,30.9,-5.68,DISTRIBUTION
2024-11-11,"Textiles, Yarns & Apparel",27.77,-5.49,LAGGING
2024-11-11,Transformers & T&D Equipment,28.97,-5.51,LAGGING
2024-11-11,Tyres & Rubber Products,17.67,-8.19,LAGGING
2024-11-11,Wires & Cables,23.88,-6.66,LAGGING
2024-11-12,API & CDMO / CRAMS,47.71,-1.53,NEUTRAL
2024-11-12,Aerospace & Defence,26.1,-6.06,LAGGING
2024-11-12,Air Conditioners & AC Components,14.97,-11.11,DISTRIBUTION
2024-11-12,Aluminium & Mining,19.02,-10.0,DISTRIBUTION
2024-11-12,Auto Parts & Equipment,21.96,-7.0,LAGGING
2024-11-12,Automobile OEMs,18.69,-9.04,DISTRIBUTION
2024-11-12,Banks,28.56,-6.12,DISTRIBUTION
2024-11-12,Bearings & Friction Solutions,28.96,-6.22,DISTRIBUTION
2024-11-12,Breweries & Distilleries,27.94,-7.99,DISTRIBUTION
2024-11-12,Capital Goods,32.39,-4.77,LAGGING
2024-11-12,Capital Markets & Asset Management,43.87,-4.17,WEAKENING
2024-11-12,Cement,35.13,-6.03,WEAKENING
2024-11-12,Cement & Clinker,27.96,-6.04,DISTRIBUTION
2024-11-12,Ceramics & Tiles,25.8,-6.07,LAGGING
2024-11-12,Chemicals,14.97,-11.11,DISTRIBUTION
2024-11-12,Civil Construction & Infrastructure,26.15,-6.97,DISTRIBUTION
2024-11-12,Civil Construction & Infrastructure EPC,19.84,-8.0,DISTRIBUTION
2024-11-12,Commodity Chemicals,20.89,-7.56,LAGGING
2024-11-12,Consumer Durables,24.37,-6.29,LAGGING
2024-11-12,Consumer Services,31.98,-4.62,LAGGING
2024-11-12,Diversified & Fashion Retail,26.13,-6.93,DISTRIBUTION
2024-11-12,Diversified Commercial,32.61,-5.04,DISTRIBUTION
2024-11-12,Diversified Retail,10.85,-12.1,DISTRIBUTION
2024-11-12,Electronic Manufacturing Services (EMS),48.38,-3.09,WEAKENING
2024-11-12,Fast Moving Consumer Goods,28.1,-7.62,DISTRIBUTION
2024-11-12,Fertilizers & Agrochemicals,36.38,-5.23,WEAKENING
2024-11-12,Financial Services,37.77,-5.3,WEAKENING
2024-11-12,Healthcare,63.34,0.5,WEAKENING
2024-11-12,Hospitals & Diagnostic Centres,52.92,0.75,NEUTRAL
2024-11-12,Hotels & Restaurants,40.93,-2.68,NEUTRAL
2024-11-12,"Hotels, Resorts & QSR",28.44,-3.81,LAGGING
2024-11-12,IT Consulting & Software,37.21,-1.87,NEUTRAL
2024-11-12,Information Technology,44.22,-0.09,NEUTRAL
2024-11-12,Insurance,16.12,-8.94,DISTRIBUTION
2024-11-12,Internet & Digital Platforms,27.95,-4.16,LAGGING
2024-11-12,Iron & Steel,20.6,-9.76,DISTRIBUTION
2024-11-12,Logistics & Transportation,29.75,-5.54,LAGGING
2024-11-12,"Logistics, Ports & Supply Chain",23.08,-8.36,DISTRIBUTION
2024-11-12,Lubricants & Specialty Oils,17.51,-8.21,LAGGING
2024-11-12,Media & Entertainment,19.92,-8.72,DISTRIBUTION
2024-11-12,Metals & Mining,22.71,-6.07,LAGGING
2024-11-12,Mining & Mineral Products,20.43,-9.46,DISTRIBUTION
2024-11-12,Non Banking Financial Company (NBFC),35.68,-3.57,NEUTRAL
2024-11-12,Oil Exploration & Refining,12.18,-10.8,DISTRIBUTION
2024-11-12,Packaged Foods & Consumer Staples,27.42,-7.63,DISTRIBUTION
2024-11-12,Packaged Foods & FMCG Staples,25.22,-6.93,DISTRIBUTION
2024-11-12,Packaging Materials & Containers,32.9,-3.59,LAGGING
2024-11-12,Paper & Paper Products,19.29,-8.98,DISTRIBUTION
2024-11-12,Pharmaceuticals,28.84,-7.44,DISTRIBUTION
2024-11-12,Pharmaceuticals & Biotechnology,24.47,-7.46,DISTRIBUTION
2024-11-12,Pipes & Tubes,22.65,-7.95,DISTRIBUTION
2024-11-12,"Plywood, MDF & Laminates",25.29,-7.28,DISTRIBUTION
2024-11-12,Power,13.79,-10.13,DISTRIBUTION
2024-11-12,Power Generation & Utilities,26.95,-3.68,LAGGING
2024-11-12,Pumps & Compressors,40.57,-4.96,WEAKENING
2024-11-12,Renewable Energy - Solar & Wind,19.37,-10.05,DISTRIBUTION
2024-11-12,Residential & Commercial Real Estate,24.06,-7.13,DISTRIBUTION
2024-11-12,Services,48.06,-0.07,NEUTRAL
2024-11-12,Software Products & Digital Services,36.11,-3.66,NEUTRAL
2024-11-12,Specialty Chemicals,19.98,-9.9,DISTRIBUTION
2024-11-12,Stockbroking & Financial Products,47.25,-1.72,NEUTRAL
2024-11-12,Sugar & Bio-Ethanol,17.45,-7.84,LAGGING
2024-11-12,Tea & Coffee,38.61,-4.65,WEAKENING
2024-11-12,Telecom Services & Infrastructure,24.91,-7.0,DISTRIBUTION
2024-11-12,Telecommunication,23.41,-7.53,DISTRIBUTION
2024-11-12,Textiles & Apparel,23.91,-8.47,DISTRIBUTION
2024-11-12,"Textiles, Yarns & Apparel",25.87,-5.9,LAGGING
2024-11-12,Transformers & T&D Equipment,27.64,-6.44,DISTRIBUTION
2024-11-12,Tyres & Rubber Products,16.24,-8.08,LAGGING
2024-11-12,Wires & Cables,24.6,-6.45,LAGGING
2024-11-13,API & CDMO / CRAMS,34.05,-6.53,DISTRIBUTION
2024-11-13,Aerospace & Defence,16.35,-10.78,DISTRIBUTION
2024-11-13,Air Conditioners & AC Components,14.76,-11.16,DISTRIBUTION
2024-11-13,Aluminium & Mining,15.48,-10.98,DISTRIBUTION
2024-11-13,Auto Parts & Equipment,19.52,-8.75,DISTRIBUTION
2024-11-13,Automobile OEMs,14.39,-11.02,DISTRIBUTION
2024-11-13,Banks,19.67,-9.98,DISTRIBUTION
2024-11-13,Bearings & Friction Solutions,21.37,-9.57,DISTRIBUTION
2024-11-13,Breweries & Distilleries,25.2,-8.65,DISTRIBUTION
2024-11-13,Capital Goods,24.71,-8.77,DISTRIBUTION
2024-11-13,Capital Markets & Asset Management,24.86,-8.73,DISTRIBUTION
2024-11-13,Cement,33.07,-6.76,DISTRIBUTION
2024-11-13,Cement & Clinker,22.77,-9.05,DISTRIBUTION
2024-11-13,Ceramics & Tiles,16.11,-10.83,DISTRIBUTION
2024-11-13,Chemicals,14.06,-11.33,DISTRIBUTION
2024-11-13,Civil Construction & Infrastructure,20.24,-9.49,DISTRIBUTION
2024-11-13,Civil Construction & Infrastructure EPC,26.48,-6.16,LAGGING
2024-11-13,Commodity Chemicals,17.69,-10.45,DISTRIBUTION
2024-11-13,Consumer Durables,18.69,-10.21,DISTRIBUTION
2024-11-13,Consumer Services,31.8,-6.25,DISTRIBUTION
2024-11-13,Diversified & Fashion Retail,21.85,-9.09,DISTRIBUTION
2024-11-13,Diversified Commercial,28.0,-7.76,DISTRIBUTION
2024-11-13,Diversified Retail,12.14,-11.79,DISTRIBUTION
2024-11-13,Electronic Manufacturing Services (EMS),31.58,-5.52,DISTRIBUTION
2024-11-13,Fast Moving Consumer Goods,28.3,-7.91,DISTRIBUTION
2024-11-13,Fertilizers & Agrochemicals,31.65,-7.1,DISTRIBUTION
2024-11-13,Financial Services,34.61,-6.39,DISTRIBUTION
2024-11-13,Healthcare,47.54,-3.29,WEAKENING
2024-11-13,Hospitals & Diagnostic Centres,40.32,-4.92,WEAKENING
2024-11-13,Hotels & Restaurants,23.37,-9.09,DISTRIBUTION
2024-11-13,"Hotels, Resorts & QSR",21.77,-7.9,DISTRIBUTION
2024-11-13,IT Consulting & Software,31.79,-6.87,DISTRIBUTION
2024-11-13,Information Technology,24.32,-8.86,DISTRIBUTION
2024-11-13,Insurance,13.71,-9.18,LAGGING
2024-11-13,Internet & Digital Platforms,22.45,-8.07,DISTRIBUTION
2024-11-13,Iron & Steel,19.28,-10.07,DISTRIBUTION
2024-11-13,Logistics & Transportation,17.09,-10.6,DISTRIBUTION
2024-11-13,"Logistics, Ports & Supply Chain",21.56,-8.31,DISTRIBUTION
2024-11-13,Lubricants & Specialty Oils,14.76,-10.62,DISTRIBUTION
2024-11-13,Media & Entertainment,18.42,-10.28,DISTRIBUTION
2024-11-13,Metals & Mining,23.41,-9.08,DISTRIBUTION
2024-11-13,Mining & Mineral Products,12.51,-11.7,DISTRIBUTION
2024-11-13,Non Banking Financial Company (NBFC),28.97,-7.1,DISTRIBUTION
2024-11-13,Oil Exploration & Refining,9.74,-12.05,DISTRIBUTION
2024-11-13,Packaged Foods & Consumer Staples,28.68,-7.82,DISTRIBUTION
2024-11-13,Packaged Foods & FMCG Staples,17.86,-9.68,DISTRIBUTION
2024-11-13,Packaging Materials & Containers,24.69,-8.77,DISTRIBUTION
2024-11-13,Paper & Paper Products,17.19,-9.07,DISTRIBUTION
2024-11-13,Pharmaceuticals,30.59,-7.32,DISTRIBUTION
2024-11-13,Pharmaceuticals & Biotechnology,18.77,-9.94,DISTRIBUTION
2024-11-13,Pipes & Tubes,14.83,-11.14,DISTRIBUTION
2024-11-13,"Plywood, MDF & Laminates",13.67,-11.42,DISTRIBUTION
2024-11-13,Power,13.8,-10.32,DISTRIBUTION
2024-11-13,Power Generation & Utilities,27.01,-4.21,LAGGING
2024-11-13,Pumps & Compressors,30.13,-7.47,DISTRIBUTION
2024-11-13,Renewable Energy - Solar & Wind,16.43,-10.76,DISTRIBUTION
2024-11-13,Residential & Commercial Real Estate,19.29,-10.01,DISTRIBUTION
2024-11-13,Services,33.82,-6.58,DISTRIBUTION
2024-11-13,Software Products & Digital Services,30.6,-6.66,DISTRIBUTION
2024-11-13,Specialty Chemicals,17.98,-10.38,DISTRIBUTION
2024-11-13,Stockbroking & Financial Products,39.04,-5.2,WEAKENING
2024-11-13,Sugar & Bio-Ethanol,13.79,-9.41,LAGGING
2024-11-13,Tea & Coffee,29.45,-7.63,DISTRIBUTION
2024-11-13,Telecom Services & Infrastructure,23.63,-8.23,DISTRIBUTION
2024-11-13,Telecommunication,29.6,-6.42,DISTRIBUTION
2024-11-13,Textiles & Apparel,27.3,-7.04,DISTRIBUTION
2024-11-13,"Textiles, Yarns & Apparel",21.36,-9.05,DISTRIBUTION
2024-11-13,Transformers & T&D Equipment,21.77,-8.97,DISTRIBUTION
2024-11-13,Tyres & Rubber Products,16.59,-8.42,LAGGING
2024-11-13,Wires & Cables,19.1,-9.18,DISTRIBUTION
2024-11-14,API & CDMO / CRAMS,39.74,-5.16,WEAKENING
2024-11-14,Aerospace & Defence,18.3,-9.08,DISTRIBUTION
2024-11-14,Air Conditioners & AC Components,14.22,-11.29,DISTRIBUTION
2024-11-14,Aluminium & Mining,15.43,-10.61,DISTRIBUTION
2024-11-14,Auto Parts & Equipment,18.85,-8.99,DISTRIBUTION
2024-11-14,Automobile OEMs,21.81,-7.78,DISTRIBUTION
2024-11-14,Banks,19.58,-10.0,DISTRIBUTION
2024-11-14,Bearings & Friction Solutions,22.93,-8.34,DISTRIBUTION
2024-11-14,Breweries & Distilleries,27.62,-7.94,DISTRIBUTION
2024-11-14,Capital Goods,29.07,-7.52,DISTRIBUTION
2024-11-14,Capital Markets & Asset Management,31.56,-7.13,DISTRIBUTION
2024-11-14,Cement,36.11,-5.91,WEAKENING
2024-11-14,Cement & Clinker,22.28,-8.7,DISTRIBUTION
2024-11-14,Ceramics & Tiles,16.77,-9.93,DISTRIBUTION
2024-11-14,Chemicals,14.42,-11.24,DISTRIBUTION
2024-11-14,Civil Construction & Infrastructure,19.89,-9.35,DISTRIBUTION
2024-11-14,Civil Construction & Infrastructure EPC,14.88,-10.66,DISTRIBUTION
2024-11-14,Commodity Chemicals,20.99,-9.15,DISTRIBUTION
2024-11-14,Consumer Durables,22.94,-8.81,DISTRIBUTION
2024-11-14,Consumer Services,30.96,-6.39,DISTRIBUTION
2024-11-14,Diversified & Fashion Retail,18.84,-10.18,DISTRIBUTION
2024-11-14,Diversified Commercial,27.44,-7.69,DISTRIBUTION
2024-11-14,Diversified Retail,11.79,-11.87,DISTRIBUTION
2024-11-14,Electronic Manufacturing Services (EMS),24.51,-7.3,DISTRIBUTION
2024-11-14,Fast Moving Consumer Goods,28.97,-7.75,DISTRIBUTION
2024-11-14,Fertilizers & Agrochemicals,33.68,-6.62,DISTRIBUTION
2024-11-14,Financial Services,33.44,-6.67,DISTRIBUTION
2024-11-14,Healthcare,67.89,1.96,ESTABLISHED_LEADER
2024-11-14,Hospitals & Diagnostic Centres,49.77,-1.78,WEAKENING
2024-11-14,Hotels & Restaurants,25.11,-8.67,DISTRIBUTION
2024-11-14,"Hotels, Resorts & QSR",23.68,-6.35,LAGGING
2024-11-14,IT Consulting & Software,30.77,-7.12,DISTRIBUTION
2024-11-14,Information Technology,34.55,-4.59,DISTRIBUTION
2024-11-14,Insurance,18.12,-7.34,LAGGING
2024-11-14,Internet & Digital Platforms,27.98,-6.9,DISTRIBUTION
2024-11-14,Iron & Steel,17.06,-10.61,DISTRIBUTION
2024-11-14,Logistics & Transportation,25.79,-8.51,DISTRIBUTION
2024-11-14,"Logistics, Ports & Supply Chain",26.18,-7.22,DISTRIBUTION
2024-11-14,Lubricants & Specialty Oils,14.36,-10.63,DISTRIBUTION
2024-11-14,Media & Entertainment,23.43,-8.13,DISTRIBUTION
2024-11-14,Metals & Mining,22.29,-9.35,DISTRIBUTION
2024-11-14,Mining & Mineral Products,12.56,-11.69,DISTRIBUTION
2024-11-14,Non Banking Financial Company (NBFC),29.91,-6.34,DISTRIBUTION
2024-11-14,Oil Exploration & Refining,9.57,-11.72,DISTRIBUTION
2024-11-14,Packaged Foods & Consumer Staples,27.36,-7.68,DISTRIBUTION
2024-11-14,Packaged Foods & FMCG Staples,16.37,-10.59,DISTRIBUTION
2024-11-14,Packaging Materials & Containers,40.91,-3.64,WEAKENING
2024-11-14,Paper & Paper Products,19.64,-7.76,LAGGING
2024-11-14,Pharmaceuticals,31.03,-5.97,DISTRIBUTION
2024-11-14,Pharmaceuticals & Biotechnology,20.6,-7.94,DISTRIBUTION
2024-11-14,Pipes & Tubes,16.53,-10.73,DISTRIBUTION
2024-11-14,"Plywood, MDF & Laminates",14.0,-11.34,DISTRIBUTION
2024-11-14,Power,13.91,-10.07,DISTRIBUTION
2024-11-14,Power Generation & Utilities,19.44,-8.2,DISTRIBUTION
2024-11-14,Pumps & Compressors,40.5,-4.97,WEAKENING
2024-11-14,Renewable Energy - Solar & Wind,18.9,-8.95,DISTRIBUTION
2024-11-14,Residential & Commercial Real Estate,22.82,-8.56,DISTRIBUTION
2024-11-14,Services,33.62,-5.88,DISTRIBUTION
2024-11-14,Software Products & Digital Services,30.39,-6.56,DISTRIBUTION
2024-11-14,Specialty Chemicals,19.82,-9.94,DISTRIBUTION
2024-11-14,Stockbroking & Financial Products,35.74,-6.12,WEAKENING
2024-11-14,Sugar & Bio-Ethanol,13.66,-9.37,LAGGING
2024-11-14,Tea & Coffee,39.84,-5.14,WEAKENING
2024-11-14,Telecom Services & Infrastructure,26.33,-7.4,DISTRIBUTION
2024-11-14,Telecommunication,32.0,-6.26,DISTRIBUTION
2024-11-14,Textiles & Apparel,24.72,-8.59,DISTRIBUTION
2024-11-14,"Textiles, Yarns & Apparel",21.01,-9.19,DISTRIBUTION
2024-11-14,Transformers & T&D Equipment,29.84,-6.31,DISTRIBUTION
2024-11-14,Tyres & Rubber Products,17.82,-7.56,LAGGING
2024-11-14,Wires & Cables,20.22,-8.5,DISTRIBUTION
2024-11-18,API & CDMO / CRAMS,38.72,-5.41,WEAKENING
2024-11-18,Aerospace & Defence,15.77,-9.88,DISTRIBUTION
2024-11-18,Air Conditioners & AC Components,44.99,1.5,NEUTRAL
2024-11-18,Aluminium & Mining,24.35,-6.01,LAGGING
2024-11-18,Auto Parts & Equipment,17.48,-9.12,DISTRIBUTION
2024-11-18,Automobile OEMs,19.08,-8.43,DISTRIBUTION
2024-11-18,Banks,18.21,-9.94,DISTRIBUTION
2024-11-18,Bearings & Friction Solutions,20.83,-9.7,DISTRIBUTION
2024-11-18,Breweries & Distilleries,26.4,-7.18,DISTRIBUTION
2024-11-18,Capital Goods,28.21,-7.93,DISTRIBUTION
2024-11-18,Capital Markets & Asset Management,29.16,-7.7,DISTRIBUTION
2024-11-18,Cement,30.1,-6.01,DISTRIBUTION
2024-11-18,Cement & Clinker,21.73,-8.68,DISTRIBUTION
2024-11-18,Ceramics & Tiles,17.55,-9.64,DISTRIBUTION
2024-11-18,Chemicals,14.76,-11.16,DISTRIBUTION
2024-11-18,Civil Construction & Infrastructure,22.29,-8.73,DISTRIBUTION
2024-11-18,Civil Construction & Infrastructure EPC,14.09,-10.22,DISTRIBUTION
2024-11-18,Commodity Chemicals,20.3,-8.61,DISTRIBUTION
2024-11-18,Consumer Durables,24.2,-6.75,LAGGING
2024-11-18,Consumer Services,38.08,-3.16,NEUTRAL
2024-11-18,Diversified & Fashion Retail,15.37,-11.01,DISTRIBUTION
2024-11-18,Diversified Commercial,27.28,-7.31,DISTRIBUTION
2024-11-18,Diversified Retail,11.57,-11.9,DISTRIBUTION
2024-11-18,Electronic Manufacturing Services (EMS),24.49,-8.82,DISTRIBUTION
2024-11-18,Fast Moving Consumer Goods,27.07,-7.54,DISTRIBUTION
2024-11-18,Fertilizers & Agrochemicals,30.94,-6.61,DISTRIBUTION
2024-11-18,Financial Services,41.35,-2.45,NEUTRAL
2024-11-18,Healthcare,55.32,-1.42,WEAKENING
2024-11-18,Hospitals & Diagnostic Centres,48.79,-1.82,WEAKENING
2024-11-18,Hotels & Restaurants,28.86,-7.77,DISTRIBUTION
2024-11-18,"Hotels, Resorts & QSR",23.74,-7.7,DISTRIBUTION
2024-11-18,IT Consulting & Software,28.94,-7.75,DISTRIBUTION
2024-11-18,Information Technology,32.04,-4.89,LAGGING
2024-11-18,Insurance,15.12,-8.35,LAGGING
2024-11-18,Internet & Digital Platforms,27.62,-4.99,LAGGING
2024-11-18,Iron & Steel,16.8,-10.44,DISTRIBUTION
2024-11-18,Logistics & Transportation,26.03,-7.55,DISTRIBUTION
2024-11-18,"Logistics, Ports & Supply Chain",21.25,-7.51,LAGGING
2024-11-18,Lubricants & Specialty Oils,16.67,-8.48,LAGGING
2024-11-18,Media & Entertainment,20.79,-7.47,LAGGING
2024-11-18,Metals & Mining,22.68,-9.26,DISTRIBUTION
2024-11-18,Mining & Mineral Products,12.58,-11.68,DISTRIBUTION
2024-11-18,Non Banking Financial Company (NBFC),30.38,-6.23,DISTRIBUTION
2024-11-18,Oil Exploration & Refining,9.17,-12.32,DISTRIBUTION
2024-11-18,Packaged Foods & Consumer Staples,35.44,-3.44,NEUTRAL
2024-11-18,Packaged Foods & FMCG Staples,19.63,-8.95,DISTRIBUTION
2024-11-18,Packaging Materials & Containers,31.54,-5.53,DISTRIBUTION
2024-11-18,Paper & Paper Products,19.12,-7.74,LAGGING
2024-11-18,Pharmaceuticals,25.43,-7.24,DISTRIBUTION
2024-11-18,Pharmaceuticals & Biotechnology,21.92,-7.16,LAGGING
2024-11-18,Pipes & Tubes,14.73,-11.16,DISTRIBUTION
2024-11-18,"Plywood, MDF & Laminates",16.94,-9.68,DISTRIBUTION
2024-11-18,Power,13.29,-8.91,LAGGING
2024-11-18,Power Generation & Utilities,21.56,-6.64,LAGGING
2024-11-18,Pumps & Compressors,38.48,-4.2,WEAKENING
2024-11-18,Renewable Energy - Solar & Wind,25.17,-6.37,LAGGING
2024-11-18,Residential & Commercial Real Estate,22.09,-8.48,DISTRIBUTION
2024-11-18,Services,32.9,-5.72,DISTRIBUTION
2024-11-18,Software Products & Digital Services,30.55,-5.83,DISTRIBUTION
2024-11-18,Specialty Chemicals,20.32,-9.14,DISTRIBUTION
2024-11-18,Stockbroking & Financial Products,38.39,-5.41,WEAKENING
2024-11-18,Sugar & Bio-Ethanol,13.2,-9.65,DISTRIBUTION
2024-11-18,Tea & Coffee,33.0,-6.03,DISTRIBUTION
2024-11-18,Telecom Services & Infrastructure,23.94,-8.95,DISTRIBUTION
2024-11-18,Telecommunication,25.48,-7.52,DISTRIBUTION
2024-11-18,Textiles & Apparel,21.26,-9.6,DISTRIBUTION
2024-11-18,"Textiles, Yarns & Apparel",28.14,-5.55,LAGGING
2024-11-18,Transformers & T&D Equipment,27.96,-6.19,DISTRIBUTION
2024-11-18,Tyres & Rubber Products,18.49,-7.23,LAGGING
2024-11-18,Wires & Cables,18.32,-8.93,DISTRIBUTION
2024-11-19,API & CDMO / CRAMS,42.53,-2.89,WEAKENING
2024-11-19,Aerospace & Defence,25.1,-6.06,LAGGING
2024-11-19,Air Conditioners & AC Components,45.95,1.73,EMERGING_LEADER
2024-11-19,Aluminium & Mining,21.15,-7.01,LAGGING
2024-11-19,Auto Parts & Equipment,20.86,-7.84,DISTRIBUTION
2024-11-19,Automobile OEMs,23.02,-6.37,LAGGING
2024-11-19,Banks,22.86,-7.99,DISTRIBUTION
2024-11-19,Bearings & Friction Solutions,21.46,-8.46,DISTRIBUTION
2024-11-19,Breweries & Distilleries,31.78,-3.52,LAGGING
2024-11-19,Capital Goods,31.4,-5.54,DISTRIBUTION
2024-11-19,Capital Markets & Asset Management,37.97,-4.52,WEAKENING
2024-11-19,Cement,38.23,-2.77,NEUTRAL
2024-11-19,Cement & Clinker,22.77,-7.13,LAGGING
2024-11-19,Ceramics & Tiles,17.34,-9.2,DISTRIBUTION
2024-11-19,Chemicals,13.88,-10.1,DISTRIBUTION
2024-11-19,Civil Construction & Infrastructure,24.43,-7.23,DISTRIBUTION
2024-11-19,Civil Construction & Infrastructure EPC,18.08,-7.86,LAGGING
2024-11-19,Commodity Chemicals,24.16,-6.87,LAGGING
2024-11-19,Consumer Durables,27.9,-4.78,LAGGING
2024-11-19,Consumer Services,39.58,-1.88,NEUTRAL
2024-11-19,Diversified & Fashion Retail,21.88,-8.16,DISTRIBUTION
2024-11-19,Diversified Commercial,29.33,-6.28,DISTRIBUTION
2024-11-19,Diversified Retail,11.04,-10.21,DISTRIBUTION
2024-11-19,Electronic Manufacturing Services (EMS),49.37,2.46,EMERGING_LEADER
2024-11-19,Fast Moving Consumer Goods,42.32,-0.96,NEUTRAL
2024-11-19,Fertilizers & Agrochemicals,33.07,-5.19,DISTRIBUTION
2024-11-19,Financial Services,43.79,-1.28,NEUTRAL
2024-11-19,Healthcare,57.8,-0.64,WEAKENING
2024-11-19,Hospitals & Diagnostic Centres,49.69,-1.53,WEAKENING
2024-11-19,Hotels & Restaurants,27.08,-8.2,DISTRIBUTION
2024-11-19,"Hotels, Resorts & QSR",24.86,-7.84,DISTRIBUTION
2024-11-19,IT Consulting & Software,31.91,-5.57,DISTRIBUTION
2024-11-19,Information Technology,43.26,-2.31,NEUTRAL
2024-11-19,Insurance,17.93,-7.24,LAGGING
2024-11-19,Internet & Digital Platforms,28.26,-5.29,LAGGING
2024-11-19,Iron & Steel,20.31,-7.55,LAGGING
2024-11-19,Logistics & Transportation,27.27,-7.62,DISTRIBUTION
2024-11-19,"Logistics, Ports & Supply Chain",21.95,-7.95,DISTRIBUTION
2024-11-19,Lubricants & Specialty Oils,14.57,-9.09,LAGGING
2024-11-19,Media & Entertainment,25.18,-5.71,LAGGING
2024-11-19,Metals & Mining,22.68,-7.36,DISTRIBUTION
2024-11-19,Mining & Mineral Products,13.23,-11.4,DISTRIBUTION
2024-11-19,Non Banking Financial Company (NBFC),31.01,-6.25,DISTRIBUTION
2024-11-19,Oil Exploration & Refining,10.99,-9.72,LAGGING
2024-11-19,Packaged Foods & Consumer Staples,36.34,-3.83,NEUTRAL
2024-11-19,Packaged Foods & FMCG Staples,18.66,-9.13,DISTRIBUTION
2024-11-19,Packaging Materials & Containers,26.94,-6.59,DISTRIBUTION
2024-11-19,Paper & Paper Products,21.54,-6.51,LAGGING
2024-11-19,Pharmaceuticals,29.1,-4.84,LAGGING
2024-11-19,Pharmaceuticals & Biotechnology,22.11,-7.13,LAGGING
2024-11-19,Pipes & Tubes,16.01,-10.07,DISTRIBUTION
2024-11-19,"Plywood, MDF & Laminates",13.8,-11.39,DISTRIBUTION
2024-11-19,Power,14.17,-8.57,LAGGING
2024-11-19,Power Generation & Utilities,23.85,-7.29,DISTRIBUTION
2024-11-19,Pumps & Compressors,39.05,-3.17,NEUTRAL
2024-11-19,Renewable Energy - Solar & Wind,24.27,-7.26,DISTRIBUTION
2024-11-19,Residential & Commercial Real Estate,22.33,-7.42,DISTRIBUTION
2024-11-19,Services,33.69,-5.41,DISTRIBUTION
2024-11-19,Software Products & Digital Services,31.48,-5.46,DISTRIBUTION
2024-11-19,Specialty Chemicals,18.91,-9.11,DISTRIBUTION
2024-11-19,Stockbroking & Financial Products,39.28,-5.27,WEAKENING
2024-11-19,Sugar & Bio-Ethanol,13.84,-9.03,LAGGING
2024-11-19,Tea & Coffee,38.25,-3.41,NEUTRAL
2024-11-19,Telecom Services & Infrastructure,23.21,-7.46,DISTRIBUTION
2024-11-19,Telecommunication,27.62,-6.5,DISTRIBUTION
2024-11-19,Textiles & Apparel,24.49,-7.28,DISTRIBUTION
2024-11-19,"Textiles, Yarns & Apparel",24.06,-6.89,LAGGING
2024-11-19,Transformers & T&D Equipment,29.76,-4.72,LAGGING
2024-11-19,Tyres & Rubber Products,19.96,-6.8,LAGGING
2024-11-19,Wires & Cables,21.56,-7.24,LAGGING
2024-11-20,API & CDMO / CRAMS,47.04,-0.83,NEUTRAL
2024-11-20,Aerospace & Defence,32.74,-2.95,LAGGING
2024-11-20,Air Conditioners & AC Components,17.7,-10.45,DISTRIBUTION
2024-11-20,Aluminium & Mining,22.85,-5.83,LAGGING
2024-11-20,Auto Parts & Equipment,23.01,-6.29,LAGGING
2024-11-20,Automobile OEMs,26.49,-4.24,LAGGING
2024-11-20,Banks,26.59,-5.97,LAGGING
2024-11-20,Bearings & Friction Solutions,24.34,-6.99,DISTRIBUTION
2024-11-20,Breweries & Distilleries,36.95,-1.51,NEUTRAL
2024-11-20,Capital Goods,33.99,-3.55,LAGGING
2024-11-20,Capital Markets & Asset Management,41.36,-2.53,NEUTRAL
2024-11-20,Cement,42.04,-0.67,NEUTRAL
2024-11-20,Cement & Clinker,24.99,-6.54,LAGGING
2024-11-20,Ceramics & Tiles,23.07,-6.95,LAGGING
2024-11-20,Chemicals,16.74,-7.66,LAGGING
2024-11-20,Civil Construction & Infrastructure,30.95,-3.71,LAGGING
2024-11-20,Civil Construction & Infrastructure EPC,22.63,-6.07,LAGGING
2024-11-20,Commodity Chemicals,25.3,-5.13,LAGGING
2024-11-20,Consumer Durables,30.78,-3.46,LAGGING
2024-11-20,Consumer Services,41.55,-0.31,NEUTRAL
2024-11-20,Diversified & Fashion Retail,22.97,-7.06,LAGGING
2024-11-20,Diversified Commercial,31.42,-4.67,LAGGING
2024-11-20,Diversified Retail,13.53,-8.27,LAGGING
2024-11-20,Electronic Manufacturing Services (EMS),37.16,-0.8,NEUTRAL
2024-11-20,Fast Moving Consumer Goods,40.89,0.12,NEUTRAL
2024-11-20,Fertilizers & Agrochemicals,36.51,-3.21,NEUTRAL
2024-11-20,Financial Services,47.23,1.04,EMERGING_LEADER
2024-11-20,Healthcare,60.56,2.03,NEUTRAL
2024-11-20,Hospitals & Diagnostic Centres,52.4,0.48,NEUTRAL
2024-11-20,Hotels & Restaurants,28.96,-7.2,DISTRIBUTION
2024-11-20,"Hotels, Resorts & QSR",26.5,-5.99,LAGGING
2024-11-20,IT Consulting & Software,33.88,-4.47,LAGGING
2024-11-20,Information Technology,44.35,-1.33,NEUTRAL
2024-11-20,Insurance,20.14,-6.44,LAGGING
2024-11-20,Internet & Digital Platforms,29.29,-4.73,LAGGING
2024-11-20,Iron & Steel,26.02,-4.78,LAGGING
2024-11-20,Logistics & Transportation,31.39,-4.17,LAGGING
2024-11-20,"Logistics, Ports & Supply Chain",24.83,-5.73,LAGGING
2024-11-20,Lubricants & Specialty Oils,19.22,-7.08,LAGGING
2024-11-20,Media & Entertainment,29.22,-3.31,LAGGING
2024-11-20,Metals & Mining,25.18,-5.51,LAGGING
2024-11-20,Mining & Mineral Products,19.46,-7.5,LAGGING
2024-11-20,Non Banking Financial Company (NBFC),35.73,-3.42,NEUTRAL
2024-11-20,Oil Exploration & Refining,14.14,-8.25,LAGGING
2024-11-20,Packaged Foods & Consumer Staples,40.31,-0.01,NEUTRAL
2024-11-20,Packaged Foods & FMCG Staples,21.52,-7.5,LAGGING
2024-11-20,Packaging Materials & Containers,32.09,-4.44,LAGGING
2024-11-20,Paper & Paper Products,23.2,-5.73,LAGGING
2024-11-20,Pharmaceuticals,34.56,-2.68,LAGGING
2024-11-20,Pharmaceuticals & Biotechnology,23.9,-6.37,LAGGING
2024-11-20,Pipes & Tubes,19.28,-7.98,LAGGING
2024-11-20,"Plywood, MDF & Laminates",20.8,-7.82,DISTRIBUTION
2024-11-20,Power,18.04,-6.91,LAGGING
2024-11-20,Power Generation & Utilities,26.36,-5.78,LAGGING
2024-11-20,Pumps & Compressors,41.94,-1.69,NEUTRAL
2024-11-20,Renewable Energy - Solar & Wind,26.95,-4.17,LAGGING
2024-11-20,Residential & Commercial Real Estate,25.64,-5.56,LAGGING
2024-11-20,Services,38.19,-4.61,WEAKENING
2024-11-20,Software Products & Digital Services,35.12,-3.75,NEUTRAL
2024-11-20,Specialty Chemicals,22.97,-5.95,LAGGING
2024-11-20,Stockbroking & Financial Products,41.37,-3.13,NEUTRAL
2024-11-20,Sugar & Bio-Ethanol,15.65,-8.57,LAGGING
2024-11-20,Tea & Coffee,44.42,-0.29,NEUTRAL
2024-11-20,Telecom Services & Infrastructure,28.24,-4.62,LAGGING
2024-11-20,Telecommunication,30.23,-3.52,LAGGING
2024-11-20,Textiles & Apparel,28.64,-4.28,LAGGING
2024-11-20,"Textiles, Yarns & Apparel",27.4,-5.15,LAGGING
2024-11-20,Transformers & T&D Equipment,30.92,-3.99,LAGGING
2024-11-20,Tyres & Rubber Products,22.97,-5.28,LAGGING
2024-11-20,Wires & Cables,24.58,-6.1,LAGGING
2024-11-21,API & CDMO / CRAMS,45.13,0.83,EMERGING_LEADER
2024-11-21,Aerospace & Defence,25.89,-4.07,LAGGING
2024-11-21,Air Conditioners & AC Components,16.37,-10.77,DISTRIBUTION
2024-11-21,Aluminium & Mining,23.22,-5.03,LAGGING
2024-11-21,Auto Parts & Equipment,20.17,-7.04,LAGGING
2024-11-21,Automobile OEMs,23.81,-4.59,LAGGING
2024-11-21,Banks,22.92,-5.91,LAGGING
2024-11-21,Bearings & Friction Solutions,18.86,-7.93,LAGGING
2024-11-21,Breweries & Distilleries,36.27,-1.3,NEUTRAL
2024-11-21,Capital Goods,32.95,-2.61,LAGGING
2024-11-21,Capital Markets & Asset Management,43.46,1.13,NEUTRAL
2024-11-21,Cement,37.55,-2.18,NEUTRAL
2024-11-21,Cement & Clinker,30.21,-3.41,LAGGING
2024-11-21,Ceramics & Tiles,28.98,-2.73,LAGGING
2024-11-21,Chemicals,17.8,-7.05,LAGGING
2024-11-21,Civil Construction & Infrastructure,26.2,-4.64,LAGGING
2024-11-21,Civil Construction & Infrastructure EPC,21.06,-7.92,DISTRIBUTION
2024-11-21,Commodity Chemicals,22.79,-5.61,LAGGING
2024-11-21,Consumer Durables,31.3,-2.22,LAGGING
2024-11-21,Consumer Services,34.89,-3.07,LAGGING
2024-11-21,Diversified & Fashion Retail,21.83,-6.76,LAGGING
2024-11-21,Diversified Commercial,29.21,-4.77,LAGGING
2024-11-21,Diversified Retail,15.25,-7.78,LAGGING
2024-11-21,Electronic Manufacturing Services (EMS),34.95,-2.82,LAGGING
2024-11-21,Fast Moving Consumer Goods,39.82,-0.37,NEUTRAL
2024-11-21,Fertilizers & Agrochemicals,35.72,-2.69,NEUTRAL
2024-11-21,Financial Services,46.45,1.28,EMERGING_LEADER
2024-11-21,Healthcare,54.91,2.5,EMERGING_LEADER
2024-11-21,Hospitals & Diagnostic Centres,51.85,2.52,EMERGING_LEADER
2024-11-21,Hotels & Restaurants,36.93,-0.7,NEUTRAL
2024-11-21,"Hotels, Resorts & QSR",30.34,-3.18,LAGGING
2024-11-21,IT Consulting & Software,33.32,-3.73,LAGGING
2024-11-21,Information Technology,37.29,-0.72,NEUTRAL
2024-11-21,Insurance,18.0,-6.91,LAGGING
2024-11-21,Internet & Digital Platforms,28.85,-3.92,LAGGING
2024-11-21,Iron & Steel,22.31,-6.1,LAGGING
2024-11-21,Logistics & Transportation,34.74,-0.96,LAGGING
2024-11-21,"Logistics, Ports & Supply Chain",25.24,-5.28,LAGGING
2024-11-21,Lubricants & Specialty Oils,15.76,-8.04,LAGGING
2024-11-21,Media & Entertainment,27.09,-3.94,LAGGING
2024-11-21,Metals & Mining,35.64,-1.24,NEUTRAL
2024-11-21,Mining & Mineral Products,14.77,-8.05,LAGGING
2024-11-21,Non Banking Financial Company (NBFC),30.1,-4.57,LAGGING
2024-11-21,Oil Exploration & Refining,11.02,-9.12,LAGGING
2024-11-21,Packaged Foods & Consumer Staples,30.32,-4.43,LAGGING
2024-11-21,Packaged Foods & FMCG Staples,19.17,-7.16,LAGGING
2024-11-21,Packaging Materials & Containers,24.55,-6.13,LAGGING
2024-11-21,Paper & Paper Products,22.05,-5.83,LAGGING
2024-11-21,Pharmaceuticals,36.43,-2.21,NEUTRAL
2024-11-21,Pharmaceuticals & Biotechnology,21.68,-6.27,LAGGING
2024-11-21,Pipes & Tubes,20.26,-6.16,LAGGING
2024-11-21,"Plywood, MDF & Laminates",23.29,-4.68,LAGGING
2024-11-21,Power,24.34,-4.26,LAGGING
2024-11-21,Power Generation & Utilities,29.99,-4.27,LAGGING
2024-11-21,Pumps & Compressors,38.48,-1.26,NEUTRAL
2024-11-21,Renewable Energy - Solar & Wind,26.62,-3.78,LAGGING
2024-11-21,Residential & Commercial Real Estate,23.79,-5.48,LAGGING
2024-11-21,Services,36.26,-2.86,NEUTRAL
2024-11-21,Software Products & Digital Services,32.91,-3.69,LAGGING
2024-11-21,Specialty Chemicals,19.11,-7.21,LAGGING
2024-11-21,Stockbroking & Financial Products,37.4,-3.32,NEUTRAL
2024-11-21,Sugar & Bio-Ethanol,14.86,-8.24,LAGGING
2024-11-21,Tea & Coffee,44.47,1.37,NEUTRAL
2024-11-21,Telecom Services & Infrastructure,24.95,-5.77,LAGGING
2024-11-21,Telecommunication,28.52,-5.35,LAGGING
2024-11-21,Textiles & Apparel,25.0,-6.41,LAGGING
2024-11-21,"Textiles, Yarns & Apparel",27.23,-4.41,LAGGING
2024-11-21,Transformers & T&D Equipment,31.85,-2.54,LAGGING
2024-11-21,Tyres & Rubber Products,20.05,-6.57,LAGGING
2024-11-21,Wires & Cables,22.7,-5.9,LAGGING
2024-11-22,API & CDMO / CRAMS,55.31,3.97,EMERGING_LEADER
2024-11-22,Aerospace & Defence,25.82,-4.45,LAGGING
2024-11-22,Air Conditioners & AC Components,15.87,-10.89,DISTRIBUTION
2024-11-22,Aluminium & Mining,22.86,-5.18,LAGGING
2024-11-22,Auto Parts & Equipment,20.99,-6.58,LAGGING
2024-11-22,Automobile OEMs,28.67,-3.88,LAGGING
2024-11-22,Banks,25.88,-4.65,LAGGING
2024-11-22,Bearings & Friction Solutions,18.15,-8.5,DISTRIBUTION
2024-11-22,Breweries & Distilleries,36.88,-1.48,NEUTRAL
2024-11-22,Capital Goods,32.78,-3.46,LAGGING
2024-11-22,Capital Markets & Asset Management,42.79,0.29,NEUTRAL
2024-11-22,Cement,37.13,-2.91,NEUTRAL
2024-11-22,Cement & Clinker,26.15,-5.03,LAGGING
2024-11-22,Ceramics & Tiles,30.17,-2.35,LAGGING
2024-11-22,Chemicals,15.41,-8.12,LAGGING
2024-11-22,Civil Construction & Infrastructure,26.71,-4.36,LAGGING
2024-11-22,Civil Construction & Infrastructure EPC,30.99,-1.86,LAGGING
2024-11-22,Commodity Chemicals,22.72,-6.24,LAGGING
2024-11-22,Consumer Durables,31.68,-2.82,LAGGING
2024-11-22,Consumer Services,39.8,-0.86,NEUTRAL
2024-11-22,Diversified & Fashion Retail,29.69,-2.92,LAGGING
2024-11-22,Diversified Commercial,30.45,-4.15,LAGGING
2024-11-22,Diversified Retail,19.47,-5.94,LAGGING
2024-11-22,Electronic Manufacturing Services (EMS),51.0,2.94,EMERGING_LEADER
2024-11-22,Fast Moving Consumer Goods,40.32,-0.28,NEUTRAL
2024-11-22,Fertilizers & Agrochemicals,35.69,-3.07,NEUTRAL
2024-11-22,Financial Services,40.87,-0.85,NEUTRAL
2024-11-22,Healthcare,67.92,4.31,ESTABLISHED_LEADER
2024-11-22,Hospitals & Diagnostic Centres,54.74,2.03,NEUTRAL
2024-11-22,Hotels & Restaurants,38.69,-0.27,NEUTRAL
2024-11-22,"Hotels, Resorts & QSR",32.96,-2.42,LAGGING
2024-11-22,IT Consulting & Software,40.91,-0.36,NEUTRAL
2024-11-22,Information Technology,44.8,0.6,NEUTRAL
2024-11-22,Insurance,17.6,-7.87,LAGGING
2024-11-22,Internet & Digital Platforms,38.25,-0.97,NEUTRAL
2024-11-22,Iron & Steel,23.98,-5.0,LAGGING
2024-11-22,Logistics & Transportation,37.55,-0.87,NEUTRAL
2024-11-22,"Logistics, Ports & Supply Chain",24.71,-6.33,LAGGING
2024-11-22,Lubricants & Specialty Oils,23.24,-4.82,LAGGING
2024-11-22,Media & Entertainment,27.45,-4.69,LAGGING
2024-11-22,Metals & Mining,33.05,-2.13,LAGGING
2024-11-22,Mining & Mineral Products,16.9,-7.16,LAGGING
2024-11-22,Non Banking Financial Company (NBFC),32.69,-3.65,LAGGING
2024-11-22,Oil Exploration & Refining,13.3,-8.14,LAGGING
2024-11-22,Packaged Foods & Consumer Staples,32.98,-3.07,LAGGING
2024-11-22,Packaged Foods & FMCG Staples,22.42,-5.53,LAGGING
2024-11-22,Packaging Materials & Containers,31.12,-6.29,DISTRIBUTION
2024-11-22,Paper & Paper Products,21.92,-6.33,LAGGING
2024-11-22,Pharmaceuticals,38.55,-1.39,NEUTRAL
2024-11-22,Pharmaceuticals & Biotechnology,23.93,-5.66,LAGGING
2024-11-22,Pipes & Tubes,18.3,-7.29,LAGGING
2024-11-22,"Plywood, MDF & Laminates",18.9,-6.58,LAGGING
2024-11-22,Power,22.56,-5.03,LAGGING
2024-11-22,Power Generation & Utilities,31.0,-2.48,LAGGING
2024-11-22,Pumps & Compressors,38.54,-3.1,NEUTRAL
2024-11-22,Renewable Energy - Solar & Wind,25.03,-4.89,LAGGING
2024-11-22,Residential & Commercial Real Estate,29.9,-3.55,LAGGING
2024-11-22,Services,38.03,-2.08,NEUTRAL
2024-11-22,Software Products & Digital Services,35.76,-2.45,NEUTRAL
2024-11-22,Specialty Chemicals,22.51,-6.11,LAGGING
2024-11-22,Stockbroking & Financial Products,44.44,0.23,NEUTRAL
2024-11-22,Sugar & Bio-Ethanol,15.3,-8.03,LAGGING
2024-11-22,Tea & Coffee,42.47,-1.33,NEUTRAL
2024-11-22,Telecom Services & Infrastructure,24.14,-6.6,LAGGING
2024-11-22,Telecommunication,32.87,-3.95,LAGGING
2024-11-22,Textiles & Apparel,22.5,-7.0,LAGGING
2024-11-22,"Textiles, Yarns & Apparel",26.93,-4.47,LAGGING
2024-11-22,Transformers & T&D Equipment,35.57,-2.43,NEUTRAL
2024-11-22,Tyres & Rubber Products,24.06,-5.1,LAGGING
2024-11-22,Wires & Cables,25.95,-4.74,LAGGING
2024-11-25,API & CDMO / CRAMS,64.61,6.21,EMERGING_LEADER
2024-11-25,Aerospace & Defence,36.61,-0.51,NEUTRAL
2024-11-25,Air Conditioners & AC Components,18.51,-10.26,DISTRIBUTION
2024-11-25,Aluminium & Mining,24.8,-5.97,LAGGING
2024-11-25,Auto Parts & Equipment,29.2,-2.88,LAGGING
2024-11-25,Automobile OEMs,39.1,0.08,NEUTRAL
2024-11-25,Banks,39.89,0.27,NEUTRAL
2024-11-25,Bearings & Friction Solutions,31.62,-2.47,LAGGING
2024-11-25,Breweries & Distilleries,43.51,1.14,NEUTRAL
2024-11-25,Capital Goods,45.15,1.54,EMERGING_LEADER
2024-11-25,Capital Markets & Asset Management,56.3,4.21,EMERGING_LEADER
2024-11-25,Cement,36.72,-2.0,NEUTRAL
2024-11-25,Cement & Clinker,33.77,-1.73,LAGGING
2024-11-25,Ceramics & Tiles,36.11,-0.63,NEUTRAL
2024-11-25,Chemicals,23.34,-4.85,LAGGING
2024-11-25,Civil Construction & Infrastructure,34.42,-1.56,LAGGING
2024-11-25,Civil Construction & Infrastructure EPC,48.15,2.26,EMERGING_LEADER
2024-11-25,Commodity Chemicals,31.75,-2.32,LAGGING
2024-11-25,Consumer Durables,42.24,0.84,NEUTRAL
2024-11-25,Consumer Services,45.42,0.22,EMERGING_LEADER
2024-11-25,Diversified & Fashion Retail,32.8,-1.43,LAGGING
2024-11-25,Diversified Commercial,36.36,-1.64,NEUTRAL
2024-11-25,Diversified Retail,24.95,-3.6,LAGGING
2024-11-25,Electronic Manufacturing Services (EMS),37.07,-2.18,NEUTRAL
2024-11-25,Fast Moving Consumer Goods,48.44,2.33,EMERGING_LEADER
2024-11-25,Fertilizers & Agrochemicals,49.71,2.63,EMERGING_LEADER
2024-11-25,Financial Services,52.3,2.52,EMERGING_LEADER
2024-11-25,Healthcare,75.3,8.77,LEADING
2024-11-25,Hospitals & Diagnostic Centres,59.19,4.08,EMERGING_LEADER
2024-11-25,Hotels & Restaurants,43.57,1.1,NEUTRAL
2024-11-25,"Hotels, Resorts & QSR",40.63,0.45,NEUTRAL
2024-11-25,IT Consulting & Software,43.55,1.08,NEUTRAL
2024-11-25,Information Technology,51.83,3.14,EMERGING_LEADER
2024-11-25,Insurance,33.22,-1.33,LAGGING
2024-11-25,Internet & Digital Platforms,46.08,1.76,EMERGING_LEADER
2024-11-25,Iron & Steel,34.42,-1.04,LAGGING
2024-11-25,Logistics & Transportation,43.85,1.22,NEUTRAL
2024-11-25,"Logistics, Ports & Supply Chain",29.35,-3.5,LAGGING
2024-11-25,Lubricants & Specialty Oils,22.36,-5.61,LAGGING
2024-11-25,Media & Entertainment,31.92,-2.34,LAGGING
2024-11-25,Metals & Mining,31.48,-2.86,LAGGING
2024-11-25,Mining & Mineral Products,29.94,-2.11,LAGGING
2024-11-25,Non Banking Financial Company (NBFC),39.41,-0.92,NEUTRAL
2024-11-25,Oil Exploration & Refining,24.26,-3.48,LAGGING
2024-11-25,Packaged Foods & Consumer Staples,34.7,-3.81,LAGGING
2024-11-25,Packaged Foods & FMCG Staples,23.22,-5.78,LAGGING
2024-11-25,Packaging Materials & Containers,50.67,2.86,EMERGING_LEADER
2024-11-25,Paper & Paper Products,33.22,-1.49,LAGGING
2024-11-25,Pharmaceuticals,40.91,0.52,NEUTRAL
2024-11-25,Pharmaceuticals & Biotechnology,32.8,-2.17,LAGGING
2024-11-25,Pipes & Tubes,26.91,-3.35,LAGGING
2024-11-25,"Plywood, MDF & Laminates",26.17,-4.06,LAGGING
2024-11-25,Power,29.52,-2.22,LAGGING
2024-11-25,Power Generation & Utilities,37.15,-0.38,NEUTRAL
2024-11-25,Pumps & Compressors,40.73,-1.82,NEUTRAL
2024-11-25,Renewable Energy - Solar & Wind,30.02,-3.92,LAGGING
2024-11-25,Residential & Commercial Real Estate,39.52,0.18,NEUTRAL
2024-11-25,Services,46.68,1.68,EMERGING_LEADER
2024-11-25,Software Products & Digital Services,35.97,-2.39,NEUTRAL
2024-11-25,Specialty Chemicals,28.82,-3.55,LAGGING
2024-11-25,Stockbroking & Financial Products,47.13,0.88,EMERGING_LEADER
2024-11-25,Sugar & Bio-Ethanol,22.73,-4.83,LAGGING
2024-11-25,Tea & Coffee,41.32,-0.59,NEUTRAL
2024-11-25,Telecom Services & Infrastructure,34.88,-1.66,LAGGING
2024-11-25,Telecommunication,39.68,0.08,NEUTRAL
2024-11-25,Textiles & Apparel,28.9,-3.69,LAGGING
2024-11-25,"Textiles, Yarns & Apparel",35.28,-2.25,NEUTRAL
2024-11-25,Transformers & T&D Equipment,46.28,1.81,EMERGING_LEADER
2024-11-25,Tyres & Rubber Products,28.97,-3.16,LAGGING
2024-11-25,Wires & Cables,30.75,-2.38,LAGGING
2024-11-26,API & CDMO / CRAMS,63.68,5.98,EMERGING_LEADER
2024-11-26,Aerospace & Defence,36.43,-1.22,NEUTRAL
2024-11-26,Air Conditioners & AC Components,19.24,-10.08,DISTRIBUTION
2024-11-26,Aluminium & Mining,22.74,-6.26,LAGGING
2024-11-26,Auto Parts & Equipment,28.19,-3.92,LAGGING
2024-11-26,Automobile OEMs,34.45,-1.67,LAGGING
2024-11-26,Banks,35.49,-1.21,NEUTRAL
2024-11-26,Bearings & Friction Solutions,32.74,-2.11,LAGGING
2024-11-26,Breweries & Distilleries,41.7,-0.21,NEUTRAL
2024-11-26,Capital Goods,37.86,-1.75,NEUTRAL
2024-11-26,Capital Markets & Asset Management,51.3,2.71,EMERGING_LEADER
2024-11-26,Cement,49.12,1.75,EMERGING_LEADER
2024-11-26,Cement & Clinker,30.78,-3.17,LAGGING
2024-11-26,Ceramics & Tiles,33.24,-1.32,LAGGING
2024-11-26,Chemicals,23.53,-4.62,LAGGING
2024-11-26,Civil Construction & Infrastructure,36.92,-0.89,NEUTRAL
2024-11-26,Civil Construction & Infrastructure EPC,46.72,1.91,EMERGING_LEADER
2024-11-26,Commodity Chemicals,30.39,-3.58,LAGGING
2024-11-26,Consumer Durables,36.14,-1.84,NEUTRAL
2024-11-26,Consumer Services,46.23,0.29,EMERGING_LEADER
2024-11-26,Diversified & Fashion Retail,30.53,-3.12,LAGGING
2024-11-26,Diversified Commercial,36.58,-1.92,NEUTRAL
2024-11-26,Diversified Retail,22.08,-4.71,LAGGING
2024-11-26,Electronic Manufacturing Services (EMS),33.24,-5.42,DISTRIBUTION
2024-11-26,Fast Moving Consumer Goods,44.96,-0.73,NEUTRAL
2024-11-26,Fertilizers & Agrochemicals,45.21,1.04,EMERGING_LEADER
2024-11-26,Financial Services,49.74,1.01,NEUTRAL
2024-11-26,Healthcare,60.72,3.1,NEUTRAL
2024-11-26,Hospitals & Diagnostic Centres,55.29,2.28,NEUTRAL
2024-11-26,Hotels & Restaurants,42.96,1.01,NEUTRAL
2024-11-26,"Hotels, Resorts & QSR",43.24,1.08,NEUTRAL
2024-11-26,IT Consulting & Software,47.18,2.02,EMERGING_LEADER
2024-11-26,Information Technology,52.22,2.15,EMERGING_LEADER
2024-11-26,Insurance,27.83,-3.54,LAGGING
2024-11-26,Internet & Digital Platforms,42.04,0.57,NEUTRAL
2024-11-26,Iron & Steel,30.97,-2.65,LAGGING
2024-11-26,Logistics & Transportation,40.65,0.16,NEUTRAL
2024-11-26,"Logistics, Ports & Supply Chain",25.44,-5.27,LAGGING
2024-11-26,Lubricants & Specialty Oils,21.27,-5.69,LAGGING
2024-11-26,Media & Entertainment,37.11,-0.95,NEUTRAL
2024-11-26,Metals & Mining,36.75,-0.65,NEUTRAL
2024-11-26,Mining & Mineral Products,20.62,-5.72,LAGGING
2024-11-26,Non Banking Financial Company (NBFC),38.55,-1.39,NEUTRAL
2024-11-26,Oil Exploration & Refining,21.15,-5.1,LAGGING
2024-11-26,Packaged Foods & Consumer Staples,30.5,-5.73,DISTRIBUTION
2024-11-26,Packaged Foods & FMCG Staples,23.81,-5.36,LAGGING
2024-11-26,Packaging Materials & Containers,58.41,4.72,EMERGING_LEADER
2024-11-26,Paper & Paper Products,29.77,-3.37,LAGGING
2024-11-26,Pharmaceuticals,42.22,0.49,NEUTRAL
2024-11-26,Pharmaceuticals & Biotechnology,29.91,-3.42,LAGGING
2024-11-26,Pipes & Tubes,23.33,-5.08,LAGGING
2024-11-26,"Plywood, MDF & Laminates",25.34,-3.84,LAGGING
2024-11-26,Power,22.64,-5.04,LAGGING
2024-11-26,Power Generation & Utilities,29.82,-3.77,LAGGING
2024-11-26,Pumps & Compressors,35.47,-4.13,NEUTRAL
2024-11-26,Renewable Energy - Solar & Wind,24.12,-6.24,LAGGING
2024-11-26,Residential & Commercial Real Estate,32.7,-2.29,LAGGING
2024-11-26,Services,46.38,1.42,EMERGING_LEADER
2024-11-26,Software Products & Digital Services,37.33,-1.99,NEUTRAL
2024-11-26,Specialty Chemicals,29.35,-3.08,LAGGING
2024-11-26,Stockbroking & Financial Products,46.16,0.32,EMERGING_LEADER
2024-11-26,Sugar & Bio-Ethanol,26.91,-3.19,LAGGING
2024-11-26,Tea & Coffee,46.04,0.45,EMERGING_LEADER
2024-11-26,Telecom Services & Infrastructure,35.27,-1.36,NEUTRAL
2024-11-26,Telecommunication,56.35,4.22,EMERGING_LEADER
2024-11-26,Textiles & Apparel,34.7,-1.83,LAGGING
2024-11-26,"Textiles, Yarns & Apparel",32.7,-2.6,LAGGING
2024-11-26,Transformers & T&D Equipment,43.39,0.87,NEUTRAL
2024-11-26,Tyres & Rubber Products,38.54,-0.05,NEUTRAL
2024-11-26,Wires & Cables,34.41,-1.43,LAGGING
2024-11-27,API & CDMO / CRAMS,65.42,6.4,ESTABLISHED_LEADER
2024-11-27,Aerospace & Defence,50.75,2.88,EMERGING_LEADER
2024-11-27,Air Conditioners & AC Components,41.35,0.62,NEUTRAL
2024-11-27,Aluminium & Mining,22.63,-6.61,LAGGING
2024-11-27,Auto Parts & Equipment,38.58,-0.04,NEUTRAL
2024-11-27,Automobile OEMs,50.33,2.78,EMERGING_LEADER
2024-11-27,Banks,35.4,-1.92,NEUTRAL
2024-11-27,Bearings & Friction Solutions,33.26,-2.41,LAGGING
2024-11-27,Breweries & Distilleries,48.27,1.62,EMERGING_LEADER
2024-11-27,Capital Goods,38.81,-1.82,NEUTRAL
2024-11-27,Capital Markets & Asset Management,50.9,1.93,EMERGING_LEADER
2024-11-27,Cement,50.54,1.66,EMERGING_LEADER
2024-11-27,Cement & Clinker,36.72,-1.08,NEUTRAL
2024-11-27,Ceramics & Tiles,44.57,1.4,NEUTRAL
2024-11-27,Chemicals,29.85,-2.48,LAGGING
2024-11-27,Civil Construction & Infrastructure,40.15,-0.71,NEUTRAL
2024-11-27,Civil Construction & Infrastructure EPC,47.82,2.18,EMERGING_LEADER
2024-11-27,Commodity Chemicals,33.93,-2.3,LAGGING
2024-11-27,Consumer Durables,41.85,0.04,NEUTRAL
2024-11-27,Consumer Services,47.76,0.58,EMERGING_LEADER
2024-11-27,Diversified & Fashion Retail,31.21,-3.03,LAGGING
2024-11-27,Diversified Commercial,37.63,-1.85,NEUTRAL
2024-11-27,Diversified Retail,28.85,-2.38,LAGGING
2024-11-27,Electronic Manufacturing Services (EMS),56.24,4.2,EMERGING_LEADER
2024-11-27,Fast Moving Consumer Goods,47.22,0.47,EMERGING_LEADER
2024-11-27,Fertilizers & Agrochemicals,45.06,0.35,EMERGING_LEADER
2024-11-27,Financial Services,47.37,-0.61,NEUTRAL
2024-11-27,Healthcare,64.26,4.09,NEUTRAL
2024-11-27,Hospitals & Diagnostic Centres,54.78,1.58,NEUTRAL
2024-11-27,Hotels & Restaurants,61.41,5.44,EMERGING_LEADER
2024-11-27,"Hotels, Resorts & QSR",45.84,1.7,EMERGING_LEADER
2024-11-27,IT Consulting & Software,50.49,2.82,EMERGING_LEADER
2024-11-27,Information Technology,59.32,4.93,EMERGING_LEADER
2024-11-27,Insurance,24.37,-5.39,LAGGING
2024-11-27,Internet & Digital Platforms,44.26,1.32,NEUTRAL
2024-11-27,Iron & Steel,32.25,-3.14,LAGGING
2024-11-27,Logistics & Transportation,44.6,1.08,NEUTRAL
2024-11-27,"Logistics, Ports & Supply Chain",28.36,-4.56,LAGGING
2024-11-27,Lubricants & Specialty Oils,20.9,-6.68,LAGGING
2024-11-27,Media & Entertainment,36.58,-1.9,NEUTRAL
2024-11-27,Metals & Mining,43.96,1.25,NEUTRAL
2024-11-27,Mining & Mineral Products,22.97,-5.86,LAGGING
2024-11-27,Non Banking Financial Company (NBFC),38.07,-2.44,NEUTRAL
2024-11-27,Oil Exploration & Refining,25.59,-3.8,LAGGING
2024-11-27,Packaged Foods & Consumer Staples,39.26,-2.77,NEUTRAL
2024-11-27,Packaged Foods & FMCG Staples,23.8,-5.88,LAGGING
2024-11-27,Packaging Materials & Containers,60.85,5.3,EMERGING_LEADER
2024-11-27,Paper & Paper Products,27.65,-4.56,LAGGING
2024-11-27,Pharmaceuticals,43.97,0.25,NEUTRAL
2024-11-27,Pharmaceuticals & Biotechnology,28.57,-4.3,LAGGING
2024-11-27,Pipes & Tubes,25.89,-4.6,LAGGING
2024-11-27,"Plywood, MDF & Laminates",25.37,-5.09,LAGGING
2024-11-27,Power,24.25,-5.06,LAGGING
2024-11-27,Power Generation & Utilities,31.93,-3.33,LAGGING
2024-11-27,Pumps & Compressors,39.16,-3.1,NEUTRAL
2024-11-27,Renewable Energy - Solar & Wind,26.13,-5.88,LAGGING
2024-11-27,Residential & Commercial Real Estate,40.75,0.48,NEUTRAL
2024-11-27,Services,59.96,5.09,EMERGING_LEADER
2024-11-27,Software Products & Digital Services,41.79,-0.77,NEUTRAL
2024-11-27,Specialty Chemicals,30.56,-3.3,LAGGING
2024-11-27,Stockbroking & Financial Products,46.75,0.19,NEUTRAL
2024-11-27,Sugar & Bio-Ethanol,25.04,-4.3,LAGGING
2024-11-27,Tea & Coffee,54.67,2.97,EMERGING_LEADER
2024-11-27,Telecom Services & Infrastructure,36.27,-1.85,NEUTRAL
2024-11-27,Telecommunication,51.52,3.06,EMERGING_LEADER
2024-11-27,Textiles & Apparel,43.36,1.06,NEUTRAL
2024-11-27,"Textiles, Yarns & Apparel",42.43,0.88,NEUTRAL
2024-11-27,Transformers & T&D Equipment,45.95,1.73,EMERGING_LEADER
2024-11-27,Tyres & Rubber Products,42.69,0.95,NEUTRAL
2024-11-27,Wires & Cables,43.1,1.04,NEUTRAL
2024-11-28,API & CDMO / CRAMS,63.68,5.98,EMERGING_LEADER
2024-11-28,Aerospace & Defence,44.9,1.48,NEUTRAL
2024-11-28,Air Conditioners & AC Components,21.29,-9.59,DISTRIBUTION
2024-11-28,Aluminium & Mining,23.15,-6.46,LAGGING
2024-11-28,Auto Parts & Equipment,31.27,-2.5,LAGGING
2024-11-28,Automobile OEMs,26.15,-5.3,LAGGING
2024-11-28,Banks,37.1,-0.54,NEUTRAL
2024-11-28,Bearings & Friction Solutions,29.68,-2.93,LAGGING
2024-11-28,Breweries & Distilleries,45.37,0.53,EMERGING_LEADER
2024-11-28,Capital Goods,39.1,-1.51,NEUTRAL
2024-11-28,Capital Markets & Asset Management,50.51,1.39,EMERGING_LEADER
2024-11-28,Cement,57.94,4.61,EMERGING_LEADER
2024-11-28,Cement & Clinker,36.74,-2.01,NEUTRAL
2024-11-28,Ceramics & Tiles,38.3,-1.13,NEUTRAL
2024-11-28,Chemicals,27.4,-3.7,LAGGING
2024-11-28,Civil Construction & Infrastructure,33.6,-2.6,LAGGING
2024-11-28,Civil Construction & Infrastructure EPC,56.47,4.25,EMERGING_LEADER
2024-11-28,Commodity Chemicals,34.31,-1.69,LAGGING
2024-11-28,Consumer Durables,42.49,0.21,NEUTRAL
2024-11-28,Consumer Services,45.54,0.85,EMERGING_LEADER
2024-11-28,Diversified & Fashion Retail,29.51,-3.54,LAGGING
2024-11-28,Diversified Commercial,37.19,-1.64,NEUTRAL
2024-11-28,Diversified Retail,28.14,-2.93,LAGGING
2024-11-28,Electronic Manufacturing Services (EMS),44.48,-0.16,NEUTRAL
2024-11-28,Fast Moving Consumer Goods,50.99,2.25,EMERGING_LEADER
2024-11-28,Fertilizers & Agrochemicals,49.63,2.42,EMERGING_LEADER
2024-11-28,Financial Services,48.29,-0.08,NEUTRAL
2024-11-28,Healthcare,70.94,7.73,ESTABLISHED_LEADER
2024-11-28,Hospitals & Diagnostic Centres,47.26,-1.48,NEUTRAL
2024-11-28,Hotels & Restaurants,54.97,3.89,EMERGING_LEADER
2024-11-28,"Hotels, Resorts & QSR",46.36,1.83,EMERGING_LEADER
2024-11-28,IT Consulting & Software,47.55,1.97,EMERGING_LEADER
2024-11-28,Information Technology,58.18,4.66,EMERGING_LEADER
2024-11-28,Insurance,29.72,-2.76,LAGGING
2024-11-28,Internet & Digital Platforms,43.48,1.07,NEUTRAL
2024-11-28,Iron & Steel,33.43,-1.98,LAGGING
2024-11-28,Logistics & Transportation,41.55,-0.8,NEUTRAL
2024-11-28,"Logistics, Ports & Supply Chain",26.93,-5.23,LAGGING
2024-11-28,Lubricants & Specialty Oils,20.08,-6.4,LAGGING
2024-11-28,Media & Entertainment,30.44,-4.09,LAGGING
2024-11-28,Metals & Mining,45.58,0.73,EMERGING_LEADER
2024-11-28,Mining & Mineral Products,24.82,-4.23,LAGGING
2024-11-28,Non Banking Financial Company (NBFC),38.65,-1.19,NEUTRAL
2024-11-28,Oil Exploration & Refining,26.96,-2.83,LAGGING
2024-11-28,Packaged Foods & Consumer Staples,44.43,1.2,NEUTRAL
2024-11-28,Packaged Foods & FMCG Staples,22.37,-6.06,LAGGING
2024-11-28,Packaging Materials & Containers,50.34,2.78,EMERGING_LEADER
2024-11-28,Paper & Paper Products,25.48,-5.27,LAGGING
2024-11-28,Pharmaceuticals,41.79,-1.01,NEUTRAL
2024-11-28,Pharmaceuticals & Biotechnology,26.6,-4.73,LAGGING
2024-11-28,Pipes & Tubes,23.52,-5.77,LAGGING
2024-11-28,"Plywood, MDF & Laminates",24.99,-5.7,LAGGING
2024-11-28,Power,38.13,-0.37,NEUTRAL
2024-11-28,Power Generation & Utilities,30.34,-4.66,LAGGING
2024-11-28,Pumps & Compressors,40.86,-1.77,NEUTRAL
2024-11-28,Renewable Energy - Solar & Wind,27.26,-5.34,LAGGING
2024-11-28,Residential & Commercial Real Estate,39.98,0.3,NEUTRAL
2024-11-28,Services,52.93,3.4,EMERGING_LEADER
2024-11-28,Software Products & Digital Services,37.32,-2.25,NEUTRAL
2024-11-28,Specialty Chemicals,30.71,-2.54,LAGGING
2024-11-28,Stockbroking & Financial Products,48.32,1.56,EMERGING_LEADER
2024-11-28,Sugar & Bio-Ethanol,21.21,-5.77,LAGGING
2024-11-28,Tea & Coffee,60.1,5.12,EMERGING_LEADER
2024-11-28,Telecom Services & Infrastructure,35.54,-1.56,NEUTRAL
2024-11-28,Telecommunication,42.78,0.83,NEUTRAL
2024-11-28,Textiles & Apparel,36.46,-1.19,NEUTRAL
2024-11-28,"Textiles, Yarns & Apparel",38.73,-0.63,NEUTRAL
2024-11-28,Transformers & T&D Equipment,45.45,1.36,EMERGING_LEADER
2024-11-28,Tyres & Rubber Products,39.04,0.07,NEUTRAL
2024-11-28,Wires & Cables,37.66,-0.27,NEUTRAL
2024-11-29,API & CDMO / CRAMS,66.89,6.14,ESTABLISHED_LEADER
2024-11-29,Aerospace & Defence,49.89,2.67,EMERGING_LEADER
2024-11-29,Air Conditioners & AC Components,19.52,-10.02,DISTRIBUTION
2024-11-29,Aluminium & Mining,33.17,-2.18,LAGGING
2024-11-29,Auto Parts & Equipment,31.79,-2.43,LAGGING
2024-11-29,Automobile OEMs,28.42,-5.22,LAGGING
2024-11-29,Banks,35.2,-1.87,NEUTRAL
2024-11-29,Bearings & Friction Solutions,30.84,-2.31,LAGGING
2024-11-29,Breweries & Distilleries,55.71,4.07,EMERGING_LEADER
2024-11-29,Capital Goods,38.63,-1.68,NEUTRAL
2024-11-29,Capital Markets & Asset Management,54.38,3.14,EMERGING_LEADER
2024-11-29,Cement,51.34,2.88,EMERGING_LEADER
2024-11-29,Cement & Clinker,40.73,0.4,NEUTRAL
2024-11-29,Ceramics & Tiles,43.56,0.86,NEUTRAL
2024-11-29,Chemicals,32.39,-1.53,LAGGING
2024-11-29,Civil Construction & Infrastructure,30.6,-3.96,LAGGING
2024-11-29,Civil Construction & Infrastructure EPC,57.25,4.44,EMERGING_LEADER
2024-11-29,Commodity Chemicals,37.82,-0.22,NEUTRAL
2024-11-29,Consumer Durables,44.67,1.06,NEUTRAL
2024-11-29,Consumer Services,42.04,-1.51,NEUTRAL
2024-11-29,Diversified & Fashion Retail,32.08,-3.87,LAGGING
2024-11-29,Diversified Commercial,38.72,-1.22,NEUTRAL
2024-11-29,Diversified Retail,24.73,-5.12,LAGGING
2024-11-29,Electronic Manufacturing Services (EMS),41.74,-1.22,NEUTRAL
2024-11-29,Fast Moving Consumer Goods,51.63,2.43,EMERGING_LEADER
2024-11-29,Fertilizers & Agrochemicals,62.15,5.62,EMERGING_LEADER
2024-11-29,Financial Services,53.85,3.26,EMERGING_LEADER
2024-11-29,Healthcare,72.37,6.17,ESTABLISHED_LEADER
2024-11-29,Hospitals & Diagnostic Centres,49.97,-0.87,NEUTRAL
2024-11-29,Hotels & Restaurants,56.52,4.26,EMERGING_LEADER
2024-11-29,"Hotels, Resorts & QSR",48.26,2.28,EMERGING_LEADER
2024-11-29,IT Consulting & Software,46.07,-0.01,NEUTRAL
2024-11-29,Information Technology,56.24,3.56,EMERGING_LEADER
2024-11-29,Insurance,34.1,-1.12,LAGGING
2024-11-29,Internet & Digital Platforms,43.17,-0.75,NEUTRAL
2024-11-29,Iron & Steel,38.85,0.0,NEUTRAL
2024-11-29,Logistics & Transportation,41.28,-1.42,NEUTRAL
2024-11-29,"Logistics, Ports & Supply Chain",26.55,-5.3,LAGGING
2024-11-29,Lubricants & Specialty Oils,17.32,-8.91,DISTRIBUTION
2024-11-29,Media & Entertainment,29.06,-4.74,LAGGING
2024-11-29,Metals & Mining,44.74,0.84,NEUTRAL
2024-11-29,Mining & Mineral Products,28.22,-3.19,LAGGING
2024-11-29,Non Banking Financial Company (NBFC),38.19,-1.84,NEUTRAL
2024-11-29,Oil Exploration & Refining,24.85,-3.96,LAGGING
2024-11-29,Packaged Foods & Consumer Staples,48.06,2.23,EMERGING_LEADER
2024-11-29,Packaged Foods & FMCG Staples,22.38,-6.64,LAGGING
2024-11-29,Packaging Materials & Containers,47.87,2.19,EMERGING_LEADER
2024-11-29,Paper & Paper Products,27.75,-4.29,LAGGING
2024-11-29,Pharmaceuticals,51.54,2.71,EMERGING_LEADER
2024-11-29,Pharmaceuticals & Biotechnology,28.46,-4.35,LAGGING
2024-11-29,Pipes & Tubes,23.75,-5.32,LAGGING
2024-11-29,"Plywood, MDF & Laminates",26.33,-4.34,LAGGING
2024-11-29,Power,34.02,-1.77,LAGGING
2024-11-29,Power Generation & Utilities,22.06,-8.31,DISTRIBUTION
2024-11-29,Pumps & Compressors,33.28,-4.96,DISTRIBUTION
2024-11-29,Renewable Energy - Solar & Wind,25.05,-5.98,LAGGING
2024-11-29,Residential & Commercial Real Estate,38.43,-1.24,NEUTRAL
2024-11-29,Services,46.39,0.64,EMERGING_LEADER
2024-11-29,Software Products & Digital Services,34.77,-3.83,LAGGING
2024-11-29,Specialty Chemicals,29.89,-3.5,LAGGING
2024-11-29,Stockbroking & Financial Products,49.5,0.79,NEUTRAL
2024-11-29,Sugar & Bio-Ethanol,24.33,-4.54,LAGGING
2024-11-29,Tea & Coffee,52.26,2.3,EMERGING_LEADER
2024-11-29,Telecom Services & Infrastructure,31.04,-3.31,LAGGING
2024-11-29,Telecommunication,52.24,3.24,EMERGING_LEADER
2024-11-29,Textiles & Apparel,39.19,0.11,NEUTRAL
2024-11-29,"Textiles, Yarns & Apparel",39.25,-0.36,NEUTRAL
2024-11-29,Transformers & T&D Equipment,42.05,-0.74,NEUTRAL
2024-11-29,Tyres & Rubber Products,40.27,0.36,NEUTRAL
2024-11-29,Wires & Cables,35.66,-1.69,NEUTRAL
2024-12-02,API & CDMO / CRAMS,76.92,8.68,LEADING
2024-12-02,Aerospace & Defence,50.71,2.71,EMERGING_LEADER
2024-12-02,Air Conditioners & AC Components,38.89,-3.11,NEUTRAL
2024-12-02,Aluminium & Mining,23.57,-6.56,LAGGING
2024-12-02,Auto Parts & Equipment,34.73,-2.67,LAGGING
2024-12-02,Automobile OEMs,29.04,-6.84,DISTRIBUTION
2024-12-02,Banks,33.55,-5.09,DISTRIBUTION
2024-12-02,Bearings & Friction Solutions,36.58,-2.33,NEUTRAL
2024-12-02,Breweries & Distilleries,61.47,5.45,EMERGING_LEADER
2024-12-02,Capital Goods,36.93,-4.62,WEAKENING
2024-12-02,Capital Markets & Asset Management,57.82,2.15,NEUTRAL
2024-12-02,Cement,72.9,8.2,ESTABLISHED_LEADER
2024-12-02,Cement & Clinker,48.96,2.45,EMERGING_LEADER
2024-12-02,Ceramics & Tiles,39.24,-2.02,NEUTRAL
2024-12-02,Chemicals,29.69,-3.73,LAGGING
2024-12-02,Civil Construction & Infrastructure,40.51,-1.18,NEUTRAL
2024-12-02,Civil Construction & Infrastructure EPC,57.38,3.43,EMERGING_LEADER
2024-12-02,Commodity Chemicals,37.23,-2.08,NEUTRAL
2024-12-02,Consumer Durables,49.13,1.03,EMERGING_LEADER
2024-12-02,Consumer Services,42.23,-2.44,NEUTRAL
2024-12-02,Diversified & Fashion Retail,39.98,-1.11,NEUTRAL
2024-12-02,Diversified Commercial,39.7,-1.87,NEUTRAL
2024-12-02,Diversified Retail,27.2,-5.07,LAGGING
2024-12-02,Electronic Manufacturing Services (EMS),59.27,4.92,EMERGING_LEADER
2024-12-02,Fast Moving Consumer Goods,51.28,0.82,NEUTRAL
2024-12-02,Fertilizers & Agrochemicals,49.4,-0.2,NEUTRAL
2024-12-02,Financial Services,50.81,-0.07,NEUTRAL
2024-12-02,Healthcare,70.96,4.25,ESTABLISHED_LEADER
2024-12-02,Hospitals & Diagnostic Centres,55.93,0.84,NEUTRAL
2024-12-02,Hotels & Restaurants,55.97,3.66,EMERGING_LEADER
2024-12-02,"Hotels, Resorts & QSR",47.17,0.5,EMERGING_LEADER
2024-12-02,IT Consulting & Software,51.93,1.97,EMERGING_LEADER
2024-12-02,Information Technology,63.18,5.21,EMERGING_LEADER
2024-12-02,Insurance,29.49,-5.59,LAGGING
2024-12-02,Internet & Digital Platforms,40.47,-3.3,NEUTRAL
2024-12-02,Iron & Steel,37.22,-2.56,NEUTRAL
2024-12-02,Logistics & Transportation,50.05,1.13,EMERGING_LEADER
2024-12-02,"Logistics, Ports & Supply Chain",26.12,-6.31,LAGGING
2024-12-02,Lubricants & Specialty Oils,26.08,-5.07,LAGGING
2024-12-02,Media & Entertainment,35.37,-2.89,NEUTRAL
2024-12-02,Metals & Mining,41.46,-0.25,NEUTRAL
2024-12-02,Mining & Mineral Products,33.77,-3.21,LAGGING
2024-12-02,Non Banking Financial Company (NBFC),38.06,-3.11,NEUTRAL
2024-12-02,Oil Exploration & Refining,22.85,-6.77,LAGGING
2024-12-02,Packaged Foods & Consumer Staples,52.71,3.35,EMERGING_LEADER
2024-12-02,Packaged Foods & FMCG Staples,18.81,-8.28,DISTRIBUTION
2024-12-02,Packaging Materials & Containers,54.99,1.98,NEUTRAL
2024-12-02,Paper & Paper Products,63.97,6.05,EMERGING_LEADER
2024-12-02,Pharmaceuticals,49.96,1.62,EMERGING_LEADER
2024-12-02,Pharmaceuticals & Biotechnology,30.98,-4.89,LAGGING
2024-12-02,Pipes & Tubes,24.5,-6.55,LAGGING
2024-12-02,"Plywood, MDF & Laminates",27.17,-5.3,LAGGING
2024-12-02,Power,38.57,-1.11,NEUTRAL
2024-12-02,Power Generation & Utilities,22.35,-9.3,DISTRIBUTION
2024-12-02,Pumps & Compressors,33.95,-5.07,DISTRIBUTION
2024-12-02,Renewable Energy - Solar & Wind,27.17,-5.99,LAGGING
2024-12-02,Residential & Commercial Real Estate,42.47,-1.28,NEUTRAL
2024-12-02,Services,52.83,1.79,EMERGING_LEADER
2024-12-02,Software Products & Digital Services,37.53,-2.71,NEUTRAL
2024-12-02,Specialty Chemicals,31.8,-3.83,LAGGING
2024-12-02,Stockbroking & Financial Products,47.87,-0.38,NEUTRAL
2024-12-02,Sugar & Bio-Ethanol,24.54,-5.78,LAGGING
2024-12-02,Tea & Coffee,50.84,1.92,EMERGING_LEADER
2024-12-02,Telecom Services & Infrastructure,33.24,-4.32,LAGGING
2024-12-02,Telecommunication,52.3,2.82,EMERGING_LEADER
2024-12-02,Textiles & Apparel,52.68,3.34,EMERGING_LEADER
2024-12-02,"Textiles, Yarns & Apparel",38.16,-2.32,NEUTRAL
2024-12-02,Transformers & T&D Equipment,42.52,-2.47,NEUTRAL
2024-12-02,Tyres & Rubber Products,51.23,3.0,EMERGING_LEADER
2024-12-02,Wires & Cables,34.61,-3.0,LAGGING
2024-12-03,API & CDMO / CRAMS,68.31,5.23,ESTABLISHED_LEADER
2024-12-03,Aerospace & Defence,54.42,3.76,EMERGING_LEADER
2024-12-03,Air Conditioners & AC Components,34.62,-4.42,DISTRIBUTION
2024-12-03,Aluminium & Mining,30.9,-3.12,LAGGING
2024-12-03,Auto Parts & Equipment,40.46,-0.08,NEUTRAL
2024-12-03,Automobile OEMs,35.04,-3.48,NEUTRAL
2024-12-03,Banks,47.26,1.46,EMERGING_LEADER
2024-12-03,Bearings & Friction Solutions,41.01,-0.67,NEUTRAL
2024-12-03,Breweries & Distilleries,60.75,5.28,EMERGING_LEADER
2024-12-03,Capital Goods,55.59,4.04,EMERGING_LEADER
2024-12-03,Capital Markets & Asset Management,62.35,4.95,EMERGING_LEADER
2024-12-03,Cement,64.21,6.11,EMERGING_LEADER
2024-12-03,Cement & Clinker,54.11,3.69,EMERGING_LEADER
2024-12-03,Ceramics & Tiles,51.16,2.98,EMERGING_LEADER
2024-12-03,Chemicals,44.13,1.29,NEUTRAL
2024-12-03,Civil Construction & Infrastructure,44.99,0.25,NEUTRAL
2024-12-03,Civil Construction & Infrastructure EPC,65.31,6.37,ESTABLISHED_LEADER
2024-12-03,Commodity Chemicals,41.05,-0.23,NEUTRAL
2024-12-03,Consumer Durables,56.75,4.32,EMERGING_LEADER
2024-12-03,Consumer Services,49.04,0.28,NEUTRAL
2024-12-03,Diversified & Fashion Retail,37.54,-1.73,NEUTRAL
2024-12-03,Diversified Commercial,44.99,0.31,NEUTRAL
2024-12-03,Diversified Retail,29.7,-3.5,LAGGING
2024-12-03,Electronic Manufacturing Services (EMS),57.3,4.45,EMERGING_LEADER
2024-12-03,Fast Moving Consumer Goods,53.86,2.53,EMERGING_LEADER
2024-12-03,Fertilizers & Agrochemicals,55.5,3.17,EMERGING_LEADER
2024-12-03,Financial Services,57.39,3.15,EMERGING_LEADER
2024-12-03,Healthcare,78.17,9.46,LEADING
2024-12-03,Hospitals & Diagnostic Centres,65.35,5.49,ESTABLISHED_LEADER
2024-12-03,Hotels & Restaurants,65.67,6.46,ESTABLISHED_LEADER
2024-12-03,"Hotels, Resorts & QSR",54.68,3.18,EMERGING_LEADER
2024-12-03,IT Consulting & Software,52.67,1.63,NEUTRAL
2024-12-03,Information Technology,61.37,4.38,EMERGING_LEADER
2024-12-03,Insurance,40.92,0.18,NEUTRAL
2024-12-03,Internet & Digital Platforms,45.99,-0.25,NEUTRAL
2024-12-03,Iron & Steel,47.23,2.04,EMERGING_LEADER
2024-12-03,Logistics & Transportation,56.14,4.17,EMERGING_LEADER
2024-12-03,"Logistics, Ports & Supply Chain",36.26,-1.35,NEUTRAL
2024-12-03,Lubricants & Specialty Oils,25.7,-5.03,LAGGING
2024-12-03,Media & Entertainment,43.25,-0.51,NEUTRAL
2024-12-03,Metals & Mining,48.81,1.89,EMERGING_LEADER
2024-12-03,Mining & Mineral Products,48.07,2.24,EMERGING_LEADER
2024-12-03,Non Banking Financial Company (NBFC),43.25,-0.77,NEUTRAL
2024-12-03,Oil Exploration & Refining,31.72,-2.48,LAGGING
2024-12-03,Packaged Foods & Consumer Staples,51.33,3.02,EMERGING_LEADER
2024-12-03,Packaged Foods & FMCG Staples,22.97,-6.64,LAGGING
2024-12-03,Packaging Materials & Containers,63.67,4.23,NEUTRAL
2024-12-03,Paper & Paper Products,59.91,5.08,EMERGING_LEADER
2024-12-03,Pharmaceuticals,51.63,2.09,EMERGING_LEADER
2024-12-03,Pharmaceuticals & Biotechnology,37.16,-1.78,NEUTRAL
2024-12-03,Pipes & Tubes,28.19,-4.36,LAGGING
2024-12-03,"Plywood, MDF & Laminates",34.34,-2.14,LAGGING
2024-12-03,Power,40.09,0.32,NEUTRAL
2024-12-03,Power Generation & Utilities,28.5,-5.4,LAGGING
2024-12-03,Pumps & Compressors,34.46,-3.91,LAGGING
2024-12-03,Renewable Energy - Solar & Wind,32.27,-2.79,LAGGING
2024-12-03,Residential & Commercial Real Estate,56.4,4.24,EMERGING_LEADER
2024-12-03,Services,57.44,3.78,EMERGING_LEADER
2024-12-03,Software Products & Digital Services,44.62,0.02,NEUTRAL
2024-12-03,Specialty Chemicals,38.42,-1.15,NEUTRAL
2024-12-03,Stockbroking & Financial Products,55.79,3.12,EMERGING_LEADER
2024-12-03,Sugar & Bio-Ethanol,30.85,-3.89,LAGGING
2024-12-03,Tea & Coffee,59.34,4.64,EMERGING_LEADER
2024-12-03,Telecom Services & Infrastructure,40.26,-1.44,NEUTRAL
2024-12-03,Telecommunication,53.93,0.51,NEUTRAL
2024-12-03,Textiles & Apparel,52.36,3.27,EMERGING_LEADER
2024-12-03,"Textiles, Yarns & Apparel",51.71,3.11,EMERGING_LEADER
2024-12-03,Transformers & T&D Equipment,57.06,4.16,EMERGING_LEADER
2024-12-03,Tyres & Rubber Products,57.22,4.43,EMERGING_LEADER
2024-12-03,Wires & Cables,42.78,-0.23,NEUTRAL
2024-12-04,API & CDMO / CRAMS,67.78,4.69,ESTABLISHED_LEADER
2024-12-04,Aerospace & Defence,60.18,4.14,EMERGING_LEADER
2024-12-04,Air Conditioners & AC Components,21.8,-9.47,DISTRIBUTION
2024-12-04,Aluminium & Mining,30.49,-3.27,LAGGING
2024-12-04,Auto Parts & Equipment,44.4,-0.3,NEUTRAL
2024-12-04,Automobile OEMs,32.11,-6.99,DISTRIBUTION
2024-12-04,Banks,56.57,4.28,EMERGING_LEADER
2024-12-04,Bearings & Friction Solutions,49.0,2.46,EMERGING_LEADER
2024-12-04,Breweries & Distilleries,57.38,3.41,EMERGING_LEADER
2024-12-04,Capital Goods,53.3,3.4,EMERGING_LEADER
2024-12-04,Capital Markets & Asset Management,62.5,5.09,EMERGING_LEADER
2024-12-04,Cement,66.38,6.63,ESTABLISHED_LEADER
2024-12-04,Cement & Clinker,69.25,7.32,ESTABLISHED_LEADER
2024-12-04,Ceramics & Tiles,49.38,0.72,NEUTRAL
2024-12-04,Chemicals,43.11,0.73,NEUTRAL
2024-12-04,Civil Construction & Infrastructure,42.94,-1.19,NEUTRAL
2024-12-04,Civil Construction & Infrastructure EPC,67.52,6.9,ESTABLISHED_LEADER
2024-12-04,Commodity Chemicals,41.84,-0.53,NEUTRAL
2024-12-04,Consumer Durables,56.54,4.21,EMERGING_LEADER
2024-12-04,Consumer Services,50.3,0.53,NEUTRAL
2024-12-04,Diversified & Fashion Retail,34.92,-2.95,LAGGING
2024-12-04,Diversified Commercial,46.23,0.64,EMERGING_LEADER
2024-12-04,Diversified Retail,29.8,-4.68,LAGGING
2024-12-04,Electronic Manufacturing Services (EMS),79.84,9.86,LEADING
2024-12-04,Fast Moving Consumer Goods,52.37,1.5,NEUTRAL
2024-12-04,Fertilizers & Agrochemicals,55.13,3.04,EMERGING_LEADER
2024-12-04,Financial Services,60.5,4.88,EMERGING_LEADER
2024-12-04,Healthcare,64.91,3.7,NEUTRAL
2024-12-04,Hospitals & Diagnostic Centres,62.96,4.58,EMERGING_LEADER
2024-12-04,Hotels & Restaurants,63.93,3.8,NEUTRAL
2024-12-04,"Hotels, Resorts & QSR",57.98,4.1,EMERGING_LEADER
2024-12-04,IT Consulting & Software,54.73,1.9,NEUTRAL
2024-12-04,Information Technology,62.87,3.73,NEUTRAL
2024-12-04,Insurance,46.73,1.92,EMERGING_LEADER
2024-12-04,Internet & Digital Platforms,46.05,-0.63,NEUTRAL
2024-12-04,Iron & Steel,45.73,1.4,EMERGING_LEADER
2024-12-04,Logistics & Transportation,59.42,4.93,EMERGING_LEADER
2024-12-04,"Logistics, Ports & Supply Chain",32.42,-3.49,LAGGING
2024-12-04,Lubricants & Specialty Oils,28.18,-3.93,LAGGING
2024-12-04,Media & Entertainment,44.48,0.1,NEUTRAL
2024-12-04,Metals & Mining,47.9,0.21,NEUTRAL
2024-12-04,Mining & Mineral Products,43.47,1.13,NEUTRAL
2024-12-04,Non Banking Financial Company (NBFC),42.91,-0.83,NEUTRAL
2024-12-04,Oil Exploration & Refining,31.82,-3.24,LAGGING
2024-12-04,Packaged Foods & Consumer Staples,48.1,1.14,EMERGING_LEADER
2024-12-04,Packaged Foods & FMCG Staples,23.8,-6.29,LAGGING
2024-12-04,Packaging Materials & Containers,61.07,2.7,NEUTRAL
2024-12-04,Paper & Paper Products,54.69,3.83,EMERGING_LEADER
2024-12-04,Pharmaceuticals,50.86,1.45,EMERGING_LEADER
2024-12-04,Pharmaceuticals & Biotechnology,40.57,-0.1,NEUTRAL
2024-12-04,Pipes & Tubes,41.46,0.65,NEUTRAL
2024-12-04,"Plywood, MDF & Laminates",30.61,-3.71,LAGGING
2024-12-04,Power,44.33,1.34,NEUTRAL
2024-12-04,Power Generation & Utilities,31.13,-4.67,LAGGING
2024-12-04,Pumps & Compressors,34.49,-4.56,DISTRIBUTION
2024-12-04,Renewable Energy - Solar & Wind,31.31,-3.55,LAGGING
2024-12-04,Residential & Commercial Real Estate,54.43,3.53,EMERGING_LEADER
2024-12-04,Services,53.17,-0.46,WEAKENING
2024-12-04,Software Products & Digital Services,44.93,-0.65,NEUTRAL
2024-12-04,Specialty Chemicals,38.74,-1.23,NEUTRAL
2024-12-04,Stockbroking & Financial Products,50.46,0.78,NEUTRAL
2024-12-04,Sugar & Bio-Ethanol,28.26,-4.64,LAGGING
2024-12-04,Tea & Coffee,59.35,3.09,NEUTRAL
2024-12-04,Telecom Services & Infrastructure,45.16,0.44,EMERGING_LEADER
2024-12-04,Telecommunication,50.64,-0.0,NEUTRAL
2024-12-04,Textiles & Apparel,51.17,1.69,EMERGING_LEADER
2024-12-04,"Textiles, Yarns & Apparel",54.52,3.26,EMERGING_LEADER
2024-12-04,Transformers & T&D Equipment,64.17,6.1,EMERGING_LEADER
2024-12-04,Tyres & Rubber Products,59.55,4.99,EMERGING_LEADER
2024-12-04,Wires & Cables,46.25,-0.33,NEUTRAL
2024-12-05,API & CDMO / CRAMS,65.34,3.98,ESTABLISHED_LEADER
2024-12-05,Aerospace & Defence,57.04,3.87,EMERGING_LEADER
2024-12-05,Air Conditioners & AC Components,51.78,3.13,EMERGING_LEADER
2024-12-05,Aluminium & Mining,38.64,-0.03,NEUTRAL
2024-12-05,Auto Parts & Equipment,42.99,0.43,NEUTRAL
2024-12-05,Automobile OEMs,33.16,-2.78,LAGGING
2024-12-05,Banks,49.69,2.19,EMERGING_LEADER
2024-12-05,Bearings & Friction Solutions,48.0,2.22,EMERGING_LEADER
2024-12-05,Breweries & Distilleries,58.34,4.34,EMERGING_LEADER
2024-12-05,Capital Goods,46.82,0.63,EMERGING_LEADER
2024-12-05,Capital Markets & Asset Management,74.17,8.5,ESTABLISHED_LEADER
2024-12-05,Cement,69.86,6.91,ESTABLISHED_LEADER
2024-12-05,Cement & Clinker,59.87,5.07,EMERGING_LEADER
2024-12-05,Ceramics & Tiles,43.43,-0.65,NEUTRAL
2024-12-05,Chemicals,53.47,3.53,EMERGING_LEADER
2024-12-05,Civil Construction & Infrastructure,45.69,1.14,EMERGING_LEADER
2024-12-05,Civil Construction & Infrastructure EPC,63.63,4.56,EMERGING_LEADER
2024-12-05,Commodity Chemicals,42.15,-0.47,NEUTRAL
2024-12-05,Consumer Durables,53.62,2.87,EMERGING_LEADER
2024-12-05,Consumer Services,48.68,0.25,NEUTRAL
2024-12-05,Diversified & Fashion Retail,32.7,-3.58,LAGGING
2024-12-05,Diversified Commercial,45.36,0.36,EMERGING_LEADER
2024-12-05,Diversified Retail,27.81,-5.39,LAGGING
2024-12-05,Electronic Manufacturing Services (EMS),53.06,-0.61,WEAKENING
2024-12-05,Fast Moving Consumer Goods,55.73,2.23,NEUTRAL
2024-12-05,Fertilizers & Agrochemicals,53.16,1.39,NEUTRAL
2024-12-05,Financial Services,59.67,4.37,EMERGING_LEADER
2024-12-05,Healthcare,61.41,1.02,WEAKENING
2024-12-05,Hospitals & Diagnostic Centres,59.35,4.42,EMERGING_LEADER
2024-12-05,Hotels & Restaurants,64.39,5.15,EMERGING_LEADER
2024-12-05,"Hotels, Resorts & QSR",56.28,3.29,EMERGING_LEADER
2024-12-05,IT Consulting & Software,52.76,1.6,NEUTRAL
2024-12-05,Information Technology,62.57,3.81,NEUTRAL
2024-12-05,Insurance,43.16,0.78,NEUTRAL
2024-12-05,Internet & Digital Platforms,41.96,-2.2,NEUTRAL
2024-12-05,Iron & Steel,45.79,1.21,EMERGING_LEADER
2024-12-05,Logistics & Transportation,55.29,3.74,EMERGING_LEADER
2024-12-05,"Logistics, Ports & Supply Chain",32.0,-3.41,LAGGING
2024-12-05,Lubricants & Specialty Oils,41.26,0.6,NEUTRAL
2024-12-05,Media & Entertainment,51.73,3.12,EMERGING_LEADER
2024-12-05,Metals & Mining,53.32,2.19,EMERGING_LEADER
2024-12-05,Mining & Mineral Products,46.35,1.82,EMERGING_LEADER
2024-12-05,Non Banking Financial Company (NBFC),43.46,-0.7,NEUTRAL
2024-12-05,Oil Exploration & Refining,33.09,-2.95,LAGGING
2024-12-05,Packaged Foods & Consumer Staples,46.43,-0.5,NEUTRAL
2024-12-05,Packaged Foods & FMCG Staples,25.36,-5.38,LAGGING
2024-12-05,Packaging Materials & Containers,58.45,3.49,EMERGING_LEADER
2024-12-05,Paper & Paper Products,52.96,3.41,EMERGING_LEADER
2024-12-05,Pharmaceuticals,48.44,0.82,EMERGING_LEADER
2024-12-05,Pharmaceuticals & Biotechnology,34.27,-2.39,LAGGING
2024-12-05,Pipes & Tubes,42.67,0.94,NEUTRAL
2024-12-05,"Plywood, MDF & Laminates",28.88,-4.37,LAGGING
2024-12-05,Power,46.15,0.52,EMERGING_LEADER
2024-12-05,Power Generation & Utilities,28.24,-5.6,LAGGING
2024-12-05,Pumps & Compressors,31.56,-6.1,DISTRIBUTION
2024-12-05,Renewable Energy - Solar & Wind,35.85,-1.85,NEUTRAL
2024-12-05,Residential & Commercial Real Estate,51.03,2.24,EMERGING_LEADER
2024-12-05,Services,50.21,-0.44,NEUTRAL
2024-12-05,Software Products & Digital Services,37.64,-2.91,NEUTRAL
2024-12-05,Specialty Chemicals,34.34,-3.1,LAGGING
2024-12-05,Stockbroking & Financial Products,52.66,1.42,NEUTRAL
2024-12-05,Sugar & Bio-Ethanol,27.96,-4.07,LAGGING
2024-12-05,Tea & Coffee,55.71,0.58,NEUTRAL
2024-12-05,Telecom Services & Infrastructure,44.38,0.24,NEUTRAL
2024-12-05,Telecommunication,51.04,1.74,EMERGING_LEADER
2024-12-05,Textiles & Apparel,65.61,6.45,ESTABLISHED_LEADER
2024-12-05,"Textiles, Yarns & Apparel",59.35,4.94,EMERGING_LEADER
2024-12-05,Transformers & T&D Equipment,60.01,5.02,EMERGING_LEADER
2024-12-05,Tyres & Rubber Products,59.25,4.92,EMERGING_LEADER
2024-12-05,Wires & Cables,46.33,0.68,EMERGING_LEADER
2024-12-06,API & CDMO / CRAMS,66.82,4.02,ESTABLISHED_LEADER
2024-12-06,Aerospace & Defence,62.15,5.12,EMERGING_LEADER
2024-12-06,Air Conditioners & AC Components,18.49,-10.26,DISTRIBUTION
2024-12-06,Aluminium & Mining,50.44,2.81,EMERGING_LEADER
2024-12-06,Auto Parts & Equipment,46.09,1.64,EMERGING_LEADER
2024-12-06,Automobile OEMs,35.05,-2.39,NEUTRAL
2024-12-06,Banks,52.07,3.2,EMERGING_LEADER
2024-12-06,Bearings & Friction Solutions,38.74,-1.28,NEUTRAL
2024-12-06,Breweries & Distilleries,63.98,4.84,EMERGING_LEADER
2024-12-06,Capital Goods,43.96,-0.49,NEUTRAL
2024-12-06,Capital Markets & Asset Management,70.91,7.72,ESTABLISHED_LEADER
2024-12-06,Cement,72.09,8.0,ESTABLISHED_LEADER
2024-12-06,Cement & Clinker,58.78,4.81,EMERGING_LEADER
2024-12-06,Ceramics & Tiles,44.32,-1.23,NEUTRAL
2024-12-06,Chemicals,56.47,4.25,EMERGING_LEADER
2024-12-06,Civil Construction & Infrastructure,52.37,3.27,EMERGING_LEADER
2024-12-06,Civil Construction & Infrastructure EPC,67.02,5.84,ESTABLISHED_LEADER
2024-12-06,Commodity Chemicals,44.88,0.04,NEUTRAL
2024-12-06,Consumer Durables,60.45,5.21,EMERGING_LEADER
2024-12-06,Consumer Services,51.01,1.86,EMERGING_LEADER
2024-12-06,Diversified & Fashion Retail,32.59,-4.09,LAGGING
2024-12-06,Diversified Commercial,48.34,1.33,EMERGING_LEADER
2024-12-06,Diversified Retail,32.53,-2.79,LAGGING
2024-12-06,Electronic Manufacturing Services (EMS),64.2,4.17,NEUTRAL
2024-12-06,Fast Moving Consumer Goods,53.38,1.13,NEUTRAL
2024-12-06,Fertilizers & Agrochemicals,55.33,0.05,WEAKENING
2024-12-06,Financial Services,66.47,6.22,ESTABLISHED_LEADER
2024-12-06,Healthcare,56.51,-1.14,WEAKENING
2024-12-06,Hospitals & Diagnostic Centres,62.76,5.36,EMERGING_LEADER
2024-12-06,Hotels & Restaurants,69.09,6.84,ESTABLISHED_LEADER
2024-12-06,"Hotels, Resorts & QSR",61.64,5.2,EMERGING_LEADER
2024-12-06,IT Consulting & Software,58.06,4.09,EMERGING_LEADER
2024-12-06,Information Technology,65.34,5.32,ESTABLISHED_LEADER
2024-12-06,Insurance,42.03,-0.49,NEUTRAL
2024-12-06,Internet & Digital Platforms,42.24,-2.03,NEUTRAL
2024-12-06,Iron & Steel,47.29,0.87,EMERGING_LEADER
2024-12-06,Logistics & Transportation,55.52,3.89,EMERGING_LEADER
2024-12-06,"Logistics, Ports & Supply Chain",31.28,-3.64,LAGGING
2024-12-06,Lubricants & Specialty Oils,54.45,3.77,EMERGING_LEADER
2024-12-06,Media & Entertainment,49.7,2.63,EMERGING_LEADER
2024-12-06,Metals & Mining,44.45,-1.38,NEUTRAL
2024-12-06,Mining & Mineral Products,46.97,1.97,EMERGING_LEADER
2024-12-06,Non Banking Financial Company (NBFC),46.88,0.82,EMERGING_LEADER
2024-12-06,Oil Exploration & Refining,41.24,0.6,NEUTRAL
2024-12-06,Packaged Foods & Consumer Staples,48.45,-0.3,NEUTRAL
2024-12-06,Packaged Foods & FMCG Staples,31.19,-2.93,LAGGING
2024-12-06,Packaging Materials & Containers,59.26,4.27,EMERGING_LEADER
2024-12-06,Paper & Paper Products,63.71,5.99,EMERGING_LEADER
2024-12-06,Pharmaceuticals,47.44,-1.35,NEUTRAL
2024-12-06,Pharmaceuticals & Biotechnology,35.52,-2.2,NEUTRAL
2024-12-06,Pipes & Tubes,32.75,-2.52,LAGGING
2024-12-06,"Plywood, MDF & Laminates",37.85,-0.84,NEUTRAL
2024-12-06,Power,48.85,2.39,EMERGING_LEADER
2024-12-06,Power Generation & Utilities,38.75,0.0,NEUTRAL
2024-12-06,Pumps & Compressors,37.68,-2.16,NEUTRAL
2024-12-06,Renewable Energy - Solar & Wind,44.26,1.32,NEUTRAL
2024-12-06,Residential & Commercial Real Estate,60.4,5.2,EMERGING_LEADER
2024-12-06,Services,54.93,2.72,EMERGING_LEADER
2024-12-06,Software Products & Digital Services,46.64,1.33,EMERGING_LEADER
2024-12-06,Specialty Chemicals,33.32,-3.39,LAGGING
2024-12-06,Stockbroking & Financial Products,53.47,1.55,NEUTRAL
2024-12-06,Sugar & Bio-Ethanol,25.34,-5.74,LAGGING
2024-12-06,Tea & Coffee,60.43,3.97,EMERGING_LEADER
2024-12-06,Telecom Services & Infrastructure,51.56,3.07,EMERGING_LEADER
2024-12-06,Telecommunication,66.54,6.54,ESTABLISHED_LEADER
2024-12-06,Textiles & Apparel,68.27,7.08,ESTABLISHED_LEADER
2024-12-06,"Textiles, Yarns & Apparel",52.79,3.11,EMERGING_LEADER
2024-12-06,Transformers & T&D Equipment,62.67,5.74,EMERGING_LEADER
2024-12-06,Tyres & Rubber Products,57.46,4.49,EMERGING_LEADER
2024-12-06,Wires & Cables,49.89,2.54,EMERGING_LEADER
2024-12-09,API & CDMO / CRAMS,55.94,-1.27,WEAKENING
2024-12-09,Aerospace & Defence,68.24,7.08,ESTABLISHED_LEADER
2024-12-09,Air Conditioners & AC Components,17.66,-10.46,DISTRIBUTION
2024-12-09,Aluminium & Mining,53.63,3.57,EMERGING_LEADER
2024-12-09,Auto Parts & Equipment,49.6,2.58,EMERGING_LEADER
2024-12-09,Automobile OEMs,33.69,-3.08,LAGGING
2024-12-09,Banks,52.1,3.2,EMERGING_LEADER
2024-12-09,Bearings & Friction Solutions,38.06,-2.6,NEUTRAL
2024-12-09,Breweries & Distilleries,67.46,5.27,ESTABLISHED_LEADER
2024-12-09,Capital Goods,45.62,0.51,EMERGING_LEADER
2024-12-09,Capital Markets & Asset Management,76.77,9.12,LEADING
2024-12-09,Cement,83.43,9.92,LEADING
2024-12-09,Cement & Clinker,61.29,4.93,EMERGING_LEADER
2024-12-09,Ceramics & Tiles,48.99,1.51,EMERGING_LEADER
2024-12-09,Chemicals,59.65,5.02,EMERGING_LEADER
2024-12-09,Civil Construction & Infrastructure,54.78,3.72,EMERGING_LEADER
2024-12-09,Civil Construction & Infrastructure EPC,71.71,7.79,ESTABLISHED_LEADER
2024-12-09,Commodity Chemicals,45.38,0.36,EMERGING_LEADER
2024-12-09,Consumer Durables,65.5,6.42,ESTABLISHED_LEADER
2024-12-09,Consumer Services,52.99,2.65,EMERGING_LEADER
2024-12-09,Diversified & Fashion Retail,40.86,-2.04,NEUTRAL
2024-12-09,Diversified Commercial,51.03,2.29,EMERGING_LEADER
2024-12-09,Diversified Retail,37.58,-1.11,NEUTRAL
2024-12-09,Electronic Manufacturing Services (EMS),44.48,-2.87,WEAKENING
2024-12-09,Fast Moving Consumer Goods,57.61,2.97,EMERGING_LEADER
2024-12-09,Fertilizers & Agrochemicals,57.97,3.46,EMERGING_LEADER
2024-12-09,Financial Services,70.04,7.51,ESTABLISHED_LEADER
2024-12-09,Healthcare,43.11,-4.35,WEAKENING
2024-12-09,Hospitals & Diagnostic Centres,65.12,5.28,ESTABLISHED_LEADER
2024-12-09,Hotels & Restaurants,69.65,7.18,ESTABLISHED_LEADER
2024-12-09,"Hotels, Resorts & QSR",64.3,6.13,EMERGING_LEADER
2024-12-09,IT Consulting & Software,57.26,2.7,NEUTRAL
2024-12-09,Information Technology,67.26,4.88,ESTABLISHED_LEADER
2024-12-09,Insurance,48.18,2.26,EMERGING_LEADER
2024-12-09,Internet & Digital Platforms,52.2,2.64,EMERGING_LEADER
2024-12-09,Iron & Steel,52.54,3.31,EMERGING_LEADER
2024-12-09,Logistics & Transportation,62.18,5.11,EMERGING_LEADER
2024-12-09,"Logistics, Ports & Supply Chain",38.45,-0.55,NEUTRAL
2024-12-09,Lubricants & Specialty Oils,45.92,1.72,EMERGING_LEADER
2024-12-09,Media & Entertainment,62.18,5.62,EMERGING_LEADER
2024-12-09,Metals & Mining,53.41,2.97,EMERGING_LEADER
2024-12-09,Mining & Mineral Products,51.61,3.09,EMERGING_LEADER
2024-12-09,Non Banking Financial Company (NBFC),50.13,2.2,EMERGING_LEADER
2024-12-09,Oil Exploration & Refining,42.96,1.01,NEUTRAL
2024-12-09,Packaged Foods & Consumer Staples,56.36,2.18,NEUTRAL
2024-12-09,Packaged Foods & FMCG Staples,32.58,-1.7,LAGGING
2024-12-09,Packaging Materials & Containers,64.53,5.2,EMERGING_LEADER
2024-12-09,Paper & Paper Products,66.2,4.29,ESTABLISHED_LEADER
2024-12-09,Pharmaceuticals,53.06,1.29,NEUTRAL
2024-12-09,Pharmaceuticals & Biotechnology,36.34,-2.31,NEUTRAL
2024-12-09,Pipes & Tubes,36.21,-1.2,NEUTRAL
2024-12-09,"Plywood, MDF & Laminates",30.53,-4.07,LAGGING
2024-12-09,Power,51.66,2.75,EMERGING_LEADER
2024-12-09,Power Generation & Utilities,38.26,-0.12,NEUTRAL
2024-12-09,Pumps & Compressors,46.91,1.59,EMERGING_LEADER
2024-12-09,Renewable Energy - Solar & Wind,44.46,1.37,NEUTRAL
2024-12-09,Residential & Commercial Real Estate,60.38,5.19,EMERGING_LEADER
2024-12-09,Services,59.26,3.38,EMERGING_LEADER
2024-12-09,Software Products & Digital Services,47.63,1.25,EMERGING_LEADER
2024-12-09,Specialty Chemicals,39.6,-1.09,NEUTRAL
2024-12-09,Stockbroking & Financial Products,55.63,2.75,EMERGING_LEADER
2024-12-09,Sugar & Bio-Ethanol,25.59,-5.67,LAGGING
2024-12-09,Tea & Coffee,54.57,1.77,NEUTRAL
2024-12-09,Telecom Services & Infrastructure,48.65,2.38,EMERGING_LEADER
2024-12-09,Telecommunication,69.18,7.3,ESTABLISHED_LEADER
2024-12-09,Textiles & Apparel,65.35,5.96,ESTABLISHED_LEADER
2024-12-09,"Textiles, Yarns & Apparel",69.28,7.33,ESTABLISHED_LEADER
2024-12-09,Transformers & T&D Equipment,66.82,6.74,ESTABLISHED_LEADER
2024-12-09,Tyres & Rubber Products,78.12,9.45,LEADING
2024-12-09,Wires & Cables,50.89,2.91,EMERGING_LEADER
2024-12-10,API & CDMO / CRAMS,57.01,-0.35,WEAKENING
2024-12-10,Aerospace & Defence,66.92,6.31,ESTABLISHED_LEADER
2024-12-10,Air Conditioners & AC Components,19.54,-10.01,DISTRIBUTION
2024-12-10,Aluminium & Mining,50.86,2.91,EMERGING_LEADER
2024-12-10,Auto Parts & Equipment,64.16,6.1,EMERGING_LEADER
2024-12-10,Automobile OEMs,41.9,-0.71,NEUTRAL
2024-12-10,Banks,58.72,4.16,EMERGING_LEADER
2024-12-10,Bearings & Friction Solutions,42.81,-1.4,NEUTRAL
2024-12-10,Breweries & Distilleries,72.21,7.39,ESTABLISHED_LEADER
2024-12-10,Capital Goods,53.74,0.56,NEUTRAL
2024-12-10,Capital Markets & Asset Management,74.94,8.25,ESTABLISHED_LEADER
2024-12-10,Cement,81.95,10.37,LEADING
2024-12-10,Cement & Clinker,61.68,4.17,EMERGING_LEADER
2024-12-10,Ceramics & Tiles,52.89,1.01,NEUTRAL
2024-12-10,Chemicals,67.42,6.88,ESTABLISHED_LEADER
2024-12-10,Civil Construction & Infrastructure,59.05,4.7,EMERGING_LEADER
2024-12-10,Civil Construction & Infrastructure EPC,72.02,6.49,ESTABLISHED_LEADER
2024-12-10,Commodity Chemicals,48.23,0.87,EMERGING_LEADER
2024-12-10,Consumer Durables,66.49,5.71,ESTABLISHED_LEADER
2024-12-10,Consumer Services,63.47,5.83,EMERGING_LEADER
2024-12-10,Diversified & Fashion Retail,51.3,2.79,EMERGING_LEADER
2024-12-10,Diversified Commercial,53.35,2.31,EMERGING_LEADER
2024-12-10,Diversified Retail,43.38,0.87,NEUTRAL
2024-12-10,Electronic Manufacturing Services (EMS),68.57,7.16,ESTABLISHED_LEADER
2024-12-10,Fast Moving Consumer Goods,60.15,3.57,EMERGING_LEADER
2024-12-10,Fertilizers & Agrochemicals,65.85,5.67,ESTABLISHED_LEADER
2024-12-10,Financial Services,76.81,9.13,LEADING
2024-12-10,Healthcare,43.16,-4.34,WEAKENING
2024-12-10,Hospitals & Diagnostic Centres,65.63,3.8,ESTABLISHED_LEADER
2024-12-10,Hotels & Restaurants,66.42,4.08,ESTABLISHED_LEADER
2024-12-10,"Hotels, Resorts & QSR",57.73,2.4,NEUTRAL
2024-12-10,IT Consulting & Software,64.64,5.67,EMERGING_LEADER
2024-12-10,Information Technology,71.75,7.09,ESTABLISHED_LEADER
2024-12-10,Insurance,43.96,-0.9,NEUTRAL
2024-12-10,Internet & Digital Platforms,47.89,-0.16,NEUTRAL
2024-12-10,Iron & Steel,61.75,5.43,EMERGING_LEADER
2024-12-10,Logistics & Transportation,65.89,5.57,ESTABLISHED_LEADER
2024-12-10,"Logistics, Ports & Supply Chain",40.75,-1.41,NEUTRAL
2024-12-10,Lubricants & Specialty Oils,41.86,0.75,NEUTRAL
2024-12-10,Media & Entertainment,48.62,0.64,NEUTRAL
2024-12-10,Metals & Mining,54.3,2.02,NEUTRAL
2024-12-10,Mining & Mineral Products,53.91,1.99,NEUTRAL
2024-12-10,Non Banking Financial Company (NBFC),52.13,2.11,EMERGING_LEADER
2024-12-10,Oil Exploration & Refining,50.56,2.83,EMERGING_LEADER
2024-12-10,Packaged Foods & Consumer Staples,54.75,1.76,NEUTRAL
2024-12-10,Packaged Foods & FMCG Staples,34.79,-1.52,LAGGING
2024-12-10,Packaging Materials & Containers,77.7,9.17,LEADING
2024-12-10,Paper & Paper Products,59.94,2.39,NEUTRAL
2024-12-10,Pharmaceuticals,57.48,2.85,NEUTRAL
2024-12-10,Pharmaceuticals & Biotechnology,40.32,-1.75,NEUTRAL
2024-12-10,Pipes & Tubes,37.98,-1.12,NEUTRAL
2024-12-10,"Plywood, MDF & Laminates",42.78,-0.21,NEUTRAL
2024-12-10,Power,49.88,1.73,EMERGING_LEADER
2024-12-10,Power Generation & Utilities,34.89,-2.48,LAGGING
2024-12-10,Pumps & Compressors,38.57,-2.0,NEUTRAL
2024-12-10,Renewable Energy - Solar & Wind,47.14,1.99,EMERGING_LEADER
2024-12-10,Residential & Commercial Real Estate,57.21,1.88,NEUTRAL
2024-12-10,Services,65.53,5.18,ESTABLISHED_LEADER
2024-12-10,Software Products & Digital Services,48.08,0.16,NEUTRAL
2024-12-10,Specialty Chemicals,51.98,2.92,EMERGING_LEADER
2024-12-10,Stockbroking & Financial Products,57.9,2.28,NEUTRAL
2024-12-10,Sugar & Bio-Ethanol,34.45,-3.08,LAGGING
2024-12-10,Tea & Coffee,72.26,7.67,ESTABLISHED_LEADER
2024-12-10,Telecom Services & Infrastructure,50.74,2.06,EMERGING_LEADER
2024-12-10,Telecommunication,58.71,2.95,NEUTRAL
2024-12-10,Textiles & Apparel,74.29,8.53,ESTABLISHED_LEADER
2024-12-10,"Textiles, Yarns & Apparel",70.34,7.58,ESTABLISHED_LEADER
2024-12-10,Transformers & T&D Equipment,67.54,6.1,ESTABLISHED_LEADER
2024-12-10,Tyres & Rubber Products,69.38,6.84,ESTABLISHED_LEADER
2024-12-10,Wires & Cables,67.51,6.9,ESTABLISHED_LEADER
2024-12-11,API & CDMO / CRAMS,62.25,1.94,NEUTRAL
2024-12-11,Aerospace & Defence,69.35,6.29,ESTABLISHED_LEADER
2024-12-11,Air Conditioners & AC Components,20.15,-9.86,DISTRIBUTION
2024-12-11,Aluminium & Mining,57.89,4.59,EMERGING_LEADER
2024-12-11,Auto Parts & Equipment,59.73,5.04,EMERGING_LEADER
2024-12-11,Automobile OEMs,39.2,-1.32,NEUTRAL
2024-12-11,Banks,57.37,1.91,NEUTRAL
2024-12-11,Bearings & Friction Solutions,47.29,-0.96,NEUTRAL
2024-12-11,Breweries & Distilleries,72.04,7.93,ESTABLISHED_LEADER
2024-12-11,Capital Goods,56.19,2.01,NEUTRAL
2024-12-11,Capital Markets & Asset Management,73.12,7.46,ESTABLISHED_LEADER
2024-12-11,Cement,83.74,10.8,LEADING
2024-12-11,Cement & Clinker,69.67,4.8,ESTABLISHED_LEADER
2024-12-11,Ceramics & Tiles,60.39,4.48,EMERGING_LEADER
2024-12-11,Chemicals,71.65,7.9,ESTABLISHED_LEADER
2024-12-11,Civil Construction & Infrastructure,61.27,5.4,EMERGING_LEADER
2024-12-11,Civil Construction & Infrastructure EPC,88.58,11.96,LEADING
2024-12-11,Commodity Chemicals,52.72,2.61,EMERGING_LEADER
2024-12-11,Consumer Durables,65.01,5.13,ESTABLISHED_LEADER
2024-12-11,Consumer Services,64.55,6.06,EMERGING_LEADER
2024-12-11,Diversified & Fashion Retail,45.39,0.78,EMERGING_LEADER
2024-12-11,Diversified Commercial,55.74,3.09,EMERGING_LEADER
2024-12-11,Diversified Retail,53.25,3.48,EMERGING_LEADER
2024-12-11,Electronic Manufacturing Services (EMS),19.57,-10.0,DISTRIBUTION
2024-12-11,Fast Moving Consumer Goods,61.01,4.2,EMERGING_LEADER
2024-12-11,Fertilizers & Agrochemicals,63.94,4.93,EMERGING_LEADER
2024-12-11,Financial Services,73.8,8.11,ESTABLISHED_LEADER
2024-12-11,Healthcare,53.48,-1.22,WEAKENING
2024-12-11,Hospitals & Diagnostic Centres,63.38,3.29,NEUTRAL
2024-12-11,Hotels & Restaurants,68.79,5.38,ESTABLISHED_LEADER
2024-12-11,"Hotels, Resorts & QSR",60.5,2.97,NEUTRAL
2024-12-11,IT Consulting & Software,66.62,6.13,ESTABLISHED_LEADER
2024-12-11,Information Technology,77.28,9.14,LEADING
2024-12-11,Insurance,46.1,-1.05,NEUTRAL
2024-12-11,Internet & Digital Platforms,48.5,0.08,NEUTRAL
2024-12-11,Iron & Steel,73.22,8.27,ESTABLISHED_LEADER
2024-12-11,Logistics & Transportation,66.0,5.02,ESTABLISHED_LEADER
2024-12-11,"Logistics, Ports & Supply Chain",40.98,-0.62,NEUTRAL
2024-12-11,Lubricants & Specialty Oils,51.38,3.03,EMERGING_LEADER
2024-12-11,Media & Entertainment,46.05,-0.67,NEUTRAL
2024-12-11,Metals & Mining,60.38,4.74,EMERGING_LEADER
2024-12-11,Mining & Mineral Products,63.18,5.86,EMERGING_LEADER
2024-12-11,Non Banking Financial Company (NBFC),54.09,2.99,EMERGING_LEADER
2024-12-11,Oil Exploration & Refining,45.58,1.42,EMERGING_LEADER
2024-12-11,Packaged Foods & Consumer Staples,67.22,6.83,ESTABLISHED_LEADER
2024-12-11,Packaged Foods & FMCG Staples,37.24,-0.64,NEUTRAL
2024-12-11,Packaging Materials & Containers,67.09,5.19,ESTABLISHED_LEADER
2024-12-11,Paper & Paper Products,63.0,4.62,EMERGING_LEADER
2024-12-11,Pharmaceuticals,58.66,3.48,EMERGING_LEADER
2024-12-11,Pharmaceuticals & Biotechnology,44.53,-0.6,NEUTRAL
2024-12-11,Pipes & Tubes,38.24,-3.4,NEUTRAL
2024-12-11,"Plywood, MDF & Laminates",58.68,4.78,EMERGING_LEADER
2024-12-11,Power,52.07,1.89,EMERGING_LEADER
2024-12-11,Power Generation & Utilities,37.06,-2.04,NEUTRAL
2024-12-11,Pumps & Compressors,43.18,-0.07,NEUTRAL
2024-12-11,Renewable Energy - Solar & Wind,47.84,2.18,EMERGING_LEADER
2024-12-11,Residential & Commercial Real Estate,63.18,4.74,EMERGING_LEADER
2024-12-11,Services,68.65,7.18,ESTABLISHED_LEADER
2024-12-11,Software Products & Digital Services,49.2,0.58,NEUTRAL
2024-12-11,Specialty Chemicals,55.53,4.03,EMERGING_LEADER
2024-12-11,Stockbroking & Financial Products,59.6,3.95,EMERGING_LEADER
2024-12-11,Sugar & Bio-Ethanol,39.62,-0.45,NEUTRAL
2024-12-11,Tea & Coffee,73.62,8.24,ESTABLISHED_LEADER
2024-12-11,Telecom Services & Infrastructure,57.57,4.05,EMERGING_LEADER
2024-12-11,Telecommunication,56.13,2.46,NEUTRAL
2024-12-11,Textiles & Apparel,74.03,8.47,ESTABLISHED_LEADER
2024-12-11,"Textiles, Yarns & Apparel",71.94,7.97,ESTABLISHED_LEADER
2024-12-11,Transformers & T&D Equipment,68.78,5.34,ESTABLISHED_LEADER
2024-12-11,Tyres & Rubber Products,65.05,4.6,ESTABLISHED_LEADER
2024-12-11,Wires & Cables,57.05,3.64,EMERGING_LEADER
2024-12-12,API & CDMO / CRAMS,65.14,3.6,ESTABLISHED_LEADER
2024-12-12,Aerospace & Defence,69.68,7.0,ESTABLISHED_LEADER
2024-12-12,Air Conditioners & AC Components,31.93,-7.04,DISTRIBUTION
2024-12-12,Aluminium & Mining,51.33,2.6,EMERGING_LEADER
2024-12-12,Auto Parts & Equipment,58.06,4.63,EMERGING_LEADER
2024-12-12,Automobile OEMs,40.36,-1.02,NEUTRAL
2024-12-12,Banks,58.18,3.49,EMERGING_LEADER
2024-12-12,Bearings & Friction Solutions,51.73,1.09,NEUTRAL
2024-12-12,Breweries & Distilleries,72.78,8.07,ESTABLISHED_LEADER
2024-12-12,Capital Goods,54.9,2.63,EMERGING_LEADER
2024-12-12,Capital Markets & Asset Management,86.05,10.79,LEADING
2024-12-12,Cement,80.64,9.29,LEADING
2024-12-12,Cement & Clinker,69.87,6.57,ESTABLISHED_LEADER
2024-12-12,Ceramics & Tiles,64.98,6.3,EMERGING_LEADER
2024-12-12,Chemicals,76.42,9.04,LEADING
2024-12-12,Civil Construction & Infrastructure,59.54,4.78,EMERGING_LEADER
2024-12-12,Civil Construction & Infrastructure EPC,74.08,7.66,ESTABLISHED_LEADER
2024-12-12,Commodity Chemicals,48.72,0.88,EMERGING_LEADER
2024-12-12,Consumer Durables,62.37,4.54,EMERGING_LEADER
2024-12-12,Consumer Services,63.55,5.93,EMERGING_LEADER
2024-12-12,Diversified & Fashion Retail,42.12,-0.2,NEUTRAL
2024-12-12,Diversified Commercial,56.57,3.59,EMERGING_LEADER
2024-12-12,Diversified Retail,61.37,5.43,EMERGING_LEADER
2024-12-12,Electronic Manufacturing Services (EMS),21.1,-9.64,DISTRIBUTION
2024-12-12,Fast Moving Consumer Goods,58.91,2.71,NEUTRAL
2024-12-12,Fertilizers & Agrochemicals,59.4,3.38,EMERGING_LEADER
2024-12-12,Financial Services,72.01,7.5,ESTABLISHED_LEADER
2024-12-12,Healthcare,44.8,-3.95,WEAKENING
2024-12-12,Hospitals & Diagnostic Centres,65.1,4.66,ESTABLISHED_LEADER
2024-12-12,Hotels & Restaurants,67.21,4.64,ESTABLISHED_LEADER
2024-12-12,"Hotels, Resorts & QSR",61.98,3.9,NEUTRAL
2024-12-12,IT Consulting & Software,67.01,6.65,ESTABLISHED_LEADER
2024-12-12,Information Technology,77.42,9.25,LEADING
2024-12-12,Insurance,44.6,-1.04,NEUTRAL
2024-12-12,Internet & Digital Platforms,51.12,1.92,EMERGING_LEADER
2024-12-12,Iron & Steel,61.68,5.5,EMERGING_LEADER
2024-12-12,Logistics & Transportation,65.98,5.76,ESTABLISHED_LEADER
2024-12-12,"Logistics, Ports & Supply Chain",37.29,-2.1,NEUTRAL
2024-12-12,Lubricants & Specialty Oils,55.94,4.07,EMERGING_LEADER
2024-12-12,Media & Entertainment,49.04,-0.71,NEUTRAL
2024-12-12,Metals & Mining,58.73,3.07,NEUTRAL
2024-12-12,Mining & Mineral Products,61.9,5.56,EMERGING_LEADER
2024-12-12,Non Banking Financial Company (NBFC),54.27,2.97,EMERGING_LEADER
2024-12-12,Oil Exploration & Refining,47.62,2.04,EMERGING_LEADER
2024-12-12,Packaged Foods & Consumer Staples,58.84,4.36,EMERGING_LEADER
2024-12-12,Packaged Foods & FMCG Staples,34.18,-2.21,LAGGING
2024-12-12,Packaging Materials & Containers,63.13,3.99,NEUTRAL
2024-12-12,Paper & Paper Products,55.8,1.9,NEUTRAL
2024-12-12,Pharmaceuticals,58.57,3.88,EMERGING_LEADER
2024-12-12,Pharmaceuticals & Biotechnology,43.82,0.24,NEUTRAL
2024-12-12,Pipes & Tubes,43.69,-1.33,NEUTRAL
2024-12-12,"Plywood, MDF & Laminates",65.69,6.47,ESTABLISHED_LEADER
2024-12-12,Power,52.41,1.71,EMERGING_LEADER
2024-12-12,Power Generation & Utilities,41.45,0.33,NEUTRAL
2024-12-12,Pumps & Compressors,46.39,1.8,EMERGING_LEADER
2024-12-12,Renewable Energy - Solar & Wind,56.48,4.26,EMERGING_LEADER
2024-12-12,Residential & Commercial Real Estate,61.16,4.5,EMERGING_LEADER
2024-12-12,Services,65.27,6.36,ESTABLISHED_LEADER
2024-12-12,Software Products & Digital Services,49.95,2.2,EMERGING_LEADER
2024-12-12,Specialty Chemicals,50.14,2.73,EMERGING_LEADER
2024-12-12,Stockbroking & Financial Products,55.49,1.83,NEUTRAL
2024-12-12,Sugar & Bio-Ethanol,37.68,-1.21,NEUTRAL
2024-12-12,Tea & Coffee,67.86,6.47,ESTABLISHED_LEADER
2024-12-12,Telecom Services & Infrastructure,58.63,4.64,EMERGING_LEADER
2024-12-12,Telecommunication,69.23,7.32,ESTABLISHED_LEADER
2024-12-12,Textiles & Apparel,72.63,6.69,ESTABLISHED_LEADER
2024-12-12,"Textiles, Yarns & Apparel",72.12,7.61,ESTABLISHED_LEADER
2024-12-12,Transformers & T&D Equipment,68.29,5.88,ESTABLISHED_LEADER
2024-12-12,Tyres & Rubber Products,71.67,7.44,ESTABLISHED_LEADER
2024-12-12,Wires & Cables,52.25,1.61,NEUTRAL
2024-12-13,API & CDMO / CRAMS,47.56,-3.29,WEAKENING
2024-12-13,Aerospace & Defence,67.28,5.07,ESTABLISHED_LEADER
2024-12-13,Air Conditioners & AC Components,57.86,4.59,EMERGING_LEADER
2024-12-13,Aluminium & Mining,43.55,-2.79,WEAKENING
2024-12-13,Auto Parts & Equipment,58.45,4.25,EMERGING_LEADER
2024-12-13,Automobile OEMs,40.87,-1.14,NEUTRAL
2024-12-13,Banks,58.69,3.28,EMERGING_LEADER
2024-12-13,Bearings & Friction Solutions,48.22,1.28,EMERGING_LEADER
2024-12-13,Breweries & Distilleries,73.98,7.56,ESTABLISHED_LEADER
2024-12-13,Capital Goods,55.32,3.32,EMERGING_LEADER
2024-12-13,Capital Markets & Asset Management,72.99,5.89,ESTABLISHED_LEADER
2024-12-13,Cement,79.31,8.33,LEADING
2024-12-13,Cement & Clinker,70.22,6.91,ESTABLISHED_LEADER
2024-12-13,Ceramics & Tiles,46.66,-0.38,NEUTRAL
2024-12-13,Chemicals,69.2,6.9,ESTABLISHED_LEADER
2024-12-13,Civil Construction & Infrastructure,58.88,3.3,EMERGING_LEADER
2024-12-13,Civil Construction & Infrastructure EPC,74.24,7.12,ESTABLISHED_LEADER
2024-12-13,Commodity Chemicals,47.84,0.01,NEUTRAL
2024-12-13,Consumer Durables,63.13,3.63,NEUTRAL
2024-12-13,Consumer Services,61.42,4.61,EMERGING_LEADER
2024-12-13,Diversified & Fashion Retail,43.72,0.5,NEUTRAL
2024-12-13,Diversified Commercial,57.05,3.26,EMERGING_LEADER
2024-12-13,Diversified Retail,57.32,4.46,EMERGING_LEADER
2024-12-13,Electronic Manufacturing Services (EMS),75.08,8.72,LEADING
2024-12-13,Fast Moving Consumer Goods,56.68,2.2,NEUTRAL
2024-12-13,Fertilizers & Agrochemicals,59.6,3.07,NEUTRAL
2024-12-13,Financial Services,75.97,7.94,LEADING
2024-12-13,Healthcare,40.08,-5.08,WEAKENING
2024-12-13,Hospitals & Diagnostic Centres,62.32,2.88,NEUTRAL
2024-12-13,Hotels & Restaurants,61.25,1.29,WEAKENING
2024-12-13,"Hotels, Resorts & QSR",68.0,5.46,ESTABLISHED_LEADER
2024-12-13,IT Consulting & Software,65.97,5.26,ESTABLISHED_LEADER
2024-12-13,Information Technology,76.99,8.57,LEADING
2024-12-13,Insurance,40.63,-2.5,NEUTRAL
2024-12-13,Internet & Digital Platforms,49.11,1.02,EMERGING_LEADER
2024-12-13,Iron & Steel,57.42,3.6,EMERGING_LEADER
2024-12-13,Logistics & Transportation,63.23,4.56,EMERGING_LEADER
2024-12-13,"Logistics, Ports & Supply Chain",37.82,-1.75,NEUTRAL
2024-12-13,Lubricants & Specialty Oils,54.79,1.21,NEUTRAL
2024-12-13,Media & Entertainment,46.03,-1.61,NEUTRAL
2024-12-13,Metals & Mining,54.14,2.74,EMERGING_LEADER
2024-12-13,Mining & Mineral Products,62.2,5.63,EMERGING_LEADER
2024-12-13,Non Banking Financial Company (NBFC),51.97,1.39,NEUTRAL
2024-12-13,Oil Exploration & Refining,50.4,1.74,EMERGING_LEADER
2024-12-13,Packaged Foods & Consumer Staples,50.36,0.43,NEUTRAL
2024-12-13,Packaged Foods & FMCG Staples,36.11,-2.45,NEUTRAL
2024-12-13,Packaging Materials & Containers,64.72,4.52,NEUTRAL
2024-12-13,Paper & Paper Products,53.56,-0.97,WEAKENING
2024-12-13,Pharmaceuticals,53.53,1.94,EMERGING_LEADER
2024-12-13,Pharmaceuticals & Biotechnology,43.51,-0.12,NEUTRAL
2024-12-13,Pipes & Tubes,40.97,-0.69,NEUTRAL
2024-12-13,"Plywood, MDF & Laminates",60.3,5.17,EMERGING_LEADER
2024-12-13,Power,47.78,-0.73,NEUTRAL
2024-12-13,Power Generation & Utilities,42.72,-1.03,NEUTRAL
2024-12-13,Pumps & Compressors,38.14,-2.76,NEUTRAL
2024-12-13,Renewable Energy - Solar & Wind,54.47,2.91,EMERGING_LEADER
2024-12-13,Residential & Commercial Real Estate,61.23,2.84,NEUTRAL
2024-12-13,Services,62.32,4.29,EMERGING_LEADER
2024-12-13,Software Products & Digital Services,48.64,0.03,NEUTRAL
2024-12-13,Specialty Chemicals,47.36,1.89,EMERGING_LEADER
2024-12-13,Stockbroking & Financial Products,59.74,3.47,EMERGING_LEADER
2024-12-13,Sugar & Bio-Ethanol,37.05,-1.0,NEUTRAL
2024-12-13,Tea & Coffee,84.81,11.05,LEADING
2024-12-13,Telecom Services & Infrastructure,62.19,4.84,EMERGING_LEADER
2024-12-13,Telecommunication,65.73,3.63,ESTABLISHED_LEADER
2024-12-13,Textiles & Apparel,78.82,8.82,LEADING
2024-12-13,"Textiles, Yarns & Apparel",75.26,8.76,LEADING
2024-12-13,Transformers & T&D Equipment,67.26,4.97,ESTABLISHED_LEADER
2024-12-13,Tyres & Rubber Products,71.6,7.73,ESTABLISHED_LEADER
2024-12-13,Wires & Cables,53.25,1.38,NEUTRAL
2024-12-16,API & CDMO / CRAMS,46.28,-2.63,WEAKENING
2024-12-16,Aerospace & Defence,72.13,6.01,ESTABLISHED_LEADER
2024-12-16,Air Conditioners & AC Components,67.4,5.97,ESTABLISHED_LEADER
2024-12-16,Aluminium & Mining,43.23,-3.5,WEAKENING
2024-12-16,Auto Parts & Equipment,63.52,5.75,EMERGING_LEADER
2024-12-16,Automobile OEMs,39.76,-1.37,NEUTRAL
2024-12-16,Banks,56.84,2.49,NEUTRAL
2024-12-16,Bearings & Friction Solutions,46.79,0.8,EMERGING_LEADER
2024-12-16,Breweries & Distilleries,74.39,7.1,ESTABLISHED_LEADER
2024-12-16,Capital Goods,56.84,3.66,EMERGING_LEADER
2024-12-16,Capital Markets & Asset Management,72.67,4.7,ESTABLISHED_LEADER
2024-12-16,Cement,81.98,7.41,ESTABLISHED_LEADER
2024-12-16,Cement & Clinker,70.95,6.77,ESTABLISHED_LEADER
2024-12-16,Ceramics & Tiles,44.25,-2.23,NEUTRAL
2024-12-16,Chemicals,65.96,4.97,ESTABLISHED_LEADER
2024-12-16,Civil Construction & Infrastructure,62.72,4.48,EMERGING_LEADER
2024-12-16,Civil Construction & Infrastructure EPC,78.33,7.99,LEADING
2024-12-16,Commodity Chemicals,56.89,3.73,EMERGING_LEADER
2024-12-16,Consumer Durables,47.97,-3.19,WEAKENING
2024-12-16,Consumer Services,64.46,5.53,EMERGING_LEADER
2024-12-16,Diversified & Fashion Retail,49.99,1.64,EMERGING_LEADER
2024-12-16,Diversified Commercial,59.41,3.77,EMERGING_LEADER
2024-12-16,Diversified Retail,54.94,3.89,EMERGING_LEADER
2024-12-16,Electronic Manufacturing Services (EMS),20.01,-9.9,DISTRIBUTION
2024-12-16,Fast Moving Consumer Goods,57.06,1.6,NEUTRAL
2024-12-16,Fertilizers & Agrochemicals,60.67,3.05,NEUTRAL
2024-12-16,Financial Services,75.43,7.07,LEADING
2024-12-16,Healthcare,47.0,-0.02,NEUTRAL
2024-12-16,Hospitals & Diagnostic Centres,65.04,3.6,ESTABLISHED_LEADER
2024-12-16,Hotels & Restaurants,62.71,1.8,WEAKENING
2024-12-16,"Hotels, Resorts & QSR",64.74,3.62,NEUTRAL
2024-12-16,IT Consulting & Software,67.36,5.98,ESTABLISHED_LEADER
2024-12-16,Information Technology,82.69,10.55,LEADING
2024-12-16,Insurance,48.28,-0.39,NEUTRAL
2024-12-16,Internet & Digital Platforms,56.59,2.37,NEUTRAL
2024-12-16,Iron & Steel,56.57,2.3,NEUTRAL
2024-12-16,Logistics & Transportation,68.98,5.78,ESTABLISHED_LEADER
2024-12-16,"Logistics, Ports & Supply Chain",38.1,-2.92,NEUTRAL
2024-12-16,Lubricants & Specialty Oils,52.0,1.57,EMERGING_LEADER
2024-12-16,Media & Entertainment,52.74,-1.04,WEAKENING
2024-12-16,Metals & Mining,61.36,4.16,EMERGING_LEADER
2024-12-16,Mining & Mineral Products,55.51,2.02,NEUTRAL
2024-12-16,Non Banking Financial Company (NBFC),53.28,1.35,NEUTRAL
2024-12-16,Oil Exploration & Refining,51.68,1.97,EMERGING_LEADER
2024-12-16,Packaged Foods & Consumer Staples,52.15,-0.24,NEUTRAL
2024-12-16,Packaged Foods & FMCG Staples,40.52,-0.85,NEUTRAL
2024-12-16,Packaging Materials & Containers,78.42,9.32,LEADING
2024-12-16,Paper & Paper Products,82.92,10.6,LEADING
2024-12-16,Pharmaceuticals,60.78,3.98,EMERGING_LEADER
2024-12-16,Pharmaceuticals & Biotechnology,42.68,-0.62,NEUTRAL
2024-12-16,Pipes & Tubes,47.45,1.41,EMERGING_LEADER
2024-12-16,"Plywood, MDF & Laminates",58.61,4.77,EMERGING_LEADER
2024-12-16,Power,52.98,0.95,NEUTRAL
2024-12-16,Power Generation & Utilities,46.0,0.43,EMERGING_LEADER
2024-12-16,Pumps & Compressors,38.11,-4.44,WEAKENING
2024-12-16,Renewable Energy - Solar & Wind,53.22,2.35,EMERGING_LEADER
2024-12-16,Residential & Commercial Real Estate,69.59,6.36,ESTABLISHED_LEADER
2024-12-16,Services,60.22,2.63,NEUTRAL
2024-12-16,Software Products & Digital Services,50.89,0.8,NEUTRAL
2024-12-16,Specialty Chemicals,53.94,3.53,EMERGING_LEADER
2024-12-16,Stockbroking & Financial Products,61.44,3.79,NEUTRAL
2024-12-16,Sugar & Bio-Ethanol,38.82,-0.3,NEUTRAL
2024-12-16,Tea & Coffee,65.98,5.89,ESTABLISHED_LEADER
2024-12-16,Telecom Services & Infrastructure,64.06,6.07,EMERGING_LEADER
2024-12-16,Telecommunication,65.14,2.91,ESTABLISHED_LEADER
2024-12-16,Textiles & Apparel,86.31,11.41,LEADING
2024-12-16,"Textiles, Yarns & Apparel",73.52,6.41,ESTABLISHED_LEADER
2024-12-16,Transformers & T&D Equipment,71.58,6.04,ESTABLISHED_LEADER
2024-12-16,Tyres & Rubber Products,70.28,3.46,ESTABLISHED_LEADER
2024-12-16,Wires & Cables,58.54,3.43,EMERGING_LEADER
2024-12-17,API & CDMO / CRAMS,44.23,-3.69,WEAKENING
2024-12-17,Aerospace & Defence,70.07,5.38,ESTABLISHED_LEADER
2024-12-17,Air Conditioners & AC Components,59.4,2.53,NEUTRAL
2024-12-17,Aluminium & Mining,41.93,-3.54,WEAKENING
2024-12-17,Auto Parts & Equipment,53.49,-1.08,WEAKENING
2024-12-17,Automobile OEMs,37.62,-3.74,NEUTRAL
2024-12-17,Banks,53.86,0.05,NEUTRAL
2024-12-17,Bearings & Friction Solutions,51.15,1.78,EMERGING_LEADER
2024-12-17,Breweries & Distilleries,81.0,9.02,LEADING
2024-12-17,Capital Goods,54.71,1.31,NEUTRAL
2024-12-17,Capital Markets & Asset Management,71.1,4.37,ESTABLISHED_LEADER
2024-12-17,Cement,74.24,4.43,ESTABLISHED_LEADER
2024-12-17,Cement & Clinker,64.37,3.93,NEUTRAL
2024-12-17,Ceramics & Tiles,37.38,-5.73,WEAKENING
2024-12-17,Chemicals,58.93,0.61,WEAKENING
2024-12-17,Civil Construction & Infrastructure,64.7,4.54,NEUTRAL
2024-12-17,Civil Construction & Infrastructure EPC,71.42,5.03,ESTABLISHED_LEADER
2024-12-17,Commodity Chemicals,49.18,-0.03,NEUTRAL
2024-12-17,Consumer Durables,53.82,-1.36,WEAKENING
2024-12-17,Consumer Services,62.03,2.63,NEUTRAL
2024-12-17,Diversified & Fashion Retail,48.73,-0.77,NEUTRAL
2024-12-17,Diversified Commercial,56.62,2.18,NEUTRAL
2024-12-17,Diversified Retail,49.25,0.88,NEUTRAL
2024-12-17,Electronic Manufacturing Services (EMS),73.24,7.87,ESTABLISHED_LEADER
2024-12-17,Fast Moving Consumer Goods,56.74,1.0,NEUTRAL
2024-12-17,Fertilizers & Agrochemicals,67.11,4.33,ESTABLISHED_LEADER
2024-12-17,Financial Services,64.82,1.4,WEAKENING
2024-12-17,Healthcare,37.47,-4.03,NEUTRAL
2024-12-17,Hospitals & Diagnostic Centres,64.17,3.14,NEUTRAL
2024-12-17,Hotels & Restaurants,64.65,3.2,NEUTRAL
2024-12-17,"Hotels, Resorts & QSR",68.25,6.27,ESTABLISHED_LEADER
2024-12-17,IT Consulting & Software,64.81,3.59,NEUTRAL
2024-12-17,Information Technology,79.38,8.42,LEADING
2024-12-17,Insurance,47.02,-0.16,NEUTRAL
2024-12-17,Internet & Digital Platforms,57.17,3.39,EMERGING_LEADER
2024-12-17,Iron & Steel,52.34,-1.13,WEAKENING
2024-12-17,Logistics & Transportation,69.09,5.16,ESTABLISHED_LEADER
2024-12-17,"Logistics, Ports & Supply Chain",36.08,-4.18,NEUTRAL
2024-12-17,Lubricants & Specialty Oils,55.87,3.93,EMERGING_LEADER
2024-12-17,Media & Entertainment,52.18,1.16,NEUTRAL
2024-12-17,Metals & Mining,61.75,4.16,EMERGING_LEADER
2024-12-17,Mining & Mineral Products,47.16,-1.9,WEAKENING
2024-12-17,Non Banking Financial Company (NBFC),49.67,-0.52,NEUTRAL
2024-12-17,Oil Exploration & Refining,45.73,-1.89,NEUTRAL
2024-12-17,Packaged Foods & Consumer Staples,46.05,-2.51,WEAKENING
2024-12-17,Packaged Foods & FMCG Staples,33.82,-4.06,LAGGING
2024-12-17,Packaging Materials & Containers,63.94,0.87,WEAKENING
2024-12-17,Paper & Paper Products,64.84,4.44,NEUTRAL
2024-12-17,Pharmaceuticals,54.56,0.57,NEUTRAL
2024-12-17,Pharmaceuticals & Biotechnology,43.26,-1.09,NEUTRAL
2024-12-17,Pipes & Tubes,45.81,0.4,EMERGING_LEADER
2024-12-17,"Plywood, MDF & Laminates",58.72,4.79,EMERGING_LEADER
2024-12-17,Power,43.36,-2.77,WEAKENING
2024-12-17,Power Generation & Utilities,43.69,0.07,NEUTRAL
2024-12-17,Pumps & Compressors,36.87,-3.46,NEUTRAL
2024-12-17,Renewable Energy - Solar & Wind,56.82,3.38,EMERGING_LEADER
2024-12-17,Residential & Commercial Real Estate,66.09,5.46,ESTABLISHED_LEADER
2024-12-17,Services,65.04,3.52,ESTABLISHED_LEADER
2024-12-17,Software Products & Digital Services,51.11,0.81,NEUTRAL
2024-12-17,Specialty Chemicals,51.29,0.19,NEUTRAL
2024-12-17,Stockbroking & Financial Products,58.24,2.04,NEUTRAL
2024-12-17,Sugar & Bio-Ethanol,34.51,-3.71,LAGGING
2024-12-17,Tea & Coffee,69.85,4.33,ESTABLISHED_LEADER
2024-12-17,Telecom Services & Infrastructure,61.6,4.74,EMERGING_LEADER
2024-12-17,Telecommunication,62.47,3.67,NEUTRAL
2024-12-17,Textiles & Apparel,76.78,6.88,LEADING
2024-12-17,"Textiles, Yarns & Apparel",72.66,5.86,ESTABLISHED_LEADER
2024-12-17,Transformers & T&D Equipment,67.45,4.17,ESTABLISHED_LEADER
2024-12-17,Tyres & Rubber Products,68.71,4.37,ESTABLISHED_LEADER
2024-12-17,Wires & Cables,62.07,1.92,NEUTRAL
2024-12-18,API & CDMO / CRAMS,43.69,-4.21,WEAKENING
2024-12-18,Aerospace & Defence,60.21,0.81,WEAKENING
2024-12-18,Air Conditioners & AC Components,33.34,-6.7,DISTRIBUTION
2024-12-18,Aluminium & Mining,32.79,-6.83,DISTRIBUTION
2024-12-18,Auto Parts & Equipment,51.06,-1.31,WEAKENING
2024-12-18,Automobile OEMs,33.61,-4.94,DISTRIBUTION
2024-12-18,Banks,46.4,-2.84,WEAKENING
2024-12-18,Bearings & Friction Solutions,43.07,-2.42,NEUTRAL
2024-12-18,Breweries & Distilleries,80.74,8.94,LEADING
2024-12-18,Capital Goods,51.13,-0.64,NEUTRAL
2024-12-18,Capital Markets & Asset Management,66.52,2.78,ESTABLISHED_LEADER
2024-12-18,Cement,66.51,1.26,ESTABLISHED_LEADER
2024-12-18,Cement & Clinker,59.84,0.59,WEAKENING
2024-12-18,Ceramics & Tiles,38.18,-5.54,WEAKENING
2024-12-18,Chemicals,57.66,-0.68,WEAKENING
2024-12-18,Civil Construction & Infrastructure,59.3,1.88,NEUTRAL
2024-12-18,Civil Construction & Infrastructure EPC,63.4,0.52,WEAKENING
2024-12-18,Commodity Chemicals,44.2,-2.93,WEAKENING
2024-12-18,Consumer Durables,46.59,-3.52,WEAKENING
2024-12-18,Consumer Services,64.82,3.61,NEUTRAL
2024-12-18,Diversified & Fashion Retail,47.17,-0.36,NEUTRAL
2024-12-18,Diversified Commercial,52.87,0.17,NEUTRAL
2024-12-18,Diversified Retail,46.98,-1.85,WEAKENING
2024-12-18,Electronic Manufacturing Services (EMS),70.89,4.59,ESTABLISHED_LEADER
2024-12-18,Fast Moving Consumer Goods,54.14,-0.24,WEAKENING
2024-12-18,Fertilizers & Agrochemicals,54.85,-0.47,WEAKENING
2024-12-18,Financial Services,63.11,1.22,WEAKENING
2024-12-18,Healthcare,40.4,-4.66,WEAKENING
2024-12-18,Hospitals & Diagnostic Centres,63.93,3.44,NEUTRAL
2024-12-18,Hotels & Restaurants,62.81,2.0,NEUTRAL
2024-12-18,"Hotels, Resorts & QSR",66.56,5.07,ESTABLISHED_LEADER
2024-12-18,IT Consulting & Software,62.64,2.32,NEUTRAL
2024-12-18,Information Technology,78.55,7.08,ESTABLISHED_LEADER
2024-12-18,Insurance,42.45,-2.47,NEUTRAL
2024-12-18,Internet & Digital Platforms,54.99,2.37,EMERGING_LEADER
2024-12-18,Iron & Steel,44.68,-3.98,WEAKENING
2024-12-18,Logistics & Transportation,55.64,-0.51,WEAKENING
2024-12-18,"Logistics, Ports & Supply Chain",29.82,-6.85,DISTRIBUTION
2024-12-18,Lubricants & Specialty Oils,55.6,2.1,NEUTRAL
2024-12-18,Media & Entertainment,53.36,2.12,EMERGING_LEADER
2024-12-18,Metals & Mining,61.09,2.79,NEUTRAL
2024-12-18,Mining & Mineral Products,40.37,-5.01,WEAKENING
2024-12-18,Non Banking Financial Company (NBFC),47.84,-1.64,WEAKENING
2024-12-18,Oil Exploration & Refining,37.56,-4.43,WEAKENING
2024-12-18,Packaged Foods & Consumer Staples,47.79,-3.23,WEAKENING
2024-12-18,Packaged Foods & FMCG Staples,33.69,-4.55,LAGGING
2024-12-18,Packaging Materials & Containers,66.37,3.8,ESTABLISHED_LEADER
2024-12-18,Paper & Paper Products,62.2,2.78,NEUTRAL
2024-12-18,Pharmaceuticals,51.67,-0.86,WEAKENING
2024-12-18,Pharmaceuticals & Biotechnology,45.75,-0.8,NEUTRAL
2024-12-18,Pipes & Tubes,43.13,-0.77,NEUTRAL
2024-12-18,"Plywood, MDF & Laminates",50.89,-1.19,WEAKENING
2024-12-18,Power,31.15,-7.22,DISTRIBUTION
2024-12-18,Power Generation & Utilities,32.03,-5.22,DISTRIBUTION
2024-12-18,Pumps & Compressors,31.7,-6.46,DISTRIBUTION
2024-12-18,Renewable Energy - Solar & Wind,47.67,-0.59,NEUTRAL
2024-12-18,Residential & Commercial Real Estate,64.08,3.54,NEUTRAL
2024-12-18,Services,57.17,-0.35,WEAKENING
2024-12-18,Software Products & Digital Services,46.65,-1.26,NEUTRAL
2024-12-18,Specialty Chemicals,45.43,-2.91,WEAKENING
2024-12-18,Stockbroking & Financial Products,46.96,-3.0,WEAKENING
2024-12-18,Sugar & Bio-Ethanol,32.53,-5.47,DISTRIBUTION
2024-12-18,Tea & Coffee,73.23,5.51,ESTABLISHED_LEADER
2024-12-18,Telecom Services & Infrastructure,53.59,0.15,NEUTRAL
2024-12-18,Telecommunication,71.3,7.81,ESTABLISHED_LEADER
2024-12-18,Textiles & Apparel,75.09,6.21,ESTABLISHED_LEADER
2024-12-18,"Textiles, Yarns & Apparel",67.26,3.3,ESTABLISHED_LEADER
2024-12-18,Transformers & T&D Equipment,65.97,3.33,ESTABLISHED_LEADER
2024-12-18,Tyres & Rubber Products,62.26,2.44,NEUTRAL
2024-12-18,Wires & Cables,50.34,-1.13,WEAKENING
2024-12-19,API & CDMO / CRAMS,41.6,-4.72,WEAKENING
2024-12-19,Aerospace & Defence,56.46,-0.83,WEAKENING
2024-12-19,Air Conditioners & AC Components,36.14,-6.03,WEAKENING
2024-12-19,Aluminium & Mining,40.1,-4.4,WEAKENING
2024-12-19,Auto Parts & Equipment,50.8,-1.11,WEAKENING
2024-12-19,Automobile OEMs,32.39,-5.66,DISTRIBUTION
2024-12-19,Banks,39.82,-5.14,WEAKENING
2024-12-19,Bearings & Friction Solutions,43.26,-3.14,WEAKENING
2024-12-19,Breweries & Distilleries,78.44,7.84,LEADING
2024-12-19,Capital Goods,50.46,-0.69,NEUTRAL
2024-12-19,Capital Markets & Asset Management,66.93,1.36,ESTABLISHED_LEADER
2024-12-19,Cement,66.87,1.57,ESTABLISHED_LEADER
2024-12-19,Cement & Clinker,59.84,0.56,WEAKENING
2024-12-19,Ceramics & Tiles,34.39,-6.45,DISTRIBUTION
2024-12-19,Chemicals,58.77,-0.6,WEAKENING
2024-12-19,Civil Construction & Infrastructure,55.92,0.77,NEUTRAL
2024-12-19,Civil Construction & Infrastructure EPC,58.44,-0.67,WEAKENING
2024-12-19,Commodity Chemicals,44.09,-2.25,NEUTRAL
2024-12-19,Consumer Durables,44.51,-4.02,WEAKENING
2024-12-19,Consumer Services,57.16,0.57,WEAKENING
2024-12-19,Diversified & Fashion Retail,47.6,0.41,NEUTRAL
2024-12-19,Diversified Commercial,51.77,-0.44,NEUTRAL
2024-12-19,Diversified Retail,45.79,-3.71,WEAKENING
2024-12-19,Electronic Manufacturing Services (EMS),63.74,2.71,NEUTRAL
2024-12-19,Fast Moving Consumer Goods,61.88,3.39,NEUTRAL
2024-12-19,Fertilizers & Agrochemicals,53.45,-0.24,NEUTRAL
2024-12-19,Financial Services,64.51,2.13,WEAKENING
2024-12-19,Healthcare,36.27,-4.83,WEAKENING
2024-12-19,Hospitals & Diagnostic Centres,60.21,1.57,NEUTRAL
2024-12-19,Hotels & Restaurants,65.27,3.32,ESTABLISHED_LEADER
2024-12-19,"Hotels, Resorts & QSR",66.95,4.96,ESTABLISHED_LEADER
2024-12-19,IT Consulting & Software,61.74,1.87,NEUTRAL
2024-12-19,Information Technology,73.7,5.02,ESTABLISHED_LEADER
2024-12-19,Insurance,38.78,-3.74,NEUTRAL
2024-12-19,Internet & Digital Platforms,52.54,0.87,NEUTRAL
2024-12-19,Iron & Steel,42.2,-4.57,WEAKENING
2024-12-19,Logistics & Transportation,54.67,-0.91,WEAKENING
2024-12-19,"Logistics, Ports & Supply Chain",31.75,-5.38,DISTRIBUTION
2024-12-19,Lubricants & Specialty Oils,55.77,1.35,NEUTRAL
2024-12-19,Media & Entertainment,53.16,1.5,NEUTRAL
2024-12-19,Metals & Mining,58.81,2.13,NEUTRAL
2024-12-19,Mining & Mineral Products,38.73,-5.4,WEAKENING
2024-12-19,Non Banking Financial Company (NBFC),47.04,-2.01,WEAKENING
2024-12-19,Oil Exploration & Refining,47.59,-0.58,NEUTRAL
2024-12-19,Packaged Foods & Consumer Staples,47.82,-2.51,WEAKENING
2024-12-19,Packaged Foods & FMCG Staples,34.18,-3.8,LAGGING
2024-12-19,Packaging Materials & Containers,65.18,4.01,ESTABLISHED_LEADER
2024-12-19,Paper & Paper Products,68.38,6.68,ESTABLISHED_LEADER
2024-12-19,Pharmaceuticals,53.5,-0.07,NEUTRAL
2024-12-19,Pharmaceuticals & Biotechnology,49.85,1.05,EMERGING_LEADER
2024-12-19,Pipes & Tubes,39.05,-3.46,NEUTRAL
2024-12-19,"Plywood, MDF & Laminates",49.26,-2.88,WEAKENING
2024-12-19,Power,48.7,-0.98,NEUTRAL
2024-12-19,Power Generation & Utilities,36.94,-3.95,NEUTRAL
2024-12-19,Pumps & Compressors,34.83,-5.72,DISTRIBUTION
2024-12-19,Renewable Energy - Solar & Wind,49.06,-1.56,WEAKENING
2024-12-19,Residential & Commercial Real Estate,60.92,2.58,NEUTRAL
2024-12-19,Services,51.72,-2.03,WEAKENING
2024-12-19,Software Products & Digital Services,48.8,-0.5,NEUTRAL
2024-12-19,Specialty Chemicals,47.53,-1.06,NEUTRAL
2024-12-19,Stockbroking & Financial Products,49.95,-1.01,NEUTRAL
2024-12-19,Sugar & Bio-Ethanol,37.81,-2.9,NEUTRAL
2024-12-19,Tea & Coffee,69.47,4.96,ESTABLISHED_LEADER
2024-12-19,Telecom Services & Infrastructure,60.7,2.94,NEUTRAL
2024-12-19,Telecommunication,63.61,2.25,NEUTRAL
2024-12-19,Textiles & Apparel,71.96,5.15,ESTABLISHED_LEADER
2024-12-19,"Textiles, Yarns & Apparel",63.46,1.67,WEAKENING
2024-12-19,Transformers & T&D Equipment,59.04,0.5,WEAKENING
2024-12-19,Tyres & Rubber Products,57.74,-0.65,WEAKENING
2024-12-19,Wires & Cables,49.45,-0.64,NEUTRAL
2024-12-20,API & CDMO / CRAMS,32.38,-6.93,DISTRIBUTION
2024-12-20,Aerospace & Defence,57.88,0.2,WEAKENING
2024-12-20,Air Conditioners & AC Components,33.38,-6.69,DISTRIBUTION
2024-12-20,Aluminium & Mining,34.33,-5.42,DISTRIBUTION
2024-12-20,Auto Parts & Equipment,42.5,-4.5,WEAKENING
2024-12-20,Automobile OEMs,26.62,-8.18,DISTRIBUTION
2024-12-20,Banks,34.66,-6.38,DISTRIBUTION
2024-12-20,Bearings & Friction Solutions,40.55,-3.65,WEAKENING
2024-12-20,Breweries & Distilleries,73.68,5.63,ESTABLISHED_LEADER
2024-12-20,Capital Goods,44.84,-3.12,WEAKENING
2024-12-20,Capital Markets & Asset Management,49.75,-2.76,WEAKENING
2024-12-20,Cement,62.94,0.41,WEAKENING
2024-12-20,Cement & Clinker,45.17,-3.86,WEAKENING
2024-12-20,Ceramics & Tiles,27.45,-8.11,DISTRIBUTION
2024-12-20,Chemicals,48.73,-3.0,WEAKENING
2024-12-20,Civil Construction & Infrastructure,50.81,-1.26,WEAKENING
2024-12-20,Civil Construction & Infrastructure EPC,47.65,-3.26,WEAKENING
2024-12-20,Commodity Chemicals,39.04,-4.21,WEAKENING
2024-12-20,Consumer Durables,36.37,-5.97,WEAKENING
2024-12-20,Consumer Services,59.92,2.11,NEUTRAL
2024-12-20,Diversified & Fashion Retail,41.01,-2.65,NEUTRAL
2024-12-20,Diversified Commercial,45.97,-2.96,WEAKENING
2024-12-20,Diversified Retail,42.4,-4.51,WEAKENING
2024-12-20,Electronic Manufacturing Services (EMS),62.6,2.07,NEUTRAL
2024-12-20,Fast Moving Consumer Goods,36.83,-5.86,WEAKENING
2024-12-20,Fertilizers & Agrochemicals,38.33,-5.5,WEAKENING
2024-12-20,Financial Services,44.58,-4.0,WEAKENING
2024-12-20,Healthcare,29.22,-6.94,DISTRIBUTION
2024-12-20,Hospitals & Diagnostic Centres,47.48,-3.28,WEAKENING
2024-12-20,Hotels & Restaurants,54.2,-0.26,WEAKENING
2024-12-20,"Hotels, Resorts & QSR",61.6,1.63,WEAKENING
2024-12-20,IT Consulting & Software,42.65,-4.46,WEAKENING
2024-12-20,Information Technology,63.75,0.92,WEAKENING
2024-12-20,Insurance,53.24,3.05,EMERGING_LEADER
2024-12-20,Internet & Digital Platforms,47.68,-0.81,NEUTRAL
2024-12-20,Iron & Steel,40.47,-4.99,WEAKENING
2024-12-20,Logistics & Transportation,45.34,-3.82,WEAKENING
2024-12-20,"Logistics, Ports & Supply Chain",32.17,-5.3,DISTRIBUTION
2024-12-20,Lubricants & Specialty Oils,52.28,0.1,NEUTRAL
2024-12-20,Media & Entertainment,48.19,-0.05,NEUTRAL
2024-12-20,Metals & Mining,53.74,0.83,NEUTRAL
2024-12-20,Mining & Mineral Products,32.21,-6.97,DISTRIBUTION
2024-12-20,Non Banking Financial Company (NBFC),39.07,-4.95,WEAKENING
2024-12-20,Oil Exploration & Refining,38.86,-4.75,WEAKENING
2024-12-20,Packaged Foods & Consumer Staples,38.98,-4.69,WEAKENING
2024-12-20,Packaged Foods & FMCG Staples,26.81,-7.24,DISTRIBUTION
2024-12-20,Packaging Materials & Containers,51.26,-2.12,WEAKENING
2024-12-20,Paper & Paper Products,48.83,-1.13,NEUTRAL
2024-12-20,Pharmaceuticals,42.93,-3.6,WEAKENING
2024-12-20,Pharmaceuticals & Biotechnology,43.51,-1.56,NEUTRAL
2024-12-20,Pipes & Tubes,32.68,-5.65,DISTRIBUTION
2024-12-20,"Plywood, MDF & Laminates",50.33,-1.72,WEAKENING
2024-12-20,Power,41.63,-3.12,WEAKENING
2024-12-20,Power Generation & Utilities,23.54,-9.05,DISTRIBUTION
2024-12-20,Pumps & Compressors,29.9,-6.31,DISTRIBUTION
2024-12-20,Renewable Energy - Solar & Wind,49.47,-1.03,NEUTRAL
2024-12-20,Residential & Commercial Real Estate,48.24,-2.76,WEAKENING
2024-12-20,Services,43.33,-4.3,WEAKENING
2024-12-20,Software Products & Digital Services,41.1,-3.49,WEAKENING
2024-12-20,Specialty Chemicals,37.03,-4.97,WEAKENING
2024-12-20,Stockbroking & Financial Products,46.71,-3.13,WEAKENING
2024-12-20,Sugar & Bio-Ethanol,31.49,-5.44,DISTRIBUTION
2024-12-20,Tea & Coffee,64.42,0.76,WEAKENING
2024-12-20,Telecom Services & Infrastructure,46.07,-3.64,WEAKENING
2024-12-20,Telecommunication,57.85,0.47,WEAKENING
2024-12-20,Textiles & Apparel,61.39,0.03,WEAKENING
2024-12-20,"Textiles, Yarns & Apparel",60.17,-0.26,WEAKENING
2024-12-20,Transformers & T&D Equipment,45.04,-3.89,WEAKENING
2024-12-20,Tyres & Rubber Products,49.14,-2.91,WEAKENING
2024-12-20,Wires & Cables,44.56,-2.87,WEAKENING
2024-12-23,API & CDMO / CRAMS,30.52,-7.38,DISTRIBUTION
2024-12-23,Aerospace & Defence,51.34,-2.38,WEAKENING
2024-12-23,Air Conditioners & AC Components,19.49,-10.02,DISTRIBUTION
2024-12-23,Aluminium & Mining,32.86,-5.98,DISTRIBUTION
2024-12-23,Auto Parts & Equipment,40.05,-5.09,WEAKENING
2024-12-23,Automobile OEMs,22.73,-9.24,DISTRIBUTION
2024-12-23,Banks,28.34,-7.9,DISTRIBUTION
2024-12-23,Bearings & Friction Solutions,26.32,-8.38,DISTRIBUTION
2024-12-23,Breweries & Distilleries,69.97,4.0,ESTABLISHED_LEADER
2024-12-23,Capital Goods,39.75,-5.16,WEAKENING
2024-12-23,Capital Markets & Asset Management,42.8,-4.43,WEAKENING
2024-12-23,Cement,58.36,-0.69,WEAKENING
2024-12-23,Cement & Clinker,50.05,-2.69,WEAKENING
2024-12-23,Ceramics & Tiles,23.64,-9.03,DISTRIBUTION
2024-12-23,Chemicals,45.43,-3.8,WEAKENING
2024-12-23,Civil Construction & Infrastructure,46.08,-3.64,WEAKENING
2024-12-23,Civil Construction & Infrastructure EPC,45.37,-3.81,WEAKENING
2024-12-23,Commodity Chemicals,33.2,-6.73,DISTRIBUTION
2024-12-23,Consumer Durables,37.03,-5.08,WEAKENING
2024-12-23,Consumer Services,55.42,-0.33,WEAKENING
2024-12-23,Diversified & Fashion Retail,43.04,-2.92,WEAKENING
2024-12-23,Diversified Commercial,42.7,-4.45,WEAKENING
2024-12-23,Diversified Retail,36.4,-5.96,WEAKENING
2024-12-23,Electronic Manufacturing Services (EMS),52.2,-2.17,WEAKENING
2024-12-23,Fast Moving Consumer Goods,28.75,-7.8,DISTRIBUTION
2024-12-23,Fertilizers & Agrochemicals,32.25,-6.96,DISTRIBUTION
2024-12-23,Financial Services,39.31,-5.27,WEAKENING
2024-12-23,Healthcare,25.71,-8.53,DISTRIBUTION
2024-12-23,Hospitals & Diagnostic Centres,46.63,-3.51,WEAKENING
2024-12-23,Hotels & Restaurants,54.95,-0.21,WEAKENING
2024-12-23,"Hotels, Resorts & QSR",58.12,0.76,WEAKENING
2024-12-23,IT Consulting & Software,47.37,-3.33,WEAKENING
2024-12-23,Information Technology,67.45,1.49,ESTABLISHED_LEADER
2024-12-23,Insurance,34.16,-6.34,DISTRIBUTION
2024-12-23,Internet & Digital Platforms,46.81,-2.53,WEAKENING
2024-12-23,Iron & Steel,40.12,-5.07,WEAKENING
2024-12-23,Logistics & Transportation,43.44,-4.27,WEAKENING
2024-12-23,"Logistics, Ports & Supply Chain",23.91,-8.82,DISTRIBUTION
2024-12-23,Lubricants & Specialty Oils,46.23,-1.94,NEUTRAL
2024-12-23,Media & Entertainment,40.56,-4.46,WEAKENING
2024-12-23,Metals & Mining,50.87,-1.68,WEAKENING
2024-12-23,Mining & Mineral Products,30.62,-7.35,DISTRIBUTION
2024-12-23,Non Banking Financial Company (NBFC),34.68,-6.38,DISTRIBUTION
2024-12-23,Oil Exploration & Refining,34.95,-6.31,DISTRIBUTION
2024-12-23,Packaged Foods & Consumer Staples,35.5,-6.18,WEAKENING
2024-12-23,Packaged Foods & FMCG Staples,27.28,-7.84,DISTRIBUTION
2024-12-23,Packaging Materials & Containers,45.42,-3.8,WEAKENING
2024-12-23,Paper & Paper Products,39.0,-5.34,WEAKENING
2024-12-23,Pharmaceuticals,37.6,-5.68,WEAKENING
2024-12-23,Pharmaceuticals & Biotechnology,38.0,-3.72,NEUTRAL
2024-12-23,Pipes & Tubes,29.48,-7.62,DISTRIBUTION
2024-12-23,"Plywood, MDF & Laminates",45.2,-3.57,WEAKENING
2024-12-23,Power,29.1,-7.72,DISTRIBUTION
2024-12-23,Power Generation & Utilities,24.91,-8.72,DISTRIBUTION
2024-12-23,Pumps & Compressors,30.41,-6.09,DISTRIBUTION
2024-12-23,Renewable Energy - Solar & Wind,47.59,-1.59,NEUTRAL
2024-12-23,Residential & Commercial Real Estate,46.88,-3.45,WEAKENING
2024-12-23,Services,41.51,-4.74,WEAKENING
2024-12-23,Software Products & Digital Services,33.49,-6.66,DISTRIBUTION
2024-12-23,Specialty Chemicals,37.48,-5.7,WEAKENING
2024-12-23,Stockbroking & Financial Products,39.26,-5.28,WEAKENING
2024-12-23,Sugar & Bio-Ethanol,27.36,-7.5,DISTRIBUTION
2024-12-23,Tea & Coffee,49.47,-2.83,WEAKENING
2024-12-23,Telecom Services & Infrastructure,36.23,-6.0,WEAKENING
2024-12-23,Telecommunication,51.36,-2.15,WEAKENING
2024-12-23,Textiles & Apparel,54.38,-1.65,WEAKENING
2024-12-23,"Textiles, Yarns & Apparel",55.85,-1.3,WEAKENING
2024-12-23,Transformers & T&D Equipment,37.45,-5.71,WEAKENING
2024-12-23,Tyres & Rubber Products,48.64,-3.03,WEAKENING
2024-12-23,Wires & Cables,38.65,-5.42,WEAKENING
2024-12-24,API & CDMO / CRAMS,39.47,-3.38,NEUTRAL
2024-12-24,Aerospace & Defence,44.48,-4.02,WEAKENING
2024-12-24,Air Conditioners & AC Components,58.14,4.65,EMERGING_LEADER
2024-12-24,Aluminium & Mining,20.86,-9.69,DISTRIBUTION
2024-12-24,Auto Parts & Equipment,41.47,-4.21,WEAKENING
2024-12-24,Automobile OEMs,24.65,-8.42,DISTRIBUTION
2024-12-24,Banks,26.91,-8.24,DISTRIBUTION
2024-12-24,Bearings & Friction Solutions,30.18,-7.46,DISTRIBUTION
2024-12-24,Breweries & Distilleries,67.75,1.88,ESTABLISHED_LEADER
2024-12-24,Capital Goods,39.9,-5.09,WEAKENING
2024-12-24,Capital Markets & Asset Management,43.28,-4.31,WEAKENING
2024-12-24,Cement,53.51,-1.86,WEAKENING
2024-12-24,Cement & Clinker,48.9,-2.96,WEAKENING
2024-12-24,Ceramics & Tiles,21.76,-9.48,DISTRIBUTION
2024-12-24,Chemicals,47.67,-2.59,WEAKENING
2024-12-24,Civil Construction & Infrastructure,42.17,-4.58,WEAKENING
2024-12-24,Civil Construction & Infrastructure EPC,42.95,-4.39,WEAKENING
2024-12-24,Commodity Chemicals,30.06,-7.49,DISTRIBUTION
2024-12-24,Consumer Durables,34.78,-6.35,DISTRIBUTION
2024-12-24,Consumer Services,53.7,-0.61,WEAKENING
2024-12-24,Diversified & Fashion Retail,40.28,-3.85,WEAKENING
2024-12-24,Diversified Commercial,41.6,-4.72,WEAKENING
2024-12-24,Diversified Retail,35.64,-5.9,WEAKENING
2024-12-24,Electronic Manufacturing Services (EMS),43.71,-4.21,WEAKENING
2024-12-24,Fast Moving Consumer Goods,34.91,-6.32,DISTRIBUTION
2024-12-24,Fertilizers & Agrochemicals,34.66,-6.38,DISTRIBUTION
2024-12-24,Financial Services,42.48,-4.5,WEAKENING
2024-12-24,Healthcare,26.23,-7.73,DISTRIBUTION
2024-12-24,Hospitals & Diagnostic Centres,42.13,-4.59,WEAKENING
2024-12-24,Hotels & Restaurants,58.05,0.74,WEAKENING
2024-12-24,"Hotels, Resorts & QSR",55.45,-1.0,WEAKENING
2024-12-24,IT Consulting & Software,36.74,-5.88,WEAKENING
2024-12-24,Information Technology,64.49,0.8,WEAKENING
2024-12-24,Insurance,33.31,-6.47,DISTRIBUTION
2024-12-24,Internet & Digital Platforms,43.62,-3.97,WEAKENING
2024-12-24,Iron & Steel,38.52,-5.24,WEAKENING
2024-12-24,Logistics & Transportation,46.96,-3.43,WEAKENING
2024-12-24,"Logistics, Ports & Supply Chain",22.11,-9.21,DISTRIBUTION
2024-12-24,Lubricants & Specialty Oils,46.11,-2.69,WEAKENING
2024-12-24,Media & Entertainment,42.58,-3.51,WEAKENING
2024-12-24,Metals & Mining,50.68,-1.83,WEAKENING
2024-12-24,Mining & Mineral Products,33.98,-6.22,DISTRIBUTION
2024-12-24,Non Banking Financial Company (NBFC),35.76,-5.92,WEAKENING
2024-12-24,Oil Exploration & Refining,32.48,-6.59,DISTRIBUTION
2024-12-24,Packaged Foods & Consumer Staples,43.33,-2.09,NEUTRAL
2024-12-24,Packaged Foods & FMCG Staples,27.6,-6.5,DISTRIBUTION
2024-12-24,Packaging Materials & Containers,45.94,-3.67,WEAKENING
2024-12-24,Paper & Paper Products,42.65,-4.46,WEAKENING
2024-12-24,Pharmaceuticals,39.37,-5.25,WEAKENING
2024-12-24,Pharmaceuticals & Biotechnology,38.28,-3.71,NEUTRAL
2024-12-24,Pipes & Tubes,28.31,-7.91,DISTRIBUTION
2024-12-24,"Plywood, MDF & Laminates",30.39,-7.41,DISTRIBUTION
2024-12-24,Power,28.67,-7.76,DISTRIBUTION
2024-12-24,Power Generation & Utilities,23.38,-9.09,DISTRIBUTION
2024-12-24,Pumps & Compressors,26.02,-7.71,DISTRIBUTION
2024-12-24,Renewable Energy - Solar & Wind,44.42,-3.57,WEAKENING
2024-12-24,Residential & Commercial Real Estate,45.73,-3.72,WEAKENING
2024-12-24,Services,46.6,-3.52,WEAKENING
2024-12-24,Software Products & Digital Services,34.84,-6.34,DISTRIBUTION
2024-12-24,Specialty Chemicals,39.96,-4.45,WEAKENING
2024-12-24,Stockbroking & Financial Products,43.55,-4.19,WEAKENING
2024-12-24,Sugar & Bio-Ethanol,24.71,-7.83,DISTRIBUTION
2024-12-24,Tea & Coffee,54.59,-1.6,WEAKENING
2024-12-24,Telecom Services & Infrastructure,33.42,-6.68,DISTRIBUTION
2024-12-24,Telecommunication,51.9,-1.45,WEAKENING
2024-12-24,Textiles & Apparel,51.68,-2.3,WEAKENING
2024-12-24,"Textiles, Yarns & Apparel",52.83,-2.02,WEAKENING
2024-12-24,Transformers & T&D Equipment,36.51,-5.94,WEAKENING
2024-12-24,Tyres & Rubber Products,45.83,-3.7,WEAKENING
2024-12-24,Wires & Cables,41.46,-4.75,WEAKENING
2024-12-25,API & CDMO / CRAMS,37.28,-4.21,WEAKENING
2024-12-25,Aerospace & Defence,45.17,-3.86,WEAKENING
2024-12-25,Air Conditioners & AC Components,55.96,4.13,EMERGING_LEADER
2024-12-25,Aluminium & Mining,20.52,-9.28,DISTRIBUTION
2024-12-25,Auto Parts & Equipment,39.67,-4.53,WEAKENING
2024-12-25,Automobile OEMs,24.07,-7.94,DISTRIBUTION
2024-12-25,Banks,26.22,-8.41,DISTRIBUTION
2024-12-25,Bearings & Friction Solutions,29.41,-7.4,DISTRIBUTION
2024-12-25,Breweries & Distilleries,66.61,1.44,ESTABLISHED_LEADER
2024-12-25,Capital Goods,38.83,-4.89,WEAKENING
2024-12-25,Capital Markets & Asset Management,42.55,-4.49,WEAKENING
2024-12-25,Cement,53.27,-1.6,WEAKENING
2024-12-25,Cement & Clinker,48.15,-2.55,WEAKENING
2024-12-25,Ceramics & Tiles,18.3,-10.31,DISTRIBUTION
2024-12-25,Chemicals,46.68,-2.77,WEAKENING
2024-12-25,Civil Construction & Infrastructure,40.22,-5.05,WEAKENING
2024-12-25,Civil Construction & Infrastructure EPC,41.49,-4.74,WEAKENING
2024-12-25,Commodity Chemicals,28.76,-7.8,DISTRIBUTION
2024-12-25,Consumer Durables,32.2,-6.86,DISTRIBUTION
2024-12-25,Consumer Services,53.32,-1.27,WEAKENING
2024-12-25,Diversified & Fashion Retail,40.85,-3.33,WEAKENING
2024-12-25,Diversified Commercial,40.64,-4.45,WEAKENING
2024-12-25,Diversified Retail,32.6,-6.76,DISTRIBUTION
2024-12-25,Electronic Manufacturing Services (EMS),66.88,4.75,ESTABLISHED_LEADER
2024-12-25,Fast Moving Consumer Goods,34.83,-6.34,DISTRIBUTION
2024-12-25,Fertilizers & Agrochemicals,33.72,-6.61,DISTRIBUTION
2024-12-25,Financial Services,41.04,-4.85,WEAKENING
2024-12-25,Healthcare,26.46,-8.16,DISTRIBUTION
2024-12-25,Hospitals & Diagnostic Centres,43.23,-4.32,WEAKENING
2024-12-25,Hotels & Restaurants,56.59,0.46,WEAKENING
2024-12-25,"Hotels, Resorts & QSR",55.06,-0.86,WEAKENING
2024-12-25,IT Consulting & Software,35.22,-6.25,WEAKENING
2024-12-25,Information Technology,63.51,0.54,WEAKENING
2024-12-25,Insurance,33.46,-5.59,DISTRIBUTION
2024-12-25,Internet & Digital Platforms,44.15,-3.36,WEAKENING
2024-12-25,Iron & Steel,36.52,-4.7,WEAKENING
2024-12-25,Logistics & Transportation,47.02,-2.27,WEAKENING
2024-12-25,"Logistics, Ports & Supply Chain",21.33,-8.41,DISTRIBUTION
2024-12-25,Lubricants & Specialty Oils,43.22,-3.86,WEAKENING
2024-12-25,Media & Entertainment,40.19,-4.72,WEAKENING
2024-12-25,Metals & Mining,42.33,-4.54,WEAKENING
2024-12-25,Mining & Mineral Products,33.35,-5.26,DISTRIBUTION
2024-12-25,Non Banking Financial Company (NBFC),34.24,-6.23,DISTRIBUTION
2024-12-25,Oil Exploration & Refining,31.05,-5.72,DISTRIBUTION
2024-12-25,Packaged Foods & Consumer Staples,38.33,-4.5,WEAKENING
2024-12-25,Packaged Foods & FMCG Staples,26.64,-6.88,DISTRIBUTION
2024-12-25,Packaging Materials & Containers,45.64,-3.75,WEAKENING
2024-12-25,Paper & Paper Products,42.19,-4.57,WEAKENING
2024-12-25,Pharmaceuticals,37.76,-5.44,WEAKENING
2024-12-25,Pharmaceuticals & Biotechnology,38.09,-4.24,WEAKENING
2024-12-25,Pipes & Tubes,25.43,-8.6,DISTRIBUTION
2024-12-25,"Plywood, MDF & Laminates",30.04,-7.49,DISTRIBUTION
2024-12-25,Power,27.41,-6.09,LAGGING
2024-12-25,Power Generation & Utilities,21.66,-8.67,DISTRIBUTION
2024-12-25,Pumps & Compressors,25.01,-7.2,DISTRIBUTION
2024-12-25,Renewable Energy - Solar & Wind,43.29,-2.4,NEUTRAL
2024-12-25,Residential & Commercial Real Estate,45.05,-3.89,WEAKENING
2024-12-25,Services,43.26,-4.12,WEAKENING
2024-12-25,Software Products & Digital Services,35.68,-5.41,WEAKENING
2024-12-25,Specialty Chemicals,36.61,-4.8,WEAKENING
2024-12-25,Stockbroking & Financial Products,41.01,-3.23,NEUTRAL
2024-12-25,Sugar & Bio-Ethanol,23.86,-7.83,DISTRIBUTION
2024-12-25,Tea & Coffee,53.95,-1.75,WEAKENING
2024-12-25,Telecom Services & Infrastructure,32.78,-6.83,DISTRIBUTION
2024-12-25,Telecommunication,50.89,-2.49,WEAKENING
2024-12-25,Textiles & Apparel,50.15,-2.66,WEAKENING
2024-12-25,"Textiles, Yarns & Apparel",50.72,-2.53,WEAKENING
2024-12-25,Transformers & T&D Equipment,34.32,-6.46,DISTRIBUTION
2024-12-25,Tyres & Rubber Products,43.44,-4.27,WEAKENING
2024-12-25,Wires & Cables,38.89,-4.73,WEAKENING
2024-12-26,API & CDMO / CRAMS,28.71,-7.43,DISTRIBUTION
2024-12-26,Aerospace & Defence,40.17,-5.06,WEAKENING
2024-12-26,Air Conditioners & AC Components,63.41,3.98,NEUTRAL
2024-12-26,Aluminium & Mining,29.14,-6.98,DISTRIBUTION
2024-12-26,Auto Parts & Equipment,36.3,-5.9,WEAKENING
2024-12-26,Automobile OEMs,28.38,-5.91,DISTRIBUTION
2024-12-26,Banks,27.02,-7.82,DISTRIBUTION
2024-12-26,Bearings & Friction Solutions,24.3,-8.87,DISTRIBUTION
2024-12-26,Breweries & Distilleries,67.63,2.29,ESTABLISHED_LEADER
2024-12-26,Capital Goods,38.93,-4.73,WEAKENING
2024-12-26,Capital Markets & Asset Management,43.89,-4.17,WEAKENING
2024-12-26,Cement,54.34,-1.21,WEAKENING
2024-12-26,Cement & Clinker,53.14,-0.45,WEAKENING
2024-12-26,Ceramics & Tiles,24.22,-8.02,DISTRIBUTION
2024-12-26,Chemicals,46.93,-2.87,WEAKENING
2024-12-26,Civil Construction & Infrastructure,39.84,-5.14,WEAKENING
2024-12-26,Civil Construction & Infrastructure EPC,43.04,-4.37,WEAKENING
2024-12-26,Commodity Chemicals,24.85,-8.74,DISTRIBUTION
2024-12-26,Consumer Durables,32.26,-6.46,DISTRIBUTION
2024-12-26,Consumer Services,51.88,-0.5,NEUTRAL
2024-12-26,Diversified & Fashion Retail,37.78,-4.7,WEAKENING
2024-12-26,Diversified Commercial,40.42,-4.34,WEAKENING
2024-12-26,Diversified Retail,37.99,-4.29,WEAKENING
2024-12-26,Electronic Manufacturing Services (EMS),79.66,9.82,LEADING
2024-12-26,Fast Moving Consumer Goods,28.2,-7.93,DISTRIBUTION
2024-12-26,Fertilizers & Agrochemicals,27.27,-8.16,DISTRIBUTION
2024-12-26,Financial Services,36.94,-5.83,WEAKENING
2024-12-26,Healthcare,37.44,-2.8,NEUTRAL
2024-12-26,Hospitals & Diagnostic Centres,44.67,-3.98,WEAKENING
2024-12-26,Hotels & Restaurants,54.91,-0.69,WEAKENING
2024-12-26,"Hotels, Resorts & QSR",56.01,-0.53,WEAKENING
2024-12-26,IT Consulting & Software,36.23,-6.0,WEAKENING
2024-12-26,Information Technology,62.97,1.18,WEAKENING
2024-12-26,Insurance,39.37,-2.45,NEUTRAL
2024-12-26,Internet & Digital Platforms,43.11,-3.35,WEAKENING
2024-12-26,Iron & Steel,33.03,-5.72,DISTRIBUTION
2024-12-26,Logistics & Transportation,39.71,-5.16,WEAKENING
2024-12-26,"Logistics, Ports & Supply Chain",29.68,-5.25,LAGGING
2024-12-26,Lubricants & Specialty Oils,41.21,-4.73,WEAKENING
2024-12-26,Media & Entertainment,41.94,-3.95,WEAKENING
2024-12-26,Metals & Mining,40.12,-5.07,WEAKENING
2024-12-26,Mining & Mineral Products,31.88,-5.58,DISTRIBUTION
2024-12-26,Non Banking Financial Company (NBFC),33.72,-6.3,DISTRIBUTION
2024-12-26,Oil Exploration & Refining,31.4,-7.16,DISTRIBUTION
2024-12-26,Packaged Foods & Consumer Staples,40.32,-3.67,WEAKENING
2024-12-26,Packaged Foods & FMCG Staples,25.56,-7.42,DISTRIBUTION
2024-12-26,Packaging Materials & Containers,44.04,-4.13,WEAKENING
2024-12-26,Paper & Paper Products,39.41,-5.24,WEAKENING
2024-12-26,Pharmaceuticals,42.83,-3.64,WEAKENING
2024-12-26,Pharmaceuticals & Biotechnology,38.72,-4.71,WEAKENING
2024-12-26,Pipes & Tubes,25.41,-8.36,DISTRIBUTION
2024-12-26,"Plywood, MDF & Laminates",21.76,-9.48,DISTRIBUTION
2024-12-26,Power,21.47,-9.55,DISTRIBUTION
2024-12-26,Power Generation & Utilities,23.71,-8.69,DISTRIBUTION
2024-12-26,Pumps & Compressors,28.05,-6.49,DISTRIBUTION
2024-12-26,Renewable Energy - Solar & Wind,40.18,-3.96,WEAKENING
2024-12-26,Residential & Commercial Real Estate,44.81,-3.95,WEAKENING
2024-12-26,Services,41.4,-3.92,WEAKENING
2024-12-26,Software Products & Digital Services,31.69,-7.09,DISTRIBUTION
2024-12-26,Specialty Chemicals,32.74,-6.8,DISTRIBUTION
2024-12-26,Stockbroking & Financial Products,37.81,-5.11,WEAKENING
2024-12-26,Sugar & Bio-Ethanol,22.67,-9.26,DISTRIBUTION
2024-12-26,Tea & Coffee,52.89,-2.01,WEAKENING
2024-12-26,Telecom Services & Infrastructure,30.96,-7.27,DISTRIBUTION
2024-12-26,Telecommunication,43.37,-4.29,WEAKENING
2024-12-26,Textiles & Apparel,45.68,-3.74,WEAKENING
2024-12-26,"Textiles, Yarns & Apparel",43.78,-4.19,WEAKENING
2024-12-26,Transformers & T&D Equipment,38.42,-5.48,WEAKENING
2024-12-26,Tyres & Rubber Products,45.89,-3.12,WEAKENING
2024-12-26,Wires & Cables,36.8,-5.44,WEAKENING
2024-12-27,API & CDMO / CRAMS,28.14,-6.01,DISTRIBUTION
2024-12-27,Aerospace & Defence,41.9,-4.64,WEAKENING
2024-12-27,Air Conditioners & AC Components,57.45,1.66,NEUTRAL
2024-12-27,Aluminium & Mining,26.08,-7.23,DISTRIBUTION
2024-12-27,Auto Parts & Equipment,34.44,-5.19,DISTRIBUTION
2024-12-27,Automobile OEMs,31.35,-3.62,LAGGING
2024-12-27,Banks,25.92,-7.35,DISTRIBUTION
2024-12-27,Bearings & Friction Solutions,27.86,-7.6,DISTRIBUTION
2024-12-27,Breweries & Distilleries,59.7,-0.19,WEAKENING
2024-12-27,Capital Goods,40.0,-3.27,NEUTRAL
2024-12-27,Capital Markets & Asset Management,43.2,-2.81,WEAKENING
2024-12-27,Cement,50.64,-2.06,WEAKENING
2024-12-27,Cement & Clinker,52.97,2.12,EMERGING_LEADER
2024-12-27,Ceramics & Tiles,18.72,-9.08,DISTRIBUTION
2024-12-27,Chemicals,46.44,-1.27,NEUTRAL
2024-12-27,Civil Construction & Infrastructure,39.38,-4.61,WEAKENING
2024-12-27,Civil Construction & Infrastructure EPC,42.69,-2.65,NEUTRAL
2024-12-27,Commodity Chemicals,27.65,-7.41,DISTRIBUTION
2024-12-27,Consumer Durables,26.79,-7.29,DISTRIBUTION
2024-12-27,Consumer Services,51.69,-1.08,WEAKENING
2024-12-27,Diversified & Fashion Retail,55.62,3.98,EMERGING_LEADER
2024-12-27,Diversified Commercial,40.28,-3.36,NEUTRAL
2024-12-27,Diversified Retail,35.85,-4.57,WEAKENING
2024-12-27,Electronic Manufacturing Services (EMS),90.57,12.44,LEADING
2024-12-27,Fast Moving Consumer Goods,26.64,-7.44,DISTRIBUTION
2024-12-27,Fertilizers & Agrochemicals,26.92,-7.59,DISTRIBUTION
2024-12-27,Financial Services,38.12,-4.01,WEAKENING
2024-12-27,Healthcare,39.87,-0.51,NEUTRAL
2024-12-27,Hospitals & Diagnostic Centres,43.81,-2.15,NEUTRAL
2024-12-27,Hotels & Restaurants,54.97,1.33,NEUTRAL
2024-12-27,"Hotels, Resorts & QSR",58.75,1.59,NEUTRAL
2024-12-27,IT Consulting & Software,37.53,-3.91,NEUTRAL
2024-12-27,Information Technology,62.74,2.88,NEUTRAL
2024-12-27,Insurance,32.17,-6.98,DISTRIBUTION
2024-12-27,Internet & Digital Platforms,48.91,-0.04,NEUTRAL
2024-12-27,Iron & Steel,36.32,-4.03,NEUTRAL
2024-12-27,Logistics & Transportation,36.15,-4.98,WEAKENING
2024-12-27,"Logistics, Ports & Supply Chain",23.7,-7.84,DISTRIBUTION
2024-12-27,Lubricants & Specialty Oils,40.39,-4.45,WEAKENING
2024-12-27,Media & Entertainment,41.76,-3.14,WEAKENING
2024-12-27,Metals & Mining,40.77,-4.55,WEAKENING
2024-12-27,Mining & Mineral Products,20.95,-9.0,DISTRIBUTION
2024-12-27,Non Banking Financial Company (NBFC),35.17,-4.26,NEUTRAL
2024-12-27,Oil Exploration & Refining,29.41,-6.64,DISTRIBUTION
2024-12-27,Packaged Foods & Consumer Staples,33.51,-4.94,DISTRIBUTION
2024-12-27,Packaged Foods & FMCG Staples,24.12,-6.7,LAGGING
2024-12-27,Packaging Materials & Containers,44.14,-2.69,WEAKENING
2024-12-27,Paper & Paper Products,33.96,-6.53,DISTRIBUTION
2024-12-27,Pharmaceuticals,36.91,-4.23,WEAKENING
2024-12-27,Pharmaceuticals & Biotechnology,44.85,-0.99,NEUTRAL
2024-12-27,Pipes & Tubes,27.74,-6.23,DISTRIBUTION
2024-12-27,"Plywood, MDF & Laminates",29.07,-7.72,DISTRIBUTION
2024-12-27,Power,19.22,-10.09,DISTRIBUTION
2024-12-27,Power Generation & Utilities,25.53,-5.51,LAGGING
2024-12-27,Pumps & Compressors,33.95,-3.12,LAGGING
2024-12-27,Renewable Energy - Solar & Wind,38.23,-4.85,WEAKENING
2024-12-27,Residential & Commercial Real Estate,45.12,-1.73,NEUTRAL
2024-12-27,Services,46.05,-0.46,NEUTRAL
2024-12-27,Software Products & Digital Services,36.08,-4.24,NEUTRAL
2024-12-27,Specialty Chemicals,34.76,-4.07,LAGGING
2024-12-27,Stockbroking & Financial Products,31.74,-7.08,DISTRIBUTION
2024-12-27,Sugar & Bio-Ethanol,22.33,-8.29,DISTRIBUTION
2024-12-27,Tea & Coffee,52.52,-1.54,WEAKENING
2024-12-27,Telecom Services & Infrastructure,27.17,-8.18,DISTRIBUTION
2024-12-27,Telecommunication,43.33,-4.21,WEAKENING
2024-12-27,Textiles & Apparel,44.61,-3.99,WEAKENING
2024-12-27,"Textiles, Yarns & Apparel",39.77,-5.16,WEAKENING
2024-12-27,Transformers & T&D Equipment,35.24,-5.31,WEAKENING
2024-12-27,Tyres & Rubber Products,49.69,0.02,NEUTRAL
2024-12-27,Wires & Cables,37.04,-4.46,WEAKENING
2024-12-30,API & CDMO / CRAMS,31.29,-4.35,LAGGING
2024-12-30,Aerospace & Defence,43.13,-3.13,WEAKENING
2024-12-30,Air Conditioners & AC Components,16.92,-10.64,DISTRIBUTION
2024-12-30,Aluminium & Mining,26.59,-6.75,DISTRIBUTION
2024-12-30,Auto Parts & Equipment,35.49,-4.3,NEUTRAL
2024-12-30,Automobile OEMs,32.59,-2.4,LAGGING
2024-12-30,Banks,25.0,-6.6,LAGGING
2024-12-30,Bearings & Friction Solutions,23.13,-7.02,LAGGING
2024-12-30,Breweries & Distilleries,57.83,-0.31,WEAKENING
2024-12-30,Capital Goods,40.32,-2.22,NEUTRAL
2024-12-30,Capital Markets & Asset Management,51.65,1.99,EMERGING_LEADER
2024-12-30,Cement,38.57,-5.44,WEAKENING
2024-12-30,Cement & Clinker,42.92,-2.98,WEAKENING
2024-12-30,Ceramics & Tiles,28.26,-4.39,LAGGING
2024-12-30,Chemicals,47.85,-0.08,NEUTRAL
2024-12-30,Civil Construction & Infrastructure,38.09,-4.3,WEAKENING
2024-12-30,Civil Construction & Infrastructure EPC,48.09,0.03,NEUTRAL
2024-12-30,Commodity Chemicals,24.16,-7.83,DISTRIBUTION
2024-12-30,Consumer Durables,25.94,-7.77,DISTRIBUTION
2024-12-30,Consumer Services,51.08,-0.52,NEUTRAL
2024-12-30,Diversified & Fashion Retail,43.54,-1.46,NEUTRAL
2024-12-30,Diversified Commercial,36.6,-4.31,WEAKENING
2024-12-30,Diversified Retail,32.13,-5.06,DISTRIBUTION
2024-12-30,Electronic Manufacturing Services (EMS),61.25,0.0,WEAKENING
2024-12-30,Fast Moving Consumer Goods,25.16,-6.61,LAGGING
2024-12-30,Fertilizers & Agrochemicals,29.23,-5.53,LAGGING
2024-12-30,Financial Services,38.99,-2.7,NEUTRAL
2024-12-30,Healthcare,29.12,-4.4,LAGGING
2024-12-30,Hospitals & Diagnostic Centres,42.35,-2.61,NEUTRAL
2024-12-30,Hotels & Restaurants,49.36,-1.16,NEUTRAL
2024-12-30,"Hotels, Resorts & QSR",57.73,1.78,NEUTRAL
2024-12-30,IT Consulting & Software,43.4,-2.3,NEUTRAL
2024-12-30,Information Technology,51.97,-2.23,WEAKENING
2024-12-30,Insurance,33.42,-4.11,LAGGING
2024-12-30,Internet & Digital Platforms,51.87,1.36,NEUTRAL
2024-12-30,Iron & Steel,27.6,-7.63,DISTRIBUTION
2024-12-30,Logistics & Transportation,33.35,-5.81,DISTRIBUTION
2024-12-30,"Logistics, Ports & Supply Chain",23.07,-6.61,LAGGING
2024-12-30,Lubricants & Specialty Oils,29.26,-7.68,DISTRIBUTION
2024-12-30,Media & Entertainment,37.14,-3.7,NEUTRAL
2024-12-30,Metals & Mining,44.48,-2.48,WEAKENING
2024-12-30,Mining & Mineral Products,20.25,-9.01,DISTRIBUTION
2024-12-30,Non Banking Financial Company (NBFC),36.27,-3.01,NEUTRAL
2024-12-30,Oil Exploration & Refining,28.48,-6.33,DISTRIBUTION
2024-12-30,Packaged Foods & Consumer Staples,30.86,-5.43,DISTRIBUTION
2024-12-30,Packaged Foods & FMCG Staples,23.95,-6.85,LAGGING
2024-12-30,Packaging Materials & Containers,36.26,-4.95,WEAKENING
2024-12-30,Paper & Paper Products,23.16,-9.14,DISTRIBUTION
2024-12-30,Pharmaceuticals,47.04,0.99,EMERGING_LEADER
2024-12-30,Pharmaceuticals & Biotechnology,47.44,1.08,EMERGING_LEADER
2024-12-30,Pipes & Tubes,23.54,-7.42,DISTRIBUTION
2024-12-30,"Plywood, MDF & Laminates",43.47,-1.88,NEUTRAL
2024-12-30,Power,23.01,-7.57,DISTRIBUTION
2024-12-30,Power Generation & Utilities,34.73,-1.9,LAGGING
2024-12-30,Pumps & Compressors,30.73,-4.57,LAGGING
2024-12-30,Renewable Energy - Solar & Wind,35.17,-5.79,WEAKENING
2024-12-30,Residential & Commercial Real Estate,40.6,-3.39,WEAKENING
2024-12-30,Services,33.96,-5.21,DISTRIBUTION
2024-12-30,Software Products & Digital Services,32.74,-4.28,LAGGING
2024-12-30,Specialty Chemicals,32.82,-4.96,DISTRIBUTION
2024-12-30,Stockbroking & Financial Products,32.24,-5.53,DISTRIBUTION
2024-12-30,Sugar & Bio-Ethanol,22.02,-7.68,DISTRIBUTION
2024-12-30,Tea & Coffee,45.22,-1.91,NEUTRAL
2024-12-30,Telecom Services & Infrastructure,28.43,-6.58,DISTRIBUTION
2024-12-30,Telecommunication,42.37,-3.45,WEAKENING
2024-12-30,Textiles & Apparel,33.64,-6.63,DISTRIBUTION
2024-12-30,"Textiles, Yarns & Apparel",34.8,-6.35,DISTRIBUTION
2024-12-30,Transformers & T&D Equipment,33.22,-4.79,DISTRIBUTION
2024-12-30,Tyres & Rubber Products,48.88,-0.23,NEUTRAL
2024-12-30,Wires & Cables,32.78,-5.19,DISTRIBUTION
2024-12-31,API & CDMO / CRAMS,32.49,-5.46,DISTRIBUTION
2024-12-31,Aerospace & Defence,41.48,-2.58,NEUTRAL
2024-12-31,Air Conditioners & AC Components,15.62,-10.95,DISTRIBUTION
2024-12-31,Aluminium & Mining,25.23,-5.16,LAGGING
2024-12-31,Auto Parts & Equipment,32.25,-5.92,DISTRIBUTION
2024-12-31,Automobile OEMs,25.25,-5.83,LAGGING
2024-12-31,Banks,23.87,-6.82,LAGGING
2024-12-31,Bearings & Friction Solutions,23.22,-7.68,DISTRIBUTION
2024-12-31,Breweries & Distilleries,65.45,3.29,ESTABLISHED_LEADER
2024-12-31,Capital Goods,42.28,-1.42,NEUTRAL
2024-12-31,Capital Markets & Asset Management,49.29,0.91,EMERGING_LEADER
2024-12-31,Cement,40.18,-4.76,WEAKENING
2024-12-31,Cement & Clinker,41.18,-3.51,WEAKENING
2024-12-31,Ceramics & Tiles,21.57,-6.86,LAGGING
2024-12-31,Chemicals,47.49,-0.63,NEUTRAL
2024-12-31,Civil Construction & Infrastructure,44.81,-0.77,NEUTRAL
2024-12-31,Civil Construction & Infrastructure EPC,45.09,-0.79,NEUTRAL
2024-12-31,Commodity Chemicals,24.56,-7.1,DISTRIBUTION
2024-12-31,Consumer Durables,24.36,-8.03,DISTRIBUTION
2024-12-31,Consumer Services,46.56,-2.11,WEAKENING
2024-12-31,Diversified & Fashion Retail,42.5,-1.4,NEUTRAL
2024-12-31,Diversified Commercial,36.94,-3.97,NEUTRAL
2024-12-31,Diversified Retail,32.11,-4.93,LAGGING
2024-12-31,Electronic Manufacturing Services (EMS),77.96,9.41,LEADING
2024-12-31,Fast Moving Consumer Goods,29.39,-5.94,DISTRIBUTION
2024-12-31,Fertilizers & Agrochemicals,33.14,-4.32,LAGGING
2024-12-31,Financial Services,43.56,-1.35,NEUTRAL
2024-12-31,Healthcare,34.02,-2.43,LAGGING
2024-12-31,Hospitals & Diagnostic Centres,41.28,-2.25,NEUTRAL
2024-12-31,Hotels & Restaurants,49.09,-1.83,WEAKENING
2024-12-31,"Hotels, Resorts & QSR",58.69,2.67,NEUTRAL
2024-12-31,IT Consulting & Software,35.73,-3.61,NEUTRAL
2024-12-31,Information Technology,53.44,-1.16,WEAKENING
2024-12-31,Insurance,34.78,-3.39,LAGGING
2024-12-31,Internet & Digital Platforms,51.16,1.64,EMERGING_LEADER
2024-12-31,Iron & Steel,25.29,-8.31,DISTRIBUTION
2024-12-31,Logistics & Transportation,31.49,-7.14,DISTRIBUTION
2024-12-31,"Logistics, Ports & Supply Chain",22.91,-6.36,LAGGING
2024-12-31,Lubricants & Specialty Oils,39.85,-3.56,WEAKENING
2024-12-31,Media & Entertainment,32.99,-5.81,DISTRIBUTION
2024-12-31,Metals & Mining,40.41,-4.15,WEAKENING
2024-12-31,Mining & Mineral Products,22.01,-8.87,DISTRIBUTION
2024-12-31,Non Banking Financial Company (NBFC),32.27,-4.88,LAGGING
2024-12-31,Oil Exploration & Refining,32.71,-4.11,LAGGING
2024-12-31,Packaged Foods & Consumer Staples,31.66,-6.5,DISTRIBUTION
2024-12-31,Packaged Foods & FMCG Staples,36.88,-1.48,NEUTRAL
2024-12-31,Packaging Materials & Containers,36.9,-4.77,WEAKENING
2024-12-31,Paper & Paper Products,20.59,-9.76,DISTRIBUTION
2024-12-31,Pharmaceuticals,42.5,-1.24,NEUTRAL
2024-12-31,Pharmaceuticals & Biotechnology,42.12,-1.2,NEUTRAL
2024-12-31,Pipes & Tubes,27.64,-5.49,LAGGING
2024-12-31,"Plywood, MDF & Laminates",38.49,-1.3,NEUTRAL
2024-12-31,Power,25.97,-6.25,LAGGING
2024-12-31,Power Generation & Utilities,27.2,-4.78,LAGGING
2024-12-31,Pumps & Compressors,28.74,-4.61,LAGGING
2024-12-31,Renewable Energy - Solar & Wind,35.26,-5.19,WEAKENING
2024-12-31,Residential & Commercial Real Estate,37.85,-4.33,WEAKENING
2024-12-31,Services,42.1,-2.71,NEUTRAL
2024-12-31,Software Products & Digital Services,34.17,-3.92,LAGGING
2024-12-31,Specialty Chemicals,32.66,-5.48,DISTRIBUTION
2024-12-31,Stockbroking & Financial Products,35.42,-4.96,WEAKENING
2024-12-31,Sugar & Bio-Ethanol,21.13,-7.57,LAGGING
2024-12-31,Tea & Coffee,51.74,-0.1,NEUTRAL
2024-12-31,Telecom Services & Infrastructure,29.26,-5.73,DISTRIBUTION
2024-12-31,Telecommunication,43.37,-3.13,WEAKENING
2024-12-31,Textiles & Apparel,35.65,-6.14,WEAKENING
2024-12-31,"Textiles, Yarns & Apparel",38.18,-5.47,WEAKENING
2024-12-31,Transformers & T&D Equipment,28.47,-6.61,DISTRIBUTION
2024-12-31,Tyres & Rubber Products,46.67,-0.65,NEUTRAL
2024-12-31,Wires & Cables,32.98,-5.61,DISTRIBUTION
2025-01-01,API & CDMO / CRAMS,40.98,-1.5,NEUTRAL
2025-01-01,Aerospace & Defence,41.67,-2.63,NEUTRAL
2025-01-01,Air Conditioners & AC Components,43.4,-4.06,WEAKENING
2025-01-01,Aluminium & Mining,38.92,0.04,NEUTRAL
2025-01-01,Auto Parts & Equipment,36.81,-3.68,NEUTRAL
2025-01-01,Automobile OEMs,34.73,-1.75,LAGGING
2025-01-01,Banks,22.75,-7.16,LAGGING
2025-01-01,Bearings & Friction Solutions,27.6,-5.7,LAGGING
2025-01-01,Breweries & Distilleries,64.67,3.17,NEUTRAL
2025-01-01,Capital Goods,43.71,-0.63,NEUTRAL
2025-01-01,Capital Markets & Asset Management,58.03,4.63,EMERGING_LEADER
2025-01-01,Cement,43.39,-3.36,WEAKENING
2025-01-01,Cement & Clinker,43.74,-2.3,NEUTRAL
2025-01-01,Ceramics & Tiles,26.64,-4.11,LAGGING
2025-01-01,Chemicals,46.72,-0.78,NEUTRAL
2025-01-01,Civil Construction & Infrastructure,49.0,1.34,EMERGING_LEADER
2025-01-01,Civil Construction & Infrastructure EPC,46.37,0.01,NEUTRAL
2025-01-01,Commodity Chemicals,27.24,-5.74,LAGGING
2025-01-01,Consumer Durables,30.65,-4.92,LAGGING
2025-01-01,Consumer Services,50.23,-0.5,NEUTRAL
2025-01-01,Diversified & Fashion Retail,41.24,-2.03,NEUTRAL
2025-01-01,Diversified Commercial,38.83,-3.01,NEUTRAL
2025-01-01,Diversified Retail,33.13,-3.95,LAGGING
2025-01-01,Electronic Manufacturing Services (EMS),81.81,10.33,LEADING
2025-01-01,Fast Moving Consumer Goods,36.88,-2.78,NEUTRAL
2025-01-01,Fertilizers & Agrochemicals,36.25,-2.84,NEUTRAL
2025-01-01,Financial Services,41.67,-1.89,NEUTRAL
2025-01-01,Healthcare,42.5,0.9,NEUTRAL
2025-01-01,Hospitals & Diagnostic Centres,43.78,-1.39,NEUTRAL
2025-01-01,Hotels & Restaurants,61.35,3.58,NEUTRAL
2025-01-01,"Hotels, Resorts & QSR",62.46,4.32,EMERGING_LEADER
2025-01-01,IT Consulting & Software,37.46,-2.61,NEUTRAL
2025-01-01,Information Technology,78.14,9.39,LEADING
2025-01-01,Insurance,39.0,-1.64,NEUTRAL
2025-01-01,Internet & Digital Platforms,46.91,-0.24,NEUTRAL
2025-01-01,Iron & Steel,29.1,-6.35,DISTRIBUTION
2025-01-01,Logistics & Transportation,42.9,-2.45,NEUTRAL
2025-01-01,"Logistics, Ports & Supply Chain",22.72,-6.3,LAGGING
2025-01-01,Lubricants & Specialty Oils,46.58,-0.22,NEUTRAL
2025-01-01,Media & Entertainment,33.27,-5.26,DISTRIBUTION
2025-01-01,Metals & Mining,46.55,-0.07,NEUTRAL
2025-01-01,Mining & Mineral Products,23.46,-8.15,DISTRIBUTION
2025-01-01,Non Banking Financial Company (NBFC),33.58,-4.06,LAGGING
2025-01-01,Oil Exploration & Refining,34.02,-3.3,LAGGING
2025-01-01,Packaged Foods & Consumer Staples,34.85,-4.26,LAGGING
2025-01-01,Packaged Foods & FMCG Staples,28.88,-4.67,LAGGING
2025-01-01,Packaging Materials & Containers,45.82,-0.97,NEUTRAL
2025-01-01,Paper & Paper Products,35.0,-4.89,WEAKENING
2025-01-01,Pharmaceuticals,42.06,-1.13,NEUTRAL
2025-01-01,Pharmaceuticals & Biotechnology,46.48,0.67,EMERGING_LEADER
2025-01-01,Pipes & Tubes,23.02,-6.91,LAGGING
2025-01-01,"Plywood, MDF & Laminates",50.02,2.7,EMERGING_LEADER
2025-01-01,Power,24.08,-6.82,LAGGING
2025-01-01,Power Generation & Utilities,28.98,-3.73,LAGGING
2025-01-01,Pumps & Compressors,31.32,-3.35,LAGGING
2025-01-01,Renewable Energy - Solar & Wind,34.24,-5.41,DISTRIBUTION
2025-01-01,Residential & Commercial Real Estate,40.17,-3.24,NEUTRAL
2025-01-01,Services,36.48,-4.47,WEAKENING
2025-01-01,Software Products & Digital Services,42.65,-0.51,NEUTRAL
2025-01-01,Specialty Chemicals,33.47,-4.53,LAGGING
2025-01-01,Stockbroking & Financial Products,36.8,-3.93,NEUTRAL
2025-01-01,Sugar & Bio-Ethanol,23.19,-6.56,LAGGING
2025-01-01,Tea & Coffee,55.48,1.59,NEUTRAL
2025-01-01,Telecom Services & Infrastructure,32.8,-4.12,LAGGING
2025-01-01,Telecommunication,51.92,0.65,NEUTRAL
2025-01-01,Textiles & Apparel,41.79,-3.48,WEAKENING
2025-01-01,"Textiles, Yarns & Apparel",45.44,-2.04,NEUTRAL
2025-01-01,Transformers & T&D Equipment,39.91,-1.42,NEUTRAL
2025-01-01,Tyres & Rubber Products,44.85,-0.98,NEUTRAL
2025-01-01,Wires & Cables,38.03,-3.03,NEUTRAL
2025-01-02,API & CDMO / CRAMS,40.58,-0.12,NEUTRAL
2025-01-02,Aerospace & Defence,45.63,-0.07,NEUTRAL
2025-01-02,Air Conditioners & AC Components,68.38,7.11,ESTABLISHED_LEADER
2025-01-02,Aluminium & Mining,30.65,-4.37,LAGGING
2025-01-02,Auto Parts & Equipment,43.58,-0.23,NEUTRAL
2025-01-02,Automobile OEMs,53.4,3.52,EMERGING_LEADER
2025-01-02,Banks,28.51,-4.89,LAGGING
2025-01-02,Bearings & Friction Solutions,31.33,-3.22,LAGGING
2025-01-02,Breweries & Distilleries,71.09,5.68,ESTABLISHED_LEADER
2025-01-02,Capital Goods,45.79,0.22,EMERGING_LEADER
2025-01-02,Capital Markets & Asset Management,51.52,1.74,EMERGING_LEADER
2025-01-02,Cement,43.35,-3.57,WEAKENING
2025-01-02,Cement & Clinker,55.63,1.8,NEUTRAL
2025-01-02,Ceramics & Tiles,23.22,-6.61,LAGGING
2025-01-02,Chemicals,47.23,-0.61,NEUTRAL
2025-01-02,Civil Construction & Infrastructure,51.67,2.53,EMERGING_LEADER
2025-01-02,Civil Construction & Infrastructure EPC,49.31,0.96,EMERGING_LEADER
2025-01-02,Commodity Chemicals,29.53,-4.07,LAGGING
2025-01-02,Consumer Durables,37.35,-2.12,NEUTRAL
2025-01-02,Consumer Services,50.53,-0.12,NEUTRAL
2025-01-02,Diversified & Fashion Retail,47.0,0.94,EMERGING_LEADER
2025-01-02,Diversified Commercial,42.61,-1.38,NEUTRAL
2025-01-02,Diversified Retail,34.05,-4.54,LAGGING
2025-01-02,Electronic Manufacturing Services (EMS),64.73,0.84,WEAKENING
2025-01-02,Fast Moving Consumer Goods,38.06,-1.09,NEUTRAL
2025-01-02,Fertilizers & Agrochemicals,39.17,-0.46,NEUTRAL
2025-01-02,Financial Services,41.84,-1.08,NEUTRAL
2025-01-02,Healthcare,45.41,0.33,EMERGING_LEADER
2025-01-02,Hospitals & Diagnostic Centres,46.79,-0.39,NEUTRAL
2025-01-02,Hotels & Restaurants,60.41,3.49,NEUTRAL
2025-01-02,"Hotels, Resorts & QSR",62.43,4.14,EMERGING_LEADER
2025-01-02,IT Consulting & Software,47.63,1.48,EMERGING_LEADER
2025-01-02,Information Technology,76.34,8.73,LEADING
2025-01-02,Insurance,37.9,-3.17,NEUTRAL
2025-01-02,Internet & Digital Platforms,50.32,1.37,EMERGING_LEADER
2025-01-02,Iron & Steel,29.9,-5.39,LAGGING
2025-01-02,Logistics & Transportation,40.82,-2.0,NEUTRAL
2025-01-02,"Logistics, Ports & Supply Chain",25.29,-6.72,DISTRIBUTION
2025-01-02,Lubricants & Specialty Oils,46.83,0.25,NEUTRAL
2025-01-02,Media & Entertainment,37.88,-3.64,NEUTRAL
2025-01-02,Metals & Mining,56.48,4.26,EMERGING_LEADER
2025-01-02,Mining & Mineral Products,21.89,-8.54,DISTRIBUTION
2025-01-02,Non Banking Financial Company (NBFC),39.33,-1.55,NEUTRAL
2025-01-02,Oil Exploration & Refining,44.16,0.9,NEUTRAL
2025-01-02,Packaged Foods & Consumer Staples,37.49,-3.51,NEUTRAL
2025-01-02,Packaged Foods & FMCG Staples,32.56,-2.93,LAGGING
2025-01-02,Packaging Materials & Containers,46.46,-0.41,NEUTRAL
2025-01-02,Paper & Paper Products,35.59,-4.15,NEUTRAL
2025-01-02,Pharmaceuticals,41.92,-2.1,NEUTRAL
2025-01-02,Pharmaceuticals & Biotechnology,47.89,1.14,EMERGING_LEADER
2025-01-02,Pipes & Tubes,27.59,-4.99,LAGGING
2025-01-02,"Plywood, MDF & Laminates",44.75,1.44,NEUTRAL
2025-01-02,Power,22.24,-6.52,LAGGING
2025-01-02,Power Generation & Utilities,30.46,-3.47,LAGGING
2025-01-02,Pumps & Compressors,30.7,-4.16,LAGGING
2025-01-02,Renewable Energy - Solar & Wind,31.74,-5.9,DISTRIBUTION
2025-01-02,Residential & Commercial Real Estate,44.6,-1.33,NEUTRAL
2025-01-02,Services,42.12,-1.76,NEUTRAL
2025-01-02,Software Products & Digital Services,40.06,-0.88,NEUTRAL
2025-01-02,Specialty Chemicals,38.91,-1.55,NEUTRAL
2025-01-02,Stockbroking & Financial Products,40.09,-1.97,NEUTRAL
2025-01-02,Sugar & Bio-Ethanol,23.23,-6.32,LAGGING
2025-01-02,Tea & Coffee,50.12,-0.47,NEUTRAL
2025-01-02,Telecom Services & Infrastructure,35.35,-2.73,NEUTRAL
2025-01-02,Telecommunication,51.45,1.8,EMERGING_LEADER
2025-01-02,Textiles & Apparel,41.5,-2.79,NEUTRAL
2025-01-02,"Textiles, Yarns & Apparel",44.96,-1.0,NEUTRAL
2025-01-02,Transformers & T&D Equipment,42.75,-0.96,NEUTRAL
2025-01-02,Tyres & Rubber Products,47.57,-0.28,NEUTRAL
2025-01-02,Wires & Cables,40.59,-1.58,NEUTRAL
2025-01-03,API & CDMO / CRAMS,37.68,-1.24,NEUTRAL
2025-01-03,Aerospace & Defence,46.81,0.12,NEUTRAL
2025-01-03,Air Conditioners & AC Components,71.9,7.18,ESTABLISHED_LEADER
2025-01-03,Aluminium & Mining,26.83,-5.43,LAGGING
2025-01-03,Auto Parts & Equipment,45.82,1.05,EMERGING_LEADER
2025-01-03,Automobile OEMs,44.64,1.11,NEUTRAL
2025-01-03,Banks,29.99,-4.07,LAGGING
2025-01-03,Bearings & Friction Solutions,28.15,-5.19,LAGGING
2025-01-03,Breweries & Distilleries,66.99,5.39,ESTABLISHED_LEADER
2025-01-03,Capital Goods,50.65,2.07,EMERGING_LEADER
2025-01-03,Capital Markets & Asset Management,42.18,-2.06,NEUTRAL
2025-01-03,Cement,36.52,-5.78,WEAKENING
2025-01-03,Cement & Clinker,53.36,0.88,NEUTRAL
2025-01-03,Ceramics & Tiles,26.94,-4.05,LAGGING
2025-01-03,Chemicals,45.66,-1.18,NEUTRAL
2025-01-03,Civil Construction & Infrastructure,47.89,1.03,EMERGING_LEADER
2025-01-03,Civil Construction & Infrastructure EPC,51.95,2.13,EMERGING_LEADER
2025-01-03,Commodity Chemicals,25.03,-6.46,LAGGING
2025-01-03,Consumer Durables,34.71,-2.24,LAGGING
2025-01-03,Consumer Services,53.43,1.14,NEUTRAL
2025-01-03,Diversified & Fashion Retail,57.03,1.94,NEUTRAL
2025-01-03,Diversified Commercial,42.37,-1.46,NEUTRAL
2025-01-03,Diversified Retail,51.42,3.04,EMERGING_LEADER
2025-01-03,Electronic Manufacturing Services (EMS),86.03,11.35,LEADING
2025-01-03,Fast Moving Consumer Goods,40.79,0.34,NEUTRAL
2025-01-03,Fertilizers & Agrochemicals,37.88,-0.94,NEUTRAL
2025-01-03,Financial Services,38.69,-2.61,NEUTRAL
2025-01-03,Healthcare,48.85,1.34,EMERGING_LEADER
2025-01-03,Hospitals & Diagnostic Centres,44.75,-1.09,NEUTRAL
2025-01-03,Hotels & Restaurants,60.31,3.44,NEUTRAL
2025-01-03,"Hotels, Resorts & QSR",63.27,4.0,NEUTRAL
2025-01-03,IT Consulting & Software,44.39,-0.11,NEUTRAL
2025-01-03,Information Technology,66.09,4.46,ESTABLISHED_LEADER
2025-01-03,Insurance,34.0,-3.51,LAGGING
2025-01-03,Internet & Digital Platforms,46.69,-1.19,NEUTRAL
2025-01-03,Iron & Steel,35.39,-3.67,NEUTRAL
2025-01-03,Logistics & Transportation,37.88,-2.6,NEUTRAL
2025-01-03,"Logistics, Ports & Supply Chain",22.8,-6.69,LAGGING
2025-01-03,Lubricants & Specialty Oils,36.76,-3.83,NEUTRAL
2025-01-03,Media & Entertainment,46.43,-0.02,NEUTRAL
2025-01-03,Metals & Mining,61.37,5.43,EMERGING_LEADER
2025-01-03,Mining & Mineral Products,22.75,-6.22,LAGGING
2025-01-03,Non Banking Financial Company (NBFC),37.07,-2.76,NEUTRAL
2025-01-03,Oil Exploration & Refining,48.11,2.25,EMERGING_LEADER
2025-01-03,Packaged Foods & Consumer Staples,34.98,-3.34,LAGGING
2025-01-03,Packaged Foods & FMCG Staples,36.05,-1.2,NEUTRAL
2025-01-03,Packaging Materials & Containers,50.13,1.11,NEUTRAL
2025-01-03,Paper & Paper Products,29.69,-5.64,DISTRIBUTION
2025-01-03,Pharmaceuticals,46.18,0.75,EMERGING_LEADER
2025-01-03,Pharmaceuticals & Biotechnology,46.22,-0.66,NEUTRAL
2025-01-03,Pipes & Tubes,24.18,-6.84,LAGGING
2025-01-03,"Plywood, MDF & Laminates",42.68,0.69,NEUTRAL
2025-01-03,Power,17.11,-8.27,LAGGING
2025-01-03,Power Generation & Utilities,26.05,-5.65,LAGGING
2025-01-03,Pumps & Compressors,27.37,-6.62,DISTRIBUTION
2025-01-03,Renewable Energy - Solar & Wind,23.35,-9.07,DISTRIBUTION
2025-01-03,Residential & Commercial Real Estate,42.35,-2.33,NEUTRAL
2025-01-03,Services,41.31,-2.94,NEUTRAL
2025-01-03,Software Products & Digital Services,40.29,-1.57,NEUTRAL
2025-01-03,Specialty Chemicals,38.73,-1.99,NEUTRAL
2025-01-03,Stockbroking & Financial Products,38.78,-1.43,NEUTRAL
2025-01-03,Sugar & Bio-Ethanol,21.65,-6.93,LAGGING
2025-01-03,Tea & Coffee,47.49,-1.51,NEUTRAL
2025-01-03,Telecom Services & Infrastructure,37.66,-1.07,NEUTRAL
2025-01-03,Telecommunication,55.5,3.51,EMERGING_LEADER
2025-01-03,Textiles & Apparel,43.7,-1.68,NEUTRAL
2025-01-03,"Textiles, Yarns & Apparel",51.02,2.27,EMERGING_LEADER
2025-01-03,Transformers & T&D Equipment,36.37,-3.07,NEUTRAL
2025-01-03,Tyres & Rubber Products,45.01,-2.04,NEUTRAL
2025-01-03,Wires & Cables,37.35,-2.98,NEUTRAL
2025-01-06,API & CDMO / CRAMS,33.19,-3.69,LAGGING
2025-01-06,Aerospace & Defence,39.12,-3.33,NEUTRAL
2025-01-06,Air Conditioners & AC Components,68.21,4.37,ESTABLISHED_LEADER
2025-01-06,Aluminium & Mining,23.66,-6.85,LAGGING
2025-01-06,Auto Parts & Equipment,35.29,-3.57,NEUTRAL
2025-01-06,Automobile OEMs,34.56,-3.35,LAGGING
2025-01-06,Banks,24.49,-6.21,LAGGING
2025-01-06,Bearings & Friction Solutions,25.18,-5.59,LAGGING
2025-01-06,Breweries & Distilleries,56.51,1.32,NEUTRAL
2025-01-06,Capital Goods,36.27,-4.02,NEUTRAL
2025-01-06,Capital Markets & Asset Management,24.99,-8.7,DISTRIBUTION
2025-01-06,Cement,27.09,-7.56,DISTRIBUTION
2025-01-06,Cement & Clinker,39.59,-3.1,NEUTRAL
2025-01-06,Ceramics & Tiles,10.44,-12.19,DISTRIBUTION
2025-01-06,Chemicals,44.95,-1.73,NEUTRAL
2025-01-06,Civil Construction & Infrastructure,39.07,-2.45,NEUTRAL
2025-01-06,Civil Construction & Infrastructure EPC,29.06,-7.73,DISTRIBUTION
2025-01-06,Commodity Chemicals,18.59,-8.54,DISTRIBUTION
2025-01-06,Consumer Durables,26.39,-5.59,LAGGING
2025-01-06,Consumer Services,43.58,-2.89,WEAKENING
2025-01-06,Diversified & Fashion Retail,38.45,-3.69,NEUTRAL
2025-01-06,Diversified Commercial,33.73,-4.42,LAGGING
2025-01-06,Diversified Retail,38.82,-1.48,NEUTRAL
2025-01-06,Electronic Manufacturing Services (EMS),93.59,13.16,LEADING
2025-01-06,Fast Moving Consumer Goods,24.46,-6.26,LAGGING
2025-01-06,Fertilizers & Agrochemicals,26.7,-6.05,LAGGING
2025-01-06,Financial Services,25.3,-8.39,DISTRIBUTION
2025-01-06,Healthcare,45.8,1.69,EMERGING_LEADER
2025-01-06,Hospitals & Diagnostic Centres,52.91,2.6,EMERGING_LEADER
2025-01-06,Hotels & Restaurants,44.11,-2.36,NEUTRAL
2025-01-06,"Hotels, Resorts & QSR",55.67,0.99,NEUTRAL
2025-01-06,IT Consulting & Software,38.25,-3.75,NEUTRAL
2025-01-06,Information Technology,49.52,-0.56,NEUTRAL
2025-01-06,Insurance,21.54,-8.97,DISTRIBUTION
2025-01-06,Internet & Digital Platforms,40.51,-4.32,WEAKENING
2025-01-06,Iron & Steel,25.73,-6.16,LAGGING
2025-01-06,Logistics & Transportation,29.27,-5.71,DISTRIBUTION
2025-01-06,"Logistics, Ports & Supply Chain",24.1,-6.03,LAGGING
2025-01-06,Lubricants & Specialty Oils,20.51,-8.65,DISTRIBUTION
2025-01-06,Media & Entertainment,30.5,-5.88,DISTRIBUTION
2025-01-06,Metals & Mining,51.53,1.64,EMERGING_LEADER
2025-01-06,Mining & Mineral Products,12.58,-10.36,DISTRIBUTION
2025-01-06,Non Banking Financial Company (NBFC),29.19,-6.27,DISTRIBUTION
2025-01-06,Oil Exploration & Refining,24.89,-6.67,LAGGING
2025-01-06,Packaged Foods & Consumer Staples,23.34,-7.75,DISTRIBUTION
2025-01-06,Packaged Foods & FMCG Staples,28.71,-4.25,LAGGING
2025-01-06,Packaging Materials & Containers,31.83,-5.16,DISTRIBUTION
2025-01-06,Paper & Paper Products,19.6,-7.94,LAGGING
2025-01-06,Pharmaceuticals,34.82,-5.84,DISTRIBUTION
2025-01-06,Pharmaceuticals & Biotechnology,42.65,-2.63,NEUTRAL
2025-01-06,Pipes & Tubes,19.58,-8.01,LAGGING
2025-01-06,"Plywood, MDF & Laminates",28.12,-7.95,DISTRIBUTION
2025-01-06,Power,14.64,-9.99,DISTRIBUTION
2025-01-06,Power Generation & Utilities,20.73,-9.54,DISTRIBUTION
2025-01-06,Pumps & Compressors,21.75,-8.4,DISTRIBUTION
2025-01-06,Renewable Energy - Solar & Wind,17.39,-10.53,DISTRIBUTION
2025-01-06,Residential & Commercial Real Estate,34.42,-4.85,DISTRIBUTION
2025-01-06,Services,29.69,-5.64,DISTRIBUTION
2025-01-06,Software Products & Digital Services,28.78,-5.81,LAGGING
2025-01-06,Specialty Chemicals,31.39,-4.72,LAGGING
2025-01-06,Stockbroking & Financial Products,28.73,-5.74,LAGGING
2025-01-06,Sugar & Bio-Ethanol,19.91,-7.6,LAGGING
2025-01-06,Tea & Coffee,38.85,-3.82,WEAKENING
2025-01-06,Telecom Services & Infrastructure,23.86,-7.1,DISTRIBUTION
2025-01-06,Telecommunication,46.4,-0.14,NEUTRAL
2025-01-06,Textiles & Apparel,25.8,-7.22,DISTRIBUTION
2025-01-06,"Textiles, Yarns & Apparel",27.77,-6.6,DISTRIBUTION
2025-01-06,Transformers & T&D Equipment,33.71,-3.82,LAGGING
2025-01-06,Tyres & Rubber Products,21.42,-9.56,DISTRIBUTION
2025-01-06,Wires & Cables,26.15,-6.92,DISTRIBUTION
2025-01-07,API & CDMO / CRAMS,33.19,-3.91,LAGGING
2025-01-07,Aerospace & Defence,42.53,-1.6,NEUTRAL
2025-01-07,Air Conditioners & AC Components,58.57,0.29,WEAKENING
2025-01-07,Aluminium & Mining,20.78,-7.81,DISTRIBUTION
2025-01-07,Auto Parts & Equipment,34.55,-3.29,LAGGING
2025-01-07,Automobile OEMs,33.12,-2.63,LAGGING
2025-01-07,Banks,20.55,-7.67,LAGGING
2025-01-07,Bearings & Friction Solutions,27.36,-4.69,LAGGING
2025-01-07,Breweries & Distilleries,59.48,1.2,NEUTRAL
2025-01-07,Capital Goods,39.45,-3.04,NEUTRAL
2025-01-07,Capital Markets & Asset Management,36.26,-5.64,WEAKENING
2025-01-07,Cement,24.52,-8.82,DISTRIBUTION
2025-01-07,Cement & Clinker,42.99,-1.36,NEUTRAL
2025-01-07,Ceramics & Tiles,16.19,-9.08,DISTRIBUTION
2025-01-07,Chemicals,40.18,-3.67,WEAKENING
2025-01-07,Civil Construction & Infrastructure,40.38,-3.11,NEUTRAL
2025-01-07,Civil Construction & Infrastructure EPC,37.47,-4.38,WEAKENING
2025-01-07,Commodity Chemicals,17.52,-9.06,DISTRIBUTION
2025-01-07,Consumer Durables,34.55,-1.87,LAGGING
2025-01-07,Consumer Services,48.78,0.11,NEUTRAL
2025-01-07,Diversified & Fashion Retail,38.81,-3.35,NEUTRAL
2025-01-07,Diversified Commercial,34.96,-3.97,LAGGING
2025-01-07,Diversified Retail,41.67,-0.28,NEUTRAL
2025-01-07,Electronic Manufacturing Services (EMS),57.7,-0.85,WEAKENING
2025-01-07,Fast Moving Consumer Goods,34.59,-2.76,LAGGING
2025-01-07,Fertilizers & Agrochemicals,39.53,-1.36,NEUTRAL
2025-01-07,Financial Services,27.76,-8.04,DISTRIBUTION
2025-01-07,Healthcare,52.67,3.34,EMERGING_LEADER
2025-01-07,Hospitals & Diagnostic Centres,55.79,4.0,EMERGING_LEADER
2025-01-07,Hotels & Restaurants,47.17,-1.02,NEUTRAL
2025-01-07,"Hotels, Resorts & QSR",53.51,-0.09,NEUTRAL
2025-01-07,IT Consulting & Software,36.58,-3.07,NEUTRAL
2025-01-07,Information Technology,59.13,3.22,NEUTRAL
2025-01-07,Insurance,30.48,-5.46,DISTRIBUTION
2025-01-07,Internet & Digital Platforms,37.83,-5.32,WEAKENING
2025-01-07,Iron & Steel,24.73,-6.17,LAGGING
2025-01-07,Logistics & Transportation,32.2,-4.14,LAGGING
2025-01-07,"Logistics, Ports & Supply Chain",21.15,-7.24,LAGGING
2025-01-07,Lubricants & Specialty Oils,30.4,-6.4,DISTRIBUTION
2025-01-07,Media & Entertainment,34.12,-3.61,LAGGING
2025-01-07,Metals & Mining,57.82,4.58,EMERGING_LEADER
2025-01-07,Mining & Mineral Products,19.94,-7.59,LAGGING
2025-01-07,Non Banking Financial Company (NBFC),30.63,-4.94,LAGGING
2025-01-07,Oil Exploration & Refining,31.88,-4.5,LAGGING
2025-01-07,Packaged Foods & Consumer Staples,31.46,-4.49,LAGGING
2025-01-07,Packaged Foods & FMCG Staples,29.12,-6.41,DISTRIBUTION
2025-01-07,Packaging Materials & Containers,43.92,-0.2,NEUTRAL
2025-01-07,Paper & Paper Products,23.12,-6.0,LAGGING
2025-01-07,Pharmaceuticals,39.34,-3.13,NEUTRAL
2025-01-07,Pharmaceuticals & Biotechnology,51.48,2.04,EMERGING_LEADER
2025-01-07,Pipes & Tubes,22.45,-7.55,DISTRIBUTION
2025-01-07,"Plywood, MDF & Laminates",31.26,-5.8,DISTRIBUTION
2025-01-07,Power,14.53,-10.57,DISTRIBUTION
2025-01-07,Power Generation & Utilities,20.36,-8.34,DISTRIBUTION
2025-01-07,Pumps & Compressors,43.36,1.04,NEUTRAL
2025-01-07,Renewable Energy - Solar & Wind,20.9,-9.57,DISTRIBUTION
2025-01-07,Residential & Commercial Real Estate,37.35,-3.13,NEUTRAL
2025-01-07,Services,39.21,-3.11,NEUTRAL
2025-01-07,Software Products & Digital Services,32.97,-4.3,LAGGING
2025-01-07,Specialty Chemicals,32.91,-4.06,LAGGING
2025-01-07,Stockbroking & Financial Products,31.91,-4.97,LAGGING
2025-01-07,Sugar & Bio-Ethanol,20.07,-7.37,LAGGING
2025-01-07,Tea & Coffee,43.48,-3.05,WEAKENING
2025-01-07,Telecom Services & Infrastructure,28.92,-5.12,LAGGING
2025-01-07,Telecommunication,44.22,-1.23,NEUTRAL
2025-01-07,Textiles & Apparel,27.13,-7.02,DISTRIBUTION
2025-01-07,"Textiles, Yarns & Apparel",37.0,-3.33,NEUTRAL
2025-01-07,Transformers & T&D Equipment,30.07,-4.5,LAGGING
2025-01-07,Tyres & Rubber Products,31.27,-7.2,DISTRIBUTION
2025-01-07,Wires & Cables,31.94,-4.52,LAGGING
2025-01-08,API & CDMO / CRAMS,28.0,-7.62,DISTRIBUTION
2025-01-08,Aerospace & Defence,39.86,-2.76,NEUTRAL
2025-01-08,Air Conditioners & AC Components,59.15,0.94,WEAKENING
2025-01-08,Aluminium & Mining,19.8,-9.95,DISTRIBUTION
2025-01-08,Auto Parts & Equipment,32.61,-4.93,DISTRIBUTION
2025-01-08,Automobile OEMs,31.17,-5.16,LAGGING
2025-01-08,Banks,21.33,-7.14,LAGGING
2025-01-08,Bearings & Friction Solutions,26.69,-5.76,LAGGING
2025-01-08,Breweries & Distilleries,50.85,-2.28,WEAKENING
2025-01-08,Capital Goods,35.13,-5.11,WEAKENING
2025-01-08,Capital Markets & Asset Management,26.51,-8.34,DISTRIBUTION
2025-01-08,Cement,28.24,-7.92,DISTRIBUTION
2025-01-08,Cement & Clinker,36.1,-4.71,WEAKENING
2025-01-08,Ceramics & Tiles,8.95,-12.55,DISTRIBUTION
2025-01-08,Chemicals,35.29,-5.59,WEAKENING
2025-01-08,Civil Construction & Infrastructure,37.58,-5.04,WEAKENING
2025-01-08,Civil Construction & Infrastructure EPC,33.17,-6.42,DISTRIBUTION
2025-01-08,Commodity Chemicals,15.84,-10.25,DISTRIBUTION
2025-01-08,Consumer Durables,26.17,-6.53,DISTRIBUTION
2025-01-08,Consumer Services,44.84,-2.21,NEUTRAL
2025-01-08,Diversified & Fashion Retail,38.51,-3.25,NEUTRAL
2025-01-08,Diversified Commercial,34.2,-4.63,DISTRIBUTION
2025-01-08,Diversified Retail,40.97,-0.76,NEUTRAL
2025-01-08,Electronic Manufacturing Services (EMS),89.78,12.25,LEADING
2025-01-08,Fast Moving Consumer Goods,21.53,-9.53,DISTRIBUTION
2025-01-08,Fertilizers & Agrochemicals,33.14,-4.61,LAGGING
2025-01-08,Financial Services,25.41,-8.6,DISTRIBUTION
2025-01-08,Healthcare,49.93,1.32,EMERGING_LEADER
2025-01-08,Hospitals & Diagnostic Centres,49.87,1.06,EMERGING_LEADER
2025-01-08,Hotels & Restaurants,44.94,-3.91,WEAKENING
2025-01-08,"Hotels, Resorts & QSR",49.54,-2.44,WEAKENING
2025-01-08,IT Consulting & Software,33.98,-4.47,LAGGING
2025-01-08,Information Technology,47.98,-3.18,WEAKENING
2025-01-08,Insurance,22.98,-9.18,DISTRIBUTION
2025-01-08,Internet & Digital Platforms,25.46,-8.59,DISTRIBUTION
2025-01-08,Iron & Steel,24.36,-7.01,DISTRIBUTION
2025-01-08,Logistics & Transportation,27.91,-8.0,DISTRIBUTION
2025-01-08,"Logistics, Ports & Supply Chain",21.41,-7.1,LAGGING
2025-01-08,Lubricants & Specialty Oils,28.09,-7.96,DISTRIBUTION
2025-01-08,Media & Entertainment,37.15,-2.39,NEUTRAL
2025-01-08,Metals & Mining,55.82,3.07,EMERGING_LEADER
2025-01-08,Mining & Mineral Products,19.46,-8.05,DISTRIBUTION
2025-01-08,Non Banking Financial Company (NBFC),31.16,-4.96,LAGGING
2025-01-08,Oil Exploration & Refining,36.41,-2.83,NEUTRAL
2025-01-08,Packaged Foods & Consumer Staples,25.99,-7.36,DISTRIBUTION
2025-01-08,Packaged Foods & FMCG Staples,26.66,-6.0,LAGGING
2025-01-08,Packaging Materials & Containers,37.16,-4.64,WEAKENING
2025-01-08,Paper & Paper Products,21.12,-9.43,DISTRIBUTION
2025-01-08,Pharmaceuticals,39.95,-2.79,NEUTRAL
2025-01-08,Pharmaceuticals & Biotechnology,44.22,-1.79,NEUTRAL
2025-01-08,Pipes & Tubes,20.04,-7.73,LAGGING
2025-01-08,"Plywood, MDF & Laminates",26.91,-8.24,DISTRIBUTION
2025-01-08,Power,13.79,-10.54,DISTRIBUTION
2025-01-08,Power Generation & Utilities,18.18,-9.58,DISTRIBUTION
2025-01-08,Pumps & Compressors,31.97,-4.21,LAGGING
2025-01-08,Renewable Energy - Solar & Wind,18.63,-10.23,DISTRIBUTION
2025-01-08,Residential & Commercial Real Estate,34.74,-4.64,DISTRIBUTION
2025-01-08,Services,45.21,0.42,EMERGING_LEADER
2025-01-08,Software Products & Digital Services,29.7,-7.2,DISTRIBUTION
2025-01-08,Specialty Chemicals,32.69,-4.29,LAGGING
2025-01-08,Stockbroking & Financial Products,30.98,-5.61,DISTRIBUTION
2025-01-08,Sugar & Bio-Ethanol,16.58,-9.21,DISTRIBUTION
2025-01-08,Tea & Coffee,40.16,-5.06,WEAKENING
2025-01-08,Telecom Services & Infrastructure,28.66,-5.87,DISTRIBUTION
2025-01-08,Telecommunication,46.2,-1.94,NEUTRAL
2025-01-08,Textiles & Apparel,24.99,-8.7,DISTRIBUTION
2025-01-08,"Textiles, Yarns & Apparel",26.4,-8.36,DISTRIBUTION
2025-01-08,Transformers & T&D Equipment,28.65,-7.15,DISTRIBUTION
2025-01-08,Tyres & Rubber Products,25.86,-8.49,DISTRIBUTION
2025-01-08,Wires & Cables,30.02,-6.24,DISTRIBUTION
2025-01-09,API & CDMO / CRAMS,29.74,-6.81,DISTRIBUTION
2025-01-09,Aerospace & Defence,38.62,-3.99,WEAKENING
2025-01-09,Air Conditioners & AC Components,58.52,1.37,NEUTRAL
2025-01-09,Aluminium & Mining,22.51,-8.06,DISTRIBUTION
2025-01-09,Auto Parts & Equipment,32.28,-6.29,DISTRIBUTION
2025-01-09,Automobile OEMs,30.67,-7.34,DISTRIBUTION
2025-01-09,Banks,21.57,-8.07,DISTRIBUTION
2025-01-09,Bearings & Friction Solutions,25.17,-7.07,DISTRIBUTION
2025-01-09,Breweries & Distilleries,46.0,-3.66,WEAKENING
2025-01-09,Capital Goods,30.55,-7.37,DISTRIBUTION
2025-01-09,Capital Markets & Asset Management,20.65,-9.74,DISTRIBUTION
2025-01-09,Cement,22.15,-9.38,DISTRIBUTION
2025-01-09,Cement & Clinker,32.8,-6.83,DISTRIBUTION
2025-01-09,Ceramics & Tiles,7.65,-12.86,DISTRIBUTION
2025-01-09,Chemicals,28.51,-7.86,DISTRIBUTION
2025-01-09,Civil Construction & Infrastructure,31.81,-7.07,DISTRIBUTION
2025-01-09,Civil Construction & Infrastructure EPC,30.15,-7.46,DISTRIBUTION
2025-01-09,Commodity Chemicals,17.13,-10.12,DISTRIBUTION
2025-01-09,Consumer Durables,27.18,-7.31,DISTRIBUTION
2025-01-09,Consumer Services,40.03,-4.28,WEAKENING
2025-01-09,Diversified & Fashion Retail,32.95,-6.62,DISTRIBUTION
2025-01-09,Diversified Commercial,31.32,-6.52,DISTRIBUTION
2025-01-09,Diversified Retail,38.71,-1.87,NEUTRAL
2025-01-09,Electronic Manufacturing Services (EMS),86.9,11.56,LEADING
2025-01-09,Fast Moving Consumer Goods,24.38,-8.61,DISTRIBUTION
2025-01-09,Fertilizers & Agrochemicals,33.49,-4.98,DISTRIBUTION
2025-01-09,Financial Services,27.58,-7.95,DISTRIBUTION
2025-01-09,Healthcare,35.83,-5.13,WEAKENING
2025-01-09,Hospitals & Diagnostic Centres,41.17,-3.13,NEUTRAL
2025-01-09,Hotels & Restaurants,39.79,-5.15,WEAKENING
2025-01-09,"Hotels, Resorts & QSR",43.18,-4.34,WEAKENING
2025-01-09,IT Consulting & Software,27.55,-8.09,DISTRIBUTION
2025-01-09,Information Technology,43.92,-4.16,WEAKENING
2025-01-09,Insurance,27.11,-7.44,DISTRIBUTION
2025-01-09,Internet & Digital Platforms,24.26,-8.88,DISTRIBUTION
2025-01-09,Iron & Steel,22.2,-8.06,DISTRIBUTION
2025-01-09,Logistics & Transportation,24.38,-8.85,DISTRIBUTION
2025-01-09,"Logistics, Ports & Supply Chain",18.41,-8.82,DISTRIBUTION
2025-01-09,Lubricants & Specialty Oils,26.51,-8.34,DISTRIBUTION
2025-01-09,Media & Entertainment,38.95,-2.46,NEUTRAL
2025-01-09,Metals & Mining,52.78,0.0,NEUTRAL
2025-01-09,Mining & Mineral Products,15.46,-9.45,DISTRIBUTION
2025-01-09,Non Banking Financial Company (NBFC),28.0,-7.32,DISTRIBUTION
2025-01-09,Oil Exploration & Refining,24.84,-8.74,DISTRIBUTION
2025-01-09,Packaged Foods & Consumer Staples,22.3,-9.35,DISTRIBUTION
2025-01-09,Packaged Foods & FMCG Staples,38.79,-1.57,NEUTRAL
2025-01-09,Packaging Materials & Containers,30.56,-7.37,DISTRIBUTION
2025-01-09,Paper & Paper Products,17.52,-10.5,DISTRIBUTION
2025-01-09,Pharmaceuticals,34.85,-4.91,DISTRIBUTION
2025-01-09,Pharmaceuticals & Biotechnology,41.32,-3.27,WEAKENING
2025-01-09,Pipes & Tubes,18.11,-9.36,DISTRIBUTION
2025-01-09,"Plywood, MDF & Laminates",19.51,-10.02,DISTRIBUTION
2025-01-09,Power,15.54,-9.48,DISTRIBUTION
2025-01-09,Power Generation & Utilities,18.53,-9.7,DISTRIBUTION
2025-01-09,Pumps & Compressors,24.38,-7.29,DISTRIBUTION
2025-01-09,Renewable Energy - Solar & Wind,18.58,-9.91,DISTRIBUTION
2025-01-09,Residential & Commercial Real Estate,30.54,-7.2,DISTRIBUTION
2025-01-09,Services,34.7,-5.01,DISTRIBUTION
2025-01-09,Software Products & Digital Services,26.52,-8.07,DISTRIBUTION
2025-01-09,Specialty Chemicals,47.75,1.05,EMERGING_LEADER
2025-01-09,Stockbroking & Financial Products,25.94,-8.32,DISTRIBUTION
2025-01-09,Sugar & Bio-Ethanol,16.28,-9.34,DISTRIBUTION
2025-01-09,Tea & Coffee,43.22,-2.87,WEAKENING
2025-01-09,Telecom Services & Infrastructure,25.48,-7.66,DISTRIBUTION
2025-01-09,Telecommunication,41.83,-3.69,WEAKENING
2025-01-09,Textiles & Apparel,23.47,-9.07,DISTRIBUTION
2025-01-09,"Textiles, Yarns & Apparel",22.06,-9.41,DISTRIBUTION
2025-01-09,Transformers & T&D Equipment,27.83,-8.01,DISTRIBUTION
2025-01-09,Tyres & Rubber Products,20.71,-9.73,DISTRIBUTION
2025-01-09,Wires & Cables,24.2,-8.89,DISTRIBUTION
2025-01-10,API & CDMO / CRAMS,24.14,-8.64,DISTRIBUTION
2025-01-10,Aerospace & Defence,31.09,-7.24,DISTRIBUTION
2025-01-10,Air Conditioners & AC Components,60.63,1.79,NEUTRAL
2025-01-10,Aluminium & Mining,19.83,-8.5,DISTRIBUTION
2025-01-10,Auto Parts & Equipment,36.46,-4.93,WEAKENING
2025-01-10,Automobile OEMs,30.48,-7.23,DISTRIBUTION
2025-01-10,Banks,20.12,-8.95,DISTRIBUTION
2025-01-10,Bearings & Friction Solutions,18.39,-9.34,DISTRIBUTION
2025-01-10,Breweries & Distilleries,41.84,-4.66,WEAKENING
2025-01-10,Capital Goods,26.55,-8.33,DISTRIBUTION
2025-01-10,Capital Markets & Asset Management,19.74,-9.96,DISTRIBUTION
2025-01-10,Cement,14.82,-11.14,DISTRIBUTION
2025-01-10,Cement & Clinker,26.98,-8.22,DISTRIBUTION
2025-01-10,Ceramics & Tiles,14.19,-10.89,DISTRIBUTION
2025-01-10,Chemicals,20.92,-9.68,DISTRIBUTION
2025-01-10,Civil Construction & Infrastructure,24.04,-8.93,DISTRIBUTION
2025-01-10,Civil Construction & Infrastructure EPC,21.79,-9.47,DISTRIBUTION
2025-01-10,Commodity Chemicals,15.22,-10.11,DISTRIBUTION
2025-01-10,Consumer Durables,19.98,-9.86,DISTRIBUTION
2025-01-10,Consumer Services,37.15,-5.78,WEAKENING
2025-01-10,Diversified & Fashion Retail,28.36,-7.89,DISTRIBUTION
2025-01-10,Diversified Commercial,28.92,-7.48,DISTRIBUTION
2025-01-10,Diversified Retail,34.28,-6.47,DISTRIBUTION
2025-01-10,Electronic Manufacturing Services (EMS),15.97,-10.87,DISTRIBUTION
2025-01-10,Fast Moving Consumer Goods,25.78,-8.51,DISTRIBUTION
2025-01-10,Fertilizers & Agrochemicals,23.05,-9.14,DISTRIBUTION
2025-01-10,Financial Services,27.96,-7.22,DISTRIBUTION
2025-01-10,Healthcare,31.26,-7.2,DISTRIBUTION
2025-01-10,Hospitals & Diagnostic Centres,32.66,-6.34,DISTRIBUTION
2025-01-10,Hotels & Restaurants,31.53,-7.13,DISTRIBUTION
2025-01-10,"Hotels, Resorts & QSR",33.77,-6.6,DISTRIBUTION
2025-01-10,IT Consulting & Software,34.9,-5.33,DISTRIBUTION
2025-01-10,Information Technology,31.36,-7.17,DISTRIBUTION
2025-01-10,Insurance,18.31,-10.31,DISTRIBUTION
2025-01-10,Internet & Digital Platforms,17.94,-10.39,DISTRIBUTION
2025-01-10,Iron & Steel,21.13,-9.5,DISTRIBUTION
2025-01-10,Logistics & Transportation,21.99,-9.42,DISTRIBUTION
2025-01-10,"Logistics, Ports & Supply Chain",17.85,-8.61,DISTRIBUTION
2025-01-10,Lubricants & Specialty Oils,15.53,-10.97,DISTRIBUTION
2025-01-10,Media & Entertainment,34.07,-6.05,DISTRIBUTION
2025-01-10,Metals & Mining,42.56,-4.49,WEAKENING
2025-01-10,Mining & Mineral Products,19.56,-7.88,LAGGING
2025-01-10,Non Banking Financial Company (NBFC),24.6,-8.34,DISTRIBUTION
2025-01-10,Oil Exploration & Refining,22.92,-9.2,DISTRIBUTION
2025-01-10,Packaged Foods & Consumer Staples,21.59,-9.23,DISTRIBUTION
2025-01-10,Packaged Foods & FMCG Staples,33.58,-4.39,LAGGING
2025-01-10,Packaging Materials & Containers,25.04,-8.69,DISTRIBUTION
2025-01-10,Paper & Paper Products,15.64,-10.78,DISTRIBUTION
2025-01-10,Pharmaceuticals,27.42,-8.12,DISTRIBUTION
2025-01-10,Pharmaceuticals & Biotechnology,30.11,-7.47,DISTRIBUTION
2025-01-10,Pipes & Tubes,14.81,-10.13,DISTRIBUTION
2025-01-10,"Plywood, MDF & Laminates",17.11,-10.59,DISTRIBUTION
2025-01-10,Power,13.68,-9.33,LAGGING
2025-01-10,Power Generation & Utilities,22.0,-7.45,DISTRIBUTION
2025-01-10,Pumps & Compressors,19.61,-8.69,DISTRIBUTION
2025-01-10,Renewable Energy - Solar & Wind,15.91,-9.52,DISTRIBUTION
2025-01-10,Residential & Commercial Real Estate,25.66,-8.54,DISTRIBUTION
2025-01-10,Services,26.96,-8.11,DISTRIBUTION
2025-01-10,Software Products & Digital Services,22.2,-9.37,DISTRIBUTION
2025-01-10,Specialty Chemicals,31.32,-5.82,DISTRIBUTION
2025-01-10,Stockbroking & Financial Products,24.63,-8.64,DISTRIBUTION
2025-01-10,Sugar & Bio-Ethanol,16.49,-8.97,DISTRIBUTION
2025-01-10,Tea & Coffee,33.25,-6.58,DISTRIBUTION
2025-01-10,Telecom Services & Infrastructure,15.2,-11.05,DISTRIBUTION
2025-01-10,Telecommunication,28.91,-7.76,DISTRIBUTION
2025-01-10,Textiles & Apparel,18.27,-10.32,DISTRIBUTION
2025-01-10,"Textiles, Yarns & Apparel",19.24,-10.08,DISTRIBUTION
2025-01-10,Transformers & T&D Equipment,23.42,-8.71,DISTRIBUTION
2025-01-10,Tyres & Rubber Products,18.57,-10.24,DISTRIBUTION
2025-01-10,Wires & Cables,22.71,-9.18,DISTRIBUTION
2025-01-13,API & CDMO / CRAMS,19.7,-9.7,DISTRIBUTION
2025-01-13,Aerospace & Defence,22.2,-9.37,DISTRIBUTION
2025-01-13,Air Conditioners & AC Components,28.94,-7.75,DISTRIBUTION
2025-01-13,Aluminium & Mining,12.7,-10.92,DISTRIBUTION
2025-01-13,Auto Parts & Equipment,22.39,-8.95,DISTRIBUTION
2025-01-13,Automobile OEMs,22.71,-8.68,DISTRIBUTION
2025-01-13,Banks,18.77,-8.52,DISTRIBUTION
2025-01-13,Bearings & Friction Solutions,15.2,-10.15,DISTRIBUTION
2025-01-13,Breweries & Distilleries,22.79,-9.23,DISTRIBUTION
2025-01-13,Capital Goods,19.35,-10.06,DISTRIBUTION
2025-01-13,Capital Markets & Asset Management,19.75,-8.2,DISTRIBUTION
2025-01-13,Cement,15.03,-10.56,DISTRIBUTION
2025-01-13,Cement & Clinker,27.26,-7.68,DISTRIBUTION
2025-01-13,Ceramics & Tiles,15.51,-7.36,LAGGING
2025-01-13,Chemicals,17.41,-10.52,DISTRIBUTION
2025-01-13,Civil Construction & Infrastructure,16.66,-10.7,DISTRIBUTION
2025-01-13,Civil Construction & Infrastructure EPC,18.7,-9.38,DISTRIBUTION
2025-01-13,Commodity Chemicals,14.44,-9.28,DISTRIBUTION
2025-01-13,Consumer Durables,20.52,-8.13,DISTRIBUTION
2025-01-13,Consumer Services,22.26,-9.36,DISTRIBUTION
2025-01-13,Diversified & Fashion Retail,17.95,-10.39,DISTRIBUTION
2025-01-13,Diversified Commercial,27.12,-6.68,DISTRIBUTION
2025-01-13,Diversified Retail,28.49,-7.02,DISTRIBUTION
2025-01-13,Electronic Manufacturing Services (EMS),61.14,5.37,EMERGING_LEADER
2025-01-13,Fast Moving Consumer Goods,15.86,-9.74,DISTRIBUTION
2025-01-13,Fertilizers & Agrochemicals,16.46,-9.89,DISTRIBUTION
2025-01-13,Financial Services,20.81,-7.81,DISTRIBUTION
2025-01-13,Healthcare,26.68,-8.3,DISTRIBUTION
2025-01-13,Hospitals & Diagnostic Centres,28.45,-7.87,DISTRIBUTION
2025-01-13,Hotels & Restaurants,24.15,-8.9,DISTRIBUTION
2025-01-13,"Hotels, Resorts & QSR",25.26,-8.64,DISTRIBUTION
2025-01-13,IT Consulting & Software,27.23,-7.45,DISTRIBUTION
2025-01-13,Information Technology,26.03,-8.45,DISTRIBUTION
2025-01-13,Insurance,14.0,-10.0,DISTRIBUTION
2025-01-13,Internet & Digital Platforms,15.97,-10.87,DISTRIBUTION
2025-01-13,Iron & Steel,17.0,-9.49,DISTRIBUTION
2025-01-13,Logistics & Transportation,15.37,-10.81,DISTRIBUTION
2025-01-13,"Logistics, Ports & Supply Chain",15.65,-9.76,DISTRIBUTION
2025-01-13,Lubricants & Specialty Oils,18.07,-8.1,LAGGING
2025-01-13,Media & Entertainment,28.27,-5.62,LAGGING
2025-01-13,Metals & Mining,40.55,-4.24,WEAKENING
2025-01-13,Mining & Mineral Products,15.16,-7.9,LAGGING
2025-01-13,Non Banking Financial Company (NBFC),18.44,-9.51,DISTRIBUTION
2025-01-13,Oil Exploration & Refining,18.21,-8.83,DISTRIBUTION
2025-01-13,Packaged Foods & Consumer Staples,18.6,-8.39,DISTRIBUTION
2025-01-13,Packaged Foods & FMCG Staples,26.64,-5.98,LAGGING
2025-01-13,Packaging Materials & Containers,15.98,-10.86,DISTRIBUTION
2025-01-13,Paper & Paper Products,10.47,-11.13,DISTRIBUTION
2025-01-13,Pharmaceuticals,24.85,-7.83,DISTRIBUTION
2025-01-13,Pharmaceuticals & Biotechnology,24.12,-8.91,DISTRIBUTION
2025-01-13,Pipes & Tubes,10.59,-11.08,DISTRIBUTION
2025-01-13,"Plywood, MDF & Laminates",13.83,-11.25,DISTRIBUTION
2025-01-13,Power,12.62,-9.33,LAGGING
2025-01-13,Power Generation & Utilities,20.86,-6.97,LAGGING
2025-01-13,Pumps & Compressors,17.29,-8.65,DISTRIBUTION
2025-01-13,Renewable Energy - Solar & Wind,14.23,-9.15,LAGGING
2025-01-13,Residential & Commercial Real Estate,18.56,-10.25,DISTRIBUTION
2025-01-13,Services,18.11,-9.74,DISTRIBUTION
2025-01-13,Software Products & Digital Services,19.06,-9.18,DISTRIBUTION
2025-01-13,Specialty Chemicals,22.55,-8.18,DISTRIBUTION
2025-01-13,Stockbroking & Financial Products,20.25,-8.67,DISTRIBUTION
2025-01-13,Sugar & Bio-Ethanol,15.21,-9.2,DISTRIBUTION
2025-01-13,Tea & Coffee,26.49,-7.87,DISTRIBUTION
2025-01-13,Telecom Services & Infrastructure,13.93,-10.44,DISTRIBUTION
2025-01-13,Telecommunication,22.57,-9.28,DISTRIBUTION
2025-01-13,Textiles & Apparel,16.41,-9.75,DISTRIBUTION
2025-01-13,"Textiles, Yarns & Apparel",14.8,-10.78,DISTRIBUTION
2025-01-13,Transformers & T&D Equipment,18.28,-10.31,DISTRIBUTION
2025-01-13,Tyres & Rubber Products,17.43,-8.54,LAGGING
2025-01-13,Wires & Cables,17.27,-9.45,DISTRIBUTION
2025-01-14,API & CDMO / CRAMS,28.31,-6.08,DISTRIBUTION
2025-01-14,Aerospace & Defence,23.82,-8.98,DISTRIBUTION
2025-01-14,Air Conditioners & AC Components,17.07,-10.6,DISTRIBUTION
2025-01-14,Aluminium & Mining,14.01,-9.86,DISTRIBUTION
2025-01-14,Auto Parts & Equipment,22.88,-8.61,DISTRIBUTION
2025-01-14,Automobile OEMs,36.21,-2.75,NEUTRAL
2025-01-14,Banks,26.15,-4.72,LAGGING
2025-01-14,Bearings & Friction Solutions,15.03,-10.61,DISTRIBUTION
2025-01-14,Breweries & Distilleries,23.21,-9.13,DISTRIBUTION
2025-01-14,Capital Goods,20.97,-9.67,DISTRIBUTION
2025-01-14,Capital Markets & Asset Management,18.92,-10.16,DISTRIBUTION
2025-01-14,Cement,13.08,-10.92,DISTRIBUTION
2025-01-14,Cement & Clinker,23.24,-9.12,DISTRIBUTION
2025-01-14,Ceramics & Tiles,13.52,-9.24,LAGGING
2025-01-14,Chemicals,16.72,-10.69,DISTRIBUTION
2025-01-14,Civil Construction & Infrastructure,18.01,-10.38,DISTRIBUTION
2025-01-14,Civil Construction & Infrastructure EPC,19.26,-10.08,DISTRIBUTION
2025-01-14,Commodity Chemicals,13.94,-9.3,LAGGING
2025-01-14,Consumer Durables,18.69,-10.21,DISTRIBUTION
2025-01-14,Consumer Services,21.16,-9.62,DISTRIBUTION
2025-01-14,Diversified & Fashion Retail,18.29,-10.31,DISTRIBUTION
2025-01-14,Diversified Commercial,23.32,-8.5,DISTRIBUTION
2025-01-14,Diversified Retail,33.59,-5.39,DISTRIBUTION
2025-01-14,Electronic Manufacturing Services (EMS),57.18,4.42,EMERGING_LEADER
2025-01-14,Fast Moving Consumer Goods,19.21,-10.09,DISTRIBUTION
2025-01-14,Fertilizers & Agrochemicals,18.25,-10.32,DISTRIBUTION
2025-01-14,Financial Services,25.61,-6.24,LAGGING
2025-01-14,Healthcare,30.21,-7.45,DISTRIBUTION
2025-01-14,Hospitals & Diagnostic Centres,31.59,-7.12,DISTRIBUTION
2025-01-14,Hotels & Restaurants,27.62,-8.07,DISTRIBUTION
2025-01-14,"Hotels, Resorts & QSR",26.65,-8.3,DISTRIBUTION
2025-01-14,IT Consulting & Software,26.98,-7.25,DISTRIBUTION
2025-01-14,Information Technology,25.42,-8.6,DISTRIBUTION
2025-01-14,Insurance,17.6,-10.09,DISTRIBUTION
2025-01-14,Internet & Digital Platforms,13.91,-11.36,DISTRIBUTION
2025-01-14,Iron & Steel,19.27,-8.36,DISTRIBUTION
2025-01-14,Logistics & Transportation,17.87,-10.29,DISTRIBUTION
2025-01-14,"Logistics, Ports & Supply Chain",15.39,-9.34,DISTRIBUTION
2025-01-14,Lubricants & Specialty Oils,12.92,-11.6,DISTRIBUTION
2025-01-14,Media & Entertainment,28.82,-6.04,DISTRIBUTION
2025-01-14,Metals & Mining,45.61,-3.25,WEAKENING
2025-01-14,Mining & Mineral Products,13.42,-9.95,DISTRIBUTION
2025-01-14,Non Banking Financial Company (NBFC),19.05,-9.51,DISTRIBUTION
2025-01-14,Oil Exploration & Refining,19.9,-9.38,DISTRIBUTION
2025-01-14,Packaged Foods & Consumer Staples,21.61,-8.59,DISTRIBUTION
2025-01-14,Packaged Foods & FMCG Staples,28.1,-5.44,LAGGING
2025-01-14,Packaging Materials & Containers,16.75,-10.68,DISTRIBUTION
2025-01-14,Paper & Paper Products,11.13,-11.49,DISTRIBUTION
2025-01-14,Pharmaceuticals,23.79,-8.99,DISTRIBUTION
2025-01-14,Pharmaceuticals & Biotechnology,27.01,-8.22,DISTRIBUTION
2025-01-14,Pipes & Tubes,13.07,-10.55,DISTRIBUTION
2025-01-14,"Plywood, MDF & Laminates",12.56,-11.69,DISTRIBUTION
2025-01-14,Power,17.37,-7.32,LAGGING
2025-01-14,Power Generation & Utilities,27.33,-4.19,LAGGING
2025-01-14,Pumps & Compressors,15.73,-10.92,DISTRIBUTION
2025-01-14,Renewable Energy - Solar & Wind,21.66,-6.66,LAGGING
2025-01-14,Residential & Commercial Real Estate,18.47,-10.27,DISTRIBUTION
2025-01-14,Services,19.24,-10.08,DISTRIBUTION
2025-01-14,Software Products & Digital Services,18.72,-10.07,DISTRIBUTION
2025-01-14,Specialty Chemicals,21.87,-8.74,DISTRIBUTION
2025-01-14,Stockbroking & Financial Products,26.32,-6.69,DISTRIBUTION
2025-01-14,Sugar & Bio-Ethanol,16.93,-8.5,LAGGING
2025-01-14,Tea & Coffee,24.75,-8.76,DISTRIBUTION
2025-01-14,Telecom Services & Infrastructure,22.08,-7.93,DISTRIBUTION
2025-01-14,Telecommunication,21.5,-9.54,DISTRIBUTION
2025-01-14,Textiles & Apparel,20.2,-8.4,DISTRIBUTION
2025-01-14,"Textiles, Yarns & Apparel",15.83,-10.9,DISTRIBUTION
2025-01-14,Transformers & T&D Equipment,19.73,-9.13,DISTRIBUTION
2025-01-14,Tyres & Rubber Products,17.79,-10.16,DISTRIBUTION
2025-01-14,Wires & Cables,17.14,-10.55,DISTRIBUTION
2025-01-15,API & CDMO / CRAMS,17.54,-9.67,DISTRIBUTION
2025-01-15,Aerospace & Defence,21.29,-9.59,DISTRIBUTION
2025-01-15,Air Conditioners & AC Components,17.43,-10.52,DISTRIBUTION
2025-01-15,Aluminium & Mining,23.68,-5.62,LAGGING
2025-01-15,Auto Parts & Equipment,22.31,-8.5,DISTRIBUTION
2025-01-15,Automobile OEMs,29.84,-5.08,LAGGING
2025-01-15,Banks,25.24,-5.24,LAGGING
2025-01-15,Bearings & Friction Solutions,15.87,-10.14,DISTRIBUTION
2025-01-15,Breweries & Distilleries,23.63,-9.03,DISTRIBUTION
2025-01-15,Capital Goods,20.41,-9.75,DISTRIBUTION
2025-01-15,Capital Markets & Asset Management,21.12,-7.9,DISTRIBUTION
2025-01-15,Cement,14.85,-10.85,DISTRIBUTION
2025-01-15,Cement & Clinker,24.13,-8.36,DISTRIBUTION
2025-01-15,Ceramics & Tiles,18.13,-6.0,LAGGING
2025-01-15,Chemicals,21.82,-9.19,DISTRIBUTION
2025-01-15,Civil Construction & Infrastructure,19.66,-9.98,DISTRIBUTION
2025-01-15,Civil Construction & Infrastructure EPC,17.14,-10.59,DISTRIBUTION
2025-01-15,Commodity Chemicals,14.88,-8.6,LAGGING
2025-01-15,Consumer Durables,19.06,-8.71,DISTRIBUTION
2025-01-15,Consumer Services,21.41,-9.56,DISTRIBUTION
2025-01-15,Diversified & Fashion Retail,26.75,-7.7,DISTRIBUTION
2025-01-15,Diversified Commercial,24.27,-7.96,DISTRIBUTION
2025-01-15,Diversified Retail,36.36,-4.1,NEUTRAL
2025-01-15,Electronic Manufacturing Services (EMS),18.91,-10.16,DISTRIBUTION
2025-01-15,Fast Moving Consumer Goods,17.95,-8.34,LAGGING
2025-01-15,Fertilizers & Agrochemicals,19.54,-9.76,DISTRIBUTION
2025-01-15,Financial Services,18.28,-8.9,DISTRIBUTION
2025-01-15,Healthcare,30.24,-7.44,DISTRIBUTION
2025-01-15,Hospitals & Diagnostic Centres,28.22,-7.93,DISTRIBUTION
2025-01-15,Hotels & Restaurants,32.96,-6.25,DISTRIBUTION
2025-01-15,"Hotels, Resorts & QSR",33.56,-6.65,DISTRIBUTION
2025-01-15,IT Consulting & Software,24.93,-7.65,DISTRIBUTION
2025-01-15,Information Technology,22.0,-9.42,DISTRIBUTION
2025-01-15,Insurance,20.32,-7.6,LAGGING
2025-01-15,Internet & Digital Platforms,16.2,-9.78,DISTRIBUTION
2025-01-15,Iron & Steel,19.58,-8.16,DISTRIBUTION
2025-01-15,Logistics & Transportation,20.34,-8.48,DISTRIBUTION
2025-01-15,"Logistics, Ports & Supply Chain",16.07,-9.1,DISTRIBUTION
2025-01-15,Lubricants & Specialty Oils,13.11,-11.55,DISTRIBUTION
2025-01-15,Media & Entertainment,26.06,-7.74,DISTRIBUTION
2025-01-15,Metals & Mining,44.12,-3.52,WEAKENING
2025-01-15,Mining & Mineral Products,12.32,-10.33,DISTRIBUTION
2025-01-15,Non Banking Financial Company (NBFC),19.94,-9.23,DISTRIBUTION
2025-01-15,Oil Exploration & Refining,20.2,-9.85,DISTRIBUTION
2025-01-15,Packaged Foods & Consumer Staples,29.84,-4.15,LAGGING
2025-01-15,Packaged Foods & FMCG Staples,32.7,-3.06,LAGGING
2025-01-15,Packaging Materials & Containers,16.41,-10.76,DISTRIBUTION
2025-01-15,Paper & Paper Products,11.65,-10.91,DISTRIBUTION
2025-01-15,Pharmaceuticals,24.33,-8.86,DISTRIBUTION
2025-01-15,Pharmaceuticals & Biotechnology,21.63,-9.51,DISTRIBUTION
2025-01-15,Pipes & Tubes,13.68,-9.86,DISTRIBUTION
2025-01-15,"Plywood, MDF & Laminates",13.75,-11.07,DISTRIBUTION
2025-01-15,Power,14.79,-8.27,LAGGING
2025-01-15,Power Generation & Utilities,25.67,-4.49,LAGGING
2025-01-15,Pumps & Compressors,15.18,-11.06,DISTRIBUTION
2025-01-15,Renewable Energy - Solar & Wind,18.16,-7.73,LAGGING
2025-01-15,Residential & Commercial Real Estate,17.74,-10.44,DISTRIBUTION
2025-01-15,Services,22.57,-9.28,DISTRIBUTION
2025-01-15,Software Products & Digital Services,23.75,-7.37,DISTRIBUTION
2025-01-15,Specialty Chemicals,22.52,-8.43,DISTRIBUTION
2025-01-15,Stockbroking & Financial Products,23.63,-7.65,DISTRIBUTION
2025-01-15,Sugar & Bio-Ethanol,14.4,-8.94,LAGGING
2025-01-15,Tea & Coffee,27.39,-7.72,DISTRIBUTION
2025-01-15,Telecom Services & Infrastructure,25.41,-6.49,LAGGING
2025-01-15,Telecommunication,19.41,-10.04,DISTRIBUTION
2025-01-15,Textiles & Apparel,18.89,-8.56,DISTRIBUTION
2025-01-15,"Textiles, Yarns & Apparel",34.35,-2.33,LAGGING
2025-01-15,Transformers & T&D Equipment,14.13,-11.22,DISTRIBUTION
2025-01-15,Tyres & Rubber Products,18.07,-9.07,DISTRIBUTION
2025-01-15,Wires & Cables,17.42,-10.09,DISTRIBUTION
2025-01-16,API & CDMO / CRAMS,19.24,-9.27,DISTRIBUTION
2025-01-16,Aerospace & Defence,26.24,-7.93,DISTRIBUTION
2025-01-16,Air Conditioners & AC Components,17.4,-9.9,DISTRIBUTION
2025-01-16,Aluminium & Mining,25.32,-5.42,LAGGING
2025-01-16,Auto Parts & Equipment,24.08,-7.7,DISTRIBUTION
2025-01-16,Automobile OEMs,28.81,-5.42,LAGGING
2025-01-16,Banks,31.06,-2.84,LAGGING
2025-01-16,Bearings & Friction Solutions,19.81,-8.21,DISTRIBUTION
2025-01-16,Breweries & Distilleries,29.76,-7.56,DISTRIBUTION
2025-01-16,Capital Goods,22.25,-8.15,DISTRIBUTION
2025-01-16,Capital Markets & Asset Management,19.89,-7.36,LAGGING
2025-01-16,Cement,13.88,-10.16,DISTRIBUTION
2025-01-16,Cement & Clinker,26.13,-6.93,DISTRIBUTION
2025-01-16,Ceramics & Tiles,22.27,-4.02,LAGGING
2025-01-16,Chemicals,21.68,-8.03,DISTRIBUTION
2025-01-16,Civil Construction & Infrastructure,24.48,-7.44,DISTRIBUTION
2025-01-16,Civil Construction & Infrastructure EPC,31.29,-4.29,LAGGING
2025-01-16,Commodity Chemicals,20.59,-6.44,LAGGING
2025-01-16,Consumer Durables,19.66,-8.64,DISTRIBUTION
2025-01-16,Consumer Services,26.32,-8.15,DISTRIBUTION
2025-01-16,Diversified & Fashion Retail,19.58,-9.71,DISTRIBUTION
2025-01-16,Diversified Commercial,26.96,-6.31,DISTRIBUTION
2025-01-16,Diversified Retail,40.31,-2.04,NEUTRAL
2025-01-16,Electronic Manufacturing Services (EMS),80.79,10.09,LEADING
2025-01-16,Fast Moving Consumer Goods,16.15,-9.61,DISTRIBUTION
2025-01-16,Fertilizers & Agrochemicals,30.06,-5.4,LAGGING
2025-01-16,Financial Services,26.06,-6.02,LAGGING
2025-01-16,Healthcare,28.98,-6.28,DISTRIBUTION
2025-01-16,Hospitals & Diagnostic Centres,34.63,-4.87,DISTRIBUTION
2025-01-16,Hotels & Restaurants,31.93,-5.75,DISTRIBUTION
2025-01-16,"Hotels, Resorts & QSR",28.91,-7.63,DISTRIBUTION
2025-01-16,IT Consulting & Software,23.42,-7.12,DISTRIBUTION
2025-01-16,Information Technology,28.73,-7.8,DISTRIBUTION
2025-01-16,Insurance,36.95,-1.36,NEUTRAL
2025-01-16,Internet & Digital Platforms,22.28,-7.01,LAGGING
2025-01-16,Iron & Steel,21.78,-6.85,LAGGING
2025-01-16,Logistics & Transportation,21.46,-7.38,LAGGING
2025-01-16,"Logistics, Ports & Supply Chain",18.78,-7.43,LAGGING
2025-01-16,Lubricants & Specialty Oils,13.11,-11.27,DISTRIBUTION
2025-01-16,Media & Entertainment,25.25,-8.41,DISTRIBUTION
2025-01-16,Metals & Mining,48.74,-1.03,NEUTRAL
2025-01-16,Mining & Mineral Products,25.84,-3.93,LAGGING
2025-01-16,Non Banking Financial Company (NBFC),23.65,-7.11,DISTRIBUTION
2025-01-16,Oil Exploration & Refining,24.67,-6.11,LAGGING
2025-01-16,Packaged Foods & Consumer Staples,24.6,-5.68,LAGGING
2025-01-16,Packaged Foods & FMCG Staples,30.5,-6.17,DISTRIBUTION
2025-01-16,Packaging Materials & Containers,13.26,-11.52,DISTRIBUTION
2025-01-16,Paper & Paper Products,11.29,-10.41,DISTRIBUTION
2025-01-16,Pharmaceuticals,24.35,-8.05,DISTRIBUTION
2025-01-16,Pharmaceuticals & Biotechnology,20.76,-9.72,DISTRIBUTION
2025-01-16,Pipes & Tubes,12.64,-9.95,DISTRIBUTION
2025-01-16,"Plywood, MDF & Laminates",17.7,-8.08,LAGGING
2025-01-16,Power,13.83,-8.99,LAGGING
2025-01-16,Power Generation & Utilities,24.61,-5.0,LAGGING
2025-01-16,Pumps & Compressors,15.09,-10.05,DISTRIBUTION
2025-01-16,Renewable Energy - Solar & Wind,16.58,-8.38,LAGGING
2025-01-16,Residential & Commercial Real Estate,20.33,-8.96,DISTRIBUTION
2025-01-16,Services,27.18,-6.83,DISTRIBUTION
2025-01-16,Software Products & Digital Services,20.78,-8.05,DISTRIBUTION
2025-01-16,Specialty Chemicals,25.79,-8.51,DISTRIBUTION
2025-01-16,Stockbroking & Financial Products,23.26,-6.9,LAGGING
2025-01-16,Sugar & Bio-Ethanol,22.19,-5.61,LAGGING
2025-01-16,Tea & Coffee,31.73,-6.45,DISTRIBUTION
2025-01-16,Telecom Services & Infrastructure,36.49,-1.26,NEUTRAL
2025-01-16,Telecommunication,20.37,-9.81,DISTRIBUTION
2025-01-16,Textiles & Apparel,21.04,-7.39,LAGGING
2025-01-16,"Textiles, Yarns & Apparel",25.14,-5.41,LAGGING
2025-01-16,Transformers & T&D Equipment,19.66,-8.75,DISTRIBUTION
2025-01-16,Tyres & Rubber Products,18.39,-8.0,LAGGING
2025-01-16,Wires & Cables,17.49,-9.01,DISTRIBUTION
2025-01-17,API & CDMO / CRAMS,24.17,-6.19,LAGGING
2025-01-17,Aerospace & Defence,35.12,-2.85,NEUTRAL
2025-01-17,Air Conditioners & AC Components,30.73,-4.62,LAGGING
2025-01-17,Aluminium & Mining,26.67,-4.37,LAGGING
2025-01-17,Auto Parts & Equipment,26.54,-7.42,DISTRIBUTION
2025-01-17,Automobile OEMs,27.71,-5.85,LAGGING
2025-01-17,Banks,28.58,-3.62,LAGGING
2025-01-17,Bearings & Friction Solutions,15.06,-8.98,LAGGING
2025-01-17,Breweries & Distilleries,28.97,-7.36,DISTRIBUTION
2025-01-17,Capital Goods,22.61,-7.28,LAGGING
2025-01-17,Capital Markets & Asset Management,19.75,-7.26,LAGGING
2025-01-17,Cement,14.07,-8.76,LAGGING
2025-01-17,Cement & Clinker,30.11,-4.21,LAGGING
2025-01-17,Ceramics & Tiles,22.93,-4.92,LAGGING
2025-01-17,Chemicals,22.74,-6.21,LAGGING
2025-01-17,Civil Construction & Infrastructure,24.72,-5.94,LAGGING
2025-01-17,Civil Construction & Infrastructure EPC,33.58,-1.82,LAGGING
2025-01-17,Commodity Chemicals,20.84,-5.99,LAGGING
2025-01-17,Consumer Durables,22.5,-6.15,LAGGING
2025-01-17,Consumer Services,34.95,-4.01,LAGGING
2025-01-17,Diversified & Fashion Retail,18.37,-9.39,DISTRIBUTION
2025-01-17,Diversified Commercial,28.59,-5.2,LAGGING
2025-01-17,Diversified Retail,36.3,-2.92,NEUTRAL
2025-01-17,Electronic Manufacturing Services (EMS),81.1,10.16,LEADING
2025-01-17,Fast Moving Consumer Goods,25.28,-6.02,LAGGING
2025-01-17,Fertilizers & Agrochemicals,42.56,0.91,NEUTRAL
2025-01-17,Financial Services,22.76,-7.47,DISTRIBUTION
2025-01-17,Healthcare,36.36,-2.36,NEUTRAL
2025-01-17,Hospitals & Diagnostic Centres,35.94,-2.78,NEUTRAL
2025-01-17,Hotels & Restaurants,33.98,-3.4,LAGGING
2025-01-17,"Hotels, Resorts & QSR",30.51,-5.26,LAGGING
2025-01-17,IT Consulting & Software,22.63,-8.78,DISTRIBUTION
2025-01-17,Information Technology,29.85,-5.11,LAGGING
2025-01-17,Insurance,31.46,-2.08,LAGGING
2025-01-17,Internet & Digital Platforms,24.66,-4.87,LAGGING
2025-01-17,Iron & Steel,22.16,-6.5,LAGGING
2025-01-17,Logistics & Transportation,24.27,-5.76,LAGGING
2025-01-17,"Logistics, Ports & Supply Chain",20.48,-6.61,LAGGING
2025-01-17,Lubricants & Specialty Oils,13.88,-8.97,LAGGING
2025-01-17,Media & Entertainment,26.83,-6.86,DISTRIBUTION
2025-01-17,Metals & Mining,45.17,-0.69,NEUTRAL
2025-01-17,Mining & Mineral Products,24.25,-5.34,LAGGING
2025-01-17,Non Banking Financial Company (NBFC),24.44,-6.16,LAGGING
2025-01-17,Oil Exploration & Refining,32.92,-2.3,LAGGING
2025-01-17,Packaged Foods & Consumer Staples,24.47,-5.61,LAGGING
2025-01-17,Packaged Foods & FMCG Staples,34.25,-3.66,LAGGING
2025-01-17,Packaging Materials & Containers,14.05,-10.61,DISTRIBUTION
2025-01-17,Paper & Paper Products,12.93,-9.38,LAGGING
2025-01-17,Pharmaceuticals,26.2,-5.93,LAGGING
2025-01-17,Pharmaceuticals & Biotechnology,20.75,-8.7,DISTRIBUTION
2025-01-17,Pipes & Tubes,18.22,-7.01,LAGGING
2025-01-17,"Plywood, MDF & Laminates",20.12,-6.63,LAGGING
2025-01-17,Power,22.19,-5.14,LAGGING
2025-01-17,Power Generation & Utilities,24.74,-5.57,LAGGING
2025-01-17,Pumps & Compressors,15.49,-9.02,DISTRIBUTION
2025-01-17,Renewable Energy - Solar & Wind,16.8,-7.81,LAGGING
2025-01-17,Residential & Commercial Real Estate,25.41,-5.95,LAGGING
2025-01-17,Services,31.1,-3.79,LAGGING
2025-01-17,Software Products & Digital Services,22.53,-6.53,LAGGING
2025-01-17,Specialty Chemicals,29.65,-5.18,LAGGING
2025-01-17,Stockbroking & Financial Products,21.94,-7.22,LAGGING
2025-01-17,Sugar & Bio-Ethanol,20.6,-6.32,LAGGING
2025-01-17,Tea & Coffee,32.02,-4.54,LAGGING
2025-01-17,Telecom Services & Infrastructure,37.33,-0.34,NEUTRAL
2025-01-17,Telecommunication,22.41,-7.79,DISTRIBUTION
2025-01-17,Textiles & Apparel,24.09,-5.17,LAGGING
2025-01-17,"Textiles, Yarns & Apparel",26.43,-4.36,LAGGING
2025-01-17,Transformers & T&D Equipment,19.14,-8.18,DISTRIBUTION
2025-01-17,Tyres & Rubber Products,16.29,-8.5,LAGGING
2025-01-17,Wires & Cables,19.43,-7.93,LAGGING
2025-01-20,API & CDMO / CRAMS,43.71,1.19,NEUTRAL
2025-01-20,Aerospace & Defence,40.47,0.41,NEUTRAL
2025-01-20,Air Conditioners & AC Components,30.47,-4.45,LAGGING
2025-01-20,Aluminium & Mining,32.59,-1.48,LAGGING
2025-01-20,Auto Parts & Equipment,25.98,-5.12,LAGGING
2025-01-20,Automobile OEMs,28.9,-3.95,LAGGING
2025-01-20,Banks,36.43,-0.56,NEUTRAL
2025-01-20,Bearings & Friction Solutions,22.41,-5.32,LAGGING
2025-01-20,Breweries & Distilleries,65.87,6.51,ESTABLISHED_LEADER
2025-01-20,Capital Goods,25.48,-4.78,LAGGING
2025-01-20,Capital Markets & Asset Management,20.27,-7.04,LAGGING
2025-01-20,Cement,25.87,-3.84,LAGGING
2025-01-20,Cement & Clinker,33.47,-2.85,LAGGING
2025-01-20,Ceramics & Tiles,27.6,-3.2,LAGGING
2025-01-20,Chemicals,23.08,-5.44,LAGGING
2025-01-20,Civil Construction & Infrastructure,27.97,-3.25,LAGGING
2025-01-20,Civil Construction & Infrastructure EPC,38.23,-0.12,NEUTRAL
2025-01-20,Commodity Chemicals,21.95,-5.38,LAGGING
2025-01-20,Consumer Durables,26.13,-4.72,LAGGING
2025-01-20,Consumer Services,33.81,-1.81,LAGGING
2025-01-20,Diversified & Fashion Retail,21.68,-6.13,LAGGING
2025-01-20,Diversified Commercial,31.48,-3.66,LAGGING
2025-01-20,Diversified Retail,35.92,-2.04,NEUTRAL
2025-01-20,Electronic Manufacturing Services (EMS),22.24,-9.36,DISTRIBUTION
2025-01-20,Fast Moving Consumer Goods,31.47,-1.75,LAGGING
2025-01-20,Fertilizers & Agrochemicals,38.76,0.0,NEUTRAL
2025-01-20,Financial Services,26.75,-4.51,LAGGING
2025-01-20,Healthcare,49.1,2.48,EMERGING_LEADER
2025-01-20,Hospitals & Diagnostic Centres,34.71,-2.54,LAGGING
2025-01-20,Hotels & Restaurants,42.03,0.79,NEUTRAL
2025-01-20,"Hotels, Resorts & QSR",35.11,-1.8,NEUTRAL
2025-01-20,IT Consulting & Software,27.5,-5.35,LAGGING
2025-01-20,Information Technology,44.0,1.26,NEUTRAL
2025-01-20,Insurance,37.77,-0.24,NEUTRAL
2025-01-20,Internet & Digital Platforms,25.83,-4.03,LAGGING
2025-01-20,Iron & Steel,24.75,-4.66,LAGGING
2025-01-20,Logistics & Transportation,30.55,-1.97,LAGGING
2025-01-20,"Logistics, Ports & Supply Chain",19.74,-6.53,LAGGING
2025-01-20,Lubricants & Specialty Oils,15.47,-8.76,LAGGING
2025-01-20,Media & Entertainment,29.53,-4.69,LAGGING
2025-01-20,Metals & Mining,45.79,-0.07,NEUTRAL
2025-01-20,Mining & Mineral Products,21.16,-5.84,LAGGING
2025-01-20,Non Banking Financial Company (NBFC),26.63,-4.13,LAGGING
2025-01-20,Oil Exploration & Refining,31.99,-1.84,LAGGING
2025-01-20,Packaged Foods & Consumer Staples,31.69,-2.04,LAGGING
2025-01-20,Packaged Foods & FMCG Staples,35.14,-2.04,NEUTRAL
2025-01-20,Packaging Materials & Containers,14.64,-8.73,LAGGING
2025-01-20,Paper & Paper Products,16.2,-7.08,LAGGING
2025-01-20,Pharmaceuticals,34.48,-1.99,LAGGING
2025-01-20,Pharmaceuticals & Biotechnology,27.77,-4.68,LAGGING
2025-01-20,Pipes & Tubes,20.4,-5.34,LAGGING
2025-01-20,"Plywood, MDF & Laminates",19.74,-6.2,LAGGING
2025-01-20,Power,18.0,-6.71,LAGGING
2025-01-20,Power Generation & Utilities,26.92,-4.45,LAGGING
2025-01-20,Pumps & Compressors,22.95,-5.47,LAGGING
2025-01-20,Renewable Energy - Solar & Wind,15.74,-7.95,LAGGING
2025-01-20,Residential & Commercial Real Estate,25.29,-4.72,LAGGING
2025-01-20,Services,34.92,-0.92,LAGGING
2025-01-20,Software Products & Digital Services,26.87,-4.15,LAGGING
2025-01-20,Specialty Chemicals,33.06,-2.17,LAGGING
2025-01-20,Stockbroking & Financial Products,25.04,-5.13,LAGGING
2025-01-20,Sugar & Bio-Ethanol,33.52,-1.26,LAGGING
2025-01-20,Tea & Coffee,24.9,-6.31,LAGGING
2025-01-20,Telecom Services & Infrastructure,39.16,0.1,NEUTRAL
2025-01-20,Telecommunication,42.54,0.91,NEUTRAL
2025-01-20,Textiles & Apparel,25.07,-4.42,LAGGING
2025-01-20,"Textiles, Yarns & Apparel",27.06,-3.3,LAGGING
2025-01-20,Transformers & T&D Equipment,17.06,-8.13,LAGGING
2025-01-20,Tyres & Rubber Products,15.86,-8.48,LAGGING
2025-01-20,Wires & Cables,24.13,-4.97,LAGGING
2025-01-21,API & CDMO / CRAMS,27.18,-5.68,LAGGING
2025-01-21,Aerospace & Defence,31.73,-2.96,LAGGING
2025-01-21,Air Conditioners & AC Components,30.02,-4.92,LAGGING
2025-01-21,Aluminium & Mining,27.17,-3.11,LAGGING
2025-01-21,Auto Parts & Equipment,22.49,-6.67,LAGGING
2025-01-21,Automobile OEMs,28.18,-6.68,DISTRIBUTION
2025-01-21,Banks,30.25,-4.0,LAGGING
2025-01-21,Bearings & Friction Solutions,22.15,-5.4,LAGGING
2025-01-21,Breweries & Distilleries,42.65,0.94,NEUTRAL
2025-01-21,Capital Goods,21.91,-6.57,LAGGING
2025-01-21,Capital Markets & Asset Management,20.7,-6.71,LAGGING
2025-01-21,Cement,16.97,-7.23,LAGGING
2025-01-21,Cement & Clinker,31.76,-2.84,LAGGING
2025-01-21,Ceramics & Tiles,26.78,-3.19,LAGGING
2025-01-21,Chemicals,23.08,-5.32,LAGGING
2025-01-21,Civil Construction & Infrastructure,25.76,-4.42,LAGGING
2025-01-21,Civil Construction & Infrastructure EPC,24.56,-5.15,LAGGING
2025-01-21,Commodity Chemicals,25.72,-3.71,LAGGING
2025-01-21,Consumer Durables,21.48,-6.34,LAGGING
2025-01-21,Consumer Services,24.59,-5.48,LAGGING
2025-01-21,Diversified & Fashion Retail,18.4,-7.56,LAGGING
2025-01-21,Diversified Commercial,28.58,-4.19,LAGGING
2025-01-21,Diversified Retail,32.16,-4.54,LAGGING
2025-01-21,Electronic Manufacturing Services (EMS),59.49,4.98,EMERGING_LEADER
2025-01-21,Fast Moving Consumer Goods,28.85,-3.34,LAGGING
2025-01-21,Fertilizers & Agrochemicals,33.58,-1.24,LAGGING
2025-01-21,Financial Services,17.68,-9.18,DISTRIBUTION
2025-01-21,Healthcare,36.14,-2.26,NEUTRAL
2025-01-21,Hospitals & Diagnostic Centres,32.43,-4.07,LAGGING
2025-01-21,Hotels & Restaurants,31.92,-3.57,LAGGING
2025-01-21,"Hotels, Resorts & QSR",25.1,-6.25,LAGGING
2025-01-21,IT Consulting & Software,23.43,-7.02,LAGGING
2025-01-21,Information Technology,30.57,-3.74,LAGGING
2025-01-21,Insurance,31.94,-1.75,LAGGING
2025-01-21,Internet & Digital Platforms,22.45,-5.07,LAGGING
2025-01-21,Iron & Steel,22.13,-6.17,LAGGING
2025-01-21,Logistics & Transportation,23.61,-5.3,LAGGING
2025-01-21,"Logistics, Ports & Supply Chain",16.67,-7.77,LAGGING
2025-01-21,Lubricants & Specialty Oils,15.44,-7.84,LAGGING
2025-01-21,Media & Entertainment,24.6,-6.86,DISTRIBUTION
2025-01-21,Metals & Mining,34.84,-5.58,DISTRIBUTION
2025-01-21,Mining & Mineral Products,15.73,-7.81,LAGGING
2025-01-21,Non Banking Financial Company (NBFC),25.55,-4.7,LAGGING
2025-01-21,Oil Exploration & Refining,32.45,-1.95,LAGGING
2025-01-21,Packaged Foods & Consumer Staples,25.12,-5.34,LAGGING
2025-01-21,Packaged Foods & FMCG Staples,37.54,-1.29,NEUTRAL
2025-01-21,Packaging Materials & Containers,14.44,-8.95,LAGGING
2025-01-21,Paper & Paper Products,13.03,-8.53,LAGGING
2025-01-21,Pharmaceuticals,26.94,-4.97,LAGGING
2025-01-21,Pharmaceuticals & Biotechnology,21.76,-7.72,DISTRIBUTION
2025-01-21,Pipes & Tubes,25.87,-3.49,LAGGING
2025-01-21,"Plywood, MDF & Laminates",33.31,-1.31,LAGGING
2025-01-21,Power,19.86,-6.79,LAGGING
2025-01-21,Power Generation & Utilities,24.25,-6.73,LAGGING
2025-01-21,Pumps & Compressors,20.6,-6.18,LAGGING
2025-01-21,Renewable Energy - Solar & Wind,15.43,-9.42,DISTRIBUTION
2025-01-21,Residential & Commercial Real Estate,30.73,-2.42,LAGGING
2025-01-21,Services,24.79,-5.05,LAGGING
2025-01-21,Software Products & Digital Services,25.39,-4.71,LAGGING
2025-01-21,Specialty Chemicals,32.32,-2.36,LAGGING
2025-01-21,Stockbroking & Financial Products,24.39,-6.49,LAGGING
2025-01-21,Sugar & Bio-Ethanol,23.68,-5.1,LAGGING
2025-01-21,Tea & Coffee,30.83,-3.51,LAGGING
2025-01-21,Telecom Services & Infrastructure,34.32,-1.56,LAGGING
2025-01-21,Telecommunication,28.35,-3.96,LAGGING
2025-01-21,Textiles & Apparel,21.47,-6.62,LAGGING
2025-01-21,"Textiles, Yarns & Apparel",23.27,-5.08,LAGGING
2025-01-21,Transformers & T&D Equipment,16.57,-8.59,LAGGING
2025-01-21,Tyres & Rubber Products,15.99,-8.49,LAGGING
2025-01-21,Wires & Cables,20.65,-6.41,LAGGING
2025-01-22,API & CDMO / CRAMS,29.42,-2.8,LAGGING
2025-01-22,Aerospace & Defence,27.21,-4.4,LAGGING
2025-01-22,Air Conditioners & AC Components,30.87,-5.87,DISTRIBUTION
2025-01-22,Aluminium & Mining,26.65,-5.07,LAGGING
2025-01-22,Auto Parts & Equipment,20.37,-7.46,LAGGING
2025-01-22,Automobile OEMs,29.6,-4.94,LAGGING
2025-01-22,Banks,33.68,-2.4,LAGGING
2025-01-22,Bearings & Friction Solutions,26.17,-3.87,LAGGING
2025-01-22,Breweries & Distilleries,35.15,-1.49,NEUTRAL
2025-01-22,Capital Goods,21.45,-6.66,LAGGING
2025-01-22,Capital Markets & Asset Management,19.3,-7.7,LAGGING
2025-01-22,Cement,18.08,-7.08,LAGGING
2025-01-22,Cement & Clinker,30.3,-3.62,LAGGING
2025-01-22,Ceramics & Tiles,27.01,-3.92,LAGGING
2025-01-22,Chemicals,22.17,-6.62,LAGGING
2025-01-22,Civil Construction & Infrastructure,22.84,-5.95,LAGGING
2025-01-22,Civil Construction & Infrastructure EPC,23.83,-5.08,LAGGING
2025-01-22,Commodity Chemicals,20.07,-6.25,LAGGING
2025-01-22,Consumer Durables,20.77,-6.71,LAGGING
2025-01-22,Consumer Services,21.72,-6.73,LAGGING
2025-01-22,Diversified & Fashion Retail,15.41,-10.34,DISTRIBUTION
2025-01-22,Diversified Commercial,25.72,-5.57,LAGGING
2025-01-22,Diversified Retail,29.26,-6.26,DISTRIBUTION
2025-01-22,Electronic Manufacturing Services (EMS),57.55,4.51,EMERGING_LEADER
2025-01-22,Fast Moving Consumer Goods,27.08,-3.86,LAGGING
2025-01-22,Fertilizers & Agrochemicals,28.2,-3.67,LAGGING
2025-01-22,Financial Services,19.0,-7.31,LAGGING
2025-01-22,Healthcare,38.52,-1.26,NEUTRAL
2025-01-22,Hospitals & Diagnostic Centres,29.15,-4.84,LAGGING
2025-01-22,Hotels & Restaurants,28.08,-6.14,DISTRIBUTION
2025-01-22,"Hotels, Resorts & QSR",20.96,-9.24,DISTRIBUTION
2025-01-22,IT Consulting & Software,24.73,-6.1,LAGGING
2025-01-22,Information Technology,25.63,-5.2,LAGGING
2025-01-22,Insurance,21.36,-6.69,LAGGING
2025-01-22,Internet & Digital Platforms,22.75,-5.36,LAGGING
2025-01-22,Iron & Steel,21.3,-6.58,LAGGING
2025-01-22,Logistics & Transportation,21.51,-6.63,LAGGING
2025-01-22,"Logistics, Ports & Supply Chain",15.79,-8.26,LAGGING
2025-01-22,Lubricants & Specialty Oils,14.77,-8.16,LAGGING
2025-01-22,Media & Entertainment,22.93,-7.06,LAGGING
2025-01-22,Metals & Mining,35.14,-5.18,WEAKENING
2025-01-22,Mining & Mineral Products,8.11,-10.81,DISTRIBUTION
2025-01-22,Non Banking Financial Company (NBFC),25.75,-4.77,LAGGING
2025-01-22,Oil Exploration & Refining,27.26,-4.19,LAGGING
2025-01-22,Packaged Foods & Consumer Staples,23.08,-7.68,DISTRIBUTION
2025-01-22,Packaged Foods & FMCG Staples,36.73,-2.46,NEUTRAL
2025-01-22,Packaging Materials & Containers,15.22,-8.56,LAGGING
2025-01-22,Paper & Paper Products,13.13,-8.58,LAGGING
2025-01-22,Pharmaceuticals,26.03,-5.45,LAGGING
2025-01-22,Pharmaceuticals & Biotechnology,19.5,-7.7,LAGGING
2025-01-22,Pipes & Tubes,18.43,-6.72,LAGGING
2025-01-22,"Plywood, MDF & Laminates",32.5,-1.5,LAGGING
2025-01-22,Power,22.02,-5.41,LAGGING
2025-01-22,Power Generation & Utilities,23.04,-6.94,LAGGING
2025-01-22,Pumps & Compressors,22.98,-5.08,LAGGING
2025-01-22,Renewable Energy - Solar & Wind,15.97,-8.56,LAGGING
2025-01-22,Residential & Commercial Real Estate,23.51,-5.32,LAGGING
2025-01-22,Services,25.6,-5.31,LAGGING
2025-01-22,Software Products & Digital Services,21.18,-7.38,LAGGING
2025-01-22,Specialty Chemicals,27.85,-4.36,LAGGING
2025-01-22,Stockbroking & Financial Products,24.94,-5.78,LAGGING
2025-01-22,Sugar & Bio-Ethanol,18.72,-6.73,LAGGING
2025-01-22,Tea & Coffee,36.47,-1.61,NEUTRAL
2025-01-22,Telecom Services & Infrastructure,32.21,-3.05,LAGGING
2025-01-22,Telecommunication,18.28,-7.82,LAGGING
2025-01-22,Textiles & Apparel,19.6,-7.17,LAGGING
2025-01-22,"Textiles, Yarns & Apparel",20.42,-9.61,DISTRIBUTION
2025-01-22,Transformers & T&D Equipment,13.73,-8.78,LAGGING
2025-01-22,Tyres & Rubber Products,14.98,-8.96,LAGGING
2025-01-22,Wires & Cables,18.85,-7.22,LAGGING
2025-01-23,API & CDMO / CRAMS,33.51,-1.39,LAGGING
2025-01-23,Aerospace & Defence,32.33,-3.14,LAGGING
2025-01-23,Air Conditioners & AC Components,17.5,-10.5,DISTRIBUTION
2025-01-23,Aluminium & Mining,25.63,-5.79,LAGGING
2025-01-23,Auto Parts & Equipment,21.55,-7.28,LAGGING
2025-01-23,Automobile OEMs,29.33,-4.87,LAGGING
2025-01-23,Banks,29.44,-5.23,LAGGING
2025-01-23,Bearings & Friction Solutions,26.46,-4.45,LAGGING
2025-01-23,Breweries & Distilleries,39.04,-0.96,NEUTRAL
2025-01-23,Capital Goods,21.01,-7.18,LAGGING
2025-01-23,Capital Markets & Asset Management,17.54,-8.21,LAGGING
2025-01-23,Cement,28.45,-2.55,LAGGING
2025-01-23,Cement & Clinker,35.68,-1.72,NEUTRAL
2025-01-23,Ceramics & Tiles,28.61,-3.99,LAGGING
2025-01-23,Chemicals,24.58,-5.58,LAGGING
2025-01-23,Civil Construction & Infrastructure,22.93,-6.78,LAGGING
2025-01-23,Civil Construction & Infrastructure EPC,20.91,-8.85,DISTRIBUTION
2025-01-23,Commodity Chemicals,21.16,-6.82,LAGGING
2025-01-23,Consumer Durables,21.46,-6.53,LAGGING
2025-01-23,Consumer Services,16.59,-9.77,DISTRIBUTION
2025-01-23,Diversified & Fashion Retail,20.82,-6.78,LAGGING
2025-01-23,Diversified Commercial,25.66,-6.08,LAGGING
2025-01-23,Diversified Retail,30.88,-6.29,DISTRIBUTION
2025-01-23,Electronic Manufacturing Services (EMS),11.13,-12.03,DISTRIBUTION
2025-01-23,Fast Moving Consumer Goods,27.5,-3.36,LAGGING
2025-01-23,Fertilizers & Agrochemicals,34.46,-2.94,LAGGING
2025-01-23,Financial Services,16.22,-9.88,DISTRIBUTION
2025-01-23,Healthcare,45.48,1.62,EMERGING_LEADER
2025-01-23,Hospitals & Diagnostic Centres,30.73,-5.33,LAGGING
2025-01-23,Hotels & Restaurants,26.4,-6.66,DISTRIBUTION
2025-01-23,"Hotels, Resorts & QSR",19.53,-9.0,DISTRIBUTION
2025-01-23,IT Consulting & Software,38.54,-0.05,NEUTRAL
2025-01-23,Information Technology,28.56,-5.18,LAGGING
2025-01-23,Insurance,36.76,-3.21,NEUTRAL
2025-01-23,Internet & Digital Platforms,22.66,-6.49,LAGGING
2025-01-23,Iron & Steel,22.65,-6.41,LAGGING
2025-01-23,Logistics & Transportation,21.89,-6.67,LAGGING
2025-01-23,"Logistics, Ports & Supply Chain",15.49,-8.87,LAGGING
2025-01-23,Lubricants & Specialty Oils,14.36,-8.33,LAGGING
2025-01-23,Media & Entertainment,24.94,-6.07,LAGGING
2025-01-23,Metals & Mining,45.04,-1.86,NEUTRAL
2025-01-23,Mining & Mineral Products,7.56,-12.89,DISTRIBUTION
2025-01-23,Non Banking Financial Company (NBFC),27.74,-4.61,LAGGING
2025-01-23,Oil Exploration & Refining,27.67,-4.82,LAGGING
2025-01-23,Packaged Foods & Consumer Staples,24.16,-6.28,LAGGING
2025-01-23,Packaged Foods & FMCG Staples,37.56,-1.71,NEUTRAL
2025-01-23,Packaging Materials & Containers,12.97,-8.94,LAGGING
2025-01-23,Paper & Paper Products,14.45,-7.96,LAGGING
2025-01-23,Pharmaceuticals,25.05,-5.86,LAGGING
2025-01-23,Pharmaceuticals & Biotechnology,27.5,-4.19,LAGGING
2025-01-23,Pipes & Tubes,22.4,-4.87,LAGGING
2025-01-23,"Plywood, MDF & Laminates",33.25,-1.32,LAGGING
2025-01-23,Power,17.77,-7.03,LAGGING
2025-01-23,Power Generation & Utilities,23.6,-6.52,LAGGING
2025-01-23,Pumps & Compressors,15.7,-8.12,LAGGING
2025-01-23,Renewable Energy - Solar & Wind,14.21,-9.02,LAGGING
2025-01-23,Residential & Commercial Real Estate,22.43,-6.24,LAGGING
2025-01-23,Services,25.21,-6.3,LAGGING
2025-01-23,Software Products & Digital Services,22.18,-6.42,LAGGING
2025-01-23,Specialty Chemicals,30.26,-3.93,LAGGING
2025-01-23,Stockbroking & Financial Products,23.73,-6.22,LAGGING
2025-01-23,Sugar & Bio-Ethanol,17.93,-8.46,DISTRIBUTION
2025-01-23,Tea & Coffee,28.63,-5.69,LAGGING
2025-01-23,Telecom Services & Infrastructure,34.51,-4.07,LAGGING
2025-01-23,Telecommunication,26.6,-4.49,LAGGING
2025-01-23,Textiles & Apparel,20.57,-7.15,LAGGING
2025-01-23,"Textiles, Yarns & Apparel",20.11,-8.08,DISTRIBUTION
2025-01-23,Transformers & T&D Equipment,12.96,-10.1,DISTRIBUTION
2025-01-23,Tyres & Rubber Products,15.93,-8.62,LAGGING
2025-01-23,Wires & Cables,18.56,-7.35,LAGGING
2025-01-24,API & CDMO / CRAMS,31.04,-3.31,LAGGING
2025-01-24,Aerospace & Defence,30.75,-5.41,DISTRIBUTION
2025-01-24,Air Conditioners & AC Components,44.06,1.1,NEUTRAL
2025-01-24,Aluminium & Mining,19.59,-8.57,DISTRIBUTION
2025-01-24,Auto Parts & Equipment,19.9,-8.42,DISTRIBUTION
2025-01-24,Automobile OEMs,28.68,-4.94,LAGGING
2025-01-24,Banks,25.63,-6.38,LAGGING
2025-01-24,Bearings & Friction Solutions,21.59,-5.64,LAGGING
2025-01-24,Breweries & Distilleries,35.15,-2.45,NEUTRAL
2025-01-24,Capital Goods,20.57,-7.43,LAGGING
2025-01-24,Capital Markets & Asset Management,17.76,-8.1,LAGGING
2025-01-24,Cement,21.44,-5.53,LAGGING
2025-01-24,Cement & Clinker,26.55,-6.27,LAGGING
2025-01-24,Ceramics & Tiles,29.41,-3.78,LAGGING
2025-01-24,Chemicals,22.55,-6.62,LAGGING
2025-01-24,Civil Construction & Infrastructure,20.28,-7.93,DISTRIBUTION
2025-01-24,Civil Construction & Infrastructure EPC,19.3,-9.94,DISTRIBUTION
2025-01-24,Commodity Chemicals,19.19,-7.69,LAGGING
2025-01-24,Consumer Durables,18.73,-8.18,LAGGING
2025-01-24,Consumer Services,12.09,-11.8,DISTRIBUTION
2025-01-24,Diversified & Fashion Retail,16.27,-8.47,LAGGING
2025-01-24,Diversified Commercial,23.46,-7.29,DISTRIBUTION
2025-01-24,Diversified Retail,27.95,-6.8,DISTRIBUTION
2025-01-24,Electronic Manufacturing Services (EMS),14.54,-8.61,LAGGING
2025-01-24,Fast Moving Consumer Goods,18.36,-8.84,DISTRIBUTION
2025-01-24,Fertilizers & Agrochemicals,28.09,-7.86,DISTRIBUTION
2025-01-24,Financial Services,17.22,-8.86,DISTRIBUTION
2025-01-24,Healthcare,26.76,-7.31,DISTRIBUTION
2025-01-24,Hospitals & Diagnostic Centres,29.22,-6.2,DISTRIBUTION
2025-01-24,Hotels & Restaurants,21.2,-9.21,DISTRIBUTION
2025-01-24,"Hotels, Resorts & QSR",13.36,-11.49,DISTRIBUTION
2025-01-24,IT Consulting & Software,38.95,0.05,NEUTRAL
2025-01-24,Information Technology,31.4,-4.19,LAGGING
2025-01-24,Insurance,16.46,-10.75,DISTRIBUTION
2025-01-24,Internet & Digital Platforms,16.19,-9.64,DISTRIBUTION
2025-01-24,Iron & Steel,21.68,-6.88,LAGGING
2025-01-24,Logistics & Transportation,20.91,-7.59,LAGGING
2025-01-24,"Logistics, Ports & Supply Chain",15.04,-9.37,DISTRIBUTION
2025-01-24,Lubricants & Specialty Oils,14.67,-8.34,LAGGING
2025-01-24,Media & Entertainment,20.97,-8.02,DISTRIBUTION
2025-01-24,Metals & Mining,32.03,-6.68,DISTRIBUTION
2025-01-24,Mining & Mineral Products,17.1,-9.18,DISTRIBUTION
2025-01-24,Non Banking Financial Company (NBFC),28.39,-4.48,LAGGING
2025-01-24,Oil Exploration & Refining,22.84,-8.33,DISTRIBUTION
2025-01-24,Packaged Foods & Consumer Staples,17.76,-8.95,DISTRIBUTION
2025-01-24,Packaged Foods & FMCG Staples,37.94,-2.23,NEUTRAL
2025-01-24,Packaging Materials & Containers,11.12,-9.86,LAGGING
2025-01-24,Paper & Paper Products,14.5,-8.24,LAGGING
2025-01-24,Pharmaceuticals,24.48,-6.43,LAGGING
2025-01-24,Pharmaceuticals & Biotechnology,18.76,-7.86,LAGGING
2025-01-24,Pipes & Tubes,18.07,-7.69,LAGGING
2025-01-24,"Plywood, MDF & Laminates",31.42,-2.43,LAGGING
2025-01-24,Power,14.05,-10.09,DISTRIBUTION
2025-01-24,Power Generation & Utilities,20.52,-7.83,DISTRIBUTION
2025-01-24,Pumps & Compressors,13.45,-9.14,LAGGING
2025-01-24,Renewable Energy - Solar & Wind,10.26,-10.71,DISTRIBUTION
2025-01-24,Residential & Commercial Real Estate,19.73,-8.29,DISTRIBUTION
2025-01-24,Services,24.96,-7.11,DISTRIBUTION
2025-01-24,Software Products & Digital Services,19.99,-7.66,LAGGING
2025-01-24,Specialty Chemicals,25.63,-6.57,DISTRIBUTION
2025-01-24,Stockbroking & Financial Products,21.62,-6.87,LAGGING
2025-01-24,Sugar & Bio-Ethanol,16.79,-8.66,LAGGING
2025-01-24,Tea & Coffee,25.42,-7.09,DISTRIBUTION
2025-01-24,Telecom Services & Infrastructure,34.4,-4.27,LAGGING
2025-01-24,Telecommunication,17.39,-8.73,DISTRIBUTION
2025-01-24,Textiles & Apparel,17.97,-8.79,DISTRIBUTION
2025-01-24,"Textiles, Yarns & Apparel",20.01,-8.35,DISTRIBUTION
2025-01-24,Transformers & T&D Equipment,12.55,-10.17,DISTRIBUTION
2025-01-24,Tyres & Rubber Products,13.12,-9.42,LAGGING
2025-01-24,Wires & Cables,16.13,-8.72,LAGGING
2025-01-27,API & CDMO / CRAMS,19.19,-10.09,DISTRIBUTION
2025-01-27,Aerospace & Defence,27.0,-7.94,DISTRIBUTION
2025-01-27,Air Conditioners & AC Components,19.83,-7.88,LAGGING
2025-01-27,Aluminium & Mining,15.38,-11.01,DISTRIBUTION
2025-01-27,Auto Parts & Equipment,20.29,-8.15,DISTRIBUTION
2025-01-27,Automobile OEMs,26.79,-5.95,LAGGING
2025-01-27,Banks,25.11,-8.01,DISTRIBUTION
2025-01-27,Bearings & Friction Solutions,19.83,-7.71,LAGGING
2025-01-27,Breweries & Distilleries,27.3,-8.15,DISTRIBUTION
2025-01-27,Capital Goods,16.46,-9.67,DISTRIBUTION
2025-01-27,Capital Markets & Asset Management,16.52,-8.71,LAGGING
2025-01-27,Cement,31.23,-3.54,LAGGING
2025-01-27,Cement & Clinker,32.95,-4.19,LAGGING
2025-01-27,Ceramics & Tiles,27.67,-5.35,LAGGING
2025-01-27,Chemicals,18.98,-8.18,DISTRIBUTION
2025-01-27,Civil Construction & Infrastructure,16.86,-9.95,DISTRIBUTION
2025-01-27,Civil Construction & Infrastructure EPC,18.98,-10.14,DISTRIBUTION
2025-01-27,Commodity Chemicals,16.61,-8.97,DISTRIBUTION
2025-01-27,Consumer Durables,13.15,-11.18,DISTRIBUTION
2025-01-27,Consumer Services,16.81,-10.67,DISTRIBUTION
2025-01-27,Diversified & Fashion Retail,13.23,-10.35,DISTRIBUTION
2025-01-27,Diversified Commercial,21.18,-8.77,DISTRIBUTION
2025-01-27,Diversified Retail,27.24,-7.02,DISTRIBUTION
2025-01-27,Electronic Manufacturing Services (EMS),14.56,-8.56,LAGGING
2025-01-27,Fast Moving Consumer Goods,18.73,-9.8,DISTRIBUTION
2025-01-27,Fertilizers & Agrochemicals,23.09,-9.16,DISTRIBUTION
2025-01-27,Financial Services,14.81,-10.59,DISTRIBUTION
2025-01-27,Healthcare,18.53,-10.25,DISTRIBUTION
2025-01-27,Hospitals & Diagnostic Centres,21.13,-9.37,DISTRIBUTION
2025-01-27,Hotels & Restaurants,20.68,-9.74,DISTRIBUTION
2025-01-27,"Hotels, Resorts & QSR",12.59,-11.68,DISTRIBUTION
2025-01-27,IT Consulting & Software,29.11,-4.72,LAGGING
2025-01-27,Information Technology,15.8,-10.91,DISTRIBUTION
2025-01-27,Insurance,15.04,-11.09,DISTRIBUTION
2025-01-27,Internet & Digital Platforms,14.61,-10.51,DISTRIBUTION
2025-01-27,Iron & Steel,19.42,-8.3,DISTRIBUTION
2025-01-27,Logistics & Transportation,20.77,-8.78,DISTRIBUTION
2025-01-27,"Logistics, Ports & Supply Chain",17.38,-8.25,LAGGING
2025-01-27,Lubricants & Specialty Oils,14.6,-8.65,LAGGING
2025-01-27,Media & Entertainment,29.26,-5.03,LAGGING
2025-01-27,Metals & Mining,25.69,-8.53,DISTRIBUTION
2025-01-27,Mining & Mineral Products,14.93,-9.54,DISTRIBUTION
2025-01-27,Non Banking Financial Company (NBFC),20.12,-8.34,DISTRIBUTION
2025-01-27,Oil Exploration & Refining,15.34,-11.02,DISTRIBUTION
2025-01-27,Packaged Foods & Consumer Staples,20.11,-9.26,DISTRIBUTION
2025-01-27,Packaged Foods & FMCG Staples,30.98,-5.31,DISTRIBUTION
2025-01-27,Packaging Materials & Containers,12.53,-9.37,LAGGING
2025-01-27,Paper & Paper Products,15.75,-8.3,LAGGING
2025-01-27,Pharmaceuticals,21.23,-9.29,DISTRIBUTION
2025-01-27,Pharmaceuticals & Biotechnology,15.41,-10.53,DISTRIBUTION
2025-01-27,Pipes & Tubes,14.29,-9.67,DISTRIBUTION
2025-01-27,"Plywood, MDF & Laminates",16.32,-8.7,LAGGING
2025-01-27,Power,9.28,-11.34,DISTRIBUTION
2025-01-27,Power Generation & Utilities,19.55,-8.63,DISTRIBUTION
2025-01-27,Pumps & Compressors,14.46,-10.06,DISTRIBUTION
2025-01-27,Renewable Energy - Solar & Wind,10.92,-10.25,DISTRIBUTION
2025-01-27,Residential & Commercial Real Estate,22.83,-6.96,LAGGING
2025-01-27,Services,18.89,-10.17,DISTRIBUTION
2025-01-27,Software Products & Digital Services,18.83,-8.93,DISTRIBUTION
2025-01-27,Specialty Chemicals,20.97,-9.14,DISTRIBUTION
2025-01-27,Stockbroking & Financial Products,21.43,-7.51,LAGGING
2025-01-27,Sugar & Bio-Ethanol,18.57,-10.23,DISTRIBUTION
2025-01-27,Tea & Coffee,22.32,-7.11,LAGGING
2025-01-27,Telecom Services & Infrastructure,28.62,-7.03,DISTRIBUTION
2025-01-27,Telecommunication,13.68,-11.42,DISTRIBUTION
2025-01-27,Textiles & Apparel,15.54,-9.99,DISTRIBUTION
2025-01-27,"Textiles, Yarns & Apparel",17.45,-9.54,DISTRIBUTION
2025-01-27,Transformers & T&D Equipment,11.55,-10.22,DISTRIBUTION
2025-01-27,Tyres & Rubber Products,14.98,-8.56,LAGGING
2025-01-27,Wires & Cables,14.71,-10.17,DISTRIBUTION
2025-01-28,API & CDMO / CRAMS,15.21,-10.5,DISTRIBUTION
2025-01-28,Aerospace & Defence,22.0,-8.47,DISTRIBUTION
2025-01-28,Air Conditioners & AC Components,19.38,-8.61,DISTRIBUTION
2025-01-28,Aluminium & Mining,15.25,-10.49,DISTRIBUTION
2025-01-28,Auto Parts & Equipment,16.6,-9.08,DISTRIBUTION
2025-01-28,Automobile OEMs,29.52,-4.67,LAGGING
2025-01-28,Banks,27.77,-5.78,LAGGING
2025-01-28,Bearings & Friction Solutions,16.57,-9.03,DISTRIBUTION
2025-01-28,Breweries & Distilleries,19.72,-9.97,DISTRIBUTION
2025-01-28,Capital Goods,18.27,-8.27,LAGGING
2025-01-28,Capital Markets & Asset Management,13.46,-10.07,DISTRIBUTION
2025-01-28,Cement,17.09,-7.88,LAGGING
2025-01-28,Cement & Clinker,23.25,-7.95,DISTRIBUTION
2025-01-28,Ceramics & Tiles,23.06,-7.14,LAGGING
2025-01-28,Chemicals,15.68,-9.57,DISTRIBUTION
2025-01-28,Civil Construction & Infrastructure,15.06,-10.31,DISTRIBUTION
2025-01-28,Civil Construction & Infrastructure EPC,18.08,-8.83,DISTRIBUTION
2025-01-28,Commodity Chemicals,16.53,-9.69,DISTRIBUTION
2025-01-28,Consumer Durables,13.94,-10.01,DISTRIBUTION
2025-01-28,Consumer Services,13.06,-10.94,DISTRIBUTION
2025-01-28,Diversified & Fashion Retail,12.98,-9.86,DISTRIBUTION
2025-01-28,Diversified Commercial,20.02,-8.74,DISTRIBUTION
2025-01-28,Diversified Retail,21.19,-8.89,DISTRIBUTION
2025-01-28,Electronic Manufacturing Services (EMS),15.1,-7.44,LAGGING
2025-01-28,Fast Moving Consumer Goods,17.49,-9.85,DISTRIBUTION
2025-01-28,Fertilizers & Agrochemicals,18.11,-10.35,DISTRIBUTION
2025-01-28,Financial Services,15.62,-8.62,LAGGING
2025-01-28,Healthcare,19.64,-9.99,DISTRIBUTION
2025-01-28,Hospitals & Diagnostic Centres,19.76,-9.54,DISTRIBUTION
2025-01-28,Hotels & Restaurants,20.3,-9.22,DISTRIBUTION
2025-01-28,"Hotels, Resorts & QSR",12.6,-11.23,DISTRIBUTION
2025-01-28,IT Consulting & Software,22.18,-6.9,LAGGING
2025-01-28,Information Technology,13.56,-11.45,DISTRIBUTION
2025-01-28,Insurance,15.57,-10.96,DISTRIBUTION
2025-01-28,Internet & Digital Platforms,14.5,-9.95,DISTRIBUTION
2025-01-28,Iron & Steel,16.65,-8.99,DISTRIBUTION
2025-01-28,Logistics & Transportation,19.13,-8.22,DISTRIBUTION
2025-01-28,"Logistics, Ports & Supply Chain",15.15,-8.64,LAGGING
2025-01-28,Lubricants & Specialty Oils,13.47,-9.12,LAGGING
2025-01-28,Media & Entertainment,16.37,-9.55,DISTRIBUTION
2025-01-28,Metals & Mining,22.41,-8.86,DISTRIBUTION
2025-01-28,Mining & Mineral Products,14.87,-8.59,LAGGING
2025-01-28,Non Banking Financial Company (NBFC),21.71,-7.48,LAGGING
2025-01-28,Oil Exploration & Refining,16.8,-10.67,DISTRIBUTION
2025-01-28,Packaged Foods & Consumer Staples,15.89,-9.85,DISTRIBUTION
2025-01-28,Packaged Foods & FMCG Staples,30.88,-5.79,DISTRIBUTION
2025-01-28,Packaging Materials & Containers,13.5,-8.93,LAGGING
2025-01-28,Paper & Paper Products,13.11,-8.84,LAGGING
2025-01-28,Pharmaceuticals,18.01,-9.28,DISTRIBUTION
2025-01-28,Pharmaceuticals & Biotechnology,14.38,-9.88,DISTRIBUTION
2025-01-28,Pipes & Tubes,12.78,-11.29,DISTRIBUTION
2025-01-28,"Plywood, MDF & Laminates",19.96,-9.61,DISTRIBUTION
2025-01-28,Power,10.27,-11.26,DISTRIBUTION
2025-01-28,Power Generation & Utilities,13.81,-10.56,DISTRIBUTION
2025-01-28,Pumps & Compressors,13.77,-9.92,DISTRIBUTION
2025-01-28,Renewable Energy - Solar & Wind,12.03,-9.72,LAGGING
2025-01-28,Residential & Commercial Real Estate,16.93,-10.42,DISTRIBUTION
2025-01-28,Services,14.77,-10.26,DISTRIBUTION
2025-01-28,Software Products & Digital Services,17.43,-9.25,DISTRIBUTION
2025-01-28,Specialty Chemicals,18.74,-9.95,DISTRIBUTION
2025-01-28,Stockbroking & Financial Products,18.09,-8.79,DISTRIBUTION
2025-01-28,Sugar & Bio-Ethanol,14.83,-10.03,DISTRIBUTION
2025-01-28,Tea & Coffee,22.59,-8.06,DISTRIBUTION
2025-01-28,Telecom Services & Infrastructure,30.57,-5.34,LAGGING
2025-01-28,Telecommunication,15.39,-10.64,DISTRIBUTION
2025-01-28,Textiles & Apparel,13.54,-10.18,DISTRIBUTION
2025-01-28,"Textiles, Yarns & Apparel",13.45,-10.54,DISTRIBUTION
2025-01-28,Transformers & T&D Equipment,15.61,-8.43,LAGGING
2025-01-28,Tyres & Rubber Products,15.81,-8.24,LAGGING
2025-01-28,Wires & Cables,14.74,-9.53,DISTRIBUTION
2025-01-29,API & CDMO / CRAMS,12.82,-11.62,DISTRIBUTION
2025-01-29,Aerospace & Defence,26.5,-5.77,LAGGING
2025-01-29,Air Conditioners & AC Components,18.73,-7.7,LAGGING
2025-01-29,Aluminium & Mining,14.77,-10.59,DISTRIBUTION
2025-01-29,Auto Parts & Equipment,19.2,-7.6,LAGGING
2025-01-29,Automobile OEMs,32.59,-3.64,LAGGING
2025-01-29,Banks,29.62,-5.62,DISTRIBUTION
2025-01-29,Bearings & Friction Solutions,14.21,-10.74,DISTRIBUTION
2025-01-29,Breweries & Distilleries,28.42,-6.39,DISTRIBUTION
2025-01-29,Capital Goods,15.58,-9.32,DISTRIBUTION
2025-01-29,Capital Markets & Asset Management,13.73,-9.71,DISTRIBUTION
2025-01-29,Cement,13.94,-9.4,DISTRIBUTION
2025-01-29,Cement & Clinker,31.13,-4.38,LAGGING
2025-01-29,Ceramics & Tiles,19.92,-8.5,DISTRIBUTION
2025-01-29,Chemicals,24.73,-5.6,LAGGING
2025-01-29,Civil Construction & Infrastructure,13.81,-10.31,DISTRIBUTION
2025-01-29,Civil Construction & Infrastructure EPC,20.17,-7.82,LAGGING
2025-01-29,Commodity Chemicals,17.79,-8.14,LAGGING
2025-01-29,Consumer Durables,15.73,-9.13,DISTRIBUTION
2025-01-29,Consumer Services,18.47,-8.15,LAGGING
2025-01-29,Diversified & Fashion Retail,14.87,-8.53,LAGGING
2025-01-29,Diversified Commercial,20.24,-8.13,DISTRIBUTION
2025-01-29,Diversified Retail,25.75,-6.45,LAGGING
2025-01-29,Electronic Manufacturing Services (EMS),16.27,-8.06,LAGGING
2025-01-29,Fast Moving Consumer Goods,17.82,-9.39,DISTRIBUTION
2025-01-29,Fertilizers & Agrochemicals,24.47,-6.8,LAGGING
2025-01-29,Financial Services,21.2,-6.52,LAGGING
2025-01-29,Healthcare,16.34,-10.78,DISTRIBUTION
2025-01-29,Hospitals & Diagnostic Centres,25.54,-6.52,LAGGING
2025-01-29,Hotels & Restaurants,22.23,-7.72,DISTRIBUTION
2025-01-29,"Hotels, Resorts & QSR",12.3,-10.61,DISTRIBUTION
2025-01-29,IT Consulting & Software,25.81,-5.61,LAGGING
2025-01-29,Information Technology,17.28,-9.36,DISTRIBUTION
2025-01-29,Insurance,20.32,-7.31,LAGGING
2025-01-29,Internet & Digital Platforms,16.94,-8.98,DISTRIBUTION
2025-01-29,Iron & Steel,17.12,-8.64,DISTRIBUTION
2025-01-29,Logistics & Transportation,17.97,-8.32,LAGGING
2025-01-29,"Logistics, Ports & Supply Chain",15.71,-8.24,LAGGING
2025-01-29,Lubricants & Specialty Oils,12.28,-9.5,LAGGING
2025-01-29,Media & Entertainment,16.2,-9.32,DISTRIBUTION
2025-01-29,Metals & Mining,28.7,-6.27,DISTRIBUTION
2025-01-29,Mining & Mineral Products,15.83,-6.81,LAGGING
2025-01-29,Non Banking Financial Company (NBFC),22.26,-7.29,LAGGING
2025-01-29,Oil Exploration & Refining,17.77,-9.44,DISTRIBUTION
2025-01-29,Packaged Foods & Consumer Staples,19.94,-7.78,LAGGING
2025-01-29,Packaged Foods & FMCG Staples,31.91,-5.21,DISTRIBUTION
2025-01-29,Packaging Materials & Containers,13.11,-9.23,LAGGING
2025-01-29,Paper & Paper Products,11.93,-9.35,LAGGING
2025-01-29,Pharmaceuticals,17.9,-9.17,DISTRIBUTION
2025-01-29,Pharmaceuticals & Biotechnology,12.99,-10.05,DISTRIBUTION
2025-01-29,Pipes & Tubes,14.12,-9.39,DISTRIBUTION
2025-01-29,"Plywood, MDF & Laminates",25.6,-7.1,DISTRIBUTION
2025-01-29,Power,8.19,-12.52,DISTRIBUTION
2025-01-29,Power Generation & Utilities,20.69,-7.46,LAGGING
2025-01-29,Pumps & Compressors,11.77,-11.19,DISTRIBUTION
2025-01-29,Renewable Energy - Solar & Wind,11.3,-10.13,DISTRIBUTION
2025-01-29,Residential & Commercial Real Estate,18.2,-8.59,DISTRIBUTION
2025-01-29,Services,16.28,-9.77,DISTRIBUTION
2025-01-29,Software Products & Digital Services,15.82,-9.17,DISTRIBUTION
2025-01-29,Specialty Chemicals,20.39,-8.45,DISTRIBUTION
2025-01-29,Stockbroking & Financial Products,14.6,-10.36,DISTRIBUTION
2025-01-29,Sugar & Bio-Ethanol,17.34,-8.09,LAGGING
2025-01-29,Tea & Coffee,18.66,-10.22,DISTRIBUTION
2025-01-29,Telecom Services & Infrastructure,23.91,-7.76,DISTRIBUTION
2025-01-29,Telecommunication,12.21,-10.16,DISTRIBUTION
2025-01-29,Textiles & Apparel,13.3,-9.94,DISTRIBUTION
2025-01-29,"Textiles, Yarns & Apparel",11.91,-10.67,DISTRIBUTION
2025-01-29,Transformers & T&D Equipment,17.87,-6.97,LAGGING
2025-01-29,Tyres & Rubber Products,13.5,-9.03,LAGGING
2025-01-29,Wires & Cables,13.52,-9.71,DISTRIBUTION
2025-01-30,API & CDMO / CRAMS,20.4,-9.46,DISTRIBUTION
2025-01-30,Aerospace & Defence,24.49,-7.53,DISTRIBUTION
2025-01-30,Air Conditioners & AC Components,20.42,-6.91,LAGGING
2025-01-30,Aluminium & Mining,15.35,-10.17,DISTRIBUTION
2025-01-30,Auto Parts & Equipment,22.3,-6.51,LAGGING
2025-01-30,Automobile OEMs,35.13,-2.52,NEUTRAL
2025-01-30,Banks,31.6,-4.03,LAGGING
2025-01-30,Bearings & Friction Solutions,14.75,-10.57,DISTRIBUTION
2025-01-30,Breweries & Distilleries,28.96,-6.86,DISTRIBUTION
2025-01-30,Capital Goods,14.77,-9.58,DISTRIBUTION
2025-01-30,Capital Markets & Asset Management,11.08,-10.5,DISTRIBUTION
2025-01-30,Cement,13.33,-11.5,DISTRIBUTION
2025-01-30,Cement & Clinker,28.62,-6.4,DISTRIBUTION
2025-01-30,Ceramics & Tiles,18.98,-9.18,DISTRIBUTION
2025-01-30,Chemicals,20.04,-8.01,DISTRIBUTION
2025-01-30,Civil Construction & Infrastructure,12.21,-11.0,DISTRIBUTION
2025-01-30,Civil Construction & Infrastructure EPC,18.02,-8.2,LAGGING
2025-01-30,Commodity Chemicals,19.18,-7.75,LAGGING
2025-01-30,Consumer Durables,13.47,-10.21,DISTRIBUTION
2025-01-30,Consumer Services,19.01,-7.0,LAGGING
2025-01-30,Diversified & Fashion Retail,12.27,-10.59,DISTRIBUTION
2025-01-30,Diversified Commercial,19.78,-8.31,DISTRIBUTION
2025-01-30,Diversified Retail,26.71,-6.34,DISTRIBUTION
2025-01-30,Electronic Manufacturing Services (EMS),11.41,-9.93,LAGGING
2025-01-30,Fast Moving Consumer Goods,16.24,-10.13,DISTRIBUTION
2025-01-30,Fertilizers & Agrochemicals,23.81,-8.2,DISTRIBUTION
2025-01-30,Financial Services,12.38,-9.72,LAGGING
2025-01-30,Healthcare,14.45,-11.23,DISTRIBUTION
2025-01-30,Hospitals & Diagnostic Centres,27.12,-6.14,LAGGING
2025-01-30,Hotels & Restaurants,20.24,-8.25,DISTRIBUTION
2025-01-30,"Hotels, Resorts & QSR",11.96,-10.49,DISTRIBUTION
2025-01-30,IT Consulting & Software,20.78,-9.71,DISTRIBUTION
2025-01-30,Information Technology,16.88,-10.05,DISTRIBUTION
2025-01-30,Insurance,22.88,-9.01,DISTRIBUTION
2025-01-30,Internet & Digital Platforms,15.87,-9.41,DISTRIBUTION
2025-01-30,Iron & Steel,17.82,-8.59,DISTRIBUTION
2025-01-30,Logistics & Transportation,18.05,-8.36,LAGGING
2025-01-30,"Logistics, Ports & Supply Chain",16.75,-7.75,LAGGING
2025-01-30,Lubricants & Specialty Oils,11.96,-9.56,LAGGING
2025-01-30,Media & Entertainment,16.67,-9.49,DISTRIBUTION
2025-01-30,Metals & Mining,18.69,-10.21,DISTRIBUTION
2025-01-30,Mining & Mineral Products,19.66,-5.1,LAGGING
2025-01-30,Non Banking Financial Company (NBFC),21.21,-8.09,DISTRIBUTION
2025-01-30,Oil Exploration & Refining,19.0,-9.0,DISTRIBUTION
2025-01-30,Packaged Foods & Consumer Staples,19.47,-8.17,DISTRIBUTION
2025-01-30,Packaged Foods & FMCG Staples,36.31,-3.51,NEUTRAL
2025-01-30,Packaging Materials & Containers,11.16,-9.65,LAGGING
2025-01-30,Paper & Paper Products,17.27,-7.35,LAGGING
2025-01-30,Pharmaceuticals,18.21,-8.86,DISTRIBUTION
2025-01-30,Pharmaceuticals & Biotechnology,14.14,-11.01,DISTRIBUTION
2025-01-30,Pipes & Tubes,12.77,-10.67,DISTRIBUTION
2025-01-30,"Plywood, MDF & Laminates",18.34,-10.28,DISTRIBUTION
2025-01-30,Power,9.31,-11.29,DISTRIBUTION
2025-01-30,Power Generation & Utilities,16.07,-9.5,DISTRIBUTION
2025-01-30,Pumps & Compressors,10.02,-10.62,DISTRIBUTION
2025-01-30,Renewable Energy - Solar & Wind,8.87,-10.83,DISTRIBUTION
2025-01-30,Residential & Commercial Real Estate,18.11,-8.43,DISTRIBUTION
2025-01-30,Services,17.55,-9.17,DISTRIBUTION
2025-01-30,Software Products & Digital Services,15.72,-9.39,DISTRIBUTION
2025-01-30,Specialty Chemicals,20.56,-8.81,DISTRIBUTION
2025-01-30,Stockbroking & Financial Products,15.48,-9.77,DISTRIBUTION
2025-01-30,Sugar & Bio-Ethanol,14.57,-9.11,LAGGING
2025-01-30,Tea & Coffee,18.1,-9.55,DISTRIBUTION
2025-01-30,Telecom Services & Infrastructure,23.64,-8.28,DISTRIBUTION
2025-01-30,Telecommunication,11.64,-11.9,DISTRIBUTION
2025-01-30,Textiles & Apparel,15.01,-9.4,DISTRIBUTION
2025-01-30,"Textiles, Yarns & Apparel",12.54,-10.35,DISTRIBUTION
2025-01-30,Transformers & T&D Equipment,11.51,-9.5,LAGGING
2025-01-30,Tyres & Rubber Products,12.83,-9.48,LAGGING
2025-01-30,Wires & Cables,12.02,-10.29,DISTRIBUTION
2025-01-31,API & CDMO / CRAMS,19.31,-9.48,DISTRIBUTION
2025-01-31,Aerospace & Defence,30.25,-4.83,LAGGING
2025-01-31,Air Conditioners & AC Components,43.91,1.24,NEUTRAL
2025-01-31,Aluminium & Mining,18.68,-7.68,LAGGING
2025-01-31,Auto Parts & Equipment,18.18,-7.95,LAGGING
2025-01-31,Automobile OEMs,32.38,-3.56,LAGGING
2025-01-31,Banks,32.95,-2.77,LAGGING
2025-01-31,Bearings & Friction Solutions,18.27,-8.21,LAGGING
2025-01-31,Breweries & Distilleries,30.97,-5.32,DISTRIBUTION
2025-01-31,Capital Goods,18.55,-7.91,LAGGING
2025-01-31,Capital Markets & Asset Management,10.42,-10.82,DISTRIBUTION
2025-01-31,Cement,14.54,-9.75,DISTRIBUTION
2025-01-31,Cement & Clinker,30.09,-4.14,LAGGING
2025-01-31,Ceramics & Tiles,18.82,-9.39,DISTRIBUTION
2025-01-31,Chemicals,21.68,-6.95,LAGGING
2025-01-31,Civil Construction & Infrastructure,12.76,-10.29,DISTRIBUTION
2025-01-31,Civil Construction & Infrastructure EPC,23.64,-5.55,LAGGING
2025-01-31,Commodity Chemicals,16.58,-8.49,LAGGING
2025-01-31,Consumer Durables,17.1,-8.19,LAGGING
2025-01-31,Consumer Services,17.98,-6.62,LAGGING
2025-01-31,Diversified & Fashion Retail,15.09,-8.59,LAGGING
2025-01-31,Diversified Commercial,21.95,-7.0,LAGGING
2025-01-31,Diversified Retail,27.17,-5.62,LAGGING
2025-01-31,Electronic Manufacturing Services (EMS),12.92,-8.44,LAGGING
2025-01-31,Fast Moving Consumer Goods,17.55,-7.93,LAGGING
2025-01-31,Fertilizers & Agrochemicals,23.01,-7.39,DISTRIBUTION
2025-01-31,Financial Services,12.76,-9.74,DISTRIBUTION
2025-01-31,Healthcare,28.2,-4.97,LAGGING
2025-01-31,Hospitals & Diagnostic Centres,30.58,-4.42,LAGGING
2025-01-31,Hotels & Restaurants,21.37,-6.84,LAGGING
2025-01-31,"Hotels, Resorts & QSR",19.84,-6.07,LAGGING
2025-01-31,IT Consulting & Software,20.73,-9.72,DISTRIBUTION
2025-01-31,Information Technology,16.72,-10.63,DISTRIBUTION
2025-01-31,Insurance,23.54,-5.08,LAGGING
2025-01-31,Internet & Digital Platforms,18.55,-7.12,LAGGING
2025-01-31,Iron & Steel,18.92,-7.96,LAGGING
2025-01-31,Logistics & Transportation,21.54,-6.72,LAGGING
2025-01-31,"Logistics, Ports & Supply Chain",16.74,-7.68,LAGGING
2025-01-31,Lubricants & Specialty Oils,12.65,-9.33,LAGGING
2025-01-31,Media & Entertainment,15.88,-9.1,DISTRIBUTION
2025-01-31,Metals & Mining,19.19,-9.71,DISTRIBUTION
2025-01-31,Mining & Mineral Products,27.52,-3.52,LAGGING
2025-01-31,Non Banking Financial Company (NBFC),24.72,-6.73,LAGGING
2025-01-31,Oil Exploration & Refining,21.26,-7.18,LAGGING
2025-01-31,Packaged Foods & Consumer Staples,17.7,-7.76,LAGGING
2025-01-31,Packaged Foods & FMCG Staples,43.69,-0.48,NEUTRAL
2025-01-31,Packaging Materials & Containers,11.01,-9.38,LAGGING
2025-01-31,Paper & Paper Products,18.85,-6.69,LAGGING
2025-01-31,Pharmaceuticals,23.76,-6.43,LAGGING
2025-01-31,Pharmaceuticals & Biotechnology,14.52,-9.28,DISTRIBUTION
2025-01-31,Pipes & Tubes,13.81,-9.45,DISTRIBUTION
2025-01-31,"Plywood, MDF & Laminates",20.14,-9.2,DISTRIBUTION
2025-01-31,Power,9.07,-10.72,DISTRIBUTION
2025-01-31,Power Generation & Utilities,18.37,-7.98,LAGGING
2025-01-31,Pumps & Compressors,9.96,-10.24,LAGGING
2025-01-31,Renewable Energy - Solar & Wind,14.99,-7.55,LAGGING
2025-01-31,Residential & Commercial Real Estate,20.18,-7.08,LAGGING
2025-01-31,Services,14.49,-10.41,DISTRIBUTION
2025-01-31,Software Products & Digital Services,14.2,-9.63,DISTRIBUTION
2025-01-31,Specialty Chemicals,23.17,-6.88,LAGGING
2025-01-31,Stockbroking & Financial Products,24.43,-5.63,LAGGING
2025-01-31,Sugar & Bio-Ethanol,14.77,-8.82,LAGGING
2025-01-31,Tea & Coffee,17.5,-9.23,DISTRIBUTION
2025-01-31,Telecom Services & Infrastructure,28.78,-6.1,DISTRIBUTION
2025-01-31,Telecommunication,10.37,-10.77,DISTRIBUTION
2025-01-31,Textiles & Apparel,14.28,-9.24,LAGGING
2025-01-31,"Textiles, Yarns & Apparel",12.63,-10.3,DISTRIBUTION
2025-01-31,Transformers & T&D Equipment,11.49,-9.43,LAGGING
2025-01-31,Tyres & Rubber Products,12.64,-9.05,LAGGING
2025-01-31,Wires & Cables,12.08,-9.83,DISTRIBUTION
2025-02-03,API & CDMO / CRAMS,21.89,-6.26,LAGGING
2025-02-03,Aerospace & Defence,18.96,-8.9,DISTRIBUTION
2025-02-03,Air Conditioners & AC Components,61.86,5.55,EMERGING_LEADER
2025-02-03,Aluminium & Mining,18.67,-6.93,LAGGING
2025-02-03,Auto Parts & Equipment,19.14,-7.61,LAGGING
2025-02-03,Automobile OEMs,39.18,-0.37,NEUTRAL
2025-02-03,Banks,30.62,-3.66,LAGGING
2025-02-03,Bearings & Friction Solutions,15.78,-8.94,DISTRIBUTION
2025-02-03,Breweries & Distilleries,49.71,2.63,EMERGING_LEADER
2025-02-03,Capital Goods,15.92,-8.28,LAGGING
2025-02-03,Capital Markets & Asset Management,12.45,-9.74,DISTRIBUTION
2025-02-03,Cement,17.01,-10.48,DISTRIBUTION
2025-02-03,Cement & Clinker,24.32,-7.72,DISTRIBUTION
2025-02-03,Ceramics & Tiles,20.08,-8.55,DISTRIBUTION
2025-02-03,Chemicals,20.46,-6.82,LAGGING
2025-02-03,Civil Construction & Infrastructure,11.4,-10.25,DISTRIBUTION
2025-02-03,Civil Construction & Infrastructure EPC,22.06,-6.15,LAGGING
2025-02-03,Commodity Chemicals,17.47,-7.65,LAGGING
2025-02-03,Consumer Durables,19.99,-5.97,LAGGING
2025-02-03,Consumer Services,26.71,-3.81,LAGGING
2025-02-03,Diversified & Fashion Retail,36.21,-0.61,NEUTRAL
2025-02-03,Diversified Commercial,21.95,-6.59,LAGGING
2025-02-03,Diversified Retail,40.99,0.31,NEUTRAL
2025-02-03,Electronic Manufacturing Services (EMS),9.86,-10.18,LAGGING
2025-02-03,Fast Moving Consumer Goods,31.14,-2.29,LAGGING
2025-02-03,Fertilizers & Agrochemicals,27.77,-4.49,LAGGING
2025-02-03,Financial Services,13.45,-9.02,LAGGING
2025-02-03,Healthcare,33.44,-1.29,LAGGING
2025-02-03,Hospitals & Diagnostic Centres,32.2,-2.28,LAGGING
2025-02-03,Hotels & Restaurants,46.7,1.91,EMERGING_LEADER
2025-02-03,"Hotels, Resorts & QSR",41.85,0.74,NEUTRAL
2025-02-03,IT Consulting & Software,21.02,-8.41,DISTRIBUTION
2025-02-03,Information Technology,16.98,-7.71,LAGGING
2025-02-03,Insurance,26.56,-3.55,LAGGING
2025-02-03,Internet & Digital Platforms,20.82,-5.89,LAGGING
2025-02-03,Iron & Steel,15.86,-8.83,LAGGING
2025-02-03,Logistics & Transportation,16.56,-8.78,DISTRIBUTION
2025-02-03,"Logistics, Ports & Supply Chain",15.91,-8.45,LAGGING
2025-02-03,Lubricants & Specialty Oils,13.35,-9.02,LAGGING
2025-02-03,Media & Entertainment,26.67,-6.07,LAGGING
2025-02-03,Metals & Mining,15.14,-10.27,DISTRIBUTION
2025-02-03,Mining & Mineral Products,16.44,-7.78,LAGGING
2025-02-03,Non Banking Financial Company (NBFC),30.69,-2.73,LAGGING
2025-02-03,Oil Exploration & Refining,16.09,-8.0,LAGGING
2025-02-03,Packaged Foods & Consumer Staples,23.03,-5.95,LAGGING
2025-02-03,Packaged Foods & FMCG Staples,45.53,1.55,EMERGING_LEADER
2025-02-03,Packaging Materials & Containers,11.64,-9.37,LAGGING
2025-02-03,Paper & Paper Products,17.06,-7.67,LAGGING
2025-02-03,Pharmaceuticals,21.24,-6.9,LAGGING
2025-02-03,Pharmaceuticals & Biotechnology,15.79,-8.14,LAGGING
2025-02-03,Pipes & Tubes,14.64,-8.42,LAGGING
2025-02-03,"Plywood, MDF & Laminates",40.25,0.36,NEUTRAL
2025-02-03,Power,9.76,-9.57,LAGGING
2025-02-03,Power Generation & Utilities,21.94,-6.3,LAGGING
2025-02-03,Pumps & Compressors,13.42,-8.97,LAGGING
2025-02-03,Renewable Energy - Solar & Wind,13.77,-8.18,LAGGING
2025-02-03,Residential & Commercial Real Estate,21.65,-7.02,LAGGING
2025-02-03,Services,21.75,-6.27,LAGGING
2025-02-03,Software Products & Digital Services,17.16,-8.18,LAGGING
2025-02-03,Specialty Chemicals,30.72,-2.87,LAGGING
2025-02-03,Stockbroking & Financial Products,17.01,-8.71,DISTRIBUTION
2025-02-03,Sugar & Bio-Ethanol,14.76,-9.14,LAGGING
2025-02-03,Tea & Coffee,19.66,-7.76,LAGGING
2025-02-03,Telecom Services & Infrastructure,32.11,-3.67,LAGGING
2025-02-03,Telecommunication,9.96,-10.28,LAGGING
2025-02-03,Textiles & Apparel,15.46,-8.3,LAGGING
2025-02-03,"Textiles, Yarns & Apparel",13.5,-9.47,LAGGING
2025-02-03,Transformers & T&D Equipment,14.71,-7.9,LAGGING
2025-02-03,Tyres & Rubber Products,15.71,-8.1,LAGGING
2025-02-03,Wires & Cables,11.95,-9.63,LAGGING
2025-02-04,API & CDMO / CRAMS,25.8,-3.9,LAGGING
2025-02-04,Aerospace & Defence,20.36,-7.41,LAGGING
2025-02-04,Air Conditioners & AC Components,69.81,7.45,ESTABLISHED_LEADER
2025-02-04,Aluminium & Mining,17.49,-7.4,LAGGING
2025-02-04,Auto Parts & Equipment,19.24,-6.91,LAGGING
2025-02-04,Automobile OEMs,37.83,-1.43,NEUTRAL
2025-02-04,Banks,36.16,-1.81,NEUTRAL
2025-02-04,Bearings & Friction Solutions,13.91,-9.14,LAGGING
2025-02-04,Breweries & Distilleries,41.77,0.72,NEUTRAL
2025-02-04,Capital Goods,15.83,-8.64,LAGGING
2025-02-04,Capital Markets & Asset Management,16.88,-7.33,LAGGING
2025-02-04,Cement,14.56,-8.96,LAGGING
2025-02-04,Cement & Clinker,29.31,-3.87,LAGGING
2025-02-04,Ceramics & Tiles,19.93,-7.78,LAGGING
2025-02-04,Chemicals,13.91,-8.98,LAGGING
2025-02-04,Civil Construction & Infrastructure,12.46,-9.48,LAGGING
2025-02-04,Civil Construction & Infrastructure EPC,22.54,-5.79,LAGGING
2025-02-04,Commodity Chemicals,17.74,-7.52,LAGGING
2025-02-04,Consumer Durables,20.12,-6.06,LAGGING
2025-02-04,Consumer Services,25.08,-3.82,LAGGING
2025-02-04,Diversified & Fashion Retail,27.99,-2.58,LAGGING
2025-02-04,Diversified Commercial,23.31,-5.81,LAGGING
2025-02-04,Diversified Retail,35.44,-0.93,NEUTRAL
2025-02-04,Electronic Manufacturing Services (EMS),10.82,-9.44,LAGGING
2025-02-04,Fast Moving Consumer Goods,35.95,-0.67,NEUTRAL
2025-02-04,Fertilizers & Agrochemicals,27.72,-3.62,LAGGING
2025-02-04,Financial Services,14.06,-8.91,LAGGING
2025-02-04,Healthcare,40.31,0.37,NEUTRAL
2025-02-04,Hospitals & Diagnostic Centres,32.98,-1.71,LAGGING
2025-02-04,Hotels & Restaurants,47.04,1.99,EMERGING_LEADER
2025-02-04,"Hotels, Resorts & QSR",36.88,-0.45,NEUTRAL
2025-02-04,IT Consulting & Software,20.94,-7.2,LAGGING
2025-02-04,Information Technology,17.61,-7.04,LAGGING
2025-02-04,Insurance,23.92,-4.76,LAGGING
2025-02-04,Internet & Digital Platforms,19.78,-6.3,LAGGING
2025-02-04,Iron & Steel,17.21,-7.77,LAGGING
2025-02-04,Logistics & Transportation,17.47,-8.11,LAGGING
2025-02-04,"Logistics, Ports & Supply Chain",15.84,-8.07,LAGGING
2025-02-04,Lubricants & Specialty Oils,24.15,-4.28,LAGGING
2025-02-04,Media & Entertainment,23.36,-5.14,LAGGING
2025-02-04,Metals & Mining,19.34,-7.91,LAGGING
2025-02-04,Mining & Mineral Products,17.4,-7.37,LAGGING
2025-02-04,Non Banking Financial Company (NBFC),26.41,-4.82,LAGGING
2025-02-04,Oil Exploration & Refining,20.83,-6.28,LAGGING
2025-02-04,Packaged Foods & Consumer Staples,21.23,-5.94,LAGGING
2025-02-04,Packaged Foods & FMCG Staples,41.38,-0.18,NEUTRAL
2025-02-04,Packaging Materials & Containers,11.19,-9.73,LAGGING
2025-02-04,Paper & Paper Products,16.54,-7.41,LAGGING
2025-02-04,Pharmaceuticals,24.23,-5.07,LAGGING
2025-02-04,Pharmaceuticals & Biotechnology,15.53,-8.07,LAGGING
2025-02-04,Pipes & Tubes,14.02,-8.41,LAGGING
2025-02-04,"Plywood, MDF & Laminates",31.25,-2.47,LAGGING
2025-02-04,Power,21.06,-5.0,LAGGING
2025-02-04,Power Generation & Utilities,15.03,-8.17,LAGGING
2025-02-04,Pumps & Compressors,9.74,-10.39,DISTRIBUTION
2025-02-04,Renewable Energy - Solar & Wind,15.73,-7.56,LAGGING
2025-02-04,Residential & Commercial Real Estate,21.67,-5.95,LAGGING
2025-02-04,Services,21.91,-5.46,LAGGING
2025-02-04,Software Products & Digital Services,16.18,-8.34,LAGGING
2025-02-04,Specialty Chemicals,30.04,-2.76,LAGGING
2025-02-04,Stockbroking & Financial Products,14.24,-9.28,LAGGING
2025-02-04,Sugar & Bio-Ethanol,17.29,-7.41,LAGGING
2025-02-04,Tea & Coffee,23.15,-6.34,LAGGING
2025-02-04,Telecom Services & Infrastructure,31.14,-4.42,LAGGING
2025-02-04,Telecommunication,10.29,-10.45,DISTRIBUTION
2025-02-04,Textiles & Apparel,15.44,-7.95,LAGGING
2025-02-04,"Textiles, Yarns & Apparel",15.86,-7.76,LAGGING
2025-02-04,Transformers & T&D Equipment,13.68,-9.06,LAGGING
2025-02-04,Tyres & Rubber Products,15.17,-8.47,LAGGING
2025-02-04,Wires & Cables,13.4,-9.03,LAGGING
2025-02-05,API & CDMO / CRAMS,32.82,-1.42,LAGGING
2025-02-05,Aerospace & Defence,20.98,-7.96,DISTRIBUTION
2025-02-05,Air Conditioners & AC Components,57.13,4.41,EMERGING_LEADER
2025-02-05,Aluminium & Mining,22.22,-5.33,LAGGING
2025-02-05,Auto Parts & Equipment,20.63,-6.79,LAGGING
2025-02-05,Automobile OEMs,41.38,-0.49,NEUTRAL
2025-02-05,Banks,40.12,-0.48,NEUTRAL
2025-02-05,Bearings & Friction Solutions,15.26,-8.15,LAGGING
2025-02-05,Breweries & Distilleries,38.76,-0.84,NEUTRAL
2025-02-05,Capital Goods,22.35,-5.42,LAGGING
2025-02-05,Capital Markets & Asset Management,23.27,-4.7,LAGGING
2025-02-05,Cement,19.53,-6.31,LAGGING
2025-02-05,Cement & Clinker,40.75,-0.49,NEUTRAL
2025-02-05,Ceramics & Tiles,22.86,-5.98,LAGGING
2025-02-05,Chemicals,17.26,-9.2,DISTRIBUTION
2025-02-05,Civil Construction & Infrastructure,17.01,-7.34,LAGGING
2025-02-05,Civil Construction & Infrastructure EPC,22.61,-6.13,LAGGING
2025-02-05,Commodity Chemicals,20.44,-6.62,LAGGING
2025-02-05,Consumer Durables,25.12,-4.28,LAGGING
2025-02-05,Consumer Services,25.56,-4.59,LAGGING
2025-02-05,Diversified & Fashion Retail,23.88,-4.65,LAGGING
2025-02-05,Diversified Commercial,24.93,-5.17,LAGGING
2025-02-05,Diversified Retail,33.52,-2.56,LAGGING
2025-02-05,Electronic Manufacturing Services (EMS),11.0,-9.51,LAGGING
2025-02-05,Fast Moving Consumer Goods,37.38,-0.33,NEUTRAL
2025-02-05,Fertilizers & Agrochemicals,30.77,-3.48,LAGGING
2025-02-05,Financial Services,21.6,-6.74,LAGGING
2025-02-05,Healthcare,44.26,1.32,NEUTRAL
2025-02-05,Hospitals & Diagnostic Centres,39.65,0.06,NEUTRAL
2025-02-05,Hotels & Restaurants,44.16,1.3,NEUTRAL
2025-02-05,"Hotels, Resorts & QSR",36.88,-0.45,NEUTRAL
2025-02-05,IT Consulting & Software,22.6,-7.15,LAGGING
2025-02-05,Information Technology,29.15,-2.87,LAGGING
2025-02-05,Insurance,28.02,-3.89,LAGGING
2025-02-05,Internet & Digital Platforms,21.99,-5.81,LAGGING
2025-02-05,Iron & Steel,16.89,-7.99,LAGGING
2025-02-05,Logistics & Transportation,21.04,-6.4,LAGGING
2025-02-05,"Logistics, Ports & Supply Chain",20.95,-6.03,LAGGING
2025-02-05,Lubricants & Specialty Oils,18.51,-6.44,LAGGING
2025-02-05,Media & Entertainment,25.88,-4.05,LAGGING
2025-02-05,Metals & Mining,23.27,-7.39,DISTRIBUTION
2025-02-05,Mining & Mineral Products,20.81,-6.11,LAGGING
2025-02-05,Non Banking Financial Company (NBFC),29.29,-3.71,LAGGING
2025-02-05,Oil Exploration & Refining,23.17,-5.47,LAGGING
2025-02-05,Packaged Foods & Consumer Staples,25.18,-5.01,LAGGING
2025-02-05,Packaged Foods & FMCG Staples,41.89,-0.15,NEUTRAL
2025-02-05,Packaging Materials & Containers,13.74,-8.59,LAGGING
2025-02-05,Paper & Paper Products,19.03,-6.15,LAGGING
2025-02-05,Pharmaceuticals,27.28,-3.76,LAGGING
2025-02-05,Pharmaceuticals & Biotechnology,25.62,-3.58,LAGGING
2025-02-05,Pipes & Tubes,17.63,-7.14,LAGGING
2025-02-05,"Plywood, MDF & Laminates",41.71,0.71,NEUTRAL
2025-02-05,Power,11.96,-8.45,LAGGING
2025-02-05,Power Generation & Utilities,23.6,-5.81,LAGGING
2025-02-05,Pumps & Compressors,11.79,-9.17,LAGGING
2025-02-05,Renewable Energy - Solar & Wind,16.99,-6.9,LAGGING
2025-02-05,Residential & Commercial Real Estate,23.75,-5.3,LAGGING
2025-02-05,Services,27.81,-3.25,LAGGING
2025-02-05,Software Products & Digital Services,20.29,-6.33,LAGGING
2025-02-05,Specialty Chemicals,34.13,-1.34,LAGGING
2025-02-05,Stockbroking & Financial Products,19.28,-6.53,LAGGING
2025-02-05,Sugar & Bio-Ethanol,17.56,-7.75,LAGGING
2025-02-05,Tea & Coffee,23.29,-5.58,LAGGING
2025-02-05,Telecom Services & Infrastructure,32.45,-2.67,LAGGING
2025-02-05,Telecommunication,15.82,-7.55,LAGGING
2025-02-05,Textiles & Apparel,19.46,-6.22,LAGGING
2025-02-05,"Textiles, Yarns & Apparel",14.32,-8.13,LAGGING
2025-02-05,Transformers & T&D Equipment,14.11,-9.29,LAGGING
2025-02-05,Tyres & Rubber Products,20.45,-5.84,LAGGING
2025-02-05,Wires & Cables,14.19,-8.47,LAGGING
2025-02-06,API & CDMO / CRAMS,31.0,-2.65,LAGGING
2025-02-06,Aerospace & Defence,24.16,-6.26,LAGGING
2025-02-06,Air Conditioners & AC Components,76.69,9.11,LEADING
2025-02-06,Aluminium & Mining,22.59,-5.28,LAGGING
2025-02-06,Auto Parts & Equipment,22.01,-6.77,LAGGING
2025-02-06,Automobile OEMs,39.72,-1.64,NEUTRAL
2025-02-06,Banks,42.61,0.21,NEUTRAL
2025-02-06,Bearings & Friction Solutions,16.24,-7.83,LAGGING
2025-02-06,Breweries & Distilleries,35.17,-2.44,NEUTRAL
2025-02-06,Capital Goods,21.45,-5.65,LAGGING
2025-02-06,Capital Markets & Asset Management,19.07,-5.98,LAGGING
2025-02-06,Cement,26.31,-3.35,LAGGING
2025-02-06,Cement & Clinker,41.67,0.35,NEUTRAL
2025-02-06,Ceramics & Tiles,21.59,-6.35,LAGGING
2025-02-06,Chemicals,28.25,-3.74,LAGGING
2025-02-06,Civil Construction & Infrastructure,18.81,-6.3,LAGGING
2025-02-06,Civil Construction & Infrastructure EPC,26.23,-4.23,LAGGING
2025-02-06,Commodity Chemicals,23.3,-5.67,LAGGING
2025-02-06,Consumer Durables,20.5,-5.81,LAGGING
2025-02-06,Consumer Services,30.32,-2.69,LAGGING
2025-02-06,Diversified & Fashion Retail,19.55,-6.0,LAGGING
2025-02-06,Diversified Commercial,25.51,-4.85,LAGGING
2025-02-06,Diversified Retail,33.84,-2.59,LAGGING
2025-02-06,Electronic Manufacturing Services (EMS),9.14,-10.14,LAGGING
2025-02-06,Fast Moving Consumer Goods,36.6,-0.52,NEUTRAL
2025-02-06,Fertilizers & Agrochemicals,30.48,-3.48,LAGGING
2025-02-06,Financial Services,19.69,-5.96,LAGGING
2025-02-06,Healthcare,57.42,4.48,EMERGING_LEADER
2025-02-06,Hospitals & Diagnostic Centres,38.63,-0.66,NEUTRAL
2025-02-06,Hotels & Restaurants,42.58,0.92,NEUTRAL
2025-02-06,"Hotels, Resorts & QSR",33.67,-1.22,LAGGING
2025-02-06,IT Consulting & Software,24.67,-5.38,LAGGING
2025-02-06,Information Technology,30.95,-2.04,LAGGING
2025-02-06,Insurance,25.72,-5.32,LAGGING
2025-02-06,Internet & Digital Platforms,23.98,-4.78,LAGGING
2025-02-06,Iron & Steel,22.77,-5.64,LAGGING
2025-02-06,Logistics & Transportation,19.68,-6.98,LAGGING
2025-02-06,"Logistics, Ports & Supply Chain",35.78,-0.71,NEUTRAL
2025-02-06,Lubricants & Specialty Oils,31.27,-1.8,LAGGING
2025-02-06,Media & Entertainment,24.71,-4.62,LAGGING
2025-02-06,Metals & Mining,19.41,-7.21,LAGGING
2025-02-06,Mining & Mineral Products,24.75,-5.14,LAGGING
2025-02-06,Non Banking Financial Company (NBFC),31.84,-2.44,LAGGING
2025-02-06,Oil Exploration & Refining,28.0,-3.66,LAGGING
2025-02-06,Packaged Foods & Consumer Staples,22.05,-6.24,LAGGING
2025-02-06,Packaged Foods & FMCG Staples,35.81,-3.5,NEUTRAL
2025-02-06,Packaging Materials & Containers,13.74,-8.24,LAGGING
2025-02-06,Paper & Paper Products,21.96,-5.89,LAGGING
2025-02-06,Pharmaceuticals,30.27,-2.56,LAGGING
2025-02-06,Pharmaceuticals & Biotechnology,31.5,-1.74,LAGGING
2025-02-06,Pipes & Tubes,17.27,-7.05,LAGGING
2025-02-06,"Plywood, MDF & Laminates",42.96,1.01,NEUTRAL
2025-02-06,Power,13.82,-7.87,LAGGING
2025-02-06,Power Generation & Utilities,23.14,-5.17,LAGGING
2025-02-06,Pumps & Compressors,10.73,-9.3,LAGGING
2025-02-06,Renewable Energy - Solar & Wind,17.9,-6.08,LAGGING
2025-02-06,Residential & Commercial Real Estate,23.73,-5.29,LAGGING
2025-02-06,Services,29.34,-2.84,LAGGING
2025-02-06,Software Products & Digital Services,22.47,-5.39,LAGGING
2025-02-06,Specialty Chemicals,32.3,-2.13,LAGGING
2025-02-06,Stockbroking & Financial Products,19.09,-6.77,LAGGING
2025-02-06,Sugar & Bio-Ethanol,19.7,-6.35,LAGGING
2025-02-06,Tea & Coffee,29.77,-2.75,LAGGING
2025-02-06,Telecom Services & Infrastructure,30.27,-3.54,LAGGING
2025-02-06,Telecommunication,15.6,-7.54,LAGGING
2025-02-06,Textiles & Apparel,20.25,-6.2,LAGGING
2025-02-06,"Textiles, Yarns & Apparel",20.7,-5.56,LAGGING
2025-02-06,Transformers & T&D Equipment,12.64,-8.76,LAGGING
2025-02-06,Tyres & Rubber Products,15.48,-7.81,LAGGING
2025-02-06,Wires & Cables,15.5,-7.65,LAGGING
2025-02-07,API & CDMO / CRAMS,34.26,-1.09,LAGGING
2025-02-07,Aerospace & Defence,26.63,-6.26,LAGGING
2025-02-07,Air Conditioners & AC Components,76.03,8.95,LEADING
2025-02-07,Aluminium & Mining,21.56,-6.31,LAGGING
2025-02-07,Auto Parts & Equipment,23.41,-5.44,LAGGING
2025-02-07,Automobile OEMs,43.37,0.39,NEUTRAL
2025-02-07,Banks,44.78,0.88,NEUTRAL
2025-02-07,Bearings & Friction Solutions,16.56,-8.33,LAGGING
2025-02-07,Breweries & Distilleries,31.17,-4.48,LAGGING
2025-02-07,Capital Goods,19.5,-7.15,LAGGING
2025-02-07,Capital Markets & Asset Management,19.61,-5.64,LAGGING
2025-02-07,Cement,29.95,-2.11,LAGGING
2025-02-07,Cement & Clinker,39.89,-0.66,NEUTRAL
2025-02-07,Ceramics & Tiles,23.07,-5.7,LAGGING
2025-02-07,Chemicals,24.1,-5.78,LAGGING
2025-02-07,Civil Construction & Infrastructure,17.55,-6.93,LAGGING
2025-02-07,Civil Construction & Infrastructure EPC,24.53,-5.95,LAGGING
2025-02-07,Commodity Chemicals,25.51,-4.27,LAGGING
2025-02-07,Consumer Durables,18.95,-7.12,LAGGING
2025-02-07,Consumer Services,26.45,-4.13,LAGGING
2025-02-07,Diversified & Fashion Retail,15.67,-8.13,LAGGING
2025-02-07,Diversified Commercial,25.77,-5.13,LAGGING
2025-02-07,Diversified Retail,36.53,-1.55,NEUTRAL
2025-02-07,Electronic Manufacturing Services (EMS),15.06,-9.49,DISTRIBUTION
2025-02-07,Fast Moving Consumer Goods,52.8,3.37,EMERGING_LEADER
2025-02-07,Fertilizers & Agrochemicals,33.01,-2.28,LAGGING
2025-02-07,Financial Services,28.31,-2.51,LAGGING
2025-02-07,Healthcare,51.18,2.98,EMERGING_LEADER
2025-02-07,Hospitals & Diagnostic Centres,42.75,0.45,NEUTRAL
2025-02-07,Hotels & Restaurants,44.04,1.27,NEUTRAL
2025-02-07,"Hotels, Resorts & QSR",32.45,-1.94,LAGGING
2025-02-07,IT Consulting & Software,26.92,-4.42,LAGGING
2025-02-07,Information Technology,33.47,-1.27,LAGGING
2025-02-07,Insurance,24.91,-5.78,LAGGING
2025-02-07,Internet & Digital Platforms,23.27,-5.57,LAGGING
2025-02-07,Iron & Steel,33.63,-1.28,LAGGING
2025-02-07,Logistics & Transportation,19.32,-7.76,LAGGING
2025-02-07,"Logistics, Ports & Supply Chain",26.25,-3.99,LAGGING
2025-02-07,Lubricants & Specialty Oils,39.6,0.2,NEUTRAL
2025-02-07,Media & Entertainment,26.38,-3.78,LAGGING
2025-02-07,Metals & Mining,15.0,-9.15,DISTRIBUTION
2025-02-07,Mining & Mineral Products,28.86,-4.83,LAGGING
2025-02-07,Non Banking Financial Company (NBFC),33.53,-2.37,LAGGING
2025-02-07,Oil Exploration & Refining,25.42,-5.15,LAGGING
2025-02-07,Packaged Foods & Consumer Staples,25.88,-4.32,LAGGING
2025-02-07,Packaged Foods & FMCG Staples,33.56,-5.77,DISTRIBUTION
2025-02-07,Packaging Materials & Containers,16.02,-7.25,LAGGING
2025-02-07,Paper & Paper Products,21.39,-6.41,LAGGING
2025-02-07,Pharmaceuticals,30.29,-3.56,LAGGING
2025-02-07,Pharmaceuticals & Biotechnology,29.73,-2.16,LAGGING
2025-02-07,Pipes & Tubes,20.69,-5.8,LAGGING
2025-02-07,"Plywood, MDF & Laminates",40.86,0.51,NEUTRAL
2025-02-07,Power,15.53,-7.11,LAGGING
2025-02-07,Power Generation & Utilities,24.79,-4.89,LAGGING
2025-02-07,Pumps & Compressors,11.7,-8.88,LAGGING
2025-02-07,Renewable Energy - Solar & Wind,25.54,-3.97,LAGGING
2025-02-07,Residential & Commercial Real Estate,25.52,-4.91,LAGGING
2025-02-07,Services,30.99,-1.86,LAGGING
2025-02-07,Software Products & Digital Services,22.18,-5.24,LAGGING
2025-02-07,Specialty Chemicals,33.3,-2.18,LAGGING
2025-02-07,Stockbroking & Financial Products,19.32,-8.28,DISTRIBUTION
2025-02-07,Sugar & Bio-Ethanol,21.7,-5.54,LAGGING
2025-02-07,Tea & Coffee,31.04,-2.11,LAGGING
2025-02-07,Telecom Services & Infrastructure,36.4,-1.89,NEUTRAL
2025-02-07,Telecommunication,34.2,-1.09,LAGGING
2025-02-07,Textiles & Apparel,22.57,-5.09,LAGGING
2025-02-07,"Textiles, Yarns & Apparel",17.71,-6.84,LAGGING
2025-02-07,Transformers & T&D Equipment,16.44,-7.16,LAGGING
2025-02-07,Tyres & Rubber Products,16.27,-7.44,LAGGING
2025-02-07,Wires & Cables,16.19,-7.37,LAGGING
2025-02-10,API & CDMO / CRAMS,37.22,-0.37,NEUTRAL
2025-02-10,Aerospace & Defence,28.48,-3.45,LAGGING
2025-02-10,Air Conditioners & AC Components,32.13,-6.99,DISTRIBUTION
2025-02-10,Aluminium & Mining,23.34,-5.56,LAGGING
2025-02-10,Auto Parts & Equipment,27.21,-4.02,LAGGING
2025-02-10,Automobile OEMs,46.03,0.28,EMERGING_LEADER
2025-02-10,Banks,39.6,-0.88,NEUTRAL
2025-02-10,Bearings & Friction Solutions,19.41,-6.69,LAGGING
2025-02-10,Breweries & Distilleries,37.53,-5.19,WEAKENING
2025-02-10,Capital Goods,22.55,-5.39,LAGGING
2025-02-10,Capital Markets & Asset Management,19.84,-5.91,LAGGING
2025-02-10,Cement,24.63,-4.72,LAGGING
2025-02-10,Cement & Clinker,30.42,-3.6,LAGGING
2025-02-10,Ceramics & Tiles,24.97,-5.13,LAGGING
2025-02-10,Chemicals,24.02,-5.59,LAGGING
2025-02-10,Civil Construction & Infrastructure,21.27,-5.12,LAGGING
2025-02-10,Civil Construction & Infrastructure EPC,35.78,-0.94,NEUTRAL
2025-02-10,Commodity Chemicals,30.87,-2.18,LAGGING
2025-02-10,Consumer Durables,18.34,-7.9,LAGGING
2025-02-10,Consumer Services,26.48,-5.69,LAGGING
2025-02-10,Diversified & Fashion Retail,17.99,-10.38,DISTRIBUTION
2025-02-10,Diversified Commercial,26.6,-4.78,LAGGING
2025-02-10,Diversified Retail,35.89,-4.3,NEUTRAL
2025-02-10,Electronic Manufacturing Services (EMS),14.2,-9.09,LAGGING
2025-02-10,Fast Moving Consumer Goods,39.18,-1.15,NEUTRAL
2025-02-10,Fertilizers & Agrochemicals,33.92,-2.75,LAGGING
2025-02-10,Financial Services,20.7,-5.73,LAGGING
2025-02-10,Healthcare,47.73,2.03,EMERGING_LEADER
2025-02-10,Hospitals & Diagnostic Centres,34.95,-3.12,LAGGING
2025-02-10,Hotels & Restaurants,38.75,-4.13,WEAKENING
2025-02-10,"Hotels, Resorts & QSR",32.27,-5.98,DISTRIBUTION
2025-02-10,IT Consulting & Software,25.06,-5.26,LAGGING
2025-02-10,Information Technology,32.88,-1.41,LAGGING
2025-02-10,Insurance,27.82,-5.1,LAGGING
2025-02-10,Internet & Digital Platforms,24.06,-5.64,LAGGING
2025-02-10,Iron & Steel,28.28,-2.98,LAGGING
2025-02-10,Logistics & Transportation,27.45,-3.45,LAGGING
2025-02-10,"Logistics, Ports & Supply Chain",27.97,-3.12,LAGGING
2025-02-10,Lubricants & Specialty Oils,45.96,1.73,EMERGING_LEADER
2025-02-10,Media & Entertainment,28.36,-4.89,LAGGING
2025-02-10,Metals & Mining,14.11,-8.8,LAGGING
2025-02-10,Mining & Mineral Products,27.47,-3.42,LAGGING
2025-02-10,Non Banking Financial Company (NBFC),34.54,-3.02,LAGGING
2025-02-10,Oil Exploration & Refining,25.18,-4.32,LAGGING
2025-02-10,Packaged Foods & Consumer Staples,27.22,-4.71,LAGGING
2025-02-10,Packaged Foods & FMCG Staples,33.08,-6.3,DISTRIBUTION
2025-02-10,Packaging Materials & Containers,19.95,-5.72,LAGGING
2025-02-10,Paper & Paper Products,24.06,-4.97,LAGGING
2025-02-10,Pharmaceuticals,29.88,-3.27,LAGGING
2025-02-10,Pharmaceuticals & Biotechnology,28.56,-2.85,LAGGING
2025-02-10,Pipes & Tubes,21.42,-5.64,LAGGING
2025-02-10,"Plywood, MDF & Laminates",42.21,-1.52,NEUTRAL
2025-02-10,Power,15.43,-7.28,LAGGING
2025-02-10,Power Generation & Utilities,25.74,-5.14,LAGGING
2025-02-10,Pumps & Compressors,14.46,-8.34,LAGGING
2025-02-10,Renewable Energy - Solar & Wind,24.12,-4.35,LAGGING
2025-02-10,Residential & Commercial Real Estate,33.78,-1.71,LAGGING
2025-02-10,Services,34.91,-1.25,LAGGING
2025-02-10,Software Products & Digital Services,23.23,-5.33,LAGGING
2025-02-10,Specialty Chemicals,35.62,-2.57,NEUTRAL
2025-02-10,Stockbroking & Financial Products,20.61,-6.41,LAGGING
2025-02-10,Sugar & Bio-Ethanol,24.23,-4.48,LAGGING
2025-02-10,Tea & Coffee,24.98,-5.05,LAGGING
2025-02-10,Telecom Services & Infrastructure,35.33,-2.94,NEUTRAL
2025-02-10,Telecommunication,20.3,-5.27,LAGGING
2025-02-10,Textiles & Apparel,21.74,-5.65,LAGGING
2025-02-10,"Textiles, Yarns & Apparel",20.41,-5.86,LAGGING
2025-02-10,Transformers & T&D Equipment,18.44,-6.9,LAGGING
2025-02-10,Tyres & Rubber Products,18.08,-7.23,LAGGING
2025-02-10,Wires & Cables,19.79,-5.84,LAGGING
2025-02-11,API & CDMO / CRAMS,28.26,-4.77,LAGGING
2025-02-11,Aerospace & Defence,20.27,-7.15,LAGGING
2025-02-11,Air Conditioners & AC Components,18.86,-9.29,DISTRIBUTION
2025-02-11,Aluminium & Mining,22.42,-5.73,LAGGING
2025-02-11,Auto Parts & Equipment,21.48,-6.44,LAGGING
2025-02-11,Automobile OEMs,30.79,-5.88,DISTRIBUTION
2025-02-11,Banks,29.26,-6.22,DISTRIBUTION
2025-02-11,Bearings & Friction Solutions,27.87,-2.8,LAGGING
2025-02-11,Breweries & Distilleries,26.1,-8.44,DISTRIBUTION
2025-02-11,Capital Goods,18.58,-7.05,LAGGING
2025-02-11,Capital Markets & Asset Management,12.22,-9.91,DISTRIBUTION
2025-02-11,Cement,23.91,-4.58,LAGGING
2025-02-11,Cement & Clinker,24.29,-7.07,DISTRIBUTION
2025-02-11,Ceramics & Tiles,22.77,-6.02,LAGGING
2025-02-11,Chemicals,18.68,-6.66,LAGGING
2025-02-11,Civil Construction & Infrastructure,15.26,-7.83,LAGGING
2025-02-11,Civil Construction & Infrastructure EPC,18.31,-8.37,DISTRIBUTION
2025-02-11,Commodity Chemicals,23.11,-5.49,LAGGING
2025-02-11,Consumer Durables,14.66,-9.46,DISTRIBUTION
2025-02-11,Consumer Services,19.02,-8.53,DISTRIBUTION
2025-02-11,Diversified & Fashion Retail,16.95,-9.92,DISTRIBUTION
2025-02-11,Diversified Commercial,21.46,-7.18,LAGGING
2025-02-11,Diversified Retail,31.48,-5.16,LAGGING
2025-02-11,Electronic Manufacturing Services (EMS),10.2,-10.27,DISTRIBUTION
2025-02-11,Fast Moving Consumer Goods,30.27,-5.76,DISTRIBUTION
2025-02-11,Fertilizers & Agrochemicals,23.42,-7.15,DISTRIBUTION
2025-02-11,Financial Services,20.35,-5.98,LAGGING
2025-02-11,Healthcare,34.43,-4.8,DISTRIBUTION
2025-02-11,Hospitals & Diagnostic Centres,27.57,-6.36,DISTRIBUTION
2025-02-11,Hotels & Restaurants,30.27,-7.44,DISTRIBUTION
2025-02-11,"Hotels, Resorts & QSR",20.83,-9.7,DISTRIBUTION
2025-02-11,IT Consulting & Software,21.62,-6.69,LAGGING
2025-02-11,Information Technology,20.68,-6.48,LAGGING
2025-02-11,Insurance,20.87,-7.54,LAGGING
2025-02-11,Internet & Digital Platforms,26.54,-4.41,LAGGING
2025-02-11,Iron & Steel,22.3,-5.73,LAGGING
2025-02-11,Logistics & Transportation,18.53,-7.36,LAGGING
2025-02-11,"Logistics, Ports & Supply Chain",21.62,-5.77,LAGGING
2025-02-11,Lubricants & Specialty Oils,34.23,-1.97,LAGGING
2025-02-11,Media & Entertainment,18.96,-8.24,DISTRIBUTION
2025-02-11,Metals & Mining,13.67,-9.74,DISTRIBUTION
2025-02-11,Mining & Mineral Products,19.28,-7.03,LAGGING
2025-02-11,Non Banking Financial Company (NBFC),26.39,-5.67,LAGGING
2025-02-11,Oil Exploration & Refining,22.47,-6.31,LAGGING
2025-02-11,Packaged Foods & Consumer Staples,23.7,-5.87,LAGGING
2025-02-11,Packaged Foods & FMCG Staples,28.94,-7.29,DISTRIBUTION
2025-02-11,Packaging Materials & Containers,16.56,-7.06,LAGGING
2025-02-11,Paper & Paper Products,22.3,-5.61,LAGGING
2025-02-11,Pharmaceuticals,22.11,-7.08,LAGGING
2025-02-11,Pharmaceuticals & Biotechnology,18.71,-6.94,LAGGING
2025-02-11,Pipes & Tubes,18.0,-6.96,LAGGING
2025-02-11,"Plywood, MDF & Laminates",27.58,-6.04,LAGGING
2025-02-11,Power,11.28,-11.05,DISTRIBUTION
2025-02-11,Power Generation & Utilities,15.48,-8.2,LAGGING
2025-02-11,Pumps & Compressors,13.26,-8.18,LAGGING
2025-02-11,Renewable Energy - Solar & Wind,18.53,-7.05,LAGGING
2025-02-11,Residential & Commercial Real Estate,23.76,-5.92,LAGGING
2025-02-11,Services,29.56,-3.53,LAGGING
2025-02-11,Software Products & Digital Services,17.57,-7.53,LAGGING
2025-02-11,Specialty Chemicals,27.01,-6.06,LAGGING
2025-02-11,Stockbroking & Financial Products,17.41,-7.25,LAGGING
2025-02-11,Sugar & Bio-Ethanol,17.06,-7.95,LAGGING
2025-02-11,Tea & Coffee,25.25,-5.56,LAGGING
2025-02-11,Telecom Services & Infrastructure,27.98,-5.85,LAGGING
2025-02-11,Telecommunication,15.12,-7.5,LAGGING
2025-02-11,Textiles & Apparel,18.94,-6.82,LAGGING
2025-02-11,"Textiles, Yarns & Apparel",15.75,-8.24,LAGGING
2025-02-11,Transformers & T&D Equipment,18.02,-6.89,LAGGING
2025-02-11,Tyres & Rubber Products,14.31,-8.72,LAGGING
2025-02-11,Wires & Cables,18.39,-6.69,LAGGING
2025-02-12,API & CDMO / CRAMS,29.7,-5.43,LAGGING
2025-02-12,Aerospace & Defence,24.74,-5.39,LAGGING
2025-02-12,Air Conditioners & AC Components,18.66,-10.22,DISTRIBUTION
2025-02-12,Aluminium & Mining,20.26,-7.49,LAGGING
2025-02-12,Auto Parts & Equipment,19.12,-7.68,LAGGING
2025-02-12,Automobile OEMs,33.46,-5.4,DISTRIBUTION
2025-02-12,Banks,30.3,-6.5,DISTRIBUTION
2025-02-12,Bearings & Friction Solutions,18.17,-7.12,LAGGING
2025-02-12,Breweries & Distilleries,32.42,-5.36,DISTRIBUTION
2025-02-12,Capital Goods,20.22,-7.53,LAGGING
2025-02-12,Capital Markets & Asset Management,13.95,-10.33,DISTRIBUTION
2025-02-12,Cement,19.98,-7.12,LAGGING
2025-02-12,Cement & Clinker,26.19,-8.34,DISTRIBUTION
2025-02-12,Ceramics & Tiles,18.19,-8.48,DISTRIBUTION
2025-02-12,Chemicals,24.02,-5.02,LAGGING
2025-02-12,Civil Construction & Infrastructure,16.43,-8.16,LAGGING
2025-02-12,Civil Construction & Infrastructure EPC,17.78,-8.6,DISTRIBUTION
2025-02-12,Commodity Chemicals,23.81,-5.68,LAGGING
2025-02-12,Consumer Durables,16.88,-9.43,DISTRIBUTION
2025-02-12,Consumer Services,21.91,-7.4,LAGGING
2025-02-12,Diversified & Fashion Retail,20.51,-7.68,LAGGING
2025-02-12,Diversified Commercial,21.45,-7.48,LAGGING
2025-02-12,Diversified Retail,29.65,-5.58,LAGGING
2025-02-12,Electronic Manufacturing Services (EMS),13.32,-9.62,DISTRIBUTION
2025-02-12,Fast Moving Consumer Goods,38.06,-2.74,NEUTRAL
2025-02-12,Fertilizers & Agrochemicals,27.8,-5.86,LAGGING
2025-02-12,Financial Services,18.45,-8.14,LAGGING
2025-02-12,Healthcare,38.93,-3.62,NEUTRAL
2025-02-12,Hospitals & Diagnostic Centres,32.58,-5.45,DISTRIBUTION
2025-02-12,Hotels & Restaurants,32.77,-6.19,DISTRIBUTION
2025-02-12,"Hotels, Resorts & QSR",19.65,-9.98,DISTRIBUTION
2025-02-12,IT Consulting & Software,20.99,-7.25,LAGGING
2025-02-12,Information Technology,32.37,-3.65,LAGGING
2025-02-12,Insurance,23.73,-7.08,DISTRIBUTION
2025-02-12,Internet & Digital Platforms,21.24,-7.04,LAGGING
2025-02-12,Iron & Steel,25.1,-4.5,LAGGING
2025-02-12,Logistics & Transportation,18.27,-8.11,LAGGING
2025-02-12,"Logistics, Ports & Supply Chain",21.64,-6.68,LAGGING
2025-02-12,Lubricants & Specialty Oils,34.27,-1.08,LAGGING
2025-02-12,Media & Entertainment,23.09,-6.96,LAGGING
2025-02-12,Metals & Mining,13.47,-10.53,DISTRIBUTION
2025-02-12,Mining & Mineral Products,20.02,-7.34,LAGGING
2025-02-12,Non Banking Financial Company (NBFC),25.08,-6.74,DISTRIBUTION
2025-02-12,Oil Exploration & Refining,21.85,-6.99,LAGGING
2025-02-12,Packaged Foods & Consumer Staples,21.07,-7.68,DISTRIBUTION
2025-02-12,Packaged Foods & FMCG Staples,30.03,-6.93,DISTRIBUTION
2025-02-12,Packaging Materials & Containers,24.74,-4.08,LAGGING
2025-02-12,Paper & Paper Products,27.01,-4.08,LAGGING
2025-02-12,Pharmaceuticals,21.14,-8.03,DISTRIBUTION
2025-02-12,Pharmaceuticals & Biotechnology,19.95,-8.23,DISTRIBUTION
2025-02-12,Pipes & Tubes,19.15,-7.13,LAGGING
2025-02-12,"Plywood, MDF & Laminates",23.25,-9.12,DISTRIBUTION
2025-02-12,Power,10.48,-9.75,LAGGING
2025-02-12,Power Generation & Utilities,15.1,-9.91,DISTRIBUTION
2025-02-12,Pumps & Compressors,25.07,-3.59,LAGGING
2025-02-12,Renewable Energy - Solar & Wind,29.24,-2.78,LAGGING
2025-02-12,Residential & Commercial Real Estate,23.45,-6.43,LAGGING
2025-02-12,Services,29.31,-4.7,LAGGING
2025-02-12,Software Products & Digital Services,17.62,-8.25,LAGGING
2025-02-12,Specialty Chemicals,25.66,-7.37,DISTRIBUTION
2025-02-12,Stockbroking & Financial Products,16.47,-8.55,LAGGING
2025-02-12,Sugar & Bio-Ethanol,17.38,-7.86,LAGGING
2025-02-12,Tea & Coffee,22.88,-6.58,LAGGING
2025-02-12,Telecom Services & Infrastructure,20.63,-9.18,DISTRIBUTION
2025-02-12,Telecommunication,14.93,-8.58,LAGGING
2025-02-12,Textiles & Apparel,16.92,-8.4,LAGGING
2025-02-12,"Textiles, Yarns & Apparel",14.16,-8.63,LAGGING
2025-02-12,Transformers & T&D Equipment,17.6,-7.15,LAGGING
2025-02-12,Tyres & Rubber Products,18.98,-7.71,LAGGING
2025-02-12,Wires & Cables,15.36,-8.1,LAGGING
2025-02-13,API & CDMO / CRAMS,27.45,-6.05,LAGGING
2025-02-13,Aerospace & Defence,22.91,-6.73,LAGGING
2025-02-13,Air Conditioners & AC Components,16.68,-10.7,DISTRIBUTION
2025-02-13,Aluminium & Mining,14.18,-10.11,DISTRIBUTION
2025-02-13,Auto Parts & Equipment,17.04,-8.8,DISTRIBUTION
2025-02-13,Automobile OEMs,29.68,-6.68,DISTRIBUTION
2025-02-13,Banks,25.59,-8.56,DISTRIBUTION
2025-02-13,Bearings & Friction Solutions,18.28,-7.25,LAGGING
2025-02-13,Breweries & Distilleries,26.21,-7.32,DISTRIBUTION
2025-02-13,Capital Goods,14.58,-9.74,DISTRIBUTION
2025-02-13,Capital Markets & Asset Management,10.51,-11.02,DISTRIBUTION
2025-02-13,Cement,14.85,-10.5,DISTRIBUTION
2025-02-13,Cement & Clinker,24.07,-8.92,DISTRIBUTION
2025-02-13,Ceramics & Tiles,17.44,-8.56,DISTRIBUTION
2025-02-13,Chemicals,20.41,-8.51,DISTRIBUTION
2025-02-13,Civil Construction & Infrastructure,11.47,-10.57,DISTRIBUTION
2025-02-13,Civil Construction & Infrastructure EPC,12.75,-11.37,DISTRIBUTION
2025-02-13,Commodity Chemicals,23.06,-6.51,LAGGING
2025-02-13,Consumer Durables,17.84,-8.2,LAGGING
2025-02-13,Consumer Services,14.68,-11.18,DISTRIBUTION
2025-02-13,Diversified & Fashion Retail,16.91,-8.42,LAGGING
2025-02-13,Diversified Commercial,19.88,-8.24,DISTRIBUTION
2025-02-13,Diversified Retail,30.28,-5.37,LAGGING
2025-02-13,Electronic Manufacturing Services (EMS),10.4,-10.59,DISTRIBUTION
2025-02-13,Fast Moving Consumer Goods,35.3,-3.76,NEUTRAL
2025-02-13,Fertilizers & Agrochemicals,25.59,-6.74,DISTRIBUTION
2025-02-13,Financial Services,14.05,-9.64,DISTRIBUTION
2025-02-13,Healthcare,31.96,-7.03,DISTRIBUTION
2025-02-13,Hospitals & Diagnostic Centres,27.15,-7.55,DISTRIBUTION
2025-02-13,Hotels & Restaurants,32.78,-5.9,DISTRIBUTION
2025-02-13,"Hotels, Resorts & QSR",20.66,-9.38,DISTRIBUTION
2025-02-13,IT Consulting & Software,20.0,-8.04,DISTRIBUTION
2025-02-13,Information Technology,27.53,-6.01,LAGGING
2025-02-13,Insurance,19.42,-8.47,DISTRIBUTION
2025-02-13,Internet & Digital Platforms,18.3,-8.63,DISTRIBUTION
2025-02-13,Iron & Steel,22.5,-6.65,LAGGING
2025-02-13,Logistics & Transportation,15.17,-9.17,DISTRIBUTION
2025-02-13,"Logistics, Ports & Supply Chain",15.12,-11.07,DISTRIBUTION
2025-02-13,Lubricants & Specialty Oils,39.37,-1.09,NEUTRAL
2025-02-13,Media & Entertainment,25.31,-5.82,LAGGING
2025-02-13,Metals & Mining,10.44,-11.11,DISTRIBUTION
2025-02-13,Mining & Mineral Products,16.6,-9.48,DISTRIBUTION
2025-02-13,Non Banking Financial Company (NBFC),26.33,-6.67,DISTRIBUTION
2025-02-13,Oil Exploration & Refining,19.64,-8.79,DISTRIBUTION
2025-02-13,Packaged Foods & Consumer Staples,19.38,-7.83,LAGGING
2025-02-13,Packaged Foods & FMCG Staples,26.33,-7.39,DISTRIBUTION
2025-02-13,Packaging Materials & Containers,15.79,-7.84,LAGGING
2025-02-13,Paper & Paper Products,26.04,-5.02,LAGGING
2025-02-13,Pharmaceuticals,23.25,-7.68,DISTRIBUTION
2025-02-13,Pharmaceuticals & Biotechnology,24.42,-7.41,DISTRIBUTION
2025-02-13,Pipes & Tubes,18.92,-7.16,LAGGING
2025-02-13,"Plywood, MDF & Laminates",20.45,-9.79,DISTRIBUTION
2025-02-13,Power,8.15,-11.06,DISTRIBUTION
2025-02-13,Power Generation & Utilities,13.67,-10.42,DISTRIBUTION
2025-02-13,Pumps & Compressors,11.44,-9.13,LAGGING
2025-02-13,Renewable Energy - Solar & Wind,25.68,-4.44,LAGGING
2025-02-13,Residential & Commercial Real Estate,19.03,-8.28,DISTRIBUTION
2025-02-13,Services,30.65,-4.41,LAGGING
2025-02-13,Software Products & Digital Services,19.15,-8.0,LAGGING
2025-02-13,Specialty Chemicals,23.09,-8.12,DISTRIBUTION
2025-02-13,Stockbroking & Financial Products,15.12,-9.09,LAGGING
2025-02-13,Sugar & Bio-Ethanol,12.56,-10.27,DISTRIBUTION
2025-02-13,Tea & Coffee,23.9,-7.32,DISTRIBUTION
2025-02-13,Telecom Services & Infrastructure,24.1,-7.33,DISTRIBUTION
2025-02-13,Telecommunication,13.93,-8.96,LAGGING
2025-02-13,Textiles & Apparel,15.78,-9.02,DISTRIBUTION
2025-02-13,"Textiles, Yarns & Apparel",12.61,-10.43,DISTRIBUTION
2025-02-13,Transformers & T&D Equipment,11.81,-9.32,LAGGING
2025-02-13,Tyres & Rubber Products,15.91,-8.1,LAGGING
2025-02-13,Wires & Cables,19.77,-6.49,LAGGING
2025-02-14,API & CDMO / CRAMS,14.68,-11.18,DISTRIBUTION
2025-02-14,Aerospace & Defence,18.82,-8.89,DISTRIBUTION
2025-02-14,Air Conditioners & AC Components,15.6,-9.23,DISTRIBUTION
2025-02-14,Aluminium & Mining,14.97,-9.59,DISTRIBUTION
2025-02-14,Auto Parts & Equipment,13.92,-10.37,DISTRIBUTION
2025-02-14,Automobile OEMs,20.59,-9.76,DISTRIBUTION
2025-02-14,Banks,23.0,-9.18,DISTRIBUTION
2025-02-14,Bearings & Friction Solutions,16.46,-8.07,LAGGING
2025-02-14,Breweries & Distilleries,25.38,-6.95,DISTRIBUTION
2025-02-14,Capital Goods,11.02,-10.88,DISTRIBUTION
2025-02-14,Capital Markets & Asset Management,10.16,-11.26,DISTRIBUTION
2025-02-14,Cement,13.75,-11.4,DISTRIBUTION
2025-02-14,Cement & Clinker,21.47,-9.55,DISTRIBUTION
2025-02-14,Ceramics & Tiles,17.42,-8.84,DISTRIBUTION
2025-02-14,Chemicals,16.36,-9.47,DISTRIBUTION
2025-02-14,Civil Construction & Infrastructure,11.5,-10.33,DISTRIBUTION
2025-02-14,Civil Construction & Infrastructure EPC,11.66,-11.52,DISTRIBUTION
2025-02-14,Commodity Chemicals,20.12,-8.14,DISTRIBUTION
2025-02-14,Consumer Durables,17.65,-8.0,LAGGING
2025-02-14,Consumer Services,16.27,-9.93,DISTRIBUTION
2025-02-14,Diversified & Fashion Retail,13.46,-9.17,LAGGING
2025-02-14,Diversified Commercial,18.86,-8.72,DISTRIBUTION
2025-02-14,Diversified Retail,18.18,-10.34,DISTRIBUTION
2025-02-14,Electronic Manufacturing Services (EMS),11.63,-9.16,LAGGING
2025-02-14,Fast Moving Consumer Goods,27.62,-8.07,DISTRIBUTION
2025-02-14,Fertilizers & Agrochemicals,15.95,-10.87,DISTRIBUTION
2025-02-14,Financial Services,13.58,-11.39,DISTRIBUTION
2025-02-14,Healthcare,27.0,-8.22,DISTRIBUTION
2025-02-14,Hospitals & Diagnostic Centres,22.93,-9.2,DISTRIBUTION
2025-02-14,Hotels & Restaurants,26.93,-8.24,DISTRIBUTION
2025-02-14,"Hotels, Resorts & QSR",15.89,-10.89,DISTRIBUTION
2025-02-14,IT Consulting & Software,18.14,-9.23,DISTRIBUTION
2025-02-14,Information Technology,12.86,-11.61,DISTRIBUTION
2025-02-14,Insurance,19.66,-8.23,DISTRIBUTION
2025-02-14,Internet & Digital Platforms,12.94,-10.75,DISTRIBUTION
2025-02-14,Iron & Steel,21.3,-9.11,DISTRIBUTION
2025-02-14,Logistics & Transportation,13.53,-9.79,DISTRIBUTION
2025-02-14,"Logistics, Ports & Supply Chain",13.66,-10.99,DISTRIBUTION
2025-02-14,Lubricants & Specialty Oils,26.24,-8.11,DISTRIBUTION
2025-02-14,Media & Entertainment,16.23,-9.93,DISTRIBUTION
2025-02-14,Metals & Mining,11.33,-9.94,LAGGING
2025-02-14,Mining & Mineral Products,15.32,-10.76,DISTRIBUTION
2025-02-14,Non Banking Financial Company (NBFC),20.87,-9.27,DISTRIBUTION
2025-02-14,Oil Exploration & Refining,16.44,-9.67,DISTRIBUTION
2025-02-14,Packaged Foods & Consumer Staples,18.35,-8.95,DISTRIBUTION
2025-02-14,Packaged Foods & FMCG Staples,23.1,-8.34,DISTRIBUTION
2025-02-14,Packaging Materials & Containers,19.62,-6.64,LAGGING
2025-02-14,Paper & Paper Products,19.81,-7.53,LAGGING
2025-02-14,Pharmaceuticals,19.86,-9.11,DISTRIBUTION
2025-02-14,Pharmaceuticals & Biotechnology,17.98,-9.8,DISTRIBUTION
2025-02-14,Pipes & Tubes,16.9,-8.63,LAGGING
2025-02-14,"Plywood, MDF & Laminates",18.84,-10.18,DISTRIBUTION
2025-02-14,Power,10.84,-10.24,DISTRIBUTION
2025-02-14,Power Generation & Utilities,13.57,-10.76,DISTRIBUTION
2025-02-14,Pumps & Compressors,10.98,-9.49,LAGGING
2025-02-14,Renewable Energy - Solar & Wind,17.19,-9.38,DISTRIBUTION
2025-02-14,Residential & Commercial Real Estate,15.22,-10.2,DISTRIBUTION
2025-02-14,Services,25.52,-6.86,DISTRIBUTION
2025-02-14,Software Products & Digital Services,16.33,-9.13,DISTRIBUTION
2025-02-14,Specialty Chemicals,24.43,-7.73,DISTRIBUTION
2025-02-14,Stockbroking & Financial Products,15.33,-9.04,LAGGING
2025-02-14,Sugar & Bio-Ethanol,12.44,-10.68,DISTRIBUTION
2025-02-14,Tea & Coffee,22.69,-8.06,DISTRIBUTION
2025-02-14,Telecom Services & Infrastructure,17.07,-10.6,DISTRIBUTION
2025-02-14,Telecommunication,13.38,-11.49,DISTRIBUTION
2025-02-14,Textiles & Apparel,13.66,-10.33,DISTRIBUTION
2025-02-14,"Textiles, Yarns & Apparel",12.66,-9.87,DISTRIBUTION
2025-02-14,Transformers & T&D Equipment,10.11,-10.71,DISTRIBUTION
2025-02-14,Tyres & Rubber Products,11.86,-9.95,DISTRIBUTION
2025-02-14,Wires & Cables,11.36,-10.14,DISTRIBUTION
2025-02-17,API & CDMO / CRAMS,17.51,-10.5,DISTRIBUTION
2025-02-17,Aerospace & Defence,16.96,-10.0,DISTRIBUTION
2025-02-17,Air Conditioners & AC Components,16.88,-9.54,DISTRIBUTION
2025-02-17,Aluminium & Mining,18.45,-8.45,DISTRIBUTION
2025-02-17,Auto Parts & Equipment,14.2,-10.93,DISTRIBUTION
2025-02-17,Automobile OEMs,21.84,-9.46,DISTRIBUTION
2025-02-17,Banks,21.77,-9.48,DISTRIBUTION
2025-02-17,Bearings & Friction Solutions,16.22,-8.68,LAGGING
2025-02-17,Breweries & Distilleries,16.74,-10.68,DISTRIBUTION
2025-02-17,Capital Goods,10.73,-11.55,DISTRIBUTION
2025-02-17,Capital Markets & Asset Management,10.98,-10.96,DISTRIBUTION
2025-02-17,Cement,11.64,-11.54,DISTRIBUTION
2025-02-17,Cement & Clinker,22.79,-7.9,DISTRIBUTION
2025-02-17,Ceramics & Tiles,15.09,-10.16,DISTRIBUTION
2025-02-17,Chemicals,14.46,-10.25,DISTRIBUTION
2025-02-17,Civil Construction & Infrastructure,11.07,-11.18,DISTRIBUTION
2025-02-17,Civil Construction & Infrastructure EPC,11.19,-12.01,DISTRIBUTION
2025-02-17,Commodity Chemicals,20.41,-8.98,DISTRIBUTION
2025-02-17,Consumer Durables,14.13,-9.37,DISTRIBUTION
2025-02-17,Consumer Services,14.54,-10.66,DISTRIBUTION
2025-02-17,Diversified & Fashion Retail,12.18,-10.12,DISTRIBUTION
2025-02-17,Diversified Commercial,16.51,-9.85,DISTRIBUTION
2025-02-17,Diversified Retail,20.24,-9.84,DISTRIBUTION
2025-02-17,Electronic Manufacturing Services (EMS),14.45,-8.44,LAGGING
2025-02-17,Fast Moving Consumer Goods,28.62,-7.03,DISTRIBUTION
2025-02-17,Fertilizers & Agrochemicals,16.53,-10.73,DISTRIBUTION
2025-02-17,Financial Services,12.25,-10.58,DISTRIBUTION
2025-02-17,Healthcare,30.67,-7.34,DISTRIBUTION
2025-02-17,Hospitals & Diagnostic Centres,22.7,-8.76,DISTRIBUTION
2025-02-17,Hotels & Restaurants,24.31,-8.76,DISTRIBUTION
2025-02-17,"Hotels, Resorts & QSR",17.93,-10.28,DISTRIBUTION
2025-02-17,IT Consulting & Software,13.88,-10.68,DISTRIBUTION
2025-02-17,Information Technology,12.7,-11.65,DISTRIBUTION
2025-02-17,Insurance,17.67,-9.59,DISTRIBUTION
2025-02-17,Internet & Digital Platforms,17.23,-9.09,DISTRIBUTION
2025-02-17,Iron & Steel,25.27,-6.48,LAGGING
2025-02-17,Logistics & Transportation,13.0,-11.48,DISTRIBUTION
2025-02-17,"Logistics, Ports & Supply Chain",13.28,-11.46,DISTRIBUTION
2025-02-17,Lubricants & Specialty Oils,23.67,-9.02,DISTRIBUTION
2025-02-17,Media & Entertainment,14.73,-10.92,DISTRIBUTION
2025-02-17,Metals & Mining,10.93,-9.95,LAGGING
2025-02-17,Mining & Mineral Products,24.55,-6.63,LAGGING
2025-02-17,Non Banking Financial Company (NBFC),19.64,-9.97,DISTRIBUTION
2025-02-17,Oil Exploration & Refining,16.15,-9.75,DISTRIBUTION
2025-02-17,Packaged Foods & Consumer Staples,16.91,-9.8,DISTRIBUTION
2025-02-17,Packaged Foods & FMCG Staples,24.42,-7.7,DISTRIBUTION
2025-02-17,Packaging Materials & Containers,23.26,-5.82,LAGGING
2025-02-17,Paper & Paper Products,20.07,-7.9,LAGGING
2025-02-17,Pharmaceuticals,15.86,-10.72,DISTRIBUTION
2025-02-17,Pharmaceuticals & Biotechnology,19.06,-9.14,DISTRIBUTION
2025-02-17,Pipes & Tubes,17.15,-8.65,DISTRIBUTION
2025-02-17,"Plywood, MDF & Laminates",16.45,-10.75,DISTRIBUTION
2025-02-17,Power,14.61,-8.64,LAGGING
2025-02-17,Power Generation & Utilities,12.13,-11.54,DISTRIBUTION
2025-02-17,Pumps & Compressors,11.71,-9.68,LAGGING
2025-02-17,Renewable Energy - Solar & Wind,14.8,-10.13,DISTRIBUTION
2025-02-17,Residential & Commercial Real Estate,14.83,-11.14,DISTRIBUTION
2025-02-17,Services,25.64,-7.52,DISTRIBUTION
2025-02-17,Software Products & Digital Services,15.37,-9.73,DISTRIBUTION
2025-02-17,Specialty Chemicals,17.4,-10.52,DISTRIBUTION
2025-02-17,Stockbroking & Financial Products,13.53,-10.03,DISTRIBUTION
2025-02-17,Sugar & Bio-Ethanol,11.35,-11.59,DISTRIBUTION
2025-02-17,Tea & Coffee,24.28,-6.3,LAGGING
2025-02-17,Telecom Services & Infrastructure,16.75,-10.68,DISTRIBUTION
2025-02-17,Telecommunication,10.85,-11.1,DISTRIBUTION
2025-02-17,Textiles & Apparel,12.43,-10.69,DISTRIBUTION
2025-02-17,"Textiles, Yarns & Apparel",11.27,-10.94,DISTRIBUTION
2025-02-17,Transformers & T&D Equipment,10.71,-10.82,DISTRIBUTION
2025-02-17,Tyres & Rubber Products,11.23,-10.54,DISTRIBUTION
2025-02-17,Wires & Cables,12.14,-10.46,DISTRIBUTION
2025-02-18,API & CDMO / CRAMS,13.83,-11.28,DISTRIBUTION
2025-02-18,Aerospace & Defence,15.21,-9.26,DISTRIBUTION
2025-02-18,Air Conditioners & AC Components,15.28,-8.39,LAGGING
2025-02-18,Aluminium & Mining,17.56,-8.66,DISTRIBUTION
2025-02-18,Auto Parts & Equipment,13.56,-10.17,DISTRIBUTION
2025-02-18,Automobile OEMs,20.56,-8.91,DISTRIBUTION
2025-02-18,Banks,21.88,-8.08,DISTRIBUTION
2025-02-18,Bearings & Friction Solutions,15.36,-10.57,DISTRIBUTION
2025-02-18,Breweries & Distilleries,15.17,-10.33,DISTRIBUTION
2025-02-18,Capital Goods,12.19,-10.22,DISTRIBUTION
2025-02-18,Capital Markets & Asset Management,10.45,-9.81,LAGGING
2025-02-18,Cement,9.52,-12.31,DISTRIBUTION
2025-02-18,Cement & Clinker,17.56,-9.0,DISTRIBUTION
2025-02-18,Ceramics & Tiles,12.2,-10.97,DISTRIBUTION
2025-02-18,Chemicals,15.55,-8.83,LAGGING
2025-02-18,Civil Construction & Infrastructure,10.05,-10.53,DISTRIBUTION
2025-02-18,Civil Construction & Infrastructure EPC,10.98,-10.68,DISTRIBUTION
2025-02-18,Commodity Chemicals,16.51,-9.23,DISTRIBUTION
2025-02-18,Consumer Durables,12.18,-9.52,LAGGING
2025-02-18,Consumer Services,14.76,-9.22,DISTRIBUTION
2025-02-18,Diversified & Fashion Retail,12.48,-9.81,DISTRIBUTION
2025-02-18,Diversified Commercial,15.5,-9.35,DISTRIBUTION
2025-02-18,Diversified Retail,17.13,-10.47,DISTRIBUTION
2025-02-18,Electronic Manufacturing Services (EMS),12.61,-8.8,LAGGING
2025-02-18,Fast Moving Consumer Goods,37.39,-1.74,NEUTRAL
2025-02-18,Fertilizers & Agrochemicals,14.53,-10.11,DISTRIBUTION
2025-02-18,Financial Services,12.04,-10.61,DISTRIBUTION
2025-02-18,Healthcare,27.79,-6.53,DISTRIBUTION
2025-02-18,Hospitals & Diagnostic Centres,24.01,-6.88,LAGGING
2025-02-18,Hotels & Restaurants,23.5,-7.58,DISTRIBUTION
2025-02-18,"Hotels, Resorts & QSR",16.43,-8.85,DISTRIBUTION
2025-02-18,IT Consulting & Software,16.87,-8.81,DISTRIBUTION
2025-02-18,Information Technology,8.76,-12.04,DISTRIBUTION
2025-02-18,Insurance,16.06,-9.01,DISTRIBUTION
2025-02-18,Internet & Digital Platforms,18.69,-8.93,DISTRIBUTION
2025-02-18,Iron & Steel,25.08,-5.48,LAGGING
2025-02-18,Logistics & Transportation,25.31,-4.71,LAGGING
2025-02-18,"Logistics, Ports & Supply Chain",15.34,-9.45,DISTRIBUTION
2025-02-18,Lubricants & Specialty Oils,29.5,-5.77,DISTRIBUTION
2025-02-18,Media & Entertainment,11.28,-10.68,DISTRIBUTION
2025-02-18,Metals & Mining,9.59,-10.43,DISTRIBUTION
2025-02-18,Mining & Mineral Products,23.88,-5.44,LAGGING
2025-02-18,Non Banking Financial Company (NBFC),18.87,-8.82,DISTRIBUTION
2025-02-18,Oil Exploration & Refining,14.42,-9.99,DISTRIBUTION
2025-02-18,Packaged Foods & Consumer Staples,15.25,-9.86,DISTRIBUTION
2025-02-18,Packaged Foods & FMCG Staples,21.99,-7.97,DISTRIBUTION
2025-02-18,Packaging Materials & Containers,22.49,-5.54,LAGGING
2025-02-18,Paper & Paper Products,17.55,-8.64,DISTRIBUTION
2025-02-18,Pharmaceuticals,13.51,-10.31,DISTRIBUTION
2025-02-18,Pharmaceuticals & Biotechnology,18.74,-7.5,LAGGING
2025-02-18,Pipes & Tubes,11.61,-10.36,DISTRIBUTION
2025-02-18,"Plywood, MDF & Laminates",14.49,-10.88,DISTRIBUTION
2025-02-18,Power,15.15,-7.67,LAGGING
2025-02-18,Power Generation & Utilities,14.63,-8.64,LAGGING
2025-02-18,Pumps & Compressors,9.21,-10.52,DISTRIBUTION
2025-02-18,Renewable Energy - Solar & Wind,12.65,-10.02,DISTRIBUTION
2025-02-18,Residential & Commercial Real Estate,13.06,-10.79,DISTRIBUTION
2025-02-18,Services,30.83,-4.37,LAGGING
2025-02-18,Software Products & Digital Services,16.37,-8.29,LAGGING
2025-02-18,Specialty Chemicals,15.34,-10.42,DISTRIBUTION
2025-02-18,Stockbroking & Financial Products,13.94,-9.28,LAGGING
2025-02-18,Sugar & Bio-Ethanol,11.42,-10.27,DISTRIBUTION
2025-02-18,Tea & Coffee,19.92,-8.18,DISTRIBUTION
2025-02-18,Telecom Services & Infrastructure,16.87,-9.95,DISTRIBUTION
2025-02-18,Telecommunication,11.32,-9.97,LAGGING
2025-02-18,Textiles & Apparel,10.63,-10.94,DISTRIBUTION
2025-02-18,"Textiles, Yarns & Apparel",10.87,-10.27,DISTRIBUTION
2025-02-18,Transformers & T&D Equipment,12.82,-9.86,DISTRIBUTION
2025-02-18,Tyres & Rubber Products,11.42,-9.78,LAGGING
2025-02-18,Wires & Cables,10.45,-10.92,DISTRIBUTION
2025-02-19,API & CDMO / CRAMS,18.55,-9.56,DISTRIBUTION
2025-02-19,Aerospace & Defence,17.15,-9.25,DISTRIBUTION
2025-02-19,Air Conditioners & AC Components,15.19,-9.05,LAGGING
2025-02-19,Aluminium & Mining,20.77,-6.92,LAGGING
2025-02-19,Auto Parts & Equipment,15.36,-8.99,LAGGING
2025-02-19,Automobile OEMs,25.56,-7.29,DISTRIBUTION
2025-02-19,Banks,25.24,-6.85,DISTRIBUTION
2025-02-19,Bearings & Friction Solutions,13.81,-9.47,DISTRIBUTION
2025-02-19,Breweries & Distilleries,21.57,-8.78,DISTRIBUTION
2025-02-19,Capital Goods,12.16,-10.53,DISTRIBUTION
2025-02-19,Capital Markets & Asset Management,17.59,-7.12,LAGGING
2025-02-19,Cement,11.44,-10.79,DISTRIBUTION
2025-02-19,Cement & Clinker,21.49,-7.69,DISTRIBUTION
2025-02-19,Ceramics & Tiles,13.51,-9.6,DISTRIBUTION
2025-02-19,Chemicals,19.97,-7.94,DISTRIBUTION
2025-02-19,Civil Construction & Infrastructure,10.97,-10.35,DISTRIBUTION
2025-02-19,Civil Construction & Infrastructure EPC,15.12,-8.85,LAGGING
2025-02-19,Commodity Chemicals,20.58,-7.64,LAGGING
2025-02-19,Consumer Durables,11.56,-10.18,DISTRIBUTION
2025-02-19,Consumer Services,19.1,-7.92,LAGGING
2025-02-19,Diversified & Fashion Retail,12.93,-10.26,DISTRIBUTION
2025-02-19,Diversified Commercial,17.1,-8.68,DISTRIBUTION
2025-02-19,Diversified Retail,19.12,-9.31,DISTRIBUTION
2025-02-19,Electronic Manufacturing Services (EMS),11.37,-9.49,LAGGING
2025-02-19,Fast Moving Consumer Goods,33.02,-4.98,DISTRIBUTION
2025-02-19,Fertilizers & Agrochemicals,18.6,-9.19,DISTRIBUTION
2025-02-19,Financial Services,15.66,-8.74,LAGGING
2025-02-19,Healthcare,31.48,-5.79,DISTRIBUTION
2025-02-19,Hospitals & Diagnostic Centres,24.48,-7.58,DISTRIBUTION
2025-02-19,Hotels & Restaurants,29.73,-5.41,LAGGING
2025-02-19,"Hotels, Resorts & QSR",24.26,-5.35,LAGGING
2025-02-19,IT Consulting & Software,18.9,-7.84,LAGGING
2025-02-19,Information Technology,13.53,-11.45,DISTRIBUTION
2025-02-19,Insurance,20.9,-7.49,LAGGING
2025-02-19,Internet & Digital Platforms,22.04,-6.57,LAGGING
2025-02-19,Iron & Steel,24.47,-6.24,LAGGING
2025-02-19,Logistics & Transportation,20.91,-6.51,LAGGING
2025-02-19,"Logistics, Ports & Supply Chain",17.02,-8.75,DISTRIBUTION
2025-02-19,Lubricants & Specialty Oils,37.43,-2.45,NEUTRAL
2025-02-19,Media & Entertainment,15.12,-9.81,DISTRIBUTION
2025-02-19,Metals & Mining,10.86,-9.86,LAGGING
2025-02-19,Mining & Mineral Products,25.97,-4.7,LAGGING
2025-02-19,Non Banking Financial Company (NBFC),22.17,-7.2,LAGGING
2025-02-19,Oil Exploration & Refining,17.73,-8.49,DISTRIBUTION
2025-02-19,Packaged Foods & Consumer Staples,23.96,-5.73,LAGGING
2025-02-19,Packaged Foods & FMCG Staples,23.54,-7.52,DISTRIBUTION
2025-02-19,Packaging Materials & Containers,22.54,-6.99,LAGGING
2025-02-19,Paper & Paper Products,22.43,-7.44,DISTRIBUTION
2025-02-19,Pharmaceuticals,16.52,-8.87,DISTRIBUTION
2025-02-19,Pharmaceuticals & Biotechnology,18.52,-7.81,LAGGING
2025-02-19,Pipes & Tubes,14.92,-9.18,DISTRIBUTION
2025-02-19,"Plywood, MDF & Laminates",20.61,-7.53,LAGGING
2025-02-19,Power,22.89,-4.27,LAGGING
2025-02-19,Power Generation & Utilities,15.63,-8.15,LAGGING
2025-02-19,Pumps & Compressors,12.87,-11.11,DISTRIBUTION
2025-02-19,Renewable Energy - Solar & Wind,20.61,-8.61,DISTRIBUTION
2025-02-19,Residential & Commercial Real Estate,17.01,-9.08,DISTRIBUTION
2025-02-19,Services,26.22,-6.26,LAGGING
2025-02-19,Software Products & Digital Services,16.69,-8.16,LAGGING
2025-02-19,Specialty Chemicals,16.94,-9.5,DISTRIBUTION
2025-02-19,Stockbroking & Financial Products,16.08,-8.21,LAGGING
2025-02-19,Sugar & Bio-Ethanol,12.24,-9.99,DISTRIBUTION
2025-02-19,Tea & Coffee,20.55,-7.49,LAGGING
2025-02-19,Telecom Services & Infrastructure,16.25,-8.89,DISTRIBUTION
2025-02-19,Telecommunication,12.96,-9.24,LAGGING
2025-02-19,Textiles & Apparel,16.36,-8.17,LAGGING
2025-02-19,"Textiles, Yarns & Apparel",12.66,-9.23,LAGGING
2025-02-19,Transformers & T&D Equipment,12.01,-10.12,DISTRIBUTION
2025-02-19,Tyres & Rubber Products,12.4,-10.21,DISTRIBUTION
2025-02-19,Wires & Cables,11.22,-10.05,DISTRIBUTION
2025-02-20,API & CDMO / CRAMS,18.3,-9.25,DISTRIBUTION
2025-02-20,Aerospace & Defence,14.5,-10.03,DISTRIBUTION
2025-02-20,Air Conditioners & AC Components,15.68,-8.61,LAGGING
2025-02-20,Aluminium & Mining,20.65,-5.88,LAGGING
2025-02-20,Auto Parts & Equipment,17.94,-7.53,LAGGING
2025-02-20,Automobile OEMs,29.72,-4.86,LAGGING
2025-02-20,Banks,26.0,-5.69,LAGGING
2025-02-20,Bearings & Friction Solutions,12.34,-10.11,DISTRIBUTION
2025-02-20,Breweries & Distilleries,26.85,-5.44,LAGGING
2025-02-20,Capital Goods,12.14,-9.53,LAGGING
2025-02-20,Capital Markets & Asset Management,20.1,-5.45,LAGGING
2025-02-20,Cement,12.36,-9.48,LAGGING
2025-02-20,Cement & Clinker,21.63,-7.25,LAGGING
2025-02-20,Ceramics & Tiles,12.71,-9.8,DISTRIBUTION
2025-02-20,Chemicals,24.27,-5.48,LAGGING
2025-02-20,Civil Construction & Infrastructure,12.38,-8.86,LAGGING
2025-02-20,Civil Construction & Infrastructure EPC,14.83,-8.07,LAGGING
2025-02-20,Commodity Chemicals,22.18,-6.84,LAGGING
2025-02-20,Consumer Durables,13.01,-9.75,DISTRIBUTION
2025-02-20,Consumer Services,15.86,-7.98,LAGGING
2025-02-20,Diversified & Fashion Retail,10.52,-10.63,DISTRIBUTION
2025-02-20,Diversified Commercial,17.48,-8.24,LAGGING
2025-02-20,Diversified Retail,30.95,-4.45,LAGGING
2025-02-20,Electronic Manufacturing Services (EMS),11.15,-9.19,LAGGING
2025-02-20,Fast Moving Consumer Goods,37.85,-2.46,NEUTRAL
2025-02-20,Fertilizers & Agrochemicals,17.21,-9.38,DISTRIBUTION
2025-02-20,Financial Services,20.11,-6.08,LAGGING
2025-02-20,Healthcare,29.25,-5.47,LAGGING
2025-02-20,Hospitals & Diagnostic Centres,27.26,-5.44,LAGGING
2025-02-20,Hotels & Restaurants,30.96,-4.9,LAGGING
2025-02-20,"Hotels, Resorts & QSR",29.08,-3.51,LAGGING
2025-02-20,IT Consulting & Software,16.24,-8.78,LAGGING
2025-02-20,Information Technology,11.56,-11.93,DISTRIBUTION
2025-02-20,Insurance,15.26,-9.09,DISTRIBUTION
2025-02-20,Internet & Digital Platforms,21.42,-6.3,LAGGING
2025-02-20,Iron & Steel,25.4,-5.38,LAGGING
2025-02-20,Logistics & Transportation,17.73,-7.28,LAGGING
2025-02-20,"Logistics, Ports & Supply Chain",16.9,-7.62,LAGGING
2025-02-20,Lubricants & Specialty Oils,36.72,-3.66,NEUTRAL
2025-02-20,Media & Entertainment,15.81,-9.92,DISTRIBUTION
2025-02-20,Metals & Mining,9.69,-9.81,LAGGING
2025-02-20,Mining & Mineral Products,27.77,-3.32,LAGGING
2025-02-20,Non Banking Financial Company (NBFC),21.99,-7.5,DISTRIBUTION
2025-02-20,Oil Exploration & Refining,19.29,-7.43,LAGGING
2025-02-20,Packaged Foods & Consumer Staples,22.92,-5.86,LAGGING
2025-02-20,Packaged Foods & FMCG Staples,25.38,-6.08,LAGGING
2025-02-20,Packaging Materials & Containers,21.32,-5.89,LAGGING
2025-02-20,Paper & Paper Products,27.08,-5.31,LAGGING
2025-02-20,Pharmaceuticals,21.49,-7.16,LAGGING
2025-02-20,Pharmaceuticals & Biotechnology,19.09,-8.38,DISTRIBUTION
2025-02-20,Pipes & Tubes,16.52,-8.47,LAGGING
2025-02-20,"Plywood, MDF & Laminates",17.76,-8.22,LAGGING
2025-02-20,Power,20.61,-4.81,LAGGING
2025-02-20,Power Generation & Utilities,24.72,-4.08,LAGGING
2025-02-20,Pumps & Compressors,10.61,-9.6,LAGGING
2025-02-20,Renewable Energy - Solar & Wind,30.61,-3.77,LAGGING
2025-02-20,Residential & Commercial Real Estate,16.04,-8.69,LAGGING
2025-02-20,Services,28.11,-5.71,LAGGING
2025-02-20,Software Products & Digital Services,20.58,-6.8,LAGGING
2025-02-20,Specialty Chemicals,16.3,-9.31,DISTRIBUTION
2025-02-20,Stockbroking & Financial Products,16.98,-7.59,LAGGING
2025-02-20,Sugar & Bio-Ethanol,13.46,-8.61,LAGGING
2025-02-20,Tea & Coffee,20.55,-7.67,LAGGING
2025-02-20,Telecom Services & Infrastructure,16.34,-9.48,DISTRIBUTION
2025-02-20,Telecommunication,12.06,-9.44,LAGGING
2025-02-20,Textiles & Apparel,15.73,-8.23,LAGGING
2025-02-20,"Textiles, Yarns & Apparel",13.2,-8.73,LAGGING
2025-02-20,Transformers & T&D Equipment,12.46,-8.89,LAGGING
2025-02-20,Tyres & Rubber Products,13.67,-9.12,LAGGING
2025-02-20,Wires & Cables,12.77,-10.2,DISTRIBUTION
2025-02-21,API & CDMO / CRAMS,15.23,-8.25,LAGGING
2025-02-21,Aerospace & Defence,11.55,-10.54,DISTRIBUTION
2025-02-21,Air Conditioners & AC Components,56.86,4.35,EMERGING_LEADER
2025-02-21,Aluminium & Mining,22.81,-5.11,LAGGING
2025-02-21,Auto Parts & Equipment,19.67,-6.24,LAGGING
2025-02-21,Automobile OEMs,28.08,-3.91,LAGGING
2025-02-21,Banks,26.66,-4.94,LAGGING
2025-02-21,Bearings & Friction Solutions,13.8,-9.17,LAGGING
2025-02-21,Breweries & Distilleries,24.88,-6.12,LAGGING
2025-02-21,Capital Goods,15.03,-7.67,LAGGING
2025-02-21,Capital Markets & Asset Management,20.97,-5.02,LAGGING
2025-02-21,Cement,15.95,-7.78,LAGGING
2025-02-21,Cement & Clinker,23.51,-5.99,LAGGING
2025-02-21,Ceramics & Tiles,15.98,-8.42,LAGGING
2025-02-21,Chemicals,21.9,-5.75,LAGGING
2025-02-21,Civil Construction & Infrastructure,12.34,-8.89,LAGGING
2025-02-21,Civil Construction & Infrastructure EPC,19.77,-5.8,LAGGING
2025-02-21,Commodity Chemicals,23.45,-5.77,LAGGING
2025-02-21,Consumer Durables,22.27,-5.82,LAGGING
2025-02-21,Consumer Services,16.93,-7.82,LAGGING
2025-02-21,Diversified & Fashion Retail,13.26,-8.85,LAGGING
2025-02-21,Diversified Commercial,18.44,-7.65,LAGGING
2025-02-21,Diversified Retail,31.62,-1.99,LAGGING
2025-02-21,Electronic Manufacturing Services (EMS),11.86,-9.07,LAGGING
2025-02-21,Fast Moving Consumer Goods,34.93,-2.3,LAGGING
2025-02-21,Fertilizers & Agrochemicals,17.84,-7.38,LAGGING
2025-02-21,Financial Services,25.4,-3.78,LAGGING
2025-02-21,Healthcare,23.87,-6.83,LAGGING
2025-02-21,Hospitals & Diagnostic Centres,27.9,-4.41,LAGGING
2025-02-21,Hotels & Restaurants,31.34,-3.68,LAGGING
2025-02-21,"Hotels, Resorts & QSR",28.09,-3.06,LAGGING
2025-02-21,IT Consulting & Software,13.2,-9.72,DISTRIBUTION
2025-02-21,Information Technology,19.26,-6.23,LAGGING
2025-02-21,Insurance,20.82,-6.79,LAGGING
2025-02-21,Internet & Digital Platforms,18.23,-6.67,LAGGING
2025-02-21,Iron & Steel,30.42,-3.06,LAGGING
2025-02-21,Logistics & Transportation,17.72,-6.99,LAGGING
2025-02-21,"Logistics, Ports & Supply Chain",15.78,-7.83,LAGGING
2025-02-21,Lubricants & Specialty Oils,36.49,-1.4,NEUTRAL
2025-02-21,Media & Entertainment,16.64,-7.93,LAGGING
2025-02-21,Metals & Mining,10.55,-9.61,LAGGING
2025-02-21,Mining & Mineral Products,32.6,-1.48,LAGGING
2025-02-21,Non Banking Financial Company (NBFC),21.65,-6.66,LAGGING
2025-02-21,Oil Exploration & Refining,19.39,-6.82,LAGGING
2025-02-21,Packaged Foods & Consumer Staples,21.7,-6.19,LAGGING
2025-02-21,Packaged Foods & FMCG Staples,23.46,-6.3,LAGGING
2025-02-21,Packaging Materials & Containers,21.58,-6.47,LAGGING
2025-02-21,Paper & Paper Products,23.91,-5.52,LAGGING
2025-02-21,Pharmaceuticals,18.5,-7.8,LAGGING
2025-02-21,Pharmaceuticals & Biotechnology,20.84,-6.48,LAGGING
2025-02-21,Pipes & Tubes,19.44,-6.88,LAGGING
2025-02-21,"Plywood, MDF & Laminates",23.46,-5.54,LAGGING
2025-02-21,Power,23.48,-4.09,LAGGING
2025-02-21,Power Generation & Utilities,25.27,-3.83,LAGGING
2025-02-21,Pumps & Compressors,12.31,-8.81,LAGGING
2025-02-21,Renewable Energy - Solar & Wind,33.23,-1.32,LAGGING
2025-02-21,Residential & Commercial Real Estate,17.11,-7.55,LAGGING
2025-02-21,Services,31.27,-3.46,LAGGING
2025-02-21,Software Products & Digital Services,18.92,-6.99,LAGGING
2025-02-21,Specialty Chemicals,17.04,-9.24,DISTRIBUTION
2025-02-21,Stockbroking & Financial Products,16.2,-7.96,LAGGING
2025-02-21,Sugar & Bio-Ethanol,14.87,-7.99,LAGGING
2025-02-21,Tea & Coffee,21.15,-7.2,LAGGING
2025-02-21,Telecom Services & Infrastructure,16.02,-8.34,LAGGING
2025-02-21,Telecommunication,13.44,-8.76,LAGGING
2025-02-21,Textiles & Apparel,14.69,-8.29,LAGGING
2025-02-21,"Textiles, Yarns & Apparel",13.04,-8.8,LAGGING
2025-02-21,Transformers & T&D Equipment,11.5,-8.99,LAGGING
2025-02-21,Tyres & Rubber Products,15.64,-7.57,LAGGING
2025-02-21,Wires & Cables,17.85,-6.55,LAGGING
2025-02-24,API & CDMO / CRAMS,21.69,-6.04,LAGGING
2025-02-24,Aerospace & Defence,15.54,-8.53,LAGGING
2025-02-24,Air Conditioners & AC Components,33.39,-2.6,LAGGING
2025-02-24,Aluminium & Mining,21.44,-6.32,LAGGING
2025-02-24,Auto Parts & Equipment,20.35,-6.01,LAGGING
2025-02-24,Automobile OEMs,27.31,-4.46,LAGGING
2025-02-24,Banks,28.18,-4.08,LAGGING
2025-02-24,Bearings & Friction Solutions,15.91,-8.24,LAGGING
2025-02-24,Breweries & Distilleries,26.47,-3.9,LAGGING
2025-02-24,Capital Goods,16.13,-7.16,LAGGING
2025-02-24,Capital Markets & Asset Management,23.99,-3.9,LAGGING
2025-02-24,Cement,13.4,-8.47,LAGGING
2025-02-24,Cement & Clinker,22.74,-6.55,LAGGING
2025-02-24,Ceramics & Tiles,13.54,-9.03,LAGGING
2025-02-24,Chemicals,23.72,-4.64,LAGGING
2025-02-24,Civil Construction & Infrastructure,13.58,-8.29,LAGGING
2025-02-24,Civil Construction & Infrastructure EPC,14.4,-7.97,LAGGING
2025-02-24,Commodity Chemicals,23.13,-5.96,LAGGING
2025-02-24,Consumer Durables,17.14,-7.34,LAGGING
2025-02-24,Consumer Services,18.58,-6.81,LAGGING
2025-02-24,Diversified & Fashion Retail,14.03,-8.3,LAGGING
2025-02-24,Diversified Commercial,19.44,-6.81,LAGGING
2025-02-24,Diversified Retail,24.13,-5.51,LAGGING
2025-02-24,Electronic Manufacturing Services (EMS),13.59,-8.43,LAGGING
2025-02-24,Fast Moving Consumer Goods,40.24,-0.25,NEUTRAL
2025-02-24,Fertilizers & Agrochemicals,19.36,-6.84,LAGGING
2025-02-24,Financial Services,22.31,-4.83,LAGGING
2025-02-24,Healthcare,25.42,-6.84,DISTRIBUTION
2025-02-24,Hospitals & Diagnostic Centres,29.66,-3.63,LAGGING
2025-02-24,Hotels & Restaurants,30.13,-3.72,LAGGING
2025-02-24,"Hotels, Resorts & QSR",23.53,-5.34,LAGGING
2025-02-24,IT Consulting & Software,16.13,-7.72,LAGGING
2025-02-24,Information Technology,19.33,-6.17,LAGGING
2025-02-24,Insurance,19.09,-7.16,LAGGING
2025-02-24,Internet & Digital Platforms,16.21,-8.29,LAGGING
2025-02-24,Iron & Steel,26.61,-5.37,LAGGING
2025-02-24,Logistics & Transportation,20.9,-5.56,LAGGING
2025-02-24,"Logistics, Ports & Supply Chain",15.74,-7.78,LAGGING
2025-02-24,Lubricants & Specialty Oils,37.8,-0.38,NEUTRAL
2025-02-24,Media & Entertainment,18.52,-6.87,LAGGING
2025-02-24,Metals & Mining,11.8,-9.01,LAGGING
2025-02-24,Mining & Mineral Products,32.27,-2.87,LAGGING
2025-02-24,Non Banking Financial Company (NBFC),22.64,-6.03,LAGGING
2025-02-24,Oil Exploration & Refining,17.29,-7.65,LAGGING
2025-02-24,Packaged Foods & Consumer Staples,21.04,-6.21,LAGGING
2025-02-24,Packaged Foods & FMCG Staples,23.91,-6.35,LAGGING
2025-02-24,Packaging Materials & Containers,23.78,-6.2,LAGGING
2025-02-24,Paper & Paper Products,25.82,-4.77,LAGGING
2025-02-24,Pharmaceuticals,17.38,-7.56,LAGGING
2025-02-24,Pharmaceuticals & Biotechnology,26.24,-4.41,LAGGING
2025-02-24,Pipes & Tubes,25.72,-4.28,LAGGING
2025-02-24,"Plywood, MDF & Laminates",21.56,-5.91,LAGGING
2025-02-24,Power,24.43,-4.37,LAGGING
2025-02-24,Power Generation & Utilities,21.78,-5.04,LAGGING
2025-02-24,Pumps & Compressors,10.55,-9.68,LAGGING
2025-02-24,Renewable Energy - Solar & Wind,29.64,-2.22,LAGGING
2025-02-24,Residential & Commercial Real Estate,16.56,-7.71,LAGGING
2025-02-24,Services,31.38,-3.44,LAGGING
2025-02-24,Software Products & Digital Services,19.61,-6.53,LAGGING
2025-02-24,Specialty Chemicals,17.41,-7.82,LAGGING
2025-02-24,Stockbroking & Financial Products,19.88,-6.09,LAGGING
2025-02-24,Sugar & Bio-Ethanol,16.27,-7.21,LAGGING
2025-02-24,Tea & Coffee,18.9,-8.43,DISTRIBUTION
2025-02-24,Telecom Services & Infrastructure,16.13,-8.24,LAGGING
2025-02-24,Telecommunication,12.61,-8.66,LAGGING
2025-02-24,Textiles & Apparel,16.16,-7.45,LAGGING
2025-02-24,"Textiles, Yarns & Apparel",14.6,-7.9,LAGGING
2025-02-24,Transformers & T&D Equipment,16.29,-7.09,LAGGING
2025-02-24,Tyres & Rubber Products,15.82,-7.38,LAGGING
2025-02-24,Wires & Cables,15.39,-7.72,LAGGING
2025-02-25,API & CDMO / CRAMS,20.7,-5.8,LAGGING
2025-02-25,Aerospace & Defence,14.86,-8.5,LAGGING
2025-02-25,Air Conditioners & AC Components,30.96,-3.35,LAGGING
2025-02-25,Aluminium & Mining,23.29,-5.38,LAGGING
2025-02-25,Auto Parts & Equipment,20.49,-5.84,LAGGING
2025-02-25,Automobile OEMs,26.73,-4.47,LAGGING
2025-02-25,Banks,25.26,-5.33,LAGGING
2025-02-25,Bearings & Friction Solutions,17.83,-7.28,LAGGING
2025-02-25,Breweries & Distilleries,24.66,-4.37,LAGGING
2025-02-25,Capital Goods,16.1,-7.43,LAGGING
2025-02-25,Capital Markets & Asset Management,23.08,-4.19,LAGGING
2025-02-25,Cement,13.91,-7.87,LAGGING
2025-02-25,Cement & Clinker,23.01,-5.5,LAGGING
2025-02-25,Ceramics & Tiles,16.37,-7.32,LAGGING
2025-02-25,Chemicals,23.42,-4.96,LAGGING
2025-02-25,Civil Construction & Infrastructure,14.56,-7.69,LAGGING
2025-02-25,Civil Construction & Infrastructure EPC,13.76,-8.2,LAGGING
2025-02-25,Commodity Chemicals,23.83,-4.96,LAGGING
2025-02-25,Consumer Durables,23.05,-4.51,LAGGING
2025-02-25,Consumer Services,19.59,-6.43,LAGGING
2025-02-25,Diversified & Fashion Retail,16.3,-7.4,LAGGING
2025-02-25,Diversified Commercial,19.67,-6.53,LAGGING
2025-02-25,Diversified Retail,33.64,-1.23,LAGGING
2025-02-25,Electronic Manufacturing Services (EMS),9.39,-12.45,DISTRIBUTION
2025-02-25,Fast Moving Consumer Goods,38.08,-2.74,NEUTRAL
2025-02-25,Fertilizers & Agrochemicals,21.23,-5.7,LAGGING
2025-02-25,Financial Services,22.98,-4.52,LAGGING
2025-02-25,Healthcare,27.7,-5.37,LAGGING
2025-02-25,Hospitals & Diagnostic Centres,35.91,-1.24,NEUTRAL
2025-02-25,Hotels & Restaurants,30.94,-3.24,LAGGING
2025-02-25,"Hotels, Resorts & QSR",30.39,-2.19,LAGGING
2025-02-25,IT Consulting & Software,17.28,-7.78,LAGGING
2025-02-25,Information Technology,22.05,-4.32,LAGGING
2025-02-25,Insurance,23.76,-4.91,LAGGING
2025-02-25,Internet & Digital Platforms,21.32,-6.41,LAGGING
2025-02-25,Iron & Steel,25.62,-5.75,LAGGING
2025-02-25,Logistics & Transportation,20.8,-7.82,DISTRIBUTION
2025-02-25,"Logistics, Ports & Supply Chain",15.7,-8.17,LAGGING
2025-02-25,Lubricants & Specialty Oils,35.43,-2.43,NEUTRAL
2025-02-25,Media & Entertainment,21.05,-5.19,LAGGING
2025-02-25,Metals & Mining,11.52,-8.89,LAGGING
2025-02-25,Mining & Mineral Products,31.72,-2.98,LAGGING
2025-02-25,Non Banking Financial Company (NBFC),24.14,-5.26,LAGGING
2025-02-25,Oil Exploration & Refining,16.7,-7.58,LAGGING
2025-02-25,Packaged Foods & Consumer Staples,21.31,-5.79,LAGGING
2025-02-25,Packaged Foods & FMCG Staples,25.74,-5.15,LAGGING
2025-02-25,Packaging Materials & Containers,24.89,-5.59,LAGGING
2025-02-25,Paper & Paper Products,19.28,-7.06,LAGGING
2025-02-25,Pharmaceuticals,19.83,-6.1,LAGGING
2025-02-25,Pharmaceuticals & Biotechnology,23.31,-5.58,LAGGING
2025-02-25,Pipes & Tubes,22.44,-4.66,LAGGING
2025-02-25,"Plywood, MDF & Laminates",17.88,-7.1,LAGGING
2025-02-25,Power,27.21,-3.3,LAGGING
2025-02-25,Power Generation & Utilities,29.79,-2.15,LAGGING
2025-02-25,Pumps & Compressors,11.76,-8.72,LAGGING
2025-02-25,Renewable Energy - Solar & Wind,33.73,-1.2,LAGGING
2025-02-25,Residential & Commercial Real Estate,16.82,-7.29,LAGGING
2025-02-25,Services,30.89,-4.58,LAGGING
2025-02-25,Software Products & Digital Services,20.97,-6.14,LAGGING
2025-02-25,Specialty Chemicals,18.32,-7.07,LAGGING
2025-02-25,Stockbroking & Financial Products,21.22,-5.6,LAGGING
2025-02-25,Sugar & Bio-Ethanol,14.5,-7.97,LAGGING
2025-02-25,Tea & Coffee,23.08,-5.89,LAGGING
2025-02-25,Telecom Services & Infrastructure,20.99,-6.22,LAGGING
2025-02-25,Telecommunication,13.31,-8.45,LAGGING
2025-02-25,Textiles & Apparel,20.27,-5.4,LAGGING
2025-02-25,"Textiles, Yarns & Apparel",16.52,-7.02,LAGGING
2025-02-25,Transformers & T&D Equipment,17.5,-6.96,LAGGING
2025-02-25,Tyres & Rubber Products,15.12,-7.71,LAGGING
2025-02-25,Wires & Cables,16.11,-7.11,LAGGING
2025-02-27,API & CDMO / CRAMS,15.2,-8.95,LAGGING
2025-02-27,Aerospace & Defence,13.86,-9.27,LAGGING
2025-02-27,Air Conditioners & AC Components,26.45,-6.9,DISTRIBUTION
2025-02-27,Aluminium & Mining,19.91,-7.38,LAGGING
2025-02-27,Auto Parts & Equipment,17.42,-7.45,LAGGING
2025-02-27,Automobile OEMs,21.76,-7.46,LAGGING
2025-02-27,Banks,25.44,-5.86,LAGGING
2025-02-27,Bearings & Friction Solutions,16.08,-7.73,LAGGING
2025-02-27,Breweries & Distilleries,24.28,-5.68,LAGGING
2025-02-27,Capital Goods,24.65,-3.84,LAGGING
2025-02-27,Capital Markets & Asset Management,13.89,-9.33,LAGGING
2025-02-27,Cement,13.63,-8.33,LAGGING
2025-02-27,Cement & Clinker,22.43,-6.45,LAGGING
2025-02-27,Ceramics & Tiles,15.07,-8.1,LAGGING
2025-02-27,Chemicals,15.73,-8.99,DISTRIBUTION
2025-02-27,Civil Construction & Infrastructure,10.92,-9.39,LAGGING
2025-02-27,Civil Construction & Infrastructure EPC,11.71,-9.8,LAGGING
2025-02-27,Commodity Chemicals,19.08,-7.69,LAGGING
2025-02-27,Consumer Durables,18.86,-6.16,LAGGING
2025-02-27,Consumer Services,13.54,-9.75,DISTRIBUTION
2025-02-27,Diversified & Fashion Retail,10.07,-10.1,LAGGING
2025-02-27,Diversified Commercial,17.47,-7.74,LAGGING
2025-02-27,Diversified Retail,21.76,-6.3,LAGGING
2025-02-27,Electronic Manufacturing Services (EMS),10.02,-11.61,DISTRIBUTION
2025-02-27,Fast Moving Consumer Goods,30.3,-5.22,LAGGING
2025-02-27,Fertilizers & Agrochemicals,17.84,-7.86,LAGGING
2025-02-27,Financial Services,19.61,-6.58,LAGGING
2025-02-27,Healthcare,22.67,-8.14,DISTRIBUTION
2025-02-27,Hospitals & Diagnostic Centres,26.24,-5.39,LAGGING
2025-02-27,Hotels & Restaurants,29.33,-5.03,LAGGING
2025-02-27,"Hotels, Resorts & QSR",21.72,-7.24,LAGGING
2025-02-27,IT Consulting & Software,12.99,-9.95,DISTRIBUTION
2025-02-27,Information Technology,16.43,-7.53,LAGGING
2025-02-27,Insurance,17.59,-8.37,LAGGING
2025-02-27,Internet & Digital Platforms,19.56,-7.75,LAGGING
2025-02-27,Iron & Steel,22.89,-6.79,LAGGING
2025-02-27,Logistics & Transportation,15.93,-9.07,DISTRIBUTION
2025-02-27,"Logistics, Ports & Supply Chain",14.25,-9.08,LAGGING
2025-02-27,Lubricants & Specialty Oils,37.42,-3.02,NEUTRAL
2025-02-27,Media & Entertainment,16.27,-7.89,LAGGING
2025-02-27,Metals & Mining,11.0,-9.33,LAGGING
2025-02-27,Mining & Mineral Products,23.7,-6.72,LAGGING
2025-02-27,Non Banking Financial Company (NBFC),26.61,-4.81,LAGGING
2025-02-27,Oil Exploration & Refining,21.17,-6.3,LAGGING
2025-02-27,Packaged Foods & Consumer Staples,17.59,-8.92,DISTRIBUTION
2025-02-27,Packaged Foods & FMCG Staples,26.01,-5.31,LAGGING
2025-02-27,Packaging Materials & Containers,16.25,-9.23,DISTRIBUTION
2025-02-27,Paper & Paper Products,17.9,-8.52,DISTRIBUTION
2025-02-27,Pharmaceuticals,16.68,-7.97,LAGGING
2025-02-27,Pharmaceuticals & Biotechnology,21.02,-6.51,LAGGING
2025-02-27,Pipes & Tubes,16.17,-7.89,LAGGING
2025-02-27,"Plywood, MDF & Laminates",13.16,-10.18,DISTRIBUTION
2025-02-27,Power,15.1,-9.78,DISTRIBUTION
2025-02-27,Power Generation & Utilities,16.62,-7.83,LAGGING
2025-02-27,Pumps & Compressors,11.32,-9.56,LAGGING
2025-02-27,Renewable Energy - Solar & Wind,23.22,-5.96,LAGGING
2025-02-27,Residential & Commercial Real Estate,14.54,-8.96,LAGGING
2025-02-27,Services,27.72,-5.08,LAGGING
2025-02-27,Software Products & Digital Services,18.15,-7.38,LAGGING
2025-02-27,Specialty Chemicals,16.51,-8.11,LAGGING
2025-02-27,Stockbroking & Financial Products,16.18,-8.1,LAGGING
2025-02-27,Sugar & Bio-Ethanol,11.14,-9.52,LAGGING
2025-02-27,Tea & Coffee,21.68,-6.59,LAGGING
2025-02-27,Telecom Services & Infrastructure,18.3,-7.24,LAGGING
2025-02-27,Telecommunication,12.52,-9.07,LAGGING
2025-02-27,Textiles & Apparel,13.08,-9.45,LAGGING
2025-02-27,"Textiles, Yarns & Apparel",12.68,-8.95,LAGGING
2025-02-27,Transformers & T&D Equipment,13.03,-8.69,LAGGING
2025-02-27,Tyres & Rubber Products,13.42,-8.6,LAGGING
2025-02-27,Wires & Cables,22.43,-4.6,LAGGING
2025-02-28,API & CDMO / CRAMS,16.1,-8.53,LAGGING
2025-02-28,Aerospace & Defence,10.73,-10.1,LAGGING
2025-02-28,Air Conditioners & AC Components,14.92,-10.6,DISTRIBUTION
2025-02-28,Aluminium & Mining,24.32,-5.5,LAGGING
2025-02-28,Auto Parts & Equipment,17.48,-7.89,LAGGING
2025-02-28,Automobile OEMs,16.98,-10.22,DISTRIBUTION
2025-02-28,Banks,21.67,-7.58,DISTRIBUTION
2025-02-28,Bearings & Friction Solutions,18.48,-6.46,LAGGING
2025-02-28,Breweries & Distilleries,20.66,-8.16,DISTRIBUTION
2025-02-28,Capital Goods,14.18,-8.23,LAGGING
2025-02-28,Capital Markets & Asset Management,16.81,-8.56,LAGGING
2025-02-28,Cement,18.97,-6.26,LAGGING
2025-02-28,Cement & Clinker,20.74,-7.18,LAGGING
2025-02-28,Ceramics & Tiles,11.61,-9.41,LAGGING
2025-02-28,Chemicals,15.23,-9.97,DISTRIBUTION
2025-02-28,Civil Construction & Infrastructure,12.2,-9.1,LAGGING
2025-02-28,Civil Construction & Infrastructure EPC,12.2,-9.55,LAGGING
2025-02-28,Commodity Chemicals,16.47,-9.07,DISTRIBUTION
2025-02-28,Consumer Durables,20.51,-5.73,LAGGING
2025-02-28,Consumer Services,17.87,-7.35,LAGGING
2025-02-28,Diversified & Fashion Retail,10.31,-9.56,LAGGING
2025-02-28,Diversified Commercial,16.47,-8.23,LAGGING
2025-02-28,Diversified Retail,24.15,-7.43,DISTRIBUTION
2025-02-28,Electronic Manufacturing Services (EMS),12.35,-8.62,LAGGING
2025-02-28,Fast Moving Consumer Goods,26.35,-7.75,DISTRIBUTION
2025-02-28,Fertilizers & Agrochemicals,16.53,-8.16,LAGGING
2025-02-28,Financial Services,20.69,-6.93,LAGGING
2025-02-28,Healthcare,22.3,-7.9,DISTRIBUTION
2025-02-28,Hospitals & Diagnostic Centres,24.48,-6.63,LAGGING
2025-02-28,Hotels & Restaurants,23.81,-7.57,DISTRIBUTION
2025-02-28,"Hotels, Resorts & QSR",22.16,-7.93,DISTRIBUTION
2025-02-28,IT Consulting & Software,14.18,-8.97,LAGGING
2025-02-28,Information Technology,15.75,-7.47,LAGGING
2025-02-28,Insurance,21.69,-5.64,LAGGING
2025-02-28,Internet & Digital Platforms,19.66,-7.6,LAGGING
2025-02-28,Iron & Steel,20.26,-8.06,DISTRIBUTION
2025-02-28,Logistics & Transportation,13.13,-9.68,DISTRIBUTION
2025-02-28,"Logistics, Ports & Supply Chain",15.22,-8.65,LAGGING
2025-02-28,Lubricants & Specialty Oils,32.1,-5.13,DISTRIBUTION
2025-02-28,Media & Entertainment,14.41,-8.79,LAGGING
2025-02-28,Metals & Mining,14.62,-7.6,LAGGING
2025-02-28,Mining & Mineral Products,17.95,-9.46,DISTRIBUTION
2025-02-28,Non Banking Financial Company (NBFC),24.56,-5.64,LAGGING
2025-02-28,Oil Exploration & Refining,14.79,-9.26,DISTRIBUTION
2025-02-28,Packaged Foods & Consumer Staples,17.8,-8.65,DISTRIBUTION
2025-02-28,Packaged Foods & FMCG Staples,19.02,-8.58,DISTRIBUTION
2025-02-28,Packaging Materials & Containers,14.98,-9.55,DISTRIBUTION
2025-02-28,Paper & Paper Products,19.31,-8.76,DISTRIBUTION
2025-02-28,Pharmaceuticals,15.04,-9.55,DISTRIBUTION
2025-02-28,Pharmaceuticals & Biotechnology,23.7,-5.48,LAGGING
2025-02-28,Pipes & Tubes,15.86,-8.31,LAGGING
2025-02-28,"Plywood, MDF & Laminates",11.6,-10.32,DISTRIBUTION
2025-02-28,Power,15.51,-9.2,DISTRIBUTION
2025-02-28,Power Generation & Utilities,17.77,-8.99,DISTRIBUTION
2025-02-28,Pumps & Compressors,21.25,-4.98,LAGGING
2025-02-28,Renewable Energy - Solar & Wind,24.48,-7.23,DISTRIBUTION
2025-02-28,Residential & Commercial Real Estate,15.33,-8.45,LAGGING
2025-02-28,Services,30.11,-4.41,LAGGING
2025-02-28,Software Products & Digital Services,18.57,-7.9,LAGGING
2025-02-28,Specialty Chemicals,17.0,-7.79,LAGGING
2025-02-28,Stockbroking & Financial Products,17.64,-7.65,LAGGING
2025-02-28,Sugar & Bio-Ethanol,11.86,-9.44,LAGGING
2025-02-28,Tea & Coffee,23.14,-5.98,LAGGING
2025-02-28,Telecom Services & Infrastructure,15.92,-8.25,LAGGING
2025-02-28,Telecommunication,10.59,-9.72,LAGGING
2025-02-28,Textiles & Apparel,12.27,-9.68,LAGGING
2025-02-28,"Textiles, Yarns & Apparel",13.47,-8.72,LAGGING
2025-02-28,Transformers & T&D Equipment,12.63,-8.94,LAGGING
2025-02-28,Tyres & Rubber Products,14.1,-8.54,LAGGING
2025-02-28,Wires & Cables,16.53,-7.36,LAGGING
2025-03-03,API & CDMO / CRAMS,12.54,-9.47,LAGGING
2025-03-03,Aerospace & Defence,11.04,-9.44,LAGGING
2025-03-03,Air Conditioners & AC Components,12.36,-11.73,DISTRIBUTION
2025-03-03,Aluminium & Mining,22.1,-6.82,LAGGING
2025-03-03,Auto Parts & Equipment,14.64,-9.39,DISTRIBUTION
2025-03-03,Automobile OEMs,16.89,-9.96,DISTRIBUTION
2025-03-03,Banks,17.79,-9.33,DISTRIBUTION
2025-03-03,Bearings & Friction Solutions,20.14,-6.03,LAGGING
2025-03-03,Breweries & Distilleries,19.8,-8.16,DISTRIBUTION
2025-03-03,Capital Goods,11.53,-9.86,LAGGING
2025-03-03,Capital Markets & Asset Management,14.37,-9.74,DISTRIBUTION
2025-03-03,Cement,13.54,-9.18,LAGGING
2025-03-03,Cement & Clinker,18.46,-8.48,DISTRIBUTION
2025-03-03,Ceramics & Tiles,14.02,-8.99,LAGGING
2025-03-03,Chemicals,14.72,-9.76,DISTRIBUTION
2025-03-03,Civil Construction & Infrastructure,13.38,-8.6,LAGGING
2025-03-03,Civil Construction & Infrastructure EPC,13.95,-9.7,DISTRIBUTION
2025-03-03,Commodity Chemicals,13.93,-10.37,DISTRIBUTION
2025-03-03,Consumer Durables,15.8,-9.37,DISTRIBUTION
2025-03-03,Consumer Services,13.86,-9.23,LAGGING
2025-03-03,Diversified & Fashion Retail,9.31,-10.48,LAGGING
2025-03-03,Diversified Commercial,15.3,-8.89,LAGGING
2025-03-03,Diversified Retail,21.1,-8.83,DISTRIBUTION
2025-03-03,Electronic Manufacturing Services (EMS),14.08,-9.23,LAGGING
2025-03-03,Fast Moving Consumer Goods,23.67,-8.35,DISTRIBUTION
2025-03-03,Fertilizers & Agrochemicals,16.01,-8.49,LAGGING
2025-03-03,Financial Services,18.23,-8.92,DISTRIBUTION
2025-03-03,Healthcare,19.64,-8.05,DISTRIBUTION
2025-03-03,Hospitals & Diagnostic Centres,25.33,-6.38,LAGGING
2025-03-03,Hotels & Restaurants,22.93,-8.01,DISTRIBUTION
2025-03-03,"Hotels, Resorts & QSR",22.88,-7.45,DISTRIBUTION
2025-03-03,IT Consulting & Software,10.41,-10.0,LAGGING
2025-03-03,Information Technology,13.75,-9.69,DISTRIBUTION
2025-03-03,Insurance,14.73,-9.56,DISTRIBUTION
2025-03-03,Internet & Digital Platforms,15.19,-8.9,LAGGING
2025-03-03,Iron & Steel,21.99,-8.24,DISTRIBUTION
2025-03-03,Logistics & Transportation,11.22,-10.48,DISTRIBUTION
2025-03-03,"Logistics, Ports & Supply Chain",12.47,-9.6,LAGGING
2025-03-03,Lubricants & Specialty Oils,29.98,-5.98,DISTRIBUTION
2025-03-03,Media & Entertainment,12.69,-9.67,LAGGING
2025-03-03,Metals & Mining,11.58,-9.04,LAGGING
2025-03-03,Mining & Mineral Products,15.45,-10.99,DISTRIBUTION
2025-03-03,Non Banking Financial Company (NBFC),19.96,-7.51,LAGGING
2025-03-03,Oil Exploration & Refining,12.67,-10.17,DISTRIBUTION
2025-03-03,Packaged Foods & Consumer Staples,18.03,-8.33,LAGGING
2025-03-03,Packaged Foods & FMCG Staples,17.16,-9.02,DISTRIBUTION
2025-03-03,Packaging Materials & Containers,12.28,-10.73,DISTRIBUTION
2025-03-03,Paper & Paper Products,19.3,-8.2,DISTRIBUTION
2025-03-03,Pharmaceuticals,13.06,-9.84,DISTRIBUTION
2025-03-03,Pharmaceuticals & Biotechnology,27.84,-4.06,LAGGING
2025-03-03,Pipes & Tubes,12.8,-10.12,DISTRIBUTION
2025-03-03,"Plywood, MDF & Laminates",13.12,-10.71,DISTRIBUTION
2025-03-03,Power,20.25,-7.72,LAGGING
2025-03-03,Power Generation & Utilities,17.62,-9.15,DISTRIBUTION
2025-03-03,Pumps & Compressors,11.34,-9.45,LAGGING
2025-03-03,Renewable Energy - Solar & Wind,15.42,-11.0,DISTRIBUTION
2025-03-03,Residential & Commercial Real Estate,12.41,-9.87,DISTRIBUTION
2025-03-03,Services,24.81,-7.21,DISTRIBUTION
2025-03-03,Software Products & Digital Services,14.09,-9.49,DISTRIBUTION
2025-03-03,Specialty Chemicals,17.34,-7.78,LAGGING
2025-03-03,Stockbroking & Financial Products,15.88,-8.25,LAGGING
2025-03-03,Sugar & Bio-Ethanol,12.42,-9.46,LAGGING
2025-03-03,Tea & Coffee,23.42,-5.97,LAGGING
2025-03-03,Telecom Services & Infrastructure,15.45,-8.39,LAGGING
2025-03-03,Telecommunication,11.53,-9.58,LAGGING
2025-03-03,Textiles & Apparel,20.93,-5.85,LAGGING
2025-03-03,"Textiles, Yarns & Apparel",13.66,-8.61,LAGGING
2025-03-03,Transformers & T&D Equipment,11.57,-9.21,LAGGING
2025-03-03,Tyres & Rubber Products,13.55,-9.12,LAGGING
2025-03-03,Wires & Cables,13.16,-9.69,DISTRIBUTION
2025-03-04,API & CDMO / CRAMS,12.89,-10.49,DISTRIBUTION
2025-03-04,Aerospace & Defence,16.1,-8.04,LAGGING
2025-03-04,Air Conditioners & AC Components,10.5,-12.18,DISTRIBUTION
2025-03-04,Aluminium & Mining,22.74,-6.31,LAGGING
2025-03-04,Auto Parts & Equipment,15.19,-9.28,DISTRIBUTION
2025-03-04,Automobile OEMs,18.11,-9.31,DISTRIBUTION
2025-03-04,Banks,19.57,-8.85,DISTRIBUTION
2025-03-04,Bearings & Friction Solutions,27.54,-3.3,LAGGING
2025-03-04,Breweries & Distilleries,18.01,-9.2,DISTRIBUTION
2025-03-04,Capital Goods,14.44,-8.84,LAGGING
2025-03-04,Capital Markets & Asset Management,14.85,-10.08,DISTRIBUTION
2025-03-04,Cement,13.78,-8.62,LAGGING
2025-03-04,Cement & Clinker,24.95,-5.61,LAGGING
2025-03-04,Ceramics & Tiles,14.75,-8.24,LAGGING
2025-03-04,Chemicals,16.55,-9.32,DISTRIBUTION
2025-03-04,Civil Construction & Infrastructure,11.88,-9.45,LAGGING
2025-03-04,Civil Construction & Infrastructure EPC,15.44,-8.11,LAGGING
2025-03-04,Commodity Chemicals,15.75,-9.55,DISTRIBUTION
2025-03-04,Consumer Durables,14.06,-9.18,LAGGING
2025-03-04,Consumer Services,14.46,-9.27,DISTRIBUTION
2025-03-04,Diversified & Fashion Retail,8.1,-11.12,DISTRIBUTION
2025-03-04,Diversified Commercial,16.13,-8.72,LAGGING
2025-03-04,Diversified Retail,18.14,-8.72,DISTRIBUTION
2025-03-04,Electronic Manufacturing Services (EMS),13.4,-11.48,DISTRIBUTION
2025-03-04,Fast Moving Consumer Goods,25.57,-8.5,DISTRIBUTION
2025-03-04,Fertilizers & Agrochemicals,13.52,-9.81,DISTRIBUTION
2025-03-04,Financial Services,23.17,-6.28,LAGGING
2025-03-04,Healthcare,18.81,-8.68,DISTRIBUTION
2025-03-04,Hospitals & Diagnostic Centres,30.54,-4.51,LAGGING
2025-03-04,Hotels & Restaurants,18.79,-9.53,DISTRIBUTION
2025-03-04,"Hotels, Resorts & QSR",19.86,-7.89,LAGGING
2025-03-04,IT Consulting & Software,10.38,-10.54,DISTRIBUTION
2025-03-04,Information Technology,13.78,-9.69,DISTRIBUTION
2025-03-04,Insurance,20.61,-6.78,LAGGING
2025-03-04,Internet & Digital Platforms,12.21,-9.79,DISTRIBUTION
2025-03-04,Iron & Steel,25.21,-6.2,LAGGING
2025-03-04,Logistics & Transportation,14.4,-9.71,DISTRIBUTION
2025-03-04,"Logistics, Ports & Supply Chain",12.5,-9.58,LAGGING
2025-03-04,Lubricants & Specialty Oils,35.52,-3.89,NEUTRAL
2025-03-04,Media & Entertainment,11.37,-10.56,DISTRIBUTION
2025-03-04,Metals & Mining,13.7,-8.37,LAGGING
2025-03-04,Mining & Mineral Products,17.92,-10.28,DISTRIBUTION
2025-03-04,Non Banking Financial Company (NBFC),20.07,-7.65,LAGGING
2025-03-04,Oil Exploration & Refining,15.6,-8.56,LAGGING
2025-03-04,Packaged Foods & Consumer Staples,23.22,-6.03,LAGGING
2025-03-04,Packaged Foods & FMCG Staples,17.45,-8.97,DISTRIBUTION
2025-03-04,Packaging Materials & Containers,13.98,-10.41,DISTRIBUTION
2025-03-04,Paper & Paper Products,16.38,-9.77,DISTRIBUTION
2025-03-04,Pharmaceuticals,17.24,-7.89,LAGGING
2025-03-04,Pharmaceuticals & Biotechnology,18.42,-8.99,DISTRIBUTION
2025-03-04,Pipes & Tubes,15.19,-10.25,DISTRIBUTION
2025-03-04,"Plywood, MDF & Laminates",9.38,-11.94,DISTRIBUTION
2025-03-04,Power,27.99,-4.64,LAGGING
2025-03-04,Power Generation & Utilities,19.89,-7.57,LAGGING
2025-03-04,Pumps & Compressors,10.55,-9.47,LAGGING
2025-03-04,Renewable Energy - Solar & Wind,16.8,-10.28,DISTRIBUTION
2025-03-04,Residential & Commercial Real Estate,11.45,-10.17,DISTRIBUTION
2025-03-04,Services,25.61,-6.89,DISTRIBUTION
2025-03-04,Software Products & Digital Services,13.23,-9.97,DISTRIBUTION
2025-03-04,Specialty Chemicals,16.19,-8.33,LAGGING
2025-03-04,Stockbroking & Financial Products,15.43,-9.1,DISTRIBUTION
2025-03-04,Sugar & Bio-Ethanol,11.44,-10.12,DISTRIBUTION
2025-03-04,Tea & Coffee,23.5,-5.53,LAGGING
2025-03-04,Telecom Services & Infrastructure,12.43,-9.68,LAGGING
2025-03-04,Telecommunication,9.64,-10.22,LAGGING
2025-03-04,Textiles & Apparel,11.8,-9.95,DISTRIBUTION
2025-03-04,"Textiles, Yarns & Apparel",16.04,-7.89,LAGGING
2025-03-04,Transformers & T&D Equipment,16.36,-8.06,LAGGING
2025-03-04,Tyres & Rubber Products,16.26,-8.02,LAGGING
2025-03-04,Wires & Cables,11.48,-9.95,LAGGING
2025-03-05,API & CDMO / CRAMS,15.59,-9.18,DISTRIBUTION
2025-03-05,Aerospace & Defence,17.72,-7.23,LAGGING
2025-03-05,Air Conditioners & AC Components,11.01,-12.06,DISTRIBUTION
2025-03-05,Aluminium & Mining,27.87,-4.49,LAGGING
2025-03-05,Auto Parts & Equipment,19.3,-7.58,LAGGING
2025-03-05,Automobile OEMs,18.28,-9.13,DISTRIBUTION
2025-03-05,Banks,21.47,-7.53,LAGGING
2025-03-05,Bearings & Friction Solutions,24.48,-4.93,LAGGING
2025-03-05,Breweries & Distilleries,24.58,-6.12,LAGGING
2025-03-05,Capital Goods,15.01,-8.59,LAGGING
2025-03-05,Capital Markets & Asset Management,13.74,-10.38,DISTRIBUTION
2025-03-05,Cement,14.1,-8.58,LAGGING
2025-03-05,Cement & Clinker,24.61,-5.81,LAGGING
2025-03-05,Ceramics & Tiles,13.91,-9.1,LAGGING
2025-03-05,Chemicals,19.63,-7.97,LAGGING
2025-03-05,Civil Construction & Infrastructure,11.91,-9.62,LAGGING
2025-03-05,Civil Construction & Infrastructure EPC,17.47,-7.14,LAGGING
2025-03-05,Commodity Chemicals,21.6,-7.22,LAGGING
2025-03-05,Consumer Durables,16.03,-9.42,DISTRIBUTION
2025-03-05,Consumer Services,16.49,-8.6,LAGGING
2025-03-05,Diversified & Fashion Retail,12.52,-9.68,LAGGING
2025-03-05,Diversified Commercial,17.47,-8.2,LAGGING
2025-03-05,Diversified Retail,19.83,-9.73,DISTRIBUTION
2025-03-05,Electronic Manufacturing Services (EMS),16.65,-7.05,LAGGING
2025-03-05,Fast Moving Consumer Goods,27.11,-7.47,DISTRIBUTION
2025-03-05,Fertilizers & Agrochemicals,16.79,-8.77,DISTRIBUTION
2025-03-05,Financial Services,12.29,-10.97,DISTRIBUTION
2025-03-05,Healthcare,27.45,-5.46,LAGGING
2025-03-05,Hospitals & Diagnostic Centres,29.1,-6.24,DISTRIBUTION
2025-03-05,Hotels & Restaurants,27.44,-6.04,LAGGING
2025-03-05,"Hotels, Resorts & QSR",18.32,-9.78,DISTRIBUTION
2025-03-05,IT Consulting & Software,13.46,-9.46,LAGGING
2025-03-05,Information Technology,13.81,-10.17,DISTRIBUTION
2025-03-05,Insurance,16.69,-9.27,DISTRIBUTION
2025-03-05,Internet & Digital Platforms,16.08,-9.08,DISTRIBUTION
2025-03-05,Iron & Steel,31.6,-3.34,LAGGING
2025-03-05,Logistics & Transportation,20.07,-7.31,LAGGING
2025-03-05,"Logistics, Ports & Supply Chain",15.91,-8.14,LAGGING
2025-03-05,Lubricants & Specialty Oils,37.31,-2.71,NEUTRAL
2025-03-05,Media & Entertainment,13.76,-10.01,DISTRIBUTION
2025-03-05,Metals & Mining,12.55,-8.8,LAGGING
2025-03-05,Mining & Mineral Products,36.73,-2.28,NEUTRAL
2025-03-05,Non Banking Financial Company (NBFC),22.83,-6.76,LAGGING
2025-03-05,Oil Exploration & Refining,15.69,-8.42,LAGGING
2025-03-05,Packaged Foods & Consumer Staples,23.35,-6.03,LAGGING
2025-03-05,Packaged Foods & FMCG Staples,21.08,-7.78,DISTRIBUTION
2025-03-05,Packaging Materials & Containers,13.67,-10.74,DISTRIBUTION
2025-03-05,Paper & Paper Products,19.22,-7.4,LAGGING
2025-03-05,Pharmaceuticals,15.26,-9.16,DISTRIBUTION
2025-03-05,Pharmaceuticals & Biotechnology,19.43,-8.04,LAGGING
2025-03-05,Pipes & Tubes,17.15,-8.84,DISTRIBUTION
2025-03-05,"Plywood, MDF & Laminates",10.58,-10.77,DISTRIBUTION
2025-03-05,Power,25.24,-6.3,LAGGING
2025-03-05,Power Generation & Utilities,24.16,-7.22,DISTRIBUTION
2025-03-05,Pumps & Compressors,10.82,-9.57,LAGGING
2025-03-05,Renewable Energy - Solar & Wind,18.72,-10.21,DISTRIBUTION
2025-03-05,Residential & Commercial Real Estate,14.15,-9.08,LAGGING
2025-03-05,Services,30.58,-4.72,LAGGING
2025-03-05,Software Products & Digital Services,15.2,-9.39,DISTRIBUTION
2025-03-05,Specialty Chemicals,17.99,-7.74,LAGGING
2025-03-05,Stockbroking & Financial Products,19.12,-7.79,LAGGING
2025-03-05,Sugar & Bio-Ethanol,12.99,-9.15,LAGGING
2025-03-05,Tea & Coffee,28.95,-4.0,LAGGING
2025-03-05,Telecom Services & Infrastructure,14.59,-9.65,DISTRIBUTION
2025-03-05,Telecommunication,17.2,-7.17,LAGGING
2025-03-05,Textiles & Apparel,13.1,-10.15,DISTRIBUTION
2025-03-05,"Textiles, Yarns & Apparel",13.77,-9.19,LAGGING
2025-03-05,Transformers & T&D Equipment,16.73,-8.12,LAGGING
2025-03-05,Tyres & Rubber Products,15.98,-8.01,LAGGING
2025-03-05,Wires & Cables,12.73,-9.55,LAGGING
2025-03-06,API & CDMO / CRAMS,18.97,-6.77,LAGGING
2025-03-06,Aerospace & Defence,15.58,-7.95,LAGGING
2025-03-06,Air Conditioners & AC Components,43.96,1.25,NEUTRAL
2025-03-06,Aluminium & Mining,30.2,-2.9,LAGGING
2025-03-06,Auto Parts & Equipment,21.44,-6.13,LAGGING
2025-03-06,Automobile OEMs,22.79,-6.35,LAGGING
2025-03-06,Banks,23.53,-6.7,LAGGING
2025-03-06,Bearings & Friction Solutions,25.1,-4.35,LAGGING
2025-03-06,Breweries & Distilleries,28.6,-4.36,LAGGING
2025-03-06,Capital Goods,20.26,-7.93,DISTRIBUTION
2025-03-06,Capital Markets & Asset Management,11.89,-9.51,LAGGING
2025-03-06,Cement,14.02,-8.57,LAGGING
2025-03-06,Cement & Clinker,25.02,-5.53,LAGGING
2025-03-06,Ceramics & Tiles,11.56,-9.86,LAGGING
2025-03-06,Chemicals,20.24,-6.33,LAGGING
2025-03-06,Civil Construction & Infrastructure,18.15,-6.34,LAGGING
2025-03-06,Civil Construction & Infrastructure EPC,15.23,-7.71,LAGGING
2025-03-06,Commodity Chemicals,21.87,-6.25,LAGGING
2025-03-06,Consumer Durables,16.0,-8.67,LAGGING
2025-03-06,Consumer Services,18.68,-6.59,LAGGING
2025-03-06,Diversified & Fashion Retail,13.12,-8.3,LAGGING
2025-03-06,Diversified Commercial,17.37,-7.85,LAGGING
2025-03-06,Diversified Retail,25.84,-5.06,LAGGING
2025-03-06,Electronic Manufacturing Services (EMS),15.19,-7.78,LAGGING
2025-03-06,Fast Moving Consumer Goods,31.77,-4.11,LAGGING
2025-03-06,Fertilizers & Agrochemicals,17.49,-7.87,LAGGING
2025-03-06,Financial Services,10.22,-11.24,DISTRIBUTION
2025-03-06,Healthcare,28.78,-3.99,LAGGING
2025-03-06,Hospitals & Diagnostic Centres,28.68,-4.68,LAGGING
2025-03-06,Hotels & Restaurants,29.89,-4.73,LAGGING
2025-03-06,"Hotels, Resorts & QSR",24.29,-5.71,LAGGING
2025-03-06,IT Consulting & Software,12.34,-9.16,LAGGING
2025-03-06,Information Technology,15.89,-8.28,LAGGING
2025-03-06,Insurance,20.43,-6.59,LAGGING
2025-03-06,Internet & Digital Platforms,18.61,-7.7,LAGGING
2025-03-06,Iron & Steel,36.05,-0.98,NEUTRAL
2025-03-06,Logistics & Transportation,19.91,-6.51,LAGGING
2025-03-06,"Logistics, Ports & Supply Chain",18.46,-6.81,LAGGING
2025-03-06,Lubricants & Specialty Oils,54.41,3.76,EMERGING_LEADER
2025-03-06,Media & Entertainment,12.58,-9.64,LAGGING
2025-03-06,Metals & Mining,12.05,-8.92,LAGGING
2025-03-06,Mining & Mineral Products,42.0,0.78,NEUTRAL
2025-03-06,Non Banking Financial Company (NBFC),23.6,-6.88,LAGGING
2025-03-06,Oil Exploration & Refining,27.08,-4.44,LAGGING
2025-03-06,Packaged Foods & Consumer Staples,25.64,-4.4,LAGGING
2025-03-06,Packaged Foods & FMCG Staples,19.69,-8.41,DISTRIBUTION
2025-03-06,Packaging Materials & Containers,14.75,-8.73,LAGGING
2025-03-06,Paper & Paper Products,17.35,-7.93,LAGGING
2025-03-06,Pharmaceuticals,16.35,-8.14,LAGGING
2025-03-06,Pharmaceuticals & Biotechnology,20.62,-7.12,LAGGING
2025-03-06,Pipes & Tubes,26.69,-3.7,LAGGING
2025-03-06,"Plywood, MDF & Laminates",10.27,-10.06,LAGGING
2025-03-06,Power,34.36,-1.05,LAGGING
2025-03-06,Power Generation & Utilities,25.63,-4.23,LAGGING
2025-03-06,Pumps & Compressors,9.91,-9.88,LAGGING
2025-03-06,Renewable Energy - Solar & Wind,16.5,-9.25,DISTRIBUTION
2025-03-06,Residential & Commercial Real Estate,13.57,-8.92,LAGGING
2025-03-06,Services,28.08,-5.2,LAGGING
2025-03-06,Software Products & Digital Services,16.24,-8.45,LAGGING
2025-03-06,Specialty Chemicals,18.35,-7.26,LAGGING
2025-03-06,Stockbroking & Financial Products,17.54,-7.55,LAGGING
2025-03-06,Sugar & Bio-Ethanol,13.72,-8.24,LAGGING
2025-03-06,Tea & Coffee,25.32,-5.27,LAGGING
2025-03-06,Telecom Services & Infrastructure,11.82,-10.33,DISTRIBUTION
2025-03-06,Telecommunication,22.42,-4.84,LAGGING
2025-03-06,Textiles & Apparel,12.88,-8.94,LAGGING
2025-03-06,"Textiles, Yarns & Apparel",13.52,-8.6,LAGGING
2025-03-06,Transformers & T&D Equipment,14.93,-8.07,LAGGING
2025-03-06,Tyres & Rubber Products,14.15,-8.47,LAGGING
2025-03-06,Wires & Cables,13.41,-10.41,DISTRIBUTION
2025-03-07,API & CDMO / CRAMS,16.58,-7.93,LAGGING
2025-03-07,Aerospace & Defence,22.69,-4.4,LAGGING
2025-03-07,Air Conditioners & AC Components,41.94,0.77,NEUTRAL
2025-03-07,Aluminium & Mining,32.52,-2.72,LAGGING
2025-03-07,Auto Parts & Equipment,21.28,-6.21,LAGGING
2025-03-07,Automobile OEMs,23.14,-5.34,LAGGING
2025-03-07,Banks,24.11,-5.77,LAGGING
2025-03-07,Bearings & Friction Solutions,24.93,-4.86,LAGGING
2025-03-07,Breweries & Distilleries,32.25,-2.17,LAGGING
2025-03-07,Capital Goods,18.94,-6.6,LAGGING
2025-03-07,Capital Markets & Asset Management,12.89,-9.61,LAGGING
2025-03-07,Cement,14.45,-9.35,DISTRIBUTION
2025-03-07,Cement & Clinker,25.27,-5.12,LAGGING
2025-03-07,Ceramics & Tiles,11.01,-9.47,LAGGING
2025-03-07,Chemicals,25.49,-4.04,LAGGING
2025-03-07,Civil Construction & Infrastructure,16.72,-7.17,LAGGING
2025-03-07,Civil Construction & Infrastructure EPC,15.33,-7.76,LAGGING
2025-03-07,Commodity Chemicals,22.63,-5.46,LAGGING
2025-03-07,Consumer Durables,18.98,-7.72,LAGGING
2025-03-07,Consumer Services,15.94,-8.52,LAGGING
2025-03-07,Diversified & Fashion Retail,14.34,-7.83,LAGGING
2025-03-07,Diversified Commercial,18.39,-7.24,LAGGING
2025-03-07,Diversified Retail,26.86,-5.07,LAGGING
2025-03-07,Electronic Manufacturing Services (EMS),12.05,-9.94,DISTRIBUTION
2025-03-07,Fast Moving Consumer Goods,29.18,-4.49,LAGGING
2025-03-07,Fertilizers & Agrochemicals,16.18,-8.18,LAGGING
2025-03-07,Financial Services,9.77,-11.62,DISTRIBUTION
2025-03-07,Healthcare,21.99,-6.78,LAGGING
2025-03-07,Hospitals & Diagnostic Centres,27.65,-4.79,LAGGING
2025-03-07,Hotels & Restaurants,32.75,-2.53,LAGGING
2025-03-07,"Hotels, Resorts & QSR",22.8,-6.41,LAGGING
2025-03-07,IT Consulting & Software,13.21,-9.0,LAGGING
2025-03-07,Information Technology,12.76,-9.48,LAGGING
2025-03-07,Insurance,22.0,-6.66,LAGGING
2025-03-07,Internet & Digital Platforms,14.98,-9.25,DISTRIBUTION
2025-03-07,Iron & Steel,38.34,-0.1,NEUTRAL
2025-03-07,Logistics & Transportation,18.17,-6.73,LAGGING
2025-03-07,"Logistics, Ports & Supply Chain",17.62,-7.34,LAGGING
2025-03-07,Lubricants & Specialty Oils,43.48,0.48,NEUTRAL
2025-03-07,Media & Entertainment,15.86,-7.93,LAGGING
2025-03-07,Metals & Mining,12.3,-9.47,LAGGING
2025-03-07,Mining & Mineral Products,46.75,1.92,EMERGING_LEADER
2025-03-07,Non Banking Financial Company (NBFC),24.75,-6.03,LAGGING
2025-03-07,Oil Exploration & Refining,19.27,-6.57,LAGGING
2025-03-07,Packaged Foods & Consumer Staples,23.46,-5.35,LAGGING
2025-03-07,Packaged Foods & FMCG Staples,19.7,-7.15,LAGGING
2025-03-07,Packaging Materials & Containers,14.37,-8.66,LAGGING
2025-03-07,Paper & Paper Products,22.54,-6.01,LAGGING
2025-03-07,Pharmaceuticals,17.57,-7.33,LAGGING
2025-03-07,Pharmaceuticals & Biotechnology,19.75,-7.97,LAGGING
2025-03-07,Pipes & Tubes,22.97,-5.21,LAGGING
2025-03-07,"Plywood, MDF & Laminates",10.94,-9.49,LAGGING
2025-03-07,Power,36.2,-0.61,NEUTRAL
2025-03-07,Power Generation & Utilities,25.6,-4.45,LAGGING
2025-03-07,Pumps & Compressors,16.36,-8.95,DISTRIBUTION
2025-03-07,Renewable Energy - Solar & Wind,26.02,-5.48,LAGGING
2025-03-07,Residential & Commercial Real Estate,13.07,-9.27,LAGGING
2025-03-07,Services,30.76,-4.5,LAGGING
2025-03-07,Software Products & Digital Services,15.42,-8.87,LAGGING
2025-03-07,Specialty Chemicals,20.96,-6.26,LAGGING
2025-03-07,Stockbroking & Financial Products,18.45,-7.43,LAGGING
2025-03-07,Sugar & Bio-Ethanol,15.35,-7.69,LAGGING
2025-03-07,Tea & Coffee,23.12,-6.45,LAGGING
2025-03-07,Telecom Services & Infrastructure,16.91,-7.76,LAGGING
2025-03-07,Telecommunication,12.95,-8.47,LAGGING
2025-03-07,Textiles & Apparel,13.84,-8.4,LAGGING
2025-03-07,"Textiles, Yarns & Apparel",16.7,-7.41,LAGGING
2025-03-07,Transformers & T&D Equipment,16.02,-7.55,LAGGING
2025-03-07,Tyres & Rubber Products,14.45,-8.47,LAGGING
2025-03-07,Wires & Cables,13.42,-9.34,LAGGING
2025-03-10,API & CDMO / CRAMS,15.69,-7.67,LAGGING
2025-03-10,Aerospace & Defence,18.4,-6.26,LAGGING
2025-03-10,Air Conditioners & AC Components,11.61,-11.91,DISTRIBUTION
2025-03-10,Aluminium & Mining,28.82,-3.87,LAGGING
2025-03-10,Auto Parts & Equipment,20.24,-6.13,LAGGING
2025-03-10,Automobile OEMs,18.67,-7.2,LAGGING
2025-03-10,Banks,21.51,-6.17,LAGGING
2025-03-10,Bearings & Friction Solutions,20.34,-7.08,LAGGING
2025-03-10,Breweries & Distilleries,30.42,-2.79,LAGGING
2025-03-10,Capital Goods,13.82,-8.27,LAGGING
2025-03-10,Capital Markets & Asset Management,11.05,-9.95,LAGGING
2025-03-10,Cement,13.28,-8.86,LAGGING
2025-03-10,Cement & Clinker,22.07,-6.05,LAGGING
2025-03-10,Ceramics & Tiles,10.58,-10.08,LAGGING
2025-03-10,Chemicals,23.68,-4.7,LAGGING
2025-03-10,Civil Construction & Infrastructure,13.11,-8.9,LAGGING
2025-03-10,Civil Construction & Infrastructure EPC,14.81,-8.29,LAGGING
2025-03-10,Commodity Chemicals,22.55,-5.04,LAGGING
2025-03-10,Consumer Durables,17.26,-7.59,LAGGING
2025-03-10,Consumer Services,14.86,-8.25,LAGGING
2025-03-10,Diversified & Fashion Retail,12.41,-8.46,LAGGING
2025-03-10,Diversified Commercial,17.27,-7.5,LAGGING
2025-03-10,Diversified Retail,20.4,-7.23,LAGGING
2025-03-10,Electronic Manufacturing Services (EMS),11.41,-9.94,LAGGING
2025-03-10,Fast Moving Consumer Goods,29.1,-4.04,LAGGING
2025-03-10,Fertilizers & Agrochemicals,13.34,-9.28,LAGGING
2025-03-10,Financial Services,9.08,-11.47,DISTRIBUTION
2025-03-10,Healthcare,27.6,-3.94,LAGGING
2025-03-10,Hospitals & Diagnostic Centres,25.27,-5.95,LAGGING
2025-03-10,Hotels & Restaurants,31.65,-2.83,LAGGING
2025-03-10,"Hotels, Resorts & QSR",25.0,-5.62,LAGGING
2025-03-10,IT Consulting & Software,11.94,-8.86,LAGGING
2025-03-10,Information Technology,10.28,-10.16,LAGGING
2025-03-10,Insurance,21.31,-5.7,LAGGING
2025-03-10,Internet & Digital Platforms,13.04,-9.26,LAGGING
2025-03-10,Iron & Steel,30.27,-3.24,LAGGING
2025-03-10,Logistics & Transportation,15.72,-7.42,LAGGING
2025-03-10,"Logistics, Ports & Supply Chain",13.27,-8.67,LAGGING
2025-03-10,Lubricants & Specialty Oils,40.09,-0.56,NEUTRAL
2025-03-10,Media & Entertainment,13.01,-8.82,LAGGING
2025-03-10,Metals & Mining,10.52,-9.67,LAGGING
2025-03-10,Mining & Mineral Products,40.05,0.31,NEUTRAL
2025-03-10,Non Banking Financial Company (NBFC),22.12,-6.3,LAGGING
2025-03-10,Oil Exploration & Refining,14.73,-8.09,LAGGING
2025-03-10,Packaged Foods & Consumer Staples,22.99,-5.59,LAGGING
2025-03-10,Packaged Foods & FMCG Staples,22.73,-5.54,LAGGING
2025-03-10,Packaging Materials & Containers,12.63,-8.91,LAGGING
2025-03-10,Paper & Paper Products,19.83,-7.15,LAGGING
2025-03-10,Pharmaceuticals,14.15,-8.41,LAGGING
2025-03-10,Pharmaceuticals & Biotechnology,20.64,-8.34,DISTRIBUTION
2025-03-10,Pipes & Tubes,17.46,-6.97,LAGGING
2025-03-10,"Plywood, MDF & Laminates",10.42,-9.99,LAGGING
2025-03-10,Power,33.94,-1.39,LAGGING
2025-03-10,Power Generation & Utilities,25.77,-4.35,LAGGING
2025-03-10,Pumps & Compressors,9.83,-9.91,LAGGING
2025-03-10,Renewable Energy - Solar & Wind,17.2,-7.55,LAGGING
2025-03-10,Residential & Commercial Real Estate,14.21,-8.27,LAGGING
2025-03-10,Services,27.93,-4.74,LAGGING
2025-03-10,Software Products & Digital Services,15.03,-8.22,LAGGING
2025-03-10,Specialty Chemicals,20.72,-6.42,LAGGING
2025-03-10,Stockbroking & Financial Products,17.37,-7.56,LAGGING
2025-03-10,Sugar & Bio-Ethanol,12.06,-9.17,LAGGING
2025-03-10,Tea & Coffee,23.64,-6.29,LAGGING
2025-03-10,Telecom Services & Infrastructure,13.45,-9.13,LAGGING
2025-03-10,Telecommunication,12.27,-8.92,LAGGING
2025-03-10,Textiles & Apparel,17.85,-8.27,LAGGING
2025-03-10,"Textiles, Yarns & Apparel",13.15,-8.94,LAGGING
2025-03-10,Transformers & T&D Equipment,13.08,-8.59,LAGGING
2025-03-10,Tyres & Rubber Products,13.56,-8.74,LAGGING
2025-03-10,Wires & Cables,13.14,-8.85,LAGGING
2025-03-11,API & CDMO / CRAMS,18.42,-6.58,LAGGING
2025-03-11,Aerospace & Defence,15.01,-8.59,LAGGING
2025-03-11,Air Conditioners & AC Components,14.23,-11.28,DISTRIBUTION
2025-03-11,Aluminium & Mining,31.29,-2.95,LAGGING
2025-03-11,Auto Parts & Equipment,19.85,-6.4,LAGGING
2025-03-11,Automobile OEMs,20.77,-6.54,LAGGING
2025-03-11,Banks,21.6,-6.45,LAGGING
2025-03-11,Bearings & Friction Solutions,16.38,-10.08,DISTRIBUTION
2025-03-11,Breweries & Distilleries,32.69,-1.51,LAGGING
2025-03-11,Capital Goods,16.17,-7.81,LAGGING
2025-03-11,Capital Markets & Asset Management,12.05,-9.61,LAGGING
2025-03-11,Cement,14.07,-8.57,LAGGING
2025-03-11,Cement & Clinker,23.11,-6.78,LAGGING
2025-03-11,Ceramics & Tiles,11.5,-9.82,LAGGING
2025-03-11,Chemicals,21.34,-6.02,LAGGING
2025-03-11,Civil Construction & Infrastructure,14.19,-8.18,LAGGING
2025-03-11,Civil Construction & Infrastructure EPC,16.71,-7.76,LAGGING
2025-03-11,Commodity Chemicals,22.17,-5.52,LAGGING
2025-03-11,Consumer Durables,19.07,-6.52,LAGGING
2025-03-11,Consumer Services,15.35,-8.16,LAGGING
2025-03-11,Diversified & Fashion Retail,13.46,-7.8,LAGGING
2025-03-11,Diversified Commercial,16.89,-7.81,LAGGING
2025-03-11,Diversified Retail,19.09,-7.25,LAGGING
2025-03-11,Electronic Manufacturing Services (EMS),25.44,-3.37,LAGGING
2025-03-11,Fast Moving Consumer Goods,27.55,-5.03,LAGGING
2025-03-11,Fertilizers & Agrochemicals,15.6,-7.88,LAGGING
2025-03-11,Financial Services,8.95,-12.41,DISTRIBUTION
2025-03-11,Healthcare,32.07,-1.92,LAGGING
2025-03-11,Hospitals & Diagnostic Centres,27.06,-6.13,LAGGING
2025-03-11,Hotels & Restaurants,42.75,0.96,NEUTRAL
2025-03-11,"Hotels, Resorts & QSR",24.22,-5.4,LAGGING
2025-03-11,IT Consulting & Software,13.4,-8.24,LAGGING
2025-03-11,Information Technology,12.57,-9.2,LAGGING
2025-03-11,Insurance,23.7,-5.76,LAGGING
2025-03-11,Internet & Digital Platforms,14.75,-8.0,LAGGING
2025-03-11,Iron & Steel,33.82,-2.33,LAGGING
2025-03-11,Logistics & Transportation,18.29,-6.91,LAGGING
2025-03-11,"Logistics, Ports & Supply Chain",14.07,-8.34,LAGGING
2025-03-11,Lubricants & Specialty Oils,40.3,-1.47,NEUTRAL
2025-03-11,Media & Entertainment,18.6,-6.23,LAGGING
2025-03-11,Metals & Mining,10.58,-10.02,LAGGING
2025-03-11,Mining & Mineral Products,44.14,1.29,NEUTRAL
2025-03-11,Non Banking Financial Company (NBFC),22.07,-6.34,LAGGING
2025-03-11,Oil Exploration & Refining,26.34,-3.75,LAGGING
2025-03-11,Packaged Foods & Consumer Staples,19.29,-8.08,LAGGING
2025-03-11,Packaged Foods & FMCG Staples,22.67,-5.62,LAGGING
2025-03-11,Packaging Materials & Containers,14.33,-8.5,LAGGING
2025-03-11,Paper & Paper Products,16.36,-8.08,LAGGING
2025-03-11,Pharmaceuticals,15.73,-8.5,LAGGING
2025-03-11,Pharmaceuticals & Biotechnology,19.85,-6.98,LAGGING
2025-03-11,Pipes & Tubes,20.92,-5.95,LAGGING
2025-03-11,"Plywood, MDF & Laminates",13.91,-7.85,LAGGING
2025-03-11,Power,35.11,-2.29,NEUTRAL
2025-03-11,Power Generation & Utilities,28.38,-3.66,LAGGING
2025-03-11,Pumps & Compressors,15.82,-7.25,LAGGING
2025-03-11,Renewable Energy - Solar & Wind,19.0,-7.04,LAGGING
2025-03-11,Residential & Commercial Real Estate,21.33,-5.1,LAGGING
2025-03-11,Services,26.5,-5.48,LAGGING
2025-03-11,Software Products & Digital Services,16.14,-7.6,LAGGING
2025-03-11,Specialty Chemicals,21.63,-5.83,LAGGING
2025-03-11,Stockbroking & Financial Products,14.54,-8.67,LAGGING
2025-03-11,Sugar & Bio-Ethanol,11.98,-9.03,LAGGING
2025-03-11,Tea & Coffee,22.78,-6.66,LAGGING
2025-03-11,Telecom Services & Infrastructure,20.55,-5.61,LAGGING
2025-03-11,Telecommunication,16.88,-6.65,LAGGING
2025-03-11,Textiles & Apparel,15.8,-7.49,LAGGING
2025-03-11,"Textiles, Yarns & Apparel",13.64,-9.16,LAGGING
2025-03-11,Transformers & T&D Equipment,15.48,-8.44,LAGGING
2025-03-11,Tyres & Rubber Products,14.22,-8.95,LAGGING
2025-03-11,Wires & Cables,11.17,-9.38,LAGGING
2025-03-12,API & CDMO / CRAMS,21.44,-5.8,LAGGING
2025-03-12,Aerospace & Defence,16.38,-8.31,LAGGING
2025-03-12,Air Conditioners & AC Components,18.03,-10.37,DISTRIBUTION
2025-03-12,Aluminium & Mining,34.35,-2.59,LAGGING
2025-03-12,Auto Parts & Equipment,19.72,-7.19,LAGGING
2025-03-12,Automobile OEMs,23.2,-5.55,LAGGING
2025-03-12,Banks,22.74,-6.31,LAGGING
2025-03-12,Bearings & Friction Solutions,21.62,-7.33,LAGGING
2025-03-12,Breweries & Distilleries,34.24,-2.04,LAGGING
2025-03-12,Capital Goods,17.01,-7.56,LAGGING
2025-03-12,Capital Markets & Asset Management,13.89,-8.64,LAGGING
2025-03-12,Cement,15.69,-7.95,LAGGING
2025-03-12,Cement & Clinker,26.61,-5.25,LAGGING
2025-03-12,Ceramics & Tiles,11.4,-9.72,LAGGING
2025-03-12,Chemicals,27.4,-4.03,LAGGING
2025-03-12,Civil Construction & Infrastructure,16.73,-7.12,LAGGING
2025-03-12,Civil Construction & Infrastructure EPC,18.56,-7.35,LAGGING
2025-03-12,Commodity Chemicals,24.45,-5.62,LAGGING
2025-03-12,Consumer Durables,18.53,-7.1,LAGGING
2025-03-12,Consumer Services,14.43,-8.91,LAGGING
2025-03-12,Diversified & Fashion Retail,17.94,-6.72,LAGGING
2025-03-12,Diversified Commercial,18.97,-7.18,LAGGING
2025-03-12,Diversified Retail,21.84,-6.4,LAGGING
2025-03-12,Electronic Manufacturing Services (EMS),12.42,-9.54,LAGGING
2025-03-12,Fast Moving Consumer Goods,35.84,-1.83,NEUTRAL
2025-03-12,Fertilizers & Agrochemicals,19.2,-6.96,LAGGING
2025-03-12,Financial Services,11.55,-9.36,LAGGING
2025-03-12,Healthcare,28.62,-4.92,LAGGING
2025-03-12,Hospitals & Diagnostic Centres,29.26,-4.95,LAGGING
2025-03-12,Hotels & Restaurants,34.41,-2.49,LAGGING
2025-03-12,"Hotels, Resorts & QSR",24.53,-4.99,LAGGING
2025-03-12,IT Consulting & Software,12.72,-9.08,LAGGING
2025-03-12,Information Technology,13.05,-9.0,LAGGING
2025-03-12,Insurance,22.02,-5.76,LAGGING
2025-03-12,Internet & Digital Platforms,19.31,-6.78,LAGGING
2025-03-12,Iron & Steel,33.63,-3.56,LAGGING
2025-03-12,Logistics & Transportation,18.99,-7.64,LAGGING
2025-03-12,"Logistics, Ports & Supply Chain",15.96,-8.16,LAGGING
2025-03-12,Lubricants & Specialty Oils,40.28,-1.8,NEUTRAL
2025-03-12,Media & Entertainment,16.76,-7.44,LAGGING
2025-03-12,Metals & Mining,10.72,-9.76,LAGGING
2025-03-12,Mining & Mineral Products,40.42,-1.63,NEUTRAL
2025-03-12,Non Banking Financial Company (NBFC),25.67,-5.33,LAGGING
2025-03-12,Oil Exploration & Refining,25.89,-3.95,LAGGING
2025-03-12,Packaged Foods & Consumer Staples,23.24,-6.44,LAGGING
2025-03-12,Packaged Foods & FMCG Staples,23.01,-6.13,LAGGING
2025-03-12,Packaging Materials & Containers,16.09,-7.7,LAGGING
2025-03-12,Paper & Paper Products,20.0,-7.06,LAGGING
2025-03-12,Pharmaceuticals,15.6,-8.19,LAGGING
2025-03-12,Pharmaceuticals & Biotechnology,22.04,-6.24,LAGGING
2025-03-12,Pipes & Tubes,21.95,-5.87,LAGGING
2025-03-12,"Plywood, MDF & Laminates",13.01,-8.44,LAGGING
2025-03-12,Power,43.74,1.2,NEUTRAL
2025-03-12,Power Generation & Utilities,37.18,-0.73,NEUTRAL
2025-03-12,Pumps & Compressors,16.85,-6.87,LAGGING
2025-03-12,Renewable Energy - Solar & Wind,19.39,-7.23,LAGGING
2025-03-12,Residential & Commercial Real Estate,19.45,-6.38,LAGGING
2025-03-12,Services,26.75,-6.27,LAGGING
2025-03-12,Software Products & Digital Services,15.23,-8.34,LAGGING
2025-03-12,Specialty Chemicals,21.97,-6.01,LAGGING
2025-03-12,Stockbroking & Financial Products,16.68,-8.44,LAGGING
2025-03-12,Sugar & Bio-Ethanol,16.15,-7.56,LAGGING
2025-03-12,Tea & Coffee,22.62,-7.71,DISTRIBUTION
2025-03-12,Telecom Services & Infrastructure,20.58,-5.98,LAGGING
2025-03-12,Telecommunication,12.88,-9.69,DISTRIBUTION
2025-03-12,Textiles & Apparel,16.05,-7.62,LAGGING
2025-03-12,"Textiles, Yarns & Apparel",14.27,-8.49,LAGGING
2025-03-12,Transformers & T&D Equipment,16.99,-7.88,LAGGING
2025-03-12,Tyres & Rubber Products,16.18,-8.08,LAGGING
2025-03-12,Wires & Cables,11.4,-9.5,LAGGING
2025-03-13,API & CDMO / CRAMS,20.23,-6.92,LAGGING
2025-03-13,Aerospace & Defence,17.65,-7.39,LAGGING
2025-03-13,Air Conditioners & AC Components,14.75,-11.16,DISTRIBUTION
2025-03-13,Aluminium & Mining,31.88,-4.05,LAGGING
2025-03-13,Auto Parts & Equipment,20.52,-7.24,LAGGING
2025-03-13,Automobile OEMs,22.77,-6.54,LAGGING
2025-03-13,Banks,19.87,-7.89,LAGGING
2025-03-13,Bearings & Friction Solutions,22.31,-7.15,LAGGING
2025-03-13,Breweries & Distilleries,33.05,-3.27,LAGGING
2025-03-13,Capital Goods,17.3,-8.38,LAGGING
2025-03-13,Capital Markets & Asset Management,12.62,-8.84,LAGGING
2025-03-13,Cement,20.56,-5.89,LAGGING
2025-03-13,Cement & Clinker,23.53,-6.62,LAGGING
2025-03-13,Ceramics & Tiles,11.69,-9.17,LAGGING
2025-03-13,Chemicals,29.57,-3.22,LAGGING
2025-03-13,Civil Construction & Infrastructure,14.4,-9.22,LAGGING
2025-03-13,Civil Construction & Infrastructure EPC,15.9,-8.06,LAGGING
2025-03-13,Commodity Chemicals,22.65,-6.42,LAGGING
2025-03-13,Consumer Durables,21.44,-5.88,LAGGING
2025-03-13,Consumer Services,16.77,-8.32,LAGGING
2025-03-13,Diversified & Fashion Retail,18.26,-6.69,LAGGING
2025-03-13,Diversified Commercial,18.96,-7.16,LAGGING
2025-03-13,Diversified Retail,21.53,-7.61,DISTRIBUTION
2025-03-13,Electronic Manufacturing Services (EMS),12.16,-9.36,LAGGING
2025-03-13,Fast Moving Consumer Goods,31.22,-4.61,LAGGING
2025-03-13,Fertilizers & Agrochemicals,19.1,-7.13,LAGGING
2025-03-13,Financial Services,12.62,-8.54,LAGGING
2025-03-13,Healthcare,25.72,-6.38,LAGGING
2025-03-13,Hospitals & Diagnostic Centres,27.05,-5.8,LAGGING
2025-03-13,Hotels & Restaurants,34.74,-2.79,LAGGING
2025-03-13,"Hotels, Resorts & QSR",26.43,-5.27,LAGGING
2025-03-13,IT Consulting & Software,12.75,-8.87,LAGGING
2025-03-13,Information Technology,12.29,-9.7,LAGGING
2025-03-13,Insurance,20.41,-7.11,LAGGING
2025-03-13,Internet & Digital Platforms,19.33,-7.23,LAGGING
2025-03-13,Iron & Steel,34.66,-3.93,LAGGING
2025-03-13,Logistics & Transportation,14.32,-9.57,DISTRIBUTION
2025-03-13,"Logistics, Ports & Supply Chain",16.81,-8.26,LAGGING
2025-03-13,Lubricants & Specialty Oils,40.5,-4.78,WEAKENING
2025-03-13,Media & Entertainment,18.38,-6.54,LAGGING
2025-03-13,Metals & Mining,11.43,-9.37,LAGGING
2025-03-13,Mining & Mineral Products,38.78,-3.27,NEUTRAL
2025-03-13,Non Banking Financial Company (NBFC),24.72,-5.87,LAGGING
2025-03-13,Oil Exploration & Refining,31.72,-3.55,LAGGING
2025-03-13,Packaged Foods & Consumer Staples,24.23,-6.44,LAGGING
2025-03-13,Packaged Foods & FMCG Staples,24.64,-5.2,LAGGING
2025-03-13,Packaging Materials & Containers,13.04,-9.18,LAGGING
2025-03-13,Paper & Paper Products,19.05,-7.12,LAGGING
2025-03-13,Pharmaceuticals,16.88,-7.85,LAGGING
2025-03-13,Pharmaceuticals & Biotechnology,21.83,-6.54,LAGGING
2025-03-13,Pipes & Tubes,35.15,-2.04,NEUTRAL
2025-03-13,"Plywood, MDF & Laminates",12.16,-8.74,LAGGING
2025-03-13,Power,44.08,0.33,NEUTRAL
2025-03-13,Power Generation & Utilities,36.98,-1.08,NEUTRAL
2025-03-13,Pumps & Compressors,19.79,-5.47,LAGGING
2025-03-13,Renewable Energy - Solar & Wind,15.95,-8.27,LAGGING
2025-03-13,Residential & Commercial Real Estate,17.94,-6.91,LAGGING
2025-03-13,Services,22.49,-7.61,DISTRIBUTION
2025-03-13,Software Products & Digital Services,15.25,-8.52,LAGGING
2025-03-13,Specialty Chemicals,23.89,-5.27,LAGGING
2025-03-13,Stockbroking & Financial Products,18.05,-7.58,LAGGING
2025-03-13,Sugar & Bio-Ethanol,16.76,-7.43,LAGGING
2025-03-13,Tea & Coffee,19.97,-8.17,DISTRIBUTION
2025-03-13,Telecom Services & Infrastructure,15.09,-7.79,LAGGING
2025-03-13,Telecommunication,14.49,-9.95,DISTRIBUTION
2025-03-13,Textiles & Apparel,14.83,-8.09,LAGGING
2025-03-13,"Textiles, Yarns & Apparel",14.14,-8.49,LAGGING
2025-03-13,Transformers & T&D Equipment,16.3,-7.84,LAGGING
2025-03-13,Tyres & Rubber Products,16.74,-7.52,LAGGING
2025-03-13,Wires & Cables,12.61,-9.12,LAGGING
2025-03-17,API & CDMO / CRAMS,27.08,-3.61,LAGGING
2025-03-17,Aerospace & Defence,17.79,-8.61,DISTRIBUTION
2025-03-17,Air Conditioners & AC Components,14.71,-11.17,DISTRIBUTION
2025-03-17,Aluminium & Mining,30.42,-5.08,LAGGING
2025-03-17,Auto Parts & Equipment,20.48,-7.23,LAGGING
2025-03-17,Automobile OEMs,22.99,-6.51,LAGGING
2025-03-17,Banks,22.75,-6.78,LAGGING
2025-03-17,Bearings & Friction Solutions,21.77,-7.34,LAGGING
2025-03-17,Breweries & Distilleries,36.96,-2.28,NEUTRAL
2025-03-17,Capital Goods,18.8,-7.51,LAGGING
2025-03-17,Capital Markets & Asset Management,15.49,-7.81,LAGGING
2025-03-17,Cement,33.71,-1.21,LAGGING
2025-03-17,Cement & Clinker,25.36,-5.9,LAGGING
2025-03-17,Ceramics & Tiles,13.05,-8.5,LAGGING
2025-03-17,Chemicals,31.85,-3.21,LAGGING
2025-03-17,Civil Construction & Infrastructure,14.87,-8.76,LAGGING
2025-03-17,Civil Construction & Infrastructure EPC,16.21,-7.95,LAGGING
2025-03-17,Commodity Chemicals,19.31,-7.96,LAGGING
2025-03-17,Consumer Durables,17.49,-8.07,LAGGING
2025-03-17,Consumer Services,18.67,-7.03,LAGGING
2025-03-17,Diversified & Fashion Retail,17.77,-7.12,LAGGING
2025-03-17,Diversified Commercial,18.73,-7.44,LAGGING
2025-03-17,Diversified Retail,18.52,-9.06,DISTRIBUTION
2025-03-17,Electronic Manufacturing Services (EMS),16.68,-7.18,LAGGING
2025-03-17,Fast Moving Consumer Goods,32.63,-3.55,LAGGING
2025-03-17,Fertilizers & Agrochemicals,22.81,-5.33,LAGGING
2025-03-17,Financial Services,13.39,-8.13,LAGGING
2025-03-17,Healthcare,28.0,-4.2,LAGGING
2025-03-17,Hospitals & Diagnostic Centres,34.96,-2.29,LAGGING
2025-03-17,Hotels & Restaurants,35.49,-2.99,NEUTRAL
2025-03-17,"Hotels, Resorts & QSR",25.77,-5.28,LAGGING
2025-03-17,IT Consulting & Software,12.77,-9.01,LAGGING
2025-03-17,Information Technology,17.45,-6.97,LAGGING
2025-03-17,Insurance,26.15,-4.98,LAGGING
2025-03-17,Internet & Digital Platforms,17.58,-7.31,LAGGING
2025-03-17,Iron & Steel,32.12,-5.41,DISTRIBUTION
2025-03-17,Logistics & Transportation,15.24,-8.87,LAGGING
2025-03-17,"Logistics, Ports & Supply Chain",17.31,-7.9,LAGGING
2025-03-17,Lubricants & Specialty Oils,43.94,-1.37,NEUTRAL
2025-03-17,Media & Entertainment,13.15,-9.33,LAGGING
2025-03-17,Metals & Mining,13.59,-8.51,LAGGING
2025-03-17,Mining & Mineral Products,47.05,-0.65,NEUTRAL
2025-03-17,Non Banking Financial Company (NBFC),26.35,-5.39,LAGGING
2025-03-17,Oil Exploration & Refining,20.85,-6.71,LAGGING
2025-03-17,Packaged Foods & Consumer Staples,23.85,-6.21,LAGGING
2025-03-17,Packaged Foods & FMCG Staples,23.77,-5.56,LAGGING
2025-03-17,Packaging Materials & Containers,13.9,-8.75,LAGGING
2025-03-17,Paper & Paper Products,16.72,-9.03,DISTRIBUTION
2025-03-17,Pharmaceuticals,17.03,-8.01,LAGGING
2025-03-17,Pharmaceuticals & Biotechnology,24.59,-5.23,LAGGING
2025-03-17,Pipes & Tubes,22.61,-6.64,LAGGING
2025-03-17,"Plywood, MDF & Laminates",15.32,-7.53,LAGGING
2025-03-17,Power,44.05,-0.02,NEUTRAL
2025-03-17,Power Generation & Utilities,36.84,-1.14,NEUTRAL
2025-03-17,Pumps & Compressors,35.19,-0.85,NEUTRAL
2025-03-17,Renewable Energy - Solar & Wind,15.69,-10.09,DISTRIBUTION
2025-03-17,Residential & Commercial Real Estate,16.96,-7.23,LAGGING
2025-03-17,Services,22.1,-8.25,DISTRIBUTION
2025-03-17,Software Products & Digital Services,15.44,-8.29,LAGGING
2025-03-17,Specialty Chemicals,23.19,-6.03,LAGGING
2025-03-17,Stockbroking & Financial Products,15.82,-8.68,LAGGING
2025-03-17,Sugar & Bio-Ethanol,17.89,-7.25,LAGGING
2025-03-17,Tea & Coffee,32.61,-2.47,LAGGING
2025-03-17,Telecom Services & Infrastructure,17.13,-7.85,LAGGING
2025-03-17,Telecommunication,11.28,-9.59,LAGGING
2025-03-17,Textiles & Apparel,13.0,-9.03,LAGGING
2025-03-17,"Textiles, Yarns & Apparel",13.08,-9.51,LAGGING
2025-03-17,Transformers & T&D Equipment,20.35,-6.34,LAGGING
2025-03-17,Tyres & Rubber Products,16.97,-7.47,LAGGING
2025-03-17,Wires & Cables,11.05,-9.77,LAGGING
2025-03-18,API & CDMO / CRAMS,34.6,-1.0,LAGGING
2025-03-18,Aerospace & Defence,22.18,-6.0,LAGGING
2025-03-18,Air Conditioners & AC Components,61.82,5.54,EMERGING_LEADER
2025-03-18,Aluminium & Mining,36.61,-1.81,NEUTRAL
2025-03-18,Auto Parts & Equipment,30.72,-2.74,LAGGING
2025-03-18,Automobile OEMs,32.74,-1.61,LAGGING
2025-03-18,Banks,27.2,-4.45,LAGGING
2025-03-18,Bearings & Friction Solutions,33.57,-1.56,LAGGING
2025-03-18,Breweries & Distilleries,40.37,-0.52,NEUTRAL
2025-03-18,Capital Goods,29.31,-2.27,LAGGING
2025-03-18,Capital Markets & Asset Management,21.22,-5.08,LAGGING
2025-03-18,Cement,42.99,1.02,NEUTRAL
2025-03-18,Cement & Clinker,31.77,-2.63,LAGGING
2025-03-18,Ceramics & Tiles,14.12,-7.97,LAGGING
2025-03-18,Chemicals,36.93,-0.75,NEUTRAL
2025-03-18,Civil Construction & Infrastructure,18.94,-6.4,LAGGING
2025-03-18,Civil Construction & Infrastructure EPC,24.84,-4.23,LAGGING
2025-03-18,Commodity Chemicals,25.92,-5.17,LAGGING
2025-03-18,Consumer Durables,25.28,-4.49,LAGGING
2025-03-18,Consumer Services,22.82,-5.09,LAGGING
2025-03-18,Diversified & Fashion Retail,27.22,-2.8,LAGGING
2025-03-18,Diversified Commercial,22.9,-5.49,LAGGING
2025-03-18,Diversified Retail,31.29,-2.53,LAGGING
2025-03-18,Electronic Manufacturing Services (EMS),15.52,-9.34,DISTRIBUTION
2025-03-18,Fast Moving Consumer Goods,39.86,-0.5,NEUTRAL
2025-03-18,Fertilizers & Agrochemicals,27.12,-3.01,LAGGING
2025-03-18,Financial Services,16.54,-6.69,LAGGING
2025-03-18,Healthcare,35.97,-1.86,NEUTRAL
2025-03-18,Hospitals & Diagnostic Centres,38.85,-0.23,NEUTRAL
2025-03-18,Hotels & Restaurants,41.89,-0.1,NEUTRAL
2025-03-18,"Hotels, Resorts & QSR",33.63,-2.38,LAGGING
2025-03-18,IT Consulting & Software,19.68,-5.88,LAGGING
2025-03-18,Information Technology,17.87,-6.34,LAGGING
2025-03-18,Insurance,32.78,-2.07,LAGGING
2025-03-18,Internet & Digital Platforms,24.38,-4.11,LAGGING
2025-03-18,Iron & Steel,39.3,-0.94,NEUTRAL
2025-03-18,Logistics & Transportation,18.52,-7.05,LAGGING
2025-03-18,"Logistics, Ports & Supply Chain",22.57,-4.91,LAGGING
2025-03-18,Lubricants & Specialty Oils,43.1,-1.11,NEUTRAL
2025-03-18,Media & Entertainment,19.33,-6.22,LAGGING
2025-03-18,Metals & Mining,22.98,-4.24,LAGGING
2025-03-18,Mining & Mineral Products,51.51,2.43,EMERGING_LEADER
2025-03-18,Non Banking Financial Company (NBFC),32.38,-2.38,LAGGING
2025-03-18,Oil Exploration & Refining,29.66,-2.19,LAGGING
2025-03-18,Packaged Foods & Consumer Staples,29.67,-3.68,LAGGING
2025-03-18,Packaged Foods & FMCG Staples,30.26,-3.38,LAGGING
2025-03-18,Packaging Materials & Containers,20.18,-5.8,LAGGING
2025-03-18,Paper & Paper Products,20.16,-7.1,LAGGING
2025-03-18,Pharmaceuticals,23.55,-4.66,LAGGING
2025-03-18,Pharmaceuticals & Biotechnology,30.44,-2.93,LAGGING
2025-03-18,Pipes & Tubes,35.63,-0.75,NEUTRAL
2025-03-18,"Plywood, MDF & Laminates",19.99,-5.48,LAGGING
2025-03-18,Power,47.79,1.96,EMERGING_LEADER
2025-03-18,Power Generation & Utilities,46.17,1.78,EMERGING_LEADER
2025-03-18,Pumps & Compressors,40.48,0.42,NEUTRAL
2025-03-18,Renewable Energy - Solar & Wind,27.82,-3.41,LAGGING
2025-03-18,Residential & Commercial Real Estate,24.93,-4.09,LAGGING
2025-03-18,Services,27.55,-5.46,LAGGING
2025-03-18,Software Products & Digital Services,18.29,-7.02,LAGGING
2025-03-18,Specialty Chemicals,28.41,-3.8,LAGGING
2025-03-18,Stockbroking & Financial Products,28.58,-3.12,LAGGING
2025-03-18,Sugar & Bio-Ethanol,29.17,-2.3,LAGGING
2025-03-18,Tea & Coffee,23.4,-6.43,LAGGING
2025-03-18,Telecom Services & Infrastructure,18.75,-6.55,LAGGING
2025-03-18,Telecommunication,14.3,-8.2,LAGGING
2025-03-18,Textiles & Apparel,18.13,-7.6,LAGGING
2025-03-18,"Textiles, Yarns & Apparel",22.62,-4.87,LAGGING
2025-03-18,Transformers & T&D Equipment,32.13,-1.59,LAGGING
2025-03-18,Tyres & Rubber Products,19.62,-6.2,LAGGING
2025-03-18,Wires & Cables,16.17,-7.57,LAGGING
2025-03-19,API & CDMO / CRAMS,38.25,-0.12,NEUTRAL
2025-03-19,Aerospace & Defence,34.46,-1.03,LAGGING
2025-03-19,Air Conditioners & AC Components,34.1,-6.52,DISTRIBUTION
2025-03-19,Aluminium & Mining,46.46,1.85,EMERGING_LEADER
2025-03-19,Auto Parts & Equipment,37.55,-0.29,NEUTRAL
2025-03-19,Automobile OEMs,36.0,-0.66,NEUTRAL
2025-03-19,Banks,35.95,-0.79,NEUTRAL
2025-03-19,Bearings & Friction Solutions,37.26,-0.36,NEUTRAL
2025-03-19,Breweries & Distilleries,43.84,0.53,NEUTRAL
2025-03-19,Capital Goods,38.03,-0.17,NEUTRAL
2025-03-19,Capital Markets & Asset Management,28.61,-2.43,LAGGING
2025-03-19,Cement,33.75,-1.2,LAGGING
2025-03-19,Cement & Clinker,35.23,-1.36,NEUTRAL
2025-03-19,Ceramics & Tiles,17.4,-6.76,LAGGING
2025-03-19,Chemicals,49.82,2.66,EMERGING_LEADER
2025-03-19,Civil Construction & Infrastructure,25.07,-4.02,LAGGING
2025-03-19,Civil Construction & Infrastructure EPC,31.27,-1.87,LAGGING
2025-03-19,Commodity Chemicals,31.5,-2.76,LAGGING
2025-03-19,Consumer Durables,29.09,-3.21,LAGGING
2025-03-19,Consumer Services,26.78,-3.52,LAGGING
2025-03-19,Diversified & Fashion Retail,27.09,-3.04,LAGGING
2025-03-19,Diversified Commercial,28.12,-3.23,LAGGING
2025-03-19,Diversified Retail,41.5,0.66,NEUTRAL
2025-03-19,Electronic Manufacturing Services (EMS),20.46,-6.71,LAGGING
2025-03-19,Fast Moving Consumer Goods,41.65,0.53,NEUTRAL
2025-03-19,Fertilizers & Agrochemicals,32.16,-1.58,LAGGING
2025-03-19,Financial Services,26.79,-2.87,LAGGING
2025-03-19,Healthcare,38.68,-1.53,NEUTRAL
2025-03-19,Hospitals & Diagnostic Centres,43.63,1.17,NEUTRAL
2025-03-19,Hotels & Restaurants,44.23,-1.12,NEUTRAL
2025-03-19,"Hotels, Resorts & QSR",39.28,0.13,NEUTRAL
2025-03-19,IT Consulting & Software,16.99,-7.28,LAGGING
2025-03-19,Information Technology,32.29,-1.55,LAGGING
2025-03-19,Insurance,37.78,-0.4,NEUTRAL
2025-03-19,Internet & Digital Platforms,33.03,-1.37,LAGGING
2025-03-19,Iron & Steel,49.14,2.49,EMERGING_LEADER
2025-03-19,Logistics & Transportation,21.5,-6.26,LAGGING
2025-03-19,"Logistics, Ports & Supply Chain",33.19,-1.33,LAGGING
2025-03-19,Lubricants & Specialty Oils,47.93,0.88,EMERGING_LEADER
2025-03-19,Media & Entertainment,27.2,-3.92,LAGGING
2025-03-19,Metals & Mining,32.57,-1.48,LAGGING
2025-03-19,Mining & Mineral Products,54.1,2.78,EMERGING_LEADER
2025-03-19,Non Banking Financial Company (NBFC),37.08,-0.4,NEUTRAL
2025-03-19,Oil Exploration & Refining,33.11,-2.84,LAGGING
2025-03-19,Packaged Foods & Consumer Staples,35.24,-0.84,NEUTRAL
2025-03-19,Packaged Foods & FMCG Staples,30.05,-3.46,LAGGING
2025-03-19,Packaging Materials & Containers,28.0,-2.82,LAGGING
2025-03-19,Paper & Paper Products,24.24,-4.76,LAGGING
2025-03-19,Pharmaceuticals,33.9,-1.16,LAGGING
2025-03-19,Pharmaceuticals & Biotechnology,35.28,-0.83,NEUTRAL
2025-03-19,Pipes & Tubes,40.89,0.51,NEUTRAL
2025-03-19,"Plywood, MDF & Laminates",24.73,-4.12,LAGGING
2025-03-19,Power,54.88,3.87,EMERGING_LEADER
2025-03-19,Power Generation & Utilities,50.19,2.75,EMERGING_LEADER
2025-03-19,Pumps & Compressors,44.23,1.32,NEUTRAL
2025-03-19,Renewable Energy - Solar & Wind,33.22,-1.47,LAGGING
2025-03-19,Residential & Commercial Real Estate,32.45,-2.21,LAGGING
2025-03-19,Services,32.58,-3.09,LAGGING
2025-03-19,Software Products & Digital Services,23.54,-5.02,LAGGING
2025-03-19,Specialty Chemicals,30.39,-3.13,LAGGING
2025-03-19,Stockbroking & Financial Products,32.0,-1.62,LAGGING
2025-03-19,Sugar & Bio-Ethanol,38.63,-0.03,NEUTRAL
2025-03-19,Tea & Coffee,24.52,-5.8,LAGGING
2025-03-19,Telecom Services & Infrastructure,27.17,-4.29,LAGGING
2025-03-19,Telecommunication,18.35,-7.33,LAGGING
2025-03-19,Textiles & Apparel,20.31,-6.31,LAGGING
2025-03-19,"Textiles, Yarns & Apparel",23.19,-4.72,LAGGING
2025-03-19,Transformers & T&D Equipment,36.46,-0.55,NEUTRAL
2025-03-19,Tyres & Rubber Products,26.88,-3.27,LAGGING
2025-03-19,Wires & Cables,22.13,-4.72,LAGGING
2025-03-20,API & CDMO / CRAMS,40.14,0.33,NEUTRAL
2025-03-20,Aerospace & Defence,43.58,1.16,NEUTRAL
2025-03-20,Air Conditioners & AC Components,32.48,-6.9,DISTRIBUTION
2025-03-20,Aluminium & Mining,44.56,0.53,NEUTRAL
2025-03-20,Auto Parts & Equipment,42.48,0.9,NEUTRAL
2025-03-20,Automobile OEMs,39.19,0.11,NEUTRAL
2025-03-20,Banks,40.51,0.42,NEUTRAL
2025-03-20,Bearings & Friction Solutions,49.46,2.57,EMERGING_LEADER
2025-03-20,Breweries & Distilleries,47.12,1.63,EMERGING_LEADER
2025-03-20,Capital Goods,44.07,1.28,NEUTRAL
2025-03-20,Capital Markets & Asset Management,34.54,-1.01,LAGGING
2025-03-20,Cement,41.77,0.72,NEUTRAL
2025-03-20,Cement & Clinker,34.5,-2.3,LAGGING
2025-03-20,Ceramics & Tiles,21.69,-4.94,LAGGING
2025-03-20,Chemicals,51.78,3.13,EMERGING_LEADER
2025-03-20,Civil Construction & Infrastructure,31.06,-1.97,LAGGING
2025-03-20,Civil Construction & Infrastructure EPC,36.44,-0.55,NEUTRAL
2025-03-20,Commodity Chemicals,35.97,-1.29,NEUTRAL
2025-03-20,Consumer Durables,32.93,-1.5,LAGGING
2025-03-20,Consumer Services,30.23,-2.04,LAGGING
2025-03-20,Diversified & Fashion Retail,29.02,-3.04,LAGGING
2025-03-20,Diversified Commercial,31.37,-2.24,LAGGING
2025-03-20,Diversified Retail,45.25,1.56,EMERGING_LEADER
2025-03-20,Electronic Manufacturing Services (EMS),38.54,-0.05,NEUTRAL
2025-03-20,Fast Moving Consumer Goods,43.4,-0.22,NEUTRAL
2025-03-20,Fertilizers & Agrochemicals,37.25,-0.36,NEUTRAL
2025-03-20,Financial Services,31.76,-1.68,LAGGING
2025-03-20,Healthcare,42.87,0.85,NEUTRAL
2025-03-20,Hospitals & Diagnostic Centres,49.06,2.47,EMERGING_LEADER
2025-03-20,Hotels & Restaurants,46.26,1.24,EMERGING_LEADER
2025-03-20,"Hotels, Resorts & QSR",42.89,0.99,NEUTRAL
2025-03-20,IT Consulting & Software,19.06,-6.28,LAGGING
2025-03-20,Information Technology,29.39,-2.25,LAGGING
2025-03-20,Insurance,37.1,-0.4,NEUTRAL
2025-03-20,Internet & Digital Platforms,32.74,-1.72,LAGGING
2025-03-20,Iron & Steel,53.04,3.43,EMERGING_LEADER
2025-03-20,Logistics & Transportation,27.05,-4.06,LAGGING
2025-03-20,"Logistics, Ports & Supply Chain",49.46,2.57,EMERGING_LEADER
2025-03-20,Lubricants & Specialty Oils,52.59,2.84,EMERGING_LEADER
2025-03-20,Media & Entertainment,31.43,-1.82,LAGGING
2025-03-20,Metals & Mining,33.95,-1.15,LAGGING
2025-03-20,Mining & Mineral Products,54.48,3.61,EMERGING_LEADER
2025-03-20,Non Banking Financial Company (NBFC),41.99,0.78,NEUTRAL
2025-03-20,Oil Exploration & Refining,33.61,-2.54,LAGGING
2025-03-20,Packaged Foods & Consumer Staples,41.89,0.75,NEUTRAL
2025-03-20,Packaged Foods & FMCG Staples,37.55,-0.37,NEUTRAL
2025-03-20,Packaging Materials & Containers,27.64,-3.29,LAGGING
2025-03-20,Paper & Paper Products,28.73,-3.53,LAGGING
2025-03-20,Pharmaceuticals,38.95,0.05,NEUTRAL
2025-03-20,Pharmaceuticals & Biotechnology,41.68,0.7,NEUTRAL
2025-03-20,Pipes & Tubes,51.78,3.13,EMERGING_LEADER
2025-03-20,"Plywood, MDF & Laminates",28.03,-2.57,LAGGING
2025-03-20,Power,58.27,4.6,EMERGING_LEADER
2025-03-20,Power Generation & Utilities,52.07,3.18,EMERGING_LEADER
2025-03-20,Pumps & Compressors,40.33,0.38,NEUTRAL
2025-03-20,Renewable Energy - Solar & Wind,39.42,0.16,NEUTRAL
2025-03-20,Residential & Commercial Real Estate,34.58,-1.0,LAGGING
2025-03-20,Services,34.36,-2.38,LAGGING
2025-03-20,Software Products & Digital Services,28.02,-2.97,LAGGING
2025-03-20,Specialty Chemicals,35.98,-0.84,NEUTRAL
2025-03-20,Stockbroking & Financial Products,35.93,-0.68,NEUTRAL
2025-03-20,Sugar & Bio-Ethanol,35.39,-0.81,NEUTRAL
2025-03-20,Tea & Coffee,30.34,-3.33,LAGGING
2025-03-20,Telecom Services & Infrastructure,31.63,-2.42,LAGGING
2025-03-20,Telecommunication,20.45,-5.73,LAGGING
2025-03-20,Textiles & Apparel,26.37,-3.81,LAGGING
2025-03-20,"Textiles, Yarns & Apparel",23.91,-4.53,LAGGING
2025-03-20,Transformers & T&D Equipment,44.98,1.5,NEUTRAL
2025-03-20,Tyres & Rubber Products,32.99,-1.38,LAGGING
2025-03-20,Wires & Cables,24.72,-3.67,LAGGING
2025-03-21,API & CDMO / CRAMS,40.72,0.47,NEUTRAL
2025-03-21,Aerospace & Defence,47.24,2.04,EMERGING_LEADER
2025-03-21,Air Conditioners & AC Components,33.63,-6.63,DISTRIBUTION
2025-03-21,Aluminium & Mining,44.36,0.89,NEUTRAL
2025-03-21,Auto Parts & Equipment,45.52,1.62,EMERGING_LEADER
2025-03-21,Automobile OEMs,48.91,2.44,EMERGING_LEADER
2025-03-21,Banks,45.03,1.51,EMERGING_LEADER
2025-03-21,Bearings & Friction Solutions,56.8,4.33,EMERGING_LEADER
2025-03-21,Breweries & Distilleries,52.33,3.26,EMERGING_LEADER
2025-03-21,Capital Goods,47.69,2.15,EMERGING_LEADER
2025-03-21,Capital Markets & Asset Management,40.97,0.53,NEUTRAL
2025-03-21,Cement,37.93,-0.2,NEUTRAL
2025-03-21,Cement & Clinker,47.17,2.02,EMERGING_LEADER
2025-03-21,Ceramics & Tiles,23.69,-4.15,LAGGING
2025-03-21,Chemicals,54.94,3.89,EMERGING_LEADER
2025-03-21,Civil Construction & Infrastructure,30.48,-1.98,LAGGING
2025-03-21,Civil Construction & Infrastructure EPC,36.63,-0.51,NEUTRAL
2025-03-21,Commodity Chemicals,40.41,0.4,NEUTRAL
2025-03-21,Consumer Durables,36.82,-0.46,NEUTRAL
2025-03-21,Consumer Services,32.6,-1.48,LAGGING
2025-03-21,Diversified & Fashion Retail,33.12,-1.38,LAGGING
2025-03-21,Diversified Commercial,31.16,-2.33,LAGGING
2025-03-21,Diversified Retail,44.6,1.4,NEUTRAL
2025-03-21,Electronic Manufacturing Services (EMS),19.93,-9.44,DISTRIBUTION
2025-03-21,Fast Moving Consumer Goods,52.49,3.3,EMERGING_LEADER
2025-03-21,Fertilizers & Agrochemicals,39.38,0.15,NEUTRAL
2025-03-21,Financial Services,39.95,0.29,NEUTRAL
2025-03-21,Healthcare,54.24,3.72,EMERGING_LEADER
2025-03-21,Hospitals & Diagnostic Centres,52.36,3.27,EMERGING_LEADER
2025-03-21,Hotels & Restaurants,48.76,2.23,EMERGING_LEADER
2025-03-21,"Hotels, Resorts & QSR",46.4,1.84,EMERGING_LEADER
2025-03-21,IT Consulting & Software,19.99,-5.9,LAGGING
2025-03-21,Information Technology,28.52,-2.46,LAGGING
2025-03-21,Insurance,43.34,1.1,NEUTRAL
2025-03-21,Internet & Digital Platforms,39.23,0.12,NEUTRAL
2025-03-21,Iron & Steel,54.07,3.68,EMERGING_LEADER
2025-03-21,Logistics & Transportation,22.32,-5.2,LAGGING
2025-03-21,"Logistics, Ports & Supply Chain",36.34,-0.58,NEUTRAL
2025-03-21,Lubricants & Specialty Oils,46.56,0.27,EMERGING_LEADER
2025-03-21,Media & Entertainment,31.14,-2.23,LAGGING
2025-03-21,Metals & Mining,33.36,-1.29,LAGGING
2025-03-21,Mining & Mineral Products,60.04,5.11,EMERGING_LEADER
2025-03-21,Non Banking Financial Company (NBFC),46.53,1.87,EMERGING_LEADER
2025-03-21,Oil Exploration & Refining,43.85,0.71,NEUTRAL
2025-03-21,Packaged Foods & Consumer Staples,41.6,0.68,NEUTRAL
2025-03-21,Packaged Foods & FMCG Staples,38.9,-0.1,NEUTRAL
2025-03-21,Packaging Materials & Containers,29.79,-2.15,LAGGING
2025-03-21,Paper & Paper Products,29.39,-3.09,LAGGING
2025-03-21,Pharmaceuticals,39.85,0.26,NEUTRAL
2025-03-21,Pharmaceuticals & Biotechnology,47.99,2.22,EMERGING_LEADER
2025-03-21,Pipes & Tubes,49.26,2.36,EMERGING_LEADER
2025-03-21,"Plywood, MDF & Laminates",22.77,-4.63,LAGGING
2025-03-21,Power,64.96,6.29,EMERGING_LEADER
2025-03-21,Power Generation & Utilities,57.65,4.54,EMERGING_LEADER
2025-03-21,Pumps & Compressors,45.41,1.6,EMERGING_LEADER
2025-03-21,Renewable Energy - Solar & Wind,48.6,2.36,EMERGING_LEADER
2025-03-21,Residential & Commercial Real Estate,41.4,0.64,NEUTRAL
2025-03-21,Services,40.71,0.47,NEUTRAL
2025-03-21,Software Products & Digital Services,25.31,-4.11,LAGGING
2025-03-21,Specialty Chemicals,34.94,-1.63,LAGGING
2025-03-21,Stockbroking & Financial Products,35.14,-0.87,NEUTRAL
2025-03-21,Sugar & Bio-Ethanol,38.41,-0.08,NEUTRAL
2025-03-21,Tea & Coffee,31.16,-2.51,LAGGING
2025-03-21,Telecom Services & Infrastructure,35.66,-0.74,NEUTRAL
2025-03-21,Telecommunication,20.92,-5.82,LAGGING
2025-03-21,Textiles & Apparel,25.19,-4.09,LAGGING
2025-03-21,"Textiles, Yarns & Apparel",25.46,-3.85,LAGGING
2025-03-21,Transformers & T&D Equipment,50.21,2.75,EMERGING_LEADER
2025-03-21,Tyres & Rubber Products,35.64,-0.75,NEUTRAL
2025-03-21,Wires & Cables,27.23,-2.83,LAGGING
2025-03-24,API & CDMO / CRAMS,43.93,1.24,NEUTRAL
2025-03-24,Aerospace & Defence,54.94,3.89,EMERGING_LEADER
2025-03-24,Air Conditioners & AC Components,61.16,2.35,NEUTRAL
2025-03-24,Aluminium & Mining,37.29,-1.81,NEUTRAL
2025-03-24,Auto Parts & Equipment,46.52,1.86,EMERGING_LEADER
2025-03-24,Automobile OEMs,53.85,3.62,EMERGING_LEADER
2025-03-24,Banks,47.41,2.08,EMERGING_LEADER
2025-03-24,Bearings & Friction Solutions,55.1,3.92,EMERGING_LEADER
2025-03-24,Breweries & Distilleries,51.36,2.92,EMERGING_LEADER
2025-03-24,Capital Goods,47.34,2.06,EMERGING_LEADER
2025-03-24,Capital Markets & Asset Management,38.72,-0.01,NEUTRAL
2025-03-24,Cement,40.38,-1.11,NEUTRAL
2025-03-24,Cement & Clinker,43.23,1.08,NEUTRAL
2025-03-24,Ceramics & Tiles,23.92,-4.3,LAGGING
2025-03-24,Chemicals,58.97,4.85,EMERGING_LEADER
2025-03-24,Civil Construction & Infrastructure,29.54,-2.27,LAGGING
2025-03-24,Civil Construction & Infrastructure EPC,34.2,-1.09,LAGGING
2025-03-24,Commodity Chemicals,42.02,0.78,NEUTRAL
2025-03-24,Consumer Durables,35.41,-0.8,NEUTRAL
2025-03-24,Consumer Services,36.96,-0.43,NEUTRAL
2025-03-24,Diversified & Fashion Retail,29.47,-2.82,LAGGING
2025-03-24,Diversified Commercial,33.3,-1.39,LAGGING
2025-03-24,Diversified Retail,44.37,1.35,NEUTRAL
2025-03-24,Electronic Manufacturing Services (EMS),21.36,-9.57,DISTRIBUTION
2025-03-24,Fast Moving Consumer Goods,55.59,4.04,EMERGING_LEADER
2025-03-24,Fertilizers & Agrochemicals,46.76,1.92,EMERGING_LEADER
2025-03-24,Financial Services,33.87,-1.17,LAGGING
2025-03-24,Healthcare,44.6,1.4,NEUTRAL
2025-03-24,Hospitals & Diagnostic Centres,52.02,3.18,EMERGING_LEADER
2025-03-24,Hotels & Restaurants,46.14,0.99,EMERGING_LEADER
2025-03-24,"Hotels, Resorts & QSR",45.25,1.56,EMERGING_LEADER
2025-03-24,IT Consulting & Software,18.94,-6.34,LAGGING
2025-03-24,Information Technology,37.17,-0.38,NEUTRAL
2025-03-24,Insurance,45.45,1.61,EMERGING_LEADER
2025-03-24,Internet & Digital Platforms,38.15,-0.14,NEUTRAL
2025-03-24,Iron & Steel,54.92,3.88,EMERGING_LEADER
2025-03-24,Logistics & Transportation,26.8,-3.49,LAGGING
2025-03-24,"Logistics, Ports & Supply Chain",41.41,0.64,NEUTRAL
2025-03-24,Lubricants & Specialty Oils,47.46,0.02,NEUTRAL
2025-03-24,Media & Entertainment,29.63,-2.19,LAGGING
2025-03-24,Metals & Mining,31.87,-1.65,LAGGING
2025-03-24,Mining & Mineral Products,59.29,4.43,EMERGING_LEADER
2025-03-24,Non Banking Financial Company (NBFC),46.31,1.81,EMERGING_LEADER
2025-03-24,Oil Exploration & Refining,40.39,0.39,NEUTRAL
2025-03-24,Packaged Foods & Consumer Staples,41.88,0.75,NEUTRAL
2025-03-24,Packaged Foods & FMCG Staples,37.65,-0.47,NEUTRAL
2025-03-24,Packaging Materials & Containers,32.41,-1.52,LAGGING
2025-03-24,Paper & Paper Products,29.78,-2.5,LAGGING
2025-03-24,Pharmaceuticals,37.85,-0.22,NEUTRAL
2025-03-24,Pharmaceuticals & Biotechnology,46.42,1.84,EMERGING_LEADER
2025-03-24,Pipes & Tubes,47.71,2.15,EMERGING_LEADER
2025-03-24,"Plywood, MDF & Laminates",21.73,-5.63,LAGGING
2025-03-24,Power,67.74,6.96,ESTABLISHED_LEADER
2025-03-24,Power Generation & Utilities,57.49,4.5,EMERGING_LEADER
2025-03-24,Pumps & Compressors,51.42,3.04,EMERGING_LEADER
2025-03-24,Renewable Energy - Solar & Wind,43.56,1.15,NEUTRAL
2025-03-24,Residential & Commercial Real Estate,39.92,0.28,NEUTRAL
2025-03-24,Services,38.01,-0.18,NEUTRAL
2025-03-24,Software Products & Digital Services,25.77,-3.96,LAGGING
2025-03-24,Specialty Chemicals,38.86,0.03,NEUTRAL
2025-03-24,Stockbroking & Financial Products,38.04,-0.17,NEUTRAL
2025-03-24,Sugar & Bio-Ethanol,34.93,-0.92,LAGGING
2025-03-24,Tea & Coffee,31.19,-4.77,LAGGING
2025-03-24,Telecom Services & Infrastructure,32.0,-1.64,LAGGING
2025-03-24,Telecommunication,24.83,-3.6,LAGGING
2025-03-24,Textiles & Apparel,27.03,-2.99,LAGGING
2025-03-24,"Textiles, Yarns & Apparel",36.06,-0.65,NEUTRAL
2025-03-24,Transformers & T&D Equipment,49.09,2.48,EMERGING_LEADER
2025-03-24,Tyres & Rubber Products,34.87,-0.93,LAGGING
2025-03-24,Wires & Cables,35.53,-0.77,NEUTRAL
2025-03-25,API & CDMO / CRAMS,42.01,-0.58,NEUTRAL
2025-03-25,Aerospace & Defence,46.24,1.8,EMERGING_LEADER
2025-03-25,Air Conditioners & AC Components,16.74,-10.68,DISTRIBUTION
2025-03-25,Aluminium & Mining,35.91,-3.51,NEUTRAL
2025-03-25,Auto Parts & Equipment,44.28,1.07,NEUTRAL
2025-03-25,Automobile OEMs,46.82,1.77,EMERGING_LEADER
2025-03-25,Banks,47.25,2.04,EMERGING_LEADER
2025-03-25,Bearings & Friction Solutions,41.55,-0.59,NEUTRAL
2025-03-25,Breweries & Distilleries,47.01,0.48,EMERGING_LEADER
2025-03-25,Capital Goods,55.89,4.11,EMERGING_LEADER
2025-03-25,Capital Markets & Asset Management,35.86,-0.76,NEUTRAL
2025-03-25,Cement,51.28,1.8,EMERGING_LEADER
2025-03-25,Cement & Clinker,42.77,0.24,NEUTRAL
2025-03-25,Ceramics & Tiles,21.7,-5.43,LAGGING
2025-03-25,Chemicals,55.66,4.06,EMERGING_LEADER
2025-03-25,Civil Construction & Infrastructure,27.63,-3.8,LAGGING
2025-03-25,Civil Construction & Infrastructure EPC,33.49,-2.41,LAGGING
2025-03-25,Commodity Chemicals,37.43,-0.95,NEUTRAL
2025-03-25,Consumer Durables,30.16,-3.88,LAGGING
2025-03-25,Consumer Services,39.49,0.18,NEUTRAL
2025-03-25,Diversified & Fashion Retail,29.36,-4.57,LAGGING
2025-03-25,Diversified Commercial,31.02,-3.09,LAGGING
2025-03-25,Diversified Retail,47.35,2.06,EMERGING_LEADER
2025-03-25,Electronic Manufacturing Services (EMS),41.29,-2.12,NEUTRAL
2025-03-25,Fast Moving Consumer Goods,52.08,2.7,EMERGING_LEADER
2025-03-25,Fertilizers & Agrochemicals,39.42,-0.33,NEUTRAL
2025-03-25,Financial Services,31.07,-1.93,LAGGING
2025-03-25,Healthcare,43.22,-0.32,NEUTRAL
2025-03-25,Hospitals & Diagnostic Centres,50.7,2.3,EMERGING_LEADER
2025-03-25,Hotels & Restaurants,44.39,-0.9,NEUTRAL
2025-03-25,"Hotels, Resorts & QSR",39.48,-1.47,NEUTRAL
2025-03-25,IT Consulting & Software,21.18,-6.65,LAGGING
2025-03-25,Information Technology,29.49,-2.83,LAGGING
2025-03-25,Insurance,44.55,0.81,NEUTRAL
2025-03-25,Internet & Digital Platforms,38.64,-0.16,NEUTRAL
2025-03-25,Iron & Steel,48.86,1.45,EMERGING_LEADER
2025-03-25,Logistics & Transportation,23.99,-5.26,LAGGING
2025-03-25,"Logistics, Ports & Supply Chain",53.04,3.43,EMERGING_LEADER
2025-03-25,Lubricants & Specialty Oils,43.23,-1.6,NEUTRAL
2025-03-25,Media & Entertainment,21.06,-6.63,LAGGING
2025-03-25,Metals & Mining,27.96,-4.39,LAGGING
2025-03-25,Mining & Mineral Products,49.51,-0.48,NEUTRAL
2025-03-25,Non Banking Financial Company (NBFC),44.25,0.76,NEUTRAL
2025-03-25,Oil Exploration & Refining,38.71,-1.08,NEUTRAL
2025-03-25,Packaged Foods & Consumer Staples,33.58,-3.24,LAGGING
2025-03-25,Packaged Foods & FMCG Staples,39.26,-0.96,NEUTRAL
2025-03-25,Packaging Materials & Containers,33.1,-1.73,LAGGING
2025-03-25,Paper & Paper Products,25.78,-4.8,LAGGING
2025-03-25,Pharmaceuticals,35.4,-1.37,NEUTRAL
2025-03-25,Pharmaceuticals & Biotechnology,45.64,1.65,EMERGING_LEADER
2025-03-25,Pipes & Tubes,40.99,-1.2,NEUTRAL
2025-03-25,"Plywood, MDF & Laminates",16.17,-8.81,LAGGING
2025-03-25,Power,62.71,5.74,EMERGING_LEADER
2025-03-25,Power Generation & Utilities,55.89,3.16,EMERGING_LEADER
2025-03-25,Pumps & Compressors,47.0,0.45,EMERGING_LEADER
2025-03-25,Renewable Energy - Solar & Wind,36.12,-1.84,NEUTRAL
2025-03-25,Residential & Commercial Real Estate,39.62,0.15,NEUTRAL
2025-03-25,Services,37.42,-1.24,NEUTRAL
2025-03-25,Software Products & Digital Services,26.14,-4.31,LAGGING
2025-03-25,Specialty Chemicals,38.53,-0.93,NEUTRAL
2025-03-25,Stockbroking & Financial Products,32.67,-3.42,LAGGING
2025-03-25,Sugar & Bio-Ethanol,31.33,-4.09,LAGGING
2025-03-25,Tea & Coffee,35.56,-1.28,NEUTRAL
2025-03-25,Telecom Services & Infrastructure,26.67,-4.17,LAGGING
2025-03-25,Telecommunication,22.81,-4.99,LAGGING
2025-03-25,Textiles & Apparel,24.5,-4.97,LAGGING
2025-03-25,"Textiles, Yarns & Apparel",30.16,-3.4,LAGGING
2025-03-25,Transformers & T&D Equipment,46.1,1.58,EMERGING_LEADER
2025-03-25,Tyres & Rubber Products,34.43,-1.07,LAGGING
2025-03-25,Wires & Cables,23.32,-5.12,LAGGING
2025-03-26,API & CDMO / CRAMS,39.31,-2.37,NEUTRAL
2025-03-26,Aerospace & Defence,42.21,-0.47,NEUTRAL
2025-03-26,Air Conditioners & AC Components,56.55,0.74,NEUTRAL
2025-03-26,Aluminium & Mining,36.46,-5.05,WEAKENING
2025-03-26,Auto Parts & Equipment,41.34,-1.4,NEUTRAL
2025-03-26,Automobile OEMs,52.1,3.2,EMERGING_LEADER
2025-03-26,Banks,43.09,-0.37,NEUTRAL
2025-03-26,Bearings & Friction Solutions,37.15,-3.1,NEUTRAL
2025-03-26,Breweries & Distilleries,46.06,-0.55,NEUTRAL
2025-03-26,Capital Goods,47.78,1.22,EMERGING_LEADER
2025-03-26,Capital Markets & Asset Management,33.74,-2.98,LAGGING
2025-03-26,Cement,39.59,-1.45,NEUTRAL
2025-03-26,Cement & Clinker,40.93,-1.15,NEUTRAL
2025-03-26,Ceramics & Tiles,22.53,-5.67,LAGGING
2025-03-26,Chemicals,42.62,-3.07,WEAKENING
2025-03-26,Civil Construction & Infrastructure,26.98,-5.18,LAGGING
2025-03-26,Civil Construction & Infrastructure EPC,33.24,-3.67,LAGGING
2025-03-26,Commodity Chemicals,32.44,-4.05,LAGGING
2025-03-26,Consumer Durables,27.48,-5.69,LAGGING
2025-03-26,Consumer Services,31.67,-3.52,LAGGING
2025-03-26,Diversified & Fashion Retail,26.31,-5.83,LAGGING
2025-03-26,Diversified Commercial,28.72,-5.0,LAGGING
2025-03-26,Diversified Retail,36.27,-4.24,NEUTRAL
2025-03-26,Electronic Manufacturing Services (EMS),16.57,-10.72,DISTRIBUTION
2025-03-26,Fast Moving Consumer Goods,48.05,0.68,EMERGING_LEADER
2025-03-26,Fertilizers & Agrochemicals,39.34,-1.27,NEUTRAL
2025-03-26,Financial Services,28.57,-4.82,LAGGING
2025-03-26,Healthcare,44.84,-0.13,NEUTRAL
2025-03-26,Hospitals & Diagnostic Centres,48.88,0.68,NEUTRAL
2025-03-26,Hotels & Restaurants,42.96,-1.92,NEUTRAL
2025-03-26,"Hotels, Resorts & QSR",36.57,-3.71,NEUTRAL
2025-03-26,IT Consulting & Software,20.5,-6.45,LAGGING
2025-03-26,Information Technology,29.45,-5.44,LAGGING
2025-03-26,Insurance,41.12,-1.53,NEUTRAL
2025-03-26,Internet & Digital Platforms,35.84,-2.89,NEUTRAL
2025-03-26,Iron & Steel,46.49,-1.32,NEUTRAL
2025-03-26,Logistics & Transportation,26.35,-4.8,LAGGING
2025-03-26,"Logistics, Ports & Supply Chain",40.22,-1.08,NEUTRAL
2025-03-26,Lubricants & Specialty Oils,38.2,-4.58,WEAKENING
2025-03-26,Media & Entertainment,20.43,-8.32,DISTRIBUTION
2025-03-26,Metals & Mining,28.81,-5.76,LAGGING
2025-03-26,Mining & Mineral Products,41.85,-4.16,WEAKENING
2025-03-26,Non Banking Financial Company (NBFC),47.27,1.18,EMERGING_LEADER
2025-03-26,Oil Exploration & Refining,47.83,2.13,EMERGING_LEADER
2025-03-26,Packaged Foods & Consumer Staples,29.97,-5.76,DISTRIBUTION
2025-03-26,Packaged Foods & FMCG Staples,39.17,-0.96,NEUTRAL
2025-03-26,Packaging Materials & Containers,32.71,-3.3,LAGGING
2025-03-26,Paper & Paper Products,28.78,-4.28,LAGGING
2025-03-26,Pharmaceuticals,32.01,-4.66,LAGGING
2025-03-26,Pharmaceuticals & Biotechnology,39.91,-1.59,NEUTRAL
2025-03-26,Pipes & Tubes,31.74,-6.03,DISTRIBUTION
2025-03-26,"Plywood, MDF & Laminates",15.4,-9.98,DISTRIBUTION
2025-03-26,Power,61.66,4.02,EMERGING_LEADER
2025-03-26,Power Generation & Utilities,55.35,2.21,NEUTRAL
2025-03-26,Pumps & Compressors,36.4,-4.67,WEAKENING
2025-03-26,Renewable Energy - Solar & Wind,32.37,-4.38,LAGGING
2025-03-26,Residential & Commercial Real Estate,36.05,-2.7,NEUTRAL
2025-03-26,Services,41.7,-0.35,NEUTRAL
2025-03-26,Software Products & Digital Services,25.88,-5.37,LAGGING
2025-03-26,Specialty Chemicals,32.57,-3.79,LAGGING
2025-03-26,Stockbroking & Financial Products,29.28,-5.46,LAGGING
2025-03-26,Sugar & Bio-Ethanol,32.97,-5.11,DISTRIBUTION
2025-03-26,Tea & Coffee,31.51,-3.18,LAGGING
2025-03-26,Telecom Services & Infrastructure,27.87,-5.19,LAGGING
2025-03-26,Telecommunication,24.99,-4.81,LAGGING
2025-03-26,Textiles & Apparel,22.07,-6.39,LAGGING
2025-03-26,"Textiles, Yarns & Apparel",27.47,-4.64,LAGGING
2025-03-26,Transformers & T&D Equipment,45.89,0.71,EMERGING_LEADER
2025-03-26,Tyres & Rubber Products,33.57,-2.74,LAGGING
2025-03-26,Wires & Cables,18.81,-8.08,LAGGING
2025-03-27,API & CDMO / CRAMS,44.18,-0.67,NEUTRAL
2025-03-27,Aerospace & Defence,46.5,-0.31,NEUTRAL
2025-03-27,Air Conditioners & AC Components,18.85,-10.18,DISTRIBUTION
2025-03-27,Aluminium & Mining,38.46,-3.87,WEAKENING
2025-03-27,Auto Parts & Equipment,42.88,-1.64,NEUTRAL
2025-03-27,Automobile OEMs,49.02,1.53,EMERGING_LEADER
2025-03-27,Banks,48.44,1.05,EMERGING_LEADER
2025-03-27,Bearings & Friction Solutions,36.06,-5.76,WEAKENING
2025-03-27,Breweries & Distilleries,50.16,0.59,NEUTRAL
2025-03-27,Capital Goods,55.55,3.4,EMERGING_LEADER
2025-03-27,Capital Markets & Asset Management,40.03,-1.4,NEUTRAL
2025-03-27,Cement,53.71,3.04,EMERGING_LEADER
2025-03-27,Cement & Clinker,49.31,2.5,EMERGING_LEADER
2025-03-27,Ceramics & Tiles,24.5,-5.61,LAGGING
2025-03-27,Chemicals,47.37,-1.43,NEUTRAL
2025-03-27,Civil Construction & Infrastructure,27.81,-5.91,LAGGING
2025-03-27,Civil Construction & Infrastructure EPC,39.3,-2.05,NEUTRAL
2025-03-27,Commodity Chemicals,34.34,-4.05,LAGGING
2025-03-27,Consumer Durables,34.3,-3.52,LAGGING
2025-03-27,Consumer Services,42.43,0.38,NEUTRAL
2025-03-27,Diversified & Fashion Retail,39.01,-0.84,NEUTRAL
2025-03-27,Diversified Commercial,34.25,-3.26,LAGGING
2025-03-27,Diversified Retail,34.2,-5.78,DISTRIBUTION
2025-03-27,Electronic Manufacturing Services (EMS),18.0,-10.38,DISTRIBUTION
2025-03-27,Fast Moving Consumer Goods,49.56,1.0,EMERGING_LEADER
2025-03-27,Fertilizers & Agrochemicals,41.65,-1.21,NEUTRAL
2025-03-27,Financial Services,29.69,-5.25,LAGGING
2025-03-27,Healthcare,53.47,2.74,EMERGING_LEADER
2025-03-27,Hospitals & Diagnostic Centres,49.3,-0.12,NEUTRAL
2025-03-27,Hotels & Restaurants,38.96,-3.96,WEAKENING
2025-03-27,"Hotels, Resorts & QSR",38.94,-3.37,NEUTRAL
2025-03-27,IT Consulting & Software,22.89,-5.82,LAGGING
2025-03-27,Information Technology,37.06,-1.72,NEUTRAL
2025-03-27,Insurance,52.44,3.29,EMERGING_LEADER
2025-03-27,Internet & Digital Platforms,38.23,-1.84,NEUTRAL
2025-03-27,Iron & Steel,48.23,-1.29,NEUTRAL
2025-03-27,Logistics & Transportation,17.09,-9.69,DISTRIBUTION
2025-03-27,"Logistics, Ports & Supply Chain",43.26,-2.73,WEAKENING
2025-03-27,Lubricants & Specialty Oils,41.1,-4.2,WEAKENING
2025-03-27,Media & Entertainment,28.05,-5.88,LAGGING
2025-03-27,Metals & Mining,38.96,-1.75,NEUTRAL
2025-03-27,Mining & Mineral Products,56.0,1.71,NEUTRAL
2025-03-27,Non Banking Financial Company (NBFC),44.67,-0.8,NEUTRAL
2025-03-27,Oil Exploration & Refining,50.87,2.91,EMERGING_LEADER
2025-03-27,Packaged Foods & Consumer Staples,35.66,-4.56,WEAKENING
2025-03-27,Packaged Foods & FMCG Staples,44.67,0.0,NEUTRAL
2025-03-27,Packaging Materials & Containers,36.43,-1.67,NEUTRAL
2025-03-27,Paper & Paper Products,30.47,-4.37,LAGGING
2025-03-27,Pharmaceuticals,33.93,-4.76,DISTRIBUTION
2025-03-27,Pharmaceuticals & Biotechnology,44.55,-0.79,NEUTRAL
2025-03-27,Pipes & Tubes,35.46,-6.19,WEAKENING
2025-03-27,"Plywood, MDF & Laminates",25.27,-6.43,LAGGING
2025-03-27,Power,68.73,6.38,ESTABLISHED_LEADER
2025-03-27,Power Generation & Utilities,62.69,4.96,EMERGING_LEADER
2025-03-27,Pumps & Compressors,44.42,-0.6,NEUTRAL
2025-03-27,Renewable Energy - Solar & Wind,38.25,-3.03,NEUTRAL
2025-03-27,Residential & Commercial Real Estate,40.32,-1.29,NEUTRAL
2025-03-27,Services,52.86,3.39,EMERGING_LEADER
2025-03-27,Software Products & Digital Services,22.86,-7.44,DISTRIBUTION
2025-03-27,Specialty Chemicals,36.95,-2.96,NEUTRAL
2025-03-27,Stockbroking & Financial Products,37.56,-2.69,NEUTRAL
2025-03-27,Sugar & Bio-Ethanol,32.71,-4.63,LAGGING
2025-03-27,Tea & Coffee,30.85,-4.5,LAGGING
2025-03-27,Telecom Services & Infrastructure,29.48,-5.31,LAGGING
2025-03-27,Telecommunication,27.0,-4.34,LAGGING
2025-03-27,Textiles & Apparel,22.73,-7.2,LAGGING
2025-03-27,"Textiles, Yarns & Apparel",23.55,-6.41,LAGGING
2025-03-27,Transformers & T&D Equipment,51.14,1.38,EMERGING_LEADER
2025-03-27,Tyres & Rubber Products,38.48,-1.78,NEUTRAL
2025-03-27,Wires & Cables,21.72,-7.33,LAGGING
2025-03-28,API & CDMO / CRAMS,42.39,-1.53,NEUTRAL
2025-03-28,Aerospace & Defence,46.98,-0.77,NEUTRAL
2025-03-28,Air Conditioners & AC Components,19.09,-10.12,DISTRIBUTION
2025-03-28,Aluminium & Mining,36.63,-4.6,WEAKENING
2025-03-28,Auto Parts & Equipment,41.14,-2.91,NEUTRAL
2025-03-28,Automobile OEMs,49.03,-0.21,NEUTRAL
2025-03-28,Banks,42.38,-2.31,NEUTRAL
2025-03-28,Bearings & Friction Solutions,35.11,-6.27,WEAKENING
2025-03-28,Breweries & Distilleries,50.48,-0.22,NEUTRAL
2025-03-28,Capital Goods,53.12,1.73,NEUTRAL
2025-03-28,Capital Markets & Asset Management,45.58,-0.23,NEUTRAL
2025-03-28,Cement,35.46,-3.93,NEUTRAL
2025-03-28,Cement & Clinker,50.05,0.53,NEUTRAL
2025-03-28,Ceramics & Tiles,32.67,-2.54,LAGGING
2025-03-28,Chemicals,59.42,3.07,NEUTRAL
2025-03-28,Civil Construction & Infrastructure,30.95,-4.49,LAGGING
2025-03-28,Civil Construction & Infrastructure EPC,38.24,-2.53,NEUTRAL
2025-03-28,Commodity Chemicals,34.27,-4.88,DISTRIBUTION
2025-03-28,Consumer Durables,32.97,-4.78,LAGGING
2025-03-28,Consumer Services,40.85,-0.71,NEUTRAL
2025-03-28,Diversified & Fashion Retail,31.31,-4.81,LAGGING
2025-03-28,Diversified Commercial,30.13,-4.95,LAGGING
2025-03-28,Diversified Retail,34.56,-5.51,DISTRIBUTION
2025-03-28,Electronic Manufacturing Services (EMS),53.17,3.46,EMERGING_LEADER
2025-03-28,Fast Moving Consumer Goods,54.57,1.47,NEUTRAL
2025-03-28,Fertilizers & Agrochemicals,41.13,-1.81,NEUTRAL
2025-03-28,Financial Services,36.57,-3.83,NEUTRAL
2025-03-28,Healthcare,59.11,3.06,NEUTRAL
2025-03-28,Hospitals & Diagnostic Centres,52.54,0.64,NEUTRAL
2025-03-28,Hotels & Restaurants,39.54,-4.17,WEAKENING
2025-03-28,"Hotels, Resorts & QSR",35.36,-5.5,WEAKENING
2025-03-28,IT Consulting & Software,19.72,-7.32,LAGGING
2025-03-28,Information Technology,38.96,-0.77,NEUTRAL
2025-03-28,Insurance,49.9,1.16,EMERGING_LEADER
2025-03-28,Internet & Digital Platforms,39.27,-2.57,NEUTRAL
2025-03-28,Iron & Steel,47.94,-1.6,WEAKENING
2025-03-28,Logistics & Transportation,16.8,-8.96,DISTRIBUTION
2025-03-28,"Logistics, Ports & Supply Chain",39.71,-1.86,NEUTRAL
2025-03-28,Lubricants & Specialty Oils,33.08,-6.49,DISTRIBUTION
2025-03-28,Media & Entertainment,25.78,-6.78,DISTRIBUTION
2025-03-28,Metals & Mining,31.19,-4.9,LAGGING
2025-03-28,Mining & Mineral Products,55.84,0.65,NEUTRAL
2025-03-28,Non Banking Financial Company (NBFC),41.3,-3.03,NEUTRAL
2025-03-28,Oil Exploration & Refining,51.12,1.58,EMERGING_LEADER
2025-03-28,Packaged Foods & Consumer Staples,39.11,-3.06,NEUTRAL
2025-03-28,Packaged Foods & FMCG Staples,40.37,-2.05,NEUTRAL
2025-03-28,Packaging Materials & Containers,36.36,-2.09,NEUTRAL
2025-03-28,Paper & Paper Products,31.2,-4.19,LAGGING
2025-03-28,Pharmaceuticals,36.94,-3.66,NEUTRAL
2025-03-28,Pharmaceuticals & Biotechnology,42.67,-2.72,NEUTRAL
2025-03-28,Pipes & Tubes,36.71,-5.45,WEAKENING
2025-03-28,"Plywood, MDF & Laminates",22.42,-6.68,LAGGING
2025-03-28,Power,66.71,4.33,ESTABLISHED_LEADER
2025-03-28,Power Generation & Utilities,60.5,3.03,NEUTRAL
2025-03-28,Pumps & Compressors,44.33,-1.56,NEUTRAL
2025-03-28,Renewable Energy - Solar & Wind,40.25,-3.84,WEAKENING
2025-03-28,Residential & Commercial Real Estate,37.35,-3.76,NEUTRAL
2025-03-28,Services,47.15,0.48,EMERGING_LEADER
2025-03-28,Software Products & Digital Services,22.37,-7.16,LAGGING
2025-03-28,Specialty Chemicals,34.78,-3.68,LAGGING
2025-03-28,Stockbroking & Financial Products,29.02,-6.14,DISTRIBUTION
2025-03-28,Sugar & Bio-Ethanol,33.09,-5.02,DISTRIBUTION
2025-03-28,Tea & Coffee,35.82,-2.56,NEUTRAL
2025-03-28,Telecom Services & Infrastructure,28.38,-6.5,DISTRIBUTION
2025-03-28,Telecommunication,26.8,-4.51,LAGGING
2025-03-28,Textiles & Apparel,22.53,-7.07,LAGGING
2025-03-28,"Textiles, Yarns & Apparel",26.11,-5.62,LAGGING
2025-03-28,Transformers & T&D Equipment,45.21,-2.05,NEUTRAL
2025-03-28,Tyres & Rubber Products,33.83,-4.21,LAGGING
2025-03-28,Wires & Cables,25.65,-6.13,LAGGING
2025-04-01,API & CDMO / CRAMS,42.82,-1.92,NEUTRAL
2025-04-01,Aerospace & Defence,49.82,-0.96,NEUTRAL
2025-04-01,Air Conditioners & AC Components,31.12,-7.23,DISTRIBUTION
2025-04-01,Aluminium & Mining,36.45,-3.4,NEUTRAL
2025-04-01,Auto Parts & Equipment,39.87,-3.63,WEAKENING
2025-04-01,Automobile OEMs,51.37,-0.12,NEUTRAL
2025-04-01,Banks,48.51,-0.16,NEUTRAL
2025-04-01,Bearings & Friction Solutions,25.08,-8.68,DISTRIBUTION
2025-04-01,Breweries & Distilleries,59.91,3.92,EMERGING_LEADER
2025-04-01,Capital Goods,55.53,2.8,EMERGING_LEADER
2025-04-01,Capital Markets & Asset Management,50.37,2.19,EMERGING_LEADER
2025-04-01,Cement,43.26,-1.1,NEUTRAL
2025-04-01,Cement & Clinker,55.53,3.54,EMERGING_LEADER
2025-04-01,Ceramics & Tiles,24.31,-6.1,LAGGING
2025-04-01,Chemicals,52.76,-0.46,WEAKENING
2025-04-01,Civil Construction & Infrastructure,32.58,-3.63,LAGGING
2025-04-01,Civil Construction & Infrastructure EPC,42.02,-0.51,NEUTRAL
2025-04-01,Commodity Chemicals,40.48,-2.56,NEUTRAL
2025-04-01,Consumer Durables,32.52,-4.72,LAGGING
2025-04-01,Consumer Services,37.59,-2.86,NEUTRAL
2025-04-01,Diversified & Fashion Retail,33.78,-3.12,LAGGING
2025-04-01,Diversified Commercial,33.42,-3.96,LAGGING
2025-04-01,Diversified Retail,46.39,-0.5,NEUTRAL
2025-04-01,Electronic Manufacturing Services (EMS),35.53,-3.84,NEUTRAL
2025-04-01,Fast Moving Consumer Goods,56.18,1.59,NEUTRAL
2025-04-01,Fertilizers & Agrochemicals,46.56,-0.86,NEUTRAL
2025-04-01,Financial Services,36.72,-2.67,NEUTRAL
2025-04-01,Healthcare,61.41,5.44,EMERGING_LEADER
2025-04-01,Hospitals & Diagnostic Centres,55.17,1.81,NEUTRAL
2025-04-01,Hotels & Restaurants,42.06,-2.64,NEUTRAL
2025-04-01,"Hotels, Resorts & QSR",43.92,-1.7,NEUTRAL
2025-04-01,IT Consulting & Software,20.98,-6.6,LAGGING
2025-04-01,Information Technology,40.64,-1.62,NEUTRAL
2025-04-01,Insurance,45.69,-0.99,NEUTRAL
2025-04-01,Internet & Digital Platforms,40.63,-1.8,NEUTRAL
2025-04-01,Iron & Steel,54.64,1.06,NEUTRAL
2025-04-01,Logistics & Transportation,22.44,-7.4,DISTRIBUTION
2025-04-01,"Logistics, Ports & Supply Chain",48.71,1.0,EMERGING_LEADER
2025-04-01,Lubricants & Specialty Oils,34.53,-6.04,DISTRIBUTION
2025-04-01,Media & Entertainment,31.78,-3.99,LAGGING
2025-04-01,Metals & Mining,37.88,-1.83,NEUTRAL
2025-04-01,Mining & Mineral Products,60.66,2.8,NEUTRAL
2025-04-01,Non Banking Financial Company (NBFC),42.81,-2.36,NEUTRAL
2025-04-01,Oil Exploration & Refining,51.38,2.31,EMERGING_LEADER
2025-04-01,Packaged Foods & Consumer Staples,44.15,-1.0,NEUTRAL
2025-04-01,Packaged Foods & FMCG Staples,46.16,0.61,EMERGING_LEADER
2025-04-01,Packaging Materials & Containers,42.89,0.18,NEUTRAL
2025-04-01,Paper & Paper Products,36.47,-2.04,NEUTRAL
2025-04-01,Pharmaceuticals,39.71,-2.13,NEUTRAL
2025-04-01,Pharmaceuticals & Biotechnology,40.06,-3.53,WEAKENING
2025-04-01,Pipes & Tubes,47.42,-0.67,NEUTRAL
2025-04-01,"Plywood, MDF & Laminates",24.41,-5.66,LAGGING
2025-04-01,Power,71.89,6.0,ESTABLISHED_LEADER
2025-04-01,Power Generation & Utilities,57.2,1.68,NEUTRAL
2025-04-01,Pumps & Compressors,45.98,-1.94,NEUTRAL
2025-04-01,Renewable Energy - Solar & Wind,39.29,-3.34,NEUTRAL
2025-04-01,Residential & Commercial Real Estate,38.7,-2.93,NEUTRAL
2025-04-01,Services,49.02,1.75,EMERGING_LEADER
2025-04-01,Software Products & Digital Services,25.85,-5.78,LAGGING
2025-04-01,Specialty Chemicals,39.34,-2.47,NEUTRAL
2025-04-01,Stockbroking & Financial Products,30.92,-5.86,DISTRIBUTION
2025-04-01,Sugar & Bio-Ethanol,40.81,-1.15,NEUTRAL
2025-04-01,Tea & Coffee,36.71,-2.2,NEUTRAL
2025-04-01,Telecom Services & Infrastructure,38.78,-1.47,NEUTRAL
2025-04-01,Telecommunication,37.88,-0.56,NEUTRAL
2025-04-01,Textiles & Apparel,26.12,-5.9,LAGGING
2025-04-01,"Textiles, Yarns & Apparel",32.96,-4.65,LAGGING
2025-04-01,Transformers & T&D Equipment,46.34,-1.37,NEUTRAL
2025-04-01,Tyres & Rubber Products,33.97,-4.01,LAGGING
2025-04-01,Wires & Cables,32.96,-4.55,LAGGING
2025-04-02,API & CDMO / CRAMS,50.05,1.46,EMERGING_LEADER
2025-04-02,Aerospace & Defence,54.93,2.75,EMERGING_LEADER
2025-04-02,Air Conditioners & AC Components,34.06,-6.53,DISTRIBUTION
2025-04-02,Aluminium & Mining,40.92,-1.28,NEUTRAL
2025-04-02,Auto Parts & Equipment,43.15,-1.85,NEUTRAL
2025-04-02,Automobile OEMs,52.09,1.45,NEUTRAL
2025-04-02,Banks,52.54,1.56,NEUTRAL
2025-04-02,Bearings & Friction Solutions,34.4,-5.03,DISTRIBUTION
2025-04-02,Breweries & Distilleries,61.49,5.36,EMERGING_LEADER
2025-04-02,Capital Goods,55.13,1.09,NEUTRAL
2025-04-02,Capital Markets & Asset Management,48.19,1.78,EMERGING_LEADER
2025-04-02,Cement,65.7,6.36,ESTABLISHED_LEADER
2025-04-02,Cement & Clinker,62.34,5.66,EMERGING_LEADER
2025-04-02,Ceramics & Tiles,29.9,-3.35,LAGGING
2025-04-02,Chemicals,56.99,1.92,NEUTRAL
2025-04-02,Civil Construction & Infrastructure,38.54,-0.79,NEUTRAL
2025-04-02,Civil Construction & Infrastructure EPC,42.3,-0.26,NEUTRAL
2025-04-02,Commodity Chemicals,48.37,1.58,EMERGING_LEADER
2025-04-02,Consumer Durables,39.63,-0.78,NEUTRAL
2025-04-02,Consumer Services,52.6,2.98,EMERGING_LEADER
2025-04-02,Diversified & Fashion Retail,46.62,1.89,EMERGING_LEADER
2025-04-02,Diversified Commercial,37.81,-1.7,NEUTRAL
2025-04-02,Diversified Retail,53.36,1.89,EMERGING_LEADER
2025-04-02,Electronic Manufacturing Services (EMS),33.9,-4.37,LAGGING
2025-04-02,Fast Moving Consumer Goods,63.76,5.4,EMERGING_LEADER
2025-04-02,Fertilizers & Agrochemicals,52.81,3.08,EMERGING_LEADER
2025-04-02,Financial Services,38.23,-1.54,NEUTRAL
2025-04-02,Healthcare,62.42,5.68,EMERGING_LEADER
2025-04-02,Hospitals & Diagnostic Centres,56.75,2.71,EMERGING_LEADER
2025-04-02,Hotels & Restaurants,48.42,0.35,NEUTRAL
2025-04-02,"Hotels, Resorts & QSR",47.06,0.66,EMERGING_LEADER
2025-04-02,IT Consulting & Software,25.12,-5.26,LAGGING
2025-04-02,Information Technology,43.22,0.84,NEUTRAL
2025-04-02,Insurance,49.8,0.9,NEUTRAL
2025-04-02,Internet & Digital Platforms,49.47,1.82,EMERGING_LEADER
2025-04-02,Iron & Steel,56.6,2.98,EMERGING_LEADER
2025-04-02,Logistics & Transportation,32.01,-2.87,LAGGING
2025-04-02,"Logistics, Ports & Supply Chain",53.41,0.88,NEUTRAL
2025-04-02,Lubricants & Specialty Oils,37.07,-4.21,WEAKENING
2025-04-02,Media & Entertainment,33.82,-1.59,LAGGING
2025-04-02,Metals & Mining,45.26,1.56,EMERGING_LEADER
2025-04-02,Mining & Mineral Products,67.57,6.92,ESTABLISHED_LEADER
2025-04-02,Non Banking Financial Company (NBFC),46.93,-0.25,NEUTRAL
2025-04-02,Oil Exploration & Refining,55.1,3.92,EMERGING_LEADER
2025-04-02,Packaged Foods & Consumer Staples,40.47,-1.05,NEUTRAL
2025-04-02,Packaged Foods & FMCG Staples,47.81,1.01,EMERGING_LEADER
2025-04-02,Packaging Materials & Containers,47.35,1.93,EMERGING_LEADER
2025-04-02,Paper & Paper Products,36.78,-1.19,NEUTRAL
2025-04-02,Pharmaceuticals,42.84,-0.38,NEUTRAL
2025-04-02,Pharmaceuticals & Biotechnology,45.26,-1.21,NEUTRAL
2025-04-02,Pipes & Tubes,47.46,0.56,EMERGING_LEADER
2025-04-02,"Plywood, MDF & Laminates",28.48,-2.95,LAGGING
2025-04-02,Power,71.47,6.73,ESTABLISHED_LEADER
2025-04-02,Power Generation & Utilities,62.38,4.14,EMERGING_LEADER
2025-04-02,Pumps & Compressors,46.67,-0.86,NEUTRAL
2025-04-02,Renewable Energy - Solar & Wind,46.27,0.93,EMERGING_LEADER
2025-04-02,Residential & Commercial Real Estate,42.72,-1.19,NEUTRAL
2025-04-02,Services,50.33,2.4,EMERGING_LEADER
2025-04-02,Software Products & Digital Services,33.47,-2.65,LAGGING
2025-04-02,Specialty Chemicals,42.06,-1.27,NEUTRAL
2025-04-02,Stockbroking & Financial Products,40.03,-1.07,NEUTRAL
2025-04-02,Sugar & Bio-Ethanol,42.5,0.21,NEUTRAL
2025-04-02,Tea & Coffee,46.95,1.32,EMERGING_LEADER
2025-04-02,Telecom Services & Infrastructure,41.69,0.71,NEUTRAL
2025-04-02,Telecommunication,37.29,-0.44,NEUTRAL
2025-04-02,Textiles & Apparel,33.61,-2.29,LAGGING
2025-04-02,"Textiles, Yarns & Apparel",33.2,-3.48,LAGGING
2025-04-02,Transformers & T&D Equipment,46.3,-0.85,NEUTRAL
2025-04-02,Tyres & Rubber Products,39.53,-1.59,NEUTRAL
2025-04-02,Wires & Cables,29.89,-3.64,LAGGING
2025-04-03,API & CDMO / CRAMS,55.17,3.94,EMERGING_LEADER
2025-04-03,Aerospace & Defence,60.85,5.3,EMERGING_LEADER
2025-04-03,Air Conditioners & AC Components,38.28,-5.51,WEAKENING
2025-04-03,Aluminium & Mining,36.86,-3.08,NEUTRAL
2025-04-03,Auto Parts & Equipment,40.73,-2.33,NEUTRAL
2025-04-03,Automobile OEMs,52.62,0.72,NEUTRAL
2025-04-03,Banks,58.42,4.72,EMERGING_LEADER
2025-04-03,Bearings & Friction Solutions,34.18,-4.33,LAGGING
2025-04-03,Breweries & Distilleries,61.97,5.57,EMERGING_LEADER
2025-04-03,Capital Goods,55.84,2.85,EMERGING_LEADER
2025-04-03,Capital Markets & Asset Management,58.48,4.74,EMERGING_LEADER
2025-04-03,Cement,68.25,7.08,ESTABLISHED_LEADER
2025-04-03,Cement & Clinker,63.36,5.91,EMERGING_LEADER
2025-04-03,Ceramics & Tiles,26.48,-4.93,LAGGING
2025-04-03,Chemicals,55.94,3.82,EMERGING_LEADER
2025-04-03,Civil Construction & Infrastructure,41.84,0.72,NEUTRAL
2025-04-03,Civil Construction & Infrastructure EPC,42.7,-0.05,NEUTRAL
2025-04-03,Commodity Chemicals,53.6,3.56,EMERGING_LEADER
2025-04-03,Consumer Durables,40.7,0.15,NEUTRAL
2025-04-03,Consumer Services,50.56,2.83,EMERGING_LEADER
2025-04-03,Diversified & Fashion Retail,46.39,1.83,EMERGING_LEADER
2025-04-03,Diversified Commercial,40.77,-0.05,NEUTRAL
2025-04-03,Diversified Retail,56.27,4.2,EMERGING_LEADER
2025-04-03,Electronic Manufacturing Services (EMS),62.45,5.69,EMERGING_LEADER
2025-04-03,Fast Moving Consumer Goods,65.67,6.46,ESTABLISHED_LEADER
2025-04-03,Fertilizers & Agrochemicals,55.5,4.02,EMERGING_LEADER
2025-04-03,Financial Services,37.79,-1.27,NEUTRAL
2025-04-03,Healthcare,76.18,8.98,LEADING
2025-04-03,Hospitals & Diagnostic Centres,55.05,2.32,EMERGING_LEADER
2025-04-03,Hotels & Restaurants,47.97,0.41,NEUTRAL
2025-04-03,"Hotels, Resorts & QSR",50.0,2.42,EMERGING_LEADER
2025-04-03,IT Consulting & Software,22.99,-6.03,LAGGING
2025-04-03,Information Technology,46.38,1.83,EMERGING_LEADER
2025-04-03,Insurance,49.49,1.38,EMERGING_LEADER
2025-04-03,Internet & Digital Platforms,47.89,1.66,EMERGING_LEADER
2025-04-03,Iron & Steel,58.94,4.39,EMERGING_LEADER
2025-04-03,Logistics & Transportation,40.29,0.18,NEUTRAL
2025-04-03,"Logistics, Ports & Supply Chain",50.76,2.08,EMERGING_LEADER
2025-04-03,Lubricants & Specialty Oils,35.22,-4.08,NEUTRAL
2025-04-03,Media & Entertainment,36.56,-0.53,NEUTRAL
2025-04-03,Metals & Mining,45.77,1.68,EMERGING_LEADER
2025-04-03,Mining & Mineral Products,67.63,6.93,ESTABLISHED_LEADER
2025-04-03,Non Banking Financial Company (NBFC),50.03,0.5,NEUTRAL
2025-04-03,Oil Exploration & Refining,56.97,3.32,EMERGING_LEADER
2025-04-03,Packaged Foods & Consumer Staples,41.41,-0.0,NEUTRAL
2025-04-03,Packaged Foods & FMCG Staples,49.82,1.87,EMERGING_LEADER
2025-04-03,Packaging Materials & Containers,50.91,2.92,EMERGING_LEADER
2025-04-03,Paper & Paper Products,42.86,0.82,NEUTRAL
2025-04-03,Pharmaceuticals,53.65,3.58,EMERGING_LEADER
2025-04-03,Pharmaceuticals & Biotechnology,57.07,4.4,EMERGING_LEADER
2025-04-03,Pipes & Tubes,50.4,2.8,EMERGING_LEADER
2025-04-03,"Plywood, MDF & Laminates",28.19,-2.93,LAGGING
2025-04-03,Power,76.24,8.92,LEADING
2025-04-03,Power Generation & Utilities,70.18,7.51,ESTABLISHED_LEADER
2025-04-03,Pumps & Compressors,49.44,2.21,EMERGING_LEADER
2025-04-03,Renewable Energy - Solar & Wind,40.34,-0.88,NEUTRAL
2025-04-03,Residential & Commercial Real Estate,46.47,1.03,EMERGING_LEADER
2025-04-03,Services,50.11,1.54,EMERGING_LEADER
2025-04-03,Software Products & Digital Services,35.71,-1.66,NEUTRAL
2025-04-03,Specialty Chemicals,42.2,-0.14,NEUTRAL
2025-04-03,Stockbroking & Financial Products,49.0,2.46,EMERGING_LEADER
2025-04-03,Sugar & Bio-Ethanol,43.52,0.34,NEUTRAL
2025-04-03,Tea & Coffee,41.36,-0.3,NEUTRAL
2025-04-03,Telecom Services & Infrastructure,48.05,2.23,EMERGING_LEADER
2025-04-03,Telecommunication,37.81,-0.62,NEUTRAL
2025-04-03,Textiles & Apparel,42.16,0.82,NEUTRAL
2025-04-03,"Textiles, Yarns & Apparel",65.09,6.32,ESTABLISHED_LEADER
2025-04-03,Transformers & T&D Equipment,44.25,-1.68,NEUTRAL
2025-04-03,Tyres & Rubber Products,40.88,-0.87,NEUTRAL
2025-04-03,Wires & Cables,33.33,-1.39,LAGGING
2025-04-04,API & CDMO / CRAMS,37.58,-4.17,WEAKENING
2025-04-04,Aerospace & Defence,51.59,1.3,NEUTRAL
2025-04-04,Air Conditioners & AC Components,34.99,-3.43,LAGGING
2025-04-04,Aluminium & Mining,19.0,-10.14,DISTRIBUTION
2025-04-04,Auto Parts & Equipment,29.55,-7.31,DISTRIBUTION
2025-04-04,Automobile OEMs,46.79,-1.17,NEUTRAL
2025-04-04,Banks,51.28,0.82,NEUTRAL
2025-04-04,Bearings & Friction Solutions,22.32,-9.12,DISTRIBUTION
2025-04-04,Breweries & Distilleries,51.07,0.42,NEUTRAL
2025-04-04,Capital Goods,44.93,-3.13,WEAKENING
2025-04-04,Capital Markets & Asset Management,46.73,0.42,EMERGING_LEADER
2025-04-04,Cement,64.09,5.25,EMERGING_LEADER
2025-04-04,Cement & Clinker,59.77,4.23,EMERGING_LEADER
2025-04-04,Ceramics & Tiles,21.46,-7.4,LAGGING
2025-04-04,Chemicals,37.76,-4.67,WEAKENING
2025-04-04,Civil Construction & Infrastructure,37.81,-1.13,NEUTRAL
2025-04-04,Civil Construction & Infrastructure EPC,28.62,-7.05,DISTRIBUTION
2025-04-04,Commodity Chemicals,41.29,-0.84,NEUTRAL
2025-04-04,Consumer Durables,31.74,-4.84,LAGGING
2025-04-04,Consumer Services,35.91,-4.56,WEAKENING
2025-04-04,Diversified & Fashion Retail,38.32,-2.93,NEUTRAL
2025-04-04,Diversified Commercial,34.13,-3.83,LAGGING
2025-04-04,Diversified Retail,54.82,3.86,EMERGING_LEADER
2025-04-04,Electronic Manufacturing Services (EMS),18.03,-10.37,DISTRIBUTION
2025-04-04,Fast Moving Consumer Goods,55.03,2.19,NEUTRAL
2025-04-04,Fertilizers & Agrochemicals,42.61,-1.6,NEUTRAL
2025-04-04,Financial Services,33.51,-3.27,LAGGING
2025-04-04,Healthcare,41.3,-4.28,WEAKENING
2025-04-04,Hospitals & Diagnostic Centres,49.61,-0.04,NEUTRAL
2025-04-04,Hotels & Restaurants,33.73,-4.85,DISTRIBUTION
2025-04-04,"Hotels, Resorts & QSR",40.97,-1.8,NEUTRAL
2025-04-04,IT Consulting & Software,17.63,-8.72,DISTRIBUTION
2025-04-04,Information Technology,33.4,-4.64,LAGGING
2025-04-04,Insurance,43.39,-3.22,WEAKENING
2025-04-04,Internet & Digital Platforms,44.29,-0.28,NEUTRAL
2025-04-04,Iron & Steel,45.51,-1.57,NEUTRAL
2025-04-04,Logistics & Transportation,31.2,-1.97,LAGGING
2025-04-04,"Logistics, Ports & Supply Chain",35.63,-4.82,WEAKENING
2025-04-04,Lubricants & Specialty Oils,28.97,-7.23,DISTRIBUTION
2025-04-04,Media & Entertainment,29.14,-4.81,LAGGING
2025-04-04,Metals & Mining,38.49,-2.85,NEUTRAL
2025-04-04,Mining & Mineral Products,34.7,-6.37,DISTRIBUTION
2025-04-04,Non Banking Financial Company (NBFC),44.38,-1.4,NEUTRAL
2025-04-04,Oil Exploration & Refining,49.89,-0.2,NEUTRAL
2025-04-04,Packaged Foods & Consumer Staples,31.73,-5.09,LAGGING
2025-04-04,Packaged Foods & FMCG Staples,48.26,0.23,NEUTRAL
2025-04-04,Packaging Materials & Containers,41.93,-0.95,NEUTRAL
2025-04-04,Paper & Paper Products,32.42,-3.87,LAGGING
2025-04-04,Pharmaceuticals,42.99,-0.05,NEUTRAL
2025-04-04,Pharmaceuticals & Biotechnology,39.14,-3.58,NEUTRAL
2025-04-04,Pipes & Tubes,39.09,-1.96,NEUTRAL
2025-04-04,"Plywood, MDF & Laminates",17.93,-9.02,DISTRIBUTION
2025-04-04,Power,64.03,2.52,NEUTRAL
2025-04-04,Power Generation & Utilities,70.11,6.16,ESTABLISHED_LEADER
2025-04-04,Pumps & Compressors,39.2,-3.53,NEUTRAL
2025-04-04,Renewable Energy - Solar & Wind,31.85,-5.51,DISTRIBUTION
2025-04-04,Residential & Commercial Real Estate,35.68,-4.27,NEUTRAL
2025-04-04,Services,37.09,-5.8,WEAKENING
2025-04-04,Software Products & Digital Services,28.57,-4.12,LAGGING
2025-04-04,Specialty Chemicals,32.77,-4.89,DISTRIBUTION
2025-04-04,Stockbroking & Financial Products,41.11,-1.49,NEUTRAL
2025-04-04,Sugar & Bio-Ethanol,34.09,-3.57,LAGGING
2025-04-04,Tea & Coffee,34.43,-3.09,LAGGING
2025-04-04,Telecom Services & Infrastructure,40.81,-0.17,NEUTRAL
2025-04-04,Telecommunication,26.41,-5.77,LAGGING
2025-04-04,Textiles & Apparel,36.34,-0.83,NEUTRAL
2025-04-04,"Textiles, Yarns & Apparel",44.33,1.34,NEUTRAL
2025-04-04,Transformers & T&D Equipment,29.37,-7.65,DISTRIBUTION
2025-04-04,Tyres & Rubber Products,35.41,-4.05,NEUTRAL
2025-04-04,Wires & Cables,24.13,-5.78,LAGGING
2025-04-07,API & CDMO / CRAMS,23.65,-9.02,DISTRIBUTION
2025-04-07,Aerospace & Defence,40.27,-3.54,WEAKENING
2025-04-07,Air Conditioners & AC Components,20.54,-9.77,DISTRIBUTION
2025-04-07,Aluminium & Mining,13.85,-11.38,DISTRIBUTION
2025-04-07,Auto Parts & Equipment,22.64,-9.27,DISTRIBUTION
2025-04-07,Automobile OEMs,33.73,-6.6,DISTRIBUTION
2025-04-07,Banks,37.97,-3.68,NEUTRAL
2025-04-07,Bearings & Friction Solutions,14.92,-11.12,DISTRIBUTION
2025-04-07,Breweries & Distilleries,34.52,-6.42,DISTRIBUTION
2025-04-07,Capital Goods,26.84,-8.26,DISTRIBUTION
2025-04-07,Capital Markets & Asset Management,31.44,-7.0,DISTRIBUTION
2025-04-07,Cement,56.65,4.3,EMERGING_LEADER
2025-04-07,Cement & Clinker,47.87,-0.9,NEUTRAL
2025-04-07,Ceramics & Tiles,15.62,-10.95,DISTRIBUTION
2025-04-07,Chemicals,30.87,-7.29,DISTRIBUTION
2025-04-07,Civil Construction & Infrastructure,25.73,-6.76,DISTRIBUTION
2025-04-07,Civil Construction & Infrastructure EPC,18.48,-10.26,DISTRIBUTION
2025-04-07,Commodity Chemicals,29.68,-5.7,DISTRIBUTION
2025-04-07,Consumer Durables,25.08,-7.4,DISTRIBUTION
2025-04-07,Consumer Services,23.97,-8.95,DISTRIBUTION
2025-04-07,Diversified & Fashion Retail,32.99,-3.78,LAGGING
2025-04-07,Diversified Commercial,25.88,-6.55,DISTRIBUTION
2025-04-07,Diversified Retail,33.6,-4.11,LAGGING
2025-04-07,Electronic Manufacturing Services (EMS),14.94,-11.11,DISTRIBUTION
2025-04-07,Fast Moving Consumer Goods,37.85,-5.62,WEAKENING
2025-04-07,Fertilizers & Agrochemicals,30.95,-6.4,DISTRIBUTION
2025-04-07,Financial Services,25.59,-7.83,DISTRIBUTION
2025-04-07,Healthcare,22.62,-9.27,DISTRIBUTION
2025-04-07,Hospitals & Diagnostic Centres,37.17,-5.78,WEAKENING
2025-04-07,Hotels & Restaurants,20.7,-9.73,DISTRIBUTION
2025-04-07,"Hotels, Resorts & QSR",28.82,-6.26,DISTRIBUTION
2025-04-07,IT Consulting & Software,15.51,-9.04,DISTRIBUTION
2025-04-07,Information Technology,16.84,-10.66,DISTRIBUTION
2025-04-07,Insurance,29.59,-7.6,DISTRIBUTION
2025-04-07,Internet & Digital Platforms,41.36,-1.7,NEUTRAL
2025-04-07,Iron & Steel,26.58,-8.32,DISTRIBUTION
2025-04-07,Logistics & Transportation,19.76,-6.72,LAGGING
2025-04-07,"Logistics, Ports & Supply Chain",26.67,-7.95,DISTRIBUTION
2025-04-07,Lubricants & Specialty Oils,18.77,-10.07,DISTRIBUTION
2025-04-07,Media & Entertainment,19.04,-8.64,DISTRIBUTION
2025-04-07,Metals & Mining,22.11,-8.33,DISTRIBUTION
2025-04-07,Mining & Mineral Products,19.68,-9.98,DISTRIBUTION
2025-04-07,Non Banking Financial Company (NBFC),32.18,-5.92,DISTRIBUTION
2025-04-07,Oil Exploration & Refining,40.96,-4.0,WEAKENING
2025-04-07,Packaged Foods & Consumer Staples,31.35,-5.87,DISTRIBUTION
2025-04-07,Packaged Foods & FMCG Staples,42.9,-1.25,NEUTRAL
2025-04-07,Packaging Materials & Containers,19.91,-9.92,DISTRIBUTION
2025-04-07,Paper & Paper Products,25.77,-6.79,DISTRIBUTION
2025-04-07,Pharmaceuticals,26.5,-7.52,DISTRIBUTION
2025-04-07,Pharmaceuticals & Biotechnology,26.07,-8.44,DISTRIBUTION
2025-04-07,Pipes & Tubes,24.38,-8.37,DISTRIBUTION
2025-04-07,"Plywood, MDF & Laminates",17.15,-8.83,DISTRIBUTION
2025-04-07,Power,48.66,-3.02,WEAKENING
2025-04-07,Power Generation & Utilities,65.2,4.49,ESTABLISHED_LEADER
2025-04-07,Pumps & Compressors,23.95,-8.95,DISTRIBUTION
2025-04-07,Renewable Energy - Solar & Wind,20.52,-9.78,DISTRIBUTION
2025-04-07,Residential & Commercial Real Estate,26.93,-7.41,DISTRIBUTION
2025-04-07,Services,33.18,-6.55,DISTRIBUTION
2025-04-07,Software Products & Digital Services,18.96,-8.06,LAGGING
2025-04-07,Specialty Chemicals,20.23,-9.76,DISTRIBUTION
2025-04-07,Stockbroking & Financial Products,23.6,-7.31,DISTRIBUTION
2025-04-07,Sugar & Bio-Ethanol,27.16,-6.55,DISTRIBUTION
2025-04-07,Tea & Coffee,28.64,-6.42,DISTRIBUTION
2025-04-07,Telecom Services & Infrastructure,34.03,-2.82,LAGGING
2025-04-07,Telecommunication,20.81,-8.08,DISTRIBUTION
2025-04-07,Textiles & Apparel,25.79,-5.22,LAGGING
2025-04-07,"Textiles, Yarns & Apparel",27.1,-5.32,LAGGING
2025-04-07,Transformers & T&D Equipment,22.61,-9.27,DISTRIBUTION
2025-04-07,Tyres & Rubber Products,25.78,-7.26,DISTRIBUTION
2025-04-07,Wires & Cables,17.0,-9.48,DISTRIBUTION
2025-04-08,API & CDMO / CRAMS,29.22,-7.44,DISTRIBUTION
2025-04-08,Aerospace & Defence,42.42,-3.15,WEAKENING
2025-04-08,Air Conditioners & AC Components,17.75,-10.44,DISTRIBUTION
2025-04-08,Aluminium & Mining,12.6,-11.68,DISTRIBUTION
2025-04-08,Auto Parts & Equipment,22.43,-9.32,DISTRIBUTION
2025-04-08,Automobile OEMs,42.93,-3.22,WEAKENING
2025-04-08,Banks,45.61,-1.58,NEUTRAL
2025-04-08,Bearings & Friction Solutions,22.57,-7.03,LAGGING
2025-04-08,Breweries & Distilleries,43.38,-4.29,WEAKENING
2025-04-08,Capital Goods,31.82,-7.06,DISTRIBUTION
2025-04-08,Capital Markets & Asset Management,38.12,-5.06,WEAKENING
2025-04-08,Cement,60.56,5.23,EMERGING_LEADER
2025-04-08,Cement & Clinker,50.94,-0.6,NEUTRAL
2025-04-08,Ceramics & Tiles,15.54,-9.85,DISTRIBUTION
2025-04-08,Chemicals,30.29,-7.43,DISTRIBUTION
2025-04-08,Civil Construction & Infrastructure,27.5,-6.31,DISTRIBUTION
2025-04-08,Civil Construction & Infrastructure EPC,22.86,-9.21,DISTRIBUTION
2025-04-08,Commodity Chemicals,37.62,-3.49,NEUTRAL
2025-04-08,Consumer Durables,31.3,-4.71,LAGGING
2025-04-08,Consumer Services,26.64,-7.58,DISTRIBUTION
2025-04-08,Diversified & Fashion Retail,30.44,-5.3,LAGGING
2025-04-08,Diversified Commercial,27.14,-6.62,DISTRIBUTION
2025-04-08,Diversified Retail,40.99,-3.13,NEUTRAL
2025-04-08,Electronic Manufacturing Services (EMS),44.07,1.28,NEUTRAL
2025-04-08,Fast Moving Consumer Goods,47.74,-2.06,WEAKENING
2025-04-08,Fertilizers & Agrochemicals,31.36,-7.17,DISTRIBUTION
2025-04-08,Financial Services,29.74,-6.12,DISTRIBUTION
2025-04-08,Healthcare,28.18,-7.94,DISTRIBUTION
2025-04-08,Hospitals & Diagnostic Centres,46.97,-2.2,WEAKENING
2025-04-08,Hotels & Restaurants,23.36,-9.09,DISTRIBUTION
2025-04-08,"Hotels, Resorts & QSR",35.87,-4.84,WEAKENING
2025-04-08,IT Consulting & Software,14.58,-9.65,DISTRIBUTION
2025-04-08,Information Technology,14.72,-11.17,DISTRIBUTION
2025-04-08,Insurance,42.58,-2.34,NEUTRAL
2025-04-08,Internet & Digital Platforms,43.5,-1.04,NEUTRAL
2025-04-08,Iron & Steel,24.82,-8.74,DISTRIBUTION
2025-04-08,Logistics & Transportation,23.54,-6.15,LAGGING
2025-04-08,"Logistics, Ports & Supply Chain",29.46,-7.63,DISTRIBUTION
2025-04-08,Lubricants & Specialty Oils,20.84,-9.46,DISTRIBUTION
2025-04-08,Media & Entertainment,30.11,-5.07,LAGGING
2025-04-08,Metals & Mining,31.9,-5.42,DISTRIBUTION
2025-04-08,Mining & Mineral Products,23.7,-9.01,DISTRIBUTION
2025-04-08,Non Banking Financial Company (NBFC),41.52,-2.27,NEUTRAL
2025-04-08,Oil Exploration & Refining,44.48,-2.57,WEAKENING
2025-04-08,Packaged Foods & Consumer Staples,30.36,-7.2,DISTRIBUTION
2025-04-08,Packaged Foods & FMCG Staples,45.56,-1.17,NEUTRAL
2025-04-08,Packaging Materials & Containers,23.05,-9.17,DISTRIBUTION
2025-04-08,Paper & Paper Products,22.73,-9.02,DISTRIBUTION
2025-04-08,Pharmaceuticals,33.27,-5.17,DISTRIBUTION
2025-04-08,Pharmaceuticals & Biotechnology,28.83,-7.1,DISTRIBUTION
2025-04-08,Pipes & Tubes,29.57,-7.6,DISTRIBUTION
2025-04-08,"Plywood, MDF & Laminates",16.29,-9.55,DISTRIBUTION
2025-04-08,Power,58.16,-0.51,WEAKENING
2025-04-08,Power Generation & Utilities,63.88,4.53,EMERGING_LEADER
2025-04-08,Pumps & Compressors,25.56,-8.57,DISTRIBUTION
2025-04-08,Renewable Energy - Solar & Wind,19.7,-9.97,DISTRIBUTION
2025-04-08,Residential & Commercial Real Estate,29.94,-6.39,DISTRIBUTION
2025-04-08,Services,31.82,-7.06,DISTRIBUTION
2025-04-08,Software Products & Digital Services,22.14,-7.35,LAGGING
2025-04-08,Specialty Chemicals,20.59,-9.76,DISTRIBUTION
2025-04-08,Stockbroking & Financial Products,27.78,-5.9,LAGGING
2025-04-08,Sugar & Bio-Ethanol,26.72,-8.12,DISTRIBUTION
2025-04-08,Tea & Coffee,25.23,-8.01,DISTRIBUTION
2025-04-08,Telecom Services & Infrastructure,36.03,-3.85,NEUTRAL
2025-04-08,Telecommunication,24.54,-8.51,DISTRIBUTION
2025-04-08,Textiles & Apparel,27.32,-5.23,LAGGING
2025-04-08,"Textiles, Yarns & Apparel",29.77,-5.43,LAGGING
2025-04-08,Transformers & T&D Equipment,25.16,-8.66,DISTRIBUTION
2025-04-08,Tyres & Rubber Products,22.71,-8.58,DISTRIBUTION
2025-04-08,Wires & Cables,18.11,-10.33,DISTRIBUTION
2025-04-09,API & CDMO / CRAMS,25.82,-8.5,DISTRIBUTION
2025-04-09,Aerospace & Defence,42.53,-4.02,WEAKENING
2025-04-09,Air Conditioners & AC Components,30.53,-5.48,DISTRIBUTION
2025-04-09,Aluminium & Mining,11.53,-11.93,DISTRIBUTION
2025-04-09,Auto Parts & Equipment,23.63,-9.03,DISTRIBUTION
2025-04-09,Automobile OEMs,44.6,-2.64,WEAKENING
2025-04-09,Banks,43.92,-3.01,WEAKENING
2025-04-09,Bearings & Friction Solutions,21.61,-9.12,DISTRIBUTION
2025-04-09,Breweries & Distilleries,43.23,-4.32,WEAKENING
2025-04-09,Capital Goods,27.32,-8.14,DISTRIBUTION
2025-04-09,Capital Markets & Asset Management,40.69,-3.58,WEAKENING
2025-04-09,Cement,61.38,1.95,NEUTRAL
2025-04-09,Cement & Clinker,53.0,-0.96,WEAKENING
2025-04-09,Ceramics & Tiles,15.67,-10.8,DISTRIBUTION
2025-04-09,Chemicals,26.87,-8.25,DISTRIBUTION
2025-04-09,Civil Construction & Infrastructure,29.62,-6.5,DISTRIBUTION
2025-04-09,Civil Construction & Infrastructure EPC,23.19,-9.13,DISTRIBUTION
2025-04-09,Commodity Chemicals,37.24,-5.07,WEAKENING
2025-04-09,Consumer Durables,31.56,-5.88,DISTRIBUTION
2025-04-09,Consumer Services,28.46,-7.87,DISTRIBUTION
2025-04-09,Diversified & Fashion Retail,35.58,-5.45,WEAKENING
2025-04-09,Diversified Commercial,28.59,-6.8,DISTRIBUTION
2025-04-09,Diversified Retail,33.6,-6.64,DISTRIBUTION
2025-04-09,Electronic Manufacturing Services (EMS),15.75,-10.53,DISTRIBUTION
2025-04-09,Fast Moving Consumer Goods,43.18,-4.34,WEAKENING
2025-04-09,Fertilizers & Agrochemicals,37.66,-5.66,WEAKENING
2025-04-09,Financial Services,31.42,-5.68,DISTRIBUTION
2025-04-09,Healthcare,24.64,-8.79,DISTRIBUTION
2025-04-09,Hospitals & Diagnostic Centres,50.24,-1.11,WEAKENING
2025-04-09,Hotels & Restaurants,26.23,-8.4,DISTRIBUTION
2025-04-09,"Hotels, Resorts & QSR",35.08,-5.74,WEAKENING
2025-04-09,IT Consulting & Software,15.74,-9.91,DISTRIBUTION
2025-04-09,Information Technology,15.85,-10.9,DISTRIBUTION
2025-04-09,Insurance,36.7,-5.55,WEAKENING
2025-04-09,Internet & Digital Platforms,44.92,-2.04,NEUTRAL
2025-04-09,Iron & Steel,24.96,-8.71,DISTRIBUTION
2025-04-09,Logistics & Transportation,26.38,-6.68,DISTRIBUTION
2025-04-09,"Logistics, Ports & Supply Chain",30.51,-7.38,DISTRIBUTION
2025-04-09,Lubricants & Specialty Oils,21.18,-9.62,DISTRIBUTION
2025-04-09,Media & Entertainment,27.97,-6.34,DISTRIBUTION
2025-04-09,Metals & Mining,26.88,-8.25,DISTRIBUTION
2025-04-09,Mining & Mineral Products,17.0,-10.62,DISTRIBUTION
2025-04-09,Non Banking Financial Company (NBFC),39.54,-3.84,WEAKENING
2025-04-09,Oil Exploration & Refining,42.59,-4.03,WEAKENING
2025-04-09,Packaged Foods & Consumer Staples,33.06,-5.4,DISTRIBUTION
2025-04-09,Packaged Foods & FMCG Staples,55.36,2.65,EMERGING_LEADER
2025-04-09,Packaging Materials & Containers,21.83,-9.46,DISTRIBUTION
2025-04-09,Paper & Paper Products,24.34,-8.4,DISTRIBUTION
2025-04-09,Pharmaceuticals,27.55,-8.09,DISTRIBUTION
2025-04-09,Pharmaceuticals & Biotechnology,25.65,-8.54,DISTRIBUTION
2025-04-09,Pipes & Tubes,29.36,-7.65,DISTRIBUTION
2025-04-09,"Plywood, MDF & Laminates",16.96,-10.0,DISTRIBUTION
2025-04-09,Power,53.39,-1.89,WEAKENING
2025-04-09,Power Generation & Utilities,60.57,2.21,NEUTRAL
2025-04-09,Pumps & Compressors,25.42,-8.6,DISTRIBUTION
2025-04-09,Renewable Energy - Solar & Wind,19.88,-9.93,DISTRIBUTION
2025-04-09,Residential & Commercial Real Estate,29.55,-7.28,DISTRIBUTION
2025-04-09,Services,31.83,-7.06,DISTRIBUTION
2025-04-09,Software Products & Digital Services,23.94,-7.97,DISTRIBUTION
2025-04-09,Specialty Chemicals,21.23,-9.6,DISTRIBUTION
2025-04-09,Stockbroking & Financial Products,31.53,-5.96,DISTRIBUTION
2025-04-09,Sugar & Bio-Ethanol,25.85,-8.5,DISTRIBUTION
2025-04-09,Tea & Coffee,25.66,-8.54,DISTRIBUTION
2025-04-09,Telecom Services & Infrastructure,36.32,-4.25,NEUTRAL
2025-04-09,Telecommunication,29.74,-6.22,DISTRIBUTION
2025-04-09,Textiles & Apparel,26.11,-7.08,DISTRIBUTION
2025-04-09,"Textiles, Yarns & Apparel",29.09,-5.76,DISTRIBUTION
2025-04-09,Transformers & T&D Equipment,23.51,-9.06,DISTRIBUTION
2025-04-09,Tyres & Rubber Products,24.78,-8.71,DISTRIBUTION
2025-04-09,Wires & Cables,18.55,-9.59,DISTRIBUTION
2025-04-11,API & CDMO / CRAMS,43.79,-3.54,WEAKENING
2025-04-11,Aerospace & Defence,52.07,-1.08,WEAKENING
2025-04-11,Air Conditioners & AC Components,33.34,-1.76,LAGGING
2025-04-11,Aluminium & Mining,13.53,-11.45,DISTRIBUTION
2025-04-11,Auto Parts & Equipment,25.77,-8.51,DISTRIBUTION
2025-04-11,Automobile OEMs,52.58,0.61,NEUTRAL
2025-04-11,Banks,52.6,-0.42,NEUTRAL
2025-04-11,Bearings & Friction Solutions,26.84,-6.88,DISTRIBUTION
2025-04-11,Breweries & Distilleries,53.99,-0.48,WEAKENING
2025-04-11,Capital Goods,43.88,-3.62,WEAKENING
2025-04-11,Capital Markets & Asset Management,51.57,-0.87,WEAKENING
2025-04-11,Cement,63.25,2.28,NEUTRAL
2025-04-11,Cement & Clinker,59.2,1.46,NEUTRAL
2025-04-11,Ceramics & Tiles,21.66,-7.67,DISTRIBUTION
2025-04-11,Chemicals,40.48,-4.98,WEAKENING
2025-04-11,Civil Construction & Infrastructure,37.47,-3.79,NEUTRAL
2025-04-11,Civil Construction & Infrastructure EPC,31.16,-6.6,DISTRIBUTION
2025-04-11,Commodity Chemicals,43.15,-3.53,WEAKENING
2025-04-11,Consumer Durables,39.97,-2.54,NEUTRAL
2025-04-11,Consumer Services,37.24,-5.46,WEAKENING
2025-04-11,Diversified & Fashion Retail,39.93,-3.58,WEAKENING
2025-04-11,Diversified Commercial,34.46,-4.87,DISTRIBUTION
2025-04-11,Diversified Retail,40.76,-4.92,WEAKENING
2025-04-11,Electronic Manufacturing Services (EMS),17.71,-9.86,DISTRIBUTION
2025-04-11,Fast Moving Consumer Goods,54.97,-0.73,WEAKENING
2025-04-11,Fertilizers & Agrochemicals,48.98,-1.42,WEAKENING
2025-04-11,Financial Services,37.99,-2.85,NEUTRAL
2025-04-11,Healthcare,34.89,-6.33,DISTRIBUTION
2025-04-11,Hospitals & Diagnostic Centres,53.61,0.61,NEUTRAL
2025-04-11,Hotels & Restaurants,32.7,-6.85,DISTRIBUTION
2025-04-11,"Hotels, Resorts & QSR",46.04,-1.66,NEUTRAL
2025-04-11,IT Consulting & Software,17.66,-8.72,DISTRIBUTION
2025-04-11,Information Technology,26.83,-8.26,DISTRIBUTION
2025-04-11,Insurance,38.27,-4.83,WEAKENING
2025-04-11,Internet & Digital Platforms,47.95,-0.48,NEUTRAL
2025-04-11,Iron & Steel,31.7,-7.09,DISTRIBUTION
2025-04-11,Logistics & Transportation,33.84,-5.04,DISTRIBUTION
2025-04-11,"Logistics, Ports & Supply Chain",41.19,-3.84,WEAKENING
2025-04-11,Lubricants & Specialty Oils,23.07,-8.65,DISTRIBUTION
2025-04-11,Media & Entertainment,26.83,-7.31,DISTRIBUTION
2025-04-11,Metals & Mining,50.53,0.98,NEUTRAL
2025-04-11,Mining & Mineral Products,38.52,-5.46,WEAKENING
2025-04-11,Non Banking Financial Company (NBFC),45.38,-1.95,NEUTRAL
2025-04-11,Oil Exploration & Refining,49.68,-1.39,WEAKENING
2025-04-11,Packaged Foods & Consumer Staples,37.05,-3.89,NEUTRAL
2025-04-11,Packaged Foods & FMCG Staples,53.01,1.3,NEUTRAL
2025-04-11,Packaging Materials & Containers,32.87,-6.81,DISTRIBUTION
2025-04-11,Paper & Paper Products,32.55,-6.04,DISTRIBUTION
2025-04-11,Pharmaceuticals,36.89,-5.85,WEAKENING
2025-04-11,Pharmaceuticals & Biotechnology,34.64,-6.39,DISTRIBUTION
2025-04-11,Pipes & Tubes,38.47,-4.91,WEAKENING
2025-04-11,"Plywood, MDF & Laminates",24.66,-6.72,LAGGING
2025-04-11,Power,63.6,0.99,WEAKENING
2025-04-11,Power Generation & Utilities,67.72,3.81,ESTABLISHED_LEADER
2025-04-11,Pumps & Compressors,42.21,-3.17,WEAKENING
2025-04-11,Renewable Energy - Solar & Wind,27.22,-7.83,DISTRIBUTION
2025-04-11,Residential & Commercial Real Estate,32.55,-6.69,DISTRIBUTION
2025-04-11,Services,35.19,-6.24,WEAKENING
2025-04-11,Software Products & Digital Services,29.16,-6.18,DISTRIBUTION
2025-04-11,Specialty Chemicals,38.2,-3.55,NEUTRAL
2025-04-11,Stockbroking & Financial Products,37.61,-5.02,WEAKENING
2025-04-11,Sugar & Bio-Ethanol,34.76,-5.23,DISTRIBUTION
2025-04-11,Tea & Coffee,39.19,-2.99,NEUTRAL
2025-04-11,Telecom Services & Infrastructure,41.5,-3.22,WEAKENING
2025-04-11,Telecommunication,31.44,-5.6,DISTRIBUTION
2025-04-11,Textiles & Apparel,33.39,-5.56,DISTRIBUTION
2025-04-11,"Textiles, Yarns & Apparel",39.72,-5.17,WEAKENING
2025-04-11,Transformers & T&D Equipment,31.59,-6.7,DISTRIBUTION
2025-04-11,Tyres & Rubber Products,37.85,-3.46,NEUTRAL
2025-04-11,Wires & Cables,24.22,-7.83,DISTRIBUTION
2025-04-15,API & CDMO / CRAMS,54.94,3.89,EMERGING_LEADER
2025-04-15,Aerospace & Defence,65.06,6.04,ESTABLISHED_LEADER
2025-04-15,Air Conditioners & AC Components,33.88,-3.66,LAGGING
2025-04-15,Aluminium & Mining,16.25,-8.59,LAGGING
2025-04-15,Auto Parts & Equipment,38.55,-1.13,NEUTRAL
2025-04-15,Automobile OEMs,57.14,3.58,EMERGING_LEADER
2025-04-15,Banks,58.71,3.43,EMERGING_LEADER
2025-04-15,Bearings & Friction Solutions,33.26,-2.05,LAGGING
2025-04-15,Breweries & Distilleries,62.73,5.15,EMERGING_LEADER
2025-04-15,Capital Goods,55.29,3.13,EMERGING_LEADER
2025-04-15,Capital Markets & Asset Management,59.29,4.49,EMERGING_LEADER
2025-04-15,Cement,77.63,9.07,LEADING
2025-04-15,Cement & Clinker,66.06,4.99,ESTABLISHED_LEADER
2025-04-15,Ceramics & Tiles,23.43,-6.02,LAGGING
2025-04-15,Chemicals,46.57,0.76,EMERGING_LEADER
2025-04-15,Civil Construction & Infrastructure,46.07,0.54,EMERGING_LEADER
2025-04-15,Civil Construction & Infrastructure EPC,40.2,-0.27,NEUTRAL
2025-04-15,Commodity Chemicals,52.13,2.46,EMERGING_LEADER
2025-04-15,Consumer Durables,46.04,1.62,EMERGING_LEADER
2025-04-15,Consumer Services,49.51,2.33,EMERGING_LEADER
2025-04-15,Diversified & Fashion Retail,42.23,-1.16,NEUTRAL
2025-04-15,Diversified Commercial,42.82,-0.16,NEUTRAL
2025-04-15,Diversified Retail,53.16,0.46,NEUTRAL
2025-04-15,Electronic Manufacturing Services (EMS),61.32,5.35,EMERGING_LEADER
2025-04-15,Fast Moving Consumer Goods,65.44,5.58,ESTABLISHED_LEADER
2025-04-15,Fertilizers & Agrochemicals,61.72,5.51,EMERGING_LEADER
2025-04-15,Financial Services,46.78,1.62,EMERGING_LEADER
2025-04-15,Healthcare,44.99,-0.54,NEUTRAL
2025-04-15,Hospitals & Diagnostic Centres,60.61,4.53,EMERGING_LEADER
2025-04-15,Hotels & Restaurants,45.85,1.19,EMERGING_LEADER
2025-04-15,"Hotels, Resorts & QSR",61.1,5.36,EMERGING_LEADER
2025-04-15,IT Consulting & Software,24.56,-4.86,LAGGING
2025-04-15,Information Technology,40.26,-1.1,NEUTRAL
2025-04-15,Insurance,54.79,3.2,EMERGING_LEADER
2025-04-15,Internet & Digital Platforms,60.76,5.28,EMERGING_LEADER
2025-04-15,Iron & Steel,46.98,-0.46,NEUTRAL
2025-04-15,Logistics & Transportation,40.5,-0.61,NEUTRAL
2025-04-15,"Logistics, Ports & Supply Chain",48.56,1.98,EMERGING_LEADER
2025-04-15,Lubricants & Specialty Oils,36.7,-1.8,NEUTRAL
2025-04-15,Media & Entertainment,33.83,-3.04,LAGGING
2025-04-15,Metals & Mining,45.57,0.21,EMERGING_LEADER
2025-04-15,Mining & Mineral Products,46.09,1.11,EMERGING_LEADER
2025-04-15,Non Banking Financial Company (NBFC),53.41,2.44,EMERGING_LEADER
2025-04-15,Oil Exploration & Refining,51.96,0.84,NEUTRAL
2025-04-15,Packaged Foods & Consumer Staples,39.1,-1.29,NEUTRAL
2025-04-15,Packaged Foods & FMCG Staples,58.89,4.05,EMERGING_LEADER
2025-04-15,Packaging Materials & Containers,39.83,-2.82,NEUTRAL
2025-04-15,Paper & Paper Products,41.35,-0.47,NEUTRAL
2025-04-15,Pharmaceuticals,46.64,-0.15,NEUTRAL
2025-04-15,Pharmaceuticals & Biotechnology,46.98,0.69,EMERGING_LEADER
2025-04-15,Pipes & Tubes,47.12,0.75,EMERGING_LEADER
2025-04-15,"Plywood, MDF & Laminates",27.67,-3.61,LAGGING
2025-04-15,Power,72.32,6.85,ESTABLISHED_LEADER
2025-04-15,Power Generation & Utilities,72.67,5.9,ESTABLISHED_LEADER
2025-04-15,Pumps & Compressors,47.22,0.78,EMERGING_LEADER
2025-04-15,Renewable Energy - Solar & Wind,39.68,-1.07,NEUTRAL
2025-04-15,Residential & Commercial Real Estate,43.24,-0.26,NEUTRAL
2025-04-15,Services,39.53,-2.07,NEUTRAL
2025-04-15,Software Products & Digital Services,36.42,-1.85,NEUTRAL
2025-04-15,Specialty Chemicals,44.19,0.66,NEUTRAL
2025-04-15,Stockbroking & Financial Products,46.09,-0.04,NEUTRAL
2025-04-15,Sugar & Bio-Ethanol,44.33,0.48,NEUTRAL
2025-04-15,Tea & Coffee,52.74,3.36,EMERGING_LEADER
2025-04-15,Telecom Services & Infrastructure,45.7,-0.15,NEUTRAL
2025-04-15,Telecommunication,38.25,-0.69,NEUTRAL
2025-04-15,Textiles & Apparel,42.86,-0.54,NEUTRAL
2025-04-15,"Textiles, Yarns & Apparel",44.68,-1.21,NEUTRAL
2025-04-15,Transformers & T&D Equipment,35.57,-2.35,NEUTRAL
2025-04-15,Tyres & Rubber Products,48.42,1.96,EMERGING_LEADER
2025-04-15,Wires & Cables,32.42,-2.73,LAGGING
2025-04-16,API & CDMO / CRAMS,61.39,5.43,EMERGING_LEADER
2025-04-16,Aerospace & Defence,68.53,7.15,ESTABLISHED_LEADER
2025-04-16,Air Conditioners & AC Components,62.36,5.67,EMERGING_LEADER
2025-04-16,Aluminium & Mining,25.43,-3.81,LAGGING
2025-04-16,Auto Parts & Equipment,42.62,0.93,NEUTRAL
2025-04-16,Automobile OEMs,65.19,6.35,ESTABLISHED_LEADER
2025-04-16,Banks,65.38,6.39,ESTABLISHED_LEADER
2025-04-16,Bearings & Friction Solutions,38.91,0.04,NEUTRAL
2025-04-16,Breweries & Distilleries,62.84,5.78,EMERGING_LEADER
2025-04-16,Capital Goods,59.24,4.92,EMERGING_LEADER
2025-04-16,Capital Markets & Asset Management,61.06,5.35,EMERGING_LEADER
2025-04-16,Cement,81.01,10.14,LEADING
2025-04-16,Cement & Clinker,66.57,6.68,ESTABLISHED_LEADER
2025-04-16,Ceramics & Tiles,26.41,-3.72,LAGGING
2025-04-16,Chemicals,51.91,3.16,EMERGING_LEADER
2025-04-16,Civil Construction & Infrastructure,50.34,2.78,EMERGING_LEADER
2025-04-16,Civil Construction & Infrastructure EPC,45.36,1.59,EMERGING_LEADER
2025-04-16,Commodity Chemicals,57.57,4.52,EMERGING_LEADER
2025-04-16,Consumer Durables,46.51,1.86,EMERGING_LEADER
2025-04-16,Consumer Services,50.4,2.8,EMERGING_LEADER
2025-04-16,Diversified & Fashion Retail,41.24,-0.62,NEUTRAL
2025-04-16,Diversified Commercial,46.0,1.74,EMERGING_LEADER
2025-04-16,Diversified Retail,51.68,3.1,EMERGING_LEADER
2025-04-16,Electronic Manufacturing Services (EMS),68.87,7.23,ESTABLISHED_LEADER
2025-04-16,Fast Moving Consumer Goods,76.12,8.97,LEADING
2025-04-16,Fertilizers & Agrochemicals,64.5,6.18,EMERGING_LEADER
2025-04-16,Financial Services,51.37,3.03,EMERGING_LEADER
2025-04-16,Healthcare,47.89,2.19,EMERGING_LEADER
2025-04-16,Hospitals & Diagnostic Centres,62.05,5.59,EMERGING_LEADER
2025-04-16,Hotels & Restaurants,48.03,2.23,EMERGING_LEADER
2025-04-16,"Hotels, Resorts & QSR",63.27,5.88,EMERGING_LEADER
2025-04-16,IT Consulting & Software,25.25,-4.19,LAGGING
2025-04-16,Information Technology,39.62,0.21,NEUTRAL
2025-04-16,Insurance,65.74,6.48,ESTABLISHED_LEADER
2025-04-16,Internet & Digital Platforms,57.59,4.52,EMERGING_LEADER
2025-04-16,Iron & Steel,53.43,3.52,EMERGING_LEADER
2025-04-16,Logistics & Transportation,54.27,3.72,EMERGING_LEADER
2025-04-16,"Logistics, Ports & Supply Chain",56.54,4.27,EMERGING_LEADER
2025-04-16,Lubricants & Specialty Oils,40.66,0.46,NEUTRAL
2025-04-16,Media & Entertainment,39.81,0.25,NEUTRAL
2025-04-16,Metals & Mining,58.39,4.71,EMERGING_LEADER
2025-04-16,Mining & Mineral Products,62.7,5.75,EMERGING_LEADER
2025-04-16,Non Banking Financial Company (NBFC),58.63,4.77,EMERGING_LEADER
2025-04-16,Oil Exploration & Refining,58.4,4.72,EMERGING_LEADER
2025-04-16,Packaged Foods & Consumer Staples,48.47,2.33,EMERGING_LEADER
2025-04-16,Packaged Foods & FMCG Staples,59.05,4.87,EMERGING_LEADER
2025-04-16,Packaging Materials & Containers,43.28,1.09,NEUTRAL
2025-04-16,Paper & Paper Products,51.56,3.07,EMERGING_LEADER
2025-04-16,Pharmaceuticals,49.3,2.53,EMERGING_LEADER
2025-04-16,Pharmaceuticals & Biotechnology,47.1,2.0,EMERGING_LEADER
2025-04-16,Pipes & Tubes,53.42,3.52,EMERGING_LEADER
2025-04-16,"Plywood, MDF & Laminates",39.32,0.14,NEUTRAL
2025-04-16,Power,72.57,8.12,ESTABLISHED_LEADER
2025-04-16,Power Generation & Utilities,75.65,8.04,LEADING
2025-04-16,Pumps & Compressors,46.17,1.78,EMERGING_LEADER
2025-04-16,Renewable Energy - Solar & Wind,44.83,1.46,NEUTRAL
2025-04-16,Residential & Commercial Real Estate,52.18,3.22,EMERGING_LEADER
2025-04-16,Services,43.95,0.49,NEUTRAL
2025-04-16,Software Products & Digital Services,40.01,0.3,NEUTRAL
2025-04-16,Specialty Chemicals,49.73,2.64,EMERGING_LEADER
2025-04-16,Stockbroking & Financial Products,47.29,2.05,EMERGING_LEADER
2025-04-16,Sugar & Bio-Ethanol,46.07,1.76,EMERGING_LEADER
2025-04-16,Tea & Coffee,54.0,3.66,EMERGING_LEADER
2025-04-16,Telecom Services & Infrastructure,43.91,0.32,NEUTRAL
2025-04-16,Telecommunication,48.2,2.27,EMERGING_LEADER
2025-04-16,Textiles & Apparel,54.94,3.89,EMERGING_LEADER
2025-04-16,"Textiles, Yarns & Apparel",48.99,2.46,EMERGING_LEADER
2025-04-16,Transformers & T&D Equipment,42.33,0.86,NEUTRAL
2025-04-16,Tyres & Rubber Products,54.39,3.75,EMERGING_LEADER
2025-04-16,Wires & Cables,35.75,-0.72,NEUTRAL
2025-04-17,API & CDMO / CRAMS,53.74,3.6,EMERGING_LEADER
2025-04-17,Aerospace & Defence,71.48,7.86,ESTABLISHED_LEADER
2025-04-17,Air Conditioners & AC Components,53.87,3.63,EMERGING_LEADER
2025-04-17,Aluminium & Mining,26.64,-3.08,LAGGING
2025-04-17,Auto Parts & Equipment,46.17,1.78,EMERGING_LEADER
2025-04-17,Automobile OEMs,61.49,5.46,EMERGING_LEADER
2025-04-17,Banks,68.26,7.08,ESTABLISHED_LEADER
2025-04-17,Bearings & Friction Solutions,42.85,0.98,NEUTRAL
2025-04-17,Breweries & Distilleries,62.64,5.73,EMERGING_LEADER
2025-04-17,Capital Goods,63.78,6.01,EMERGING_LEADER
2025-04-17,Capital Markets & Asset Management,64.89,6.27,EMERGING_LEADER
2025-04-17,Cement,77.84,9.38,LEADING
2025-04-17,Cement & Clinker,72.03,7.99,ESTABLISHED_LEADER
2025-04-17,Ceramics & Tiles,30.96,-1.87,LAGGING
2025-04-17,Chemicals,53.83,3.62,EMERGING_LEADER
2025-04-17,Civil Construction & Infrastructure,52.05,3.19,EMERGING_LEADER
2025-04-17,Civil Construction & Infrastructure EPC,45.85,1.7,EMERGING_LEADER
2025-04-17,Commodity Chemicals,61.26,5.4,EMERGING_LEADER
2025-04-17,Consumer Durables,59.15,4.9,EMERGING_LEADER
2025-04-17,Consumer Services,52.67,3.34,EMERGING_LEADER
2025-04-17,Diversified & Fashion Retail,46.44,1.85,EMERGING_LEADER
2025-04-17,Diversified Commercial,49.21,2.51,EMERGING_LEADER
2025-04-17,Diversified Retail,51.72,2.34,EMERGING_LEADER
2025-04-17,Electronic Manufacturing Services (EMS),38.2,-5.53,WEAKENING
2025-04-17,Fast Moving Consumer Goods,72.42,8.08,ESTABLISHED_LEADER
2025-04-17,Fertilizers & Agrochemicals,79.45,9.77,LEADING
2025-04-17,Financial Services,51.95,3.17,EMERGING_LEADER
2025-04-17,Healthcare,54.76,3.84,EMERGING_LEADER
2025-04-17,Hospitals & Diagnostic Centres,62.0,5.58,EMERGING_LEADER
2025-04-17,Hotels & Restaurants,46.88,1.95,EMERGING_LEADER
2025-04-17,"Hotels, Resorts & QSR",62.74,5.76,EMERGING_LEADER
2025-04-17,IT Consulting & Software,32.46,-1.51,LAGGING
2025-04-17,Information Technology,44.75,1.44,NEUTRAL
2025-04-17,Insurance,66.35,6.62,ESTABLISHED_LEADER
2025-04-17,Internet & Digital Platforms,61.65,5.5,EMERGING_LEADER
2025-04-17,Iron & Steel,56.25,4.2,EMERGING_LEADER
2025-04-17,Logistics & Transportation,56.04,4.15,EMERGING_LEADER
2025-04-17,"Logistics, Ports & Supply Chain",54.43,3.76,EMERGING_LEADER
2025-04-17,Lubricants & Specialty Oils,44.1,1.28,NEUTRAL
2025-04-17,Media & Entertainment,41.09,-0.16,NEUTRAL
2025-04-17,Metals & Mining,59.06,4.87,EMERGING_LEADER
2025-04-17,Mining & Mineral Products,49.89,2.67,EMERGING_LEADER
2025-04-17,Non Banking Financial Company (NBFC),58.78,4.81,EMERGING_LEADER
2025-04-17,Oil Exploration & Refining,62.6,5.72,EMERGING_LEADER
2025-04-17,Packaged Foods & Consumer Staples,50.98,2.94,EMERGING_LEADER
2025-04-17,Packaged Foods & FMCG Staples,61.94,5.57,EMERGING_LEADER
2025-04-17,Packaging Materials & Containers,46.22,1.79,EMERGING_LEADER
2025-04-17,Paper & Paper Products,58.36,4.71,EMERGING_LEADER
2025-04-17,Pharmaceuticals,49.59,2.6,EMERGING_LEADER
2025-04-17,Pharmaceuticals & Biotechnology,49.11,2.49,EMERGING_LEADER
2025-04-17,Pipes & Tubes,49.77,2.64,EMERGING_LEADER
2025-04-17,"Plywood, MDF & Laminates",54.1,3.68,EMERGING_LEADER
2025-04-17,Power,73.26,8.28,ESTABLISHED_LEADER
2025-04-17,Power Generation & Utilities,74.92,7.97,ESTABLISHED_LEADER
2025-04-17,Pumps & Compressors,54.74,3.84,EMERGING_LEADER
2025-04-17,Renewable Energy - Solar & Wind,55.67,4.06,EMERGING_LEADER
2025-04-17,Residential & Commercial Real Estate,51.78,3.13,EMERGING_LEADER
2025-04-17,Services,43.69,0.62,NEUTRAL
2025-04-17,Software Products & Digital Services,44.19,1.31,NEUTRAL
2025-04-17,Specialty Chemicals,50.0,2.7,EMERGING_LEADER
2025-04-17,Stockbroking & Financial Products,49.66,2.62,EMERGING_LEADER
2025-04-17,Sugar & Bio-Ethanol,52.93,3.4,EMERGING_LEADER
2025-04-17,Tea & Coffee,55.59,4.04,EMERGING_LEADER
2025-04-17,Telecom Services & Infrastructure,48.35,1.82,EMERGING_LEADER
2025-04-17,Telecommunication,56.15,4.18,EMERGING_LEADER
2025-04-17,Textiles & Apparel,67.88,6.99,ESTABLISHED_LEADER
2025-04-17,"Textiles, Yarns & Apparel",51.15,2.98,EMERGING_LEADER
2025-04-17,Transformers & T&D Equipment,43.35,1.1,NEUTRAL
2025-04-17,Tyres & Rubber Products,54.78,3.85,EMERGING_LEADER
2025-04-17,Wires & Cables,41.58,0.68,NEUTRAL
2025-04-21,API & CDMO / CRAMS,56.84,4.34,EMERGING_LEADER
2025-04-21,Aerospace & Defence,72.64,8.13,ESTABLISHED_LEADER
2025-04-21,Air Conditioners & AC Components,68.76,7.2,ESTABLISHED_LEADER
2025-04-21,Aluminium & Mining,25.02,-3.57,LAGGING
2025-04-21,Auto Parts & Equipment,49.74,2.64,EMERGING_LEADER
2025-04-21,Automobile OEMs,66.49,6.66,ESTABLISHED_LEADER
2025-04-21,Banks,72.63,8.13,ESTABLISHED_LEADER
2025-04-21,Bearings & Friction Solutions,51.86,3.15,EMERGING_LEADER
2025-04-21,Breweries & Distilleries,69.85,7.46,ESTABLISHED_LEADER
2025-04-21,Capital Goods,63.66,5.98,EMERGING_LEADER
2025-04-21,Capital Markets & Asset Management,71.54,7.87,ESTABLISHED_LEADER
2025-04-21,Cement,77.06,9.19,LEADING
2025-04-21,Cement & Clinker,72.65,8.14,ESTABLISHED_LEADER
2025-04-21,Ceramics & Tiles,38.11,-0.15,NEUTRAL
2025-04-21,Chemicals,59.08,4.88,EMERGING_LEADER
2025-04-21,Civil Construction & Infrastructure,52.47,3.29,EMERGING_LEADER
2025-04-21,Civil Construction & Infrastructure EPC,50.27,2.76,EMERGING_LEADER
2025-04-21,Commodity Chemicals,62.12,5.61,EMERGING_LEADER
2025-04-21,Consumer Durables,48.47,2.33,EMERGING_LEADER
2025-04-21,Consumer Services,60.39,5.19,EMERGING_LEADER
2025-04-21,Diversified & Fashion Retail,47.12,1.39,EMERGING_LEADER
2025-04-21,Diversified Commercial,52.61,3.33,EMERGING_LEADER
2025-04-21,Diversified Retail,54.53,3.79,EMERGING_LEADER
2025-04-21,Electronic Manufacturing Services (EMS),75.21,8.75,LEADING
2025-04-21,Fast Moving Consumer Goods,70.73,7.68,ESTABLISHED_LEADER
2025-04-21,Fertilizers & Agrochemicals,69.43,7.36,ESTABLISHED_LEADER
2025-04-21,Financial Services,57.78,4.57,EMERGING_LEADER
2025-04-21,Healthcare,43.34,1.1,NEUTRAL
2025-04-21,Hospitals & Diagnostic Centres,63.34,5.56,EMERGING_LEADER
2025-04-21,Hotels & Restaurants,53.2,3.47,EMERGING_LEADER
2025-04-21,"Hotels, Resorts & QSR",66.69,6.71,ESTABLISHED_LEADER
2025-04-21,IT Consulting & Software,30.18,-2.16,LAGGING
2025-04-21,Information Technology,46.8,1.93,EMERGING_LEADER
2025-04-21,Insurance,66.88,6.75,ESTABLISHED_LEADER
2025-04-21,Internet & Digital Platforms,71.22,7.79,ESTABLISHED_LEADER
2025-04-21,Iron & Steel,59.11,4.89,EMERGING_LEADER
2025-04-21,Logistics & Transportation,59.52,4.98,EMERGING_LEADER
2025-04-21,"Logistics, Ports & Supply Chain",62.58,5.72,EMERGING_LEADER
2025-04-21,Lubricants & Specialty Oils,44.79,1.45,NEUTRAL
2025-04-21,Media & Entertainment,47.21,2.03,EMERGING_LEADER
2025-04-21,Metals & Mining,56.15,4.18,EMERGING_LEADER
2025-04-21,Mining & Mineral Products,65.69,6.47,ESTABLISHED_LEADER
2025-04-21,Non Banking Financial Company (NBFC),63.59,5.96,EMERGING_LEADER
2025-04-21,Oil Exploration & Refining,67.27,6.84,ESTABLISHED_LEADER
2025-04-21,Packaged Foods & Consumer Staples,47.85,2.15,EMERGING_LEADER
2025-04-21,Packaged Foods & FMCG Staples,61.36,3.81,EMERGING_LEADER
2025-04-21,Packaging Materials & Containers,48.77,2.4,EMERGING_LEADER
2025-04-21,Paper & Paper Products,60.22,5.15,EMERGING_LEADER
2025-04-21,Pharmaceuticals,48.45,2.33,EMERGING_LEADER
2025-04-21,Pharmaceuticals & Biotechnology,49.38,2.55,EMERGING_LEADER
2025-04-21,Pipes & Tubes,55.8,4.09,EMERGING_LEADER
2025-04-21,"Plywood, MDF & Laminates",41.12,0.57,NEUTRAL
2025-04-21,Power,72.61,8.13,ESTABLISHED_LEADER
2025-04-21,Power Generation & Utilities,75.51,8.81,LEADING
2025-04-21,Pumps & Compressors,49.96,2.69,EMERGING_LEADER
2025-04-21,Renewable Energy - Solar & Wind,62.93,5.8,EMERGING_LEADER
2025-04-21,Residential & Commercial Real Estate,63.12,5.85,EMERGING_LEADER
2025-04-21,Services,46.99,1.98,EMERGING_LEADER
2025-04-21,Software Products & Digital Services,43.99,1.26,NEUTRAL
2025-04-21,Specialty Chemicals,55.87,4.11,EMERGING_LEADER
2025-04-21,Stockbroking & Financial Products,56.6,4.28,EMERGING_LEADER
2025-04-21,Sugar & Bio-Ethanol,55.41,4.0,EMERGING_LEADER
2025-04-21,Tea & Coffee,60.5,5.22,EMERGING_LEADER
2025-04-21,Telecom Services & Infrastructure,50.51,2.68,EMERGING_LEADER
2025-04-21,Telecommunication,57.57,4.52,EMERGING_LEADER
2025-04-21,Textiles & Apparel,55.39,3.99,EMERGING_LEADER
2025-04-21,"Textiles, Yarns & Apparel",54.13,3.69,EMERGING_LEADER
2025-04-21,Transformers & T&D Equipment,47.2,2.03,EMERGING_LEADER
2025-04-21,Tyres & Rubber Products,58.95,4.85,EMERGING_LEADER
2025-04-21,Wires & Cables,47.07,2.0,EMERGING_LEADER
2025-04-22,API & CDMO / CRAMS,56.0,3.64,EMERGING_LEADER
2025-04-22,Aerospace & Defence,74.74,8.64,ESTABLISHED_LEADER
2025-04-22,Air Conditioners & AC Components,63.29,4.9,EMERGING_LEADER
2025-04-22,Aluminium & Mining,34.87,-0.93,LAGGING
2025-04-22,Auto Parts & Equipment,48.19,2.27,EMERGING_LEADER
2025-04-22,Automobile OEMs,69.58,7.4,ESTABLISHED_LEADER
2025-04-22,Banks,74.21,8.51,ESTABLISHED_LEADER
2025-04-22,Bearings & Friction Solutions,46.09,1.76,EMERGING_LEADER
2025-04-22,Breweries & Distilleries,86.56,11.47,LEADING
2025-04-22,Capital Goods,61.97,5.57,EMERGING_LEADER
2025-04-22,Capital Markets & Asset Management,74.56,8.59,ESTABLISHED_LEADER
2025-04-22,Cement,76.83,8.88,LEADING
2025-04-22,Cement & Clinker,74.77,8.64,ESTABLISHED_LEADER
2025-04-22,Ceramics & Tiles,46.23,1.8,EMERGING_LEADER
2025-04-22,Chemicals,61.41,5.44,EMERGING_LEADER
2025-04-22,Civil Construction & Infrastructure,54.35,3.74,EMERGING_LEADER
2025-04-22,Civil Construction & Infrastructure EPC,49.17,2.5,EMERGING_LEADER
2025-04-22,Commodity Chemicals,60.19,5.15,EMERGING_LEADER
2025-04-22,Consumer Durables,49.35,1.53,EMERGING_LEADER
2025-04-22,Consumer Services,62.71,5.75,EMERGING_LEADER
2025-04-22,Diversified & Fashion Retail,50.47,2.01,EMERGING_LEADER
2025-04-22,Diversified Commercial,53.47,3.53,EMERGING_LEADER
2025-04-22,Diversified Retail,52.37,2.66,EMERGING_LEADER
2025-04-22,Electronic Manufacturing Services (EMS),72.86,5.06,ESTABLISHED_LEADER
2025-04-22,Fast Moving Consumer Goods,71.84,7.94,ESTABLISHED_LEADER
2025-04-22,Fertilizers & Agrochemicals,72.56,8.11,ESTABLISHED_LEADER
2025-04-22,Financial Services,58.75,4.8,EMERGING_LEADER
2025-04-22,Healthcare,47.44,1.64,EMERGING_LEADER
2025-04-22,Hospitals & Diagnostic Centres,66.08,6.1,ESTABLISHED_LEADER
2025-04-22,Hotels & Restaurants,51.85,3.14,EMERGING_LEADER
2025-04-22,"Hotels, Resorts & QSR",66.01,6.54,ESTABLISHED_LEADER
2025-04-22,IT Consulting & Software,29.62,-2.74,LAGGING
2025-04-22,Information Technology,38.93,-0.48,NEUTRAL
2025-04-22,Insurance,63.94,6.05,EMERGING_LEADER
2025-04-22,Internet & Digital Platforms,61.19,5.07,EMERGING_LEADER
2025-04-22,Iron & Steel,55.4,4.0,EMERGING_LEADER
2025-04-22,Logistics & Transportation,60.3,5.17,EMERGING_LEADER
2025-04-22,"Logistics, Ports & Supply Chain",61.56,5.47,EMERGING_LEADER
2025-04-22,Lubricants & Specialty Oils,47.06,1.99,EMERGING_LEADER
2025-04-22,Media & Entertainment,53.78,3.61,EMERGING_LEADER
2025-04-22,Metals & Mining,58.05,3.29,EMERGING_LEADER
2025-04-22,Mining & Mineral Products,64.06,6.07,EMERGING_LEADER
2025-04-22,Non Banking Financial Company (NBFC),63.12,5.85,EMERGING_LEADER
2025-04-22,Oil Exploration & Refining,67.2,6.83,ESTABLISHED_LEADER
2025-04-22,Packaged Foods & Consumer Staples,50.83,2.68,EMERGING_LEADER
2025-04-22,Packaged Foods & FMCG Staples,62.72,4.8,EMERGING_LEADER
2025-04-22,Packaging Materials & Containers,44.87,0.93,NEUTRAL
2025-04-22,Paper & Paper Products,63.96,6.05,EMERGING_LEADER
2025-04-22,Pharmaceuticals,45.89,0.63,EMERGING_LEADER
2025-04-22,Pharmaceuticals & Biotechnology,49.22,2.44,EMERGING_LEADER
2025-04-22,Pipes & Tubes,51.77,2.82,EMERGING_LEADER
2025-04-22,"Plywood, MDF & Laminates",49.84,2.66,EMERGING_LEADER
2025-04-22,Power,73.75,7.53,ESTABLISHED_LEADER
2025-04-22,Power Generation & Utilities,73.17,6.54,ESTABLISHED_LEADER
2025-04-22,Pumps & Compressors,50.33,1.54,EMERGING_LEADER
2025-04-22,Renewable Energy - Solar & Wind,63.55,5.95,EMERGING_LEADER
2025-04-22,Residential & Commercial Real Estate,60.85,5.3,EMERGING_LEADER
2025-04-22,Services,47.07,1.44,EMERGING_LEADER
2025-04-22,Software Products & Digital Services,42.2,0.48,NEUTRAL
2025-04-22,Specialty Chemicals,56.95,4.37,EMERGING_LEADER
2025-04-22,Stockbroking & Financial Products,59.7,5.03,EMERGING_LEADER
2025-04-22,Sugar & Bio-Ethanol,58.35,4.7,EMERGING_LEADER
2025-04-22,Tea & Coffee,57.9,4.6,EMERGING_LEADER
2025-04-22,Telecom Services & Infrastructure,51.71,2.25,EMERGING_LEADER
2025-04-22,Telecommunication,57.13,4.41,EMERGING_LEADER
2025-04-22,Textiles & Apparel,58.4,4.72,EMERGING_LEADER
2025-04-22,"Textiles, Yarns & Apparel",64.12,6.09,EMERGING_LEADER
2025-04-22,Transformers & T&D Equipment,47.08,2.0,EMERGING_LEADER
2025-04-22,Tyres & Rubber Products,59.66,5.02,EMERGING_LEADER
2025-04-22,Wires & Cables,53.02,3.42,EMERGING_LEADER
2025-04-23,API & CDMO / CRAMS,60.15,3.37,NEUTRAL
2025-04-23,Aerospace & Defence,71.46,6.3,ESTABLISHED_LEADER
2025-04-23,Air Conditioners & AC Components,62.0,4.34,EMERGING_LEADER
2025-04-23,Aluminium & Mining,35.18,-0.86,NEUTRAL
2025-04-23,Auto Parts & Equipment,51.11,2.53,EMERGING_LEADER
2025-04-23,Automobile OEMs,71.1,7.58,ESTABLISHED_LEADER
2025-04-23,Banks,73.64,8.36,ESTABLISHED_LEADER
2025-04-23,Bearings & Friction Solutions,45.43,1.09,EMERGING_LEADER
2025-04-23,Breweries & Distilleries,75.84,8.56,LEADING
2025-04-23,Capital Goods,59.93,3.22,NEUTRAL
2025-04-23,Capital Markets & Asset Management,77.21,9.23,LEADING
2025-04-23,Cement,74.81,5.45,ESTABLISHED_LEADER
2025-04-23,Cement & Clinker,74.43,7.37,ESTABLISHED_LEADER
2025-04-23,Ceramics & Tiles,40.97,0.53,NEUTRAL
2025-04-23,Chemicals,65.14,6.33,ESTABLISHED_LEADER
2025-04-23,Civil Construction & Infrastructure,54.28,2.5,EMERGING_LEADER
2025-04-23,Civil Construction & Infrastructure EPC,49.1,1.39,EMERGING_LEADER
2025-04-23,Commodity Chemicals,55.68,2.0,NEUTRAL
2025-04-23,Consumer Durables,46.33,-0.83,NEUTRAL
2025-04-23,Consumer Services,59.67,4.15,EMERGING_LEADER
2025-04-23,Diversified & Fashion Retail,51.48,2.02,EMERGING_LEADER
2025-04-23,Diversified Commercial,55.2,3.48,EMERGING_LEADER
2025-04-23,Diversified Retail,45.9,-2.29,WEAKENING
2025-04-23,Electronic Manufacturing Services (EMS),79.4,9.76,LEADING
2025-04-23,Fast Moving Consumer Goods,77.72,8.86,LEADING
2025-04-23,Fertilizers & Agrochemicals,68.69,5.74,ESTABLISHED_LEADER
2025-04-23,Financial Services,63.18,5.86,EMERGING_LEADER
2025-04-23,Healthcare,53.01,2.17,EMERGING_LEADER
2025-04-23,Hospitals & Diagnostic Centres,63.66,3.83,NEUTRAL
2025-04-23,Hotels & Restaurants,55.02,2.86,EMERGING_LEADER
2025-04-23,"Hotels, Resorts & QSR",61.42,2.8,NEUTRAL
2025-04-23,IT Consulting & Software,39.96,0.29,NEUTRAL
2025-04-23,Information Technology,51.0,2.17,EMERGING_LEADER
2025-04-23,Insurance,80.91,10.12,LEADING
2025-04-23,Internet & Digital Platforms,63.11,3.57,NEUTRAL
2025-04-23,Iron & Steel,54.55,2.45,EMERGING_LEADER
2025-04-23,Logistics & Transportation,62.35,5.66,EMERGING_LEADER
2025-04-23,"Logistics, Ports & Supply Chain",56.69,3.07,EMERGING_LEADER
2025-04-23,Lubricants & Specialty Oils,47.15,1.2,EMERGING_LEADER
2025-04-23,Media & Entertainment,49.63,2.61,EMERGING_LEADER
2025-04-23,Metals & Mining,56.23,3.41,EMERGING_LEADER
2025-04-23,Mining & Mineral Products,61.3,5.41,EMERGING_LEADER
2025-04-23,Non Banking Financial Company (NBFC),62.13,4.48,EMERGING_LEADER
2025-04-23,Oil Exploration & Refining,66.13,6.42,ESTABLISHED_LEADER
2025-04-23,Packaged Foods & Consumer Staples,52.82,3.15,EMERGING_LEADER
2025-04-23,Packaged Foods & FMCG Staples,62.3,3.57,NEUTRAL
2025-04-23,Packaging Materials & Containers,48.66,1.27,EMERGING_LEADER
2025-04-23,Paper & Paper Products,59.07,4.88,EMERGING_LEADER
2025-04-23,Pharmaceuticals,48.07,-0.21,NEUTRAL
2025-04-23,Pharmaceuticals & Biotechnology,52.58,1.63,NEUTRAL
2025-04-23,Pipes & Tubes,49.74,0.41,NEUTRAL
2025-04-23,"Plywood, MDF & Laminates",43.02,1.02,NEUTRAL
2025-04-23,Power,72.48,5.42,ESTABLISHED_LEADER
2025-04-23,Power Generation & Utilities,75.5,6.63,LEADING
2025-04-23,Pumps & Compressors,56.0,3.02,EMERGING_LEADER
2025-04-23,Renewable Energy - Solar & Wind,67.91,7.0,ESTABLISHED_LEADER
2025-04-23,Residential & Commercial Real Estate,64.9,6.28,EMERGING_LEADER
2025-04-23,Services,54.91,3.88,EMERGING_LEADER
2025-04-23,Software Products & Digital Services,45.86,0.71,EMERGING_LEADER
2025-04-23,Specialty Chemicals,53.74,2.62,EMERGING_LEADER
2025-04-23,Stockbroking & Financial Products,58.75,4.38,EMERGING_LEADER
2025-04-23,Sugar & Bio-Ethanol,56.51,3.75,EMERGING_LEADER
2025-04-23,Tea & Coffee,56.22,2.12,NEUTRAL
2025-04-23,Telecom Services & Infrastructure,59.0,4.55,EMERGING_LEADER
2025-04-23,Telecommunication,57.79,4.57,EMERGING_LEADER
2025-04-23,Textiles & Apparel,57.78,4.55,EMERGING_LEADER
2025-04-23,"Textiles, Yarns & Apparel",62.41,5.68,EMERGING_LEADER
2025-04-23,Transformers & T&D Equipment,48.22,1.85,EMERGING_LEADER
2025-04-23,Tyres & Rubber Products,65.49,6.42,ESTABLISHED_LEADER
2025-04-23,Wires & Cables,52.25,3.24,EMERGING_LEADER
2025-04-24,API & CDMO / CRAMS,67.94,5.48,ESTABLISHED_LEADER
2025-04-24,Aerospace & Defence,65.9,3.34,ESTABLISHED_LEADER
2025-04-24,Air Conditioners & AC Components,66.64,6.69,ESTABLISHED_LEADER
2025-04-24,Aluminium & Mining,32.65,-2.86,LAGGING
2025-04-24,Auto Parts & Equipment,44.25,-1.09,NEUTRAL
2025-04-24,Automobile OEMs,68.28,4.94,ESTABLISHED_LEADER
2025-04-24,Banks,74.21,7.4,ESTABLISHED_LEADER
2025-04-24,Bearings & Friction Solutions,44.04,-0.51,NEUTRAL
2025-04-24,Breweries & Distilleries,70.05,6.11,ESTABLISHED_LEADER
2025-04-24,Capital Goods,59.08,2.15,NEUTRAL
2025-04-24,Capital Markets & Asset Management,70.62,6.67,ESTABLISHED_LEADER
2025-04-24,Cement,77.38,5.92,ESTABLISHED_LEADER
2025-04-24,Cement & Clinker,77.91,8.74,LEADING
2025-04-24,Ceramics & Tiles,40.62,0.31,NEUTRAL
2025-04-24,Chemicals,64.86,5.9,EMERGING_LEADER
2025-04-24,Civil Construction & Infrastructure,53.87,1.56,NEUTRAL
2025-04-24,Civil Construction & Infrastructure EPC,48.53,0.22,NEUTRAL
2025-04-24,Commodity Chemicals,58.38,2.16,NEUTRAL
2025-04-24,Consumer Durables,48.19,-0.13,NEUTRAL
2025-04-24,Consumer Services,56.53,2.67,EMERGING_LEADER
2025-04-24,Diversified & Fashion Retail,52.16,2.48,EMERGING_LEADER
2025-04-24,Diversified Commercial,54.61,2.66,EMERGING_LEADER
2025-04-24,Diversified Retail,47.57,-1.32,NEUTRAL
2025-04-24,Electronic Manufacturing Services (EMS),66.11,3.27,ESTABLISHED_LEADER
2025-04-24,Fast Moving Consumer Goods,76.65,6.49,ESTABLISHED_LEADER
2025-04-24,Fertilizers & Agrochemicals,67.25,4.64,ESTABLISHED_LEADER
2025-04-24,Financial Services,57.25,2.8,NEUTRAL
2025-04-24,Healthcare,56.98,3.31,EMERGING_LEADER
2025-04-24,Hospitals & Diagnostic Centres,68.51,5.61,ESTABLISHED_LEADER
2025-04-24,Hotels & Restaurants,52.93,1.59,NEUTRAL
2025-04-24,"Hotels, Resorts & QSR",65.01,3.92,ESTABLISHED_LEADER
2025-04-24,IT Consulting & Software,41.5,0.66,NEUTRAL
2025-04-24,Information Technology,50.29,1.99,EMERGING_LEADER
2025-04-24,Insurance,67.79,4.64,ESTABLISHED_LEADER
2025-04-24,Internet & Digital Platforms,61.61,3.51,NEUTRAL
2025-04-24,Iron & Steel,54.19,1.14,NEUTRAL
2025-04-24,Logistics & Transportation,60.85,3.79,EMERGING_LEADER
2025-04-24,"Logistics, Ports & Supply Chain",58.43,2.36,NEUTRAL
2025-04-24,Lubricants & Specialty Oils,46.43,0.18,NEUTRAL
2025-04-24,Media & Entertainment,47.85,0.93,EMERGING_LEADER
2025-04-24,Metals & Mining,54.74,0.48,NEUTRAL
2025-04-24,Mining & Mineral Products,62.71,3.05,NEUTRAL
2025-04-24,Non Banking Financial Company (NBFC),62.23,3.58,NEUTRAL
2025-04-24,Oil Exploration & Refining,64.28,4.49,NEUTRAL
2025-04-24,Packaged Foods & Consumer Staples,53.18,1.61,NEUTRAL
2025-04-24,Packaged Foods & FMCG Staples,63.28,3.95,NEUTRAL
2025-04-24,Packaging Materials & Containers,43.71,-1.43,NEUTRAL
2025-04-24,Paper & Paper Products,58.86,3.44,EMERGING_LEADER
2025-04-24,Pharmaceuticals,47.57,-0.89,NEUTRAL
2025-04-24,Pharmaceuticals & Biotechnology,61.27,5.26,EMERGING_LEADER
2025-04-24,Pipes & Tubes,48.91,-1.07,NEUTRAL
2025-04-24,"Plywood, MDF & Laminates",45.53,0.05,EMERGING_LEADER
2025-04-24,Power,69.0,3.92,ESTABLISHED_LEADER
2025-04-24,Power Generation & Utilities,72.89,5.0,ESTABLISHED_LEADER
2025-04-24,Pumps & Compressors,52.82,1.87,EMERGING_LEADER
2025-04-24,Renewable Energy - Solar & Wind,57.59,4.12,EMERGING_LEADER
2025-04-24,Residential & Commercial Real Estate,60.06,3.83,EMERGING_LEADER
2025-04-24,Services,55.89,3.56,EMERGING_LEADER
2025-04-24,Software Products & Digital Services,46.7,0.41,EMERGING_LEADER
2025-04-24,Specialty Chemicals,54.49,1.93,NEUTRAL
2025-04-24,Stockbroking & Financial Products,58.77,4.17,EMERGING_LEADER
2025-04-24,Sugar & Bio-Ethanol,60.45,5.1,EMERGING_LEADER
2025-04-24,Tea & Coffee,56.09,1.84,NEUTRAL
2025-04-24,Telecom Services & Infrastructure,52.16,2.0,EMERGING_LEADER
2025-04-24,Telecommunication,56.82,3.19,EMERGING_LEADER
2025-04-24,Textiles & Apparel,63.3,4.7,EMERGING_LEADER
2025-04-24,"Textiles, Yarns & Apparel",60.52,4.6,EMERGING_LEADER
2025-04-24,Transformers & T&D Equipment,44.22,-1.05,NEUTRAL
2025-04-24,Tyres & Rubber Products,61.26,3.94,EMERGING_LEADER
2025-04-24,Wires & Cables,50.07,2.59,EMERGING_LEADER
2025-04-25,API & CDMO / CRAMS,47.18,-1.86,WEAKENING
2025-04-25,Aerospace & Defence,61.94,1.15,WEAKENING
2025-04-25,Air Conditioners & AC Components,50.24,0.11,NEUTRAL
2025-04-25,Aluminium & Mining,31.81,-3.44,LAGGING
2025-04-25,Auto Parts & Equipment,37.0,-4.77,WEAKENING
2025-04-25,Automobile OEMs,63.2,3.48,NEUTRAL
2025-04-25,Banks,69.71,4.99,ESTABLISHED_LEADER
2025-04-25,Bearings & Friction Solutions,37.13,-4.12,NEUTRAL
2025-04-25,Breweries & Distilleries,66.79,4.78,ESTABLISHED_LEADER
2025-04-25,Capital Goods,51.68,-1.77,WEAKENING
2025-04-25,Capital Markets & Asset Management,67.53,4.68,ESTABLISHED_LEADER
2025-04-25,Cement,72.37,4.38,ESTABLISHED_LEADER
2025-04-25,Cement & Clinker,69.85,4.37,ESTABLISHED_LEADER
2025-04-25,Ceramics & Tiles,27.22,-6.14,LAGGING
2025-04-25,Chemicals,65.4,5.78,ESTABLISHED_LEADER
2025-04-25,Civil Construction & Infrastructure,42.51,-3.51,WEAKENING
2025-04-25,Civil Construction & Infrastructure EPC,38.57,-4.05,WEAKENING
2025-04-25,Commodity Chemicals,49.63,-2.18,WEAKENING
2025-04-25,Consumer Durables,39.26,-5.28,WEAKENING
2025-04-25,Consumer Services,50.62,-0.22,NEUTRAL
2025-04-25,Diversified & Fashion Retail,49.63,0.49,NEUTRAL
2025-04-25,Diversified Commercial,48.8,-0.36,NEUTRAL
2025-04-25,Diversified Retail,36.9,-5.81,WEAKENING
2025-04-25,Electronic Manufacturing Services (EMS),60.82,1.64,NEUTRAL
2025-04-25,Fast Moving Consumer Goods,75.23,6.56,LEADING
2025-04-25,Fertilizers & Agrochemicals,57.84,-0.82,WEAKENING
2025-04-25,Financial Services,54.56,1.56,NEUTRAL
2025-04-25,Healthcare,47.14,-2.06,WEAKENING
2025-04-25,Hospitals & Diagnostic Centres,63.41,3.47,NEUTRAL
2025-04-25,Hotels & Restaurants,40.65,-3.37,WEAKENING
2025-04-25,"Hotels, Resorts & QSR",56.92,0.61,NEUTRAL
2025-04-25,IT Consulting & Software,31.7,-4.53,LAGGING
2025-04-25,Information Technology,34.55,-5.54,DISTRIBUTION
2025-04-25,Insurance,68.28,4.73,ESTABLISHED_LEADER
2025-04-25,Internet & Digital Platforms,58.1,1.31,NEUTRAL
2025-04-25,Iron & Steel,48.54,-1.74,WEAKENING
2025-04-25,Logistics & Transportation,51.05,-0.65,NEUTRAL
2025-04-25,"Logistics, Ports & Supply Chain",38.96,-5.35,WEAKENING
2025-04-25,Lubricants & Specialty Oils,46.2,-0.53,NEUTRAL
2025-04-25,Media & Entertainment,37.26,-3.75,NEUTRAL
2025-04-25,Metals & Mining,48.98,-2.06,WEAKENING
2025-04-25,Mining & Mineral Products,31.8,-7.07,DISTRIBUTION
2025-04-25,Non Banking Financial Company (NBFC),57.84,1.71,NEUTRAL
2025-04-25,Oil Exploration & Refining,60.39,2.1,NEUTRAL
2025-04-25,Packaged Foods & Consumer Staples,37.54,-5.41,WEAKENING
2025-04-25,Packaged Foods & FMCG Staples,60.65,2.32,NEUTRAL
2025-04-25,Packaging Materials & Containers,39.5,-3.73,WEAKENING
2025-04-25,Paper & Paper Products,36.99,-5.82,WEAKENING
2025-04-25,Pharmaceuticals,41.39,-3.54,WEAKENING
2025-04-25,Pharmaceuticals & Biotechnology,52.73,1.31,NEUTRAL
2025-04-25,Pipes & Tubes,40.97,-3.75,WEAKENING
2025-04-25,"Plywood, MDF & Laminates",41.14,-4.46,WEAKENING
2025-04-25,Power,67.24,3.05,ESTABLISHED_LEADER
2025-04-25,Power Generation & Utilities,61.6,0.39,WEAKENING
2025-04-25,Pumps & Compressors,36.33,-5.98,WEAKENING
2025-04-25,Renewable Energy - Solar & Wind,43.92,-3.57,WEAKENING
2025-04-25,Residential & Commercial Real Estate,50.69,-0.03,NEUTRAL
2025-04-25,Services,44.22,-1.29,NEUTRAL
2025-04-25,Software Products & Digital Services,35.72,-4.95,WEAKENING
2025-04-25,Specialty Chemicals,46.32,-1.55,NEUTRAL
2025-04-25,Stockbroking & Financial Products,46.67,-1.34,NEUTRAL
2025-04-25,Sugar & Bio-Ethanol,49.87,-0.58,NEUTRAL
2025-04-25,Tea & Coffee,46.05,-2.67,WEAKENING
2025-04-25,Telecom Services & Infrastructure,42.48,-2.86,NEUTRAL
2025-04-25,Telecommunication,40.51,-4.98,WEAKENING
2025-04-25,Textiles & Apparel,47.03,-3.41,WEAKENING
2025-04-25,"Textiles, Yarns & Apparel",48.67,-0.77,NEUTRAL
2025-04-25,Transformers & T&D Equipment,41.94,-2.19,NEUTRAL
2025-04-25,Tyres & Rubber Products,57.74,2.39,NEUTRAL
2025-04-25,Wires & Cables,43.33,-1.29,NEUTRAL
2025-04-28,API & CDMO / CRAMS,48.38,-1.91,WEAKENING
2025-04-28,Aerospace & Defence,69.52,4.12,ESTABLISHED_LEADER
2025-04-28,Air Conditioners & AC Components,34.31,-6.47,DISTRIBUTION
2025-04-28,Aluminium & Mining,33.08,-2.61,LAGGING
2025-04-28,Auto Parts & Equipment,38.15,-4.93,WEAKENING
2025-04-28,Automobile OEMs,64.83,3.26,NEUTRAL
2025-04-28,Banks,71.06,4.77,ESTABLISHED_LEADER
2025-04-28,Bearings & Friction Solutions,36.3,-5.99,WEAKENING
2025-04-28,Breweries & Distilleries,61.76,1.37,WEAKENING
2025-04-28,Capital Goods,50.42,-2.28,WEAKENING
2025-04-28,Capital Markets & Asset Management,71.32,5.08,ESTABLISHED_LEADER
2025-04-28,Cement,68.96,3.09,ESTABLISHED_LEADER
2025-04-28,Cement & Clinker,66.62,2.9,ESTABLISHED_LEADER
2025-04-28,Ceramics & Tiles,31.16,-5.77,DISTRIBUTION
2025-04-28,Chemicals,56.76,1.2,NEUTRAL
2025-04-28,Civil Construction & Infrastructure,44.78,-2.64,WEAKENING
2025-04-28,Civil Construction & Infrastructure EPC,42.31,-3.28,WEAKENING
2025-04-28,Commodity Chemicals,51.57,-1.52,WEAKENING
2025-04-28,Consumer Durables,38.7,-4.47,WEAKENING
2025-04-28,Consumer Services,53.17,-0.54,WEAKENING
2025-04-28,Diversified & Fashion Retail,50.7,0.81,NEUTRAL
2025-04-28,Diversified Commercial,49.18,-0.81,NEUTRAL
2025-04-28,Diversified Retail,38.79,-5.39,WEAKENING
2025-04-28,Electronic Manufacturing Services (EMS),65.96,4.36,ESTABLISHED_LEADER
2025-04-28,Fast Moving Consumer Goods,80.0,8.87,LEADING
2025-04-28,Fertilizers & Agrochemicals,59.62,0.54,WEAKENING
2025-04-28,Financial Services,52.04,-0.54,NEUTRAL
2025-04-28,Healthcare,48.38,0.52,NEUTRAL
2025-04-28,Hospitals & Diagnostic Centres,58.82,1.3,NEUTRAL
2025-04-28,Hotels & Restaurants,39.98,-4.78,WEAKENING
2025-04-28,"Hotels, Resorts & QSR",57.37,0.09,WEAKENING
2025-04-28,IT Consulting & Software,33.24,-3.47,LAGGING
2025-04-28,Information Technology,37.83,-4.54,WEAKENING
2025-04-28,Insurance,69.8,5.28,ESTABLISHED_LEADER
2025-04-28,Internet & Digital Platforms,57.33,-0.74,WEAKENING
2025-04-28,Iron & Steel,49.21,-1.97,WEAKENING
2025-04-28,Logistics & Transportation,47.04,-2.96,WEAKENING
2025-04-28,"Logistics, Ports & Supply Chain",48.47,-2.91,WEAKENING
2025-04-28,Lubricants & Specialty Oils,49.05,0.54,NEUTRAL
2025-04-28,Media & Entertainment,40.21,-3.61,WEAKENING
2025-04-28,Metals & Mining,49.73,-1.22,WEAKENING
2025-04-28,Mining & Mineral Products,45.63,-3.75,WEAKENING
2025-04-28,Non Banking Financial Company (NBFC),58.25,1.02,NEUTRAL
2025-04-28,Oil Exploration & Refining,63.96,2.75,NEUTRAL
2025-04-28,Packaged Foods & Consumer Staples,44.46,-1.94,NEUTRAL
2025-04-28,Packaged Foods & FMCG Staples,61.77,2.9,NEUTRAL
2025-04-28,Packaging Materials & Containers,40.93,-3.59,WEAKENING
2025-04-28,Paper & Paper Products,48.65,-2.41,WEAKENING
2025-04-28,Pharmaceuticals,39.87,-3.98,WEAKENING
2025-04-28,Pharmaceuticals & Biotechnology,50.25,0.22,NEUTRAL
2025-04-28,Pipes & Tubes,44.29,-3.44,WEAKENING
2025-04-28,"Plywood, MDF & Laminates",42.96,-1.36,NEUTRAL
2025-04-28,Power,62.36,1.12,WEAKENING
2025-04-28,Power Generation & Utilities,70.05,3.83,ESTABLISHED_LEADER
2025-04-28,Pumps & Compressors,37.24,-5.35,WEAKENING
2025-04-28,Renewable Energy - Solar & Wind,51.33,-1.77,WEAKENING
2025-04-28,Residential & Commercial Real Estate,53.54,-0.87,WEAKENING
2025-04-28,Services,44.83,-1.63,NEUTRAL
2025-04-28,Software Products & Digital Services,34.37,-5.48,DISTRIBUTION
2025-04-28,Specialty Chemicals,50.91,-0.67,NEUTRAL
2025-04-28,Stockbroking & Financial Products,51.17,-0.7,NEUTRAL
2025-04-28,Sugar & Bio-Ethanol,51.68,-0.27,NEUTRAL
2025-04-28,Tea & Coffee,51.33,-1.33,WEAKENING
2025-04-28,Telecom Services & Infrastructure,42.46,-3.26,WEAKENING
2025-04-28,Telecommunication,42.08,-4.6,WEAKENING
2025-04-28,Textiles & Apparel,61.4,3.82,EMERGING_LEADER
2025-04-28,"Textiles, Yarns & Apparel",53.81,0.86,NEUTRAL
2025-04-28,Transformers & T&D Equipment,44.35,-1.87,NEUTRAL
2025-04-28,Tyres & Rubber Products,62.76,3.75,NEUTRAL
2025-04-28,Wires & Cables,41.82,-2.91,NEUTRAL
2025-04-29,API & CDMO / CRAMS,52.53,-0.02,NEUTRAL
2025-04-29,Aerospace & Defence,78.82,7.65,LEADING
2025-04-29,Air Conditioners & AC Components,79.88,9.87,LEADING
2025-04-29,Aluminium & Mining,39.53,-1.67,NEUTRAL
2025-04-29,Auto Parts & Equipment,41.91,-3.07,WEAKENING
2025-04-29,Automobile OEMs,62.31,1.65,WEAKENING
2025-04-29,Banks,73.09,5.34,ESTABLISHED_LEADER
2025-04-29,Bearings & Friction Solutions,41.52,-2.86,NEUTRAL
2025-04-29,Breweries & Distilleries,61.19,-0.01,WEAKENING
2025-04-29,Capital Goods,54.78,-0.15,WEAKENING
2025-04-29,Capital Markets & Asset Management,75.23,6.18,ESTABLISHED_LEADER
2025-04-29,Cement,71.49,4.2,ESTABLISHED_LEADER
2025-04-29,Cement & Clinker,65.51,2.06,ESTABLISHED_LEADER
2025-04-29,Ceramics & Tiles,33.64,-6.19,DISTRIBUTION
2025-04-29,Chemicals,53.97,-0.39,WEAKENING
2025-04-29,Civil Construction & Infrastructure,44.69,-3.01,WEAKENING
2025-04-29,Civil Construction & Infrastructure EPC,44.24,-2.27,NEUTRAL
2025-04-29,Commodity Chemicals,52.79,-0.66,WEAKENING
2025-04-29,Consumer Durables,41.31,-3.53,WEAKENING
2025-04-29,Consumer Services,57.69,0.94,NEUTRAL
2025-04-29,Diversified & Fashion Retail,50.38,0.08,NEUTRAL
2025-04-29,Diversified Commercial,51.07,-0.18,NEUTRAL
2025-04-29,Diversified Retail,31.67,-7.1,DISTRIBUTION
2025-04-29,Electronic Manufacturing Services (EMS),72.54,7.96,ESTABLISHED_LEADER
2025-04-29,Fast Moving Consumer Goods,78.4,8.0,LEADING
2025-04-29,Fertilizers & Agrochemicals,62.33,1.12,WEAKENING
2025-04-29,Financial Services,53.29,-0.19,NEUTRAL
2025-04-29,Healthcare,44.28,-1.94,NEUTRAL
2025-04-29,Hospitals & Diagnostic Centres,56.92,0.01,WEAKENING
2025-04-29,Hotels & Restaurants,40.98,-4.12,WEAKENING
2025-04-29,"Hotels, Resorts & QSR",59.88,1.27,WEAKENING
2025-04-29,IT Consulting & Software,41.66,0.17,NEUTRAL
2025-04-29,Information Technology,42.26,-1.26,NEUTRAL
2025-04-29,Insurance,71.17,6.38,ESTABLISHED_LEADER
2025-04-29,Internet & Digital Platforms,62.97,3.43,NEUTRAL
2025-04-29,Iron & Steel,50.18,-0.9,NEUTRAL
2025-04-29,Logistics & Transportation,51.95,-1.03,WEAKENING
2025-04-29,"Logistics, Ports & Supply Chain",56.57,0.68,NEUTRAL
2025-04-29,Lubricants & Specialty Oils,46.09,-1.11,NEUTRAL
2025-04-29,Media & Entertainment,42.19,-3.96,WEAKENING
2025-04-29,Metals & Mining,40.86,-4.89,WEAKENING
2025-04-29,Mining & Mineral Products,41.18,-4.82,WEAKENING
2025-04-29,Non Banking Financial Company (NBFC),57.48,0.78,NEUTRAL
2025-04-29,Oil Exploration & Refining,62.21,2.03,NEUTRAL
2025-04-29,Packaged Foods & Consumer Staples,45.71,-1.95,NEUTRAL
2025-04-29,Packaged Foods & FMCG Staples,63.68,3.46,NEUTRAL
2025-04-29,Packaging Materials & Containers,41.58,-2.61,NEUTRAL
2025-04-29,Paper & Paper Products,50.67,-2.23,WEAKENING
2025-04-29,Pharmaceuticals,49.77,0.64,NEUTRAL
2025-04-29,Pharmaceuticals & Biotechnology,53.01,1.4,NEUTRAL
2025-04-29,Pipes & Tubes,46.0,-2.0,NEUTRAL
2025-04-29,"Plywood, MDF & Laminates",50.65,0.3,NEUTRAL
2025-04-29,Power,60.47,0.12,WEAKENING
2025-04-29,Power Generation & Utilities,69.64,4.08,ESTABLISHED_LEADER
2025-04-29,Pumps & Compressors,41.68,-3.55,WEAKENING
2025-04-29,Renewable Energy - Solar & Wind,50.3,-2.31,WEAKENING
2025-04-29,Residential & Commercial Real Estate,54.7,0.02,WEAKENING
2025-04-29,Services,45.92,-1.19,NEUTRAL
2025-04-29,Software Products & Digital Services,39.77,-2.89,NEUTRAL
2025-04-29,Specialty Chemicals,52.38,-0.25,NEUTRAL
2025-04-29,Stockbroking & Financial Products,48.54,-2.36,WEAKENING
2025-04-29,Sugar & Bio-Ethanol,54.12,0.23,NEUTRAL
2025-04-29,Tea & Coffee,51.33,-0.86,WEAKENING
2025-04-29,Telecom Services & Infrastructure,44.06,-2.8,WEAKENING
2025-04-29,Telecommunication,49.23,-1.61,WEAKENING
2025-04-29,Textiles & Apparel,65.77,5.11,ESTABLISHED_LEADER
2025-04-29,"Textiles, Yarns & Apparel",54.61,-0.61,WEAKENING
2025-04-29,Transformers & T&D Equipment,45.61,-1.32,NEUTRAL
2025-04-29,Tyres & Rubber Products,67.51,5.62,ESTABLISHED_LEADER
2025-04-29,Wires & Cables,47.02,-1.8,WEAKENING
2025-04-30,API & CDMO / CRAMS,39.67,-5.18,WEAKENING
2025-04-30,Aerospace & Defence,70.13,4.59,ESTABLISHED_LEADER
2025-04-30,Air Conditioners & AC Components,80.87,10.11,LEADING
2025-04-30,Aluminium & Mining,31.98,-4.9,LAGGING
2025-04-30,Auto Parts & Equipment,38.7,-4.95,WEAKENING
2025-04-30,Automobile OEMs,63.72,1.96,WEAKENING
2025-04-30,Banks,68.35,3.45,ESTABLISHED_LEADER
2025-04-30,Bearings & Friction Solutions,53.03,2.1,EMERGING_LEADER
2025-04-30,Breweries & Distilleries,57.98,-0.78,WEAKENING
2025-04-30,Capital Goods,46.28,-3.35,WEAKENING
2025-04-30,Capital Markets & Asset Management,67.64,2.51,ESTABLISHED_LEADER
2025-04-30,Cement,49.73,-2.76,WEAKENING
2025-04-30,Cement & Clinker,55.9,-1.28,WEAKENING
2025-04-30,Ceramics & Tiles,33.37,-5.36,DISTRIBUTION
2025-04-30,Chemicals,52.02,-1.88,WEAKENING
2025-04-30,Civil Construction & Infrastructure,38.3,-5.51,WEAKENING
2025-04-30,Civil Construction & Infrastructure EPC,30.39,-7.41,DISTRIBUTION
2025-04-30,Commodity Chemicals,46.02,-2.69,WEAKENING
2025-04-30,Consumer Durables,37.35,-4.65,WEAKENING
2025-04-30,Consumer Services,48.44,-2.4,WEAKENING
2025-04-30,Diversified & Fashion Retail,47.76,-1.21,NEUTRAL
2025-04-30,Diversified Commercial,48.31,-1.65,WEAKENING
2025-04-30,Diversified Retail,32.26,-6.71,DISTRIBUTION
2025-04-30,Electronic Manufacturing Services (EMS),62.15,1.05,WEAKENING
2025-04-30,Fast Moving Consumer Goods,75.61,5.77,ESTABLISHED_LEADER
2025-04-30,Fertilizers & Agrochemicals,60.77,1.16,WEAKENING
2025-04-30,Financial Services,43.99,-4.14,WEAKENING
2025-04-30,Healthcare,24.75,-8.76,DISTRIBUTION
2025-04-30,Hospitals & Diagnostic Centres,54.31,-0.65,WEAKENING
2025-04-30,Hotels & Restaurants,37.58,-5.68,WEAKENING
2025-04-30,"Hotels, Resorts & QSR",55.87,0.41,NEUTRAL
2025-04-30,IT Consulting & Software,38.87,-2.87,NEUTRAL
2025-04-30,Information Technology,24.52,-8.82,DISTRIBUTION
2025-04-30,Insurance,68.74,2.31,ESTABLISHED_LEADER
2025-04-30,Internet & Digital Platforms,60.62,2.1,NEUTRAL
2025-04-30,Iron & Steel,42.87,-3.81,WEAKENING
2025-04-30,Logistics & Transportation,54.15,-0.48,WEAKENING
2025-04-30,"Logistics, Ports & Supply Chain",42.51,-4.35,WEAKENING
2025-04-30,Lubricants & Specialty Oils,44.85,-1.65,NEUTRAL
2025-04-30,Media & Entertainment,35.19,-6.15,WEAKENING
2025-04-30,Metals & Mining,35.01,-6.3,WEAKENING
2025-04-30,Mining & Mineral Products,30.65,-7.34,DISTRIBUTION
2025-04-30,Non Banking Financial Company (NBFC),53.38,-0.76,WEAKENING
2025-04-30,Oil Exploration & Refining,57.16,0.1,WEAKENING
2025-04-30,Packaged Foods & Consumer Staples,39.45,-4.94,WEAKENING
2025-04-30,Packaged Foods & FMCG Staples,61.54,2.63,NEUTRAL
2025-04-30,Packaging Materials & Containers,32.66,-6.86,DISTRIBUTION
2025-04-30,Paper & Paper Products,43.1,-4.36,WEAKENING
2025-04-30,Pharmaceuticals,39.78,-3.94,WEAKENING
2025-04-30,Pharmaceuticals & Biotechnology,52.93,0.77,NEUTRAL
2025-04-30,Pipes & Tubes,38.8,-4.66,WEAKENING
2025-04-30,"Plywood, MDF & Laminates",46.45,-0.23,NEUTRAL
2025-04-30,Power,52.05,-2.21,WEAKENING
2025-04-30,Power Generation & Utilities,59.38,-0.45,WEAKENING
2025-04-30,Pumps & Compressors,40.86,-4.89,WEAKENING
2025-04-30,Renewable Energy - Solar & Wind,43.54,-4.25,WEAKENING
2025-04-30,Residential & Commercial Real Estate,54.33,-0.86,WEAKENING
2025-04-30,Services,40.12,-5.03,WEAKENING
2025-04-30,Software Products & Digital Services,31.96,-6.83,DISTRIBUTION
2025-04-30,Specialty Chemicals,45.78,-2.45,WEAKENING
2025-04-30,Stockbroking & Financial Products,44.23,-4.0,WEAKENING
2025-04-30,Sugar & Bio-Ethanol,47.01,-2.43,WEAKENING
2025-04-30,Tea & Coffee,52.59,-0.03,NEUTRAL
2025-04-30,Telecom Services & Infrastructure,39.92,-5.12,WEAKENING
2025-04-30,Telecommunication,40.42,-5.0,WEAKENING
2025-04-30,Textiles & Apparel,54.97,0.69,NEUTRAL
2025-04-30,"Textiles, Yarns & Apparel",47.11,-3.39,WEAKENING
2025-04-30,Transformers & T&D Equipment,38.54,-4.49,WEAKENING
2025-04-30,Tyres & Rubber Products,78.67,9.25,LEADING
2025-04-30,Wires & Cables,39.99,-4.61,WEAKENING
2025-05-02,API & CDMO / CRAMS,46.21,-3.61,WEAKENING
2025-05-02,Aerospace & Defence,66.25,3.96,ESTABLISHED_LEADER
2025-05-02,Air Conditioners & AC Components,79.48,9.78,LEADING
2025-05-02,Aluminium & Mining,33.39,-3.85,LAGGING
2025-05-02,Auto Parts & Equipment,38.66,-3.73,NEUTRAL
2025-05-02,Automobile OEMs,62.16,1.82,WEAKENING
2025-05-02,Banks,66.84,2.72,ESTABLISHED_LEADER
2025-05-02,Bearings & Friction Solutions,64.05,6.07,EMERGING_LEADER
2025-05-02,Breweries & Distilleries,55.63,-1.24,WEAKENING
2025-05-02,Capital Goods,46.72,-3.01,WEAKENING
2025-05-02,Capital Markets & Asset Management,65.2,2.67,ESTABLISHED_LEADER
2025-05-02,Cement,51.25,-2.4,WEAKENING
2025-05-02,Cement & Clinker,61.4,0.04,WEAKENING
2025-05-02,Ceramics & Tiles,32.48,-5.67,DISTRIBUTION
2025-05-02,Chemicals,57.35,0.41,WEAKENING
2025-05-02,Civil Construction & Infrastructure,36.14,-6.03,WEAKENING
2025-05-02,Civil Construction & Infrastructure EPC,36.81,-5.28,WEAKENING
2025-05-02,Commodity Chemicals,47.27,-2.65,WEAKENING
2025-05-02,Consumer Durables,36.3,-5.43,WEAKENING
2025-05-02,Consumer Services,50.34,-1.03,WEAKENING
2025-05-02,Diversified & Fashion Retail,43.26,-3.22,WEAKENING
2025-05-02,Diversified Commercial,48.85,-1.31,NEUTRAL
2025-05-02,Diversified Retail,33.21,-6.61,DISTRIBUTION
2025-05-02,Electronic Manufacturing Services (EMS),87.14,11.61,LEADING
2025-05-02,Fast Moving Consumer Goods,67.55,2.57,ESTABLISHED_LEADER
2025-05-02,Fertilizers & Agrochemicals,60.63,1.36,WEAKENING
2025-05-02,Financial Services,48.51,-1.93,WEAKENING
2025-05-02,Healthcare,24.25,-8.88,DISTRIBUTION
2025-05-02,Hospitals & Diagnostic Centres,52.97,-1.99,WEAKENING
2025-05-02,Hotels & Restaurants,38.7,-5.27,WEAKENING
2025-05-02,"Hotels, Resorts & QSR",58.38,0.82,WEAKENING
2025-05-02,IT Consulting & Software,39.94,-2.7,NEUTRAL
2025-05-02,Information Technology,29.79,-7.55,DISTRIBUTION
2025-05-02,Insurance,66.74,3.83,ESTABLISHED_LEADER
2025-05-02,Internet & Digital Platforms,59.55,1.92,NEUTRAL
2025-05-02,Iron & Steel,36.03,-6.05,WEAKENING
2025-05-02,Logistics & Transportation,49.92,-1.99,WEAKENING
2025-05-02,"Logistics, Ports & Supply Chain",42.77,-4.44,WEAKENING
2025-05-02,Lubricants & Specialty Oils,43.58,-2.05,NEUTRAL
2025-05-02,Media & Entertainment,39.97,-3.83,WEAKENING
2025-05-02,Metals & Mining,36.71,-5.89,WEAKENING
2025-05-02,Mining & Mineral Products,50.61,-2.03,WEAKENING
2025-05-02,Non Banking Financial Company (NBFC),53.17,-0.87,WEAKENING
2025-05-02,Oil Exploration & Refining,63.48,3.09,NEUTRAL
2025-05-02,Packaged Foods & Consumer Staples,34.3,-6.47,DISTRIBUTION
2025-05-02,Packaged Foods & FMCG Staples,57.04,0.57,WEAKENING
2025-05-02,Packaging Materials & Containers,36.58,-4.5,WEAKENING
2025-05-02,Paper & Paper Products,44.4,-3.95,WEAKENING
2025-05-02,Pharmaceuticals,36.71,-5.14,WEAKENING
2025-05-02,Pharmaceuticals & Biotechnology,50.23,-1.93,WEAKENING
2025-05-02,Pipes & Tubes,39.07,-4.39,WEAKENING
2025-05-02,"Plywood, MDF & Laminates",36.9,-4.7,WEAKENING
2025-05-02,Power,47.93,-3.2,WEAKENING
2025-05-02,Power Generation & Utilities,57.21,-0.97,WEAKENING
2025-05-02,Pumps & Compressors,39.42,-4.95,WEAKENING
2025-05-02,Renewable Energy - Solar & Wind,43.38,-4.15,WEAKENING
2025-05-02,Residential & Commercial Real Estate,50.87,-1.45,WEAKENING
2025-05-02,Services,39.49,-5.22,WEAKENING
2025-05-02,Software Products & Digital Services,34.02,-6.12,DISTRIBUTION
2025-05-02,Specialty Chemicals,46.58,-2.24,WEAKENING
2025-05-02,Stockbroking & Financial Products,41.59,-4.72,WEAKENING
2025-05-02,Sugar & Bio-Ethanol,47.59,-2.89,WEAKENING
2025-05-02,Tea & Coffee,51.06,-0.65,NEUTRAL
2025-05-02,Telecom Services & Infrastructure,37.11,-5.79,WEAKENING
2025-05-02,Telecommunication,41.22,-4.81,WEAKENING
2025-05-02,Textiles & Apparel,50.13,-2.34,WEAKENING
2025-05-02,"Textiles, Yarns & Apparel",47.53,-2.93,WEAKENING
2025-05-02,Transformers & T&D Equipment,37.82,-4.08,WEAKENING
2025-05-02,Tyres & Rubber Products,70.85,6.73,ESTABLISHED_LEADER
2025-05-02,Wires & Cables,37.32,-5.34,WEAKENING
2025-05-05,API & CDMO / CRAMS,46.56,-0.94,NEUTRAL
2025-05-05,Aerospace & Defence,70.23,6.35,ESTABLISHED_LEADER
2025-05-05,Air Conditioners & AC Components,77.69,9.35,LEADING
2025-05-05,Aluminium & Mining,36.36,-2.45,NEUTRAL
2025-05-05,Auto Parts & Equipment,41.66,-1.16,NEUTRAL
2025-05-05,Automobile OEMs,62.87,3.03,NEUTRAL
2025-05-05,Banks,68.34,4.16,ESTABLISHED_LEADER
2025-05-05,Bearings & Friction Solutions,54.38,3.75,EMERGING_LEADER
2025-05-05,Breweries & Distilleries,57.03,-0.07,WEAKENING
2025-05-05,Capital Goods,48.74,-0.83,NEUTRAL
2025-05-05,Capital Markets & Asset Management,68.55,4.64,ESTABLISHED_LEADER
2025-05-05,Cement,56.0,-1.26,WEAKENING
2025-05-05,Cement & Clinker,63.44,2.07,WEAKENING
2025-05-05,Ceramics & Tiles,29.31,-4.59,LAGGING
2025-05-05,Chemicals,58.5,0.8,WEAKENING
2025-05-05,Civil Construction & Infrastructure,39.58,-3.03,NEUTRAL
2025-05-05,Civil Construction & Infrastructure EPC,38.18,-2.91,NEUTRAL
2025-05-05,Commodity Chemicals,48.93,-0.38,NEUTRAL
2025-05-05,Consumer Durables,43.76,-0.69,NEUTRAL
2025-05-05,Consumer Services,52.04,0.75,NEUTRAL
2025-05-05,Diversified & Fashion Retail,46.6,-1.36,NEUTRAL
2025-05-05,Diversified Commercial,50.26,0.33,NEUTRAL
2025-05-05,Diversified Retail,41.8,-1.09,NEUTRAL
2025-05-05,Electronic Manufacturing Services (EMS),86.17,11.38,LEADING
2025-05-05,Fast Moving Consumer Goods,68.04,3.04,ESTABLISHED_LEADER
2025-05-05,Fertilizers & Agrochemicals,63.83,4.4,NEUTRAL
2025-05-05,Financial Services,51.83,-0.05,NEUTRAL
2025-05-05,Healthcare,30.73,-7.32,DISTRIBUTION
2025-05-05,Hospitals & Diagnostic Centres,53.68,-0.87,WEAKENING
2025-05-05,Hotels & Restaurants,39.51,-2.72,NEUTRAL
2025-05-05,"Hotels, Resorts & QSR",60.41,3.13,NEUTRAL
2025-05-05,IT Consulting & Software,42.26,0.04,NEUTRAL
2025-05-05,Information Technology,32.44,-4.59,LAGGING
2025-05-05,Insurance,71.82,5.87,ESTABLISHED_LEADER
2025-05-05,Internet & Digital Platforms,74.98,8.7,ESTABLISHED_LEADER
2025-05-05,Iron & Steel,46.12,-1.37,NEUTRAL
2025-05-05,Logistics & Transportation,53.28,1.19,NEUTRAL
2025-05-05,"Logistics, Ports & Supply Chain",49.74,1.88,EMERGING_LEADER
2025-05-05,Lubricants & Specialty Oils,38.22,-4.26,WEAKENING
2025-05-05,Media & Entertainment,39.53,-2.1,NEUTRAL
2025-05-05,Metals & Mining,51.08,0.64,NEUTRAL
2025-05-05,Mining & Mineral Products,44.59,1.0,NEUTRAL
2025-05-05,Non Banking Financial Company (NBFC),54.81,0.61,NEUTRAL
2025-05-05,Oil Exploration & Refining,62.41,3.34,NEUTRAL
2025-05-05,Packaged Foods & Consumer Staples,36.23,-3.54,NEUTRAL
2025-05-05,Packaged Foods & FMCG Staples,59.9,2.24,NEUTRAL
2025-05-05,Packaging Materials & Containers,37.79,-3.24,NEUTRAL
2025-05-05,Paper & Paper Products,44.24,-0.08,NEUTRAL
2025-05-05,Pharmaceuticals,37.51,-3.7,NEUTRAL
2025-05-05,Pharmaceuticals & Biotechnology,54.08,1.22,NEUTRAL
2025-05-05,Pipes & Tubes,37.91,-3.45,NEUTRAL
2025-05-05,"Plywood, MDF & Laminates",34.67,-4.84,DISTRIBUTION
2025-05-05,Power,48.4,-3.08,WEAKENING
2025-05-05,Power Generation & Utilities,63.38,3.53,NEUTRAL
2025-05-05,Pumps & Compressors,42.27,-0.79,NEUTRAL
2025-05-05,Renewable Energy - Solar & Wind,50.57,1.33,EMERGING_LEADER
2025-05-05,Residential & Commercial Real Estate,53.08,1.17,NEUTRAL
2025-05-05,Services,38.25,-3.89,NEUTRAL
2025-05-05,Software Products & Digital Services,38.8,-2.13,NEUTRAL
2025-05-05,Specialty Chemicals,48.3,-0.05,NEUTRAL
2025-05-05,Stockbroking & Financial Products,40.79,-3.27,NEUTRAL
2025-05-05,Sugar & Bio-Ethanol,46.62,-1.4,NEUTRAL
2025-05-05,Tea & Coffee,49.06,0.32,NEUTRAL
2025-05-05,Telecom Services & Infrastructure,40.53,-2.62,NEUTRAL
2025-05-05,Telecommunication,38.9,-2.95,NEUTRAL
2025-05-05,Textiles & Apparel,55.25,2.74,EMERGING_LEADER
2025-05-05,"Textiles, Yarns & Apparel",47.2,-0.94,NEUTRAL
2025-05-05,Transformers & T&D Equipment,47.15,0.25,NEUTRAL
2025-05-05,Tyres & Rubber Products,70.04,7.02,ESTABLISHED_LEADER
2025-05-05,Wires & Cables,59.16,4.9,EMERGING_LEADER
2025-05-06,API & CDMO / CRAMS,40.41,-3.74,WEAKENING
2025-05-06,Aerospace & Defence,66.15,3.27,ESTABLISHED_LEADER
2025-05-06,Air Conditioners & AC Components,18.77,-8.87,DISTRIBUTION
2025-05-06,Aluminium & Mining,30.32,-5.22,LAGGING
2025-05-06,Auto Parts & Equipment,35.24,-4.07,NEUTRAL
2025-05-06,Automobile OEMs,62.63,2.64,NEUTRAL
2025-05-06,Automobile and Auto Components,36.39,-1.61,NEUTRAL
2025-05-06,Banks,55.49,-1.38,WEAKENING
2025-05-06,Bearings & Friction Solutions,41.2,-1.23,NEUTRAL
2025-05-06,Breweries & Distilleries,46.57,-3.52,WEAKENING
2025-05-06,Capital Goods,39.66,-4.42,WEAKENING
2025-05-06,Capital Markets & Asset Management,49.87,-2.73,WEAKENING
2025-05-06,Cement,33.19,-6.73,DISTRIBUTION
2025-05-06,Cement & Clinker,51.31,-2.39,WEAKENING
2025-05-06,Ceramics & Tiles,37.5,-1.86,NEUTRAL
2025-05-06,Chemicals,50.04,-1.2,WEAKENING
2025-05-06,Civil Construction & Infrastructure,26.79,-8.27,DISTRIBUTION
2025-05-06,Civil Construction & Infrastructure EPC,29.22,-7.34,DISTRIBUTION
2025-05-06,Commodity Chemicals,38.91,-4.94,WEAKENING
2025-05-06,Consumer Durables,34.37,-4.53,DISTRIBUTION
2025-05-06,Consumer Services,48.15,-1.35,NEUTRAL
2025-05-06,Diversified & Fashion Retail,38.06,-5.14,WEAKENING
2025-05-06,Diversified Commercial,42.61,-2.96,WEAKENING
2025-05-06,Diversified Retail,34.74,-4.39,DISTRIBUTION
2025-05-06,Electronic Manufacturing Services (EMS),35.98,-6.06,WEAKENING
2025-05-06,Fast Moving Consumer Goods,58.11,-0.75,WEAKENING
2025-05-06,Fertilizers & Agrochemicals,58.54,1.86,NEUTRAL
2025-05-06,Financial Services,43.53,-3.08,WEAKENING
2025-05-06,Healthcare,29.82,-7.54,DISTRIBUTION
2025-05-06,Hospitals & Diagnostic Centres,52.63,-0.48,WEAKENING
2025-05-06,Hotels & Restaurants,31.25,-6.07,DISTRIBUTION
2025-05-06,"Hotels, Resorts & QSR",45.61,-3.17,WEAKENING
2025-05-06,IT Consulting & Software,35.37,-3.13,NEUTRAL
2025-05-06,Information Technology,26.5,-7.68,DISTRIBUTION
2025-05-06,Insurance,52.42,-2.12,WEAKENING
2025-05-06,Internet & Digital Platforms,56.03,1.21,NEUTRAL
2025-05-06,Iron & Steel,39.1,-4.44,WEAKENING
2025-05-06,Logistics & Transportation,43.05,-2.39,NEUTRAL
2025-05-06,"Logistics, Ports & Supply Chain",35.57,-5.79,WEAKENING
2025-05-06,Lubricants & Specialty Oils,36.92,-5.32,WEAKENING
2025-05-06,Media & Entertainment,26.02,-8.31,DISTRIBUTION
2025-05-06,Metals & Mining,36.57,-5.59,WEAKENING
2025-05-06,Mining & Mineral Products,29.04,-7.73,DISTRIBUTION
2025-05-06,Non Banking Financial Company (NBFC),44.75,-3.69,WEAKENING
2025-05-06,Oil Exploration & Refining,47.4,-3.32,WEAKENING
2025-05-06,Packaged Foods & Consumer Staples,29.91,-7.44,DISTRIBUTION
2025-05-06,Packaged Foods & FMCG Staples,57.74,1.13,NEUTRAL
2025-05-06,Packaging Materials & Containers,31.71,-6.05,DISTRIBUTION
2025-05-06,Paper & Paper Products,23.02,-9.18,DISTRIBUTION
2025-05-06,Pharmaceuticals,39.56,-2.56,NEUTRAL
2025-05-06,Pharmaceuticals & Biotechnology,46.68,-1.44,NEUTRAL
2025-05-06,Pipes & Tubes,28.98,-7.74,DISTRIBUTION
2025-05-06,"Plywood, MDF & Laminates",35.21,-4.94,WEAKENING
2025-05-06,Power,35.98,-6.06,WEAKENING
2025-05-06,Power Generation & Utilities,41.63,-4.71,WEAKENING
2025-05-06,Pumps & Compressors,35.64,-3.73,NEUTRAL
2025-05-06,Renewable Energy - Solar & Wind,34.6,-6.4,DISTRIBUTION
2025-05-06,Residential & Commercial Real Estate,43.75,-3.26,WEAKENING
2025-05-06,Services,33.56,-5.97,DISTRIBUTION
2025-05-06,Software Products & Digital Services,28.37,-6.27,DISTRIBUTION
2025-05-06,Specialty Chemicals,38.13,-5.15,WEAKENING
2025-05-06,Stockbroking & Financial Products,25.87,-8.49,DISTRIBUTION
2025-05-06,Sugar & Bio-Ethanol,32.06,-7.01,DISTRIBUTION
2025-05-06,Tea & Coffee,51.7,0.47,NEUTRAL
2025-05-06,Telecom Services & Infrastructure,32.37,-6.05,DISTRIBUTION
2025-05-06,Telecommunication,35.02,-4.87,WEAKENING
2025-05-06,Textiles & Apparel,39.71,-5.17,WEAKENING
2025-05-06,"Textiles, Yarns & Apparel",36.07,-6.04,WEAKENING
2025-05-06,Transformers & T&D Equipment,32.17,-6.47,DISTRIBUTION
2025-05-06,Tyres & Rubber Products,67.32,4.98,ESTABLISHED_LEADER
2025-05-06,Wires & Cables,41.19,-2.23,NEUTRAL
2025-05-07,API & CDMO / CRAMS,53.41,0.98,NEUTRAL
2025-05-07,Aerospace & Defence,62.05,0.19,WEAKENING
2025-05-07,Air Conditioners & AC Components,19.95,-9.91,DISTRIBUTION
2025-05-07,Aluminium & Mining,25.43,-8.43,DISTRIBUTION
2025-05-07,Auto Parts & Equipment,42.93,-1.51,NEUTRAL
2025-05-07,Automobile OEMs,56.81,0.64,NEUTRAL
2025-05-07,Automobile and Auto Components,36.12,-1.77,NEUTRAL
2025-05-07,Banks,53.91,-1.76,WEAKENING
2025-05-07,Bearings & Friction Solutions,43.43,-1.23,NEUTRAL
2025-05-07,Breweries & Distilleries,49.48,-2.23,WEAKENING
2025-05-07,Capital Goods,40.48,-4.86,WEAKENING
2025-05-07,Capital Markets & Asset Management,60.15,-0.26,WEAKENING
2025-05-07,Cement,31.12,-7.23,DISTRIBUTION
2025-05-07,Cement & Clinker,45.3,-3.83,WEAKENING
2025-05-07,Ceramics & Tiles,33.15,-4.13,LAGGING
2025-05-07,Chemicals,48.88,-1.18,NEUTRAL
2025-05-07,Civil Construction & Infrastructure,23.57,-9.04,DISTRIBUTION
2025-05-07,Civil Construction & Infrastructure EPC,30.06,-7.34,DISTRIBUTION
2025-05-07,Commodity Chemicals,39.33,-4.98,WEAKENING
2025-05-07,Consumer Durables,38.03,-3.46,NEUTRAL
2025-05-07,Consumer Services,46.41,-2.89,WEAKENING
2025-05-07,Diversified & Fashion Retail,42.88,-3.06,WEAKENING
2025-05-07,Diversified Commercial,42.25,-3.45,WEAKENING
2025-05-07,Diversified Retail,36.7,-2.29,NEUTRAL
2025-05-07,Electronic Manufacturing Services (EMS),84.48,10.98,LEADING
2025-05-07,Fast Moving Consumer Goods,57.95,-0.79,WEAKENING
2025-05-07,Fertilizers & Agrochemicals,60.7,2.27,NEUTRAL
2025-05-07,Financial Services,44.5,-2.9,WEAKENING
2025-05-07,Healthcare,33.18,-6.03,DISTRIBUTION
2025-05-07,Hospitals & Diagnostic Centres,48.53,-1.86,WEAKENING
2025-05-07,Hotels & Restaurants,32.63,-5.67,DISTRIBUTION
2025-05-07,"Hotels, Resorts & QSR",48.68,-2.33,WEAKENING
2025-05-07,IT Consulting & Software,40.41,-2.53,NEUTRAL
2025-05-07,Information Technology,26.95,-8.23,DISTRIBUTION
2025-05-07,Insurance,51.84,-2.26,WEAKENING
2025-05-07,Internet & Digital Platforms,52.71,-1.2,WEAKENING
2025-05-07,Iron & Steel,36.57,-5.67,WEAKENING
2025-05-07,Logistics & Transportation,37.75,-5.5,WEAKENING
2025-05-07,"Logistics, Ports & Supply Chain",40.47,-4.99,WEAKENING
2025-05-07,Lubricants & Specialty Oils,36.65,-4.9,WEAKENING
2025-05-07,Media & Entertainment,25.74,-8.52,DISTRIBUTION
2025-05-07,Metals & Mining,32.98,-5.5,DISTRIBUTION
2025-05-07,Mining & Mineral Products,33.41,-5.38,DISTRIBUTION
2025-05-07,Non Banking Financial Company (NBFC),48.56,-1.95,WEAKENING
2025-05-07,Oil Exploration & Refining,49.93,-2.23,WEAKENING
2025-05-07,Packaged Foods & Consumer Staples,29.31,-7.67,DISTRIBUTION
2025-05-07,Packaged Foods & FMCG Staples,60.92,2.12,NEUTRAL
2025-05-07,Packaging Materials & Containers,32.51,-5.83,DISTRIBUTION
2025-05-07,Paper & Paper Products,27.23,-8.16,DISTRIBUTION
2025-05-07,Pharmaceuticals,33.14,-6.75,DISTRIBUTION
2025-05-07,Pharmaceuticals & Biotechnology,47.67,-1.52,NEUTRAL
2025-05-07,Pipes & Tubes,29.7,-7.57,DISTRIBUTION
2025-05-07,"Plywood, MDF & Laminates",24.14,-8.91,DISTRIBUTION
2025-05-07,Power,34.89,-6.33,DISTRIBUTION
2025-05-07,Power Generation & Utilities,43.78,-4.19,WEAKENING
2025-05-07,Pumps & Compressors,40.0,-2.7,NEUTRAL
2025-05-07,Renewable Energy - Solar & Wind,37.31,-5.38,WEAKENING
2025-05-07,Residential & Commercial Real Estate,42.49,-4.0,WEAKENING
2025-05-07,Services,33.54,-6.18,DISTRIBUTION
2025-05-07,Software Products & Digital Services,30.97,-6.15,DISTRIBUTION
2025-05-07,Specialty Chemicals,43.0,-3.37,WEAKENING
2025-05-07,Stockbroking & Financial Products,29.54,-7.61,DISTRIBUTION
2025-05-07,Sugar & Bio-Ethanol,31.24,-7.2,DISTRIBUTION
2025-05-07,Tea & Coffee,41.24,-3.92,WEAKENING
2025-05-07,Telecom Services & Infrastructure,28.01,-7.98,DISTRIBUTION
2025-05-07,Telecommunication,35.31,-6.03,WEAKENING
2025-05-07,Textiles & Apparel,42.11,-4.59,WEAKENING
2025-05-07,"Textiles, Yarns & Apparel",52.42,0.19,NEUTRAL
2025-05-07,Transformers & T&D Equipment,37.35,-4.52,WEAKENING
2025-05-07,Tyres & Rubber Products,71.28,5.79,ESTABLISHED_LEADER
2025-05-07,Wires & Cables,42.46,-2.63,NEUTRAL
2025-05-08,API & CDMO / CRAMS,45.16,-0.17,NEUTRAL
2025-05-08,Aerospace & Defence,62.66,1.69,WEAKENING
2025-05-08,Air Conditioners & AC Components,56.75,4.32,EMERGING_LEADER
2025-05-08,Aluminium & Mining,32.03,-4.3,LAGGING
2025-05-08,Auto Parts & Equipment,45.91,0.32,EMERGING_LEADER
2025-05-08,Automobile OEMs,58.02,0.9,NEUTRAL
2025-05-08,Automobile and Auto Components,36.37,-2.41,NEUTRAL
2025-05-08,Banks,54.3,-1.5,WEAKENING
2025-05-08,Bearings & Friction Solutions,54.18,1.21,NEUTRAL
2025-05-08,Breweries & Distilleries,40.95,-4.87,WEAKENING
2025-05-08,Capital Goods,43.45,-2.08,NEUTRAL
2025-05-08,Capital Markets & Asset Management,58.21,0.27,WEAKENING
2025-05-08,Cement,31.79,-7.07,DISTRIBUTION
2025-05-08,Cement & Clinker,46.44,-2.56,WEAKENING
2025-05-08,Ceramics & Tiles,45.98,1.3,EMERGING_LEADER
2025-05-08,Chemicals,48.11,-1.16,NEUTRAL
2025-05-08,Civil Construction & Infrastructure,24.37,-8.66,DISTRIBUTION
2025-05-08,Civil Construction & Infrastructure EPC,32.21,-3.94,LAGGING
2025-05-08,Commodity Chemicals,37.82,-4.4,WEAKENING
2025-05-08,Consumer Durables,44.2,-0.16,NEUTRAL
2025-05-08,Consumer Services,46.62,-1.14,NEUTRAL
2025-05-08,Diversified & Fashion Retail,41.73,-3.07,WEAKENING
2025-05-08,Diversified Commercial,42.5,-2.85,NEUTRAL
2025-05-08,Diversified Retail,31.41,-4.61,LAGGING
2025-05-08,Electronic Manufacturing Services (EMS),84.77,11.04,LEADING
2025-05-08,Fast Moving Consumer Goods,58.22,-0.73,WEAKENING
2025-05-08,Fertilizers & Agrochemicals,57.57,1.24,NEUTRAL
2025-05-08,Financial Services,45.86,-0.66,NEUTRAL
2025-05-08,Healthcare,33.1,-2.55,LAGGING
2025-05-08,Hospitals & Diagnostic Centres,44.94,-2.9,WEAKENING
2025-05-08,Hotels & Restaurants,31.76,-5.43,DISTRIBUTION
2025-05-08,"Hotels, Resorts & QSR",39.9,-5.12,WEAKENING
2025-05-08,IT Consulting & Software,46.13,0.38,EMERGING_LEADER
2025-05-08,Information Technology,37.65,-0.6,NEUTRAL
2025-05-08,Insurance,57.32,-0.3,WEAKENING
2025-05-08,Internet & Digital Platforms,50.83,-1.56,WEAKENING
2025-05-08,Iron & Steel,32.03,-6.26,DISTRIBUTION
2025-05-08,Logistics & Transportation,33.05,-6.77,DISTRIBUTION
2025-05-08,"Logistics, Ports & Supply Chain",43.0,-1.59,NEUTRAL
2025-05-08,Lubricants & Specialty Oils,37.18,-4.46,WEAKENING
2025-05-08,Media & Entertainment,29.69,-5.86,DISTRIBUTION
2025-05-08,Metals & Mining,29.0,-6.12,DISTRIBUTION
2025-05-08,Mining & Mineral Products,34.88,-2.87,LAGGING
2025-05-08,Non Banking Financial Company (NBFC),41.05,-4.37,WEAKENING
2025-05-08,Oil Exploration & Refining,45.74,-3.08,WEAKENING
2025-05-08,Packaged Foods & Consumer Staples,33.1,-5.2,DISTRIBUTION
2025-05-08,Packaged Foods & FMCG Staples,57.5,1.07,NEUTRAL
2025-05-08,Packaging Materials & Containers,36.3,-2.63,NEUTRAL
2025-05-08,Paper & Paper Products,24.82,-8.74,DISTRIBUTION
2025-05-08,Pharmaceuticals,35.19,-4.38,NEUTRAL
2025-05-08,Pharmaceuticals & Biotechnology,43.3,-3.34,WEAKENING
2025-05-08,Pipes & Tubes,31.46,-5.77,DISTRIBUTION
2025-05-08,"Plywood, MDF & Laminates",25.09,-8.68,DISTRIBUTION
2025-05-08,Power,33.29,-6.71,DISTRIBUTION
2025-05-08,Power Generation & Utilities,37.84,-5.62,WEAKENING
2025-05-08,Pumps & Compressors,40.8,-2.22,NEUTRAL
2025-05-08,Renewable Energy - Solar & Wind,29.97,-7.25,DISTRIBUTION
2025-05-08,Residential & Commercial Real Estate,37.58,-5.68,WEAKENING
2025-05-08,Services,30.25,-6.52,DISTRIBUTION
2025-05-08,Software Products & Digital Services,30.97,-4.75,LAGGING
2025-05-08,Specialty Chemicals,43.75,-1.87,NEUTRAL
2025-05-08,Stockbroking & Financial Products,29.12,-7.71,DISTRIBUTION
2025-05-08,Sugar & Bio-Ethanol,34.44,-6.0,DISTRIBUTION
2025-05-08,Tea & Coffee,34.79,-6.35,DISTRIBUTION
2025-05-08,Telecom Services & Infrastructure,30.28,-6.47,DISTRIBUTION
2025-05-08,Telecommunication,38.82,-2.97,NEUTRAL
2025-05-08,Textiles & Apparel,42.65,-3.98,WEAKENING
2025-05-08,"Textiles, Yarns & Apparel",57.23,3.56,EMERGING_LEADER
2025-05-08,Transformers & T&D Equipment,37.57,-3.16,NEUTRAL
2025-05-08,Tyres & Rubber Products,72.09,4.12,ESTABLISHED_LEADER
2025-05-08,Wires & Cables,44.43,-0.54,NEUTRAL
2025-05-09,API & CDMO / CRAMS,49.65,0.54,NEUTRAL
2025-05-09,Aerospace & Defence,75.63,7.84,LEADING
2025-05-09,Air Conditioners & AC Components,59.58,5.0,EMERGING_LEADER
2025-05-09,Aluminium & Mining,39.45,-1.44,NEUTRAL
2025-05-09,Auto Parts & Equipment,53.11,3.35,EMERGING_LEADER
2025-05-09,Automobile OEMs,58.68,1.46,NEUTRAL
2025-05-09,Automobile and Auto Components,34.39,-4.01,LAGGING
2025-05-09,Banks,54.11,-1.31,WEAKENING
2025-05-09,Bearings & Friction Solutions,54.41,-0.68,WEAKENING
2025-05-09,Breweries & Distilleries,51.83,-0.24,NEUTRAL
2025-05-09,Capital Goods,43.74,-2.04,NEUTRAL
2025-05-09,Capital Markets & Asset Management,57.09,0.24,WEAKENING
2025-05-09,Cement,32.74,-6.84,DISTRIBUTION
2025-05-09,Cement & Clinker,48.52,-2.67,WEAKENING
2025-05-09,Ceramics & Tiles,50.36,2.79,EMERGING_LEADER
2025-05-09,Chemicals,51.57,-0.66,NEUTRAL
2025-05-09,Civil Construction & Infrastructure,24.91,-8.04,DISTRIBUTION
2025-05-09,Civil Construction & Infrastructure EPC,37.59,-2.84,NEUTRAL
2025-05-09,Commodity Chemicals,37.63,-4.7,WEAKENING
2025-05-09,Consumer Durables,43.27,-0.36,NEUTRAL
2025-05-09,Consumer Services,48.51,-0.69,NEUTRAL
2025-05-09,Diversified & Fashion Retail,37.63,-3.98,NEUTRAL
2025-05-09,Diversified Commercial,43.49,-2.53,NEUTRAL
2025-05-09,Diversified Retail,35.2,-3.19,NEUTRAL
2025-05-09,Electronic Manufacturing Services (EMS),57.77,-0.84,WEAKENING
2025-05-09,Fast Moving Consumer Goods,62.13,1.94,NEUTRAL
2025-05-09,Fertilizers & Agrochemicals,59.01,1.87,NEUTRAL
2025-05-09,Financial Services,47.68,-0.71,NEUTRAL
2025-05-09,Healthcare,41.26,0.6,NEUTRAL
2025-05-09,Hospitals & Diagnostic Centres,46.88,-1.84,WEAKENING
2025-05-09,Hotels & Restaurants,31.81,-5.61,DISTRIBUTION
2025-05-09,"Hotels, Resorts & QSR",39.43,-5.24,WEAKENING
2025-05-09,IT Consulting & Software,48.33,1.11,EMERGING_LEADER
2025-05-09,Information Technology,36.07,-2.21,NEUTRAL
2025-05-09,Insurance,55.24,-0.81,WEAKENING
2025-05-09,Internet & Digital Platforms,49.41,-1.97,WEAKENING
2025-05-09,Iron & Steel,38.3,-2.4,NEUTRAL
2025-05-09,Logistics & Transportation,35.21,-6.2,WEAKENING
2025-05-09,"Logistics, Ports & Supply Chain",43.54,-1.41,NEUTRAL
2025-05-09,Lubricants & Specialty Oils,39.67,-3.18,NEUTRAL
2025-05-09,Media & Entertainment,30.97,-6.19,DISTRIBUTION
2025-05-09,Metals & Mining,32.54,-4.94,DISTRIBUTION
2025-05-09,Mining & Mineral Products,38.82,-4.81,WEAKENING
2025-05-09,Non Banking Financial Company (NBFC),41.42,-4.17,WEAKENING
2025-05-09,Oil Exploration & Refining,47.34,-3.34,WEAKENING
2025-05-09,Packaged Foods & Consumer Staples,44.79,0.64,NEUTRAL
2025-05-09,Packaged Foods & FMCG Staples,52.67,-0.15,NEUTRAL
2025-05-09,Packaging Materials & Containers,46.41,0.91,EMERGING_LEADER
2025-05-09,Paper & Paper Products,30.75,-7.08,DISTRIBUTION
2025-05-09,Pharmaceuticals,36.12,-3.44,NEUTRAL
2025-05-09,Pharmaceuticals & Biotechnology,44.4,-2.39,NEUTRAL
2025-05-09,Pipes & Tubes,32.19,-5.51,DISTRIBUTION
2025-05-09,"Plywood, MDF & Laminates",30.86,-5.68,DISTRIBUTION
2025-05-09,Power,33.33,-6.63,DISTRIBUTION
2025-05-09,Power Generation & Utilities,33.16,-6.74,DISTRIBUTION
2025-05-09,Pumps & Compressors,44.26,-0.51,NEUTRAL
2025-05-09,Renewable Energy - Solar & Wind,41.44,-2.4,NEUTRAL
2025-05-09,Residential & Commercial Real Estate,39.9,-4.4,WEAKENING
2025-05-09,Services,29.74,-6.62,DISTRIBUTION
2025-05-09,Software Products & Digital Services,33.02,-4.26,LAGGING
2025-05-09,Specialty Chemicals,44.4,-1.74,NEUTRAL
2025-05-09,Stockbroking & Financial Products,33.38,-5.47,DISTRIBUTION
2025-05-09,Sugar & Bio-Ethanol,40.37,-3.61,WEAKENING
2025-05-09,Tea & Coffee,34.27,-6.48,DISTRIBUTION
2025-05-09,Telecom Services & Infrastructure,30.47,-5.88,DISTRIBUTION
2025-05-09,Telecommunication,40.18,-2.54,NEUTRAL
2025-05-09,Textiles & Apparel,44.48,-2.34,NEUTRAL
2025-05-09,"Textiles, Yarns & Apparel",53.88,2.07,EMERGING_LEADER
2025-05-09,Transformers & T&D Equipment,45.39,0.26,EMERGING_LEADER
2025-05-09,Tyres & Rubber Products,73.91,6.29,ESTABLISHED_LEADER
2025-05-09,Wires & Cables,44.59,0.01,NEUTRAL
2025-05-12,API & CDMO / CRAMS,56.99,3.56,EMERGING_LEADER
2025-05-12,Aerospace & Defence,77.68,7.98,LEADING
2025-05-12,Air Conditioners & AC Components,83.66,10.78,LEADING
2025-05-12,Aluminium & Mining,64.64,6.21,EMERGING_LEADER
2025-05-12,Auto Parts & Equipment,65.56,6.43,ESTABLISHED_LEADER
2025-05-12,Automobile OEMs,75.95,8.58,LEADING
2025-05-12,Automobile and Auto Components,44.22,0.11,NEUTRAL
2025-05-12,Banks,69.26,4.79,ESTABLISHED_LEADER
2025-05-12,Bearings & Friction Solutions,65.18,5.59,ESTABLISHED_LEADER
2025-05-12,Breweries & Distilleries,63.23,4.29,EMERGING_LEADER
2025-05-12,Capital Goods,60.39,4.59,EMERGING_LEADER
2025-05-12,Capital Markets & Asset Management,73.96,6.72,ESTABLISHED_LEADER
2025-05-12,Cement,74.26,8.52,ESTABLISHED_LEADER
2025-05-12,Cement & Clinker,66.73,4.61,ESTABLISHED_LEADER
2025-05-12,Ceramics & Tiles,59.44,4.97,EMERGING_LEADER
2025-05-12,Chemicals,68.1,6.07,ESTABLISHED_LEADER
2025-05-12,Civil Construction & Infrastructure,41.5,-1.69,NEUTRAL
2025-05-12,Civil Construction & Infrastructure EPC,56.95,4.37,EMERGING_LEADER
2025-05-12,Commodity Chemicals,55.76,2.61,EMERGING_LEADER
2025-05-12,Consumer Durables,58.98,4.86,EMERGING_LEADER
2025-05-12,Consumer Services,62.49,4.88,EMERGING_LEADER
2025-05-12,Diversified & Fashion Retail,53.4,2.04,EMERGING_LEADER
2025-05-12,Diversified Commercial,54.08,1.67,NEUTRAL
2025-05-12,Diversified Retail,43.71,-1.17,NEUTRAL
2025-05-12,Electronic Manufacturing Services (EMS),89.12,12.09,LEADING
2025-05-12,Fast Moving Consumer Goods,70.37,5.31,ESTABLISHED_LEADER
2025-05-12,Fertilizers & Agrochemicals,74.21,7.68,ESTABLISHED_LEADER
2025-05-12,Financial Services,60.21,3.96,EMERGING_LEADER
2025-05-12,Healthcare,40.85,-0.37,NEUTRAL
2025-05-12,Hospitals & Diagnostic Centres,58.5,2.91,NEUTRAL
2025-05-12,Hotels & Restaurants,49.32,1.6,EMERGING_LEADER
2025-05-12,"Hotels, Resorts & QSR",57.15,1.13,NEUTRAL
2025-05-12,IT Consulting & Software,59.91,5.08,EMERGING_LEADER
2025-05-12,Information Technology,66.58,6.68,ESTABLISHED_LEADER
2025-05-12,Insurance,67.75,3.53,ESTABLISHED_LEADER
2025-05-12,Internet & Digital Platforms,65.34,1.95,ESTABLISHED_LEADER
2025-05-12,Iron & Steel,56.85,3.58,EMERGING_LEADER
2025-05-12,Logistics & Transportation,54.2,1.17,NEUTRAL
2025-05-12,"Logistics, Ports & Supply Chain",64.0,5.93,EMERGING_LEADER
2025-05-12,Lubricants & Specialty Oils,53.52,3.54,EMERGING_LEADER
2025-05-12,Media & Entertainment,42.97,-1.07,NEUTRAL
2025-05-12,Metals & Mining,53.55,1.3,NEUTRAL
2025-05-12,Mining & Mineral Products,66.46,6.65,ESTABLISHED_LEADER
2025-05-12,Non Banking Financial Company (NBFC),55.99,1.65,NEUTRAL
2025-05-12,Oil Exploration & Refining,68.02,5.33,ESTABLISHED_LEADER
2025-05-12,Packaged Foods & Consumer Staples,57.83,4.58,EMERGING_LEADER
2025-05-12,Packaged Foods & FMCG Staples,61.39,3.0,NEUTRAL
2025-05-12,Packaging Materials & Containers,64.02,6.06,EMERGING_LEADER
2025-05-12,Paper & Paper Products,47.38,-0.06,NEUTRAL
2025-05-12,Pharmaceuticals,42.71,-0.81,NEUTRAL
2025-05-12,Pharmaceuticals & Biotechnology,51.39,-0.15,NEUTRAL
2025-05-12,Pipes & Tubes,53.65,3.58,EMERGING_LEADER
2025-05-12,"Plywood, MDF & Laminates",43.41,-0.01,NEUTRAL
2025-05-12,Power,50.57,0.53,NEUTRAL
2025-05-12,Power Generation & Utilities,59.67,1.65,NEUTRAL
2025-05-12,Pumps & Compressors,55.81,3.83,EMERGING_LEADER
2025-05-12,Renewable Energy - Solar & Wind,59.16,3.74,EMERGING_LEADER
2025-05-12,Residential & Commercial Real Estate,58.04,2.82,NEUTRAL
2025-05-12,Services,51.54,2.76,EMERGING_LEADER
2025-05-12,Software Products & Digital Services,43.24,-0.82,NEUTRAL
2025-05-12,Specialty Chemicals,57.99,3.66,EMERGING_LEADER
2025-05-12,Stockbroking & Financial Products,47.19,0.48,EMERGING_LEADER
2025-05-12,Sugar & Bio-Ethanol,58.56,4.2,EMERGING_LEADER
2025-05-12,Tea & Coffee,56.67,2.97,EMERGING_LEADER
2025-05-12,Telecom Services & Infrastructure,35.99,-4.18,NEUTRAL
2025-05-12,Telecommunication,58.42,4.72,EMERGING_LEADER
2025-05-12,Textiles & Apparel,62.25,4.2,EMERGING_LEADER
2025-05-12,"Textiles, Yarns & Apparel",58.89,4.24,EMERGING_LEADER
2025-05-12,Transformers & T&D Equipment,66.47,6.65,ESTABLISHED_LEADER
2025-05-12,Tyres & Rubber Products,77.19,7.81,LEADING
2025-05-12,Wires & Cables,60.4,2.72,NEUTRAL
2025-05-13,API & CDMO / CRAMS,66.76,6.72,ESTABLISHED_LEADER
2025-05-13,Aerospace & Defence,84.91,11.08,LEADING
2025-05-13,Air Conditioners & AC Components,82.26,10.44,LEADING
2025-05-13,Aluminium & Mining,60.33,5.18,EMERGING_LEADER
2025-05-13,Auto Parts & Equipment,68.17,7.06,ESTABLISHED_LEADER
2025-05-13,Automobile OEMs,75.76,8.55,LEADING
2025-05-13,Automobile and Auto Components,42.23,-0.81,NEUTRAL
2025-05-13,Banks,72.9,8.2,ESTABLISHED_LEADER
2025-05-13,Bearings & Friction Solutions,70.99,7.74,ESTABLISHED_LEADER
2025-05-13,Breweries & Distilleries,67.35,6.86,ESTABLISHED_LEADER
2025-05-13,Capital Goods,62.46,5.69,EMERGING_LEADER
2025-05-13,Capital Markets & Asset Management,74.38,8.55,ESTABLISHED_LEADER
2025-05-13,Cement,84.84,11.06,LEADING
2025-05-13,Cement & Clinker,64.13,5.7,EMERGING_LEADER
2025-05-13,Ceramics & Tiles,54.92,3.88,EMERGING_LEADER
2025-05-13,Chemicals,71.54,7.87,ESTABLISHED_LEADER
2025-05-13,Civil Construction & Infrastructure,47.8,2.17,EMERGING_LEADER
2025-05-13,Civil Construction & Infrastructure EPC,58.17,4.66,EMERGING_LEADER
2025-05-13,Commodity Chemicals,61.79,5.53,EMERGING_LEADER
2025-05-13,Consumer Durables,60.41,5.2,EMERGING_LEADER
2025-05-13,Consumer Services,66.92,6.76,ESTABLISHED_LEADER
2025-05-13,Diversified & Fashion Retail,55.6,4.04,EMERGING_LEADER
2025-05-13,Diversified Commercial,57.38,4.43,EMERGING_LEADER
2025-05-13,Diversified Retail,46.85,1.42,EMERGING_LEADER
2025-05-13,Electronic Manufacturing Services (EMS),90.02,12.3,LEADING
2025-05-13,Fast Moving Consumer Goods,71.23,7.46,ESTABLISHED_LEADER
2025-05-13,Fertilizers & Agrochemicals,73.15,8.19,ESTABLISHED_LEADER
2025-05-13,Financial Services,66.93,6.76,ESTABLISHED_LEADER
2025-05-13,Healthcare,48.9,2.44,EMERGING_LEADER
2025-05-13,Hospitals & Diagnostic Centres,59.45,3.5,EMERGING_LEADER
2025-05-13,Hotels & Restaurants,48.12,2.25,EMERGING_LEADER
2025-05-13,"Hotels, Resorts & QSR",62.82,5.78,EMERGING_LEADER
2025-05-13,IT Consulting & Software,62.25,5.64,EMERGING_LEADER
2025-05-13,Information Technology,76.43,9.04,LEADING
2025-05-13,Insurance,77.17,9.22,LEADING
2025-05-13,Internet & Digital Platforms,66.0,5.63,ESTABLISHED_LEADER
2025-05-13,Iron & Steel,56.89,4.35,EMERGING_LEADER
2025-05-13,Logistics & Transportation,58.11,4.65,EMERGING_LEADER
2025-05-13,"Logistics, Ports & Supply Chain",65.37,6.39,ESTABLISHED_LEADER
2025-05-13,Lubricants & Specialty Oils,63.53,5.95,EMERGING_LEADER
2025-05-13,Media & Entertainment,48.86,2.43,EMERGING_LEADER
2025-05-13,Metals & Mining,63.19,5.87,EMERGING_LEADER
2025-05-13,Mining & Mineral Products,67.2,6.83,ESTABLISHED_LEADER
2025-05-13,Non Banking Financial Company (NBFC),59.85,5.06,EMERGING_LEADER
2025-05-13,Oil Exploration & Refining,66.24,6.6,ESTABLISHED_LEADER
2025-05-13,Packaged Foods & Consumer Staples,59.91,5.08,EMERGING_LEADER
2025-05-13,Packaged Foods & FMCG Staples,56.8,1.46,NEUTRAL
2025-05-13,Packaging Materials & Containers,61.47,5.45,EMERGING_LEADER
2025-05-13,Paper & Paper Products,53.3,3.49,EMERGING_LEADER
2025-05-13,Pharmaceuticals,50.41,2.05,EMERGING_LEADER
2025-05-13,Pharmaceuticals & Biotechnology,61.49,5.42,EMERGING_LEADER
2025-05-13,Pipes & Tubes,58.93,4.84,EMERGING_LEADER
2025-05-13,"Plywood, MDF & Laminates",58.45,4.73,EMERGING_LEADER
2025-05-13,Power,61.75,5.52,EMERGING_LEADER
2025-05-13,Power Generation & Utilities,51.97,2.33,EMERGING_LEADER
2025-05-13,Pumps & Compressors,57.7,4.55,EMERGING_LEADER
2025-05-13,Renewable Energy - Solar & Wind,64.87,6.27,EMERGING_LEADER
2025-05-13,Residential & Commercial Real Estate,60.65,5.26,EMERGING_LEADER
2025-05-13,Services,54.44,3.77,EMERGING_LEADER
2025-05-13,Software Products & Digital Services,54.42,3.76,EMERGING_LEADER
2025-05-13,Specialty Chemicals,61.16,5.38,EMERGING_LEADER
2025-05-13,Stockbroking & Financial Products,49.36,2.55,EMERGING_LEADER
2025-05-13,Sugar & Bio-Ethanol,66.84,6.74,ESTABLISHED_LEADER
2025-05-13,Tea & Coffee,51.81,0.45,NEUTRAL
2025-05-13,Telecom Services & Infrastructure,36.66,-2.43,NEUTRAL
2025-05-13,Telecommunication,57.89,4.59,EMERGING_LEADER
2025-05-13,Textiles & Apparel,62.92,5.8,EMERGING_LEADER
2025-05-13,"Textiles, Yarns & Apparel",60.1,5.12,EMERGING_LEADER
2025-05-13,Transformers & T&D Equipment,71.89,7.95,ESTABLISHED_LEADER
2025-05-13,Tyres & Rubber Products,76.33,7.94,LEADING
2025-05-13,Wires & Cables,66.67,6.7,ESTABLISHED_LEADER
2025-05-14,API & CDMO / CRAMS,68.28,7.06,ESTABLISHED_LEADER
2025-05-14,Aerospace & Defence,85.6,11.24,LEADING
2025-05-14,Air Conditioners & AC Components,87.09,11.6,LEADING
2025-05-14,Aluminium & Mining,68.72,7.19,ESTABLISHED_LEADER
2025-05-14,Auto Parts & Equipment,70.47,7.61,ESTABLISHED_LEADER
2025-05-14,Automobile OEMs,74.72,8.63,ESTABLISHED_LEADER
2025-05-14,Automobile and Auto Components,48.95,2.06,EMERGING_LEADER
2025-05-14,Banks,72.79,8.17,ESTABLISHED_LEADER
2025-05-14,Bearings & Friction Solutions,72.93,8.2,ESTABLISHED_LEADER
2025-05-14,Breweries & Distilleries,68.14,7.05,ESTABLISHED_LEADER
2025-05-14,Capital Goods,69.89,7.47,ESTABLISHED_LEADER
2025-05-14,Capital Markets & Asset Management,75.28,8.77,LEADING
2025-05-14,Cement,80.73,10.08,LEADING
2025-05-14,Cement & Clinker,68.61,7.17,ESTABLISHED_LEADER
2025-05-14,Ceramics & Tiles,57.51,4.5,EMERGING_LEADER
2025-05-14,Chemicals,77.57,9.32,LEADING
2025-05-14,Civil Construction & Infrastructure,48.98,2.46,EMERGING_LEADER
2025-05-14,Civil Construction & Infrastructure EPC,57.45,4.49,EMERGING_LEADER
2025-05-14,Commodity Chemicals,62.21,5.63,EMERGING_LEADER
2025-05-14,Consumer Durables,63.25,5.88,EMERGING_LEADER
2025-05-14,Consumer Services,68.31,7.09,ESTABLISHED_LEADER
2025-05-14,Diversified & Fashion Retail,45.95,-0.42,NEUTRAL
2025-05-14,Diversified Commercial,59.26,4.92,EMERGING_LEADER
2025-05-14,Diversified Retail,49.01,1.98,EMERGING_LEADER
2025-05-14,Electronic Manufacturing Services (EMS),78.08,4.59,ESTABLISHED_LEADER
2025-05-14,Fast Moving Consumer Goods,72.36,7.96,ESTABLISHED_LEADER
2025-05-14,Fertilizers & Agrochemicals,78.16,9.46,LEADING
2025-05-14,Financial Services,61.27,5.4,EMERGING_LEADER
2025-05-14,Healthcare,47.84,2.12,EMERGING_LEADER
2025-05-14,Hospitals & Diagnostic Centres,60.54,4.69,EMERGING_LEADER
2025-05-14,Hotels & Restaurants,45.9,1.4,EMERGING_LEADER
2025-05-14,"Hotels, Resorts & QSR",56.72,3.06,EMERGING_LEADER
2025-05-14,IT Consulting & Software,64.72,6.23,EMERGING_LEADER
2025-05-14,Information Technology,65.19,6.35,ESTABLISHED_LEADER
2025-05-14,Insurance,77.28,9.25,LEADING
2025-05-14,Internet & Digital Platforms,58.33,3.01,NEUTRAL
2025-05-14,Iron & Steel,61.55,5.47,EMERGING_LEADER
2025-05-14,Logistics & Transportation,56.24,4.2,EMERGING_LEADER
2025-05-14,"Logistics, Ports & Supply Chain",71.89,7.95,ESTABLISHED_LEADER
2025-05-14,Lubricants & Specialty Oils,68.51,7.14,ESTABLISHED_LEADER
2025-05-14,Media & Entertainment,52.3,3.25,EMERGING_LEADER
2025-05-14,Metals & Mining,61.69,5.51,EMERGING_LEADER
2025-05-14,Mining & Mineral Products,65.15,6.34,ESTABLISHED_LEADER
2025-05-14,Non Banking Financial Company (NBFC),63.57,5.96,EMERGING_LEADER
2025-05-14,Oil Exploration & Refining,71.37,7.83,ESTABLISHED_LEADER
2025-05-14,Packaged Foods & Consumer Staples,62.85,5.78,EMERGING_LEADER
2025-05-14,Packaged Foods & FMCG Staples,59.49,2.02,NEUTRAL
2025-05-14,Packaging Materials & Containers,64.65,6.22,EMERGING_LEADER
2025-05-14,Paper & Paper Products,68.5,7.14,ESTABLISHED_LEADER
2025-05-14,Pharmaceuticals,50.38,2.79,EMERGING_LEADER
2025-05-14,Pharmaceuticals & Biotechnology,61.91,5.42,EMERGING_LEADER
2025-05-14,Pipes & Tubes,57.66,4.54,EMERGING_LEADER
2025-05-14,"Plywood, MDF & Laminates",59.68,5.02,EMERGING_LEADER
2025-05-14,Power,57.98,4.62,EMERGING_LEADER
2025-05-14,Power Generation & Utilities,56.5,3.85,EMERGING_LEADER
2025-05-14,Pumps & Compressors,62.17,5.62,EMERGING_LEADER
2025-05-14,Renewable Energy - Solar & Wind,74.92,8.68,ESTABLISHED_LEADER
2025-05-14,Residential & Commercial Real Estate,64.12,6.09,EMERGING_LEADER
2025-05-14,Services,58.51,4.74,EMERGING_LEADER
2025-05-14,Software Products & Digital Services,52.57,3.32,EMERGING_LEADER
2025-05-14,Specialty Chemicals,59.83,5.06,EMERGING_LEADER
2025-05-14,Stockbroking & Financial Products,52.39,3.27,EMERGING_LEADER
2025-05-14,Sugar & Bio-Ethanol,71.23,7.8,ESTABLISHED_LEADER
2025-05-14,Tea & Coffee,53.45,3.03,EMERGING_LEADER
2025-05-14,Telecom Services & Infrastructure,41.69,0.47,NEUTRAL
2025-05-14,Telecommunication,59.75,5.04,EMERGING_LEADER
2025-05-14,Textiles & Apparel,67.04,6.79,ESTABLISHED_LEADER
2025-05-14,"Textiles, Yarns & Apparel",60.9,4.14,EMERGING_LEADER
2025-05-14,Transformers & T&D Equipment,71.18,7.78,ESTABLISHED_LEADER
2025-05-14,Tyres & Rubber Products,79.18,8.43,LEADING
2025-05-14,Wires & Cables,73.61,8.37,ESTABLISHED_LEADER
2025-05-15,API & CDMO / CRAMS,52.94,2.11,EMERGING_LEADER
2025-05-15,Aerospace & Defence,86.16,11.38,LEADING
2025-05-15,Air Conditioners & AC Components,30.44,-7.39,DISTRIBUTION
2025-05-15,Aluminium & Mining,76.06,8.95,LEADING
2025-05-15,Auto Parts & Equipment,71.23,7.8,ESTABLISHED_LEADER
2025-05-15,Automobile OEMs,76.25,9.0,LEADING
2025-05-15,Automobile and Auto Components,51.46,3.05,EMERGING_LEADER
2025-05-15,Banks,72.75,8.16,ESTABLISHED_LEADER
2025-05-15,Bearings & Friction Solutions,84.7,11.03,LEADING
2025-05-15,Breweries & Distilleries,73.71,8.39,ESTABLISHED_LEADER
2025-05-15,Capital Goods,66.04,6.55,ESTABLISHED_LEADER
2025-05-15,Capital Markets & Asset Management,70.37,7.08,ESTABLISHED_LEADER
2025-05-15,Cement,74.02,8.46,ESTABLISHED_LEADER
2025-05-15,Cement & Clinker,72.27,8.04,ESTABLISHED_LEADER
2025-05-15,Ceramics & Tiles,57.9,4.04,EMERGING_LEADER
2025-05-15,Chemicals,71.81,7.93,ESTABLISHED_LEADER
2025-05-15,Civil Construction & Infrastructure,52.53,3.31,EMERGING_LEADER
2025-05-15,Civil Construction & Infrastructure EPC,63.42,5.92,EMERGING_LEADER
2025-05-15,Commodity Chemicals,61.02,5.34,EMERGING_LEADER
2025-05-15,Consumer Durables,60.9,5.32,EMERGING_LEADER
2025-05-15,Consumer Services,70.25,7.56,ESTABLISHED_LEADER
2025-05-15,Diversified & Fashion Retail,48.3,0.77,EMERGING_LEADER
2025-05-15,Diversified Commercial,59.05,4.87,EMERGING_LEADER
2025-05-15,Diversified Retail,52.1,3.2,EMERGING_LEADER
2025-05-15,Electronic Manufacturing Services (EMS),89.58,11.06,LEADING
2025-05-15,Fast Moving Consumer Goods,69.97,6.91,ESTABLISHED_LEADER
2025-05-15,Fertilizers & Agrochemicals,80.48,10.02,LEADING
2025-05-15,Financial Services,60.17,5.02,EMERGING_LEADER
2025-05-15,Healthcare,49.03,2.47,EMERGING_LEADER
2025-05-15,Hospitals & Diagnostic Centres,60.32,5.18,EMERGING_LEADER
2025-05-15,Hotels & Restaurants,47.69,2.15,EMERGING_LEADER
2025-05-15,"Hotels, Resorts & QSR",53.71,3.38,EMERGING_LEADER
2025-05-15,IT Consulting & Software,64.36,6.15,EMERGING_LEADER
2025-05-15,Information Technology,62.93,5.8,EMERGING_LEADER
2025-05-15,Insurance,75.46,8.81,LEADING
2025-05-15,Internet & Digital Platforms,60.27,4.16,EMERGING_LEADER
2025-05-15,Iron & Steel,67.46,6.89,ESTABLISHED_LEADER
2025-05-15,Logistics & Transportation,58.4,4.72,EMERGING_LEADER
2025-05-15,"Logistics, Ports & Supply Chain",66.47,6.65,ESTABLISHED_LEADER
2025-05-15,Lubricants & Specialty Oils,69.25,7.32,ESTABLISHED_LEADER
2025-05-15,Media & Entertainment,56.06,4.15,EMERGING_LEADER
2025-05-15,Metals & Mining,57.74,4.56,EMERGING_LEADER
2025-05-15,Mining & Mineral Products,65.11,6.33,ESTABLISHED_LEADER
2025-05-15,Non Banking Financial Company (NBFC),65.36,6.39,ESTABLISHED_LEADER
2025-05-15,Oil Exploration & Refining,74.99,8.7,ESTABLISHED_LEADER
2025-05-15,Packaged Foods & Consumer Staples,57.73,4.56,EMERGING_LEADER
2025-05-15,Packaged Foods & FMCG Staples,62.53,3.91,NEUTRAL
2025-05-15,Packaging Materials & Containers,67.29,6.85,ESTABLISHED_LEADER
2025-05-15,Paper & Paper Products,65.2,6.35,ESTABLISHED_LEADER
2025-05-15,Pharmaceuticals,44.65,0.42,NEUTRAL
2025-05-15,Pharmaceuticals & Biotechnology,63.72,5.99,EMERGING_LEADER
2025-05-15,Pipes & Tubes,56.27,4.2,EMERGING_LEADER
2025-05-15,"Plywood, MDF & Laminates",59.86,5.07,EMERGING_LEADER
2025-05-15,Power,56.82,4.34,EMERGING_LEADER
2025-05-15,Power Generation & Utilities,57.67,4.54,EMERGING_LEADER
2025-05-15,Pumps & Compressors,74.92,8.68,ESTABLISHED_LEADER
2025-05-15,Renewable Energy - Solar & Wind,73.78,8.41,ESTABLISHED_LEADER
2025-05-15,Residential & Commercial Real Estate,63.83,6.02,EMERGING_LEADER
2025-05-15,Services,74.91,8.68,ESTABLISHED_LEADER
2025-05-15,Software Products & Digital Services,59.82,5.06,EMERGING_LEADER
2025-05-15,Specialty Chemicals,57.11,4.11,EMERGING_LEADER
2025-05-15,Stockbroking & Financial Products,51.26,3.0,EMERGING_LEADER
2025-05-15,Sugar & Bio-Ethanol,66.91,6.76,ESTABLISHED_LEADER
2025-05-15,Tea & Coffee,49.95,2.69,EMERGING_LEADER
2025-05-15,Telecom Services & Infrastructure,44.43,1.21,NEUTRAL
2025-05-15,Telecommunication,60.95,5.33,EMERGING_LEADER
2025-05-15,Textiles & Apparel,68.15,7.06,ESTABLISHED_LEADER
2025-05-15,"Textiles, Yarns & Apparel",60.18,2.97,NEUTRAL
2025-05-15,Transformers & T&D Equipment,72.8,8.17,ESTABLISHED_LEADER
2025-05-15,Tyres & Rubber Products,77.92,7.75,LEADING
2025-05-15,Wires & Cables,70.94,7.73,ESTABLISHED_LEADER
2025-05-16,API & CDMO / CRAMS,48.5,-0.57,NEUTRAL
2025-05-16,Aerospace & Defence,88.71,11.64,LEADING
2025-05-16,Air Conditioners & AC Components,81.25,10.2,LEADING
2025-05-16,Aluminium & Mining,68.53,7.15,ESTABLISHED_LEADER
2025-05-16,Auto Parts & Equipment,70.2,7.55,ESTABLISHED_LEADER
2025-05-16,Automobile OEMs,74.57,8.6,ESTABLISHED_LEADER
2025-05-16,Automobile and Auto Components,52.13,3.21,EMERGING_LEADER
2025-05-16,Banks,69.92,7.48,ESTABLISHED_LEADER
2025-05-16,Bearings & Friction Solutions,83.26,10.68,LEADING
2025-05-16,Breweries & Distilleries,72.15,8.02,ESTABLISHED_LEADER
2025-05-16,Capital Goods,66.75,6.72,ESTABLISHED_LEADER
2025-05-16,Capital Markets & Asset Management,75.9,8.92,LEADING
2025-05-16,Cement,71.87,7.95,ESTABLISHED_LEADER
2025-05-16,Cement & Clinker,69.4,7.36,ESTABLISHED_LEADER
2025-05-16,Ceramics & Tiles,63.16,5.46,EMERGING_LEADER
2025-05-16,Chemicals,74.2,8.51,ESTABLISHED_LEADER
2025-05-16,Civil Construction & Infrastructure,52.7,3.35,EMERGING_LEADER
2025-05-16,Civil Construction & Infrastructure EPC,70.13,7.53,ESTABLISHED_LEADER
2025-05-16,Commodity Chemicals,63.43,5.92,EMERGING_LEADER
2025-05-16,Consumer Durables,60.45,5.21,EMERGING_LEADER
2025-05-16,Consumer Services,69.01,7.26,ESTABLISHED_LEADER
2025-05-16,Diversified & Fashion Retail,50.89,2.6,EMERGING_LEADER
2025-05-16,Diversified Commercial,60.27,5.16,EMERGING_LEADER
2025-05-16,Diversified Retail,52.69,3.35,EMERGING_LEADER
2025-05-16,Electronic Manufacturing Services (EMS),94.68,13.42,LEADING
2025-05-16,Fast Moving Consumer Goods,67.01,4.96,ESTABLISHED_LEADER
2025-05-16,Fertilizers & Agrochemicals,79.5,9.78,LEADING
2025-05-16,Financial Services,65.98,6.54,ESTABLISHED_LEADER
2025-05-16,Healthcare,55.08,3.71,EMERGING_LEADER
2025-05-16,Hospitals & Diagnostic Centres,56.43,3.26,EMERGING_LEADER
2025-05-16,Hotels & Restaurants,52.29,3.25,EMERGING_LEADER
2025-05-16,"Hotels, Resorts & QSR",57.24,4.44,EMERGING_LEADER
2025-05-16,IT Consulting & Software,66.88,6.75,ESTABLISHED_LEADER
2025-05-16,Information Technology,69.39,7.35,ESTABLISHED_LEADER
2025-05-16,Insurance,79.43,9.76,LEADING
2025-05-16,Internet & Digital Platforms,59.25,3.99,EMERGING_LEADER
2025-05-16,Iron & Steel,64.86,6.27,EMERGING_LEADER
2025-05-16,Logistics & Transportation,58.84,4.82,EMERGING_LEADER
2025-05-16,"Logistics, Ports & Supply Chain",78.05,9.43,LEADING
2025-05-16,Lubricants & Specialty Oils,74.55,8.59,ESTABLISHED_LEADER
2025-05-16,Media & Entertainment,58.54,4.75,EMERGING_LEADER
2025-05-16,Metals & Mining,59.63,5.01,EMERGING_LEADER
2025-05-16,Mining & Mineral Products,63.29,5.89,EMERGING_LEADER
2025-05-16,Non Banking Financial Company (NBFC),63.76,6.0,EMERGING_LEADER
2025-05-16,Oil Exploration & Refining,75.05,8.71,LEADING
2025-05-16,Packaged Foods & Consumer Staples,62.09,5.6,EMERGING_LEADER
2025-05-16,Packaged Foods & FMCG Staples,62.88,4.93,EMERGING_LEADER
2025-05-16,Packaging Materials & Containers,70.13,7.53,ESTABLISHED_LEADER
2025-05-16,Paper & Paper Products,61.62,5.49,EMERGING_LEADER
2025-05-16,Pharmaceuticals,45.89,0.77,EMERGING_LEADER
2025-05-16,Pharmaceuticals & Biotechnology,62.31,5.65,EMERGING_LEADER
2025-05-16,Pipes & Tubes,60.71,5.27,EMERGING_LEADER
2025-05-16,"Plywood, MDF & Laminates",53.73,3.6,EMERGING_LEADER
2025-05-16,Power,58.56,4.75,EMERGING_LEADER
2025-05-16,Power Generation & Utilities,56.52,4.26,EMERGING_LEADER
2025-05-16,Pumps & Compressors,70.15,7.54,ESTABLISHED_LEADER
2025-05-16,Renewable Energy - Solar & Wind,79.42,9.76,LEADING
2025-05-16,Residential & Commercial Real Estate,67.66,6.94,ESTABLISHED_LEADER
2025-05-16,Services,66.21,6.59,ESTABLISHED_LEADER
2025-05-16,Software Products & Digital Services,55.43,4.0,EMERGING_LEADER
2025-05-16,Specialty Chemicals,58.11,4.41,EMERGING_LEADER
2025-05-16,Stockbroking & Financial Products,59.0,4.86,EMERGING_LEADER
2025-05-16,Sugar & Bio-Ethanol,65.37,6.39,ESTABLISHED_LEADER
2025-05-16,Tea & Coffee,62.96,5.81,EMERGING_LEADER
2025-05-16,Telecom Services & Infrastructure,53.14,3.45,EMERGING_LEADER
2025-05-16,Telecommunication,66.43,6.64,ESTABLISHED_LEADER
2025-05-16,Textiles & Apparel,64.67,6.22,EMERGING_LEADER
2025-05-16,"Textiles, Yarns & Apparel",60.67,3.78,EMERGING_LEADER
2025-05-16,Transformers & T&D Equipment,72.24,8.04,ESTABLISHED_LEADER
2025-05-16,Tyres & Rubber Products,77.37,7.19,LEADING
2025-05-16,Wires & Cables,76.17,8.98,LEADING
2025-05-19,API & CDMO / CRAMS,55.4,1.01,NEUTRAL
2025-05-19,Aerospace & Defence,82.99,8.87,LEADING
2025-05-19,Air Conditioners & AC Components,87.54,11.71,LEADING
2025-05-19,Aluminium & Mining,66.38,4.24,ESTABLISHED_LEADER
2025-05-19,Auto Parts & Equipment,73.02,6.87,ESTABLISHED_LEADER
2025-05-19,Automobile OEMs,78.36,7.24,LEADING
2025-05-19,Automobile and Auto Components,68.78,7.21,ESTABLISHED_LEADER
2025-05-19,Banks,71.37,5.51,ESTABLISHED_LEADER
2025-05-19,Bearings & Friction Solutions,82.59,10.52,LEADING
2025-05-19,Breweries & Distilleries,72.44,7.04,ESTABLISHED_LEADER
2025-05-19,Capital Goods,75.22,8.72,LEADING
2025-05-19,Capital Markets & Asset Management,78.64,7.72,LEADING
2025-05-19,Cement,73.64,5.56,ESTABLISHED_LEADER
2025-05-19,Cement & Clinker,69.69,5.26,ESTABLISHED_LEADER
2025-05-19,Ceramics & Tiles,61.8,3.26,NEUTRAL
2025-05-19,Chemicals,76.18,7.74,LEADING
2025-05-19,Civil Construction & Infrastructure,52.43,2.55,EMERGING_LEADER
2025-05-19,Civil Construction & Infrastructure EPC,71.56,7.8,ESTABLISHED_LEADER
2025-05-19,Commodity Chemicals,69.06,6.97,ESTABLISHED_LEADER
2025-05-19,Consumer Durables,60.78,2.91,NEUTRAL
2025-05-19,Consumer Services,61.93,2.76,NEUTRAL
2025-05-19,Diversified & Fashion Retail,58.14,2.81,NEUTRAL
2025-05-19,Diversified Commercial,61.42,4.06,EMERGING_LEADER
2025-05-19,Diversified Retail,64.04,6.07,EMERGING_LEADER
2025-05-19,Electronic Manufacturing Services (EMS),77.94,4.01,ESTABLISHED_LEADER
2025-05-19,Fast Moving Consumer Goods,77.43,7.85,LEADING
2025-05-19,Fertilizers & Agrochemicals,77.17,7.05,LEADING
2025-05-19,Financial Services,62.04,3.22,NEUTRAL
2025-05-19,Healthcare,56.34,4.22,EMERGING_LEADER
2025-05-19,Hospitals & Diagnostic Centres,53.95,0.13,NEUTRAL
2025-05-19,Hotels & Restaurants,52.68,1.25,NEUTRAL
2025-05-19,"Hotels, Resorts & QSR",63.88,4.54,EMERGING_LEADER
2025-05-19,IT Consulting & Software,69.52,6.41,ESTABLISHED_LEADER
2025-05-19,Information Technology,67.42,4.33,ESTABLISHED_LEADER
2025-05-19,Insurance,78.06,8.59,LEADING
2025-05-19,Internet & Digital Platforms,61.95,2.26,NEUTRAL
2025-05-19,Iron & Steel,70.13,7.22,ESTABLISHED_LEADER
2025-05-19,Logistics & Transportation,68.7,7.1,ESTABLISHED_LEADER
2025-05-19,"Logistics, Ports & Supply Chain",77.64,9.09,LEADING
2025-05-19,Lubricants & Specialty Oils,68.89,7.23,ESTABLISHED_LEADER
2025-05-19,Media & Entertainment,64.42,6.16,EMERGING_LEADER
2025-05-19,Metals & Mining,59.88,3.51,EMERGING_LEADER
2025-05-19,Mining & Mineral Products,64.64,3.19,NEUTRAL
2025-05-19,Non Banking Financial Company (NBFC),66.11,5.69,ESTABLISHED_LEADER
2025-05-19,Oil Exploration & Refining,74.77,7.16,ESTABLISHED_LEADER
2025-05-19,Packaged Foods & Consumer Staples,72.26,7.94,ESTABLISHED_LEADER
2025-05-19,Packaged Foods & FMCG Staples,62.36,3.14,NEUTRAL
2025-05-19,Packaging Materials & Containers,75.09,8.01,LEADING
2025-05-19,Paper & Paper Products,69.43,7.36,ESTABLISHED_LEADER
2025-05-19,Pharmaceuticals,48.21,0.56,NEUTRAL
2025-05-19,Pharmaceuticals & Biotechnology,60.95,4.35,EMERGING_LEADER
2025-05-19,Pipes & Tubes,63.97,5.21,EMERGING_LEADER
2025-05-19,"Plywood, MDF & Laminates",55.66,3.56,EMERGING_LEADER
2025-05-19,Power,51.73,0.62,NEUTRAL
2025-05-19,Power Generation & Utilities,60.55,2.69,NEUTRAL
2025-05-19,Pumps & Compressors,68.23,6.61,ESTABLISHED_LEADER
2025-05-19,Renewable Energy - Solar & Wind,78.97,9.65,LEADING
2025-05-19,Residential & Commercial Real Estate,66.98,5.68,ESTABLISHED_LEADER
2025-05-19,Services,73.32,8.3,ESTABLISHED_LEADER
2025-05-19,Software Products & Digital Services,55.65,3.59,EMERGING_LEADER
2025-05-19,Specialty Chemicals,66.69,5.57,ESTABLISHED_LEADER
2025-05-19,Stockbroking & Financial Products,61.25,5.23,EMERGING_LEADER
2025-05-19,Sugar & Bio-Ethanol,72.5,7.91,ESTABLISHED_LEADER
2025-05-19,Tea & Coffee,74.11,8.49,ESTABLISHED_LEADER
2025-05-19,Telecom Services & Infrastructure,44.85,0.36,NEUTRAL
2025-05-19,Telecommunication,65.1,4.83,ESTABLISHED_LEADER
2025-05-19,Textiles & Apparel,66.64,4.78,ESTABLISHED_LEADER
2025-05-19,"Textiles, Yarns & Apparel",64.72,4.58,NEUTRAL
2025-05-19,Transformers & T&D Equipment,72.37,6.43,ESTABLISHED_LEADER
2025-05-19,Tyres & Rubber Products,78.12,6.92,ESTABLISHED_LEADER
2025-05-19,Wires & Cables,80.99,10.14,LEADING
2025-05-20,API & CDMO / CRAMS,45.45,-3.79,WEAKENING
2025-05-20,Aerospace & Defence,84.8,8.33,ESTABLISHED_LEADER
2025-05-20,Air Conditioners & AC Components,80.45,10.01,LEADING
2025-05-20,Aluminium & Mining,71.8,7.3,ESTABLISHED_LEADER
2025-05-20,Auto Parts & Equipment,67.57,4.11,ESTABLISHED_LEADER
2025-05-20,Automobile OEMs,73.34,5.17,ESTABLISHED_LEADER
2025-05-20,Automobile and Auto Components,57.55,4.51,EMERGING_LEADER
2025-05-20,Banks,61.36,0.65,WEAKENING
2025-05-20,Bearings & Friction Solutions,79.23,8.5,LEADING
2025-05-20,Breweries & Distilleries,68.17,4.51,ESTABLISHED_LEADER
2025-05-20,Capital Goods,69.33,5.88,ESTABLISHED_LEADER
2025-05-20,Capital Markets & Asset Management,74.7,5.99,ESTABLISHED_LEADER
2025-05-20,Cement,62.94,0.41,WEAKENING
2025-05-20,Cement & Clinker,65.64,4.03,ESTABLISHED_LEADER
2025-05-20,Ceramics & Tiles,57.65,2.33,NEUTRAL
2025-05-20,Chemicals,65.93,2.81,ESTABLISHED_LEADER
2025-05-20,Civil Construction & Infrastructure,47.95,-0.46,NEUTRAL
2025-05-20,Civil Construction & Infrastructure EPC,66.2,5.33,ESTABLISHED_LEADER
2025-05-20,Commodity Chemicals,59.89,2.03,NEUTRAL
2025-05-20,Consumer Durables,62.4,3.33,NEUTRAL
2025-05-20,Consumer Services,55.48,-0.74,WEAKENING
2025-05-20,Diversified & Fashion Retail,49.51,-1.21,WEAKENING
2025-05-20,Diversified Commercial,58.49,2.24,NEUTRAL
2025-05-20,Diversified Retail,47.31,-0.56,NEUTRAL
2025-05-20,Electronic Manufacturing Services (EMS),87.08,11.6,LEADING
2025-05-20,Fast Moving Consumer Goods,68.6,3.99,ESTABLISHED_LEADER
2025-05-20,Fertilizers & Agrochemicals,75.37,6.49,LEADING
2025-05-20,Financial Services,58.84,0.67,WEAKENING
2025-05-20,Healthcare,50.85,0.56,NEUTRAL
2025-05-20,Hospitals & Diagnostic Centres,52.14,-0.8,WEAKENING
2025-05-20,Hotels & Restaurants,51.1,0.8,NEUTRAL
2025-05-20,"Hotels, Resorts & QSR",56.55,0.44,WEAKENING
2025-05-20,IT Consulting & Software,67.28,5.05,ESTABLISHED_LEADER
2025-05-20,Information Technology,62.16,0.35,WEAKENING
2025-05-20,Insurance,77.79,6.78,ESTABLISHED_LEADER
2025-05-20,Internet & Digital Platforms,49.74,-2.76,WEAKENING
2025-05-20,Iron & Steel,63.92,4.61,EMERGING_LEADER
2025-05-20,Logistics & Transportation,59.87,2.69,NEUTRAL
2025-05-20,"Logistics, Ports & Supply Chain",72.8,6.81,ESTABLISHED_LEADER
2025-05-20,Lubricants & Specialty Oils,67.36,4.86,ESTABLISHED_LEADER
2025-05-20,Media & Entertainment,59.85,4.34,EMERGING_LEADER
2025-05-20,Metals & Mining,51.51,-1.74,WEAKENING
2025-05-20,Mining & Mineral Products,61.26,1.63,NEUTRAL
2025-05-20,Non Banking Financial Company (NBFC),59.27,2.12,NEUTRAL
2025-05-20,Oil Exploration & Refining,71.45,6.09,ESTABLISHED_LEADER
2025-05-20,Packaged Foods & Consumer Staples,65.05,4.54,ESTABLISHED_LEADER
2025-05-20,Packaged Foods & FMCG Staples,54.77,0.78,NEUTRAL
2025-05-20,Packaging Materials & Containers,65.84,4.59,ESTABLISHED_LEADER
2025-05-20,Paper & Paper Products,65.35,5.85,ESTABLISHED_LEADER
2025-05-20,Pharmaceuticals,48.67,-0.63,NEUTRAL
2025-05-20,Pharmaceuticals & Biotechnology,61.26,2.66,NEUTRAL
2025-05-20,Pipes & Tubes,55.1,0.53,NEUTRAL
2025-05-20,"Plywood, MDF & Laminates",58.37,1.99,NEUTRAL
2025-05-20,Power,59.54,1.89,NEUTRAL
2025-05-20,Power Generation & Utilities,50.29,-0.23,NEUTRAL
2025-05-20,Pumps & Compressors,65.09,4.95,ESTABLISHED_LEADER
2025-05-20,Renewable Energy - Solar & Wind,78.28,9.2,LEADING
2025-05-20,Residential & Commercial Real Estate,64.93,4.35,NEUTRAL
2025-05-20,Services,66.71,6.22,ESTABLISHED_LEADER
2025-05-20,Software Products & Digital Services,58.24,2.67,NEUTRAL
2025-05-20,Specialty Chemicals,60.55,2.42,NEUTRAL
2025-05-20,Stockbroking & Financial Products,57.86,3.42,EMERGING_LEADER
2025-05-20,Sugar & Bio-Ethanol,66.27,3.8,ESTABLISHED_LEADER
2025-05-20,Tea & Coffee,66.09,6.43,ESTABLISHED_LEADER
2025-05-20,Telecom Services & Infrastructure,40.48,-1.6,NEUTRAL
2025-05-20,Telecommunication,51.7,-0.71,WEAKENING
2025-05-20,Textiles & Apparel,65.83,4.32,ESTABLISHED_LEADER
2025-05-20,"Textiles, Yarns & Apparel",59.33,2.1,NEUTRAL
2025-05-20,Transformers & T&D Equipment,73.07,5.75,ESTABLISHED_LEADER
2025-05-20,Tyres & Rubber Products,69.04,3.26,ESTABLISHED_LEADER
2025-05-20,Wires & Cables,76.16,7.99,LEADING
2025-05-21,API & CDMO / CRAMS,46.7,-3.49,WEAKENING
2025-05-21,Aerospace & Defence,83.07,7.48,ESTABLISHED_LEADER
2025-05-21,Air Conditioners & AC Components,86.62,11.49,LEADING
2025-05-21,Aluminium & Mining,74.5,6.92,ESTABLISHED_LEADER
2025-05-21,Auto Parts & Equipment,69.28,4.41,ESTABLISHED_LEADER
2025-05-21,Automobile OEMs,72.54,5.02,ESTABLISHED_LEADER
2025-05-21,Automobile and Auto Components,63.08,5.68,EMERGING_LEADER
2025-05-21,Banks,60.74,0.41,WEAKENING
2025-05-21,Bearings & Friction Solutions,78.31,7.76,LEADING
2025-05-21,Breweries & Distilleries,58.33,0.23,WEAKENING
2025-05-21,Capital Goods,68.34,4.12,ESTABLISHED_LEADER
2025-05-21,Capital Markets & Asset Management,71.01,4.27,ESTABLISHED_LEADER
2025-05-21,Cement,63.01,0.42,WEAKENING
2025-05-21,Cement & Clinker,66.32,3.5,ESTABLISHED_LEADER
2025-05-21,Ceramics & Tiles,59.26,2.54,NEUTRAL
2025-05-21,Chemicals,66.14,1.82,ESTABLISHED_LEADER
2025-05-21,Civil Construction & Infrastructure,47.67,-0.79,NEUTRAL
2025-05-21,Civil Construction & Infrastructure EPC,65.33,5.1,ESTABLISHED_LEADER
2025-05-21,Commodity Chemicals,57.26,0.85,NEUTRAL
2025-05-21,Consumer Durables,60.29,1.94,NEUTRAL
2025-05-21,Consumer Services,59.35,0.63,WEAKENING
2025-05-21,Diversified & Fashion Retail,46.61,-0.69,NEUTRAL
2025-05-21,Diversified Commercial,58.66,1.97,NEUTRAL
2025-05-21,Diversified Retail,46.7,-1.21,NEUTRAL
2025-05-21,Electronic Manufacturing Services (EMS),87.18,11.62,LEADING
2025-05-21,Fast Moving Consumer Goods,67.09,3.15,ESTABLISHED_LEADER
2025-05-21,Fertilizers & Agrochemicals,74.21,5.1,ESTABLISHED_LEADER
2025-05-21,Financial Services,69.38,6.11,ESTABLISHED_LEADER
2025-05-21,Healthcare,57.85,3.69,EMERGING_LEADER
2025-05-21,Hospitals & Diagnostic Centres,52.72,-0.75,WEAKENING
2025-05-21,Hotels & Restaurants,46.45,-0.75,NEUTRAL
2025-05-21,"Hotels, Resorts & QSR",54.8,0.81,NEUTRAL
2025-05-21,IT Consulting & Software,63.34,2.95,NEUTRAL
2025-05-21,Information Technology,70.6,5.92,ESTABLISHED_LEADER
2025-05-21,Insurance,85.76,10.11,LEADING
2025-05-21,Internet & Digital Platforms,51.22,-0.99,WEAKENING
2025-05-21,Iron & Steel,61.5,2.75,NEUTRAL
2025-05-21,Logistics & Transportation,59.73,2.96,NEUTRAL
2025-05-21,"Logistics, Ports & Supply Chain",75.43,6.74,LEADING
2025-05-21,Lubricants & Specialty Oils,56.06,-0.79,WEAKENING
2025-05-21,Media & Entertainment,52.58,0.67,NEUTRAL
2025-05-21,Metals & Mining,51.42,-1.51,WEAKENING
2025-05-21,Mining & Mineral Products,58.75,0.95,WEAKENING
2025-05-21,Non Banking Financial Company (NBFC),58.98,1.33,NEUTRAL
2025-05-21,Oil Exploration & Refining,69.68,4.42,ESTABLISHED_LEADER
2025-05-21,Packaged Foods & Consumer Staples,65.17,4.06,ESTABLISHED_LEADER
2025-05-21,Packaged Foods & FMCG Staples,55.38,0.55,NEUTRAL
2025-05-21,Packaging Materials & Containers,66.15,4.15,ESTABLISHED_LEADER
2025-05-21,Paper & Paper Products,64.74,2.86,NEUTRAL
2025-05-21,Pharmaceuticals,46.94,-1.35,NEUTRAL
2025-05-21,Pharmaceuticals & Biotechnology,60.22,2.15,NEUTRAL
2025-05-21,Pipes & Tubes,55.9,1.1,NEUTRAL
2025-05-21,"Plywood, MDF & Laminates",58.3,1.74,NEUTRAL
2025-05-21,Power,49.74,-1.55,WEAKENING
2025-05-21,Power Generation & Utilities,50.78,-0.84,NEUTRAL
2025-05-21,Pumps & Compressors,63.66,3.55,NEUTRAL
2025-05-21,Renewable Energy - Solar & Wind,75.87,6.38,ESTABLISHED_LEADER
2025-05-21,Residential & Commercial Real Estate,63.36,3.07,NEUTRAL
2025-05-21,Services,68.3,6.15,ESTABLISHED_LEADER
2025-05-21,Software Products & Digital Services,52.93,0.77,NEUTRAL
2025-05-21,Specialty Chemicals,58.44,1.78,NEUTRAL
2025-05-21,Stockbroking & Financial Products,53.88,1.2,NEUTRAL
2025-05-21,Sugar & Bio-Ethanol,64.94,2.45,WEAKENING
2025-05-21,Tea & Coffee,80.34,9.98,LEADING
2025-05-21,Telecom Services & Infrastructure,42.34,-1.72,NEUTRAL
2025-05-21,Telecommunication,66.22,5.06,ESTABLISHED_LEADER
2025-05-21,Textiles & Apparel,65.98,3.64,ESTABLISHED_LEADER
2025-05-21,"Textiles, Yarns & Apparel",62.2,3.16,NEUTRAL
2025-05-21,Transformers & T&D Equipment,67.97,3.73,ESTABLISHED_LEADER
2025-05-21,Tyres & Rubber Products,84.32,9.16,LEADING
2025-05-21,Wires & Cables,77.07,7.12,LEADING
2025-05-22,API & CDMO / CRAMS,45.65,-2.36,WEAKENING
2025-05-22,Aerospace & Defence,80.17,6.16,ESTABLISHED_LEADER
2025-05-22,Air Conditioners & AC Components,97.44,14.09,LEADING
2025-05-22,Aluminium & Mining,76.03,6.24,ESTABLISHED_LEADER
2025-05-22,Auto Parts & Equipment,68.0,3.74,ESTABLISHED_LEADER
2025-05-22,Automobile OEMs,67.99,2.83,ESTABLISHED_LEADER
2025-05-22,Automobile and Auto Components,57.82,3.02,EMERGING_LEADER
2025-05-22,Banks,58.5,-0.52,WEAKENING
2025-05-22,Bearings & Friction Solutions,73.65,3.69,ESTABLISHED_LEADER
2025-05-22,Breweries & Distilleries,57.3,-0.95,WEAKENING
2025-05-22,Capital Goods,69.78,5.42,ESTABLISHED_LEADER
2025-05-22,Capital Markets & Asset Management,71.43,5.33,ESTABLISHED_LEADER
2025-05-22,Cement,82.8,9.45,LEADING
2025-05-22,Cement & Clinker,68.11,3.6,ESTABLISHED_LEADER
2025-05-22,Ceramics & Tiles,61.31,3.33,NEUTRAL
2025-05-22,Chemicals,63.45,1.72,WEAKENING
2025-05-22,Civil Construction & Infrastructure,47.83,-1.37,NEUTRAL
2025-05-22,Civil Construction & Infrastructure EPC,63.83,3.39,NEUTRAL
2025-05-22,Commodity Chemicals,56.12,0.59,NEUTRAL
2025-05-22,Consumer Durables,62.83,3.43,NEUTRAL
2025-05-22,Consumer Services,57.97,-0.3,WEAKENING
2025-05-22,Diversified & Fashion Retail,45.17,-1.72,NEUTRAL
2025-05-22,Diversified Commercial,57.26,1.42,NEUTRAL
2025-05-22,Diversified Retail,46.44,-1.87,NEUTRAL
2025-05-22,Electronic Manufacturing Services (EMS),44.87,-3.93,WEAKENING
2025-05-22,Fast Moving Consumer Goods,64.16,2.35,NEUTRAL
2025-05-22,Fertilizers & Agrochemicals,74.64,4.86,ESTABLISHED_LEADER
2025-05-22,Financial Services,67.77,5.63,ESTABLISHED_LEADER
2025-05-22,Healthcare,58.33,3.67,EMERGING_LEADER
2025-05-22,Hospitals & Diagnostic Centres,52.92,-0.63,WEAKENING
2025-05-22,Hotels & Restaurants,46.09,-1.23,NEUTRAL
2025-05-22,"Hotels, Resorts & QSR",51.24,-0.15,NEUTRAL
2025-05-22,IT Consulting & Software,62.08,2.49,NEUTRAL
2025-05-22,Information Technology,66.03,4.41,ESTABLISHED_LEADER
2025-05-22,Insurance,73.49,5.28,ESTABLISHED_LEADER
2025-05-22,Internet & Digital Platforms,49.25,-2.16,WEAKENING
2025-05-22,Iron & Steel,61.55,1.71,NEUTRAL
2025-05-22,Logistics & Transportation,62.56,3.76,NEUTRAL
2025-05-22,"Logistics, Ports & Supply Chain",84.75,11.04,LEADING
2025-05-22,Lubricants & Specialty Oils,48.39,-3.09,WEAKENING
2025-05-22,Media & Entertainment,54.27,0.7,NEUTRAL
2025-05-22,Metals & Mining,46.62,-2.81,WEAKENING
2025-05-22,Mining & Mineral Products,53.34,-1.32,WEAKENING
2025-05-22,Non Banking Financial Company (NBFC),56.09,-0.21,WEAKENING
2025-05-22,Oil Exploration & Refining,69.16,3.55,ESTABLISHED_LEADER
2025-05-22,Packaged Foods & Consumer Staples,64.18,4.56,EMERGING_LEADER
2025-05-22,Packaged Foods & FMCG Staples,44.48,-4.02,WEAKENING
2025-05-22,Packaging Materials & Containers,78.83,9.0,LEADING
2025-05-22,Paper & Paper Products,71.95,6.48,ESTABLISHED_LEADER
2025-05-22,Pharmaceuticals,46.64,-0.45,NEUTRAL
2025-05-22,Pharmaceuticals & Biotechnology,53.21,-1.12,WEAKENING
2025-05-22,Pipes & Tubes,58.12,2.28,NEUTRAL
2025-05-22,"Plywood, MDF & Laminates",57.64,1.43,NEUTRAL
2025-05-22,Power,47.32,-2.35,WEAKENING
2025-05-22,Power Generation & Utilities,53.9,0.26,NEUTRAL
2025-05-22,Pumps & Compressors,61.16,0.2,WEAKENING
2025-05-22,Renewable Energy - Solar & Wind,72.62,5.22,ESTABLISHED_LEADER
2025-05-22,Residential & Commercial Real Estate,60.23,1.81,NEUTRAL
2025-05-22,Services,66.63,2.5,ESTABLISHED_LEADER
2025-05-22,Software Products & Digital Services,52.51,-0.71,WEAKENING
2025-05-22,Specialty Chemicals,57.97,2.07,NEUTRAL
2025-05-22,Stockbroking & Financial Products,48.94,-0.67,NEUTRAL
2025-05-22,Sugar & Bio-Ethanol,67.79,4.43,ESTABLISHED_LEADER
2025-05-22,Tea & Coffee,82.85,10.58,LEADING
2025-05-22,Telecom Services & Infrastructure,40.87,-2.83,NEUTRAL
2025-05-22,Telecommunication,70.67,6.71,ESTABLISHED_LEADER
2025-05-22,Textiles & Apparel,65.29,3.15,ESTABLISHED_LEADER
2025-05-22,"Textiles, Yarns & Apparel",57.54,1.33,NEUTRAL
2025-05-22,Transformers & T&D Equipment,63.82,1.7,WEAKENING
2025-05-22,Tyres & Rubber Products,69.37,3.11,ESTABLISHED_LEADER
2025-05-22,Wires & Cables,69.74,4.52,ESTABLISHED_LEADER
2025-05-23,API & CDMO / CRAMS,47.69,-0.7,NEUTRAL
2025-05-23,Aerospace & Defence,78.3,4.92,ESTABLISHED_LEADER
2025-05-23,Air Conditioners & AC Components,27.88,-8.01,DISTRIBUTION
2025-05-23,Aluminium & Mining,75.78,7.49,LEADING
2025-05-23,Auto Parts & Equipment,67.43,3.68,ESTABLISHED_LEADER
2025-05-23,Automobile OEMs,71.83,4.75,ESTABLISHED_LEADER
2025-05-23,Automobile and Auto Components,67.05,6.78,ESTABLISHED_LEADER
2025-05-23,Banks,59.81,0.53,WEAKENING
2025-05-23,Bearings & Friction Solutions,71.18,2.91,ESTABLISHED_LEADER
2025-05-23,Breweries & Distilleries,57.32,-0.91,WEAKENING
2025-05-23,Capital Goods,71.33,5.94,ESTABLISHED_LEADER
2025-05-23,Capital Markets & Asset Management,65.59,1.89,ESTABLISHED_LEADER
2025-05-23,Cement,82.26,9.61,LEADING
2025-05-23,Cement & Clinker,66.58,3.47,ESTABLISHED_LEADER
2025-05-23,Ceramics & Tiles,61.57,2.49,NEUTRAL
2025-05-23,Chemicals,71.72,4.77,ESTABLISHED_LEADER
2025-05-23,Civil Construction & Infrastructure,52.04,0.37,NEUTRAL
2025-05-23,Civil Construction & Infrastructure EPC,59.65,0.43,WEAKENING
2025-05-23,Commodity Chemicals,57.12,0.57,WEAKENING
2025-05-23,Consumer Durables,63.56,3.81,NEUTRAL
2025-05-23,Consumer Services,67.79,4.05,ESTABLISHED_LEADER
2025-05-23,Diversified & Fashion Retail,51.15,0.32,NEUTRAL
2025-05-23,Diversified Commercial,57.9,1.47,NEUTRAL
2025-05-23,Diversified Retail,49.04,-0.89,NEUTRAL
2025-05-23,Electronic Manufacturing Services (EMS),44.01,-4.14,WEAKENING
2025-05-23,Fast Moving Consumer Goods,79.03,9.13,LEADING
2025-05-23,Fertilizers & Agrochemicals,75.06,5.22,ESTABLISHED_LEADER
2025-05-23,Financial Services,73.13,6.84,ESTABLISHED_LEADER
2025-05-23,Healthcare,58.29,2.57,NEUTRAL
2025-05-23,Hospitals & Diagnostic Centres,56.55,1.59,NEUTRAL
2025-05-23,Hotels & Restaurants,49.08,-0.8,NEUTRAL
2025-05-23,"Hotels, Resorts & QSR",57.77,1.96,NEUTRAL
2025-05-23,IT Consulting & Software,62.41,2.17,NEUTRAL
2025-05-23,Information Technology,65.56,3.05,ESTABLISHED_LEADER
2025-05-23,Insurance,81.52,7.94,LEADING
2025-05-23,Internet & Digital Platforms,51.84,-0.89,WEAKENING
2025-05-23,Iron & Steel,63.22,2.88,NEUTRAL
2025-05-23,Logistics & Transportation,68.57,6.21,ESTABLISHED_LEADER
2025-05-23,"Logistics, Ports & Supply Chain",71.73,4.08,ESTABLISHED_LEADER
2025-05-23,Lubricants & Specialty Oils,66.12,2.35,ESTABLISHED_LEADER
2025-05-23,Media & Entertainment,56.21,1.07,NEUTRAL
2025-05-23,Metals & Mining,64.09,4.18,NEUTRAL
2025-05-23,Mining & Mineral Products,59.1,1.43,NEUTRAL
2025-05-23,Non Banking Financial Company (NBFC),59.72,1.61,NEUTRAL
2025-05-23,Oil Exploration & Refining,75.22,6.08,ESTABLISHED_LEADER
2025-05-23,Packaged Foods & Consumer Staples,61.73,2.75,NEUTRAL
2025-05-23,Packaged Foods & FMCG Staples,49.69,-2.45,WEAKENING
2025-05-23,Packaging Materials & Containers,78.91,8.52,LEADING
2025-05-23,Paper & Paper Products,72.96,7.55,ESTABLISHED_LEADER
2025-05-23,Pharmaceuticals,47.57,-0.28,NEUTRAL
2025-05-23,Pharmaceuticals & Biotechnology,49.38,-2.48,WEAKENING
2025-05-23,Pipes & Tubes,67.77,5.54,ESTABLISHED_LEADER
2025-05-23,"Plywood, MDF & Laminates",65.85,5.99,ESTABLISHED_LEADER
2025-05-23,Power,48.86,-2.02,WEAKENING
2025-05-23,Power Generation & Utilities,52.47,-0.14,NEUTRAL
2025-05-23,Pumps & Compressors,63.65,2.11,WEAKENING
2025-05-23,Renewable Energy - Solar & Wind,75.17,5.28,ESTABLISHED_LEADER
2025-05-23,Residential & Commercial Real Estate,61.82,1.79,NEUTRAL
2025-05-23,Services,66.05,3.82,ESTABLISHED_LEADER
2025-05-23,Software Products & Digital Services,54.76,1.02,NEUTRAL
2025-05-23,Specialty Chemicals,63.48,4.2,NEUTRAL
2025-05-23,Stockbroking & Financial Products,52.12,-0.73,WEAKENING
2025-05-23,Sugar & Bio-Ethanol,69.99,5.63,ESTABLISHED_LEADER
2025-05-23,Tea & Coffee,72.83,7.26,ESTABLISHED_LEADER
2025-05-23,Telecom Services & Infrastructure,49.69,-0.7,NEUTRAL
2025-05-23,Telecommunication,66.45,3.95,ESTABLISHED_LEADER
2025-05-23,Textiles & Apparel,65.27,3.77,ESTABLISHED_LEADER
2025-05-23,"Textiles, Yarns & Apparel",56.07,0.63,NEUTRAL
2025-05-23,Transformers & T&D Equipment,75.14,6.56,LEADING
2025-05-23,Tyres & Rubber Products,71.01,3.9,ESTABLISHED_LEADER
2025-05-23,Wires & Cables,70.41,3.86,ESTABLISHED_LEADER
2025-05-26,API & CDMO / CRAMS,47.77,-1.91,WEAKENING
2025-05-26,Aerospace & Defence,77.99,5.82,ESTABLISHED_LEADER
2025-05-26,Air Conditioners & AC Components,29.22,-7.69,DISTRIBUTION
2025-05-26,Aluminium & Mining,75.22,7.64,LEADING
2025-05-26,Auto Parts & Equipment,73.62,5.78,ESTABLISHED_LEADER
2025-05-26,Automobile OEMs,73.85,4.91,ESTABLISHED_LEADER
2025-05-26,Automobile and Auto Components,69.85,4.96,ESTABLISHED_LEADER
2025-05-26,Banks,65.03,2.47,ESTABLISHED_LEADER
2025-05-26,Bearings & Friction Solutions,78.81,6.23,ESTABLISHED_LEADER
2025-05-26,Breweries & Distilleries,60.96,0.56,WEAKENING
2025-05-26,Capital Goods,72.93,5.09,ESTABLISHED_LEADER
2025-05-26,Capital Markets & Asset Management,66.28,1.68,ESTABLISHED_LEADER
2025-05-26,Cement,71.5,4.77,ESTABLISHED_LEADER
2025-05-26,Cement & Clinker,68.72,4.32,ESTABLISHED_LEADER
2025-05-26,Ceramics & Tiles,72.58,7.36,ESTABLISHED_LEADER
2025-05-26,Chemicals,72.27,4.64,ESTABLISHED_LEADER
2025-05-26,Civil Construction & Infrastructure,56.67,2.36,NEUTRAL
2025-05-26,Civil Construction & Infrastructure EPC,62.84,1.51,WEAKENING
2025-05-26,Commodity Chemicals,62.83,1.96,WEAKENING
2025-05-26,Consumer Durables,68.09,5.66,ESTABLISHED_LEADER
2025-05-26,Consumer Services,62.68,3.18,NEUTRAL
2025-05-26,Diversified & Fashion Retail,46.81,-2.8,WEAKENING
2025-05-26,Diversified Commercial,61.29,2.69,NEUTRAL
2025-05-26,Diversified Retail,47.63,-3.27,WEAKENING
2025-05-26,Electronic Manufacturing Services (EMS),81.16,7.21,ESTABLISHED_LEADER
2025-05-26,Fast Moving Consumer Goods,74.88,5.51,ESTABLISHED_LEADER
2025-05-26,Fertilizers & Agrochemicals,84.05,9.41,LEADING
2025-05-26,Financial Services,72.39,7.24,ESTABLISHED_LEADER
2025-05-26,Healthcare,67.18,6.07,ESTABLISHED_LEADER
2025-05-26,Hospitals & Diagnostic Centres,58.81,2.99,NEUTRAL
2025-05-26,Hotels & Restaurants,57.15,2.52,NEUTRAL
2025-05-26,"Hotels, Resorts & QSR",56.81,0.36,WEAKENING
2025-05-26,IT Consulting & Software,64.64,2.64,NEUTRAL
2025-05-26,Information Technology,67.72,4.31,ESTABLISHED_LEADER
2025-05-26,Insurance,77.02,6.3,ESTABLISHED_LEADER
2025-05-26,Internet & Digital Platforms,53.46,-0.7,WEAKENING
2025-05-26,Iron & Steel,66.28,3.21,ESTABLISHED_LEADER
2025-05-26,Logistics & Transportation,69.16,4.68,ESTABLISHED_LEADER
2025-05-26,"Logistics, Ports & Supply Chain",76.6,6.2,ESTABLISHED_LEADER
2025-05-26,Lubricants & Specialty Oils,65.63,3.16,ESTABLISHED_LEADER
2025-05-26,Media & Entertainment,69.86,5.75,ESTABLISHED_LEADER
2025-05-26,Metals & Mining,64.86,4.46,NEUTRAL
2025-05-26,Mining & Mineral Products,57.68,0.59,WEAKENING
2025-05-26,Non Banking Financial Company (NBFC),63.51,2.77,NEUTRAL
2025-05-26,Oil Exploration & Refining,77.03,6.89,LEADING
2025-05-26,Packaged Foods & Consumer Staples,68.01,3.56,ESTABLISHED_LEADER
2025-05-26,Packaged Foods & FMCG Staples,55.33,0.01,WEAKENING
2025-05-26,Packaging Materials & Containers,75.55,6.21,ESTABLISHED_LEADER
2025-05-26,Paper & Paper Products,73.68,6.45,ESTABLISHED_LEADER
2025-05-26,Pharmaceuticals,49.7,0.2,NEUTRAL
2025-05-26,Pharmaceuticals & Biotechnology,53.18,-0.64,WEAKENING
2025-05-26,Pipes & Tubes,75.53,8.21,LEADING
2025-05-26,"Plywood, MDF & Laminates",66.49,5.91,ESTABLISHED_LEADER
2025-05-26,Power,57.73,2.94,EMERGING_LEADER
2025-05-26,Power Generation & Utilities,58.37,1.62,NEUTRAL
2025-05-26,Pumps & Compressors,68.13,4.33,ESTABLISHED_LEADER
2025-05-26,Renewable Energy - Solar & Wind,79.34,7.11,ESTABLISHED_LEADER
2025-05-26,Residential & Commercial Real Estate,66.0,3.66,ESTABLISHED_LEADER
2025-05-26,Services,70.0,4.2,ESTABLISHED_LEADER
2025-05-26,Software Products & Digital Services,57.65,2.2,NEUTRAL
2025-05-26,Specialty Chemicals,65.15,3.36,ESTABLISHED_LEADER
2025-05-26,Stockbroking & Financial Products,64.72,4.16,NEUTRAL
2025-05-26,Sugar & Bio-Ethanol,73.43,5.79,ESTABLISHED_LEADER
2025-05-26,Tea & Coffee,71.61,4.74,ESTABLISHED_LEADER
2025-05-26,Telecom Services & Infrastructure,52.63,2.03,EMERGING_LEADER
2025-05-26,Telecommunication,67.38,4.58,ESTABLISHED_LEADER
2025-05-26,Textiles & Apparel,72.43,6.43,ESTABLISHED_LEADER
2025-05-26,"Textiles, Yarns & Apparel",62.34,2.53,NEUTRAL
2025-05-26,Transformers & T&D Equipment,76.07,6.92,LEADING
2025-05-26,Tyres & Rubber Products,80.9,7.92,LEADING
2025-05-26,Wires & Cables,72.17,3.73,ESTABLISHED_LEADER
2025-05-27,API & CDMO / CRAMS,49.01,0.4,NEUTRAL
2025-05-27,Aerospace & Defence,80.87,6.7,ESTABLISHED_LEADER
2025-05-27,Air Conditioners & AC Components,88.6,11.96,LEADING
2025-05-27,Aluminium & Mining,81.05,9.12,LEADING
2025-05-27,Auto Parts & Equipment,73.96,6.9,ESTABLISHED_LEADER
2025-05-27,Automobile OEMs,73.53,5.68,ESTABLISHED_LEADER
2025-05-27,Automobile and Auto Components,79.84,9.86,LEADING
2025-05-27,Banks,64.82,4.18,NEUTRAL
2025-05-27,Bearings & Friction Solutions,77.95,6.48,ESTABLISHED_LEADER
2025-05-27,Breweries & Distilleries,55.2,-1.09,WEAKENING
2025-05-27,Capital Goods,72.27,5.87,ESTABLISHED_LEADER
2025-05-27,Capital Markets & Asset Management,66.02,2.28,ESTABLISHED_LEADER
2025-05-27,Cement,67.95,5.21,ESTABLISHED_LEADER
2025-05-27,Cement & Clinker,66.82,4.25,ESTABLISHED_LEADER
2025-05-27,Ceramics & Tiles,69.61,6.86,ESTABLISHED_LEADER
2025-05-27,Chemicals,80.43,9.91,LEADING
2025-05-27,Civil Construction & Infrastructure,54.7,2.34,EMERGING_LEADER
2025-05-27,Civil Construction & Infrastructure EPC,60.54,1.51,NEUTRAL
2025-05-27,Commodity Chemicals,61.21,2.93,NEUTRAL
2025-05-27,Consumer Durables,68.03,5.34,ESTABLISHED_LEADER
2025-05-27,Consumer Services,59.49,3.0,NEUTRAL
2025-05-27,Diversified & Fashion Retail,47.66,-0.89,NEUTRAL
2025-05-27,Diversified Commercial,62.22,3.6,NEUTRAL
2025-05-27,Diversified Retail,45.13,-1.56,NEUTRAL
2025-05-27,Electronic Manufacturing Services (EMS),85.8,11.29,LEADING
2025-05-27,Fast Moving Consumer Goods,70.58,5.3,ESTABLISHED_LEADER
2025-05-27,Fertilizers & Agrochemicals,83.67,9.57,LEADING
2025-05-27,Financial Services,71.17,7.3,ESTABLISHED_LEADER
2025-05-27,Healthcare,61.85,4.82,EMERGING_LEADER
2025-05-27,Hospitals & Diagnostic Centres,57.11,2.6,NEUTRAL
2025-05-27,Hotels & Restaurants,63.26,5.37,EMERGING_LEADER
2025-05-27,"Hotels, Resorts & QSR",53.56,0.32,NEUTRAL
2025-05-27,IT Consulting & Software,65.06,3.21,ESTABLISHED_LEADER
2025-05-27,Information Technology,56.78,0.66,NEUTRAL
2025-05-27,Insurance,70.17,3.47,ESTABLISHED_LEADER
2025-05-27,Internet & Digital Platforms,53.54,1.53,NEUTRAL
2025-05-27,Iron & Steel,63.37,3.11,NEUTRAL
2025-05-27,Logistics & Transportation,73.36,8.03,ESTABLISHED_LEADER
2025-05-27,"Logistics, Ports & Supply Chain",77.82,7.58,LEADING
2025-05-27,Lubricants & Specialty Oils,51.58,-2.32,WEAKENING
2025-05-27,Media & Entertainment,61.31,2.98,NEUTRAL
2025-05-27,Metals & Mining,59.95,3.91,EMERGING_LEADER
2025-05-27,Mining & Mineral Products,56.09,0.53,NEUTRAL
2025-05-27,Non Banking Financial Company (NBFC),63.21,3.88,NEUTRAL
2025-05-27,Oil Exploration & Refining,76.48,7.26,LEADING
2025-05-27,Packaged Foods & Consumer Staples,62.69,2.62,NEUTRAL
2025-05-27,Packaged Foods & FMCG Staples,57.6,2.33,NEUTRAL
2025-05-27,Packaging Materials & Containers,74.42,7.41,ESTABLISHED_LEADER
2025-05-27,Paper & Paper Products,72.99,6.89,ESTABLISHED_LEADER
2025-05-27,Pharmaceuticals,52.97,1.49,NEUTRAL
2025-05-27,Pharmaceuticals & Biotechnology,54.37,-0.19,WEAKENING
2025-05-27,Pipes & Tubes,71.62,7.89,ESTABLISHED_LEADER
2025-05-27,"Plywood, MDF & Laminates",65.43,4.97,ESTABLISHED_LEADER
2025-05-27,Power,62.08,3.36,NEUTRAL
2025-05-27,Power Generation & Utilities,53.68,1.49,NEUTRAL
2025-05-27,Pumps & Compressors,68.35,4.99,ESTABLISHED_LEADER
2025-05-27,Renewable Energy - Solar & Wind,78.3,6.8,ESTABLISHED_LEADER
2025-05-27,Residential & Commercial Real Estate,68.9,5.25,ESTABLISHED_LEADER
2025-05-27,Services,71.62,6.07,ESTABLISHED_LEADER
2025-05-27,Software Products & Digital Services,55.63,0.88,NEUTRAL
2025-05-27,Specialty Chemicals,66.11,4.87,ESTABLISHED_LEADER
2025-05-27,Stockbroking & Financial Products,60.11,2.83,NEUTRAL
2025-05-27,Sugar & Bio-Ethanol,73.27,6.84,ESTABLISHED_LEADER
2025-05-27,Tea & Coffee,70.53,5.73,ESTABLISHED_LEADER
2025-05-27,Telecom Services & Infrastructure,53.33,3.11,EMERGING_LEADER
2025-05-27,Telecommunication,80.35,9.98,LEADING
2025-05-27,Textiles & Apparel,73.39,6.97,ESTABLISHED_LEADER
2025-05-27,"Textiles, Yarns & Apparel",59.55,2.33,NEUTRAL
2025-05-27,Transformers & T&D Equipment,83.25,9.81,LEADING
2025-05-27,Tyres & Rubber Products,70.66,5.25,ESTABLISHED_LEADER
2025-05-27,Wires & Cables,72.87,4.9,ESTABLISHED_LEADER
2025-05-28,API & CDMO / CRAMS,51.5,1.22,NEUTRAL
2025-05-28,Aerospace & Defence,81.38,7.23,ESTABLISHED_LEADER
2025-05-28,Air Conditioners & AC Components,88.34,11.9,LEADING
2025-05-28,Aluminium & Mining,82.1,9.07,LEADING
2025-05-28,Auto Parts & Equipment,75.16,7.1,LEADING
2025-05-28,Automobile OEMs,65.39,2.41,ESTABLISHED_LEADER
2025-05-28,Automobile and Auto Components,69.04,5.64,ESTABLISHED_LEADER
2025-05-28,Banks,64.52,4.17,NEUTRAL
2025-05-28,Bearings & Friction Solutions,82.12,8.39,LEADING
2025-05-28,Breweries & Distilleries,55.06,0.63,NEUTRAL
2025-05-28,Capital Goods,71.58,5.76,ESTABLISHED_LEADER
2025-05-28,Capital Markets & Asset Management,64.78,2.43,WEAKENING
2025-05-28,Cement,71.22,6.57,ESTABLISHED_LEADER
2025-05-28,Cement & Clinker,61.23,1.78,NEUTRAL
2025-05-28,Ceramics & Tiles,65.66,4.91,ESTABLISHED_LEADER
2025-05-28,Chemicals,70.23,5.59,ESTABLISHED_LEADER
2025-05-28,Civil Construction & Infrastructure,57.28,3.48,EMERGING_LEADER
2025-05-28,Civil Construction & Infrastructure EPC,62.18,2.36,NEUTRAL
2025-05-28,Commodity Chemicals,63.48,4.35,EMERGING_LEADER
2025-05-28,Consumer Durables,67.71,5.59,ESTABLISHED_LEADER
2025-05-28,Consumer Services,59.11,2.14,NEUTRAL
2025-05-28,Diversified & Fashion Retail,44.75,-1.59,NEUTRAL
2025-05-28,Diversified Commercial,61.99,3.48,NEUTRAL
2025-05-28,Diversified Retail,56.47,3.31,EMERGING_LEADER
2025-05-28,Electronic Manufacturing Services (EMS),63.81,6.01,EMERGING_LEADER
2025-05-28,Fast Moving Consumer Goods,66.89,4.02,ESTABLISHED_LEADER
2025-05-28,Fertilizers & Agrochemicals,80.07,8.27,LEADING
2025-05-28,Financial Services,75.77,7.33,LEADING
2025-05-28,Healthcare,57.15,1.59,NEUTRAL
2025-05-28,Hospitals & Diagnostic Centres,52.31,0.48,NEUTRAL
2025-05-28,Hotels & Restaurants,57.75,3.89,EMERGING_LEADER
2025-05-28,"Hotels, Resorts & QSR",55.1,1.28,NEUTRAL
2025-05-28,IT Consulting & Software,64.57,3.72,NEUTRAL
2025-05-28,Information Technology,67.36,3.58,ESTABLISHED_LEADER
2025-05-28,Insurance,79.97,6.15,ESTABLISHED_LEADER
2025-05-28,Internet & Digital Platforms,51.84,0.55,NEUTRAL
2025-05-28,Iron & Steel,65.34,4.37,ESTABLISHED_LEADER
2025-05-28,Logistics & Transportation,71.54,7.3,ESTABLISHED_LEADER
2025-05-28,"Logistics, Ports & Supply Chain",76.75,6.66,ESTABLISHED_LEADER
2025-05-28,Lubricants & Specialty Oils,53.79,0.5,NEUTRAL
2025-05-28,Media & Entertainment,61.29,4.28,EMERGING_LEADER
2025-05-28,Metals & Mining,60.79,4.28,EMERGING_LEADER
2025-05-28,Mining & Mineral Products,56.95,1.34,NEUTRAL
2025-05-28,Non Banking Financial Company (NBFC),63.02,3.85,NEUTRAL
2025-05-28,Oil Exploration & Refining,77.3,7.92,LEADING
2025-05-28,Packaged Foods & Consumer Staples,68.29,4.95,ESTABLISHED_LEADER
2025-05-28,Packaged Foods & FMCG Staples,55.36,1.28,NEUTRAL
2025-05-28,Packaging Materials & Containers,75.66,7.87,LEADING
2025-05-28,Paper & Paper Products,74.31,7.56,ESTABLISHED_LEADER
2025-05-28,Pharmaceuticals,57.45,3.68,EMERGING_LEADER
2025-05-28,Pharmaceuticals & Biotechnology,55.82,0.6,NEUTRAL
2025-05-28,Pipes & Tubes,73.49,8.34,ESTABLISHED_LEADER
2025-05-28,"Plywood, MDF & Laminates",70.12,6.96,ESTABLISHED_LEADER
2025-05-28,Power,57.47,3.18,EMERGING_LEADER
2025-05-28,Power Generation & Utilities,54.88,1.91,NEUTRAL
2025-05-28,Pumps & Compressors,68.38,5.26,ESTABLISHED_LEADER
2025-05-28,Renewable Energy - Solar & Wind,78.93,7.49,LEADING
2025-05-28,Residential & Commercial Real Estate,61.69,2.5,NEUTRAL
2025-05-28,Services,66.4,3.59,ESTABLISHED_LEADER
2025-05-28,Software Products & Digital Services,59.01,3.26,EMERGING_LEADER
2025-05-28,Specialty Chemicals,61.81,3.44,NEUTRAL
2025-05-28,Stockbroking & Financial Products,60.16,3.57,EMERGING_LEADER
2025-05-28,Sugar & Bio-Ethanol,79.46,9.68,LEADING
2025-05-28,Tea & Coffee,72.67,4.06,ESTABLISHED_LEADER
2025-05-28,Telecom Services & Infrastructure,57.23,4.42,EMERGING_LEADER
2025-05-28,Telecommunication,82.27,10.44,LEADING
2025-05-28,Textiles & Apparel,71.65,6.22,ESTABLISHED_LEADER
2025-05-28,"Textiles, Yarns & Apparel",65.22,4.2,ESTABLISHED_LEADER
2025-05-28,Transformers & T&D Equipment,77.4,8.27,LEADING
2025-05-28,Tyres & Rubber Products,68.37,1.71,ESTABLISHED_LEADER
2025-05-28,Wires & Cables,71.6,4.2,ESTABLISHED_LEADER
2025-05-29,API & CDMO / CRAMS,53.76,2.36,EMERGING_LEADER
2025-05-29,Aerospace & Defence,83.3,8.56,LEADING
2025-05-29,Air Conditioners & AC Components,87.1,11.6,LEADING
2025-05-29,Aluminium & Mining,76.38,6.39,ESTABLISHED_LEADER
2025-05-29,Auto Parts & Equipment,77.71,8.4,LEADING
2025-05-29,Automobile OEMs,62.06,1.83,NEUTRAL
2025-05-29,Automobile and Auto Components,65.99,5.31,ESTABLISHED_LEADER
2025-05-29,Banks,67.17,5.68,ESTABLISHED_LEADER
2025-05-29,Bearings & Friction Solutions,83.26,9.71,LEADING
2025-05-29,Breweries & Distilleries,59.31,2.6,NEUTRAL
2025-05-29,Capital Goods,75.54,7.17,LEADING
2025-05-29,Capital Markets & Asset Management,65.77,2.77,ESTABLISHED_LEADER
2025-05-29,Cement,66.35,1.22,ESTABLISHED_LEADER
2025-05-29,Cement & Clinker,59.14,0.58,WEAKENING
2025-05-29,Ceramics & Tiles,69.73,6.25,ESTABLISHED_LEADER
2025-05-29,Chemicals,73.35,7.39,ESTABLISHED_LEADER
2025-05-29,Civil Construction & Infrastructure,60.76,4.91,EMERGING_LEADER
2025-05-29,Civil Construction & Infrastructure EPC,64.7,3.68,NEUTRAL
2025-05-29,Commodity Chemicals,65.04,5.22,ESTABLISHED_LEADER
2025-05-29,Consumer Durables,70.71,6.39,ESTABLISHED_LEADER
2025-05-29,Consumer Services,59.92,2.73,NEUTRAL
2025-05-29,Diversified & Fashion Retail,46.89,-0.44,NEUTRAL
2025-05-29,Diversified Commercial,63.45,4.34,EMERGING_LEADER
2025-05-29,Diversified Retail,53.51,2.11,EMERGING_LEADER
2025-05-29,Electronic Manufacturing Services (EMS),82.07,10.4,LEADING
2025-05-29,Fast Moving Consumer Goods,67.53,4.81,ESTABLISHED_LEADER
2025-05-29,Fertilizers & Agrochemicals,79.33,7.88,LEADING
2025-05-29,Financial Services,74.09,6.92,ESTABLISHED_LEADER
2025-05-29,Healthcare,57.79,1.77,NEUTRAL
2025-05-29,Hospitals & Diagnostic Centres,50.65,-0.25,NEUTRAL
2025-05-29,Hotels & Restaurants,60.67,5.19,EMERGING_LEADER
2025-05-29,"Hotels, Resorts & QSR",56.95,2.7,NEUTRAL
2025-05-29,IT Consulting & Software,69.46,6.0,ESTABLISHED_LEADER
2025-05-29,Information Technology,61.49,1.94,NEUTRAL
2025-05-29,Insurance,74.36,6.0,ESTABLISHED_LEADER
2025-05-29,Internet & Digital Platforms,50.98,0.55,NEUTRAL
2025-05-29,Iron & Steel,65.31,4.35,ESTABLISHED_LEADER
2025-05-29,Logistics & Transportation,70.45,6.33,ESTABLISHED_LEADER
2025-05-29,"Logistics, Ports & Supply Chain",74.63,4.09,ESTABLISHED_LEADER
2025-05-29,Lubricants & Specialty Oils,75.88,8.91,LEADING
2025-05-29,Media & Entertainment,66.32,6.09,ESTABLISHED_LEADER
2025-05-29,Metals & Mining,68.21,7.07,ESTABLISHED_LEADER
2025-05-29,Mining & Mineral Products,58.77,3.08,NEUTRAL
2025-05-29,Non Banking Financial Company (NBFC),66.31,5.75,ESTABLISHED_LEADER
2025-05-29,Oil Exploration & Refining,75.57,7.29,LEADING
2025-05-29,Packaged Foods & Consumer Staples,66.9,4.55,ESTABLISHED_LEADER
2025-05-29,Packaged Foods & FMCG Staples,55.88,3.46,EMERGING_LEADER
2025-05-29,Packaging Materials & Containers,74.83,5.24,ESTABLISHED_LEADER
2025-05-29,Paper & Paper Products,76.84,7.32,LEADING
2025-05-29,Pharmaceuticals,56.85,3.48,EMERGING_LEADER
2025-05-29,Pharmaceuticals & Biotechnology,57.84,2.72,NEUTRAL
2025-05-29,Pipes & Tubes,85.13,11.13,LEADING
2025-05-29,"Plywood, MDF & Laminates",75.6,8.84,LEADING
2025-05-29,Power,70.08,7.52,ESTABLISHED_LEADER
2025-05-29,Power Generation & Utilities,55.17,1.47,NEUTRAL
2025-05-29,Pumps & Compressors,71.17,6.88,ESTABLISHED_LEADER
2025-05-29,Renewable Energy - Solar & Wind,82.41,9.54,LEADING
2025-05-29,Residential & Commercial Real Estate,63.48,3.82,NEUTRAL
2025-05-29,Services,67.16,4.21,ESTABLISHED_LEADER
2025-05-29,Software Products & Digital Services,55.58,1.89,NEUTRAL
2025-05-29,Specialty Chemicals,62.57,3.84,NEUTRAL
2025-05-29,Stockbroking & Financial Products,62.06,5.26,EMERGING_LEADER
2025-05-29,Sugar & Bio-Ethanol,75.38,7.46,LEADING
2025-05-29,Tea & Coffee,73.67,4.03,ESTABLISHED_LEADER
2025-05-29,Telecom Services & Infrastructure,56.39,4.23,EMERGING_LEADER
2025-05-29,Telecommunication,80.28,9.0,LEADING
2025-05-29,Textiles & Apparel,71.91,6.45,ESTABLISHED_LEADER
2025-05-29,"Textiles, Yarns & Apparel",68.1,6.24,ESTABLISHED_LEADER
2025-05-29,Transformers & T&D Equipment,75.84,8.37,LEADING
2025-05-29,Tyres & Rubber Products,64.65,2.67,NEUTRAL
2025-05-29,Wires & Cables,78.98,8.62,LEADING
2025-05-30,API & CDMO / CRAMS,52.24,1.36,NEUTRAL
2025-05-30,Aerospace & Defence,81.09,7.96,LEADING
2025-05-30,Air Conditioners & AC Components,86.85,11.54,LEADING
2025-05-30,Aluminium & Mining,65.46,1.85,ESTABLISHED_LEADER
2025-05-30,Auto Parts & Equipment,78.64,8.89,LEADING
2025-05-30,Automobile OEMs,68.76,3.95,ESTABLISHED_LEADER
2025-05-30,Automobile and Auto Components,62.87,2.34,NEUTRAL
2025-05-30,Banks,72.71,7.77,ESTABLISHED_LEADER
2025-05-30,Bearings & Friction Solutions,88.36,11.91,LEADING
2025-05-30,Breweries & Distilleries,57.61,1.88,NEUTRAL
2025-05-30,Capital Goods,76.5,7.29,LEADING
2025-05-30,Capital Markets & Asset Management,69.07,5.2,ESTABLISHED_LEADER
2025-05-30,Cement,78.22,6.05,ESTABLISHED_LEADER
2025-05-30,Cement & Clinker,61.03,1.65,NEUTRAL
2025-05-30,Ceramics & Tiles,74.51,8.21,ESTABLISHED_LEADER
2025-05-30,Chemicals,75.05,6.61,LEADING
2025-05-30,Civil Construction & Infrastructure,59.31,3.54,EMERGING_LEADER
2025-05-30,Civil Construction & Infrastructure EPC,60.65,2.74,NEUTRAL
2025-05-30,Commodity Chemicals,66.54,5.67,ESTABLISHED_LEADER
2025-05-30,Consumer Durables,71.99,6.79,ESTABLISHED_LEADER
2025-05-30,Consumer Services,67.71,4.24,ESTABLISHED_LEADER
2025-05-30,Diversified & Fashion Retail,47.14,-1.41,NEUTRAL
2025-05-30,Diversified Commercial,62.49,3.82,NEUTRAL
2025-05-30,Diversified Retail,52.63,1.28,NEUTRAL
2025-05-30,Electronic Manufacturing Services (EMS),60.21,5.15,EMERGING_LEADER
2025-05-30,Fast Moving Consumer Goods,79.3,7.08,ESTABLISHED_LEADER
2025-05-30,Fertilizers & Agrochemicals,81.38,8.67,LEADING
2025-05-30,Financial Services,73.67,5.78,ESTABLISHED_LEADER
2025-05-30,Healthcare,65.42,4.98,ESTABLISHED_LEADER
2025-05-30,Hospitals & Diagnostic Centres,52.77,-0.02,NEUTRAL
2025-05-30,Hotels & Restaurants,55.72,2.57,EMERGING_LEADER
2025-05-30,"Hotels, Resorts & QSR",60.07,2.83,NEUTRAL
2025-05-30,IT Consulting & Software,65.72,4.37,ESTABLISHED_LEADER
2025-05-30,Information Technology,59.73,1.29,NEUTRAL
2025-05-30,Insurance,77.69,5.96,ESTABLISHED_LEADER
2025-05-30,Internet & Digital Platforms,62.39,4.87,EMERGING_LEADER
2025-05-30,Iron & Steel,65.41,4.09,ESTABLISHED_LEADER
2025-05-30,Logistics & Transportation,68.7,4.51,ESTABLISHED_LEADER
2025-05-30,"Logistics, Ports & Supply Chain",84.73,10.68,LEADING
2025-05-30,Lubricants & Specialty Oils,55.76,-0.48,WEAKENING
2025-05-30,Media & Entertainment,66.94,6.0,ESTABLISHED_LEADER
2025-05-30,Metals & Mining,59.57,1.48,NEUTRAL
2025-05-30,Mining & Mineral Products,59.57,2.38,NEUTRAL
2025-05-30,Non Banking Financial Company (NBFC),65.5,4.76,ESTABLISHED_LEADER
2025-05-30,Oil Exploration & Refining,75.97,6.37,ESTABLISHED_LEADER
2025-05-30,Packaged Foods & Consumer Staples,76.88,9.15,LEADING
2025-05-30,Packaged Foods & FMCG Staples,51.12,0.53,NEUTRAL
2025-05-30,Packaging Materials & Containers,73.68,4.74,ESTABLISHED_LEADER
2025-05-30,Paper & Paper Products,74.9,6.33,ESTABLISHED_LEADER
2025-05-30,Pharmaceuticals,59.65,4.49,EMERGING_LEADER
2025-05-30,Pharmaceuticals & Biotechnology,57.65,3.32,EMERGING_LEADER
2025-05-30,Pipes & Tubes,70.94,5.6,ESTABLISHED_LEADER
2025-05-30,"Plywood, MDF & Laminates",78.98,9.32,LEADING
2025-05-30,Power,65.46,6.41,ESTABLISHED_LEADER
2025-05-30,Power Generation & Utilities,49.66,-0.59,NEUTRAL
2025-05-30,Pumps & Compressors,80.49,10.02,LEADING
2025-05-30,Renewable Energy - Solar & Wind,87.48,11.21,LEADING
2025-05-30,Residential & Commercial Real Estate,66.35,4.74,ESTABLISHED_LEADER
2025-05-30,Services,61.77,2.05,NEUTRAL
2025-05-30,Software Products & Digital Services,62.37,4.34,EMERGING_LEADER
2025-05-30,Specialty Chemicals,62.36,2.76,NEUTRAL
2025-05-30,Stockbroking & Financial Products,64.27,5.61,EMERGING_LEADER
2025-05-30,Sugar & Bio-Ethanol,71.63,5.49,ESTABLISHED_LEADER
2025-05-30,Tea & Coffee,66.16,2.68,ESTABLISHED_LEADER
2025-05-30,Telecom Services & Infrastructure,60.78,4.58,EMERGING_LEADER
2025-05-30,Telecommunication,73.9,7.08,ESTABLISHED_LEADER
2025-05-30,Textiles & Apparel,68.97,5.22,ESTABLISHED_LEADER
2025-05-30,"Textiles, Yarns & Apparel",62.47,4.14,EMERGING_LEADER
2025-05-30,Transformers & T&D Equipment,75.73,6.28,ESTABLISHED_LEADER
2025-05-30,Tyres & Rubber Products,63.38,1.84,WEAKENING
2025-05-30,Wires & Cables,78.52,8.3,LEADING
2025-06-02,API & CDMO / CRAMS,51.4,0.99,NEUTRAL
2025-06-02,Aerospace & Defence,77.95,6.7,ESTABLISHED_LEADER
2025-06-02,Air Conditioners & AC Components,89.24,12.12,LEADING
2025-06-02,Aluminium & Mining,58.54,-0.65,WEAKENING
2025-06-02,Auto Parts & Equipment,75.77,6.57,LEADING
2025-06-02,Automobile OEMs,69.39,3.85,ESTABLISHED_LEADER
2025-06-02,Automobile and Auto Components,62.48,1.67,WEAKENING
2025-06-02,Banks,79.43,9.66,LEADING
2025-06-02,Bearings & Friction Solutions,95.08,13.52,LEADING
2025-06-02,Breweries & Distilleries,55.03,0.14,NEUTRAL
2025-06-02,Capital Goods,72.68,5.4,ESTABLISHED_LEADER
2025-06-02,Capital Markets & Asset Management,75.7,7.86,LEADING
2025-06-02,Cement,63.99,2.01,WEAKENING
2025-06-02,Cement & Clinker,53.34,-1.9,WEAKENING
2025-06-02,Ceramics & Tiles,69.98,4.33,ESTABLISHED_LEADER
2025-06-02,Chemicals,78.88,8.12,LEADING
2025-06-02,Civil Construction & Infrastructure,61.25,3.52,NEUTRAL
2025-06-02,Civil Construction & Infrastructure EPC,58.67,1.33,NEUTRAL
2025-06-02,Commodity Chemicals,66.3,4.54,ESTABLISHED_LEADER
2025-06-02,Consumer Durables,68.57,4.54,ESTABLISHED_LEADER
2025-06-02,Consumer Services,60.8,2.25,NEUTRAL
2025-06-02,Diversified & Fashion Retail,44.1,-1.9,NEUTRAL
2025-06-02,Diversified Commercial,60.75,2.48,NEUTRAL
2025-06-02,Diversified Retail,48.83,-0.06,NEUTRAL
2025-06-02,Electronic Manufacturing Services (EMS),58.4,4.72,EMERGING_LEADER
2025-06-02,Fast Moving Consumer Goods,70.02,3.93,ESTABLISHED_LEADER
2025-06-02,Fertilizers & Agrochemicals,72.6,3.36,ESTABLISHED_LEADER
2025-06-02,Financial Services,74.95,6.45,ESTABLISHED_LEADER
2025-06-02,Healthcare,61.28,1.65,NEUTRAL
2025-06-02,Hospitals & Diagnostic Centres,53.04,-0.31,NEUTRAL
2025-06-02,Hotels & Restaurants,59.19,2.57,NEUTRAL
2025-06-02,"Hotels, Resorts & QSR",54.95,0.85,NEUTRAL
2025-06-02,IT Consulting & Software,60.83,1.91,NEUTRAL
2025-06-02,Information Technology,58.72,0.47,WEAKENING
2025-06-02,Insurance,77.43,6.66,ESTABLISHED_LEADER
2025-06-02,Internet & Digital Platforms,48.22,-1.37,NEUTRAL
2025-06-02,Iron & Steel,60.64,1.54,NEUTRAL
2025-06-02,Logistics & Transportation,73.69,6.5,ESTABLISHED_LEADER
2025-06-02,"Logistics, Ports & Supply Chain",74.54,5.52,ESTABLISHED_LEADER
2025-06-02,Lubricants & Specialty Oils,70.48,5.79,ESTABLISHED_LEADER
2025-06-02,Media & Entertainment,70.71,5.12,ESTABLISHED_LEADER
2025-06-02,Metals & Mining,54.73,-0.69,WEAKENING
2025-06-02,Mining & Mineral Products,56.27,1.25,NEUTRAL
2025-06-02,Non Banking Financial Company (NBFC),63.51,3.24,NEUTRAL
2025-06-02,Oil Exploration & Refining,70.41,3.71,ESTABLISHED_LEADER
2025-06-02,Packaged Foods & Consumer Staples,71.25,5.68,ESTABLISHED_LEADER
2025-06-02,Packaged Foods & FMCG Staples,50.45,-0.77,NEUTRAL
2025-06-02,Packaging Materials & Containers,72.88,5.01,ESTABLISHED_LEADER
2025-06-02,Paper & Paper Products,78.67,7.78,LEADING
2025-06-02,Pharmaceuticals,67.97,7.01,ESTABLISHED_LEADER
2025-06-02,Pharmaceuticals & Biotechnology,53.56,0.92,NEUTRAL
2025-06-02,Pipes & Tubes,69.56,3.62,ESTABLISHED_LEADER
2025-06-02,"Plywood, MDF & Laminates",67.46,4.36,ESTABLISHED_LEADER
2025-06-02,Power,56.39,1.29,NEUTRAL
2025-06-02,Power Generation & Utilities,51.17,-1.02,WEAKENING
2025-06-02,Pumps & Compressors,63.78,2.52,NEUTRAL
2025-06-02,Renewable Energy - Solar & Wind,85.71,9.72,LEADING
2025-06-02,Residential & Commercial Real Estate,64.8,3.34,NEUTRAL
2025-06-02,Services,62.06,1.47,WEAKENING
2025-06-02,Software Products & Digital Services,62.55,3.89,NEUTRAL
2025-06-02,Specialty Chemicals,70.14,5.73,ESTABLISHED_LEADER
2025-06-02,Stockbroking & Financial Products,61.98,2.38,NEUTRAL
2025-06-02,Sugar & Bio-Ethanol,72.48,5.22,ESTABLISHED_LEADER
2025-06-02,Tea & Coffee,67.71,3.55,ESTABLISHED_LEADER
2025-06-02,Telecom Services & Infrastructure,44.76,-2.67,WEAKENING
2025-06-02,Telecommunication,73.46,6.72,ESTABLISHED_LEADER
2025-06-02,Textiles & Apparel,71.61,5.04,ESTABLISHED_LEADER
2025-06-02,"Textiles, Yarns & Apparel",54.06,-0.52,WEAKENING
2025-06-02,Transformers & T&D Equipment,73.92,5.35,ESTABLISHED_LEADER
2025-06-02,Tyres & Rubber Products,62.22,0.23,WEAKENING
2025-06-02,Wires & Cables,76.46,7.12,LEADING
2025-06-03,API & CDMO / CRAMS,53.93,1.83,NEUTRAL
2025-06-03,Aerospace & Defence,79.61,6.88,ESTABLISHED_LEADER
2025-06-03,Air Conditioners & AC Components,86.69,11.51,LEADING
2025-06-03,Aluminium & Mining,67.95,1.95,ESTABLISHED_LEADER
2025-06-03,Auto Parts & Equipment,74.48,5.97,ESTABLISHED_LEADER
2025-06-03,Automobile OEMs,64.92,2.03,WEAKENING
2025-06-03,Automobile and Auto Components,61.24,-0.0,WEAKENING
2025-06-03,Banks,74.88,7.78,ESTABLISHED_LEADER
2025-06-03,Bearings & Friction Solutions,94.36,13.35,LEADING
2025-06-03,Breweries & Distilleries,62.91,4.49,EMERGING_LEADER
2025-06-03,Capital Goods,73.3,5.78,ESTABLISHED_LEADER
2025-06-03,Capital Markets & Asset Management,77.68,8.74,LEADING
2025-06-03,Cement,64.73,2.96,NEUTRAL
2025-06-03,Cement & Clinker,53.76,-1.45,WEAKENING
2025-06-03,Ceramics & Tiles,71.85,5.65,ESTABLISHED_LEADER
2025-06-03,Chemicals,80.17,7.19,ESTABLISHED_LEADER
2025-06-03,Civil Construction & Infrastructure,60.29,3.48,NEUTRAL
2025-06-03,Civil Construction & Infrastructure EPC,54.71,0.08,NEUTRAL
2025-06-03,Commodity Chemicals,74.49,8.27,ESTABLISHED_LEADER
2025-06-03,Consumer Durables,70.04,5.17,ESTABLISHED_LEADER
2025-06-03,Consumer Services,78.22,9.47,LEADING
2025-06-03,Diversified & Fashion Retail,43.19,-2.44,NEUTRAL
2025-06-03,Diversified Commercial,61.34,2.56,NEUTRAL
2025-06-03,Diversified Retail,46.79,-0.47,NEUTRAL
2025-06-03,Electronic Manufacturing Services (EMS),73.26,8.26,ESTABLISHED_LEADER
2025-06-03,Fast Moving Consumer Goods,76.58,7.46,LEADING
2025-06-03,Fertilizers & Agrochemicals,89.3,10.45,LEADING
2025-06-03,Financial Services,72.21,5.52,ESTABLISHED_LEADER
2025-06-03,Healthcare,63.28,3.44,NEUTRAL
2025-06-03,Hospitals & Diagnostic Centres,52.68,-0.15,NEUTRAL
2025-06-03,Hotels & Restaurants,56.39,0.3,WEAKENING
2025-06-03,"Hotels, Resorts & QSR",47.78,-1.57,NEUTRAL
2025-06-03,IT Consulting & Software,61.22,2.0,NEUTRAL
2025-06-03,Information Technology,60.25,3.08,NEUTRAL
2025-06-03,Insurance,72.5,5.82,ESTABLISHED_LEADER
2025-06-03,Internet & Digital Platforms,50.23,-0.54,NEUTRAL
2025-06-03,Iron & Steel,60.43,1.97,NEUTRAL
2025-06-03,Logistics & Transportation,71.23,4.71,ESTABLISHED_LEADER
2025-06-03,"Logistics, Ports & Supply Chain",76.79,6.24,ESTABLISHED_LEADER
2025-06-03,Lubricants & Specialty Oils,66.3,6.56,ESTABLISHED_LEADER
2025-06-03,Media & Entertainment,70.08,6.4,ESTABLISHED_LEADER
2025-06-03,Metals & Mining,55.08,0.34,NEUTRAL
2025-06-03,Mining & Mineral Products,50.54,-0.87,NEUTRAL
2025-06-03,Non Banking Financial Company (NBFC),66.53,4.56,ESTABLISHED_LEADER
2025-06-03,Oil Exploration & Refining,63.8,1.03,WEAKENING
2025-06-03,Packaged Foods & Consumer Staples,69.27,5.81,ESTABLISHED_LEADER
2025-06-03,Packaged Foods & FMCG Staples,46.55,-2.82,WEAKENING
2025-06-03,Packaging Materials & Containers,74.1,5.73,ESTABLISHED_LEADER
2025-06-03,Paper & Paper Products,77.66,7.48,LEADING
2025-06-03,Pharmaceuticals,58.82,3.17,NEUTRAL
2025-06-03,Pharmaceuticals & Biotechnology,53.38,0.63,NEUTRAL
2025-06-03,Pipes & Tubes,66.22,2.92,ESTABLISHED_LEADER
2025-06-03,"Plywood, MDF & Laminates",77.22,8.65,LEADING
2025-06-03,Power,57.79,1.1,NEUTRAL
2025-06-03,Power Generation & Utilities,41.85,-4.09,WEAKENING
2025-06-03,Pumps & Compressors,68.68,4.54,ESTABLISHED_LEADER
2025-06-03,Renewable Energy - Solar & Wind,82.06,8.37,LEADING
2025-06-03,Residential & Commercial Real Estate,69.27,4.69,ESTABLISHED_LEADER
2025-06-03,Services,79.01,8.29,LEADING
2025-06-03,Software Products & Digital Services,63.89,4.82,EMERGING_LEADER
2025-06-03,Specialty Chemicals,67.64,4.51,ESTABLISHED_LEADER
2025-06-03,Stockbroking & Financial Products,62.77,3.54,NEUTRAL
2025-06-03,Sugar & Bio-Ethanol,71.87,5.0,ESTABLISHED_LEADER
2025-06-03,Tea & Coffee,65.01,2.61,ESTABLISHED_LEADER
2025-06-03,Telecom Services & Infrastructure,55.86,1.86,NEUTRAL
2025-06-03,Telecommunication,76.66,5.73,ESTABLISHED_LEADER
2025-06-03,Textiles & Apparel,72.25,5.13,ESTABLISHED_LEADER
2025-06-03,"Textiles, Yarns & Apparel",55.41,0.55,NEUTRAL
2025-06-03,Transformers & T&D Equipment,76.44,5.12,ESTABLISHED_LEADER
2025-06-03,Tyres & Rubber Products,59.52,0.28,WEAKENING
2025-06-03,Wires & Cables,75.91,6.77,LEADING
2025-06-04,API & CDMO / CRAMS,53.44,1.17,NEUTRAL
2025-06-04,Aerospace & Defence,76.68,5.56,ESTABLISHED_LEADER
2025-06-04,Air Conditioners & AC Components,23.41,-9.08,DISTRIBUTION
2025-06-04,Aluminium & Mining,68.15,1.85,ESTABLISHED_LEADER
2025-06-04,Auto Parts & Equipment,73.59,5.38,ESTABLISHED_LEADER
2025-06-04,Automobile OEMs,64.31,3.24,NEUTRAL
2025-06-04,Automobile and Auto Components,48.71,-3.01,WEAKENING
2025-06-04,Banks,71.8,6.54,ESTABLISHED_LEADER
2025-06-04,Bearings & Friction Solutions,89.91,10.98,LEADING
2025-06-04,Breweries & Distilleries,63.55,4.78,EMERGING_LEADER
2025-06-04,Capital Goods,74.7,6.49,ESTABLISHED_LEADER
2025-06-04,Capital Markets & Asset Management,74.81,7.76,ESTABLISHED_LEADER
2025-06-04,Cement,59.56,0.2,WEAKENING
2025-06-04,Cement & Clinker,50.14,-1.96,WEAKENING
2025-06-04,Ceramics & Tiles,72.2,6.51,ESTABLISHED_LEADER
2025-06-04,Chemicals,78.5,8.33,LEADING
2025-06-04,Civil Construction & Infrastructure,62.45,3.92,NEUTRAL
2025-06-04,Civil Construction & Infrastructure EPC,55.27,0.02,WEAKENING
2025-06-04,Commodity Chemicals,67.86,5.07,ESTABLISHED_LEADER
2025-06-04,Consumer Durables,65.61,3.37,ESTABLISHED_LEADER
2025-06-04,Consumer Services,67.63,5.76,ESTABLISHED_LEADER
2025-06-04,Diversified & Fashion Retail,46.01,-0.73,NEUTRAL
2025-06-04,Diversified Commercial,61.48,2.66,NEUTRAL
2025-06-04,Diversified Retail,53.5,0.31,NEUTRAL
2025-06-04,Electronic Manufacturing Services (EMS),61.47,5.45,EMERGING_LEADER
2025-06-04,Fast Moving Consumer Goods,76.34,8.02,LEADING
2025-06-04,Fertilizers & Agrochemicals,78.11,6.39,ESTABLISHED_LEADER
2025-06-04,Financial Services,73.29,5.14,ESTABLISHED_LEADER
2025-06-04,Healthcare,65.76,5.33,ESTABLISHED_LEADER
2025-06-04,Hospitals & Diagnostic Centres,49.52,-0.62,NEUTRAL
2025-06-04,Hotels & Restaurants,53.84,0.22,NEUTRAL
2025-06-04,"Hotels, Resorts & QSR",56.68,1.89,NEUTRAL
2025-06-04,IT Consulting & Software,56.56,0.13,WEAKENING
2025-06-04,Information Technology,60.98,1.49,WEAKENING
2025-06-04,Insurance,71.52,3.64,ESTABLISHED_LEADER
2025-06-04,Internet & Digital Platforms,56.63,2.45,NEUTRAL
2025-06-04,Iron & Steel,63.57,2.94,NEUTRAL
2025-06-04,Logistics & Transportation,70.86,4.88,ESTABLISHED_LEADER
2025-06-04,"Logistics, Ports & Supply Chain",75.8,6.02,ESTABLISHED_LEADER
2025-06-04,Lubricants & Specialty Oils,59.23,3.19,NEUTRAL
2025-06-04,Media & Entertainment,76.69,9.11,LEADING
2025-06-04,Metals & Mining,62.23,3.19,NEUTRAL
2025-06-04,Mining & Mineral Products,52.1,-0.37,NEUTRAL
2025-06-04,Non Banking Financial Company (NBFC),60.25,1.96,NEUTRAL
2025-06-04,Oil Exploration & Refining,66.87,2.17,ESTABLISHED_LEADER
2025-06-04,Packaged Foods & Consumer Staples,68.26,4.38,ESTABLISHED_LEADER
2025-06-04,Packaged Foods & FMCG Staples,46.37,-2.49,WEAKENING
2025-06-04,Packaging Materials & Containers,75.09,5.92,ESTABLISHED_LEADER
2025-06-04,Paper & Paper Products,78.4,7.55,LEADING
2025-06-04,Pharmaceuticals,63.53,4.34,EMERGING_LEADER
2025-06-04,Pharmaceuticals & Biotechnology,52.25,-0.1,NEUTRAL
2025-06-04,Pipes & Tubes,65.36,2.22,ESTABLISHED_LEADER
2025-06-04,"Plywood, MDF & Laminates",77.38,7.88,LEADING
2025-06-04,Power,71.37,7.63,ESTABLISHED_LEADER
2025-06-04,Power Generation & Utilities,52.39,0.13,NEUTRAL
2025-06-04,Pumps & Compressors,65.67,3.27,ESTABLISHED_LEADER
2025-06-04,Renewable Energy - Solar & Wind,84.22,9.16,LEADING
2025-06-04,Residential & Commercial Real Estate,67.94,5.43,ESTABLISHED_LEADER
2025-06-04,Services,65.82,3.69,ESTABLISHED_LEADER
2025-06-04,Software Products & Digital Services,67.3,5.64,ESTABLISHED_LEADER
2025-06-04,Specialty Chemicals,65.75,4.49,ESTABLISHED_LEADER
2025-06-04,Stockbroking & Financial Products,64.56,4.29,NEUTRAL
2025-06-04,Sugar & Bio-Ethanol,72.26,4.05,ESTABLISHED_LEADER
2025-06-04,Tea & Coffee,67.09,3.1,ESTABLISHED_LEADER
2025-06-04,Telecom Services & Infrastructure,54.5,0.59,NEUTRAL
2025-06-04,Telecommunication,73.53,4.07,ESTABLISHED_LEADER
2025-06-04,Textiles & Apparel,64.89,2.36,WEAKENING
2025-06-04,"Textiles, Yarns & Apparel",50.71,-2.44,WEAKENING
2025-06-04,Transformers & T&D Equipment,74.3,5.27,ESTABLISHED_LEADER
2025-06-04,Tyres & Rubber Products,55.12,-1.16,WEAKENING
2025-06-04,Wires & Cables,73.66,6.05,ESTABLISHED_LEADER
2025-06-05,API & CDMO / CRAMS,54.22,1.1,NEUTRAL
2025-06-05,Aerospace & Defence,80.69,6.9,ESTABLISHED_LEADER
2025-06-05,Air Conditioners & AC Components,86.54,11.47,LEADING
2025-06-05,Aluminium & Mining,70.27,3.76,ESTABLISHED_LEADER
2025-06-05,Auto Parts & Equipment,75.33,5.65,ESTABLISHED_LEADER
2025-06-05,Automobile OEMs,63.21,3.38,NEUTRAL
2025-06-05,Automobile and Auto Components,56.05,-0.34,WEAKENING
2025-06-05,Banks,71.88,6.1,ESTABLISHED_LEADER
2025-06-05,Bearings & Friction Solutions,88.11,10.02,LEADING
2025-06-05,Breweries & Distilleries,68.17,5.96,ESTABLISHED_LEADER
2025-06-05,Capital Goods,76.65,6.6,ESTABLISHED_LEADER
2025-06-05,Capital Markets & Asset Management,76.7,8.38,LEADING
2025-06-05,Cement,67.74,4.51,ESTABLISHED_LEADER
2025-06-05,Cement & Clinker,54.12,0.09,NEUTRAL
2025-06-05,Ceramics & Tiles,75.32,7.08,LEADING
2025-06-05,Chemicals,78.61,7.81,LEADING
2025-06-05,Civil Construction & Infrastructure,66.34,4.93,ESTABLISHED_LEADER
2025-06-05,Civil Construction & Infrastructure EPC,70.09,5.79,ESTABLISHED_LEADER
2025-06-05,Commodity Chemicals,67.73,4.74,ESTABLISHED_LEADER
2025-06-05,Consumer Durables,67.68,3.7,ESTABLISHED_LEADER
2025-06-05,Consumer Services,71.36,7.19,ESTABLISHED_LEADER
2025-06-05,Diversified & Fashion Retail,47.39,-0.54,NEUTRAL
2025-06-05,Diversified Commercial,63.06,3.06,NEUTRAL
2025-06-05,Diversified Retail,51.13,-0.16,NEUTRAL
2025-06-05,Electronic Manufacturing Services (EMS),91.24,12.6,LEADING
2025-06-05,Fast Moving Consumer Goods,68.8,4.74,ESTABLISHED_LEADER
2025-06-05,Fertilizers & Agrochemicals,78.31,6.61,ESTABLISHED_LEADER
2025-06-05,Financial Services,76.94,6.98,LEADING
2025-06-05,Healthcare,57.36,1.69,NEUTRAL
2025-06-05,Hospitals & Diagnostic Centres,51.66,0.58,NEUTRAL
2025-06-05,Hotels & Restaurants,58.49,1.65,NEUTRAL
2025-06-05,"Hotels, Resorts & QSR",56.14,1.33,NEUTRAL
2025-06-05,IT Consulting & Software,60.93,1.09,WEAKENING
2025-06-05,Information Technology,59.94,2.11,NEUTRAL
2025-06-05,Insurance,70.57,4.25,ESTABLISHED_LEADER
2025-06-05,Internet & Digital Platforms,66.16,6.58,ESTABLISHED_LEADER
2025-06-05,Iron & Steel,64.21,3.21,NEUTRAL
2025-06-05,Logistics & Transportation,71.44,5.32,ESTABLISHED_LEADER
2025-06-05,"Logistics, Ports & Supply Chain",78.5,7.54,LEADING
2025-06-05,Lubricants & Specialty Oils,59.72,-0.37,WEAKENING
2025-06-05,Media & Entertainment,71.12,5.93,ESTABLISHED_LEADER
2025-06-05,Metals & Mining,63.94,2.58,NEUTRAL
2025-06-05,Mining & Mineral Products,55.52,0.74,NEUTRAL
2025-06-05,Non Banking Financial Company (NBFC),63.64,2.79,NEUTRAL
2025-06-05,Oil Exploration & Refining,69.27,3.49,ESTABLISHED_LEADER
2025-06-05,Packaged Foods & Consumer Staples,69.78,5.27,ESTABLISHED_LEADER
2025-06-05,Packaged Foods & FMCG Staples,47.92,-1.93,WEAKENING
2025-06-05,Packaging Materials & Containers,74.98,6.02,ESTABLISHED_LEADER
2025-06-05,Paper & Paper Products,80.9,8.15,LEADING
2025-06-05,Pharmaceuticals,61.16,3.45,NEUTRAL
2025-06-05,Pharmaceuticals & Biotechnology,56.5,1.32,NEUTRAL
2025-06-05,Pipes & Tubes,71.74,2.81,ESTABLISHED_LEADER
2025-06-05,"Plywood, MDF & Laminates",82.65,9.1,LEADING
2025-06-05,Power,57.38,-0.51,WEAKENING
2025-06-05,Power Generation & Utilities,56.1,1.63,NEUTRAL
2025-06-05,Pumps & Compressors,67.05,3.35,ESTABLISHED_LEADER
2025-06-05,Renewable Energy - Solar & Wind,85.15,8.93,LEADING
2025-06-05,Residential & Commercial Real Estate,74.01,7.66,ESTABLISHED_LEADER
2025-06-05,Services,70.29,5.43,ESTABLISHED_LEADER
2025-06-05,Software Products & Digital Services,63.44,4.64,EMERGING_LEADER
2025-06-05,Specialty Chemicals,69.3,5.84,ESTABLISHED_LEADER
2025-06-05,Stockbroking & Financial Products,66.41,4.72,ESTABLISHED_LEADER
2025-06-05,Sugar & Bio-Ethanol,76.63,6.62,ESTABLISHED_LEADER
2025-06-05,Tea & Coffee,73.46,5.59,ESTABLISHED_LEADER
2025-06-05,Telecom Services & Infrastructure,57.19,1.87,NEUTRAL
2025-06-05,Telecommunication,75.81,5.39,ESTABLISHED_LEADER
2025-06-05,Textiles & Apparel,69.55,4.27,ESTABLISHED_LEADER
2025-06-05,"Textiles, Yarns & Apparel",53.8,-1.66,WEAKENING
2025-06-05,Transformers & T&D Equipment,75.27,5.96,ESTABLISHED_LEADER
2025-06-05,Tyres & Rubber Products,66.14,4.14,ESTABLISHED_LEADER
2025-06-05,Wires & Cables,81.77,8.13,LEADING
2025-06-06,API & CDMO / CRAMS,62.67,4.92,EMERGING_LEADER
2025-06-06,Aerospace & Defence,79.95,6.98,ESTABLISHED_LEADER
2025-06-06,Air Conditioners & AC Components,86.2,11.39,LEADING
2025-06-06,Aluminium & Mining,86.04,11.35,LEADING
2025-06-06,Auto Parts & Equipment,76.09,5.8,ESTABLISHED_LEADER
2025-06-06,Automobile OEMs,75.53,7.35,LEADING
2025-06-06,Automobile and Auto Components,56.88,0.57,NEUTRAL
2025-06-06,Banks,82.27,9.47,LEADING
2025-06-06,Bearings & Friction Solutions,85.99,8.21,ESTABLISHED_LEADER
2025-06-06,Breweries & Distilleries,69.04,6.63,ESTABLISHED_LEADER
2025-06-06,Capital Goods,77.18,6.65,ESTABLISHED_LEADER
2025-06-06,Capital Markets & Asset Management,79.86,9.11,LEADING
2025-06-06,Cement,70.79,3.65,ESTABLISHED_LEADER
2025-06-06,Cement & Clinker,57.58,1.2,NEUTRAL
2025-06-06,Ceramics & Tiles,79.52,7.99,LEADING
2025-06-06,Chemicals,80.0,8.09,LEADING
2025-06-06,Civil Construction & Infrastructure,68.93,6.27,ESTABLISHED_LEADER
2025-06-06,Civil Construction & Infrastructure EPC,64.84,4.32,NEUTRAL
2025-06-06,Commodity Chemicals,71.65,6.12,ESTABLISHED_LEADER
2025-06-06,Consumer Durables,65.67,2.62,ESTABLISHED_LEADER
2025-06-06,Consumer Services,68.46,4.57,ESTABLISHED_LEADER
2025-06-06,Diversified & Fashion Retail,46.27,-1.05,NEUTRAL
2025-06-06,Diversified Commercial,65.07,4.08,ESTABLISHED_LEADER
2025-06-06,Diversified Retail,52.35,0.51,NEUTRAL
2025-06-06,Electronic Manufacturing Services (EMS),79.75,5.07,ESTABLISHED_LEADER
2025-06-06,Fast Moving Consumer Goods,70.05,3.15,ESTABLISHED_LEADER
2025-06-06,Fertilizers & Agrochemicals,75.77,5.17,ESTABLISHED_LEADER
2025-06-06,Financial Services,81.22,8.85,LEADING
2025-06-06,Healthcare,56.35,-0.11,WEAKENING
2025-06-06,Hospitals & Diagnostic Centres,55.76,1.92,NEUTRAL
2025-06-06,Hotels & Restaurants,62.87,4.38,EMERGING_LEADER
2025-06-06,"Hotels, Resorts & QSR",59.17,2.04,NEUTRAL
2025-06-06,IT Consulting & Software,61.22,1.88,NEUTRAL
2025-06-06,Information Technology,59.28,2.15,NEUTRAL
2025-06-06,Insurance,71.83,4.18,ESTABLISHED_LEADER
2025-06-06,Internet & Digital Platforms,59.72,1.85,NEUTRAL
2025-06-06,Iron & Steel,64.77,3.43,NEUTRAL
2025-06-06,Logistics & Transportation,72.31,6.0,ESTABLISHED_LEADER
2025-06-06,"Logistics, Ports & Supply Chain",75.5,4.46,ESTABLISHED_LEADER
2025-06-06,Lubricants & Specialty Oils,58.97,2.73,NEUTRAL
2025-06-06,Media & Entertainment,71.36,5.92,ESTABLISHED_LEADER
2025-06-06,Metals & Mining,74.21,8.45,ESTABLISHED_LEADER
2025-06-06,Mining & Mineral Products,70.35,6.82,ESTABLISHED_LEADER
2025-06-06,Non Banking Financial Company (NBFC),74.21,7.38,ESTABLISHED_LEADER
2025-06-06,Oil Exploration & Refining,70.6,3.98,ESTABLISHED_LEADER
2025-06-06,Packaged Foods & Consumer Staples,69.09,3.18,ESTABLISHED_LEADER
2025-06-06,Packaged Foods & FMCG Staples,45.2,-2.22,NEUTRAL
2025-06-06,Packaging Materials & Containers,76.5,6.87,LEADING
2025-06-06,Paper & Paper Products,76.83,6.79,ESTABLISHED_LEADER
2025-06-06,Pharmaceuticals,58.84,1.98,NEUTRAL
2025-06-06,Pharmaceuticals & Biotechnology,56.68,1.43,NEUTRAL
2025-06-06,Pipes & Tubes,73.07,5.92,ESTABLISHED_LEADER
2025-06-06,"Plywood, MDF & Laminates",82.38,8.38,LEADING
2025-06-06,Power,69.56,5.43,ESTABLISHED_LEADER
2025-06-06,Power Generation & Utilities,63.29,5.64,EMERGING_LEADER
2025-06-06,Pumps & Compressors,71.0,3.33,ESTABLISHED_LEADER
2025-06-06,Renewable Energy - Solar & Wind,82.99,7.11,ESTABLISHED_LEADER
2025-06-06,Residential & Commercial Real Estate,83.82,10.82,LEADING
2025-06-06,Services,74.49,8.17,ESTABLISHED_LEADER
2025-06-06,Software Products & Digital Services,64.0,3.65,NEUTRAL
2025-06-06,Specialty Chemicals,69.18,5.83,ESTABLISHED_LEADER
2025-06-06,Stockbroking & Financial Products,70.98,6.24,ESTABLISHED_LEADER
2025-06-06,Sugar & Bio-Ethanol,74.42,6.36,ESTABLISHED_LEADER
2025-06-06,Tea & Coffee,85.47,11.21,LEADING
2025-06-06,Telecom Services & Infrastructure,67.3,5.33,ESTABLISHED_LEADER
2025-06-06,Telecommunication,90.21,12.35,LEADING
2025-06-06,Textiles & Apparel,73.89,6.62,ESTABLISHED_LEADER
2025-06-06,"Textiles, Yarns & Apparel",50.29,-2.12,WEAKENING
2025-06-06,Transformers & T&D Equipment,75.08,5.9,ESTABLISHED_LEADER
2025-06-06,Tyres & Rubber Products,68.12,5.2,ESTABLISHED_LEADER
2025-06-06,Wires & Cables,80.54,7.69,LEADING
2025-06-09,API & CDMO / CRAMS,58.4,3.28,EMERGING_LEADER
2025-06-09,Aerospace & Defence,77.41,6.48,ESTABLISHED_LEADER
2025-06-09,Air Conditioners & AC Components,100.0,14.7,LEADING
2025-06-09,Aluminium & Mining,81.17,10.18,LEADING
2025-06-09,Auto Parts & Equipment,72.41,4.77,ESTABLISHED_LEADER
2025-06-09,Automobile OEMs,66.21,3.32,ESTABLISHED_LEADER
2025-06-09,Automobile and Auto Components,65.42,4.23,ESTABLISHED_LEADER
2025-06-09,Banks,81.15,7.79,ESTABLISHED_LEADER
2025-06-09,Bearings & Friction Solutions,84.35,6.31,ESTABLISHED_LEADER
2025-06-09,Breweries & Distilleries,63.36,4.71,EMERGING_LEADER
2025-06-09,Capital Goods,72.07,5.19,ESTABLISHED_LEADER
2025-06-09,Capital Markets & Asset Management,79.11,7.6,LEADING
2025-06-09,Cement,66.08,4.24,ESTABLISHED_LEADER
2025-06-09,Cement & Clinker,54.99,1.49,NEUTRAL
2025-06-09,Ceramics & Tiles,89.02,12.06,LEADING
2025-06-09,Chemicals,77.79,6.47,ESTABLISHED_LEADER
2025-06-09,Civil Construction & Infrastructure,67.93,5.51,ESTABLISHED_LEADER
2025-06-09,Civil Construction & Infrastructure EPC,60.94,3.03,NEUTRAL
2025-06-09,Commodity Chemicals,72.22,6.4,ESTABLISHED_LEADER
2025-06-09,Consumer Durables,64.66,2.81,NEUTRAL
2025-06-09,Consumer Services,68.04,5.63,ESTABLISHED_LEADER
2025-06-09,Diversified & Fashion Retail,47.59,0.05,NEUTRAL
2025-06-09,Diversified Commercial,64.64,4.21,NEUTRAL
2025-06-09,Diversified Retail,48.81,-0.29,NEUTRAL
2025-06-09,Electronic Manufacturing Services (EMS),58.42,4.54,EMERGING_LEADER
2025-06-09,Fast Moving Consumer Goods,64.94,2.67,NEUTRAL
2025-06-09,Fertilizers & Agrochemicals,75.65,6.7,LEADING
2025-06-09,Financial Services,82.06,8.97,LEADING
2025-06-09,Healthcare,54.7,-0.06,WEAKENING
2025-06-09,Hospitals & Diagnostic Centres,56.65,2.25,NEUTRAL
2025-06-09,Hotels & Restaurants,59.02,2.13,NEUTRAL
2025-06-09,"Hotels, Resorts & QSR",73.86,8.43,ESTABLISHED_LEADER
2025-06-09,IT Consulting & Software,62.67,3.37,NEUTRAL
2025-06-09,Information Technology,64.98,4.72,EMERGING_LEADER
2025-06-09,Insurance,70.7,3.76,ESTABLISHED_LEADER
2025-06-09,Internet & Digital Platforms,63.4,5.92,EMERGING_LEADER
2025-06-09,Iron & Steel,68.82,5.99,ESTABLISHED_LEADER
2025-06-09,Logistics & Transportation,77.5,7.29,LEADING
2025-06-09,"Logistics, Ports & Supply Chain",73.47,5.44,ESTABLISHED_LEADER
2025-06-09,Lubricants & Specialty Oils,55.94,-1.19,WEAKENING
2025-06-09,Media & Entertainment,69.89,4.63,ESTABLISHED_LEADER
2025-06-09,Metals & Mining,63.42,4.78,EMERGING_LEADER
2025-06-09,Mining & Mineral Products,65.92,5.56,ESTABLISHED_LEADER
2025-06-09,Non Banking Financial Company (NBFC),74.45,7.84,ESTABLISHED_LEADER
2025-06-09,Oil Exploration & Refining,73.19,6.07,ESTABLISHED_LEADER
2025-06-09,Packaged Foods & Consumer Staples,67.57,3.55,ESTABLISHED_LEADER
2025-06-09,Packaged Foods & FMCG Staples,46.23,-1.66,NEUTRAL
2025-06-09,Packaging Materials & Containers,74.11,6.01,ESTABLISHED_LEADER
2025-06-09,Paper & Paper Products,80.49,7.65,ESTABLISHED_LEADER
2025-06-09,Pharmaceuticals,57.15,-0.23,WEAKENING
2025-06-09,Pharmaceuticals & Biotechnology,56.87,2.24,NEUTRAL
2025-06-09,Pipes & Tubes,73.39,6.3,ESTABLISHED_LEADER
2025-06-09,"Plywood, MDF & Laminates",89.68,12.22,LEADING
2025-06-09,Power,77.92,9.4,LEADING
2025-06-09,Power Generation & Utilities,66.65,6.7,ESTABLISHED_LEADER
2025-06-09,Pumps & Compressors,74.23,7.7,ESTABLISHED_LEADER
2025-06-09,Renewable Energy - Solar & Wind,82.66,7.29,ESTABLISHED_LEADER
2025-06-09,Residential & Commercial Real Estate,78.8,9.43,LEADING
2025-06-09,Services,73.84,7.84,ESTABLISHED_LEADER
2025-06-09,Software Products & Digital Services,66.31,4.59,ESTABLISHED_LEADER
2025-06-09,Specialty Chemicals,69.05,4.38,ESTABLISHED_LEADER
2025-06-09,Stockbroking & Financial Products,71.73,6.97,ESTABLISHED_LEADER
2025-06-09,Sugar & Bio-Ethanol,76.17,6.94,LEADING
2025-06-09,Tea & Coffee,82.46,10.45,LEADING
2025-06-09,Telecom Services & Infrastructure,62.93,5.8,EMERGING_LEADER
2025-06-09,Telecommunication,80.05,8.4,LEADING
2025-06-09,Textiles & Apparel,73.11,5.82,ESTABLISHED_LEADER
2025-06-09,"Textiles, Yarns & Apparel",54.35,1.1,NEUTRAL
2025-06-09,Transformers & T&D Equipment,74.27,5.89,ESTABLISHED_LEADER
2025-06-09,Tyres & Rubber Products,62.39,3.0,NEUTRAL
2025-06-09,Wires & Cables,78.78,7.32,LEADING
2025-06-10,API & CDMO / CRAMS,56.78,2.14,NEUTRAL
2025-06-10,Aerospace & Defence,79.31,6.98,ESTABLISHED_LEADER
2025-06-10,Air Conditioners & AC Components,96.89,13.95,LEADING
2025-06-10,Aluminium & Mining,78.78,8.86,LEADING
2025-06-10,Auto Parts & Equipment,76.99,6.93,LEADING
2025-06-10,Automobile OEMs,65.74,3.93,ESTABLISHED_LEADER
2025-06-10,Automobile and Auto Components,65.07,4.31,ESTABLISHED_LEADER
2025-06-10,Banks,78.64,7.55,LEADING
2025-06-10,Bearings & Friction Solutions,84.53,6.52,ESTABLISHED_LEADER
2025-06-10,Breweries & Distilleries,63.11,3.18,NEUTRAL
2025-06-10,Capital Goods,67.82,3.29,ESTABLISHED_LEADER
2025-06-10,Capital Markets & Asset Management,75.41,5.69,ESTABLISHED_LEADER
2025-06-10,Cement,66.63,4.33,ESTABLISHED_LEADER
2025-06-10,Cement & Clinker,63.12,4.83,EMERGING_LEADER
2025-06-10,Ceramics & Tiles,92.73,12.96,LEADING
2025-06-10,Chemicals,74.49,4.86,ESTABLISHED_LEADER
2025-06-10,Civil Construction & Infrastructure,67.23,5.38,ESTABLISHED_LEADER
2025-06-10,Civil Construction & Infrastructure EPC,64.54,5.26,EMERGING_LEADER
2025-06-10,Commodity Chemicals,70.22,4.08,ESTABLISHED_LEADER
2025-06-10,Consumer Durables,62.3,1.56,WEAKENING
2025-06-10,Consumer Services,75.28,5.54,ESTABLISHED_LEADER
2025-06-10,Diversified & Fashion Retail,44.44,-1.11,NEUTRAL
2025-06-10,Diversified Commercial,64.49,4.04,NEUTRAL
2025-06-10,Diversified Retail,46.59,-0.85,NEUTRAL
2025-06-10,Electronic Manufacturing Services (EMS),77.98,9.42,LEADING
2025-06-10,Fast Moving Consumer Goods,70.02,3.62,ESTABLISHED_LEADER
2025-06-10,Fertilizers & Agrochemicals,73.73,3.0,ESTABLISHED_LEADER
2025-06-10,Financial Services,79.47,8.38,LEADING
2025-06-10,Healthcare,55.0,-0.29,WEAKENING
2025-06-10,Hospitals & Diagnostic Centres,58.27,2.99,NEUTRAL
2025-06-10,Hotels & Restaurants,61.19,3.55,NEUTRAL
2025-06-10,"Hotels, Resorts & QSR",59.01,4.18,EMERGING_LEADER
2025-06-10,IT Consulting & Software,67.95,5.52,ESTABLISHED_LEADER
2025-06-10,Information Technology,64.34,4.18,NEUTRAL
2025-06-10,Insurance,69.56,4.17,ESTABLISHED_LEADER
2025-06-10,Internet & Digital Platforms,60.36,4.31,EMERGING_LEADER
2025-06-10,Iron & Steel,64.33,4.14,NEUTRAL
2025-06-10,Logistics & Transportation,69.37,4.31,ESTABLISHED_LEADER
2025-06-10,"Logistics, Ports & Supply Chain",75.97,6.09,ESTABLISHED_LEADER
2025-06-10,Lubricants & Specialty Oils,76.59,8.23,LEADING
2025-06-10,Media & Entertainment,73.24,6.15,ESTABLISHED_LEADER
2025-06-10,Metals & Mining,61.58,3.95,EMERGING_LEADER
2025-06-10,Mining & Mineral Products,67.89,6.99,ESTABLISHED_LEADER
2025-06-10,Non Banking Financial Company (NBFC),70.67,5.71,ESTABLISHED_LEADER
2025-06-10,Oil Exploration & Refining,77.28,8.97,LEADING
2025-06-10,Packaged Foods & Consumer Staples,63.37,2.15,NEUTRAL
2025-06-10,Packaged Foods & FMCG Staples,49.14,0.26,NEUTRAL
2025-06-10,Packaging Materials & Containers,74.68,6.03,ESTABLISHED_LEADER
2025-06-10,Paper & Paper Products,77.57,6.6,ESTABLISHED_LEADER
2025-06-10,Pharmaceuticals,57.32,1.49,NEUTRAL
2025-06-10,Pharmaceuticals & Biotechnology,57.73,2.64,NEUTRAL
2025-06-10,Pipes & Tubes,74.98,7.57,ESTABLISHED_LEADER
2025-06-10,"Plywood, MDF & Laminates",80.45,7.89,LEADING
2025-06-10,Power,87.45,11.69,LEADING
2025-06-10,Power Generation & Utilities,73.01,8.22,ESTABLISHED_LEADER
2025-06-10,Pumps & Compressors,69.34,4.76,ESTABLISHED_LEADER
2025-06-10,Renewable Energy - Solar & Wind,89.16,10.68,LEADING
2025-06-10,Residential & Commercial Real Estate,78.14,8.35,LEADING
2025-06-10,Services,72.57,4.26,ESTABLISHED_LEADER
2025-06-10,Software Products & Digital Services,71.39,6.48,ESTABLISHED_LEADER
2025-06-10,Specialty Chemicals,68.9,4.76,ESTABLISHED_LEADER
2025-06-10,Stockbroking & Financial Products,70.51,6.32,ESTABLISHED_LEADER
2025-06-10,Sugar & Bio-Ethanol,76.15,7.05,LEADING
2025-06-10,Tea & Coffee,81.15,10.18,LEADING
2025-06-10,Telecom Services & Infrastructure,63.61,4.66,EMERGING_LEADER
2025-06-10,Telecommunication,74.75,5.6,ESTABLISHED_LEADER
2025-06-10,Textiles & Apparel,75.67,6.78,LEADING
2025-06-10,"Textiles, Yarns & Apparel",63.7,4.78,EMERGING_LEADER
2025-06-10,Transformers & T&D Equipment,71.59,4.31,ESTABLISHED_LEADER
2025-06-10,Tyres & Rubber Products,62.97,3.73,NEUTRAL
2025-06-10,Wires & Cables,80.92,8.32,LEADING
2025-06-11,API & CDMO / CRAMS,65.85,6.04,ESTABLISHED_LEADER
2025-06-11,Aerospace & Defence,72.5,4.65,ESTABLISHED_LEADER
2025-06-11,Air Conditioners & AC Components,87.56,11.71,LEADING
2025-06-11,Aluminium & Mining,80.58,9.58,LEADING
2025-06-11,Auto Parts & Equipment,71.93,4.96,ESTABLISHED_LEADER
2025-06-11,Automobile OEMs,65.55,3.96,ESTABLISHED_LEADER
2025-06-11,Automobile and Auto Components,59.64,4.28,EMERGING_LEADER
2025-06-11,Banks,76.54,7.22,LEADING
2025-06-11,Bearings & Friction Solutions,82.42,6.43,ESTABLISHED_LEADER
2025-06-11,Breweries & Distilleries,62.51,2.82,NEUTRAL
2025-06-11,Capital Goods,66.44,2.46,ESTABLISHED_LEADER
2025-06-11,Capital Markets & Asset Management,73.5,5.4,ESTABLISHED_LEADER
2025-06-11,Cement,64.1,4.2,NEUTRAL
2025-06-11,Cement & Clinker,54.42,1.83,NEUTRAL
2025-06-11,Ceramics & Tiles,89.04,12.07,LEADING
2025-06-11,Chemicals,77.31,6.34,ESTABLISHED_LEADER
2025-06-11,Civil Construction & Infrastructure,74.41,8.01,ESTABLISHED_LEADER
2025-06-11,Civil Construction & Infrastructure EPC,66.77,6.09,ESTABLISHED_LEADER
2025-06-11,Commodity Chemicals,71.24,5.71,ESTABLISHED_LEADER
2025-06-11,Consumer Durables,68.01,4.75,ESTABLISHED_LEADER
2025-06-11,Consumer Services,72.99,6.48,ESTABLISHED_LEADER
2025-06-11,Diversified & Fashion Retail,51.16,1.21,NEUTRAL
2025-06-11,Diversified Commercial,64.81,4.15,NEUTRAL
2025-06-11,Diversified Retail,45.81,-2.39,WEAKENING
2025-06-11,Electronic Manufacturing Services (EMS),45.54,-3.77,WEAKENING
2025-06-11,Fast Moving Consumer Goods,66.17,2.05,ESTABLISHED_LEADER
2025-06-11,Fertilizers & Agrochemicals,74.48,5.22,ESTABLISHED_LEADER
2025-06-11,Financial Services,82.12,9.3,LEADING
2025-06-11,Healthcare,61.95,2.18,NEUTRAL
2025-06-11,Hospitals & Diagnostic Centres,55.97,2.59,EMERGING_LEADER
2025-06-11,Hotels & Restaurants,58.12,2.72,NEUTRAL
2025-06-11,"Hotels, Resorts & QSR",56.71,1.62,NEUTRAL
2025-06-11,IT Consulting & Software,68.36,6.53,ESTABLISHED_LEADER
2025-06-11,Information Technology,66.48,4.95,ESTABLISHED_LEADER
2025-06-11,Insurance,68.89,4.06,ESTABLISHED_LEADER
2025-06-11,Internet & Digital Platforms,65.82,5.45,ESTABLISHED_LEADER
2025-06-11,Iron & Steel,68.08,5.15,ESTABLISHED_LEADER
2025-06-11,Logistics & Transportation,74.22,6.42,ESTABLISHED_LEADER
2025-06-11,"Logistics, Ports & Supply Chain",73.88,5.39,ESTABLISHED_LEADER
2025-06-11,Lubricants & Specialty Oils,76.09,8.96,LEADING
2025-06-11,Media & Entertainment,68.09,2.79,ESTABLISHED_LEADER
2025-06-11,Metals & Mining,59.89,1.95,NEUTRAL
2025-06-11,Mining & Mineral Products,63.34,5.22,EMERGING_LEADER
2025-06-11,Non Banking Financial Company (NBFC),71.36,7.13,ESTABLISHED_LEADER
2025-06-11,Oil Exploration & Refining,82.35,10.46,LEADING
2025-06-11,Packaged Foods & Consumer Staples,66.08,3.47,ESTABLISHED_LEADER
2025-06-11,Packaged Foods & FMCG Staples,50.07,0.68,NEUTRAL
2025-06-11,Packaging Materials & Containers,76.9,6.78,ESTABLISHED_LEADER
2025-06-11,Paper & Paper Products,78.3,6.77,ESTABLISHED_LEADER
2025-06-11,Pharmaceuticals,59.57,1.58,NEUTRAL
2025-06-11,Pharmaceuticals & Biotechnology,61.83,4.56,EMERGING_LEADER
2025-06-11,Pipes & Tubes,74.04,7.33,ESTABLISHED_LEADER
2025-06-11,"Plywood, MDF & Laminates",78.66,7.11,ESTABLISHED_LEADER
2025-06-11,Power,91.33,12.62,LEADING
2025-06-11,Power Generation & Utilities,61.83,4.54,EMERGING_LEADER
2025-06-11,Pumps & Compressors,68.02,4.75,ESTABLISHED_LEADER
2025-06-11,Renewable Energy - Solar & Wind,83.58,7.94,ESTABLISHED_LEADER
2025-06-11,Residential & Commercial Real Estate,77.0,8.11,LEADING
2025-06-11,Services,70.02,5.56,ESTABLISHED_LEADER
2025-06-11,Software Products & Digital Services,63.55,2.58,NEUTRAL
2025-06-11,Specialty Chemicals,71.03,6.0,ESTABLISHED_LEADER
2025-06-11,Stockbroking & Financial Products,69.78,5.69,ESTABLISHED_LEADER
2025-06-11,Sugar & Bio-Ethanol,75.69,6.78,LEADING
2025-06-11,Tea & Coffee,77.24,8.36,LEADING
2025-06-11,Telecom Services & Infrastructure,62.53,4.45,EMERGING_LEADER
2025-06-11,Telecommunication,80.73,8.67,LEADING
2025-06-11,Textiles & Apparel,75.98,8.23,LEADING
2025-06-11,"Textiles, Yarns & Apparel",68.04,7.03,ESTABLISHED_LEADER
2025-06-11,Transformers & T&D Equipment,73.36,5.44,ESTABLISHED_LEADER
2025-06-11,Tyres & Rubber Products,63.18,4.61,EMERGING_LEADER
2025-06-11,Wires & Cables,76.32,6.8,LEADING
2025-06-12,API & CDMO / CRAMS,67.12,6.43,ESTABLISHED_LEADER
2025-06-12,Aerospace & Defence,76.07,5.43,ESTABLISHED_LEADER
2025-06-12,Air Conditioners & AC Components,30.14,-7.47,DISTRIBUTION
2025-06-12,Aluminium & Mining,78.67,8.39,LEADING
2025-06-12,Auto Parts & Equipment,66.88,2.53,ESTABLISHED_LEADER
2025-06-12,Automobile OEMs,46.02,-3.66,WEAKENING
2025-06-12,Automobile and Auto Components,65.91,5.59,ESTABLISHED_LEADER
2025-06-12,Banks,73.0,5.72,ESTABLISHED_LEADER
2025-06-12,Bearings & Friction Solutions,71.05,2.35,ESTABLISHED_LEADER
2025-06-12,Breweries & Distilleries,55.52,-0.95,WEAKENING
2025-06-12,Capital Goods,67.7,2.64,ESTABLISHED_LEADER
2025-06-12,Capital Markets & Asset Management,69.22,3.27,ESTABLISHED_LEADER
2025-06-12,Cement,50.07,-2.68,WEAKENING
2025-06-12,Cement & Clinker,43.17,-3.61,WEAKENING
2025-06-12,Ceramics & Tiles,86.4,10.73,LEADING
2025-06-12,Chemicals,68.35,2.56,ESTABLISHED_LEADER
2025-06-12,Civil Construction & Infrastructure,65.78,3.69,ESTABLISHED_LEADER
2025-06-12,Civil Construction & Infrastructure EPC,55.56,-1.28,WEAKENING
2025-06-12,Commodity Chemicals,68.74,4.68,ESTABLISHED_LEADER
2025-06-12,Consumer Durables,59.83,0.95,WEAKENING
2025-06-12,Consumer Services,53.98,-1.74,WEAKENING
2025-06-12,Diversified & Fashion Retail,41.84,-2.96,NEUTRAL
2025-06-12,Diversified Commercial,60.2,1.93,NEUTRAL
2025-06-12,Diversified Retail,38.23,-5.15,WEAKENING
2025-06-12,Electronic Manufacturing Services (EMS),42.52,-0.8,NEUTRAL
2025-06-12,Fast Moving Consumer Goods,58.85,0.33,WEAKENING
2025-06-12,Fertilizers & Agrochemicals,70.12,3.35,ESTABLISHED_LEADER
2025-06-12,Financial Services,68.69,3.0,ESTABLISHED_LEADER
2025-06-12,Healthcare,54.37,0.51,NEUTRAL
2025-06-12,Hospitals & Diagnostic Centres,56.69,2.51,NEUTRAL
2025-06-12,Hotels & Restaurants,52.0,-0.69,WEAKENING
2025-06-12,"Hotels, Resorts & QSR",41.32,-4.75,WEAKENING
2025-06-12,IT Consulting & Software,60.82,2.58,NEUTRAL
2025-06-12,Information Technology,74.07,8.32,ESTABLISHED_LEADER
2025-06-12,Insurance,60.0,0.5,WEAKENING
2025-06-12,Internet & Digital Platforms,59.84,1.22,WEAKENING
2025-06-12,Iron & Steel,55.24,-0.36,WEAKENING
2025-06-12,Logistics & Transportation,68.72,4.0,ESTABLISHED_LEADER
2025-06-12,"Logistics, Ports & Supply Chain",67.09,2.05,ESTABLISHED_LEADER
2025-06-12,Lubricants & Specialty Oils,62.31,3.42,NEUTRAL
2025-06-12,Media & Entertainment,63.95,2.06,WEAKENING
2025-06-12,Metals & Mining,55.3,-0.28,WEAKENING
2025-06-12,Mining & Mineral Products,48.68,-1.55,WEAKENING
2025-06-12,Non Banking Financial Company (NBFC),64.96,3.83,NEUTRAL
2025-06-12,Oil Exploration & Refining,71.73,5.66,ESTABLISHED_LEADER
2025-06-12,Packaged Foods & Consumer Staples,57.54,-0.39,WEAKENING
2025-06-12,Packaged Foods & FMCG Staples,38.45,-4.48,WEAKENING
2025-06-12,Packaging Materials & Containers,71.61,4.58,ESTABLISHED_LEADER
2025-06-12,Paper & Paper Products,71.17,3.33,ESTABLISHED_LEADER
2025-06-12,Pharmaceuticals,58.51,1.57,NEUTRAL
2025-06-12,Pharmaceuticals & Biotechnology,63.79,4.62,EMERGING_LEADER
2025-06-12,Pipes & Tubes,73.28,5.86,ESTABLISHED_LEADER
2025-06-12,"Plywood, MDF & Laminates",73.98,4.19,ESTABLISHED_LEADER
2025-06-12,Power,67.03,5.82,ESTABLISHED_LEADER
2025-06-12,Power Generation & Utilities,52.14,-0.2,NEUTRAL
2025-06-12,Pumps & Compressors,72.72,6.47,ESTABLISHED_LEADER
2025-06-12,Renewable Energy - Solar & Wind,70.77,2.4,ESTABLISHED_LEADER
2025-06-12,Residential & Commercial Real Estate,71.71,4.8,ESTABLISHED_LEADER
2025-06-12,Services,63.44,1.99,WEAKENING
2025-06-12,Software Products & Digital Services,55.9,0.06,WEAKENING
2025-06-12,Specialty Chemicals,66.81,3.59,ESTABLISHED_LEADER
2025-06-12,Stockbroking & Financial Products,69.51,5.24,ESTABLISHED_LEADER
2025-06-12,Sugar & Bio-Ethanol,64.46,1.28,WEAKENING
2025-06-12,Tea & Coffee,78.53,7.76,LEADING
2025-06-12,Telecom Services & Infrastructure,61.66,3.6,NEUTRAL
2025-06-12,Telecommunication,84.81,9.97,LEADING
2025-06-12,Textiles & Apparel,62.97,1.93,WEAKENING
2025-06-12,"Textiles, Yarns & Apparel",52.36,0.31,NEUTRAL
2025-06-12,Transformers & T&D Equipment,65.85,2.11,ESTABLISHED_LEADER
2025-06-12,Tyres & Rubber Products,53.06,-1.62,WEAKENING
2025-06-12,Wires & Cables,70.75,3.0,ESTABLISHED_LEADER
2025-06-13,API & CDMO / CRAMS,62.73,3.07,NEUTRAL
2025-06-13,Aerospace & Defence,76.42,5.71,ESTABLISHED_LEADER
2025-06-13,Air Conditioners & AC Components,94.26,13.32,LEADING
2025-06-13,Aluminium & Mining,69.2,1.91,ESTABLISHED_LEADER
2025-06-13,Auto Parts & Equipment,66.06,2.05,ESTABLISHED_LEADER
2025-06-13,Automobile OEMs,48.02,-3.18,WEAKENING
2025-06-13,Automobile and Auto Components,62.73,4.11,NEUTRAL
2025-06-13,Banks,66.02,1.14,ESTABLISHED_LEADER
2025-06-13,Bearings & Friction Solutions,66.67,1.3,ESTABLISHED_LEADER
2025-06-13,Breweries & Distilleries,53.88,-1.77,WEAKENING
2025-06-13,Capital Goods,59.1,-0.52,WEAKENING
2025-06-13,Capital Markets & Asset Management,60.35,-0.22,WEAKENING
2025-06-13,Cement,48.68,-3.02,WEAKENING
2025-06-13,Cement & Clinker,37.32,-5.74,WEAKENING
2025-06-13,Ceramics & Tiles,82.46,8.32,LEADING
2025-06-13,Chemicals,79.7,7.07,ESTABLISHED_LEADER
2025-06-13,Civil Construction & Infrastructure,58.46,0.15,WEAKENING
2025-06-13,Civil Construction & Infrastructure EPC,46.24,-3.6,WEAKENING
2025-06-13,Commodity Chemicals,60.26,0.41,WEAKENING
2025-06-13,Consumer Durables,53.78,-1.23,WEAKENING
2025-06-13,Consumer Services,51.91,-2.24,WEAKENING
2025-06-13,Diversified & Fashion Retail,34.36,-5.9,DISTRIBUTION
2025-06-13,Diversified Commercial,54.85,-0.68,WEAKENING
2025-06-13,Diversified Retail,39.13,-4.99,WEAKENING
2025-06-13,Electronic Manufacturing Services (EMS),39.17,-3.75,WEAKENING
2025-06-13,Fast Moving Consumer Goods,60.61,0.85,WEAKENING
2025-06-13,Fertilizers & Agrochemicals,65.33,1.8,ESTABLISHED_LEADER
2025-06-13,Financial Services,64.75,0.84,WEAKENING
2025-06-13,Healthcare,54.67,0.82,NEUTRAL
2025-06-13,Hospitals & Diagnostic Centres,57.73,2.21,NEUTRAL
2025-06-13,Hotels & Restaurants,48.28,-3.04,WEAKENING
2025-06-13,"Hotels, Resorts & QSR",38.46,-5.47,WEAKENING
2025-06-13,IT Consulting & Software,56.58,0.74,NEUTRAL
2025-06-13,Information Technology,62.01,3.37,NEUTRAL
2025-06-13,Insurance,55.79,-1.31,WEAKENING
2025-06-13,Internet & Digital Platforms,48.03,-2.58,WEAKENING
2025-06-13,Iron & Steel,49.51,-2.82,WEAKENING
2025-06-13,Logistics & Transportation,60.21,0.27,WEAKENING
2025-06-13,"Logistics, Ports & Supply Chain",68.43,3.15,ESTABLISHED_LEADER
2025-06-13,Lubricants & Specialty Oils,54.62,0.33,NEUTRAL
2025-06-13,Media & Entertainment,57.07,-0.88,WEAKENING
2025-06-13,Metals & Mining,45.66,-3.74,WEAKENING
2025-06-13,Mining & Mineral Products,44.27,-4.08,WEAKENING
2025-06-13,Non Banking Financial Company (NBFC),61.99,0.68,WEAKENING
2025-06-13,Oil Exploration & Refining,63.15,1.81,WEAKENING
2025-06-13,Packaged Foods & Consumer Staples,57.0,-0.5,WEAKENING
2025-06-13,Packaged Foods & FMCG Staples,36.73,-4.71,WEAKENING
2025-06-13,Packaging Materials & Containers,66.72,2.25,ESTABLISHED_LEADER
2025-06-13,Paper & Paper Products,59.58,-0.4,WEAKENING
2025-06-13,Pharmaceuticals,56.46,1.12,NEUTRAL
2025-06-13,Pharmaceuticals & Biotechnology,59.05,2.6,NEUTRAL
2025-06-13,Pipes & Tubes,66.39,2.73,ESTABLISHED_LEADER
2025-06-13,"Plywood, MDF & Laminates",72.1,3.45,ESTABLISHED_LEADER
2025-06-13,Power,59.15,0.32,WEAKENING
2025-06-13,Power Generation & Utilities,42.91,-4.4,WEAKENING
2025-06-13,Pumps & Compressors,62.59,1.51,WEAKENING
2025-06-13,Renewable Energy - Solar & Wind,54.15,-1.7,WEAKENING
2025-06-13,Residential & Commercial Real Estate,69.58,2.14,ESTABLISHED_LEADER
2025-06-13,Services,51.21,-2.41,WEAKENING
2025-06-13,Software Products & Digital Services,51.86,-1.74,WEAKENING
2025-06-13,Specialty Chemicals,64.67,2.71,NEUTRAL
2025-06-13,Stockbroking & Financial Products,79.63,8.67,LEADING
2025-06-13,Sugar & Bio-Ethanol,59.01,-0.54,WEAKENING
2025-06-13,Tea & Coffee,69.25,1.92,ESTABLISHED_LEADER
2025-06-13,Telecom Services & Infrastructure,49.97,-2.71,WEAKENING
2025-06-13,Telecommunication,76.52,3.9,ESTABLISHED_LEADER
2025-06-13,Textiles & Apparel,61.73,0.63,WEAKENING
2025-06-13,"Textiles, Yarns & Apparel",38.49,-4.89,WEAKENING
2025-06-13,Transformers & T&D Equipment,63.01,0.95,WEAKENING
2025-06-13,Tyres & Rubber Products,63.26,2.31,NEUTRAL
2025-06-13,Wires & Cables,64.74,0.84,WEAKENING
2025-06-16,API & CDMO / CRAMS,60.03,2.7,NEUTRAL
2025-06-16,Aerospace & Defence,76.45,6.18,ESTABLISHED_LEADER
2025-06-16,Air Conditioners & AC Components,100.0,14.7,LEADING
2025-06-16,Aluminium & Mining,73.27,4.16,ESTABLISHED_LEADER
2025-06-16,Auto Parts & Equipment,63.96,1.83,WEAKENING
2025-06-16,Automobile OEMs,50.85,-2.5,WEAKENING
2025-06-16,Automobile and Auto Components,61.28,1.96,NEUTRAL
2025-06-16,Banks,63.04,0.43,WEAKENING
2025-06-16,Bearings & Friction Solutions,61.9,0.16,WEAKENING
2025-06-16,Breweries & Distilleries,50.6,-2.15,WEAKENING
2025-06-16,Capital Goods,55.9,-1.28,WEAKENING
2025-06-16,Capital Markets & Asset Management,61.8,0.13,WEAKENING
2025-06-16,Cement,47.26,-3.36,WEAKENING
2025-06-16,Cement & Clinker,36.21,-6.01,WEAKENING
2025-06-16,Ceramics & Tiles,83.91,7.22,ESTABLISHED_LEADER
2025-06-16,Chemicals,60.71,-0.13,WEAKENING
2025-06-16,Civil Construction & Infrastructure,61.83,1.74,WEAKENING
2025-06-16,Civil Construction & Infrastructure EPC,47.67,-2.95,WEAKENING
2025-06-16,Commodity Chemicals,55.07,-1.48,WEAKENING
2025-06-16,Consumer Durables,52.28,-1.68,WEAKENING
2025-06-16,Consumer Services,53.34,-1.84,WEAKENING
2025-06-16,Diversified & Fashion Retail,33.1,-6.66,DISTRIBUTION
2025-06-16,Diversified Commercial,56.06,-0.09,WEAKENING
2025-06-16,Diversified Retail,35.24,-5.98,WEAKENING
2025-06-16,Electronic Manufacturing Services (EMS),42.12,-1.36,NEUTRAL
2025-06-16,Fast Moving Consumer Goods,53.68,-1.14,WEAKENING
2025-06-16,Fertilizers & Agrochemicals,63.68,1.13,WEAKENING
2025-06-16,Financial Services,66.85,1.34,ESTABLISHED_LEADER
2025-06-16,Healthcare,48.84,-1.33,NEUTRAL
2025-06-16,Hospitals & Diagnostic Centres,61.39,3.59,NEUTRAL
2025-06-16,Hotels & Restaurants,48.36,-2.31,WEAKENING
2025-06-16,"Hotels, Resorts & QSR",35.21,-6.25,WEAKENING
2025-06-16,IT Consulting & Software,59.47,1.7,NEUTRAL
2025-06-16,Information Technology,63.41,2.94,NEUTRAL
2025-06-16,Insurance,60.88,0.84,WEAKENING
2025-06-16,Internet & Digital Platforms,47.86,-3.21,WEAKENING
2025-06-16,Iron & Steel,48.09,-3.16,WEAKENING
2025-06-16,Logistics & Transportation,52.78,-2.03,WEAKENING
2025-06-16,"Logistics, Ports & Supply Chain",59.76,-0.13,WEAKENING
2025-06-16,Lubricants & Specialty Oils,49.94,-1.09,WEAKENING
2025-06-16,Media & Entertainment,58.24,-0.12,WEAKENING
2025-06-16,Metals & Mining,55.53,-0.09,WEAKENING
2025-06-16,Mining & Mineral Products,43.53,-4.25,WEAKENING
2025-06-16,Non Banking Financial Company (NBFC),58.25,-0.72,WEAKENING
2025-06-16,Oil Exploration & Refining,57.16,-0.98,WEAKENING
2025-06-16,Packaged Foods & Consumer Staples,51.94,-2.23,WEAKENING
2025-06-16,Packaged Foods & FMCG Staples,35.04,-5.6,WEAKENING
2025-06-16,Packaging Materials & Containers,63.06,1.15,WEAKENING
2025-06-16,Paper & Paper Products,61.17,-0.02,WEAKENING
2025-06-16,Pharmaceuticals,53.82,0.32,NEUTRAL
2025-06-16,Pharmaceuticals & Biotechnology,56.93,1.67,NEUTRAL
2025-06-16,Pipes & Tubes,64.11,1.72,WEAKENING
2025-06-16,"Plywood, MDF & Laminates",63.58,0.56,WEAKENING
2025-06-16,Power,58.29,-0.71,WEAKENING
2025-06-16,Power Generation & Utilities,44.31,-4.07,WEAKENING
2025-06-16,Pumps & Compressors,65.27,2.05,ESTABLISHED_LEADER
2025-06-16,Renewable Energy - Solar & Wind,55.34,-1.42,WEAKENING
2025-06-16,Residential & Commercial Real Estate,69.8,3.13,ESTABLISHED_LEADER
2025-06-16,Services,55.98,-1.26,WEAKENING
2025-06-16,Software Products & Digital Services,49.89,-2.73,WEAKENING
2025-06-16,Specialty Chemicals,63.98,2.44,NEUTRAL
2025-06-16,Stockbroking & Financial Products,79.13,8.32,LEADING
2025-06-16,Sugar & Bio-Ethanol,51.66,-2.3,WEAKENING
2025-06-16,Tea & Coffee,55.86,-1.29,WEAKENING
2025-06-16,Telecom Services & Infrastructure,70.89,6.45,ESTABLISHED_LEADER
2025-06-16,Telecommunication,70.03,3.0,ESTABLISHED_LEADER
2025-06-16,Textiles & Apparel,65.73,2.45,ESTABLISHED_LEADER
2025-06-16,"Textiles, Yarns & Apparel",30.83,-7.3,DISTRIBUTION
2025-06-16,Transformers & T&D Equipment,68.59,3.44,ESTABLISHED_LEADER
2025-06-16,Tyres & Rubber Products,53.39,-0.81,WEAKENING
2025-06-16,Wires & Cables,58.14,-0.75,WEAKENING
2025-06-17,API & CDMO / CRAMS,54.3,0.59,NEUTRAL
2025-06-17,Aerospace & Defence,76.35,5.79,ESTABLISHED_LEADER
2025-06-17,Air Conditioners & AC Components,100.0,14.7,LEADING
2025-06-17,Aluminium & Mining,67.09,2.0,ESTABLISHED_LEADER
2025-06-17,Auto Parts & Equipment,62.56,0.42,WEAKENING
2025-06-17,Automobile OEMs,49.69,-2.77,WEAKENING
2025-06-17,Automobile and Auto Components,61.18,1.98,NEUTRAL
2025-06-17,Banks,63.16,0.46,WEAKENING
2025-06-17,Bearings & Friction Solutions,58.6,-0.64,WEAKENING
2025-06-17,Breweries & Distilleries,49.98,-2.37,WEAKENING
2025-06-17,Capital Goods,51.05,-2.45,WEAKENING
2025-06-17,Capital Markets & Asset Management,63.16,0.95,WEAKENING
2025-06-17,Cement,40.18,-5.06,WEAKENING
2025-06-17,Cement & Clinker,34.12,-6.51,DISTRIBUTION
2025-06-17,Ceramics & Tiles,80.11,4.95,ESTABLISHED_LEADER
2025-06-17,Chemicals,65.17,1.96,ESTABLISHED_LEADER
2025-06-17,Civil Construction & Infrastructure,59.68,0.96,WEAKENING
2025-06-17,Civil Construction & Infrastructure EPC,49.3,-2.87,WEAKENING
2025-06-17,Commodity Chemicals,51.24,-2.4,WEAKENING
2025-06-17,Consumer Durables,45.62,-3.75,WEAKENING
2025-06-17,Consumer Services,66.96,2.57,ESTABLISHED_LEADER
2025-06-17,Diversified & Fashion Retail,33.0,-6.14,DISTRIBUTION
2025-06-17,Diversified Commercial,53.36,-1.2,WEAKENING
2025-06-17,Diversified Retail,41.22,-3.07,NEUTRAL
2025-06-17,Electronic Manufacturing Services (EMS),38.67,-2.32,NEUTRAL
2025-06-17,Fast Moving Consumer Goods,52.59,-2.08,WEAKENING
2025-06-17,Fertilizers & Agrochemicals,66.18,2.52,ESTABLISHED_LEADER
2025-06-17,Financial Services,59.37,-0.45,WEAKENING
2025-06-17,Healthcare,48.14,-1.68,WEAKENING
2025-06-17,Hospitals & Diagnostic Centres,55.76,0.93,NEUTRAL
2025-06-17,Hotels & Restaurants,49.2,-2.35,WEAKENING
2025-06-17,"Hotels, Resorts & QSR",37.07,-5.8,WEAKENING
2025-06-17,IT Consulting & Software,72.79,6.34,ESTABLISHED_LEADER
2025-06-17,Information Technology,60.81,1.96,NEUTRAL
2025-06-17,Insurance,58.32,-0.03,WEAKENING
2025-06-17,Internet & Digital Platforms,45.36,-3.81,WEAKENING
2025-06-17,Iron & Steel,62.02,2.47,NEUTRAL
2025-06-17,Logistics & Transportation,49.32,-2.86,WEAKENING
2025-06-17,"Logistics, Ports & Supply Chain",59.08,-0.52,WEAKENING
2025-06-17,Lubricants & Specialty Oils,54.51,-1.62,WEAKENING
2025-06-17,Media & Entertainment,60.55,0.25,WEAKENING
2025-06-17,Metals & Mining,46.27,-3.6,WEAKENING
2025-06-17,Mining & Mineral Products,37.65,-5.66,WEAKENING
2025-06-17,Non Banking Financial Company (NBFC),53.97,-1.75,WEAKENING
2025-06-17,Oil Exploration & Refining,55.36,-1.41,WEAKENING
2025-06-17,Packaged Foods & Consumer Staples,53.39,-0.98,WEAKENING
2025-06-17,Packaged Foods & FMCG Staples,35.07,-6.12,WEAKENING
2025-06-17,Packaging Materials & Containers,61.25,0.28,WEAKENING
2025-06-17,Paper & Paper Products,57.29,-0.95,WEAKENING
2025-06-17,Pharmaceuticals,48.04,-2.14,WEAKENING
2025-06-17,Pharmaceuticals & Biotechnology,53.32,0.0,NEUTRAL
2025-06-17,Pipes & Tubes,59.94,-0.31,WEAKENING
2025-06-17,"Plywood, MDF & Laminates",74.15,4.66,ESTABLISHED_LEADER
2025-06-17,Power,49.73,-2.76,WEAKENING
2025-06-17,Power Generation & Utilities,35.78,-6.11,WEAKENING
2025-06-17,Pumps & Compressors,60.13,0.77,WEAKENING
2025-06-17,Renewable Energy - Solar & Wind,45.18,-3.86,WEAKENING
2025-06-17,Residential & Commercial Real Estate,69.21,3.0,ESTABLISHED_LEADER
2025-06-17,Services,51.3,-2.39,WEAKENING
2025-06-17,Software Products & Digital Services,50.89,-2.49,WEAKENING
2025-06-17,Specialty Chemicals,60.08,0.83,WEAKENING
2025-06-17,Stockbroking & Financial Products,67.53,3.67,ESTABLISHED_LEADER
2025-06-17,Sugar & Bio-Ethanol,47.36,-3.33,WEAKENING
2025-06-17,Tea & Coffee,54.26,-1.68,WEAKENING
2025-06-17,Telecom Services & Infrastructure,71.6,6.62,ESTABLISHED_LEADER
2025-06-17,Telecommunication,63.72,1.31,WEAKENING
2025-06-17,Textiles & Apparel,49.44,-2.83,WEAKENING
2025-06-17,"Textiles, Yarns & Apparel",33.61,-6.63,DISTRIBUTION
2025-06-17,Transformers & T&D Equipment,66.58,3.08,ESTABLISHED_LEADER
2025-06-17,Tyres & Rubber Products,47.16,-3.38,WEAKENING
2025-06-17,Wires & Cables,66.89,1.53,ESTABLISHED_LEADER
2025-06-18,API & CDMO / CRAMS,46.26,-3.6,WEAKENING
2025-06-18,Aerospace & Defence,74.23,6.13,ESTABLISHED_LEADER
2025-06-18,Air Conditioners & AC Components,90.21,12.35,LEADING
2025-06-18,Aluminium & Mining,63.71,0.59,WEAKENING
2025-06-18,Auto Parts & Equipment,62.44,1.28,WEAKENING
2025-06-18,Automobile OEMs,56.74,0.03,WEAKENING
2025-06-18,Automobile and Auto Components,64.46,4.34,NEUTRAL
2025-06-18,Banks,60.82,-0.1,WEAKENING
2025-06-18,Bearings & Friction Solutions,63.0,0.42,WEAKENING
2025-06-18,Breweries & Distilleries,46.15,-3.62,WEAKENING
2025-06-18,Capital Goods,49.14,-2.91,WEAKENING
2025-06-18,Capital Markets & Asset Management,59.35,-0.3,WEAKENING
2025-06-18,Cement,33.1,-6.76,DISTRIBUTION
2025-06-18,Cement & Clinker,35.2,-6.25,WEAKENING
2025-06-18,Ceramics & Tiles,74.91,3.43,ESTABLISHED_LEADER
2025-06-18,Chemicals,57.55,-0.89,WEAKENING
2025-06-18,Civil Construction & Infrastructure,54.39,-1.65,WEAKENING
2025-06-18,Civil Construction & Infrastructure EPC,40.08,-5.08,WEAKENING
2025-06-18,Commodity Chemicals,49.66,-2.78,WEAKENING
2025-06-18,Consumer Durables,52.34,-2.14,WEAKENING
2025-06-18,Consumer Services,58.88,-0.41,WEAKENING
2025-06-18,Diversified & Fashion Retail,36.57,-5.85,WEAKENING
2025-06-18,Diversified Commercial,50.97,-2.26,WEAKENING
2025-06-18,Diversified Retail,42.08,-2.57,NEUTRAL
2025-06-18,Electronic Manufacturing Services (EMS),14.5,-11.22,DISTRIBUTION
2025-06-18,Fast Moving Consumer Goods,57.75,0.34,WEAKENING
2025-06-18,Fertilizers & Agrochemicals,61.99,0.63,WEAKENING
2025-06-18,Financial Services,53.69,-1.81,WEAKENING
2025-06-18,Healthcare,53.43,-0.71,WEAKENING
2025-06-18,Hospitals & Diagnostic Centres,55.26,1.13,NEUTRAL
2025-06-18,Hotels & Restaurants,49.1,-1.84,WEAKENING
2025-06-18,"Hotels, Resorts & QSR",40.85,-4.9,WEAKENING
2025-06-18,IT Consulting & Software,61.58,1.56,WEAKENING
2025-06-18,Information Technology,57.42,0.15,WEAKENING
2025-06-18,Insurance,54.4,-1.55,WEAKENING
2025-06-18,Internet & Digital Platforms,45.12,-3.87,WEAKENING
2025-06-18,Iron & Steel,51.47,-2.35,WEAKENING
2025-06-18,Logistics & Transportation,45.23,-3.84,WEAKENING
2025-06-18,"Logistics, Ports & Supply Chain",53.28,-1.91,WEAKENING
2025-06-18,Lubricants & Specialty Oils,54.18,-1.7,WEAKENING
2025-06-18,Media & Entertainment,64.34,2.77,NEUTRAL
2025-06-18,Metals & Mining,48.11,-2.57,WEAKENING
2025-06-18,Mining & Mineral Products,35.2,-6.25,WEAKENING
2025-06-18,Non Banking Financial Company (NBFC),53.42,-1.88,WEAKENING
2025-06-18,Oil Exploration & Refining,52.03,-2.21,WEAKENING
2025-06-18,Packaged Foods & Consumer Staples,52.54,-1.83,WEAKENING
2025-06-18,Packaged Foods & FMCG Staples,33.33,-6.7,DISTRIBUTION
2025-06-18,Packaging Materials & Containers,59.47,-0.43,WEAKENING
2025-06-18,Paper & Paper Products,51.5,-2.34,WEAKENING
2025-06-18,Pharmaceuticals,43.96,-4.15,WEAKENING
2025-06-18,Pharmaceuticals & Biotechnology,49.45,-2.36,WEAKENING
2025-06-18,Pipes & Tubes,59.22,-0.45,WEAKENING
2025-06-18,"Plywood, MDF & Laminates",63.19,0.47,WEAKENING
2025-06-18,Power,49.16,-2.9,WEAKENING
2025-06-18,Power Generation & Utilities,31.39,-7.17,DISTRIBUTION
2025-06-18,Pumps & Compressors,65.44,3.24,ESTABLISHED_LEADER
2025-06-18,Renewable Energy - Solar & Wind,40.03,-5.09,WEAKENING
2025-06-18,Residential & Commercial Real Estate,65.61,1.7,ESTABLISHED_LEADER
2025-06-18,Services,48.37,-3.09,WEAKENING
2025-06-18,Software Products & Digital Services,48.98,-2.87,WEAKENING
2025-06-18,Specialty Chemicals,56.57,-1.03,WEAKENING
2025-06-18,Stockbroking & Financial Products,62.15,1.54,WEAKENING
2025-06-18,Sugar & Bio-Ethanol,43.57,-4.24,WEAKENING
2025-06-18,Tea & Coffee,51.68,-2.3,WEAKENING
2025-06-18,Telecom Services & Infrastructure,61.68,2.65,NEUTRAL
2025-06-18,Telecommunication,69.08,2.48,ESTABLISHED_LEADER
2025-06-18,Textiles & Apparel,43.88,-4.17,WEAKENING
2025-06-18,"Textiles, Yarns & Apparel",28.19,-7.93,DISTRIBUTION
2025-06-18,Transformers & T&D Equipment,65.18,2.17,ESTABLISHED_LEADER
2025-06-18,Tyres & Rubber Products,47.56,-3.29,WEAKENING
2025-06-18,Wires & Cables,57.5,-0.9,WEAKENING
