date,pred_existing_v1,pred_xgb,pred_lgbm,pred_ensemble
2024-10-28,-1.3110000000000002,7.818021,6.918283694323378,6.323305124993849
2024-10-29,-1.1594999999999995,6.5982723,7.21062770245608,5.853763300942596
2024-10-30,-0.4275000000000002,5.9068904,5.931615554119707,4.691662646860093
2024-10-31,0.2429999999999996,5.241324,0.8383607353013615,2.559895702158129
2024-11-01,-0.10650000000000012,2.5504544,3.103054640058119,1.7413612393833116
2024-11-04,1.2645,3.5069723,0.9994571595335072,1.987585041195276
2024-11-05,0.47550000000000026,1.4404329,2.2151164683661837,1.265042836179893
2024-11-06,2.952000000000001,-0.8222955,-0.8874234270226531,-1.0311755228859276
2024-11-07,1.4400000000000002,-0.97723335,-0.9192402682820048,-1.0587443707779247
2024-11-08,0.8144999999999999,1.9009775,1.7089749393061924,1.3491963283477229
2024-11-11,-0.20999999999999977,1.8498049,1.7925773663775648,1.2748072956757843
2024-11-12,-0.34349999999999986,4.1681986,4.63981812827224,3.6048463185496717
2024-11-13,-2.3925000000000005,6.1073565,5.299783579744083,4.846999016943078
2024-11-14,-1.5389999999999997,7.002703,6.637185021883084,5.722132525610426
2024-11-18,-1.6920000000000002,6.815776,6.542992983015596,5.686755522347269
2024-11-19,-1.1204999999999998,7.176094,5.923043214219533,5.361080922527691
2024-11-20,-0.4440000000000001,6.736105,6.190976619265939,5.169785954338561
2024-11-21,-0.7304999999999996,5.805411,6.834817560556674,5.400783246579757
2024-11-22,0.7965000000000003,6.103084,6.306620513027715,5.067599456210327
2024-11-25,2.1915,4.4279695,5.810121853424951,4.133331561824673
2024-11-26,2.052,3.7646134,1.2779214965142422,2.2688023651910196
2024-11-27,2.313,2.699391,2.7656165003855517,1.9945289411154843
2024-11-28,2.052,2.7291524,2.697312683687209,1.820018806086455
2024-11-29,2.5335,1.5474068,1.8300525794294666,1.0199442614863015
2024-12-02,4.038,-1.979089,-0.9663715290574558,-1.7179508497924891
2024-12-03,2.7465,-4.089481,-4.228809511499858,-3.8967868707433793
2024-12-04,2.6670000000000003,-4.002157,-4.191633544497497,-3.977331336913066
2024-12-05,2.3010000000000006,-4.5509353,-4.453835987389975,-4.466997108285408
2024-12-06,2.522999999999999,-4.3754535,-4.688103164350955,-4.770882843488918
2024-12-09,0.8909999999999997,-5.07435,-4.920346835653397,-5.261243746997361
2024-12-10,1.0514999999999997,-5.6435966,-5.602635064023754,-5.667715899913943
2024-12-11,1.8375,-4.8543515,-5.082243134240174,-5.141854605175592
2024-12-12,2.271,-4.173012,-4.2915663458904785,-4.4731135118091325
2024-12-13,-0.36599999999999966,-4.893898,-5.045387200046838,-5.102981980850734
2024-12-16,-0.5579999999999998,-4.881141,-5.121170948791886,-5.08415046842932
2024-12-17,-0.8655000000000005,-4.881141,-5.0870714556053125,-4.850299853450763
2024-12-18,-0.9465000000000003,-3.2490852,-3.569593311253521,-3.3030922767504785
2024-12-19,-1.2599999999999998,-2.199299,-2.132716511139486,-2.358580336314975
2024-12-20,-2.6429999999999993,2.0090103,1.9556638320686062,1.3266204254327645
2024-12-23,-2.922,4.4737964,0.7007132252975038,1.9317131616582102
2024-10-28,-4.1805,8.502428,8.358172456341437,6.857928344618954
2024-10-29,-4.5705,8.298976,8.294294731765188,6.867577553138325
2024-10-30,-2.8815,4.2889,5.662006774062949,3.983888467021061
2024-10-31,-2.6175,4.1915383,0.36104168029756345,2.0125523761087605
2024-11-01,-2.1119999999999997,3.87808,4.45106247866522,2.754204531544654
2024-11-04,-2.3369999999999997,5.3914695,0.6755345073358154,2.6081974698079957
2024-11-05,-3.3135,1.8743858,1.4876243454129543,1.267716279148418
2024-11-06,-2.1344999999999996,-0.62305236,-0.21156996728580466,-0.6138062966029634
2024-11-07,-3.525,-2.6428561,-2.6511456681527856,-2.2778881459372493
2024-11-08,-3.7455,0.81674916,0.9885058358027642,0.4669332830561015
2024-11-11,-3.6630000000000003,0.42062813,0.920467728679094,0.42303903412000987
2024-11-12,-3.5849999999999995,3.578385,4.375178996166868,3.1858188938139897
2024-11-13,-5.047499999999999,8.644709,9.70889273295821,7.455318628914477
2024-11-14,-4.755,8.397025,9.314981494332,7.317553827978655
2024-11-18,-5.1345,8.3368025,9.400754959766166,7.40021778773286
2024-11-19,-3.7349999999999994,6.00639,5.3532519282256885,4.689003443330205
2024-11-20,-2.5889999999999995,5.123962,5.813763167866,4.474861484029683
2024-11-21,-3.6165,6.9216375,9.342662838056386,6.541570306163394
2024-11-22,-3.627,6.329876,7.075477831779624,5.397798026964529
2024-11-25,-2.0085,5.2696257,5.896881866007549,4.256900550632311
2024-11-26,-2.0355,4.1761293,0.7272114953270286,1.9909641112134353
2024-11-27,0.11249999999999999,2.7916424,1.7712711872768063,1.591916070086656
2024-11-28,-0.7650000000000002,2.6270738,1.6184017950885898,1.3940518588233242
2024-11-29,-0.016499999999999914,1.9375693,1.325765017789189,0.9937997479376517
2024-12-02,0.10650000000000012,-0.07330306,1.1646643270101973,-0.1796405038597469
2024-12-03,0.6630000000000003,-0.7904635,-0.06723546574787868,-1.1537088501877069
2024-12-04,1.527,-3.6798415,-2.8810166218863626,-3.427567902657668
2024-12-05,1.0559999999999998,-2.6802688,-2.734942650412497,-3.041745615910711
2024-12-06,1.8224999999999998,-1.5621376,-2.2188544546229876,-2.531768964631709
2024-12-09,2.7359999999999993,-1.893147,-1.5607267532496252,-2.3973924429584663
2024-12-10,2.5380000000000003,-3.3357446,-2.9788166817860984,-3.5566640568193324
2024-12-11,2.902499999999999,-3.3903444,-3.1994392373463607,-3.808971402670915
2024-12-12,2.952000000000001,-3.2648017,-3.0360578629559045,-3.4726187098275316
2024-12-13,2.592,-3.602185,-3.4313575473094393,-3.711210295614194
2024-12-16,3.3194999999999992,-3.9575677,-3.773817058154366,-4.019882243286552
2024-12-17,3.010499999999999,-4.5671816,-4.504072892475355,-4.411337385382533
2024-12-18,1.5315,-3.3857641,-2.8318346747132654,-3.258710959178512
2024-12-19,0.9690000000000001,-3.0098972,-3.1562912873097013,-3.0672218381223524
2024-12-20,1.1820000000000004,2.059089,2.4669740133600917,1.378572716421706
2024-12-23,0.2010000000000005,3.7330458,0.5523345518824131,1.31518000281425
2024-10-28,-1.2375,8.286782,7.425584086327224,6.6528215716175865
2024-10-29,-1.2780000000000005,5.32858,6.300064995520809,5.3023428310098435
2024-10-30,-0.5010000000000004,4.490197,4.983039437093587,4.110289488019474
2024-10-31,-1.077,5.082839,0.19948922025899313,2.7623171257094414
2024-11-01,0.2954999999999998,2.6016543,3.6312225572703736,2.3956105533084884
2024-11-04,-0.06750000000000042,5.088437,1.8392773280063481,3.2248623402387224
2024-11-05,-0.14099999999999965,2.5642257,2.9320905338611034,2.3242155348751234
2024-11-06,1.4909999999999997,0.5785493,0.30498667198408264,-0.13499353060860558
2024-11-07,2.119499999999999,-1.0184822,-1.3255043237813213,-1.2275241256142293
2024-11-08,1.329,3.009707,2.4667656009158088,2.2789582441547958
2024-11-11,1.0800000000000003,2.3335834,2.726514901866372,2.148067713823863
2024-11-12,0.4769999999999999,7.3513184,5.8362973111038325,5.195586724897854
2024-11-13,-0.10349999999999966,7.474648,7.180729724584298,6.240161523054886
2024-11-14,-0.5940000000000001,7.494217,7.314470776337603,6.045346580524935
2024-11-18,-0.7514999999999997,6.260945,7.019961026366418,5.37618903630568
2024-11-19,-0.6074999999999996,6.6698594,5.702935467939198,4.718616143989169
2024-11-20,0.040500000000000466,7.6888866,6.782409484026657,5.33843857532984
2024-11-21,-1.6485000000000003,9.037544,7.991941505437574,6.486253706137072
2024-11-22,-1.9469999999999994,6.9693847,6.221480578889329,4.69363546186385
2024-11-25,-0.7349999999999998,6.280946,5.9852748232165345,4.261060776159561
2024-11-26,-1.9574999999999996,6.044083,1.425623274678353,2.64538088126627
2024-11-27,-1.2974999999999997,1.8768152,1.8897576919031347,1.1960096582478412
2024-11-28,-1.6994999999999998,0.6798339,2.233879834622846,0.5783211003949708
2024-11-29,-1.6755000000000002,1.178403,2.685462994489792,0.5739026338776632
2024-12-02,-0.7034999999999997,-1.5722711,-2.079559837783509,-2.402515040901731
2024-12-03,0.5760000000000005,-3.6415014,-4.414142496341857,-4.353151523265827
2024-12-04,-0.0735000000000003,-5.6514583,-5.26810196349939,-5.594544546393817
2024-12-05,0.2670000000000002,-5.388375,-5.014552713131252,-5.357431466395426
2024-12-06,0.38099999999999984,-4.5309005,-5.0713824178006925,-4.859059293278916
2024-12-09,0.7530000000000004,-3.6560817,-5.221722672510808,-4.5934077940473035
2024-12-10,1.0530000000000004,-3.5778925,-4.4171827742713345,-4.269823307062766
2024-12-11,1.1144999999999998,-3.8312325,-4.570220548866155,-4.442270579859315
2024-12-12,1.1789999999999998,-2.7844565,-3.981077658454062,-3.67536678698938
2024-12-13,1.1789999999999998,-3.310938,-4.34167982444117,-4.039620506017259
2024-12-16,2.1720000000000006,-3.616361,-4.907243976916856,-4.59551999674606
2024-12-17,1.6349999999999998,-3.1166563,-4.716823791664315,-4.130437363440324
2024-12-18,1.4744999999999997,-4.192355,-3.6771453167943062,-3.7518837361993143
2024-12-19,1.1565,-2.5721304,-2.6118330962767717,-2.6521060442554623
2024-12-20,0.1275000000000002,3.948981,4.068572912873697,2.6703510134116977
2024-12-23,1.3800000000000003,3.3273938,0.5684766944597367,1.736085365413287
2024-10-28,-2.367,4.534642,5.13229785863835,4.231483898034626
2024-10-29,-2.3760000000000003,4.349135,5.355775937512319,4.11639375991354
2024-10-30,-2.4179999999999997,1.786056,4.038750379085095,2.2704773680379056
2024-10-31,-2.2619999999999996,2.0618157,-0.6586085176978693,0.3318631114441602
2024-11-01,-2.298,-0.7664441,-0.6100551063619855,-0.9345984126270379
2024-11-04,-2.5079999999999996,3.495059,-0.5855466317687841,1.1148821642121043
2024-11-05,-2.5094999999999996,-0.6377661,-0.45173286315861355,-0.3859313758607364
2024-11-06,-1.0739999999999994,-2.9641273,-2.715829469178042,-2.621152986918809
2024-11-07,-3.255,-4.288411,-4.542309900094986,-3.771050956139029
2024-11-08,-3.972,-0.6713025,-0.655497869549295,-0.7003560725994836
2024-11-11,-4.254,-0.92958134,-0.6115036794553346,-0.5685662825908506
2024-11-12,-4.647,6.544281,7.551113155398912,5.51500364106067
2024-11-13,-5.177999999999999,11.26027,10.559987938289803,8.595955950516707
2024-11-14,-5.1855,11.618564,10.625537576895105,8.854562006915398
2024-11-18,-3.8474999999999997,7.314603,6.837974862071165,5.706809097482227
2024-11-19,-4.3275,7.050264,6.221558715819043,5.281139081233205
2024-11-20,-4.0725,7.8007383,6.4576440419232455,5.66922742830226
2024-11-21,-4.017,8.67341,9.34971429143479,7.05804590014839
2024-11-22,-4.071,6.75747,6.36802564239206,5.222188546771811
2024-11-25,-3.78,4.250503,5.437608241064826,3.7455649792740005
2024-11-26,-4.089,3.5378015,-0.8931692776980568,1.0499576355196223
2024-11-27,-4.1055,0.5677477,0.8037980749531662,0.20195933843244876
2024-11-28,-4.0275,0.7693219,0.7468138139283359,0.18418510951488637
2024-11-29,-2.5244999999999997,0.29725966,0.05895941191203917,-0.29718887565154906
2024-12-02,-3.9644999999999997,0.60387504,-0.7169276039029121,-0.5845580074427592
2024-12-03,-2.865,-0.8903302,-1.6025853539216037,-1.6191154628601867
2024-12-04,-2.9265000000000003,-0.82945967,-1.8926779704624044,-1.716874589393285
2024-12-05,-1.704,0.4525,-0.5578409419076852,-1.0237782522118681
2024-12-06,0.06599999999999966,1.1500618,0.09664858135648419,-0.779179567412994
2024-12-09,0.5445000000000003,-2.5506704,-2.697337067810032,-3.07592414158602
2024-12-10,0.12899999999999992,-0.6168927,-0.8383473957057394,-1.605849564502106
2024-12-11,1.1835,-2.6491385,-2.3477957058033305,-3.1102158454818287
2024-12-12,0.19949999999999973,-3.5115352,-2.4511315998640275,-3.4093255547257657
2024-12-13,-0.9675000000000004,-3.8438323,-2.873502361941968,-3.7846304356431903
2024-12-16,-1.0155000000000005,-4.2500496,-4.1937907034354405,-4.477124945226704
2024-12-17,-1.2105,-4.455501,-4.525400311023263,-4.440060717026
2024-12-18,-2.5815,-2.1596675,-1.99016263575459,-2.457731983052462
2024-12-19,-1.4849999999999997,-3.681965,-3.471553552381575,-3.2354870727792986
2024-12-20,-2.3505000000000003,1.303925,1.565146801753983,0.7700347127280517
2024-12-23,-2.571,2.9006257,0.408129175084734,1.1039791885173862
2024-10-28,-5.0954999999999995,8.37077,8.029692192829451,6.783742163935857
2024-10-29,-5.2065,8.017817,8.11006187437979,6.576134877357633
2024-10-30,-4.728,6.2397237,7.036452571777144,5.1103024230435565
2024-10-31,-4.366499999999999,3.613962,-0.7131570245687868,1.2302842705936246
2024-11-01,-4.113,0.54964536,0.34576521777277214,0.05962323867622876
2024-11-04,-3.738,3.4972277,-0.32109479404503666,1.3956066174429993
2024-11-05,-3.981,0.2930575,0.6308294654482332,0.31224684783960754
2024-11-06,-3.375,-1.8120408,-1.1865313002483904,-1.751977631432037
2024-11-07,-3.408,-2.585687,-2.4894961010289856,-2.4540299229704376
2024-11-08,-3.78,0.5826067,0.6990883603394527,0.25613765657411003
2024-11-11,-3.6645,0.81747216,0.987226278205297,0.5401484751769604
2024-11-12,-4.2059999999999995,4.595258,4.626132735506978,3.533321115047999
2024-11-13,-4.572,8.211002,7.458573355516008,6.43001432521084
2024-11-14,-4.672499999999999,8.34598,9.960832286186752,7.343679405965743
2024-11-18,-4.877999999999999,7.961533,8.03067800671788,6.607645002698076
2024-11-19,-4.3709999999999996,6.8146877,5.41948928445326,4.994131012429693
2024-11-20,-4.0485,6.1571918,5.188275239379278,4.5987482252325815
2024-11-21,-4.4745,7.0438952,7.8564529356061605,6.134715300495703
2024-11-22,-4.3515,6.977854,6.428873768326058,5.509172933610003
2024-11-25,-3.12,3.9461393,5.060818802539272,3.4988338089750033
2024-11-26,-3.2714999999999996,3.5296946,0.8931667319822056,1.7779106141984569
2024-11-27,-1.7130000000000003,2.5984826,2.0959789502637913,1.6801062772279083
2024-11-28,-2.8095,1.5130147,1.6596748199427878,1.0348887616035256
2024-11-29,-2.7315,1.042348,1.1329289621069087,0.4852928754062472
2024-12-02,-2.2905,0.13381971,-0.06718011396112324,-0.5662453634216471
2024-12-03,-1.4309999999999998,-2.4784884,-0.7131872484899464,-1.8945327823483071
2024-12-04,-0.8400000000000002,-2.283934,-0.4658238448162477,-1.9235518643159983
2024-12-05,-1.0514999999999997,-2.3696723,-0.6494252836256943,-2.1212390719273295
2024-12-06,-0.5864999999999995,-2.4643648,-0.6799617790569626,-2.2351266268469976
2024-12-09,-0.05999999999999978,-2.7793634,-1.7806617332122712,-2.9577725542157385
2024-12-10,2.123999999999999,-3.8155892,-3.9763011729061852,-4.282804836680159
2024-12-11,1.4594999999999996,-4.1904974,-4.224757690075463,-4.579974540643377
2024-12-12,1.2090000000000003,-3.7753627,-4.194106315787132,-4.330144803124169
2024-12-13,1.2675000000000003,-4.327557,-4.321750403301253,-4.558900532447546
2024-12-16,2.0280000000000005,-4.4222493,-4.403303831936501,-4.607249558276731
2024-12-17,0.5235000000000003,-4.694474,-4.164322266507165,-4.705794949365571
2024-12-18,0.15900000000000034,-3.2129972,-2.616907110244306,-3.216339901383878
2024-12-19,0.11999999999999957,-3.320417,-3.0864802383066534,-3.2262195535518896
2024-12-20,-1.125,2.3258677,2.6898072871101877,1.382164593307387
2024-12-23,-1.4925000000000004,3.7214859,0.8257831938406524,1.2708065263238688
2024-10-28,-5.011499999999999,11.9024725,11.156862906346108,9.217919718548105
2024-10-29,-4.62,8.651369,8.526936550993234,6.825431354007578
2024-10-30,-3.828,3.5972712,4.481761906637175,3.227044455884104
2024-10-31,-3.6015,4.5174193,0.1108262088833263,1.8008867142312657
2024-11-01,-3.567,0.7788696,0.6647314103760835,0.15981680970298456
2024-11-04,-3.0765000000000002,4.2112036,1.154954298358259,2.113653230374816
2024-11-05,-3.4244999999999997,0.8359784,1.2837225546423776,0.6905492060847915
2024-11-06,-3.2819999999999996,-2.1423962,-1.6222626511099785,-2.050363453693578
2024-11-07,-3.3855,-2.6521676,-2.81160006458273,-2.615851208101886
2024-11-08,-3.8009999999999997,-0.22387536,-0.1006252101872521,-0.2914179164691722
2024-11-11,-4.1339999999999995,-0.30320972,0.1334026621642901,-0.1213592369872753
2024-11-12,-4.6964999999999995,3.138683,3.7328606483304494,2.836956030396543
2024-11-13,-5.3415,8.294229,8.065503025235591,6.720769131869765
2024-11-14,-4.2285,7.284149,6.728607984655808,5.809335320785579
2024-11-18,-4.638,7.1775556,6.446298211022292,5.758609048717005
2024-11-19,-4.047,5.1361213,4.43578452815013,3.943298198127839
2024-11-20,-3.5265,3.854866,4.572112791519969,3.566677651558314
2024-11-21,-3.9285,5.3054633,6.64901809539786,5.000798719306657
2024-11-22,-3.1994999999999996,4.3176227,4.987162078942546,3.7749321514246503
2024-11-25,-1.6349999999999998,3.562731,4.97220773007955,3.3938519530469673
2024-11-26,-2.3324999999999996,2.954056,0.07370105921462942,1.3904349649493888
2024-11-27,0.049499999999999746,1.5706133,2.0892219111722214,0.9221663052517843
2024-11-28,-3.5775,1.0054153,1.1722108161703693,0.5698020044872381
2024-11-29,-3.2369999999999997,-0.31630287,-0.22842903356881403,-0.5815042860696695
2024-12-02,-3.144,-2.434639,-2.4482214813496315,-2.629893830748805
2024-12-03,-2.244,-4.9473653,-4.9566602449593224,-4.73542782399987
2024-12-04,-2.6835,-4.2854986,-3.958510749997806,-4.356798108583727
2024-12-05,-2.5260000000000002,-4.7590356,-5.093881735204633,-4.889707201780811
2024-12-06,-2.2425,-4.7590356,-4.9857846743052825,-4.958908647107081
2024-12-09,-2.4465000000000003,-4.963736,-5.0115704816842195,-5.106096008874181
2024-12-10,-1.215,-4.697184,-4.832921277634932,-5.001711610111654
2024-12-11,-1.6199999999999994,-4.2427435,-4.262441179792138,-4.821333467273956
2024-12-12,-1.446,-4.199027,-4.142939611524866,-4.523166890388586
2024-12-13,-1.3695000000000004,-5.003125,-4.980981551179172,-5.06590330712927
2024-12-16,-1.5360000000000003,-4.266291,-4.297785645378652,-4.566685337142138
2024-12-17,-1.8570000000000002,-4.745572,-4.642391622279562,-4.772160561479907
2024-12-18,-2.4585,-3.4115813,-2.852963099360401,-3.2239640461141184
2024-12-19,-2.6414999999999997,-2.3574083,-2.208236781373346,-2.496810737233004
2024-12-20,-3.5069999999999997,3.6652048,3.7128840300967605,2.331893207254727
2024-12-23,-4.0905,6.1506095,3.891323028534549,3.335257632491685
2024-10-28,-3.9194999999999998,7.3623013,8.128779876392068,6.369646150602281
2024-10-29,-3.5235,5.5823755,6.45424627305735,5.047730837305345
2024-10-30,-3.252,3.9093025,5.151381923041896,3.621893730547888
2024-10-31,-3.2355,3.5381534,0.5612579371313657,1.781326719012034
2024-11-01,-2.7224999999999997,2.411759,2.2634683705783005,1.4715378182874794
2024-11-04,-2.4375,3.749833,0.7810515714133648,1.9592892224192786
2024-11-05,-2.4074999999999993,1.653157,1.9102690464270138,1.2850527130011862
2024-11-06,-1.827,-1.2953188,-0.7385112104480057,-1.4049182689799184
2024-11-07,-2.004,-1.9323287,-2.0008645878020572,-1.9808235326260437
2024-11-08,-2.841,1.0604599,1.346739356341776,0.65724853074484
2024-11-11,-2.844,0.6837521,0.8533579211280444,0.4672225772658178
2024-11-12,-3.216,3.3748915,4.770766194370467,3.156990677101369
2024-11-13,-4.549499999999999,11.241389,9.90451708813088,8.3710586124054
2024-11-14,-4.563,11.241389,9.90451708813088,8.5099405650297
2024-11-18,-4.7684999999999995,11.644905,10.116610305986297,8.604311257368089
2024-11-19,-4.071,7.707306,6.590481901928088,5.845794688556669
2024-11-20,-3.5115,7.219139,6.606962039854109,5.6870991509715205
2024-11-21,-4.061999999999999,6.549645,10.60492354678031,6.835893239827109
2024-11-22,-3.618,6.057582,7.168232137446359,5.398899604651514
2024-11-25,-1.5165,4.597566,7.005015473318329,4.378080004498915
2024-11-26,-2.1764999999999994,4.5417304,2.023730242413872,2.5046211938232323
2024-11-27,-2.19,2.730256,2.119100892977652,1.5932030616394124
2024-11-28,-1.9349999999999996,2.8624022,2.3691884296159778,1.744891502424477
2024-11-29,-2.2199999999999993,1.4119253,1.263984371739994,0.6598396223005686
2024-12-02,-2.4675000000000002,-0.9457077,-1.1241141544703357,-1.6690760354734255
2024-12-03,-0.4110000000000003,-1.8709098,-0.9741139658946042,-1.8982649344582976
2024-12-04,0.9855,-1.1358484,-1.5518173173010177,-2.0398786332960106
2024-12-05,-0.04650000000000034,-1.9992876,-2.2363773296317153,-2.720331754630461
2024-12-06,0.31050000000000005,-1.7498258,-2.3623817535939984,-2.8061579307523172
2024-12-09,0.3150000000000002,-2.2344868,-2.4679142703761285,-3.154246599531146
2024-12-10,1.3079999999999998,-2.8359,-2.8160435844907803,-3.435169870680432
2024-12-11,1.1054999999999995,-2.7382755,-2.6216435835510734,-3.438558272140523
2024-12-12,1.2269999999999999,-2.6884477,-2.76605770480332,-3.3304422305314505
2024-12-13,1.3034999999999997,-2.771829,-2.7837702400481503,-3.2806083030782407
2024-12-16,1.0260000000000005,-3.5570803,-3.161447103283298,-3.730213524970753
2024-12-17,0.5789999999999998,-4.129582,-4.027628033204864,-4.3305831015054475
2024-12-18,-0.5400000000000001,-2.4132137,-2.12541535838655,-2.7503842082688386
2024-12-19,-1.527,-1.3329494,-1.4744266858058244,-1.8860922683306902
2024-12-20,-2.3010000000000006,3.6595592,3.353005501268284,2.1673256088019186
2024-12-23,-3.249,4.4741473,2.5416680729961048,2.2833403835539747
2024-10-28,-3.8234999999999997,7.9772434,7.075144235706384,6.12632828898534
2024-10-29,-4.601999999999999,8.275201,9.83233684268317,7.112311909957224
2024-10-30,-4.041,6.709246,7.873179125966558,5.56047907273168
2024-10-31,-4.152,5.2555323,1.4023784881169792,2.547890540063252
2024-11-01,-4.1775,0.94417524,1.249615036915644,0.5193832399284464
2024-11-04,-3.5475,4.629232,1.4023784881169792,2.4377107969884815
2024-11-05,-2.1824999999999997,1.2895421,1.4180370162123286,1.009596048478583
2024-11-06,-1.7385000000000004,-2.2666502,-2.1404106397712717,-2.3177141188500787
2024-11-07,-2.523,-4.2389016,-4.007830482379603,-3.6175246322922607
2024-11-08,-1.3800000000000003,0.9508167,1.4465229038128458,0.6533713507124217
2024-11-11,-2.9354999999999998,1.1994532,0.9900652864000441,0.5676459652703265
2024-11-12,-3.1559999999999997,2.7385774,3.9017087029995565,2.5191786387214674
2024-11-13,-4.294499999999999,6.9492936,6.778518613020366,5.605856162469175
2024-11-14,-4.0605,6.5580378,5.654407270361625,5.10187627383482
2024-11-18,-4.3755,6.665678,6.282018164372913,5.3676449555974255
2024-11-19,-4.281,6.5241795,4.926366801831387,4.68038621299494
2024-11-20,-3.8489999999999998,6.919636,5.280297606928994,4.9370647717258045
2024-11-21,-4.671,8.619358,8.093029524893966,6.890199049167781
2024-11-22,-4.7775,8.00157,6.210327828868979,5.824413308709823
2024-11-25,-2.7569999999999997,5.500942,6.520012249118194,4.416882441668019
2024-11-26,-2.5889999999999995,4.7847314,1.2261659849323958,2.3717925241073097
2024-11-27,-2.511,2.402965,1.9938917050561291,1.6147607566143733
2024-11-28,-3.048,3.029946,2.0463848916526173,1.7430481766179722
2024-11-29,-2.874,2.648492,2.1714117647731364,1.4936848622342918
2024-12-02,-2.0130000000000003,-0.3837064,1.2930242406786252,-0.15863488588207547
2024-12-03,-1.3485000000000003,-0.7998045,-0.5217709585115705,-1.3486534522588944
2024-12-04,-0.15,-1.2085317,-1.4141514070174328,-2.0291390945118364
2024-12-05,-0.3,-1.7252836,-2.4047139969956715,-2.6344402484660367
2024-12-06,-1.6889999999999996,-2.5190592,-1.5087757800797013,-2.9053621019217237
2024-12-09,-1.7909999999999997,-1.6895019,-2.6737218805809495,-2.9105127694756012
2024-12-10,-1.0784999999999996,-3.3664656,-3.4747430490464746,-3.835518926860522
2024-12-11,-0.40650000000000014,-3.4283404,-3.7358971699018397,-4.065857494980575
2024-12-12,0.2594999999999995,-2.8036036,-3.3745601769203133,-3.549504105336468
2024-12-13,-0.2670000000000002,-4.0108166,-4.169493372670945,-4.2692487217281965
2024-12-16,-0.4815000000000001,-4.0108166,-4.089680884261148,-4.387885978975319
2024-12-17,0.1724999999999998,-4.020796,-4.112339020053701,-4.147514400226364
2024-12-18,-1.0394999999999999,-2.7753856,-2.3484009807684934,-2.808815492283875
2024-12-19,-1.0110000000000003,-1.969482,-2.120315650867524,-2.2709979577628046
2024-12-20,-1.4175000000000004,3.6388614,3.417894898617694,2.28061188259834
2024-12-23,-3.552,5.2404675,2.4716636137210766,2.6633608632417474
2024-10-28,-4.422,6.636098,7.446066978581875,5.999172107961238
2024-10-29,-4.413,5.695998,5.461262091508171,4.816628810180166
2024-10-30,-3.714,4.1755543,4.2291462943945355,3.4556793459529915
2024-10-31,-3.4605,2.5382195,-0.869673488365277,0.9758175061881326
2024-11-01,-2.7569999999999997,0.31209913,0.712753940651385,0.27679993304275796
2024-11-04,-3.0285,3.0280485,-0.4669766523724264,1.3210706352621038
2024-11-05,-0.3510000000000005,2.030772,1.7839752348539892,1.5394441948284365
2024-11-06,-0.948,-0.90921885,1.0256721688412338,-0.6180679991644227
2024-11-07,-1.2195000000000003,-1.734879,-0.037078955793919,-1.159433996449471
2024-11-08,-2.2755,0.5608414,0.39284890529979594,0.35703886953838276
2024-11-11,-3.4410000000000003,0.07728583,0.1752413114226493,0.15642436656274789
2024-11-12,-3.3089999999999997,3.3173869,4.2737386507215325,3.060888373627109
2024-11-13,-3.7199999999999998,6.30143,6.247176394970523,5.396861833875722
2024-11-14,-3.3569999999999998,6.167585,6.291470623384414,5.334300093502976
2024-11-18,-3.54,5.922724,6.118334242230139,5.134455075477003
2024-11-19,-2.7329999999999997,4.40819,4.444898637473344,3.7705458209604146
2024-11-20,-1.9574999999999996,4.26203,5.077973038605476,3.868597961931269
2024-11-21,-2.0594999999999994,3.8837535,6.045474226986561,4.366924002223991
2024-11-22,-1.9679999999999995,4.290659,4.846043353582672,3.7473782613092315
2024-11-25,-0.9735000000000003,4.190202,5.210456514641129,3.5706106225398613
2024-11-26,-1.2449999999999994,3.7232664,0.5541905024011858,1.6625228300999804
2024-11-27,-0.2594999999999995,1.2271943,1.3387992634984722,0.6341771099028779
2024-11-28,-0.6945000000000003,1.1114547,1.5795821496172835,0.5851020989487311
2024-11-29,0.8565000000000002,0.8755965,0.9908743752781305,0.20160575026454297
2024-12-02,1.7204999999999997,-3.5394645,-2.888224139218911,-3.216887896103258
2024-12-03,1.6125,-4.5377026,-4.489167317202779,-4.367598003942527
2024-12-04,1.1070000000000004,-4.198968,-4.172573571445783,-4.227381256469271
2024-12-05,1.2510000000000006,-3.7430003,-3.968141277339255,-4.132047591438862
2024-12-06,2.0969999999999995,-4.6404934,-4.626154888289279,-4.8058569659401345
2024-12-09,2.618999999999999,-4.7238393,-4.1740336012716845,-4.696803295405382
2024-12-10,3.331499999999999,-4.7153625,-4.098011266827141,-4.612984283154455
2024-12-11,3.306000000000001,-3.052222,-2.6192120597067357,-3.56812079405765
2024-12-12,3.4170000000000003,-2.5093038,-2.2746515368041034,-3.1309127301171067
2024-12-13,3.5970000000000004,-1.9557905,-1.9758383423715786,-2.7718418413112147
2024-12-16,3.6585,-1.9557905,-1.9758383423715786,-2.7967117114901794
2024-12-17,4.6499999999999995,-3.0847712,-3.075505535279951,-3.2248302207484576
2024-12-18,4.610999999999999,-1.615153,-1.0441969270414626,-1.7632169670950406
2024-12-19,4.265999999999999,-0.5405868,-0.9221231890721783,-1.0229168571915703
2024-12-20,3.552000000000001,3.141038,3.1193465377384917,2.1713818845655894
2024-12-23,2.9955,5.224813,1.9219593518024838,2.5365557026532413
2024-10-28,-3.1799999999999997,5.2679935,5.847009809906432,4.761856540482226
2024-10-29,-3.3539999999999996,7.2461195,7.90531200228947,6.021370484976989
2024-10-30,-2.7150000000000003,2.4379668,3.860601729188398,2.4668710620603846
2024-10-31,-2.1,3.2486184,0.6726447180117643,1.4155712423640618
2024-11-01,-2.9085,-0.13506013,0.9965124249680731,-0.1868509481522596
2024-11-04,-1.3619999999999997,2.5640538,-0.18829964304996608,0.8981705030242516
2024-11-05,-2.1854999999999998,-0.599027,-0.06793414165873117,-0.47413131024917765
2024-11-06,-0.9014999999999996,-2.6338193,-2.2017105104106927,-2.534488064632539
2024-11-07,-1.0559999999999998,-3.832741,-3.493148895908692,-3.373064590511452
2024-11-08,-1.0184999999999997,0.678957,0.7979655843609363,0.308513644988475
2024-11-11,-1.8914999999999997,-1.0086905,-0.40468938850896186,-0.6006959682629185
2024-11-12,-2.6414999999999997,1.4851457,3.0150337378919025,1.8888325809356576
2024-11-13,-3.7935,4.404588,5.184289707662892,4.269575487849813
2024-11-14,-3.1395,4.327691,5.237854121925704,4.1552386051554855
2024-11-18,-3.2685,4.942062,5.405587268135958,4.623708336826382
2024-11-19,-2.79,4.8631454,3.8727853730009474,3.761706966263893
2024-11-20,-2.4014999999999995,4.255872,3.8093009701162477,3.4812609427324377
2024-11-21,-2.5574999999999997,3.3219168,4.977324264453522,3.8695688441717793
2024-11-22,-2.5829999999999997,4.2881813,3.8093009701162477,3.4381610808545626
2024-11-25,-0.7275000000000001,4.484061,5.841035193760206,3.8750370941541723
2024-11-26,-1.821,3.3434463,-0.3269675460332707,1.303622987886008
2024-11-27,-1.6784999999999997,0.83571,0.8835305360415177,0.6032584862310231
2024-11-28,-1.6349999999999998,0.87083405,1.1772514529753515,0.6123883068162395
2024-11-29,-1.7054999999999996,0.1649895,0.5998838524019546,-0.026381343840519267
2024-12-02,-1.9605,-3.1443167,-3.277098195717535,-3.0971101251183866
2024-12-03,0.8385000000000005,-3.9830387,-4.315492456115211,-4.016771167786285
2024-12-04,0.49499999999999955,-4.960287,-4.9799766873198745,-4.673925101401762
2024-12-05,-0.4769999999999999,-4.7461953,-4.783236063447617,-4.630029311569957
2024-12-06,-0.9059999999999998,-4.651503,-4.7145223202130095,-4.7166224837462485
2024-12-09,-0.6570000000000004,-4.7909136,-4.70015635443722,-4.771427019980635
2024-12-10,0.5610000000000003,-4.8617835,-4.6533748318258406,-4.809886956749151
2024-12-11,0.9284999999999997,-4.6515245,-4.52558885336269,-4.736712125374469
2024-12-12,0.7349999999999998,-4.2143035,-4.3257976621154635,-4.336780303423627
2024-12-13,0.798,-4.2624397,-4.374380794363296,-4.323802282695764
2024-12-16,1.0260000000000005,-4.066911,-4.217887098231792,-4.160485221957514
2024-12-17,0.7065000000000001,-4.3682446,-4.629538943559474,-4.416532625446788
2024-12-18,0.16950000000000037,-2.6789353,-2.3266092461568255,-2.7233247799885256
2024-12-19,0.06900000000000013,-2.6692047,-2.6985518344222665,-2.5973759402178755
2024-12-20,-0.7739999999999995,1.9986604,2.280218030834474,1.378091932058831
2024-12-23,-1.5374999999999999,3.76376,0.9252227413284428,1.6308114727972058
2024-10-28,-0.5534999999999997,8.347554,6.639668167292089,6.59610545852169
2024-10-29,-0.5760000000000005,6.626102,7.413920074612517,5.950536523959107
2024-10-30,0.12899999999999992,4.799842,5.674404635206463,4.267356865461518
2024-10-31,0.8204999999999998,4.7407002,0.47364341685581274,2.288655135524731
2024-11-01,1.704,2.7280285,3.424671546850901,2.279277205391274
2024-11-04,1.9335,5.9679847,1.4188168614450976,3.133394809465309
2024-11-05,2.196,1.7012416,2.342065224561377,1.7753351329943492
2024-11-06,2.577000000000001,-0.24897878,-0.020651819290931118,-0.503053425438154
2024-11-07,2.1675000000000004,-1.0573635,-0.8103924847451555,-1.0226395260681704
2024-11-08,1.5224999999999997,1.4988524,1.7562326396961911,1.244118282773341
2024-11-11,-0.4425000000000004,0.91537046,1.2898296084066008,0.8514665245382342
2024-11-12,-0.9195000000000003,3.961781,4.1798795685677055,3.386945711875755
2024-11-13,-3.771,6.4652734,5.8960521071360725,5.372238836999953
2024-11-14,-2.766,5.9714446,5.288150615842857,4.981148751358223
2024-11-18,-3.126,4.4427276,5.110891264337513,4.2996705741818415
2024-11-19,-1.8045,6.917557,4.722324451203334,4.848722641082168
2024-11-20,-1.296,6.4221797,4.934194245910641,4.6951645812557
2024-11-21,-0.9809999999999999,3.5823984,5.691052638793108,4.16447849721208
2024-11-22,-1.0815000000000001,4.7513194,4.669430322688463,3.9248938092092747
2024-11-25,0.9449999999999995,3.5155747,4.980710495267186,3.4733073655241324
2024-11-26,0.19499999999999956,4.222804,0.45050862008888104,1.9866843834140895
2024-11-27,0.1349999999999998,1.5927932,1.5737859339409503,1.090696492467632
2024-11-28,0.0764999999999997,1.2288289,1.2974530399960829,0.7923516979958538
2024-11-29,0.6570000000000004,0.791302,1.1268240384773425,0.48855957161717806
2024-12-02,1.173,-1.7677742,-1.8334352302247476,-2.000388139928997
2024-12-03,1.8525,-3.6787531,-3.615044483108819,-3.5708735070823225
2024-12-04,1.875,-3.5513847,-3.4558731043706667,-3.5507065729979206
2024-12-05,3.6255,-3.834948,-3.7865662224524352,-3.7321290559320843
2024-12-06,3.1364999999999994,-3.0588932,-2.924899983574007,-3.3625341175668795
2024-12-09,4.015499999999999,-3.473432,-2.9547662377047845,-3.5217793283217826
2024-12-10,3.7409999999999997,-4.662854,-4.12712282221495,-4.348515103405573
2024-12-11,3.4680000000000004,-4.621668,-4.170207548781544,-4.4624345358653095
2024-12-12,5.4075,-4.2396617,-4.201744456452356,-4.476348355626702
2024-12-13,3.4484999999999992,-4.187537,-3.9946198232329806,-4.186335844365206
2024-12-16,3.4005,-4.6118116,-4.655251174796984,-4.5355423114850515
2024-12-17,3.164999999999999,-4.318548,-4.338932873643592,-4.2295120990598525
2024-12-18,2.4779999999999993,-3.0007005,-2.435006801909544,-2.950783388511329
2024-12-19,2.5395000000000008,-2.9928012,-3.3664271789217226,-2.995147539654628
2024-12-20,-0.0375,2.1764214,2.6176628697729782,1.3882701566455722
2024-12-23,-1.0800000000000003,4.2002034,1.127273477609736,1.6647467710861512
2024-10-28,-4.6545,11.25029,10.937846128909342,9.127500676046722
2024-10-29,-2.7375,6.5160246,8.090996590722455,6.014451031268077
2024-10-30,-2.6534999999999997,3.8322134,4.949374838397189,3.5009988046579306
2024-10-31,-1.8780000000000003,2.9265735,-0.38527975517715946,1.2434238168742573
2024-11-01,-1.3260000000000005,2.9658513,2.071246536713905,1.7012288045439505
2024-11-04,-1.6815,5.882615,2.497995751249261,3.288463221062291
2024-11-05,-0.17699999999999996,2.2324734,1.7804063366186123,1.4894690259575707
2024-11-06,-0.13800000000000026,-1.503404,-1.3577000290072567,-1.6626819184500523
2024-11-07,0.06599999999999966,-3.0906205,-3.561886164659944,-2.981841433742478
2024-11-08,-1.9545000000000001,-0.60538816,-0.34826526112508993,-0.5769698509815158
2024-11-11,-1.8105,-0.025226079,0.19879491905748398,-0.024239736774247955
2024-11-12,-2.2304999999999997,1.7703578,3.503056060644646,2.201387366647953
2024-11-13,-2.5395,4.521494,5.287202275244689,4.459976362860827
2024-11-14,-2.0835,4.8559055,5.778313434116137,4.592726113763552
2024-11-18,-2.985,5.5601177,5.874842554517185,4.921503505056301
2024-11-19,-1.7655000000000005,5.4077454,4.642166022937069,4.149767187075398
2024-11-20,-1.1940000000000002,4.529354,5.2085160778613755,4.062469093004429
2024-11-21,-1.8675000000000004,3.9059486,5.68115884354237,4.3757254495758
2024-11-22,-1.9304999999999994,4.6163254,4.147696271579399,3.699061444714514
2024-11-25,-1.992,3.3478413,4.2526825035297815,3.0706950875781995
2024-11-26,-0.13200000000000037,2.7893875,0.480178608650233,1.6036834788447374
2024-11-27,0.08099999999999986,2.0185597,1.85253678226112,1.451708458683377
2024-11-28,1.1909999999999996,1.5592911,1.5260451901343288,1.0595490180626004
2024-11-29,0.2010000000000005,0.8394853,0.9463889059429913,0.3825316892711361
2024-12-02,3.435000000000001,-2.1691663,-2.2538220547243206,-2.3011576918709196
2024-12-03,2.131499999999999,-4.1394477,-3.735993807527498,-3.7349275017503145
2024-12-04,2.4569999999999994,-3.2372603,-3.157833563116063,-3.3304073271178902
2024-12-05,2.9789999999999996,-2.807962,-2.6579803979985774,-3.086941938825949
2024-12-06,3.3135000000000003,-1.5691811,-1.5336246298105136,-2.315274831785701
2024-12-09,5.014500000000001,-1.341703,-1.3184592153630799,-1.9091756924434409
2024-12-10,4.7925,-2.9788668,-2.5555178292070604,-3.190264262571922
2024-12-11,5.060999999999999,-3.1266203,-2.255255834283155,-3.204835501719891
2024-12-12,4.596,-2.4738486,-2.458379643314102,-2.9119470514846055
2024-12-13,4.3965000000000005,-2.6098459,-2.458379643314102,-2.945091896551231
2024-12-16,4.797000000000001,0.15046433,-0.05829886425915678,-0.9007525491090036
2024-12-17,3.6359999999999992,-1.9410642,-1.0225488216640632,-1.9163217557717682
2024-12-18,2.4765000000000006,-1.3106927,-0.6541475600250647,-1.6701259989878205
2024-12-19,2.5305000000000004,-1.7736104,-1.6200919977444421,-1.8340831508203357
2024-12-20,1.9409999999999996,2.254142,2.8784240534395913,1.7266710346612764
2024-12-23,1.2539999999999998,5.4336653,2.1174476041927304,2.520969983110218
2024-10-28,-4.0785,8.028174,8.4050524652327,6.698095591104064
2024-10-29,-4.2509999999999994,6.6198554,6.74462380524115,5.533757518719766
2024-10-30,-3.8444999999999996,4.3573127,4.712623837603305,3.610017675880001
2024-10-31,-3.129,3.4002016,0.13213877037996172,1.5664941282439684
2024-11-01,-2.631,0.8692405,1.1627656919873335,0.5947044298702642
2024-11-04,-2.694,4.6296763,0.9302940581870396,2.2613619341925633
2024-11-05,-2.6835,2.2635126,1.970454381860089,1.4443636599781922
2024-11-06,-1.992,0.12000343,0.02487772722175315,-0.3482241974071492
2024-11-07,-2.4525,-2.3948922,-2.697584862923273,-2.368045791705467
2024-11-08,-2.658,1.1895834,1.2044050023499466,0.6859535214357587
2024-11-11,-3.5925,0.6210148,1.136901297290395,0.4603007031123391
2024-11-12,-3.3059999999999996,4.103383,5.034534195630329,3.5491057294910786
2024-11-13,-4.0845,8.558435,8.340627381010833,6.873863101918373
2024-11-14,-4.1579999999999995,8.259597,8.604351696377542,6.763734656329346
2024-11-18,-4.2405,8.514822,8.959802966870852,6.9270499099504175
2024-11-19,-4.0845,8.498885,7.322280229252687,6.301931424814792
2024-11-20,-3.7515,8.154141,7.459381324973983,6.148795504788795
2024-11-21,-2.9684999999999997,7.326226,8.870501544719925,6.418730399604906
2024-11-22,-3.5775,6.1195383,5.626723501738989,4.55436375803789
2024-11-25,-2.4344999999999994,4.21541,5.153631124592898,3.5270498346611214
2024-11-26,-2.8829999999999996,3.5168262,1.3541219791874486,1.8556516866349737
2024-11-27,-1.992,2.4236605,2.260775192519663,1.5100473455022105
2024-11-28,-1.9889999999999997,2.0096867,1.5717437510345404,1.0291565384715038
2024-11-29,-1.3905000000000005,0.98347825,1.2579025032121587,0.536955237703256
2024-12-02,-0.15599999999999986,-0.49100804,1.1070937798083311,-0.3777301597557858
2024-12-03,0.6164999999999999,-0.9542188,0.23170682192773534,-1.1099056791295863
2024-12-04,2.8874999999999997,-3.5392427,-3.520655359834349,-3.5160657210582653
2024-12-05,1.4804999999999995,-2.5965848,-2.6814855283359615,-3.083614532514117
2024-12-06,1.3170000000000002,-2.333681,-2.509107597326444,-3.0684608846936055
2024-12-09,1.6934999999999998,-3.6773684,-2.940667974241461,-3.6732233600507938
2024-12-10,1.752,-3.510968,-2.8822288966080976,-3.6233343365418347
2024-12-11,2.9505000000000003,-3.9185975,-2.327611262076504,-3.615205035845738
2024-12-12,2.9805000000000006,-2.3621678,-2.4596066784644544,-2.8061742560135507
2024-12-13,3.033,-3.2229023,-2.91642452095771,-3.337830434557386
2024-12-16,3.1425000000000005,-3.1141915,-2.3378594056994815,-3.1541127729365117
2024-12-17,2.1555000000000004,-3.4697254,-3.387546965605938,-3.5221052990422868
2024-12-18,1.4760000000000004,-2.1516776,-1.786847626904468,-2.434493623718872
2024-12-19,1.4760000000000004,-1.906805,-1.7511100639899098,-2.1480950391779303
2024-12-20,-0.7244999999999997,2.7069619,2.9846786601481172,1.6939239866027165
2024-12-23,0.007499999999999573,4.424383,1.920211148711806,2.074959112497142
2024-10-28,-3.9525,7.55053,7.409238910728453,6.06696925584367
2024-10-29,-4.32,7.620318,7.412315456632513,6.023638089082445
2024-10-30,-4.2135,5.2742896,6.131904541133617,4.342396104391902
2024-10-31,-3.6914999999999996,3.4146087,-0.028637779649787917,1.0504167397240778
2024-11-01,-3.891,0.77735937,0.20571983056843343,-0.2826205314831949
2024-11-04,-3.1725,5.47857,0.9108382787914864,2.057282000244532
2024-11-05,-3.4125,0.6762926,1.1021180593355757,0.282895345526029
2024-11-06,-2.6085,-3.2592778,-3.015605379523117,-3.039165989623178
2024-11-07,-3.3539999999999996,-3.831056,-4.259451712364524,-3.656454926964977
2024-11-08,-3.327,1.3110496,0.7120744729516078,0.3993840277923132
2024-11-11,-3.768,0.9306426,0.5640374086245515,0.3473217075054347
2024-11-12,-3.63,3.5666971,4.692159789914344,3.146625783179739
2024-11-13,-5.0835,12.120371,11.079006578273898,9.248355176858736
2024-11-14,-4.984500000000001,12.115721,11.173132683571426,9.326720218111113
2024-11-18,-4.867500000000001,8.443344,7.979335535325516,6.729425048998446
2024-11-19,-4.898999999999999,7.3443255,5.787791133126922,5.266508198230925
2024-11-20,-4.039499999999999,6.496062,5.215459051364502,4.724683306662529
2024-11-21,-3.153,4.6570573,6.818336935884384,4.795118986459882
2024-11-22,-2.9744999999999995,3.870949,4.5799278922846725,3.489287621896925
2024-11-25,-2.0835,5.0409594,5.303912590130333,3.8293368491570843
2024-11-26,-2.514,3.2092583,0.07631240065877494,1.41342143938526
2024-11-27,-0.8144999999999999,2.4006248,1.8988102641323545,1.5208332097482395
2024-11-28,-1.7550000000000003,0.99041075,1.422973848336741,0.6227780797123886
2024-11-29,-0.9659999999999996,0.7621968,0.8718106666763064,0.26360170261411686
2024-12-02,-1.6139999999999997,-0.8468784,0.7388655829257175,-0.6927153543555975
2024-12-03,0.1739999999999995,-1.2431941,-0.6471122224784849,-1.5514453937003452
2024-12-04,-0.09299999999999961,-2.261779,-1.1185078168718061,-2.2805571194536864
2024-12-05,-0.9855,-2.9093695,-1.0869563729397702,-2.6673155247969436
2024-12-06,-0.852,-2.7469046,-0.9810242152019562,-2.6786842997368674
2024-12-09,-0.1514999999999997,-4.275055,-3.3324793025997823,-4.325111864540492
2024-12-10,0.43350000000000005,-2.4845963,-0.5156681115207504,-2.3562862674792058
2024-12-11,1.5585,-1.3770833,0.4741032567917671,-1.586463565275128
2024-12-12,2.2470000000000003,-2.7729485,-2.8527989203909123,-3.2190922985251156
2024-12-13,-0.5010000000000004,2.333192,-0.34521664757204823,-0.5600264064810758
2024-12-16,-0.8624999999999999,3.8620949,0.14627506765625828,-0.052735572618056226
2024-12-17,-1.8929999999999996,0.33873013,-2.7033891060287543,-2.3807708523461075
2024-12-18,-1.773,-1.5402536,-1.4443568329958572,-2.2423394157472423
2024-12-19,-2.3415,0.25710374,-1.184126181165803,-1.462198775063302
2024-12-20,-3.3825,-1.785109,3.638237037606132,0.4546720630781681
2024-12-23,-3.9539999999999997,-0.8281702,0.7859417547078793,0.054200675627239764
2024-10-28,-4.7715,10.585616,10.999551070169366,8.761660647040452
2024-10-29,-4.926,11.203406,12.027745360604555,9.24967750519592
2024-10-30,-4.9815,7.820961,10.801186800345167,7.226400095415488
2024-10-31,-4.1579999999999995,2.7031395,-0.7836657913753221,0.9532044392849823
2024-11-01,-3.5085,1.2932128,2.3252320756881026,0.9592850937501012
2024-11-04,-3.1140000000000003,4.2463346,0.9700334303680741,2.1805045436232744
2024-11-05,-2.7615,0.571262,1.1273355312020192,0.7228924452322232
2024-11-06,-1.3920000000000001,-1.1552632,-0.5940936677087417,-1.037980202778215
2024-11-07,-1.4849999999999997,-2.3638866,-2.18201916642908,-2.046350726327599
2024-11-08,-2.9865,-0.29391143,0.15032751029827995,-0.09885050114060229
2024-11-11,-4.224,-0.48568588,0.06288196317222071,-0.20356981872203989
2024-11-12,-5.2545,5.671132,7.229138646027924,5.193515507269392
2024-11-13,-5.390999999999999,11.50507,11.251459650046534,9.068181221957854
2024-11-14,-5.337,11.120623,10.97913270926063,8.826274760099126
2024-11-18,-5.2860000000000005,11.675785,11.192673738752248,9.116017670211773
2024-11-19,-5.417999999999999,11.321509,11.016523696820876,8.725938665824364
2024-11-20,-4.989000000000001,11.377844,11.459888905534815,8.901610926329724
2024-11-21,-4.83,12.382067,14.34493586601675,10.327566000382491
2024-11-22,-5.1885,11.986625,12.130987041026854,9.284434170412043
2024-11-25,-3.9989999999999997,6.343858,7.069721787973252,5.124572049608668
2024-11-26,-3.9704999999999995,5.367309,1.4962206758181982,2.5279546057436657
2024-11-27,-3.0224999999999995,2.4361567,2.0728194576799077,1.4586267914159246
2024-11-28,-3.39,2.5915759,2.047035226470556,1.3363830220121153
2024-11-29,-2.6414999999999997,1.5891775,1.3894748829414023,0.6894364773905216
2024-12-02,-3.0464999999999995,-2.214021,-2.4529489943306455,-2.454054534552942
2024-12-03,-0.8804999999999996,-0.509923,-0.18120674417940003,-1.0614907752338065
2024-12-04,-1.0335,-1.2149364,-0.4615537851913883,-1.5818613080978743
2024-12-05,0.5204999999999999,-1.5896511,-0.4840056862111728,-1.764479865848244
2024-12-06,0.9704999999999998,-3.4416559,-4.027691874793189,-3.952560637271941
2024-12-09,1.4474999999999998,-3.3257265,-3.532050838370418,-3.778873846642006
2024-12-10,2.613,-4.572158,-4.5170956795426935,-4.618856968388652
2024-12-11,3.247500000000001,-4.2847557,-4.534328280083114,-4.497025963842865
2024-12-12,3.963,-3.7094953,-4.121914111831551,-4.0269476997667795
2024-12-13,2.8800000000000003,-4.428094,-4.319463794550743,-4.419219770425775
2024-12-16,2.393999999999999,-3.4800107,-3.641467830143372,-3.7635846378269164
2024-12-17,1.3395,-4.485367,-4.2801269117598135,-4.39875854331959
2024-12-18,1.1489999999999994,-1.9723946,-1.4577425391750745,-2.2145142738870063
2024-12-19,1.3155000000000003,-2.7941906,-3.1210230416663016,-2.813220021835846
2024-12-20,-0.19050000000000047,2.4294045,2.848674770207942,1.5986989136873957
2024-12-23,-0.6855,3.7251818,0.4478140233592325,1.3895370506409743
2024-10-28,-4.2195,8.30336,8.15368732658074,6.827821096643943
2024-10-29,-3.8609999999999998,6.048899,5.827087183968633,5.070637181364067
2024-10-30,-3.5925,3.9279852,4.5892063443502416,3.4657340304825395
2024-10-31,-2.5185,2.4148319,-0.8794263000114595,1.0254573130033107
2024-11-01,-2.6625,1.3489546,1.3431919418635623,0.9453974854548783
2024-11-04,-2.4284999999999997,7.0100193,0.08490055262816502,2.919881424302265
2024-11-05,-2.5364999999999993,0.4245818,0.45580769010941014,0.37684875677428076
2024-11-06,-2.5094999999999996,-2.95673,-2.144756220042538,-2.198915020986834
2024-11-07,-2.7464999999999997,-1.0434161,-3.0545954461881086,-1.8117817274878598
2024-11-08,-2.421,-0.22963667,0.16320917451871894,-0.18146645103072553
2024-11-11,-2.9265000000000003,-0.11768925,0.2156688797268305,-0.024514286181309644
2024-11-12,-3.5775,2.143726,3.952455069975883,2.4848238483044325
2024-11-13,-4.464,6.7549543,6.287715196898662,5.543869317257175
2024-11-14,-4.5165,6.4474015,5.870166474845533,5.294631447899845
2024-11-18,-4.1565,7.4373946,7.279259244763592,6.041510669113575
2024-11-19,-3.8354999999999997,6.4752383,4.683487246447497,4.574774173300645
2024-11-20,-2.8575,3.748,4.467390087407052,3.476232207690676
2024-11-21,-3.57,5.720664,8.052006046673478,5.719048163613284
2024-11-22,-3.4934999999999996,3.9161603,4.683637650091994,3.546441050820387
2024-11-25,-2.3369999999999997,4.1456065,4.907688540342557,3.5527163336237773
2024-11-26,-1.9619999999999997,4.209885,0.6502455318357995,2.0809597382318215
2024-11-27,-1.4775000000000003,1.550593,1.5364290072410347,1.1822463333894446
2024-11-28,-2.4599999999999995,1.137978,1.1236651055414886,0.7726846032802852
2024-11-29,-2.9099999999999997,0.14256674,-0.21597440383680358,-0.15776816452048834
2024-12-02,-1.4235000000000002,-2.117782,-2.182877018644758,-2.154338527020516
2024-12-03,-0.7514999999999997,-2.754025,-1.7309846855646607,-2.4899989867597547
2024-12-04,-1.0590000000000004,-1.6904775,-1.0463562012284082,-1.981693201657619
2024-12-05,-0.6465000000000003,-1.9535347,-1.0599093060668778,-2.111844806269947
2024-12-06,0.3554999999999996,-2.5830984,-0.7808674746104041,-2.512363899963435
2024-12-09,0.7170000000000002,-4.0711074,-3.7591776208155014,-4.1307922283969525
2024-12-10,1.3574999999999995,-4.0370317,-3.7241933849679096,-4.1601373825439385
2024-12-11,1.6905000000000003,-3.5378678,-3.3909606685605485,-3.984727533410558
2024-12-12,1.4309999999999998,-3.5266957,-3.675856265822004,-3.9261021038040385
2024-12-13,1.3320000000000003,-3.5707598,-3.6002901752776353,-3.780710255948759
2024-12-16,1.9079999999999997,-3.710347,-3.7425427726620835,-3.844893367571486
2024-12-17,2.2050000000000005,-3.8642075,-3.8857580245649497,-3.7925390982342186
2024-12-18,1.3949999999999996,-1.7467294,-1.428452364848646,-1.9271122284040336
2024-12-19,0.8880000000000002,-2.5308118,-2.768463372129611,-2.5465552251770007
2024-12-20,0.12150000000000033,1.8397444,1.9691098115925236,1.3751821557871629
2024-12-23,-0.5880000000000002,3.6169229,0.39389344934622383,1.5086468768976875
2024-10-28,-5.3325,11.967192,12.658403550677178,9.798854136369588
2024-10-29,-5.49,11.860598,12.62504310969982,9.725916035034395
2024-10-30,-4.7835,6.233296,7.344262553262805,5.240495453643955
2024-10-31,-3.6854999999999998,3.3948615,0.22646143687674283,1.5904836098458521
2024-11-01,-2.9984999999999995,1.0270085,1.7329499971747129,0.7398675983282854
2024-11-04,-3.291,4.3345695,1.3103492166220254,2.271494742649951
2024-11-05,-3.888,1.3439169,2.2812807464946823,1.2137989611075803
2024-11-06,-3.096,-1.7851574,-1.304076330648423,-1.6457252397268007
2024-11-07,-3.4095,-3.154364,-3.313539994605057,-2.919735965658751
2024-11-08,-4.05,0.59696066,0.6183931278999686,0.21722526876978596
2024-11-11,-4.6259999999999994,0.2480278,0.6054023050191173,0.18549834224230663
2024-11-12,-4.524,4.49864,4.682353828513075,3.6424313405258477
2024-11-13,-3.528,6.4420114,5.738249181790145,4.866534614890572
2024-11-14,-5.268,7.4359107,6.673596968631653,5.93185376313877
2024-11-18,-5.386499999999999,5.7859592,6.673596968631653,5.343243224313087
2024-11-19,-4.788,6.933439,5.319930413531971,4.997436988380967
2024-11-20,-4.1055,6.4331503,5.191682720907297,4.830647775812683
2024-11-21,-4.341,6.8829746,6.718820759108688,5.7699859181653235
2024-11-22,-2.8515,6.164781,6.141870428921049,4.946988207090858
2024-11-25,-0.2775000000000002,3.7921035,5.1602913330173,3.680845869713795
2024-11-26,-0.49200000000000016,2.8858848,0.5151452028024843,1.7866898404831577
2024-11-27,-0.32699999999999996,2.0817235,1.6973966353787968,1.58106720322664
2024-11-28,0.9704999999999998,2.6572683,2.0595522310040537,1.9684067816712392
2024-11-29,1.0875,1.6232142,1.4207925845908258,1.0885087609494453
2024-12-02,1.1070000000000004,-2.1605165,-1.7262353936558907,-2.0635389334984633
2024-12-03,2.2965000000000004,-2.1235223,-2.130982431819545,-2.444375872136701
2024-12-04,2.6279999999999992,-2.0716686,-2.0147989224679366,-2.4847211263985858
2024-12-05,2.0445,-2.330987,-2.5829553491971846,-3.0331828064142563
2024-12-06,2.5529999999999995,-3.0701625,-3.2687431974954726,-3.615982222332213
2024-12-09,3.256499999999999,-3.01214,-2.8159170950649104,-3.3808787375832394
2024-12-10,3.3029999999999995,-4.767791,-4.069646204825099,-4.5182146232837646
2024-12-11,5.787,-4.3410172,-4.148220791198027,-4.415502412223217
2024-12-12,3.6119999999999997,-3.1813295,-3.213040730610937,-3.511445777100545
2024-12-13,3.6359999999999992,-2.72359,-2.759034512586364,-3.1530425428252498
2024-12-16,4.249499999999999,-3.7682595,-3.289025894212757,-3.691747587636791
2024-12-17,3.213,-3.71879,-3.4595125272505247,-3.580875164109184
2024-12-18,2.01,-2.1957936,-2.635137060038264,-2.6698004266273294
2024-12-19,1.2659999999999996,-2.5704894,-2.780916484651912,-2.6093440023467247
2024-12-20,-0.3525000000000002,2.1284447,2.435897948298734,1.3236104645021034
2024-12-23,-0.6945000000000003,3.3462877,1.0286900525491318,1.4143808122408073
2024-10-28,-4.569,11.614183,9.303636254203914,8.547863645878001
2024-10-29,-4.9965,11.316147,8.912979587696967,8.267079643461523
2024-10-30,-4.3485,3.0660665,4.184433146637138,3.1254275155373135
2024-10-31,-4.074,3.475941,-1.2468653288135216,1.2217608835894735
2024-11-01,-3.438,-0.22344607,-0.2647080085019041,-0.1001052135847195
2024-11-04,-3.144,3.9197917,0.06376879387111435,1.860310232957204
2024-11-05,-3.8924999999999996,-0.40080455,-0.2025032925978599,-0.03991914494055994
2024-11-06,-2.3324999999999996,-2.5003698,-1.9696147995972086,-2.0718603867812604
2024-11-07,-2.5304999999999995,-3.4492362,-3.252799629054124,-2.771349909048224
2024-11-08,-3.2205,-0.6734927,-0.6739226419652703,-0.47931904673441095
2024-11-11,-3.3225,0.03102391,-0.5549710173394452,-0.11660043985155809
2024-11-12,-4.366499999999999,3.4007895,3.363546536590035,2.9525871749250583
2024-11-13,-4.8465,7.707392,7.5280354590401055,6.48412732732855
2024-11-14,-4.3515,6.5630665,6.131261737424269,5.527438591376668
2024-11-18,-4.455,6.753619,6.310054416161634,5.642765363379126
2024-11-19,-3.876,6.801691,5.047418030227565,4.998695408756537
2024-11-20,-3.7049999999999996,3.813534,4.538420288285913,3.7038454840782378
2024-11-21,-4.0815,4.610214,5.855445846713135,4.660162237402852
2024-11-22,-4.092,5.6709294,4.680918141408746,4.298422062182105
2024-11-25,-2.7375,3.2513218,3.853240002999045,2.95867790504248
2024-11-26,-2.9415,2.715612,-0.5472122295148973,1.0361594192470422
2024-11-27,-2.4105,0.6741173,0.7886212976126283,0.5471445685636952
2024-11-28,-2.3534999999999995,0.33595666,0.46191250744952217,0.15762599892495624
2024-11-29,-1.827,-0.06917711,-0.0023016071918895266,-0.20988079202111476
2024-12-02,-1.9155000000000004,-3.6876938,-3.5877567742940077,-3.2315051621251687
2024-12-03,-1.3425000000000005,-2.7666044,-1.3211165257903146,-2.2427398337239546
2024-12-04,-1.2239999999999995,-2.5187063,-1.3358431840968363,-2.269395775441798
2024-12-05,-1.1775000000000002,-2.7377114,-1.3361760269167184,-2.5208080969190734
2024-12-06,-0.7679999999999996,-3.2802894,-2.193751421051227,-3.307972109898074
2024-12-09,-0.6929999999999996,-3.400699,-2.288610637695666,-3.4003569681431207
2024-12-10,-0.26550000000000046,-4.695257,-4.366439910809125,-4.595353420895272
2024-12-11,0.4079999999999998,-4.0583944,-4.179860045509278,-4.376580217480841
2024-12-12,-0.19200000000000017,-4.279821,-3.168282082221665,-4.009471054784548
2024-12-13,-0.32399999999999946,-4.7796826,-4.852371167135173,-4.8337631881677146
2024-12-16,1.0335,-4.350045,-4.350105622104214,-4.336347770641648
2024-12-17,-0.12300000000000004,-4.349848,-4.646567296497451,-4.412205281649243
2024-12-18,-0.8699999999999996,-2.5905352,-2.530472274584702,-2.7350270827983256
2024-12-19,-0.8864999999999995,-2.537919,-2.7646745322748743,-2.6214383566131123
2024-12-20,-1.6440000000000001,2.3510652,2.4779892756917543,1.5908456405903653
2024-12-23,-2.5199999999999996,4.402035,2.0834464789553513,2.235568289013646
2024-10-28,-4.5255,10.493251,8.801531673711182,7.835977134034839
2024-10-29,-4.3155,11.040326,9.417788358309336,8.213181535770653
2024-10-30,-3.5565,4.41199,5.981695336714994,4.273500164111809
2024-10-31,-3.2415,2.1108327,-1.2126126233116468,0.580729022739878
2024-11-01,-3.4964999999999997,-0.39390817,-0.27741753514819056,-0.47314761054240323
2024-11-04,-3.405,4.0884085,-0.02618131678388905,1.7361688349229654
2024-11-05,-3.726,-0.26465863,-0.07522317799843968,-0.1284553584089673
2024-11-06,-2.0025,-2.3551815,-2.2555604167259604,-2.195178826215026
2024-11-07,-2.1315,-3.087884,-2.9914360310513115,-2.654689348262406
2024-11-08,-3.4019999999999997,-0.11973827,-0.2053135732872459,-0.13120553519261346
2024-11-11,-3.7545,-0.19907261,-0.13700975658890283,-0.0646352814763928
2024-11-12,-3.8444999999999996,3.569558,3.804006107177968,3.0243024045023805
2024-11-13,-4.6964999999999995,7.854887,7.107543807673537,6.296431737196963
2024-11-14,-4.058999999999999,5.7941794,5.8425397225886995,5.001152328129919
2024-11-18,-3.87,6.291139,5.92457628931249,5.228898597427311
2024-11-19,-3.315,3.9371567,3.5965679565578808,3.3226289599232937
2024-11-20,-2.8829999999999996,2.966441,3.5965679565578808,3.0601144928490407
2024-11-21,-2.8049999999999997,3.7991626,6.630755560933231,4.587813246082816
2024-11-22,-2.7479999999999998,3.1216986,3.7049949409042107,3.1247787489905092
2024-11-25,-1.1639999999999997,3.5976026,4.814922791515292,3.4750076555504585
2024-11-26,-2.0789999999999997,2.8686464,-0.09754225883666871,1.3698944924334309
2024-11-27,-1.2224999999999997,1.4755483,1.6013064740431133,1.1278449970754627
2024-11-28,-1.1264999999999996,1.2098899,1.4911841573109994,0.8871954941461363
2024-11-29,-0.7994999999999998,0.7243042,1.0025765021654165,0.36462980664125005
2024-12-02,-0.13049999999999962,-2.0487714,-2.1761290853546953,-2.204498270342625
2024-12-03,1.0125,-3.8783274,-3.825397464834654,-3.6508583420696947
2024-12-04,0.9809999999999999,-3.101187,-3.16478904005643,-3.314761948872197
2024-12-05,0.5429999999999996,-3.7189078,-4.005951749219102,-3.9752168383121496
2024-12-06,1.5675000000000003,-2.5479605,-2.628022601181317,-3.2055635797319377
2024-12-09,2.3249999999999997,-4.4405704,-3.636450573835319,-4.159613300349856
2024-12-10,2.473499999999999,-3.639866,-2.94684659553092,-3.7350658047330425
2024-12-11,2.2515000000000005,-3.517688,-3.2139898155470004,-3.9049569573025624
2024-12-12,1.8554999999999995,-3.7026124,-3.4842908085449653,-3.879122451229062
2024-12-13,1.9695000000000003,-3.0553527,-3.0130884578762442,-3.4725918829331994
2024-12-16,-0.30450000000000016,-3.1359928,-2.2710750402520232,-3.5154898289052836
2024-12-17,0.5730000000000001,-3.5854971,-3.9498018417724,-4.134798510781768
2024-12-18,-0.5114999999999995,-1.355782,-2.0167237322583143,-2.371186123146904
2024-12-19,-0.8235000000000002,-2.2210643,-2.639191472531951,-2.757567333015559
2024-12-20,-2.0445,2.0073211,1.8642215688050732,0.8680945394200135
2024-12-23,-1.9454999999999998,2.8898094,-1.129231680722002,0.5021627828846327
2024-10-28,-3.423,6.850426,6.839957175559282,5.8149122170434016
2024-10-29,-2.7975,5.5310593,6.066544389507348,4.9460925869941885
2024-10-30,-2.9385,3.6627612,4.998737596702059,3.411187822408333
2024-10-31,-1.923,4.782833,2.8810299183544497,3.006665008096955
2024-11-01,-0.8775000000000002,4.14787,3.6456627636360066,2.615694185805629
2024-11-04,-1.3934999999999997,3.9312217,1.8499713425227908,2.367206317597616
2024-11-05,-2.4585,0.19265951,0.6062401309017122,0.1762301416330093
2024-11-06,-1.1624999999999999,-2.64253,-2.315003567500164,-2.4440824886477563
2024-11-07,-1.3395,-3.4736648,-3.4103191651045908,-3.099191011710524
2024-11-08,-1.5389999999999997,0.46070936,0.46862531820376385,0.12517931668781018
2024-11-11,-2.0835,-0.0152314305,0.25031614191001783,-0.01377280319947033
2024-11-12,-2.703,2.5081236,3.5791506023567434,2.432339100259839
2024-11-13,-2.73,5.0403304,5.011706431050569,4.389275372855161
2024-11-14,-2.856,5.328989,6.23503512092188,4.98031740447218
2024-11-18,-1.7880000000000003,5.076308,4.875379725986102,4.388241763566783
2024-11-19,-1.5630000000000002,4.2472305,4.59434887194093,3.6553076526974935
2024-11-20,-1.2675000000000003,3.7657413,4.538440118809644,3.5601513598664516
2024-11-21,-2.2664999999999997,4.839478,5.953836978921171,4.7642245271145915
2024-11-22,-1.5300000000000005,4.5942926,4.739735471105208,3.895387715823982
2024-11-25,-0.6869999999999997,3.667121,4.526139553037806,3.2323185871071893
2024-11-26,-0.5655000000000004,3.8223836,-0.04095969916681057,1.6625634611202882
2024-11-27,-0.3360000000000003,2.05125,1.4656494137537805,1.2908568420647233
2024-11-28,-0.6690000000000002,2.3078132,1.5140888872029414,1.2378971154430811
2024-11-29,-1.1940000000000002,0.103432275,0.053247416291653846,-0.28001975731610906
2024-12-02,-1.1655000000000004,-3.8703332,-3.8150676319136605,-3.541815191685275
2024-12-03,-0.14400000000000013,-4.7362247,-4.912282473202823,-4.437606954903387
2024-12-04,0.044999999999999575,-4.5169864,-4.650129953757517,-4.498784319197092
2024-12-05,-0.19800000000000004,-4.5169864,-4.650129953757517,-4.6318133896951394
2024-12-06,0.1514999999999997,-4.4047422,-4.615982429529519,-4.719964053014091
2024-12-09,0.4485000000000003,-4.760557,-4.7146130350929685,-4.875631793005884
2024-12-10,2.0204999999999997,-4.5877934,-4.424995651609,-4.657087524056482
2024-12-11,2.1824999999999997,-4.6026454,-4.525242307884301,-4.779724178038025
2024-12-12,2.0324999999999993,-3.5177844,-3.655961804625272,-3.90995022915543
2024-12-13,1.7130000000000003,-2.9503753,-2.8801642033925217,-3.3707702492756932
2024-12-16,2.168999999999999,-2.8345044,-2.7281404986010287,-3.2306757234717143
2024-12-17,1.8045,-2.8989909,-2.665481513965244,-3.133502774690066
2024-12-18,2.222999999999999,-1.9391364,-1.4566995055835987,-2.01302168488767
2024-12-19,1.0739999999999994,-2.5625496,-2.5916508421243667,-2.4968194928351855
2024-12-20,1.4880000000000002,2.042363,2.453586321963668,1.5665844316829742
2024-12-23,0.8130000000000003,3.7828348,0.8789796391404816,1.798051336687539
2024-10-28,-4.071,7.0560155,6.560086978841616,5.748629780744001
2024-10-29,-2.922,5.286654,5.329823669052688,4.544954722934791
2024-10-30,-3.057,2.8444214,4.039739881300084,2.6859147397531324
2024-10-31,-2.7375,2.1032753,-1.36854976392454,0.35972280631732556
2024-11-01,-3.033,-0.35793066,-0.189869778247276,-0.550924647923557
2024-11-04,-2.0969999999999995,2.4114056,-0.928466256841186,0.7955003146411661
2024-11-05,-2.5755000000000003,-0.3858453,0.12031189468211102,-0.3151132939876593
2024-11-06,-2.2769999999999997,-2.517356,-2.2342089449982048,-2.507564986243266
2024-11-07,-1.6170000000000002,-2.571983,-2.661528389374474,-2.6019943223382764
2024-11-08,-2.331,0.05269777,0.006199024373041273,-0.23398366202176263
2024-11-11,-3.0420000000000003,-0.14546905,0.22432258034496871,-0.12576921527653595
2024-11-12,-3.5805000000000002,3.8335865,4.954078074111953,3.4973997950004527
2024-11-13,-4.222499999999999,7.571946,9.540397152029543,6.866520071048177
2024-11-14,-4.6739999999999995,7.544913,9.407352067291542,6.80186776695238
2024-11-18,-5.194500000000001,11.022732,10.918541453261613,8.813024351224733
2024-11-19,-4.218,7.542782,6.460701658391792,5.644806357170327
2024-11-20,-4.0545,7.7406344,6.875650288847444,5.896451971057912
2024-11-21,-4.2255,7.0471597,9.763637828802343,6.813747828429294
2024-11-22,-3.0464999999999995,5.388539,7.126672747957514,4.927416708468702
2024-11-25,-2.5800000000000005,3.1888251,4.524588137963819,3.142822353728194
2024-11-26,-2.9204999999999997,2.9087477,-0.6300470593296874,1.133630024068449
2024-11-27,-2.8185,0.7289771,1.2615629732136526,0.803519784945962
2024-11-28,-3.0734999999999997,0.4633188,1.1514406564815387,0.551098987296142
2024-11-29,-2.688,-0.29770142,-0.14290587979133984,-0.4075813087402858
2024-12-02,-1.5030000000000003,-1.9755595,-0.7687938032394671,-1.6193290763633537
2024-12-03,-1.869,-2.340733,-1.0766099971473018,-1.8776035012742078
2024-12-04,-2.2619999999999996,-3.196899,-1.4859470954278857,-2.492395891105437
2024-12-05,-2.5949999999999993,-3.6182888,-1.4859470954278857,-2.8198832073395317
2024-12-06,-2.6114999999999995,-2.153033,-1.3087700270343465,-2.483986595000077
2024-12-09,-1.371,-4.269866,-2.8827591884974724,-3.83276592817871
2024-12-10,0.19499999999999956,-4.5456905,-3.3188552856854234,-4.160363283760694
2024-12-11,-0.6914999999999999,-4.909191,-4.92214532653863,-5.05615111462213
2024-12-12,-1.1820000000000004,-3.9808853,-3.0145586993961095,-3.8356547321666925
2024-12-13,-0.9420000000000002,-4.710457,-4.486806879937845,-4.593077494616976
2024-12-16,-0.0014999999999997014,-4.4377913,-4.021428681801847,-4.324286381910548
2024-12-17,-0.19050000000000047,-4.265186,-4.210472065903048,-4.176258441827078
2024-12-18,-0.4244999999999997,-1.9508361,-1.5494572771709472,-1.9767284135199017
2024-12-19,-0.35999999999999976,-2.066997,-1.8909215481825785,-1.9662866986533238
2024-12-20,-1.3485000000000003,2.5638223,2.661148244349733,1.9391822826917424
2024-12-23,-1.044,3.8468938,1.6646575396759922,2.1638452451523067
2024-10-28,-3.4829999999999997,6.4733233,7.050769274043466,5.739951941895246
2024-10-29,-3.7289999999999996,5.096451,5.310956075485215,4.542448658675723
2024-10-30,-3.243,2.2033381,3.750438829345044,2.490121321449166
2024-10-31,-2.8619999999999997,1.724393,-1.7487851236135508,0.3069830324270477
2024-11-01,-2.2800000000000002,0.05335185,-0.15135229570618633,-0.18779081801957379
2024-11-04,-1.9110000000000003,2.2756138,-0.8273110038664769,0.8782267337687029
2024-11-05,-1.8840000000000003,0.12434713,0.5658312909610661,0.2686588635970712
2024-11-06,-1.2315,-2.688307,-1.8791201615974418,-2.274375692833033
2024-11-07,-1.4849999999999997,-3.423455,-3.017436638990792,-2.844347020196155
2024-11-08,-1.8599999999999997,-0.60863245,-0.3933965761691946,-0.4641164995637097
2024-11-11,-1.998,-0.9277531,-0.5763006748541604,-0.5283821018508286
2024-11-12,-2.6085,1.7304596,3.1287363805044297,2.184119137568103
2024-11-13,-3.3,5.9287996,6.18834302659988,5.176352215834274
2024-11-14,-3.384,5.789659,6.094150987732394,5.055388877489609
2024-11-18,-3.408,5.487266,6.058340155326253,4.944401938362237
2024-11-19,-3.1005000000000003,5.13965,4.495550332072746,4.065465782651861
2024-11-20,-2.7869999999999995,4.636033,4.444671798700133,3.787886826429212
2024-11-21,-3.1184999999999996,4.947672,5.719660950214541,4.595516307261349
2024-11-22,-2.9325,4.248715,3.5865581186296835,3.3604872549331035
2024-11-25,-2.046,2.4346318,3.1719974620513782,2.336670034265996
2024-11-26,-2.0130000000000003,2.2585194,-0.7627245304324719,0.7718478066890446
2024-11-27,-1.8554999999999995,0.18337838,0.4983706946086912,0.16342181565481462
2024-11-28,-1.9215000000000002,0.47456357,0.5983488753715638,0.17455446528501456
2024-11-29,-1.6920000000000002,0.101312734,0.45596875130224446,-0.15537159585352378
2024-12-02,-1.5449999999999995,-3.2577171,-3.0219198051350187,-3.0116694421623764
2024-12-03,-0.7514999999999997,-5.2039547,-4.3630819509891925,-4.502504796954029
2024-12-04,-0.5655000000000004,-4.8937235,-3.5058689103278597,-4.161595503680384
2024-12-05,-0.6960000000000001,-4.936434,-3.581899411419405,-4.345618516945179
2024-12-06,-0.24899999999999947,-4.7605553,-3.5905690694699732,-4.385561102940746
2024-12-09,0.15450000000000016,-4.7633653,-4.612139988692103,-4.75263414320917
2024-12-10,0.5025000000000002,-4.8082643,-4.73421349635725,-4.872285320560564
2024-12-11,0.8610000000000003,-4.8011127,-4.73421349635725,-4.907829434300751
2024-12-12,0.9855,-4.439456,-4.468961068567119,-4.5364237035979516
2024-12-13,1.0574999999999994,-4.537431,-4.552403827145465,-4.522251759691406
2024-12-16,1.4114999999999995,-4.537431,-4.552403827145465,-4.527767295700914
2024-12-17,0.9929999999999995,-4.847662,-4.90603567170579,-4.659968610497273
2024-12-18,0.4304999999999996,-3.1893184,-2.826133485716976,-3.0475393252783753
2024-12-19,0.26550000000000046,-3.3786404,-3.1611861500620595,-3.057627399222662
2024-12-20,-0.6045000000000001,1.7398497,2.053597271149015,1.169115175780536
2024-12-23,-1.0949999999999995,2.976812,0.4429011843172804,1.1594029873407645
2024-10-28,-4.5809999999999995,10.322158,10.296355726989164,8.52863923540789
2024-10-29,-4.599,10.430707,10.27549337313388,8.5720571225775
2024-10-30,-4.3485,7.0360656,10.578504970442806,6.897591814908069
2024-10-31,-4.1925,4.5886445,0.17316748223118894,2.02961198441511
2024-11-01,-3.6134999999999997,-0.5633374,-0.006971897020680684,-0.1712807442084708
2024-11-04,-3.627,5.595495,3.3318624997429347,3.386063753741605
2024-11-05,-3.231,-0.18278262,0.5466705407210499,0.25588673863867467
2024-11-06,-3.069,-1.583632,-1.4857884149708058,-1.7452536038313877
2024-11-07,-2.4465000000000003,-2.3453424,-2.2876358892462774,-2.053998246025504
2024-11-08,-3.5369999999999995,-0.48809886,0.2296069959816221,-0.09094489137930672
2024-11-11,-5.1285,0.7666866,0.8386233081089484,0.6317135924758581
2024-11-12,-5.8725,6.6187506,7.88324614108188,6.016357592876702
2024-11-13,-5.678999999999999,12.2467785,11.50650633961366,9.864506206719998
2024-11-14,-5.7315,11.5971775,11.090068126183587,9.475292504208033
2024-11-18,-5.7645,12.701617,11.80369281809553,10.077971003735648
2024-11-19,-5.844,9.110571,7.128314564692848,6.831239316805671
2024-11-20,-5.4704999999999995,6.610776,5.808831451117861,5.2094290431773675
2024-11-21,-5.2124999999999995,6.610776,7.043321020412404,6.007740905241963
2024-11-22,-4.5795,7.1103597,7.270066299013306,5.8576687907968
2024-11-25,-3.7575,4.309369,5.811693689523292,4.088654362045978
2024-11-26,-4.188,5.1504507,0.31619822166964867,2.348167815212411
2024-11-27,-3.1725,0.4981811,0.9624458337154094,0.7155813082289232
2024-11-28,-3.279,0.564822,0.5496930406813402,0.5356102710636805
2024-11-29,-3.7904999999999998,-0.08872796,-0.6846431823823639,-0.368111734526528
2024-12-02,-3.42,0.13725705,-0.8097681361709542,-0.6212860342683086
2024-12-03,-3.045,-1.4495845,-2.10794629758089,-1.8584157066982034
2024-12-04,-3.03,-5.4340315,-5.541932629908183,-4.929273836572074
2024-12-05,-3.3285,-5.6512523,-5.691067585751731,-5.218039838461664
2024-12-06,-2.6205,-1.7349646,-2.523947514050786,-2.5123837870841728
2024-12-09,-1.8630000000000002,-1.7084621,-2.1150897319861865,-2.4486267410241966
2024-12-10,-0.9929999999999995,-1.0955199,-0.7546904626425158,-1.7696034982387567
2024-12-11,0.4875,-1.0132669,-0.20941280294052653,-1.528080627460737
2024-12-12,1.7054999999999996,-0.6081353,0.3022896924973778,-0.9952097830821929
2024-12-13,1.098,-1.0533898,-0.2944411611676133,-1.3233232952516802
2024-12-16,0.7409999999999997,-2.662583,-1.4690463726279928,-2.475890144109604
2024-12-17,-0.11249999999999999,-5.1977468,-5.079146139279944,-4.709955814056016
2024-12-18,-0.45300000000000046,-3.5413291,-3.1868963977763607,-3.1880354554553794
2024-12-19,-0.6315000000000001,-2.337628,-2.793444874032984,-2.394633772077389
2024-12-20,-1.1400000000000001,2.2467399,2.5218441447792377,1.7283557437474786
2024-12-23,-2.04,3.4394884,0.37927591136997674,1.511417339357143
2024-10-28,-1.152,5.8036413,8.592327727371055,5.880615594778244
2024-10-29,-1.8239999999999994,7.273639,8.4842442244983,6.236292987590374
2024-10-30,-1.6125,1.8141307,4.8286284005750115,2.8497101517634893
2024-10-31,0.9224999999999998,4.135449,0.5153129525063608,2.1969185600145904
2024-11-01,0.5670000000000002,2.175027,2.1140140555782003,1.4455208552435255
2024-11-04,0.9869999999999997,4.325215,1.2596099063185278,2.3728655340600846
2024-11-05,-0.4215000000000003,1.2577299,1.2601398995116817,0.9510249783074183
2024-11-06,1.5,-2.4351923,-2.1567818727931387,-2.095219796034227
2024-11-07,3.239999999999999,-3.013643,-2.568512914178546,-2.367555562410113
2024-11-08,1.9739999999999993,0.71033996,1.5008656944777103,1.0465613580373478
2024-11-11,-0.44999999999999996,0.020129932,1.0441033495996155,0.39154387782956557
2024-11-12,-0.2429999999999996,4.004923,5.736275802726135,3.8180320054551724
2024-11-13,-1.3215000000000003,6.057795,7.0079289918598455,5.549791628988023
2024-11-14,-0.7304999999999996,5.0343146,6.6561928519235956,5.026276463102944
2024-11-18,-0.18449999999999953,5.4044657,6.843939091279058,5.231611057026351
2024-11-19,-0.09450000000000038,5.3465686,5.395125651565692,4.3066212302731355
2024-11-20,0.22350000000000028,5.376425,5.416732964647434,4.363972402079462
2024-11-21,0.049499999999999746,5.382546,6.715901564795326,5.1293902937938585
2024-11-22,0.15,5.412402,5.420483319449847,4.505679163575263
2024-11-25,1.0199999999999996,5.162109,5.396611197728182,4.0191249719400925
2024-11-26,2.4720000000000004,3.7500412,1.0901879388203664,2.007956584863917
2024-11-27,0.9360000000000003,2.239271,2.5049346901803777,1.6224920858769794
2024-11-28,1.7925000000000004,0.5376926,0.8388121728537953,0.2657048002139068
2024-11-29,0.9719999999999995,0.06375996,0.4689630434446029,-0.30530179437831373
2024-12-02,1.3905000000000005,-2.7462027,-2.1983651367919066,-2.6417192891300223
2024-12-03,1.5780000000000005,-4.4238405,-4.411084062744514,-4.129013273822033
2024-12-04,1.3605,-4.6525884,-4.491155707575259,-4.308163314473549
2024-12-05,0.8699999999999996,-3.027423,-2.6670641614189994,-3.5567791368629402
2024-12-06,0.2639999999999997,-4.5494285,-4.641060801245536,-4.681895085069483
2024-12-09,0.6284999999999996,-4.9691806,-5.244940798117621,-5.099756718056547
2024-12-10,2.785499999999999,-4.2366414,-3.5269898181265695,-3.9156983791501254
2024-12-11,2.6984999999999992,-1.1168807,-0.5504887497308015,-1.7771806112286592
2024-12-12,4.116,-1.8389037,-3.356688995443192,-2.7191146671149795
2024-12-13,3.7619999999999996,-2.9242804,-3.1839793993896572,-3.221438672917903
2024-12-16,4.243500000000001,-2.0884392,-2.7062023177847148,-2.7609021108012306
2024-12-17,3.8249999999999997,-1.9341208,-2.1217698005302204,-2.1448967249757303
2024-12-18,3.1335,-2.2780368,-1.782607630522265,-2.1879382574268647
2024-12-19,4.5600000000000005,-2.927055,-3.7055985783886656,-2.6845428202476236
2024-12-20,3.3914999999999997,1.8394469,1.886855661881353,1.678786378651073
2024-12-23,2.9204999999999997,3.5489762,0.3803416711182275,1.8180870224457606
2024-10-28,-4.176,7.826188,9.466866112013273,7.197338310060064
2024-10-29,-2.1449999999999996,3.6401973,4.683484906206159,3.8056129651873913
2024-10-30,-3.396,3.4865088,4.574422370329872,3.240990534440046
2024-10-31,-2.235,2.5407424,-0.813281211763794,1.0286365149029564
2024-11-01,-1.8119999999999996,2.1704938,2.2163954113866393,1.4801743854217424
2024-11-04,-0.7784999999999996,3.2285817,0.6241189691012677,1.848565214279402
2024-11-05,-1.3110000000000002,1.1392372,1.1674227253258207,0.8399128264574224
2024-11-06,-0.13649999999999948,-0.9268506,-1.1097528394095895,-1.3342525095976239
2024-11-07,0.17699999999999996,-1.7043383,-1.8147584322336976,-1.7873402616902263
2024-11-08,-1.7445000000000004,1.4459248,1.350483145892718,0.8884870832964863
2024-11-11,-1.8914999999999997,0.6752596,0.7556130395393673,0.5478000705470432
2024-11-12,-3.2849999999999997,3.2931042,4.216559079566953,2.9843155125854386
2024-11-13,-3.255,6.205933,6.1232564339467865,5.313280778469126
2024-11-14,-3.1545,5.982033,6.043110456353232,5.20704711524714
2024-11-18,-3.4395,5.069404,5.60013563915652,4.8080853298335615
2024-11-19,-1.152,3.2947652,4.507810492751554,3.370016571307379
2024-11-20,-1.3664999999999998,2.9571908,4.382578583954906,3.2285450483931943
2024-11-21,-1.527,3.6810498,6.418045031367031,4.424982479423625
2024-11-22,-1.452,4.0488863,5.166960682094617,3.674054129432837
2024-11-25,-0.23400000000000032,3.9428363,4.891777791462706,3.3640993253413822
2024-11-26,-0.7559999999999999,3.4043746,0.0811072863651905,1.388385404696745
2024-11-27,-0.41700000000000015,0.736953,0.8265654479267515,0.4563446911100351
2024-11-28,0.1485000000000003,0.99351734,0.9198679643519023,0.4939719233259322
2024-11-29,0.24450000000000038,0.23323292,0.512849636913823,-0.03569525659739117
2024-12-02,0.19200000000000017,-3.0470982,-2.5151941033014777,-2.799038984096419
2024-12-03,0.5789999999999998,-5.0379105,-4.743500586643402,-4.5695609251754234
2024-12-04,0.3554999999999996,-5.3894258,-5.203468850105747,-5.044167840527846
2024-12-05,0.8594999999999995,-5.431211,-5.142945717821954,-5.108705887302708
2024-12-06,0.5070000000000003,-5.481347,-5.230866836305764,-5.244709778221044
2024-12-09,1.1415,-5.4537067,-5.168731525200891,-5.289087467456425
2024-12-10,1.5224999999999997,-5.4282565,-5.243558785524903,-5.352044920623909
2024-12-11,1.6514999999999997,-4.8973308,-4.8319069401972214,-4.95243547762962
2024-12-12,1.3364999999999994,-4.614616,-4.581487915933314,-4.679057980706772
2024-12-13,1.002,-5.1307526,-5.239972498992921,-5.158498946067912
2024-12-16,1.0590000000000004,-4.9380565,-4.925859328891544,-4.9106502571830335
2024-12-17,1.0110000000000003,-4.884565,-5.048264950310753,-4.793111478688432
2024-12-18,0.6210000000000001,-3.1207485,-2.8089515546575674,-2.946611283736198
2024-12-19,1.7820000000000003,-2.549611,-2.4542348815070585,-2.487753507355092
2024-12-20,-1.9755000000000003,1.8421526,2.0821910058559268,1.2368222524891896
2024-12-23,-3.1875,4.217626,0.40364832835776165,1.581447918435929
2024-10-28,-3.5865,6.3753967,7.75518108833908,5.9586075676082695
2024-10-29,-2.868,3.357959,4.252429410928162,3.512862484232358
2024-10-30,-2.4014999999999995,2.4539204,3.711501154900539,2.6341302214133044
2024-10-31,-1.4985000000000002,3.6976998,-0.20572368618196699,1.5946394599156724
2024-11-01,-1.6619999999999997,1.6615412,2.495917163194801,1.2812894247272921
2024-11-04,-0.9344999999999994,3.5270224,0.78863000562206,1.87022300515073
2024-11-05,-0.40650000000000014,1.4540187,1.7508444255217657,1.1100017479308926
2024-11-06,0.15,-2.1490214,-1.8805432790422418,-2.028556119481339
2024-11-07,1.0605,-2.774787,-3.0026493670589094,-2.569902585788641
2024-11-08,-1.1610000000000003,0.55326027,1.1284019230553757,0.45489339777654136
2024-11-11,-1.6034999999999997,0.13820244,0.3769218334694664,0.08983707249610934
2024-11-12,-2.0429999999999997,2.233835,3.671112230123822,2.4357020560874556
2024-11-13,-2.7525,4.9560585,5.852442094495711,4.706142623245112
2024-11-14,-2.448,4.5913186,5.666916068768909,4.488580838596524
2024-11-18,-2.8589999999999995,5.2796726,6.2260960664892,4.829155914188836
2024-11-19,-2.5395,4.6200337,4.104709881039018,3.631858507346211
2024-11-20,-2.0235000000000003,4.761731,4.670741420401945,3.7531454515480336
2024-11-21,-2.142,3.8781524,6.0977998401751945,4.308469778820642
2024-11-22,-2.1465,4.5468836,4.251746705527661,3.590590545245336
2024-11-25,-0.04349999999999987,3.199927,5.090777872673123,3.276751271036183
2024-11-26,-0.7184999999999998,3.94369,0.9210022315246161,1.9993844166560686
2024-11-27,-0.7409999999999997,1.7704914,1.9101518483049997,1.3453633501341773
2024-11-28,-0.05549999999999961,2.275805,1.7168469505535955,1.2816945915506235
2024-11-29,1.8224999999999998,1.4805958,1.0153208989013023,0.6934461451232476
2024-12-02,-0.0900000000000002,-0.46301836,0.7851430062624937,-0.519246165255268
2024-12-03,0.825,-1.7440248,-0.3957886666557358,-1.6551830055456132
2024-12-04,0.7695000000000004,-3.7001388,-2.257437194199176,-3.2605210215106872
2024-12-05,0.4739999999999995,-3.8524976,-3.841163747690842,-3.9723007041041267
2024-12-06,0.7994999999999998,-2.8791022,-2.4071397463626814,-3.3648913848136086
2024-12-09,1.1954999999999998,-3.0105522,-2.5286624433065135,-3.2872201901996556
2024-12-10,2.377499999999999,-3.1420012,-2.140996634890887,-3.1487724888597177
2024-12-11,2.0909999999999997,-2.5797307,-1.9357294844348032,-2.995691209873927
2024-12-12,1.4099999999999997,-2.9256704,-2.745424088758618,-3.3124581174862517
2024-12-13,1.4400000000000002,-2.882855,-2.9944500640017386,-3.4360996990328516
2024-12-16,1.6005000000000003,-3.1524682,-3.2717062345022283,-3.6177282261024937
2024-12-17,2.5665,-3.9676833,-3.6972250739213295,-3.938606243450411
2024-12-18,0.7275000000000001,-2.4208431,-2.1389227875165835,-2.5946012550001987
2024-12-19,0.5175000000000004,-2.2596555,-2.161970914505748,-2.3287045954622605
2024-12-20,-1.7505000000000002,3.12528,2.975869051003086,1.9193770056909991
2024-12-23,-2.6625,5.0073314,2.75255622626898,2.562905754506268
2024-10-28,-1.5119999999999998,6.2374434,6.574504594390829,5.321760989133009
2024-10-29,-1.6965000000000003,6.4654026,6.628657635132422,5.503859789746823
2024-10-30,-1.3679999999999997,3.2266083,4.860166649701949,3.2614441705788844
2024-10-31,0.6195000000000004,4.1415315,0.6901277252176735,1.898134696671872
2024-11-01,-0.1875,2.2644393,2.5425865382533814,1.3900526391990098
2024-11-04,0.15300000000000047,2.83078,0.30061729395734016,1.373155067995768
2024-11-05,0.1349999999999998,1.3969507,1.3564760343364832,0.9892230152856375
2024-11-06,0.6315000000000001,-2.2508607,-1.9104718405971692,-2.0382102794993635
2024-11-07,0.06750000000000042,-3.205022,-3.2841247034110563,-2.840666398318526
2024-11-08,-0.9885000000000005,0.6254143,0.6787210885968834,0.4956077610542265
2024-11-11,-1.1054999999999995,0.6398727,0.6526217999429553,0.5305607898602922
2024-11-12,-1.8344999999999994,4.213322,3.8241368881433937,3.3417375854723526
2024-11-13,-2.3085,4.915796,5.1877290208834586,4.692492345310691
2024-11-14,-2.4840000000000004,4.744662,5.2890281623276945,4.537302050596703
2024-11-18,-1.2974999999999997,5.4233813,5.818590748241098,4.996641160675571
2024-11-19,-0.9315000000000001,5.6072154,4.787449707341093,4.407865442367825
2024-11-20,-0.4155000000000005,4.855753,5.498343008232091,4.406526338725481
2024-11-21,-0.5324999999999995,5.4773216,6.903166918201821,5.44310227363192
2024-11-22,-1.3695000000000004,4.313752,4.8778052018449305,3.970582836023361
2024-11-25,0.3449999999999996,3.9404252,4.639538271083797,3.4864746863070533
2024-11-26,-0.0389999999999997,5.2829065,0.9531522550625539,2.5930348434269024
2024-11-27,-0.39450000000000035,1.3477589,1.2306549103368138,1.030910136326751
2024-11-28,-0.2565000000000001,1.8604077,1.7594460102751732,1.3790968918405735
2024-11-29,0.5775000000000002,1.8723451,2.125806858325998,1.4035220880972594
2024-12-02,0.12150000000000033,-1.7528888,-1.4507988425494918,-1.7577724184633288
2024-12-03,1.1085,-2.935247,-2.746653514849643,-2.8318775770229805
2024-12-04,1.575,-2.2408247,-2.2325072598100295,-2.448400193366587
2024-12-05,1.4505000000000001,-3.9782546,-4.19254971083615,-3.962531020472201
2024-12-06,2.4705,-3.8004036,-4.205159486525634,-4.114357994419708
2024-12-09,3.0060000000000007,-4.573587,-4.511391688344299,-4.599772599956863
2024-12-10,4.0215000000000005,-3.4317298,-3.381260721280529,-3.6016970088322857
2024-12-11,3.5699999999999994,-3.4983764,-3.39893330605757,-3.8321679220080673
2024-12-12,3.3015000000000008,-2.8412826,-3.123486825707788,-3.4639834169527726
2024-12-13,3.8954999999999997,-3.3825524,-3.2512421223644976,-3.5411271016998342
2024-12-16,3.8145000000000007,-2.9950101,-3.1298737869787767,-3.3640880426761943
2024-12-17,2.222999999999999,-3.9241362,-4.398168186548896,-4.262223373001295
2024-12-18,1.9665,-1.439126,-1.568254625671821,-2.1630703072226773
2024-12-19,2.1765000000000008,-1.4080167,-1.394130689510018,-1.737802313097285
2024-12-20,-0.8130000000000003,2.9682775,3.177341740816112,1.7640470603078535
2024-12-23,-1.6034999999999997,4.8571706,1.2271176047886891,1.8123893824262227
2024-10-28,-0.12899999999999992,6.2001877,6.038989095385012,5.565759131444612
2024-10-29,0.010500000000000042,5.4142933,5.573315999630151,4.874155525522922
2024-10-30,1.6739999999999995,4.1867285,5.5023183798925315,4.003693094332709
2024-10-31,2.968500000000001,4.0944195,0.8825265702977075,2.332263044176549
2024-11-01,2.8755,2.5829196,3.004269423753435,2.069214002689748
2024-11-04,3.339000000000001,4.161212,1.0125471897993557,2.4360579500177697
2024-11-05,4.760999999999999,3.0227766,2.5312450703775426,2.3271427197238097
2024-11-06,4.972500000000001,0.08930324,-0.838101054394112,-0.7103364500251199
2024-11-07,4.629,-0.7244968,-2.0192332763596035,-1.287563575879605
2024-11-08,4.3545,1.9887013,1.8194323514962014,1.5365831713210314
2024-11-11,3.2640000000000007,1.382646,2.284004379572117,1.598972806783663
2024-11-12,2.0010000000000003,5.2632513,5.364138259435523,4.394519599242234
2024-11-13,-0.3690000000000001,7.9543085,7.6769774670232165,6.4985669947564055
2024-11-14,2.6835,7.89825,7.729803952087178,6.656142537647005
2024-11-18,0.798,8.857409,7.8835381541774625,6.890111987804276
2024-11-19,1.1699999999999995,8.824997,6.234735138409458,5.949988009318849
2024-11-20,1.5840000000000003,8.449244,5.974304916005413,5.683955685315334
2024-11-21,0.7364999999999995,7.0702577,7.563119917834508,6.045126036623251
2024-11-22,2.688,5.6485047,6.136158752664319,4.651289514200385
2024-11-25,3.7949999999999995,4.63596,5.286564516023558,4.1137680731460105
2024-11-26,1.6079999999999999,5.0969543,0.842076636167577,2.5387104614173186
2024-11-27,2.1390000000000007,1.1433903,1.974573459408693,1.2002665080694297
2024-11-28,3.1409999999999996,2.394417,2.734666089508402,1.9581202868836853
2024-11-29,3.3555000000000006,0.72316754,1.4366105185697509,0.6367765276980759
2024-12-02,3.143999999999999,-1.5139308,-1.4445655815880496,-1.6414887499446056
2024-12-03,4.2255,-4.5835204,-4.555906201938858,-4.247737629129991
2024-12-04,2.2364999999999995,-4.589163,-4.72821399437598,-4.316473163271374
2024-12-05,1.7114999999999994,-4.4616528,-4.44018647296577,-4.297950294001982
2024-12-06,0.9764999999999997,-5.6861367,-5.7226448264488035,-5.5094114640864325
2024-12-09,-1.0335,-5.7282124,-5.844957306214868,-5.679162336903727
2024-12-10,-1.0260000000000005,-4.7000327,-5.138605246074092,-5.178064508249696
2024-12-11,0.5219999999999995,-5.9878774,-5.943244784620448,-5.739836613207761
2024-12-12,-0.7800000000000004,-5.4679294,-5.565585553998442,-5.327466319295123
2024-12-13,-1.4880000000000002,-5.867332,-5.707504170834364,-5.529946133805786
2024-12-16,-0.44999999999999996,-5.0555425,-4.413745833355112,-4.837736764305509
2024-12-17,-1.8795000000000002,-5.8337264,-5.932070936522054,-5.459846427423157
2024-12-18,-1.4400000000000002,-4.9284396,-4.37368848112305,-4.062451726675263
2024-12-19,-2.0594999999999994,-4.1515584,-3.9697303553731897,-3.4997886478911138
2024-12-20,-3.117,0.9789902,1.2672606207719193,0.7602265200158416
2024-12-23,-3.6434999999999995,4.138912,0.34198562254921383,1.6836314993820096
2024-10-28,-1.4969999999999994,6.4360995,6.729913049007271,5.595796147988294
2024-10-29,-1.3920000000000001,4.8695965,6.505209051690358,4.899025408609284
2024-10-30,-1.1219999999999994,4.7550507,5.287093955126972,3.8794614158083327
2024-10-31,0.15300000000000047,4.2108645,1.415984830982571,2.3112031511140736
2024-11-01,-0.798,2.4596417,2.389624850849939,1.4868929747353907
2024-11-04,0.3585000000000001,3.0825806,0.7986043459232542,1.7136627900029637
2024-11-05,0.39450000000000035,1.7686338,2.0989111849208903,1.4424103510943225
2024-11-06,0.7094999999999995,-0.95954436,-0.4554614196031046,-1.154888926194273
2024-11-07,1.4025,-1.4473519,-1.4828261716788351,-1.5852963926395407
2024-11-08,1.0935,2.4397202,2.4489964448046098,1.6403334206287516
2024-11-11,1.1624999999999999,1.3424551,1.5172783940876782,1.0335161921999905
2024-11-12,0.4380000000000002,3.7829826,4.652192722616078,3.320537109764153
2024-11-13,-1.452,6.7412124,6.899117015546004,5.771318071939127
2024-11-14,-0.03449999999999953,6.7567754,6.753655317661462,5.695232657320824
2024-11-18,-0.18150000000000013,6.824506,6.8174205748456655,5.740707724670614
2024-11-19,-0.04650000000000034,6.8867493,5.481061586004085,4.992843199462611
2024-11-20,0.35999999999999976,5.9869494,6.046583676731684,4.7356987369438945
2024-11-21,0.2775000000000002,3.8941567,6.691587112367902,4.602773132900495
2024-11-22,0.7110000000000003,3.710866,5.399059139552628,3.699173240558763
2024-11-25,1.3784999999999996,2.8771007,4.371135466136083,2.9033786909622736
2024-11-26,0.7934999999999999,5.109798,1.1255959563523938,2.450329806736067
2024-11-27,0.7170000000000002,1.9205335,2.241188090132217,1.3515323539788258
2024-11-28,-0.4110000000000003,1.3736222,1.3823792546162197,0.724780424292139
2024-11-29,-0.0045000000000001705,1.0018182,1.265042705297646,0.44405619360118187
2024-12-02,0.8895,-2.1927402,-1.9373757332985988,-2.304251469016452
2024-12-03,2.302499999999999,-3.5923026,-3.666933664197505,-3.584871235035244
2024-12-04,1.944,-2.7288704,-2.926560844795137,-3.1456967998727965
2024-12-05,1.4025,-3.1222513,-3.043054816817627,-3.501706404070781
2024-12-06,1.9139999999999997,-3.479144,-3.3914328141644217,-3.707952215493187
2024-12-09,2.2680000000000007,-3.3569462,-3.3973341423242815,-3.742389847747378
2024-12-10,2.344499999999999,-3.7568352,-3.2575091012208692,-3.923139226648326
2024-12-11,2.007,-3.1976345,-2.9888651751021347,-3.6590792410270074
2024-12-12,2.2649999999999992,-3.2893877,-2.9446916063908706,-3.5454926174316723
2024-12-13,1.8479999999999999,-4.2491064,-4.111136820191833,-4.360559055098055
2024-12-16,2.2560000000000007,-4.1763124,-4.193042656085492,-4.380116660884251
2024-12-17,2.1255,-4.0770273,-4.6218714475881,-4.400670991447936
2024-12-18,2.0894999999999997,-2.294094,-2.1716980434172437,-2.575585898908026
2024-12-19,1.5315,-3.5140152,-3.466852973224563,-3.289919720772131
2024-12-20,-0.37800000000000045,1.9537191,2.203305197785586,1.260680691944306
2024-12-23,-0.5054999999999996,4.001316,0.9849038740677756,1.6269982342879128
2024-10-28,-4.2615,10.63846,8.870114529653883,8.032938800285596
2024-10-29,-4.407,10.778804,9.077700041742956,8.162214110354311
2024-10-30,-2.1045000000000003,3.339167,4.820412276850945,3.5335232386564766
2024-10-31,-1.5329999999999997,3.5345862,0.10464281899440299,1.9665543994951358
2024-11-01,-0.5519999999999999,2.480565,2.009932063999666,1.6517363630170514
2024-11-04,0.2894999999999999,4.4601064,1.4775089820851388,2.8725253675443234
2024-11-05,-0.9389999999999996,2.203859,1.4526043012268581,1.6005164862173515
2024-11-06,-0.6599999999999998,-1.1470422,-1.5916931997144301,-1.4691325336766452
2024-11-07,-0.12300000000000004,-1.739071,-2.4505870644455,-1.8730253868461795
2024-11-08,0.4650000000000002,1.7922447,1.2141302357165058,1.2019569998870647
2024-11-11,-0.37800000000000045,1.9703914,1.5048926215189093,1.459730447758595
2024-11-12,-1.3605,4.6034737,5.0037817736130785,3.9890396343289103
2024-11-13,-3.9944999999999995,6.887407,6.285117502140856,5.816567757770447
2024-11-14,-3.7335,7.4450707,7.633530559939913,6.379442963981974
2024-11-18,-3.171,6.551689,6.750439278577724,5.751226715313011
2024-11-19,-3.438,5.7668524,4.744392297764798,4.490254397283232
2024-11-20,-3.1559999999999997,5.7511134,4.776775292895833,4.58540825675864
2024-11-21,-1.9605,4.5130224,6.938645368966901,5.088024819157939
2024-11-22,-1.6965000000000003,5.360712,6.550486771579317,4.877812445557004
2024-11-25,-0.9644999999999999,5.4756045,6.791429898709328,4.671487159899766
2024-11-26,-1.0559999999999998,4.236139,2.0054743103322275,2.674610525263321
2024-11-27,1.7114999999999994,2.85919,2.6180938262763447,2.341431002497382
2024-11-28,0.7454999999999998,1.8916409,1.6714802685665056,1.3819083276309392
2024-11-29,0.9780000000000004,1.2314329,1.221760722791567,0.8170098718751166
2024-12-02,0.8954999999999999,-2.162927,-2.094469924117418,-2.1193524229315797
2024-12-03,2.3505000000000003,-3.5480676,-3.808925800367009,-3.4167263276215016
2024-12-04,2.0894999999999997,-3.9673126,-3.8554223519273134,-3.8573400046459714
2024-12-05,2.1585,-4.303782,-4.656002289370762,-4.414297511132476
2024-12-06,2.8635000000000006,-4.5033493,-4.609519396583538,-4.548458623288543
2024-12-09,2.9475000000000007,-4.7560425,-4.75673313439482,-4.6714166513150825
2024-12-10,2.463,-5.076077,-4.857490004474686,-4.9073319463270595
2024-12-11,2.8185000000000007,-4.8461227,-4.881481162766051,-4.891247315106798
2024-12-12,2.581499999999999,-4.517177,-4.658102528831371,-4.62864207508911
2024-12-13,1.6875,-4.905752,-4.974007601494904,-4.902025684468724
2024-12-16,1.9065,-5.4892564,-5.44120686973196,-5.413445553574091
2024-12-17,2.1975000000000007,-5.211001,-5.148855143564638,-4.907835019351262
2024-12-18,1.9215000000000002,-3.3601096,-3.07736745235228,-3.203091136667247
2024-12-19,2.2904999999999993,-3.48701,-3.4378621687393043,-3.2540700785229397
2024-12-20,0.6300000000000004,1.7549727,2.1618768197282847,1.1910653704939262
2024-12-23,0.7425000000000004,3.5088305,0.14755567214580245,1.2286653412338508
2024-10-28,-5.1375,12.285597,12.646445021926857,9.879613765150301
2024-10-29,-5.169,11.825465,13.398763419409658,9.851672454460184
2024-10-30,-4.668,4.5201893,5.728860004418541,3.870942663921792
2024-10-31,-4.2015,4.057735,1.4527794086312809,2.0544882404655467
2024-11-01,-3.9045,1.5580678,1.1832533421433025,0.6683364798868116
2024-11-04,-2.331,5.7493653,3.1077880925732777,3.3131953263157636
2024-11-05,-4.368,0.65496856,1.1950633027941446,0.49464406666233607
2024-11-06,-3.2984999999999998,-1.4170345,-0.8544227790790692,-1.559975724590893
2024-11-07,-3.9194999999999998,-1.9061344,-1.846008963316167,-2.042840463668789
2024-11-08,-2.772,1.3362601,1.5633814048138548,0.7943638294259349
2024-11-11,-2.2664999999999997,1.0967436,1.3817304075006183,0.7646056392411852
2024-11-12,-3.2339999999999995,4.173762,4.7480684078848,3.3758964009844816
2024-11-13,-4.2345,8.531053,8.428207433845516,6.8557231320947025
2024-11-14,-3.948,6.6529193,6.566809937446951,5.372394458478689
2024-11-18,-3.939,7.2861686,6.791360587736567,5.724469317350419
2024-11-19,-3.771,6.688885,5.489578721652354,4.84236266122702
2024-11-20,-3.525,6.67929,5.197330413844215,4.731973267793246
2024-11-21,-2.949,5.0149994,6.0055087882940015,4.627798202336099
2024-11-22,-2.5559999999999996,5.387016,4.82480837657117,4.070786194125177
2024-11-25,-1.4054999999999995,4.4054947,5.321085438019903,3.7051180026252837
2024-11-26,-1.0139999999999996,5.055661,2.494188332959836,2.8705027821303846
2024-11-27,-0.6239999999999994,3.1775353,2.5700246070185666,2.0155940923330076
2024-11-28,-0.546,2.9564545,2.2142735494250196,1.7470845401649484
2024-11-29,-0.2610000000000003,2.0560818,1.7607932262264363,1.0406800387356354
2024-12-02,-0.4244999999999997,-1.7878158,-2.2318290551743423,-2.246369331938697
2024-12-03,0.702,-3.1156046,-3.2416092071297675,-3.3905803075124767
2024-12-04,1.1969999999999994,-3.1505578,-3.541019970105203,-3.6233050014530903
2024-12-05,0.9420000000000002,-3.1505578,-3.541019970105203,-3.829466459405936
2024-12-06,1.746,-3.5161974,-3.85140148475469,-4.108004400636812
2024-12-09,2.1449999999999996,-2.7941692,-2.5331212046239626,-3.329111914268033
2024-12-10,1.1594999999999995,-3.98434,-3.9038957430093038,-4.332032578216963
2024-12-11,1.575,-3.981661,-4.036566273515176,-4.42639457049157
2024-12-12,1.7969999999999995,-3.5529366,-3.562587963495111,-3.902448522446279
2024-12-13,2.6999999999999997,-3.7395887,-3.608724310803945,-3.87196570989608
2024-12-16,2.210999999999999,-3.800497,-3.428879698320482,-3.8968901835523693
2024-12-17,2.7375,-3.302276,-3.2831332646148415,-3.415415576905185
2024-12-18,2.4840000000000004,-1.0959588,-1.196382520465416,-1.7360946388819234
2024-12-19,2.5425000000000004,-1.9368603,-1.4444257545738481,-1.8779714085954564
2024-12-20,1.7400000000000002,2.3828201,2.670780385050321,1.7278736955980403
2024-12-23,1.2179999999999995,4.1037016,1.5378783622418626,2.093867367602263
2024-10-28,-3.063,5.6480713,5.614564597026204,4.933568032365807
2024-10-29,-2.9130000000000003,3.7815313,5.191490878482934,4.085976565914022
2024-10-30,-2.6355,2.8156176,4.306403935229369,3.0485812636962693
2024-10-31,-2.928,2.5479202,-0.8703985002862425,0.8907650966669877
2024-11-01,-3.252,-0.18789785,-0.04468370753793497,-0.25800712381319574
2024-11-04,-3.24,2.514188,-0.8722038449909736,0.958377380792555
2024-11-05,-2.922,0.04083823,0.43309738167491013,0.21705345217486713
2024-11-06,-0.6494999999999997,-1.6914625,-1.253890787571637,-1.5422145738334874
2024-11-07,-0.7934999999999999,-2.3784552,-2.190163957845877,-2.0995975588468356
2024-11-08,-0.7394999999999999,1.5368484,1.3679881845913702,0.9932160183267275
2024-11-11,-1.6875,0.92638886,1.481400244551645,0.8787546475898711
2024-11-12,-1.9184999999999999,1.4971954,2.858325790349909,1.8652722383021443
2024-11-13,-2.7315,4.597196,5.19126241369318,4.2790625202123485
2024-11-14,-2.8845,4.4541974,5.425789696456872,4.178367635933742
2024-11-18,-3.159,4.601402,5.468923206337517,4.140855220941599
2024-11-19,-2.7135,4.8357124,4.242139931544577,3.5371104751686104
2024-11-20,-2.4179999999999997,5.2244263,4.616690807807869,3.6577506033042493
2024-11-21,-2.502,3.496012,4.851373747591102,3.3157429062866024
2024-11-22,-1.3635000000000004,3.3085063,4.561013254317379,2.7364154446823914
2024-11-25,-0.9675000000000004,2.4266784,3.698311599769199,1.822731921038705
2024-11-26,-0.42300000000000004,2.7728722,-0.11145831011347547,0.4756393781289555
2024-11-27,0.0735000000000003,1.4300869,1.4588642167903343,0.30487889582029926
2024-11-28,-0.36750000000000044,1.1201044,1.3183557912607193,0.07304247794730928
2024-11-29,-0.5894999999999999,0.118319556,0.32011964837463985,-0.8090557133933451
2024-12-02,0.2894999999999999,-2.8212345,-2.4882479083951434,-3.1934578844072523
2024-12-03,0.40050000000000024,-4.3609543,-4.344526952297496,-4.614009570235213
2024-12-04,0.7094999999999995,-4.3609543,-4.4310658070117235,-4.745595429469416
2024-12-05,0.4139999999999997,-4.6512957,-4.613130521216381,-4.967648087618602
2024-12-06,1.2090000000000003,-4.4901724,-4.516678129161897,-4.774348680586489
2024-12-09,1.0889999999999997,-4.9073987,-4.690857120468859,-4.976593748517787
2024-12-10,2.196,-4.962871,-4.736993467777694,-4.965208146146185
2024-12-11,2.4930000000000008,-4.779238,-4.6620136548381526,-4.875198899970853
2024-12-12,2.5515000000000008,-4.517177,-4.563383049274703,-4.541319319298172
2024-12-13,2.3954999999999997,-4.584441,-4.611966181522536,-4.542147010525205
2024-12-16,2.6039999999999996,-4.618848,-4.611966181522536,-4.607656628136042
2024-12-17,2.2215000000000003,-5.029008,-5.091991076344965,-4.894565767845983
2024-12-18,1.896,-2.4573627,-2.013345762890902,-2.59162832912741
2024-12-19,1.7610000000000003,-2.9967494,-2.9301665336258162,-2.811622616750622
2024-12-20,-1.1025000000000003,2.309508,2.37931391078064,1.2887781453258054
2024-12-23,-0.39450000000000035,3.303711,0.10672155996643987,1.119809102832285
2024-10-28,-4.7115,10.55167,10.307629844912691,8.72560080123387
2024-10-29,-4.02,6.584895,6.655020651444487,5.7498363130250585
2024-10-30,-4.0695,3.460051,4.486089638238111,3.370215086207157
2024-10-31,-3.573,2.6254878,-0.5854053325122671,1.2578180395325285
2024-11-01,-2.382,1.8786293,1.756067699263499,1.2537414803117894
2024-11-04,-1.9860000000000002,3.2322316,0.039519728737833174,1.5769150159406053
2024-11-05,-1.9514999999999996,0.86894524,1.1550828219051512,0.8499630181381062
2024-11-06,-0.9929999999999995,-1.8037109,-1.1527725998743192,-1.5881033861867768
2024-11-07,-1.5824999999999996,-2.3263223,-2.1445191623881024,-2.0663557471833642
2024-11-08,-2.2110000000000003,0.077197485,0.19088291384175257,0.02973172896083151
2024-11-11,-0.43350000000000005,0.6281737,0.7786438626792738,0.559896761243265
2024-11-12,-0.8670000000000001,1.4592332,3.505333679842844,2.140053037970655
2024-11-13,-3.852,6.498877,6.928869016147325,5.721287773057451
2024-11-14,-2.3175000000000003,4.4846544,5.421999684475463,4.502889492626979
2024-11-18,-2.694,4.546898,5.385628608767355,4.503098441828558
2024-11-19,-1.0110000000000003,5.167974,4.70032432497645,4.233215743549338
2024-11-20,-0.8474999999999998,4.8415356,4.432481627219036,3.9322905414087477
2024-11-21,-1.9065,3.7436426,6.056734918922922,4.353357958118005
2024-11-22,-0.7800000000000004,3.1044006,4.345688310088383,3.2677260034347038
2024-11-25,0.27449999999999974,2.67413,4.645041273309962,2.9911289403756682
2024-11-26,0.3329999999999998,2.4988198,0.5448141126302322,1.3806933772588779
2024-11-27,1.398,1.6340944,1.61603267917455,1.3294397197289327
2024-11-28,1.2269999999999999,1.6970412,1.8085485291882595,1.3521784435881006
2024-11-29,0.9360000000000003,0.7255236,0.7613523795338268,0.28662272004915235
2024-12-02,1.9769999999999999,-2.6598449,-2.5171785905745314,-2.5998628744624983
2024-12-03,1.7054999999999996,-4.6423893,-4.6884849255475505,-4.393583522485912
2024-12-04,1.9304999999999994,-4.1603036,-4.204568323298926,-4.196282046353283
2024-12-05,1.8855,-4.3266716,-4.021274145346998,-4.2378279394278815
2024-12-06,2.3010000000000006,-4.564806,-4.506071252671501,-4.617365441414996
2024-12-09,2.589000000000001,-4.919976,-4.676441976160683,-4.922051078409353
2024-12-10,3.2624999999999997,-4.927214,-4.558218965447726,-4.80397431753521
2024-12-11,4.092,-5.2729974,-5.143278160394467,-5.307776489037748
2024-12-12,4.113,-4.241692,-4.414911296482368,-4.403476321947251
2024-12-13,4.048499999999999,-4.4102206,-4.148463352090717,-4.248777659276531
2024-12-16,4.903499999999999,-3.975799,-3.6939993422873365,-3.874764497075365
2024-12-17,4.406999999999999,-3.9377887,-3.648343000581029,-3.7525772270905935
2024-12-18,4.2825,-3.2313771,-2.381599074225375,-2.838232313855491
2024-12-19,3.555,-3.7183743,-3.185296404263518,-3.100378474591954
2024-12-20,2.0625,1.9553947,2.453803081036372,1.2054701573151296
2024-12-23,2.6175,3.4967103,1.1244114886878191,1.477931962200087
2024-10-28,-4.677,8.046128,8.449206520967502,6.775643138709085
2024-10-29,-2.9325,4.356235,6.089897998284594,4.432055036022694
2024-10-30,-3.9765,4.3470664,5.157505027998776,3.688985138406129
2024-10-31,-4.880999999999999,7.1129704,3.72740293407684,3.7950057222309237
2024-11-01,-4.3995,2.169583,2.777941071506463,1.2967466466997253
2024-11-04,-4.491,7.955434,5.205608192518476,4.610965607395528
2024-11-05,-4.404,1.5052804,2.5916479875456826,1.2191501834658167
2024-11-06,-5.0489999999999995,-0.4265929,-0.38500605799917453,-1.109074326892393
2024-11-07,-5.0385,-2.2767613,-1.2964144281569432,-1.9842005428871734
2024-11-08,-5.25,1.5184587,1.868621205685076,0.927569197691475
2024-11-11,-5.194500000000001,2.4867578,4.017754877989079,2.1238386179167277
2024-11-12,-5.081999999999999,7.5332246,11.05273985139279,7.009894123644946
2024-11-13,-5.443499999999999,12.111154,13.900566637043013,10.238416084635109
2024-11-14,-4.782,11.102013,12.79660082483533,9.536049702437184
2024-11-18,-5.232,11.102013,12.886219224366515,9.543615903960418
2024-11-19,-4.8105,7.8099766,7.083679203937466,6.043851327213972
2024-11-20,-4.479,7.197884,7.420943684901687,5.924135624575512
2024-11-21,-4.8,7.0000315,8.144190795698627,6.233232045196524
2024-11-22,-4.859999999999999,6.4209843,6.046817784465212,4.886053540481633
2024-11-25,-2.517,2.7930753,4.510237996882716,2.9863261589612646
2024-11-26,-3.3255000000000003,3.6337261,1.0567348643534693,1.9305594179033252
2024-11-27,-3.8444999999999996,1.4849931,1.836985871390296,1.0686066379347376
2024-11-28,-3.0420000000000003,1.6776148,1.9121315757302388,1.1717414304932978
2024-11-29,-2.385,1.1955158,1.1079508459879388,0.5291503171998768
2024-12-02,-3.0765000000000002,-2.3355408,-2.3553453890136176,-2.6352840069281127
2024-12-03,-1.3619999999999997,-2.4784884,-0.6710522879394124,-1.9296848380294673
2024-12-04,-0.49050000000000044,-1.4213157,-0.550714350217222,-1.549156346282099
2024-12-05,-1.0260000000000005,-1.2518502,-0.9272670050121207,-1.708582392846437
2024-12-06,-1.1954999999999998,-1.8921622,-0.7266223450205566,-2.100473672221195
2024-12-09,-0.273,-3.3139827,-2.647680576959445,-3.674080646659909
2024-12-10,-0.9059999999999998,-4.017985,-3.071890401205668,-4.104231977399722
2024-12-11,-0.5849999999999997,-2.733066,-1.0561333984940011,-2.710576887862675
2024-12-12,-0.8099999999999997,-4.355307,-4.615598565776609,-4.712474838286024
2024-12-13,-1.4054999999999995,-4.6535134,-4.846379825236075,-4.862750217051376
2024-12-16,-0.25799999999999984,-4.9918275,-4.910967604518454,-4.956539967144263
2024-12-17,-0.4469999999999995,-3.7143013,-3.0368966875661245,-3.633568276425196
2024-12-18,-1.1324999999999996,-2.70702,-2.3326801718144257,-2.741481769587599
2024-12-19,-1.6829999999999998,-2.2338333,-2.563220903013253,-2.444910677254446
2024-12-20,0.48600000000000027,2.9882212,3.4795121035629424,1.9645228124336056
2024-12-23,-2.3760000000000003,-0.91948706,0.398809596147365,-0.11677886368825277
2024-10-28,-4.224,7.811779,7.580813762003409,6.4700117013491925
2024-10-29,-4.297499999999999,5.014948,5.747732940315247,4.692690694253779
2024-10-30,-4.0695,3.3772864,4.311864567126392,3.20558004860819
2024-10-31,-3.9884999999999997,3.032404,-0.8703985002862425,1.186303997058187
2024-11-01,-3.9585,-0.23435125,1.015694470269219,0.11500834597298115
2024-11-04,-3.1305,2.655887,-0.7372069692580122,1.0907658499003112
2024-11-05,-4.2509999999999994,-0.43265864,0.09640658033440881,-0.10342785144100451
2024-11-06,-2.916,-1.8780301,-1.2329196177832675,-1.7658482515047595
2024-11-07,-1.9559999999999997,-2.461647,-0.3988349065256288,-1.548755202037247
2024-11-08,-3.678,-0.34868506,-0.15390785323883602,-0.31384914090341487
2024-11-11,-3.201,-0.31818765,-0.1359486769329658,-0.22332009117831192
2024-11-12,-3.3075,2.9116287,3.6242761365957246,2.7648110208745935
2024-11-13,-4.1325,12.1433,11.637468049599935,9.528087089195807
2024-11-14,-3.303,6.6806035,6.769429190125632,5.656255792534195
2024-11-18,-3.3569999999999998,5.7394986,6.21307975926436,5.047975761942085
2024-11-19,-3.2609999999999997,5.7658806,4.9194349038294884,4.37219778950576
2024-11-20,-3.1065,5.647499,4.816343484900845,4.290192040615643
2024-11-21,-3.1725,4.400607,5.873688955365415,4.477127906417434
2024-11-22,-1.7625,4.3366895,4.369521666896047,3.714591393380073
2024-11-25,-0.5880000000000002,2.736246,4.098864417307588,2.898438331984114
2024-11-26,-1.1940000000000002,2.9046857,0.5967948125560422,1.5945322832731421
2024-11-27,-0.8610000000000003,1.7116731,1.6834661581588999,1.3205801552444794
2024-11-28,-0.9780000000000004,1.805463,1.7720725115872193,1.2582788521110182
2024-11-29,-1.0244999999999997,0.22051302,-0.31821822540374745,-0.3010842342339666
2024-12-02,-1.4295000000000002,-2.2299724,-2.4271236119969424,-2.511362077244553
2024-12-03,-0.6014999999999997,-4.6702466,-5.2041327853956245,-4.577985342424242
2024-12-04,-0.5925000000000004,-4.737142,-5.282543628830438,-4.79409949359803
2024-12-05,-1.2059999999999997,-5.111556,-5.302975910283953,-5.134103321208345
2024-12-06,-1.1639999999999997,-4.6411777,-5.034497512790143,-4.9141969315790535
2024-12-09,0.3300000000000004,-3.572439,-3.6710834801284307,-4.037376344249096
2024-12-10,-0.3164999999999999,-3.833498,-3.857576933209649,-4.2718559195198464
2024-12-11,-0.22499999999999998,-3.8880072,-4.133552623961026,-4.433556113187173
2024-12-12,0.16799999999999962,-3.7995253,-3.9574365554533872,-4.107824879305449
2024-12-13,-0.1335000000000001,-4.3959837,-4.385829724328895,-4.4102297422969325
2024-12-16,0.9885000000000005,-3.798668,-4.018245376072767,-4.094090253107092
2024-12-17,1.0755000000000001,-3.905649,-4.1551540020666415,-3.989290816407973
2024-12-18,0.7485000000000003,-1.9032774,-1.4408104163770603,-2.0655286584894754
2024-12-19,0.38099999999999984,-2.7427619,-2.932331715354756,-2.641118589790804
2024-12-20,-0.34800000000000003,2.7005694,2.0621881165992497,1.528176072537182
2024-12-23,-0.47849999999999965,3.3212378,0.8111728286292291,1.4935733070916226
2024-10-28,-4.2645,6.894633,7.118891266676778,5.894203445290988
2024-10-29,-4.272,7.5124235,7.526251882459066,6.1266906196982385
2024-10-30,-4.218,4.922745,5.945570672700903,4.247331249922885
2024-10-31,-3.789,2.2272658,-1.3156599929063986,0.43705352000318853
2024-11-01,-3.6194999999999995,-0.6044979,-0.5847371329614537,-0.7485301213637207
2024-11-04,-2.7015000000000002,2.4019122,-1.025359232845327,0.7403628461800084
2024-11-05,-1.5824999999999996,1.0706805,1.2716503792797225,0.8912766497690721
2024-11-06,-1.3199999999999996,-1.6019598,-1.5848020811189087,-1.7163901568926614
2024-11-07,-1.9514999999999996,-2.422168,-2.338624357422909,-2.2052306963601827
2024-11-08,-2.916,0.14367785,0.1321617345080764,0.010246577672779311
2024-11-11,-4.098,-0.25130904,0.13860237876082826,-0.09751796288813652
2024-11-12,-4.409999999999999,4.1453757,5.073957760780178,3.7511397703142437
2024-11-13,-4.608,11.30468,9.813114114307787,8.443175273062618
2024-11-14,-4.941,7.6247344,7.135995039872555,6.176916172954697
2024-11-18,-4.98,7.485594,7.0911019687524375,6.15165074009567
2024-11-19,-4.4535,7.327853,5.9633631215575775,5.563760570000609
2024-11-20,-3.597,5.4693503,6.199999874882391,4.981237724264665
2024-11-21,-4.1535,11.731368,10.635295237453718,8.837949331224596
2024-11-22,-3.9029999999999996,4.6884985,4.415187809864296,3.8951096990750473
2024-11-25,-2.3369999999999997,4.1488905,4.888694790279578,3.606661742586007
2024-11-26,-2.8545000000000003,3.2256825,-0.42802743652038233,1.3424332680335815
2024-11-27,-2.6625,0.64954287,0.9569877495445178,0.5558318707147191
2024-11-28,-2.4855,1.3937135,1.0968425418839438,0.822900652418396
2024-11-29,-1.6724999999999997,0.9230248,1.231686403519647,0.5558713561571313
2024-12-02,-1.917,-1.6726822,0.06467344043992818,-1.180698985803605
2024-12-03,-0.4155000000000005,-1.8863314,-1.4962930345779621,-2.0540228466888517
2024-12-04,-0.6405000000000004,-3.0441067,-1.9770018440710666,-2.800838542429552
2024-12-05,-0.6315000000000001,-3.7822974,-3.835935768069406,-3.8251291638282314
2024-12-06,-0.40650000000000014,-3.8974786,-3.8649997781108265,-4.00989614541952
2024-12-09,0.38099999999999984,-3.2107368,-2.810262611297978,-3.4331015225874237
2024-12-10,1.7625,-3.5929449,-2.9664166872529543,-3.658819311023934
2024-12-11,3.4829999999999997,-3.6016161,-3.343328922130531,-3.7419930990688757
2024-12-12,1.752,-3.2284355,-3.145922306441276,-3.491622006840892
2024-12-13,1.1130000000000002,-2.7744308,-1.4869391170389359,-2.7319799540628513
2024-12-16,0.9855,-4.849301,-4.878370094612764,-4.867212091668659
2024-12-17,0.3510000000000005,-5.3618126,-5.024345086605732,-5.12617890452577
2024-12-18,-0.798,-3.3975592,-2.9833597489122914,-3.4343497044119835
2024-12-19,-1.1699999999999995,-3.1291463,-3.0302414587813664,-3.1227148087973444
2024-12-20,-1.4295000000000002,2.0657482,2.4971448072328357,1.3149370287884372
2024-12-23,-1.4820000000000004,3.4926953,0.5557540818432537,1.2496075628661496
2024-10-28,-4.284,8.315833,7.967039454443588,6.749137032769768
2024-10-29,-3.87,7.417203,6.395222065859915,5.70346634578683
2024-10-30,-3.0164999999999997,3.1898062,4.650163230017963,3.1853434157468254
2024-10-31,-3.2265,5.4659753,2.5922826456054877,3.0432524872070545
2024-11-01,-2.7315,1.9053023,1.4747950634679405,1.1322045597219028
2024-11-04,-2.1195000000000004,4.7908077,1.5776983328521839,2.7484562815826945
2024-11-05,-2.4719999999999995,1.5035971,1.397403725294807,1.191359548903889
2024-11-06,-2.1614999999999993,-1.6681604,-1.655214623349741,-1.7207591820052106
2024-11-07,-1.3739999999999994,-2.3793638,-2.6002506308119426,-2.230407369135658
2024-11-08,-2.0955,1.8339981,1.0483254502207362,0.9295162511336558
2024-11-11,-1.6034999999999997,1.4408592,1.4189366635026581,1.1744514017957672
2024-11-12,-3.0375,3.9672258,4.616709057227615,3.637887605569004
2024-11-13,-4.9365,8.464894,8.278017745094633,7.014702798260699
2024-11-14,-3.6315,6.928558,6.672236432866472,5.874068333586935
2024-11-18,-3.5955,7.2577095,7.399716195355625,6.242083015732097
2024-11-19,-3.4095,7.0459404,5.4095756729643965,5.255742545568892
2024-11-20,-2.7914999999999996,5.9373136,5.011196593497873,4.601253987441141
2024-11-21,-2.2889999999999997,5.904876,8.443900839965115,5.988645505882026
2024-11-22,-1.8675000000000004,5.473886,6.3681928390843865,4.667570641837259
2024-11-25,-0.9224999999999998,4.866184,5.762070137880974,4.013872492078731
2024-11-26,-1.4025,4.6535263,0.9523407908252638,2.2179943077768645
2024-11-27,-0.8099999999999997,2.612839,1.9792565757763287,1.6718305103511868
2024-11-28,-1.2675000000000003,1.3663753,1.4295011792507915,0.9343430192225662
2024-11-29,-1.3079999999999998,0.54827285,0.581110204065201,0.1691502144050019
2024-12-02,0.007499999999999573,-2.2990386,-2.299670765830953,-2.311453718931716
2024-12-03,0.921,-2.6703434,-2.026394659362133,-2.5963727467714937
2024-12-04,1.4130000000000003,-4.312935,-4.480352618206475,-4.1233468686309855
2024-12-05,0.7934999999999999,-4.125003,-4.291316465794037,-4.18879477776522
2024-12-06,0.8280000000000004,-4.057739,-4.291316465794037,-4.3090011070734535
2024-12-09,1.827,-4.4604926,-4.424017293347635,-4.53544007708541
2024-12-10,2.3835,-4.8476896,-4.7472627868206185,-4.735361313277561
2024-12-11,2.4,-4.4493313,-4.525167745870507,-4.617166076295464
2024-12-12,2.3970000000000007,-4.4364023,-4.648632181257169,-4.506108674321302
2024-12-13,1.9844999999999995,-4.4078484,-4.4266117023208515,-4.30770975319175
2024-12-16,2.8470000000000004,-3.9185686,-4.104290744725315,-4.03336090177608
2024-12-17,2.8635000000000006,-4.235173,-4.1817173426038545,-4.162929712711588
2024-12-18,0.8460000000000001,-3.7201009,-2.7808581152866134,-3.4113053732376972
2024-12-19,0.7005000000000002,-3.3452644,-2.8622231252016785,-3.1125903880085013
2024-12-20,-0.6989999999999995,2.347279,2.9176494091332943,1.5260334373518154
2024-12-23,-0.9840000000000003,4.0561333,1.4528421764454422,1.7479390465411166
2024-10-28,-5.011499999999999,8.279939,8.180659056462947,6.738752905821549
2024-10-29,-4.5915,7.5956445,8.264617396481007,6.341225396299581
2024-10-30,-3.5609999999999995,4.227956,5.259808907388228,3.619058042091932
2024-10-31,-3.0915,4.391763,0.8934887134170189,2.034539708431026
2024-11-01,-3.0734999999999997,1.9860288,1.5070111150967593,0.978713149312738
2024-11-04,-2.2530000000000006,3.8233202,1.0852090372704413,1.9433024208862142
2024-11-05,-2.4525,1.761116,1.5724497329671692,1.1083244062368767
2024-11-06,-3.033,-2.060732,-2.0811798996235886,-2.2354968968027515
2024-11-07,-2.319,-2.8657134,-3.1983284106301864,-2.801204852914802
2024-11-08,-3.804,0.6947465,0.8365630636918213,0.21784989571842112
2024-11-11,-3.192,1.0206679,1.1576386493703064,0.6287253746672282
2024-11-12,-4.038,4.057735,4.9150040111229405,3.4744389392158967
2024-11-13,-4.266,5.7813606,7.4868639493853255,5.521245009036175
2024-11-14,-3.573,7.376161,7.284535092500187,5.8580105892539684
2024-11-18,-4.3125,8.04618,8.198137957871461,6.492837838822262
2024-11-19,-4.2075,8.04618,6.753337107018757,5.873281778667801
2024-11-20,-3.7755,6.469195,6.237786468262499,5.160651250024302
2024-11-21,-3.714,10.471252,9.220678563665178,7.848543482742118
2024-11-22,-3.7935,7.6550636,6.861003498009262,5.897151818065489
2024-11-25,-3.0974999999999997,3.9919734,4.893221247805033,3.459418821079931
2024-11-26,-3.6839999999999997,3.836392,0.2719134983211458,1.7052182102255737
2024-11-27,-3.246,1.4558437,1.6492760218291223,1.0450662309133196
2024-11-28,-3.4605,1.2204695,1.329891983128652,0.7124551746249841
2024-11-29,-3.5174999999999996,0.31084397,0.14761096874440857,-0.21296238665541
2024-12-02,-3.582,-2.7057166,-2.387266987182964,-2.6282943730980866
2024-12-03,-2.0610000000000004,-3.9291937,-3.213189446017684,-3.5773863678384563
2024-12-04,-2.6369999999999996,-4.662394,-4.894042829227986,-4.613980326052047
2024-12-05,-2.6999999999999997,-4.8456173,-4.746761987667132,-4.717604172863998
2024-12-06,-2.808,-3.9860885,-3.0450348199707467,-3.9578651660509463
2024-12-09,-1.7324999999999995,-0.44325846,-0.056087580424018374,-1.337822739029575
2024-12-10,-1.3875,-2.1466136,-1.0179865836425825,-2.285717869440121
2024-12-11,-1.3530000000000004,-2.0897186,-0.7457878232397994,-2.2161812790737847
2024-12-12,-1.9065,-2.1587296,-0.8860147221771252,-2.0315449528074625
2024-12-13,-1.827,-4.485311,-4.468442345179004,-4.41992578749905
2024-12-16,-1.7849999999999997,-2.4086013,-1.3843272197629177,-2.3691352940130503
2024-12-17,-2.088,-4.6096597,-4.725183566660338,-4.488879160545465
2024-12-18,-3.0269999999999997,-3.2044752,-2.665808383837064,-2.9087949427505855
2024-12-19,-2.7375,-2.6400032,-2.193460258504341,-2.4511234147344876
2024-12-20,-2.6744999999999997,3.650027,3.325828628784633,2.5909144067810996
2024-12-23,-3.9135,6.8235145,3.0880245430202793,3.587463057210491
2024-10-28,-6.4559999999999995,6.524601,3.6870523203578993,4.487370714497807
2024-10-29,-6.765,6.2428303,1.8190235073382046,3.646663719066637
2024-10-30,-6.490499999999999,9.06801,11.09807605094369,7.620644443077351
2024-10-31,-6.762,5.0193124,-0.44593059823017145,1.7827589104499528
2024-11-01,-5.2935,0.47345275,1.3092383254069304,0.39015820769597664
2024-11-04,-4.4715,4.649878,0.5731246368818312,2.1324181193011507
2024-11-05,-4.529999999999999,0.91795105,2.096201574717232,0.9601953793856742
2024-11-06,-3.48,0.70491767,0.9602935566958335,0.2720126370643853
2024-11-07,-3.6119999999999997,-0.22844715,-0.04047598839692112,-0.36709171101687355
2024-11-08,-4.599,0.73330534,1.1690016895931497,0.47497024061836257
2024-11-11,-4.823999999999999,0.33998087,1.1787269127959623,0.3788617155233673
2024-11-12,-4.873499999999999,2.9064848,1.030737378846519,1.4361177399776879
2024-11-13,-5.2860000000000005,8.018769,4.11038132837175,5.145535483059543
2024-11-14,-5.346,7.463581,3.6799136447444227,4.825257440315956
2024-11-18,-4.999499999999999,7.5009127,4.2886049968098545,4.976923197609003
2024-11-19,-5.3145,7.510659,3.3522375129410675,4.1785285397507135
2024-11-20,-4.617,6.7280126,3.609159772552088,3.9936064289233824
2024-11-21,-5.136,6.9161983,5.945291366064352,5.333204598519892
2024-11-22,-4.014,6.571009,4.303944371626686,4.193890039940014
2024-11-25,-4.146,4.654804,3.7039484022843054,3.059444941429584
2024-11-26,-4.3095,4.270355,-2.898239745459361,0.8727595873538405
2024-11-27,-4.365,0.6436727,-0.009737427829383853,0.22342657674012872
2024-11-28,-4.488,1.0521008,0.040222433010644154,0.33443263137704377
2024-11-29,-4.902,-0.18835102,-0.687565838136918,-0.4742564174202538
2024-12-02,-3.588,-0.46746153,0.7870385003162348,-0.125225383306369
2024-12-03,-3.645,-1.31943,-0.3390302251934053,-1.0566383640598476
2024-12-04,-3.273,-2.0244186,-0.7295117387574677,-1.605556432303632
2024-12-05,-1.3110000000000002,-0.9286502,0.2279423327419855,-1.161884827139999
2024-12-06,0.6675000000000004,0.3509295,-0.14213891175481413,-1.1372430067572972
2024-12-09,-0.6119999999999998,0.11223348,-0.028333446977965936,-1.1429633458109554
2024-12-10,-1.221,0.05676073,-0.0044151384386202025,-1.2209267814486717
2024-12-11,0.20700000000000038,-1.0520387,0.6488657384055458,-1.4632646694461464
2024-12-12,0.8909999999999997,-1.0203749,0.643520620496398,-1.250981647479256
2024-12-13,0.7184999999999998,-1.7355089,-0.14243918838713893,-1.8164876289155605
2024-12-16,0.3,-1.3514203,0.2113215716037544,-1.4074939303964529
2024-12-17,0.8804999999999996,-0.82779914,0.7014921024386602,-0.9715369413888992
2024-12-18,0.8400000000000002,-0.9743509,-1.3834436507442283,-1.6402125537364463
2024-12-19,0.8655000000000005,-1.2615614,-1.3694326423696206,-1.6398346229979617
2024-12-20,0.34200000000000014,2.1370554,2.500790202777995,1.523639052917014
2024-12-23,-0.5655000000000004,4.9088187,0.9007968946328829,1.9879628811091898
2024-10-28,-4.515,8.195725,7.691019800195001,6.752089714556763
2024-10-29,-5.019,13.126154,11.419138925183146,9.616478122049745
2024-10-30,-4.648499999999999,5.504821,5.336066253899736,4.213152167145057
2024-10-31,-3.405,4.3718233,1.161947858083304,2.1975373294447604
2024-11-01,-2.9130000000000003,1.2629696,1.3866997260778928,0.9214877495389379
2024-11-04,-2.916,4.854858,0.8471071872339175,2.4082494856858543
2024-11-05,-3.2655,-0.009797346,0.29734276094585954,0.20191997867273542
2024-11-06,-1.944,-2.1768231,-1.7887694994754901,-1.8925288530698294
2024-11-07,-2.523,-2.7340066,-2.653595513976562,-2.3396419000723525
2024-11-08,-3.9974999999999996,-0.21445425,-0.008874107363639607,-0.19639314348119402
2024-11-11,-3.9285,0.3693067,0.5666533004442967,0.2915649008141691
2024-11-12,-4.512,4.0639143,4.154635979385984,3.3305195321842316
2024-11-13,-4.736999999999999,7.880496,7.500663132843644,6.45053704471328
2024-11-14,-3.9855,7.9659204,7.718295921850502,6.463836846942895
2024-11-18,-4.3815,6.5890474,6.37714513180075,5.521104772432487
2024-11-19,-3.723,5.0988955,4.690925927682425,4.080896068229296
2024-11-20,-3.117,4.3351355,4.950781090912663,3.95869859270099
2024-11-21,-3.4365,6.6420264,9.235511973916553,6.493535657571901
2024-11-22,-3.3825,4.68889,5.060355148030457,4.06713051715193
2024-11-25,-2.7119999999999997,4.0926285,4.679577402394134,3.5754615484396135
2024-11-26,-1.9335,3.236458,0.2934576886255828,1.563112244031787
2024-11-27,-2.0130000000000003,0.3814688,0.7035538578717482,0.4058763409630525
2024-11-28,-2.9339999999999997,0.011581533,-0.01958567996639404,-0.1878076310950471
2024-11-29,-3.141,-0.6701704,-0.8744343160668471,-0.9679186477477861
2024-12-02,-2.1945,-3.2252226,-2.9469661512270497,-3.0929699803059933
2024-12-03,-1.0125,-3.410554,-2.066013246687015,-2.90268693984753
2024-12-04,-0.8280000000000004,-2.358544,-1.0916259642465171,-2.1894019033117447
2024-12-05,0.2594999999999995,-1.8129857,-1.0128731083853062,-2.008731139568921
2024-12-06,-0.044999999999999575,-1.2054137,-0.3793107037267046,-1.677098348084039
2024-12-09,1.827,-1.098424,-0.343414403857907,-1.6802370739113215
2024-12-10,-0.20700000000000038,-3.257206,-2.1275133430512274,-3.269116070904282
2024-12-11,-0.5925000000000004,-2.1251826,-0.9102245908968992,-2.3275364545890422
2024-12-12,-0.14400000000000013,-3.8641577,-4.038482368768131,-4.061354265785474
2024-12-13,-0.5954999999999998,-4.0949097,-2.7865379734593656,-3.6778711267337822
2024-12-16,0.4110000000000003,-4.1829987,-4.297136841083666,-4.378278430726753
2024-12-17,0.32699999999999996,-4.8582377,-4.886410808677626,-4.6075941688128985
2024-12-18,0.5039999999999999,-2.8914747,-2.561081631114585,-2.7285908336374662
2024-12-19,0.4739999999999995,-3.3005538,-3.1199631951951274,-2.9745502906423207
2024-12-20,-0.27150000000000035,1.490481,1.711564886319996,1.11915421693947
2024-12-23,-1.4159999999999997,3.2066891,0.19365701861606185,1.2189702950777441
2024-10-28,-4.484999999999999,12.234109,12.435730050200267,9.93534655239837
2024-10-29,-4.270499999999999,14.974585,15.109888206622342,11.604132474092202
2024-10-30,-4.257,11.433286,13.947203613221495,9.619027659403613
2024-10-31,-3.336,8.221415,3.2593758973970015,4.443940845956073
2024-11-01,-2.1074999999999995,2.5979378,1.798464461465606,1.864006327693505
2024-11-04,-4.29,8.050839,2.740333068315009,4.2625811971709595
2024-11-05,-4.491,0.90926105,1.0489690941203178,0.8873182761037713
2024-11-06,-0.9405000000000004,-0.9856877,-1.0138904730426372,-0.9281471751308753
2024-11-07,-1.8119999999999996,-1.9023659,-0.7984241150075655,-1.0361951973451375
2024-11-08,-0.8909999999999997,0.5262925,0.44043466158677896,0.42076361033229803
2024-11-11,-3.4244999999999997,0.5808096,0.06399627570643822,0.4723933458081443
2024-11-12,-4.0935,4.667485,4.358405506965692,3.8519462580661767
2024-11-13,-3.9884999999999997,8.794366,8.19140588579679,7.190569760477362
2024-11-14,-4.1565,8.45065,7.69980117259822,6.886211043801336
2024-11-18,-4.098,8.032075,7.31052680916845,6.516040513470374
2024-11-19,-4.098,7.7261157,6.1866922471901145,5.855202167793112
2024-11-20,-3.723,6.5942683,6.146896160242994,5.402339591620174
2024-11-21,-2.154,12.666871,10.307422014000094,8.964491151407923
2024-11-22,-2.5425000000000004,7.45825,4.586620539225766,5.07565559268815
2024-11-25,-2.778,5.278496,6.869128697289177,4.705460789852634
2024-11-26,-1.9874999999999998,5.362666,1.432919267738707,2.6805176669500614
2024-11-27,-0.9059999999999998,3.417937,3.238910442625818,2.3159683430902067
2024-11-28,-0.6630000000000003,2.9364507,2.075598900099156,1.4930937103106696
2024-11-29,-0.7889999999999997,1.0477331,1.025167385789527,0.11339061208414641
2024-12-02,-1.281,-2.5629852,-2.136389228051953,-2.782132714184851
2024-12-03,-0.17849999999999966,-4.833064,-4.5733667970249074,-4.65285222578989
2024-12-04,-0.3150000000000002,-4.602925,-4.638050894147511,-4.698421310387325
2024-12-05,0.498,-4.229507,-4.545166732656404,-4.541622288286919
2024-12-06,-0.8324999999999996,-4.3724875,-4.451526829034709,-4.783823777450649
2024-12-09,0.5114999999999995,-4.3897996,-4.537173534671828,-4.927528186980276
2024-12-10,0.6449999999999996,-4.3796206,-4.498270950331567,-5.0982757942799095
2024-12-11,1.5570000000000004,-4.8841543,-4.794085199303782,-5.639526296101037
2024-12-12,1.3094999999999994,-4.341272,-4.278750869457006,-4.973568496165899
2024-12-13,0.6210000000000001,-4.144209,-4.112647690349901,-4.516051449809038
2024-12-16,1.704,-4.4279943,-4.381712152000432,-4.715246010320877
2024-12-17,1.7625,-4.582434,-4.560516207526924,-4.662014148852201
2024-12-18,1.6635000000000004,-2.5997598,-1.7681582913820304,-2.636719199789048
2024-12-19,1.3215000000000003,-3.7563705,-3.4500583648461562,-3.4492323127114806
2024-12-20,0.5610000000000003,1.6627206,1.994180280033155,1.0348003099974854
2024-12-23,0.13049999999999962,4.6784387,0.21142466306880203,1.574168691601984
2024-10-28,-3.6029999999999998,7.471131,7.856701934125743,6.228704682841596
2024-10-29,-2.361,6.199583,9.195332958505496,6.122916978438864
2024-10-30,-3.045,4.4043818,5.99849355965867,3.9980052157716837
2024-10-31,-3.6464999999999996,4.692132,0.4551913984321205,1.9493836547005212
2024-11-01,-3.9255,0.91099596,1.4577138207629987,0.35682935260453563
2024-11-04,-2.706,2.571284,-0.6674515373334237,0.8348533605682253
2024-11-05,-2.4675000000000002,-0.16581443,0.2471779946719186,-0.19299883041350738
2024-11-06,-1.7985000000000002,-2.6389298,-2.610199803610875,-2.6604185209063456
2024-11-07,-1.4565000000000001,-2.6392643,-2.65733842300542,-2.546897140651755
2024-11-08,-1.6244999999999996,1.4664372,1.2914574669528374,0.8151027434467003
2024-11-11,-3.369,0.25762337,0.616134702445668,0.1627359898829657
2024-11-12,-4.4355,6.291552,7.669082602167849,5.509597195275929
2024-11-13,-5.6235,11.186665,10.945772268283273,8.91443104361593
2024-11-14,-5.616,11.186665,10.99071112286865,8.89863991024605
2024-11-18,-5.613,11.186665,10.99071112286865,8.92920661256236
2024-11-19,-5.515499999999999,11.35738,9.583399146200044,8.373954311055227
2024-11-20,-4.5809999999999995,10.578752,10.810743529436536,8.467708901987217
2024-11-21,-5.2845,11.84686,13.767749008564474,10.114200298751392
2024-11-22,-4.965,10.466371,12.256045340239833,8.856431985778485
2024-11-25,-3.009,6.7929497,7.510110040647072,5.448131057587509
2024-11-26,-4.407,5.3353553,0.8276046316856287,2.4201615946296244
2024-11-27,-4.0545,0.6123784,1.0587646440105858,0.5489090057172288
2024-11-28,-3.7769999999999997,1.2697798,1.5563737810144156,0.8399001341769654
2024-11-29,-3.267,1.1442239,0.891746542750161,0.544104479561601
2024-12-02,-2.4344999999999994,-0.09656966,0.45120554697976767,-0.29826788495433765
2024-12-03,-0.2894999999999999,-1.4603379,-2.2151002758687026,-2.036559184761788
2024-12-04,-0.9795000000000001,-2.1680822,-3.032930714178255,-2.828476855073822
2024-12-05,-0.5474999999999998,-1.7595736,-2.7665172851391944,-2.6895911993269093
2024-12-06,-0.4545000000000001,-1.8914765,-2.4805061635189882,-2.7456610185350963
2024-12-09,0.2414999999999999,-2.0452282,-2.5954894426425845,-2.9988053419928917
2024-12-10,0.5864999999999995,-4.4300737,-3.9118615927592875,-4.612451356714914
2024-12-11,1.9769999999999999,-2.9899578,-2.473588051584152,-3.379557780746797
2024-12-12,1.7849999999999997,-3.348787,-3.7161941055720398,-3.94477752837715
2024-12-13,1.8300000000000003,-2.7025526,-3.0878110377538066,-3.325348462992679
2024-12-16,0.8264999999999997,-4.157095,-4.352460489052606,-4.593658602454297
2024-12-17,-0.4260000000000005,-4.4789014,-4.701020672613415,-4.848788973109551
2024-12-18,-1.4445000000000003,-2.3259876,-2.4989792194799447,-2.9222993240257393
2024-12-19,-1.6905000000000003,-1.8199466,-2.1128479114966394,-2.2451754352615296
2024-12-20,-2.6685,3.5544097,3.3960461382691003,2.106756479769624
2024-12-23,-2.9069999999999996,5.5986495,2.569343274702386,2.753364062767427
2024-10-28,-4.023,6.4879003,8.168646776616496,6.079230103899573
2024-10-29,-3.7904999999999998,4.3143497,5.256566652668345,4.271790204706672
2024-10-30,-2.394,1.6207033,3.239382385065168,2.2159080463388294
2024-10-31,-2.814,1.706523,-1.6728455643991111,0.37102915822297666
2024-11-01,-2.2155000000000005,-0.22359994,-0.035120400006764536,-0.24632296269137433
2024-11-04,-2.202,2.8271677,1.4429451993536289,1.7596777725489545
2024-11-05,-2.04,-0.0018712878,0.7428585532822113,0.32096976330300164
2024-11-06,-1.446,-3.1938848,-2.672203709671526,-2.7703805197874978
2024-11-07,-1.752,-3.9763942,-3.5588595494778197,-3.263523006154109
2024-11-08,-1.6739999999999995,-0.09584426,0.11882938698866989,-0.14111684022074125
2024-11-11,-1.4369999999999996,0.1408173,0.4540565328570955,0.13982702190077625
2024-11-12,-2.148,1.7245053,2.6978242358623232,1.8729264466186568
2024-11-13,-3.1545,4.926729,5.45277974062567,4.580679459660639
2024-11-14,-3.0135,4.548469,5.044982555748997,4.297287508816255
2024-11-18,-2.943,4.6107125,5.009171723342856,4.333980611062185
2024-11-19,-2.8484999999999996,4.2938623,3.649112851684576,3.549849903755422
2024-11-20,-2.1405000000000003,4.031628,3.851799731727534,3.3914736235361
2024-11-21,-2.985,4.0124335,4.821135650749671,3.977851766916634
2024-11-22,-2.5965000000000003,3.7844608,3.3645819365615384,3.082955700323822
2024-11-25,-1.5885000000000005,3.356024,3.854787677814096,2.8256375807010317
2024-11-26,-1.7175000000000005,3.0869484,-0.2904884119003168,1.0975930950458201
2024-11-27,-1.7894999999999999,0.53276473,0.25090327989918215,0.07763866548002965
2024-11-28,-1.7025000000000001,0.6408461,0.9169794091828893,0.2542855552507771
2024-11-29,-1.7715000000000003,-0.40934578,-0.33855617147687656,-0.7301958126290546
2024-12-02,-1.7909999999999997,-4.2324104,-3.841434756009986,-3.733420720306093
2024-12-03,-1.0125,-5.1758327,-5.079778682643925,-4.86417230916321
2024-12-04,-1.0635000000000006,-4.982779,-5.004988513445047,-4.926576758631073
2024-12-05,-0.9809999999999999,-5.2383614,-5.088490249960876,-5.047662152187938
2024-12-06,-0.4679999999999996,-4.575125,-4.687436365027028,-4.725055576062518
2024-12-09,0.01950000000000038,-5.011715,-4.8254176130493365,-4.908721017902634
2024-12-10,0.3195000000000004,-4.845731,-4.724074662976565,-4.863154739327522
2024-12-11,0.6135000000000005,-4.7259483,-4.65809191752283,-4.813539602756047
2024-12-12,0.6405000000000004,-4.3950024,-4.476282248311045,-4.513473794176236
2024-12-13,0.2954999999999998,-4.8192463,-4.846446239311014,-4.84179177604777
2024-12-16,0.49200000000000016,-4.8192463,-4.870364547850359,-4.870008798207342
2024-12-17,-0.049499999999999746,-5.478887,-5.3655184007044046,-5.151476457373217
2024-12-18,-0.32399999999999946,-3.5142183,-3.1867034897726403,-3.3261185893036127
2024-12-19,-0.4440000000000001,-3.478434,-3.359557317512807,-3.169716534813939
2024-12-20,-1.6395,1.9182485,2.1616406924552005,1.2098488062882384
2024-12-23,-2.298,3.5827272,-0.6002725835917909,0.9633000235138993
2024-10-28,-5.159999999999999,11.883434,10.623987860860028,9.057569793528232
2024-10-29,-5.592,12.616946,12.983317447537404,9.993698044506145
2024-10-30,-5.5965,8.002052,11.083682984346455,7.1807233799945145
2024-10-31,-5.238,5.7614336,0.9735195573742534,2.3792353183719808
2024-11-01,-5.2275,-0.29240784,0.8848346548142125,-0.2347409779486444
2024-11-04,-4.377,5.5717397,0.6814123444227322,2.3359778555321857
2024-11-05,-4.2375,0.5630692,0.8588602163430372,0.44318672319666363
2024-11-06,-4.0455,-3.7990544,-3.056486769889677,-3.155637663190084
2024-11-07,-4.3815,-4.756501,-4.370510221975548,-3.9268917018697547
2024-11-08,-4.0245,3.8092103,0.9256605815905623,1.4734905863943857
2024-11-11,-5.5545,0.5018892,0.10257041926351115,0.1478967642081011
2024-11-12,-5.673,5.198635,6.513955335555964,4.629350445857106
2024-11-13,-6.039,11.291188,10.709508601632034,8.919724176981166
2024-11-14,-6.0645,11.858657,10.709508601632034,9.07650011947957
2024-11-18,-6.124499999999999,11.721891,10.605799459491283,9.030790245645067
2024-11-19,-5.8515,11.6202345,10.777298674297432,8.78672925114435
2024-11-20,-5.379,10.572595,10.559410377646397,8.330346461546746
2024-11-21,-5.847,11.433216,12.337570509356503,9.486659047085615
2024-11-22,-5.505,7.8120065,6.904996167948356,5.8777178316335315
2024-11-25,-3.8609999999999998,7.5652523,5.486236130339535,4.861691153683522
2024-11-26,-4.3275,4.663509,0.5485170375983253,2.247450642166876
2024-11-27,-3.6614999999999998,1.8943082,2.000614348677378,1.5040141946846968
2024-11-28,-3.456,1.9889039,2.0852459789552555,1.5244182939714257
2024-11-29,-3.7724999999999995,0.556683,0.8366310077904704,0.4286412249432989
2024-12-02,-4.0725,-1.8497924,-0.9424822876246505,-1.6442397375059508
2024-12-03,-2.742,-1.5218424,-0.8732728384902281,-1.4614295293161335
2024-12-04,-2.727,-1.7448859,-1.0401992604590158,-1.7071364977064736
2024-12-05,-2.5364999999999993,-1.3651214,-0.6387146106946932,-1.6176348014577335
2024-12-06,-1.3139999999999996,-0.42483926,-0.38967671319935704,-1.3268722730587583
2024-12-09,-1.0559999999999998,-1.8844819,-0.9260443380891292,-2.2548951389090677
2024-12-10,0.08400000000000034,-1.904329,-0.24198482490292303,-2.0629406178766616
2024-12-11,-0.6630000000000003,-1.6525539,-0.7170578160069946,-2.139401895697828
2024-12-12,-0.3570000000000004,-4.042822,-4.273093904878884,-4.421812173897859
2024-12-13,0.05999999999999978,-3.540108,-3.7576027366081886,-3.9206657808160514
2024-12-16,0.25199999999999995,-3.5188904,-3.5747648708849478,-3.8183507801434624
2024-12-17,-0.6405000000000004,-4.254941,-4.11866499211243,-4.327095160703458
2024-12-18,-1.8659999999999997,-2.630797,-2.3307328699527954,-2.717112786561359
2024-12-19,-0.3614999999999995,-2.475672,-2.2991438386026215,-2.391610940053737
2024-12-20,-1.671,2.542097,2.689190328118126,1.6120652790729109
2024-12-23,-2.2574999999999994,3.4343414,1.9215265955249181,1.7154617788979465
2024-10-28,-4.254,10.646574,10.13583310757254,8.62959492962715
2024-10-29,-3.3974999999999995,6.282339,7.2614058557291195,5.967385185899761
2024-10-30,-3.0525,5.556131,6.031708273673093,4.799970019966474
2024-10-31,-0.7409999999999997,4.325029,-0.29344209184447095,2.0623164872241033
2024-11-01,0.26849999999999985,2.609693,2.5008527821684865,2.2774729957697377
2024-11-04,0.4425000000000004,5.0553718,1.8068531270493935,3.281876628559259
2024-11-05,-1.5465000000000002,1.3257285,1.1974639667627416,1.0995922797537983
2024-11-06,-0.5775000000000002,-1.5460082,-1.3563874736406643,-1.3611602925260184
2024-11-07,-1.5239999999999994,-2.7209065,-2.6668050028997654,-2.296121065791432
2024-11-08,-2.2304999999999997,-0.014353912,0.1404855087212417,0.06988379015220861
2024-11-11,-1.5885000000000005,0.76496947,0.988514188685288,0.6767665192993542
2024-11-12,-3.3869999999999996,2.6722822,3.446389799523372,2.703234548360015
2024-11-13,-3.198,5.7732553,6.253690273893661,5.325096935279787
2024-11-14,-3.396,5.519104,5.576007306844465,4.953923194941859
2024-11-18,-2.184,4.8106875,5.502174566297533,4.6408081812720985
2024-11-19,-2.0489999999999995,5.4778957,4.177371837859912,4.167202147346348
2024-11-20,-1.4534999999999996,4.5222034,4.5857011029654515,3.9837513616598397
2024-11-21,-2.952,4.745392,5.419596022446816,4.500321367257346
2024-11-22,-2.5530000000000004,3.9078348,3.950859689360318,3.3858018084083845
2024-11-25,-2.2949999999999995,3.327472,3.69922723964169,2.934948375133882
2024-11-26,-2.925,2.7899497,-0.07229712284771848,1.2634301747996493
2024-11-27,-1.6110000000000002,0.8991513,1.1396482559310088,0.6806449730998472
2024-11-28,-0.8355,1.754859,1.4913504685984023,1.051888516530856
2024-11-29,-0.29099999999999965,0.9651452,1.1574737005241524,0.4388936075572877
2024-12-02,0.40650000000000014,-1.2516999,-1.6610649182925865,-1.7008187371831351
2024-12-03,0.19949999999999973,-3.045244,-3.062816663216748,-3.104108141182381
2024-12-04,-0.28499999999999975,-3.8364644,-3.848886547500489,-3.882712903690831
2024-12-05,-0.5355,-3.384075,-3.5803490391711708,-3.61464383006935
2024-12-06,-0.23249999999999957,-4.4694395,-4.281477530419838,-4.363174918631738
2024-12-09,0.9539999999999998,-5.2440605,-5.284870374943258,-4.99048686429079
2024-12-10,0.7125,-4.523195,-4.283760176624902,-4.52501507799227
2024-12-11,2.5829999999999997,-3.4934206,-3.353846555397974,-3.872332804383582
2024-12-12,1.3260000000000005,-3.956545,-4.005951749219102,-4.103229415564731
2024-12-13,0.053999999999999916,-4.332479,-4.247249458291686,-4.261752239354439
2024-12-16,0.3224999999999998,-4.120682,-3.736891018216382,-4.1249441712517125
2024-12-17,-0.5925000000000004,-5.0529284,-4.97566242147245,-4.768357026141056
2024-12-18,-0.33150000000000013,-2.8663118,-2.6965405333552788,-2.893899557277342
2024-12-19,-0.32699999999999996,-2.7924054,-2.570228963970796,-2.5358651718153276
2024-12-20,-1.6530000000000005,2.4399445,2.6071155222675024,1.6756759325822717
2024-12-23,-2.175,4.1987715,0.8698596553423364,1.8260304209208078
2024-10-28,-4.765499999999999,7.3259687,7.550920054400462,6.177899097035388
2024-10-29,-4.776,7.3259687,7.550920054400462,6.070707055154638
2024-10-30,-4.460999999999999,3.9089928,4.47040561000304,3.2473353717137403
2024-10-31,-4.4925,3.5164452,-0.16846094145995472,1.2914885234152453
2024-11-01,-4.404,-0.016031373,0.9177771191825943,-0.10617810752167899
2024-11-04,-2.9805,1.6101167,-0.6498614862477418,0.4585704246467754
2024-11-05,-2.895,0.22138654,0.6227616866236412,0.1168419756038622
2024-11-06,-3.1859999999999995,-1.9616408,-1.7592656373484872,-2.187272608746767
2024-11-07,-2.946,-2.8331044,-2.7415630609945656,-2.7397029603233447
2024-11-08,-3.1694999999999998,0.34588948,0.6196900126052025,0.009944563742506463
2024-11-11,-3.36,0.43376338,0.9122723382775269,0.2859103915048872
2024-11-12,-3.717,3.3385775,4.510587625777938,3.06066751166087
2024-11-13,-4.821,12.066,11.565973369133197,9.43664890796421
2024-11-14,-5.044499999999999,11.537697,11.137940096329098,9.082274154065953
2024-11-18,-4.5555,8.14496,7.458573355516008,6.322654340871996
2024-11-19,-4.701,7.649132,6.5786687709496805,5.755695315650151
2024-11-20,-4.272,7.4249682,6.460701658391792,5.667760123414075
2024-11-21,-4.624499999999999,7.5864644,8.172951910174383,6.390673391981018
2024-11-22,-4.137,6.592622,7.1700374821510895,5.483106160136898
2024-11-25,-4.017,5.2363186,5.8109408318796,4.390155263734259
2024-11-26,-3.9285,4.02741,0.49126433854624135,1.9213553937617522
2024-11-27,-3.9299999999999997,0.8537391,1.1869432011156664,0.6929996150831987
2024-11-28,-4.1445,0.7487335,1.0876315976411148,0.45193009047626387
2024-11-29,-4.143,0.16143659,0.3274242798806507,-0.14572720441873968
2024-12-02,-4.6785,-2.6614323,-2.5663001279718216,-2.6818205627181193
2024-12-03,-4.0545,-5.033103,-5.081027752124509,-4.722415179157088
2024-12-04,-3.9299999999999997,-3.6233652,-2.6353953257760336,-3.2300486210728225
2024-12-05,-3.6959999999999997,-3.5889533,-2.4646468926171563,-3.251127794746227
2024-12-06,-2.8215,-3.1559813,-1.3812268667370198,-2.766561443202058
2024-12-09,-2.613,-4.996882,-4.88601814816347,-5.024899420748212
2024-12-10,-2.2815,-4.979132,-4.982437918927083,-5.085157663684061
2024-12-11,-1.9139999999999997,-4.3878937,-4.4616700810117225,-4.705211767424843
2024-12-12,-2.3729999999999998,-4.705559,-4.617291564324038,-4.794437053282487
2024-12-13,-2.0835,-4.619821,-4.397834835174753,-4.577292287595472
2024-12-16,-1.4219999999999995,-4.222779,-4.003742101928853,-4.362329858556408
2024-12-17,-2.427,-4.735108,-4.878878878545879,-4.641238995969659
2024-12-18,-2.4465000000000003,-3.1875412,-2.661740230496508,-2.9192113052801347
2024-12-19,-2.3729999999999998,-2.4695075,-2.592491664138085,-2.459171576628668
2024-12-20,-3.4785,3.4284403,3.6896884619498964,2.433209459751655
2024-12-23,-3.408,4.681368,2.5596008737035083,2.4596540811788135
2024-10-28,-4.308,11.201969,9.63742792801933,8.572628183900797
2024-10-29,-4.551,11.101858,9.58975751260348,8.500362020177414
2024-10-30,-3.3615,2.991899,3.661424738326449,2.792713136936347
2024-10-31,-2.3969999999999994,3.1251981,-0.8963830024999598,1.1572594459476107
2024-11-01,-1.4639999999999997,1.4948289,1.9717379292139297,1.2080146298948258
2024-11-04,-2.6340000000000003,4.0427217,1.0444418836492124,2.1205940425573906
2024-11-05,-2.997,-0.36925915,0.4334558760142102,0.012932729071571891
2024-11-06,-0.8489999999999994,-2.136425,-1.2490523196216194,-1.630604467249934
2024-11-07,-0.14549999999999982,-3.433121,-3.211069744026387,-2.897566379878378
2024-11-08,-1.8539999999999999,-0.78620964,-0.7136418862150492,-0.6609586479968532
2024-11-11,-2.577,-0.50031257,-0.30986650782143066,-0.2520036316731241
2024-11-12,-2.565,2.8096073,2.9370242921594913,2.500742333430728
2024-11-13,-3.7964999999999995,5.9497614,5.1284968998885745,4.947715869369443
2024-11-14,-1.3635000000000004,4.736897,4.914766204428852,4.30247759414386
2024-11-18,-2.769,3.6685262,4.0127596123057,3.639379448209318
2024-11-19,-3.4589999999999996,4.357819,4.167388972718389,3.8229454966255156
2024-11-20,-2.686499999999999,3.5961924,3.71346295564922,3.332086105554183
2024-11-21,-3.8175,6.76765,7.111286827350447,6.01286546568933
2024-11-22,-2.832,5.12781,4.30401082664808,4.15388158162312
2024-11-25,0.10050000000000026,3.240882,5.207797797814997,3.4584973300409865
2024-11-26,1.2614999999999994,3.675802,1.5687890519888033,2.3859644038296715
2024-11-27,1.6275000000000002,2.4399805,2.2931340410669043,1.9619773475370859
2024-11-28,0.05100000000000051,2.0542936,1.7451999181573956,1.4870385588476418
2024-11-29,-0.3195000000000004,1.304795,1.2370457135140065,0.6797766406410831
2024-12-02,0.7485000000000003,-3.4098873,-3.1239857936023347,-3.004720037779078
2024-12-03,2.0505,-3.859169,-3.9247589868929884,-3.6719542253813913
2024-12-04,1.6605,-3.6353974,-3.6279841643442,-3.601171417407362
2024-12-05,1.2675000000000003,-3.9437516,-3.9268796081050565,-3.9286899647165683
2024-12-06,1.3889999999999996,-3.9772637,-3.993769515919293,-4.023485994409643
2024-12-09,2.1795,-4.7417316,-4.428188886895374,-4.558861483173912
2024-12-10,4.155,-5.139336,-4.991086308771,-4.961031292356829
2024-12-11,2.5635000000000003,-4.6247983,-4.492054220614941,-4.6180620765011495
2024-12-12,1.9695000000000003,-4.3638916,-4.466514283628121,-4.38637072469514
2024-12-13,2.2079999999999997,-3.9407508,-3.8128509294098962,-3.837923143353121
2024-12-16,4.263,-4.0601377,-4.077183536249603,-3.9808810930532035
2024-12-17,2.0909999999999997,-4.468047,-4.187077570332139,-4.224576263410586
2024-12-18,2.4555000000000007,-3.8958004,-3.151139646505989,-3.251076753539577
2024-12-19,2.277000000000001,-3.129352,-3.0198262364350463,-2.7297123630469398
2024-12-20,0.1889999999999997,1.6811733,2.0444839095411504,1.288150796590441
2024-12-23,-0.6869999999999997,4.7304,0.6250309507827865,1.9656960259485488
2024-10-28,-5.382000000000001,7.8560534,12.910057834441275,8.485156791390786
2024-10-29,-4.671,8.270296,8.915920968704146,6.861071906833175
2024-10-30,-4.648499999999999,4.362067,5.487914051352112,3.750915388928591
2024-10-31,-4.6755,5.6477575,0.7300990277959052,2.40650929442337
2024-11-01,-4.5615,0.79071397,0.9850286336729641,0.3630795427949438
2024-11-04,-3.192,4.280217,0.5352274816043066,2.0026190901843695
2024-11-05,-3.2685,1.3654019,1.4648982522071305,0.8801421220838634
2024-11-06,-3.9269999999999996,-1.8365678,-2.117912501880709,-2.1540859415936824
2024-11-07,-4.1625,-2.4735775,-3.1540494437719846,-2.7059581921866953
2024-11-08,-4.361999999999999,0.47536,0.8911196498783664,0.16696855362660093
2024-11-11,-4.539,0.23470339,0.9244254216054258,0.12354459588985287
2024-11-12,-4.6065,2.5382164,6.073398612727238,3.430003179081938
2024-11-13,-4.9215,6.3899717,8.208590096055662,5.953375985136933
2024-11-14,-4.553999999999999,6.0055237,8.064038447695236,5.751851655039339
2024-11-18,-4.632,5.8310323,7.925811017085554,5.615001309224435
2024-11-19,-4.269,5.5515685,6.591728973416727,5.0088238696087455
2024-11-20,-4.02,5.2086186,6.447177325056304,4.854059742818866
2024-11-21,-4.1925,4.7263703,7.764202883483524,5.320382666275434
2024-11-22,-4.212,5.229959,6.224558228772333,4.753326230834199
2024-11-25,-2.517,2.5856311,4.8849031848144655,2.9273574123631256
2024-11-26,-3.0345,2.2190382,0.3925230593346779,1.1145139879217814
2024-11-27,-3.3525,0.38448912,1.4924569099802456,0.5287237689767907
2024-11-28,-3.678,0.3319134,1.3070524513206414,0.3411982901250013
2024-11-29,-3.3375,1.029333,0.5431532806629655,0.23704943411400375
2024-12-02,2.0955,1.4083222,1.6605776479406555,0.2486606398333026
2024-12-03,1.4864999999999995,0.2738076,-0.27491895587101856,-0.7672897391130166
2024-12-04,0.7034999999999997,0.35806358,-0.016339902414218517,-0.6976777195041585
2024-12-05,0.4440000000000001,0.7427574,0.3270977574304051,-0.48373611984044085
2024-12-06,2.0565,1.3838879,0.699963986939869,-0.09743482282175214
2024-12-09,2.43,-2.0709567,0.28779554905609983,-1.7578144265788338
2024-12-10,1.4909999999999997,-2.032008,-0.35089380519204544,-1.942595571253995
2024-12-11,1.95,-1.498063,-0.06083894979989436,-1.7266908124433407
2024-12-12,0.8699999999999996,0.10642806,-0.024156291130559834,-0.9683258295024775
2024-12-13,0.5340000000000004,-0.03876968,-0.7448554339000178,-1.3529992843992145
2024-12-16,4.938,-3.1361113,-1.9008295906131132,-2.9711274404598305
2024-12-17,2.2260000000000004,-1.83905,-0.707929705619735,-1.6966646114328134
2024-12-18,1.8300000000000003,-2.5449772,-0.8386383422311203,-1.929173295999496
2024-12-19,2.7569999999999992,-2.2546463,-2.7066803569759195,-2.2755666547815183
2024-12-20,-0.17550000000000024,0.48252335,2.792941926483268,1.207700001761852
2024-12-23,-1.65,0.8431704,2.51521330426392,1.0397821752714747
2024-10-28,-3.765,5.252393,6.283288612192308,5.1394263636074715
2024-10-29,-4.0095,5.466505,5.243862622758078,4.790914106199301
2024-10-30,-3.0345,2.0551822,3.7383303274429234,2.5841425600010046
2024-10-31,-2.5425000000000004,1.4402362,-1.9649017400708777,0.19530929449007162
2024-11-01,-2.0264999999999995,2.1413574,1.3103814252878474,1.1189481838272797
2024-11-04,-1.8465000000000003,2.5034692,-0.40567571880118625,1.0917353072771383
2024-11-05,-1.2074999999999996,0.53040165,1.101605345800544,0.733274820529412
2024-11-06,-0.6974999999999998,-1.9189514,-1.351612291636535,-1.8001169655856053
2024-11-07,-1.6679999999999995,-3.6075575,-2.782731828334109,-2.8460085292851147
2024-11-08,-2.5635000000000003,-1.0843993,-0.8803834631767199,-0.812656612317831
2024-11-11,-3.2849999999999997,-1.1144567,-0.7547653154773442,-0.632764304730018
2024-11-12,-3.174,2.2533095,3.250976138173623,2.5380316561831076
2024-11-13,-2.9114999999999998,5.7654405,5.272010481056943,4.993591590169389
2024-11-14,-2.8455,4.896452,5.17142663951352,4.738711036811784
2024-11-18,-3.6854999999999998,5.0438976,5.090205208534448,4.7624805241194865
2024-11-19,-3.135,3.860252,3.43127178597366,3.3805652595930944
2024-11-20,-2.3159999999999994,3.0196724,3.7937245821981307,3.1863092455584425
2024-11-21,-2.0355,3.1850827,4.835128626611849,3.8970309942831025
2024-11-22,-1.7175000000000005,3.9411373,4.107747775619612,3.6080928601678104
2024-11-25,-1.3635000000000004,3.299684,4.0879573784801275,3.074138726926631
2024-11-26,-1.167,3.453454,0.2963816857221321,1.686236462902601
2024-11-27,-0.9045000000000001,1.1977844,1.4681195807887657,0.9830764433133533
2024-11-28,-1.2315,0.69265324,0.7408813697768499,0.39327451461393725
2024-11-29,0.23099999999999987,0.32502568,0.15990425931227614,-0.05082843745241411
2024-12-02,-0.005999999999999872,-2.92504,-2.597533818697657,-2.6141237861153783
2024-12-03,0.24450000000000038,-4.723164,-3.475473703625928,-3.8334413725493413
2024-12-04,0.12899999999999992,-4.7879558,-3.642656888546669,-4.0477735695413575
2024-12-05,-0.23400000000000032,-4.377889,-4.544212637646174,-4.323016238910399
2024-12-06,-0.38400000000000034,-4.754095,-4.762576766210766,-4.729494402328484
2024-12-09,0.4590000000000003,-4.5411534,-4.544583364752371,-4.567379166924884
2024-12-10,1.1219999999999994,-4.596626,-4.498325998109871,-4.609389921885369
2024-12-11,1.2989999999999995,-4.3792205,-4.540894249180893,-4.623803497924162
2024-12-12,1.2855,-4.3481526,-4.442263643617443,-4.411916632886344
2024-12-13,0.5295000000000002,-4.537431,-4.5806529096253135,-4.541678275175804
2024-12-16,1.6170000000000002,-4.537431,-4.624463491328815,-4.454639572424683
2024-12-17,0.6840000000000003,-5.0187593,-5.117280710859167,-4.785497912086493
2024-12-18,0.2505000000000002,-3.7297263,-3.369853213167203,-3.347239975789781
2024-12-19,0.525,-3.5198085,-3.4711241095388763,-3.098101599962344
2024-12-20,-1.0605,1.8104799,1.8538162852754887,1.2087769679245142
2024-12-23,-1.8599999999999997,3.1956286,0.41469445569341246,1.303843406916616
2024-10-28,-4.023,6.5582395,6.459513191963681,5.553413730305454
2024-10-29,-4.1415,7.17603,6.866873807745969,5.7226628448855985
2024-10-30,-3.6405,3.9195328,4.684846374612666,3.258959723641985
2024-10-31,-2.673,3.7461307,0.027570673823673193,1.5429296940409132
2024-11-01,-3.0359999999999996,-0.4361714,0.2128258576940957,-0.37357375729517606
2024-11-04,-2.4599999999999995,2.4664083,-1.0366711759880738,0.7479956167048616
2024-11-05,-2.721,-0.49131405,0.36208376988752233,-0.1803706580485056
2024-11-06,-2.6429999999999993,-4.268096,-3.2679665481224047,-3.4031836388316328
2024-11-07,-3.6734999999999998,-4.7900634,-4.641981719792385,-4.103725964963585
2024-11-08,-3.864,-0.70698637,-0.219971872857462,-0.6533926876506936
2024-11-11,-3.822,-0.6081584,-0.2205490882003819,-0.4517480150335267
2024-11-12,-3.8295,3.4309745,3.886465923368823,2.8775674289902775
2024-11-13,-4.6845,7.4393387,7.100502615541728,6.024162157514926
2024-11-14,-4.409999999999999,7.329361,7.310016514684966,5.9504028495154095
2024-11-18,-4.212,7.1670837,7.150955643228364,5.839033527514156
2024-11-19,-4.1834999999999996,7.8277583,6.188857899534023,5.6049102902553125
2024-11-20,-3.915,6.405424,5.9234721789251505,4.989525104634247
2024-11-21,-4.248,7.023215,7.550087928353833,5.9098351279288375
2024-11-22,-3.9105,5.255259,4.441422338679158,3.9161551808994073
2024-11-25,-2.5800000000000005,2.8341382,3.964486510962948,2.6694658082025224
2024-11-26,-3.0135,2.0983725,-0.6494852756141939,0.6507054686849449
2024-11-27,-3.2144999999999997,-0.2257676,0.16852205625082517,-0.2151109345623792
2024-11-28,-3.51,-0.06771341,-0.025720058474675515,-0.3035854791482531
2024-11-29,-3.231,-0.90997463,-0.8047343332557585,-0.9881830412973452
2024-12-02,-2.8529999999999998,-4.12115,-2.5396183888773685,-3.147195940873422
2024-12-03,-1.9260000000000004,-1.7900325,-1.9834941117297096,-2.1558455981310076
2024-12-04,-1.4144999999999999,-4.8592167,-2.686835145979892,-3.683703050696002
2024-12-05,-2.3594999999999993,-4.3365903,-2.3599947608385263,-3.438628093316832
2024-12-06,-2.1719999999999993,-5.3822627,-5.428022248478623,-5.3776017048966915
2024-12-09,-2.0489999999999995,-5.3495154,-4.177297218611153,-4.937672592936031
2024-12-10,-1.452,-4.474746,-3.422387525499367,-4.441459446065715
2024-12-11,-0.8204999999999998,-4.8221917,-4.607542175332949,-5.0091731323429585
2024-12-12,-0.9269999999999999,-4.4836817,-4.415951668353071,-4.67703582788606
2024-12-13,-0.9735000000000003,-5.0263224,-4.486594032641691,-4.910472594647995
2024-12-16,-1.098,-4.5937195,-4.488052832732326,-4.761536738128381
2024-12-17,-1.0110000000000003,-4.755128,-4.600578084472451,-4.719666924495974
2024-12-18,-0.6375,-2.7250893,-2.491153570891889,-2.765706976457888
2024-12-19,-0.022499999999999788,-2.3334124,-1.9427326990427027,-2.2556891786875863
2024-12-20,-0.9735000000000003,2.1401744,2.384866521958877,1.5364799229901247
2024-12-23,-1.7999999999999998,3.4092376,0.5902571956789902,1.472515688839751
2024-10-28,-4.9875,11.494145,9.98280358439882,8.755578704089311
2024-10-29,-4.621499999999999,5.0600176,6.410878045806314,4.962080709192767
2024-10-30,-4.3515,4.2168827,4.3993569964473895,3.5753089935152325
2024-10-31,-3.795,2.6974092,-0.8483592055312703,1.023455058322058
2024-11-01,-2.679,1.5479093,1.9481011440398275,1.129224373059387
2024-11-04,-2.688,3.285233,-0.7372458955416503,1.3602959045092264
2024-11-05,-2.949,0.3646856,0.6547215592849426,0.42092127767553494
2024-11-06,-2.661,-1.8120408,-1.359196756798056,-1.670855068969439
2024-11-07,-1.8644999999999998,-1.7707751,-1.6163550698618518,-1.5242721270581938
2024-11-08,-2.9984999999999995,0.49332207,0.23325861943220386,0.21565365395621935
2024-11-11,-3.5025,0.19957037,0.3053127909329604,0.2313142519414793
2024-11-12,-4.1025,3.6137276,4.216559079566953,3.2695475415925563
2024-11-13,-5.2755,11.444282,11.127769384899958,9.197644297903974
2024-11-14,-5.020499999999999,11.095089,10.856467092865898,8.846767399885726
2024-11-18,-5.290499999999999,12.159557,11.07295870480433,9.30629822696456
2024-11-19,-5.098499999999999,12.055622,9.595344923750128,8.646871039865037
2024-11-20,-4.608,11.88807,10.838582422145972,8.963467755434701
2024-11-21,-4.460999999999999,7.0620027,8.40852130258561,6.274202684492861
2024-11-22,-4.755,11.693384,9.187622625355935,8.065723661250352
2024-11-25,-3.4635,6.1944923,7.323329503726347,5.228690962910305
2024-11-26,-4.0005,3.9412086,-0.4461436591805709,1.4822177843084003
2024-11-27,-3.6165,0.9199477,0.9560314409402892,0.5824389753443279
2024-11-28,-3.972,0.75711745,0.8092449793088637,0.3948189355970144
2024-11-29,-3.9375,0.05193975,-0.3502550831894221,-0.37349770490238576
2024-12-02,-3.8249999999999997,-3.0425901,-3.73714343546554,-3.0549165397575653
2024-12-03,-3.2714999999999996,-6.0786815,-5.89689595899246,-5.198404738372455
2024-12-04,-1.281,-5.2323656,-5.285898842753253,-5.148504200375388
2024-12-05,-1.0994999999999997,-5.1883926,-5.668476367847208,-5.100385084216954
2024-12-06,-2.5875,-5.831961,-6.24269991603872,-5.5365176317789455
2024-12-09,-2.0685,-3.4000223,-2.7329440379548973,-3.2546146683680792
2024-12-10,-1.8030000000000004,-3.5503798,-2.238206873729323,-3.231744435345107
2024-12-11,-1.7639999999999996,-2.5630116,-1.4795898241671561,-2.679817620361631
2024-12-12,-0.9465000000000003,-2.015323,-0.7282819329340873,-2.0971669230397163
2024-12-13,-1.3545,-3.8528593,-3.126558283425709,-3.664239715229601
2024-12-16,-0.38249999999999956,0.15893452,0.12369106371493398,-0.8006091563770918
2024-12-17,-0.6284999999999996,-1.9230525,-3.6226486170213867,-2.9651184026523483
2024-12-18,-1.0304999999999995,-1.7194391,-1.7150671277140888,-1.9434593328273673
2024-12-19,-1.6425000000000003,-2.4236302,-2.2645852389597914,-2.3546593575431496
2024-12-20,-2.598,3.2691748,2.865560207046588,2.081701825459116
2024-12-23,-3.078,6.0091124,3.883124083528683,3.415473940095052
2024-10-28,-4.029,6.1831117,5.494052870601543,5.286227971568889
2024-10-29,-4.428,10.9089575,12.092486789301386,9.350233232284372
2024-10-30,-4.314,3.3258247,4.311864567126392,3.103887582413626
2024-10-31,-3.033,3.9558086,-0.7245700599029938,1.5757983009777976
2024-11-01,-3.009,0.6177574,0.5312585845097038,0.2545759614890449
2024-11-04,-2.9415,2.9981613,-0.8023308362535883,1.0777830745843855
2024-11-05,-2.5860000000000003,1.5104047,1.6412006236287584,1.1272856254864525
2024-11-06,-2.5665,-2.0492716,-1.8298464134662382,-1.9408273146427395
2024-11-07,-2.7405,-2.705826,-2.12664450449508,-2.2541854021386047
2024-11-08,-3.5085,-0.3855317,-0.19044065949849995,-0.4059985940322537
2024-11-11,-3.1305,-0.46486607,-0.12213684280015698,-0.19662324263647477
2024-11-12,-3.7065,3.648874,4.916548470124901,3.6163655935116465
2024-11-13,-5.4495,12.057647,11.207007420834948,9.417632366984607
2024-11-14,-5.3999999999999995,11.679544,11.102774310647009,9.250264276351867
2024-11-18,-4.9590000000000005,8.555411,7.3875967374277804,6.705837703631596
2024-11-19,-5.430000000000001,8.062584,6.607195296316883,6.0587680773196935
2024-11-20,-4.38,7.713628,6.416089922153829,5.841530144675462
2024-11-21,-4.0065,5.9522805,6.81026136120397,5.35881357722428
2024-11-22,-4.665,6.0840244,5.887773598687636,5.07995519535811
2024-11-25,-3.5744999999999996,5.422714,6.391529032971268,4.624002165930904
2024-11-26,-3.699,4.270089,1.3143558286764085,2.2345294219073595
2024-11-27,-3.6944999999999997,0.8952372,0.5854434803117536,0.4969110875727254
2024-11-28,-3.7515,0.23104456,0.43177986016356845,0.21679145862113722
2024-11-29,-3.5505,-0.13060354,-0.10954179971241026,-0.30443967480408013
2024-12-02,-3.4244999999999997,-3.325152,-3.19957224697627,-2.8723056121663304
2024-12-03,-2.3489999999999993,-2.615517,-1.0791567297668234,-1.7932728932449538
2024-12-04,-2.9085,-2.505426,-0.9300657345632528,-1.8402718317829643
2024-12-05,-3.168,-2.910762,-1.0943492842220017,-2.1911894977589994
2024-12-06,-1.8224999999999998,-1.7735977,-0.8641375677286406,-1.8266744290600947
2024-12-09,-2.9204999999999997,-3.2630858,-1.0998478405418795,-2.5384285420398527
2024-12-10,-1.0829999999999997,-2.7764578,-1.9995914648402138,-2.811884569454832
2024-12-11,1.3019999999999998,1.6698172,2.2319527767148957,0.5190726819155513
2024-12-12,2.3534999999999995,2.8576267,2.5334204738609287,1.1877573130792696
2024-12-13,1.5449999999999995,1.8090266,0.741299110411376,0.027252439122288752
2024-12-16,1.2914999999999999,2.5352135,0.9230735680103466,0.38438835908293156
2024-12-17,1.3079999999999998,-1.9774945,-1.654045444018805,-2.309126477137259
2024-12-18,0.1335000000000001,-1.9238673,-1.7305848987040993,-1.9937316627311856
2024-12-19,-0.11100000000000029,-2.1688664,-2.5345823972814974,-2.219388700156884
2024-12-20,0.049499999999999746,2.980256,2.9740904163761197,2.1638319077086434
2024-12-23,-0.7199999999999995,6.1627374,2.0343426500062023,3.0563695970380054
2024-10-28,-5.4315,12.433702,12.646740323865966,10.166216862015997
2024-10-29,-5.5965,12.554386,13.15760882733741,10.360359684522773
2024-10-30,-5.491499999999999,6.1830277,6.665458708385382,5.193208522684509
2024-10-31,-5.386499999999999,5.8319926,1.565114685623904,2.973576092926179
2024-11-01,-5.069999999999999,-0.27607712,0.817801556415895,0.16006533388732058
2024-11-04,-4.5915,5.6557083,0.7739713143743931,2.7387083802729393
2024-11-05,-4.2285,0.8359784,1.3553798519537177,0.8315660960292889
2024-11-06,-4.074,-2.1496902,-1.895480314351706,-2.087948534938389
2024-11-07,-4.2375,-2.4468555,-2.460348300083101,-2.3080029584777186
2024-11-08,-5.4239999999999995,0.7089661,0.7230992499845506,0.31634784801754323
2024-11-11,-5.395499999999999,0.8759916,1.098614764576831,0.6764715406273266
2024-11-12,-5.4315,7.1064878,8.128266900321087,6.215283934234855
2024-11-13,-5.430000000000001,12.469363,11.375101251432913,9.752959174736489
2024-11-14,-5.4135,12.469363,11.247325959007432,9.749447055821111
2024-11-18,-5.5065,11.391441,12.62423926460727,9.777542902944456
2024-11-19,-5.374499999999999,7.61247,6.7647069730398055,5.852728050447542
2024-11-20,-4.794,6.004895,6.395513327348702,5.135759917046514
2024-11-21,-3.8489999999999998,6.5834427,7.005430765072223,5.737171642776806
2024-11-22,-4.116,6.2826204,6.208896534200397,5.049386731891005
2024-11-25,-3.072,2.3634956,3.795700651332487,2.546759038405724
2024-11-26,-4.104,3.2944582,-0.6407950252734411,1.0985058534999044
2024-11-27,-3.8625,0.6659715,0.7667269862655917,0.49199404599399177
2024-11-28,-1.7804999999999995,1.1826123,1.0171534402033886,0.8248719889347426
2024-11-29,-2.3969999999999994,1.153351,0.6886990263337467,0.6602922548937178
2024-12-02,-1.7145,-0.9211439,-0.012727193741906347,-0.8757377689487028
2024-12-03,-1.4864999999999995,1.4114887,0.3650687088024626,0.052117760265872004
2024-12-04,-0.8505000000000003,0.9811869,0.9835241108907976,-0.06591337298849947
2024-12-05,-0.5775000000000002,0.15924251,-0.8893037628411772,-1.1528384515071133
2024-12-06,-0.1724999999999998,1.0953666,0.5788709725529645,-0.3494029446503008
2024-12-09,0.24899999999999947,-3.4866133,-3.145800858082974,-3.419582127099766
2024-12-10,-0.017999999999999617,-3.9135118,-3.300686605070119,-3.6298577442593833
2024-12-11,0.31050000000000005,-2.7585933,-2.4280210051448763,-3.037307378613196
2024-12-12,0.3614999999999995,-2.6987507,-2.2151215477272816,-2.731115206939342
2024-12-13,-0.3329999999999998,-2.9059794,-2.7055471236347066,-3.1438599323304404
2024-12-16,0.4469999999999995,-2.6822264,-3.0757428802232374,-3.0624412337187903
2024-12-17,-0.996,-3.41058,-3.2061106987566275,-3.2710424109704586
2024-12-18,-2.8275,-1.0446846,-1.3388495213147755,-1.561372101975957
2024-12-19,-0.19499999999999956,-2.7430563,-3.0165049809299944,-2.6416357186690353
2024-12-20,-1.2554999999999996,2.57053,2.42533875758823,1.719723933752819
2024-12-23,-3.135,5.9157267,2.93553905846201,2.921526347538881
2024-10-28,-4.985999999999999,11.913481,11.005896042712612,9.215553884261578
2024-10-29,-4.794,11.094063,11.718623542342339,9.170212038447817
2024-10-30,-4.893000000000001,7.6366253,11.02539105197379,7.15139130485253
2024-10-31,-4.7505,4.750912,-0.09323972973396515,1.9212535175974341
2024-11-01,-5.0760000000000005,-0.44820017,0.8734170971921129,-0.11567884926898492
2024-11-04,-4.914000000000001,7.067465,2.3651448810938174,3.515311089072241
2024-11-05,-5.004,-0.1990377,0.21917787937250574,-0.05210969084020371
2024-11-06,-4.5344999999999995,-2.074211,-1.6222626511099785,-2.0101364863964086
2024-11-07,-3.8655,-3.0580993,-2.7541814810644287,-2.6416783930563392
2024-11-08,-4.4205,-0.2632753,0.14416128743703358,-0.22271029643952941
2024-11-11,-3.0795,0.3210068,0.7811040805469798,0.3845760623716534
2024-11-12,-3.4575,3.0758977,3.8970552204065787,2.764314980142266
2024-11-13,-3.4484999999999997,4.449866,5.7543681735785235,4.429940893413467
2024-11-14,-4.584,8.779113,8.851487423871893,6.980123315125739
2024-11-18,-4.266,6.618212,6.583625743624582,5.342421937842177
2024-11-19,-3.9224999999999994,7.037789,5.222022790261577,4.949971214495462
2024-11-20,-3.546,5.785028,5.169019070840294,4.4276902735203665
2024-11-21,-3.0015,5.188012,4.773523164945681,4.328883256501121
2024-11-22,-2.85,3.54513,4.001938885538786,3.1580661161647865
2024-11-25,-1.9275000000000002,2.2005029,3.576794152462858,2.393464391128556
2024-11-26,-3.0269999999999997,3.5860944,-0.13668841325821798,1.2996268986372577
2024-11-27,-2.7105,1.1281377,0.8852021552191207,0.6077789404451599
2024-11-28,-2.949,1.4510473,1.4148185835159248,0.7780636397970417
2024-11-29,-4.191,0.05293575,0.428110358880202,-0.12536225505551318
2024-12-02,-4.1475,-2.2536128,-2.1364113049601237,-2.352325970996904
2024-12-03,-3.225,-2.483362,-1.912792596292667,-2.2493254011471966
2024-12-04,-2.8305000000000002,-5.033103,-5.084505490772163,-4.765189323513592
2024-12-05,-3.2640000000000002,-2.483362,-1.9754131424675496,-2.6867507483911615
2024-12-06,-1.6875,-2.094184,-1.8904555645914833,-2.612885807919196
2024-12-09,-1.7610000000000003,-0.40516955,-0.4307478411391025,-1.550479530156942
2024-12-10,-2.2664999999999997,-2.9971964,-1.023102008230003,-2.6883894749906356
2024-12-11,-1.9409999999999996,-4.999988,-4.8736043297424,-5.117309386808183
2024-12-12,-1.2824999999999995,-2.4784884,-0.684318953734414,-2.2427716363158954
2024-12-13,-1.092,-2.507013,-1.6832319396616449,-2.621834410212904
2024-12-16,-0.6,-2.507013,-1.4294210031513743,-2.5473036094744463
2024-12-17,-0.9465000000000003,-4.673612,-4.472962025756879,-4.359442439224159
2024-12-18,-2.6954999999999996,-2.6905944,-2.6133891323745213,-2.7556457435578876
2024-12-19,-1.9590000000000003,-2.6942146,-2.5587208893961453,-2.4747161961994633
2024-12-20,-3.969,3.2241104,3.254177329363694,2.232953339769116
2024-12-23,-3.7634999999999996,4.795948,1.7361104433690482,2.3567069249322445
2024-10-28,-2.3054999999999994,6.476611,6.200462059271981,5.426730660700946
2024-10-29,-2.073,2.657204,4.426480261607219,3.4655791812996757
2024-10-30,-2.799,2.7658327,4.107128640516208,2.8908893165421685
2024-10-31,-1.2449999999999994,4.5369177,1.396473917422127,2.535127957296563
2024-11-01,-0.1739999999999995,2.1890676,2.0620986453730215,1.5529506316717554
2024-11-04,2.2409999999999997,3.7623475,1.270777354914595,2.2950362519374226
2024-11-05,1.173,1.1818465,1.26627057084496,1.1286315296158576
2024-11-06,1.4369999999999996,-2.252713,-1.646094624159001,-1.874310903797041
2024-11-07,0.8144999999999999,-2.452279,-2.0483600616073345,-2.143661676496369
2024-11-08,-0.5295000000000002,0.58157456,0.809305910190553,0.445398763657011
2024-11-11,-1.1880000000000002,0.34626505,0.4145704972533556,0.27858357012615653
2024-11-12,-1.4144999999999999,2.5224473,3.674605507974271,2.663916564091947
2024-11-13,-2.9805,4.9091735,4.96114302048763,4.554462223368683
2024-11-14,-1.425,5.539618,6.372101125891899,5.24365129311564
2024-11-18,-1.7280000000000004,5.0521727,5.829881860848922,4.903968329586025
2024-11-19,-1.6425000000000003,5.264024,4.425361542946039,4.21267426716581
2024-11-20,-1.2090000000000003,5.115615,5.084854744900021,4.316888913987797
2024-11-21,-1.7280000000000004,5.4062634,5.762340595661186,4.960836421415523
2024-11-22,-1.719,5.509329,4.614782879738883,4.298000201956337
2024-11-25,-1.3905000000000005,4.073035,5.090101891871896,3.842561937620192
2024-11-26,-2.1795,4.0536885,0.5407152434984597,2.305069135112987
2024-11-27,-1.6260000000000006,2.5245214,2.9409515877412473,2.3105628516706354
2024-11-28,-1.371,2.583919,2.3886117428255504,2.0563703283547135
2024-11-29,-2.5079999999999996,1.6199378,1.1557894548064283,1.1427550431100038
2024-12-02,-2.4074999999999993,-1.9310652,-2.640763901196511,-2.1949948209434833
2024-12-03,-2.331,-4.5362334,-5.096733345702886,-4.260106275379304
2024-12-04,-2.3265,-4.5362334,-5.159353891877768,-4.428731814182394
2024-12-05,-2.766,-4.0135293,-4.789505047804494,-4.097246145919015
2024-12-06,-1.8479999999999999,-3.8358378,-4.362871512601698,-3.9113530171354576
2024-12-09,-0.46350000000000047,-3.279824,-3.5783507597875053,-3.6014855525451313
2024-12-10,-1.7145,-3.7520208,-4.476786349488849,-4.176686107469753
2024-12-11,-1.023,-3.5250406,-3.7949048284140057,-4.0346840924998695
2024-12-12,-0.5414999999999999,-3.018825,-2.946119399587343,-3.535262027077983
2024-12-13,-1.779,-4.381655,-4.9294739030399235,-4.522670553065805
2024-12-16,-1.7835,-4.380082,-4.320931677784256,-4.556391781990686
2024-12-17,-1.9695000000000003,-4.578442,-4.854955694401369,-4.654125260245369
2024-12-18,-2.745,-2.3014178,-2.8224929131426495,-2.7718325827153065
2024-12-19,-2.2755,-1.3660934,-1.5502919389278078,-1.8809803692038365
2024-12-20,-3.015,3.3411384,3.292651279957446,2.402179136406573
2024-12-23,-2.9385,2.8865125,-0.24803490207971932,0.926622289242968
2024-10-28,-4.863,8.0335455,13.16018293044048,8.865441466789118
2024-10-29,-5.022,6.723124,12.62423926460727,8.220067302675027
2024-10-30,-4.823999999999999,4.483021,7.57455776361639,5.0365414126104415
2024-10-31,-4.608,3.4515874,0.7841244382150729,1.9410233774259895
2024-11-01,-3.078,2.114602,2.3833336609750706,1.662933328701392
2024-11-04,-2.1510000000000002,1.9287076,1.0481240162587224,1.5205298002258505
2024-11-05,-2.1525000000000003,0.7630706,2.7260095326625837,1.2896937165308116
2024-11-06,-2.7015000000000002,0.62782246,0.7261834044720401,0.20752023142627773
2024-11-07,-3.4259999999999997,-2.149328,-2.202403117648103,-1.980410396367487
2024-11-08,-3.384,0.29728702,1.0945710501403374,0.3780612172935459
2024-11-11,-2.9565,1.760553,1.4689657503801703,1.2792091477149936
2024-11-12,-4.5945,1.6063923,5.9885091143984015,3.4944687791027302
2024-11-13,-5.0355,6.9923325,3.6852353843226426,4.872613920277667
2024-11-14,-4.665,6.85657,4.40451114551141,5.043954726676153
2024-11-18,-3.7244999999999995,6.9911776,7.2066099868120315,6.1493910767104625
2024-11-19,-3.8594999999999997,8.846788,7.572430708070026,6.879213626537063
2024-11-20,-3.4575,6.7459764,7.518629694098994,6.105053853017041
2024-11-21,-3.5069999999999997,7.815654,5.960187299254965,5.891574615276532
2024-11-22,-3.7455,6.666697,4.889987303022684,4.899152201238289
2024-11-25,-2.997,7.250354,5.364715455856304,5.143130557382653
2024-11-26,-3.8819999999999997,5.1446433,0.5651513298543325,2.211682103881857
2024-11-27,-3.5805000000000002,0.86536837,0.4334058261064407,0.41544707903083555
2024-11-28,-3.4109999999999996,0.9603488,0.6873853359685531,0.5869957485198591
2024-11-29,-3.7424999999999997,0.60476923,0.07826581488527663,0.1519973275362349
2024-12-02,-3.4244999999999997,1.7021132,-1.8592729961628978,-0.571046312254234
2024-12-03,-2.6594999999999995,-3.7407713,-3.754889050434363,-3.4652542180088988
2024-12-04,-2.8035,3.4564536,-0.7438477659001376,0.20413540724268026
2024-12-05,-2.1224999999999996,1.4623557,-1.308705213704996,-0.7659053399847235
2024-12-06,-0.8610000000000003,-3.8647985,-4.2146882538784105,-3.9118420431582916
2024-12-09,-0.8309999999999998,-3.4558678,-3.4077470078270493,-3.5728952051078826
2024-12-10,-0.4289999999999999,-3.4831991,-3.4916960055401267,-3.71695520743398
2024-12-11,-0.32399999999999946,-3.4155457,-3.180751314294105,-3.746712176649853
2024-12-12,0.9719999999999995,-3.2815056,-3.6751191975433932,-3.6602570114162365
2024-12-13,0.6704999999999998,-4.0634685,-4.224998322503397,-4.152713289329029
2024-12-16,0.4829999999999998,-4.0792074,-4.349919913838603,-4.264040303224328
2024-12-17,1.023,-4.0792074,-4.303863138472266,-4.120508886123928
2024-12-18,-0.34949999999999976,-2.965051,-2.4138207134585516,-2.8062251721971263
2024-12-19,-0.14099999999999965,-3.0840068,-2.987380065643461,-2.813674801021671
2024-12-20,-0.07950000000000017,1.6666813,2.2665767013909233,1.3695637889580576
2024-12-23,-0.3614999999999995,3.328469,0.3441804983184694,1.5188716769217045
2024-10-28,-4.2615,8.616053,8.210800943578654,6.946336004832434
2024-10-29,-3.6569999999999996,5.2317033,5.955009671213192,4.730074894045045
2024-10-30,-4.034999999999999,5.9443164,4.723757578220136,4.208803033342292
2024-10-31,-3.339,4.291105,2.4117363180752536,2.4877699878425332
2024-11-01,-3.0915,1.7812233,0.8173962367512211,0.6351661676811946
2024-11-04,-3.0555,3.8640528,-0.025259223053616723,1.5382647310454023
2024-11-05,-3.141,0.9126298,0.701790418506576,0.32759830871742124
2024-11-06,-2.4059999999999997,-3.5110643,-2.9383618118654464,-3.0053332986622667
2024-11-07,-2.379,-4.475001,-4.044323435092726,-3.6539860081088107
2024-11-08,-2.6999999999999997,0.31819302,0.3499215217504613,-0.02559215797433298
2024-11-11,-3.4995,0.1841459,0.5594279235975206,0.03662434864045139
2024-11-12,-3.891,3.8802793,4.305897081698403,3.096884605305027
2024-11-13,-4.6065,7.7270856,7.504784981055031,6.234422343797878
2024-11-14,-4.077,7.5980234,7.969259037277671,6.279401295535047
2024-11-18,-4.1865,7.9004164,7.93344820487153,6.326041547787145
2024-11-19,-4.1505,8.02898,6.61642264644431,5.8588673823806445
2024-11-20,-3.654,6.742908,4.969040324571109,4.7956977618353225
2024-11-21,-3.9314999999999998,4.8311057,6.4297675543582695,4.738482869775407
2024-11-22,-3.015,4.5578837,5.248975672075639,3.974746482219933
2024-11-25,-1.5719999999999994,4.561964,6.141667284852396,4.174593784960719
2024-11-26,-2.5949999999999993,3.2642949,0.38770737128939686,1.6294292968578588
2024-11-27,-1.3875,2.4206526,1.7708164090385103,1.5724627375112874
2024-11-28,-1.5030000000000003,2.603471,1.724119905421908,1.5740388768191265
2024-11-29,-1.7355,1.2520177,1.139906107716237,0.6442230053063751
2024-12-02,-1.1295000000000002,0.93566835,1.156185260218249,0.2256019016354997
2024-12-03,0.9599999999999997,1.0268998,0.32149347079812807,-0.18386155958177297
2024-12-04,0.6645,-1.3524632,0.03651781961669846,-1.3343004350711478
2024-12-05,0.15450000000000016,-1.6857007,-0.3679076328684919,-1.7420147848918275
2024-12-06,1.5599999999999998,-3.6973975,-3.8776705673427374,-3.9641269179155847
2024-12-09,1.5570000000000004,-4.065743,-3.9815279292656274,-4.234652971854878
2024-12-10,1.0815000000000001,-4.6824155,-4.447347737944423,-4.812869025355717
2024-12-11,1.9769999999999999,-4.556389,-3.417186124030865,-4.447992113504175
2024-12-12,1.6739999999999995,-4.2329164,-4.52939423314382,-4.4946896796762035
2024-12-13,1.6844999999999994,-4.4190555,-4.152580370685873,-4.3728087372447515
2024-12-16,2.9385000000000003,-4.5036664,-4.581103882290486,-4.413651896270935
2024-12-17,2.4135000000000004,-4.6099415,-4.664546640868831,-4.344823332040436
2024-12-18,2.1119999999999997,-2.5912614,-2.0361274374919587,-2.4002418788417406
2024-12-19,1.6380000000000001,-3.3164334,-3.3783788710117593,-2.9697750570907817
2024-12-20,-0.2639999999999997,1.8558644,1.9178282429282223,1.1959634496695108
2024-12-23,-0.4679999999999996,3.6703918,0.9451683457448703,1.5276772549728925
2024-10-28,-3.4724999999999997,6.209967,6.019626191667559,5.329034605865829
2024-10-29,-4.3755,5.8178315,6.289678293111702,5.162124668607502
2024-10-30,-2.2875,3.0224137,5.847966781282253,3.6424673071047624
2024-10-31,-1.6034999999999997,4.1269875,1.9501577540652375,2.559482030376807
2024-11-01,-2.0639999999999996,1.8682153,2.837340079206336,1.5458225329349107
2024-11-04,-1.1264999999999996,3.0005229,-0.1805307472347195,1.5609239941391801
2024-11-05,-0.6224999999999997,1.6004744,1.34128707333169,1.3987952976026312
2024-11-06,-0.049499999999999746,-2.1732273,-2.332931647663897,-2.100778506497253
2024-11-07,-0.8340000000000003,-3.0109255,-2.987314324707236,-2.6194636483816724
2024-11-08,-1.221,1.0488908,0.9000093129941404,0.6713974288041642
2024-11-11,-1.2014999999999996,0.7005965,0.8639313013630016,0.608697709546185
2024-11-12,-0.29099999999999965,2.882559,3.7903168023264784,2.8835143347439214
2024-11-13,-2.427,6.5523934,6.816316624086926,5.5558747280069
2024-11-14,-2.4570000000000003,5.902557,6.456371979054823,5.180063129661449
2024-11-18,-2.565,6.421288,6.643180242932651,5.5087961966313905
2024-11-19,-2.4465000000000003,6.351545,5.326154684505429,4.743020514225362
2024-11-20,-1.7715000000000003,6.271075,5.377718587564022,4.7361121813944305
2024-11-21,-2.0610000000000004,5.2508082,6.208074479674039,4.947035246318984
2024-11-22,-1.7954999999999999,4.215539,4.51050379636726,3.6827622448934134
2024-11-25,-0.498,4.0886254,4.86925949738699,3.606686418328964
2024-11-26,-0.5429999999999996,4.6162963,0.8519343176002298,2.2558593205569335
2024-11-27,1.494,2.4961867,2.2745991676020454,1.9107267444128038
2024-11-28,0.43949999999999995,2.2010672,2.0604213026296705,1.5099754934700822
2024-11-29,-0.5414999999999999,1.0065464,1.4970692789648932,0.6183165175454207
2024-12-02,0.4244999999999997,-1.9874347,-1.9260529902628225,-2.2652105159534024
2024-12-03,1.1159999999999997,-3.3762245,-3.3539904348660037,-3.423361441390137
2024-12-04,0.47550000000000026,-3.4469035,-3.429728273167592,-3.6332985639753694
2024-12-05,0.031500000000000125,-4.0071144,-4.0470221759685785,-4.144298141315122
2024-12-06,0.7394999999999999,-3.3746612,-3.34065966617488,-3.6534566947791394
2024-12-09,1.3889999999999996,-3.9673727,-3.698212363588832,-4.064923799213056
2024-12-10,2.3295,-3.7485092,-3.446209436002107,-4.020738100999282
2024-12-11,2.7975000000000008,-3.9068172,-3.7268807166761486,-4.161643841284844
2024-12-12,2.2904999999999993,-3.0310237,-3.0048473483887186,-3.465756554811392
2024-12-13,1.8479999999999999,-3.9665768,-3.8789672245152578,-3.975409666371916
2024-12-16,1.5329999999999997,-4.2667613,-4.243340956639226,-4.279232525700235
2024-12-17,2.2560000000000007,-2.8571181,-2.4231193914259532,-2.791139982711625
2024-12-18,1.0755000000000001,-2.4617462,-2.3922404661975905,-2.494698198877348
2024-12-19,0.25799999999999984,-2.2532647,-2.2320996402443565,-2.144861106337187
2024-12-20,-1.0005000000000002,2.1941476,2.7961165654990334,1.1081602135649584
2024-12-23,-1.2735000000000003,3.5111408,0.5781578878782243,0.876630839200846
2024-10-28,-3.42,5.8256364,6.058340155326253,5.2880340206091425
2024-10-29,-3.6765,4.3769894,5.265231631590211,4.337259708515945
2024-10-30,-3.3345,2.9734383,4.198618355958912,3.005384166602333
2024-10-31,-2.8515,2.1341348,-1.521951474058626,0.5896300590929858
2024-11-01,-2.3954999999999997,1.3072917,2.1591832357361866,0.9647671374395277
2024-11-04,-2.0505,3.8481383,0.15483172730442255,1.7384405374871426
2024-11-05,-1.8105,0.43928614,0.7882181635711991,0.4590533651718166
2024-11-06,-1.2420000000000002,-2.989326,-1.4616424442169327,-2.2091425005483663
2024-11-07,-1.3994999999999997,-3.5561717,-3.129471477741508,-2.8763471921851984
2024-11-08,-1.9530000000000003,-0.63397676,-0.5225196776806736,-0.47338642475776715
2024-11-11,-1.9289999999999998,-0.642336,-0.3265455451561799,-0.3042542941280393
2024-11-12,-2.0835,1.6101451,2.707116514993838,1.9588108667964579
2024-11-13,-2.9099999999999997,5.727,5.969885428500575,5.065003883628521
2024-11-14,-2.9415,5.0394197,5.475118379014714,4.700181956797154
2024-11-18,-2.9175,5.27933,5.706495596002124,4.806837599215496
2024-11-19,-2.778,5.153558,4.451115723310911,4.108132709989121
2024-11-20,-2.232,4.5591607,4.190992882675585,3.7260620068577524
2024-11-21,-2.5635000000000003,4.8395634,5.734574502553508,4.61804130017852
2024-11-22,-2.136,3.5325727,4.105198374589309,3.35476346996679
2024-11-25,-2.1045000000000003,3.1534348,3.8093274032328446,2.8866265336626813
2024-11-26,-1.9005,2.815167,-0.28126760489053343,1.2603945666242222
2024-11-27,-1.2315,1.1810561,1.3943156144429956,0.9442006372398861
2024-11-28,-1.902,0.58726275,0.5845456292215961,0.3505649782546628
2024-11-29,-2.2844999999999995,-0.4270095,-0.664457534863279,-0.6609663186277074
2024-12-02,-1.8704999999999998,-3.4095562,-3.147570280674839,-2.9910071069456325
2024-12-03,-0.8070000000000004,-4.5632644,-4.913994737456188,-4.364009192134401
2024-12-04,-0.7605000000000001,-4.6754656,-4.805123183269737,-4.560518294387467
2024-12-05,-1.8539999999999999,-5.364402,-5.455523492196648,-5.189319301586222
2024-12-06,-0.5039999999999999,-4.621079,-3.683327047607217,-4.390688580795436
2024-12-09,-0.3554999999999996,-4.7277217,-3.4067450090192697,-4.325646570953606
2024-12-10,-0.28800000000000026,-4.8781643,-4.883125425129047,-5.080076876960651
2024-12-11,-0.11999999999999957,-4.67122,-3.302801651384204,-4.433517718228616
2024-12-12,-0.007499999999999573,-4.6477795,-4.44928633015425,-4.682255120408517
2024-12-13,-0.2039999999999999,-4.9470983,-4.631420608143405,-4.788744787029531
2024-12-16,0.1335000000000001,-4.7955112,-4.596535475496657,-4.777907252913838
2024-12-17,0.1664999999999999,-4.8421764,-4.593156123164209,-4.620591805675448
2024-12-18,-0.5025000000000002,-3.1642983,-2.906796759283115,-3.0999743034952454
2024-12-19,-0.1800000000000004,-3.1242626,-2.884746637458127,-2.9123868133581134
2024-12-20,-1.3349999999999997,2.0468764,2.3208121524136285,1.328519375852608
2024-12-23,-2.4764999999999997,2.8972826,0.19836455002128198,1.0292003736301492
2024-10-28,-3.7215,6.758823,7.363433665411872,5.955801979246734
2024-10-29,-4.218,7.601232,7.664440386785106,6.275426212924582
2024-10-30,-3.699,3.139995,4.361210500857817,3.0604388786865617
2024-10-31,-2.8665,2.4636705,-0.9285051831248241,0.8780983185059468
2024-11-01,-2.7855,0.37641785,0.49313007588355284,0.11600651088507288
2024-11-04,-2.2244999999999995,2.5293014,-0.881669849621566,0.9309830152486522
2024-11-05,-2.2425,0.3317384,0.7195820956840788,0.4130167526803726
2024-11-06,-1.65,-3.0773568,-2.1201016650930193,-2.488070599575641
2024-11-07,-1.5840000000000003,-4.0248675,-3.3458036576368455,-3.146084597783064
2024-11-08,-2.7735,-1.2149526,-0.6643829761111061,-0.7548101154086811
2024-11-11,-3.2895,-0.37723508,-0.08923973417189675,-0.20828980015910192
2024-11-12,-4.503,4.7795277,4.841542295540701,3.9463525459954285
2024-11-13,-4.802999999999999,11.905928,10.141097019812943,8.772372348153512
2024-11-14,-4.527,8.477978,7.887879974918316,6.674475513815922
2024-11-18,-4.452,12.078431,9.24366488817406,8.504479005782054
2024-11-19,-4.6635,7.7192326,5.9945398752109575,5.575970513558236
2024-11-20,-4.0545,7.335114,6.39680253450196,5.5942941233188455
2024-11-21,-4.6335,11.078107,10.180649613396248,8.512932949575285
2024-11-22,-4.1235,7.2991366,6.39499718979723,5.546310567955541
2024-11-25,-3.177,2.945627,3.82685677350518,2.7679303638719004
2024-11-26,-3.0974999999999997,2.8354733,-0.739012313962743,1.0725099520426604
2024-11-27,-2.916,0.75363445,0.9320736098642178,0.6264517867906177
2024-11-28,-2.8935,0.77897364,1.101455400580545,0.5538306881180617
2024-11-29,-3.0164999999999997,-0.4249798,-0.04212666445202852,-0.39746303408377914
2024-12-02,-2.73,-2.2406602,-2.34685810434302,-2.3284317325906927
2024-12-03,-1.7369999999999997,-3.9767857,-3.536857921073414,-3.64015436439546
2024-12-04,-1.6889999999999996,-3.3904605,-1.322014117032043,-2.681669040731362
2024-12-05,-2.3489999999999993,-4.022792,-1.2048907359334342,-2.9848507408837204
2024-12-06,-2.502,-2.762494,-0.8397863599352204,-2.4836907096540517
2024-12-09,-1.5599999999999998,-2.9363084,-1.120340250340898,-2.7089917768793543
2024-12-10,0.29699999999999954,-3.258744,-2.11212240772658,-3.3177227305476586
2024-12-11,0.8295000000000001,-3.3458319,-2.3279650720712093,-3.5466969720616257
2024-12-12,0.021000000000000085,-3.4165099,-0.5486848208402795,-2.7893999146600894
2024-12-13,-0.3960000000000001,-4.4048033,-4.6306872910566925,-4.6848431406938476
2024-12-16,0.5909999999999996,-3.4289389,-4.041680302949859,-4.07246297138683
2024-12-17,0.19349999999999987,-5.144126,-5.186948765708451,-5.072319850133268
2024-12-18,-0.6855,-2.9277852,-2.79564113880063,-3.1265526658802174
2024-12-19,-0.37049999999999983,-3.298686,-3.357211995786407,-3.2934145937316037
2024-12-20,-1.9454999999999998,1.4685234,2.0911051012832753,0.9039575395767796
2024-12-23,-1.8780000000000003,3.3341043,0.7873494171689681,1.2035190791206352
2024-10-28,-2.8035,7.511316,7.63944845054155,6.349534242866192
2024-10-29,-3.4694999999999996,5.6900973,6.927380535095007,5.384562907419718
2024-10-30,-0.7199999999999995,3.9360416,5.121489848739698,3.7348896202010198
2024-10-31,-0.04650000000000034,3.3976874,0.35774827637234274,1.8343579752558592
2024-11-01,0.8085000000000001,2.4717622,2.7631243390631632,2.0669051099391016
2024-11-04,0.8670000000000001,5.5330143,1.713727615738024,3.204536969421448
2024-11-05,0.4679999999999996,2.6535387,2.665727048246295,2.2805165282307023
2024-11-06,0.4934999999999998,-2.2525592,-1.803571808126666,-1.9575743873141853
2024-11-07,0.46350000000000047,-1.8872643,-1.4148782421197883,-1.6376513716975656
2024-11-08,0.4469999999999995,1.1765604,1.835887407314906,1.1094838054444716
2024-11-11,0.7965000000000003,1.0972261,1.660933206564518,1.177543308544252
2024-11-12,-0.4125,3.921453,5.193732717730209,3.716403993961714
2024-11-13,-1.6440000000000001,6.102746,6.583293931063857,5.592590047897656
2024-11-14,-2.139,5.2865944,5.30203285336905,4.880731620387243
2024-11-18,-1.7414999999999998,6.102746,6.484387234942833,5.571237405607392
2024-11-19,-1.6079999999999999,6.2561884,5.314616888344157,4.937131297356614
2024-11-20,-1.2945000000000004,6.088264,4.894588779511288,4.84099994321719
2024-11-21,-1.8900000000000001,5.3292727,5.04155481446916,4.797584156698503
2024-11-22,-0.8340000000000003,4.598626,4.827364874484816,4.12987615581644
2024-11-25,-0.4304999999999996,3.6044588,5.002005056300513,3.535615823826545
2024-11-26,-0.5760000000000005,3.4909139,0.5318260847392791,1.7832262035973467
2024-11-27,-0.4875,1.1694577,1.338735666269153,0.9096521522031809
2024-11-28,-0.25199999999999995,1.4514678,1.188298489485672,0.8922488053282539
2024-11-29,-0.075,0.43512195,0.6485245114461597,0.1414478338724922
2024-12-02,-0.3195000000000004,-2.7924588,-2.766067994342234,-2.7388366565855926
2024-12-03,0.8684999999999998,-4.5002937,-4.617749047894896,-4.226551092355296
2024-12-04,0.06900000000000013,-4.159351,-4.284581144795309,-4.067624959155325
2024-12-05,0.39899999999999947,-3.835743,-4.070336612640345,-3.962521073663967
2024-12-06,0.5204999999999999,-4.2013617,-4.254622147664237,-4.339652775931343
2024-12-09,0.8445000000000004,-3.2645845,-3.131999065995803,-3.5036888079434254
2024-12-10,1.1849999999999998,-3.3888996,-2.7938278254878814,-3.4907696930691317
2024-12-11,1.4400000000000002,-2.428095,-2.2929995587451066,-2.911930924911305
2024-12-12,0.8235000000000002,-2.4127555,-2.366864856557139,-2.838942448390465
2024-12-13,1.4610000000000003,-4.319368,-4.543478770519972,-4.376626271565707
2024-12-16,1.7159999999999995,-3.741255,-3.7135422635418167,-3.864471246141484
2024-12-17,1.2360000000000002,-4.747452,-4.810941030267345,-4.558075018085525
2024-12-18,-0.45599999999999985,-3.297678,-3.1265300158816944,-3.2074524684833943
2024-12-19,-0.007499999999999573,-2.327234,-2.411957173964622,-2.4875106031154575
2024-12-20,-0.4934999999999998,2.3793402,2.54396149575729,1.631255259830823
2024-12-23,-1.6110000000000002,5.2657037,1.768896801486747,2.386947679073081
2024-10-28,-5.2245,11.939981,10.634380467586633,9.03206940475285
2024-10-29,-5.3325,8.788394,10.668966597831105,7.68291601927236
2024-10-30,-5.015999999999999,8.378121,9.506636864518242,6.902260621946665
2024-10-31,-5.1915,5.5777473,1.362354930327747,2.6686679876192816
2024-11-01,-5.257499999999999,0.80336565,1.0125868861642826,0.4679186965294103
2024-11-04,-4.867500000000001,7.0777416,2.1979898905248025,3.55091922344767
2024-11-05,-4.856999999999999,0.8306249,1.2666127104504727,0.6893172776527862
2024-11-06,-4.832999999999999,-1.8269719,-1.7387305204343353,-1.9042371398619504
2024-11-07,-4.9079999999999995,-2.61996,-2.7748674623256098,-2.480584278205654
2024-11-08,-4.839,1.3193238,1.4963929866015249,0.8513382063686836
2024-11-11,-5.1285,0.9672507,1.3496686028776688,0.7251661068565308
2024-11-12,-4.882499999999999,7.3961477,8.9864698294307,6.475081895213398
2024-11-13,-5.4315,12.05617,11.688650298970716,9.650899133299356
2024-11-14,-5.4510000000000005,12.05617,11.532943966952521,9.582996181609236
2024-11-18,-5.52,11.949576,11.532943966952521,9.533657931628895
2024-11-19,-5.4239999999999995,12.05617,9.5399973054956,8.591681102102823
2024-11-20,-5.1525,11.792275,9.510912634313257,8.468401387312499
2024-11-21,-5.271,7.517683,9.9552615233996,7.153487196579798
2024-11-22,-5.205,11.296654,9.606042486164307,8.29306485408596
2024-11-25,-4.0905,7.239184,8.113437143047616,6.050725498087532
2024-11-26,-3.4635,3.929389,0.7841633644987109,2.014492540815299
2024-11-27,-3.7439999999999998,1.5223558,1.654180207565961,1.14039504648503
2024-11-28,-4.318499999999999,1.285737,1.627328859557612,0.9019696600711214
2024-11-29,-3.8505000000000003,0.74907035,1.0121690707840423,0.5191326554761015
2024-12-02,-3.819,-0.77777946,0.7774975933658476,-0.3723164235263404
2024-12-03,-2.8724999999999996,-1.9783323,-0.2897028063071545,-1.4339032443683626
2024-12-04,-3.2609999999999997,-1.9783323,-0.401650771368288,-1.638877584284556
2024-12-05,-3.3059999999999996,-2.6140375,-1.013033202874536,-2.2248690101935837
2024-12-06,-3.699,-2.9756107,-1.1024127479567856,-2.602439315412692
2024-12-09,-3.6614999999999998,-1.254556,-0.4484324081413076,-1.869981837908167
2024-12-10,-2.3324999999999996,-1.1797248,-0.4713457425369737,-1.9420193603159719
2024-12-11,-1.5570000000000004,-0.835579,-0.08390001642100489,-1.6902072426248465
2024-12-12,-1.8479999999999999,1.3237766,-0.36292062452619184,-0.875844110509628
2024-12-13,-1.9425000000000003,-1.2380925,-3.453806137868486,-3.011937850351996
2024-12-16,-1.6769999999999998,-4.1232324,-4.059843571194675,-4.336916966295198
2024-12-17,-2.3235,-4.2560387,-4.1448994619643615,-4.35574457817397
2024-12-18,-2.6205,-2.598924,-2.5752185889264947,-2.825940842651785
2024-12-19,-1.8284999999999996,-2.0116842,-1.9183966355583213,-2.1450600726853564
2024-12-20,-2.7765,3.183361,2.9792249351331046,2.0584620747663305
2024-12-23,-3.396,4.6030736,2.1058484075928723,2.3313118387911262
2024-10-28,-4.2585,7.3277516,6.692592152701833,6.215689341530116
2024-10-29,-3.4484999999999997,5.8232007,5.096908375881465,4.920030223388949
2024-10-30,-2.433,7.104729,5.209046636916461,5.030866018916294
2024-10-31,-1.452,6.3096337,0.9460251883098165,3.293413286937409
2024-11-01,-0.8550000000000004,1.9250237,1.1431080973057446,1.50199468662744
2024-11-04,-1.4985000000000002,5.4193287,1.6554587330889383,3.117613284753834
2024-11-05,-0.10949999999999953,0.72598135,1.3214919188723409,1.3523629146157055
2024-11-06,2.7390000000000008,-3.234657,-2.046879878738737,-2.626972130401101
2024-11-07,1.0320000000000003,-3.3194284,-2.783789996664038,-2.441776085611277
2024-11-08,-0.9239999999999995,0.7019657,1.1475085080253344,0.8234292777696225
2024-11-11,-1.2675000000000003,1.3197808,1.710955012843014,1.2673420554307637
2024-11-12,-1.7085000000000001,4.5588245,5.0439056437609615,3.888412336153587
2024-11-13,-3.0825,5.5815873,6.036436923300066,5.1277887511412885
2024-11-14,-1.5239999999999994,7.297284,5.943351879075944,5.863617283253698
2024-11-18,-2.55,6.934508,6.34704483068313,5.789478555498939
2024-11-19,-1.7625,6.7030816,5.107098577493171,4.878725213878032
2024-11-20,-0.8369999999999997,5.498665,5.685095425511302,4.598513977226595
2024-11-21,-0.8295000000000001,7.542116,7.497172090024123,6.2179543969251965
2024-11-22,-1.1295000000000002,5.7778897,5.266798447901427,4.439583918771514
2024-11-25,-1.3019999999999998,4.7507415,5.379081846815314,3.855410613396864
2024-11-26,-0.5940000000000001,4.633965,0.9653423289211552,2.2674717039907852
2024-11-27,0.7005000000000002,1.4103644,1.961895196808967,1.2076132289027728
2024-11-28,1.5150000000000001,1.3936901,1.8653524681742621,1.173687085448251
2024-11-29,0.3389999999999997,1.5416981,1.6097880777301663,0.8469796242616897
2024-12-02,0.1260000000000005,-2.499495,-2.2143842789204733,-2.406080932893338
2024-12-03,1.4010000000000005,-4.2394657,-4.196878550192921,-3.984680400450829
2024-12-04,1.4025,-4.2410445,-4.363309603198939,-4.287738222837519
2024-12-05,0.8565000000000002,-4.6797338,-4.457928425688078,-4.534558785476273
2024-12-06,1.5645,-4.623542,-4.509923401393393,-4.600828191791767
2024-12-09,0.6855,-5.0955954,-4.829769579852788,-4.924841850222455
2024-12-10,3.339000000000001,-4.9942074,-4.701099895755906,-4.836689181975404
2024-12-11,3.5430000000000006,-4.9362826,-4.993757115785183,-5.054961671771408
2024-12-12,2.679,-4.48361,-4.474111226050515,-4.553582837714375
2024-12-13,5.2215,-4.879822,-5.078845715122781,-4.99427604453034
2024-12-16,2.3970000000000007,-5.2418194,-5.197251025713459,-5.237547880996939
2024-12-17,2.977499999999999,-4.486367,-4.487346534089904,-4.471066641469619
2024-12-18,3.4845000000000006,-3.5395908,-2.7923699977585983,-3.256743298820626
2024-12-19,2.9204999999999997,-3.567317,-3.159616823318153,-3.13162137846516
2024-12-20,2.1630000000000003,2.1635685,2.4862495364752553,1.2664746187701363
2024-12-23,-0.07950000000000017,4.3989615,0.4820507296460791,1.491520541228864
2024-10-28,-3.2595,4.6980243,5.903988821931049,4.438353561296302
2024-10-29,-3.7349999999999994,4.679796,4.6256438414873635,3.901082225480885
2024-10-30,-3.6555,2.7345784,4.567757805337594,2.6219165554794914
2024-10-31,-3.2355,2.5461671,-0.8086901041733041,0.5451976407652266
2024-11-01,-1.4550000000000003,1.1575824,1.0847440145020495,0.10991610222043408
2024-11-04,-1.9559999999999997,2.752606,-0.4786290141393345,0.530288904570314
2024-11-05,-2.9444999999999997,0.24238154,0.5521317480787179,-0.4156358479947955
2024-11-06,-2.3699999999999997,-3.878538,-3.2498945894693088,-3.8346544866761896
2024-11-07,-2.1179999999999994,-3.2612333,-3.064265346592533,-3.5079877816942058
2024-11-08,-1.1175000000000004,0.5792432,0.8842662917086911,-0.440233921499366
2024-11-11,-3.1635,-0.08978253,0.221773414150226,-0.9390693636664456
2024-11-12,-3.7634999999999996,2.7278304,4.174921126682323,1.7501350349396354
2024-11-13,-3.9555,7.8803134,8.776989714692201,5.440246977080541
2024-11-14,-3.5505,7.6615477,8.821739601531023,5.520595670519172
2024-11-18,-3.909,8.049958,8.549412660745118,5.67542139052292
2024-11-19,-4.0184999999999995,7.7956486,6.805555037103298,5.08268493866346
2024-11-20,-3.2640000000000002,6.392477,6.464412032249239,4.633214410898924
2024-11-21,-3.7575,7.3036723,7.54687501513528,5.549115923604165
2024-11-22,-3.8789999999999996,7.45714,6.357083833785371,5.215559178129917
2024-11-25,-2.2679999999999993,3.7885222,5.209827511567706,3.1798099286306165
2024-11-26,-2.2094999999999994,3.4567018,0.04162695053587903,1.4146175963075298
2024-11-27,-2.0594999999999994,2.339193,1.6730601969279653,1.386394056427625
2024-11-28,-2.169,1.4532336,1.5064008293497921,0.9215260405574874
2024-11-29,-2.844,0.4495355,0.46845330695702025,0.059635387063626866
2024-12-02,-2.514,-2.8496182,-2.732359573456757,-2.736176632163922
2024-12-03,-1.4610000000000003,-3.66771,-2.4265878409336232,-3.089652818916788
2024-12-04,-0.7260000000000005,-1.3380036,-0.3265877069430342,-1.349153031445688
2024-12-05,-0.8429999999999996,-2.5181425,-1.1187018368982935,-2.1934363125232745
2024-12-06,0.23400000000000032,-1.1806761,-0.3711623625376672,-1.5592472485694806
2024-12-09,-0.2025000000000002,-0.31375688,-0.0246351755085818,-1.3956470162562895
2024-12-10,0.11100000000000029,-1.3408519,-0.8975264789549335,-2.2324430537057705
2024-12-11,1.1355,-3.16593,-1.04185560571443,-3.0470789412477925
2024-12-12,1.2945000000000004,-4.7142076,-4.596058390052542,-4.842992480319164
2024-12-13,1.8284999999999996,-4.426377,-4.52557596795192,-4.478460277617536
2024-12-16,2.1090000000000004,-3.9230275,-4.123831758577568,-4.245449304173321
2024-12-17,1.7400000000000002,-5.1721754,-5.1637517283633345,-4.85420757181935
2024-12-18,0.5385000000000005,-3.6444862,-3.0946710393437824,-3.225086001130945
2024-12-19,1.6050000000000004,-3.4983532,-3.201841357885008,-3.105645386631251
2024-12-20,-0.5894999999999999,1.8345457,2.1843855665017604,1.2766824781499144
2024-12-23,-2.0655000000000006,3.2542756,0.7529387204433582,1.258586961754043
2024-10-28,-4.3335,7.993173,7.714110613595725,6.671581497706667
2024-10-29,-4.8405,11.772143,12.389697147556735,9.707835767738723
2024-10-30,-2.802,8.5399885,12.911107778993442,8.174751185373644
2024-10-31,-3.7545,5.627095,1.6829078797898724,2.8620780590915778
2024-11-01,-3.345,0.5574698,2.04354071545205,0.9226461221207232
2024-11-04,-3.3825,6.430698,2.733121440262279,3.5561007000385554
2024-11-05,-3.0345,0.5869464,1.070433149495045,0.7247053399856622
2024-11-06,-1.7925000000000004,-2.015145,-1.463617027642858,-1.5194524616338776
2024-11-07,-1.0860000000000003,-1.806348,-1.9882943689417865,-2.4620830930624114
2024-11-08,-2.3175000000000003,-0.4625098,0.21058231703217065,-0.321251169404719
2024-11-11,-2.4179999999999997,-0.32255685,0.4575799234012234,0.0853904205752063
2024-11-12,-3.9884999999999997,2.962002,3.9148276824094106,3.078728242225256
2024-11-13,-3.0599999999999996,5.7495947,7.189116895535233,5.648997814203875
2024-11-14,-2.6999999999999997,4.655423,5.9461110085253965,4.890599475622143
2024-11-18,-3.678,4.495728,6.0205841931037245,4.786009886467141
2024-11-19,-3.3569999999999998,4.3328695,3.7773846996027105,3.7245422260095276
2024-11-20,-2.9655,3.5847664,3.4610405460320943,3.2471030084846757
2024-11-21,-3.222,4.085897,5.267774490001356,4.353632955063827
2024-11-22,-2.5695,4.685313,4.365910098730767,3.8575897774480614
2024-11-25,-1.548,4.544672,4.28327237762781,3.582550277018597
2024-11-26,0.9525000000000001,3.100019,1.7252672376146103,2.1610747496880762
2024-11-27,0.22800000000000045,1.3249071,1.5866543249724476,1.4503029069541775
2024-11-28,-1.0829999999999997,1.1345632,1.5824503510956185,1.0732109597316195
2024-11-29,0.3360000000000003,1.2334386,1.0116314368132537,0.7963153884387685
2024-12-02,0.3449999999999996,-2.3010209,-1.6649056899602408,-1.8805998262210764
2024-12-03,0.5894999999999999,-3.5679336,-3.4311232543342123,-3.322351371716449
2024-12-04,0.09600000000000009,-4.428681,-4.266043703897527,-4.055797203631205
2024-12-05,0.15599999999999986,-3.7994308,-3.890361567333643,-3.7697406230895893
2024-12-06,2.4810000000000008,-3.1030302,-3.0173783641455683,-3.3067306608130913
2024-12-09,2.877000000000001,-3.5407166,-3.3956560893951906,-3.5225931481333976
2024-12-10,1.3065,-4.6327295,-4.89279879190785,-4.65162203535813
2024-12-11,0.9195000000000003,-4.591546,-4.564470934098214,-4.538680922281736
2024-12-12,2.8845000000000005,-4.2937627,-4.460961045053381,-4.192489189164955
2024-12-13,2.3595000000000006,-4.8913517,-5.062390909255989,-4.670827093530948
2024-12-16,2.271,-4.9257584,-5.037139400026209,-4.711568391020407
2024-12-17,1.8704999999999998,-4.5319514,-4.698882572230967,-4.31831642889062
2024-12-18,3.1949999999999994,-2.1525264,-1.9236665960741302,-1.9607269439360004
2024-12-19,2.0414999999999996,-3.2932334,-3.1236279115361882,-2.724700655145945
2024-12-20,1.1775000000000002,1.6817291,1.7479847213110036,1.233370193067127
2024-12-23,0.2039999999999999,3.4240093,0.3750993399964315,1.4723214197150487
2024-10-28,-3.9345,8.367901,7.897197815082283,6.818517316876526
2024-10-29,-4.297499999999999,6.1264224,6.328100662588323,5.246182778162934
2024-10-30,-2.8724999999999996,2.9782765,3.608210886949608,2.8252363035529404
2024-10-31,-2.9684999999999997,1.9181111,-1.6253433795737202,0.40683151357975544
2024-11-01,-2.9595,-0.24537173,-0.15477722570913216,-0.2989406716538312
2024-11-04,-1.9530000000000003,3.30887,-0.8361078375195532,1.3115768988201635
2024-11-05,-2.0699999999999994,0.44519407,0.5487533107062699,0.44849408503330324
2024-11-06,-2.0775,-3.3100019,-2.888682454694458,-2.759519789217436
2024-11-07,-1.6860000000000002,-2.6190097,-2.5146910383125514,-2.302349097008766
2024-11-08,-1.4264999999999997,0.5062708,0.6150603426503958,0.3326615934989706
2024-11-11,-2.865,-0.8816979,-0.568698142492828,-0.5441972101993487
2024-11-12,-3.9135,4.203216,4.382137268309239,3.4776253132454418
2024-11-13,-3.405,7.6451716,7.199086832446135,6.246558330259986
2024-11-14,-3.792,6.5582457,7.708288135576823,5.959195240412327
2024-11-18,-4.311,7.61402,7.393987414926072,6.268821042733821
2024-11-19,-3.8265000000000002,7.2446733,5.9076065645044356,5.422749905914983
2024-11-20,-3.2039999999999997,5.646229,6.604354669767277,5.026312249488948
2024-11-21,-3.75,6.497906,7.2246321229316575,5.70283972189005
2024-11-22,-4.125,7.8212957,6.224808038555208,5.666483631303663
2024-11-25,-3.165,4.2571745,5.9004158284021155,3.7499204646934774
2024-11-26,-2.2949999999999995,3.3168225,-0.02036337092631225,1.3993372809522426
2024-11-27,-0.996,1.5826708,1.523704574444991,1.1492413597778248
2024-11-28,-2.0309999999999997,-0.13318379,-0.01513267750895755,-0.19595778932362323
2024-11-29,-1.6215000000000004,0.28340098,0.18147755027669038,-0.13623919814729915
2024-12-02,0.40199999999999997,-0.20943847,-0.11206885934724976,-0.885214272621843
2024-12-03,0.3539999999999999,-1.6170788,-0.7246104127905805,-1.6563665538429135
2024-12-04,0.17550000000000024,-3.814087,-2.6840429007268365,-3.3356379692198472
2024-12-05,2.3415,-2.509506,-2.6519474303154147,-2.8798279155534274
2024-12-06,2.7404999999999995,-3.8545744,-3.5130380885087598,-3.732823954663263
2024-12-09,2.302499999999999,-4.145288,-4.0601662683231,-3.9474047700416985
2024-12-10,3.643500000000001,-4.311338,-4.260367036408031,-4.0273277361767335
2024-12-11,3.6045,-3.6772254,-3.6914833597372145,-3.7135667671452977
2024-12-12,3.3944999999999994,-3.5078814,-2.7249281726885015,-3.2497119354671935
2024-12-13,4.322999999999999,-3.515153,-2.8775213117104106,-3.095257817865971
2024-12-16,5.4465,-4.135196,-3.915327194972985,-3.6932962284758495
2024-12-17,4.017,-3.6943357,-2.9605461290099266,-3.0570402699886006
2024-12-18,3.7635000000000005,-1.8335979,-1.5365988891797935,-1.6020794442185573
2024-12-19,3.293999999999999,-2.8681636,-2.756252754087143,-2.208554447918816
2024-12-20,1.7085000000000001,2.3553586,2.3276430990803636,1.9500318781481243
2024-12-23,0.6570000000000004,4.8948584,1.4395689973566,2.5237150584733454
2024-10-28,-5.257499999999999,7.996918,8.139591469197025,6.839778116010277
2024-10-29,-5.7915,7.6236906,8.305786377729252,6.6584001378814195
2024-10-30,-5.01,6.4621778,6.963238835050134,5.375484826289179
2024-10-31,-4.887,4.2218294,0.19840502750368147,2.0275949674222047
2024-11-01,-4.856999999999999,0.5691086,1.0230767324089358,0.6329683401072579
2024-11-04,-3.2025,3.8149095,0.21081140605145202,2.039900363110899
2024-11-05,-3.525,1.8157768,2.4348787962100578,1.7455288633278463
2024-11-06,-2.4855,0.09515801,0.24003893790697897,-0.06109241777223115
2024-11-07,-2.4915,-1.1960663,-1.3656887547504633,-1.036172357613344
2024-11-08,-3.0285,2.2552428,1.662213514730983,1.4352583243264703
2024-11-11,-3.3345,1.0985498,1.1381376208969745,0.8211634480401715
2024-11-12,-3.6194999999999995,3.6818054,4.367117541994522,3.234937782254149
2024-11-13,-4.296,9.123048,8.087031790070995,7.078773013345523
2024-11-14,-4.3485,8.289614,7.604035748517481,6.597945770070667
2024-11-18,-3.279,7.309462,7.21314269053485,6.054074749175867
2024-11-19,-3.891,6.9285088,5.199814922044574,4.99052014907769
2024-11-20,-3.39,5.7059474,4.882654904431732,4.423827249014929
2024-11-21,-3.4154999999999998,4.790012,6.822510058601681,4.994995270490076
2024-11-22,-3.4605,5.6775093,5.478542729499841,4.5765896734001155
2024-11-25,-2.2079999999999997,4.3996534,4.928325946461589,3.5390887537896205
2024-11-26,-2.5949999999999993,3.630936,-0.023839693422753012,1.4999515442327385
2024-11-27,-1.1355,1.7982515,1.933358755942815,1.1743924090198452
2024-11-28,-1.6905000000000003,1.3555064,1.5448884935865754,0.7889602888847635
2024-11-29,-1.6125,0.5647258,0.8380251483463793,0.13369709648893924
2024-12-02,-1.7760000000000005,0.27394253,-0.20637445735875087,-0.6416280284159821
2024-12-03,0.2565000000000001,-3.9487693,-4.258099939718371,-3.907852739278689
2024-12-04,0.6780000000000005,-4.7329288,-4.6429040705377265,-4.5115086850665955
2024-12-05,1.4025,-4.733987,-4.537259715675693,-4.556745590151122
2024-12-06,0.41849999999999987,-4.775639,-4.619495176783602,-4.745642214832904
2024-12-09,2.892,-4.972741,-4.453805565617617,-5.051023353628101
2024-12-10,3.0510000000000006,-4.7851,-4.53781797076054,-4.680903691802104
2024-12-11,3.2909999999999995,-4.7534733,-4.467842886854858,-4.792016997155328
2024-12-12,3.3180000000000005,-4.0977745,-4.086433114165787,-4.351512728339949
2024-12-13,3.7890000000000006,-4.241645,-4.412355555936366,-4.2450456981174876
2024-12-16,3.527999999999999,-4.0035534,-3.9246232365206226,-3.8982349275197117
2024-12-17,3.3989999999999996,-4.4031773,-4.200849924570669,-4.022854293709063
2024-12-18,2.589000000000001,-2.8822727,-2.3677941892387486,-2.544092732681598
2024-12-19,2.019,-3.1129863,-2.8388555003179605,-2.5815817088129465
2024-12-20,1.5255000000000003,1.9423064,2.0367419197956553,1.521790480262316
2024-12-23,0.8775000000000002,3.3011038,0.6144249982699101,1.6026757907300666
2024-10-28,-3.8444999999999996,7.4741745,6.212441068985848,5.824545148849393
2024-10-29,-3.894,5.249814,5.132480265998366,4.648622675393703
2024-10-30,-3.8819999999999997,5.300823,4.322268209693078,3.724294299978035
2024-10-31,-3.273,3.615339,-0.8524944221472571,1.2819213037549484
2024-11-01,-2.8890000000000002,1.749615,0.5983345056120399,0.561906278679765
2024-11-04,-2.769,2.1393192,-0.6754053175623137,0.7064358195910355
2024-11-05,-2.4599999999999995,-0.21669146,0.0755556917247955,-0.15283322824001289
2024-11-06,-2.4074999999999993,-3.8598628,-3.0914790407432293,-3.1311135544372117
2024-11-07,-1.794,-3.6164494,-3.605132394679109,-3.0831746584379616
2024-11-08,-2.5559999999999996,-0.38385707,-0.5240343795571348,-0.46242856394290005
2024-11-11,-3.1545,-0.46722117,-0.2719793986541681,-0.1848064547250028
2024-11-12,-3.3539999999999996,2.4619398,3.730976348408595,2.6958572282383155
2024-11-13,-4.2345,7.078082,6.813614773635967,5.939757762058198
2024-11-14,-3.024,5.4787107,6.189807138717291,5.008391172043609
2024-11-18,-3.3059999999999996,5.416467,6.15399630631115,5.04345878612818
2024-11-19,-3.0359999999999996,4.8525352,4.634940762921703,4.02240106264571
2024-11-20,-2.8619999999999997,5.157226,4.800394972868138,4.22472228018083
2024-11-21,-2.7224999999999997,3.080764,5.17470135363304,3.8729557549975575
2024-11-22,-2.1645,2.9649582,3.3937089718046582,2.9239854421445717
2024-11-25,-0.5579999999999998,3.1178885,3.4597441741807238,2.920313686806154
2024-11-26,-0.9914999999999998,3.099492,0.3739971062528479,1.5891349292439274
2024-11-27,-0.6074999999999996,1.4976761,1.3289315957298977,1.1339166977013175
2024-11-28,-0.6824999999999996,1.429652,1.1804678642342474,0.8641335952795905
2024-11-29,-1.1925000000000003,0.30976853,0.3508118506854547,-0.06032621140179051
2024-12-02,-1.1219999999999994,-2.4484115,-0.942470032295175,-1.893918981889564
2024-12-03,1.0590000000000004,-4.363699,-4.283379642553367,-3.9974790915264045
2024-12-04,2.1255,-3.8923838,-3.8082102074873223,-3.7783471009606835
2024-12-05,1.5014999999999996,-4.1808243,-4.2712191699999975,-4.143576082368791
2024-12-06,1.9005,-2.665648,-2.625881245496368,-3.0523656347072343
2024-12-09,2.522999999999999,-3.0413246,-2.951748997970856,-3.3842985449215197
2024-12-10,2.6310000000000007,-3.4497845,-3.081426442764716,-3.655605896540151
2024-12-11,2.817,-2.9159875,-2.620874122088132,-3.3432071401763235
2024-12-12,2.743500000000001,-2.6539268,-2.3070026753383703,-2.9037900725465455
2024-12-13,2.589000000000001,-0.6141069,-0.2912604165000689,-1.224674015178902
2024-12-16,3.2369999999999997,-0.6141069,-0.2912604165000689,-1.2368123930739399
2024-12-17,2.6175,-1.3261887,-1.132175275864232,-1.5789875402892424
2024-12-18,2.3954999999999997,-0.016339764,0.6389863806900689,-0.3628319643106418
2024-12-19,1.3559999999999999,-1.078014,-1.4145959282903702,-1.4318987578506963
2024-12-20,-0.7440000000000001,2.2714136,2.552656388312927,1.6123409257143002
2024-12-23,-1.8824999999999994,3.8506644,0.7228195456676229,1.6316099276422082
2024-10-28,-5.342999999999999,12.077009,11.223489341075366,9.468431275032792
2024-10-29,-5.365499999999999,11.603131,12.921216430631933,9.784812835278169
2024-10-30,-5.365499999999999,8.49648,12.132792385731586,7.80352206592468
2024-10-31,-5.289,4.1753054,0.7550149187221671,1.955960621416708
2024-11-01,-5.2604999999999995,1.1126631,1.206479763159871,0.5718330467946642
2024-11-04,-4.494,7.125639,3.8697026272239126,3.919996073175034
2024-11-05,-5.081999999999999,1.1281581,1.6720889500569318,0.9052736848613068
2024-11-06,-4.677,-1.3315859,-0.6128011494907795,-1.5506422467998668
2024-11-07,-4.9605,-1.4267557,-1.648938091382054,-1.9416908841359335
2024-11-08,-5.004,1.3052781,1.66422330143034,0.7785522693979297
2024-11-11,-4.8495,1.2057987,1.80319474147996,0.9452326040033195
2024-11-12,-5.064000000000001,7.1884494,9.87363081066683,6.6090202151689335
2024-11-13,-5.011499999999999,12.828298,12.130889183306685,9.88282713336933
2024-11-14,-4.827,11.592122,12.929926646370532,9.753019057957326
2024-11-18,-4.7265,8.121967,8.352600514492254,6.724844421415088
2024-11-19,-4.505999999999999,6.6876903,5.191682720907297,4.821182082724269
2024-11-20,-4.0545,5.6491485,5.244714634560383,4.478386603494936
2024-11-21,-4.4925,6.7759013,6.578055197189062,5.5808324344904205
2024-11-22,-3.891,5.527934,5.214542602852418,4.420256152102589
2024-11-25,-3.1545,4.6353717,5.497906928234309,3.940307707154815
2024-11-26,-1.719,4.098179,0.9716942502638478,1.9662260052337273
2024-11-27,-1.0965000000000003,2.6900523,2.089120140893127,1.5710843734111746
2024-11-28,-1.6440000000000001,2.6367838,2.06636833624977,1.3404294893254969
2024-11-29,-1.4594999999999996,1.7585775,1.3339830216624955,0.7243356599253421
2024-12-02,0.18449999999999953,-0.5774705,0.8897307663811682,-0.49684945780169015
2024-12-03,1.0829999999999997,-2.0873692,-0.5949817665577233,-2.014650649063751
2024-12-04,1.4324999999999994,-3.8074772,-3.9649126386719216,-4.087817219169377
2024-12-05,1.3875,-3.6279511,-3.6967356452654268,-4.064824764699462
2024-12-06,1.119,-3.686141,-3.6967356452654268,-4.249885307929771
2024-12-09,4.218000000000001,-3.7192476,-3.577839399918785,-4.574943800320888
2024-12-10,2.906999999999999,-2.9436402,-2.6105070975729383,-3.424928997993477
2024-12-11,2.2574999999999994,-3.7401347,-3.324309555059709,-4.036559945424836
2024-12-12,3.2505,-3.7358654,-3.505633457545625,-3.8159934864356435
2024-12-13,3.239999999999999,-3.0638735,-2.8639186951825626,-3.1492264615281567
2024-12-16,3.0420000000000003,-0.75568336,-0.7213348287391106,-1.4570329636093708
2024-12-17,2.806499999999999,-1.7866046,-1.4673512391624342,-2.0542737413694407
2024-12-18,1.8389999999999995,-0.13958225,0.11485171368975355,-0.8693976416983262
2024-12-19,1.1610000000000003,-1.5509514,-1.1027274084453498,-1.5890968117591513
2024-12-20,-0.12899999999999992,3.1053045,3.389508823878907,2.098456945821963
2024-12-23,-0.2039999999999999,4.7487807,1.1751632690429712,2.0734156531800276
2024-10-28,-4.242,8.007647,7.942158420610131,6.600520552165917
2024-10-29,-4.692,8.128348,8.22546916792246,6.5036171788518145
2024-10-30,-4.4235,4.6522846,5.897598778230758,4.169421021516264
2024-10-31,-3.7319999999999998,1.6548612,-1.690819461627397,0.19724850740908256
2024-11-01,-3.4214999999999995,-0.4665784,-0.6783285527390559,-0.6403874733988937
2024-11-04,-3.5894999999999997,4.164883,0.6559967745708173,1.8712837957869437
2024-11-05,-3.5145,0.055288233,0.04100870835625244,-0.09760408007775798
2024-11-06,-3.1619999999999995,-3.0729816,-2.942135548086014,-2.9457965771248835
2024-11-07,-3.3375,-4.431078,-4.646319347843527,-3.9782526818327333
2024-11-08,-3.6464999999999996,-0.26101363,0.10999597083754005,-0.3654061046783128
2024-11-11,-3.918,-0.23375428,0.2978715142251002,-0.18005812943573313
2024-11-12,-3.8099999999999996,3.4463813,3.9588974530419128,2.8268608577686
2024-11-13,-4.635,8.184804,7.644354286689963,6.472444214801633
2024-11-14,-4.467,6.7413726,6.259676755240358,5.457183659506822
2024-11-18,-4.752,6.1582127,5.915389125910352,5.069634543708513
2024-11-19,-4.266,6.299213,4.904401319634591,4.525205290128259
2024-11-20,-3.813,5.8829036,4.8599912543647275,4.338840423100329
2024-11-21,-4.095,5.8701057,6.130128742385438,5.031349403920485
2024-11-22,-3.6075,4.0856805,4.5955098855954635,3.6252196794235623
2024-11-25,-2.8874999999999997,3.5969977,4.167567353547648,3.0879116702109997
2024-11-26,-2.3385000000000002,4.486935,0.5203630216048271,2.0005072381477653
2024-11-27,-1.0349999999999997,2.0226777,1.8141446935422847,1.3674049986385253
2024-11-28,-1.8510000000000004,1.2024829,1.292969174968923,0.7771833559259862
2024-11-29,-2.1510000000000002,0.18947794,0.2411411795654583,-0.17649110219467462
2024-12-02,-2.3085,-2.263496,-2.393935866882018,-2.422245970893621
2024-12-03,-1.0829999999999997,-3.8359683,-2.950839383224671,-3.5156207401644544
2024-12-04,-0.5625,-2.400544,-0.6254895694953904,-2.090460837284234
2024-12-05,-0.5505000000000002,-3.739459,-3.002778938023523,-3.6212026179113663
2024-12-06,-0.016499999999999914,-3.789171,-2.90772507276204,-3.7458801402869035
2024-12-09,0.1335000000000001,-3.6267796,-3.8154394931646376,-4.024539251603428
2024-12-10,2.6265000000000005,-3.5226436,-3.535718074748308,-3.841977173471448
2024-12-11,1.0574999999999994,-3.847709,-4.08435418534652,-4.289453543997532
2024-12-12,0.33749999999999997,-4.221348,-4.2767863907693044,-4.4316286310785085
2024-12-13,0.4875,-3.6723065,-3.943959105509982,-3.9174012400748923
2024-12-16,1.281,-3.8678713,-4.008681466002867,-3.9849235674834658
2024-12-17,1.8105,-4.1564407,-3.882457039059106,-4.006947865245337
2024-12-18,0.05100000000000051,-2.8991835,-2.4940532522240675,-2.768754162814613
2024-12-19,-0.08249999999999957,-2.6518183,-2.612225578345204,-2.591981851817388
2024-12-20,-0.8159999999999996,1.9501108,2.2083038106205075,1.3868781233263245
2024-12-23,-1.7025000000000001,3.5839813,1.027727836949046,1.6246723778679881
2024-12-24,-1.5795000000000001,-5.272437,-4.982627893353328,-4.5789182236044415
2024-12-25,-1.9079999999999997,-5.4901323,-5.103772385820917,-4.8058371473670105
2024-12-26,-3.1935,-5.8955784,-5.945496310702456,-5.212575365621166
2024-12-27,-3.279,-6.0735736,-6.138159034137067,-5.365611444159895
2024-12-30,-2.8065,-3.201777,-3.1629870694124564,-2.983634987457706
2024-12-31,-2.6264999999999996,-6.537292,-6.395422825559048,-5.776431038562217
2025-01-01,-1.3530000000000004,-4.682942,-3.918116432745893,-4.249110075411618
2025-01-02,-1.4130000000000003,-6.6066904,-6.777915279267335,-5.962420260848985
2025-01-03,-1.8479999999999999,-3.9213243,-3.6299039973329363,-3.9037231805095898
2025-01-06,-2.5215,-0.836602,-1.696756059423154,-1.7893280594762249
2025-01-07,-2.5215,-5.1914763,-5.200418258728757,-4.787620913797513
2025-01-08,-3.3,-6.5060015,-7.563796073469175,-6.049887617566202
2025-01-09,-3.039,-0.024156071,-1.914591249595264,-1.5275801053724347
2025-01-10,-3.8789999999999996,-3.0949702,-3.151181205896689,-3.1027101003589825
2025-01-13,-4.545,-0.07384175,-0.8160192982826276,-0.8132515485453624
2025-01-14,-3.2535000000000003,-1.3182917,-1.211712757458462,-1.4149765219315478
2025-01-15,-4.869,-2.838223,-3.0118399411256616,-2.7127454064624854
2025-01-16,-4.614,-2.454499,-2.330524586764642,-2.313949533647734
2025-01-17,-3.8744999999999994,-3.8426797,-3.6891993206121407,-3.214537155620053
2025-01-20,-0.9434999999999998,1.0431807,1.4475201253943717,0.40519014455676217
2025-01-21,-3.423,-1.1508855,-3.3190522400219207,-2.2246988290491965
2025-01-22,-3.0869999999999997,0.954134,3.128261127250606,1.229342576012997
2025-01-23,-2.4735,-0.18694429,1.0978552568716091,-0.15822644345172757
2025-01-24,-2.844,1.7256976,0.553001035426802,0.637405861231123
2025-01-27,-4.621499999999999,1.7646645,2.839834844929209,1.4966765965606963
2025-01-28,-5.2185,-0.0690897,0.21115693074735678,-0.06640083413829019
2025-01-29,-5.577,-0.89832604,0.14917716455503946,-0.692832338966388
2025-01-30,-4.44,1.7376951,2.4560246593292785,1.123667246908269
2025-01-31,-4.6035,-0.583211,-0.7413181919410219,-0.9712429187522122
2025-02-03,-4.2165,0.7851483,2.0975584058802403,0.9609935780333676
2025-02-04,-3.63,-2.4782538,-2.0417739840858444,-1.9915676983105488
2025-02-05,-2.577,0.3329524,0.08385780485561173,-0.14268293138296093
2025-02-06,-2.85,-1.7400378,-1.22800305157376,-1.401837911815748
2025-02-07,-2.361,0.79301107,0.7911785527680866,0.19023303393496355
2025-02-10,-1.917,4.5924544,5.466913220584975,3.537418179970656
2025-02-11,-3.2609999999999997,0.57234204,0.19684829441574897,0.16595263261350487
2025-02-12,-3.045,-1.5613402,-1.9022922691499853,-1.4096473261482556
2025-02-13,-3.3825,0.92588735,0.6604771597937619,0.36803559285238796
2025-02-14,-5.298,-0.31064647,0.36176834491735815,-0.13236077137993865
2025-02-17,-4.873499999999999,-0.23228285,-0.16371146187162702,-0.3237397131159383
2024-12-24,-0.8280000000000004,-5.5827265,-5.477698804559252,-5.116896897636865
2024-12-25,-0.7244999999999997,-6.152835,-6.020271330447677,-5.484369346280718
2024-12-26,-1.4744999999999997,-6.261918,-6.525011399019111,-5.712765300194941
2024-12-27,-1.215,-6.071592,-5.916263594275615,-5.367413139779813
2024-12-30,-1.0304999999999995,-1.4770911,-0.6124229762795189,-1.2926972415070965
2024-12-31,-1.2780000000000005,-4.0982304,-4.406018672086747,-4.102999038696581
2025-01-01,-1.2494999999999996,-4.638478,-4.071420025391814,-4.284924719899204
2025-01-02,-0.6554999999999996,-5.4804134,-5.181623633065602,-5.002302379447211
2025-01-03,-0.47849999999999965,-3.0179336,-2.677780646236961,-3.235910693183473
2025-01-06,-1.6320000000000003,0.8547204,0.9485983510314713,-0.008206283662462954
2025-01-07,-1.1204999999999998,-4.264346,-4.281453323921438,-4.1046024594296044
2025-01-08,-1.5210000000000001,-3.977766,-4.553740214232645,-4.083410498233543
2025-01-09,-1.7070000000000003,1.7041271,0.22155051394688552,-0.04049024172498422
2025-01-10,-2.8365,-0.607627,-0.41975102333825226,-0.9575453134402709
2025-01-13,-4.17,-0.21982767,-0.01986442861028618,-0.6850919444448111
2025-01-14,-3.9269999999999996,-2.590597,-2.567700296140816,-2.329968338914254
2025-01-15,-4.3065,-3.1097522,-3.2838084579159625,-2.8136021679670136
2025-01-16,-3.564,-1.0163685,-1.1102099783964554,-1.228860851156706
2025-01-17,-2.232,-2.0279365,-1.1270801329633093,-1.494895383231293
2025-01-20,-1.4295000000000002,4.0143166,5.424272320119283,2.721109476877771
2025-01-21,-2.7405,0.57544696,-1.2069178053916483,-0.7251110230303541
2025-01-22,-3.4185,1.7422825,5.9893754226040565,2.6281767999848364
2025-01-23,-2.6505,0.69839,1.3548395034016623,0.11221946061482624
2025-01-24,-2.8874999999999997,1.5030035,2.0738398054697416,0.936861127247865
2025-01-27,-3.4499999999999997,1.9989511,2.901271576252919,1.613448249987973
2025-01-28,-4.2,1.7409521,2.368115670387942,1.3037333035198078
2025-01-29,-3.525,0.5640152,0.6877579576728755,0.18648192204488026
2025-01-30,-3.8265000000000002,0.7731888,0.9735515093667433,0.22618094731126015
2025-01-31,-2.9625,1.9690479,2.2727401038506247,1.0953732050891303
2025-02-03,-4.656,1.3986577,6.263724797194211,2.6344773899832794
2025-02-04,-4.446,-1.277785,-0.10207542825531847,-0.7811526861576832
2025-02-05,-4.353,-0.9618343,-0.2963696312528315,-0.9142866935039873
2025-02-06,-3.876,0.7066669,1.2998379580862511,0.2600418166568417
2025-02-07,-3.5055,4.030817,2.5231015207634506,1.964367623827984
2025-02-10,-3.2279999999999998,8.072637,8.966004321354873,6.194681645658656
2025-02-11,-4.4595,1.4197055,1.975556481877099,0.9594957121213784
2025-02-12,-3.789,2.2229884,2.3838966359850247,1.5727630256604137
2025-02-13,-4.0634999999999994,1.0544597,1.1939930792529148,0.4027515883958234
2025-02-14,-4.677,1.6601039,2.1591626038057443,1.1549712370657192
2025-02-17,-4.9559999999999995,1.8084134,2.9551555124938056,1.4516500204865654
2024-12-24,1.221,-1.7178285,-3.0864870366904977,-2.8650998615202443
2024-12-25,0.8940000000000001,-0.8807838,-2.8989294907107093,-2.554921624188326
2024-12-26,1.2675000000000003,-3.5646088,-3.549550538517443,-3.650110679841281
2024-12-27,1.077,-1.532383,-3.613440126728801,-2.9931876456457704
2024-12-30,1.7474999999999998,-1.3764678,-1.0611827544443677,-1.6410007357196532
2024-12-31,1.6829999999999998,-3.8915117,-3.4778268988698144,-3.6945390837164105
2025-01-01,2.731499999999999,-6.1594763,-5.485867506100937,-5.235876038610123
2025-01-02,2.7569999999999992,-5.0943537,-6.31015747924224,-5.296117006989962
2025-01-03,2.4194999999999993,-3.930272,-3.6674964937425525,-3.8295775617434105
2025-01-06,1.842,0.50983495,0.41542161181059034,-0.5243859960473911
2025-01-07,2.2289999999999996,-6.4763846,-6.252359346808135,-5.656253342584628
2025-01-08,1.2195000000000003,-4.714702,-5.652173761417016,-4.86278007918846
2025-01-09,-0.2864999999999995,1.7899178,0.08886299822275952,-0.43398819495778496
2025-01-10,-1.5570000000000004,-0.60811716,-1.230446045670981,-1.5108279635414454
2025-01-13,-3.159,-2.720541,-2.4041847189905887,-2.2981882955878095
2025-01-14,-2.8964999999999996,-0.957587,-0.445686662844141,-0.9591871843375068
2025-01-15,-3.1305,1.9871063,1.65843629249469,0.7709988445873065
2025-01-16,-3.0029999999999997,4.8406806,1.5264275770941889,1.7016187984441937
2025-01-17,-1.7999999999999998,1.0059888,1.1385694447882886,0.3938897246908506
2025-01-20,-1.4054999999999995,1.244144,3.886808411371549,1.1580394123331534
2025-01-21,-2.997,-0.2949741,-2.2774824805752103,-1.3438582913408472
2025-01-22,-3.996,-0.43031716,2.324436504421936,0.5112312291083169
2025-01-23,-3.5444999999999998,-0.53050566,-0.5517228869721511,-0.9293400427219481
2025-01-24,-2.6849999999999996,0.86190945,0.04899466365183813,-0.03415841620754129
2025-01-27,-5.230499999999999,0.9717566,-0.2860644560514553,-0.24745713416552934
2025-01-28,-5.164499999999999,-0.54478604,1.2096109247798619,-0.026432328406921418
2025-01-29,-4.6905,-0.1365462,0.43519429435016094,-0.4283566946194741
2025-01-30,-4.436999999999999,2.5517032,1.668105881821321,1.2469669776901355
2025-01-31,-4.9005,0.6972319,0.47350886008662135,-0.04068070265862678
2025-02-03,-2.5739999999999994,0.601072,2.776917663374941,1.3958262967912929
2025-02-04,-2.313,-3.3869474,-3.7415079770172226,-2.8051493724190677
2025-02-05,-2.5875,0.51098883,-0.30587201634553174,0.015585962379014218
2025-02-06,-3.1559999999999997,0.33585697,-0.3343660324115486,-0.44592022202030174
2025-02-07,-2.4344999999999994,3.7190726,0.4374563962492102,1.0158761938312266
2025-02-10,-2.6804999999999994,3.429762,3.054439474460801,2.142974049497465
2025-02-11,-4.3485,-0.7614279,-0.6956669989282144,-0.6761727025783574
2025-02-12,-3.6405,1.7742603,1.2545771680921192,1.1502560531917894
2025-02-13,-3.99,1.3138859,0.49006115442423376,0.4956779469320255
2025-02-14,-4.638,0.36901644,0.18284118401598387,0.016162781243836105
2025-02-17,-4.832999999999999,2.3641665,1.7645090800615444,1.2770063946515324
2024-12-24,-4.3709999999999996,-5.6890464,-5.602191469572622,-5.057298894884599
2024-12-25,-4.422,-4.2680507,-4.380937724827936,-4.129714068611381
2024-12-26,-3.129,-5.7108355,-5.611664748985892,-5.1285372432430165
2024-12-27,-3.588,-5.3744383,-5.328437052236798,-4.977519559881069
2024-12-30,-3.5115,-1.2144427,-1.4808160657274085,-1.6713527566381297
2024-12-31,-3.7154999999999996,-4.95032,-4.862531949366009,-4.611048909651313
2025-01-01,-1.6619999999999997,-4.177558,-2.921565214547091,-3.6264805133304434
2025-01-02,-2.9025000000000003,-5.6803727,-5.648323315018377,-5.143348948599744
2025-01-03,-3.4755000000000003,-3.4212139,-3.084867845881689,-3.4221207157485702
2025-01-06,-3.9509999999999996,0.7999373,0.6324227950267468,-0.2366315118064568
2025-01-07,-4.383,-6.6212163,-6.452379762684217,-5.693412826994213
2025-01-08,-4.529999999999999,-4.2591667,-5.122169930963857,-4.423625999347894
2025-01-09,-4.1235,1.2303627,-0.5927543108441191,-0.4398400746574016
2025-01-10,-4.5255,-0.079453975,-0.14229408774262997,-0.6742327749732137
2025-01-13,-5.595,-1.7823466,-1.598722609465482,-1.5471653874042635
2025-01-14,-5.3985,-1.7933537,-1.4076803158714584,-1.4761248753766452
2025-01-15,-3.948,0.38527822,-0.4055584583374848,-0.3802113909705591
2025-01-16,-3.702,0.13495964,0.055742120555389435,-0.22654259318109135
2025-01-17,-3.4995,-2.269553,-1.5538640800881165,-1.6970634440794892
2025-01-20,-2.6114999999999995,2.8027456,1.6190573986476573,1.1739908103986092
2025-01-21,-3.4244999999999997,1.1004878,1.9432775194764187,0.6945402364926769
2025-01-22,-3.5025,2.1551204,5.593070906437225,2.781801253791597
2025-01-23,-3.6555,0.47673157,0.8181898488284135,0.16727315244382593
2025-01-24,-4.5615,0.16207702,0.5562237078972976,-0.14161138873222562
2025-01-27,-5.193,-1.1200832,-1.2407472430108841,-1.001852566455377
2025-01-28,-5.2124999999999995,-0.66292346,-1.1115697833911513,-0.8061270715212523
2025-01-29,-5.2845,-1.6345595,-1.3524134582191272,-1.3919276055814973
2025-01-30,-5.1975,-1.7190868,-1.4867437343362073,-1.4730669707356212
2025-01-31,-4.6979999999999995,-0.05131962,-0.357769900056937,-0.5197507604238729
2025-02-03,-4.6995,1.545803,5.882500400524334,2.754336623137392
2025-02-04,-4.876500000000001,-2.282917,-1.9159952691007998,-1.830815682986315
2025-02-05,-4.167,-0.71350855,-0.22769466677547173,-0.6703868596492549
2025-02-06,-4.1114999999999995,-0.59920204,-0.22769466677547173,-0.6296867273081256
2025-02-07,-4.266,1.7677646,0.7740680607339878,0.47231725531752555
2025-02-10,-3.9989999999999997,6.213297,5.786447676397017,4.369331486307128
2025-02-11,-4.137,0.97852075,1.2178964589066044,0.7757891430855867
2025-02-12,-4.460999999999999,1.2258178,1.1785069053286383,0.7392271537706883
2025-02-13,-5.373,-0.1981272,-0.12175344130766404,-0.557258651883865
2025-02-14,-5.2545,0.312756,1.331488371421942,0.31131972970087707
2025-02-17,-4.7325,1.247399,1.4164054750869517,0.7518602550059467
2024-12-24,-1.2795,-5.972254,-6.193812956420416,-5.639303579924551
2024-12-25,-1.5494999999999997,-6.1873903,-6.285436670809872,-5.801522165570101
2024-12-26,-2.055,-6.4370556,-6.810733827780586,-6.056417719013804
2024-12-27,-2.334,-5.1176376,-5.456906501732657,-5.0182656148926235
2024-12-30,-2.1764999999999994,-1.1421249,-0.9043061997055883,-1.6404352558287973
2024-12-31,-2.6625,-5.355855,-5.736144984472725,-5.194694197478286
2025-01-01,-1.9784999999999995,-4.4334784,-4.229148120590577,-4.294296098323184
2025-01-02,-0.9630000000000002,-4.3131037,-4.359300291436632,-4.327844532169614
2025-01-03,-0.6269999999999999,-2.7956429,-2.3666253427960635,-3.005533277934664
2025-01-06,-2.2065,1.3529184,1.2415813398249091,0.16251841879980167
2025-01-07,-2.3175000000000003,-3.5543509,-3.7479557622921007,-3.6426877809443936
2025-01-08,-2.6085,-4.9728074,-5.9446895585032555,-4.961078772205012
2025-01-09,-2.658,2.3250308,0.4779661361460179,0.2572232263765239
2025-01-10,-2.0309999999999997,0.11192208,0.48074759555587476,-0.12339650066876637
2025-01-13,-4.1415,0.47245407,0.8121131568598565,0.09413207203619808
2025-01-14,-4.068,-2.680841,-2.577808155476855,-2.3166063204626743
2025-01-15,-4.1535,-2.8770385,-2.7504459725397745,-2.4772316353509547
2025-01-16,-3.888,-0.6810562,-0.5142576431015036,-0.8791549051389107
2025-01-17,-3.519,-2.4323049,-1.7084392178625796,-1.8021312206962212
2025-01-20,-3.6029999999999998,1.1993954,0.6704586714466535,0.03926830649496421
2025-01-21,-4.1265,-0.5837384,-3.333484212959677,-1.7874622767465889
2025-01-22,-4.4445,-0.62017167,2.228258198621978,0.41586263398265333
2025-01-23,-4.2675,-0.24301206,-0.5221272098443189,-0.7327465790968632
2025-01-24,-4.515,-0.24051614,-0.8908191619635564,-0.8690783407993004
2025-01-27,-4.4565,0.15648638,0.5045433705504561,-0.10741466604382008
2025-01-28,-5.01,-0.11338571,0.34883579925358416,-0.21392253731167135
2025-01-29,-4.62,-0.1614118,-0.24607020613390432,-0.43786533351812407
2025-01-30,-4.154999999999999,0.97852075,0.6519403708047053,0.49076183521891487
2025-01-31,-4.773,0.8810791,0.49843994395430435,0.08959410215162833
2025-02-03,-4.629,-0.2625969,2.41934815965643,0.7138737860526738
2025-02-04,-4.614,-2.4479854,-2.5801419390547093,-2.09770152835117
2025-02-05,-4.4055,-1.5646135,-1.8109750839702985,-1.6582588353431558
2025-02-06,-4.198499999999999,-1.5814825,-1.6346257391323529,-1.6267443963696033
2025-02-07,-3.9884999999999997,1.6530093,-0.6726088821450851,-0.15843230878921097
2025-02-10,-3.4185,6.243407,6.410789839342957,4.591043904511407
2025-02-11,-4.278,0.13391149,-0.22114871509451184,-0.2096489664046209
2025-02-12,-4.632,0.13391149,0.3882253528315506,-0.0639926389430674
2025-02-13,-4.944,-0.11902289,-1.6748178362675172,-0.9560431202322146
2025-02-14,-5.412,-1.3858382,-0.8620275889077968,-1.0836362654627165
2025-02-17,-5.369999999999999,-1.0533042,-0.31811861379879564,-0.5207522902427448
2024-12-24,-3.8025,-5.665185,-5.88484126596513,-5.236944394140865
2024-12-25,-3.8895,-5.588606,-5.845451712387163,-5.23608066089316
2024-12-26,-3.243,-3.8360162,-4.4191350345251745,-4.148678726680044
2024-12-27,-2.7975,-2.8250299,-3.0474220380825314,-3.0343493241758455
2024-12-30,-2.6114999999999995,-0.3199791,-0.20465622662750865,-0.8397194085750332
2024-12-31,-3.7125,-3.4159214,-3.518216342752752,-3.4921597328969582
2025-01-01,-2.2905,-2.8385198,-2.5088498274838447,-3.0005866979910154
2025-01-02,0.5099999999999998,-3.2207837,-3.4016331671690536,-3.2204374144948162
2025-01-03,-0.8039999999999999,-1.9940025,-1.917049228152082,-2.461797072756822
2025-01-06,-2.3159999999999994,1.5987302,1.1417882290354928,0.25039483316521005
2025-01-07,-2.5320000000000005,-2.938396,-3.256154966658866,-3.3244525916038525
2025-01-08,-2.8244999999999996,-4.5150685,-5.446334735847219,-4.685205544335973
2025-01-09,-2.8994999999999997,1.970906,0.7126189874950914,0.154471551953151
2025-01-10,-2.928,0.3410009,0.27270111702771843,-0.46199670166711837
2025-01-13,-4.0935,-1.654461,-1.5777070958879662,-1.7768596424540921
2025-01-14,-2.0685,2.0179,2.675306874289225,1.4399674750891367
2025-01-15,-3.024,1.6030127,2.451348336360301,1.0484040823708722
2025-01-16,-3.1785,0.029661326,0.18734800211191485,-0.445156084840655
2025-01-17,-3.3434999999999997,-2.4355748,-1.868113649883881,-2.0282904958862167
2025-01-20,-3.165,1.5109602,2.4815871453473335,0.6471080306932231
2025-01-21,-3.273,0.23629704,-1.565418626061576,-0.9565576402638795
2025-01-22,-3.0599999999999996,1.2994651,6.011648594211606,2.435482638604829
2025-01-23,-3.1005000000000003,0.46855915,1.0127453878003363,-0.001338464629327768
2025-01-24,-3.198,0.956728,1.8990595509636974,0.6515488031624695
2025-01-27,-3.4815,1.1726004,0.8969222182015995,0.4385480722163181
2025-01-28,-3.072,1.9199355,2.7151490827670894,1.3026662099392237
2025-01-29,-2.6114999999999995,1.582796,2.524047090576658,1.131669694653766
2025-01-30,-2.2304999999999997,2.2666805,1.7295701153762815,1.2859251903635849
2025-01-31,-2.6429999999999993,0.3954565,0.1914252019494812,-0.2482383700322061
2025-02-03,-1.623,3.7873588,5.484235812484128,3.2637465711821214
2025-02-04,-1.8255000000000001,-2.0731437,-1.2590018176067572,-1.6560425907312175
2025-02-05,-1.2929999999999995,-0.6304568,-0.3626795923530572,-0.9096453446298034
2025-02-06,-1.542,-0.68150645,-0.73933470906933,-1.0636776760337547
2025-02-07,-0.9945000000000004,2.5695658,0.9995292401962644,0.7663637472157785
2025-02-10,-0.5954999999999998,6.7925973,6.489714818792603,4.8325634577717
2025-02-11,-2.8815,1.0544845,0.6488513411178308,0.4393109756338842
2025-02-12,-2.481,0.6634922,0.9365168898367224,0.44724452353303645
2025-02-13,-3.048,-0.69919324,-0.3687791707108581,-0.7516253952161231
2025-02-14,-4.4115,-2.1651466,-2.735499556416438,-2.11336684168401
2025-02-17,-4.224,-2.1237898,-2.0860137042730913,-1.8445261229705405
2024-12-24,-3.4635,-5.658762,-5.812043147371457,-5.1123799509857735
2024-12-25,-3.567,-5.7127075,-5.849512251932581,-5.13488276096083
2024-12-26,-3.447,-3.8299983,-4.049652474119058,-3.8723658911736543
2024-12-27,-3.6119999999999997,-4.226804,-4.670928495134793,-4.126847320961322
2024-12-30,-3.75,0.036678582,-0.211231644307085,-0.571750107691647
2024-12-31,-3.9194999999999998,-3.971839,-4.647487884018933,-4.027813061412631
2025-01-01,-4.0874999999999995,-3.421095,-3.252520114638994,-3.4436661445539545
2025-01-02,-3.2234999999999996,-3.194001,-3.609621474156918,-3.440643007861935
2025-01-03,-3.0015,-1.6315672,-1.6290977267367095,-2.179549272270373
2025-01-06,-3.8265000000000002,2.2149065,0.48192635842432335,0.31091007675018695
2025-01-07,-4.4174999999999995,-3.8550544,-4.470995545900879,-4.075177736012568
2025-01-08,-4.3005,-3.395234,-4.1562965012127995,-3.7252472078357384
2025-01-09,-4.2645,1.628813,-1.2659413749601418,-0.6019963652327849
2025-01-10,-4.481999999999999,0.44265914,0.45403622513269304,-0.37633964686689514
2025-01-13,-4.6845,0.36782187,0.47403751562208407,-0.3352282432093245
2025-01-14,-3.5775,2.2102277,1.6281615507264533,1.0713804508984748
2025-01-15,-3.714,-0.18069308,-0.4263691045524676,-0.5919156407543611
2025-01-16,-2.841,1.2742177,1.2637473594315602,0.5208191115080323
2025-01-17,-3.213,-1.1281502,-0.9781839646841558,-1.1218780862954565
2025-01-20,-2.0355,2.1695614,2.3464150384153877,1.2078203144151587
2025-01-21,-2.9625,1.0299823,-0.8686320912500487,-0.2676170856982872
2025-01-22,-2.448,2.42578,6.245809237002522,3.3039044499727033
2025-01-23,-3.0839999999999996,1.1094586,1.4058875461214866,0.46268865999098074
2025-01-24,-3.6555,1.7734042,2.592357825814676,1.1233454860415468
2025-01-27,-3.7335,2.5412312,2.6468601521354502,1.7238543683316059
2025-01-28,-3.3345,2.5842714,2.74629308260323,1.786581749476786
2025-01-29,-3.057,1.5086862,1.9118289114884466,0.9971648750651146
2025-01-30,-2.76,1.8876001,2.701445387120111,1.3291604317777201
2025-01-31,-2.5574999999999997,1.1335278,1.4384489933577005,0.5481949760942025
2025-02-03,-2.9069999999999996,1.589126,5.364612842492586,2.4672037125760946
2025-02-04,-2.0760000000000005,-1.5828714,-1.091525754714164,-1.2023043365921957
2025-02-05,-1.4820000000000004,-0.54570025,-0.1470977316857359,-0.5591459895220838
2025-02-06,-1.1085,-0.04610129,0.20016353201534062,-0.2808205242165738
2025-02-07,-0.7829999999999998,3.2495675,2.0539084253316875,1.5067854231323963
2025-02-10,-1.5599999999999998,5.6086545,5.350198768101934,3.9906305730796325
2025-02-11,-3.1109999999999998,1.1659566,1.7312920359530666,0.7856964597350776
2025-02-12,-2.9549999999999996,1.0378755,2.1074161534729896,0.82458001894578
2025-02-13,-3.6614999999999998,-0.23870976,0.3733096394389305,-0.22709626480951758
2025-02-14,-4.05,-0.71987593,-1.4621986344973692,-1.064578757036304
2025-02-17,-4.2345,0.9897488,0.8363206421837718,0.13674195434911496
2024-12-24,-2.973,-4.805299,-4.872593800559158,-4.504492027394747
2024-12-25,-3.0885,-5.305383,-5.325975241587156,-4.897568049684946
2024-12-26,-3.8549999999999995,-5.4250546,-5.996502691626064,-5.225912886309457
2024-12-27,-3.321,-4.630903,-4.57593729792494,-4.32843286001175
2024-12-30,-4.0305,-1.881092,-1.9625608598318975,-2.2133861139061697
2024-12-31,-4.017,-4.4210706,-4.65278841465105,-4.298189885644167
2025-01-01,-3.36,-3.0578213,-2.713223729334114,-3.1337910821908315
2025-01-02,-2.8005,-4.398879,-4.4525550930484465,-4.194257166118598
2025-01-03,-3.2775000000000003,-1.8010279,-1.900080825639671,-2.353809312578861
2025-01-06,-3.723,0.8910705,1.3626276932203916,0.03314533361135158
2025-01-07,-3.396,-3.4655464,-3.902090309973449,-3.6023298522021174
2025-01-08,-3.4964999999999997,-2.735125,-3.5324301831159013,-3.2023101745776965
2025-01-09,-3.7244999999999995,1.9183242,0.7381356316274877,0.20901541535908708
2025-01-10,-4.741499999999999,-1.222034,-0.8749288118037057,-1.4861638495359384
2025-01-13,-5.22,-1.5098149,-1.530507811014405,-1.683416396556153
2025-01-14,-5.2455,-2.1162128,-1.910817970104243,-2.032675705382429
2025-01-15,-5.1195,-2.0228398,-1.6888159437081987,-1.904807080996575
2025-01-16,-4.5285,0.5416664,1.0844438816655262,0.1785656891643828
2025-01-17,-5.241,-4.7210064,-4.3521858664145014,-3.7250650207018854
2025-01-20,-4.1385,1.1325976,0.2266958621997038,-0.14610260576187423
2025-01-21,-4.1775,1.4778976,-0.4451968961934418,-0.10938105134541277
2025-01-22,-3.5744999999999996,2.823399,7.1884197106077545,3.4775403645638474
2025-01-23,-3.5309999999999997,0.9216113,1.4342597315330936,0.24087307945240655
2025-01-24,-4.2615,-0.48372042,-1.1768858978821517,-1.1545781582074308
2025-01-27,-4.5255,0.7398092,0.3215669518362775,0.1377693885937254
2025-01-28,-5.0145,0.40304184,0.16122836572797208,-0.24319703936390505
2025-01-29,-5.3685,-2.1564703,-2.8498512510128426,-2.300806079627334
2025-01-30,-5.2875,-2.8080668,-2.8249297599734495,-2.4842682162474694
2025-01-31,-4.7595,-0.0757444,-0.5020537088257578,-0.7527409760517998
2025-02-03,-5.133,-0.6079679,2.1537744111883024,0.3576534994710622
2025-02-04,-5.4135,-5.4256415,-4.881164138750185,-4.188839538654159
2025-02-05,-5.211,-2.1193817,-2.4040997092464815,-2.2127124845827346
2025-02-06,-5.064000000000001,-1.6542686,-1.6699139886214764,-1.7997824872500099
2025-02-07,-5.015999999999999,3.646536,0.2177606862622172,0.6995221039426214
2025-02-10,-4.5885,5.6670446,5.2465567605267625,3.7807302164153267
2025-02-11,-3.3194999999999997,3.0683455,4.017042076570687,2.2750525021781782
2025-02-12,-4.7745,0.32654065,-0.018446080944597334,-0.29279068673154945
2025-02-13,-4.758,0.14084987,-0.4138149554705278,-0.4129228894945786
2025-02-14,-5.031,0.18887596,0.22048060349492674,-0.2342916102812745
2025-02-17,-5.067,1.0432943,1.293388297203062,0.643190417506829
2024-12-24,2.6625,-4.209909,-3.97748626065355,-3.9565551896011373
2024-12-25,2.4915,-4.3819056,-4.2346373338997205,-4.151409375855653
2024-12-26,2.6444999999999994,-4.5456834,-4.6339752030365124,-4.353379259515919
2024-12-27,1.4550000000000003,-4.784902,-4.6462665089633965,-4.412069941146359
2024-12-30,1.1744999999999997,0.021826234,0.23510331989621697,-0.7280613293756167
2024-12-31,2.3175000000000003,-3.3098722,-3.024418111136239,-3.3534456500676373
2025-01-01,2.2005000000000003,-4.3646255,-3.958345524080726,-4.189589182841487
2025-01-02,3.1635000000000004,-3.6178246,-3.712290399356647,-3.8577763478573814
2025-01-03,2.5484999999999993,-1.7528666,-1.7552802337413178,-2.441710161077153
2025-01-06,0.9764999999999997,1.8751038,1.5925758789700548,0.4781378964947468
2025-01-07,1.4219999999999995,-3.8555152,-3.693723348032535,-3.608303142801939
2025-01-08,0.1275000000000002,-3.6664894,-4.397283835724251,-3.8248240035107575
2025-01-09,-0.6,3.1776884,1.1397889916686492,0.6751752778730671
2025-01-10,-1.2239999999999995,-1.2267284,0.0819326252263903,-1.2358955666440856
2025-01-13,-4.0815,-1.7471966,-1.806857653221487,-1.7959910264316874
2025-01-14,-4.0184999999999995,-2.105052,-1.7027874146145814,-1.9333057976489563
2025-01-15,-3.9555,-2.7498167,-2.6865226329905973,-2.522151479139803
2025-01-16,-3.0359999999999996,-1.9375875,-1.762738532025504,-1.9112361813261773
2025-01-17,-3.1545,-4.325174,-3.2341438024114444,-3.1743514365826364
2025-01-20,2.3805000000000005,0.1995185,2.3049702459763823,0.6861026720723729
2025-01-21,-1.1025000000000003,1.6265762,1.4203571370554653,0.8314744379081974
2025-01-22,-2.2275,0.96299094,2.862659472014264,1.3282875619937484
2025-01-23,-1.6440000000000001,0.18949737,0.44950680303718116,-0.14836254995007603
2025-01-24,-2.2275,1.659552,1.8391823053742995,1.0625396602671846
2025-01-27,-3.405,1.1612405,1.4190316648824333,0.811911781013515
2025-01-28,-4.542,-1.6854936,-1.2227572878926398,-1.2245799866454192
2025-01-29,-3.2369999999999997,-2.193659,-1.6213651844789028,-1.507538612551993
2025-01-30,-3.1559999999999997,-0.6028065,-0.18694542311514137,-0.5494303097883354
2025-01-31,-2.8545000000000003,-0.3583953,-0.6347416895695678,-0.7978666961957128
2025-02-03,-0.04349999999999987,4.7199636,7.048054337862368,4.330443958061288
2025-02-04,-1.2344999999999995,1.9233235,2.0919131761133776,1.2235106332581116
2025-02-05,-1.6860000000000002,0.23373291,0.15897054090180368,-0.2034743289099194
2025-02-06,-2.2244999999999995,-1.537279,-1.3969286612431973,-1.5239478074294621
2025-02-07,-2.8244999999999996,1.6409593,-0.3710898332939244,-0.017004140351969205
2025-02-10,-1.8704999999999998,5.7144837,5.2922082959095835,3.835318998458175
2025-02-11,-3.5849999999999995,2.5504553,3.6713991046530725,1.9169502821156343
2025-02-12,-2.6369999999999996,2.0076218,2.733775959729932,1.5857800643075834
2025-02-13,-3.5685,1.290119,2.2275148460019616,0.9176699698852575
2025-02-14,-3.693,1.603484,2.222542219645362,1.2223516340624503
2025-02-17,-4.989000000000001,-0.13301608,0.8056900653632796,0.21795285661607833
2024-12-24,-1.5150000000000001,-6.196941,-5.79717796915577,-5.283501331800711
2024-12-25,-1.6755000000000002,-6.474143,-6.019718964180491,-5.511576153263495
2024-12-26,-1.6605,-6.4141455,-6.2448310987096125,-5.615728029298834
2024-12-27,-1.5,-4.6942234,-4.714218554762434,-4.39716634673527
2024-12-30,-1.452,-0.5908429,-0.3110372192296616,-1.045618927589222
2024-12-31,-1.1579999999999997,-4.143117,-4.245276890166513,-3.975767159454385
2025-01-01,-0.9434999999999998,-4.567002,-4.065701218671746,-4.2346809515977935
2025-01-02,-0.6315000000000001,-5.307807,-5.794203755316586,-5.113180995901537
2025-01-03,0.09749999999999978,-2.7745388,-2.5962338925183692,-2.968142219349354
2025-01-06,-2.0594999999999994,1.2802298,0.8250770480761488,-0.04637660391692172
2025-01-07,-1.5824999999999996,-5.94803,-5.7869879952386425,-5.379564890566194
2025-01-08,-2.2304999999999997,-5.5628858,-6.494295899273611,-5.496301420994145
2025-01-09,-2.9175,1.0638711,-0.3223131034293946,-0.6494875255497128
2025-01-10,-3.5174999999999996,-0.79213864,-0.25163058990911374,-1.1828610107211235
2025-01-13,-4.597499999999999,-2.0199118,-1.9917028281592166,-2.164788129225911
2025-01-14,-4.3545,-2.811413,-2.5833888934013487,-2.651147315949206
2025-01-15,-4.4384999999999994,-2.8706214,-2.7110144986970295,-2.704450137914918
2025-01-16,-4.1625,-1.4433728,-1.085732798937138,-1.5867466840285256
2025-01-17,-4.1085,-3.0379581,-2.0149722155056398,-2.4386492762481256
2025-01-20,-3.678,0.9270242,0.8718046735760224,-0.0859289204898987
2025-01-21,-4.2135,-0.81341743,-2.9136561209871843,-1.8756051340619244
2025-01-22,-4.2825,1.3929397,3.691170578848657,1.5021494829825777
2025-01-23,-4.3485,0.35489866,0.2501911815265149,-0.42061065143472753
2025-01-24,-4.414499999999999,-0.28754503,-0.3052690160791453,-0.8002749373155051
2025-01-27,-5.031,-1.3960425,-1.5319240221953185,-1.4756246939967097
2025-01-28,-4.7595,1.3131541,1.464261556126772,0.7865492340191262
2025-01-29,-5.163,-1.3960425,-1.535561404334024,-1.523815464185509
2025-01-30,-5.2845,-1.3960425,-1.535561404334024,-1.4859450952515914
2025-01-31,-4.717499999999999,1.3979225,1.4779511342444474,0.6449617773921168
2025-02-03,-5.111999999999999,0.83081365,4.4410030763410475,1.700584334758147
2025-02-04,-5.1255,-1.714182,-1.9447134557842105,-1.717974338719732
2025-02-05,-4.1475,0.23459934,1.0582825308037276,0.051662651267142395
2025-02-06,-4.2825,-0.05344136,-0.07502178397622293,-0.4730324404420674
2025-02-07,-4.575,4.2381268,1.287117968319212,1.500036461723812
2025-02-10,-4.1175,5.2259126,4.866582179526689,3.6339885944867145
2025-02-11,-4.713,2.1954913,2.0546996016795536,1.4585710951318902
2025-02-12,-4.467,2.1954913,2.308383551144424,1.5803588768779981
2025-02-13,-5.313,-1.0627121,-1.6112411035222327,-1.1761641452392968
2025-02-14,-5.847,-1.4167265,-0.1054803607742084,-0.7909611411838835
2025-02-17,-5.890499999999999,-0.4351707,0.4839378629528862,-0.2740059058884026
2024-12-24,-1.0079999999999998,-6.2673454,-6.492634134412691,-5.709600456652058
2024-12-25,-1.1175000000000004,-7.0680885,-7.034694852775816,-6.189535345422057
2024-12-26,-0.9164999999999999,-7.2934413,-7.722057257389551,-6.548119252339549
2024-12-27,-1.0199999999999996,-5.4617333,-4.882208115909296,-4.899056643305875
2024-12-30,0.24749999999999978,-1.1695496,-1.2039412473612694,-1.5210786019465907
2024-12-31,-0.10650000000000012,-3.971372,-3.9907015898699165,-3.9287190369290457
2025-01-01,1.2045000000000001,-3.656286,-3.643849715958522,-3.821504960247255
2025-01-02,0.22800000000000045,-5.706231,-5.6809202010569715,-5.267648060888094
2025-01-03,-1.173,-3.2577806,-2.6456302039745534,-3.3314561958085487
2025-01-06,-3.7515,0.62527645,-0.26221334353044823,-0.8986629116665781
2025-01-07,-2.0610000000000004,-5.9895754,-5.6581129980787725,-5.359136638559543
2025-01-08,-3.5235,-5.01643,-5.568131963985124,-4.915899631772177
2025-01-09,-4.4025,2.5325809,-0.04846777763821604,-0.19975494251646236
2025-01-10,-4.539,-2.3929493,-2.033482229381783,-2.445268614258191
2025-01-13,-4.5375,1.8987437,-0.08852617102787702,0.12304213918193882
2025-01-14,-4.662,-0.3698974,-1.1089645079636712,-0.8008883391054853
2025-01-15,-4.332,0.13612553,-1.3595334575941496,-0.7592033135946502
2025-01-16,-4.5165,0.16041666,-0.14648600018383431,-0.506004094684869
2025-01-17,-4.5375,-3.8711736,-3.5078145475310576,-3.132432569650276
2025-01-20,-4.4595,2.0172806,1.3939110157890748,0.45545002019003106
2025-01-21,-4.395,0.96503574,-1.7651319067542315,-0.5368855873390321
2025-01-22,-4.6049999999999995,2.4186065,5.523138314904837,2.9863409374122547
2025-01-23,-4.869,1.1277007,0.9594459790343577,0.25619343131989963
2025-01-24,-4.835999999999999,0.43511903,0.7813566493683957,-0.04607466433681279
2025-01-27,-5.022,2.970852,2.9398947162147966,1.8775125345904733
2025-01-28,-5.481,3.2292182,2.1283068187855836,1.828462402453016
2025-01-29,-5.440499999999999,-0.30880973,-0.011100431387079376,-0.38198233003750715
2025-01-30,-5.838,-0.31033275,-0.011100431387079376,-0.4434893089977413
2025-01-31,-5.936999999999999,0.30934542,1.0987709441972082,0.060039348063732595
2025-02-03,-5.632499999999999,-2.614793,2.0049613436574663,-0.545200286926639
2025-02-04,-4.968000000000001,-0.81452966,0.16074023318165878,-0.4389394999770748
2025-02-05,-4.0095,0.08985107,0.8226742684621522,0.19120658834536938
2025-02-06,-4.6395,-1.1345911,-0.17317638628482504,-0.779396286539102
2025-02-07,-4.5584999999999996,2.3101592,1.3953441765879586,0.9402711600169672
2025-02-10,-4.524,3.5998108,3.857066613031352,2.653745940845399
2025-02-11,-5.667,-1.7104596,-1.3434296904341776,-1.1541035200551586
2025-02-12,-5.4075,1.3002256,1.0800152287993492,0.9772881217628113
2025-02-13,-5.9235,-1.5489839,-1.5646041428723014,-1.2124754684246777
2025-02-14,-5.976,-1.0375559,-1.2628890669041504,-0.8530714289441554
2025-02-17,-5.852999999999999,-0.6068556,-0.740644279564869,-0.5419820271611253
2024-12-24,0.5264999999999996,-5.23358,-5.055312293993319,-4.516767675553081
2024-12-25,0.49050000000000044,-4.220953,-3.964178096052097,-3.843287123866271
2024-12-26,0.6510000000000005,-3.4405465,-3.154872609860581,-3.3728024225038276
2024-12-27,0.09600000000000009,-4.3561482,-4.301870514843845,-4.088535565684616
2024-12-30,-1.7145,-2.5975676,-3.2342095294219275,-3.037902725450793
2024-12-31,-1.473,-5.0208793,-5.138428178759092,-4.896516368125447
2025-01-01,-0.9914999999999998,-4.881653,-4.388786881091066,-4.652806873744071
2025-01-02,-0.9974999999999997,-5.5494223,-5.817676408052197,-5.298861915864036
2025-01-03,-2.0219999999999994,-4.1023993,-3.698402393252633,-4.165646056295279
2025-01-06,-3.4365,-2.2145736,-1.8550723403644256,-2.4751405980704284
2025-01-07,-3.822,-6.635795,-6.339997742825967,-5.920240760781417
2025-01-08,-3.2640000000000002,-5.9326906,-6.783509171793408,-5.797779368505079
2025-01-09,-4.1775,3.230806,-0.9148366824927265,-0.3190027722219159
2025-01-10,-5.277,-2.1442409,-2.0134462977033922,-2.3107251217677556
2025-01-13,-5.2455,-0.8375146,-0.7270905586392116,-0.9449408739134983
2025-01-14,-5.538,-2.086689,-2.2792585160838676,-2.1134752840197457
2025-01-15,-5.2725,-1.5490721,-1.6357945467351191,-1.6525087480260698
2025-01-16,-5.417999999999999,-1.2691504,-1.4108850312452816,-1.5375599866542637
2025-01-17,-5.3895,-4.7659163,-4.85940566944843,-3.9034178974107228
2025-01-20,-3.6194999999999995,1.2530946,1.1607290100723036,0.22885191685425024
2025-01-21,-4.9545,-0.27137828,-3.101084397410335,-1.57668966396879
2025-01-22,-4.788,1.1347042,4.7603203989792044,2.468620105857562
2025-01-23,-3.2325,3.1709056,2.137483092732316,1.7022107031702172
2025-01-24,-4.284,0.31538686,-0.9153168272182327,-0.5517543155934551
2025-01-27,-2.8154999999999997,1.4632541,1.438284018139236,0.9622919314601448
2025-01-28,-4.9365,1.5243131,1.5069418147480744,0.9047363915021589
2025-01-29,-5.409,0.4101286,0.18663704401708084,-0.18898148740297507
2025-01-30,-5.5005,-1.7326411,-1.5563085595633677,-1.46565190361998
2025-01-31,-5.319,-0.3663971,-0.5093102841485706,-0.7112160545219196
2025-02-03,-4.948499999999999,-2.3591907,0.654706168503374,-0.8732434413283876
2025-02-04,-5.316,-3.076613,-3.252298359561639,-2.6233085011615285
2025-02-05,-4.5705,-0.55730575,-0.6111595594357343,-0.61370516097774
2025-02-06,-3.5535,1.357185,0.8439080330883757,0.565767160309504
2025-02-07,-3.0075,3.9455845,3.477352347033048,2.3202503676425805
2025-02-10,-3.8055,6.4923697,6.370160063919247,4.800509568934846
2025-02-11,-3.9135,1.4950659,1.5594577125016338,1.229066883613749
2025-02-12,-4.503,0.40206397,0.31311048462871965,0.11192785956150678
2025-02-13,-5.2725,-0.9623349,-1.3928801353791598,-0.8791190904882416
2025-02-14,-5.4375,0.17211418,-0.08775330210907742,0.027655835098827505
2025-02-17,-5.754,-1.60628,-1.5750454441854875,-1.2037414020089343
2024-12-24,-0.1650000000000002,-4.9829106,-5.214390429561638,-4.702076800799475
2024-12-25,-0.2775000000000002,-5.222444,-5.091025003956633,-4.76851526864704
2024-12-26,0.4710000000000001,-3.7449732,-3.4207220070877002,-3.4943902900976265
2024-12-27,0.44549999999999984,-2.437065,-2.4006650311952895,-2.7437280584930535
2024-12-30,-1.0619999999999996,-0.85957193,0.023569658886726495,-1.0864902793420272
2024-12-31,-1.323,-4.2232723,-4.296732988843536,-4.108459286420502
2025-01-01,-0.9389999999999996,-4.4544544,-4.165169499823095,-4.250559733151095
2025-01-02,0.8445000000000004,-3.781758,-4.083173685135705,-3.7585175677479317
2025-01-03,0.5039999999999999,-1.3704029,-1.125356174132535,-1.9559508541850423
2025-01-06,-1.5614999999999994,1.5013298,0.994655099127196,0.12793963484478843
2025-01-07,-1.0514999999999997,-3.1681159,-3.4346018287988676,-3.447793517932832
2025-01-08,-2.0849999999999995,-5.190418,-6.327284806357834,-5.246628994987869
2025-01-09,-2.5800000000000005,1.5575113,0.09246567360500063,-0.3414664717349488
2025-01-10,-3.453,-0.9501987,-1.1852826661954072,-1.4501277677277875
2025-01-13,-3.4109999999999996,0.7281733,0.45642287529453807,0.1503376697743053
2025-01-14,-4.014,-1.7147819,-2.175105912083271,-1.9724064494957116
2025-01-15,-3.8805,-2.4015105,-2.266295688746211,-2.2758683262129167
2025-01-16,-3.5805000000000002,-0.2749986,-0.15278019113666352,-0.7419342700341639
2025-01-17,-2.9835,-2.3790882,-2.14589420230705,-2.0476681627806896
2025-01-20,-2.4795000000000003,1.1315354,0.4409970272500776,-0.14064585396390117
2025-01-21,-2.7359999999999998,0.74054337,-1.4849326708977237,-0.6433177387376735
2025-01-22,-2.9549999999999996,3.2461603,5.867685496412115,3.296854248033968
2025-01-23,-2.148,-0.31649008,-0.0136059043129265,-0.5410973199434643
2025-01-24,-3.5174999999999996,0.40259153,0.07296161253336096,-0.2671861386973696
2025-01-27,-2.5574999999999997,0.9847605,0.5828600196092336,0.42302003701100976
2025-01-28,-4.0125,-0.18626018,-0.40242481965088145,-0.6640955752743074
2025-01-29,-2.8305000000000002,0.21120004,-0.23312200073275488,-0.4027914545514877
2025-01-30,-3.207,-0.8157635,-1.088038581205291,-1.2049357209072604
2025-01-31,-2.9865,-0.7217398,-1.2564777236870652,-1.3393079544031898
2025-02-03,-3.852,-0.296637,2.1124707856677327,0.40242814258036597
2025-02-04,-3.1035,-3.2451696,-3.524779200241129,-2.872683590092385
2025-02-05,-1.3875,-0.6036597,-0.7409426724238457,-0.9558665446030645
2025-02-06,-1.2494999999999996,-0.5633291,0.15864953698824077,-0.599649680897488
2025-02-07,-1.5165,2.5351155,0.6840556206483408,0.6321021158218896
2025-02-10,-2.937,4.582301,4.14493915579122,2.9426623182828107
2025-02-11,-3.8565,0.88474613,0.8598376216170395,0.2011795456319057
2025-02-12,-3.5715,-1.9061395,-0.21159377706929147,-1.2071257879075885
2025-02-13,-3.8895,-1.9851116,-2.087032877189823,-1.8766693585987237
2025-02-14,-4.2795,1.3800689,1.4080895367111055,0.7370860149250337
2025-02-17,-4.0815,0.48382598,0.35628015228235826,-0.00520996940221391
2024-12-24,-4.236,-5.171992,-6.236895912012936,-5.139030316732019
2024-12-25,-4.755,-5.4563885,-6.033305461796544,-5.166253476116461
2024-12-26,-3.867,-4.8050675,-5.743602322331915,-4.730750126965184
2024-12-27,-4.692,-5.850726,-6.257353732448362,-5.343836739985845
2024-12-30,-3.2609999999999997,-1.4742994,-1.1168418646036333,-1.4675573134182036
2024-12-31,-4.2645,-5.4379168,-5.642431683523912,-4.991321840899267
2025-01-01,-3.504,-3.9176521,-4.352062680543345,-4.029925816614166
2025-01-02,-4.017,-6.0328107,-6.269381717794918,-5.385371382841154
2025-01-03,-3.4589999999999996,-3.4067569,-3.7762347857492817,-3.6539736548080763
2025-01-06,-5.934,1.7528343,-1.5837599833684954,-0.6736114696665021
2025-01-07,-5.0715,-6.8358774,-7.694059429858231,-6.199032892077453
2025-01-08,-6.1575,-6.3333063,-8.26512332804746,-6.22218593500056
2025-01-09,-6.3525,3.9002664,-1.0161606329901738,0.28158044804895
2025-01-10,-5.3715,0.012055809,0.0700573336725379,-0.5098483830518781
2025-01-13,-5.1735,1.6803657,1.52821486196453,0.9527176514282452
2025-01-14,-5.472,-1.7228845,-1.4030349838059333,-1.5229090198555986
2025-01-15,-4.7805,0.39593172,0.475593453264866,-0.08121159552588014
2025-01-16,-4.1594999999999995,1.3641024,4.694793796532384,1.6966479903765677
2025-01-17,-4.0605,-2.4897542,-2.577177344343109,-2.1419923693190155
2025-01-20,-3.36,2.9399726,1.1293256258434727,1.010905454237409
2025-01-21,-3.4829999999999997,3.5384166,2.2160109567999493,1.7379936264161677
2025-01-22,-3.4484999999999997,1.4740702,5.177400140386805,2.5517053363684274
2025-01-23,-3.2085,1.281533,1.2619374651535036,0.48325158228072695
2025-01-24,-3.0885,0.99780166,1.3674449100811925,0.491879057378467
2025-01-27,-3.3494999999999995,-0.019941585,-0.09612933479556073,-0.2569702897700143
2025-01-28,-4.041,0.8670566,1.0700332541464934,0.5274454461348134
2025-01-29,-4.512,0.20815252,0.25401456009976114,-0.21050127995839657
2025-01-30,-4.653,-2.5044906,-2.697714888594255,-2.3562349032949323
2025-01-31,-4.677,0.14324193,-0.19164705796815892,-0.5465422294256186
2025-02-03,-4.488,-1.7243077,1.2100187074505542,-0.4878956761254597
2025-02-04,-4.5104999999999995,-2.8644783,-2.349728855479616,-2.1998916187383255
2025-02-05,-4.071,-0.81557304,-0.7903337589138216,-0.9890452397311564
2025-02-06,-4.2615,-1.5514042,-1.3452282264774171,-1.5598053806639824
2025-02-07,-4.039499999999999,2.6447272,1.050362551194912,0.7559817460157229
2025-02-10,-3.7545,5.5236115,5.051237673950733,3.764052179171225
2025-02-11,-4.0845,0.36031336,0.13212146449020976,-0.034509577402371566
2025-02-12,-4.7715,-0.23443441,-0.09126103390891702,-0.4797220184676354
2025-02-13,-4.884,-0.23443441,-0.09126103390891702,-0.5050329667928366
2025-02-14,-4.887,-0.22293626,0.09604516063424155,-0.3671021829951414
2025-02-17,-5.2364999999999995,-1.8906561,-1.6256515407718108,-1.6132297081284281
2024-12-24,-0.34949999999999976,-5.8294435,-5.59679426353686,-5.066510013447757
2024-12-25,-0.498,-4.2333193,-4.363846743301528,-4.060883283677722
2024-12-26,-0.4605,-5.249524,-4.983965285123807,-4.696855950793786
2024-12-27,-0.5340000000000004,-4.8357835,-4.698736235023697,-4.443260039578522
2024-12-30,-0.3224999999999998,-0.4327662,0.1883299144701786,-0.7151653794217412
2024-12-31,-0.37649999999999967,-3.8221157,-3.8231976199973783,-3.6990622569480145
2025-01-01,-0.49200000000000016,-4.894757,-4.740336503266811,-4.582256278545437
2025-01-02,-0.4155000000000005,-5.2159,-5.53437620778849,-4.994093115781721
2025-01-03,-0.6510000000000005,-2.3589811,-2.5026764564377904,-2.909541963441726
2025-01-06,-0.7574999999999995,1.7219653,1.3163246989642945,0.43813174327867416
2025-01-07,-1.473,-6.215779,-6.4916216972207765,-5.600630254144116
2025-01-08,-2.2065,-5.198309,-6.155288917875642,-5.0999082220971435
2025-01-09,-3.2234999999999996,1.1139106,-1.2491102108239516,-0.6231688144345844
2025-01-10,-4.361999999999999,-0.93178016,-1.0481222935356096,-1.3670103372846887
2025-01-13,-4.8885000000000005,-2.097547,-2.1174417215654677,-2.035540785632442
2025-01-14,-4.992,-2.7483206,-2.75848970866119,-2.5754798126536316
2025-01-15,-4.226999999999999,-2.6710753,-2.768073938070981,-2.5582957938515336
2025-01-16,-4.248,-2.3458884,-2.609540256534762,-2.371452112969949
2025-01-17,-4.089,-3.5155714,-3.701378887484365,-3.032602344549904
2025-01-20,-4.038,0.73155385,1.1274618689793634,-0.1278931011492377
2025-01-21,-4.038,-0.07951856,-3.1007323594405185,-1.5388732610643436
2025-01-22,-4.174499999999999,0.8416226,3.193094213841066,1.1572353793937582
2025-01-23,-3.813,0.47096643,0.058910331221454185,-0.23836031945334504
2025-01-24,-4.1175,0.08894572,-0.041145307565567016,-0.5034986122191181
2025-01-27,-4.653,-0.78260374,-1.048391168483864,-1.1055270135341173
2025-01-28,-5.148,0.5098353,0.8121131568598565,0.1721573267969499
2025-01-29,-3.7904999999999998,0.6462769,0.19765957442403348,-0.02753481035468236
2025-01-30,-4.494,0.07274783,-0.1961977837490184,-0.46634250021729223
2025-01-31,-4.248,0.6676002,0.09002900546389597,-0.12699878004495513
2025-02-03,-4.431,2.649043,4.524534890844207,2.8005893965299853
2025-02-04,-5.4135,-3.836775,-3.5700995405839664,-2.9468436397404356
2025-02-05,-4.910999999999999,-2.3612907,-2.5759120982013766,-2.179060766931063
2025-02-06,-3.2624999999999997,-1.1652771,-0.972613863413249,-1.1719156104966764
2025-02-07,-3.885,1.8289722,-0.22915331615964457,0.08976581269911205
2025-02-10,-3.897,5.113965,4.413590627165962,3.4306544096753333
2025-02-11,-4.6979999999999995,1.6794759,1.069246137947319,0.7369759276722528
2025-02-12,-3.897,1.28308,1.3031902438909582,0.9947776670954092
2025-02-13,-4.4384999999999994,1.0782591,1.2638006903129921,0.7655173642022705
2025-02-14,-5.046,1.1495422,1.1542052222934982,0.691828228884174
2025-02-17,-5.3309999999999995,-0.22869493,-0.005788094880412305,-0.4367147028917534
2024-12-24,-1.1744999999999997,-4.861513,-4.880264478679583,-4.448194600545133
2024-12-25,-1.467,-6.0999794,-6.355097720834144,-5.398262277914948
2024-12-26,-1.5239999999999994,-5.722873,-6.168721031134203,-5.287496481815092
2024-12-27,-1.5929999999999995,-5.623355,-5.698545188696042,-5.13332594346243
2024-12-30,-1.7864999999999995,-0.6469698,-0.44684801164081805,-1.0874797289538403
2024-12-31,-0.7784999999999996,-4.1355624,-4.048157534050249,-3.751450472229787
2025-01-01,-0.15,-4.22451,-3.915804372588531,-3.8160457087174553
2025-01-02,0.2505000000000002,-6.106996,-6.180056455734804,-5.4119229378891935
2025-01-03,-0.3164999999999999,-2.549007,-2.3919170377821164,-2.743957779368837
2025-01-06,-1.6395,1.1437857,1.3075974607359928,0.23895338669055383
2025-01-07,-1.4429999999999996,-6.090225,-6.360063347813183,-5.399931447464325
2025-01-08,-1.8630000000000002,-6.0266466,-6.498952865836101,-5.4854537677839375
2025-01-09,-2.7285,0.8058079,-0.839096990915543,-0.745266041411163
2025-01-10,-3.894,-0.8916821,-1.2646097201716706,-1.3939029955412539
2025-01-13,-5.001,-1.5488371,-2.0763184708645746,-1.7944273637638841
2025-01-14,-4.7985,-1.3615817,-1.1005715676790016,-1.4443662494282667
2025-01-15,-4.551,-1.9863855,-2.0843080366229256,-2.0146254183129635
2025-01-16,-3.828,-0.840787,-0.6258433438538313,-0.9984290549234835
2025-01-17,-3.792,-3.482554,-3.0706246370124526,-2.694009440126478
2025-01-20,-3.3045,1.3823979,1.1106016659450613,0.32549563044666596
2025-01-21,-3.6359999999999997,0.20332362,-2.461760348036333,-1.1881785011536832
2025-01-22,-4.074,0.91228867,2.7009671448308343,1.1196466807340166
2025-01-23,-4.0605,0.058607176,-0.048331782400880624,-0.46318469924364064
2025-01-24,-4.457999999999999,-2.672871,-2.84531240421974,-2.38574517882474
2025-01-27,-4.971,-1.3122109,-1.989220399129224,-1.4583603428423006
2025-01-28,-5.241,-1.5099505,-1.535561404334024,-1.4025446657069724
2025-01-29,-5.4285,-1.5494446,-1.4232940620265992,-1.4815928448868867
2025-01-30,-5.6685,-2.0834794,-2.251669566109173,-1.9788728012826131
2025-01-31,-5.586,-0.109074906,-0.40508264071467087,-0.6966378007181059
2025-02-03,-5.79,-2.0040185,0.9630915416529559,-0.7516681520719548
2025-02-04,-5.630999999999999,-3.4229996,-3.061168764869129,-2.7725568783238663
2025-02-05,-4.948499999999999,-1.1831899,-1.2673645958081758,-1.3283557160186865
2025-02-06,-4.6785,-1.1182982,-1.0510081256948611,-1.2246871428414041
2025-02-07,-4.867500000000001,5.276364,2.868490360821014,2.2009051387532756
2025-02-10,-4.3095,6.6208057,6.4095322902600795,4.846607664329515
2025-02-11,-5.211,1.703683,2.7938080906244678,1.4447861956246784
2025-02-12,-5.0355,2.3377697,2.7938080906244678,1.751057282080577
2025-02-13,-5.7795,-0.20684619,-0.037233036655457394,-0.4143519554766252
2025-02-14,-5.7749999999999995,-1.1348499,0.011383608837993449,-0.5274651911260082
2025-02-17,-5.8395,-0.66480017,0.011383608837993449,-0.47953370642995125
2024-12-24,-1.0574999999999994,-4.521949,-5.264917821926363,-4.481024479719266
2024-12-25,-1.2764999999999997,-4.8699503,-5.057798858837861,-4.547189323534705
2024-12-26,-1.044,-4.113174,-4.612858642311707,-4.151483772892526
2024-12-27,-1.0965000000000003,-4.0375185,-4.111439669358049,-3.909828090992448
2024-12-30,-0.2864999999999995,0.3082529,0.24106418732176246,-0.32343806909196293
2024-12-31,-0.7364999999999995,-3.141576,-3.0157688382051364,-3.1315466008488833
2025-01-01,-0.5445000000000003,-4.454619,-4.179833036759665,-4.125993994133966
2025-01-02,-0.10349999999999966,-4.38609,-4.74255834179086,-4.260180978759934
2025-01-03,0.2925000000000004,-1.6771572,-1.7642639030010157,-2.115784539151001
2025-01-06,-3.141,3.5745692,1.1194010879605014,0.9054570115268801
2025-01-07,-1.8795000000000002,-5.7225046,-5.790439738645985,-5.0737632801562365
2025-01-08,-2.5244999999999997,-4.681536,-5.779514610609382,-4.633425740758434
2025-01-09,-2.9775,1.6160244,0.5734312560977335,0.001433339013552526
2025-01-10,-4.2315,-1.0191921,-1.2253634877389181,-1.3682848525359286
2025-01-13,-4.695,-2.1270714,-2.2137331226619192,-2.0888356176587286
2025-01-14,-4.611,-2.490789,-2.4907702189612406,-2.3122538762616496
2025-01-15,-4.928999999999999,-2.6104603,-2.5199664579273557,-2.3008749783608136
2025-01-16,-2.8065,0.7099631,1.2277994655003457,0.3416207432359275
2025-01-17,-2.463,-0.7977648,0.5198909845937602,-0.4928254697352593
2025-01-20,-1.7655000000000005,1.6704514,2.2145204880983576,0.8487679239252093
2025-01-21,-3.816,0.22954912,-1.6168451707705922,-0.9655289312130151
2025-01-22,-3.9255,2.5544152,5.449460643932866,2.5888999083742137
2025-01-23,-4.3635,-0.8896311,-1.0712694491898616,-1.2766552350925147
2025-01-24,-4.6049999999999995,-2.1333737,-1.2288823794840122,-1.8177475845377766
2025-01-27,-4.653,-1.3134164,-1.2753319137956214,-1.3537158648254035
2025-01-28,-4.788,0.76902694,1.0418514148748304,0.2465872570132026
2025-01-29,-4.4745,0.040818334,-1.0401541989281593,-0.8886637832746014
2025-01-30,-4.797,-2.121205,-2.3634535313660368,-2.1688143603037138
2025-01-31,-3.9539999999999997,0.6660021,0.3633517865050233,-0.14547573703802863
2025-02-03,-4.191,1.4626707,4.8856079434392985,2.298514107859134
2025-02-04,-4.119,-2.661997,-2.3240211197671865,-2.2158315923098257
2025-02-05,-4.1085,-1.4152604,-1.786272831298049,-1.7048980044971453
2025-02-06,-3.5654999999999997,-0.5829763,-0.0885400894723116,-0.6704247759003399
2025-02-07,-3.8204999999999996,2.1910646,0.48120316515439737,0.40840675167388896
2025-02-10,-2.1329999999999996,7.296618,8.400725449042566,5.735060734281986
2025-02-11,-4.7535,0.31700975,0.5090208102254151,-0.11262174864449004
2025-02-12,-4.832999999999999,1.4749755,1.8143078974563214,1.0272180676944405
2025-02-13,-5.5874999999999995,-1.0170771,-1.4470698694494244,-1.2284913874610166
2025-02-14,-5.751,-1.2148167,-0.9934108746542242,-1.0287863978039575
2025-02-17,-5.8215,-0.18776883,-0.22661854054976643,-0.45996078870511053
2024-12-24,-2.991,-5.815538,-5.933798678758278,-5.172681349024559
2024-12-25,-3.1859999999999995,-5.932312,-6.003274025115512,-5.2477308330971475
2024-12-26,-3.7724999999999995,-6.0702868,-6.401860559539925,-5.472451048006484
2024-12-27,-3.3525,-5.3512263,-5.477031686138486,-4.935067501144051
2024-12-30,-3.876,-2.0368917,-1.9572603291997805,-2.20727435331293
2024-12-31,-3.816,-4.1645317,-4.647487884018933,-4.2164255992820445
2025-01-01,-3.414,-3.4953082,-3.1452501903219154,-3.4389381472511973
2025-01-02,-3.0704999999999996,-4.1782956,-4.311704484572751,-4.066020460628193
2025-01-03,-3.7455,-1.9820977,-1.7460502027184233,-2.399838693901215
2025-01-06,-4.7115,3.7029476,0.9996735696036031,0.8817926559152984
2025-01-07,-4.872000000000001,-5.671517,-5.693821333350318,-5.0861252631237965
2025-01-08,-5.124,-4.6234293,-5.71538619059206,-4.696346052691119
2025-01-09,-4.9305,5.051911,0.4761144627473387,1.260289819406167
2025-01-10,-5.217,-0.9444259,-1.2982026439515255,-1.3549603917805633
2025-01-13,-5.3340000000000005,1.3180608,1.8397366291526542,0.6842573698375045
2025-01-14,-5.409,-1.6502444,-1.5626658484576559,-1.6354429825424646
2025-01-15,-5.268,-1.236629,-1.8340153521838651,-1.622874206373005
2025-01-16,-4.4115,0.90793675,1.5010935717167648,0.5499654557282919
2025-01-17,-4.374,-2.185368,-2.5839458744487924,-1.9141141815299527
2025-01-20,-4.2075,1.1069655,0.27852786997467893,0.020217388635321742
2025-01-21,-3.642,1.0965492,-1.1593314750649855,-0.2162984554621178
2025-01-22,-4.4895,-0.05777602,2.870785491602795,0.9321411355233377
2025-01-23,-4.326,0.3193837,0.3506990025885294,-0.1130970473541282
2025-01-24,-4.621499999999999,0.18566842,0.21948941363963598,-0.22198145417058843
2025-01-27,-5.0085,0.057635546,0.32726022142201155,-0.10676443345867029
2025-01-28,-5.020499999999999,1.2314228,1.6068558939325108,0.9379595045877762
2025-01-29,-4.8315,1.076064,0.9073032662950649,0.5681090998759185
2025-01-30,-4.623,1.4978241,1.5393475434765438,1.0096608018060926
2025-01-31,-5.013,0.63718736,0.3799672456194014,0.03505292790294062
2025-02-03,-4.8795,-0.0090329815,2.884155718006725,1.0460005856461905
2025-02-04,-4.839,-2.4963732,-2.32128340138728,-1.902183374692703
2025-02-05,-4.433999999999999,-1.4933304,-1.6455543516710789,-1.4001883727356632
2025-02-06,-4.005,-0.25087544,-0.4461650608484494,-0.5873120505274464
2025-02-07,-3.6734999999999998,3.0804489,1.4380899355609418,1.2066396059256124
2025-02-10,-2.8695,6.0537286,7.1390767338403425,4.918843349463223
2025-02-11,-4.0335,1.3968393,1.489394384117869,1.0616690683867092
2025-02-12,-3.9285,1.3186821,1.21633618165573,0.8759391398901942
2025-02-13,-4.041,0.22677563,0.2789360511391536,0.011189467116496488
2025-02-14,-4.481999999999999,1.331777,1.445098640081209,0.9787657274824257
2025-02-17,-4.4384999999999994,1.7093664,1.445098640081209,1.062689469080368
2024-12-24,-2.283,-6.1891856,-5.651320562761778,-5.416248459918826
2024-12-25,-2.6699999999999995,-5.1071334,-5.512654505929801,-4.985530135354395
2024-12-26,-2.661,-5.3312764,-5.8770396863637755,-5.128999807522354
2024-12-27,-3.4815,-5.402467,-6.117052853890408,-5.2172888671995405
2024-12-30,-3.6089999999999995,-2.327511,-2.733750681546915,-2.6443542880984268
2024-12-31,-3.846,-4.6370544,-5.769588569619163,-4.84224635926839
2025-01-01,-2.9025000000000003,-4.355954,-4.869278260591966,-4.534593051194027
2025-01-02,-1.8974999999999997,-4.329741,-5.352992502788602,-4.693887711892867
2025-01-03,-2.2935,-3.3975182,-4.011849703861097,-3.803128316188121
2025-01-06,-3.5414999999999996,1.4750323,-0.7782524520720413,-0.6093788465914429
2025-01-07,-2.3175000000000003,-2.982789,-4.076320439714852,-3.5933353129278136
2025-01-08,-3.5744999999999996,-4.592434,-6.614298467429788,-5.070495403073145
2025-01-09,-3.423,2.8913155,-1.7261803214599583,-0.41179969794498283
2025-01-10,-4.503,-1.4801862,-1.4611804532625519,-1.7581647021939146
2025-01-13,-4.422,-0.78872865,-0.8275788800393034,-0.7608293073804722
2025-01-14,-4.6964999999999995,-0.6934808,-0.31660682481570135,-0.8623234508442668
2025-01-15,-4.641,-1.3778051,-1.5550407409751281,-1.4663777629816117
2025-01-16,-4.551,-0.14279583,-0.3443388491428053,-0.6369660437532353
2025-01-17,-4.125,-2.3418503,-2.7389678543943425,-2.140843360921695
2025-01-20,-3.5805000000000002,2.713543,0.8466795674768719,0.673590889931279
2025-01-21,-4.278,-0.07534748,-3.088204517854961,-1.5553947453797816
2025-01-22,-4.3845,1.3865277,5.149987721263482,2.472845116106762
2025-01-23,-4.281,0.42283154,0.21825411871145142,-0.3362607505768605
2025-01-24,-4.6905,-0.45030466,-0.35435375985652606,-0.8092889663576581
2025-01-27,-5.5275,-1.0053029,-0.6764516898877473,-0.9594836306761773
2025-01-28,-5.409,0.09380846,0.7234243389880602,0.17480664891120054
2025-01-29,-5.140499999999999,1.3131541,1.9476448990515485,0.8690145034570664
2025-01-30,-5.4795,-1.4914476,-1.3029038313604755,-1.4949912286621725
2025-01-31,-4.935,0.109691486,1.1019498632345757,-0.09452821569562204
2025-02-03,-4.5015,0.8253882,5.179493150634,2.064904226463975
2025-02-04,-4.481999999999999,-1.9403263,-1.045974480201859,-1.3521603769394963
2025-02-05,-3.7319999999999998,-0.2851052,0.14097664210540128,-0.34470709517260095
2025-02-06,-4.425,-0.9029928,0.17404223992939877,-0.7369494651702899
2025-02-07,-4.6575,3.7193484,0.9862768159822178,1.1609069289106522
2025-02-10,-4.749,3.3448334,3.9359494118624245,2.4615608951000785
2025-02-11,-5.301,-0.031934485,1.3395138173555845,0.12964572651623882
2025-02-12,-4.968000000000001,-1.127083,-0.2372537779830826,-0.7819257025939804
2025-02-13,-4.823999999999999,0.3773975,1.2621297400086318,0.3289047754424158
2025-02-14,-4.8525,1.4970123,2.617602642456729,1.3123402249860836
2025-02-17,-5.3805,1.5606633,2.649474626989506,1.3217852039201434
2024-12-24,0.5550000000000004,-4.8929214,-4.923792758957612,-4.349987971295938
2024-12-25,0.498,-5.5998464,-5.232367538338752,-4.7760062640005545
2024-12-26,0.28200000000000036,-3.803087,-3.7942615757463773,-3.5869308407949845
2024-12-27,0.25349999999999967,-5.088567,-5.004458218578554,-4.487692782988955
2024-12-30,0.16199999999999973,-0.32714355,-0.49864475428830307,-0.8556000957954165
2024-12-31,-0.5159999999999997,-4.598538,-4.501055656601807,-4.129044169260214
2025-01-01,0.03449999999999953,-4.6656213,-4.190559413155748,-4.1407031662901375
2025-01-02,0.07950000000000017,-5.847052,-5.6288455183884185,-5.1321815164598314
2025-01-03,0.5145,-2.3316302,-2.184261350118185,-2.5933492773155935
2025-01-06,-0.9630000000000002,1.1981082,0.7569192087443968,0.04975948329150165
2025-01-07,-0.18299999999999983,-2.7472215,-3.0207879445229446,-2.814738763303324
2025-01-08,-0.7739999999999995,-4.3391557,-5.261205405278064,-4.125089988698721
2025-01-09,-1.4954999999999998,1.9985301,0.6620403341656668,0.35084539352690175
2025-01-10,-1.9275000000000002,-0.45177507,-0.1420120687961575,-0.6306124009388646
2025-01-13,-4.161,-1.7210795,-1.5007876753442106,-1.595551588016498
2025-01-14,-4.326,-0.7358697,0.10990901609127147,-0.6804568137988998
2025-01-15,-4.2885,-1.7560531,-1.6559709914057543,-1.7253898248262638
2025-01-16,-3.552,-1.1268731,-0.7202262528555274,-1.2428058441748355
2025-01-17,-2.2574999999999994,-1.8605218,-1.431974108572458,-1.4002381009459068
2025-01-20,-2.4284999999999997,2.4736962,2.5285306160677323,1.1510209727424403
2025-01-21,-3.8114999999999997,1.6226352,-1.0465511045524332,-0.1837620284470156
2025-01-22,-4.242,2.004253,5.053073255132298,2.7836347549854303
2025-01-23,-5.011499999999999,0.13545816,-0.2085956182651009,-0.47144500068241624
2025-01-24,-5.6865,-2.1365817,-2.1283737435164665,-1.926265233909856
2025-01-27,-4.9784999999999995,2.356649,3.0243817750004127,1.8001417670536464
2025-01-28,-5.5409999999999995,-1.5801286,-1.4965577374838206,-1.3478238054441432
2025-01-29,-4.7295,0.48501927,0.5918978678588991,0.05151626650578223
2025-01-30,-4.648499999999999,1.396752,1.1062224965894247,0.7167726518459734
2025-01-31,-4.802999999999999,0.73970735,0.47665729688981745,0.047724393687735095
2025-02-03,-3.4934999999999996,0.69289273,4.343670024182211,1.9669122501865774
2025-02-04,-3.738,0.86805314,-1.7862865015802196,-0.612657110151675
2025-02-05,-3.666,-1.2147456,-1.107734598657219,-1.181748220245782
2025-02-06,-2.952,0.1739363,-0.7107127913353302,-0.5190543861018448
2025-02-07,-3.5325,2.2208648,0.4824026742030452,0.557786682497685
2025-02-10,-3.528,6.7081003,6.114030919588944,4.7136507675484305
2025-02-11,-4.647,1.1598514,1.3706506369842777,0.6663849586178691
2025-02-12,-4.2135,0.90639555,1.2510666876081937,0.5694572810744044
2025-02-13,-5.298,-0.32871652,-0.45526424056816817,-0.553115621464183
2025-02-14,-5.059500000000001,-1.2007028,-1.687416619201356,-1.219465679727927
2025-02-17,-5.319,-0.95582485,-1.7131621757287507,-1.119714930897601
2024-12-24,-1.4579999999999997,-6.2551565,-6.109307141991029,-5.419798543085613
2024-12-25,-1.3724999999999998,-6.4625373,-6.248876997451707,-5.589685057435885
2024-12-26,-1.8329999999999997,-5.936722,-5.886175582378528,-5.230762930872943
2024-12-27,0.8429999999999996,-1.8379961,-2.2020795110857962,-2.244027017670698
2024-12-30,-0.9690000000000001,-0.64746255,-0.6442834042216541,-1.1518136644173782
2024-12-31,-1.125,-3.896232,-3.9433921300820374,-3.77676201169165
2025-01-01,-1.3139999999999996,-4.982061,-4.812398292284063,-4.610134227726696
2025-01-02,-0.44999999999999996,-4.7856226,-5.112410414578967,-4.557634867728561
2025-01-03,1.0545000000000002,-1.4022856,-1.2674315852516953,-1.785515849591358
2025-01-06,-1.7324999999999995,0.5427153,1.580413617349087,-0.06963375296853225
2025-01-07,-1.6784999999999997,-5.7861304,-5.879030104059872,-5.074266772212321
2025-01-08,-1.7235000000000003,-6.0244265,-6.680531189407617,-5.510487423480034
2025-01-09,-2.5574999999999997,1.2398401,-0.3257364553834262,-0.36953991337540376
2025-01-10,-3.246,-1.3639836,-1.2787408096624338,-1.5089756057251345
2025-01-13,-4.807499999999999,-1.2440325,-1.057860294176282,-1.0027708902270625
2025-01-14,-4.7565,-2.412466,-2.3462503910110355,-2.1205715960987854
2025-01-15,-3.4875,1.1562554,0.7599560452375419,0.5703456289036026
2025-01-16,-4.563,-0.798076,-0.8742593754841435,-1.1109275841466466
2025-01-17,-4.7444999999999995,-4.9154463,-4.437065887463186,-3.789903342150846
2025-01-20,-4.248,0.93561757,1.1926179982674106,0.03378443150064048
2025-01-21,-4.74,-0.7490436,-3.5028846507281566,-1.9987379897701434
2025-01-22,-5.1885,-2.5276244,0.6106632558945171,-1.1108216507903648
2025-01-23,-4.377,-0.236091,-0.4897425968384611,-0.8419612016783196
2025-01-24,-5.059500000000001,-0.2788757,-0.533599889174771,-0.9097172452870066
2025-01-27,-5.515499999999999,-1.6039695,-1.373838744839818,-1.5524585771615882
2025-01-28,-5.552999999999999,-1.1073152,-0.8944341935172231,-1.2099943993075946
2025-01-29,-5.2695,0.5365653,0.5035507762204304,-0.17617644404935795
2025-01-30,-5.6595,-1.6804956,-1.4424245373838995,-1.6930947602659538
2025-01-31,-5.2364999999999995,0.5035248,0.4234996494777038,-0.26647605629540494
2025-02-03,-2.0685,6.4680386,9.330303189040395,5.7100076320298765
2025-02-04,-3.3015000000000003,1.1365515,2.1787638157494835,0.9118227522298966
2025-02-05,-3.918,-1.2081811,-1.8106153460088292,-1.6050629173089055
2025-02-06,-4.5675,-0.92868567,-0.29002636731034953,-1.05134460303138
2025-02-07,-5.1495,2.2216845,-1.4984701075888018,-0.3060068766399063
2025-02-10,-4.801500000000001,1.842502,1.2364066745213977,0.6641131796664818
2025-02-11,-4.9575,-0.097777314,0.0891902386236749,-0.311348901449786
2025-02-12,-4.4235,1.4815296,1.3342950241703109,0.8832100847649227
2025-02-13,-4.963500000000001,-1.5570232,-2.24725569181908,-1.7035176680931061
2025-02-14,-5.481,-2.8898292,-2.780364780386085,-2.310343452416003
2025-02-17,-5.673,-2.2471778,-1.7626993021777262,-1.8007805052009715
2024-12-24,-1.2599999999999998,-6.183791,-6.174725426953535,-5.450003198472401
2024-12-25,-1.404,-6.2437887,-6.3651073880570745,-5.541229199609472
2024-12-26,-1.4369999999999996,-6.834355,-6.868700489941375,-5.910507604763379
2024-12-27,-1.4579999999999997,-5.042008,-5.2686825293784425,-4.688141568526662
2024-12-30,-2.01,-1.8587822,-1.2729426181618773,-1.8369714044062602
2024-12-31,-1.9590000000000003,-4.8640757,-4.9957292988416615,-4.575135498116969
2025-01-01,-1.6755000000000002,-5.7764153,-5.4101145610159085,-5.106493876243629
2025-01-02,-1.1085,-6.2342257,-6.518370308847178,-5.671860221913992
2025-01-03,-1.1445000000000003,-4.115464,-3.6414668971887894,-3.885187528208471
2025-01-06,-2.4405000000000006,0.6433636,0.3767216574337513,-0.3318709025008161
2025-01-07,-2.256,-5.000163,-5.2953027834718,-4.722786428938688
2025-01-08,-2.3699999999999997,-5.4721437,-6.09882780793608,-5.178772324900037
2025-01-09,-2.802,1.863338,0.2301807612020789,0.017134253295508883
2025-01-10,-3.1619999999999995,-0.67419845,-0.4778554671939028,-0.9985998022403582
2025-01-13,-3.432,0.9548291,1.1704985687453549,0.44228533863665687
2025-01-14,-4.002,-0.636406,-0.24540783258895857,-0.9300083547590681
2025-01-15,-3.8594999999999997,-0.32123858,-0.30485587987839474,-0.8312926719766357
2025-01-16,-3.456,-0.008283975,0.5002100713261622,-0.409321662756713
2025-01-17,-3.2115,-2.3491879,-1.841019266562977,-1.9363629936292783
2025-01-20,-2.778,1.527942,1.3261840515628713,0.3895043527933577
2025-01-21,-3.213,0.45604527,-1.488937809264005,-0.7930658351519659
2025-01-22,-3.642,1.3743166,3.854134849249457,1.6820950406881277
2025-01-23,-3.651,0.21660428,0.16818166859494363,-0.4027137080521971
2025-01-24,-3.981,-0.41324922,-0.76272081775494,-0.8784647472946605
2025-01-27,-4.3229999999999995,-0.14121825,0.19334023462986594,-0.35007761168693363
2025-01-28,-4.497,0.0032442566,0.19334023462986594,-0.2709750496595782
2025-01-29,-4.464,0.13127717,0.21908579115726107,-0.35018633460236015
2025-01-30,-4.5329999999999995,-0.24570493,-0.16705779826238482,-0.6473030980796226
2025-01-31,-4.2075,0.89797103,0.7544477940428388,0.12292289164033912
2025-02-03,-4.2075,0.33609802,3.854134849249457,1.3360203832109452
2025-02-04,-4.0035,-2.0960708,-1.8077755496010168,-1.7909632209168667
2025-02-05,-3.7605,-1.4732629,-1.3921707470728641,-1.4868654793610983
2025-02-06,-3.6734999999999998,-1.3903869,-1.2065700759125866,-1.4306075132264486
2025-02-07,-3.6345,1.7471834,0.09290623438973449,0.09748116469570933
2025-02-10,-3.51,6.592346,6.524122206530149,4.580138603773203
2025-02-11,-4.281,0.0032442566,0.12049819578999067,-0.1802532930542643
2025-02-12,-4.2825,1.0951506,0.9225217056220845,0.5136325047053798
2025-02-13,-4.518,0.0032442566,0.09557670475059822,-0.3246783925044388
2025-02-14,-4.671,1.0951506,1.0779270911809864,0.5941426062095969
2025-02-17,-5.023499999999999,-0.34954038,-0.1429588222169163,-0.48313123991435125
2024-12-24,-2.154,-6.7226524,-6.4695188137789925,-5.610116125320603
2024-12-25,-2.61,-6.653613,-6.26940944750301,-5.628039918456095
2024-12-26,-1.8014999999999997,-4.6958194,-4.779842812616398,-4.329085849201881
2024-12-27,-2.1224999999999996,-4.373247,-4.480444430641071,-4.163675100872876
2024-12-30,-2.6804999999999994,-1.0308613,-0.6980787354091872,-1.371309071353727
2024-12-31,-2.6835,-4.9414854,-5.025039333156896,-4.643109672351077
2025-01-01,-2.5304999999999995,-4.2641163,-3.9077498403348585,-3.928174192847827
2025-01-02,-2.3925000000000005,-6.011031,-5.170729937975384,-4.966306629052315
2025-01-03,0.21300000000000024,-2.9214442,-2.853166595694631,-2.971047506954151
2025-01-06,-1.6769999999999998,0.6470251,0.6835809304255756,0.062177424765974154
2025-01-07,-1.2494999999999996,-3.45956,-3.301799830962504,-3.1827293730232102
2025-01-08,-1.3545,-3.699595,-4.021710447272923,-3.682759346933807
2025-01-09,-1.6934999999999998,2.076417,0.2152628310778685,0.13497443355323852
2025-01-10,-2.3579999999999997,-1.0027846,-1.1275844713644583,-1.2315446452681644
2025-01-13,-3.2265,0.49776536,0.6396609452121085,-0.04377277494307669
2025-01-14,-2.4614999999999996,1.3571156,1.6695641181520127,0.6703223720063473
2025-01-15,-2.046,0.8248265,2.01856806111911,0.6684226593345571
2025-01-16,-1.4534999999999996,0.95921445,1.8232298702944378,0.7405847302617572
2025-01-17,-2.055,-1.3344603,-0.505501333272897,-0.9973168124262625
2025-01-20,-2.1119999999999997,1.4008734,1.3237458602574543,0.489902313800268
2025-01-21,-2.6760000000000006,0.92627543,-0.9144198929431765,-0.2032910643369853
2025-01-22,-3.1109999999999998,1.9844726,6.689329100068683,3.1515182005310476
2025-01-23,-2.868,0.48358715,0.7794134205931627,0.08532081644365586
2025-01-24,-3.3075,1.1180469,1.7475531433789964,0.7311421094525762
2025-01-27,-3.414,0.48083955,0.24814983074427416,0.005147461546634091
2025-01-28,-4.3214999999999995,0.022443945,-0.30747097344877145,-0.40664083604749346
2025-01-29,-3.6374999999999997,0.92943704,1.4399284427737418,0.513509285266234
2025-01-30,-3.4934999999999996,1.5006584,1.304849729433813,0.5851360917615569
2025-01-31,-3.4244999999999997,2.4583433,2.310431400703596,1.366576592003
2025-02-03,-1.3514999999999997,4.07711,10.308084283618138,5.043782530461065
2025-02-04,-2.184,1.5836136,2.1042038973600525,0.9812839684742342
2025-02-05,-2.4719999999999995,-1.4186836,-1.1640397329301426,-1.2562125169543295
2025-02-06,-2.4239999999999995,-1.9082208,-0.610239026143389,-1.3895672770162164
2025-02-07,-2.0204999999999997,2.5460424,1.3821956444916499,0.9132924278550185
2025-02-10,-2.1165,6.318045,6.5945342816145835,4.557765445951592
2025-02-11,-2.778,0.14937435,0.4562685662136967,0.01819247594135437
2025-02-12,-3.0525,0.2288927,0.8593124666443808,0.08988251174265285
2025-02-13,-2.9579999999999997,1.0758525,1.0952624766289676,0.6145381524400728
2025-02-14,-4.773,-0.97706234,1.1487112917582627,-0.24878586139762754
2025-02-17,-4.464,1.3275772,1.047513648180414,0.724215416821459
2024-12-24,2.6324999999999994,-5.0739064,-4.745649107002093,-4.188369601221561
2024-12-25,2.531999999999999,-6.438728,-5.94370434995363,-5.1827994354804146
2024-12-26,2.019,-5.565719,-5.372520263260525,-4.708759843440153
2024-12-27,2.2545,-4.980038,-4.454430970778978,-4.126612381354223
2024-12-30,1.6875,-0.08361572,-0.7010369057905088,-0.7229349618949515
2024-12-31,1.9800000000000004,-4.925168,-4.317422931692464,-4.112179798435864
2025-01-01,3.2579999999999996,-2.1673536,-2.6528713134707367,-2.4578275001462146
2025-01-02,2.2095000000000007,-5.401808,-4.9152948420809075,-4.61481866136349
2025-01-03,2.2739999999999996,-1.2879502,-1.7112480382612874,-2.015328280839213
2025-01-06,0.5355,0.6810073,0.18650322939918096,-0.3700867297739927
2025-01-07,1.1550000000000005,-4.4336505,-3.4422169604238833,-3.813291058813967
2025-01-08,-0.37049999999999983,-4.964287,-5.04566709566161,-4.6457881111104
2025-01-09,-1.5195000000000003,3.8788455,1.775657538066287,1.0517376334499011
2025-01-10,-2.904,-1.2920616,-1.210108513017477,-1.6552353198694507
2025-01-13,-5.4735000000000005,-0.95932275,-0.9462954468242953,-1.1445630685648842
2025-01-14,-4.863,-0.9440426,-0.9303347436586858,-1.1050627193472953
2025-01-15,-4.6635,-0.9440426,-0.9303347436586858,-1.0708415098711457
2025-01-16,-5.1765,-1.538849,-1.2697661355409156,-1.6421870217011936
2025-01-17,-4.9935,-4.5380926,-3.984940680880248,-3.5747926103491707
2025-01-20,-4.164,3.2153504,0.8872106362130847,0.6889669991993436
2025-01-21,-5.4585,-0.38064212,-2.7339240350397036,-1.546348690637177
2025-01-22,-4.2015,3.970212,7.963631348541635,4.485098611715453
2025-01-23,-5.8305,2.1407208,2.2019401828429412,1.141540779198353
2025-01-24,-6.015,1.0717338,1.780809652081267,0.5606354245119581
2025-01-27,-5.94,0.3090343,-0.008690892902094662,-0.25056050930805834
2025-01-28,-5.257499999999999,2.4940138,3.0059974022699203,2.052024108973022
2025-01-29,-5.059500000000001,4.1740627,2.4335426151490895,2.3887583005785538
2025-01-30,-5.6610000000000005,1.6721684,2.9687428817357806,1.6543757574708298
2025-01-31,-6.109500000000001,0.07669489,0.3255323651073259,-0.15515320174489347
2025-02-03,-6.021,-1.8107661,2.024974463622215,-0.10162112632514353
2025-02-04,-6.153,-3.575157,-2.5659205548241184,-2.4885167298439166
2025-02-05,-6.0675,-2.0498013,-1.3034535515737193,-1.560990152020583
2025-02-06,-6.129,-2.7326138,-2.4540313710566206,-2.1883452253158087
2025-02-07,-6.188999999999999,1.0564296,-1.5612679042167263,-0.6055307487740109
2025-02-10,-5.627999999999999,-0.50068176,-0.21743839633080433,-0.5148399680199397
2025-02-11,-5.97,-1.6879619,-0.16683676725949603,-0.8298879039909031
2025-02-12,-5.7945,-1.5597411,-0.3560255663006273,-0.7608956917100933
2025-02-13,-5.865,-0.16135663,1.3881820637908735,0.24299436861628304
2025-02-14,-6.027,-0.5167335,-0.4575699756354637,-0.3533499144968026
2025-02-17,-5.3715,4.502791,3.8590972172692486,3.1845325060734955
2024-12-24,-2.2635000000000005,-6.955189,-6.57261363333252,-5.797448164444933
2024-12-25,-2.2755,-7.1501336,-6.964496142761755,-6.018150793554272
2024-12-26,-3.27,-5.8229036,-5.645233583926463,-4.99736921843973
2024-12-27,-3.504,-5.735076,-5.661395492661269,-5.09904933606011
2024-12-30,-3.726,-3.313014,-3.311890983237015,-3.1302895878368573
2024-12-31,-3.0915,-6.126881,-6.076135154220371,-5.300681372489887
2025-01-01,-1.9679999999999995,-5.457796,-5.0484609267429095,-4.83537826495042
2025-01-02,-1.7909999999999997,-6.554426,-6.153254864612502,-5.651475572702843
2025-01-03,-1.3815000000000002,-3.1760592,-3.1230734640401097,-3.264341047894175
2025-01-06,-3.8309999999999995,1.2012979,0.2556487513702578,-0.25254241146865913
2025-01-07,-2.311499999999999,-4.437883,-4.937390776186531,-4.209049446866165
2025-01-08,-4.270499999999999,-5.91674,-6.667644137767588,-5.402193445447974
2025-01-09,-3.843,-0.18993595,-2.3589288592687687,-1.519533258431998
2025-01-10,-3.6329999999999996,-0.68021435,-0.6651316229744332,-0.8731398577633951
2025-01-13,-5.1209999999999996,-0.15265092,-0.6565568291699724,-0.6018912876738178
2025-01-14,-4.6185,-2.1050491,-2.1814709373060417,-2.012979663347239
2025-01-15,-4.807499999999999,0.25560644,-0.39042991927390586,-0.6036663802389984
2025-01-16,-5.0775,-1.9620328,-1.6981766746167197,-1.8248918986259561
2025-01-17,-3.7079999999999997,-3.0983918,-2.9146129654954898,-2.4661570380365587
2025-01-20,-2.7795,1.5929356,1.0493391220389021,0.4121532673393085
2025-01-21,-3.1725,-0.057009548,-2.2326582866243254,-1.1560513095454836
2025-01-22,-3.438,2.474933,4.268641407386286,2.612794175296747
2025-01-23,-3.375,0.9889924,0.82474313677675,0.2320549406584305
2025-01-24,-4.7459999999999996,0.04511547,0.023421958956006215,-0.5469734604927218
2025-01-27,-4.6905,-0.767836,-0.7004659995737492,-0.8199661034449404
2025-01-28,-4.876500000000001,-1.1456772,-1.0795734230741927,-0.9878067884495594
2025-01-29,-4.827,-1.6705674,-1.7968152980422432,-1.6735850669006118
2025-01-30,-5.064000000000001,-2.3518288,-2.6735270824039556,-2.310361167191774
2025-01-31,-4.867500000000001,-0.77203745,-1.0947360556003423,-1.1254405638251788
2025-02-03,-2.8289999999999997,3.851001,4.7038468599980305,3.144851841315067
2025-02-04,-2.1074999999999995,3.4909744,2.216791866302454,1.9932335979183442
2025-02-05,-1.8929999999999996,-1.6595732,0.13628791900943193,-0.8306639653581118
2025-02-06,-2.01,-1.2874545,0.1513448422231157,-0.7311735266452005
2025-02-07,0.41999999999999954,2.1212575,3.140425413137944,1.7022422761166496
2025-02-10,-1.623,4.7218485,4.41512744501478,3.0898812847402573
2025-02-11,-2.9595,2.515767,2.6075446168965173,1.565171308216941
2025-02-12,-1.7909999999999997,1.6008824,2.4122611840267973,1.3076085191486466
2025-02-13,-2.2050000000000005,2.5552378,2.9893098136043115,2.0087967065725905
2025-02-14,-3.3569999999999998,1.5743593,1.8826890172193977,1.2115176639826553
2025-02-17,-3.207,1.5407907,2.2944506295662657,1.0308318928571976
2024-12-24,-2.3010000000000006,-5.2200427,-5.163759919529983,-4.734050529737181
2024-12-25,-2.442,-6.269428,-6.195671294937472,-5.430396687074872
2024-12-26,-3.4095,-6.3373294,-6.80031224889456,-5.688199315916086
2024-12-27,-3.4619999999999997,-4.8969445,-5.246189754140116,-4.672202378963748
2024-12-30,-3.1155,-1.464624,-1.5643593642344726,-1.894630801783194
2024-12-31,-2.529,-3.8077238,-3.972736769786923,-3.813675905597644
2025-01-01,-2.0625,-3.8744164,-3.1770028785857725,-3.672977698524905
2025-01-02,-1.6244999999999996,-5.7154665,-5.902743423875543,-5.329814597579358
2025-01-03,-1.8179999999999996,-2.4760451,-2.2069212588822045,-2.8283499709579782
2025-01-06,-3.495,0.5182907,-0.6110957849230632,-0.8542984669054303
2025-01-07,-1.5704999999999998,-3.0261486,-3.092131670042182,-3.159101878350116
2025-01-08,-2.529,-4.848232,-5.954364911075454,-4.919605099375877
2025-01-09,-2.4764999999999997,2.8195937,0.32052345901243956,0.5013580602342051
2025-01-10,-4.0424999999999995,-1.4692914,-1.3911665296510267,-1.6841521077253274
2025-01-13,-5.031,-2.036932,-2.037111224166039,-1.8492536052239563
2025-01-14,-4.7625,-1.6475214,-1.3673987749431593,-1.5850416115456425
2025-01-15,-4.569,-2.4020853,-2.2182478835673454,-2.200403628575964
2025-01-16,-2.991,0.75389856,1.127339344526861,0.26034791200650775
2025-01-17,-1.1159999999999997,2.551976,4.785828668773638,2.4212535074535824
2025-01-20,-1.6860000000000002,2.9363103,4.3585986585134675,2.0728385635534425
2025-01-21,-2.463,5.511512,4.4308199316250425,3.1087221698964758
2025-01-22,-3.27,2.7488556,5.926292570830165,3.014227081230651
2025-01-23,-2.331,1.0894077,1.2834483024003551,0.4220977374143866
2025-01-24,-3.2864999999999998,-0.07183616,0.5727123029339759,-0.16343691441218755
2025-01-27,-4.0365,-0.9057919,-1.1842451990832634,-0.8869637677816238
2025-01-28,-4.7835,-0.76594615,-1.089416437088022,-0.9332274731945427
2025-01-29,-3.8295,1.5453535,1.1657298481834575,0.8303237579536471
2025-01-30,-3.9285,1.9322604,1.7324749938371267,1.105165917473765
2025-01-31,-4.0485,1.8332887,1.8053068579310543,0.8974118557676287
2025-02-03,-3.3345,3.491574,7.062566486792869,3.785875763853568
2025-02-04,-3.342,-2.3964694,-2.10716923098285,-1.942555626816859
2025-02-05,-2.8845,-0.9467961,-0.671305879672406,-0.9960078357335562
2025-02-06,-2.928,-0.7015549,-0.5520344435224527,-0.8078050420903626
2025-02-07,-2.5485,2.4967103,1.1169841058546808,0.8019765388793025
2025-02-10,-2.4119999999999995,5.7117925,5.4039947973817695,3.9921452924220686
2025-02-11,-3.9869999999999997,1.1807383,1.4543729514588202,0.7248587205270269
2025-02-12,-3.3299999999999996,1.8812593,1.4589528381891301,1.2150277208798639
2025-02-13,-3.6614999999999998,-0.12008178,-0.365510000758474,-0.4686153434771474
2025-02-14,-5.107499999999999,-1.2014548,-1.3809836600731553,-1.171099217068116
2025-02-17,-5.020499999999999,-1.3122109,-1.989220399129224,-1.4814305765604792
2024-12-24,-1.1280000000000003,-5.9866815,-6.304849389175872,-5.537778164559972
2024-12-25,-1.344,-6.046679,-6.339055235868079,-5.572574460490963
2024-12-26,-1.9590000000000003,-6.693908,-7.2701026091352885,-6.165597627537874
2024-12-27,-1.7820000000000003,-5.6994247,-5.425629374856417,-5.0817279760123215
2024-12-30,-1.6514999999999997,-1.4584159,-1.3185935852320743,-1.673244918492623
2024-12-31,-0.9659999999999996,-4.317545,-3.708251778513576,-4.089200715503994
2025-01-01,-1.2494999999999996,-5.042947,-4.4976917741093825,-4.727706968798232
2025-01-02,-1.2239999999999995,-5.6848245,-5.569609484018201,-5.280400377435488
2025-01-03,-1.6965000000000003,-3.7707803,-3.179126157014947,-3.723177698333881
2025-01-06,-3.7049999999999996,0.09654778,-0.7912657163588073,-1.1838153160542773
2025-01-07,-3.336,-6.946511,-6.781446672947413,-5.964911585390822
2025-01-08,-3.6885,-6.079959,-6.849483786385207,-5.6934469996496775
2025-01-09,-3.363,0.96107626,-0.2312311699360912,-0.4600716698713099
2025-01-10,-3.3059999999999996,-0.91972476,-0.9753652459251348,-1.196606544638006
2025-01-13,-4.3785,1.1694175,-0.6365234127264677,-0.20103568766489804
2025-01-14,-3.6585,-0.15307747,-0.5793015359456938,-0.7348049508518015
2025-01-15,-4.758,-1.3854462,-2.318556695822216,-1.8373888229136908
2025-01-16,-3.591,-0.75777125,-0.8897494640759972,-1.068185536347597
2025-01-17,-4.085999999999999,-4.085323,-3.4495164464157315,-3.076290375560615
2025-01-20,-3.4875,0.50065976,0.25717835667611477,-0.29784348328485
2025-01-21,-4.848,-1.5987599,-4.038410140442996,-2.4582334831339234
2025-01-22,-4.6499999999999995,-1.291453,0.3253060706317235,-0.5682573074272335
2025-01-23,-5.067,-0.3901066,-0.5670321452822356,-0.7806806655269726
2025-01-24,-4.917,0.59890014,1.2402657415839073,0.30120216116526194
2025-01-27,-5.278499999999999,-1.2167848,-1.0777759333425312,-1.078532256000894
2025-01-28,-5.157,1.5681549,1.517121462510091,1.022988297928078
2025-01-29,-4.32,1.266944,1.3609855049253332,0.8326916547772056
2025-01-30,-5.643,-1.5517601,-2.035409034305482,-1.6336032638929445
2025-01-31,-5.586,-0.29206574,-0.4804649403997863,-0.6685219595591088
2025-02-03,-5.482499999999999,0.08415313,3.0199735504729657,0.9835948041730004
2025-02-04,-5.390999999999999,-2.4677837,-2.405497412409405,-1.9971587003181521
2025-02-05,-4.26,-0.56208056,-0.9940676455113395,-0.7939207218942221
2025-02-06,-4.5465,-1.7403471,-1.4493504458089028,-1.5791517839507971
2025-02-07,-3.2535000000000003,2.9120376,2.5478862405584013,1.5704625231039553
2025-02-10,-4.395,5.6787987,5.185827082364126,3.9471095238036664
2025-02-11,-4.4475,1.5956186,1.4814439538090427,1.1657163175508787
2025-02-12,-4.7325,1.5995597,1.6850344040254348,1.141739522098151
2025-02-13,-5.3925,-1.6265467,-1.6211395930882475,-1.3437939399086716
2025-02-14,-5.463,-0.44769704,-0.2298755366233238,-0.3025879230003498
2025-02-17,-5.6625,-1.6517557,-1.7423587750977123,-1.4463946118317752
2024-12-24,-3.5654999999999997,-7.5045247,-7.318193132181093,-6.294249257058917
2024-12-25,-3.5309999999999997,-6.2274194,-6.61374617765274,-5.579231602725438
2024-12-26,-1.8840000000000003,-4.562692,-4.695137423068737,-4.152233049286816
2024-12-27,-1.5195000000000003,-4.153241,-4.305549982693287,-3.846425705743757
2024-12-30,-3.1319999999999997,-2.9439676,-2.9785922048384843,-2.8199888954009866
2024-12-31,-2.3969999999999994,-4.4106274,-4.908016454874819,-4.2555862905689255
2025-01-01,-1.125,-4.5118995,-4.4468602820308565,-4.067336028786939
2025-01-02,-0.6885000000000004,-4.757429,-5.532188667574371,-4.5186116625637744
2025-01-03,-0.1724999999999998,-1.6909199,-1.9014700501481105,-2.134730976386009
2025-01-06,-0.6300000000000004,3.3021631,1.8225054286361293,1.3903614472607408
2025-01-07,0.40050000000000024,-2.6163876,-2.553805349807238,-2.5910149658674277
2025-01-08,-0.010500000000000042,-3.9125903,-4.832064615579356,-4.013114032871426
2025-01-09,-2.1255,1.1305004,-1.140746730217721,-0.747726290509523
2025-01-10,-2.8109999999999995,-0.4187082,-1.327374282757145,-1.2622110381477853
2025-01-13,-3.4979999999999998,-1.7655056,-1.8519525481359644,-1.6691641790929603
2025-01-14,-2.9684999999999997,-0.7109484,0.017201971044831465,-0.8192294588606668
2025-01-15,-2.964,-0.8210096,-0.18322148591988505,-1.0181570195421772
2025-01-16,-3.153,-1.0051823,-0.6762755228070311,-1.3288771218483524
2025-01-17,-2.046,-2.5175533,-1.9373547271640168,-2.196713431206442
2025-01-20,-0.1349999999999998,0.3732003,0.9190398355468372,-0.09567689738937307
2025-01-21,-2.0789999999999997,-0.6275849,-2.121263521243391,-1.6083532177250297
2025-01-22,-1.7219999999999995,1.9440582,4.770215679846593,2.1805734598895246
2025-01-23,-0.6780000000000005,1.1592144,2.676513782158752,1.0106296795189882
2025-01-24,-3.4859999999999998,-0.6973036,-0.12231481793768158,-0.7564615307447926
2025-01-27,-4.7204999999999995,-1.5966408,-1.648539123489631,-1.3521307695045084
2025-01-28,-4.553999999999999,1.7637576,1.5781672513394704,1.1853602852905043
2025-01-29,-5.0489999999999995,-1.257121,-1.1854510178507485,-1.2130898386484983
2025-01-30,-5.3325,-0.6205532,-0.8805798890442036,-0.8446542686015587
2025-01-31,-3.27,1.8196584,1.8643546679336715,1.1147003919146181
2025-02-03,-2.4840000000000004,5.334937,6.630587480749208,4.073666965564636
2025-02-04,-1.4534999999999996,3.0162635,2.7328573803414415,1.9181858050352092
2025-02-05,-0.8610000000000003,2.5150075,2.4087730437756654,1.6278046990898576
2025-02-06,1.1130000000000002,-0.041136898,2.5961602916359228,0.8110668154721605
2025-02-07,0.17699999999999996,1.4104486,2.7063632779827764,1.2567044278383037
2025-02-10,-0.34050000000000047,5.595794,7.062807813727564,4.838012684427549
2025-02-11,-2.3355,2.615418,3.855356120285518,2.224062428841196
2025-02-12,-1.6605,2.6962805,4.254852133766332,2.4121548882188923
2025-02-13,-2.706,3.2313104,4.863630992155691,2.677132422667258
2025-02-14,-3.4499999999999997,0.15066953,0.615464913383445,0.24100124817843652
2025-02-17,-2.8994999999999997,2.47966,1.347317766944164,1.4227049743718128
2024-12-24,-1.1804999999999997,-6.5417924,-6.461891354984927,-5.745080286569715
2024-12-25,-1.0155000000000005,-6.70552,-6.702695554875774,-5.898545839479795
2024-12-26,-0.7994999999999998,-5.9878592,-6.403817785124466,-5.583191710245251
2024-12-27,-0.9284999999999997,-4.7348385,-5.0104740044674445,-4.634323474505396
2024-12-30,-1.1474999999999997,-1.9238409,-2.0717160448979572,-2.2897591927277916
2024-12-31,-1.3079999999999998,-4.7138553,-4.655068186750791,-4.586831946473825
2025-01-01,-0.9329999999999998,-5.209041,-4.6619136011556535,-4.93579097173391
2025-01-02,-0.4815000000000001,-5.9585347,-5.8823167372491705,-5.542681833215638
2025-01-03,-0.7875,-3.155467,-3.120874466069658,-3.4932503278495264
2025-01-06,0.4364999999999995,1.1462833,1.3252631824754517,0.3421389197693112
2025-01-07,0.8684999999999998,-2.5444422,-2.503674451996822,-2.6893291777749817
2025-01-08,-0.01950000000000038,-2.479807,-2.8478274627428415,-2.8414677677682447
2025-01-09,-1.3244999999999998,1.8269958,-0.32817321012674894,-0.2543913072804164
2025-01-10,-2.6010000000000004,-1.7479782,-1.6444012162766088,-1.9884703150276684
2025-01-13,-3.2325,-1.305416,-0.9495199290361095,-1.4274859595681255
2025-01-14,-2.7615,-2.0226998,-1.2908291721873555,-1.7746612035156542
2025-01-15,-3.267,-3.1597116,-2.5604839697044395,-2.610096690146057
2025-01-16,-2.3054999999999994,-1.7233033,-1.4739271774438754,-1.7509480620244686
2025-01-17,-2.1090000000000004,-3.6969144,-2.844397763791944,-2.852083320129653
2025-01-20,-2.2935,0.17505014,-0.3671671616978038,-0.8083240818500663
2025-01-21,-2.6355,-1.0990839,-3.00103437533978,-1.923895724718708
2025-01-22,-3.1275,0.31039727,1.9874232021851197,0.5696679202313084
2025-01-23,-2.8905,-0.61467075,-0.25129435787029303,-0.8464758676671607
2025-01-24,-3.117,-1.3550563,-0.680353037793055,-1.1885773829551032
2025-01-27,-4.3305,-0.727581,-1.0383826340913789,-1.1661991026304026
2025-01-28,-4.536,-2.0070593,-2.6053954489135984,-2.175714858493757
2025-01-29,-3.669,-0.29123253,-0.412434706043738,-0.8025345185817929
2025-01-30,-3.432,-0.32435235,-0.5438328836893707,-0.7653792582130337
2025-01-31,-2.9130000000000003,-0.5220377,-0.8600083173369715,-1.008572689907635
2025-02-03,-2.6699999999999995,1.3005489,3.7272331503521876,1.5169613941597988
2025-02-04,-2.5530000000000004,1.5199225,1.2731786085916759,0.38964446217266124
2025-02-05,-1.5525000000000002,0.86791766,1.4263782170980819,0.3178391568278794
2025-02-06,-1.7054999999999996,-1.5925498,-1.5628808098574312,-1.6769173332817666
2025-02-07,-1.0875,3.168921,0.8233083228267742,0.9251638523123678
2025-02-10,-2.2574999999999994,4.796305,3.9495374465560102,2.989093424977606
2025-02-11,-3.3645,1.9608063,2.392116544247865,1.260565444635865
2025-02-12,-2.613,1.8699135,2.1548390409379024,1.234758356846014
2025-02-13,-3.4275,0.29958284,0.46635937854162096,-0.12765581348888416
2025-02-14,-4.0605,-0.64208704,-0.7607270575836528,-0.8220265735250525
2025-02-17,-4.095,-0.034137033,0.3755044459156443,-0.2746251365914859
2024-12-24,1.2074999999999996,-5.3197813,-5.177654024934444,-4.765133951400564
2024-12-25,0.9885000000000005,-4.151946,-3.9938257021875843,-3.9464076120255367
2024-12-26,0.7364999999999995,-5.6153507,-5.559550665760095,-5.042604720749395
2024-12-27,0.7454999999999998,-3.731155,-3.424748437142005,-3.5497172189652813
2024-12-30,-0.09600000000000009,-1.2061429,-1.2538383443930177,-1.6623972462415793
2024-12-31,-0.13649999999999948,-6.309715,-6.23506307838201,-5.56698387498214
2025-01-01,1.7025000000000001,-4.216307,-3.7978995962701108,-3.9270906902116676
2025-01-02,1.5614999999999994,-4.758815,-4.999019429804312,-4.704306480662109
2025-01-03,1.5465000000000002,-3.0539594,-3.0241485222052065,-3.399165240350679
2025-01-06,-0.8835000000000001,2.3807464,0.24862211110531907,-0.1740028870864449
2025-01-07,-0.4244999999999997,-4.903301,-5.254643234024217,-5.014078504358818
2025-01-08,-0.7590000000000003,-5.0332065,-6.5725851153212345,-5.618346982734402
2025-01-09,-1.5315,3.2897432,-0.09480231080936091,-0.33100016558521633
2025-01-10,-2.7704999999999997,-0.7508524,-0.6629695255474094,-1.8341680271830052
2025-01-13,-3.8775,-0.4338224,0.4975574103765536,-1.1016286654635015
2025-01-14,-3.3569999999999998,0.43647254,1.158231258253319,-0.6242601146687703
2025-01-15,-2.5559999999999996,0.8305029,1.7198014523912246,-0.06583237488843974
2025-01-16,-2.7105,-0.10726142,-0.4282939211295316,-1.2381934423415268
2025-01-17,-2.4030000000000005,-2.8005166,-1.7604460484338538,-2.5607217873475108
2025-01-20,-1.1954999999999998,3.120554,1.8949954898302317,1.0036725672686675
2025-01-21,-2.7119999999999997,-0.4556201,-1.7751534493307033,-1.5612336271145
2025-01-22,-3.2880000000000003,1.1301473,4.13505102658618,1.3988014708023582
2025-01-23,-3.54,-1.6076176,-0.9891570833132105,-1.752008535631995
2025-01-24,-4.32,-2.6487958,-1.7698324240597751,-2.3093284954383946
2025-01-27,-4.398,-2.5130413,-1.388842453250294,-1.9812430922299882
2025-01-28,-4.455,-0.8781578,-0.9560967402418514,-1.1960295366077358
2025-01-29,-4.1655,-0.42841434,0.5793038051100607,-0.48753389333192376
2025-01-30,-4.464,-3.2032528,-3.513235471039911,-3.0013062341414605
2025-01-31,-4.294499999999999,-0.7841733,-0.6269381333647337,-1.2408894652399969
2025-02-03,-0.49499999999999955,10.359717,9.822982967095532,6.990469072357896
2025-02-04,-0.4440000000000001,3.5963233,3.4409417481954554,2.19938823159887
2025-02-05,-0.8760000000000004,0.5942907,0.8777590287504379,0.10087713111386248
2025-02-06,-1.1130000000000002,0.8620423,0.0007010017129599898,-0.10116535556743839
2025-02-07,-0.8940000000000001,0.56826866,1.5902818619984487,0.2830492973291624
2025-02-10,-1.6875,6.474745,6.418400554723302,4.591208959425496
2025-02-11,-2.9595,1.8732852,2.513567923079493,1.1101097173238068
2025-02-12,-2.5844999999999994,2.3213499,2.704521388742667,1.5050315978857292
2025-02-13,-2.5829999999999997,1.7185005,2.9499987503882075,1.166965036608091
2025-02-14,-3.4605,0.92286503,0.40152698197163417,0.24445625238849258
2025-02-17,-3.8535,-0.70813686,-0.8713252659120537,-1.001366809929666
2024-12-24,0.8175000000000004,-4.7373796,-4.53601992980817,-4.1058078740923625
2024-12-25,0.7590000000000003,-4.748204,-4.53601992980817,-4.162165715704955
2024-12-26,0.9014999999999996,-4.647049,-4.99036845242026,-4.17473254355644
2024-12-27,1.3125,-3.369284,-3.112234027799351,-3.062203003771826
2024-12-30,1.1594999999999995,-0.13861181,-0.24359132140094622,-0.5741754817679052
2024-12-31,1.3034999999999997,-2.9627671,-2.7403993709253323,-2.776672520795347
2025-01-01,1.869,-3.2729974,-2.9780666070943522,-3.108275802311085
2025-01-02,1.8644999999999998,-4.330394,-4.651247628251579,-4.172859615617361
2025-01-03,1.9905000000000004,-1.5844662,-1.561719076088756,-1.9388350943199797
2025-01-06,0.8505000000000003,1.5732857,1.2842274923364179,0.6065117204734348
2025-01-07,0.5264999999999996,-4.835522,-4.7883275805811545,-4.295126336368819
2025-01-08,-0.06900000000000013,-4.2541504,-5.156138450206925,-4.159076093978224
2025-01-09,-1.023,2.4400308,0.85919557415883,0.4791315612437568
2025-01-10,-2.4344999999999994,-1.0626799,-1.106740818622911,-1.3822294941635334
2025-01-13,-3.7109999999999994,-1.9407383,-1.4695391672257436,-1.7547335795622456
2025-01-14,-3.5025,-1.995391,-1.831190750243431,-1.8557866899775406
2025-01-15,-2.4659999999999997,1.1947974,0.7141937001615083,0.35472530580417605
2025-01-16,-3.1635,-1.2142292,-1.0864134601375823,-1.3511088147849115
2025-01-17,-2.9234999999999998,-2.3459966,-2.2804459842826446,-2.0175584528090034
2025-01-20,-2.2335,2.087323,3.2830236245690814,1.216717310305532
2025-01-21,-3.7349999999999994,-1.4495327,-4.232940087434574,-2.5024086977624576
2025-01-22,-4.356,-2.1196988,0.7175568106229783,-0.8742023461413937
2025-01-23,-4.5705,-1.3779819,-1.8513151356270592,-1.6102197026291412
2025-01-24,-5.4959999999999996,-3.3111994,-3.3053647521058926,-2.710314841375511
2025-01-27,-5.6114999999999995,-1.9192947,-1.8288902725957685,-1.5793632799996613
2025-01-28,-5.609999999999999,-2.2975054,-2.1180775048088134,-1.804881652027128
2025-01-29,-5.655,-2.7250187,-2.67949613464375,-2.3024357433078784
2025-01-30,-5.7059999999999995,-2.5034118,-2.3651093044857765,-2.1170681360869015
2025-01-31,-4.524,1.0184215,1.3320030032029742,0.5691646208794062
2025-02-03,-1.2224999999999997,8.7050495,8.41690037681583,6.44747709888986
2025-02-04,-1.9679999999999995,2.8417099,2.482521989610342,1.8822297069578802
2025-02-05,-1.9679999999999995,2.2789907,2.9960474703540276,1.675101408570871
2025-02-06,-2.4494999999999996,1.419439,1.4672895346307655,0.8078106952775759
2025-02-07,-2.6324999999999994,3.2119944,2.0680670994249737,1.4591919578879629
2025-02-10,-2.6594999999999995,5.1061625,3.948410293474987,3.183929930476028
2025-02-11,-4.3755,-0.71538544,-0.1754021439440978,-0.33784369785564794
2025-02-12,-4.5525,-0.9481808,-1.1842451990832634,-0.853774429047908
2025-02-13,-4.401,-1.3650666,-1.5983677038730542,-1.2002883919706564
2025-02-14,-5.116499999999999,-0.9057919,-0.9270307775953093,-0.7892687435521089
2025-02-17,-4.8105,-1.57327,-1.5828290983813187,-1.3462362032389568
2024-12-24,-1.9889999999999997,-5.867198,-5.293108832907268,-5.072917166088747
2024-12-25,-2.217,-7.0417013,-6.878354653130281,-6.011401543616729
2024-12-26,-2.0655000000000006,-6.8297377,-6.595162528978703,-5.936138895704558
2024-12-27,-1.8704999999999998,-5.659749,-5.223232185457241,-5.107202091392766
2024-12-30,-0.9900000000000002,-0.9385253,-1.140035347115482,-1.424968887987617
2024-12-31,-2.1405000000000003,-5.0117407,-4.71903860140795,-4.602243962951721
2025-01-01,-1.8809999999999998,-5.3686957,-5.073189650400554,-4.8995399386180365
2025-01-02,-0.3554999999999996,-4.26083,-4.511591815277691,-4.245095659837836
2025-01-03,-0.8414999999999999,-2.5893736,-2.5340149317974547,-2.9021375258168933
2025-01-06,-1.7625,0.9202047,0.4859181686595971,-0.14463081642703074
2025-01-07,-2.0130000000000003,-3.3863711,-3.7658287655619453,-3.565226931296958
2025-01-08,-2.4030000000000005,-5.5859685,-6.364961695421737,-5.267701842445231
2025-01-09,-3.3674999999999997,0.1981439,-1.692207983800471,-1.3053851030429673
2025-01-10,-2.265,-1.3286586,-1.1295186035633669,-1.4157825507268327
2025-01-13,-3.4154999999999998,-0.90902436,-0.623223405431081,-1.0907045690242465
2025-01-14,-3.453,0.50592697,0.3644846371954731,-0.1802522049965599
2025-01-15,-3.7605,-2.0721543,-2.0583466320137322,-1.897670221061433
2025-01-16,-3.9869999999999997,-0.50516164,-0.09973021763462488,-0.7230201299016559
2025-01-17,-4.1055,-3.0621731,-2.5877499794764756,-2.3738791820305853
2025-01-20,-3.375,1.8383317,1.336659941154472,0.7296204081557444
2025-01-21,-3.9855,0.1173942,-1.9106680167457137,-0.9887380901118141
2025-01-22,-3.7904999999999998,1.1001357,3.7959491529893037,1.6329299480504256
2025-01-23,-1.719,4.385931,3.8646271161279984,2.715479045931633
2025-01-24,-1.6574999999999995,7.2864747,5.4446544535367245,4.236165489550452
2025-01-27,-3.1335,0.90045583,1.089638507063001,0.6060345717549991
2025-01-28,-4.173,-0.25087348,0.20929550435732525,-0.37429858405157734
2025-01-29,-3.6285,0.1731175,0.9732180410635942,-0.01672283992165441
2025-01-30,-4.383,-2.1932154,-1.7221537443871529,-1.942940374725616
2025-01-31,-4.390499999999999,-0.65813315,-0.6618675518167463,-1.0761560800722862
2025-02-03,-4.3469999999999995,-0.5886603,2.113231341286907,0.2241857122133253
2025-02-04,-4.359,-3.571406,-3.016557801621407,-2.824730980213576
2025-02-05,-4.109999999999999,-2.323642,-2.452098799208478,-2.291904697534391
2025-02-06,-3.7994999999999997,-2.2342541,-1.7042909839873028,-2.073748881905873
2025-02-07,-3.4619999999999997,3.112069,0.09674443138973966,0.594332928631373
2025-02-10,-3.741,4.593263,4.057538445230395,2.9136733448899896
2025-02-11,-4.257,-0.4501777,-0.34912447859696016,-0.6451247237083911
2025-02-12,-4.3515,-0.32525393,-0.3606222492488629,-0.7186604751135155
2025-02-13,-4.5,-0.2576675,-0.3205595936116431,-0.7123609180894711
2025-02-14,-4.779,-0.6007126,-0.29020409491197424,-0.8766010243816498
2025-02-17,-5.417999999999999,-2.706058,-2.9225285485211208,-2.549882668663936
2024-12-24,2.1734999999999993,-5.4825807,-5.178623596370909,-4.767042118887675
2024-12-25,2.0264999999999995,-4.933193,-5.018376458376458,-4.367741043452303
2024-12-26,1.9454999999999998,-6.0271792,-5.991761249850527,-5.23159586627388
2024-12-27,1.9110000000000003,-3.6846576,-3.328556571086552,-3.3432625537808667
2024-12-30,0.2954999999999998,-1.1402148,-0.6741223258374193,-1.5743021440366236
2024-12-31,0.5159999999999997,-5.188054,-4.995073880991582,-4.7119800479214105
2025-01-01,4.221,-3.692762,-3.194652622247015,-3.500286728570724
2025-01-02,3.9510000000000005,-4.4437556,-4.392892127815656,-3.727105389581022
2025-01-03,2.4135000000000004,-2.9909215,-3.251456704344294,-3.0088759671184664
2025-01-06,-0.07199999999999952,1.3741758,1.522838379009427,0.43587762840290434
2025-01-07,1.3695000000000004,-2.7347515,-2.739036166587304,-2.6360416391394663
2025-01-08,-0.30300000000000044,-3.739472,-4.559223359363728,-3.692171873432803
2025-01-09,-0.9119999999999997,1.747957,0.8567941879755506,0.23923803694493284
2025-01-10,-2.796,-1.4617186,-1.9005998641647739,-1.8143570627944776
2025-01-13,-3.5955,-2.3781168,-2.1266086721042523,-2.0224419957779713
2025-01-14,-3.6869999999999994,-1.8281406,-1.4397277143305498,-1.6497742045493766
2025-01-15,-4.2,-2.5372944,-2.504398720940103,-2.2473652954329295
2025-01-16,-3.1904999999999997,-1.2973422,-1.078088751627925,-1.377236239356187
2025-01-17,-3.0224999999999995,-3.1580215,-2.570639888727401,-2.3439956179281762
2025-01-20,-0.8999999999999999,1.4918587,2.2046024112646867,1.106928206734896
2025-01-21,-2.9145,0.37326893,-2.087180340907437,-0.7944526728753872
2025-01-22,-3.6555,0.2877221,1.5407101268055874,0.6090711792605898
2025-01-23,-3.216,0.14037974,-0.6131991219906094,-0.532509139317466
2025-01-24,-2.79,-0.23941456,-0.23359065124861678,-0.4659178511770303
2025-01-27,-5.13,-0.08702118,-0.5050877540043994,-0.5280091008447563
2025-01-28,-5.465999999999999,-1.0885185,-1.0502266506685287,-0.9105470662489161
2025-01-29,-4.9079999999999995,1.7588478,-0.10891410111069706,0.40788091692843226
2025-01-30,-4.968000000000001,-1.1045712,-0.8336879158735782,-1.0887390934065269
2025-01-31,-4.992,-0.26257974,-0.9359900073669417,-0.8272239868246756
2025-02-03,-4.952999999999999,-0.71313804,0.20556225563146005,-0.4585285752148135
2025-02-04,-4.8585,-2.4424243,-2.9621541040042194,-2.194007710858341
2025-02-05,-3.1275,-0.36699384,-1.2114430851788496,-0.819619369531454
2025-02-06,-2.8575,-1.3955308,-0.49166958867493765,-0.9603012958050203
2025-02-07,-2.4795000000000003,3.8151174,1.685822908644858,1.6518673935174857
2025-02-10,-2.5679999999999996,5.4385724,5.175322431279839,3.768435171596552
2025-02-11,-4.398,0.52060634,0.5197494628328735,0.12560134549036714
2025-02-12,-2.6445000000000003,1.467553,0.9113883281081355,0.819157994293095
2025-02-13,-3.3705,1.604453,1.327887459913327,0.7880010473307648
2025-02-14,-5.571,0.048955522,1.3504817322473806,0.2710602606186209
2025-02-17,-5.595,-1.2803973,0.27344074030193904,-0.7761907166124398
2024-12-24,-2.5034999999999994,-5.3877134,-5.480894713184929,-4.7668268013432105
2024-12-25,-2.481,-5.3877134,-5.480894713184929,-4.776841823516647
2024-12-26,-1.5945000000000003,-2.9346566,-3.2027749677561035,-2.9575822095540563
2024-12-27,-2.6744999999999997,-5.1958117,-5.289181314912426,-4.701856369960619
2024-12-30,-2.4869999999999997,-0.2601642,-0.11433396981240022,-0.5313420674701094
2024-12-31,-2.283,-3.036502,-3.62355027867808,-3.167787985318252
2025-01-01,-1.65,-2.8008873,-2.5251731823547905,-2.6366349035443992
2025-01-02,-1.8150000000000002,-4.284098,-4.723056528154591,-4.1521516116807025
2025-01-03,-2.4,-2.2218657,-2.126514583952743,-2.5077600809858347
2025-01-06,-4.269,0.6799089,1.4868811214617412,-0.053604438680120936
2025-01-07,-2.928,-5.7158523,-5.680358322915407,-5.086290106989827
2025-01-08,-4.053,-5.6944504,-6.826517392575906,-5.4657776730771985
2025-01-09,-3.4335,1.7009737,0.2156653529169316,0.022145711051579448
2025-01-10,-4.7535,-0.48665184,-0.21040382466952678,-0.8767041945289828
2025-01-13,-5.3999999999999995,-1.4398404,-1.2824243053131577,-1.5688847486826958
2025-01-14,-4.859999999999999,-2.1235397,-1.6415038481851363,-1.8832291339832024
2025-01-15,-4.452,-0.56096345,-0.9840801238665052,-1.1148501046632426
2025-01-16,-1.9574999999999996,0.96168524,0.8932999759450224,0.3696390631548408
2025-01-17,-2.7809999999999997,1.0061885,1.295425364281776,0.3410268316629138
2025-01-20,-1.8344999999999994,4.6664233,3.451482859292518,2.405051425146449
2025-01-21,-2.7089999999999996,2.2282743,1.091906901702233,0.774230562518827
2025-01-22,-4.296,1.8399962,5.518596727173564,2.816661151022934
2025-01-23,-1.9860000000000002,1.2662781,1.5382568345794456,0.8842366088266579
2025-01-24,-5.031,-1.1210414,-0.9767379597482098,-1.0398186265145415
2025-01-27,-5.244,-1.2012714,-1.1398774935253073,-1.0724244972149013
2025-01-28,-5.164499999999999,-0.8379973,-0.6121885711512653,-0.7311839469801658
2025-01-29,-4.452,-0.38226825,-0.41013862342977053,-0.6368911850465074
2025-01-30,-4.068,-1.6189741,-1.3157978216819464,-1.3792599720399707
2025-01-31,-3.969,0.78792524,0.37495760365947606,0.01503541791504967
2025-02-03,-3.516,3.0866296,6.788818161135078,3.4910379492881805
2025-02-04,-3.9119999999999995,-2.1952717,-2.236883761584839,-1.8524145307845972
2025-02-05,-3.297,-0.24613595,-0.16975650466363182,-0.4777017916151035
2025-02-06,-3.642,-0.9114484,-0.5976146510335256,-0.9784285056354962
2025-02-07,-3.7634999999999996,2.4931834,0.6463293436764573,0.6927203324288458
2025-02-10,-3.327,5.185405,4.666010586771962,3.4931030582043543
2025-02-11,-4.3694999999999995,0.70709527,0.9936047144563658,0.2675042046046878
2025-02-12,-3.9404999999999997,0.36942402,0.35789743169545646,-0.08370130541869479
2025-02-13,-4.587,-0.31022942,-0.26161114313824185,-0.6293941701604376
2025-02-14,-4.551,0.33993378,0.27102920459044494,-0.1478917949729276
2025-02-17,-4.8495,-0.2709764,-0.2512155827488365,-0.6944240794265178
2024-12-24,-0.9570000000000003,-5.503026,-5.362557779070627,-4.783329176494034
2024-12-25,-0.8775000000000002,-5.80057,-5.549942272252134,-4.941039973217324
2024-12-26,-1.0335,-5.247765,-5.524289248694542,-4.743246078814598
2024-12-27,-0.1635000000000005,-3.4470716,-3.67957898277505,-3.267737395847608
2024-12-30,0.2804999999999996,-0.234746,-0.187131027696976,-0.4770214477269729
2024-12-31,0.1739999999999995,-2.3549328,-2.3875529217198217,-2.31259700851804
2025-01-01,-0.46350000000000047,-3.6071436,-3.3132599030779177,-3.2292676660776705
2025-01-02,0.04800000000000004,-3.7570183,-3.835980017612665,-3.5019508438398663
2025-01-03,-0.49650000000000033,-1.4097197,-1.271872669546702,-1.7202789454867462
2025-01-06,-1.4235000000000002,1.5464759,0.8893591098688218,0.3671473804967002
2025-01-07,-1.8255000000000001,-5.0909557,-5.256917366733277,-4.603003326562717
2025-01-08,-3.6809999999999996,-4.020912,-5.049845798987656,-4.118697226687621
2025-01-09,-3.8609999999999998,2.0799599,-0.09506189777279717,0.14328222459473144
2025-01-10,-4.809,-0.29648948,-0.2855531131957504,-0.7230406954707436
2025-01-13,-5.1045,-0.99781185,-0.7320477646873479,-0.7342667104456344
2025-01-14,-5.4135,-1.704724,-1.5065902721590594,-1.5367859060225888
2025-01-15,-5.069999999999999,-0.2427069,-1.0975005465618732,-0.9627217534638369
2025-01-16,-4.1579999999999995,0.92242295,1.0189682318997675,0.29234006451387606
2025-01-17,-3.8009999999999997,-0.34672225,-1.1136623193699666,-0.8978570238067346
2025-01-20,-3.6255,2.7404892,1.882554452022233,1.020369124093706
2025-01-21,-4.1325,2.174959,-0.7861471053512412,0.06603472392533644
2025-01-22,-4.0874999999999995,0.56549644,4.332444322314599,1.6965341681693735
2025-01-23,-4.101,0.63718736,0.33630294411471207,-0.14753392309065266
2025-01-24,-5.0715,-1.800949,-1.889164920256713,-1.8084332090733255
2025-01-27,-5.3084999999999996,-1.657915,-1.9836514655847992,-1.6734960094334497
2025-01-28,-5.325,-1.9125482,-1.9133377123185022,-1.7618184341900904
2025-01-29,-4.9590000000000005,-1.5195142,-1.889164920256713,-1.699238722565845
2025-01-30,-5.1195,-1.8791062,-2.1886862026811444,-1.9959369010370507
2025-01-31,-4.717499999999999,0.2352273,0.09195628910861224,-0.5204043309218597
2025-02-03,-4.377,1.8608664,4.048904036290863,2.014431736377477
2025-02-04,-4.5329999999999995,-2.2908874,-2.0252675984865953,-1.935649792800013
2025-02-05,-4.2015,-1.2577935,-1.3766013186136963,-1.383134090042701
2025-02-06,-3.9029999999999996,-1.0211669,-0.899693872046727,-1.168681002652597
2025-02-07,-4.0095,1.941095,0.19611212193098654,0.21981226046896868
2025-02-10,-3.891,6.404553,6.102200486055151,4.289682271417477
2025-02-11,-3.519,1.190945,1.4210351577331686,0.8367060393744231
2025-02-12,-4.314,1.4196669,1.4267123285763275,0.7399385579237826
2025-02-13,-4.755,-1.4604496,-1.5356684051389489,-1.4476805032846138
2025-02-14,-5.559,-1.586826,-1.326395717984945,-1.404391327300703
2025-02-17,-4.915499999999999,0.035745904,0.1790637535218526,-0.30447605714783615
2024-12-24,-1.7219999999999995,-7.0565796,-6.656792171330856,-6.091026617313625
2024-12-25,-2.0219999999999994,-5.812151,-5.796190130382348,-5.385843749272476
2024-12-26,-2.5454999999999997,-6.226562,-6.156750047806079,-5.564613904395562
2024-12-27,-2.052,-5.8329115,-5.446091335829129,-5.090162855198561
2024-12-30,-3.36,-1.9874648,-1.757609332277557,-2.154947728356562
2024-12-31,-3.7065,-6.149967,-6.377012615748953,-5.634748834603941
2025-01-01,-3.135,-6.148697,-5.5715862301447485,-5.459212982847582
2025-01-02,-3.015,-6.065976,-6.112920905780456,-5.569230526787163
2025-01-03,-2.1915,-4.8637156,-4.557500783418105,-4.567037655535158
2025-01-06,-3.6405,1.3104466,0.5710702700978404,-0.40615923055139563
2025-01-07,-3.7904999999999998,-5.052444,-4.8686583357319595,-4.760993980294109
2025-01-08,-3.846,-5.075864,-5.368272820092758,-4.947783992982848
2025-01-09,-4.17,2.3553677,-1.3439964764150854,-0.6011316637382206
2025-01-10,-4.3305,-1.0747482,-0.8982547463186114,-1.5287914536700573
2025-01-13,-4.95,-1.9587928,-1.8929451860770894,-1.9801975548938993
2025-01-14,-4.6095,-2.1391866,-1.5577949520667964,-1.9091077711579059
2025-01-15,-4.563,-0.41803658,-0.26656850118904074,-0.8901610590640119
2025-01-16,-4.233,-0.47307342,-0.1859387611907534,-0.8363020232991016
2025-01-17,-4.176,-3.480358,-2.964843084290706,-2.7828091886151123
2025-01-20,-3.7874999999999996,1.0296834,0.34449385940619154,-0.18942390897527098
2025-01-21,-4.1805,-0.29645336,-2.6693149972568238,-1.5451281102803422
2025-01-22,-4.305,-0.093544304,2.8908007921834935,0.7573261832003828
2025-01-23,-4.1025,0.16394404,0.04270513247781102,-0.4804572997656469
2025-01-24,-4.248,0.11183533,0.20921506148854563,-0.41304380762818493
2025-01-27,-4.587,0.39613998,0.9359454260095742,0.13425089167246698
2025-01-28,-5.0025,0.2398703,0.28660119653281463,-0.16803485555901349
2025-01-29,-4.9319999999999995,0.466542,0.42054803856301726,-0.0010194030371435958
2025-01-30,-4.827,-0.0004102979,-0.21071172762690918,-0.5753995723423416
2025-01-31,-4.662,0.5815702,0.4301326216216134,-0.17625490604566135
2025-02-03,-5.1209999999999996,0.3679033,3.8426370785975545,1.3003232453171993
2025-02-04,-4.9185,-2.4085011,-2.366143029502016,-2.078806874177261
2025-02-05,-4.9665,-1.4509414,-1.6455543516710789,-1.5716246620802137
2025-02-06,-4.0845,-0.35516563,-0.3160070148413494,-0.6397691787395963
2025-02-07,-2.4554999999999993,3.5312061,3.0615913034274485,2.0182152339806434
2025-02-10,-3.2579999999999996,6.4700418,6.310747891745545,4.561576845865125
2025-02-11,-4.154999999999999,0.36442238,0.986832750239443,0.21850058937693442
2025-02-12,-3.7349999999999994,1.2439679,0.6283383075568356,0.5025271933512221
2025-02-13,-4.125,-0.12611455,-0.19921395697500646,-0.4755496405026956
2025-02-14,-4.305,0.4489553,0.1323245497572779,-0.10126992650746142
2025-02-17,-3.7095,0.56983477,0.7776485567671274,0.3809795770763841
2024-12-24,-0.45599999999999985,-5.285562,-5.216141982078591,-4.72304203404697
2024-12-25,-0.4469999999999995,-4.192009,-4.270229962587171,-3.9895973188131157
2024-12-26,-1.5434999999999999,-6.5492997,-6.429413419295921,-5.6086382714857175
2024-12-27,-2.0775,-4.8855314,-4.7675894814046735,-4.3085486463600775
2024-12-30,-2.4974999999999996,-0.5605551,-0.36034685889248136,-0.8444646088118515
2024-12-31,-2.7765,-4.477777,-4.748131543153433,-4.1570573161995
2025-01-01,-1.0650000000000002,-3.4209146,-2.719614987607775,-3.1345544974548933
2025-01-02,-1.377,-4.7165422,-4.6565428275179945,-4.172291521331129
2025-01-03,-1.8179999999999996,-2.0058928,-1.7720915221580646,-2.1778150656714583
2025-01-06,-3.1095,1.7024603,2.4085133823969116,0.7640615815855987
2025-01-07,-2.6699999999999995,-3.8975167,-4.384900026643497,-3.8244663065388087
2025-01-08,-3.3135,-5.03484,-5.86006394172533,-4.887247231167273
2025-01-09,-3.843,1.670205,0.7758914515514471,0.09599373122211613
2025-01-10,-4.2015,-0.6411026,-0.2580735291205296,-0.9077503949753926
2025-01-13,-5.194500000000001,-1.982431,-1.8923220550875703,-1.83346278747033
2025-01-14,-4.819499999999999,-2.320105,-2.251669566109173,-2.1231344529965033
2025-01-15,-4.449,-2.6818593,-2.967478804434932,-2.591106857025837
2025-01-16,-4.281,-0.84775025,-0.7919647934367366,-1.1771837911354996
2025-01-17,-3.8594999999999997,-3.5068069,-3.0266744852056826,-2.7730587007589014
2025-01-20,-2.9175,2.6181786,2.186880192673168,1.1047827201963925
2025-01-21,-3.9585,-0.5351625,-2.7919730491432215,-1.6836889053212025
2025-01-22,-4.273499999999999,-1.1768287,1.724896907074942,-0.1138083352715881
2025-01-23,-4.2165,-0.79966855,-0.9569027088472754,-1.224011782779529
2025-01-24,-4.3635,-1.7191161,-1.5457290702179929,-1.7314831396611248
2025-01-27,-4.3845,-2.2898657,-2.7376306078040304,-2.0819043980414227
2025-01-28,-4.6305,-0.4501777,-0.4000118028268293,-0.7506482452245755
2025-01-29,-4.8045,-2.262201,-2.927416148797712,-2.2677756793102093
2025-01-30,-4.7924999999999995,-2.5458853,-2.870233895259133,-2.364902595000576
2025-01-31,-4.269,0.35489866,0.22526969048712253,-0.20225284456735376
2025-02-03,-5.015999999999999,-1.8453008,1.3066325807257297,-0.45596711258699407
2025-02-04,-4.8795,-2.3316257,-2.256591156067909,-1.9369279395612213
2025-02-05,-4.344,-0.37998757,-0.060446663105967066,-0.434135352085367
2025-02-06,-4.548,-2.0692866,-2.3915056020647554,-1.992598138765827
2025-02-07,-4.601999999999999,4.107987,1.71197301179523,1.5217122933069713
2025-02-10,-3.3825,5.8074436,5.33310767844526,4.092333458139295
2025-02-11,-4.7204999999999995,0.5461881,0.44879772917675803,0.18973505184343953
2025-02-12,-4.7595,1.3907977,1.6937532174831869,1.0639645097097954
2025-02-13,-5.2245,0.12828143,0.19928464668594806,-0.16381529791494137
2025-02-14,-5.4704999999999995,0.12828143,0.40652026710246775,-0.03907087725525685
2025-02-17,-5.55,0.86902225,1.2828187561791848,0.8287198277721181
2024-12-24,-4.1834999999999996,-5.527393,-5.587070213879428,-4.741434987485612
2024-12-25,-4.3005,-4.3538527,-4.667604002539818,-4.0655543492284485
2024-12-26,-3.048,-3.8524015,-4.1473396320500955,-3.5581731782561907
2024-12-27,-3.945,-5.527393,-5.479094867757379,-4.797037688157784
2024-12-30,-4.039499999999999,-0.94169563,-1.6940273561894625,-1.5378538791164365
2024-12-31,-4.0634999999999994,-3.5430992,-3.8979482633349516,-3.495213908529943
2025-01-01,-4.092,-3.751806,-3.542505403950585,-3.5262553303886
2025-01-02,-3.7065,-4.4959006,-4.655204601953925,-4.17416855283925
2025-01-03,-4.08,-1.7074974,-1.5424653281990752,-2.127596232803688
2025-01-06,-3.885,3.883941,2.0915351798830164,1.5037570561618876
2025-01-07,-4.3275,-4.884925,-4.9055700653144765,-4.576855279247185
2025-01-08,-4.2885,-3.4454958,-5.2561680630785945,-4.132410195746923
2025-01-09,-4.7385,4.351059,0.8379583103239433,0.9295626306470632
2025-01-10,-4.8225,0.25518844,-0.4372379728204806,-0.6549374264481118
2025-01-13,-5.1525,1.181827,1.2842319609070942,0.45637116581798254
2025-01-14,-5.1915,-1.5078083,-1.8514397347633957,-1.7340391765216274
2025-01-15,-5.0895,-1.876429,-2.37368452210268,-2.1176802144810156
2025-01-16,-4.683,0.40653276,-0.2154321927269252,-0.4374657507217016
2025-01-17,-4.428,-2.0878928,-1.8414303355601318,-1.674158049550134
2025-01-20,-4.539,0.42303622,-0.13554894783249033,-0.2985317278922225
2025-01-21,-4.999499999999999,-0.09055108,-2.327469630623506,-1.1977558597292615
2025-01-22,-5.1315,-0.4820063,3.263218969400023,0.8906284342457481
2025-01-23,-5.1765,0.2283736,0.18427570774592228,-0.3463211660726333
2025-01-24,-5.244,-0.21213414,0.05088437575525556,-0.5081596913055884
2025-01-27,-4.893000000000001,0.97852075,1.2468463761921946,0.6813283144798875
2025-01-28,-5.2275,0.15648638,1.1608135944105136,0.1327283573493924
2025-01-29,-5.1434999999999995,0.11885488,0.3882253528315506,-0.1356928889398429
2025-01-30,-4.9875,1.005853,1.2862359297701607,0.5934015222184936
2025-01-31,-4.989000000000001,0.8810791,0.8056857454811704,0.28156760869317615
2025-02-03,-5.1135,-0.38226825,2.9606375544078767,0.7925827804391188
2025-02-04,-5.124,-2.488955,-2.441642220780889,-2.0721511159903394
2025-02-05,-4.3575,-0.628589,-0.4804879889643183,-0.729673896213132
2025-02-06,-2.1329999999999996,1.7237931,1.368833027224844,0.9726126420661352
2025-02-07,-3.5625,2.958439,1.5726417175365364,1.1703246761851427
2025-02-10,-3.3045,5.6308804,5.424799004467406,4.001302162067637
2025-02-11,-4.257,0.11438534,0.1724031206477591,-0.09200063007839696
2025-02-12,-4.254,0.19126068,0.23115446568070808,0.009866567781106367
2025-02-13,-5.232,-1.0245818,-0.8941129404114374,-0.9759475289553109
2025-02-14,-5.4510000000000005,-0.55797666,-1.145063614670282,-0.8641109686851659
2025-02-17,-5.508,-0.54209626,-0.48926529388427253,-0.6199878355057606
2024-12-24,-0.5835,-5.411388,-5.4900031889904986,-4.9228491490932695
2024-12-25,-1.0170000000000001,-5.191121,-5.229356644366435,-4.828076551566045
2024-12-26,-1.3184999999999998,-5.7677226,-6.398695508081738,-5.451170076339361
2024-12-27,-1.4414999999999998,-6.163685,-6.259122963750509,-5.56675476032031
2024-12-30,-3.1109999999999998,-1.328409,-1.4843784476735704,-1.6950305350749808
2024-12-31,-1.5224999999999997,-4.1030955,-4.208094235049768,-4.047399863484479
2025-01-01,-0.5130000000000002,-3.2619848,-2.594241848179925,-3.115885993377973
2025-01-02,-0.47550000000000026,-5.1093793,-4.997335314453347,-4.574327837022534
2025-01-03,-1.9860000000000002,-2.4486525,-1.8957150010402317,-2.6964538069302266
2025-01-06,-4.4235,0.72187287,0.5717560076002302,-0.2142797086845748
2025-01-07,-2.94,-5.2936974,-5.385550750779726,-4.723972720008856
2025-01-08,-3.2864999999999998,-4.1687346,-5.323053456634008,-4.259382372278764
2025-01-09,-3.5235,0.724056,-1.0156767099579451,-0.6271604212120194
2025-01-10,-5.1705,0.30197352,0.3122516990500151,-0.27842860043530154
2025-01-13,-4.789499999999999,1.6670059,1.6494340439739947,1.0927033776895554
2025-01-14,-5.561999999999999,-1.2818667,-0.8907873540248588,-1.0574010423631164
2025-01-15,-5.5335,-1.4495455,-1.1850086391505201,-1.3065417593927007
2025-01-16,-5.5335,-0.25972646,-0.08196341352144797,-0.5208039020834269
2025-01-17,-5.417999999999999,-3.052016,-2.618454902977865,-2.3389842014670923
2025-01-20,-5.1795,-0.03977263,-0.24881202801997554,-0.5664225640924464
2025-01-21,-5.184,0.14925641,-2.256112739062615,-1.0149930259996698
2025-01-22,-5.2845,0.19786969,3.500828173193149,1.309960533429491
2025-01-23,-5.346,0.48816073,0.4941035781154305,-0.016784898506370133
2025-01-24,-5.299499999999999,-0.15715197,0.10997527411607984,-0.32869099783282113
2025-01-27,-5.31,-0.060416937,0.22869567611515626,-0.17967910105845517
2025-01-28,-5.4795,-0.12120102,0.310525304546655,-0.14858408768029274
2025-01-29,-5.6579999999999995,-1.6907552,-1.4930010252908956,-1.400189155086523
2025-01-30,-5.7059999999999995,-1.8205849,-1.5357459832487799,-1.51921415783631
2025-01-31,-5.6025,-0.041498534,-0.04724192448028389,-0.4807432382300936
2025-02-03,-5.4975,-1.6686455,1.9275148137918954,-0.22302924349453415
2025-02-04,-3.8775,-1.9639695,-1.4737039007244233,-1.298131044302708
2025-02-05,-4.7235,-0.50478613,-0.25648314079887274,-0.45979740572587857
2025-02-06,-2.8095,1.847596,2.1771447988731087,1.355752361931489
2025-02-07,-1.5599999999999998,1.3101321,2.12761599365356,1.117596308668377
2025-02-10,-0.6059999999999999,7.600534,8.592410455337937,5.765407350205972
2025-02-11,-2.3655000000000004,1.473364,2.2574393570750044,1.002559157829645
2025-02-12,-2.3594999999999993,3.7467897,3.5956347881976254,2.230594929761979
2025-02-13,-1.5945000000000003,2.4045,1.9583772871306604,1.4391339859228554
2025-02-14,-3.564,-0.19946422,0.27366501329957876,-0.2321441659426962
2025-02-17,-3.9494999999999996,-1.0771971,-1.2583247279344678,-1.0803944570767579
2024-12-24,-1.1130000000000002,-5.9051495,-5.938774149866345,-5.077547556155902
2024-12-25,-1.4715000000000003,-6.222894,-5.989279112954241,-5.265491779277571
2024-12-26,-1.2090000000000003,-6.301315,-6.667109103292264,-5.489751206984554
2024-12-27,-1.2360000000000002,-5.6424665,-5.659062612430697,-4.96002423762843
2024-12-30,-1.9289999999999998,-1.1501648,-1.0900900443536365,-1.3224229229901627
2024-12-31,-2.5514999999999994,-5.623608,-5.425799986363632,-4.939621339714364
2025-01-01,-2.5094999999999996,-4.706326,-3.942555239064003,-4.0408027985823
2025-01-02,-1.8179999999999996,-4.83954,-4.952631207147287,-4.363768486811515
2025-01-03,-0.5355,-2.7758944,-2.43946722758333,-2.658965466045765
2025-01-06,-2.925,1.1392214,1.190493514074499,0.205641503626998
2025-01-07,-2.382,-3.5109944,-3.40456963457639,-3.365184408959767
2025-01-08,-1.9275000000000002,-3.3592508,-3.4191953680280136,-3.190048207992789
2025-01-09,-1.6574999999999995,2.9331079,1.3261840515628713,0.9536793680472893
2025-01-10,-2.3895,0.70309454,0.5841176695733861,0.05506815542114207
2025-01-13,-3.2595,1.1641747,0.6491996658049406,0.3372698332942138
2025-01-14,-3.177,1.0893685,1.046639867617039,0.41879298111120644
2025-01-15,-3.591,-1.2627093,-1.3230203112193955,-1.255669366129644
2025-01-16,-3.7125,-0.49002063,-0.3712711926266259,-0.7181677149755115
2025-01-17,-3.4755000000000003,-3.0710444,-2.849155382472008,-2.484554361517845
2025-01-20,-3.0704999999999996,0.914706,0.5670462554750086,-0.06383293528967776
2025-01-21,-3.8099999999999996,-0.14701286,-2.6245706299938223,-1.3649959467381925
2025-01-22,-4.0605,0.9744442,2.8299659839364604,1.1402894651002822
2025-01-23,-3.7589999999999995,0.31338444,0.14816636801424518,-0.30400289849782736
2025-01-24,-4.3545,-2.5272624,-2.479623712771061,-2.2245867526038103
2025-01-27,-3.1109999999999998,1.1919311,1.3992959996322616,-0.0004857647406470711
2025-01-28,-5.044499999999999,-1.6892904,-1.4572076237282987,-1.3562099914017847
2025-01-29,-5.069999999999999,-2.3443089,-2.438062097353788,-2.0453652298683407
2025-01-30,-4.999499999999999,-2.264101,-2.1466355011378737,-1.9396385300710866
2025-01-31,-5.117999999999999,-0.6159986,-0.9605163439307729,-1.0684968788746647
2025-02-03,-3.4995,1.5453535,5.534754104163659,2.8249572446338753
2025-02-04,-3.996,-2.0774477,-1.7828540585616244,-1.63782203591912
2025-02-05,-3.618,-1.8558881,-1.763156297686148,-1.6799671670836076
2025-02-06,-3.7935,-1.5729934,-1.4189875996207757,-1.5126170908331178
2025-02-07,-3.543,2.178988,0.46623756028194774,0.4690895722534433
2025-02-10,-3.246,6.4232593,6.014571731016698,4.437515290320961
2025-02-11,-4.656,0.023149086,0.19456792260024353,-0.30242145667590437
2025-02-12,-4.0365,1.1137737,1.2866607847320453,0.701349954655544
2025-02-13,-3.7035,1.3186821,0.9935872816892084,0.6684694675759575
2025-02-14,-5.065499999999999,-1.57327,-1.5828290983813187,-1.3487910545677337
2025-02-17,-5.290499999999999,-1.13829,-0.9934108746542242,-1.022085807148267
2024-12-24,0.10199999999999995,-5.77448,-6.050563040114678,-5.318615338399856
2024-12-25,-1.1505000000000003,-6.0952044,-6.200438746433019,-5.531263601003319
2024-12-26,-1.4820000000000004,-6.770013,-6.788885469941905,-5.899234300608986
2024-12-27,-1.3844999999999994,-6.3910804,-6.124428494454161,-5.390758150833389
2024-12-30,-0.8280000000000004,-0.8259974,-0.36058971682436936,-1.1219050509746498
2024-12-31,-1.4385000000000006,-4.883668,-4.6631349984867665,-4.391829472789544
2025-01-01,-0.5175000000000004,-4.023109,-3.5560040863767846,-3.7944760056889786
2025-01-02,0.9719999999999995,-3.9357994,-4.154237693981842,-3.9163368625443056
2025-01-03,1.7054999999999996,-1.4708254,-1.3922525625934334,-1.9994000255115947
2025-01-06,0.22950000000000015,1.8599643,1.786122998416224,0.7180311375430877
2025-01-07,1.173,-3.0895617,-2.9828771570495873,-3.0426314713129505
2025-01-08,0.873,-2.3427892,-2.579607969881664,-2.617098632870272
2025-01-09,0.41700000000000015,2.8692923,1.087953194727619,0.7149858969062044
2025-01-10,-1.1159999999999997,0.3712009,-0.4641364325865577,-0.5900381428680754
2025-01-13,-1.4175000000000004,1.27139,1.123056035037554,0.6595974011938354
2025-01-14,-0.6585000000000001,2.1018362,3.693609546264096,1.7837469450700958
2025-01-15,-0.8820000000000003,1.2469913,2.1109886398084368,0.8252503250477868
2025-01-16,-0.1889999999999997,0.5177958,0.8398728495884775,0.07594186323470808
2025-01-17,-0.7244999999999997,-2.3925197,-2.1500542423902975,-1.89642625709801
2025-01-20,-0.6315000000000001,2.5061762,1.2356925991294936,0.6987948674320485
2025-01-21,-2.2739999999999996,-0.73807955,-2.257561787408798,-1.5682950978841546
2025-01-22,-2.2289999999999996,1.4795336,4.529032839534574,2.0071291310681025
2025-01-23,-0.7440000000000001,0.5044862,0.8620431547734398,0.03217736618699962
2025-01-24,-2.6954999999999996,-0.7663183,-0.8244129760545503,-1.0837184257389656
2025-01-27,-3.6464999999999996,-2.4942167,-2.03372076228185,-1.938419530461836
2025-01-28,-4.1385,-0.18612067,-0.29185078042904555,-0.4680576912255991
2025-01-29,-3.195,0.97658354,0.29992786428287516,0.40461805395793604
2025-01-30,-4.6964999999999995,-3.742139,-2.603105916925565,-2.60685873821248
2025-01-31,-4.621499999999999,-2.4479482,-2.9691892113644296,-2.244583612713163
2025-02-03,-5.229,-3.3463922,-2.107804292751296,-2.2317833412677617
2025-02-04,-4.599,-5.7958198,-5.833009125889453,-4.369302682360159
2025-02-05,-4.0095,-1.8789678,-2.6850134647602975,-1.727698132641685
2025-02-06,-4.5885,-3.85751,-4.434541193048067,-3.2853137571106137
2025-02-07,-5.25,1.4674982,-2.95967453545197,-0.8073275368274169
2025-02-10,-5.3835,-0.86504316,-0.8069609108716141,-0.8414799122363947
2025-02-11,-5.4495,-4.004529,-4.097646345325812,-2.833479738139652
2025-02-12,-5.4795,-4.0419106,-4.137035898903777,-2.8650592981001
2025-02-13,-5.934,-2.4929116,-2.6053717702110046,-1.4890576319715643
2025-02-14,-5.8005,-1.2332021,-0.7012547259869025,-0.6789703111077527
2025-02-17,-5.8605,-1.0106035,-0.6045801044471195,-0.6466486635893566
2024-12-24,-2.4030000000000005,-5.217603,-5.34866125306387,-4.862796891062176
2024-12-25,-2.4974999999999996,-3.9401069,-4.131632109829912,-3.9504867756784714
2024-12-26,-2.718,-3.5451488,-3.65614936937328,-3.569399404238742
2024-12-27,-4.3575,-5.2496643,-5.859455632627362,-4.937983059972811
2024-12-30,-4.4624999999999995,-1.6573591,-0.7346909050671091,-1.3912276998057838
2024-12-31,-4.198499999999999,-4.340305,-5.2768273118899565,-4.501773744054534
2025-01-01,-3.981,-4.443715,-4.757686727170913,-4.2888887995743215
2025-01-02,-4.2165,-4.9649115,-5.644153348587911,-4.872178813128349
2025-01-03,-4.0874999999999995,-2.6075132,-3.0259903366574585,-3.0461921446414277
2025-01-06,-5.613,0.99337983,-1.5428093945582468,-0.9521254608184286
2025-01-07,-4.5089999999999995,-5.2165565,-6.543325347109898,-5.095670853576537
2025-01-08,-4.5809999999999995,-4.649938,-6.647007291173143,-4.991785774418014
2025-01-09,-5.181,3.8945904,-1.6218529704767186,-0.04366098328664769
2025-01-10,-4.566,-0.2825191,-0.9696219914096722,-0.8133788300936108
2025-01-13,-5.226,0.6613164,-0.6332121962458858,-0.178073515084831
2025-01-14,-5.486999999999999,-2.8434205,-3.3599322521108643,-2.2756899482839925
2025-01-15,-5.652,-3.791294,-4.147487699404384,-3.1392274660682036
2025-01-16,-3.6239999999999997,1.7357937,0.9862201303203012,0.2591878110357824
2025-01-17,-3.8625,-2.8793607,-4.026567369798709,-2.6608072709406563
2025-01-20,-4.326,0.7873372,-1.4881917609589674,-0.7223549587514352
2025-01-21,-5.140499999999999,0.010872273,-2.644340214307923,-1.2395865647998308
2025-01-22,-6.2835,-4.2451515,-1.4236247593351319,-2.1765619629724995
2025-01-23,-6.366,-1.3547478,-2.78568155023101,-1.7231750864149908
2025-01-24,-4.935,-2.178281,-2.158269714310394,-1.861060799791181
2025-01-27,-5.2604999999999995,-2.2283323,-2.080152394681209,-1.856391927019015
2025-01-28,-5.2695,-1.6548036,-1.4336318368884975,-1.448902222116351
2025-01-29,-5.1255,0.30412233,-0.1610625295084649,-0.2048933811719319
2025-01-30,-4.551,0.98182476,0.8227362134084718,0.33556629249604436
2025-01-31,-3.372,1.0758344,1.1422454240564741,0.4618220444992943
2025-02-03,-5.034,1.0089332,4.338104743150739,1.8286625475818556
2025-02-04,-4.89,-3.1783643,-2.499321534931175,-2.2919194903377837
2025-02-05,-4.3785,-0.8449394,-0.7529568327814808,-0.831474977835792
2025-02-06,-3.7874999999999996,-0.65777296,-0.7558919179986976,-0.6893053354833085
2025-02-07,-3.171,2.137741,0.7844585032352752,0.6806373704809179
2025-02-10,-3.3795,5.6182423,5.335728706973263,3.909991826078396
2025-02-11,-4.608,0.9237834,1.1943522132063344,0.5401992469345678
2025-02-12,-4.497,1.6934835,2.347817625816801,1.1365106561442813
2025-02-13,-5.01,-0.22420673,-0.805922467931777,-0.8421457031946578
2025-02-14,-5.202,-1.993245,-2.433874371704544,-1.9248490423920634
2025-02-17,-3.8175,0.5991451,0.16496641741798074,-0.04807235996580936
2024-12-24,-2.136,-7.292664,-6.990381887015081,-6.156799870578967
2024-12-25,-2.3639999999999994,-7.493187,-7.145171701595179,-6.377175470021398
2024-12-26,-2.442,-7.858759,-7.992505651758966,-6.856896375504743
2024-12-27,-2.2244999999999995,-6.0558753,-6.017286469288176,-5.442329577856985
2024-12-30,-2.0594999999999994,-2.3531778,-1.8974196887142154,-2.22240504812199
2024-12-31,-2.6594999999999995,-5.944469,-5.741775007611634,-5.3233498797008165
2025-01-01,-2.463,-6.006322,-5.48442028699395,-5.320978206187403
2025-01-02,-1.6005000000000003,-6.4894447,-6.373810717706283,-5.744157836495674
2025-01-03,-1.9394999999999998,-4.602969,-3.886794874463574,-4.235457510073422
2025-01-06,-3.1214999999999997,-1.2709328,-1.8936340825206512,-1.9472818651286976
2025-01-07,-2.9055,-6.0948853,-6.144469938255346,-5.510687730111307
2025-01-08,-2.826,-6.290538,-7.24555597616986,-5.986377628658702
2025-01-09,-3.3,0.48014745,-1.5396202642582129,-1.2824123270698449
2025-01-10,-3.8099999999999996,-0.32854038,0.32162501639465707,-0.7220955175867573
2025-01-13,-4.734,-2.2034562,-1.9082857346793212,-2.0237074585754544
2025-01-14,-4.6425,-2.2799826,-2.040936250160237,-2.1109244781674006
2025-01-15,-4.5089999999999995,-1.7771314,-2.0458238504368285,-1.8635663575102954
2025-01-16,-3.9525,-0.24250709,0.053432073645726275,-0.6186004780379835
2025-01-17,-3.8339999999999996,-3.541431,-3.0779783736526216,-2.8668021911059376
2025-01-20,-3.5055,0.698447,0.14516351252911766,-0.4330538207274142
2025-01-21,-3.6674999999999995,-0.3341635,-2.399072084177915,-1.4833165237608694
2025-01-22,-3.6374999999999997,0.87150335,3.7007109541870893,1.415364378776569
2025-01-23,-3.339,0.7996104,0.9592893548890747,0.19706560526937367
2025-01-24,-3.2415,0.56983477,0.8419596013844861,0.3202285012412953
2025-01-27,-4.481999999999999,-0.2576675,-0.23621978411986502,-0.5699358426367556
2025-01-28,-4.2435,-0.2576675,0.28289735628295865,-0.279838166021367
2025-01-29,-4.161,-0.32525393,-0.29020409491197424,-0.6055562807407335
2025-01-30,-4.318499999999999,-0.36537635,-0.524378333828069,-0.7761846514853636
2025-01-31,-3.792,0.89797103,0.6052287089264472,0.0949730491019492
2025-02-03,-2.8964999999999996,1.6244699,4.356472384440367,2.415027976775879
2025-02-04,-3.5385,-2.8858597,-2.7233872565991404,-2.29119731727518
2025-02-05,-3.1065,-2.0777464,-2.154117868509985,-1.923611072214338
2025-02-06,-2.7239999999999998,-0.79964846,-0.9547285776873546,-1.013238517622599
2025-02-07,-2.4705,3.033278,1.2324078640733462,1.150989216762207
2025-02-10,-2.319,6.640674,6.373767695461322,4.713386893521242
2025-02-11,-3.5414999999999996,1.1676437,1.7288662989653365,0.8957999893150946
2025-02-12,-3.738,0.021867318,0.13392191617748042,-0.1567702169574005
2025-02-13,-3.5505,0.021867318,0.13392191617748042,-0.13501695805606623
2025-02-14,-4.3694999999999995,-0.9998295,-1.7131621757287507,-1.1846018603049449
2025-02-17,-4.553999999999999,-1.6950842,-1.5651524896261264,-1.4144426019859968
2024-12-24,-2.6280000000000006,-5.340747,-5.397677406534859,-4.872603874317788
2024-12-25,-2.8425,-3.824027,-4.02372556425594,-3.8517273703815897
2024-12-26,-2.79,-5.1353393,-5.552662429564331,-4.876893118994288
2024-12-27,-3.0885,-4.151011,-4.390385144735892,-4.122366010423064
2024-12-30,-3.2279999999999998,-0.5035978,-0.16676662933165193,-0.8213960218654419
2024-12-31,-2.5934999999999997,-2.837869,-2.9979519722630315,-2.9250749258490822
2025-01-01,-2.3969999999999994,-2.6162338,-2.3119229373482253,-2.6895910824859826
2025-01-02,-0.8760000000000004,-3.0430212,-3.4445595335276322,-2.959212361138917
2025-01-03,-0.2835000000000001,-1.5919319,-1.7079338742241224,-1.8702551503820775
2025-01-06,-3.7664999999999997,2.4602287,0.4092757165561896,0.4893385408442776
2025-01-07,-2.718,-3.676248,-3.575155929687517,-3.4470361483731593
2025-01-08,-2.0385000000000004,-2.6876159,-3.16394580675475,-2.819402886387211
2025-01-09,-3.774,1.0686932,-1.0210862498767814,-0.486752638490162
2025-01-10,-4.061999999999999,-1.3172436,-1.5101421701547333,-1.4859555979471952
2025-01-13,-4.7684999999999995,0.028741358,0.18044563477306752,-0.2818748252258742
2025-01-14,-4.515,-2.2173257,-2.5591096898247967,-2.0047745653787734
2025-01-15,-4.47,-1.5927175,-1.1984382216393368,-1.3099100058804019
2025-01-16,-3.7994999999999997,-0.12868178,-0.29510527768494915,-0.5850484115520069
2025-01-17,-2.562,-0.035236925,0.38916712441092294,-0.2480459038277092
2025-01-20,-2.7015000000000002,3.4559128,2.526874737506407,1.5502280003898061
2025-01-21,-2.6324999999999994,3.9333074,-0.8019866193514826,0.7765939472832726
2025-01-22,-3.4109999999999996,1.0141425,4.874514008487495,2.0866924556249034
2025-01-23,-3.3494999999999995,0.5362825,0.5640516866789003,0.01678412836284593
2025-01-24,-4.074,-1.4444505,-0.7033365881882825,-1.1252054676020042
2025-01-27,-5.198999999999999,-1.4977463,-1.7898735619870054,-1.5167717678338333
2025-01-28,-4.98,-1.322678,-1.6373284217051374,-1.3537588426559317
2025-01-29,-4.8345,-2.2600992,-2.443039472289041,-2.1093719094530123
2025-01-30,-4.6499999999999995,-2.0523188,-2.349987587639609,-2.0667744110165054
2025-01-31,-4.311,0.5884442,0.17412477153307887,-0.25654233710206786
2025-02-03,-5.086499999999999,0.60096085,5.354838307072014,2.060662197096243
2025-02-04,-4.3755,-2.3751588,-2.0424769856634786,-2.0357112185929416
2025-02-05,-4.0245,-0.7967201,-0.6360810504751268,-0.9434338854037345
2025-02-06,-3.3,-1.0836737,-1.0260866346554687,-1.2454204048281983
2025-02-07,-3.6869999999999994,2.625754,1.1797407525712296,0.8423689285269761
2025-02-10,-3.723,5.7018948,5.3475025828342755,3.976956085855779
2025-02-11,-4.1295,1.2458009,1.7482405519626043,0.7750073309659369
2025-02-12,-4.222499999999999,0.028741358,-0.05116984480676559,-0.3115285448297176
2025-02-13,-4.553999999999999,-2.1799445,-2.0393328870148744,-1.7580183533688483
2025-02-14,-5.034,-1.726436,-1.584849826731671,-1.4766888912614045
2025-02-17,-5.0775,0.22805734,0.19456792260024353,-0.1936346963922629
2024-12-24,-1.0005000000000002,-4.6329594,-4.457167976255349,-4.064701540970257
2024-12-25,-1.7505000000000002,-5.1982555,-5.039490699241566,-4.577729761926227
2024-12-26,-1.452,-4.912334,-4.8130472031274865,-4.269597752917694
2024-12-27,-2.4735,-5.0253816,-4.781269972568948,-4.3425553624741
2024-12-30,-2.871,-1.7530078,-1.595639480277795,-1.8032374961115225
2024-12-31,-2.751,-5.8108606,-5.840435368171699,-5.069545621944127
2025-01-01,-2.2724999999999995,-4.6056356,-4.606502811397604,-4.2302734899502745
2025-01-02,-1.8764999999999996,-6.107415,-6.409904458793372,-5.485152393589495
2025-01-03,-2.2530000000000006,-3.9987166,-3.4445236726021737,-3.7390275390996504
2025-01-06,-3.9989999999999997,1.7341233,1.4579992736865364,0.23387177312224555
2025-01-07,-2.7809999999999997,-5.9029202,-5.918116603004683,-5.235694754576659
2025-01-08,-3.6015,-6.0032225,-7.000430985302726,-5.759989049899945
2025-01-09,-4.154999999999999,1.6959841,-1.3292804984207687,-0.7828745636463177
2025-01-10,-4.2615,-1.4776841,-1.7461395196881007,-1.8540267015973968
2025-01-13,-4.71,-1.3245493,-0.7901864761933303,-1.2745259848350625
2025-01-14,-4.2585,-0.5595204,0.053566228615577194,-0.3392408894868135
2025-01-15,-3.024,2.3568146,1.830729170697453,1.2919044514048093
2025-01-16,-3.8099999999999996,-0.10549912,0.15996268827173904,-0.4325553820227518
2025-01-17,-3.8295,-3.5245624,-3.2978211886090656,-2.742348645584714
2025-01-20,-2.7464999999999997,2.435701,2.492342304448102,1.4585072873210922
2025-01-21,-3.7319999999999998,0.20429718,-2.1215652894566674,-1.0250158939132812
2025-01-22,-4.038,-0.08292672,2.5567889885685005,0.7062877272858337
2025-01-23,-3.876,-0.7420293,-0.8094156999963124,-0.9211915952049423
2025-01-24,-4.835999999999999,-2.2677824,-2.3647229783308203,-2.021556855911245
2025-01-27,-4.4835,0.67185146,0.19374385711224096,0.1596859744685908
2025-01-28,-5.116499999999999,-2.0695162,-2.0364880931765192,-1.6292024415529618
2025-01-29,-4.5089999999999995,0.6226658,0.7419588638426379,0.30597408346972893
2025-01-30,-4.5795,0.36575496,0.5799632294534116,-0.0027580633284551015
2025-01-31,-4.845,0.3210469,0.1120061218410698,-0.09071201654015253
2025-02-03,-4.0455,2.83917,6.453407957447903,3.4249467492163
2025-02-04,-4.3155,-2.8713417,-2.648789119455581,-2.2795550958458497
2025-02-05,-3.723,-0.1371739,-0.12422545335543245,-0.4671645466330751
2025-02-06,-4.1925,-1.2291253,-1.3470349835310402,-1.327580535561791
2025-02-07,-3.618,1.9730109,0.5940557322485749,0.40368693595262345
2025-02-10,-3.4170000000000003,5.6762776,5.356213211923324,3.983266771483469
2025-02-11,-3.945,0.8536044,1.79612252802921,0.7480212064103853
2025-02-12,-4.3395,1.2203776,0.9897894706136945,0.52903183260369
2025-02-13,-4.593,0.68552697,0.9355938114027296,0.24636313176642327
2025-02-14,-4.7475,-0.33987933,-0.25991513768295876,-0.49097715843817863
2025-02-17,-4.963500000000001,-0.008639937,0.14105608119510116,-0.1821007167871227
2024-12-24,-3.36,-5.504298,-5.827916741684958,-5.17264088211656
2024-12-25,-3.504,-5.3176446,-5.7885271881069915,-5.115558069215292
2024-12-26,-3.666,-5.504298,-6.168492307749105,-5.335041956746852
2024-12-27,-3.8819999999999997,-4.115633,-4.387990018280567,-4.200911749198621
2024-12-30,-3.9074999999999998,-0.2174726,0.14757908560152364,-0.7081055968156811
2024-12-31,-1.9679999999999995,-3.5101283,-3.6200419983454797,-3.31071262805264
2025-01-01,-3.168,-3.1989267,-2.808188293346121,-3.0909602510018663
2025-01-02,-2.6159999999999997,-3.537072,-3.922518308771622,-3.5836334350235886
2025-01-03,-2.0925000000000002,-2.7323828,-2.44973514949257,-2.8694784567431784
2025-01-06,-3.1935,1.8514189,1.2028717954339394,0.4042660715104503
2025-01-07,-3.1319999999999997,-5.315628,-5.502025181242636,-4.894458196131049
2025-01-08,-3.501,-4.6627016,-5.454865808697337,-4.666442908168461
2025-01-09,-1.6815,3.1953976,1.6590152311228714,1.020839970996779
2025-01-10,-2.463,0.9746852,0.48390287710723057,0.008232352768590578
2025-01-13,-3.504,0.5419775,0.29903849971001206,-0.17896801692004521
2025-01-14,-3.2849999999999997,1.5112381,2.034731604302004,0.7497113292510138
2025-01-15,-2.5949999999999993,1.8346527,2.5143522886602057,1.1083568999450764
2025-01-16,-2.925,-0.6248992,-0.24006747571639445,-0.7694247786603129
2025-01-17,-2.3625,-1.9566785,-1.4911034903719251,-1.59287823991856
2025-01-20,-2.2289999999999996,1.2007121,0.418515951232712,-0.026974457110845673
2025-01-21,-1.869,0.66970235,-0.7962066704517599,-0.4760108830461184
2025-01-22,-1.9905000000000004,1.1443571,5.120181686956732,2.141703617356356
2025-01-23,-1.8659999999999997,0.887387,1.1940178378218456,0.242002632256548
2025-01-24,-1.8090000000000002,1.2459544,1.9764291570123265,0.7599820900584502
2025-01-27,-2.8529999999999998,1.5953454,2.1212587362130115,0.9240679701158037
2025-01-28,-2.868,1.9025663,1.1163671274958915,0.7745949362769663
2025-01-29,-2.7135,1.422259,1.9652591284339833,0.747816543401469
2025-01-30,-2.0534999999999997,1.9077333,2.4036578974214127,1.1243213907047473
2025-01-31,-0.9465000000000003,1.3346201,1.7817482555922948,0.6133321942473972
2025-02-03,-0.6704999999999998,1.4160668,8.051426865357564,3.2831088742030454
2025-02-04,-1.2929999999999995,-1.3403791,-0.850767765486525,-1.0561859777154963
2025-02-05,-1.2165,-0.27860388,0.2481872391651842,-0.4740334442355367
2025-02-06,-2.1284999999999994,-0.3575594,-0.12112060497438933,-0.6921062360776821
2025-02-07,-2.4659999999999997,2.733134,0.9465350379886905,0.9206122870236816
2025-02-10,-2.5380000000000003,6.524338,6.502060819888739,4.406708704336432
2025-02-11,-3.159,1.7584933,2.0470961154764415,1.054045699456521
2025-02-12,-2.9955,2.1729224,2.154938618560697,1.227497084843153
2025-02-13,-3.5505,0.8651097,1.1877615625396083,0.30592902573857333
2025-02-14,-4.034999999999999,0.73234665,0.7667967509167515,0.05700744204904368
2025-02-17,-3.8369999999999997,0.59320796,0.39634936743021354,-0.10763544887437262
2024-12-24,-0.6090000000000003,-6.3698626,-6.098602988216308,-5.265172363796435
2024-12-25,-0.6539999999999999,-6.3698626,-6.302571965502145,-5.353418251227837
2024-12-26,-0.8940000000000001,-6.091252,-6.405902806937866,-5.300711881372002
2024-12-27,-0.8789999999999999,-4.8778267,-4.77249880288851,-4.358926202270445
2024-12-30,-2.0610000000000004,-2.2716088,-2.185279915248896,-2.189132131284915
2024-12-31,-1.965,-5.1001678,-5.314121427217035,-4.659539442506055
2025-01-01,-0.6269999999999999,-4.6760616,-4.140849588804909,-4.1033614872317
2025-01-02,-0.5309999999999998,-5.7844625,-5.564327927877978,-5.044638033041006
2025-01-03,0.01950000000000038,-1.9951795,-1.7851164512721052,-2.281587634963432
2025-01-06,-2.7255000000000003,1.6016971,0.9642698573648948,0.06916074570599212
2025-01-07,-0.9119999999999997,-2.8794506,-3.090046345608308,-2.9387675427435083
2025-01-08,-1.9260000000000004,-5.1553054,-6.471444681488935,-5.150873701870121
2025-01-09,-2.916,2.9684563,-1.2757636420509688,-0.12946504224956362
2025-01-10,-3.7439999999999998,-1.2002764,-0.8396199219684242,-1.4187881116140466
2025-01-13,-5.102999999999999,-2.0048037,-1.9987037557586604,-1.8009790209672407
2025-01-14,-4.9875,-1.4723002,-1.2419504047644039,-1.4001293626229518
2025-01-15,-5.0385,-1.7224716,-2.1694576950028646,-1.7982490636186796
2025-01-16,-5.511,-1.2910576,-1.3199202963183176,-1.4318331752632885
2025-01-17,-5.3925,-4.066934,-3.65688979932893,-3.1406606344117045
2025-01-20,-5.303999999999999,2.416549,0.438585289428099,0.3034735064901012
2025-01-21,-5.3340000000000005,-0.75135255,-3.4827211479735425,-1.909618006880863
2025-01-22,-5.217,1.791756,3.554752349288969,2.0444813167767824
2025-01-23,-5.5545,-0.99827033,-1.1998569030159478,-1.2893518870328078
2025-01-24,-5.832,-0.8805085,-1.7586700702236744,-1.377787415034547
2025-01-27,-5.6205,0.427697,1.3114202387492933,0.5331129292677388
2025-01-28,-5.475,1.3633341,1.675559317859253,1.1327268172618132
2025-01-29,-5.5335,1.3633341,1.5355697266553787,0.9278049589018482
2025-01-30,-5.8260000000000005,-1.7034222,-1.6456695630120206,-1.488335927318275
2025-01-31,-5.8485000000000005,0.533336,-0.05521795074549929,-0.22136576682684622
2025-02-03,-5.754,-1.567475,1.326374828111152,-0.3343806252161313
2025-02-04,-5.8215,-3.7676983,-3.323490682040024,-2.899848194068458
2025-02-05,-5.438999999999999,-1.223614,-1.5614940964450994,-1.3935783807071342
2025-02-06,-5.438999999999999,-2.273462,-2.1955509655709853,-2.0605569540131436
2025-02-07,-5.097,0.8672752,-0.7358013167199218,-0.4849115310780311
2025-02-10,-4.5075,4.3044357,3.9131901072979054,2.8146802818970813
2025-02-11,-5.015999999999999,0.7993958,0.4039199574173328,0.09066372300773812
2025-02-12,-3.789,2.8273532,1.7325675075546811,1.4034434952576624
2025-02-13,-5.1315,0.6415469,0.23560123965300517,-0.22451941339991655
2025-02-14,-4.5569999999999995,0.35992238,0.2064056633059428,-0.13291964937499695
2025-02-17,-4.010999999999999,1.4649235,1.3581001897094231,0.9644939648374914
2024-12-24,-1.1025000000000003,-6.053893,-5.376885815997572,-4.778193067634226
2024-12-25,-1.1715000000000002,-5.7901597,-5.5125442834121055,-4.780912998863824
2024-12-26,-1.5885000000000005,-5.64767,-5.962184698335965,-4.861130392433752
2024-12-27,-2.4059999999999997,-5.268625,-4.487384019204939,-4.2597061725581415
2024-12-30,-4.026,-1.8072109,-1.4826990891509009,-1.7966316910401465
2024-12-31,-4.4115,-5.140473,-5.251402597428891,-4.598721129104137
2025-01-01,-2.25,-2.689052,-2.3810818320848046,-2.587391720699607
2025-01-02,-2.1614999999999993,-4.3897796,-4.284520280094446,-4.009459888591256
2025-01-03,-3.0464999999999995,-2.121107,-2.0211852690300254,-2.40411955876272
2025-01-06,-4.56,-0.4183146,1.4880385751242982,-0.24711184462923488
2025-01-07,-4.032,-3.6935873,-4.036311003954021,-3.552896842735896
2025-01-08,-4.332,-4.8720884,-5.827856873002399,-4.692130577118997
2025-01-09,-4.872000000000001,0.60217124,0.7262131365952759,-0.16399887466456445
2025-01-10,-5.154,-0.47689134,0.00018164240824544795,-0.5815444271718655
2025-01-13,-5.9295,-1.4253324,-0.9460897402952566,-1.3983251179758807
2025-01-14,-5.8305,-1.8877236,-1.5888341779579829,-1.7523866293392167
2025-01-15,-5.7525,-1.8596293,-1.5040323932932866,-1.7802507225232846
2025-01-16,-5.8065,-0.5552731,-0.3035731383439224,-0.993017740941353
2025-01-17,-5.5605,-3.4324377,-2.69235557159718,-2.733492087022887
2025-01-20,-5.069999999999999,-0.3275377,1.0696439744706272,-0.4504216208652242
2025-01-21,-5.5455,-0.21829608,-2.8655838894448102,-1.6154168168501744
2025-01-22,-5.530499999999999,-0.015387097,3.0650691605130005,0.8544537491804807
2025-01-23,-5.3325,0.3617726,0.32250223999035094,-0.2679479571915487
2025-01-24,-5.325,0.26254377,0.36664977499997786,-0.17398102518000033
2025-01-27,-5.1375,1.1919311,1.5183443014034588,0.8126612718697906
2025-01-28,-5.5335,-0.19131364,-0.08700921979522154,-0.44777149602682076
2025-01-29,-5.7105,-1.5408133,-1.6279188484315972,-1.5736100946411335
2025-01-30,-4.9095,0.26254377,0.983530445282069,0.10158927305680612
2025-01-31,-4.672499999999999,0.7680796,0.6745836972893229,0.04825206541684285
2025-02-03,-4.941,-0.61494505,2.899799954024201,0.5616566841600089
2025-02-04,-5.019,-3.3941393,-2.236066574784215,-2.529632671203738
2025-02-05,-4.645499999999999,-1.4025534,-1.5148827811996628,-1.5315420478245079
2025-02-06,-4.2059999999999995,-1.0309217,-1.1028690730042032,-1.2750134996401725
2025-02-07,-4.2915,0.6718896,0.1500110824502542,-0.28045626873158225
2025-02-10,-3.891,5.3861933,4.927351218812422,3.6677709361287776
2025-02-11,-4.154999999999999,0.03713131,0.5175019539434196,-0.06167234687603959
2025-02-12,-3.4484999999999997,0.51546144,1.1779982281283763,0.5536819110441803
2025-02-13,-3.594,0.51546144,1.1779982281283763,0.47277755685554523
2025-02-14,-4.5285,-0.4501777,-0.03800734289246262,-0.5400710295500857
2025-02-17,-4.4895,0.51546144,1.1136871835110174,0.2358940201099232
2024-12-24,-1.5945000000000003,-7.0766034,-6.764247774868599,-5.83686234599362
2024-12-25,-1.8360000000000003,-7.121894,-6.817188897985058,-5.870624921550146
2024-12-26,-1.0755000000000001,-6.4746466,-6.889888074278976,-5.672049455741112
2024-12-27,-1.9635000000000005,-5.678334,-5.499117240858083,-4.952923036844932
2024-12-30,-0.4440000000000001,-1.2350922,-0.09422615283539269,-0.8739856887440443
2024-12-31,-1.125,-4.5981293,-4.611890383611367,-4.112826693918228
2025-01-01,-1.1909999999999996,-5.220789,-4.7666917189916145,-4.54046300684477
2025-01-02,-1.2119999999999997,-6.01362,-6.142518478505363,-5.347897753424335
2025-01-03,-0.5730000000000001,-2.296449,-2.3365509250690226,-2.6998737942838913
2025-01-06,-2.2769999999999997,0.2631223,0.2009725878303403,-0.39707977322786114
2025-01-07,-1.5989999999999995,-6.013544,-6.0473513648975326,-5.280879727510788
2025-01-08,-1.5074999999999996,-4.8472266,-5.865187771246484,-4.670070104623463
2025-01-09,-2.2724999999999995,2.2497985,0.22929600135742303,0.23939356350358576
2025-01-10,-3.3869999999999996,-0.7934916,-0.2403800587810226,-0.9126772207195861
2025-01-13,-3.7724999999999995,1.430981,1.4623505918396362,0.7430452143067383
2025-01-14,-3.9314999999999998,-1.7511538,-1.5468820541438215,-1.5843707114239232
2025-01-15,-3.8505000000000003,-2.1095355,-2.0583466320137322,-1.8902716110658604
2025-01-16,-3.8474999999999997,-1.3445442,-0.9712344545262303,-1.3357718849732167
2025-01-17,-3.57,-2.7181528,-2.303568981711023,-2.1256219283311735
2025-01-20,-2.3280000000000003,0.72716254,0.4894060402911061,-0.04985215295736706
2025-01-21,-3.4589999999999996,-0.31806254,-2.2085011850193577,-1.236843503155213
2025-01-22,-3.5955,0.68592113,2.689446807637283,1.2278075606811303
2025-01-23,-3.7424999999999997,0.15429494,0.27112276737114754,-0.24981646058294357
2025-01-24,-3.828,0.6899274,0.5429163492179427,0.08501295204836548
2025-01-27,-4.3155,-0.09636838,0.12488556984985899,-0.03133461895457937
2025-01-28,-4.7985,-1.5358886,-1.5828290983813187,-1.303456884063487
2025-01-29,-4.815,-1.1508933,-1.147839261726296,-1.125921118794036
2025-01-30,-4.7684999999999995,-1.5195142,-1.7213879375125167,-1.491941931029903
2025-01-31,-3.9359999999999995,1.530443,1.2264259590704443,0.6816551923816119
2025-02-03,-4.314,1.2011153,2.9126089375197237,1.4080236773414636
2025-02-04,-3.8655,-1.9992903,-2.1027497816878,-1.7299665507666782
2025-02-05,-3.408,-1.713481,-1.5801591047740728,-1.4992842890848104
2025-02-06,-2.9595,0.6714514,-0.46639327240830764,-0.22014224933514726
2025-02-07,-2.9565,2.2983623,0.8423155981113052,0.7097523179189399
2025-02-10,-3.0180000000000002,4.895467,4.923053391209229,3.5820089458332722
2025-02-11,-4.1834999999999996,0.44477868,0.12049819578999067,0.05184794446272237
2025-02-12,-4.329,0.2398703,0.13392191617748042,0.01743020574055673
2025-02-13,-4.0125,1.331777,1.3115822757714377,0.9558197577632389
2025-02-14,-4.521,1.9609221,1.7039770034066632,1.346851222945059
2025-02-17,-5.1209999999999996,2.6913376,3.007197530170451,1.9750318760978953
2024-12-24,-1.7579999999999998,-6.3968973,-6.016137804697444,-5.572450044618057
2024-12-25,-1.7864999999999995,-6.3968973,-6.137307227973714,-5.610758105267954
2024-12-26,-1.6920000000000002,-6.263274,-6.172158298017526,-5.515440524248878
2024-12-27,-0.7724999999999997,-3.3575153,-3.5622448808342075,-3.5030539838884214
2024-12-30,-0.38400000000000034,-1.0141687,-0.9817719852985567,-1.3842471625571315
2024-12-31,-1.1820000000000004,-4.291653,-4.2627738241910125,-4.077732160465462
2025-01-01,-0.5280000000000005,-3.9130545,-3.3821687460660987,-3.729376241597475
2025-01-02,-0.3164999999999999,-4.7068987,-4.792008026258266,-4.52239523564193
2025-01-03,-0.5670000000000002,-2.0779216,-1.9205604204683795,-2.5367749354297366
2025-01-06,-1.1025000000000003,1.1446846,0.0628339701973838,-0.19520930658487848
2025-01-07,0.22199999999999953,-2.7039757,-2.6024111328337733,-2.738116366188989
2025-01-08,-0.8670000000000001,-4.8785853,-6.065311436683157,-4.889107977368366
2025-01-09,-1.3019999999999998,1.914625,-0.02193666694471258,-0.08157682680266817
2025-01-10,-2.9835,-1.8124292,-1.7045003195507817,-1.9711550779342075
2025-01-13,-3.8819999999999997,-1.9946603,-1.9162687435871364,-1.960065948409615
2025-01-14,-3.4484999999999997,-1.727152,-1.1021088118870321,-1.5260375901078622
2025-01-15,-4.2555,-2.3488452,-2.244843636040987,-2.2514323971225982
2025-01-16,-4.385999999999999,-1.2697381,-1.4639183454819793,-1.6626464230808304
2025-01-17,-4.3875,-4.0690885,-3.6114676877737675,-3.308246005753599
2025-01-20,-3.3345,0.5047645,0.12691235722379035,-0.540195701472616
2025-01-21,-4.236,-0.45707196,-3.668616739970637,-2.018918784545658
2025-01-22,-4.575,0.9606767,3.1219141933545678,1.1166030059811705
2025-01-23,-3.375,1.1872528,1.367390661868629,0.4835851920888419
2025-01-24,-4.686,1.357715,0.8032776302718214,0.19243834490627543
2025-01-27,-5.1885,-1.2226804,-1.2986115164480876,-1.2899896351021594
2025-01-28,-5.342999999999999,1.3828217,0.25882358620834933,0.3938641577377141
2025-01-29,-5.5515,-1.588785,-1.5724471804813687,-1.6375532236776729
2025-01-30,-5.379,-2.1121433,-1.8931487659254218,-1.9311302630938156
2025-01-31,-5.322,0.715183,0.364843122249625,-0.20134600473622255
2025-02-03,-5.1315,0.17320184,2.8658790858004233,0.7652166379422264
2025-02-04,-5.1705,-2.425184,-2.105999544312737,-2.067613509557053
2025-02-05,-3.6569999999999996,1.9690473,0.959700644529548,0.7258784309811427
2025-02-06,-2.775,2.9296763,3.8528689500463624,2.2308480024561472
2025-02-07,-3.0404999999999998,3.9248781,3.3236913380296396,2.0875836781250703
2025-02-10,-3.216,5.7705483,5.253155166905947,3.9399673583927024
2025-02-11,-4.693499999999999,-0.19131364,-0.31378654600794104,-0.45242394152913135
2025-02-12,-4.5075,0.10002446,0.10048289520929217,-0.17832779268299648
2025-02-13,-3.8369999999999997,1.8435277,1.2915669751907393,1.1420043104155269
2025-02-14,-4.802999999999999,1.8985542,2.4856643893775905,1.5867894576491044
2025-02-17,-4.641,1.7279898,1.0202852355013525,0.8083401172705292
2024-12-24,-3.2535000000000003,-5.3318715,-5.441432139049289,-4.798608933926728
2024-12-25,-3.6854999999999998,-5.80038,-6.077158587789278,-5.18605280027158
2024-12-26,-3.6885,-5.671517,-5.988824065269245,-5.108803473301627
2024-12-27,-3.339,-4.544005,-4.556346640907664,-4.2247709128638675
2024-12-30,-3.969,-1.1176624,-0.9164608662779917,-1.392242268848298
2024-12-31,-3.3539999999999996,-3.1380239,-3.3533333694038454,-3.304084598244763
2025-01-01,-4.047,-4.387092,-3.7062367002944705,-3.9460900597968314
2025-01-02,-3.3615,-4.491147,-4.590878950043454,-4.273041204613243
2025-01-03,-3.8729999999999998,-2.464318,-2.227981529110933,-2.7555414772448015
2025-01-06,-4.563,2.3523605,2.31041887060001,0.8840962666769865
2025-01-07,-4.1325,-5.816099,-5.512172941967983,-5.164262506169283
2025-01-08,-4.494,-4.4148965,-4.804718367201624,-4.356846917452324
2025-01-09,-4.7835,-0.050619036,-1.405556883922918,-1.237262390503416
2025-01-10,-5.278499999999999,-0.39199096,-0.2590111729223574,-0.8465933120148933
2025-01-13,-5.911499999999999,-1.181338,-1.1104068785393548,-1.2908729169011244
2025-01-14,-5.539499999999999,-1.0239259,-0.8204822661314652,-1.075807853096372
2025-01-15,-5.4479999999999995,-0.79128146,-1.1141354860562591,-1.120449111497602
2025-01-16,-5.604,-0.48054653,-0.6640266252112719,-0.9084385904110049
2025-01-17,-4.767,-2.9988356,-2.670169190476288,-2.3787421853685866
2025-01-20,-4.44,-1.2935829,-1.3077651713384562,-1.4495995645598976
2025-01-21,-3.6194999999999995,3.0058012,-0.44343711249078277,0.6367248510981361
2025-01-22,-4.7355,-0.5307112,2.7808068906998,0.6768977345786124
2025-01-23,-4.14,0.069107674,0.1009563875103892,-0.37915811273487693
2025-01-24,-4.789499999999999,-0.70852953,-0.5292416830280686,-0.8571811854006294
2025-01-27,-5.3565,0.7476753,-0.2915330588780897,0.004305402617459542
2025-01-28,-5.582999999999999,0.9766065,0.9597460525951067,0.6688387808939257
2025-01-29,-5.382000000000001,-1.5971559,-1.4470698694494244,-1.2556285065082415
2025-01-30,-5.5845,-1.8164402,-1.4979456277512955,-1.4337974260101451
2025-01-31,-5.4285,0.13986503,0.1472637780342375,-0.20774007649874138
2025-02-03,-5.303999999999999,-0.19303298,2.9320548276388827,0.8929650021319225
2025-02-04,-5.397,-2.8287098,-2.491054265684052,-2.1272815273735137
2025-02-05,-4.8555,-1.373659,-1.4871164963219157,-1.3350742562214166
2025-02-06,-4.9095,-1.4957108,-1.191963951727531,-1.2507567986927972
2025-02-07,-4.3965,0.9771901,-0.015577865067319209,0.034867864610140714
2025-02-10,-4.287,5.5572147,5.07900395882848,3.894696326921647
2025-02-11,-4.8,0.30493277,0.36664977499997786,0.09417754567147857
2025-02-12,-4.6275,1.1634208,1.62779718336519,0.9353265978624278
2025-02-13,-4.662,0.26254377,0.36664977499997786,0.08341757640485978
2025-02-14,-4.965,1.1495422,1.5183443014034588,1.0730085847753759
2025-02-17,-4.9275,1.5713543,1.7913261010717083,1.2440165353965744
2024-12-24,-2.9415,-5.484272,-5.754274902397948,-4.928708989303219
2024-12-25,-2.994,-6.683853,-6.519578606008732,-5.645152909889234
2024-12-26,-4.236,-5.670127,-5.821009868694292,-4.957871226830727
2024-12-27,-3.1395,-5.642705,-5.644157143377183,-4.9280996821951195
2024-12-30,-0.9795000000000001,-0.6726083,-0.17217629547107519,-0.6217863747387611
2024-12-31,-1.7264999999999997,-1.4134493,-1.0782483274859522,-1.8156673884923145
2025-01-01,0.003000000000000469,-2.2478635,-2.1163309803501416,-2.421411955256137
2025-01-02,-0.7875,-3.7817175,-3.786990343928852,-3.8154404985438743
2025-01-03,-1.098,-2.3958187,-2.1243848867989024,-2.693703080400507
2025-01-06,-3.2819999999999996,1.4805557,2.762042494140944,0.8044057428313827
2025-01-07,-2.8109999999999995,-6.634119,-6.485169869023314,-5.626949123589328
2025-01-08,-3.4635,-4.657271,-5.401711228575275,-4.527008846529386
2025-01-09,-4.573499999999999,2.9219136,0.8751904208306075,0.6785500386067631
2025-01-10,-4.9334999999999996,-1.3941283,-1.0068236859097046,-1.3384641553929415
2025-01-13,-5.4255,-1.6225175,-1.4571681839058541,-1.2810121846596725
2025-01-14,-5.616,-2.7875457,-2.7387973673546386,-2.1903350894233595
2025-01-15,-5.4375,-2.424166,-2.438062097353788,-1.9957702678666647
2025-01-16,-4.845,-1.5771852,-1.6278987456580258,-1.4794205060584065
2025-01-17,-4.481999999999999,-3.1434805,-3.011183675071985,-2.4707078113250227
2025-01-20,-4.539,0.070467055,1.0026072225185152,-0.2823762930446349
2025-01-21,-2.5034999999999994,6.6637516,5.278919741386778,3.999628595438464
2025-01-22,-2.625,4.917496,8.265926175738178,4.487565019098452
2025-01-23,-2.5124999999999997,3.0996728,3.5008708694145243,2.0747528077101953
2025-01-24,-2.7869999999999995,0.8688801,0.852458103801641,0.4258361532595163
2025-01-27,-5.052,-2.1094172,-2.1734133565841582,-1.7616423377756065
2025-01-28,-4.505999999999999,-0.9057919,-1.1842451990832634,-0.8435126190491385
2025-01-29,-3.6599999999999997,0.9914354,0.798776086998578,0.4249850001591712
2025-01-30,-4.749,-1.780028,-1.5562323453676838,-1.3542480765053686
2025-01-31,-4.479,0.68158334,0.4830674294387721,0.1941875419699819
2025-02-03,-1.4625,6.7784915,8.129309353675817,5.588227713654635
2025-02-04,-2.8125,-1.178756,-0.9340887260038438,-0.9460222927776536
2025-02-05,-1.2434999999999998,-0.26891604,1.384877783725556,0.40195252343375565
2025-02-06,-1.0559999999999998,0.52500653,2.488433010501725,0.7890929536920367
2025-02-07,-1.371,2.7050076,4.102769732964482,2.14021954130315
2025-02-10,-1.1684999999999999,5.614231,5.413059576367171,3.952166147481757
2025-02-11,-3.363,1.7686948,2.4458314899885667,1.3388809202901633
2025-02-12,-4.0125,0.13242923,0.9871844320191063,0.1771279449213433
2025-02-13,-4.4325,-0.2986669,0.443088549477609,-0.13572597038403705
2025-02-14,-4.6739999999999995,-0.28040653,0.21110190236590803,0.0213768229389584
2025-02-17,-5.0325,-0.51320195,-0.540526731285303,-0.3332013214300899
2024-12-24,-3.1994999999999996,-6.3158803,-6.138049582946681,-5.516228537291735
2024-12-25,-3.3885,-4.4487143,-4.335361293966277,-4.123605444453723
2024-12-26,-4.2795,-5.673081,-5.965695429319428,-5.160469032636536
2024-12-27,-4.617,-6.180376,-6.417377562730775,-5.432749061345344
2024-12-30,-4.0485,-1.3124903,-1.163937483126242,-1.5634605785960147
2024-12-31,-3.6045,-4.000892,-4.339624390126685,-3.9082998097353934
2025-01-01,-3.888,-3.2689593,-3.0263641462784627,-3.269333552859403
2025-01-02,-4.164,-4.7659087,-4.957459054847064,-4.37063703261284
2025-01-03,-4.9334999999999996,-2.318227,-2.327082395281523,-2.6949342579247655
2025-01-06,-5.303999999999999,3.0564268,0.49377445906299483,0.5253920816916038
2025-01-07,-5.3205,-5.557379,-5.387995285929933,-5.002002453565501
2025-01-08,-5.4315,-4.848748,-5.737115747854369,-4.8051463673226
2025-01-09,-5.169,3.6388664,0.1581474257369329,0.703871756085222
2025-01-10,-5.4479999999999995,0.15035254,-0.21245640759877088,-0.5891590770701458
2025-01-13,-5.607,-1.3734566,-1.181146156904832,-1.257585069822714
2025-01-14,-4.894499999999999,1.3543631,1.3992959996322616,0.8193124687462013
2025-01-15,-5.2815,0.013507208,-0.2454470751443847,-0.4710093600720452
2025-01-16,-5.4255,-0.18940178,0.06568242430612074,-0.44061531966738654
2025-01-17,-4.1715,-2.4085011,-2.3412215384626234,-2.033310355069708
2025-01-20,-4.8,-0.3770804,-0.3150008622214955,-0.731971246426239
2025-01-21,-4.521,-0.020637961,-2.3982929727929316,-1.1637758312444364
2025-01-22,-4.197,2.065355,4.878710593086037,2.6626560270841115
2025-01-23,-4.8345,0.9932531,1.370335986223797,0.395263450225917
2025-01-24,-5.3925,-0.79070234,-0.3639728794004028,-0.7850650243059767
2025-01-27,-6.108,-1.6128463,-1.0381178206557018,-1.1165213983021771
2025-01-28,-5.9595,-1.1422783,0.1714145234710336,-0.3698208213477716
2025-01-29,-6.2715000000000005,-1.832831,-1.7906244289391045,-1.5068886349254051
2025-01-30,-6.1034999999999995,-2.2196376,-1.1622670487308886,-1.3967163797767188
2025-01-31,-6.1395,-0.3082898,-0.011424085050728311,-0.2896803071622468
2025-02-03,-6.0360000000000005,-2.3975658,1.614156886062819,-0.36642852820653293
2025-02-04,-4.341,-1.0095314,-0.7778495075504527,-0.6963049939326098
2025-02-05,-5.7059999999999995,-3.0028737,-0.9419929915726432,-1.7744955032903427
2025-02-06,-5.427,-2.962794,-1.1535680251327296,-1.8669813924772567
2025-02-07,-5.1705,0.42540678,-1.0833352673124879,-0.559652984477977
2025-02-10,-5.1855,3.8177164,2.497640896733183,2.1265578149566546
2025-02-11,-5.808,-2.018109,-0.77703915506287,-1.2976994626885465
2025-02-12,-5.927999999999999,-0.9827735,0.5707775912844639,-0.37913703190301395
2025-02-13,-6.2775,-3.0558953,-2.2688547037096853,-2.1895593954561443
2025-02-14,-5.874,-2.110828,-0.3233801602676696,-1.149560326051648
2025-02-17,-5.3084999999999996,1.1919311,1.225270798360622,0.7357650050961013
2024-12-24,-3.993,-5.2606416,-5.297414296792364,-4.685638147912893
2024-12-25,-4.2509999999999994,-5.24845,-5.370458621889555,-4.784067945799825
2024-12-26,-3.9435,-5.289173,-5.696297982282078,-4.9744368458094685
2024-12-27,-3.6704999999999997,-3.1042604,-3.2323228050037196,-3.2803839314242977
2024-12-30,-2.2905,1.0085777,2.5658116387961902,0.848283783337006
2024-12-31,-3.42,-3.520573,-3.878286147462453,-3.6303952004434463
2025-01-01,-3.153,-2.6162338,-2.2408573612811016,-2.74024394440745
2025-01-02,-2.9309999999999996,-4.1230702,-4.413132607020788,-4.070525421915982
2025-01-03,-3.5925,-1.9145951,-1.8900181019594224,-2.5245990369617286
2025-01-06,-4.390499999999999,1.9023675,1.0979624381278101,0.15497453551925972
2025-01-07,-4.446,-5.363385,-5.502025181242636,-5.065445547959335
2025-01-08,-4.773,-4.495273,-5.411201507192649,-4.759687093142322
2025-01-09,-4.7204999999999995,1.7180566,1.1799521932254045,0.080800835810382
2025-01-10,-4.2,0.70074904,1.537920655648051,0.1514146131512643
2025-01-13,-4.3709999999999996,1.3890636,1.5462986111395083,0.5622938547723098
2025-01-14,-3.4005,1.2999715,1.548469952002612,0.7187575697814584
2025-01-15,-3.6494999999999997,1.6483613,1.5733914430420044,0.8360611335373584
2025-01-16,-3.8085,0.6867196,0.908362989403187,0.07005249725371027
2025-01-17,-3.789,-1.9829885,-1.2156366517793733,-1.4954211596710456
2025-01-20,-3.4619999999999997,0.6526906,1.2114397214358226,0.1578814254593634
2025-01-21,-3.8625,-0.049659327,-2.5800061156563014,-1.2900449412769392
2025-01-22,-4.044,-0.44220984,2.5648537099058695,0.6085561220558842
2025-01-23,-3.9599999999999995,0.25398096,0.1927308823517673,-0.3054117502476277
2025-01-24,-4.422,-1.3702446,-1.657298397041402,-1.5654581606394706
2025-01-27,-4.5675,-0.049639538,-0.19970203755752747,-0.51421399403599
2025-01-28,-5.4285,-1.1924068,-1.040968582311168,-1.1768336478244688
2025-01-29,-4.3965,1.0202488,1.356803863160136,0.5494670947505591
2025-01-30,-5.0895,-1.4554814,-1.5203731336337638,-1.5091114251084279
2025-01-31,-4.7444999999999995,0.4806526,0.43465307050401814,-0.05673123830267715
2025-02-03,-4.209,0.5218306,4.616796555583355,1.8373275647385854
2025-02-04,-5.2455,-2.1969929,-2.003954503939552,-1.7690260011026702
2025-02-05,-3.9599999999999995,0.35617146,0.10405249465198839,-0.15364284869567085
2025-02-06,-4.029,0.32844564,-0.008088676488396201,-0.2351354602619854
2025-02-07,-3.7815,2.3192265,1.4430111013290683,0.8950926619460635
2025-02-10,-3.6390000000000002,6.2459707,5.890829850198546,4.385321702524388
2025-02-11,-5.177999999999999,0.020447327,0.03075666485919919,-0.2915052443862657
2025-02-12,-5.234999999999999,-1.2582384,-1.0813937380594352,-1.1389525616549132
2025-02-13,-5.4495,-1.902018,-1.4940800841619328,-1.5706076136011142
2025-02-14,-5.4645,-1.2519623,-1.145063614670282,-1.1167355225565967
2025-02-17,-5.680499999999999,-1.6205834,-1.6673084020095632,-1.4683333578471534
2024-12-24,-3.597,-6.433095,-6.264296489115074,-5.595503592023858
2024-12-25,-3.7484999999999995,-5.083622,-5.264152684283476,-4.751808647323427
2024-12-26,-3.2925,-5.083622,-5.012723315952547,-4.769233377330638
2024-12-27,-2.4074999999999993,-4.341965,-3.891841622449866,-3.9620542626518334
2024-12-30,-2.8905,-0.87012404,-0.468232139138779,-1.2397558694655697
2024-12-31,-3.189,-4.179634,-4.210125786116146,-4.1216463224598
2025-01-01,-2.802,-4.4747744,-4.129999861906532,-4.319548239119148
2025-01-02,-2.895,-6.5254087,-6.302765102943964,-5.903744855367619
2025-01-03,-3.3945,-3.8900821,-3.411170001106157,-3.9630731269233586
2025-01-06,-4.2375,2.207887,2.0185853932974807,0.2732375658645464
2025-01-07,-0.996,-3.7225013,-3.925426286636703,-3.8226066002699652
2025-01-08,-2.7045,-5.0546026,-6.109829668946613,-5.31408712309773
2025-01-09,-3.843,2.8477764,-0.026423807242745276,0.05785684382191919
2025-01-10,-4.5584999999999996,-0.44924158,-0.011378833030357378,-1.0031705952150602
2025-01-13,-4.9065,0.4691332,0.5309305363503335,-0.024119671781609092
2025-01-14,-5.140499999999999,-1.1428736,-1.5016673488794816,-1.3876960395461868
2025-01-15,-5.223,-1.360562,-1.8634570540928062,-1.7399996080369666
2025-01-16,-5.2364999999999995,-0.99313945,-1.3397669973843003,-1.393600821845848
2025-01-17,-5.1765,-4.2726297,-4.0131296420146025,-3.375730785510443
2025-01-20,-4.0575,2.3759377,4.094032768808441,1.6173578032059408
2025-01-21,-4.409999999999999,1.3446196,0.15450609866267817,0.18166949046666953
2025-01-22,-4.053,3.1283708,6.2405058717306305,3.572403576454226
2025-01-23,-5.145,0.95931065,0.2029318924874388,-0.02142156696409475
2025-01-24,-5.482499999999999,-1.9231375,-2.4144468193248456,-1.9368313234225856
2025-01-27,-5.3309999999999995,-1.5684997,-2.25507846520704,-1.64781749715566
2025-01-28,-5.434500000000001,1.9983035,3.079364024622117,1.6732000781246
2025-01-29,-5.734500000000001,-0.7185474,-0.6277430817497829,-0.77780906718441
2025-01-30,-5.997000000000001,-1.4933654,-1.5481111908276108,-1.4322928830771877
2025-01-31,-6.005999999999999,-0.1871178,-0.37167248120295965,-0.667354288082743
2025-02-03,-5.486999999999999,0.816597,5.57272220191162,2.2532718920475734
2025-02-04,-6.039,-3.7446651,-3.2134800049820664,-2.8639382642547546
2025-02-05,-5.7315,-0.9472445,-1.0626033834128692,-1.1184826341228264
2025-02-06,-5.890499999999999,-2.3687482,-2.6868901214742946,-2.2782774704865885
2025-02-07,-5.744999999999999,2.7064557,-0.8939114261710883,0.08318823576051915
2025-02-10,-5.3309999999999995,3.4495451,2.6733138853897973,2.019634594280149
2025-02-11,-5.511,-1.380576,-1.7290567470348819,-1.3564113475646071
2025-02-12,-3.7394999999999996,3.7302117,4.050087709238839,2.6145538003778936
2025-02-13,-5.784,-1.0726519,-0.9141508289737679,-0.9148971170486099
2025-02-14,-5.852999999999999,-0.837353,-0.7193500161149373,-0.7619585862963393
2025-02-17,-5.7435,-0.7351265,0.3141149262656149,-0.27481254995257665
2024-12-24,-0.8369999999999997,-7.0915728,-6.447056922318701,-5.693156705476635
2024-12-25,-1.0065000000000002,-6.901738,-6.251147144344874,-5.629080524273225
2024-12-26,-1.473,-6.9205585,-6.466380079663941,-5.770227410082015
2024-12-27,-1.7655000000000005,-6.7702866,-6.996315284288188,-6.033730293532673
2024-12-30,-2.2244999999999995,-0.81248254,-0.6552098848130143,-1.2905019556015929
2024-12-31,-2.2110000000000003,-4.66006,-4.584371668247657,-4.479726952715779
2025-01-01,-2.3639999999999994,-3.6660812,-3.3612043454264184,-3.637342435053698
2025-01-02,-2.7390000000000003,-4.40504,-4.660727293809352,-4.294916919903032
2025-01-03,-3.9974999999999996,-2.4254773,-1.8075134481442425,-2.566158126547905
2025-01-06,-4.8915,2.9727783,1.3224640615858194,0.6711393658252142
2025-01-07,-4.365,-5.93191,-6.017856703471515,-5.324706866480485
2025-01-08,-4.7055,-5.0651665,-5.840092779295417,-4.939453935086382
2025-01-09,-4.713,3.2168543,0.6511457026592709,0.548995453979077
2025-01-10,-5.1135,0.3949976,0.618644605361694,-0.16300381408504536
2025-01-13,-5.365499999999999,-0.7637599,0.12768191674948567,-0.6624962206066642
2025-01-14,-4.2509999999999994,3.452947,3.2200131706672463,2.228709897341923
2025-01-15,-4.776,1.1774758,1.5643582020268618,0.7729017890938494
2025-01-16,-5.013,-0.36245638,0.05482092452389922,-0.5562543258141266
2025-01-17,-4.98,-3.1586144,-2.1372360624965454,-2.329829829010556
2025-01-20,-5.138999999999999,1.2340789,-0.15604324425904204,-0.30575867544120233
2025-01-21,-5.1855,-0.6776978,-2.7684598220546333,-1.7361939047982502
2025-01-22,-5.1045,1.6568886,6.545207459067742,3.0227720514883583
2025-01-23,-5.3685,1.4295268,3.0201577205396126,1.2042362788346688
2025-01-24,-5.961,-2.1020923,-0.2544019175165474,-1.2335189118576768
2025-01-27,-5.861999999999999,-1.0101851,0.9004892302372605,-0.1276306859587889
2025-01-28,-5.6955,-0.9336588,1.2329522868580634,0.004084538589261694
2025-01-29,-5.805000000000001,-0.8333862,1.2883657385553526,0.11155873083361953
2025-01-30,-6.1695,-2.3116448,-0.6678991034094173,-1.3765613344560863
2025-01-31,-5.251499999999999,3.2213507,3.952959643157866,2.3615785863687275
2025-02-03,-5.434500000000001,1.3187032,4.724886477086554,2.2225484936778055
2025-02-04,-5.140499999999999,1.044296,1.0538986341517735,0.6954328674758864
2025-02-05,-4.9515,0.23035598,0.24731843818245255,-0.04868461909709107
2025-02-06,-4.815,0.34623474,0.5424709827768375,0.07799492507204861
2025-02-07,-3.669,4.4725485,3.2930447924379553,2.4919400456746716
2025-02-10,-3.8819999999999997,7.6697197,7.403546226944505,5.591412663091121
2025-02-11,-4.7204999999999995,1.1355394,0.9536181837991442,0.5744018818702072
2025-02-12,-3.1140000000000003,4.27449,4.163232152044095,2.979669240485984
2025-02-13,-3.6479999999999997,1.2270461,1.7890380085442754,0.8886553681446577
2025-02-14,-4.9215,0.10176961,0.6716934049641436,0.18348444544894152
2025-02-17,-5.28,1.5141193,1.1254555574871625,0.8345794923140902
2024-12-24,-0.6405000000000004,-5.7709904,-5.577796514966107,-5.044943586284283
2024-12-25,-0.7425000000000004,-6.269608,-6.276694551339722,-5.486097083244297
2024-12-26,-0.7784999999999996,-6.237301,-6.336877429581894,-5.503882441919272
2024-12-27,-0.7320000000000003,-4.616998,-4.667148715758429,-4.230814941441263
2024-12-30,-1.4099999999999997,-1.0516537,-0.5782819668403579,-1.1045929244120032
2024-12-31,-1.8224999999999998,-5.00693,-4.97075573313537,-4.510398762734637
2025-01-01,-1.4744999999999997,-4.233049,-3.702225123647023,-3.780765736524602
2025-01-02,-0.8099999999999997,-4.5901036,-4.534793374436755,-4.1836701532369105
2025-01-03,-1.1474999999999997,-3.0520315,-2.6130998108081767,-3.0949022728840454
2025-01-06,-2.3369999999999997,2.2929401,2.2445069363048664,0.7693900623721248
2025-01-07,-1.8974999999999997,-4.0298414,-3.8568314603822214,-3.746506642282912
2025-01-08,-2.2889999999999997,-4.2262726,-4.521556938712773,-4.139769694670369
2025-01-09,-2.919,2.0093598,0.2600605659437988,0.054116322596440114
2025-01-10,-3.651,-1.3592865,-1.210477100870499,-1.5997604150267957
2025-01-13,-4.716,-2.4049065,-1.9476752882572872,-2.1768726109176875
2025-01-14,-4.7295,-2.350533,-2.040936250160237,-2.2175767134241484
2025-01-15,-4.839,-2.5039098,-2.3218820738373034,-2.3877390431684056
2025-01-16,-4.4505,-1.5480665,-1.561288319058393,-1.8035186367513174
2025-01-17,-3.6885,-3.0867362,-2.6337735202403767,-2.55856061386511
2025-01-20,-3.7065,2.2346776,1.77994391989105,0.5617908481331475
2025-01-21,-2.8905,4.791401,2.8582607830560827,2.3997696989080173
2025-01-22,-3.9734999999999996,0.7549068,4.387145411386108,1.8698849458858633
2025-01-23,-4.1354999999999995,0.4942981,0.7505027677947141,-0.07375766988356758
2025-01-24,-4.5405,-0.2576675,-0.1429588222169163,-0.7154569481449617
2025-01-27,-4.0755,0.83423877,1.0347015373770405,0.5521352173178758
2025-01-28,-4.9605,2.019777,0.6920626484772402,0.7715880745742852
2025-01-29,-4.77,0.023149086,-1.1947901539554031,-0.7995437699944801
2025-01-30,-4.7835,-1.989746,-2.0364880931765192,-1.7191142782993043
2025-01-31,-4.473,0.55687547,0.325777511549137,-0.0067605168912041325
2025-02-03,-4.2525,0.2660409,3.0525139190914428,1.1444702171294778
2025-02-04,-4.249499999999999,-2.453645,-2.0914152140351536,-1.8988783169999661
2025-02-05,-3.9375,-0.89862615,-1.0482573795816044,-1.059553944897245
2025-02-06,-3.9404999999999997,-1.5325929,-1.3994179605476815,-1.4333869059507995
2025-02-07,-3.6719999999999997,2.572846,1.1307245991002421,0.8543145700775707
2025-02-10,-2.433,6.665213,5.664111879069643,4.723376559713643
2025-02-11,-3.9359999999999995,0.70729756,0.7907054899268942,0.33884241158532313
2025-02-12,-3.9825,-0.39580438,-0.3885140321749266,-0.511461753262166
2025-02-13,-4.645499999999999,-1.7832862,-2.497856130047981,-1.8244714790680485
2025-02-14,-5.217,-2.1021023,-2.497856130047981,-1.9445511881713333
2025-02-17,-5.2755,-0.34959024,-0.6708598086327352,-0.6845364547169407
2024-12-24,-0.5099999999999998,-6.1386147,-6.3582433063209916,-5.995337975637831
2024-12-25,-1.0110000000000003,-6.0499334,-6.6166226790822655,-6.0528292309920015
2024-12-26,-1.2900000000000003,-5.413965,-5.939560427521405,-5.589146658706714
2024-12-27,-0.5925000000000004,-3.4231985,-3.5010963094536307,-3.9072287791909845
2024-12-30,-2.4059999999999997,-1.6208456,-0.9134076285525153,-1.8059493695160163
2024-12-31,-1.1849999999999998,-4.255753,-4.482674638165522,-4.192006627857648
2025-01-01,-2.0280000000000005,-4.285174,-3.7623058730210905,-4.002124014196887
2025-01-02,-1.1820000000000004,-4.9514256,-4.981510907113713,-4.699309765936602
2025-01-03,-1.3034999999999997,-2.72092,-2.4751654205602103,-3.0362642688946324
2025-01-06,-3.0464999999999995,0.73524076,0.609708514444229,-0.2584070921385028
2025-01-07,-1.6184999999999998,-3.843005,-3.909630516072648,-3.8262190484997114
2025-01-08,-0.7184999999999998,-2.8122177,-3.1114056037230884,-2.7682725157847403
2025-01-09,-2.2949999999999995,0.9978481,-1.2463398706419315,-0.6591191867162189
2025-01-10,-3.456,-0.7798597,-0.8552778680665315,-1.0987136954452594
2025-01-13,-4.7835,-1.0954288,-0.9309458389981187,-1.2488166376395857
2025-01-14,-4.614,-2.2173257,-2.0642543780542666,-2.0249645911769627
2025-01-15,-4.1145,-1.5278503,-0.7854650962338888,-1.2796630494607035
2025-01-16,-3.423,-1.0114524,-1.0133329258091677,-1.2225081275324237
2025-01-17,-2.8349999999999995,-1.9589884,-1.7633275299241595,-1.699115162283464
2025-01-20,-2.2619999999999996,3.523873,1.7185765608548502,1.459822868177812
2025-01-21,-3.7815,-0.1836716,-2.9347330561081915,-1.5157296098689148
2025-01-22,-3.6599999999999997,1.5113136,4.110637708246623,1.9920069264891493
2025-01-23,-3.7184999999999997,0.15596925,0.23018481652980535,-0.3762232821254644
2025-01-24,-3.756,0.40686208,0.5914434808829722,-0.10678799184157939
2025-01-27,-4.6665,-1.0263525,-1.0670885258517029,-1.2084696007573243
2025-01-28,-5.2845,-1.57327,-1.5828290983813187,-1.472593160231153
2025-01-29,-5.058,-2.1891873,-2.0364880931765192,-1.9278769409227776
2025-01-30,-4.867500000000001,-1.9468979,-2.0364880931765192,-1.8114155129142309
2025-01-31,-5.326499999999999,-0.33249512,-0.48154399927082325,-0.7760774905440805
2025-02-03,-4.2375,0.6689997,2.4513508976282194,0.9662500275269905
2025-02-04,-4.2135,-2.8713417,-2.5802033269114992,-2.2419170372894035
2025-02-05,-3.3285,-2.4613833,-2.4657820191259776,-2.228215599179541
2025-02-06,-3.0989999999999998,-1.454868,-1.3157137278327087,-1.4241283854231763
2025-02-07,-2.8515,1.7719702,2.236721862843226,0.9732940916034303
2025-02-10,-2.2635000000000005,5.2959833,7.84848897718489,4.631709860295895
2025-02-11,-3.0660000000000003,2.2025154,2.7259008617215432,1.597922207539812
2025-02-12,-3.1035,2.3113725,2.533146022225166,1.615278847755561
2025-02-13,-2.9025000000000003,2.0785031,2.909351520168938,1.5127150311312614
2025-02-14,-3.6719999999999997,0.67599005,-0.18478690610377493,-0.08900037647610758
2025-02-17,-3.654,0.63860875,-0.18478690610377493,-0.09909470596840843
2024-12-24,-2.2739999999999996,-6.2596035,-6.281187516206871,-5.525133104019221
2024-12-25,-2.148,-6.331598,-6.154449675660355,-5.494016864927043
2024-12-26,-2.7464999999999997,-6.3213353,-6.544831158495427,-5.611443529777694
2024-12-27,-2.088,-4.4760494,-4.674695311515247,-4.217091174782748
2024-12-30,-2.5889999999999995,-1.3197632,-1.2898424863685205,-1.5682132531110897
2024-12-31,-2.3745,-3.8325095,-3.986552457447796,-3.688224364021071
2025-01-01,-1.1025000000000003,-4.1159873,-3.569662531045711,-3.621420482108056
2025-01-02,-1.4909999999999997,-4.2790675,-4.396074412120407,-4.069683918468669
2025-01-03,-1.4565000000000001,-2.5255089,-2.212785046212762,-2.699754017965767
2025-01-06,-3.183,1.1500347,0.9336584714022506,0.1207032784659528
2025-01-07,-2.5545,-4.179739,-3.966102608364979,-3.877462961874615
2025-01-08,-3.045,-5.8035407,-6.561722185587224,-5.412262185427069
2025-01-09,-3.522,1.861511,-0.35800518509913726,-0.14518209920791098
2025-01-10,-4.17,-1.3799976,-1.0412546780833891,-1.4303329925792878
2025-01-13,-4.641,0.18386601,0.28660119653281463,-0.222800318176256
2025-01-14,-4.692,-2.200434,-1.989220399129224,-1.9217546116205697
2025-01-15,-3.9375,1.2999715,1.0713220466940563,0.5645011144122274
2025-01-16,-4.383,-0.2437933,0.20700783451055663,-0.5194318000299978
2025-01-17,-4.1205,-2.0471098,-1.3040523023348038,-1.6116235750648849
2025-01-20,-3.4694999999999996,0.9634185,0.47808702121758695,-0.04526455842374677
2025-01-21,-3.6914999999999996,0.8065116,-0.9111513373694968,-0.34738532782560505
2025-01-22,-4.3229999999999995,-0.22708191,3.0029068865530184,0.9255461307912888
2025-01-23,-4.173,0.2352273,0.16818166859494363,-0.2861164391294795
2025-01-24,-4.5015,-0.52337354,-0.578870488967149,-0.7939510843837423
2025-01-27,-4.6755,0.2398703,0.10900042513808796,-0.16721354482764686
2025-01-28,-4.8854999999999995,1.6294979,1.3000845051195349,0.9594076621054817
2025-01-29,-5.127,-1.644992,-1.587537457652737,-1.4753464228545539
2025-01-30,-5.142,0.47944754,0.44180416574109804,-0.05994011966901194
2025-01-31,-5.369999999999999,0.9319376,0.07762322799855177,-0.074232713351428
2025-02-03,-4.926,0.58186466,2.9070693064093382,1.1063904936009674
2025-02-04,-5.0729999999999995,-2.314139,-2.1454611637698497,-1.902294510997923
2025-02-05,-4.4565,-0.7055908,-0.8994030365983677,-0.9365578485257124
2025-02-06,-4.1295,-0.26070845,-0.604250492003983,-0.644577324579089
2025-02-07,-4.173,2.2317543,0.7387937976282678,0.563859812868327
2025-02-10,-4.015499999999999,6.506802,6.169138813572991,4.528207387137695
2025-02-11,-4.8645,0.44477868,0.49592637611184687,0.06007041394578089
2025-02-12,-4.856999999999999,0.4261557,0.351778089979029,-0.045428625066757045
2025-02-13,-4.6275,0.44477868,0.25401456009976114,-0.010264342121560827
2025-02-14,-5.0505,1.331777,1.6226994114759357,0.9722343667488199
2025-02-17,-5.194500000000001,1.7209748,1.7749646014619727,1.1247949211641
2024-12-24,-1.5059999999999998,-6.381098,-6.055151944593832,-5.522097864152026
2024-12-25,-2.0085,-5.116383,-4.960422738520644,-4.7440466758187245
2024-12-26,-2.5889999999999995,-5.984111,-6.13546639801391,-5.493980904851106
2024-12-27,-2.286,-4.764268,-5.078794374462939,-4.592330456406744
2024-12-30,-2.577,-1.0071397,-0.42534031694411567,-1.2676628469540108
2024-12-31,-2.6010000000000004,-4.1544776,-4.100215692420474,-4.104462467990693
2025-01-01,-2.4795000000000003,-4.17485,-3.801780315975894,-3.9649279301765845
2025-01-02,-1.6635000000000004,-4.283965,-4.472505417318154,-4.175619060846504
2025-01-03,-1.6905000000000003,-2.5673943,-2.476701825579941,-2.8479939125655926
2025-01-06,-2.7914999999999996,1.3351718,1.9073062370130915,0.30385389713827443
2025-01-07,-2.5635000000000003,-4.190975,-4.272487397871889,-4.122884307003098
2025-01-08,-2.5965000000000003,-3.4129548,-4.117224060222197,-3.723380809020492
2025-01-09,-0.33749999999999997,2.9745703,1.5988261043052259,0.854159867987226
2025-01-10,-2.802,-0.032963052,0.18190697231315608,-0.523598952692482
2025-01-13,-4.1175,1.7886876,1.5085309421320217,0.7430394444618419
2025-01-14,-4.2195,-2.294608,-2.3250660966002163,-2.1750051682861993
2025-01-15,-4.122,-1.7899421,-1.7721200331040472,-1.8326456713615895
2025-01-16,-3.6315,-0.5744733,-0.410710349582312,-0.9515180766900124
2025-01-17,-3.0525,-1.9955412,-1.5619406765089017,-1.6614759193223407
2025-01-20,-2.5409999999999995,1.6718367,1.3391933611711935,0.4625763237841998
2025-01-21,-2.6519999999999997,1.0794948,-1.0510683498087798,-0.30004944206038053
2025-01-22,-3.3225,-0.06377526,2.8299659839364604,0.8865623791787431
2025-01-23,-2.961,0.7351529,0.6548119490263059,0.10739321183542458
2025-01-24,-3.6555,-0.14892472,-0.31378654600794104,-0.515981218013272
2025-01-27,-4.3545,-0.9216724,-1.651168569244875,-1.1786525783022452
2025-01-28,-4.689,-0.9216724,-1.5828290983813187,-1.1747154559000343
2025-01-29,-4.4415,-2.1094172,-2.080152394681209,-1.8334257874256914
2025-01-30,-4.416,-1.6514269,-1.4137415692529773,-1.51426513806471
2025-01-31,-4.0245,0.4618989,0.3573438614216206,-0.1818794626222335
2025-02-03,-2.892,2.1167126,6.882835586485249,3.1343551724036325
2025-02-04,-2.994,-1.4423724,-0.7766034757487532,-1.1221096654660974
2025-02-05,-2.3804999999999996,1.2441201,1.7064019318421626,0.6189112521117861
2025-02-06,-2.6550000000000002,-0.25841904,-0.2422127756361021,-0.5306714542383704
2025-02-07,-2.5050000000000003,2.6696265,1.1797407525712296,0.9493589640500254
2025-02-10,-2.1570000000000005,5.7186666,5.316823658345357,3.959390507478184
2025-02-11,-3.4484999999999997,1.5616428,2.171590568578445,1.15096886023292
2025-02-12,-3.651,1.8403386,2.14584501205105,1.1863709994364209
2025-02-13,-4.0365,0.10002446,0.10048289520929217,-0.21281904582207495
2025-02-14,-3.8354999999999997,1.1919311,1.42508333950051,1.0461263307518713
2025-02-17,-4.89,-0.858353,-1.4454022364152885,-1.100874587595591
2024-12-24,-0.9675000000000004,-5.8467317,-5.585608166133437,-5.026287048298707
2024-12-25,-1.3485000000000003,-5.0810037,-5.072377977460497,-4.554627667026652
2024-12-26,-1.8284999999999996,-6.7068515,-6.571332356976939,-5.764806881418112
2024-12-27,-2.7390000000000003,-7.0740256,-6.846809503581474,-5.885495509567927
2024-12-30,-2.6639999999999997,-2.358956,-1.9753908515690224,-2.2641403965905247
2024-12-31,-2.187,-5.531143,-5.442002510737613,-4.894453722488387
2025-01-01,-1.9800000000000004,-5.5308123,-5.01069502297468,-4.869280484353368
2025-01-02,-1.4864999999999995,-6.2955585,-6.465790413692006,-5.65267728118532
2025-01-03,-1.6829999999999998,-3.4768384,-3.3551831212321384,-3.6309648344307917
2025-01-06,-3.1904999999999997,2.0995755,1.6418391813923818,0.4434470856669779
2025-01-07,-2.7135,-5.7409167,-5.627896150490168,-5.154454974283118
2025-01-08,-2.8529999999999998,-6.3691783,-7.052028646910999,-5.969897798324927
2025-01-09,-3.6089999999999995,1.4564193,-1.3057971832799609,-0.9585508637322335
2025-01-10,-3.8055,-0.7823019,-0.5350381848729567,-1.3773222910652134
2025-01-13,-4.4624999999999995,0.019422648,0.2740160087564142,-0.6224642095131764
2025-01-14,-3.552,1.4981657,1.9438428919978008,0.4928013017393133
2025-01-15,-3.9555,0.17607583,1.5004162284173437,-0.3799949828061503
2025-01-16,-4.010999999999999,-1.036437,-0.6766768734000786,-1.6847446899286924
2025-01-17,-4.209,-3.611983,-2.634219264215235,-3.1694145481232816
2025-01-20,-3.7439999999999998,1.1556853,-0.3838999168058219,-0.7787542061554704
2025-01-21,-3.8415,-0.73002094,-2.501228558829037,-1.9394808483337764
2025-01-22,-3.7589999999999995,0.7695539,3.3426333723222497,0.9847857514019245
2025-01-23,-3.9404999999999997,-0.37863186,0.20002448471930326,-0.9370489726156654
2025-01-24,-4.257,-0.03836614,1.0840357097375095,-0.4503210061559205
2025-01-27,-4.2855,0.30297154,0.7255273671484141,-0.011481023171825505
2025-01-28,-4.7865,1.0812093,1.702542254437492,0.7272101122521032
2025-01-29,-5.31,-2.3640814,-2.231587113331724,-2.0297118156501073
2025-01-30,-5.177999999999999,-2.3541248,-2.7546692206648684,-2.2033373324564742
2025-01-31,-3.8354999999999997,2.4175801,2.9171710369921153,1.63390248065497
2025-02-03,-4.948499999999999,-1.8098987,2.0482154096392367,-0.2410089379465073
2025-02-04,-5.364,-3.7411323,-2.663848487478886,-2.6836951791775348
2025-02-05,-4.608,-0.3152615,0.12040228604550145,-0.5461241397039562
2025-02-06,-4.6365,-0.7134585,-0.3613346436672141,-0.8087406003074427
2025-02-07,-4.601999999999999,1.6890514,1.1567357771750568,0.6038565794012465
2025-02-10,-4.4085,5.517097,4.549213617791053,3.6549958026665763
2025-02-11,-4.8885000000000005,0.60098094,0.3821985872512759,0.2319794397525408
2025-02-12,-5.0295,0.5133987,0.30909235460080337,0.16560641871913317
2025-02-13,-5.232,-1.7650965,-1.5750454441854875,-1.2815169695890947
2025-02-14,-5.2005,0.3084907,0.23867420026391448,0.2473171019708103
2025-02-17,-5.4704999999999995,-0.1857302,-1.1654843622396716,-0.5845277181527049
2024-12-24,-3.7935,-4.611921,-4.9806461970312474,-4.538325477961739
2024-12-25,-3.921,-4.83484,-5.119466724932359,-4.6596239488276465
2024-12-26,-4.0995,-5.0833745,-5.626779940191198,-4.979897729804432
2024-12-27,-4.1505,-5.182943,-5.306155327082282,-4.898959785725465
2024-12-30,-4.197,-0.6658516,-1.335233636651036,-1.4764088104216508
2024-12-31,-4.3305,-3.823358,-4.418362156435497,-4.0188740501597175
2025-01-01,-4.0215,-2.4746702,-2.418628581610218,-2.7574497927094677
2025-01-02,-4.015499999999999,-3.7638726,-4.236427853378401,-3.834616474185602
2025-01-03,-4.2525,-1.8677862,-1.5479038312131075,-2.249109818189548
2025-01-06,-4.5135,3.8470716,1.120892751613068,0.9850354214424388
2025-01-07,-4.4895,-3.6168678,-4.057514216254425,-3.753246347007625
2025-01-08,-5.013,-4.8187623,-5.892526374299173,-4.847255747960525
2025-01-09,-5.058,4.496506,0.1185708700174785,0.8660718751026478
2025-01-10,-5.0265,-0.30872178,-0.514938021105376,-0.8339589653716819
2025-01-13,-5.2185,1.504574,1.9609558111621186,0.949435051310989
2025-01-14,-4.9605,1.2920507,2.0489798801987624,1.001646186308262
2025-01-15,-5.34,-1.6762544,-1.535655890607521,-1.5340642363551114
2025-01-16,-4.1715,1.1760893,1.909065537610272,0.9274126886527462
2025-01-17,-4.409999999999999,-1.9445478,-1.7843406395466253,-1.5167726045227692
2025-01-20,-2.4719999999999995,3.5841136,2.41619353784036,2.032042369050455
2025-01-21,-3.948,0.8851618,-1.4170466551590337,-0.2954086098224746
2025-01-22,-4.692,0.15302734,3.11117936589997,1.1790582423694493
2025-01-23,-4.8105,0.32364684,0.12844540852180766,-0.18766904774911922
2025-01-24,-4.9815,-1.3581041,-1.4853175090983033,-1.310169516969627
2025-01-27,-4.7145,1.2523853,1.0769354569272638,0.6804172281957772
2025-01-28,-5.2755,-0.015842723,0.16773054470561757,-0.15324459816060154
2025-01-29,-4.898999999999999,2.1460838,1.704707522085173,1.3328945455785421
2025-01-30,-5.3145,-0.5577659,-0.9968293846909881,-0.7696751360597587
2025-01-31,-5.2845,1.3594718,1.149930617194632,0.5852718235868674
2025-02-03,-5.2860000000000005,-0.34477693,1.9932316522936884,0.4391156434394336
2025-02-04,-4.9065,-1.5683733,-1.8218125674059533,-1.3471158300677568
2025-02-05,-4.866,0.09987113,-0.7207990864873232,-0.5267958675022654
2025-02-06,-4.545,0.23516972,-0.22665262305723044,-0.3366844970211369
2025-02-07,-4.245,2.7044373,0.59421488534224,0.8325732099516178
2025-02-10,-3.8655,5.962926,5.368720425078103,4.251694785998829
2025-02-11,-4.941,0.5461881,0.5669801821190994,0.2872375307733626
2025-02-12,-4.893000000000001,0.29889083,0.542058691079707,0.26952893455613236
2025-02-13,-5.616,-1.5688988,-1.5750454441854875,-1.3203320633313629
2025-02-14,-5.634,-0.9244984,-0.8755854117763958,-0.7555906631084601
2025-02-17,-5.797499999999999,0.28920305,-0.37822726193319234,-0.267508042865534
2024-12-24,0.6885000000000004,-6.1555004,-5.867558182835963,-5.552112509607467
2024-12-25,0.5925000000000004,-6.1555004,-5.867558182835963,-5.5969551453137605
2024-12-26,0.43350000000000005,-5.57603,-5.703904057190867,-5.360704608477538
2024-12-27,0.37800000000000045,-4.912689,-4.8627388141600205,-4.826503496760555
2024-12-30,-0.7170000000000002,-1.6854951,-1.39681780999672,-2.2720685105169465
2024-12-31,0.2610000000000003,-4.9844313,-4.8627388141600205,-4.933784847420166
2025-01-01,0.8219999999999995,-3.8395278,-3.944382457416761,-4.077660459789533
2025-01-02,0.017999999999999617,-6.5480433,-6.907204552277777,-6.291643155936727
2025-01-03,-0.37649999999999967,-3.2495034,-3.042619968222552,-3.698694572295437
2025-01-06,-1.6724999999999997,0.11822064,1.1015234250529093,-0.6816853505375107
2025-01-07,-0.9780000000000004,-6.324736,-6.40408958143334,-5.85792484143621
2025-01-08,-1.4760000000000004,-6.7491817,-8.248462661506078,-6.672679707060158
2025-01-09,-1.0170000000000001,1.0618508,-0.7278238058982507,-0.9838757221541725
2025-01-10,-2.5124999999999997,-1.0627986,-1.8335927990742262,-2.013775470454651
2025-01-13,-3.5265,-0.59264725,-1.8062743585427126,-1.5596021334790588
2025-01-14,-3.7874999999999996,-2.2915578,-2.204392447534772,-2.249106052540215
2025-01-15,-3.3914999999999997,-3.2463772,-3.8765911707893324,-3.2588085020829216
2025-01-16,-2.7405,-0.81427133,-1.1476941862317744,-1.4171840112039327
2025-01-17,-2.6969999999999996,-3.1825387,-2.860851674651173,-2.7281126716235753
2025-01-20,-3.765,-0.09164369,1.2172409627643443,-0.4247470179595922
2025-01-21,-2.8755,-0.5259418,-3.145279902919977,-1.7908913580285544
2025-01-22,-2.0295,1.8295809,3.36349500138333,1.937550886384538
2025-01-23,-3.2055000000000002,-0.31334472,0.05835452603354202,-0.7425427000618496
2025-01-24,-3.6869999999999994,-3.3030307,-3.1298324602432586,-2.805800819346298
2025-01-27,-4.152,0.51616377,0.5485731499275919,-0.03427336887043944
2025-01-28,-4.1114999999999995,-0.7948023,-0.28366317476208075,-0.9103973134856522
2025-01-29,-4.701,-2.5945065,-1.1134752773135606,-1.8022931983187174
2025-01-30,-4.784999999999999,-2.6690416,-2.504382099414219,-2.2822416976838715
2025-01-31,-4.875,-1.2786502,-1.6861887548342298,-1.4563911933510147
2025-02-03,-4.551,-2.3465974,-0.13092750700432876,-1.1392474702948585
2025-02-04,-4.0275,-3.9047623,-3.9518521130477433,-3.240045857736352
2025-02-05,-4.0065,-3.0681734,-3.067332681630435,-2.6852741196158156
2025-02-06,-3.0345,-1.9396427,-1.9226014082419034,-1.830316825599947
2025-02-07,-2.844,3.5088153,2.758891534930087,1.7761966927890147
2025-02-10,-3.7529999999999997,5.229658,4.389279826760333,3.3262754910720833
2025-02-11,-3.7125,-0.24661328,-0.34912447859696016,-0.5131709796746334
2025-02-12,-4.068,-0.4501777,-0.3041742226831486,-0.747584493343978
2025-02-13,-3.915,0.5675659,1.527429884075553,0.17270622105937136
2025-02-14,-4.0965,0.5012229,0.1530260243844951,-0.22223774368976307
2025-02-17,-3.8579999999999997,-0.071733415,-0.03586758510474665,-0.4817564607407819
2024-12-24,-2.4869999999999997,-5.985188,-6.221707446254809,-5.3375720890078515
2024-12-25,-2.5829999999999997,-7.023652,-7.058383546492419,-6.040085233661608
2024-12-26,-2.856,-5.616072,-5.717204589457352,-5.075108504685783
2024-12-27,-3.4244999999999997,-7.0115895,-6.661676937674402,-5.9351029912476045
2024-12-30,-3.2355,-1.5660094,-1.0581793191747595,-1.6834862974276645
2024-12-31,-3.1109999999999998,-5.2831664,-5.2655223980997246,-4.892862034678561
2025-01-01,-2.5800000000000005,-4.8913217,-4.186040448970313,-4.4238968381643975
2025-01-02,-2.1975,-4.2884135,-4.103750568863401,-4.090688161188728
2025-01-03,-1.8510000000000004,-2.2485006,-1.9872266152937201,-2.592958730929084
2025-01-06,-3.921,2.286997,1.2057901264963393,0.5077914387401354
2025-01-07,-3.1619999999999995,-3.9617229,-4.188628293444996,-3.934471566923617
2025-01-08,-3.201,-5.2275524,-6.016736769484343,-5.09797416128022
2025-01-09,-3.678,0.5730679,-1.6483686714104322,-1.102443882392792
2025-01-10,-5.22,-0.7744333,-0.3901644880733759,-1.1337023499812424
2025-01-13,-5.4105,-2.0518317,-1.8228818576933246,-1.9746235835140078
2025-01-14,-4.188,-1.0210018,-0.8697263816071441,-1.280550715866775
2025-01-15,-3.6885,0.08150433,0.13379840859511524,-0.5740791411244437
2025-01-16,-2.0264999999999995,-0.18388435,-0.18946106860871792,-0.5838825447276095
2025-01-17,-1.9005,2.7831597,2.8835573305475117,1.6218565070070845
2025-01-20,-1.6260000000000006,2.9961298,2.680331996668748,1.5829239204591923
2025-01-21,-2.352,1.0012454,-0.40004882561539545,-0.21449824582296703
2025-01-22,-2.6685,2.8227527,6.155069714864768,3.109169152566275
2025-01-23,-2.3235,0.8174419,0.8901447450676586,0.323185307312562
2025-01-24,-2.3400000000000003,1.9864417,1.8259170820267494,1.068023820284398
2025-01-27,-3.207,0.6027858,0.6063604875614165,0.18887571783703405
2025-01-28,-2.9145,-0.2811185,-0.6372979165398248,-0.5047465505951364
2025-01-29,-3.9135,-1.8272222,-2.2694121325265364,-1.764918460612029
2025-01-30,-3.9539999999999997,-1.8090872,-2.3272568148336994,-1.8153866747918515
2025-01-31,-3.183,-0.121541634,-0.20147576301582576,-0.5379874617580367
2025-02-03,-2.6835,-0.23269002,2.4523946289152265,0.7196815241169936
2025-02-04,-2.8289999999999997,-3.4113097,-2.6650016124729103,-2.5433613198995215
2025-02-05,-2.6324999999999994,-1.2854375,-0.7060177820192881,-1.113073698947772
2025-02-06,-2.9595,-1.1997043,-0.8409423578533827,-1.2389460376557082
2025-02-07,-2.04,1.8037037,0.6972717544375752,0.49316149104934526
2025-02-10,-2.2005000000000003,5.4680037,5.059374629329419,3.8108534786325627
2025-02-11,-3.303,-0.3467533,-0.20391918262216138,-0.4539064761600019
2025-02-12,-4.4055,-1.13829,-0.9934108746542242,-1.0258419843276136
2025-02-13,-3.885,-0.3467533,-0.11975391454009669,-0.5917117322319354
2025-02-14,-4.9395,-1.0855263,-0.7304315095933649,-0.9625111601063083
2025-02-17,-4.9875,-0.6850343,-0.7855749599544285,-0.9207368121067327
2024-12-24,0.28499999999999975,-6.09294,-5.730513592415369,-5.089061791101311
2024-12-25,0.1335000000000001,-5.554051,-4.933365256788587,-4.730267717829072
2024-12-26,-0.9945000000000004,-6.8489394,-6.231684145345075,-5.6753711562434
2024-12-27,-1.0005000000000002,-6.549798,-5.837533751078181,-5.416514678635986
2024-12-30,-1.1445000000000003,-0.9741237,-0.9689561933998171,-1.420617311044113
2024-12-31,-0.9945000000000004,-4.6737347,-4.543635739508584,-4.378160915536483
2025-01-01,0.28800000000000026,-4.3229795,-4.096225267797707,-4.007789121078204
2025-01-02,0.21750000000000042,-5.2684574,-5.439092094247487,-4.903816733094045
2025-01-03,0.825,-2.5259957,-2.720878853305599,-2.884178727878876
2025-01-06,-0.5400000000000001,1.9996611,0.5397638853228293,0.1470248316293405
2025-01-07,-0.8670000000000001,-4.4519477,-4.340643092691514,-3.9815345162930904
2025-01-08,-0.5699999999999995,-4.821837,-5.9635284727372575,-4.792080948964023
2025-01-09,-1.2255000000000003,2.629384,1.0643572182213552,0.6098690499323975
2025-01-10,-3.1635,-1.7607107,-2.1125713479161634,-2.089311659273566
2025-01-13,-4.1145,-1.4913582,-1.5350034687713527,-1.5830757080165727
2025-01-14,-4.2749999999999995,-0.8207569,-0.7751687601258986,-1.0367917210411395
2025-01-15,-4.5885,-1.2722129,-1.1857171304026364,-1.4065950638702536
2025-01-16,-4.4445,-0.40098774,-0.44530065882589603,-0.8657599597887616
2025-01-17,-4.1385,-2.3868947,-1.9286598061205984,-1.9481572576809518
2025-01-20,-1.119,6.430628,5.568797056195331,4.054815934609026
2025-01-21,-3.2474999999999996,0.56687486,-1.9405510580920027,-0.6842953823324909
2025-01-22,-4.758,1.0581471,2.344449663326944,1.1453599452398935
2025-01-23,-3.51,1.9880034,2.3726044469667102,1.3843954546950397
2025-01-24,-4.8915,1.0742462,-0.00019660834538051675,0.13492485696925893
2025-01-27,-5.4479999999999995,0.417695,0.14952212194147896,0.18035291036737
2025-01-28,-5.1915,2.3843746,0.2946606885811222,1.1399076020501937
2025-01-29,-5.6685,-0.2337756,-1.2290862945826166,-0.6809333074499068
2025-01-30,-5.754,0.1607938,-1.1054931496551141,-0.5570927154118654
2025-01-31,-5.944500000000001,-1.0618383,-0.9091968612179047,-1.112049898091428
2025-02-03,-6.005999999999999,-1.4730171,-0.6328263011009108,-1.2467650717380672
2025-02-04,-5.9565,-3.5193539,-3.442062977230554,-2.9515953923652707
2025-02-05,-5.127,-1.4314646,-2.1143773679921147,-1.7113261985840726
2025-02-06,-5.159999999999999,-1.8460107,-1.9556816880364065,-1.929759007282465
2025-02-07,-2.3699999999999997,1.9959562,2.250712620373592,1.3058560065955476
2025-02-10,-4.455,6.1513534,5.233184039720572,3.978522199436247
2025-02-11,-5.232,2.0067692,1.5770807771683317,0.8315295630912568
2025-02-12,-5.2604999999999995,0.6117761,2.035200992385475,0.6141427093101247
2025-02-13,-5.4105,-0.71314216,-0.6696960708707657,-0.9431525721884305
2025-02-14,-5.492999999999999,-0.899327,-0.16775357595409898,-0.6826234011744853
2025-02-17,-5.8725,-2.1021023,-2.497856130047981,-2.1088205328711203
2024-12-24,0.25199999999999995,-3.681652,-3.8193694462602283,-3.295355315846864
2024-12-25,0.022499999999999788,-3.926845,-3.7589735382800145,-3.3987884825178436
2024-12-26,-0.648,-5.2374234,-4.7427008332981,-4.313442765733109
2024-12-27,-0.8085000000000001,-4.7003284,-4.795308325232564,-4.147423724699275
2024-12-30,-2.4539999999999997,-2.5307217,-2.2320621574289734,-2.2933231061767874
2024-12-31,-2.1525000000000003,-5.9137325,-6.23377493880351,-5.216077178554491
2025-01-01,-1.2315,-5.2191257,-5.529167906005122,-4.783030767942082
2025-01-02,-1.275,-6.1701183,-6.606771339568182,-5.534963894897949
2025-01-03,-0.9449999999999995,-3.0134578,-2.9715980388693954,-3.0551255552066303
2025-01-06,-3.63,1.600577,1.2821856455631635,0.2850079034216311
2025-01-07,-3.4305,-5.49036,-5.829279188004822,-4.966395543417245
2025-01-08,-3.7515,-5.3899446,-6.249711902570267,-5.138477502469328
2025-01-09,-3.9795,1.8181676,-0.023414441133544395,-0.19681867627950994
2025-01-10,-4.7595,-1.1242592,-1.0608474531118828,-1.4242913622249895
2025-01-13,-5.0385,-2.103654,-1.9970985395985525,-1.9878478876465189
2025-01-14,-4.47,-2.0662725,-1.9970985395985525,-1.8893183648064578
2025-01-15,-4.6665,-1.7762145,-2.0656843321426344,-1.860713485204021
2025-01-16,-4.344,-0.14701286,0.014378535859181845,-0.5663045317915767
2025-01-17,-3.8865,-1.9812287,-0.6224460120984033,-1.453660363085096
2025-01-20,-3.7394999999999996,1.2172394,-0.5138998266325702,-0.44075576744031
2025-01-21,-4.2795,-0.8054008,-1.9480153528173938,-1.4479139844445115
2025-01-22,-4.56,-0.08807722,3.675844941296491,0.9714180270695607
2025-01-23,-4.414499999999999,0.28908232,0.9940453253742764,-0.1534869170927025
2025-01-24,-4.8045,-2.6334336,-1.8754278013379868,-2.1459454994519422
2025-01-27,-5.169,-1.1641153,-0.2629993345104777,-0.8192645874861891
2025-01-28,-5.469,-2.2299864,-0.6841909153052298,-1.253099953488058
2025-01-29,-5.505,-2.5003362,-0.7052360098739471,-1.5530879462244958
2025-01-30,-5.2485,-1.2440315,-0.1907834671762463,-1.026282323603963
2025-01-31,-5.358,0.23567845,0.9927314215289019,-0.16287914239896345
2025-02-03,-5.181,0.36097717,3.767813923900516,1.1363232869236364
2025-02-04,-5.184,-2.148904,-1.4570971643989705,-1.794024534614489
2025-02-05,-4.5809999999999995,-1.6711183,-0.622060954019088,-1.4314396922426216
2025-02-06,-4.4624999999999995,-1.3916956,-0.2583226168806216,-1.2501275803871668
2025-02-07,-4.1145,3.482177,0.07935917946650152,0.6070741851614916
2025-02-10,-4.239,3.4425423,3.0518048129106625,2.0946577659176904
2025-02-11,-4.659,-0.20183463,0.6873312586547928,-0.23266358802421944
2025-02-12,-4.962,-0.18873999,-0.22241103143210253,-0.6033673148054266
2025-02-13,-5.133,-2.3613925,-2.7606817940740904,-2.235767008192444
2025-02-14,-5.4510000000000005,-1.4725691,-1.4386630602923698,-1.3608259927371291
2025-02-17,-5.6354999999999995,-1.5102993,-1.412917503764975,-1.4405085166110345
2024-12-24,0.4244999999999997,-5.317666,-5.165686921656042,-4.433538053909446
2024-12-25,0.10799999999999983,-5.335505,-5.207329651379516,-4.502130672469982
2024-12-26,-0.9329999999999998,-5.720445,-6.18850584429751,-5.026240941517827
2024-12-27,-1.5344999999999995,-5.96541,-6.239312005894774,-5.118284618156081
2024-12-30,-2.2800000000000002,-1.0656296,-1.0885325571413729,-1.339078548276611
2024-12-31,-1.773,-4.586266,-4.535621501183101,-4.086950192352837
2025-01-01,-0.6840000000000003,-3.6867971,-3.503867485885419,-3.5618367660120516
2025-01-02,-0.7559999999999999,-4.5571375,-4.872791070767314,-4.478715784314844
2025-01-03,0.15300000000000047,-1.6256853,-0.634337322301965,-1.9873708197233708
2025-01-06,-3.3345,-1.0139499,-0.9958134224650427,-1.6810543377500349
2025-01-07,-1.95,-4.2634926,-4.5581448179806445,-4.251031167518196
2025-01-08,-3.54,-4.895115,-6.279233490735744,-5.091944166595612
2025-01-09,-4.191,2.5683258,-0.1864005624803715,0.01445468253489579
2025-01-10,-4.614,-1.0305513,-0.7784340945254447,-1.3136190456646057
2025-01-13,-5.28,-2.3111956,-2.1668907551648315,-2.193746817837466
2025-01-14,-5.1255,-2.8346496,-2.6713154390603293,-2.533207652116522
2025-01-15,-2.3474999999999997,1.3177043,1.3715297147545145,0.48399183118701805
2025-01-16,-3.7289999999999996,-0.11436421,-0.1630612988801304,-0.6075208244281664
2025-01-17,-3.5355,-1.4857149,-2.2666730676235,-1.6951985900142654
2025-01-20,-3.4410000000000003,2.2421823,2.8914637710003976,1.090156930610413
2025-01-21,-4.0095,0.18114276,-1.8692777665448725,-1.052563482211757
2025-01-22,-4.436999999999999,-1.3755306,1.1075107584484103,-0.4979531202619012
2025-01-23,-4.4835,-0.17619862,-0.45662250823143086,-0.7542767990531636
2025-01-24,-4.4985,-1.7067016,-1.890955923644351,-1.705735441656016
2025-01-27,-4.882499999999999,-0.60560876,-0.9934108746542242,-0.857575222229414
2025-01-28,-5.482499999999999,-1.2148167,-0.9934108746542242,-0.9300928803268703
2025-01-29,-5.713500000000001,-2.2283323,-2.0656843321426344,-1.8798648240482916
2025-01-30,-5.619,-1.6736823,-1.4076803158714584,-1.390791145413631
2025-01-31,-5.605499999999999,-0.2951139,-0.3735686531487754,-0.6963339840880224
2025-02-03,-5.475,-2.0235114,1.2380467881816477,-0.555661948503443
2025-02-04,-5.1209999999999996,-2.0416791,-2.0218897200054458,-1.7078133517587524
2025-02-05,-5.351999999999999,-1.7751335,-1.739061635254553,-1.6419757219436149
2025-02-06,-4.395,-1.5561738,-1.350401807076694,-1.4317808358135888
2025-02-07,-4.8435,1.31863,-0.3833397781452868,-0.12617289339194235
2025-02-10,-4.4384999999999994,6.4200654,6.504711845894842,4.6563391671528525
2025-02-11,-5.1375,-0.19131364,-0.08700921979522154,-0.31781596735333484
2025-02-12,-5.376,0.18566842,0.2339574761782099,-0.19761472776549524
2025-02-13,-5.6085,-2.2283323,-2.0364880931765192,-1.7946664360618878
2025-02-14,-5.601,0.057635546,0.9441408917041032,0.18306204480072935
2025-02-17,-5.809500000000001,-1.2591652,-1.1529405513706181,-1.0855188727795653
2024-12-24,-2.0235000000000003,-4.679116,-4.8115268303920935,-4.32609812928809
2024-12-25,-2.352,-5.2489543,-5.108587787098448,-4.700755265075658
2024-12-26,-1.7369999999999997,-5.772889,-5.991107809805258,-5.230672645982806
2024-12-27,-2.2139999999999995,-3.9346972,-4.533554950262647,-4.039388508203678
2024-12-30,-2.517,-0.23930188,-0.3110828352491287,-0.6756100151265211
2024-12-31,-3.2295000000000003,-4.188921,-4.273821781810632,-3.9975773192299076
2025-01-01,-1.5135000000000005,-2.3455017,-1.7503990440796018,-2.3814234254454636
2025-01-02,-1.0875,-3.3126085,-3.6840234292414755,-3.3493975306119683
2025-01-03,-2.0445,-1.9955164,-1.7179938392811271,-2.2711983203205053
2025-01-06,-2.4435,1.0640333,0.35330005668437964,-0.04862037632644153
2025-01-07,-2.9895,-3.6415014,-4.015920281569432,-3.66398249690214
2025-01-08,-3.2025,-4.4036055,-5.277623863867819,-4.508938122010173
2025-01-09,-3.3255000000000003,2.5721867,0.8213499884931389,0.6770526171971649
2025-01-10,-3.9869999999999997,0.36820453,0.04153624339391987,-0.3803987851398934
2025-01-13,-4.758,0.0922114,0.1502141477746994,-0.10470322132684107
2025-01-14,-4.5405,-1.5817593,-1.2658699136148417,-1.3645445187622176
2025-01-15,-5.3805,-1.3730336,-1.0795156215000155,-1.3866718023592315
2025-01-16,-4.551,-0.75177014,-0.575587224629952,-0.9416337368069344
2025-01-17,-4.629,-2.6891901,-2.595302386962951,-2.283261472904287
2025-01-20,-4.941,3.964631,1.833192193804695,1.3725227622263474
2025-01-21,-5.0145,-0.5143189,-3.08961265700049,-1.6212791761722325
2025-01-22,-5.440499999999999,-0.86783105,3.1488964148366594,0.7982513937689875
2025-01-23,-5.556,0.75194263,0.5051838568453062,0.06904767852702315
2025-01-24,-5.617500000000001,-1.4175013,-1.2001897729644955,-1.2049543336540853
2025-01-27,-5.7675,-0.96364355,-0.7859203317472617,-0.8453430031111911
2025-01-28,-5.1585,1.405723,1.7652243978883868,1.1490923121323073
2025-01-29,-4.819499999999999,3.0490086,2.695656679359757,2.082591926439603
2025-01-30,-5.7735,-0.3247894,0.034326276116362686,-0.3806491903127699
2025-01-31,-5.7764999999999995,1.1615824,1.1545860508805805,0.5131251713356397
2025-02-03,-5.2935,3.120992,6.122223986403117,3.6599500333586445
2025-02-04,-5.4479999999999995,-0.70726895,-0.2528153590453381,-0.2876302827155428
2025-02-05,-5.3835,0.41569382,1.4691015928155515,0.3778471739438838
2025-02-06,-5.604,-1.0701735,-0.30578352363414696,-0.8902031981832175
2025-02-07,-5.034,3.3557396,1.5581377507758831,1.3242592520757188
2025-02-10,-4.734,6.1826596,5.0030897918475326,4.017349009226476
2025-02-11,-4.797,3.0930688,2.726777187440386,2.0378151368667403
2025-02-12,-4.859999999999999,3.8237984,3.3009805971397412,2.661599104669378
2025-02-13,-5.7284999999999995,-0.5205819,-0.13854466339642327,-0.33273544443050995
2025-02-14,-5.9835,0.6250696,-0.47202409523075256,0.008938061562148103
2025-02-17,-5.8934999999999995,1.0897161,0.261128881333789,0.3721038037238479
2024-12-24,-0.6255000000000003,-5.7840133,-6.042815395289803,-5.058682245109628
2024-12-25,-0.9840000000000003,-5.5346437,-5.740560942396663,-4.950741343055522
2024-12-26,-0.6164999999999999,-4.628347,-4.775627816805258,-4.266297860082926
2024-12-27,-0.04650000000000034,-3.1679597,-2.913173245951837,-3.0065325591445826
2024-12-30,-0.16799999999999962,-0.5313529,-0.09163090161747464,-0.8872011619731
2024-12-31,-0.4994999999999997,-3.222973,-3.188285515463924,-3.4012617402781165
2025-01-01,-0.7724999999999997,-4.798353,-4.321538897863332,-4.543206479770093
2025-01-02,-0.36449999999999994,-4.4140706,-4.648726597438882,-4.446329578755995
2025-01-03,-0.7485000000000003,-1.3959328,-1.2750328866441374,-1.9659584726960786
2025-01-06,-4.287,3.8180795,1.4781269814518052,1.0578066405712523
2025-01-07,-2.8095,-5.0185375,-4.988164605133061,-4.548100478027995
2025-01-08,-3.621,-4.2641134,-5.0738794009781785,-4.46202987193405
2025-01-09,-4.3934999999999995,3.2203414,0.6383863270365804,0.5065006300216595
2025-01-10,-4.7145,0.45373237,0.50130328919949,-0.34447518119234
2025-01-13,-4.8854999999999995,-1.3489368,-1.4300925514265546,-1.5298420721816914
2025-01-14,-4.8315,-2.156147,-1.8834787654503262,-1.9685395932607845
2025-01-15,-4.789499999999999,-1.7123514,-1.7668844622230406,-1.7685051639721323
2025-01-16,-4.741499999999999,1.2391365,1.80215478701656,0.7326848806431769
2025-01-17,-5.0565,-4.0646243,-3.617224136689604,-3.2400029602088494
2025-01-20,-5.1209999999999996,3.58457,1.153430264996253,0.9158491901162948
2025-01-21,-5.1015,-0.26393205,-2.855453979823911,-1.5896904947518324
2025-01-22,-5.252999999999999,-1.5758165,2.409737080361007,-0.12297546105405549
2025-01-23,-5.1105,0.6673768,0.5273903345904114,-0.18971563586256832
2025-01-24,-5.532,-0.30052298,-0.19219261340364852,-0.7576811725135636
2025-01-27,-5.252999999999999,1.2405778,1.403633006360103,0.7822284647069393
2025-01-28,-5.1285,1.462185,1.6494340439739947,0.9828703365977607
2025-01-29,-5.475,0.14867099,0.505622429421493,-0.19405094170808326
2025-01-30,-5.5755,-1.5308989,-1.324335503024117,-1.5096717873578804
2025-01-31,-5.604,-0.12755202,-0.24879596044101748,-0.7115027305171011
2025-02-03,-5.1434999999999995,0.61463875,4.229003613688605,1.4726288232605935
2025-02-04,-5.2245,-1.6322861,-1.5196917947687294,-1.620115376166197
2025-02-05,-4.4325,-0.6198062,-0.4553152608322273,-0.9339530895634698
2025-02-06,-5.177999999999999,-0.5024438,-0.5891124293954441,-0.9418678386898673
2025-02-07,-5.059500000000001,4.015674,0.58165210464344,1.064833817026
2025-02-10,-4.788,5.037108,4.74523835781033,3.3093444215821974
2025-02-11,-5.3534999999999995,0.3073937,0.4482979592402218,-0.19831032745979615
2025-02-12,-4.653,1.7053314,1.6276234938045893,1.0552298623092966
2025-02-13,-5.1135,1.1033746,1.2462126448124147,0.5841293511936387
2025-02-14,-5.721,-1.3990606,-1.4424245373838995,-1.4592370811077389
2025-02-17,-5.815499999999999,-1.3357412,-1.7122472066894778,-1.6037005222228133
2024-12-24,-1.281,-5.0494556,-5.257300845976586,-4.612241585321622
2024-12-25,-1.6664999999999999,-5.3661375,-5.625586060470271,-4.926960747398352
2024-12-26,-1.9800000000000004,-6.0980067,-6.178889386603702,-5.382546047340229
2024-12-27,-1.944,-4.325498,-4.458683695653409,-4.110611087213749
2024-12-30,-2.5829999999999997,-1.7649938,-1.0916471165057466,-1.7832754302148353
2024-12-31,-2.5530000000000004,-5.0833774,-4.901021208045564,-4.64746333877942
2025-01-01,-1.7954999999999999,-4.673521,-4.567409172465971,-4.394208465919832
2025-01-02,-1.4114999999999995,-5.550342,-5.695495284139466,-5.119437082961491
2025-01-03,-1.8974999999999997,-2.6173697,-2.423197796109934,-2.9492238699844524
2025-01-06,-3.5775,1.844316,0.8979522508213161,0.07086969217756384
2025-01-07,-2.7089999999999996,-4.0916204,-4.103958627184529,-3.9373156169640406
2025-01-08,-2.997,-5.3703904,-6.104820488120675,-5.139501097861556
2025-01-09,-3.87,1.806784,0.5161025374675147,0.009742496330784223
2025-01-10,-4.0935,-1.3895184,-1.3418144657893938,-1.6207533085195427
2025-01-13,-4.9095,-0.24472256,-1.6354282826895508,-1.102585793877189
2025-01-14,-4.928999999999999,-2.036932,-1.9273035162511831,-1.907968009780504
2025-01-15,-4.887,-2.490789,-2.4907702189612406,-2.2474172250778026
2025-01-16,-4.876500000000001,-0.8692464,-0.8772913579523944,-1.125115626239363
2025-01-17,-4.5855,-3.8100674,-3.430080622132512,-2.920828122562588
2025-01-20,-3.8805,0.85637045,1.0183928492112202,0.15507261095290936
2025-01-21,-4.4025,0.15175888,-2.6000800761300527,-1.226993573344459
2025-01-22,-4.672499999999999,1.28308,5.035030682592783,2.454779320871632
2025-01-23,-4.716,0.81067663,1.1800813767265474,0.3300953717172176
2025-01-24,-5.080500000000001,0.057635546,0.20821191965081487,-0.29643793756697934
2025-01-27,-5.2935,1.112161,1.536792565548746,0.8743867968562029
2025-01-28,-5.289,1.1495422,1.8298660685915829,1.0462671399418113
2025-01-29,-5.472,0.057635546,0.1688223660728485,-0.220431093581125
2025-01-30,-5.697,-2.032135,-2.0364880931765192,-1.7864096637056355
2025-01-31,-5.688,-0.21858747,-0.44215444569285695,-0.6671366079177707
2025-02-03,-5.7075,-1.2504145,1.905939235960323,-0.10063962536538629
2025-02-04,-5.49,-2.1917806,-1.7862756004350475,-1.7816487187100338
2025-02-05,-5.3715,-1.3560818,-1.6129616770511945,-1.6061035463401219
2025-02-06,-5.175,-1.1951735,-1.0021221437798054,-1.3212860397452315
2025-02-07,-5.0715,1.7084482,1.6662486566033763,0.5614447688306942
2025-02-10,-4.5315,4.50747,4.050497024682073,2.9776199248176516
2025-02-11,-4.741499999999999,1.5365978,1.6620889650539021,1.047223200620159
2025-02-12,-5.196,0.12400313,0.32489892874355014,-0.07745791720963327
2025-02-13,-4.5344999999999995,1.331777,1.6620889650539021,1.0756640559247954
2025-02-14,-5.796,-1.1009089,-0.9934108746542242,-0.9042124314961277
2025-02-17,-5.678999999999999,1.1919311,1.536792565548746,0.9191538383746704
2025-02-18,-5.4255,-8.080598,-7.197497586651695,-6.6700049449277845
2025-02-19,-4.717499999999999,-8.436931,-7.815275636232296,-6.969132503727941
2025-02-20,-4.755,-8.436931,-7.815275636232296,-7.025688154786334
2025-02-21,-5.2155,-7.5643377,-6.992030091899722,-6.479086309477806
2025-02-24,-4.246499999999999,-6.883372,-6.68723543569449,-6.077951619846808
2025-02-25,-4.395,-7.021752,-7.094216532122536,-6.404677634232156
2025-02-27,-5.22,-7.0287437,-7.562419669005087,-6.568884052490716
2025-02-28,-5.085,-5.614083,-6.22701739795259,-5.527812428361716
2025-03-03,-5.619,-5.914655,-6.197467577777156,-5.710557266505798
2025-03-04,-5.5665,-6.627458,-7.371440609793177,-6.3729765663000535
2025-03-05,-5.161499999999999,-5.5887127,-6.274977527340114,-5.666505672981785
2025-03-06,-4.6545,-8.338556,-7.9275520347313355,-7.289462285061421
2025-03-07,-5.013,-1.9708209,-1.9607531269111385,-2.7315634986851123
2025-03-10,-5.1465000000000005,-6.6416774,-7.9314609578279365,-6.59817047394966
2025-03-11,-4.736999999999999,-5.664638,-6.702311859044255,-6.022824967482975
2025-03-12,-4.284,-6.695924,-7.200757627772638,-6.553549963108199
2025-03-13,-4.4655,-6.769905,-7.449110933356838,-6.389133119033711
2025-03-17,-3.438,-5.604988,-6.126557154386893,-5.406423726404145
2025-03-18,-2.3099999999999996,0.82026285,-7.5216364397293125,-3.8398235943522616
2025-03-19,-1.7625,-7.6956806,-5.023056605004337,-6.1737298932645555
2025-03-20,-1.4789999999999999,-7.202926,-7.1795914104373315,-6.668997428355631
2025-03-21,-1.3920000000000001,-4.741984,-4.431869110840831,-4.9372588110887365
2025-03-24,-0.9105,-5.176414,-5.086050964679392,-5.40010961364562
2025-03-25,-1.1985000000000003,-6.3885183,-6.770597373760612,-6.283064236736414
2025-03-26,-1.6034999999999997,-7.446283,-7.473310160235844,-6.915098280577348
2025-03-27,-0.873,-6.6024766,-6.112230454999333,-6.1391550136217194
2025-03-28,-1.1415,-7.598042,-7.418261751425001,-6.972258123312305
2025-04-01,-1.077,-6.8806834,-6.890271080586845,-6.362171938886294
2025-04-02,0.007499999999999573,-7.139663,-6.200493140333073,-6.456135529811305
2025-04-03,0.7755000000000002,-6.4626384,-5.986652693567976,-5.986061666823048
2025-04-04,-1.8630000000000002,-5.2099404,-5.710231061149807,-5.397907195198528
2025-04-07,-3.9525,-3.8301322,-3.9871753852321863,-3.8343005971545687
2025-04-08,-3.117,-2.6011019,0.6270574887963226,-1.0814184026150655
2025-04-09,-3.627,-1.3865974,-1.3794287901650324,-2.2595255928941596
2025-04-11,-0.9315000000000001,-5.904053,-3.503776035681577,-4.935554564680931
2025-04-15,0.7409999999999997,-5.5479465,-5.570741675247941,-5.699350726230769
2025-04-16,1.7085000000000001,-3.7006912,-3.975022929566185,-4.446830948659595
2025-04-17,0.5610000000000003,-3.8220975,-4.801079527792019,-4.939337848644073
2025-04-21,1.0260000000000005,-4.2258987,-5.3618077615012405,-5.298766816224312
2025-04-22,0.8999999999999999,-6.4565635,-7.302881036921323,-6.789893043372457
2025-02-18,-5.2185,-3.7378988,-5.985376843499007,-4.536063153246743
2025-02-19,-4.9275,-3.3872309,-5.6968366266056965,-4.171433423225395
2025-02-20,-5.325,-3.7021863,-5.895799166257594,-4.309006387188495
2025-02-21,-5.7675,-4.042509,-7.117061096357131,-4.967972335714505
2025-02-24,-5.169,-4.3240104,-6.043227613113182,-4.537535678387984
2025-02-25,-5.271,-6.9408846,-7.8707021432269615,-6.311082599805371
2025-02-27,-5.421,-5.9167585,-6.043227613113182,-5.304020047738332
2025-02-28,-5.890499999999999,-5.9534683,-6.688580258712166,-5.547804714971917
2025-03-03,-5.844,-6.231474,-7.466727021729706,-5.903887904885829
2025-03-04,-5.085,-6.5505,-6.955387533026521,-5.790772671306758
2025-03-05,-4.842,-5.7817807,-7.305595409234896,-5.633884383134625
2025-03-06,-5.163,-8.137609,-8.913603067020766,-7.124509340587017
2025-03-07,-4.0965,1.0044874,0.056848396279895824,-0.5254737086440658
2025-03-10,-4.74,-5.6149926,-7.141897943344331,-5.5581533412684925
2025-03-11,-5.2485,-3.6428294,-7.715914914306117,-5.122645282973711
2025-03-12,-5.043,-3.8187675,-7.131253810574986,-4.893041011501344
2025-03-13,-4.8525,-4.974985,-6.753963452263936,-5.262536706476301
2025-03-17,-4.8315,-5.1104455,-8.208298529648289,-5.904857609041358
2025-03-18,-4.173,0.22447391,-7.721897136451235,-4.203476546220751
2025-03-19,-2.331,-4.86047,-6.098300701783528,-5.428573796485606
2025-03-20,-0.9630000000000002,-6.5296407,-6.540550206519854,-6.554926529168696
2025-03-21,-0.4139999999999997,-4.245079,-4.291735862065696,-4.932743649141814
2025-03-24,0.7409999999999997,-3.5036578,-3.386529884481503,-4.221772096968571
2025-03-25,-0.5639999999999997,-7.396268,-7.83852278326832,-6.964271083286128
2025-03-26,-1.1684999999999999,-7.628257,-7.8419562052513445,-7.067184329990307
2025-03-27,-0.525,-7.357177,-7.515923356114841,-6.767900165645785
2025-03-28,-0.45300000000000046,-7.9404254,-8.502182693006091,-7.314829370893648
2025-04-01,-0.026999999999999958,-5.5897093,-4.920082738467361,-5.2503491170393275
2025-04-02,0.7394999999999999,-5.38612,-4.968834820551981,-5.474179299782849
2025-04-03,1.6275000000000002,-7.9889245,-8.2126035964165,-7.270254358966708
2025-04-04,0.2385000000000005,-7.9594817,-8.185004209337375,-7.420304770553907
2025-04-07,-1.4594999999999996,-3.9680939,-3.990294607473058,-3.6951677550270605
2025-04-08,-1.1369999999999998,-1.1589661,1.7669475952731224,-0.34123378777600283
2025-04-09,-1.1204999999999998,-1.4700942,-1.0267627029180026,-2.0704828750056676
2025-04-11,0.31050000000000005,-8.631414,-5.206814651986401,-6.5454116158889954
2025-04-15,2.2590000000000003,-7.1512413,-6.209481505804325,-6.942387677059013
2025-04-16,2.7795,-4.6985517,-4.185151346340447,-4.793213582994407
2025-04-17,3.2220000000000004,-4.054066,-4.303768920518302,-4.594354486111675
2025-04-21,3.396,-4.6353273,-5.679759956321705,-6.101616093004408
2025-04-22,3.710999999999999,-5.3658266,-6.117693771353324,-5.856227379259484
2025-02-18,-5.207999999999999,-7.38673,-7.262811271911192,-6.461674752147246
2025-02-19,-3.6479999999999997,-7.200713,-7.07579469119834,-6.2157937518187705
2025-02-20,-3.87,-7.2750816,-7.162565985380836,-6.233765712408109
2025-02-21,-3.6734999999999998,-6.9815536,-7.261635074302875,-6.249337179445805
2025-02-24,-3.4410000000000003,-7.0223985,-7.054771905477514,-6.217343044040547
2025-02-25,-3.2535000000000003,-6.244961,-4.986540179525547,-5.44886746964251
2025-02-27,-3.5325,-6.4657454,-6.839819480460783,-6.061788968597781
2025-02-28,-2.826,-5.8910623,-5.210942407209557,-5.308072466339154
2025-03-03,-2.2184999999999997,-5.32166,-4.0953839791298,-4.745063017954569
2025-03-04,-2.0385000000000004,-5.5364656,-4.241321408020913,-4.882399605155998
2025-03-05,-1.7204999999999997,-6.342139,-4.188885133189611,-5.171191434164226
2025-03-06,-0.9059999999999998,-7.8659406,-4.085852586251804,-5.786495704162737
2025-03-07,-1.2090000000000003,0.4369855,1.334476717519268,-0.46294763230060587
2025-03-10,-0.015000000000000213,-4.5226336,-3.798372357249877,-4.217365238958616
2025-03-11,-0.17100000000000007,-4.276318,-3.3379808327783334,-4.12583864110047
2025-03-12,0.9659999999999996,-4.790186,-3.198705322772931,-4.147942990629455
2025-03-13,0.1860000000000003,-4.915556,-3.767454541724859,-4.575415504553737
2025-03-17,0.009000000000000341,-5.8385863,-3.145286812326788,-4.972684302010946
2025-03-18,1.773,5.311921,-4.681871952951457,-1.6343804526702619
2025-03-19,1.9485000000000001,-3.1108298,-3.009907811927159,-3.911299688609503
2025-03-20,2.9789999999999996,-3.8495994,-4.138256856336602,-4.384532062416185
2025-03-21,3.0779999999999994,-2.6225686,-1.9036771892474424,-2.99265960787579
2025-03-24,2.460000000000001,-4.9481077,-4.76540035489994,-4.888865563839841
2025-03-25,1.5119999999999998,-5.32542,-5.029770261628207,-5.187056272398551
2025-03-26,0.9824999999999995,-9.295515,-8.548257330164924,-7.875895313243206
2025-03-27,1.7145,-3.7621427,-4.2113759543586875,-4.441880937605687
2025-03-28,1.8195000000000003,-4.508735,-4.973377851440509,-4.9702203801215
2025-04-01,0.5610000000000003,-2.0761063,-1.5688243672512447,-3.206843507203612
2025-04-02,0.5744999999999997,-3.0805893,-2.4147941528552233,-3.7259983632294826
2025-04-03,-0.3195000000000004,-5.1251345,-4.835333862154741,-5.363162478160977
2025-04-04,-2.2514999999999996,-7.9282227,-7.479960313989054,-7.502482581873876
2025-04-07,-4.368,-5.422164,-5.264935784695753,-5.002293221368114
2025-04-08,-2.5934999999999997,-2.26945,0.7161560256217261,-1.1863725754240781
2025-04-09,-3.4335,-1.9109571,-3.622989986555043,-3.092739018421616
2025-04-11,-1.7804999999999995,-5.659456,-3.1533659050122207,-4.882542899609854
2025-04-15,-0.12150000000000033,-4.1355934,-4.059147854093064,-4.534515600470298
2025-04-16,0.5639999999999997,-4.714454,-3.7923719398026523,-4.605030468926013
2025-04-17,0.5804999999999996,-6.418519,-6.291357461592137,-6.073899251964999
2025-04-21,0.1335000000000001,-3.7007854,-3.951374750418353,-4.364185442432757
2025-04-22,-0.005999999999999872,-3.4795983,-4.029044665269807,-4.532870558726289
2025-02-18,-4.866,-3.4943876,-3.978335341417844,-3.552120289988532
2025-02-19,-4.3845,-3.935414,-3.57600328123901,-3.6607518759063873
2025-02-20,-4.4025,-4.819034,-4.037325186964883,-4.164170931568745
2025-02-21,-4.0785,-3.8712962,-3.9169031670133228,-3.683442288462661
2025-02-24,-4.284,-4.5294604,-4.45451550789466,-3.99452131121313
2025-02-25,-4.0065,-3.8144422,-4.328836287156448,-3.4882276327412676
2025-02-27,-4.5135,-4.4658155,-4.042582061869702,-4.009488297176978
2025-02-28,-3.852,-4.063132,-4.018941482662163,-3.4104987888273257
2025-03-03,-4.185,-4.351586,-4.176318900802546,-3.6748575827729195
2025-03-04,-4.089,-4.029689,-4.079793550811347,-3.680653678857856
2025-03-05,-3.3194999999999997,-4.3462873,-3.7271472816245783,-3.344200128369868
2025-03-06,-2.97,-7.9231405,-6.036582327133006,-6.273341572812921
2025-03-07,-2.6219999999999994,-1.5622318,-0.5408877546217093,-1.9626790243973247
2025-03-10,-3.177,-6.703522,-7.412734524967737,-6.292090315054248
2025-03-11,-2.8065,-7.562953,-7.161079410832609,-6.660898624890488
2025-03-12,-2.3474999999999997,-7.695112,-6.679422643322683,-6.580041782016269
2025-03-13,-2.718,-7.656141,-7.5505577423884445,-6.643492160598654
2025-03-17,-2.937,-6.8329034,-6.676332052361064,-6.130380069890825
2025-03-18,-2.0085,0.77663547,-7.870408725117697,-4.144014226373029
2025-03-19,-0.5309999999999998,-6.3652062,-2.9176047850299236,-4.704039490237584
2025-03-20,-0.8159999999999996,-4.603974,-5.370605085576498,-4.954507956016947
2025-03-21,-0.8460000000000001,-2.968803,-3.120909403933018,-3.310372248810494
2025-03-24,-1.9065,-4.7768955,-4.464019143069459,-4.559612249532162
2025-03-25,-2.1135000000000006,-5.6087856,-5.945187634601275,-5.273487032511371
2025-03-26,-2.0309999999999997,-6.7827168,-6.35006302234856,-5.977282972958773
2025-03-27,-1.7309999999999999,-7.5899444,-7.229387721575306,-6.518152097437609
2025-03-28,-2.0054999999999996,-8.540739,-8.033015073564837,-7.137032585879795
2025-04-01,-2.0324999999999993,-5.5705833,-5.1470119950154825,-5.209406257308543
2025-04-02,-1.3619999999999997,-5.6045394,-5.414023020786996,-5.301023113469202
2025-04-03,-1.971,-2.8794172,-2.0794604518457667,-2.9849915431839342
2025-04-04,-4.6499999999999995,-3.5165966,-2.5934094739206115,-3.1774710345355444
2025-04-07,-5.422499999999999,-0.5609154,-0.18874322719872116,-0.738701819518846
2025-04-08,-5.609999999999999,-0.23198707,3.4259979424407323,0.07707381513021827
2025-04-09,-5.770499999999999,-0.29304075,-0.31268736302112204,-1.1019496863764249
2025-04-11,-5.4704999999999995,-3.9045632,0.02411510838481118,-2.563974354477221
2025-04-15,-5.0625,-2.985656,-0.9645190189405917,-2.8229478782430886
2025-04-16,-3.6854999999999998,-1.8717179,-2.1493710263870303,-3.2931944177804167
2025-04-17,-3.504,-0.36841863,-1.3201724685801683,-2.587190487960931
2025-04-21,-3.747,-0.21699812,-1.0393988079539416,-2.53971247846867
2025-04-22,-2.2695000000000003,-1.9047723,-1.2248463770718552,-3.051083912389453
2025-02-18,-5.465999999999999,-3.3167388,-6.355342930680644,-4.102566276011875
2025-02-19,-5.196,-3.2635036,-6.448739503209129,-4.145354935536951
2025-02-20,-4.809,-6.6372867,-7.488581360637812,-6.293292002522073
2025-02-21,-4.549499999999999,-5.5985413,-6.448739503209129,-5.556886879529644
2025-02-24,-4.4475,-5.602932,-6.448739503209129,-5.580290933947693
2025-02-25,-4.4265,-5.7333875,-7.5179217131750695,-5.825562957063925
2025-02-27,-4.887,-5.8137937,-7.4983205153872134,-5.4149207239193275
2025-02-28,-4.877999999999999,-3.9530907,-6.353259119416061,-4.236966725489624
2025-03-03,-5.303999999999999,-3.6626012,-6.404568998348014,-4.267799590805973
2025-03-04,-5.2215,-3.3167388,-6.247053316479562,-4.012584300846332
2025-03-05,-4.6049999999999995,-3.2635036,-6.379459190047064,-3.9580562830410324
2025-03-06,-4.284,-4.807717,-7.011471416657753,-5.3042617669340455
2025-03-07,-4.308,-0.69939804,-1.1100438989030208,-1.7825839821959233
2025-03-10,-4.464,-5.5572944,-7.436243810992187,-5.752465939186321
2025-03-11,-4.5225,-6.0507164,-8.512024893801271,-5.852007996397614
2025-03-12,-4.542,-5.794041,-7.421984638845715,-5.936902096262769
2025-03-13,-4.422,-3.6301332,-7.488581360637812,-5.066749164626128
2025-03-17,-4.428,-3.8085306,-7.393799180289803,-5.181121879263265
2025-03-18,-2.892,1.8200434,-8.013460311232528,-3.5645074101295577
2025-03-19,-1.8675000000000004,-6.8136473,-4.736446353691165,-5.806669143401766
2025-03-20,-1.1280000000000003,-6.0276036,-6.211734835806428,-6.186214982591359
2025-03-21,-0.6719999999999995,-3.8000503,-3.7374511575506237,-4.473572364637948
2025-03-24,-0.5219999999999995,-5.2780447,-5.613889071481738,-5.594180903282776
2025-03-25,-0.8579999999999998,-6.3292603,-6.774916147615152,-6.322083568544754
2025-03-26,-1.2989999999999995,-7.028259,-7.169079285732678,-6.815270452800811
2025-03-27,-1.0679999999999996,-6.935114,-7.123226067736852,-6.584842979055535
2025-03-28,-1.329,-7.683734,-7.89514477926555,-7.1590926106665345
2025-04-01,-1.5195000000000003,-5.3673935,-5.200943088503303,-5.472641148042408
2025-04-02,-1.0275,-6.5628304,-6.014822353576684,-6.1583967649791465
2025-04-03,-1.3905000000000005,-6.542768,-6.7536467143388075,-6.385100381018941
2025-04-04,-3.0675,-4.8909698,-7.039577765480916,-5.775909079306801
2025-04-07,-4.104,-1.5968887,-4.2122472400331565,-2.974775983967535
2025-04-08,-4.1354999999999995,-1.9839982,-0.6778601846353564,-1.5283656360194295
2025-04-09,-3.9555,-0.621669,-0.9544113453185245,-1.5483735923257735
2025-04-11,-3.6345,-5.033906,-3.9837191725730454,-4.841959888204054
2025-04-15,-1.7175000000000005,-4.259578,-5.450084920343296,-5.141633190734267
2025-04-16,-1.1070000000000004,-3.0515614,-3.5488657786976363,-4.331070776850605
2025-04-17,-0.5744999999999997,-3.1987169,-5.032810241370456,-4.778766305781442
2025-04-21,-0.0389999999999997,-3.4671233,-4.9574641898522565,-4.816152724916117
2025-04-22,-0.27150000000000035,-4.2203665,-4.7752129989843635,-5.111147759610763
2025-02-18,-4.416,-5.024972,-7.494637448386679,-5.839760966276173
2025-02-19,-3.666,-5.024972,-7.667660753452004,-5.943051578735087
2025-02-20,-3.0420000000000003,-6.6164665,-6.217181166808813,-6.253084807464393
2025-02-21,-3.2880000000000003,-6.332288,-4.839850148664763,-5.8549816685903044
2025-02-24,-3.4035,-7.2934637,-7.27119943955838,-6.773995497233127
2025-02-25,-3.4905,-7.685092,-7.244842109506198,-6.894597475836684
2025-02-27,-4.236,-7.7119045,-7.385216426219505,-6.921459667917256
2025-02-28,-4.952999999999999,-4.784011,-4.269824960263978,-4.086954674869514
2025-03-03,-4.9665,-4.128531,-6.826146283825402,-5.1644009500660975
2025-03-04,-4.7835,-3.6251974,-4.150264751251151,-3.7184270295056066
2025-03-05,-4.758,-3.7607727,-6.3836058589019995,-4.914400823389222
2025-03-06,-4.0815,-4.7455783,-7.1229383577464,-5.524259766201986
2025-03-07,-4.029,-1.9853139,-2.0223501080346065,-2.7595411327523744
2025-03-10,-4.6995,-6.7801776,-7.674845061503414,-6.629266340003054
2025-03-11,-4.3845,-4.1088276,-7.6020875304352815,-5.447604321732798
2025-03-12,-4.02,-3.4533033,-6.905378287910815,-5.000558865911504
2025-03-13,-4.0845,-3.7226994,-6.457585845039566,-5.0209287778169385
2025-03-17,-4.0515,-3.7226994,-6.457585845039566,-5.040600809157872
2025-03-18,-2.5889999999999995,0.49739635,-7.463601229372764,-4.189793381596385
2025-03-19,-2.1,-7.07568,-5.167872706590603,-5.942808424484243
2025-03-20,-1.6215000000000004,-5.942167,-6.223930963078222,-6.038149174598857
2025-03-21,-0.1635000000000005,-4.2864475,-4.606372026340371,-4.797624176000552
2025-03-24,0.5775000000000002,-4.6393056,-4.89439899516723,-4.939432196970027
2025-03-25,-0.4769999999999999,-6.4073563,-6.737526180030962,-6.2372653826760045
2025-03-26,0.3150000000000002,-6.408271,-7.303644685316138,-6.444828683065474
2025-03-27,-0.14699999999999952,-5.897769,-6.908775361069817,-6.160197557668293
2025-03-28,-0.14549999999999982,-8.704906,-8.366341299043393,-7.67457348045486
2025-04-01,0.2054999999999996,-5.234899,-5.037187322514939,-5.300629147600983
2025-04-02,0.3135000000000005,-7.4983063,-7.204391445946378,-6.756266744516605
2025-04-03,0.3929999999999996,-8.602935,-8.181804853667222,-7.502251392174072
2025-04-04,-0.4815000000000001,-9.891427,-8.838311910860108,-8.170535229501427
2025-04-07,-2.4405000000000006,-3.2177737,-2.977825974456752,-3.330577168052978
2025-04-08,-1.0605,-1.211241,1.721951450534476,-0.2710527295840629
2025-04-09,-0.8099999999999997,-0.87820417,-1.1717378291234457,-1.9535711817707915
2025-04-11,0.38699999999999973,-8.823133,-5.033368984477562,-6.720333386325204
2025-04-15,1.071,-6.409183,-6.044538680468472,-6.137452305934925
2025-04-16,2.2784999999999997,-3.9568303,-3.8592755870505773,-4.4654628856187
2025-04-17,1.7235000000000003,-6.2832193,-7.240539235671465,-6.650373725898422
2025-04-21,2.473499999999999,-6.1607547,-5.899271732320484,-6.106662919241499
2025-04-22,2.937,-6.161988,-6.3175313535900495,-6.187229591787839
2025-02-18,-4.218,-5.5331454,-5.995877106904427,-5.620279207531378
2025-02-19,-3.714,-2.2369068,-6.140076446047365,-4.467692866348654
2025-02-20,-3.5999999999999996,-6.2469244,-6.211022496313474,-5.963057483601947
2025-02-21,-3.501,-2.5464132,-5.891190579600703,-4.300401550289278
2025-02-24,-3.273,-2.6867445,-5.891190579600703,-3.812770793135845
2025-02-25,-3.7109999999999994,-2.7350874,-6.575649477833994,-4.009787619025696
2025-02-27,-3.6839999999999997,-2.374198,-5.254466875809545,-3.9236258561428383
2025-02-28,-4.249499999999999,-2.6561701,-5.254466875809545,-3.927026395923611
2025-03-03,-4.8315,-2.6463416,-5.473887201241062,-4.186921042354163
2025-03-04,-4.5645,-2.6463416,-5.481267544135749,-4.2290257595432275
2025-03-05,-4.2795,-2.69288,-5.969099834570594,-4.340150169731544
2025-03-06,-3.9704999999999995,-4.2381096,-5.897173579955715,-4.982328900334256
2025-03-07,-3.8834999999999997,-0.45976442,-1.2541426652402328,-1.8907220337846944
2025-03-10,-4.273499999999999,-2.2981822,-5.975360613370155,-3.8041195265985124
2025-03-11,-4.26,-2.3785892,-5.955759415582299,-4.22763265314192
2025-03-12,-4.089,-2.3785892,-5.32374718897161,-4.214529880174284
2025-03-13,-4.5195,-3.1831276,-6.678388534268094,-4.941204257434247
2025-03-17,-4.0874999999999995,-2.6561701,-5.32374718897161,-4.277451761174293
2025-03-18,-3.42,1.3226776,-7.6262640668767485,-3.9005754400222887
2025-03-19,-2.1074999999999995,-4.6171002,-5.508580296489051,-5.295056647521567
2025-03-20,-1.4235000000000002,-3.1163056,-6.210734767863557,-5.0475091088036965
2025-03-21,-0.7454999999999998,-4.5030203,-4.525889456049258,-4.909498202783454
2025-03-24,-0.3885000000000005,-5.999247,-5.980608253990374,-5.899492890533658
2025-03-25,-0.4125,-6.9611993,-7.261743467199467,-6.572797433387006
2025-03-26,-1.0364999999999995,-6.7920356,-6.766062010551235,-6.454449322240639
2025-03-27,-0.23400000000000032,-7.0272098,-6.942098403103005,-6.49951451329788
2025-03-28,-1.1429999999999996,-6.9171,-7.206842915795445,-6.619671688535871
2025-04-01,-0.22350000000000028,-4.446649,-4.39331824282324,-4.633085401990266
2025-04-02,0.38099999999999984,-4.322026,-4.320623356357652,-4.566063598450288
2025-04-03,1.2630000000000001,-6.422321,-6.6254888975636375,-6.197539542530798
2025-04-04,0.19200000000000017,-7.0700736,-6.961112444171132,-6.57427485757386
2025-04-07,-1.8045,-3.6450915,-3.46953106564313,-3.6513539643432287
2025-04-08,-0.6585000000000001,-1.0371939,1.1108582067516213,-0.6068834780695306
2025-04-09,-0.9119999999999997,-1.5653505,-1.7203873293602059,-2.48465113928795
2025-04-11,0.3900000000000002,-8.159114,-4.820222300037601,-6.289573257909268
2025-04-15,1.3065,-5.2672186,-4.772737145620069,-5.070991851071948
2025-04-16,2.306999999999999,-3.9352565,-4.036900672242528,-4.456908520694783
2025-04-17,2.7390000000000008,-5.3084154,-5.508500562221647,-5.384982009809507
2025-04-21,3.3944999999999994,-4.903435,-4.6564269702079475,-4.907750544436747
2025-04-22,3.631499999999999,-5.8126254,-5.6847252477643195,-5.494503107011051
2025-02-18,-5.196,-2.2987058,-2.458233785808414,-2.4324319087998485
2025-02-19,-5.4285,-3.351962,-3.523972893171942,-3.2587406926612457
2025-02-20,-5.648999999999999,-3.746115,-4.199191960005376,-3.6859702703708543
2025-02-21,-5.430000000000001,-3.1021721,-3.4315013161906327,-3.256782826176817
2025-02-24,-5.1135,-4.7341485,-2.927730908676894,-3.4997871876019393
2025-02-25,-4.8255,-4.2377844,-2.979842844376347,-3.2432307699527714
2025-02-27,-5.088,-4.2377844,-2.910562531214282,-3.3227080780231817
2025-02-28,-4.728,-4.1910896,-2.665340594031666,-3.109299705928914
2025-03-03,-4.479,-4.1635413,-2.6760350715671484,-3.431301044378488
2025-03-04,-3.369,-2.644985,-1.7683339448463977,-2.263339207977544
2025-03-05,-3.828,-2.2190707,-2.1856605516833083,-2.5154774537953437
2025-03-06,-3.7349999999999994,-4.430986,-2.737089723220043,-3.613243648442714
2025-03-07,-3.7605,-0.32638487,0.45055861352176474,-1.3243899115750857
2025-03-10,-4.449,-3.4880118,-4.083485151444104,-3.697824306141999
2025-03-11,-5.043,-3.085337,-4.129456936621464,-3.5748983436372828
2025-03-12,-4.257,-2.50897,-2.6680735570037655,-2.9315631327075904
2025-03-13,-4.1535,-3.0617101,-3.0501926453467485,-3.4021232062496107
2025-03-17,-4.2345,-3.412739,-3.0598747540774625,-3.471827727300411
2025-03-18,-2.4644999999999997,1.664931,-2.8157058185628285,-1.3013453730022686
2025-03-19,-1.9110000000000003,-3.2801669,-1.0208032293980447,-2.7159706851310603
2025-03-20,-0.08099999999999986,-2.2913187,-1.9030382013834708,-2.61041567721318
2025-03-21,1.0199999999999996,0.16698784,0.6022323429950562,-0.9572162371870037
2025-03-24,0.7650000000000002,-0.42651904,-0.4315595459530624,-1.438989141300199
2025-03-25,-1.2675000000000003,-3.1311107,-2.734358377738005,-3.2265265558220912
2025-03-26,-1.9275000000000002,-4.682639,-3.6355735632154778,-3.952758155690027
2025-03-27,-2.0909999999999997,-4.0417647,-3.6576797462070227,-3.916024264543956
2025-03-28,-2.2335,-4.5222545,-4.170392852461379,-4.213413112562326
2025-04-01,-3.738,0.33216587,-0.007761524575327458,-1.6059380731143222
2025-04-02,-2.3400000000000003,-1.1563491,-0.6443087623763041,-2.2618269791346632
2025-04-03,-2.3729999999999998,-1.7910048,-1.957815799224885,-2.880418251316618
2025-04-04,-4.152,-3.8089333,-3.5201806645167326,-4.028469557677388
2025-04-07,-5.262,-3.682289,-1.9160312181485806,-2.800637048739718
2025-04-08,-4.1145,-0.43302065,2.5847052911299726,-0.3612266253119024
2025-04-09,-4.2585,-1.5387952,-1.8159270768321183,-2.323691292925271
2025-04-11,-3.4739999999999998,-4.7022486,-1.7176415836429255,-3.650566982459624
2025-04-15,-2.511,-4.0225058,-1.7394848978758881,-3.6782417632425117
2025-04-16,-1.6635000000000004,-3.277906,-2.4816320138382104,-4.102359609891932
2025-04-17,-1.0724999999999998,-6.00767,-6.177684462107835,-6.288780980500415
2025-04-21,0.2789999999999999,-3.6097314,-4.340007956454228,-4.879849436623911
2025-04-22,-0.5864999999999995,-5.9021072,-5.729175743506858,-6.16213152581468
2025-02-18,-5.2245,-7.3600607,-7.504101340958169,-6.603688955021433
2025-02-19,-4.2645,-6.4274487,-6.348385722138818,-5.740150597727177
2025-02-20,-3.4724999999999997,-6.125864,-5.712721106031253,-5.409963865965799
2025-02-21,-3.768,-7.068923,-6.627243109929078,-6.203871857772806
2025-02-24,-3.5295,-7.216429,-6.466653312530051,-6.25958078403237
2025-02-25,-3.8009999999999997,-7.944295,-6.708921245311548,-6.553409686447653
2025-02-27,-3.8579999999999997,-7.314808,-6.8570434146716925,-6.406294544545184
2025-02-28,-4.401,-6.7941265,-6.42493791443648,-6.0547062266045435
2025-03-03,-4.529999999999999,-7.7080975,-7.4551107509681005,-6.689810725496808
2025-03-04,-4.7985,-8.314259,-7.914929556278293,-7.100688572575308
2025-03-05,-3.813,-7.6804914,-7.511687657196879,-6.626951682546879
2025-03-06,-3.2099999999999995,-8.534908,-7.139257431056501,-6.8210526436375805
2025-03-07,-2.6625,0.46006578,-0.17045057824054757,-0.9367073861156203
2025-03-10,-2.937,-6.015871,-7.334297950426635,-5.914528892861952
2025-03-11,-2.5965000000000003,-6.773522,-7.85700359986337,-6.401929396834328
2025-03-12,-2.3639999999999994,-6.7486987,-7.19806646256557,-6.1823788613705535
2025-03-13,-2.5425000000000004,-7.5337315,-7.013589116306008,-6.423459763702086
2025-03-17,-1.9559999999999997,-7.349946,-7.173565515747089,-6.54868292902125
2025-03-18,-1.4445000000000003,-0.14958654,-8.552217732130448,-4.7628671259398345
2025-03-19,-0.9239999999999995,-7.7399006,-5.460223860744562,-6.301463350463334
2025-03-20,-0.4320000000000004,-6.6481757,-7.47610380268959,-6.6612760636192
2025-03-21,0.34949999999999976,-3.4831035,-3.7805899530611984,-4.255996191114847
2025-03-24,0.2039999999999999,-5.6913605,-5.357469401910969,-5.583869219471408
2025-03-25,-0.4485000000000003,-6.2097483,-6.268463215973904,-5.809426479595934
2025-03-26,-0.5909999999999996,-7.765823,-7.16707465077518,-6.832688992249229
2025-03-27,0.023999999999999487,-6.7979507,-6.307088031845947,-6.258720414758432
2025-03-28,0.07199999999999952,-7.376348,-7.047461441054075,-6.769461150460017
2025-04-01,1.4864999999999995,-6.18515,-4.699047280623126,-5.4073649935346735
2025-04-02,1.7235000000000003,-5.5015473,-4.5840138910656565,-5.350068047498946
2025-04-03,1.7954999999999999,-6.2032833,-6.322376981956288,-6.1999792498933415
2025-04-04,0.16050000000000003,-8.110577,-7.086255352984215,-6.947371937952065
2025-04-07,-2.3219999999999996,-3.52629,-3.6156805391959916,-3.712169769544148
2025-04-08,-0.9929999999999995,-2.0148714,0.9950789623163206,-1.0584042159686051
2025-04-09,-1.0155000000000005,-1.1100819,-1.1138313521537544,-2.18665020857505
2025-04-11,0.5985000000000003,-6.807439,-3.791590649118133,-5.286603773011641
2025-04-15,1.9094999999999995,-4.3960743,-4.376237026753786,-4.210745650183046
2025-04-16,1.9260000000000004,-2.6339755,-2.0757839560421063,-3.183135351899885
2025-04-17,1.896,-4.1744976,-3.848647766195032,-4.296717977296972
2025-04-21,2.977499999999999,-3.4130118,-3.4694310123440806,-3.9429562222234598
2025-04-22,5.484,-5.3112183,-4.84903713904612,-5.068280720958651
2025-02-18,-5.6715,-5.4679627,-6.001309176402131,-5.2971911318019504
2025-02-19,-5.676,-5.9087396,-5.707668176498179,-5.409159657910735
2025-02-20,-5.678999999999999,-5.9087396,-5.776948489660244,-5.492318407635756
2025-02-21,-5.2455,-6.2754173,-5.9112274372335705,-5.675277651250022
2025-02-24,-5.080500000000001,-5.7544317,-6.611197206953103,-5.530777628777267
2025-02-25,-5.085,-5.86008,-6.969179160558897,-5.731620386313926
2025-02-27,-3.8025,-3.390738,-5.37788735071326,-4.0807325876282405
2025-02-28,-5.373,-5.8203387,-6.504177263777722,-5.443155265341217
2025-03-03,-5.770499999999999,-4.9475956,-6.238687269126078,-5.2606214629775385
2025-03-04,-5.3340000000000005,-4.4235563,-6.238687269126078,-5.083644355935824
2025-03-05,-5.2485,-6.9896364,-6.7530094343941505,-6.360758487785521
2025-03-06,-4.460999999999999,-7.6464705,-6.476081369017421,-6.664439156877413
2025-03-07,-4.659,-0.4726017,-0.9608561491844945,-1.8908735176599774
2025-03-10,-5.427,-6.580303,-7.119997422676334,-6.451756238659471
2025-03-11,-5.0745,-5.16566,-6.089824586144714,-5.378050861682516
2025-03-12,-4.948499999999999,-6.287222,-6.9624796697968,-6.177535890619212
2025-03-13,-4.905,-6.5218325,-7.153907476468963,-6.2286814171516
2025-03-17,-4.68,-7.3177166,-7.153907476468963,-6.68865829428852
2025-03-18,-3.1035,1.7209071,-9.217721903063147,-4.196831926117658
2025-03-19,-1.7954999999999999,-4.0861154,-4.9854524438479,-4.83885883900909
2025-03-20,-0.8895,-3.7146466,-6.686187285431512,-5.230235151365366
2025-03-21,-0.3465000000000003,-2.5165796,-1.9582002301718728,-3.4982810831726265
2025-03-24,-0.39899999999999947,-5.21749,-5.701328108072485,-5.689337057540073
2025-03-25,0.8835000000000001,-7.32689,-7.956595511799001,-6.968443791548497
2025-03-26,-0.3329999999999998,-7.7850676,-8.067028060052312,-7.463630644222858
2025-03-27,0.8324999999999996,-9.1240835,-8.845989091618515,-7.933086056067405
2025-03-28,0.4679999999999996,-9.401323,-9.162337032911232,-8.363706527685707
2025-04-01,0.8295000000000001,-8.959804,-8.144482650079738,-7.6983351008859024
2025-04-02,0.7695000000000004,-8.987376,-7.560624573076759,-7.718511169115815
2025-04-03,0.8760000000000004,-9.74878,-9.843337948923283,-8.544629550958106
2025-04-04,-0.7605000000000001,-8.025223,-8.516028521018168,-7.592935971982371
2025-04-07,-3.4739999999999998,-1.6577196,-3.88881862782035,-3.1886391265075114
2025-04-08,-2.727,-2.2731395,0.5956700040811151,-1.4629230667129187
2025-04-09,-3.4019999999999997,-1.8669486,-1.9086859391660622,-2.754210676072057
2025-04-11,-0.9179999999999996,-6.368988,-6.07816718052517,-6.115520720204952
2025-04-15,0.7934999999999999,-6.3773165,-6.0155019270989465,-6.249756308298256
2025-04-16,1.3860000000000003,-1.6161815,-3.9840584060786646,-3.947268333000488
2025-04-17,2.067,-3.8567512,-5.210098731776823,-4.965897623680597
2025-04-21,2.0489999999999995,-4.2418942,-5.5430932612895925,-5.2227633984945
2025-04-22,1.7954999999999999,-6.8408985,-7.206463146326454,-6.743968221342471
2025-02-18,-5.932499999999999,-8.031933,-7.694784374850902,-6.764107885681851
2025-02-19,-4.8614999999999995,-6.749905,-7.062616969641675,-5.981001615413046
2025-02-20,-4.484999999999999,-5.711159,-5.850002070752785,-5.2531633449919255
2025-02-21,-4.3545,-6.794783,-6.883914327778053,-5.988565904946648
2025-02-24,-3.9015,-7.940623,-7.8491095768796,-6.797256865200429
2025-02-25,-4.038,-7.697326,-6.968534123511998,-6.593355121266567
2025-02-27,-5.4165,-7.9985666,-7.507118489969008,-6.66316665554414
2025-02-28,-4.9784999999999995,-4.2663226,-6.847696139434102,-4.943021808420708
2025-03-03,-5.3445,-4.5192814,-6.6756364130465755,-4.904921538179466
2025-03-04,-5.2725,-4.5695834,-6.735660857261466,-5.17551055548344
2025-03-05,-5.438999999999999,-4.9573216,-6.782689622508428,-5.3015956069473935
2025-03-06,-5.7165,-7.18483,-7.54393440206752,-6.446635219257293
2025-03-07,-5.5665,-0.7855722,-1.2557942806759228,-1.8892477066965854
2025-03-10,-5.8425,-6.6158586,-4.77185626238732,-4.839343076121659
2025-03-11,-5.6925,-6.656074,-4.585794428266611,-4.7355836611812965
2025-03-12,-5.4165,-6.739155,-4.36513314108057,-4.643056807382714
2025-03-13,-5.607,-6.146175,-4.563382777654547,-4.526690372967915
2025-03-17,-5.1765,-6.3725243,-4.283637337496682,-4.502537549785504
2025-03-18,-4.317,1.0272552,-8.720979337655452,-4.242438532335374
2025-03-19,-3.2085,-4.0919247,-5.298282459642979,-4.918286209810964
2025-03-20,-2.319,-6.532655,-6.748236306762316,-6.509647259109432
2025-03-21,-1.3545,-4.6727858,-4.754835493276893,-5.225329418124076
2025-03-24,-1.6920000000000002,-7.012872,-6.657090073843835,-6.648627627884944
2025-03-25,-2.121,-6.1339355,-6.731716178652487,-6.3419005869244485
2025-03-26,-2.4389999999999996,-7.7963896,-7.8387255176304445,-7.473696252073971
2025-03-27,-1.4954999999999998,-6.4360948,-6.278181468815159,-6.403453375181307
2025-03-28,-0.6630000000000003,-6.999311,-7.757082565797393,-6.850216936993721
2025-04-01,0.05549999999999961,-4.3212996,-6.925443371966819,-5.613769019069435
2025-04-02,-0.27150000000000035,-8.553819,-7.521589807427244,-7.5629053968950215
2025-04-03,1.2719999999999996,-6.769599,-6.591960365512848,-6.640500372749775
2025-04-04,-0.49050000000000044,-5.299661,-8.369754087877578,-6.547183468980586
2025-04-07,-2.784,-1.4959188,-3.664424864185831,-2.8278241087253777
2025-04-08,-1.7820000000000003,-1.5503683,0.8546505056736544,-0.9694479940607401
2025-04-09,-1.3965000000000003,-1.4235792,-2.187540847592194,-2.6668899069288035
2025-04-11,0.23550000000000004,-10.525552,-10.31624424610723,-9.029879040763763
2025-04-15,1.3934999999999997,-8.861419,-8.513017335250957,-8.080246594456193
2025-04-16,1.6590000000000003,-3.2151022,-3.523921081169827,-4.63894233015521
2025-04-17,2.2335,-2.9752927,-5.448998346279242,-5.019761980868131
2025-04-21,3.2310000000000008,-4.368611,-5.258992691529121,-5.40305889807566
2025-04-22,3.684,-6.1208816,-5.551718823302423,-5.841774467328763
2025-02-18,-6.072,-5.217337,-4.735898383845571,-4.354992005819937
2025-02-19,-5.784,-5.1790605,-4.442542353962663,-4.149022283180333
2025-02-20,-5.646,-6.8574862,-4.144279006948556,-4.520474282152544
2025-02-21,-5.107499999999999,-6.03891,-4.089269935415349,-4.057291021662996
2025-02-24,-5.49,-6.924554,-4.790111111966959,-4.6826529029236355
2025-02-25,-5.4135,-6.7022667,-4.514277436665895,-4.503852278807972
2025-02-27,-5.4555,-6.625817,-4.694193717269847,-4.5291283701101035
2025-02-28,-4.6545,-6.0959272,-3.6513187607424586,-3.745194284742937
2025-03-03,-5.469,-4.936072,-4.227425543250657,-3.651939512823514
2025-03-04,-5.433,-4.8103013,-4.757627046998133,-3.9173419338286757
2025-03-05,-5.385,-4.749747,-4.53558177592203,-3.895568709720007
2025-03-06,-5.397,-6.2896953,-5.291456081927172,-4.794485425233723
2025-03-07,-5.3325,-1.2088144,-0.9945040617590843,-1.7923158024111507
2025-03-10,-5.508,-6.2179656,-4.612857588092694,-4.559003651866542
2025-03-11,-5.3895,-4.801151,-5.426989150521302,-4.269732212950416
2025-03-12,-5.1465000000000005,-6.423858,-4.64553809066853,-4.6140107277535
2025-03-13,-4.416,-4.747269,-4.153591895855486,-3.8185872240622953
2025-03-17,-2.4435,-5.825095,-5.643345566795969,-5.31564886757449
2025-03-18,-1.0514999999999997,1.0111843,-7.123151897573405,-3.873679938592344
2025-03-19,-2.4375,-7.7356253,-5.519083600129803,-6.652354931782713
2025-03-20,-1.2344999999999995,-8.008975,-8.506346587609734,-7.92591345327738
2025-03-21,-1.8105,-5.214783,-5.190673974494449,-5.784882820348293
2025-03-24,-1.4429999999999996,-5.3096943,-5.310475686318841,-5.609430264735107
2025-03-25,0.19200000000000017,-2.792327,-2.086745659800703,-3.273078395954721
2025-03-26,-1.5614999999999994,-4.935503,-3.3971197739157493,-4.202165399961893
2025-03-27,0.5565000000000001,-6.1887355,-4.493704640713541,-5.384112040898265
2025-03-28,-2.1809999999999996,-4.2042108,-3.39754537661216,-3.8100553994711364
2025-04-01,-1.0110000000000003,-4.9228697,-3.862639885977888,-4.833039460520357
2025-04-02,2.3550000000000004,-6.9178786,-5.079700065840217,-5.971433706692161
2025-04-03,2.7375,-6.2396264,-5.7817908512738505,-6.0857966163503
2025-04-04,2.1135000000000006,-8.504652,-7.19077190974921,-7.188607096350735
2025-04-07,0.9974999999999997,-1.6941054,-0.41108233649572273,-1.8594270313305195
2025-04-08,1.5840000000000003,-0.16230501,3.8532951800360293,0.04625353141660277
2025-04-09,1.7070000000000003,-1.4552219,-0.12654216890603706,-1.6332910328499934
2025-04-11,1.9874999999999998,-10.246704,-6.256955263454568,-7.501907885433938
2025-04-15,4.144499999999999,-5.7212234,-5.662319168281563,-5.32437464085068
2025-04-16,4.6515,-5.2739906,-4.05453964783736,-4.431541591133018
2025-04-17,4.176,-5.9349465,-5.9929309419219505,-5.6051219249340125
2025-04-21,4.059,-5.45696,-5.541069314243214,-5.37514814834707
2025-04-22,4.0245,-5.3185487,-5.7408323195333955,-5.427347793970874
2025-02-18,-4.866,-6.6778154,-7.293106135394511,-6.476724517293002
2025-02-19,-4.2765,-5.737898,-6.057401391739499,-5.657238923845187
2025-02-20,-4.2555,-5.5523577,-6.057401391739499,-5.517446900119521
2025-02-21,-3.9734999999999996,-5.4249334,-5.911385912931535,-5.422239156041822
2025-02-24,-4.089,-5.907774,-5.845934503022035,-5.677295952364133
2025-02-25,-4.0485,-7.0286236,-6.99377641265256,-6.447033426121057
2025-02-27,-4.1354999999999995,-5.616679,-5.443050652141788,-5.3197027198201186
2025-02-28,-4.389,-5.65961,-5.623452897656999,-5.404846661146571
2025-03-03,-4.731,-5.2950354,-5.598277039668498,-5.3975131645813015
2025-03-04,-3.7575,-5.552812,-5.39823029358023,-5.30917002675334
2025-03-05,-3.8085,-5.5044074,-5.8232026054266735,-5.476929121938836
2025-03-06,-3.747,-6.941964,-6.654109694365558,-6.445940649884438
2025-03-07,-3.7095,-2.043384,-2.280025297366217,-2.909097110150644
2025-03-10,-4.1895,-6.733005,-7.7866697049894364,-6.675620941523359
2025-03-11,-4.0335,-6.8350644,-7.790843746898211,-6.756504270025083
2025-03-12,-3.5085,-5.411797,-6.06295354530559,-5.600358528980682
2025-03-13,-3.9704999999999995,-6.692805,-7.0505866017172165,-6.314582026820115
2025-03-17,-3.6959999999999997,-5.6496687,-5.905525205746064,-5.530222331160289
2025-03-18,-2.7345,0.4776357,-7.462170218099042,-4.214431933498621
2025-03-19,-2.2155000000000005,-7.83603,-5.175235076228992,-6.497346074621645
2025-03-20,-2.3249999999999997,-7.266792,-7.666969883158747,-7.123031164719918
2025-03-21,-0.4244999999999997,-4.622552,-4.369765198566081,-4.772551933769126
2025-03-24,-1.0155000000000005,-5.9123344,-5.583617036569354,-5.919269605037459
2025-03-25,-1.0844999999999996,-6.88265,-7.002026835430931,-6.597025620882307
2025-03-26,-1.3605,-7.2357287,-6.846739806928434,-6.849184329284379
2025-03-27,-0.10349999999999966,-6.845792,-6.604550530503035,-6.5594340224480385
2025-03-28,0.007499999999999573,-7.3517604,-6.839174454149601,-6.933985142901177
2025-04-01,0.8295000000000001,-7.398223,-7.344020010380262,-6.875829453654276
2025-04-02,1.8510000000000004,-7.2526536,-6.625518941926643,-6.646227225194959
2025-04-03,2.004,-6.2307396,-5.937637296035426,-6.132867642149107
2025-04-04,1.4655000000000005,-7.190508,-7.467930818083581,-6.944792721853818
2025-04-07,-0.3195000000000004,-2.9285276,-2.7939752276347773,-2.958669399595745
2025-04-08,0.14099999999999965,-1.9093549,0.6137905232790123,-0.9739292465803105
2025-04-09,0.44999999999999996,-2.6348338,-2.0700100820884564,-2.8370313922864137
2025-04-11,1.3800000000000003,-10.346439,-7.015820209728802,-7.848044092715053
2025-04-15,2.4090000000000003,-6.6060624,-6.534984437953743,-6.210721785608223
2025-04-16,2.4854999999999987,-6.069087,-5.62681367182474,-5.9530763193589085
2025-04-17,3.3045,-5.5108323,-5.861835037194103,-5.571756758991986
2025-04-21,3.397500000000001,-6.7502046,-7.164645368843064,-6.5226943410786244
2025-04-22,3.715499999999999,-6.2841544,-6.40343598403791,-6.076455965165218
2025-02-18,-5.669999999999999,-7.05559,-7.317161122373287,-6.518614596976281
2025-02-19,-5.4735000000000005,-5.679406,-6.041602713265747,-5.461414730401775
2025-02-20,-5.5935,-6.7181516,-7.1866641092369,-6.294114760837804
2025-02-21,-5.102999999999999,-5.679406,-5.942772579928248,-5.343581315863306
2025-02-24,-5.469,-4.2601933,-5.033477833884954,-4.547692912159274
2025-02-25,-5.044499999999999,-5.3382893,-5.942772579928248,-5.279150024249802
2025-02-27,-5.2395,-5.190239,-5.182918306529356,-5.057989515869612
2025-02-28,-5.7585,-5.5219646,-5.252198619691421,-5.262004836862329
2025-03-03,-5.397,-3.1304867,-2.6232897373307935,-2.682117824137104
2025-03-04,-5.2875,-4.7217145,-2.57809965831529,-3.2243094360663136
2025-03-05,-5.4135,-5.369299,-5.713117236417535,-5.206527662445849
2025-03-06,-5.765999999999999,-8.204548,-7.818676335847589,-7.058264771545733
2025-03-07,-5.8485000000000005,-2.4435983,-2.182275359927222,-2.851873055306129
2025-03-10,-5.913,-7.1824956,-7.869508404649681,-6.71524604309009
2025-03-11,-5.7749999999999995,-7.049877,-7.818676335847589,-6.595626190633486
2025-03-12,-5.79,-6.85077,-7.237496178038992,-6.330004932668006
2025-03-13,-5.7465,-6.85077,-7.237496178038992,-6.310996247657245
2025-03-17,-5.5425,-6.011132,-5.942772579928248,-5.487724895202552
2025-03-18,-5.382000000000001,1.877118,-6.75430316800084,-3.3636967345855346
2025-03-19,-4.89,-6.528839,-3.329626059753804,-5.1414504673420005
2025-03-20,-4.246499999999999,-5.17909,-5.8085850695295775,-5.538873209402265
2025-03-21,-3.9464999999999995,-2.6368759,-2.906733449725557,-3.683097879353835
2025-03-24,-3.9119999999999995,-3.9400828,-4.334278759290788,-4.506858437609395
2025-03-25,-4.245,-5.122322,-5.732424849551951,-5.503582218853984
2025-03-26,-4.1205,-5.631957,-6.249561323776354,-6.032458781118886
2025-03-27,-3.8249999999999997,-6.040931,-6.730305945252507,-6.101204790586056
2025-03-28,-2.5994999999999995,-7.1313667,-7.801278833497855,-6.817756835788588
2025-04-01,-3.8535,-6.887021,-6.765929347784476,-6.5559491904905025
2025-04-02,-3.015,-5.455582,-5.614161511142036,-5.784043791452927
2025-04-03,-3.528,-6.2338586,-6.609710725874215,-6.3870806643924976
2025-04-04,-4.281,-7.5362773,-7.768703267443259,-7.145026675340791
2025-04-07,-5.157,-4.0726957,-3.960273593028607,-4.008364353688663
2025-04-08,-5.169,-3.3431878,-0.9596628932747184,-1.829514375142113
2025-04-09,-5.1495,-2.9674344,-3.304725008544436,-3.322512504875248
2025-04-11,-4.2509999999999994,-6.0373,-3.6153373647136506,-5.1234178307994
2025-04-15,-3.9855,-5.122167,-5.188660677319579,-5.311643485539375
2025-04-16,-3.5385,-6.31372,-5.311065332971685,-5.880216273806059
2025-04-17,-2.856,-7.025878,-7.462224580553648,-6.951978459808599
2025-04-21,-1.7835,-3.6564863,-5.157380801908769,-5.173523914949968
2025-04-22,-0.5655000000000004,-6.932577,-6.726858980238004,-6.680990785461338
2025-02-18,-5.1675,-3.0677352,-3.5407325061823043,-3.23973818180158
2025-02-19,-4.5045,-6.459651,-7.721384057132021,-6.545892503775256
2025-02-20,-3.8594999999999997,-5.4142575,-5.113544947594309,-5.191733758063469
2025-02-21,-4.215,-6.456864,-6.892415487503756,-6.203597910367857
2025-02-24,-3.942,-2.4940057,-2.348389002426937,-2.577708458915561
2025-02-25,-3.9869999999999997,-6.572308,-7.330717928200158,-6.408472300764024
2025-02-27,-5.140499999999999,-2.9631102,-3.3543256561343,-3.1172382763126323
2025-02-28,-5.2155,-3.135509,-3.6741129054413935,-3.0867534026863073
2025-03-03,-5.292,-2.58226,-3.215029752770308,-2.8406374445517275
2025-03-04,-5.0175,-2.58226,-3.111862291129129,-2.730545660332915
2025-03-05,-4.5555,-4.891903,-5.857250476970541,-5.192010265988038
2025-03-06,-4.464,-6.9018598,-6.647554401442745,-6.252060782987099
2025-03-07,-3.6765,-0.8138072,-0.14196795601133586,-1.8181597563127752
2025-03-10,-3.948,-6.2866154,-7.57625750621847,-6.563216050457399
2025-03-11,-4.2989999999999995,-6.096826,-7.485787122665223,-6.377929533426329
2025-03-12,-3.39,-6.472674,-6.587833231017783,-6.293888008314238
2025-03-13,-3.0645,-6.5374193,-6.488802132694559,-6.387837808426769
2025-03-17,-2.7224999999999997,-6.512813,-6.373103837500681,-6.3494964168784485
2025-03-18,-1.9605,-1.1324329,-8.808965596414426,-5.516154062856944
2025-03-19,-0.026999999999999958,-9.27662,-6.693524008412454,-7.55045176985232
2025-03-20,0.2670000000000002,-8.515937,-8.265393059712283,-7.861068187159363
2025-03-21,0.7409999999999997,-5.220186,-4.792876570588247,-5.488585409188127
2025-03-24,1.3454999999999997,-6.194344,-5.907630199038493,-6.266463542388496
2025-03-25,0.8489999999999994,-7.279513,-7.240256751498689,-6.767358799912215
2025-03-26,-1.1070000000000004,-6.7188625,-6.455435412771545,-6.672211914987961
2025-03-27,-0.39450000000000035,-5.4830484,-5.841675798835654,-5.551264746064053
2025-03-28,1.4130000000000003,-7.555105,-7.361633357348384,-6.747365754941957
2025-04-01,0.4139999999999997,-8.423604,-8.326724604436697,-7.593736790585132
2025-04-02,1.0485000000000002,-8.112685,-7.716226147357963,-7.285109578899632
2025-04-03,0.8909999999999997,-6.6951833,-7.033731774061269,-6.889766000030489
2025-04-04,-1.8360000000000003,-7.1186957,-7.099109614314855,-6.899619561087296
2025-04-07,-2.8695,-2.8995297,-3.1832162892708586,-3.4440978888008127
2025-04-08,-2.9565,-2.712963,0.4231483252663187,-1.5161615416137342
2025-04-09,-3.4694999999999996,-1.286782,-1.3116598575790128,-2.1185076827942373
2025-04-11,-1.4280000000000004,-6.172494,-3.3237391013018884,-5.114188762890301
2025-04-15,-0.5145,-5.9005957,-5.486227859871802,-5.68022505311175
2025-04-16,0.2864999999999995,-3.8805387,-5.061872160270662,-4.974447691881569
2025-04-17,0.5744999999999997,-3.773066,-6.056972556049999,-5.242380410828832
2025-04-21,1.3619999999999997,-3.1232665,-5.725854835108389,-4.92780522726413
2025-04-22,1.7114999999999994,-4.901013,-5.730921217718455,-5.413420054228937
2025-02-18,-5.992500000000001,-5.2986774,-4.826487730688585,-4.442850189983891
2025-02-19,-5.8545,-4.2463884,-6.285558734085181,-4.375832015339268
2025-02-20,-5.643,-5.8648434,-6.285558734085181,-5.489964379441471
2025-02-21,-5.648999999999999,-5.8648434,-3.787699720701707,-4.173848314622445
2025-02-24,-5.463,-5.8695874,-7.14857009725069,-5.206258413392057
2025-02-25,-5.316,-5.5137143,-5.903628777998447,-4.708696096625301
2025-02-27,-5.861999999999999,-6.5244503,-3.5301697545310766,-4.488823937072542
2025-02-28,-5.669999999999999,-3.7378988,-3.4513902928938354,-3.3685587449821464
2025-03-03,-5.492999999999999,-3.8829064,-3.715996537922215,-3.388518652473497
2025-03-04,-5.717999999999999,-3.8952613,-3.600943892660868,-3.5295465619533974
2025-03-05,-5.713500000000001,-4.241425,-3.8389217489427248,-3.779502558308661
2025-03-06,-4.7775,-6.971794,-5.944259686744405,-5.144668882933318
2025-03-07,-4.992,-1.4308072,0.35476364513614206,-1.511159981715613
2025-03-10,-5.5335,-4.2591934,-4.413138057150797,-3.9818580395329652
2025-03-11,-5.3715,-6.526595,-4.84950328665879,-4.794402166637564
2025-03-12,-4.990499999999999,-6.4148726,-4.527763156296887,-4.634922282290991
2025-03-13,-5.34,-5.3135476,-5.12722624460591,-4.626763616299127
2025-03-17,-5.2695,-4.932046,-4.537051815055143,-4.235963147723262
2025-03-18,-4.659,-0.8723718,-9.431626700022594,-4.3532982583711455
2025-03-19,-3.7394999999999996,-3.6241066,-3.220349349130393,-3.4152190409556846
2025-03-20,-2.841,-2.9974825,-6.401985014789841,-4.180745169173268
2025-03-21,-2.928,-1.722544,-4.2663629237704415,-3.6414138656203843
2025-03-24,-3.069,-4.732403,-5.35213049292318,-5.189340911863985
2025-03-25,-3.3555,-1.6373514,-1.4695587933504912,-2.2820005764072837
2025-03-26,-3.453,-4.2503414,-5.827092520682711,-5.057763288677776
2025-03-27,-3.3285,-4.9868994,-6.629143541442999,-5.59770986889667
2025-03-28,-2.8575,-6.2064404,-7.059009292394371,-6.177449060061839
2025-04-01,-2.613,-3.854805,-5.637292362749659,-4.927497205686912
2025-04-02,-1.719,-2.7471392,-6.366147869298952,-4.933800009372806
2025-04-03,-1.2239999999999995,-6.794535,-7.131383494055283,-6.754759596709757
2025-04-04,-1.8284999999999996,-4.4712825,-8.359909118238042,-5.987338791241794
2025-04-07,-3.6405,-1.7172669,-1.7751087977415854,-2.3080531342896613
2025-04-08,-3.375,-0.5713731,1.0727198573168364,-1.220582947198731
2025-04-09,-3.057,-0.43269223,0.010571222351608548,-1.3732728281640632
2025-04-11,-1.8795000000000002,-5.1991153,-4.946431982087601,-5.280372393200553
2025-04-15,-0.5894999999999999,-5.277518,-6.560839381158943,-5.8811606146168565
2025-04-16,0.05100000000000051,-7.156571,-6.4047983333827565,-6.626532392128128
2025-04-17,0.30749999999999955,-6.1170006,-7.408354400648175,-6.547615957309769
2025-04-21,0.37049999999999983,-5.64038,-6.392121460647843,-6.079503748456094
2025-04-22,0.6525000000000002,-6.631133,-7.810969556117503,-6.782561613158588
2025-02-18,-5.852999999999999,-4.517593,-4.3563041300551175,-3.9491112726491773
2025-02-19,-5.232,-7.107974,-4.400696304061913,-5.040110449719939
2025-02-20,-5.2755,-7.2100315,-4.893669731326204,-5.21788369227743
2025-02-21,-4.5344999999999995,-7.264347,-4.539542476647511,-5.071998024906708
2025-02-24,-5.34,-7.2138567,-4.676421891651724,-5.064178478469157
2025-02-25,-5.436,-7.4507446,-4.772854465913422,-5.193390104220471
2025-02-27,-5.7435,-5.5954027,-4.9345660330725725,-4.64175718007254
2025-02-28,-5.669999999999999,-5.2379217,-4.64243901989058,-4.30960902691398
2025-03-03,-5.4075,-5.048737,-4.715217368191337,-4.461946194531418
2025-03-04,-5.184,-3.773734,-4.039806179022499,-3.8845850231902963
2025-03-05,-4.8795,-3.9060621,-3.712947517650753,-3.630128575772596
2025-03-06,-5.2155,-7.3665676,-4.487204094644257,-5.231561168558069
2025-03-07,-5.2005,-3.0914288,-0.5866097925155449,-2.6010104972542774
2025-03-10,-5.278499999999999,-5.854697,-4.577605982968874,-4.693727283500733
2025-03-11,-4.9935,-4.298506,-5.0033974095955465,-4.245481403324743
2025-03-12,-4.716,-4.221456,-4.088839297147905,-3.914994336540273
2025-03-13,-5.115,-4.0773735,-4.1876694304854025,-4.04958362324838
2025-03-17,-5.068499999999999,-4.086524,-4.1849783329368515,-4.044290835325648
2025-03-18,-3.774,1.6520482,-4.609298880325743,-1.855571935460084
2025-03-19,-2.8095,-3.6547678,-1.3321624293353884,-2.683654432750898
2025-03-20,-2.0340000000000003,-2.9007928,-2.7607661995945625,-2.9644402926611537
2025-03-21,-2.0054999999999996,-1.2563143,-0.894550755998533,-1.9014360616744352
2025-03-24,-2.3699999999999997,-1.9813083,-1.6907782213014215,-2.4349790380314653
2025-03-25,-2.4764999999999997,-3.1093457,-2.4039922015686654,-3.29887817434365
2025-03-26,-2.514,-4.6028147,-3.4488418317957694,-3.9011558916326976
2025-03-27,-1.6050000000000004,-4.6396794,-3.1824410300109287,-4.292664517431845
2025-03-28,-1.7639999999999996,-5.044449,-3.726785642950109,-4.489726346681075
2025-04-01,-1.1969999999999994,-5.019658,-3.720166921339233,-4.8210329421332325
2025-04-02,-1.1550000000000005,-4.511432,-3.121878355095723,-4.297883038507479
2025-04-03,-1.0949999999999995,-3.4699872,-2.9683380667403663,-3.6819210493735612
2025-04-04,-3.207,-4.6885448,-3.729183820876992,-4.565194376164219
2025-04-07,-4.728,-1.7175087,-1.777400435258885,-2.104433004176694
2025-04-08,-4.071,-1.3138937,1.816421889228111,-1.1653933759939454
2025-04-09,-4.0215,-1.5713181,-1.626528377260541,-2.3341803945989517
2025-04-11,-2.826,-4.110614,-1.7699852528231417,-3.604273676157334
2025-04-15,-1.4699999999999995,-3.771769,-1.6878207718653448,-3.576719703806281
2025-04-16,-0.6960000000000001,-2.1876292,-1.7362100639038447,-3.503753622663048
2025-04-17,-0.6224999999999997,-2.5550988,-3.3466671993038384,-4.111753224024404
2025-04-21,0.040500000000000466,-2.9366848,-3.9917176033718955,-4.513341989719233
2025-04-22,-0.12449999999999974,-6.345854,-5.5378102197101615,-6.082740038381435
2025-02-18,-5.023499999999999,-5.048737,-7.015682510334661,-5.479559036336835
2025-02-19,-4.413,-6.7448306,-7.014765675583652,-6.173218394040802
2025-02-20,-4.173,-7.0201287,-7.141967478417501,-6.291634254143796
2025-02-21,-3.9825,-6.6208215,-6.73229937369146,-6.086944865842847
2025-02-24,-4.0305,-8.088072,-7.9414298241623325,-6.966752044958375
2025-02-25,-3.9255,-5.0945406,-8.0780917615411,-5.7282915544500845
2025-02-27,-4.638,-7.107974,-8.03116861583561,-6.037842626143741
2025-02-28,-5.0295,-5.2379217,-6.8861072198644555,-4.822955568901199
2025-03-03,-5.4105,-5.228093,-6.928549278264951,-4.988955960810007
2025-03-04,-5.1375,-5.264803,-7.652050057557458,-5.259103216607669
2025-03-05,-4.26,-5.113061,-6.937417098796409,-5.464807494190675
2025-03-06,-4.2195,-6.1831126,-7.41664261320433,-6.018573549594441
2025-03-07,-4.1055,-1.4483902,-1.5474943303420186,-2.1801205998471165
2025-03-10,-4.1175,-4.0293593,-6.355714806430997,-4.7583951999748
2025-03-11,-4.174499999999999,-5.0743,-8.512024893801271,-5.910760034312791
2025-03-12,-3.8325,-4.84863,-6.886805423309515,-5.298140422069602
2025-03-13,-4.1025,-5.0390515,-6.895790521685702,-5.360292676348824
2025-03-17,-4.6035,-5.048737,-7.015682510334661,-5.349475735528971
2025-03-18,-3.6119999999999997,0.5781945,-6.623064683633641,-3.413605455568267
2025-03-19,-2.775,-6.991123,-3.9296083079385618,-5.539263137433019
2025-03-20,-2.1045000000000003,-3.0212028,-6.198817281012988,-4.719344231369945
2025-03-21,-1.4385000000000006,-3.981498,-3.8280159651517565,-4.356870720730704
2025-03-24,-1.1969999999999994,-5.3850946,-5.732831590259487,-5.582106146501989
2025-03-25,-1.8855,-5.2639217,-6.012519778781116,-5.319651634738609
2025-03-26,-2.6340000000000003,-5.478817,-6.156868676895482,-5.563467225913105
2025-03-27,-2.3489999999999993,-4.366851,-6.107276349059512,-5.07731405180957
2025-03-28,-2.3594999999999993,-4.8238564,-6.3376480383064235,-5.290775501946431
2025-04-01,-1.4280000000000004,-4.9721074,-5.429837749173233,-5.291632943288176
2025-04-02,-0.24450000000000038,-5.0286226,-6.642889603031235,-5.768973786080282
2025-04-03,0.5400000000000001,-5.632493,-6.47750284639225,-6.007451688125022
2025-04-04,-1.3065,-4.2161903,-7.726603262158066,-5.776449445234255
2025-04-07,-3.048,-1.8615257,-0.9719046202088725,-1.9794337802461786
2025-04-08,-1.8570000000000002,-1.6783175,0.8702113508590145,-1.206302981567807
2025-04-09,-1.9139999999999997,-1.4235792,-2.4248934373927566,-2.6639088771632853
2025-04-11,-1.0275,-6.6277194,-5.653635321427857,-6.0431213628804
2025-04-15,0.3195000000000004,-6.2817845,-6.224235397913118,-6.078580964476085
2025-04-16,1.1355,-5.584919,-5.322698651621074,-5.602106606438682
2025-04-17,1.6889999999999996,-7.664122,-8.50367361572047,-7.324528278856922
2025-04-21,1.8179999999999996,-4.672935,-6.1962127641645335,-5.596162971349322
2025-04-22,1.5284999999999995,-7.2447863,-8.022863213318136,-7.0243905415543555
2025-02-18,-5.673,-5.7025166,-7.074566365394334,-5.52948960309173
2025-02-19,-5.765999999999999,-5.7025166,-6.969179160558897,-5.452750633152302
2025-02-20,-5.5485,-4.2416267,-6.969179160558897,-5.05398806909802
2025-02-21,-4.1594999999999995,-3.1041203,-5.869726010865212,-3.9161967810738463
2025-02-24,-4.928999999999999,-5.8644705,-6.897765673421989,-5.607387597962182
2025-02-25,-4.0424999999999995,-2.7939994,-6.352445915267356,-4.182151686398494
2025-02-27,-4.671,-6.3851194,-6.192316749654348,-5.979459946623674
2025-02-28,-4.4235,-5.9368167,-6.054144171745935,-5.1273215847993
2025-03-03,-5.13,-5.7115135,-8.164226950031788,-5.761487962254994
2025-03-04,-5.390999999999999,-5.785667,-7.926337125708855,-5.682268565334806
2025-03-05,-5.0954999999999995,-5.5145183,-6.834637685570948,-5.2955074106793445
2025-03-06,-5.1,-6.3066483,-8.704642460355831,-6.270280911249156
2025-03-07,-4.653,-1.4431616,-2.297088160445137,-2.513852516312694
2025-03-10,-4.910999999999999,-7.200859,-8.305314726809405,-6.406248757894259
2025-03-11,-4.6395,-6.857153,-7.1760242401909595,-5.915838784718371
2025-03-12,-4.7204999999999995,-7.367171,-7.458564947184853,-6.245064180747631
2025-03-13,-4.284,-4.4576445,-7.673117181363145,-5.21604714417876
2025-03-17,-4.876500000000001,-3.94511,-6.225747077016925,-4.621346850528421
2025-03-18,-3.7079999999999997,0.8141353,-9.872309869709769,-4.158507753005383
2025-03-19,-3.1365,-4.126565,-3.6947193053906617,-3.9754193094199515
2025-03-20,-2.5604999999999998,-3.0619998,-7.045241884664859,-4.789916051928095
2025-03-21,-1.9769999999999999,-0.8853837,-3.6725369908465444,-2.809360909751516
2025-03-24,-2.1885000000000003,-1.6894506,-5.245883765426715,-3.7600562875243746
2025-03-25,-2.976,-3.5801978,-4.77280201460404,-4.413485067394978
2025-03-26,-3.3779999999999997,-5.2998247,-7.791024161895517,-5.942908164186598
2025-03-27,-2.3550000000000004,-5.222583,-6.107276349059512,-5.549544093374891
2025-03-28,-2.5545,-6.5233274,-6.772949527645864,-6.332413809731803
2025-04-01,-2.6219999999999994,-4.8429065,-4.51646667827559,-4.829087197805278
2025-04-02,-1.5554999999999997,-4.806139,-4.775358389545068,-5.206880302794833
2025-04-03,-1.3949999999999996,-5.7377763,-6.24992171583402,-6.120746986133857
2025-04-04,-2.7390000000000003,-6.0219097,-6.38182619795887,-6.123071209269834
2025-04-07,-3.738,-1.04252,-4.17414250993634,-2.7156122732754415
2025-04-08,-2.8049999999999997,-1.7503814,1.1371592587921615,-1.0009803209141697
2025-04-09,-2.766,-1.6297469,-2.70267259829438,-3.004358733284143
2025-04-11,-1.5045000000000002,-6.4672885,-4.495858782061109,-5.797413625068954
2025-04-15,-0.5940000000000001,-5.5978665,-5.780726029998187,-5.918191242845426
2025-04-16,-0.5235000000000003,-6.7640457,-5.387094283138074,-6.180224406652908
2025-04-17,1.3724999999999998,-7.976996,-8.673371419708205,-7.663030278293399
2025-04-21,-0.22950000000000015,-7.481589,-7.613092092028219,-7.3807192746755526
2025-04-22,-0.09749999999999978,-8.279991,-8.467642826892861,-7.953559677643114
2025-02-18,-5.2860000000000005,-7.1209407,-6.786059344489185,-6.226780869484393
2025-02-19,-4.635,-7.466562,-7.511510481629227,-6.710497693656524
2025-02-20,-5.1209999999999996,-7.7644014,-7.856928829836731,-6.777233024452979
2025-02-21,-4.9605,-8.060075,-8.297880117860238,-7.05579245427692
2025-02-24,-4.713,-8.225409,-8.37837079598252,-7.167593632166844
2025-02-25,-4.5615,-8.561616,-7.947146569157491,-7.154360579897497
2025-02-27,-5.469,-8.10323,-7.727465341538889,-6.756233981949591
2025-02-28,-4.819499999999999,-4.686007,-6.587128948798824,-4.731343478180438
2025-03-03,-5.421,-7.3805995,-6.661423413479203,-6.292377789123932
2025-03-04,-5.3309999999999995,-8.232929,-7.864806440180822,-6.895220388221294
2025-03-05,-5.0265,-7.194184,-6.7890253573717345,-6.135488451979691
2025-03-06,-4.6979999999999995,-8.775611,-7.2174606740050224,-6.875677467733827
2025-03-07,-5.109,-2.4734998,-2.0559337042246044,-2.58745344369691
2025-03-10,-5.271,-8.347376,-8.483582631895452,-7.132048355467976
2025-03-11,-5.1975,-8.136363,-8.3440738256162,-7.025515347551838
2025-03-12,-5.3355,-7.532004,-8.230165213588363,-6.874609752671824
2025-03-13,-4.984500000000001,-6.915329,-7.857036726811896,-6.487082276081225
2025-03-17,-4.6995,-5.2861023,-7.557030194533397,-5.599271749747821
2025-03-18,-4.077,0.73720235,-8.603880610437566,-4.343047469396337
2025-03-19,-3.4829999999999997,-6.293113,-4.57855537374688,-5.325650247663526
2025-03-20,-2.9655,-5.4894304,-5.843643934449987,-5.560260454859934
2025-03-21,-2.61,-3.0195448,-2.8675262101656775,-3.7115827225946303
2025-03-24,-1.9559999999999997,-5.3850946,-5.100290303320401,-5.475583823877433
2025-03-25,-1.5764999999999996,-6.3516836,-6.81691502454611,-6.414697426597142
2025-03-26,-2.7495,-7.095476,-7.405101700830284,-6.857847823191786
2025-03-27,-1.1355,-6.4178195,-6.462048710222865,-6.314848241746533
2025-03-28,-1.3724999999999998,-7.3975077,-7.507674371656544,-7.109678223826295
2025-04-01,-1.8614999999999995,-7.1309814,-6.827348507806056,-6.7428334675735435
2025-04-02,0.3900000000000002,-6.219035,-6.026585367008588,-6.095818194205832
2025-04-03,0.08400000000000034,-7.205622,-7.36884055881965,-7.034826908733315
2025-04-04,-2.1135000000000006,-6.2708054,-6.588062501969708,-6.16080875280863
2025-04-07,-3.9045,-3.3365493,-3.7439866618769404,-3.3663997221128934
2025-04-08,-3.504,-2.0916169,1.3424356901582966,-0.8087981880431562
2025-04-09,-3.231,-1.9017193,-2.1603508099555135,-2.5378366862366213
2025-04-11,-1.9139999999999997,-6.8392763,-4.345744649571576,-5.6562348041248445
2025-04-15,-0.0735000000000003,-5.996261,-6.187676450296969,-6.079623180517423
2025-04-16,0.05999999999999978,-2.8971689,-2.7351374125385473,-3.9454530599856272
2025-04-17,0.40050000000000024,-3.6833684,-3.833752767324133,-4.531435127717724
2025-04-21,1.5585,-4.2310643,-4.28952728485951,-4.724196316553009
2025-04-22,1.9065,-4.1357155,-4.318461861718677,-4.593625322252499
2025-02-18,-5.627999999999999,-7.270619,-4.664329036226641,-5.3773678103557465
2025-02-19,-5.5605,-5.7714877,-4.62302066253388,-4.87629731594026
2025-02-20,-5.922000000000001,-4.4227405,-3.9107942350606413,-4.0260076088904055
2025-02-21,-5.511,-7.1452928,-4.517576223251822,-5.271144606544117
2025-02-24,-5.395499999999999,-7.3138766,-4.938778943459148,-5.473195489058813
2025-02-25,-5.055000000000001,-7.1130557,-4.947207188472029,-5.2688088221192
2025-02-27,-5.9895,-6.1605153,-3.983777260824679,-4.6040751636431185
2025-02-28,-5.953499999999999,-5.5374665,-3.449000310221573,-4.091739486102052
2025-03-03,-6.1034999999999995,-4.2651777,-3.8054070302252048,-3.9188986450661996
2025-03-04,-6.284999999999999,-5.4181266,-4.55190335552222,-4.676764881822123
2025-03-05,-5.622000000000001,-3.2977567,-3.2030062093999687,-3.211022375723532
2025-03-06,-5.532,-6.4220753,-4.124623535773851,-4.568190161770435
2025-03-07,-5.348999999999999,-2.289657,-0.39043142685188087,-2.014558691697736
2025-03-10,-5.6385000000000005,-4.8077035,-3.7192858133703908,-3.9178212372362045
2025-03-11,-5.481,-4.5499954,-3.7626171617668787,-3.7841862888238373
2025-03-12,-4.809,-4.183365,-2.5865279033281707,-3.248289027781464
2025-03-13,-4.760999999999999,-4.1877556,-2.655808216490236,-3.4003790659879867
2025-03-17,-4.8345,-2.8476868,-3.0917674742968666,-3.1105216393624895
2025-03-18,-3.4170000000000003,1.6135005,-2.493965018841533,-1.037997295420354
2025-03-19,-3.4365,-3.7206333,-0.5756352773610082,-2.5991163940838464
2025-03-20,-3.147,-3.0085967,-2.783483728716239,-3.0217927902597737
2025-03-21,-2.5320000000000005,-0.76665103,-0.5903908906920167,-1.5520796563409185
2025-03-24,-3.0795,-1.7229156,-1.5126010821105693,-2.4327623705431907
2025-03-25,-3.096,-3.2770622,-2.4565485564567364,-3.5656000831540218
2025-03-26,-3.5535,-4.7007146,-3.793635006766658,-4.333849947722906
2025-03-27,-1.6485000000000003,-4.5861936,-6.418942838277276,-5.5418197592558505
2025-03-28,-2.8035,-4.5167,-3.7350836962434464,-4.221819585258854
2025-04-01,-2.433,-3.0638602,-1.9979882706425516,-3.526250784345094
2025-04-02,-0.5070000000000003,-1.9343282,-1.3348473458723507,-2.605201858955926
2025-04-03,-0.5414999999999999,-2.4996953,-6.425906927874911,-4.940214278233613
2025-04-04,-1.752,-5.267659,-3.840949857259438,-4.979868835444741
2025-04-07,-2.5514999999999994,-0.41417965,-0.6532530634587596,-1.3447998457555117
2025-04-08,-2.9339999999999997,-1.2552991,2.5480336381322792,-0.9848361886167615
2025-04-09,-2.1630000000000003,-0.7760963,-0.27835727250998377,-1.7756656998261777
2025-04-11,-1.5105,-5.6476965,-3.7114803799784024,-5.1186438219131265
2025-04-15,-1.1655000000000004,-5.2138743,-6.3053483608029035,-5.8525324367705
2025-04-16,-1.3139999999999996,-7.131251,-6.725116186690782,-6.857820854381285
2025-04-17,-0.5340000000000004,-7.0734377,-6.880860002453649,-6.605845666133389
2025-04-21,-0.4320000000000004,-7.5405073,-7.242252040859125,-6.9952251114928465
2025-04-22,0.07049999999999983,-7.4428577,-7.413945499763409,-7.004493170592106
2025-02-18,-5.175,-7.279443,-6.569595823866177,-6.2355790617714675
2025-02-19,-4.935,-7.1580863,-6.736184416973323,-6.209209190010639
2025-02-20,-4.877999999999999,-7.1580863,-6.736184416973323,-6.219832984214126
2025-02-21,-4.734,-7.1580863,-6.736184416973323,-6.198272695177979
2025-02-24,-4.584,-7.1580863,-6.736184416973323,-6.208095461840738
2025-02-25,-4.549499999999999,-8.076447,-7.650706420871148,-6.821837319649792
2025-02-27,-4.8795,-7.1580863,-6.736184416973323,-6.218220387108183
2025-02-28,-5.0295,-7.1580863,-6.891975958612227,-6.189757201454092
2025-03-03,-5.205,-7.279443,-6.725387365505081,-6.207675250122018
2025-03-04,-5.080500000000001,-7.279443,-6.510835131326789,-6.1524004293117125
2025-03-05,-4.8795,-7.279443,-6.725387365505081,-6.2253307690430235
2025-03-06,-4.894499999999999,-8.685606,-7.146910021547168,-6.940810686674536
2025-03-07,-4.741499999999999,-1.8064107,-1.4739831317247425,-2.3178701905342214
2025-03-10,-4.9095,-7.1644106,-6.707285932567906,-6.264117973240537
2025-03-11,-4.9665,-7.1644106,-6.9323577873688755,-6.355972103249781
2025-03-12,-4.6545,-7.1644106,-6.580115444488854,-6.218221697654432
2025-03-13,-4.656,-7.1644106,-6.580115444488854,-6.219752273118749
2025-03-17,-4.6905,-6.6403713,-6.510835131326789,-5.999891179564461
2025-03-18,-4.065,-0.24604517,-9.513052428837995,-5.083991894358888
2025-03-19,-3.2819999999999996,-7.4589996,-5.051373211537029,-6.034758440830582
2025-03-20,-2.7944999999999998,-6.9793634,-7.43123650135326,-6.693492573786441
2025-03-21,-2.826,-4.933797,-5.000442436319674,-5.189335357291701
2025-03-24,-2.5050000000000003,-6.3373923,-6.650718384419529,-6.164669539862846
2025-03-25,-2.847,-6.863973,-7.315789515133706,-6.484494559393922
2025-03-26,-3.192,-6.747994,-7.2011881923834204,-6.528360356290062
2025-03-27,-2.3625,-6.538277,-7.428735092294553,-6.278061264556831
2025-03-28,-2.9805,-7.0292764,-7.600316901695774,-6.746568239544987
2025-04-01,-2.4869999999999997,-6.1434917,-6.013224073481904,-5.817386773114671
2025-04-02,-1.8284999999999996,-6.5652003,-6.476615731429816,-6.316882597210588
2025-04-03,-1.3844999999999994,-6.8981466,-7.11715381616774,-6.673120915665363
2025-04-04,-2.3804999999999996,-7.107068,-7.367885637594907,-6.78126428345617
2025-04-07,-3.618,-4.572941,-4.690430469631682,-4.265255485807501
2025-04-08,-3.429,-2.413363,0.6262454247524878,-1.1983518409911973
2025-04-09,-3.2115,-2.092372,-2.0179175565220655,-2.6761876067273427
2025-04-11,-2.331,-7.810267,-5.826673139496287,-6.559218609943539
2025-04-15,-1.077,-6.7699633,-6.47732551062048,-6.402369796024811
2025-04-16,-0.6,-7.754145,-6.020780465238309,-6.694135245765813
2025-04-17,-0.11849999999999987,-7.2009997,-6.851607971320613,-6.781271188180028
2025-04-21,0.3914999999999999,-4.8979297,-5.441689197693162,-5.532587908331555
2025-04-22,0.5204999999999999,-7.959248,-7.28880212895925,-7.1978109020073004
2025-02-18,-4.9305,-5.755716,-6.073181662520049,-5.484203609908721
2025-02-19,-4.632,-5.7655444,-5.8660802419491915,-5.45805672604628
2025-02-20,-2.8575,-4.8834157,-5.079206749572458,-4.645110667683061
2025-02-21,-2.7569999999999997,-1.053436,-0.4676729405334552,-2.225999183550259
2025-02-24,-3.8805,-6.5910883,-5.5786791275823875,-5.6042555955624405
2025-02-25,-2.4539999999999997,-4.6229963,-3.4956443356640063,-4.296520301061813
2025-02-27,-4.236,-7.543335,-6.761944937948767,-6.325710602259648
2025-02-28,-3.8775,-6.9537754,-6.37948579715607,-6.079170341551437
2025-03-03,-4.335,-5.602974,-5.443948006180409,-5.053805102203019
2025-03-04,-4.779,-6.697849,-6.402057685055258,-5.80436442763845
2025-03-05,-4.5255,-6.354652,-6.212596336476311,-5.7121313597145384
2025-03-06,-3.6239999999999997,-7.0589223,-5.8465005907041325,-5.923223329207974
2025-03-07,-3.471,0.7717185,-0.32911612947798563,-0.9184657037451441
2025-03-10,-4.44,-5.622006,-6.117906941887746,-5.165168973227178
2025-03-11,-4.6365,-5.8925786,-7.157748799316429,-5.82124925604213
2025-03-12,-4.224,-6.0115395,-5.696006981288299,-5.4734990112328425
2025-03-13,-4.270499999999999,-6.426638,-6.23636490480251,-5.597096656446745
2025-03-17,-4.7219999999999995,-6.675185,-6.590394359164055,-5.72470115279269
2025-03-18,-2.8065,-0.010407683,-8.313903064302616,-4.3562098190054135
2025-03-19,-1.275,-7.5097837,-5.653261797086414,-6.03018212634248
2025-03-20,-0.7125,-6.8040752,-6.4525082111703025,-6.33164233223156
2025-03-21,-0.8099999999999997,-1.9805802,-2.8353347263147883,-3.4007920199790482
2025-03-24,-0.8445000000000004,-4.405755,-4.232258933292983,-4.6943400841913965
2025-03-25,-0.3974999999999998,-7.632827,-8.009532637982158,-6.9913246216179195
2025-03-26,-2.0594999999999994,-7.2188396,-7.274059981319559,-6.601452163407435
2025-03-27,-2.3699999999999997,-6.187993,-6.500319443587018,-5.912892500250839
2025-03-28,-2.3159999999999994,-6.628186,-7.253138768102688,-6.305178382540432
2025-04-01,-0.5414999999999999,-5.3934164,-5.168614616664721,-5.460664911565907
2025-04-02,0.5039999999999999,-5.022019,-4.812763933711192,-5.039570528127367
2025-04-03,0.9405000000000004,-6.364282,-6.3494020149333705,-6.161514693840025
2025-04-04,0.723,-3.5531223,-4.555301334925917,-4.461742454842449
2025-04-07,-2.4599999999999995,-3.492878,-2.606323369953452,-3.1699563856598436
2025-04-08,-1.3514999999999997,-1.2876563,1.3665515973741416,-0.33384942805341594
2025-04-09,-2.4599999999999995,-1.2633917,-1.8288014170996927,-2.2365703994867117
2025-04-11,-1.3860000000000003,-8.119737,-5.783626722390646,-6.741530401583283
2025-04-15,0.4739999999999995,-5.642091,-5.655265838182165,-5.6213508948528
2025-04-16,0.25199999999999995,-6.657342,-6.668417350368617,-6.656892991976065
2025-04-17,0.25799999999999984,-7.0912066,-7.105401900391961,-6.787426750200704
2025-04-21,0.6795000000000001,-4.0722165,-3.3199174232715647,-4.4950659228127385
2025-04-22,0.3554999999999996,-6.584171,-6.64576118957195,-6.468042257352169
2025-02-18,-6.027,-3.8459044,-3.1919823558179896,-3.2093869396735433
2025-02-19,-5.7945,-6.174913,-5.480734947592354,-5.339649434452534
2025-02-20,-5.8875,-7.620827,-6.994131189290207,-6.4470367242931585
2025-02-21,-5.6895,-6.389066,-5.710820953911637,-5.575876055087614
2025-02-24,-5.461499999999999,-7.826435,-7.53817145161515,-6.800695687680797
2025-02-25,-4.872000000000001,-7.504302,-6.997417731384999,-6.6282828234572415
2025-02-27,-5.523,-7.9851155,-7.306776059078187,-6.775619396335341
2025-02-28,-5.6475,-8.072056,-7.766357253504943,-7.067249598703514
2025-03-03,-5.796,-8.067147,-8.120347213932964,-7.203055938959296
2025-03-04,-5.702999999999999,-7.9095845,-8.120347213932964,-7.186395594576062
2025-03-05,-5.9864999999999995,-8.067147,-8.066179505374459,-7.201906094375439
2025-03-06,-5.3235,-7.963184,-7.819471069571663,-7.199546586762015
2025-03-07,-5.3115,-1.534699,-1.5045844761929394,-2.5764314423991395
2025-03-10,-5.508,-8.048151,-8.05001748666796,-7.310955254721283
2025-03-11,-3.6839999999999997,-6.2247615,-5.747698802406126,-5.719952621611882
2025-03-12,-4.596,-7.255538,-6.217181166808813,-6.426218772210068
2025-03-13,-4.741499999999999,-6.82382,-6.564699001629731,-6.138614453826588
2025-03-17,-4.998,-8.139234,-7.641178287883878,-7.103642340405176
2025-03-18,-3.3434999999999997,1.0462487,-7.310602889013167,-4.059488236441865
2025-03-19,-2.2050000000000005,-7.4887204,-5.0747063904804195,-6.404193678172328
2025-03-20,-1.719,-7.0077915,-7.08475423236123,-7.045209447695356
2025-03-21,-1.2795,-4.545004,-4.38840935077914,-5.323164616806254
2025-03-24,0.2010000000000005,-3.300767,-4.191267542979628,-4.871365117436172
2025-03-25,-0.4875,-4.5813375,-4.466144673665034,-5.398983310246486
2025-03-26,-0.9344999999999994,-4.2620707,-1.7901504088772626,-4.493819605435129
2025-03-27,0.6554999999999996,-3.2023964,-3.651733365718127,-4.488072858667102
2025-03-28,0.47550000000000026,-4.5816317,-5.106663609874296,-5.569369640370626
2025-04-01,0.7590000000000003,-2.3991122,-2.8402635016680584,-3.882547659220708
2025-04-02,1.9530000000000003,-7.718864,-8.136657246542601,-7.514861114171351
2025-04-03,1.8675000000000004,-6.1368203,-6.034432217170909,-6.403719867755805
2025-04-04,-0.28800000000000026,-8.20505,-8.108221551522648,-7.63181086367323
2025-04-07,-1.8045,-0.94276935,0.23085168266880676,-1.6472261905098335
2025-04-08,-0.8895,2.784339,6.043764307358838,1.9513349195849925
2025-04-09,-0.4994999999999997,1.7379138,3.4633095014494875,-0.010152778626951742
2025-04-11,1.5510000000000004,-2.3553598,-1.4656275658232656,-3.403964424333627
2025-04-15,2.6685000000000008,-2.655593,-3.1645948458824296,-3.818105425109534
2025-04-16,2.8305000000000007,-4.171711,-4.024540572966186,-4.595269768288654
2025-04-17,3.1965000000000003,-3.7861562,-4.164329208768307,-4.505729038119947
2025-04-21,2.7569999999999992,-5.555768,-5.371954262550524,-5.554808365803636
2025-04-22,3.429,-6.5333934,-6.378613725822976,-5.977404889477171
2025-02-18,-1.8914999999999997,-6.182204,-5.607563863477422,-5.6684700860591475
2025-02-19,-2.5469999999999993,-5.546009,-4.942866744530922,-5.092076536594286
2025-02-20,-1.8224999999999998,-5.822198,-5.039579727395297,-5.445348155626404
2025-02-21,-2.2605,-5.601677,-4.555122724481067,-5.117552750397276
2025-02-24,-1.4639999999999997,-6.119513,-5.908267173414983,-5.6863984318621865
2025-02-25,-1.7880000000000003,-6.8829675,-6.554747465461286,-6.142358755011194
2025-02-27,-2.9549999999999996,-8.104126,-7.4260161721694935,-6.952613127627282
2025-02-28,-3.5475,-6.3290815,-6.244894758825276,-5.554706943136134
2025-03-03,-3.9494999999999996,-4.390284,-6.505829084877857,-4.867868000277399
2025-03-04,-3.6645,-5.9682474,-5.955841473430036,-5.526272966912557
2025-03-05,-3.4335,-6.339655,-6.087339016484298,-5.758726514330177
2025-03-06,-2.7345,-8.132997,-5.782016992030849,-6.133528983737522
2025-03-07,-3.1229999999999998,-2.1034634,-1.7556584852943389,-2.481009222289712
2025-03-10,-3.135,-6.621529,-6.9572172886077945,-5.997625864677151
2025-03-11,-3.3674999999999997,-7.780025,-8.198534919689907,-6.916552389165179
2025-03-12,-2.123999999999999,-6.494306,-5.451666887813189,-5.394847213412292
2025-03-13,-2.817,-8.220957,-7.047553307101954,-6.539843533376186
2025-03-17,-2.6054999999999997,-7.6541286,-7.346545733411371,-6.570442301607105
2025-03-18,-1.5210000000000001,0.89761806,-8.353676451360412,-4.10905403820154
2025-03-19,-1.2525000000000002,-7.2990637,-5.7270970900932445,-6.138339040232488
2025-03-20,-0.9900000000000002,-6.1423264,-7.000729857251192,-6.2896712177670775
2025-03-21,0.3735000000000003,-3.6520774,-3.725666689779754,-4.1632637270679815
2025-03-24,0.8385000000000005,-5.061676,-4.86158618714501,-5.211773438871931
2025-03-25,0.3119999999999997,-6.874309,-7.140158517400021,-6.564468743359966
2025-03-26,-0.2925000000000004,-6.3827825,-7.017664858569223,-6.521651823271899
2025-03-27,-0.06599999999999966,-6.7665954,-6.002521735993226,-6.13368048197211
2025-03-28,0.6855,-9.147152,-9.163282835033533,-8.193982861012671
2025-04-01,0.9269999999999999,-7.6217046,-7.562007707869822,-7.1001675191044775
2025-04-02,2.0639999999999996,-8.527381,-7.654742167925155,-7.374771747008162
2025-04-03,2.3505000000000003,-7.352633,-6.924806182359798,-6.838348280825977
2025-04-04,0.7545000000000002,-8.473988,-8.075753913919838,-7.772315699836265
2025-04-07,-1.8224999999999998,-3.1713405,-3.2079000168424967,-3.420913621276278
2025-04-08,-0.3389999999999997,-1.9653976,1.1829177367167525,-1.1448804822986214
2025-04-09,-1.023,-1.9008257,-2.1352559302922196,-2.86047034150344
2025-04-11,0.7454999999999998,-8.618604,-5.593509746234207,-6.881931921343496
2025-04-15,2.3159999999999994,-8.456002,-7.42494307205076,-7.292126562912758
2025-04-16,3.9180000000000006,-4.866389,-4.350016626676437,-4.811722425865637
2025-04-17,3.363,-4.8376303,-5.223795255960438,-5.028045805676189
2025-04-21,3.1095000000000006,-4.538841,-4.961850538712046,-4.984188530571772
2025-04-22,3.2760000000000002,-5.65377,-5.760428532273104,-5.666205219846363
2025-02-18,-5.3205,-7.4820633,-8.014960009097528,-6.914579248672596
2025-02-19,-4.71,-8.072056,-7.650706420871148,-6.998560651203249
2025-02-20,-4.9185,-7.9095845,-8.120347213932964,-7.037025628742309
2025-02-21,-4.823999999999999,-7.936299,-7.86547490359177,-6.948094921948899
2025-02-24,-4.596,-7.2533007,-8.10295726024015,-6.76615712243327
2025-02-25,-4.3155,-6.877385,-7.2928498583741,-6.3449371565278145
2025-02-27,-4.823999999999999,-5.914655,-6.422539432578126,-5.640727078981669
2025-02-28,-5.020499999999999,-5.4427724,-6.422539432578126,-5.266904017999841
2025-03-03,-5.098499999999999,-3.940122,-6.38576872793124,-4.76297105342235
2025-03-04,-5.472,-5.7953367,-6.598879515478582,-5.790172874432976
2025-03-05,-4.9815,-5.5887127,-6.205697214178048,-5.469019139735073
2025-03-06,-4.876500000000001,-8.300192,-7.931705584350355,-7.03923170104251
2025-03-07,-5.0729999999999995,-0.84655213,-0.9278169494965518,-1.8200087539832963
2025-03-10,-5.499,-7.850689,-8.445475698877727,-7.156530450001051
2025-03-11,-5.159999999999999,-7.531513,-8.362421255511427,-7.062009053567243
2025-03-12,-4.62,-6.8710666,-7.2750998174591865,-6.54898323527213
2025-03-13,-4.635,-6.9867163,-7.28800822818651,-6.589219729478048
2025-03-17,-4.0785,-6.8227153,-7.200757627772638,-6.458877643164465
2025-03-18,-3.432,0.5314196,-8.919741273308968,-4.676855264091778
2025-03-19,-2.6760000000000006,-6.9720793,-5.07321060484201,-5.899757244056679
2025-03-20,-1.9124999999999999,-6.3148246,-6.2206103102066415,-6.144211329533049
2025-03-21,-1.5929999999999995,-4.0750957,-4.028434968874339,-4.564577152961741
2025-03-24,-0.48600000000000027,-5.3648787,-5.038217153227086,-5.343402183865801
2025-03-25,-1.5869999999999997,-6.3351946,-6.736389793075138,-6.156535574918838
2025-03-26,-1.5989999999999995,-7.589679,-7.664758226752729,-7.096746092587555
2025-03-27,-1.2525000000000002,-6.5108423,-6.429183147184868,-6.246801973588775
2025-03-28,-1.3304999999999996,-6.661176,-6.566670439500457,-6.475891731575005
2025-04-01,-0.5159999999999997,-7.1175833,-6.510054633319772,-6.624502979680312
2025-04-02,0.4215000000000003,-7.937149,-6.519785381461855,-6.992102701196116
2025-04-03,0.825,-7.0982475,-6.385663166109665,-6.387585918487104
2025-04-04,-1.1085,-7.2710223,-7.339714904941526,-6.808617404401019
2025-04-07,-2.8575,-4.8870344,-4.543500083051978,-4.379904963109607
2025-04-08,-2.796,-2.789622,0.48066845851389856,-1.3330842982676747
2025-04-09,-1.8510000000000004,-0.63847953,-1.334391951460171,-1.8713105409897643
2025-04-11,-0.15300000000000047,-6.9542303,-4.147959969861483,-5.614239548768647
2025-04-15,1.7579999999999998,-5.166343,-5.46599142942113,-5.521995443829156
2025-04-16,2.175,-4.1759596,-4.074706534553174,-4.77398334328958
2025-04-17,4.4175,-4.215965,-4.958392640125253,-4.841989732342421
2025-04-21,2.9145000000000008,-4.457415,-5.058235734691736,-5.16752133284417
2025-04-22,3.3840000000000003,-6.489633,-6.049843206761296,-6.254672477500277
2025-02-18,-5.694,-8.134454,-7.754239178325416,-6.975000157340838
2025-02-19,-5.151000000000001,-6.883372,-6.981587603657524,-6.195730860643984
2025-02-20,-4.4835,-6.667628,-6.666715691080654,-6.081917723124331
2025-02-21,-3.69,-5.8017855,-5.440455605482588,-5.350144606991865
2025-02-24,-4.1535,-7.068857,-6.83279375376259,-6.277194897058707
2025-02-25,-4.053,-6.769613,-6.602707747443307,-6.08628159557947
2025-02-27,-4.5584999999999996,-6.9733734,-6.6717298425989675,-6.210315315897351
2025-02-28,-4.3965,-6.7054205,-6.661035365063486,-5.936345421024151
2025-03-03,-4.765499999999999,-7.317332,-6.839396536248543,-6.439278633188031
2025-03-04,-4.0245,-7.014691,-6.954805910325281,-6.269232793536879
2025-03-05,-5.6565,-6.8874145,-6.783590661848399,-6.182429823632007
2025-03-06,-5.967,-8.190883,-7.128452661833735,-6.739348290929755
2025-03-07,-6.0345,-2.0171952,-2.0580700605000963,-2.532213168157014
2025-03-10,-6.138,-7.318586,-7.192373649941345,-6.382732175567579
2025-03-11,-6.1575,-6.961634,-6.961863690175978,-6.3506602350016275
2025-03-12,-5.7675,-6.928205,-6.550931125469317,-6.275567286866
2025-03-13,-5.607,-6.770642,-6.550931125469317,-6.192991798322161
2025-03-17,-5.491499999999999,-5.856672,-5.636409121571491,-5.532226077821707
2025-03-18,-5.019,0.76459897,-9.049344904527306,-4.723073811832338
2025-03-19,-3.4815,-6.409438,-3.963887128259879,-5.666911248419914
2025-03-20,-2.7359999999999998,-7.3481097,-7.408628729527089,-7.115039009257744
2025-03-21,-1.5074999999999996,-3.286161,-3.430317551275309,-4.086050466148857
2025-03-24,-2.4195,-5.934257,-6.076090634740071,-6.167844693796439
2025-03-25,-2.8394999999999997,-7.4969993,-8.30391621334294,-7.350833282111112
2025-03-26,-3.2144999999999997,-8.030555,-8.47683139739093,-7.672349590646411
2025-03-27,-3.0464999999999995,-7.5703053,-7.821948179438521,-7.308713580908257
2025-03-28,-2.0145,-9.064494,-8.709794673529574,-8.44781126681387
2025-04-01,-1.992,-6.86638,-6.583875290278475,-6.659954544502963
2025-04-02,-1.7655000000000005,-6.3934464,-6.729969075756826,-6.545599805840663
2025-04-03,-1.8315000000000001,-7.002303,-7.394543308551593,-7.040904162823692
2025-04-04,-2.4735,-6.6631093,-7.083852456282156,-6.552969508092735
2025-04-07,-3.6614999999999998,-3.7168174,-4.086988634656259,-3.637074579033652
2025-04-08,-3.039,-1.960683,0.980879701261463,-0.8176673676017281
2025-04-09,-2.7869999999999995,-2.7751904,-2.8669270431855725,-3.0651505960547496
2025-04-11,-1.8014999999999997,-6.8310723,-5.109691452514859,-6.012378821744235
2025-04-15,-0.4829999999999998,-6.4075975,-5.768801662580063,-6.079829665654462
2025-04-16,0.2054999999999996,-3.2335503,-4.484149122948371,-4.688623903759529
2025-04-17,0.2925000000000004,-6.143118,-6.716134675244281,-6.388520272446587
2025-04-21,1.167,-4.4692216,-6.484386672115741,-5.735431521528925
2025-04-22,1.3125,-6.209545,-6.656704236808238,-6.357570519865135
2025-02-18,-3.3315,-6.9283156,-6.215194446888058,-6.0206222655551915
2025-02-19,-2.778,-7.1755133,-6.128445225940956,-6.133353465150879
2025-02-20,-3.1125,-7.1572285,-5.786816966406163,-6.015138171132855
2025-02-21,-3.9194999999999998,-7.312122,-6.000638253488612,-6.1540737406110475
2025-02-24,-3.6869999999999994,-7.7970634,-6.324383179136498,-6.4097761784497695
2025-02-25,-3.345,-7.2195406,-6.109653785619395,-6.248514861684917
2025-02-27,-4.0995,-7.184058,-6.881766898751204,-6.285639322998871
2025-02-28,-4.154999999999999,-7.184058,-6.881766898751204,-6.318117981324348
2025-03-03,-4.553999999999999,-6.5612364,-6.022738135441334,-6.00657350786419
2025-03-04,-4.6785,-7.779619,-7.324781968569771,-6.94558493649096
2025-03-05,-3.3825,-7.845188,-7.451923015040449,-6.828584458699438
2025-03-06,-3.183,-9.326712,-7.919527301221227,-7.434117656233657
2025-03-07,-4.2015,-3.0551653,-2.9983969310493563,-3.3515307600582602
2025-03-10,-3.36,-8.141162,-8.083514015559109,-7.016009751790551
2025-03-11,-2.6895,-6.021172,-5.993221320991639,-5.413079662718938
2025-03-12,-3.207,-7.6574273,-7.58261340318412,-6.690661715631647
2025-03-13,-3.642,-7.7996645,-7.723279005828712,-6.546022165602942
2025-03-17,-3.3,-7.7669687,-7.648459006012302,-6.573908077095862
2025-03-18,-2.1045000000000003,0.8534216,-7.96984773654782,-3.9007931694261684
2025-03-19,-1.698,-8.476262,-5.172719895722317,-6.446474210349063
2025-03-20,-1.0695000000000003,-5.929099,-6.3389134881472415,-5.886424212632038
2025-03-21,0.6360000000000002,-2.9181304,-2.9434051665686862,-3.5574928291664536
2025-03-24,-0.8099999999999997,-5.817221,-5.242874340248791,-5.551563478276919
2025-03-25,-1.0170000000000001,-7.3240595,-7.4638944484270064,-6.715376362430706
2025-03-26,-0.7739999999999995,-7.954016,-7.413208973241414,-7.077729296006107
2025-03-27,0.5204999999999999,-5.0506873,-5.839424031677283,-5.261122213860716
2025-03-28,1.3664999999999998,-9.026503,-7.545028445011956,-7.279883147458353
2025-04-01,1.7114999999999994,-5.496718,-4.834306677306794,-5.127388529532528
2025-04-02,1.8630000000000002,-5.332831,-4.982662280602387,-5.121112654681596
2025-04-03,3.927000000000001,-4.9710617,-4.715886688492984,-4.696711847811127
2025-04-04,-1.3050000000000004,-5.378472,-5.383341767543561,-5.174537080203774
2025-04-07,-4.106999999999999,-3.784359,-3.3458238286445106,-3.596182835590361
2025-04-08,-3.273,-1.0569683,1.707827583392304,-0.3728899482056576
2025-04-09,-3.804,0.13064982,-0.6729231479780903,-1.4554743841343516
2025-04-11,-2.2664999999999997,-4.8097606,-1.1243414177756061,-3.7383080321920974
2025-04-15,-0.7514999999999997,-5.6581864,-5.2804769432829515,-5.64165103813553
2025-04-16,-0.3164999999999999,-3.269617,-4.148705539023977,-4.331159514135216
2025-04-17,0.7139999999999996,-3.2404606,-5.051746946375146,-4.64633824798613
2025-04-21,-0.9989999999999994,-2.9977403,-4.520858605679317,-4.539028150953852
2025-04-22,-0.38400000000000034,-3.2375324,-4.576532761278013,-4.5598419599877005
2025-02-18,-3.8984999999999994,-6.5626225,-7.194401416585531,-6.201650829773592
2025-02-19,-3.828,-7.0188284,-7.192254415272948,-6.443580070800428
2025-02-20,-3.4109999999999996,-6.6617036,-7.455539802546471,-6.2970458265312255
2025-02-21,-3.315,-5.1487465,-5.603207924595052,-5.299505804895344
2025-02-24,-3.0509999999999997,-5.53458,-5.82342785787273,-5.397095937074511
2025-02-25,-2.1135000000000006,-5.892859,-5.983627769725789,-5.503979329493916
2025-02-27,-3.564,-6.7715273,-7.2303758464874175,-6.313584859563764
2025-02-28,-3.828,-5.0452924,-5.764584495737074,-5.087038217837837
2025-03-03,-3.7005,-5.359956,-5.8420523747796285,-5.197066273818426
2025-03-04,-2.919,-5.7006254,-4.865607703471949,-4.9371346800915
2025-03-05,-3.135,-5.026874,-5.479252022020334,-5.135735271576887
2025-03-06,-3.198,-6.9136033,-6.566726539213137,-6.123778863124317
2025-03-07,-3.3525,-2.0736482,-1.7573141034699407,-2.5607476383981447
2025-03-10,-3.7095,-6.456864,-7.562925053210815,-6.4577507981565665
2025-03-11,-3.4410000000000003,-5.8644614,-7.365569394011055,-6.1531856793185895
2025-03-12,-3.1109999999999998,-5.365536,-5.6603886452233985,-5.443441156875951
2025-03-13,-3.4425,-6.5197525,-6.660915869311558,-6.037021633296113
2025-03-17,-2.256,-5.3525324,-5.16838159277838,-5.106107452798902
2025-03-18,-1.6724999999999997,0.7752653,-7.452237283651916,-4.221556212713739
2025-03-19,-0.9554999999999996,-7.588918,-4.958127574189418,-6.296406340903186
2025-03-20,-0.14099999999999965,-6.502421,-6.2409598826128105,-6.317971631318077
2025-03-21,0.3539999999999999,-4.3793054,-3.8824888582556114,-4.558075284291239
2025-03-24,0.30300000000000044,-5.695973,-5.153571865420083,-5.685088785193951
2025-03-25,0.10500000000000043,-6.3498955,-6.874787851724815,-6.327535196495656
2025-03-26,-0.16799999999999962,-7.83076,-7.427506715342028,-7.125164251919361
2025-03-27,-0.10500000000000043,-6.5854573,-6.412922413887547,-6.320343956425128
2025-03-28,0.38099999999999984,-7.231632,-6.668400197513913,-6.692783778948619
2025-04-01,0.7755000000000002,-6.538773,-5.860462596829461,-5.960804974233901
2025-04-02,1.0125,-7.346907,-7.501186366495629,-6.885589712858742
2025-04-03,0.7574999999999995,-6.585573,-6.427645218899482,-6.304049489722614
2025-04-04,-0.05850000000000008,-6.8218384,-6.303213694881441,-6.38365226321678
2025-04-07,-1.9244999999999997,-3.2712436,-3.372271808311649,-3.63950959291724
2025-04-08,-0.4545000000000001,-0.34382465,2.633606844111903,0.1529272657767093
2025-04-09,0.036000000000000296,-0.38544852,-0.28036434851509046,-1.3333579901397414
2025-04-11,0.5414999999999999,-7.478244,-4.451641939880303,-5.84482936141737
2025-04-15,1.5915,-5.06585,-5.068004010306265,-5.053268785020175
2025-04-16,1.8074999999999994,-3.3559618,-2.949974370945009,-3.951848655859545
2025-04-17,1.7999999999999998,-5.3402333,-5.468189358327944,-5.481685930349133
2025-04-21,2.0010000000000003,-6.044754,-5.982401473250648,-6.0451217987174095
2025-04-22,2.4119999999999995,-5.920539,-5.9849331051825825,-5.895395674676131
2025-02-18,-3.9749999999999996,-6.819166,-6.46884580029853,-6.228070080286375
2025-02-19,-3.0404999999999998,-6.032216,-5.6799374507658404,-5.559084204523839
2025-02-20,-2.856,-6.032216,-5.224964884569975,-5.364852320291675
2025-02-21,-2.799,-5.9120665,-5.287574208198645,-5.375198771462019
2025-02-24,-2.9805,-6.7225456,-5.919587685413993,-5.905392051653724
2025-02-25,-2.8589999999999995,-7.146232,-6.1670262580509245,-6.167715422076615
2025-02-27,-3.1005000000000003,-7.188017,-6.44186914270778,-6.225781577323628
2025-02-28,-3.9285,-6.2700872,-5.967244894853379,-5.820728372501441
2025-03-03,-4.0605,-6.8647757,-6.579247458525135,-6.210008981026879
2025-03-04,-4.6815,-7.986182,-7.55770885865679,-7.005031425867985
2025-03-05,-3.384,-6.416423,-5.946880069029699,-5.766642740478282
2025-03-06,-3.0164999999999997,-8.871062,-7.560641468777262,-7.302218163028101
2025-03-07,-2.5875,-1.6050621,-0.8914527335352705,-2.202178551158952
2025-03-10,-2.7525,-6.4151173,-5.562273276924253,-5.835755918564643
2025-03-11,-1.0875,-5.5626445,-4.470473181921733,-4.847132604701552
2025-03-12,-2.3385000000000002,-6.8015213,-6.035256794569444,-6.102036498993723
2025-03-13,-2.2889999999999997,-8.03147,-7.1935454010849,-6.728344131796096
2025-03-17,-2.1764999999999994,-7.3255606,-6.098344338711518,-6.062146791385297
2025-03-18,-1.2165,1.5766125,-7.78856926319733,-3.7323683502454497
2025-03-19,-0.8655000000000005,-8.08733,-4.169697927485447,-5.891031615721366
2025-03-20,-0.5610000000000003,-7.4057555,-7.068405049429307,-6.715440435208104
2025-03-21,-0.1860000000000003,-4.931101,-4.261618101307678,-4.8251842126967075
2025-03-24,-0.5789999999999998,-5.4933534,-5.080827143831737,-5.379897961473629
2025-03-25,-0.8414999999999999,-6.5913734,-6.587728329563868,-6.139924581909102
2025-03-26,-1.0559999999999998,-6.8078423,-6.62973518800431,-6.40168685216258
2025-03-27,-1.656,-6.600413,-6.3831644692533205,-6.338670887993182
2025-03-28,-1.5690000000000002,-6.1988635,-6.022681525624699,-6.172417848492761
2025-04-01,-1.1909999999999996,-5.9763484,-5.461580974970083,-5.79321257787162
2025-04-02,-0.23699999999999974,-8.565977,-7.884897508037469,-7.621014870119305
2025-04-03,-0.30450000000000016,-8.9766,-8.650133132793801,-8.088196909499958
2025-04-04,-2.4405000000000006,-6.184862,-6.598834640273774,-6.3631755324163395
2025-04-07,-4.395,-4.292269,-4.558854311338338,-4.273610234773383
2025-04-08,-3.996,-3.3069408,-0.531385272772427,-2.1234091521996126
2025-04-09,-3.5654999999999997,-2.382989,-2.9933213721588086,-3.1415535992228887
2025-04-11,-2.5949999999999993,-8.860187,-5.730761132842885,-6.9894496514220785
2025-04-15,-0.6224999999999997,-6.3882933,-6.113040706046885,-6.1496211724157535
2025-04-16,-0.2954999999999998,-2.7083383,-3.0118684564001756,-4.069164448479135
2025-04-17,-0.4679999999999996,-2.8374684,-4.330389348782358,-4.565581375812491
2025-04-21,0.4800000000000004,-3.2883391,-4.492351852199417,-4.67885510856703
2025-04-22,0.2775000000000002,-4.7007737,-5.485656451808518,-5.544464204960653
2025-02-18,-5.0355,-8.035107,-8.191056732230038,-7.146870992555591
2025-02-19,-3.8609999999999998,-6.594334,-6.679058065000684,-5.930576146712795
2025-02-20,-3.1380000000000003,-6.666038,-5.677946252425275,-5.763946257655282
2025-02-21,-3.2864999999999998,-6.650948,-6.222489806151654,-5.888474268909929
2025-02-24,-3.9704999999999995,-8.243453,-7.341509271342463,-6.784700590261254
2025-02-25,-2.9415,-6.856549,-6.301746476657081,-6.105722307887728
2025-02-27,-4.242,-7.9560676,-7.425549068873236,-6.766851746104669
2025-02-28,-4.176,-7.1253324,-6.687443193892514,-6.042012894373211
2025-03-03,-4.068,-7.0274568,-6.736288803173379,-6.230462338608278
2025-03-04,-4.521,-5.1689777,-5.962642566873647,-5.346133467360584
2025-03-05,-4.752,-5.6873465,-6.291874392423361,-5.619820790301672
2025-03-06,-3.8565,-7.3446054,-6.384272964541826,-6.270010571049055
2025-03-07,-4.08,-1.8339832,-1.8300317211827226,-2.5494061799890946
2025-03-10,-3.75,-5.272282,-6.551320557979362,-5.68355362094471
2025-03-11,-3.867,-5.5382285,-6.531719360191505,-5.724827145864555
2025-03-12,-3.8204999999999996,-6.4154067,-6.520365909273928,-6.144207483334686
2025-03-13,-3.5355,-6.416817,-6.4666284371359035,-6.140733117879685
2025-03-17,-3.6345,-5.1793127,-5.514782489382122,-5.347682316226279
2025-03-18,-2.4554999999999993,0.7815555,-7.944799687750632,-4.4298226994973335
2025-03-19,-1.6079999999999999,-7.4517508,-5.108186415467514,-6.377894936657665
2025-03-20,-1.0664999999999998,-6.5833707,-6.65394488787671,-6.6093329671273375
2025-03-21,-0.5400000000000001,-3.8763556,-3.9595537319095224,-4.765370150478784
2025-03-24,-0.7125,-5.406859,-5.356125885371633,-5.693886150633462
2025-03-25,-1.5780000000000005,-6.365882,-6.897449727208101,-6.529171771548755
2025-03-26,-2.0145,-7.287457,-7.258900890998025,-6.847786144457596
2025-03-27,-1.6590000000000003,-5.7318683,-5.887169619322277,-5.646159063365828
2025-03-28,-2.196,-5.7399135,-6.043322716398009,-5.697676080127689
2025-04-01,-0.9119999999999997,-6.866917,-5.868619074559795,-6.230085874696682
2025-04-02,-0.44099999999999967,-6.745692,-5.409736471921589,-6.059695004990195
2025-04-03,0.0,-6.1679077,-6.202345804186079,-6.181834222409373
2025-04-04,-1.3545,-7.5490036,-7.291848998470976,-6.928204976238158
2025-04-07,-3.177,-3.8425763,-3.603176696333524,-3.9063450863793943
2025-04-08,-2.1195000000000004,-2.567775,0.3953691673374086,-1.457508728688942
2025-04-09,-2.238,-3.0863307,-3.3076698546381005,-3.5222770082331434
2025-04-11,-0.5940000000000001,-7.253012,-4.314554170363636,-5.688303406828519
2025-04-15,1.6650000000000003,-4.916622,-4.6700491176619305,-5.056878489699132
2025-04-16,1.9905000000000004,-3.621733,-4.013080027015084,-4.550636911485325
2025-04-17,1.9110000000000003,-4.410213,-5.558163180842398,-5.22984557102889
2025-04-21,2.5034999999999994,-4.3469853,-4.6134450086365035,-4.849124496183228
2025-04-22,2.401500000000001,-5.7681537,-6.090398792869066,-5.820643863057066
2025-02-18,-4.969499999999999,-7.27024,-7.279552903897546,-6.902656711670139
2025-02-19,-4.665,-6.7517967,-6.780706314421903,-6.271608708628702
2025-02-20,-5.064000000000001,-5.649771,-6.272783574097163,-5.782404506659719
2025-02-21,-5.52,-6.803549,-7.800131457432713,-6.693370856916997
2025-02-24,-5.080500000000001,-5.9550915,-6.205892400001886,-5.8646395893674645
2025-02-25,-4.9079999999999995,-7.0839477,-7.4353322539543365,-6.734284419837427
2025-02-27,-5.5515,-5.9550915,-6.2884404544068255,-5.916538523635468
2025-02-28,-5.373,-5.99957,-6.259894988901547,-5.630141389007807
2025-03-03,-5.9385,-5.758493,-6.42037336597318,-5.7349423614659
2025-03-04,-5.943,-3.981566,-6.558936538931434,-4.732966655899983
2025-03-05,-5.481,-5.575032,-6.528288094606987,-5.719700570460402
2025-03-06,-5.648999999999999,-7.3071027,-7.054551659188815,-6.574854505643062
2025-03-07,-5.5184999999999995,-1.3040318,-1.19708460152974,-2.269304481050644
2025-03-10,-5.7090000000000005,-5.938176,-8.229162875335401,-6.370816732120507
2025-03-11,-5.49,-5.5715456,-7.054551659188815,-5.807703482078821
2025-03-12,-5.592,-5.4427724,-6.5213695659156246,-5.57207189531149
2025-03-13,-5.5874999999999995,-4.5533547,-7.597150648724712,-5.1582216666641445
2025-03-17,-5.5845,-4.186723,-6.5213695659156246,-5.149263204451842
2025-03-18,-4.548,-1.1284878,-8.916743954049503,-4.834647931920649
2025-03-19,-4.9515,-4.9918523,-3.348686953134424,-4.517421315614958
2025-03-20,-4.641,-5.384576,-6.089400120554051,-5.448662341241842
2025-03-21,-4.5015,-2.8943253,-3.288261775945454,-3.5705388659912862
2025-03-24,-4.659,-4.0258512,-4.601445322840074,-4.664788697331881
2025-03-25,-4.3229999999999995,-5.1463294,-5.878857525669792,-5.380522983158671
2025-03-26,-4.425,-6.5032964,-6.99401309472574,-6.412630041590222
2025-03-27,-4.0665,-5.319034,-5.8168038444031,-5.672715188586624
2025-03-28,-4.542,-6.749514,-7.395131341500946,-6.63191012164334
2025-04-01,-4.353,-3.095407,-4.998070287164159,-4.322306170273583
2025-04-02,-3.7319999999999998,-2.4344573,-5.520931966477383,-4.349293467986647
2025-04-03,-4.0515,-2.5304592,-4.728826066614478,-3.843320991141253
2025-04-04,-4.8555,-4.144042,-6.061877766833455,-4.9051524164471525
2025-04-07,-5.1735,-0.9784858,-4.20665211845152,-2.4172469458516073
2025-04-08,-5.313,-1.2622608,-0.012401015452284165,-1.6601911827881741
2025-04-09,-5.138999999999999,-0.52249104,-1.342640601240977,-1.7702005263552434
2025-04-11,-4.851,-4.7038193,-3.1973330043931374,-4.229141187066253
2025-04-15,-3.816,-4.243463,-5.605930040164353,-4.935924819980411
2025-04-16,-3.7125,-6.0327153,-6.077383006667294,-6.088548502760358
2025-04-17,-2.631,-5.1334143,-5.578624205633867,-5.388514916268669
2025-04-21,-2.973,-5.9241557,-6.8115037655966875,-6.282229402805473
2025-04-22,-3.057,-5.8958354,-6.905618138436588,-6.410028772017139
2025-02-18,-6.186,-7.0588603,-7.097879041192145,-6.335667069328165
2025-02-19,-5.4704999999999995,-6.7011905,-7.0672422334252545,-6.215392426214622
2025-02-20,-5.765999999999999,-7.2338605,-7.590534652099603,-6.501379725631467
2025-02-21,-4.611,-5.7212324,-5.6657222763782755,-5.5660143843108205
2025-02-24,-4.6005,-7.063512,-6.9765306041931,-6.510236953697607
2025-02-25,-4.1925,-7.0748324,-7.192142542277482,-6.637637734023929
2025-02-27,-5.0355,-8.040832,-8.23762945871753,-7.1805081170884035
2025-02-28,-5.1375,-6.6716266,-4.512821896864027,-4.687723547986892
2025-03-03,-5.4375,-5.1637692,-4.818384829832516,-4.429251616458549
2025-03-04,-5.433,-5.4236417,-5.192347847658115,-4.716758541385822
2025-03-05,-5.4285,-5.357798,-5.0550463280057265,-4.704981645204198
2025-03-06,-5.116499999999999,-8.858675,-8.31818391001454,-7.6874725874580205
2025-03-07,-5.586,-2.5956383,-2.3946244497031666,-3.1298910469029564
2025-03-10,-5.957999999999999,-7.2230062,-4.930533493956729,-5.223408194791255
2025-03-11,-5.6145,-7.2138567,-4.93322459150528,-5.297853113205487
2025-03-12,-5.5425,-6.151314,-4.2536313548135105,-4.719371602447609
2025-03-13,-5.6565,-4.03906,-4.337156153132689,-3.8937361229456187
2025-03-17,-4.882499999999999,-5.889876,-4.259555973994383,-4.143923106535392
2025-03-18,-4.819499999999999,-0.8410197,-5.130244444579752,-2.924721576458008
2025-03-19,-2.6565,-3.599513,-1.1952657542302503,-2.874289619900733
2025-03-20,-3.0915,-4.151712,-4.087277058228174,-4.127678632333241
2025-03-21,-3.222,-0.9737635,-0.6717960175270473,-1.917266718910756
2025-03-24,-1.9244999999999997,-5.321263,-5.23605023982529,-5.725702784309504
2025-03-25,-3.0765000000000002,-6.753413,-7.3428019170102905,-6.747126344157417
2025-03-26,-3.0825,-6.830668,-6.915681811875721,-6.800530058228733
2025-03-27,-1.9409999999999996,-7.367506,-7.42480045023706,-7.054362733802478
2025-03-28,-1.656,-8.310554,-8.650013614141358,-7.772121966738108
2025-04-01,-1.404,-5.889763,-5.751704425572889,-5.897268500011191
2025-04-02,-1.0170000000000001,-6.680068,-6.931240997345187,-6.549681814403813
2025-04-03,-0.5429999999999996,-5.533066,-5.290107716452417,-5.258151547470746
2025-04-04,-2.49,-4.253181,-3.871287307702542,-4.226810212727963
2025-04-07,-4.973999999999999,-0.31115708,-0.48012052834563756,-1.0193793263976665
2025-04-08,-5.292,-0.3413364,2.542230017032438,-0.2351908076985873
2025-04-09,-5.1225,-0.35364455,-0.09277099822700041,-1.1078265227676627
2025-04-11,-3.4755000000000003,-4.4235654,-1.278994128981301,-3.409377702564317
2025-04-15,-1.4610000000000003,-3.5288045,-2.347667283967036,-3.595756687880073
2025-04-16,-1.5570000000000004,0.105327316,-2.0196010731761045,-2.600049467950446
2025-04-17,-0.7875,-1.2660185,-3.420617764613424,-3.417518670404277
2025-04-21,-0.4800000000000004,-2.2103078,-5.581782301589401,-4.523697777690655
2025-04-22,-1.6605,-5.7528605,-5.587122471467791,-5.733385529211754
2025-02-18,-5.090999999999999,-2.4695516,-2.5944713827354065,-2.846243820711784
2025-02-19,-4.365,-2.7777154,-2.294353173844688,-2.8679275047844697
2025-02-20,-5.211,-4.6140294,-2.8299741645168655,-3.564161885587458
2025-02-21,-4.377,-3.2860284,-2.9727250161498318,-3.1818355348126848
2025-02-24,-4.6365,-4.8797035,-2.726175761769374,-3.695339825560671
2025-02-25,-3.9359999999999995,-2.6097443,-2.3455844716153424,-2.806283347215443
2025-02-27,-4.8614999999999995,-2.6561701,-2.7641186197730483,-2.916968680310134
2025-02-28,-4.246499999999999,-2.3785892,-2.6580764726083603,-2.660585123576739
2025-03-03,-5.290499999999999,-2.6561701,-2.862948753110547,-2.9344654696948007
2025-03-04,-4.4085,-2.471887,-2.6211122193670295,-2.8084902463126222
2025-03-05,-4.9965,-2.0930924,-2.2944453757665357,-2.4491913191054544
2025-03-06,-4.4355,-5.8644032,-3.37054196515609,-4.3633450244523555
2025-03-07,-4.2,-1.1233523,-0.7147664040968861,-2.0428054477068245
2025-03-10,-4.3035,-3.0872214,-3.0288885348623102,-3.3889110590889784
2025-03-11,-3.945,-2.5464132,-2.7110031695052044,-3.0405361400646256
2025-03-12,-4.197,-2.6097443,-2.3455844716153424,-2.810298168113768
2025-03-13,-4.4384999999999994,-3.072128,-3.0758468307428983,-3.278817522571677
2025-03-17,-3.5775,-2.6364655,-2.3702531189275957,-2.8858971003082976
2025-03-18,-2.5829999999999997,0.48637164,-7.3741390854212385,-4.4450502852227185
2025-03-19,-1.8329999999999997,-8.346537,-5.4593550509246604,-6.806861103093086
2025-03-20,-1.9349999999999996,-7.0521874,-6.873835156772413,-6.722013455278399
2025-03-21,-0.9989999999999994,-3.7734604,-3.661754914012856,-4.204587576607688
2025-03-24,-0.6824999999999996,-6.015736,-5.6476694159703635,-6.074352368700366
2025-03-25,-0.8175000000000004,-6.851562,-7.27131146170031,-6.537377649376324
2025-03-26,-1.3320000000000003,-7.91733,-7.661771422264096,-7.170733110866224
2025-03-27,0.36599999999999966,-7.0356984,-6.873835156772413,-6.589394435443295
2025-03-28,-0.015000000000000213,-7.703163,-7.359539238446025,-7.160202821646123
2025-04-01,-0.6465000000000003,-6.8921266,-6.08740548450927,-6.299127355236704
2025-04-02,-0.030000000000000426,-7.336863,-6.83371283455334,-6.778318218927407
2025-04-03,-0.0764999999999997,-7.6035695,-7.16797100691069,-7.052479764780301
2025-04-04,-0.9914999999999998,-7.2951226,-7.767673806373517,-7.113584022796168
2025-04-07,-3.0615,-0.9679656,-0.5905153946824189,-1.710722199481102
2025-04-08,-1.1130000000000002,-2.5025566,0.6694926220114075,-1.4554523340453098
2025-04-09,-1.9949999999999994,-2.8042014,-2.6045516653886294,-3.2622163536830078
2025-04-11,-1.7594999999999994,-5.3077197,-3.099520469062654,-4.846503680315679
2025-04-15,0.7184999999999998,-5.8773117,-6.538017739508127,-6.162488450749432
2025-04-16,2.3609999999999993,-3.8040416,-4.540991112038216,-4.777062955675697
2025-04-17,2.4524999999999992,-6.560298,-7.365562480239264,-6.688046721305778
2025-04-21,2.531999999999999,-3.243707,-4.377670678658009,-4.506160521913009
2025-04-22,2.0909999999999997,-4.2192993,-5.8070449534647075,-5.426412752955593
2025-02-18,-4.6964999999999995,-6.82854,-7.32022121121452,-6.580955347591449
2025-02-19,-4.194,-6.709431,-7.343681927176192,-6.544573785532654
2025-02-20,-4.287,-5.559587,-6.092114763413265,-5.54060941441284
2025-02-21,-4.765499999999999,-6.645397,-7.376191535691372,-6.446394579872214
2025-02-24,-5.068499999999999,-5.148179,-7.706692396672987,-5.761691756932026
2025-02-25,-4.302,-3.8293269,-7.557030194533397,-5.2914997444790135
2025-02-27,-4.566,-3.8380582,-6.5213695659156246,-5.0462116792143386
2025-02-28,-4.551,-3.2635036,-6.379459190047064,-4.584552277596531
2025-03-03,-5.2215,-3.6301332,-7.674660598287669,-5.287191300840739
2025-03-04,-5.6685,-3.8954997,-7.413434896225256,-5.414111089608561
2025-03-05,-5.088,-3.2635036,-6.448739503209129,-4.761904090376888
2025-03-06,-4.7085,-6.6365147,-7.965105005956743,-6.557177425060715
2025-03-07,-5.252999999999999,-1.0862688,-0.9173367337487472,-1.9305214640922426
2025-03-10,-5.544,-4.0240927,-4.627410490535697,-4.034911683140764
2025-03-11,-5.2875,-5.225754,-8.156532812628905,-6.0962584632215515
2025-03-12,-4.6035,-5.6912365,-7.097243249168182,-5.972274939529105
2025-03-13,-4.6005,-5.1031966,-3.4675016115840784,-3.9223595958656836
2025-03-17,-4.863,-5.267914,-3.6892479411522374,-4.087339577710126
2025-03-18,-3.843,1.7500138,-8.372019153584608,-4.018855939702208
2025-03-19,-2.5454999999999997,-7.1238384,-5.366821194601591,-6.241399225722391
2025-03-20,-2.5889999999999995,-5.6530285,-5.915192228623177,-5.97635789488904
2025-03-21,-1.6155000000000004,-3.9798353,-4.090461933307703,-4.7132167255686
2025-03-24,-1.7775,-5.4760623,-5.41107030264038,-5.807868746559887
2025-03-25,-1.704,-6.3899364,-6.991062781908528,-6.496625096225854
2025-03-26,-2.123999999999999,-6.7077923,-6.5188341866797614,-6.630330507153044
2025-03-27,-1.7655000000000005,-6.440381,-6.444925013469361,-6.421569319574182
2025-03-28,-1.6094999999999995,-5.0047255,-7.247502048648981,-5.998549604987458
2025-04-01,-1.4054999999999995,-4.014362,-5.762675959809031,-5.228886134046938
2025-04-02,-0.07950000000000017,-7.1605916,-7.030814272996286,-6.827681793844343
2025-04-03,-0.3164999999999999,-7.7218566,-7.019672573611537,-7.143285331541209
2025-04-04,-0.8565000000000002,-7.7352734,-7.704759554927594,-7.237048623492155
2025-04-07,-1.296,-0.4187692,-3.066250289709113,-2.3655015654167872
2025-04-08,-0.975,-0.8736735,2.1466882042456663,-0.12063592601697815
2025-04-09,-0.7619999999999997,-0.806654,-1.0021279542752746,-1.6748626023080873
2025-04-11,-0.30749999999999955,-7.572039,-4.587597049918085,-5.860470732335129
2025-04-15,1.6139999999999997,-5.947562,-5.461930410127788,-5.780076188504177
2025-04-16,1.1385000000000005,-6.2636623,-5.65470217689278,-5.997627075398445
2025-04-17,1.7474999999999998,-5.9381323,-6.468350674736557,-6.175435591373291
2025-04-21,3.183,-5.37547,-5.836326025350699,-5.775407505667367
2025-04-22,1.6784999999999997,-5.942449,-6.1378160384524145,-5.950391871451675
2025-02-18,-3.738,-6.261338,-6.285763276525819,-5.764386059120636
2025-02-19,-3.8295,-7.933567,-7.193707527174074,-6.823361640549946
2025-02-20,-3.69,-7.822039,-7.523538475527558,-6.847589063131489
2025-02-21,-2.937,-6.3736215,-5.774683044817535,-5.798776124250062
2025-02-24,-3.5085,-8.204199,-7.165818983171637,-6.851607025739165
2025-02-25,-3.6569999999999996,-8.234904,-7.884945596800688,-7.064875412143905
2025-02-27,-4.0665,-8.114588,-7.650706420871148,-6.947418530490811
2025-02-28,-4.460999999999999,-6.579326,-6.3550435896878845,-5.968179907545044
2025-03-03,-4.2015,-6.674809,-6.586757116579849,-6.103821634857792
2025-03-04,-3.7184999999999997,-5.860066,-5.9681656137007755,-5.709789139078942
2025-03-05,-2.76,-6.3786106,-5.340693815491185,-5.637794446364531
2025-03-06,-2.0925000000000002,-8.066539,-6.337332191549164,-6.628419258494443
2025-03-07,-1.7489999999999994,-0.8815707,-0.5242063037328962,-1.735919748479673
2025-03-10,-2.9595,-7.6859617,-7.422821362444419,-6.7466787763880465
2025-03-11,-2.427,-7.873907,-7.360019430991642,-6.883435147101846
2025-03-12,-2.4554999999999993,-6.330848,-6.372618404272672,-5.97145390807815
2025-03-13,-2.3010000000000006,-6.259985,-6.973506656158951,-5.968977317493109
2025-03-17,-2.6820000000000004,-6.53609,-7.070243616031122,-6.135258617149276
2025-03-18,-1.6050000000000004,-0.7134199,-9.1473291297989,-5.110271540984282
2025-03-19,-0.12899999999999992,-8.812425,-4.788057363370065,-6.5200569912462445
2025-03-20,0.45599999999999985,-6.9563966,-6.618109506299661,-6.451476608562135
2025-03-21,0.6105,-4.613673,-4.106641923838577,-4.760040743844382
2025-03-24,0.7380000000000002,-5.0390086,-4.482660293376257,-4.713045339904639
2025-03-25,-0.17100000000000007,-6.272407,-6.369749244855235,-5.894173087743278
2025-03-26,-0.5264999999999996,-6.9192305,-6.364339601788401,-6.1289110092261145
2025-03-27,-0.26550000000000046,-6.477152,-5.972913211826134,-5.817177973312809
2025-03-28,-0.30900000000000033,-7.05657,-6.660424073729704,-6.278933336467616
2025-04-01,0.6960000000000001,-5.6048975,-4.828236012765079,-5.21294590888133
2025-04-02,0.9900000000000002,-6.4447384,-5.44121745782686,-5.79771927682989
2025-04-03,1.3409999999999995,-5.500732,-5.1795350995808285,-5.342715511686026
2025-04-04,-0.6735000000000003,-6.981792,-6.805993118186617,-6.597303578459852
2025-04-07,-3.5130000000000003,-3.787387,-4.045725658480974,-3.702787969026037
2025-04-08,-3.7769999999999997,-1.9261079,0.6053130643027343,-0.9501955045282868
2025-04-09,-3.756,-1.8422115,-2.57103885849552,-2.752096101160026
2025-04-11,-2.745,-5.94328,-3.2380779432510804,-5.0700116587388235
2025-04-15,-0.45300000000000046,-5.2865167,-5.194801239885704,-5.196287483354517
2025-04-16,0.5145,-3.6877537,-3.289418223577014,-4.278496596139944
2025-04-17,0.9375,-3.26049,-4.164886613303413,-4.281271994747331
2025-04-21,1.3664999999999998,-4.2079425,-5.037449270155179,-4.982414243881656
2025-04-22,0.8099999999999997,-4.308547,-4.091088057167892,-4.733183716184971
2025-02-18,-3.7035,-4.2614784,-5.931277585878019,-4.585583683327371
2025-02-19,-4.3635,-5.0608416,-6.817214955118107,-5.0758744516216705
2025-02-20,-4.8405,-7.123459,-7.96227635108926,-6.3586082743782
2025-02-21,-4.842,-6.9120755,-8.013108419891353,-6.287238030774221
2025-02-24,-4.365,-5.2266927,-6.906096466068028,-5.2749834188997475
2025-02-25,-4.38,-5.37845,-8.005832463196722,-5.7227668423025815
2025-02-27,-5.1105,-5.6813197,-8.327635124496801,-6.162256953236511
2025-02-28,-5.530499999999999,-5.4190354,-6.991882473115609,-5.461334655022732
2025-03-03,-5.817,-5.409207,-7.043192352047563,-5.54255356775143
2025-03-04,-5.34,-5.409207,-6.765357372408883,-5.442970122357992
2025-03-05,-4.4895,-6.751182,-6.817214955118107,-5.786830972012441
2025-03-06,-4.5135,-8.211824,-7.347052145012923,-6.549194930035354
2025-03-07,-4.7745,-2.357865,-1.0596102270663854,-2.320927066535326
2025-03-10,-5.142,-6.4509525,-7.347052145012923,-5.941109343457877
2025-03-11,-4.7565,-6.6165814,-7.416332458174988,-5.998655622154735
2025-03-12,-4.6515,-5.1131597,-6.817214955118107,-5.190239563314469
2025-03-13,-5.351999999999999,-5.103331,-6.937805147212126,-5.446371171369967
2025-03-17,-5.2139999999999995,-4.5255322,-6.6564092619608894,-4.982950641425189
2025-03-18,-4.7219999999999995,1.1084056,-8.687045996145933,-3.763279670581149
2025-03-19,-4.2749999999999995,-3.6052487,-2.9784223448755336,-3.4895579137337105
2025-03-20,-3.4425,-2.73237,-5.807294213117897,-4.228540993825832
2025-03-21,-4.152,-0.7616392,-3.224971357960392,-2.782555592744763
2025-03-24,-3.48,-1.6756743,-5.242726344887767,-3.674537590883136
2025-03-25,-3.9015,-1.6243993,-4.036162378721426,-3.0343869365780956
2025-03-26,-3.5475,-4.0600777,-6.805796693660653,-4.799491435191161
2025-03-27,-4.9365,-3.5846863,-4.553109503462759,-4.088185294453147
2025-03-28,-4.98,-3.2472153,-5.294700797730238,-4.294552027488132
2025-04-01,-4.1339999999999995,-2.6257517,-5.037842323337106,-3.9588056161162934
2025-04-02,-2.6985,-1.87767,-6.153005434287765,-4.252404362627303
2025-04-03,-1.4565000000000001,-3.2746549,-6.982081008206793,-5.050364474927855
2025-04-04,-2.82,-3.072042,-7.231125942051561,-4.902064241853195
2025-04-07,-4.536,-3.8672028,-5.568155773190246,-4.227573497241711
2025-04-08,-3.969,-0.74270576,0.17073699530618783,-0.8811913733984214
2025-04-09,-3.543,-1.226531,-3.318186833392272,-2.6790022098698514
2025-04-11,-2.4239999999999995,-4.97292,-5.661122836633502,-5.398958189900339
2025-04-15,-1.425,-5.7565346,-6.64115852534732,-6.061475234576843
2025-04-16,0.6405000000000004,-5.386011,-4.725810697546818,-5.305211837572605
2025-04-17,0.9059999999999998,-4.62902,-6.383965604517504,-5.67207780970679
2025-04-21,1.4280000000000004,-4.0172844,-5.105173140584322,-5.145724255131167
2025-04-22,1.5449999999999995,-4.894295,-5.555855004104658,-5.760653953248166
2025-02-18,-5.198999999999999,-3.6626012,-3.861171905337356,-3.4046652524886434
2025-02-19,-4.947,-3.4658053,-3.809862026405403,-3.386377721174836
2025-02-20,-4.965,-5.12097,-3.7613598710641707,-4.038673886437823
2025-02-21,-5.133,-6.0985026,-3.9718249980599687,-4.4848224901007985
2025-02-24,-5.138999999999999,-6.0479407,-3.986272429299941,-4.451113778030473
2025-02-25,-5.145,-5.9839067,-4.018782037815119,-4.4559393675857795
2025-02-27,-5.3625,-5.6810446,-4.077527215114193,-4.44462074293228
2025-02-28,-5.217,-3.5494347,-3.9017497774777143,-3.3577285580768637
2025-03-03,-5.6295,-3.8921373,-4.186004241701377,-3.7659221921821313
2025-03-04,-5.625,-3.9762619,-4.40679792348818,-4.025711435767806
2025-03-05,-5.1135,-4.3197227,-4.168578255200909,-4.06308960937261
2025-03-06,-4.731,-7.3359613,-4.146961006682026,-5.1860328855915006
2025-03-07,-4.856999999999999,-2.2770035,-0.3939164911378686,-2.147858939876174
2025-03-10,-5.5095,-5.418837,-4.50497592026238,-4.413413093685642
2025-03-11,-5.3895,-5.221363,-4.502284822713829,-4.378187068271732
2025-03-12,-5.106,-3.6301332,-4.100505483704387,-3.683694922671465
2025-03-13,-4.9784999999999995,-3.6301332,-4.04449663529075,-3.5121082841901123
2025-03-17,-4.903499999999999,-3.6301332,-4.095954694642336,-3.6639695167693174
2025-03-18,-4.1145,0.7196145,-4.950200025957676,-2.37945200474063
2025-03-19,-2.5215,-3.9715137,-1.4875193070563086,-3.028149271457435
2025-03-20,-0.08099999999999986,-5.2584524,-5.44388644766369,-5.606579953174887
2025-03-21,-2.0489999999999995,-4.1133494,-3.9611443262205337,-4.630925971927056
2025-03-24,-1.2885000000000004,-1.97324,-5.801133613706095,-4.341231804951097
2025-03-25,0.45599999999999985,-2.1628778,-5.142884877850783,-4.074126163782566
2025-03-26,-1.467,-4.835482,-6.446251110094764,-5.514496263387236
2025-03-27,-1.0110000000000003,-5.7339673,-5.624718457012914,-5.63992684925564
2025-03-28,-1.5434999999999999,-5.9778056,-5.910731681861593,-5.754073126310386
2025-04-01,-0.19349999999999987,-4.4481745,-6.542448816055704,-5.430875099067681
2025-04-02,0.5114999999999995,-7.1406226,-5.743654988476242,-6.274599206353159
2025-04-03,0.1139999999999997,-7.4446397,-7.20928481300628,-6.851677645894308
2025-04-04,-2.1554999999999995,-4.820959,-7.783494457890277,-6.065948120686893
2025-04-07,-3.4995,-1.8643416,-4.911267100077852,-3.3124931480605864
2025-04-08,-3.081,-1.6312693,0.11610412258471613,-1.2419713645282673
2025-04-09,-2.9234999999999998,-1.840394,-3.318231251077322,-3.0082015017561465
2025-04-11,-1.3215000000000003,-6.272114,-5.2743647193217225,-5.720519625226929
2025-04-15,-0.21599999999999966,-4.1674185,-5.795328268091565,-5.35011552397059
2025-04-16,0.9809999999999999,-3.4661033,-3.9115441250901464,-4.430137121261384
2025-04-17,0.6645,-2.6842327,-5.28086690986282,-4.670577639452304
2025-04-21,1.8869999999999996,-3.461975,-5.109903032448696,-4.929684479786028
2025-04-22,1.7340000000000002,-7.0870914,-6.8740102015221725,-6.842629506876603
2025-02-18,-3.0749999999999997,-4.1255245,-3.8999628466870426,-3.7883497945130316
2025-02-19,-1.8855,-4.8029003,-3.7067262922327004,-3.9101160433250715
2025-02-20,-1.992,-4.3878746,-3.7260144273652185,-3.8690599005062056
2025-02-21,-2.0264999999999995,-3.242569,-2.3918741951437137,-3.1199517826584295
2025-02-24,-1.8300000000000003,-0.34446076,0.5058291793664406,-1.1957874666334605
2025-02-25,-2.1854999999999998,-3.977215,-2.4501186849078396,-3.4290182877551505
2025-02-27,-1.8869999999999996,-3.9580529,-3.0166179136067783,-3.6021880382312617
2025-02-28,-2.6849999999999996,-3.9180164,-3.3606206856757144,-3.5050213759889464
2025-03-03,-3.0029999999999997,-4.013499,-3.834485179466264,-3.7876226086823594
2025-03-04,-2.1719999999999993,-6.8510695,-6.84563576988875,-6.565451116994002
2025-03-05,-1.9034999999999995,-6.257207,-5.849802899344921,-5.969018818705911
2025-03-06,0.6614999999999994,-6.03842,-3.9677654732634178,-4.904091796881628
2025-03-07,-0.9780000000000004,0.35908,0.5298161599028666,-0.8523680501730466
2025-03-10,-1.4864999999999995,-6.9373546,-7.051264333293169,-6.226865665139126
2025-03-11,-1.4550000000000003,-6.028861,-5.831842267571957,-5.398353621238519
2025-03-12,-1.4579999999999997,-6.4633055,-6.517255536049234,-5.750524011039628
2025-03-13,-1.425,-5.013335,-5.39352879646157,-4.917516734825282
2025-03-17,-0.9090000000000003,-6.3254642,-6.393707431450627,-5.7211298337777325
2025-03-18,-1.0349999999999997,0.56882626,-5.424202997228413,-3.1575630333409563
2025-03-19,-0.31050000000000005,-8.046548,-4.340790364967374,-6.0272884458542
2025-03-20,0.3885000000000005,-8.425235,-7.956209022530895,-7.4772783554377575
2025-03-21,-0.5159999999999997,-5.4013133,-4.85512815468218,-5.199046388836008
2025-03-24,-0.38099999999999984,-5.571182,-5.365314569051742,-5.4715009735279825
2025-03-25,-1.0155000000000005,-6.944561,-7.158325128426535,-6.324326660364888
2025-03-26,-1.7699999999999996,-5.4305625,-3.693348425911365,-4.428519975838265
2025-03-27,-1.3349999999999997,-4.3117414,-3.176033090990358,-4.101315116375548
2025-03-28,-2.5380000000000003,-5.163,-4.337553667328793,-4.432004798117422
2025-04-01,-2.3204999999999996,-3.0678163,-2.4309229783773136,-3.464702642750332
2025-04-02,-1.9394999999999998,-4.8468795,-3.9929965209358036,-4.676249237402086
2025-04-03,-2.217,-4.3456483,-4.063222555618993,-4.400936866168328
2025-04-04,-3.1545,-5.8405223,-5.335993040189973,-5.487027380184163
2025-04-07,-4.6845,-0.49010044,-0.8796114220721492,-1.3934755280774906
2025-04-08,-4.374,-0.99745286,1.808143275178006,-1.1600533217175193
2025-04-09,-4.3229999999999995,-0.035016656,-0.9610812424082392,-1.5597431435571638
2025-04-11,-4.039499999999999,-4.855298,-2.7934499836649165,-4.251773715353244
2025-04-15,-1.9949999999999994,-4.873169,-2.074966450200075,-4.404004009958358
2025-04-16,-1.4010000000000005,-3.4606986,-3.1961261142649104,-4.553944776647466
2025-04-17,-0.8849999999999998,-3.292471,-4.188608425690782,-4.587550644143237
2025-04-21,-0.7815000000000001,-3.1564019,-3.8491738600406893,-4.406450894108946
2025-04-22,-0.44099999999999967,-4.89097,-5.453589420468571,-5.234483232636189
2025-02-18,-5.808,-4.5273547,-8.108200755268703,-5.6755683054906605
2025-02-19,-5.232,-5.604553,-8.03116861583561,-6.116561545303178
2025-02-20,-5.1285,-4.791322,-7.96191023963665,-5.711326984364404
2025-02-21,-5.004,-6.1031175,-6.725301526707238,-5.722692610559345
2025-02-24,-4.7219999999999995,-6.682507,-8.70329371386612,-6.635179281759646
2025-02-25,-4.342499999999999,-8.048944,-7.90273009825559,-6.932778509483385
2025-02-27,-5.059500000000001,-6.6349664,-8.057368686466612,-6.302445563066403
2025-02-28,-5.338500000000001,-6.163672,-6.725301526707238,-5.641268697650984
2025-03-03,-5.5965,-4.6502943,-6.725301526707238,-5.159504239858439
2025-03-04,-5.7945,-4.7818394,-7.678250128188462,-5.589080713323385
2025-03-05,-5.436,-4.778823,-6.744528677792924,-5.219080523028115
2025-03-06,-5.613,-6.1504073,-7.255138716602054,-5.964867524343973
2025-03-07,-5.1209999999999996,-1.7711477,-0.8977182820483913,-1.8865856125720328
2025-03-10,-5.5485,-6.0644207,-7.255138716602054,-5.889460555586019
2025-03-11,-4.71,-5.943009,-7.185858403439989,-5.786504660984894
2025-03-12,-4.985999999999999,-6.1894097,-7.930162658771636,-5.563646665687212
2025-03-13,-4.743,-6.5991507,-8.050769813623464,-5.811938921520061
2025-03-17,-5.5275,-5.604553,-8.03116861583561,-5.573668443012159
2025-03-18,-4.6005,-0.91786903,-8.848161844332497,-4.134686486952782
2025-03-19,-3.42,-3.8065825,-3.099321837315642,-3.298847016251827
2025-03-20,-2.7855,-2.9249027,-6.037313384410711,-4.004595585444312
2025-03-21,-2.8289999999999997,-1.2416918,-4.081374572813126,-2.958887607707605
2025-03-24,-3.0555,-2.3670738,-5.42232087909482,-3.7939051553647536
2025-03-25,-4.341,-3.1060693,-4.050348041257741,-4.1665183103325605
2025-03-26,-4.4355,-4.9882927,-6.216348567338811,-5.074742705147263
2025-03-27,-3.2925,-4.594193,-6.414558961400986,-5.281205970190542
2025-03-28,-3.6329999999999996,-5.495363,-7.20215874558201,-5.5831388309192445
2025-04-01,-2.7329999999999997,-3.7142441,-5.495473025202443,-4.734027711610957
2025-04-02,-2.427,-1.804929,-5.4740688730969795,-3.727455983275714
2025-04-03,-2.0159999999999996,-2.1529028,-6.077390486679488,-4.146642170944815
2025-04-04,-3.129,-3.568953,-7.262993545536446,-4.71109662328731
2025-04-07,-4.644,-2.2782865,-5.572064696286848,-3.3674147627927384
2025-04-08,-2.9835,-0.8042736,2.440322169490158,-0.2030108198489527
2025-04-09,-3.3045,-0.6202186,-1.0999103216227666,-1.2135155160889068
2025-04-11,-3.4755000000000003,-3.9595184,-2.743625692897263,-3.9278721890773123
2025-04-15,-2.4255,-4.1678405,-5.965695068661881,-5.074775430238717
2025-04-16,-1.5284999999999995,-5.741082,-6.226177611627637,-6.137789626454534
2025-04-17,-1.3364999999999994,-6.7503853,-8.556402203979042,-7.1741785745249596
2025-04-21,-0.41849999999999987,-6.1723948,-7.242277013951321,-6.524327244628344
2025-04-22,0.5670000000000002,-4.413119,-4.902474885083051,-4.994131023598191
2025-02-18,-6.0615,-7.8138747,-7.694784374850902,-6.588757177654502
2025-02-19,-5.8709999999999996,-5.603436,-4.679802089120874,-4.771648186942868
2025-02-20,-6.0465,-7.137873,-6.698159782570886,-6.135901421202088
2025-02-21,-5.9175,-7.137873,-6.698159782570886,-6.034519093873296
2025-02-24,-5.73,-7.137873,-6.698159782570886,-6.010469891397471
2025-02-25,-5.772,-8.028816,-8.025733520976413,-6.813024191307355
2025-02-27,-5.85,-7.0118566,-4.146970104497108,-4.642726666034765
2025-02-28,-5.307,-6.658457,-4.327784186747513,-4.444020956836239
2025-03-03,-5.763,-6.9731655,-4.621586719759408,-4.82456628510619
2025-03-04,-5.444999999999999,-5.679676,-4.990602235496116,-4.6312782082481805
2025-03-05,-5.617500000000001,-5.377637,-4.853865401124512,-4.435671976302011
2025-03-06,-5.6925,-5.9027877,-4.739127110922568,-4.730826221324921
2025-03-07,-5.655,-1.7552375,-1.2501303757207651,-2.2801479219810012
2025-03-10,-5.922000000000001,-5.0813637,-5.064946631143731,-4.579633635014772
2025-03-11,-5.913,-5.021287,-5.159930220736922,-4.575139958142712
2025-03-12,-5.892,-5.525668,-4.877992697590293,-4.696891501647321
2025-03-13,-5.7855,-5.015712,-4.807850769859566,-4.415411052787809
2025-03-17,-5.461499999999999,-5.9458365,-4.04023976724609,-4.462667252246292
2025-03-18,-4.053,1.1899956,-4.675251837755575,-2.138772530971648
2025-03-19,-2.6145,-3.795638,-1.8030190717584438,-3.0464981235074893
2025-03-20,-2.4074999999999993,-2.7302134,-2.827239585548697,-2.9928056746263043
2025-03-21,-2.496,-3.4188688,-3.5711508284658207,-4.2777747521178915
2025-03-24,-2.7194999999999996,-4.818739,-5.203726487982056,-5.38214051305714
2025-03-25,-3.3059999999999996,-6.629523,-6.889968769103126,-6.440593576529794
2025-03-26,-3.1785,-4.510948,-3.8677303284146403,-4.3562079121192365
2025-03-27,-1.656,-4.7494583,-3.371214608018852,-4.531923199149921
2025-03-28,-2.8215,-4.5667315,-3.7088792918865785,-4.224614099762578
2025-04-01,-1.8179999999999996,-7.0054617,-7.347259935441458,-6.826514650895561
2025-04-02,-0.7110000000000003,-6.776058,-6.215760998530714,-6.465241239244072
2025-04-03,-0.6344999999999995,-6.6805143,-6.536844559726259,-6.698354947343041
2025-04-04,-1.7264999999999997,-7.4816175,-7.459192054429464,-7.139808886272116
2025-04-07,-4.1834999999999996,-2.0170157,-1.45750489505776,-2.341757800048828
2025-04-08,-2.7150000000000003,-0.96366775,2.4208400258223977,-1.1764900590481209
2025-04-09,-3.468,-1.5574961,-1.21277321151838,-2.475139590520635
2025-04-11,0.07950000000000017,-7.173411,-5.068122202021074,-6.171364893567609
2025-04-15,-0.6645,-6.3191123,-6.15695779831347,-6.465750481729494
2025-04-16,1.2585,-4.2864876,-3.59883343204311,-4.707285665836443
2025-04-17,1.3590000000000002,-4.5940037,-5.287117724388578,-5.373678507458022
2025-04-21,0.9224999999999998,-3.9330919,-5.8458517872390034,-5.332756565053744
2025-04-22,1.2074999999999996,-7.657322,-7.618427319428138,-7.205154511639728
2025-02-18,-3.918,-6.974371,-6.993074471499148,-6.315956925617155
2025-02-19,-3.6045,-6.218814,-6.740818321934472,-5.957666682833039
2025-02-20,-3.3345,-5.184295,-5.278083883307497,-5.053910962286499
2025-02-21,-2.61,-4.996525,-4.255162575747787,-4.841457828354383
2025-02-24,-2.6594999999999995,-6.3730054,-6.083580642767934,-5.832383048235947
2025-02-25,-2.742,-6.5190687,-6.439907034103029,-6.028451449166158
2025-02-27,-3.945,-6.3820157,-6.855957766208507,-6.368028657318997
2025-02-28,-4.807499999999999,-5.5061307,-5.650128606032747,-5.287711206136974
2025-03-03,-5.182499999999999,-4.759921,-5.289377215051577,-5.083288493658949
2025-03-04,-4.811999999999999,-5.460005,-5.575395149317426,-5.569727807747232
2025-03-05,-1.9905000000000004,-5.472124,-5.189010915628081,-5.390756599259526
2025-03-06,-1.2,-6.259891,-5.898859211096569,-5.918625668143711
2025-03-07,-0.4875,-0.7176455,0.6346811716522098,-1.4914720748621577
2025-03-10,-1.4925000000000004,-4.320788,-3.260112444158515,-4.115593495177649
2025-03-11,-0.8789999999999999,-4.787889,-4.312608823993413,-4.989105804481391
2025-03-12,-1.4369999999999996,-5.6939397,-5.557574000755698,-5.694947451056306
2025-03-13,-1.6829999999999998,-6.79267,-6.715893551381697,-6.416238863860485
2025-03-17,-0.4425000000000004,-5.4009967,-5.964302180959065,-5.801086557320046
2025-03-18,0.2264999999999997,0.2529912,-5.942169248978229,-3.722759613138434
2025-03-19,0.6150000000000002,-9.490615,-5.4003745312158555,-7.084674589688685
2025-03-20,0.6719999999999995,-7.5462327,-7.175770440215336,-6.982394516504871
2025-03-21,1.5059999999999998,-3.6561706,-3.9537236465786223,-4.180625724663641
2025-03-24,1.3934999999999997,-5.145856,-4.865738749861731,-4.819117886377265
2025-03-25,-0.0735000000000003,-6.107098,-6.345964162128058,-5.643300234775851
2025-03-26,-1.2224999999999997,-7.1803784,-6.942884930480391,-6.525132887025586
2025-03-27,0.8999999999999999,-7.8177958,-6.818113415093831,-6.658881333208131
2025-03-28,0.8760000000000004,-9.084558,-7.469262613110127,-7.344823789685126
2025-04-01,1.5989999999999995,-5.814315,-5.017478217107218,-5.130874964867031
2025-04-02,2.635499999999999,-4.543313,-4.6637365578831265,-4.704104995989184
2025-04-03,2.6444999999999994,-3.7610738,-3.926018160331438,-4.2765032304996815
2025-04-04,-2.2949999999999995,-5.876892,-5.800608151695395,-5.872260313498617
2025-04-07,-4.548,-3.0831645,-3.5078103055352097,-3.4637522366439937
2025-04-08,-3.945,-1.9105662,0.6364854661032602,-1.147431920548592
2025-04-09,-4.95,-2.2772522,-1.3190409195097488,-2.6103444806897316
2025-04-11,-1.7219999999999995,-6.3402486,-1.9986863159874706,-4.4776861974338065
2025-04-15,-0.5864999999999995,-4.1520348,-4.163833182224644,-4.654320042025131
2025-04-16,1.9050000000000002,-3.3292687,-3.142829927011347,-3.9558329218985393
2025-04-17,-0.016499999999999914,-0.75174797,-2.6246795823544185,-3.3349882390733745
2025-04-21,2.3534999999999995,-3.5680661,-4.870649859726974,-4.521160117325796
2025-04-22,2.1090000000000004,-4.4506154,-4.210050694583502,-4.533815991224216
2025-02-18,-4.669499999999999,-8.058874,-8.07238831367901,-6.971686730206148
2025-02-19,-4.174499999999999,-7.0844536,-6.661035365063486,-6.077505137247045
2025-02-20,-4.2015,-7.6889696,-7.2910083629653535,-6.503336796959793
2025-02-21,-4.2525,-8.012118,-7.747510925408055,-6.841711872692121
2025-02-24,-4.104,-8.214961,-7.798342994210147,-6.921464068576932
2025-02-25,-3.8789999999999996,-8.047183,-7.78975873344209,-6.845530358208028
2025-02-27,-3.5085,-7.0844536,-6.661035365063486,-6.021719360062698
2025-02-28,-3.816,-6.641096,-6.6700204634396725,-5.831209338804838
2025-03-03,-4.505999999999999,-6.7448306,-6.720413507620617,-5.9376070987919265
2025-03-04,-4.4895,-5.4709764,-6.236512284647745,-5.505873583374329
2025-03-05,-4.0755,-7.0844536,-6.661035365063486,-6.153819501684537
2025-03-06,-3.9599999999999995,-8.581745,-7.122290445241297,-6.867083053834456
2025-03-07,-3.7874999999999996,-0.41062394,-0.7013083528041203,-1.5826475673214822
2025-03-10,-4.1819999999999995,-6.9845333,-7.77186464093102,-6.586404791143977
2025-03-11,-4.1895,-7.060549,-7.191570758403361,-6.4051365234116915
2025-03-12,-3.6494999999999997,-6.8231683,-6.789727678272942,-6.2322033676360595
2025-03-13,-3.792,-7.541649,-7.916340829884123,-6.8221348792374
2025-03-17,-3.5475,-6.6269784,-6.810024210105495,-6.0941109012461645
2025-03-18,-2.6429999999999993,0.73270935,-8.068955754808368,-4.274079015174179
2025-03-19,-1.9380000000000002,-8.057755,-5.840226156756285,-6.623157719440371
2025-03-20,-1.2014999999999996,-6.5668817,-6.5638379539378,-6.361643500913223
2025-03-21,-0.5204999999999999,-3.7835615,-3.7785886493082907,-4.316364339976943
2025-03-24,-0.5534999999999997,-5.5136466,-5.2765474016492,-5.465257155484256
2025-03-25,-0.8624999999999999,-6.550518,-7.175695886102802,-6.289673818019163
2025-03-26,-0.40949999999999953,-6.3819036,-6.90863420722224,-5.97774708492795
2025-03-27,-0.7994999999999998,-7.6690817,-7.924783245600806,-6.905120331561763
2025-03-28,-1.3050000000000004,-8.149144,-8.463813313359207,-7.333496231001366
2025-04-01,-1.0784999999999996,-6.3112473,-6.004544549187381,-5.957616900349651
2025-04-02,-0.4605,-7.049462,-6.5842326201154355,-6.465165193973716
2025-04-03,0.0045000000000001705,-8.2094755,-7.7713818002293635,-7.317766741544735
2025-04-04,-0.8429999999999996,-8.542791,-8.58417919097955,-7.6064756181624595
2025-04-07,-2.673,-3.796758,-3.9427209859754986,-3.820014614816082
2025-04-08,-1.2719999999999996,-1.7124507,1.4543358575421383,-0.7450773106705129
2025-04-09,-1.5690000000000002,-2.1933076,-1.9360136287101732,-2.6411133413486487
2025-04-11,-0.6929999999999996,-8.506585,-6.259835660145209,-6.911121620532632
2025-04-15,0.5114999999999995,-7.120044,-6.346933247769428,-6.3674630348987
2025-04-16,1.2945000000000004,-5.141931,-4.655614508230333,-5.154770796630302
2025-04-17,1.3170000000000002,-7.306073,-7.682088722128955,-6.875012805827597
2025-04-21,2.0385000000000004,-5.250497,-5.654370313326177,-5.517521575241194
2025-04-22,1.9679999999999995,-6.193082,-6.249092340789102,-6.034829440424976
2025-02-18,-5.337,-6.7685766,-7.360354626251135,-6.406706036132238
2025-02-19,-4.8405,-6.630735,-7.265395180857382,-6.23970180138318
2025-02-20,-4.6065,-6.6416774,-7.299448731217248,-6.184853730614654
2025-02-21,-4.5915,-6.515264,-7.201224580839509,-6.107501311160544
2025-02-24,-4.9065,-5.3584366,-7.81369159443706,-5.702721225974696
2025-02-25,-4.994999999999999,-5.3373437,-7.448553553598433,-5.59760228880737
2025-02-27,-4.3245,-3.373582,-2.574824415344658,-2.485824918447909
2025-02-28,-5.2815,-3.406094,-3.670917941024509,-2.9947058253477064
2025-03-03,-5.5995,-3.7279916,-3.890338266456025,-3.339330671884279
2025-03-04,-5.159999999999999,-3.0813036,-3.4524243238917522,-3.1274091090934824
2025-03-05,-5.1465000000000005,-3.0813036,-3.383144010729687,-2.996313682381776
2025-03-06,-3.438,-4.610518,-3.2788290911309597,-3.51402490957848
2025-03-07,-4.6095,-1.6077408,-0.2626685551254625,-1.73950628144771
2025-03-10,-5.290499999999999,-4.9561815,-4.452081776821042,-4.211241040063648
2025-03-11,-3.549,-2.875915,-2.897106710975104,-2.98719102779836
2025-03-12,-3.6165,-2.6671975,-2.782746080380386,-3.0678158311612354
2025-03-13,-2.742,-3.5769506,-2.5136017271028006,-3.177384545355885
2025-03-17,-4.3725,-3.7410784,-3.5867275060885784,-3.8024200880860795
2025-03-18,-3.0509999999999997,1.9270252,-3.3229401452236473,-1.6237640059734821
2025-03-19,-2.5335,-4.8067884,-4.048664926493687,-4.867582451843968
2025-03-20,-2.4585,-4.657197,-3.1781724380945433,-4.453178819804564
2025-03-21,-0.9224999999999998,-1.7314377,-4.465541748171235,-3.7655505346522338
2025-03-24,-1.4414999999999998,-3.4071631,-6.683567385727919,-5.273590165410232
2025-03-25,-1.6934999999999998,-3.6111042,-5.494258477755542,-4.918104873672103
2025-03-26,-0.32550000000000023,-7.560152,-7.863666679747596,-7.255766312587567
2025-03-27,0.13049999999999962,-7.396567,-7.4085698348293425,-6.960134440706827
2025-03-28,0.16799999999999962,-7.95615,-8.142274671956395,-7.499926031667307
2025-04-01,0.20700000000000038,-7.2417173,-6.726104293186085,-6.6640258160431385
2025-04-02,0.7650000000000002,-7.58205,-7.804167426095663,-7.110746005593643
2025-04-03,1.0454999999999999,-7.580475,-7.530509812789692,-6.8827601782504875
2025-04-04,-0.016499999999999914,-6.1668854,-6.9796891590195465,-5.817089317527134
2025-04-07,-1.3559999999999999,-1.3298441,-3.7205392271739974,-2.548692929794454
2025-04-08,-0.8280000000000004,-0.36958164,1.3118147371370796,-0.1781311347892569
2025-04-09,-1.1114999999999995,0.51439846,-0.4989740559806971,-1.0634762847785986
2025-04-11,-0.04800000000000004,-7.7015367,-4.839827589841581,-5.972386003570032
2025-04-15,0.2940000000000001,-5.6087203,-5.411157668653646,-5.447330310200183
2025-04-16,1.2599999999999998,-5.5887156,-5.372041801914698,-5.55199401122536
2025-04-17,1.8900000000000001,-6.314785,-6.574966457766627,-6.310376607819261
2025-04-21,2.590499999999999,-4.605086,-4.720754683166448,-5.047738138049365
2025-04-22,2.5800000000000005,-6.1635175,-6.2542730190391405,-6.142884391122349
2025-02-18,-5.2124999999999995,-6.9416485,-7.850908538052325,-6.647384075677515
2025-02-19,-3.9059999999999997,-5.3970857,-6.242781782156284,-5.6289775858855435
2025-02-20,-4.061999999999999,-5.919046,-6.197467577777156,-5.638828970008363
2025-02-21,-4.245,-6.812397,-7.343681927176192,-6.319171166701712
2025-02-24,-4.344,-6.7781568,-7.346371876922738,-6.371064461766346
2025-02-25,-4.3035,-6.5019774,-7.111824055621191,-6.20043218905478
2025-02-27,-4.8614999999999995,-3.49299,-7.261524492913636,-5.067304719129844
2025-02-28,-4.83,-3.135509,-6.065631028140391,-4.520406921548547
2025-03-03,-4.7955,-3.1453376,-6.014321149208437,-4.41742349588936
2025-03-04,-4.017,-3.1453376,-5.24276338782603,-3.8103057989453237
2025-03-05,-3.9974999999999996,-3.025632,-3.7753810359081723,-2.9847998884951696
2025-03-06,-3.654,-6.388899,-3.9425534606042327,-4.193238305955845
2025-03-07,-3.981,-0.29098246,-0.44277765456364965,-1.2448788226195266
2025-03-10,-4.0515,-4.192328,-4.972314909807537,-3.8547728304511084
2025-03-11,-4.6065,-4.6721616,-5.071630453429609,-4.157445316369614
2025-03-12,-4.014,-4.663012,-4.544484361083343,-3.879071035002084
2025-03-13,-3.8655,-4.9095273,-4.706343915724468,-4.020887272628534
2025-03-17,-3.9224999999999994,-4.5527253,-4.552933072692655,-3.8092310541808163
2025-03-18,-3.0494999999999997,1.5695509,-3.8981632610669195,-1.5741389800134464
2025-03-19,-2.2139999999999995,-3.7927868,-5.015192166716985,-4.37114896911482
2025-03-20,-1.2165,-7.051168,-7.039217908830333,-6.626038085719423
2025-03-21,-1.2599999999999998,-0.8308466,-3.0207032898257267,-2.5989299105183448
2025-03-24,-1.2179999999999995,-1.916441,-5.143986418930819,-3.7762372424980013
2025-03-25,-2.463,-3.5971515,-4.649666792528417,-4.249740105247395
2025-03-26,-3.0045,-5.041968,-3.7899100396436762,-4.264118588171276
2025-03-27,-2.1510000000000002,-4.620268,-5.7107888063042855,-5.04871083275168
2025-03-28,-1.6335,-6.1176,-6.284121038632415,-5.893031577978035
2025-04-01,-0.8775000000000002,-5.0678062,-3.5218141208565266,-4.4453319614236655
2025-04-02,-1.4295000000000002,-2.5763242,-5.493318383539875,-4.355210664029695
2025-04-03,-1.2885000000000004,-2.482306,-2.261498980631523,-2.9906633076936653
2025-04-04,-2.7405,-3.8532894,-3.569806055547834,-3.708493699093386
2025-04-07,-2.7975,-1.8130066,-1.1912107057768737,-1.9556585695284907
2025-04-08,-2.946,-1.5540297,1.7047848367560936,-0.9790113528343417
2025-04-09,-2.5409999999999995,-0.090432435,0.5388898950310238,-0.6955629536146765
2025-04-11,-1.9425000000000003,-5.1138754,-3.9995290810079958,-4.648875733968506
2025-04-15,-1.6349999999999998,-5.3855405,-5.135499045192981,-5.207008444471595
2025-04-16,-0.22950000000000015,-6.227271,-5.453408999218292,-5.736296687787163
2025-04-17,0.14699999999999952,-4.5766525,-5.110401767020822,-4.839455764331893
2025-04-21,-0.3224999999999998,-6.227138,-6.179082343802397,-6.031178166763137
2025-04-22,0.12449999999999974,-6.460427,-6.410986939327145,-6.247316335594781
2025-02-18,-4.2015,-5.5331454,-5.995877106904427,-5.617795176416744
2025-02-19,-3.969,-5.047649,-5.32374718897161,-4.990531970564202
2025-02-20,-3.693,-5.047649,-5.32374718897161,-5.00599782654759
2025-02-21,-3.981,-6.010379,-6.474561457363369,-5.854069439540195
2025-02-24,-3.9135,-2.7550917,-6.520972565304011,-3.927494171782991
2025-02-25,-3.6390000000000002,-6.094646,-6.451051336478912,-5.885703986107644
2025-02-27,-3.5984999999999996,-5.1662583,-5.47639221040895,-5.281160355024056
2025-02-28,-4.647,-2.6561701,-5.254466875809545,-3.286538716545724
2025-03-03,-4.926,-2.6561701,-5.422577322309109,-3.61455544700886
2025-03-04,-4.882499999999999,-2.6561701,-5.32374718897161,-3.4764331601298544
2025-03-05,-4.338,-2.6463416,-5.3057767547414985,-3.2238434189619003
2025-03-06,-4.5465,-4.339361,-5.937788981352187,-4.26186216418085
2025-03-07,-4.545,-2.146655,-2.2523119121946515,-2.7712542737051735
2025-03-10,-4.0905,-4.977584,-5.839119810750261,-5.417595154446479
2025-03-11,-4.0995,-6.0304475,-6.805535107129725,-6.11209494386268
2025-03-12,-4.0485,-6.2469244,-5.891190579600703,-5.8981198628697795
2025-03-13,-3.804,-2.4196215,-5.891190579600703,-3.8366507864919317
2025-03-17,-3.9345,-2.9837544,-5.8227521080262,-4.102568283040438
2025-03-18,-2.961,0.580827,-7.706517452228723,-3.574198853555138
2025-03-19,-2.9924999999999997,-4.7709823,-4.872519491332333,-4.643321790445729
2025-03-20,-1.8675000000000004,-6.7144537,-6.888482580929084,-6.8218333858753715
2025-03-21,-1.6650000000000003,-4.0936246,-4.23990450841259,-4.927603072351828
2025-03-24,-1.8525,-5.803703,-6.031037051007804,-6.188931351871603
2025-03-25,-1.6110000000000002,-6.5915127,-7.01297678749418,-6.5652851207047105
2025-03-26,-1.6244999999999996,-8.226982,-8.104945255176847,-7.510113413453711
2025-03-27,-0.7994999999999998,-5.860068,-5.984377548839628,-5.680246125976485
2025-03-28,-1.4445000000000003,-6.8070593,-6.718074318773908,-6.6444907674095655
2025-04-01,-0.5760000000000005,-4.3794613,-6.674678650100669,-5.428607496598957
2025-04-02,-0.3284999999999996,-6.29633,-5.675670194592218,-6.092673426104751
2025-04-03,-0.026999999999999958,-6.703243,-6.703934725919384,-6.459349182342863
2025-04-04,-0.2610000000000003,-7.469796,-6.935245604555684,-6.786992783192523
2025-04-07,-1.0650000000000002,-2.2770452,-3.0266547855426547,-2.896267533817937
2025-04-08,-0.6659999999999996,-1.7367659,0.6477232566708923,-1.0207671481301221
2025-04-09,0.8039999999999999,-0.6409357,-0.7112429479081419,-1.5988000571520424
2025-04-11,0.4514999999999997,-7.952604,-4.952564555318595,-6.3737473621991665
2025-04-15,1.3335000000000001,-6.389616,-6.27300838031002,-6.200779130837454
2025-04-16,1.3574999999999995,-7.4523783,-6.8478226264054225,-6.766063641144887
2025-04-17,1.7909999999999997,-5.8161216,-6.550917592839953,-5.929082904813727
2025-04-21,1.704,-6.8183274,-7.006339160637066,-6.492924373638721
2025-04-22,1.9079999999999997,-6.1064024,-6.624350248967836,-6.072846231662041
2025-02-18,-4.1265,-6.866181,-6.515718089700582,-6.311886106624097
2025-02-19,-4.119,-6.748888,-6.298103594902656,-6.095838620651671
2025-02-20,-4.302,-7.548024,-7.252307359229033,-6.753007910289195
2025-02-21,-4.263,-7.755405,-7.093162044874387,-6.756816552731825
2025-02-24,-3.933,-7.9578447,-7.099418723886701,-6.873246188931237
2025-02-25,-3.7664999999999997,-4.488682,-3.848248312227546,-3.7987961725909702
2025-02-27,-5.0625,-3.7766316,-4.195950884121428,-3.6369252648480166
2025-02-28,-5.252999999999999,-3.4001722,-3.888544534257874,-3.2073827400724744
2025-03-03,-5.6579999999999995,-2.9070504,-3.2217672382387397,-3.0379530430766097
2025-03-04,-5.403,-3.253675,-3.8059117659491064,-3.30288718192262
2025-03-05,-5.4495,-4.538505,-4.44214078879705,-4.013142577917463
2025-03-06,-5.2875,-8.590108,-7.51142479355234,-6.997591469245638
2025-03-07,-5.3445,-2.0851505,-2.0739939001688605,-2.6528080499681748
2025-03-10,-5.605499999999999,-6.625817,-5.224030907164663,-4.8830990280667415
2025-03-11,-5.3505,-6.268336,-5.013565780168865,-4.750702099242027
2025-03-12,-5.086499999999999,-7.316822,-4.807502452918096,-5.1720132057577075
2025-03-13,-5.544,-5.5954027,-4.8291788282371355,-4.617034396189231
2025-03-17,-5.415,-4.750636,-4.537051815055143,-4.137788185550198
2025-03-18,-4.473,-1.0740023,-4.958852703514026,-3.1061646521194204
2025-03-19,-3.3,-6.7837806,-5.187557072310779,-5.985472681656225
2025-03-20,-3.3539999999999996,-4.0244913,-4.697292632026586,-4.94427849536616
2025-03-21,-3.0315,-1.8040637,-2.237663535492023,-3.03353462133782
2025-03-24,-2.6385000000000005,-3.6054666,-3.4022491963176877,-4.217641501788895
2025-03-25,-2.5349999999999997,-6.0488925,-6.507361227802337,-6.105304720447686
2025-03-26,-2.5934999999999997,-6.6364756,-6.4614541143939395,-6.39760738923949
2025-03-27,-2.0355,-6.242733,-6.160051868774743,-6.196132707405928
2025-03-28,-2.046,-6.6364756,-6.337128503626321,-6.4107062975551825
2025-04-01,-1.0664999999999998,-7.013467,-6.4368567259823735,-6.580112917262959
2025-04-02,-0.3974999999999998,-7.421996,-6.842715786219853,-6.756099195848817
2025-04-03,0.13649999999999948,-6.442485,-6.257408219104409,-5.889057303827723
2025-04-04,-1.2105,-7.164486,-7.199404855055873,-6.565990612859073
2025-04-07,-4.5135,-1.0652199,-1.638904519014342,-1.5177679785110771
2025-04-08,-4.0424999999999995,-1.3649733,1.6218110372518653,-1.223328708989817
2025-04-09,-4.2255,-1.1451104,-1.5102858500704772,-2.0790346458808826
2025-04-11,-2.5695,-4.689063,-2.254197659129264,-3.8498801594246315
2025-04-15,-1.5255000000000003,-5.5591598,-5.606683274629616,-5.560877736453171
2025-04-16,-1.0079999999999998,-2.772151,-2.870224591221801,-3.7042391641939347
2025-04-17,-0.5670000000000002,-3.4588304,-4.617272306564637,-4.495578709967221
2025-04-21,-0.18449999999999953,-3.7433593,-5.23584436154861,-4.919908966927421
2025-04-22,-0.7695000000000004,-6.6561246,-5.990521907424078,-6.142625181206612
2025-02-18,-4.867500000000001,-5.8697515,-6.313129457150705,-5.889390373488408
2025-02-19,-4.1354999999999995,-6.436579,-6.686927819799168,-6.236954609042123
2025-02-20,-3.438,-6.808652,-6.296295413761512,-6.283692515927896
2025-02-21,-3.9135,-7.266839,-6.496565380633844,-6.878263232517007
2025-02-24,-3.627,-6.245249,-6.448643987198385,-6.673055072760816
2025-02-25,-4.608,-7.8039875,-7.10838615619763,-7.354256109570809
2025-02-27,-4.815,-8.010089,-8.061651766294231,-7.559919479118956
2025-02-28,-4.6035,-7.533289,-7.187745163792878,-6.787535243331836
2025-03-03,-4.6049999999999995,-7.154256,-7.005223686069271,-6.386200938922467
2025-03-04,-5.043,-7.763317,-7.553327670213319,-6.944095286302659
2025-03-05,-4.617,-6.508212,-6.808502674982106,-6.148899444269961
2025-03-06,-4.8975,-7.791284,-6.54455909253437,-6.552041992576625
2025-03-07,-4.119,-0.97110784,-1.336314068321663,-1.9194752718985626
2025-03-10,-4.5255,-6.159007,-6.543345729339316,-5.9974225068412395
2025-03-11,-5.046,-7.184058,-7.459081096432195,-6.580488531095976
2025-03-12,-4.5,-6.4274487,-6.504177263777722,-5.920093159778251
2025-03-13,-4.6425,-6.6429505,-7.086474237829546,-6.179497789543323
2025-03-17,-4.992,-6.4630036,-6.7766114056391915,-5.965285217081718
2025-03-18,-4.476,0.92450017,-8.755938260892282,-4.238781565141338
2025-03-19,-3.864,-7.449238,-4.307944891170307,-5.56326571819663
2025-03-20,-3.1904999999999997,-5.792316,-6.2203223013565925,-5.644459667596367
2025-03-21,-3.0915,-2.928452,-3.1732555863081835,-3.6096406572042063
2025-03-24,-3.033,-4.927367,-5.208644792749185,-5.021504619487967
2025-03-25,-3.6329999999999996,-6.459743,-7.217543933038855,-6.105205243342617
2025-03-26,-3.183,-5.4645505,-6.078496848064676,-5.525108809498309
2025-03-27,-2.9295,-5.1873107,-5.7621489067719605,-5.233436736546396
2025-03-28,-2.82,-6.297684,-6.653685013158457,-6.067219721811722
2025-04-01,-2.0295,-5.3645263,-5.327997672624116,-5.366984766223476
2025-04-02,-1.9829999999999997,-5.885895,-5.719622037652048,-5.825439704206497
2025-04-03,-1.071,-7.7072544,-7.771531290280232,-7.193159568335573
2025-04-04,-2.6369999999999996,-7.8200955,-8.350925551759762,-7.384260388088066
2025-04-07,-3.6345,-3.8535087,-4.595544647746342,-4.134606954511406
2025-04-08,-4.0905,-2.990658,-0.2230879899694939,-1.7677292913619378
2025-04-09,-3.8489999999999998,-2.7880895,-2.6064020784704214,-3.3265514459937306
2025-04-11,-2.6175,-8.002158,-6.571935730966529,-7.1814178778923905
2025-04-15,-1.2974999999999997,-10.257935,-9.523108208630962,-9.012426237522114
2025-04-16,0.23400000000000032,-6.45726,-5.27997000437495,-6.391449194891087
2025-04-17,1.2539999999999998,-2.9568896,-4.404301830398015,-5.038393036644741
2025-04-21,1.5329999999999997,-3.0508714,-4.379360934805619,-4.984017349812745
2025-04-22,2.094,-3.7003286,-4.496712192856802,-5.278147582103415
2025-02-18,-5.4735000000000005,-6.436348,-6.428320258149081,-5.880459716410919
2025-02-19,-5.022,-7.6375656,-7.194015461290294,-6.561507863096261
2025-02-20,-4.2765,-6.7941265,-6.298285128842886,-5.978264161030043
2025-02-21,-4.725,-6.9598837,-6.112904864285323,-6.005076233587606
2025-02-24,-4.893000000000001,-7.6840487,-7.13542962566371,-6.605242716491091
2025-02-25,-4.5255,-7.527793,-7.13542962566371,-6.446810952323406
2025-02-27,-4.998,-7.3281116,-6.840186142132271,-6.277495919269541
2025-02-28,-5.244,-4.474784,-6.74349904688896,-4.790058378614989
2025-03-03,-5.5409999999999995,-4.7620316,-4.132600113693794,-3.7758291265923307
2025-03-04,-4.914000000000001,-4.0763755,-6.435284999031373,-4.752302717091757
2025-03-05,-5.211,-6.0281096,-5.660974537383083,-5.440795804994715
2025-03-06,-5.047499999999999,-7.737467,-6.661960439274856,-6.47265417671787
2025-03-07,-4.8645,0.50884235,0.05398435842816004,-0.8927366356834431
2025-03-10,-5.3775,-7.0845385,-7.247687233033562,-6.383163264249984
2025-03-11,-5.140499999999999,-4.1568894,-7.280330117370163,-5.193684204432237
2025-03-12,-5.159999999999999,-5.931775,-7.113512105376303,-5.3123335749939296
2025-03-13,-4.968000000000001,-4.962412,-7.114369602054514,-5.23364236302695
2025-03-17,-4.9455,-4.7653117,-7.485335758874187,-5.253953495084751
2025-03-18,-3.9675,0.44622055,-8.615508133336961,-4.5232080678856
2025-03-19,-2.415,-7.8438463,-5.748689255814072,-6.385570828220661
2025-03-20,-1.6574999999999995,-6.631617,-6.739424457997764,-6.380314822974993
2025-03-21,-1.5224999999999997,-3.9126482,-4.037044452933654,-4.5865530675002395
2025-03-24,-1.8224999999999998,-5.891039,-5.835308634377282,-5.908469927267088
2025-03-25,-2.19,-6.8924823,-7.4029208067626096,-6.605125383823255
2025-03-26,-2.6985,-6.6390805,-6.912173982736743,-6.447594063501925
2025-03-27,-2.4105,-6.657989,-7.190932372940465,-6.413660467323514
2025-03-28,-1.9590000000000003,-6.953259,-7.240993575966406,-6.531649344700821
2025-04-01,-1.5434999999999999,-6.2157006,-5.7845208090960165,-5.772246762534868
2025-04-02,-1.0739999999999994,-6.4325757,-6.50146332848872,-6.184604141318128
2025-04-03,0.5474999999999998,-5.431903,-6.032544046902496,-5.599621607001879
2025-04-04,-1.0514999999999997,-5.658515,-6.13216480359964,-5.694137685490674
2025-04-07,-3.525,-3.9694095,-4.354993290917981,-3.948904747868122
2025-04-08,-2.5094999999999996,-0.47967023,2.7192879852067815,0.1633188486270737
2025-04-09,-3.3674999999999997,-1.1249893,-2.357168733950162,-2.414172946207219
2025-04-11,-1.9665,-7.1480517,-5.023918957058446,-6.073154889626959
2025-04-15,-0.5039999999999999,-5.4722443,-5.7372232082819705,-5.595790745766023
2025-04-16,-0.10500000000000043,-4.1535425,-5.717845047213498,-5.227931341452302
2025-04-17,-0.061499999999999486,-7.2608457,-7.265529854189795,-6.747460121289458
2025-04-21,-0.23249999999999957,-4.061692,-6.149741572521066,-5.425748089434672
2025-04-22,-0.6164999999999999,-6.9796524,-6.765532366645463,-6.626992024115882
2025-02-18,-4.689,-7.135161,-6.6700204634396725,-6.270150784800189
2025-02-19,-4.7219999999999995,-7.199486,-6.955387533026521,-6.367435777151157
2025-02-20,-4.6365,-7.7798853,-7.375668323824535,-6.737713449968936
2025-02-21,-4.374,-8.131451,-8.027259692739008,-7.025700328279926
2025-02-24,-3.564,-5.7352986,-6.1371723629912776,-5.505719845485111
2025-02-25,-4.0035,-3.9889605,-7.5179217131750695,-5.3047402223886975
2025-02-27,-4.3469999999999995,-3.7073638,-6.9636909885619325,-5.039783584085257
2025-02-28,-3.945,-3.505247,-5.5906864564098395,-3.572920364520364
2025-03-03,-3.324,-3.2409253,-5.620746064904242,-4.28448922008906
2025-03-04,-4.736999999999999,-4.2480283,-7.401620397050363,-5.365033346274918
2025-03-05,-4.5855,-4.2945113,-7.3356542185290925,-5.368136099341324
2025-03-06,-4.407,-7.9348564,-7.818069049597564,-7.063119221207306
2025-03-07,-4.5375,-2.854643,-3.073354584019695,-3.358342183696018
2025-03-10,-4.404,-6.8249855,-8.077069110043388,-6.882017436658612
2025-03-11,-4.5225,-7.533972,-7.494639991122141,-6.928535752828821
2025-03-12,-4.194,-7.556264,-7.297413775246089,-6.922480227834426
2025-03-13,-4.2255,-4.7521334,-7.563192659230773,-5.98002781386658
2025-03-17,-3.8114999999999997,-3.6736877,-7.16457180420051,-5.431384659274968
2025-03-18,-2.9339999999999997,-0.8425753,-9.403952531101044,-5.670891033175752
2025-03-19,-2.2079999999999997,-9.587659,-7.462959995112483,-7.924646941737561
2025-03-20,-1.248,-7.823624,-7.834718264510215,-7.429909753740656
2025-03-21,-0.3014999999999997,-5.0950356,-5.1943806411094045,-5.43389303590126
2025-03-24,-0.5369999999999997,-7.1483345,-6.6153460514969735,-6.905411177813983
2025-03-25,-0.6539999999999999,-9.297006,-9.454188460745566,-8.453953374741095
2025-03-26,-1.5135000000000005,-8.567325,-8.688021661022677,-7.987371983638801
2025-03-27,-0.8175000000000004,-9.013952,-8.31618555821436,-7.93988989000632
2025-03-28,-1.0994999999999997,-8.901518,-8.71284267377268,-8.038177459707528
2025-04-01,-1.4909999999999997,-6.2897005,-5.788319754620632,-6.134097542582818
2025-04-02,-0.7110000000000003,-9.615507,-9.366988944097384,-8.445294301502955
2025-04-03,1.0605,-8.751687,-8.321349094861212,-7.662189496747919
2025-04-04,-1.6289999999999998,-7.322595,-7.704734536899804,-6.9323415041350716
2025-04-07,-3.5894999999999997,-1.8330257,-4.432055800740341,-3.2944569251910445
2025-04-08,-3.1755,-2.4965148,0.3936843169429384,-1.4068831737274183
2025-04-09,-3.6525,-1.867271,-2.7798490738545665,-2.874129138671281
2025-04-11,-2.304,-5.9133916,-3.380428579567185,-5.102766670029415
2025-04-15,-0.45300000000000046,-5.908895,-5.94125481050646,-5.940700526676034
2025-04-16,-0.4349999999999998,-3.5818553,-3.970836878397152,-4.652985067349527
2025-04-17,-0.1335000000000001,-5.1938157,-4.995524159325363,-5.600493127026435
2025-04-21,-0.09299999999999961,-3.0787194,-4.312534882431607,-4.663793912324361
2025-04-22,-0.11700000000000016,-4.5663958,-4.925625423049035,-5.480381392559658
2025-02-18,-5.7585,-4.9599366,-6.707719140892843,-5.1774530975449915
2025-02-19,-5.262,-4.4447594,-6.9303445653613425,-5.074468428200806
2025-02-20,-5.022,-4.3189077,-6.587128948798824,-4.857129544237333
2025-02-21,-4.584,-7.2234015,-6.748632845401102,-6.245376794036235
2025-02-24,-3.642,-3.541689,-5.664037392678309,-4.326415501510296
2025-02-25,-4.1339999999999995,-3.5347576,-6.51821419922226,-4.688896917462758
2025-02-27,-5.0745,-7.0805635,-8.0820006846377,-6.520555305445575
2025-02-28,-5.1209999999999996,-6.7230825,-6.955387533026521,-5.870494267534259
2025-03-03,-5.58,-4.5157037,-4.022449345232324,-3.515647363033559
2025-03-04,-5.2215,-4.6160445,-6.756489551877425,-5.109896753410258
2025-03-05,-4.9275,-3.934363,-6.075087927267301,-4.601073438938254
2025-03-06,-3.4964999999999997,-4.804975,-5.459370696409321,-4.759904668000896
2025-03-07,-4.0545,-0.36292493,-0.9455235083572365,-1.6492740830609143
2025-03-10,-4.880999999999999,-5.1063547,-6.4331133743238205,-5.1230367105973444
2025-03-11,-4.361999999999999,-5.554689,-6.594617270926098,-5.485027896598093
2025-03-12,-4.2075,-6.8855486,-7.625375945294975,-6.24859960926022
2025-03-13,-2.2275,-5.5807247,-5.361132879586903,-4.809429626589485
2025-03-17,-4.1085,-5.943521,-6.000884988219624,-5.387337549473592
2025-03-18,-2.1554999999999995,1.8385744,-7.384305765537893,-3.492728852252825
2025-03-19,-1.3664999999999998,-7.3712187,-5.232995245965498,-5.900950619604018
2025-03-20,0.2670000000000002,-6.831229,-6.990211674674707,-6.185805158528235
2025-03-21,-0.11100000000000029,-4.312932,-4.441603373197547,-4.774634992836178
2025-03-24,-0.34349999999999986,-5.6166077,-5.879908743488087,-5.609300524940335
2025-03-25,-1.3514999999999997,-6.170376,-6.65053059109501,-5.855816532630403
2025-03-26,-2.7390000000000003,-5.206128,-5.928090486192885,-5.3819845891190425
2025-03-27,-2.1809999999999996,-4.181768,-5.055929275005485,-4.648615724144885
2025-03-28,-1.9934999999999998,-4.379206,-5.3152917656264345,-4.719780273370995
2025-04-01,-0.38699999999999973,-3.0742097,-2.615609590009597,-3.437737359073222
2025-04-02,-0.38099999999999984,-6.7195797,-6.672342179533923,-6.221595237572342
2025-04-03,0.05999999999999978,-5.8846636,-7.008487832115531,-6.178211536101149
2025-04-04,-1.6364999999999994,-7.3855824,-7.53103399101397,-6.8475923834672665
2025-04-07,-3.843,-1.8527423,-5.52508896439385,-3.445621751493838
2025-04-08,-3.0645,-2.880601,-0.06350195428456006,-1.5826006481659844
2025-04-09,-3.096,-0.7878054,-2.7538638715380377,-2.4927475828917145
2025-04-11,-1.7295,-7.6487823,-6.00416720615385,-6.665013674945603
2025-04-15,-0.4320000000000004,-6.61775,-7.097814374242313,-6.533814096100648
2025-04-16,0.5130000000000002,-2.7397838,-4.370918856211476,-4.377732389192203
2025-04-17,-0.03449999999999953,-3.2743263,-4.405620203021599,-4.631229345016212
2025-04-21,0.8699999999999996,-2.1573842,-3.8414288274539814,-3.961868936657618
2025-04-22,0.26550000000000046,-6.646182,-7.041277323576574,-6.656243084065071
2025-02-18,-5.326499999999999,-3.253675,-3.9151067346294215,-3.1280105539740006
2025-02-19,-4.4085,-4.556911,-4.055569189956079,-3.575332072774729
2025-02-20,-4.835999999999999,-6.268336,-4.124849503118144,-4.377330076320981
2025-02-21,-3.981,-3.8363452,-3.298696320358417,-2.9873282528256264
2025-02-24,-4.266,-3.8578038,-2.800867347834779,-2.93905762952444
2025-02-25,-4.8180000000000005,-6.497437,-4.389746353117572,-4.6531560130192515
2025-02-27,-5.526000000000001,-4.8103013,-4.363108519601072,-3.93210742030383
2025-02-28,-5.76,-5.455745,-4.552819511167978,-4.299109625884665
2025-03-03,-5.532,-4.9696198,-4.268873520743981,-3.7955724971174862
2025-03-04,-6.092999999999999,-4.927423,-4.267985209015338,-4.1556575534484885
2025-03-05,-5.913,-5.1583695,-4.347325572390929,-4.040917849672943
2025-03-06,-5.9595,-8.655937,-4.771080136519451,-5.4818983882851535
2025-03-07,-5.859,-3.1665165,-0.34553992853068977,-2.1830173513287217
2025-03-10,-5.936999999999999,-6.5544324,-4.006978495450585,-4.400835954058304
2025-03-11,-5.4135,-6.027476,-3.9577065713817063,-3.9763927677642914
2025-03-12,-5.5485,-6.7131324,-4.158550248577415,-4.300236929567836
2025-03-13,-5.676,-6.798345,-4.273781115616979,-4.466481054428987
2025-03-17,-5.202,-4.6945806,-2.9493519435892415,-3.1662585574924207
2025-03-18,-4.5015,-1.1506648,-3.4886431952127834,-2.2927948964907103
2025-03-19,-3.7904999999999998,-5.6664658,-2.481968721443127,-4.5236584963364885
2025-03-20,-3.2954999999999997,-4.5912323,-5.480282537898042,-5.174797843845967
2025-03-21,-4.0845,-0.9219607,-1.2428645198470578,-1.6874024636874285
2025-03-24,-4.2405,-1.7536981,-2.7236587575686575,-2.6748321132890496
2025-03-25,-5.0745,-2.8656347,-2.4551600306776007,-3.1630092345755485
2025-03-26,-5.19,-5.361904,-4.817990903054362,-4.71883063584305
2025-03-27,-3.7095,-4.5841837,-4.285861480642438,-4.5310613247001985
2025-03-28,-4.137,-4.7939005,-4.367319069451771,-4.501284879775626
2025-04-01,-3.8385,-3.757925,-2.7666318412743354,-3.9700157380262606
2025-04-02,-3.2279999999999998,-3.04065,-3.2433770008229503,-3.462816413702228
2025-04-03,-3.2714999999999996,-3.2680259,-4.256408444638447,-4.099911978891071
2025-04-04,-4.8105,-5.5811367,-5.132153112154495,-5.161220609410225
2025-04-07,-4.9275,-2.0982764,-2.1796796197400425,-2.3642287388781082
2025-04-08,-5.0565,-1.5644817,1.4895055433461553,-1.342283653396062
2025-04-09,-4.9559999999999995,-2.3426776,-1.7078985943397558,-2.807164808511878
2025-04-11,-3.8009999999999997,-5.3128405,-2.715898811952082,-4.4283589432811805
2025-04-15,-3.3494999999999995,-4.835215,-3.7097547045261523,-4.738255401033693
2025-04-16,-1.6019999999999999,-6.842122,-7.170455932300547,-6.872816321628006
2025-04-17,0.6150000000000002,-1.1005024,-2.464950479934934,-3.938784055288079
2025-04-21,-1.3320000000000003,-4.400069,-4.170240245763073,-5.389491841565437
2025-04-22,-0.023999999999999487,-6.785184,-7.7103020725545806,-7.026409867803918
2025-02-18,-5.2275,-6.4534383,-4.328094341776855,-4.553215075386242
2025-02-19,-4.0665,-3.6376743,-4.011217647301831,-3.4786362104650848
2025-02-20,-4.4085,-5.022056,-4.036241077213329,-4.105471231614009
2025-02-21,-3.9779999999999998,-3.8499057,-3.55425962220211,-3.4892635903437137
2025-02-24,-3.8354999999999997,-4.2143893,-3.7531199309122796,-3.665239175444399
2025-02-25,-3.4185,-3.9488251,-3.2877787130480662,-3.474708809120166
2025-02-27,-5.234999999999999,-4.893371,-4.6058675516318415,-3.992886607832161
2025-02-28,-5.1735,-4.538505,-4.313740538449847,-3.674508195385404
2025-03-03,-4.4624999999999995,-4.538505,-4.313740538449847,-3.8964195591857096
2025-03-04,-3.3015000000000003,-5.2213025,-4.231086279029328,-4.446346053771981
2025-03-05,-3.714,-4.4054112,-3.995697224248891,-3.5406617235940727
2025-03-06,-2.346,-5.3165364,-3.264918261074967,-4.020567177263098
2025-03-07,-2.0699999999999994,0.031386025,1.1934130704991344,-0.7424970261382366
2025-03-10,-2.4090000000000003,-3.8641956,-3.4411164659322986,-3.513751320803629
2025-03-11,-2.2335,-3.8956556,-3.555790845316699,-3.6666726049606333
2025-03-12,-0.9389999999999996,-3.65403,-2.8316861634241746,-3.39371762583052
2025-03-13,-0.8880000000000002,-4.146983,-3.560648738458886,-3.7425446429153078
2025-03-17,-0.8925000000000004,-4.0499187,-4.005763606927484,-3.8580664505232725
2025-03-18,-0.33150000000000013,0.46864414,-4.39471025116962,-2.415516826413335
2025-03-19,0.7320000000000003,-6.6822085,-2.2515380657299575,-4.119225508165615
2025-03-20,1.2405000000000004,-5.268037,-3.7530598477452575,-4.407276514695133
2025-03-21,2.243999999999999,-4.64639,-3.3231109296413113,-4.197240712480098
2025-03-24,2.660999999999999,-4.7582674,-5.010398414973182,-4.895489465135241
2025-03-25,1.9065,-3.5609584,-1.815046020186295,-2.934517537653351
2025-03-26,1.7489999999999994,-5.6495237,-4.0332590763620955,-4.278211412077399
2025-03-27,2.8095000000000003,-4.7300673,-3.853946575226886,-4.108279615131529
2025-03-28,2.506499999999999,-7.886835,-5.784378291511091,-5.623412219549845
2025-04-01,3.2835,-4.1601963,-2.390875530279432,-3.5505447400177257
2025-04-02,3.2205,-3.42572,-2.946722990599129,-3.467014221214505
2025-04-03,3.935999999999999,-3.023744,-2.521753203253296,-3.1129202149379123
2025-04-04,2.1045000000000003,-7.0090413,-4.48382420522331,-5.588354383229177
2025-04-07,-0.2010000000000005,-2.776589,-1.5183533376156155,-2.730582020987855
2025-04-08,1.2239999999999995,-1.6071992,2.7726088981282855,-0.8742807496379872
2025-04-09,0.5085000000000001,-2.491608,-2.2540150766152074,-2.550682021350737
2025-04-11,2.04,-6.874827,-3.179571038989666,-4.681375726225098
2025-04-15,3.347999999999999,-1.1153419,-0.8769710352319238,-1.6202121519916861
2025-04-16,3.385499999999999,-0.732975,-0.7612073516512263,-1.5910691289897474
2025-04-17,3.4890000000000008,-4.361498,-5.525474758469533,-4.896805315461564
2025-04-21,3.3914999999999997,-3.6615844,-4.180717548592041,-4.379516985649687
2025-04-22,3.5625,-4.924389,-5.312980100177624,-4.910623432228819
2025-02-18,-5.305499999999999,-2.9933732,-3.159345911651422,-2.9895964798891472
2025-02-19,-5.155499999999999,-5.1075873,-3.6865568436036864,-3.8467069971078693
2025-02-20,-3.792,-2.8992586,-3.2282486059469835,-2.957984019079637
2025-02-21,-3.7095,-2.8992586,-3.2975289191090487,-2.9868520695279663
2025-02-24,-4.233,-2.536933,-3.2190913735275926,-2.747961302405838
2025-02-25,-3.0315,-2.2272465,-5.748179316355552,-4.119887162385082
2025-02-27,-5.006999999999999,-3.724596,-3.932377884876725,-3.4692624386017377
2025-02-28,-4.8345,-3.253675,-6.32760160733784,-4.424450974909897
2025-03-03,-4.856999999999999,-2.58226,-2.943751844629565,-2.451415388543035
2025-03-04,-4.5165,-2.713218,-2.6816515971913413,-2.9949821234031444
2025-03-05,-3.876,-2.3368406,-2.6218602951070133,-2.8234014532144704
2025-03-06,-3.6555,-3.164131,-3.0436965698550686,-3.2554788647508146
2025-03-07,-3.6599999999999997,-0.3553381,0.3498836083110171,-1.2577299102210384
2025-03-10,-3.6345,-2.1552873,-2.7936480755301902,-2.786847389588288
2025-03-11,-3.243,-1.9883654,-2.617903914481335,-2.825166809806896
2025-03-12,-1.923,-1.8990028,-1.196062795293261,-2.5126388544223475
2025-03-13,-1.9530000000000003,-2.083668,-1.2451395137789483,-2.57285055614568
2025-03-17,-1.9739999999999993,-2.1714823,-1.2451395137789483,-2.6549052771752906
2025-03-18,-0.5744999999999997,0.98099035,-2.685528727777111,-2.1231570826948247
2025-03-19,0.028499999999999658,-5.8385487,-2.7523864783156924,-4.553234699246839
2025-03-20,0.31050000000000005,-4.5131946,-4.068686659045433,-4.597707904029329
2025-03-21,1.1474999999999997,-2.70457,-1.7743148691668476,-3.0645652803396883
2025-03-24,1.1235000000000002,-3.3841043,-2.544413445539859,-3.514599342268246
2025-03-25,0.8835000000000001,-4.7478366,-3.592702137945536,-4.456407362297111
2025-03-26,0.8025000000000002,-6.974251,-5.085735345359011,-5.40361261814504
2025-03-27,1.9034999999999995,-5.8385067,-4.523843592661471,-5.056084849213954
2025-03-28,1.575,-7.106742,-4.866130533573598,-5.270094836656903
2025-04-01,1.0800000000000003,-4.574248,-3.575221717258006,-4.282937726525187
2025-04-02,1.8570000000000002,-4.233458,-2.673942548550256,-3.8033894606679963
2025-04-03,3.027000000000001,-2.231324,-2.2836453628909097,-2.3612609003342104
2025-04-04,3.0164999999999997,-3.658824,-5.846700984761787,-4.589134448753567
2025-04-07,2.2800000000000002,-0.029753052,-2.614511094846243,-1.5701941639221748
2025-04-08,2.0820000000000003,-1.4809445,1.2525484271938587,-0.6188592894701056
2025-04-09,1.5855,-2.2231357,-1.4406862076414377,-2.4850892695313234
2025-04-11,2.658,-7.15923,-5.959578628022898,-6.380331289132878
2025-04-15,3.4005,-7.745083,-6.942779035482369,-6.690232331244368
2025-04-16,3.8475000000000006,-5.693077,-4.7932745886428645,-5.068022431205282
2025-04-17,3.738,-3.669923,-3.5928769624258003,-3.6887861447400114
2025-04-21,3.8265000000000007,-7.471276,-7.93256757858759,-7.014297385794806
2025-04-22,3.4755000000000003,-5.3333817,-5.648954762076944,-5.301445662174238
2025-02-18,-6.1185,-5.614584,-5.017678210282059,-4.787448262913252
2025-02-19,-5.569500000000001,-4.7966433,-4.154204761000615,-3.9049631411701324
2025-02-20,-5.9085,-5.4989934,-4.608858841556498,-4.496140374694764
2025-02-21,-5.653499999999999,-6.738414,-3.9440838531969677,-4.621137407698806
2025-02-24,-5.9175,-6.708843,-4.484063350351179,-4.817162643495687
2025-02-25,-5.736,-7.563223,-4.702052333726811,-5.259147289851973
2025-02-27,-5.802,-5.774913,-3.7721012030085315,-4.2255637300401885
2025-02-28,-4.3125,-4.325526,-3.022590707635876,-4.519221631687545
2025-03-03,-5.7989999999999995,-4.1564574,-4.065837699268061,-3.7992383606895777
2025-03-04,-5.9175,-5.7978377,-4.016501988133901,-4.4296577278774025
2025-03-05,-5.877,-5.0903893,-4.62285508981318,-4.321890503205114
2025-03-06,-6.0135000000000005,-7.1679263,-5.218850546120048,-5.321146865419521
2025-03-07,-5.046,-0.4931188,-0.5589530920408611,-1.505055635113559
2025-03-10,-6.0255,-5.106036,-4.62061303992233,-4.534923170091915
2025-03-11,-5.127,-6.472408,-3.814748473322021,-4.78921892669253
2025-03-12,-4.972499999999999,-6.5065436,-4.037944335134047,-5.028303997255835
2025-03-13,-4.5315,-6.193797,-3.4020871379509074,-4.5771551254620535
2025-03-17,-2.2215000000000003,-2.4509928,-1.5518583954747642,-2.999801624756249
2025-03-18,-1.4280000000000004,2.2983117,-1.033631103210024,-0.8034293627197648
2025-03-19,-0.8655000000000005,-5.78099,-2.8782944089635167,-4.4474761919263335
2025-03-20,-1.4505000000000001,-5.239446,-4.846108198588309,-4.919776550605246
2025-03-21,-0.6885000000000004,-1.9310968,-1.2254372661826203,-2.511212971080437
2025-03-24,0.21300000000000024,-7.7710004,-7.534566475823444,-7.37541323391293
2025-03-25,-0.44999999999999996,-6.4262853,-4.55453855850846,-5.460017909331371
2025-03-26,-2.04,-4.544507,-4.681140799277197,-4.559849298150701
2025-03-27,-0.8369999999999997,-6.692854,-4.6172966014550765,-5.684565623424584
2025-03-28,-0.8505000000000003,-7.5611224,-6.467786659334354,-6.396026072785635
2025-04-01,-0.6030000000000004,-5.8758473,-3.9024134624578926,-5.0294023096873675
2025-04-02,-0.4994999999999997,-5.547607,-4.359032345864697,-5.099919602325059
2025-04-03,-0.08400000000000034,-3.3067045,-3.2909947371553487,-3.900900051805745
2025-04-04,-1.6199999999999994,-6.2960405,-5.821257845507066,-5.97293470346153
2025-04-07,-3.9074999999999998,-1.7000315,-1.7815058140044198,-2.2201935497317398
2025-04-08,-3.666,-2.0592978,0.8078099322484444,-1.7184540700120348
2025-04-09,-3.6869999999999994,-2.0765398,-1.871636499617825,-2.4587288943348957
2025-04-11,-1.1684999999999999,-5.352481,-2.5274909020382577,-4.333161178765179
2025-04-15,-0.41700000000000015,-4.4142566,-2.513903038605261,-4.02945277891792
2025-04-16,-0.5744999999999997,-2.3066976,-3.3588716990161926,-3.929399111185332
2025-04-17,0.7110000000000003,-2.6873548,-3.9277209683491257,-4.033538114909113
2025-04-21,-0.005999999999999872,-2.5224478,-3.5546222023320873,-4.084410631182175
2025-04-22,0.049499999999999746,-6.3301167,-6.068793472473294,-6.281798615688621
2025-02-18,-5.6025,-3.8517046,-3.6774228324891958,-3.304220936620119
2025-02-19,-4.4085,-6.9337034,-6.819486370909275,-6.1756158363776565
2025-02-20,-2.9085,-6.0125537,-5.536336956941584,-5.685937547964407
2025-02-21,-2.5155000000000003,-5.4171305,-4.535739420940633,-5.2831746878281445
2025-02-24,-3.054,-5.9924097,-4.926157381628951,-5.545989461530127
2025-02-25,-2.4405000000000006,-5.6187124,-5.1712417717499735,-5.568819736200903
2025-02-27,-4.017,-7.118608,-6.7457818777306695,-6.347377426590577
2025-02-28,-3.828,-4.2761,-4.232946490989569,-3.2927386401494987
2025-03-03,-5.186999999999999,-3.90253,-3.9468647516008075,-3.51698228459611
2025-03-04,-4.98,-6.9593735,-6.26926385169315,-6.138184424014149
2025-03-05,-4.692,-6.316796,-5.860248030432397,-5.552424619636834
2025-03-06,-5.0249999999999995,-9.389597,-8.450171229676545,-7.50054973222502
2025-03-07,-3.597,-0.18103045,0.006681450379593979,-1.1556597984505617
2025-03-10,-4.919999999999999,-7.1338625,-7.7994658183932035,-6.47869922143284
2025-03-11,-4.6499999999999995,-7.874406,-8.585293302729333,-7.035472926738998
2025-03-12,-4.5915,-8.043019,-8.291363491495144,-7.007253988235819
2025-03-13,-5.107499999999999,-6.772744,-4.152969415526929,-4.590935573700522
2025-03-17,-5.1465000000000005,-5.3883243,-4.733448308729217,-4.420928117119955
2025-03-18,-3.327,-0.30220044,-9.074288788194096,-5.0354138279215785
2025-03-19,-2.517,-6.5614305,-5.123479711858545,-5.828844014517985
2025-03-20,-1.5869999999999997,-6.1930237,-7.004114579590481,-6.437856947224707
2025-03-21,-0.20999999999999977,-0.24056596,0.03322899121609984,-1.2376410260890331
2025-03-24,-0.9659999999999996,-3.8720186,-3.930994666767533,-4.617612384001266
2025-03-25,-2.0820000000000003,-6.021643,-6.880026564653653,-6.198667895290565
2025-03-26,-2.6445000000000003,-5.0296164,-3.6658999856779375,-4.385071554211669
2025-03-27,-1.7625,-4.6202803,-3.4443766064528867,-4.4891440457438225
2025-03-28,-1.4625,-4.7327247,-3.8908328751916015,-4.394868763453287
2025-04-01,-1.6065,-2.8716092,-1.9739345323700237,-3.2761490732094676
2025-04-02,-0.5594999999999996,-6.1637816,-6.095714723264249,-6.108682935134938
2025-04-03,-1.4489999999999994,-3.5392575,-2.6303703689124984,-3.5384333927908305
2025-04-04,-2.7224999999999997,-5.1558056,-3.9591567814383914,-4.682005769002619
2025-04-07,-4.422,-2.1051939,-1.9824482015979163,-2.117743521786948
2025-04-08,-4.545,-0.6378753,2.3168551277716922,-0.6090572390151914
2025-04-09,-4.518,-0.29142168,-1.25742606792753,-1.6538785296617342
2025-04-11,-3.4170000000000003,-4.3444605,-1.7661579649969492,-3.566619367121093
2025-04-15,-1.548,-3.6811664,-2.4020682441310397,-3.722384539986456
2025-04-16,-0.7755000000000002,-2.4222717,-2.4453550299051927,-3.7831918721419187
2025-04-17,0.8505000000000003,-2.9480517,-4.891821512314997,-4.744684622973943
2025-04-21,1.9394999999999998,-3.4860046,-5.09627195027795,-4.963962536462004
2025-04-22,2.0324999999999993,-4.5125384,-5.1024802645461875,-5.424250324287501
2025-02-18,-5.5409999999999995,-7.899756,-8.396728947665887,-7.164978118702733
2025-02-19,-4.948499999999999,-7.1580863,-7.076907104408088,-6.4819831803497925
2025-02-20,-5.094,-8.722824,-8.491698045980486,-7.530516320367588
2025-02-21,-4.9334999999999996,-8.37675,-8.206197591026536,-7.204568286664586
2025-02-24,-5.015999999999999,-8.433786,-8.732349608270857,-7.451736479392335
2025-02-25,-4.976999999999999,-8.538129,-8.635805360688543,-7.3528103214958564
2025-02-27,-5.319,-6.855672,-7.647982717526804,-6.470017384983909
2025-02-28,-5.2005,-6.5049114,-6.912307290495459,-5.859084895142926
2025-03-03,-5.6385000000000005,-6.136891,-6.478289323384563,-5.765287568609032
2025-03-04,-5.7825,-7.1756363,-7.623350719355716,-6.523772447569868
2025-03-05,-5.3775,-5.8051653,-6.379459190047064,-5.557536392844346
2025-03-06,-5.4645,-7.291561,-6.954510008356348,-6.479090478735923
2025-03-07,-5.539499999999999,-1.0464042,-1.223284672160744,-2.04208771577826
2025-03-10,-5.3685,-5.8051653,-7.080751729819818,-5.932745072284524
2025-03-11,-4.3005,-5.6089306,-6.508608464562893,-5.77738003733544
2025-03-12,-4.5825,-5.8907504,-6.059605154898086,-5.7773885544097086
2025-03-13,-4.809,-4.955487,-6.422539432578126,-5.3378267525656256
2025-03-17,-4.9559999999999995,-6.657219,-7.4983205153872134,-6.462303267806516
2025-03-18,-3.7605,1.011261,-8.24048138682684,-4.3813740156056316
2025-03-19,-2.6324999999999994,-6.169929,-2.9509539748938107,-4.95439702306847
2025-03-20,-2.313,-5.821124,-6.172573835623591,-6.155848939916945
2025-03-21,-1.2900000000000003,-3.7026389,-3.93124317526997,-4.57445802769378
2025-03-24,-1.5119999999999998,-5.3850946,-5.507759735458517,-5.79891727705919
2025-03-25,-1.5570000000000004,-6.3433204,-6.914573423961604,-6.487109707609853
2025-03-26,-2.0925000000000002,-6.7114058,-6.684783596815153,-6.701946043593771
2025-03-27,-1.452,-6.3839364,-6.353489959848919,-6.3300324158452765
2025-03-28,-1.8974999999999997,-6.6460686,-6.7757377819765265,-6.574305346940599
2025-04-01,-1.6949999999999996,-7.1309814,-6.339229176769161,-6.525941939981193
2025-04-02,-1.092,-7.136872,-7.129079772308703,-6.858640028374539
2025-04-03,-0.5295000000000002,-7.5368595,-7.662216069227116,-7.179005078658115
2025-04-04,-2.148,-6.3581634,-6.635972229804129,-6.196226715759853
2025-04-07,-3.4605,-4.2622337,-3.976761137189321,-3.8494170368839367
2025-04-08,-3.009,-1.7017947,1.1859002702003103,-0.6493889778046871
2025-04-09,-3.0675,-1.7153552,-1.7521915962620715,-2.387999547651908
2025-04-11,-2.6175,-6.445903,-3.911231876558606,-5.344344035282614
2025-04-15,-1.0139999999999996,-6.2403407,-6.112674524613095,-6.09652160958717
2025-04-16,0.32699999999999996,-5.057466,-4.23546192471548,-5.000996550518676
2025-04-17,0.2670000000000002,-5.332084,-6.00041055905243,-5.839994679359975
2025-04-21,1.9679999999999995,-3.9274018,-5.3195178664177645,-4.8650345813419955
2025-04-22,1.6275000000000002,-4.542219,-4.767013196168805,-5.091522500885272
2025-02-18,-2.8755,-6.606423,-5.724559130530317,-5.597397077024581
2025-02-19,-3.567,-7.4123473,-7.28784103730121,-6.742169752774991
2025-02-20,-3.2835,-7.827745,-7.190729739859836,-6.82108108220719
2025-02-21,-2.8095,-7.0469165,-7.267871470924297,-6.670097021294485
2025-02-24,-2.793,-6.4739623,-6.7350233704759015,-6.276476424145871
2025-02-25,-2.8665,-7.3155994,-6.550269090201874,-6.632314364269934
2025-02-27,-3.342,-7.219522,-6.499219599734293,-6.545987736553208
2025-02-28,-2.9835,-5.820503,-6.265824570644587,-5.8829382786889415
2025-03-03,-3.7785,-6.0485463,-6.201859812960381,-5.974643626162229
2025-03-04,-3.6585,-6.0485463,-6.132579499798315,-5.942338618574259
2025-03-05,-2.9130000000000003,-5.7966146,-5.136200159831728,-5.574343674484242
2025-03-06,-3.2880000000000003,-7.304095,-6.617223926945374,-6.563546804159094
2025-03-07,-2.8859999999999997,-0.60199857,-1.1662895646520186,-2.034242950232775
2025-03-10,-3.3104999999999998,-6.6031423,-7.971323163348941,-6.638738261747796
2025-03-11,-3.525,-6.9037356,-7.6904968102883,-6.872279850242367
2025-03-12,-3.4875,-5.87958,-6.260708788956458,-5.9222469588547755
2025-03-13,-4.1265,-6.494908,-7.584146805859656,-6.485034763363667
2025-03-17,-4.185,-5.748395,-6.312018667888411,-5.784815896229977
2025-03-18,-3.3674999999999997,0.026711755,-8.917232639148056,-4.907079145131589
2025-03-19,-2.613,-6.95297,-3.467442236058371,-5.590808343600155
2025-03-20,-2.346,-6.998281,-6.92912834026224,-6.716284090425412
2025-03-21,-1.3934999999999997,-3.8216124,-3.7954832387650814,-4.396765476042848
2025-03-24,-1.7985000000000002,-5.3648787,-5.048294417445062,-5.302338969616069
2025-03-25,-1.8869999999999996,-7.1819267,-7.575951563656082,-6.642590504723139
2025-03-26,-1.2449999999999994,-7.1155643,-7.915759308083809,-6.699682969844599
2025-03-27,0.4289999999999999,-4.995163,-5.541091330201421,-5.077243193929053
2025-03-28,-0.4275000000000002,-5.4343815,-5.9352705123255705,-5.57704857683871
2025-04-01,-0.14699999999999952,-5.10643,-4.958919532992097,-5.115510192516495
2025-04-02,0.049499999999999746,-5.711118,-4.734475646206216,-5.267775814811784
2025-04-03,0.016499999999999914,-6.9224644,-6.554754898458266,-6.404323998202484
2025-04-04,-1.9364999999999994,-6.2092843,-6.235564415014286,-6.178242653922998
2025-04-07,-2.523,-3.3806548,-3.6415865642683163,-3.442011549201276
2025-04-08,-2.727,-1.7021996,0.9664202068442961,-0.8850453951008107
2025-04-09,-2.7255000000000003,-1.19,-1.6333728380543076,-2.175559534450128
2025-04-11,-2.2215000000000003,-5.182473,-2.3833932776125626,-4.456132414435217
2025-04-15,-1.5704999999999998,-5.9750814,-5.8664944222295885,-6.036109517910642
2025-04-16,-0.9074999999999995,-7.0139294,-6.023495693889194,-6.480474452987019
2025-04-17,-0.9465000000000003,-6.1858177,-6.8351197100069045,-6.270813931759528
2025-04-21,-0.4514999999999997,-4.4993925,-5.228604878753776,-5.354851894850342
2025-04-22,-0.43949999999999995,-6.3378425,-6.8997075416606295,-6.468884523590378
2025-02-18,-5.044499999999999,-4.685331,-6.559670504365677,-5.032043828890869
2025-02-19,-4.9965,-5.987227,-6.626966980749146,-5.565729883501649
2025-02-20,-4.413,-4.9674487,-6.839599077652687,-5.212679286825226
2025-02-21,-4.662,-6.0300603,-7.307077907858008,-5.835923570914202
2025-02-24,-4.5584999999999996,-6.283838,-7.64416222793165,-5.975936937585241
2025-02-25,-4.3545,-5.2621093,-7.405883624326571,-5.624525976149033
2025-02-27,-4.7775,-6.4515824,-7.647166922569348,-6.076868801665988
2025-02-28,-4.7145,-3.914638,-6.537353231900538,-4.112100325810215
2025-03-03,-5.386499999999999,-4.4098334,-6.673337500220876,-4.3688686536452215
2025-03-04,-5.515499999999999,-4.78659,-7.18415463623323,-4.810594894799252
2025-03-05,-5.22,-4.9222174,-6.937417098796409,-4.700849656719629
2025-03-06,-5.064000000000001,-6.3382106,-7.4159444097592715,-5.323501519885447
2025-03-07,-5.186999999999999,-0.7645235,-1.19708460152974,-1.8114458875905908
2025-03-10,-5.2455,-6.4148726,-7.369436267547503,-5.478967446304076
2025-03-11,-5.079,-5.912124,-7.048982821881535,-5.233132509997799
2025-03-12,-5.2155,-6.4148726,-7.086474237829546,-5.4534806247303935
2025-03-13,-5.2124999999999995,-5.0300508,-6.908879390814752,-4.885430096935629
2025-03-17,-5.184,-5.987227,-6.537353231900538,-5.536448232363221
2025-03-18,-4.7565,-1.526574,-9.099497753927972,-5.096867680750078
2025-03-19,-3.969,-5.0054913,-4.070731930796744,-4.619025544006125
2025-03-20,-3.297,-4.293082,-6.974121170565488,-5.13654976723951
2025-03-21,-3.7035,-2.2527971,-4.145876970828991,-3.7208317249390026
2025-03-24,-3.6345,-3.266623,-5.824679672673177,-4.583318004467469
2025-03-25,-3.5789999999999997,-3.0992227,-5.102699716738537,-4.243540240078373
2025-03-26,-3.618,-5.925863,-7.454153867417161,-5.613789495513139
2025-03-27,-4.071,-5.2698407,-6.845566827480057,-5.627345161661031
2025-03-28,-4.1445,-5.5837903,-7.715227110617888,-5.817348084549601
2025-04-01,-3.6224999999999996,-4.885453,-6.549030500161801,-5.472962446661431
2025-04-02,-2.4795000000000003,-4.7969327,-7.12164926288366,-5.841010231154243
2025-04-03,-2.1435,-3.838661,-7.613319842952278,-5.61788710760238
2025-04-04,-3.2144999999999997,-4.440564,-7.665486017565313,-5.177211751987354
2025-04-07,-4.656,-2.3983815,-5.5501885522461665,-3.7403840479661925
2025-04-08,-4.178999999999999,-1.6038883,-0.24228166865854095,-2.0056019943896146
2025-04-09,-3.909,-1.7693403,-2.8394576350107394,-2.7866138991522633
2025-04-11,-3.126,-5.861239,-5.283803254182096,-5.36116350572412
2025-04-15,-2.0369999999999995,-5.4471946,-6.485085464578977,-5.924246340159968
2025-04-16,-1.4985000000000002,-6.67258,-6.08271915497955,-6.37074599762605
2025-04-17,-0.8715000000000003,-6.368265,-7.1715647076642774,-6.540465745230293
2025-04-21,-0.9014999999999996,-6.4209495,-6.771520221162727,-6.5442886801452556
2025-04-22,-1.1699999999999995,-6.9422836,-7.786344474536672,-7.0157656263473775
2025-02-18,-5.198999999999999,-3.88979,-7.139883956753039,-5.125821231510349
2025-02-19,-4.9590000000000005,-4.3298807,-7.979220552773088,-5.462648746559241
2025-02-20,-5.055000000000001,-6.6287723,-8.0820006846377,-6.389709057032201
2025-02-21,-4.944,-6.0796404,-7.688661390468558,-6.055514116587299
2025-02-24,-4.8885000000000005,-5.41554,-7.581662192704485,-5.755811079596683
2025-02-25,-4.752,-5.3220463,-7.607862263335488,-5.616462898245718
2025-02-27,-5.023499999999999,-4.955487,-6.422539432578126,-5.200509330175512
2025-02-28,-4.95,-5.162111,-6.353259119416061,-5.158615194654813
2025-03-03,-4.898999999999999,-5.32774,-6.353259119416061,-5.358825726690486
2025-03-04,-5.0715,-3.8380582,-6.422539432578126,-4.928972036748036
2025-03-05,-4.801500000000001,-5.820707,-6.422539432578126,-5.673198413362202
2025-03-06,-4.7475,-7.283198,-6.760897694670839,-6.384137111484367
2025-03-07,-4.356,-1.0464042,-0.998212817359774,-1.8796427216879354
2025-03-10,-4.392,-6.2982874,-7.286352938751371,-6.063878572727059
2025-03-11,-4.2555,-6.289924,-7.235808103900248,-6.062290340360773
2025-03-12,-4.2045,-6.6632986,-7.402391606322375,-6.284888864392201
2025-03-13,-3.9164999999999996,-5.5945687,-6.059605154898086,-5.415374871864417
2025-03-17,-4.0215,-5.780109,-6.3539573228611195,-5.692954732349771
2025-03-18,-3.2384999999999997,0.88355625,-8.766744669338541,-4.406155562410827
2025-03-19,-2.9415,-6.5487986,-3.3138695548781394,-5.2086548803386306
2025-03-20,-2.103,-5.8294873,-6.068527606560028,-5.846664376021484
2025-03-21,-2.2590000000000003,-3.8691533,-3.8563027180121576,-4.352380041537788
2025-03-24,-1.671,-4.532452,-4.422893015536791,-4.543309630708396
2025-03-25,-1.7204999999999997,-5.255796,-5.882230104328156,-5.235639593688282
2025-03-26,-2.6145,-5.5665636,-6.306688151379908,-5.8211860005311875
2025-03-27,-1.9574999999999996,-5.201577,-5.6154488808017975,-5.315609343879194
2025-03-28,-2.283,-6.056355,-6.325314617731517,-6.011850305690929
2025-04-01,-1.5989999999999995,-4.255966,-3.863682209025063,-4.560540961503735
2025-04-02,-1.1909999999999996,-6.5025077,-5.952765927759814,-6.142543823283712
2025-04-03,-1.1699999999999995,-6.4960737,-6.141540486314912,-6.2766847256180425
2025-04-04,-2.5844999999999994,-6.8060884,-7.230752859258633,-6.699787450518781
2025-04-07,-4.4655,-1.5328544,-4.244756848548336,-2.9282311520321853
2025-04-08,-4.4115,-1.8683424,-0.38752555785181736,-1.423169739968381
2025-04-09,-4.3155,-1.3085876,-3.3073390090875754,-2.691645685062401
2025-04-11,-1.7699999999999996,-5.483599,-3.5037743130458194,-4.831021180433791
2025-04-15,-0.8715000000000003,-4.8182883,-4.967988812698917,-5.143342321113475
2025-04-16,-0.040500000000000466,-2.9716165,-3.613201366021692,-4.188172389750317
2025-04-17,0.0,-3.175162,-4.62985944526191,-4.544319603270773
2025-04-21,0.8804999999999996,-3.196683,-4.6443890470924085,-4.506248012570022
2025-04-22,1.0425000000000004,-6.917137,-6.879942363429472,-6.6080613229690925
2025-02-18,-5.409,-5.4190354,-7.001726135319736,-5.411438261219182
2025-02-19,-5.088,-5.6692863,-6.18744563230818,-5.187604287536165
2025-02-20,-4.952999999999999,-7.1992126,-6.932445822157671,-5.892078361402289
2025-02-21,-5.069999999999999,-7.5566926,-8.013108419891353,-6.471844476479224
2025-02-24,-4.518,-7.370663,-7.893694241372255,-6.329054454425281
2025-02-25,-4.317,-7.753286,-7.222116098219005,-6.431625434117303
2025-02-27,-5.0729999999999995,-5.848215,-8.055488766518355,-5.9869785221617455
2025-02-28,-4.854,-5.1199603,-6.44194286658044,-5.081741001849799
2025-03-03,-5.117999999999999,-5.4989934,-6.842263413732012,-5.391743672791601
2025-03-04,-5.1855,-5.3678083,-7.059324718593693,-5.548613223620376
2025-03-05,-4.632,-4.588671,-6.822016691838292,-4.9807753210609
2025-03-06,-4.869,-7.951065,-7.416332458174988,-6.4446982917573905
2025-03-07,-4.7325,-0.1813611,-0.7952008540857068,-1.2820050100682758
2025-03-10,-4.894499999999999,-5.8665013,-7.11696613869364,-5.436671535116332
2025-03-11,-5.319,-6.612165,-8.226088309284384,-6.280309326618006
2025-03-12,-4.998,-4.8458652,-7.919856229651871,-5.365285620085386
2025-03-13,-4.7924999999999995,-4.8631496,-7.919856229651871,-5.551109366189376
2025-03-17,-5.127,-5.479791,-7.96227635108926,-5.871002959728138
2025-03-18,-3.213,2.0371497,-7.313458059665732,-3.0700534762477
2025-03-19,-2.6999999999999997,-6.212301,-4.49159310435267,-5.217671292493807
2025-03-20,-2.1105,-5.3528748,-5.5047547438297295,-5.482661069093508
2025-03-21,-2.2289999999999996,-3.4227755,-3.5884892131969948,-4.057890302076932
2025-03-24,-1.794,-4.8173943,-5.054194074848565,-5.099291885017981
2025-03-25,-2.5994999999999995,-5.8272324,-6.469925104897982,-5.956653564769542
2025-03-26,-3.1079999999999997,-5.5698333,-6.055557747515171,-5.791196708521459
2025-03-27,-1.8659999999999997,-5.3509564,-5.733219510322523,-5.3421972989245745
2025-03-28,-3.147,-7.597172,-7.795832918648849,-7.171341586049167
2025-04-01,-2.8619999999999997,-4.4100437,-4.232790778436293,-4.760992061309734
2025-04-02,-1.4954999999999998,-7.3202987,-6.894452988205871,-6.7022987733517905
2025-04-03,-0.15,-6.673887,-6.211517212261907,-6.410659515906003
2025-04-04,-1.3335000000000001,-8.391935,-8.470376980368906,-7.650688254370383
2025-04-07,-3.9599999999999995,-1.5351518,-5.167938689550806,-3.085490280672865
2025-04-08,-3.3329999999999997,-0.92733,-0.20996035666462784,-1.0332557125069182
2025-04-09,-2.7704999999999997,-1.0818424,-2.92230723597593,-2.516898756635848
2025-04-11,-1.8585,-5.48386,-3.5618202458069503,-4.8833522366837485
2025-04-15,-0.5864999999999995,-5.4459057,-7.37565671073201,-6.252913516777117
2025-04-16,-0.40650000000000014,-5.80427,-6.917694356633775,-6.397343275441877
2025-04-17,-0.05100000000000051,-7.1012053,-8.608674367291378,-7.445494666256334
2025-04-21,0.9900000000000002,-4.8418903,-5.3061535099770625,-5.5244978758962215
2025-04-22,1.4550000000000003,-4.0312405,-5.659232779073906,-5.2027718739854
2025-02-18,-5.787,-2.3186069,-5.003861870455398,-3.8125321643470387
2025-02-19,-5.664,-4.1425495,-7.659449857771688,-5.222694132383292
2025-02-20,-5.481,-6.739155,-8.053939069601388,-6.2149002731734395
2025-02-21,-5.2695,-6.739155,-8.053939069601388,-6.247864160381748
2025-02-24,-5.059500000000001,-6.739155,-8.089878294981792,-6.250541852142281
2025-02-25,-5.325,-6.144921,-8.140710363783882,-6.089732385383703
2025-02-27,-5.829,-5.354803,-7.706692396672987,-5.717805677607575
2025-02-28,-5.721,-3.7378201,-6.411968798562244,-4.064192352811764
2025-03-03,-5.637,-3.7378201,-3.670917941024509,-3.21264632268029
2025-03-04,-5.784,-3.7279916,-3.890338266456025,-3.4405989851028194
2025-03-05,-5.5515,-4.8591466,-4.39810772967425,-3.9853783847902635
2025-03-06,-5.442,-8.156186,-7.442532528805992,-6.0199484634277525
2025-03-07,-5.1975,-1.9816633,-0.44964860503369797,-1.7992664060179384
2025-03-10,-5.691,-6.9180408,-4.537282380763571,-4.717635218614333
2025-03-11,-5.702999999999999,-6.9180408,-5.03299528399928,-4.845553184823657
2025-03-12,-5.0775,-6.3447857,-4.166978493590295,-4.365782836851794
2025-03-13,-4.985999999999999,-4.999789,-4.587423725627425,-4.125803833400685
2025-03-17,-4.8165,-4.7294474,-4.5863046304065636,-3.773945447717337
2025-03-18,-3.1245,1.7145765,-3.226949079596119,-1.2426580898903095
2025-03-19,-1.7054999999999996,-6.982182,-4.741727184560584,-5.6715817815794285
2025-03-20,-2.1915,-5.544436,-6.156207290408337,-5.892006933903061
2025-03-21,-1.7385000000000004,-3.5661714,-3.9798567510228597,-4.337926848354689
2025-03-24,-2.2605,-5.2518015,-5.765364316646162,-5.509828899572842
2025-03-25,-2.8005,-5.631366,-6.316499567472334,-5.721713548716251
2025-03-26,-2.5545,-5.1032515,-5.774153908390898,-5.350670448919122
2025-03-27,-2.5934999999999997,-5.6649675,-6.362856803176224,-5.769491213026447
2025-03-28,-2.5364999999999993,-5.5632663,-6.99937576893469,-5.774721028545761
2025-04-01,-1.3784999999999996,-4.109766,-5.328762456519823,-4.850664253702744
2025-04-02,-1.125,-4.0085635,-7.470424700545984,-5.5176879678482065
2025-04-03,-0.9719999999999995,-3.5772624,-7.868889695696199,-5.494477454211745
2025-04-04,-2.3864999999999994,-4.9125776,-8.078262776665317,-5.889793357562813
2025-04-07,-3.4259999999999997,-2.2784996,-4.93126666963439,-3.396670141772841
2025-04-08,-3.492,-1.8082814,0.3366487340357442,-1.6999539637558392
2025-04-09,-3.6224999999999996,-1.3113351,-2.086721934949575,-2.3797369653485916
2025-04-11,-2.286,-6.6760607,-7.012210873392735,-6.11033884282388
2025-04-15,-0.8505000000000003,-5.272436,-6.461195738282138,-5.79754300524638
2025-04-16,-0.5894999999999999,-7.809308,-7.121342465091772,-7.065417882110545
2025-04-17,0.43949999999999995,-2.520758,-5.565509306517597,-4.747584317684652
2025-04-21,0.8114999999999994,-4.2877507,-5.6057811795429835,-5.388091168366121
2025-04-22,1.2525000000000002,-5.8876414,-6.507056604747199,-6.21230746249298
2025-02-18,-4.512,-7.428093,-7.632086255833804,-7.209142416378957
2025-02-19,-4.4174999999999995,-7.51236,-7.322632121871962,-7.139141927390212
2025-02-20,-4.4174999999999995,-7.6699233,-6.893550039254306,-7.081410512523595
2025-02-21,-4.3275,-7.6699233,-6.893550039254306,-7.073438961194228
2025-02-24,-4.665,-7.94928,-7.15932892323899,-7.2508370053363365
2025-02-25,-4.038,-7.541353,-6.77462209816037,-7.059631542410089
2025-02-27,-4.248,-7.9221067,-7.255130375662157,-7.495045402605923
2025-02-28,-4.029,-7.38379,-6.989351491677473,-7.222300035531451
2025-03-03,-3.9869999999999997,-7.136828,-6.253607879288193,-6.5304330771194605
2025-03-04,-3.9749999999999996,-7.3903847,-6.679271681868753,-6.8653445010046745
2025-03-05,-3.1575,-6.769089,-6.678058318673699,-6.6476447044704
2025-03-06,-3.702,-9.274111,-7.424185346211878,-7.938169419919946
2025-03-07,-4.032,-2.6355784,-1.6671554779899067,-3.3355369511960813
2025-03-10,-3.9539999999999997,-7.1244926,-6.737538079323541,-6.835788094452648
2025-03-11,-4.082999999999999,-8.074054,-7.366812873780349,-7.253323973796228
2025-03-12,-4.106999999999999,-8.452089,-7.553551215204166,-7.2864633479229335
2025-03-13,-4.5045,-8.164618,-7.816107399746787,-7.157100287272236
2025-03-17,-2.6085,-6.4162283,-5.559425616037051,-5.549608916649604
2025-03-18,-3.99,-0.2218554,-9.376894827948997,-4.916155984827719
2025-03-19,-3.822,-7.6624064,-4.318158821256107,-5.976978576044687
2025-03-20,-2.949,-5.708291,-6.06826465090188,-5.840406067190712
2025-03-21,-2.826,-3.5057588,-3.702967340075304,-4.117440460029513
2025-03-24,-2.8215,-4.768679,-5.003857353487269,-5.13478378943112
2025-03-25,-2.1659999999999995,-6.2082877,-6.715745014550032,-5.968253395918279
2025-03-26,-2.7735,-8.287947,-8.129914196935712,-7.394637699037196
2025-03-27,-2.8724999999999996,-6.368366,-6.664512816383966,-6.187079930648533
2025-03-28,-2.127,-6.9366174,-7.18832845771244,-6.596958263737601
2025-04-01,-1.9934999999999998,-4.8765516,-4.667303196633665,-4.843742232022004
2025-04-02,-0.4574999999999996,-4.390414,-4.267478862221269,-4.581761776846318
2025-04-03,-1.296,-5.675492,-5.7748476816048635,-5.622908743881461
2025-04-04,-2.3355,-7.4624753,-7.185159484662824,-6.902245134632504
2025-04-07,-3.2039999999999997,-5.3800416,-5.28546411440375,-4.716120268334285
2025-04-08,-3.7154999999999996,-3.1485598,-0.3343748825763874,-1.723245650616546
2025-04-09,-3.651,-2.1120274,-2.6776502926191044,-2.820132182510414
2025-04-11,-1.6215000000000004,-7.1608315,-4.755869417860556,-6.000470065327005
2025-04-15,0.4110000000000003,-6.662288,-6.870264472359711,-6.536060870708198
2025-04-16,0.6,-6.030122,-6.058350077638092,-6.12812167377193
2025-04-17,0.8385000000000005,-3.6553886,-5.254561496944604,-5.038789930320286
2025-04-21,1.575,-4.0799356,-5.345485331998313,-5.223504623448444
2025-04-22,1.1849999999999998,-7.6916747,-7.756253453462927,-7.5187852200522425
2025-02-18,-4.969499999999999,-6.8383684,-7.624389719866626,-6.40799742286187
2025-02-19,-5.0625,-5.8051653,-6.547569636546628,-5.840937851224811
2025-02-20,-5.0489999999999995,-6.6372867,-7.623350719355716,-6.396703867052753
2025-02-21,-5.097,-6.6372867,-7.524520586018217,-6.333277809823785
2025-02-24,-5.080500000000001,-5.536816,-6.083601462370503,-5.395915008020009
2025-02-25,-4.3515,-5.536816,-6.014321149208437,-5.3703037675256216
2025-02-27,-4.755,-6.386887,-6.890097918910212,-6.118493756061436
2025-02-28,-5.111999999999999,-5.74344,-6.014321149208437,-5.326606341675291
2025-03-03,-5.182499999999999,-6.1820564,-6.539839064807041,-5.685699790355522
2025-03-04,-5.6354999999999995,-5.914655,-6.422539432578126,-5.785506155567015
2025-03-05,-5.3115,-5.8405023,-6.591148943738995,-5.690331670117268
2025-03-06,-5.726999999999999,-7.2329497,-7.329327602468249,-6.623061913866278
2025-03-07,-4.963500000000001,-0.9976218,-1.4284794081074637,-2.183758456351082
2025-03-10,-5.482499999999999,-7.1984916,-8.44278910127276,-7.069167031606822
2025-03-11,-4.4174999999999995,-6.368405,-6.996248613817122,-6.002090450526881
2025-03-12,-4.413,-6.7319016,-6.8565698170180385,-6.14216169921342
2025-03-13,-5.2364999999999995,-7.1341815,-6.892674162057287,-6.410101167899296
2025-03-17,-4.9305,-6.1707225,-7.084539173836019,-6.030298792490851
2025-03-18,-4.6875,0.33858246,-9.214365354169963,-4.9152142942663515
2025-03-19,-3.4244999999999997,-7.5589757,-4.391955981151084,-5.882901432514786
2025-03-20,-2.7555,-6.9793634,-7.65630835615423,-6.896754098664879
2025-03-21,-2.1510000000000002,-5.0264516,-5.056601488787398,-5.1335516112374995
2025-03-24,-2.6999999999999997,-6.601176,-6.937239526003299,-6.516374522695443
2025-03-25,-3.4995,-8.1751375,-8.784875266964356,-7.596812252054515
2025-03-26,-3.3194999999999997,-7.6717925,-8.355727746755731,-7.309404314242569
2025-03-27,-3.078,-6.470754,-7.1099121058916745,-6.5423824255425505
2025-03-28,-3.243,-7.651463,-8.336891763890685,-7.340311178115729
2025-04-01,-1.6829999999999998,-5.7356424,-5.883420149177815,-5.8129995230611184
2025-04-02,-1.2465000000000004,-7.703623,-7.378001942375239,-7.116286325849908
2025-04-03,-0.2925000000000004,-6.619721,-6.939486074724113,-6.4526060475074525
2025-04-04,-1.3784999999999996,-7.051168,-7.339432480622628,-6.714916144076372
2025-04-07,-2.3954999999999997,-4.3119326,-4.197732785056478,-4.153684948102757
2025-04-08,-2.0955,-2.6875231,0.5661313499671238,-1.3840078658932735
2025-04-09,-2.052,-2.8614905,-2.2324864534838946,-2.973964709618563
2025-04-11,-1.275,-6.857988,-4.561336082725983,-5.830056102574861
2025-04-15,-0.6449999999999996,-5.8782225,-5.622039100251875,-5.867336472792367
2025-04-16,-0.9135000000000004,-6.4886193,-5.984136996510882,-6.054338756943661
2025-04-17,-0.24749999999999978,-7.1311183,-7.875917759328397,-6.823346569080345
2025-04-21,0.0764999999999997,-6.617798,-6.848126908967301,-6.445490718264689
2025-04-22,0.2565000000000001,-6.7784896,-6.977525272761969,-6.525906183151773
2025-02-18,-5.802,-8.183583,-7.942234057138467,-7.229029871187928
2025-02-19,-5.556,-8.193412,-7.785536973371077,-7.181086030155087
2025-02-20,-5.691,-8.067147,-8.066179505374459,-7.211748384669563
2025-02-21,-5.484,-8.504655,-8.022637706746988,-7.253143218431315
2025-02-24,-5.6085,-6.77204,-4.877939869045987,-4.777703138274464
2025-02-25,-5.5035,-6.625817,-4.575110514636254,-4.617041975910141
2025-02-27,-5.622000000000001,-7.194184,-6.7890253573717345,-6.255662972975131
2025-02-28,-5.911499999999999,-7.3805995,-6.661423413479203,-6.2992701741449295
2025-03-03,-5.770499999999999,-7.199486,-6.661035365063486,-6.253127274247712
2025-03-04,-6.053999999999999,-5.293553,-4.588832869594717,-4.300803156162308
2025-03-05,-4.919999999999999,-7.9129972,-7.705090803970666,-6.990830611977383
2025-03-06,-4.137,-8.485444,-6.910619602738717,-6.855040820971822
2025-03-07,-5.557499999999999,-2.4242072,-2.2040131031753867,-2.9622215778809124
2025-03-10,-5.6595,-7.1363297,-7.148180360842957,-6.400930407175893
2025-03-11,-4.968000000000001,-7.349915,-6.85294590199985,-6.688810965196164
2025-03-12,-5.568,-7.199486,-6.879940228557875,-6.356883809437141
2025-03-13,-5.326499999999999,-8.134454,-7.754239178325416,-7.1119598573440985
2025-03-17,-5.808,-8.23823,-7.806096761034639,-7.115641018192773
2025-03-18,-5.355,-0.52478534,-9.826994340470282,-5.258015540778382
2025-03-19,-4.7475,-7.5115294,-4.154309914580287,-5.720137657588021
2025-03-20,-4.4325,-5.9586153,-6.315271668615554,-5.8446708049976355
2025-03-21,-4.361999999999999,-3.0131366,-3.0966667509952996,-3.759380862358865
2025-03-24,-3.7755,-5.1754265,-5.471220150696749,-5.359825276100445
2025-03-25,-4.0785,-6.9510436,-7.355951648982936,-6.575255811046773
2025-03-26,-3.7515,-8.634535,-8.790674876746557,-7.617818321597573
2025-03-27,-3.4499999999999997,-6.0054207,-6.033619121082277,-5.804843248541608
2025-03-28,-3.48,-7.09262,-7.363976380998148,-6.547687577738944
2025-04-01,-1.8179999999999996,-4.17779,-4.053457530984083,-4.415849476385681
2025-04-02,-1.9065,-6.7111096,-6.7785024649553725,-6.300607271328094
2025-04-03,-1.8284999999999996,-6.9030523,-7.26976041780148,-6.5963679856428135
2025-04-04,-3.5385,-7.7818346,-7.655849664545795,-6.81198079567076
2025-04-07,-4.3785,-5.707703,-5.481644397735103,-5.0444762099936336
2025-04-08,-3.819,-1.3565036,1.0598449028470376,-0.5059671148263505
2025-04-09,-3.039,-0.02176693,-0.029527423310156703,-1.1812466929860035
2025-04-11,-2.784,-7.160404,-5.130619380076667,-6.015355559035968
2025-04-15,-1.7625,-5.0467544,-5.286514275076904,-5.185685584730683
2025-04-16,-0.2699999999999996,-5.0413327,-4.5409029753354435,-5.071198436414628
2025-04-17,0.9224999999999998,-4.2119164,-5.236453621485884,-5.168915257446233
2025-04-21,1.1355,-5.0479727,-6.4016413784667945,-6.017409992058542
2025-04-22,1.0695000000000003,-6.0684996,-6.609837341286545,-6.456465520399356
2025-02-18,-5.905499999999999,-5.341366,-8.151926474222593,-5.959007208901075
2025-02-19,-5.046,-7.135161,-6.6700204634396725,-6.163036837717926
2025-02-20,-5.140499999999999,-8.23823,-7.806096761034639,-6.971210216410541
2025-02-21,-5.2965,-8.306524,-7.981564760846712,-7.163373218216269
2025-02-24,-5.0760000000000005,-8.23823,-7.806096761034639,-6.993606140527192
2025-02-25,-4.4595,-6.5198803,-6.661035365063486,-5.8645732044987415
2025-02-27,-5.538,-4.723265,-7.623350719355716,-5.085686508660622
2025-02-28,-5.6595,-3.8018541,-6.547569636546628,-4.209948877095677
2025-03-03,-4.3605,-4.763535,-6.912307290495459,-4.410730024274685
2025-03-04,-5.73,-4.5015993,-6.981587603657524,-4.666348911008777
2025-03-05,-5.534999999999999,-4.7451296,-6.9297300209483,-5.256762754480534
2025-03-06,-5.568,-8.590108,-7.286352938751371,-6.917225884596101
2025-03-07,-5.4239999999999995,-1.9363662,-1.154004358998679,-2.146365853203471
2025-03-10,-4.8225,-4.3660965,-6.721896597939821,-4.739315384659436
2025-03-11,-5.13,-6.8920765,-7.148180360842957,-6.122532152386515
2025-03-12,-5.0925,-6.656074,-6.843415025749111,-5.789616293351634
2025-03-13,-5.2755,-6.4749603,-6.912307290495459,-5.807562426362887
2025-03-17,-5.55,-4.878194,-7.626940249256508,-5.532824407136203
2025-03-18,-4.7805,0.51396084,-8.787152483041597,-4.587679785157875
2025-03-19,-4.4535,-6.519756,-3.0142683318663783,-5.089499819463575
2025-03-20,-3.5444999999999998,-5.126744,-5.558804089745449,-5.496914141971581
2025-03-21,-3.7215,-2.7420363,-2.847671395683426,-3.6554660690862257
2025-03-24,-3.4454999999999996,-4.04831,-4.263760418956445,-4.5563595713400105
2025-03-25,-3.8249999999999997,-4.918863,-5.653785670868823,-5.099520700515376
2025-03-26,-4.1895,-5.596274,-5.9523172763917325,-5.6296039758044545
2025-03-27,-4.0905,-5.4756393,-5.5304336273191765,-5.468421560894215
2025-03-28,-4.1205,-5.60281,-5.949949030253069,-5.678143137501781
2025-04-01,-3.582,-6.149563,-5.774373015622848,-5.725950940891141
2025-04-02,-2.4585,-5.5184474,-5.483367129748334,-5.668107669614317
2025-04-03,-1.1760000000000004,-5.7910504,-5.8761150786525205,-5.9662777604638935
2025-04-04,-2.0489999999999995,-6.0852127,-6.563093744741972,-6.238200539618801
2025-04-07,-3.6315,-5.3826604,-4.814757599841195,-4.666224480963102
2025-04-08,-3.4019999999999997,-2.227982,0.5790964332442243,-1.2882735654582531
2025-04-09,-3.5835,-2.5612,-2.473654501524405,-3.023659931142978
2025-04-11,-2.4915,-7.1115966,-5.099521082965432,-6.208265298721757
2025-04-15,-1.071,-7.4139404,-7.268764739451591,-7.059685898091694
2025-04-16,0.7409999999999997,-7.3059072,-6.883646483937234,-6.639962212930982
2025-04-17,2.681999999999999,-3.2049034,-4.744688125079907,-4.6837965871245375
2025-04-21,0.8085000000000001,-3.9414494,-4.444697397483864,-5.108049926839195
2025-04-22,1.2599999999999998,-5.1791563,-6.790412861882878,-6.231528401377641
2025-02-18,-5.8695,-3.8018541,-3.931580154048175,-3.5450314619310856
2025-02-19,-5.601,-4.754958,-6.981587603657524,-5.200282326183138
2025-02-20,-5.52,-6.51167,-7.626940249256508,-5.996780850655301
2025-02-21,-5.544,-6.7952933,-8.108200755268703,-6.316048344800285
2025-02-24,-5.31,-6.77204,-8.247709561547953,-6.346831236743694
2025-02-25,-5.022,-6.873504,-8.247709561547953,-6.429460296309473
2025-02-27,-5.598,-6.2565064,-8.021429461086207,-6.0794590057552576
2025-02-28,-5.4795,-4.754958,-4.491876347022431,-3.9009746952385447
2025-03-03,-5.4510000000000005,-4.375925,-4.491876347022431,-3.633606139458843
2025-03-04,-5.094,-4.375925,-4.75857781755246,-3.576303482840943
2025-03-05,-5.434500000000001,-4.6404657,-4.091341609978673,-3.628774534457512
2025-03-06,-5.472,-6.3234844,-4.894780792993628,-4.632949299791144
2025-03-07,-4.994999999999999,-1.7711477,-0.8977182820483913,-2.0342882523759807
2025-03-10,-5.5275,-4.3444185,-7.255138716602054,-5.164956749061642
2025-03-11,-5.454,-4.137794,-7.255138716602054,-5.088699016268179
2025-03-12,-5.359500000000001,-6.469748,-7.988748494398219,-6.1759764837442175
2025-03-13,-5.379,-4.3831153,-6.725301526707238,-4.999036126851044
2025-03-17,-5.538,-4.749747,-4.398747959842228,-3.9494213031605936
2025-03-18,-4.106999999999999,1.4560366,-8.848161844332497,-3.9818481275011
2025-03-19,-4.0215,-3.7345252,-4.315932800471258,-4.287467933340489
2025-03-20,-3.9135,-3.0487952,-7.00670746858616,-4.925310524371845
2025-03-21,-3.6809999999999996,-0.75972813,-3.1732555863081835,-2.825174135927687
2025-03-24,-2.0909999999999997,-1.9805152,-5.671382303476686,-4.009384134350807
2025-03-25,-2.976,-2.5785205,-3.917506070212162,-3.7125441502709977
2025-03-26,-3.3795,-4.769369,-6.468995804772251,-5.46241284557353
2025-03-27,-3.9675,-4.5573936,-3.607079286820699,-4.445904209790421
2025-03-28,-3.5835,-4.889022,-3.7757119199581366,-4.367003389781497
2025-04-01,-2.5559999999999996,-2.9667878,-2.214080689207397,-3.5894913478453754
2025-04-02,-2.5199999999999996,-4.0546293,-3.5769263493272776,-4.348778676659801
2025-04-03,2.2635000000000005,-4.956926,-6.02642546030367,-6.395524072654013
2025-04-04,-0.8505000000000003,-3.791767,-3.531936628374337,-3.6954696630201624
2025-04-07,-3.4349999999999996,-0.5971794,-0.3687438617892982,-1.3832939366533556
2025-04-08,-3.0345,0.10479187,3.4410497301979714,-0.15817233740249131
2025-04-09,-3.1365,-1.3765273,-0.27696392178250456,-1.9387520754225678
2025-04-11,-1.542,-4.92436,-2.5046091835925517,-4.22795710922647
2025-04-15,-0.798,-5.7502103,-6.2786924321062605,-5.968275191340679
2025-04-16,-0.1514999999999997,-6.5845094,-6.062131108151515,-6.301231141165202
2025-04-17,0.1724999999999998,-6.3062425,-7.514091300118426,-6.692892340863121
2025-04-21,0.6195000000000004,-6.4630723,-5.954086683396559,-6.0775008648054225
2025-04-22,2.1180000000000008,-4.550281,-4.250373214939866,-4.386359585981482
2025-02-18,-5.577,-3.7008486,-3.1791816900653336,-2.811217084635189
2025-02-19,-5.6985,-4.288475,-3.6762017740737583,-3.5474777930596404
2025-02-20,-5.630999999999999,-4.6508393,-3.545368599729708,-3.579968934867098
2025-02-21,-5.7749999999999995,-6.0302505,-4.04009564703945,-4.203108122225277
2025-02-24,-5.0565,-5.5906854,-3.6683186839503543,-3.9243983795784105
2025-02-25,-4.875,-5.733368,-4.121955804398924,-4.206563289011431
2025-02-27,-5.5455,-5.378763,-3.557613714382424,-3.7198854765967297
2025-02-28,-5.605499999999999,-3.658762,-3.439483245267445,-3.081935206589595
2025-03-03,-5.7645,-3.5836694,-3.247804526582548,-3.089446065861697
2025-03-04,-5.046,-5.52946,-4.6348090120036884,-4.537819295872352
2025-03-05,-4.990499999999999,-5.670273,-7.821739856235797,-6.054187864087416
2025-03-06,-5.2604999999999995,-6.611933,-7.187464278724996,-6.204850451631159
2025-03-07,-5.097,-2.7384915,-0.7955124683841526,-2.5864271596082964
2025-03-10,-5.538,-7.2138567,-5.19783083653366,-5.393031060979178
2025-03-11,-5.177999999999999,-5.0925756,-5.385216088762955,-4.71834827680535
2025-03-12,-4.9515,-5.160206,-4.5197208961584705,-4.435053874439372
2025-03-13,-5.055000000000001,-3.8121357,-4.423816495317643,-3.9421325914360668
2025-03-17,-4.4475,-3.8414185,-3.994930466454475,-3.492756128068672
2025-03-18,-2.6804999999999994,1.6514369,-3.179219591775873,-1.6026461324090824
2025-03-19,-2.0309999999999997,-4.4955497,-1.734941790401463,-3.4240970382038403
2025-03-20,-0.7530000000000004,-3.2494283,-6.5385791731473555,-5.050577530778458
2025-03-21,0.031500000000000125,-1.1422509,-3.772050457067291,-3.569452181666254
2025-03-24,-0.13649999999999948,-2.5089793,-6.207863724436878,-4.775924956008592
2025-03-25,-0.5849999999999997,-4.3073125,-6.483797307802026,-5.67358636966385
2025-03-26,-0.6164999999999999,-6.5752625,-5.472297232706099,-5.667823925517246
2025-03-27,0.17100000000000007,-6.4752192,-4.493704640713541,-5.591559794928006
2025-03-28,-0.7184999999999998,-8.568576,-7.022451422595322,-6.735777880691511
2025-04-01,-0.5489999999999995,-5.6591687,-4.510970658037003,-5.28450779622225
2025-04-02,-0.5550000000000004,-7.9630394,-6.532180245453306,-6.629208196156015
2025-04-03,-0.8624999999999999,-8.024562,-7.085804232544046,-6.78171089201242
2025-04-04,-3.0944999999999996,-5.9144025,-5.338680632031451,-5.301877272457945
2025-04-07,-4.1085,-0.45510283,-1.026677448209084,-1.3907411659478277
2025-04-08,-3.726,-0.91676843,1.9553308914721566,-0.6218961633943467
2025-04-09,-3.9734999999999996,-1.0342429,-1.2080291982839315,-1.8090905694562802
2025-04-11,-2.7615,-5.1417637,-3.06172829769546,-4.3170933842255055
2025-04-15,-2.1645,-4.0076294,-2.553299080409263,-3.7744053848298145
2025-04-16,-1.1505000000000003,-1.4966788,0.41110104254305285,-2.4979779244785814
2025-04-17,-0.9974999999999997,-1.6913636,-1.827268400812299,-3.2685935921439437
2025-04-21,-0.41999999999999954,-1.7008613,-2.5272138643976096,-3.5012252387800666
2025-04-22,-0.4380000000000002,-6.4128475,-7.133958382673082,-6.675514175578204
2025-02-18,-5.787,-3.9780624,-3.3045230474815783,-3.79605140961888
2025-02-19,-5.64,-3.4697676,-3.3203603735172162,-3.606825263670764
2025-02-20,-5.4495,-3.1481438,-3.155075766292541,-3.3230299816934346
2025-02-21,-5.154,-4.8595686,-2.8896154294281864,-3.797503924351779
2025-02-24,-5.127,-4.993156,-2.928312795625328,-3.7930665320762267
2025-02-25,-5.232,-4.67155,-2.8792360771396406,-3.575144105478611
2025-02-27,-5.486999999999999,-4.7393723,-2.8695728354548615,-3.638544222772521
2025-02-28,-5.385,-4.454023,-2.64964822759548,-3.3801401903264505
2025-03-03,-5.4675,-2.8627946,-2.694838306610983,-2.79913906757729
2025-03-04,-5.060999999999999,-2.8627946,-2.8903968456364075,-2.7179030569646483
2025-03-05,-5.102999999999999,-2.8322031,-2.818848276356218,-2.685749908545461
2025-03-06,-5.3775,-4.3491898,-3.5916893854091625,-3.7784422609808295
2025-03-07,-5.3325,-0.7624623,-0.6943003691601183,-1.6997649477537489
2025-03-10,-5.465999999999999,-4.6140294,-3.3631562577900573,-3.830639076973005
2025-03-11,-5.367,-3.0228007,-3.784396895354679,-3.420664424899126
2025-03-12,-5.0729999999999995,-2.6561701,-2.7641186197730483,-2.8992798755448237
2025-03-13,-4.989000000000001,-4.2517896,-2.718928540757545,-3.391408045458814
2025-03-17,-4.9545,-4.61842,-2.926702570204793,-3.7050329941589926
2025-03-18,-4.5569999999999995,-0.7173089,-3.660510728857577,-2.5707868604637967
2025-03-19,-3.468,-4.019529,-1.963474544802164,-3.1305141567590336
2025-03-20,-2.5514999999999994,-2.4566483,-2.7072410907896813,-3.0018509307009045
2025-03-21,-2.154,-0.7229885,-0.7231765226106914,-1.9441705499523714
2025-03-24,-2.2695000000000003,-5.0338106,-5.268352766779378,-5.567725808321625
2025-03-25,-2.3355,-6.2352066,-6.650821063396105,-6.25457807274217
2025-03-26,-2.4644999999999997,-6.783824,-6.6914079398344155,-6.670243703569232
2025-03-27,-1.7280000000000004,-4.911366,-3.6020908522248702,-4.590359535351389
2025-03-28,-2.4255,-7.564613,-7.691543709229353,-7.319460652581152
2025-04-01,-2.4045,-6.1622586,-6.222857160237659,-6.243127568583544
2025-04-02,-1.5704999999999998,-6.4543433,-7.023685977706481,-6.782684363648152
2025-04-03,-1.3679999999999997,-6.8095827,-7.121356415071528,-6.958339684234067
2025-04-04,-2.1885000000000003,-6.7652297,-7.009744968367483,-6.876569916196254
2025-04-07,-3.6329999999999996,-0.787293,-1.022331254176416,-1.3973180298371324
2025-04-08,-4.0935,-1.5677001,1.5086513240277504,-1.3874791256941328
2025-04-09,-3.7829999999999995,-1.2561412,-0.7361873670395096,-2.007761114090018
2025-04-11,-1.8224999999999998,-4.6758156,-2.175242147471257,-4.029499230975812
2025-04-15,-0.23699999999999974,-5.5185695,-5.472443991234968,-5.67533950841932
2025-04-16,0.6585000000000001,-4.0589776,-5.07138628128771,-4.982392125517304
2025-04-17,0.7170000000000002,-3.990073,-5.641020258226293,-5.247396341774903
2025-04-21,1.3425000000000005,-3.9804902,-5.30317343213077,-5.232357005953112
2025-04-22,1.4489999999999994,-6.8516397,-6.828937331952018,-6.666337828995817
2025-02-18,-5.932499999999999,-4.7818394,-4.416908000091024,-4.042366490187732
2025-02-19,-5.817,-5.2237015,-4.468159550308795,-4.26973747832899
2025-02-20,-5.5845,-4.958927,-7.567390096698277,-5.2064086021651255
2025-02-21,-4.8225,-6.0632143,-6.8861072198644555,-5.117649334477332
2025-02-24,-5.1915,-6.9171305,-8.03116861583561,-5.88962896362446
2025-02-25,-5.0835,-7.157693,-8.0820006846377,-6.059671653815657
2025-02-27,-4.1354999999999995,-3.7653413,-3.214996056443034,-2.8198340485945943
2025-02-28,-5.020499999999999,-5.8665013,-4.09769818042823,-3.8566269440480174
2025-03-03,-5.526000000000001,-4.137013,-3.7803603171373426,-3.344520726391642
2025-03-04,-5.778,-5.179891,-4.238073543989512,-4.010419913731502
2025-03-05,-5.5905,-4.4176736,-3.7803603171373426,-3.5350991163972725
2025-03-06,-5.4885,-5.8212237,-3.9173885642332964,-4.205025251351549
2025-03-07,-5.486999999999999,-0.23607545,0.3524551949421961,-1.0660240854204615
2025-03-10,-5.529,-5.9470396,-3.741416558842979,-4.264836686280834
2025-03-11,-5.8245,-6.4125876,-4.191812430269042,-4.526112947960333
2025-03-12,-5.79,-6.3472085,-3.80417514420203,-4.439321335273613
2025-03-13,-5.6085,-6.2769604,-3.9087127778110458,-4.402514549325358
2025-03-17,-5.8425,-4.993106,-3.838439838138846,-3.9189034971934524
2025-03-18,-5.0745,-0.46359324,-4.487470837174323,-2.452515093468945
2025-03-19,-4.1805,-3.5352583,-2.0082222706015296,-2.703117949210433
2025-03-20,-3.792,-3.5265088,-4.305813538609429,-3.43332248056417
2025-03-21,-3.4154999999999998,-1.1549964,-1.1436156498903536,-1.825715363362781
2025-03-24,-2.1704999999999997,-1.5779555,-5.019007573440761,-3.0350121342771375
2025-03-25,-4.002,-1.7294822,-3.480295275692031,-2.772803855180363
2025-03-26,-4.6785,-4.327105,-5.230206904223389,-4.383937308377796
2025-03-27,-4.242,-4.6851044,-6.393232567038834,-5.144167915632736
2025-03-28,-3.6525,-5.5940523,-5.175070236866531,-5.034516910870613
2025-04-01,-2.5559999999999996,-2.4714758,-2.8063966181149014,-3.3231702079794063
2025-04-02,-3.0164999999999997,-4.352305,-6.639097322006728,-5.284790373568539
2025-04-03,-2.5005,-3.1553638,-6.97990784678708,-4.707830569363425
2025-04-04,-3.8805,-3.8651056,-3.429894728547537,-3.5824901528602826
2025-04-07,-4.95,-2.698207,-1.9059284848509437,-2.473147056172375
2025-04-08,-4.7835,-2.6621423,1.1369834388189775,-1.7630899280849723
2025-04-09,-4.717499999999999,-1.9129348,-2.1773535673271587,-2.4871783204632747
2025-04-11,-3.867,-5.076966,-2.0498710777778357,-3.872860828054936
2025-04-15,-2.6369999999999996,-3.9605815,-1.3794100240976497,-3.471450349935428
2025-04-16,-2.1374999999999997,-5.329809,-3.957623787431515,-5.1197801563720775
2025-04-17,-1.2630000000000001,-2.1967204,-2.750211730466599,-3.872536138536462
2025-04-21,-0.43949999999999995,-2.687224,-4.2632178994895815,-4.624579924550004
2025-04-22,0.45300000000000046,-4.302423,-5.403187457065246,-5.480625834004988
2025-04-23,1.5224999999999997,-7.7633348,-7.751307125765583,-7.410801795687377
2025-04-24,2.6909999999999994,-6.388073,-6.162985275084821,-6.2705173593970995
2025-04-25,-0.42300000000000004,-5.7424035,-5.833006556608503,-5.862930655521283
2025-04-28,-0.2429999999999996,-5.1221023,-4.944653548191784,-5.430303754764912
2025-04-29,0.37950000000000017,-7.2007427,-7.646018442358879,-6.9489101987868995
2025-04-30,-1.5494999999999997,-4.019267,-3.7953012741054586,-4.30506969504352
2025-05-02,-0.5684999999999999,-3.7960887,-4.5584004288060616,-4.580026540806329
2025-05-05,-0.5159999999999997,-6.7647614,-6.677991231435332,-6.3936393969475604
2025-05-06,-1.4385000000000006,-4.5387025,-4.525757081269558,-4.898646746297216
2025-05-07,0.5114999999999995,-3.9072528,-4.419463902057567,-4.507974746284288
2025-05-08,-0.7260000000000005,-6.928748,-6.602978480328414,-6.359667898312664
2025-05-09,-0.05250000000000021,-8.170247,-8.979419142368885,-7.681989473881248
2025-05-12,1.0485000000000002,-8.128208,-8.545168174497181,-7.5837436795693485
2025-05-13,2.5140000000000007,-5.547092,-5.381898423282071,-5.489804070327117
2025-05-14,2.742,-6.4373035,-7.261062804784125,-6.436460982540367
2025-05-15,0.44099999999999967,-7.2769327,-7.41927585127275,-7.013699181419391
2025-05-16,-0.22499999999999998,-6.27474,-6.38093803425533,-6.229560996715586
2025-05-19,0.8099999999999997,-4.479308,-4.781948103174924,-4.845481032563987
2025-05-20,-0.6824999999999996,-5.699885,-5.738999480858494,-5.730674007376186
2025-05-21,-0.49499999999999955,-3.6641328,-4.419249283127697,-4.5549950758490985
2025-05-22,-0.6525000000000002,-6.7001014,-6.9205598407557005,-6.5567939335111305
2025-05-23,-0.3465000000000003,-4.3663034,-4.849433614955688,-4.95249016048456
2025-05-26,-0.3344999999999995,-6.756009,-5.305739313519961,-5.915752609817405
2025-05-27,-0.1485000000000003,-5.961693,-6.240110192233686,-5.754470428976514
2025-05-28,0.22499999999999998,-5.4415317,-5.860413925447106,-5.501728297361799
2025-05-29,0.5639999999999997,-5.7432547,-6.008590512917542,-5.687034713671363
2025-05-30,0.3360000000000003,-4.928391,-5.333544206346067,-5.077183281321277
2025-06-02,0.20999999999999977,-5.5861664,-5.784143500836295,-5.584131987573042
2025-06-03,0.5894999999999999,-5.758784,-6.2257829406427145,-5.780955040729169
2025-06-04,0.5159999999999997,-5.6569877,-6.133677078910182,-5.649640767561106
2025-06-05,0.6329999999999998,-5.478226,-5.886267535168995,-5.504383432953735
2025-06-06,1.9005,-5.138474,-5.4673219445859855,-5.0947325830774295
2025-06-09,1.2599999999999998,-5.5473623,-5.858358295951099,-5.566491849116067
2025-06-10,1.0170000000000001,-5.5724306,-5.98016966855882,-5.668416069306553
2025-06-11,2.377499999999999,-5.350743,-5.571036734225748,-5.236707178414201
2025-06-12,2.5680000000000005,-5.308828,-5.523657134837139,-5.119443428737575
2025-06-13,1.9094999999999995,-5.7740517,-6.619866544041089,-5.888312169276583
2025-06-16,1.5045000000000002,-5.453158,-5.959826310375952,-5.555588305931462
2025-06-17,0.6449999999999996,-7.346442,-7.0395034403739905,-6.876905769718749
2025-06-18,-0.5610000000000003,-5.6745987,-5.176204125634824,-5.828248979716399
2025-04-23,3.218999999999999,-7.5284576,-8.184473614333879,-7.217233090522869
2025-04-24,2.3850000000000007,-6.523831,-6.1994599997376625,-6.172462658527453
2025-04-25,1.7909999999999997,-4.562818,-4.582260059308756,-4.750797029972917
2025-04-28,2.9279999999999995,-6.1606255,-6.451319545695831,-6.170945172651536
2025-04-29,4.322999999999999,-7.373462,-7.375206852784003,-6.36297164554421
2025-04-30,3.0194999999999994,-6.5420256,-6.146916052492557,-5.7812982917968885
2025-05-02,2.4375,-6.536102,-8.359513740446294,-7.123477500104776
2025-05-05,3.0345000000000004,-6.8013854,-7.053362272621946,-6.671030118481527
2025-05-06,2.4225000000000008,-5.900569,-5.957207923029137,-6.112179589004106
2025-05-07,1.8074999999999994,-5.223904,-5.856398105983454,-5.842438765242396
2025-05-08,1.8989999999999994,-7.657305,-8.550323285841165,-7.444445190888466
2025-05-09,3.844499999999999,-7.8023787,-8.302815564284712,-7.083841161034531
2025-05-12,4.152000000000001,-7.4126096,-7.345491538082427,-6.449867542197056
2025-05-13,5.2364999999999995,-6.917912,-6.813774781888555,-5.945063361994995
2025-05-14,5.339999999999999,-5.5066895,-5.476450661060898,-5.00917959632699
2025-05-15,5.4239999999999995,-4.469467,-4.558095118394636,-4.30813990509179
2025-05-16,5.806499999999999,-3.0855656,-3.5418650305113912,-3.55509982124924
2025-05-19,4.948499999999999,-5.1743307,-4.848767888248435,-5.072240820066286
2025-05-20,5.22,-4.003487,-4.428958714397808,-4.180449490651385
2025-05-21,4.960499999999999,-3.802547,-4.00689245413456,-4.055058885615451
2025-05-22,4.5255,-4.382297,-4.397499141884438,-4.483678049370755
2025-05-23,4.244999999999999,-5.7966046,-5.941668249041041,-5.539856710710108
2025-05-26,4.198499999999999,-6.3354,-4.884883861625176,-5.660818559202284
2025-05-27,4.6305000000000005,-4.9876466,-5.136772747066468,-4.816315728138687
2025-05-28,4.706999999999999,-4.905053,-4.950815672318119,-4.685176996971254
2025-05-29,4.994999999999999,-4.9238896,-5.021644424107021,-4.780328176846572
2025-05-30,4.6635,-5.02273,-5.136963445070924,-4.854410826366512
2025-06-02,4.1925,-5.0019064,-5.077711602261125,-5.190020972740544
2025-06-03,4.4415,-6.056422,-6.102577517668342,-5.692057520616456
2025-06-04,4.002000000000001,-5.9225764,-6.049242257094768,-5.600494563184372
2025-06-05,4.6034999999999995,-5.0312796,-5.184487063084927,-4.802298003057466
2025-06-06,4.492500000000001,-6.056422,-6.0872286942469715,-5.6091974429223495
2025-06-09,4.1114999999999995,-5.13023,-5.431911358833874,-5.328479547909851
2025-06-10,4.3965000000000005,-5.13023,-5.3409123154306615,-4.9562388698396065
2025-06-11,3.375,-6.566651,-6.493251023202949,-6.049467885518338
2025-06-12,3.910499999999999,-5.0547156,-4.72270640685411,-4.660033155089455
2025-06-13,3.963,-4.801929,-4.709565662908838,-4.362427524245763
2025-06-16,3.9675000000000002,-4.9926496,-5.199463281103333,-5.2982720293206045
2025-06-17,3.952499999999999,-5.70901,-5.648397345267926,-5.282470934907811
2025-06-18,3.6345000000000005,-4.870698,-4.84902895746749,-4.671357727147038
2025-04-23,-0.5864999999999995,-4.064504,-3.848519959130947,-4.557615287640134
2025-04-24,-1.4414999999999998,-3.7867403,-3.81226405284635,-4.341088319706129
2025-04-25,-2.7975,-3.7421103,-4.011397615801448,-4.443627436986796
2025-04-28,-2.3534999999999995,-5.07301,-4.8576671260039,-5.384902378783723
2025-04-29,-3.039,-5.8834233,-5.792260821230218,-5.955287026592924
2025-04-30,-3.5385,-3.6192424,-3.951624471493266,-4.5890385466329
2025-05-02,-3.9839999999999995,-3.3635075,-4.557141184709222,-4.781836024397057
2025-05-05,-3.789,-3.9086826,-4.079826338094104,-4.872414122771451
2025-05-06,-4.701,-4.929889,-4.866521991306128,-5.710983561527835
2025-05-07,-4.5075,-4.6304274,-4.872251464026971,-5.55848804736769
2025-05-08,-2.6820000000000004,-6.346763,-6.271234806623697,-6.4755257088020635
2025-05-09,-3.5069999999999997,-4.127628,-5.3483061253255535,-4.865397484515358
2025-05-12,-2.6744999999999997,-4.6512637,-4.522600836686423,-4.987280314621677
2025-05-13,-2.1224999999999996,-5.452135,-5.3078133792773725,-5.678452980805461
2025-05-14,-2.5079999999999996,-5.2752633,-5.124744147712712,-5.805814099696647
2025-05-15,-2.9339999999999997,-6.5196147,-5.529231726933627,-6.241088887672157
2025-05-16,-2.937,-3.6779358,-4.233783592131924,-4.897445613617867
2025-05-19,-3.7244999999999995,-4.355914,-4.102280568723661,-5.088124175380216
2025-05-20,-3.6614999999999998,-4.691333,-4.27190711379389,-5.162096003425498
2025-05-21,-3.1815,-3.661575,-3.5496549440583447,-4.615774640485207
2025-05-22,-3.3930000000000002,-5.4145374,-5.238416934388189,-5.8601641466266265
2025-05-23,-3.318,-3.5464828,-4.311131827951604,-5.014495208866791
2025-05-26,-3.117,-6.1551704,-3.647089686648679,-5.9498290582193665
2025-05-27,-2.9354999999999998,-4.8907623,-4.2203835988340135,-5.433656296965156
2025-05-28,-3.0885,-4.8950424,-4.365369925279337,-5.574134641987848
2025-05-29,-2.7615,-5.659543,-5.165543711881966,-6.153469639908447
2025-05-30,-2.6145,-5.7358904,-5.5193608113233115,-6.2464925132626385
2025-06-02,-2.7855,-5.8347435,-5.831429301531504,-6.365451158232637
2025-06-03,-4.065,-6.744406,-6.610504314886467,-6.900082025222292
2025-06-04,-3.9884999999999997,-6.119855,-6.058414952981486,-6.534757032524422
2025-06-05,-3.6075,-5.945369,-5.971059205320397,-6.486036250150527
2025-06-06,-3.6630000000000003,-4.9299717,-5.505791452733676,-5.962974177715983
2025-06-09,-3.0795,-3.7772474,-4.415154769846597,-5.000211888048443
2025-06-10,-3.0420000000000003,-3.7772474,-4.415154769846597,-5.02173616469997
2025-06-11,-2.6264999999999996,-3.936486,-4.5558327497259645,-5.095421488955406
2025-06-12,-2.9789999999999996,-4.7026734,-5.299959471601422,-5.5977567642013355
2025-06-13,-3.0345,-4.7026734,-5.175684065551466,-5.524734013162397
2025-06-16,-2.8829999999999996,-4.790569,-5.299959471601422,-5.645300784727079
2025-06-17,-2.7855,-4.953156,-5.206123044473697,-5.447295062969574
2025-06-18,-1.9815,-3.8083315,-4.2290868024796096,-4.737466378757479
2025-04-23,-2.223,-6.4405437,-6.348035196428033,-6.613418751319376
2025-04-24,-2.6025,-6.5379295,-6.960912956463169,-6.745847547145928
2025-04-25,-2.7285,-7.4106374,-7.654934990596947,-7.371632751886658
2025-04-28,-2.5380000000000003,-6.6490083,-6.784317412503124,-6.683122194426066
2025-04-29,-1.5704999999999998,-6.9279046,-6.930226464970671,-6.797913585137794
2025-04-30,-2.703,-4.9498386,-5.392659098811274,-5.500608464006199
2025-05-02,-2.4915,-4.46195,-6.095626627581519,-5.5298314633832435
2025-05-05,-2.046,-5.766842,-5.9127214181109355,-5.77299228900741
2025-05-06,-2.952,-3.9052796,-4.711127195531924,-4.615418770160916
2025-05-07,-3.6854999999999998,-3.0627818,-5.30921189547021,-4.651150872132612
2025-05-08,-2.6954999999999996,-3.6646984,-4.737791336082438,-4.535221638611253
2025-05-09,-1.5824999999999996,-3.4029372,-3.9719435063844006,-4.151439990989726
2025-05-12,2.196,-3.6564565,-3.1702509632759814,-4.08902385427956
2025-05-13,1.5494999999999997,-5.0921135,-4.13413746537584,-5.073843083774141
2025-05-14,2.808,-1.5460075,-1.8130181754341697,-2.543140462869091
2025-05-15,3.9090000000000003,-5.2592044,-6.038849381863761,-5.487021716937098
2025-05-16,2.7795,-5.843129,-5.532529620823347,-5.932178914936886
2025-05-19,2.4569999999999994,-5.5424685,-5.490788985957047,-5.7989653276945035
2025-05-20,3.2699999999999996,-6.199868,-6.782958123305384,-6.15130231292598
2025-05-21,3.675,-2.3014865,-3.2384834967787635,-3.217252579749826
2025-05-22,3.9045,-4.8069944,-5.374023660873968,-4.712746619031073
2025-05-23,3.867,-3.5443375,-4.07020055036842,-3.838525990595972
2025-05-26,3.7829999999999995,-6.698142,-3.842371526947243,-4.949659514050093
2025-05-27,4.6575,-5.5852785,-5.858423069389046,-5.065654752560461
2025-05-28,4.814999999999999,-1.9892353,-2.277320364546899,-2.0952574408043207
2025-05-29,3.956999999999999,-6.197394,-5.69502753980321,-5.300813148868969
2025-05-30,2.318999999999999,-7.8595853,-8.112181531214452,-7.027976068347042
2025-06-02,1.281,-7.1719575,-7.737947227189832,-6.961201128663382
2025-06-03,2.6925000000000003,-7.8562484,-8.376160726047992,-7.228756712593613
2025-06-04,2.7225000000000006,-7.6158814,-7.864407487434859,-6.79048215835729
2025-06-05,3.0404999999999993,-6.6456285,-6.5894022719571925,-5.798847086157794
2025-06-06,5.406000000000001,-3.7012608,-4.525957179502129,-3.8178996592900902
2025-06-09,4.6755,-4.1996613,-4.1790146442407945,-3.9677030778045657
2025-06-10,4.317,-5.4909925,-5.121760690708097,-4.86300938948299
2025-06-11,4.587,-5.078664,-5.673935842407929,-4.8403578140707575
2025-06-12,4.3005,-5.034029,-5.249497023115126,-4.579256401907462
2025-06-13,2.8800000000000003,-4.55228,-4.209768859320608,-4.443670675867428
2025-06-16,3.4904999999999995,-4.570253,-4.702906093129131,-4.4542056923921525
2025-06-17,2.5635000000000003,-6.3463097,-6.561218999830542,-5.8650251569899154
2025-06-18,2.0565,-4.7366047,-4.460632534818975,-4.456049716208736
2025-04-23,0.1664999999999999,-6.87769,-6.739960356735213,-6.776085708567701
2025-04-24,-0.8624999999999999,-6.736909,-6.865650332906121,-6.799874465817413
2025-04-25,-1.95,-5.9758935,-6.279957741661768,-6.190118434086136
2025-04-28,-1.7775,-5.9989815,-6.203993519613076,-6.164827030010025
2025-04-29,-1.2135000000000005,-6.2583394,-6.380090058310547,-6.319799856305902
2025-04-30,-1.6949999999999996,-4.3320503,-4.6789891748628385,-4.853988048256557
2025-05-02,-1.7010000000000005,-5.480453,-6.336688724588197,-5.965552364418077
2025-05-05,-1.2510000000000006,-7.3309035,-6.682407018156963,-6.7645928063811915
2025-05-06,-2.2139999999999995,-4.816737,-4.701874815909188,-5.1329740867395675
2025-05-07,-1.0605,-4.6579514,-4.799722505549021,-5.115394585698098
2025-05-08,-0.6135000000000005,-6.6653333,-6.32155617027423,-6.338487278553836
2025-05-09,0.4664999999999999,-6.7647047,-7.252757262226031,-6.520471364927801
2025-05-12,2.334,-6.7097483,-6.8560161048290125,-6.388744065545542
2025-05-13,2.7255000000000003,-5.2370377,-4.752888753467214,-5.172645400141969
2025-05-14,3.0704999999999996,-5.694205,-6.120039981194291,-5.656207950406294
2025-05-15,3.1845000000000003,-5.2194457,-5.656628446350562,-5.266574473784685
2025-05-16,3.0300000000000002,-3.1750088,-3.6296435281453454,-3.939500877177623
2025-05-19,3.4529999999999994,-4.2632413,-4.289161063683485,-4.4106400494845595
2025-05-20,2.635499999999999,-4.4785104,-4.86749824008068,-4.670597132851565
2025-05-21,2.892,-2.3017426,-2.9639902401441645,-3.236668668604456
2025-05-22,2.6999999999999997,-4.7322197,-4.7269751151793535,-4.66612933503444
2025-05-23,2.614500000000001,-3.437713,-3.7488044299327887,-3.9597427830764174
2025-05-26,3.5430000000000006,-7.868512,-4.401205571241587,-5.591938255673942
2025-05-27,3.593999999999999,-6.868087,-6.476328213946571,-5.820351746787834
2025-05-28,3.773999999999999,-6.2170973,-6.288304367059651,-5.532659604485818
2025-05-29,4.1564999999999985,-6.3425746,-6.1930812320401865,-5.496426014834436
2025-05-30,4.296,-7.333922,-7.099072950026694,-6.095719834957343
2025-06-02,3.865499999999999,-7.083822,-6.800020509290507,-6.010426242625596
2025-06-03,3.6720000000000006,-6.7794805,-6.747163925150988,-5.9869534500570545
2025-06-04,3.5385000000000004,-6.716909,-6.561890522156232,-5.929687472680326
2025-06-05,3.7994999999999997,-6.653956,-6.591091813064981,-5.797850132315409
2025-06-06,3.9135000000000004,-6.653956,-6.591091813064981,-5.83545010570337
2025-06-09,3.3614999999999995,-6.8786855,-6.659881727139742,-6.0922406835333085
2025-06-10,4.048499999999999,-6.8786855,-5.901240816971022,-5.609044893991595
2025-06-11,3.2895000000000008,-6.2637463,-6.164384130070474,-5.689513281730983
2025-06-12,2.531999999999999,-6.0632715,-6.065300033282254,-5.689820564376925
2025-06-13,2.4090000000000003,-6.0632715,-6.065300033282254,-5.7189966817564635
2025-06-16,2.094,-5.91504,-5.990207950881845,-5.658525938329584
2025-06-17,1.8840000000000003,-7.516775,-7.0035649135788365,-6.597384000004301
2025-06-18,1.8659999999999997,-5.315667,-5.266406064122442,-5.1505417654416945
2025-04-23,3.164999999999999,-6.6695523,-6.824299235705853,-6.419948101361024
2025-04-24,2.742,-7.116734,-6.516944096911398,-6.587755822420654
2025-04-25,1.9800000000000004,-6.534002,-6.23528131765296,-6.096654462233323
2025-04-28,2.2244999999999995,-6.734953,-6.545603269261043,-6.261042747939696
2025-04-29,1.8465000000000003,-6.5764685,-6.362333248464132,-6.086363515283155
2025-04-30,2.058,-4.7440557,-4.4817220258964285,-4.791698994670558
2025-05-02,1.8239999999999994,-4.208379,-5.825140277796009,-4.791850572272109
2025-05-05,1.9304999999999994,-5.753383,-5.71538119038165,-5.5511994596367975
2025-05-06,1.8945000000000003,-4.1990123,-4.36331282319878,-4.543837935044699
2025-05-07,1.0215000000000003,-4.7614865,-4.76681932159189,-4.86254212736046
2025-05-08,1.2030000000000005,-8.2144575,-8.11941410652383,-7.076612252286882
2025-05-09,1.3019999999999998,-8.671018,-9.482717676034245,-7.779743220906144
2025-05-12,3.8925,-6.720458,-6.637591964881417,-5.947053239103122
2025-05-13,3.8640000000000008,-6.17432,-5.9258333890110775,-5.520478608970148
2025-05-14,3.7079999999999997,-4.6978617,-5.117502086283413,-4.886064730347865
2025-05-15,3.9375,-5.4119,-6.426032440158273,-5.482955647552161
2025-05-16,3.685499999999999,-3.218226,-3.681864428503821,-3.917777442446326
2025-05-19,4.254,-3.9643435,-3.970742782588905,-4.035963450165101
2025-05-20,3.5010000000000003,-4.7379394,-5.056597316687703,-4.70904453620671
2025-05-21,3.3810000000000007,-3.2569253,-3.6542624397704886,-3.852532112795878
2025-05-22,2.6984999999999992,-4.8684835,-4.900429277317755,-4.897764411238436
2025-05-23,3.2744999999999997,-3.2428677,-3.3468429983009402,-3.684227110800509
2025-05-26,3.5774999999999992,-6.0013795,-3.3468429983009402,-4.631197053580921
2025-05-27,3.5295,-6.0013795,-6.25831097790753,-5.463940714658508
2025-05-28,2.3085,-6.2919817,-6.349199755674536,-6.041067278609658
2025-05-29,1.8090000000000002,-6.370281,-6.435352263653335,-6.03365282215317
2025-05-30,2.8140000000000005,-6.0504026,-6.227761611562499,-5.691748146911992
2025-06-02,2.9085,-5.2985196,-5.40360889577996,-4.969143820308937
2025-06-03,2.238,-5.2496414,-5.317778510083439,-5.0369478878133656
2025-06-04,2.1465,-5.4021025,-5.5517054993344015,-5.144478212626552
2025-06-05,1.9815,-6.3289523,-6.693724805590578,-6.206277611208686
2025-06-06,3.8295,-6.407861,-6.3483983546470615,-5.594835359582829
2025-06-09,2.431499999999999,-5.499745,-5.609280610944172,-5.190515430148931
2025-06-10,2.3609999999999993,-5.673284,-5.924550563018329,-5.419579845053031
2025-06-11,2.3324999999999996,-5.2518888,-5.430253136985373,-5.035035559625673
2025-06-12,-0.5969999999999995,-6.249462,-6.0342747614225365,-6.228587377769775
2025-06-13,-0.29699999999999954,-5.1426315,-5.066082299548346,-5.359929421999798
2025-06-16,0.1275000000000002,-5.3735156,-5.484155219477764,-5.361833800067561
2025-06-17,-0.04650000000000034,-6.7529993,-6.576301646334549,-6.427627551658114
2025-06-18,1.0110000000000003,-5.407385,-5.526602246903498,-5.275396470221631
2025-05-06,-2.0414999999999996,-0.78663,-0.5574895200471492,-1.758047951394944
2025-05-07,-2.0820000000000003,-5.8327465,-5.821879030341135,-6.0150386817476935
2025-05-08,-2.0445,-3.3237054,-2.747975580792916,-3.4863954580894103
2025-05-09,-2.3415,-3.2917526,-3.7634093507032897,-3.9889633346148505
2025-05-12,-0.8670000000000001,-4.775509,-4.643177518806253,-4.600051493372273
2025-05-13,-1.1655000000000004,-7.310638,-7.335920568099829,-7.057110121616138
2025-05-14,-0.15749999999999956,-7.450292,-7.631954970418157,-6.935056293056218
2025-05-15,0.2190000000000001,-6.9158373,-6.729315761866017,-6.521349586147029
2025-05-16,0.3195000000000004,-5.1949496,-5.154546087058277,-5.4613698583889825
2025-05-19,2.817,-7.1533422,-6.6261150598807745,-6.329925838707967
2025-05-20,1.1324999999999996,-5.6810217,-5.999122666847037,-5.3876942984307545
2025-05-21,1.9619999999999997,-4.7545466,-5.213258995973346,-4.925178591769178
2025-05-22,1.173,-6.238166,-6.5554913264627634,-6.087522946709072
2025-05-23,2.5574999999999997,-4.780037,-5.185274442816892,-5.1772458619164885
2025-05-26,2.977499999999999,-8.917055,-6.612825569703398,-7.098099016823203
2025-05-27,4.476,-8.779048,-8.164422845377816,-7.249217004415633
2025-05-28,2.8560000000000008,-6.240301,-5.859400403049594,-5.653999925616734
2025-05-29,2.398499999999999,-7.004475,-6.75046339803351,-6.337658921121825
2025-05-30,1.9304999999999994,-6.5272994,-6.236455107238979,-5.77864335942992
2025-06-02,1.8719999999999994,-5.9760923,-5.481265565802414,-5.552807934033323
2025-06-03,1.6860000000000002,-6.255505,-6.218430770987119,-5.824919537730452
2025-06-04,-0.19349999999999987,-6.426217,-6.2125897571346,-6.264849682077074
2025-06-05,0.9074999999999995,-6.677656,-6.988542052004679,-6.320821959378362
2025-06-06,1.0320000000000003,-6.973032,-7.193651237017098,-6.557258387495486
2025-06-09,2.313,-6.1994767,-5.72288896755244,-5.349288548713254
2025-06-10,2.260499999999999,-6.084236,-5.804816937732927,-5.557155572086722
2025-06-11,1.446,-6.1125875,-5.9881101055075305,-5.9720395682156475
2025-06-12,2.3864999999999994,-5.3734384,-5.61155233207672,-5.44174549653654
2025-06-13,1.9094999999999995,-5.526086,-5.8398561878628925,-5.524808373137659
2025-06-16,1.6920000000000002,-6.1593204,-6.137731784722455,-5.858390343076693
2025-06-17,1.6769999999999998,-6.1024756,-6.415734087397559,-5.70916706458779
2025-06-18,2.168999999999999,-5.397087,-5.257192685268939,-4.949369610983924
2025-04-23,3.546,-6.6192117,-6.6851308482366845,-6.022874145317973
2025-04-24,3.631499999999999,-4.754879,-5.766660715564697,-5.036067126047001
2025-04-25,2.956499999999999,-5.4508333,-5.520306530049957,-5.1792938784538824
2025-04-28,3.1590000000000003,-5.2923384,-5.725333710550304,-5.187219535396036
2025-04-29,3.4635000000000002,-5.562251,-6.3800070573704515,-5.443844528414347
2025-04-30,2.752499999999999,-5.275077,-5.410306135294671,-5.085152753303969
2025-05-02,2.5260000000000002,-4.930083,-6.19636972288137,-5.327047160114016
2025-05-05,2.7510000000000003,-5.2859883,-5.160502841404361,-4.993455610022256
2025-05-06,0.8235000000000002,-3.9004815,-3.9471023762965056,-4.35685682509821
2025-05-07,0.5864999999999995,-4.5206017,-4.4856865298991275,-4.771267433506135
2025-05-08,0.6449999999999996,-7.0965323,-7.527745905011316,-6.5426596531769174
2025-05-09,0.6164999999999999,-5.997798,-6.790443518774465,-5.9466125453725605
2025-05-12,2.8890000000000007,-5.8093057,-6.2300502826543225,-5.503173900091488
2025-05-13,3.435000000000001,-5.486044,-5.361805426928321,-5.126690686270427
2025-05-14,3.4185000000000008,-5.1501966,-4.943909464175894,-4.901181149404499
2025-05-15,3.4125,-4.067741,-4.74895057172334,-4.422990201469942
2025-05-16,2.988,-2.6755586,-3.2092389205262966,-3.586735702279361
2025-05-19,3.2055000000000007,-3.84915,-4.004647428248438,-4.108824408207933
2025-05-20,1.704,-4.4013815,-4.733690157998225,-4.590554131969064
2025-05-21,1.6110000000000002,-2.7414758,-3.2502335733885324,-3.5918645896055397
2025-05-22,1.275,-4.7693925,-4.747970154209392,-4.779149279259739
2025-05-23,1.4715000000000003,-3.8079958,-3.977798292253003,-4.226130427352851
2025-05-26,2.2545,-5.515293,-4.157240510732088,-4.820517443907913
2025-05-27,2.222999999999999,-5.2452593,-5.53486846308794,-5.072512195183071
2025-05-28,2.1779999999999995,-4.5852475,-5.0119018886268485,-4.659289303789296
2025-05-29,2.5755000000000003,-5.465989,-5.487290954405859,-5.189339126443125
2025-05-30,3.406499999999999,-4.901923,-4.9902690013881665,-4.660137849934268
2025-06-02,4.414500000000001,-4.8008924,-5.066406027282414,-4.5437750837059925
2025-06-03,3.7319999999999993,-5.369921,-5.658601773927881,-5.1741635041376455
2025-06-04,3.2699999999999996,-5.3085375,-5.447587117000648,-5.219284074651932
2025-06-05,3.281999999999999,-5.7086844,-5.632702482547499,-5.429816320624124
2025-06-06,4.8405,-5.245248,-4.885788724017182,-4.6399117391008
2025-06-09,4.6725,-4.5649724,-4.623866003789095,-4.361907472558287
2025-06-10,4.296,-4.5330257,-4.721321014971534,-4.438622828159782
2025-06-11,3.9810000000000008,-4.445932,-4.602423472043875,-4.4585563236699235
2025-06-12,3.4499999999999997,-4.365197,-4.836445603110209,-4.59370204728018
2025-06-13,2.402999999999999,-4.039583,-3.8934518648783207,-4.243065379306253
2025-06-16,1.9559999999999997,-4.4172854,-4.41351482623651,-4.635622446089352
2025-06-17,1.9739999999999993,-6.625272,-6.399468731030469,-6.133471249949545
2025-06-18,1.623,-6.2732234,-5.980994847115586,-5.84936058852907
2025-04-23,-0.6855,-6.3881397,-6.282259906504826,-6.562475379911814
2025-04-24,-0.8940000000000001,-6.7657056,-6.715983421727714,-6.835072949491197
2025-04-25,-1.9304999999999994,-7.406714,-7.710706416059829,-7.380066198776141
2025-04-28,-2.055,-6.791198,-7.234766173700326,-6.75656856427009
2025-04-29,-1.2719999999999996,-7.397494,-7.0683496508495125,-6.972986479601747
2025-04-30,0.4545000000000001,-1.2954628,-1.4553954952046695,-2.153019718167021
2025-05-02,2.1074999999999995,-0.7022597,-2.5420579572389714,-2.0670422639532307
2025-05-05,0.6570000000000004,-6.4107027,-6.38766595381948,-6.30506794356245
2025-05-06,-1.3199999999999996,-6.2579117,-6.001825890027343,-6.040859552428434
2025-05-07,-0.9855,-6.326464,-6.240706810873383,-6.21744784661754
2025-05-08,0.6269999999999999,-6.9545603,-7.259696389321653,-6.687763833716157
2025-05-09,0.6614999999999994,-8.468663,-9.544222916054197,-8.025269336651819
2025-05-12,2.277000000000001,-7.8353796,-8.211687329276634,-7.3104703344272215
2025-05-13,3.148499999999999,-6.1601396,-6.045731869002563,-5.511087176726648
2025-05-14,3.439500000000001,-6.8742948,-6.463098579775693,-5.988156299988127
2025-05-15,5.205,-7.3386254,-7.122910949985041,-6.033617355524275
2025-05-16,4.989000000000001,-5.001823,-4.132201871824603,-4.401739398931092
2025-05-19,4.8885000000000005,-4.2520676,-3.7112314544639933,-4.0261216407785145
2025-05-20,4.3845,-4.914769,-5.266870339951773,-4.894284980188837
2025-05-21,4.2465,-4.114239,-3.559620036518336,-4.104473205176202
2025-05-22,3.5475000000000008,-5.968263,-5.293282299454921,-5.224031233875767
2025-05-23,3.177000000000001,-3.16411,-3.63916926362267,-3.709195726797076
2025-05-26,4.3215,-5.8032956,-3.7481582799534237,-4.55306015892088
2025-05-27,4.1925,-6.029178,-5.768423783785895,-5.331191896798534
2025-05-28,4.8180000000000005,-5.1847243,-5.2710514302480265,-4.774883241118181
2025-05-29,4.989000000000001,-4.562291,-4.765830674690725,-4.388430603168029
2025-05-30,5.754,-4.2531633,-4.687053722488046,-3.977294125060633
2025-06-02,6.762,-4.945017,-5.037218756603342,-4.425903274409174
2025-06-03,6.654,-4.8775907,-5.690079757388923,-4.786018975001426
2025-06-04,5.9864999999999995,-4.28549,-4.626433613161576,-4.022276869648252
2025-06-05,5.7165,-4.550557,-4.533471755886758,-4.079431679696242
2025-06-06,5.398499999999999,-4.7817836,-4.719991673947552,-4.395497709495207
2025-06-09,5.152499999999999,-5.4964323,-5.113599741058655,-4.755538059795118
2025-06-10,5.1795,-4.88276,-4.6259026239841,-4.404694189074874
2025-06-11,4.863,-4.609594,-4.617877171725614,-4.355785484729255
2025-06-12,3.1574999999999993,-4.6086926,-4.2236201378405775,-4.467278675653566
2025-06-13,2.5005,-4.7872515,-4.558298897943718,-4.794468035961407
2025-06-16,1.7849999999999997,-4.5813584,-4.3407824262713275,-4.641139919752286
2025-06-17,1.2900000000000003,-5.6618643,-5.242568855302345,-5.571408817458748
2025-06-18,1.95,-5.323949,-5.182620338474084,-5.2666874614071775
2025-04-23,3.8760000000000003,-6.316676,-5.740021579783667,-5.691829254886134
2025-04-24,3.0074999999999994,-4.7546997,-4.961295466883258,-4.939420706924759
2025-04-25,2.518500000000001,-4.834677,-4.945930365043613,-4.839449259118269
2025-04-28,1.7639999999999996,-5.7278795,-5.953124013916687,-5.650098258482626
2025-04-29,1.6784999999999997,-5.829918,-5.721801551991188,-5.622631786840045
2025-04-30,1.1969999999999994,-5.235929,-4.800891151144207,-5.047876647013548
2025-05-02,0.8445000000000004,-5.614507,-7.057971438977146,-6.120515466451349
2025-05-05,1.0545000000000002,-7.3554735,-7.301469996666224,-6.820770186808966
2025-05-06,-0.5145,-3.6207683,-4.046016205177116,-4.238847873318352
2025-05-07,-0.07800000000000047,-3.3369234,-3.0871920524884007,-3.9359838679241066
2025-05-08,-1.3574999999999995,-7.870568,-7.928468349962551,-7.012657947116822
2025-05-09,0.27449999999999974,-8.823353,-9.138494537684844,-7.769442906402379
2025-05-12,1.9844999999999995,-6.315846,-5.991987226995902,-5.833216561847975
2025-05-13,2.602499999999999,-4.442334,-3.784047467875691,-4.618269607611271
2025-05-14,2.721,-4.696242,-4.512633685389413,-4.712387991801344
2025-05-15,3.556499999999999,-3.7501974,-4.38830005182554,-4.260441865610583
2025-05-16,3.3225000000000007,-4.1776075,-4.3519045187831535,-4.556016556322099
2025-05-19,3.3659999999999997,-4.5555773,-4.901809495644648,-4.740071801907888
2025-05-20,2.7255000000000003,-5.1358166,-5.423271717740256,-5.100388678270102
2025-05-21,1.2494999999999996,-2.8796675,-2.470834773943392,-3.468162367940701
2025-05-22,1.0949999999999995,-4.2385373,-4.366354014833008,-4.6406966873950095
2025-05-23,1.098,-2.2649693,-3.088024158867172,-3.57750328750764
2025-05-26,1.6440000000000001,-5.586462,-3.836544851559062,-4.9808544383177535
2025-05-27,0.7800000000000004,-6.3562427,-6.484929855883919,-6.188494642988356
2025-05-28,0.7590000000000003,-6.438746,-6.425557627103284,-6.3390627754294995
2025-05-29,1.3965000000000003,-5.88047,-6.065133239614342,-5.549197141125249
2025-05-30,1.1415,-6.0528383,-6.167254502722534,-5.919030188913577
2025-06-02,0.7545000000000002,-5.9078145,-6.105839683897852,-5.774997018733826
2025-06-03,1.9364999999999994,-5.6414757,-6.403068725217673,-5.750090250575803
2025-06-04,2.0324999999999993,-5.294127,-5.202530224049727,-5.158279917706629
2025-06-05,2.7255000000000003,-6.5790167,-6.459917245284897,-6.009146855951533
2025-06-06,2.8560000000000008,-5.9835052,-6.143551294670402,-5.775335364478578
2025-06-09,2.004,-5.735476,-5.758827580391624,-5.659878568389253
2025-06-10,1.9665,-5.8381104,-5.766012603515812,-5.577874753856804
2025-06-11,1.8764999999999996,-5.8872957,-5.75874670555691,-6.933098419203554
2025-06-12,0.8280000000000004,-4.226238,-4.1043232152028635,-4.32229042823025
2025-06-13,0.5820000000000004,-4.3716226,-4.305339223821865,-4.458571017529991
2025-06-16,0.0900000000000002,-5.2967277,-5.457116196486072,-5.147609481940436
2025-06-17,-0.003000000000000469,-6.6872954,-6.304479081437811,-6.033238962344441
2025-06-18,-0.5775000000000002,-6.413053,-6.471343467141857,-6.180862814912997
2025-04-23,1.4894999999999998,-8.175448,-8.24358777549664,-7.653696155038093
2025-04-24,1.3619999999999997,-6.2045197,-6.393341624794698,-6.306403726832516
2025-04-25,0.25199999999999995,-5.7365136,-5.5963953969734375,-5.81390770246044
2025-04-28,0.06300000000000025,-5.455274,-5.226073283021019,-5.477645437723456
2025-04-29,0.7170000000000002,-6.385222,-6.334205615460889,-6.132645904978797
2025-04-30,-0.5579999999999998,-5.549523,-5.638743350881225,-5.522679676125715
2025-05-02,-0.49200000000000016,-4.5189457,-6.110533272604215,-5.191422189789084
2025-05-05,-0.1889999999999997,-6.6514044,-6.63721018937007,-6.266898227146626
2025-05-06,-1.5510000000000004,-4.4288263,-4.402047419443107,-4.697332154122957
2025-05-07,-1.4280000000000004,-4.7915854,-4.974863036629361,-4.978927845844625
2025-05-08,-0.9824999999999995,-7.6674047,-8.017409273759666,-6.963414073162739
2025-05-09,-0.9389999999999996,-8.72613,-9.367352071642287,-7.902783063339916
2025-05-12,1.5585,-8.3981495,-7.917355955498163,-7.229676494309997
2025-05-13,1.869,-5.4418054,-4.819635088865337,-5.435379997825242
2025-05-14,2.9835,-4.8169703,-4.712491354686393,-4.8892739443989095
2025-05-15,2.406000000000001,-6.523432,-6.478360596490963,-6.175559985375235
2025-05-16,2.5124999999999997,-5.361151,-5.4965484332843095,-5.436209833333974
2025-05-19,3.7829999999999995,-4.6866794,-5.515675297227266,-4.876400824572741
2025-05-20,2.8994999999999997,-5.290383,-5.885084731453514,-5.3374018781483485
2025-05-21,2.7510000000000003,-3.5514438,-4.2497777895965125,-4.288022507098772
2025-05-22,2.967,-5.7533994,-6.041129583413702,-5.474370743924864
2025-05-23,3.1994999999999996,-4.073531,-4.256281315586725,-4.227348488648761
2025-05-26,3.439500000000001,-7.6776123,-5.923701408832979,-6.079049376722441
2025-05-27,3.340499999999999,-7.217914,-7.03303925297816,-6.22643505921366
2025-05-28,3.2369999999999997,-6.641216,-6.392910099464232,-5.7780580863738455
2025-05-29,3.831000000000001,-7.2937636,-7.368144889205375,-6.312842939078741
2025-05-30,3.9749999999999996,-6.91779,-6.503322695454495,-5.791431645405839
2025-06-02,3.402000000000001,-6.6808248,-6.450732600126181,-5.852333094950927
2025-06-03,3.4949999999999997,-6.9184337,-6.987342709128456,-6.1160553792039725
2025-06-04,3.705,-6.9122357,-6.914992210916274,-6.122847515487467
2025-06-05,3.9975000000000005,-6.2328625,-5.957038809000522,-5.500771857089784
2025-06-06,4.077000000000001,-6.96661,-7.0591591017809625,-6.096381109583161
2025-06-09,3.310499999999999,-7.086926,-6.968771129777577,-6.233386079658021
2025-06-10,2.6729999999999987,-6.616652,-6.4374836593768725,-5.978597764964423
2025-06-11,2.4659999999999997,-5.3077703,-5.435884216202352,-5.167329598812435
2025-06-12,2.6550000000000002,-4.8246574,-4.717871245484757,-4.56542557015093
2025-06-13,1.3650000000000002,-5.3208776,-5.165413363253398,-5.265587763291332
2025-06-16,0.8849999999999998,-5.6652927,-5.78847051847108,-5.636249516864486
2025-06-17,0.15749999999999956,-7.358232,-7.316652404639238,-6.899971837390226
2025-06-18,-0.12899999999999992,-6.3100433,-6.30113911544485,-6.200289098908177
2025-04-23,4.081499999999999,-7.116009,-7.034219532145897,-6.436934262344482
2025-04-24,3.0930000000000004,-6.8505898,-6.8770415237181375,-6.470312077619057
2025-04-25,2.6295,-6.05016,-5.817812615507354,-5.7549541387883085
2025-04-28,3.197999999999999,-5.2632084,-6.122017596788626,-5.417572835224879
2025-04-29,3.7845000000000004,-8.210896,-8.133869781941929,-7.065582565042254
2025-04-30,2.646,-5.378256,-5.374993666816655,-5.235331880116427
2025-05-02,2.2800000000000002,-6.5870924,-7.777028890592325,-6.6033032929955775
2025-05-05,2.7824999999999993,-6.180717,-6.078574367206934,-5.664136251872281
2025-05-06,-0.01950000000000038,-3.235074,-3.3646105406181825,-3.8005845850752653
2025-05-07,1.5224999999999997,-2.0661464,-2.259354196371333,-2.9153171116945007
2025-05-08,1.2315,-7.947473,-8.187295533684642,-7.115711229074051
2025-05-09,1.0635000000000006,-6.086137,-7.106032041328085,-6.131316151695842
2025-05-12,3.593999999999999,-7.5435395,-6.976847611364084,-6.387920411457319
2025-05-13,3.656999999999999,-4.8709316,-4.377793470708686,-4.598778057810297
2025-05-14,3.792,-6.1836395,-6.062188986048831,-5.579162240449647
2025-05-15,3.0555000000000008,-6.5976954,-6.212430690988886,-5.8874989349451585
2025-05-16,3.8850000000000007,-5.517764,-4.877798893891669,-5.138721976540471
2025-05-19,4.296,-5.0260234,-3.927105062017709,-4.445090863461193
2025-05-20,3.705,-4.741613,-4.978355568714364,-4.575797690394822
2025-05-21,3.151500000000001,-3.954671,-3.764207495483623,-3.9593104300017843
2025-05-22,3.214500000000001,-4.9878297,-4.974174478418111,-4.706996388847068
2025-05-23,2.3385000000000002,-2.0218465,-1.9986821650965256,-2.8565467906562185
2025-05-26,2.442,-5.6386,-4.401692910223878,-4.977448486333717
2025-05-27,2.402999999999999,-5.7234826,-6.024601036016377,-5.504353705352443
2025-05-28,2.217,-5.2782173,-5.348147181935146,-5.205911706687336
2025-05-29,2.3654999999999995,-5.1863513,-5.371206872759812,-5.119019164215525
2025-05-30,2.8604999999999987,-4.080918,-4.488913849965334,-4.283567356240593
2025-06-02,3.8550000000000004,-4.654753,-5.410191914805612,-4.718971101602138
2025-06-03,4.152000000000001,-4.669352,-5.183714213038863,-4.658591546578666
2025-06-04,3.7215000000000003,-4.986972,-5.183714213038863,-4.8844360908003335
2025-06-05,4.005,-4.4376183,-4.5984887230604645,-4.563499218154261
2025-06-06,4.479,-4.521441,-4.5984887230604645,-4.544607739319413
2025-06-09,4.366499999999999,-4.7798753,-5.034809532914249,-4.754411544467101
2025-06-10,3.811499999999999,-5.0987864,-5.445680311367098,-5.137800703519771
2025-06-11,3.525,-5.09875,-5.511931177754252,-5.1111043370558145
2025-06-12,2.8829999999999996,-4.9548397,-5.292755352679224,-5.110313248327373
2025-06-13,1.5525000000000002,-5.699101,-5.614475704438815,-5.740118444642348
2025-06-16,1.7699999999999996,-5.794667,-5.630023067448762,-5.716957560946383
2025-06-17,1.9739999999999993,-6.6347914,-6.512317611722773,-6.201697542830404
2025-06-18,1.4025,-6.9113913,-6.834049314225779,-6.560278801204276
2025-04-23,3.7215000000000003,-5.8527317,-5.5029590581650405,-5.350519238695793
2025-04-24,4.106999999999999,-6.034621,-5.612652407687815,-5.516436849292403
2025-04-25,3.3555000000000006,-5.581745,-5.376785062475964,-5.187582324750309
2025-04-28,2.843999999999999,-5.645093,-5.468514539421998,-5.334914724559328
2025-04-29,3.223499999999999,-5.193802,-5.496035687070852,-4.898178743095611
2025-04-30,-0.040500000000000466,-3.302173,-4.1200197069429825,-3.937115020695302
2025-05-02,0.1875,-3.9092789,-5.678522922178448,-4.8834674670094715
2025-05-05,0.8999999999999999,-3.6781995,-4.137631644241599,-4.202845479764013
2025-05-06,-2.5215,-2.1095877,-2.7337876021521788,-3.1309170386497045
2025-05-07,-2.832,-1.7630022,-2.3690895190160313,-2.997566562860579
2025-05-08,-2.7315,-4.1810656,-3.8787386285876657,-4.141975039126973
2025-05-09,-2.5889999999999995,-3.0891676,-3.7020878293234745,-3.5852485920815074
2025-05-12,3.6390000000000007,-4.7088766,-4.23944846770739,-4.111062496918835
2025-05-13,5.226,-4.0097938,-4.705569633701907,-3.8326238132646533
2025-05-14,4.609500000000001,-2.992564,-3.147565628112007,-3.324396457133083
2025-05-15,3.6029999999999993,-3.7116625,-3.8222261598735443,-3.935748615211879
2025-05-16,3.2805000000000004,-3.3535807,-3.5204079455472623,-3.5686262924234144
2025-05-19,3.546,-4.3397408,-4.272950007756947,-4.238449110874893
2025-05-20,1.9409999999999996,-5.009179,-5.015674648710403,-5.140753514978349
2025-05-21,1.9514999999999996,-2.9577014,-3.996534706347789,-4.0522059861495165
2025-05-22,4.919999999999999,-2.8596168,-3.106941724542541,-3.4349311303498675
2025-05-23,4.839,-2.3636074,-2.4910838706364005,-2.9441846826182285
2025-05-26,3.225,-4.8343186,-3.9333261125805596,-4.4105421287971645
2025-05-27,2.6925000000000003,-5.2961087,-5.490904678584867,-4.883637293013551
2025-05-28,3.183,-4.618114,-4.950026565555047,-4.55358755382845
2025-05-29,2.4524999999999992,-6.1443143,-5.9306668540206315,-5.685585481854566
2025-05-30,4.233,-4.3591475,-4.394804167953124,-4.205432712636555
2025-06-02,2.0985,-6.1445737,-6.267157943065666,-5.913842323494283
2025-06-03,2.2095000000000007,-6.5361066,-6.873224031866313,-6.205968461531424
2025-06-04,1.4340000000000004,-6.1404357,-7.199160561100213,-6.1947248158725525
2025-06-05,2.660999999999999,-5.957542,-6.322652645232841,-5.620014670824818
2025-06-06,3.118500000000001,-6.2824464,-6.649232440930195,-5.921753697572212
2025-06-09,2.4119999999999995,-5.9815555,-5.870062133168733,-5.566297221533332
2025-06-10,2.494499999999999,-5.321472,-5.546487994009223,-5.119702363775842
2025-06-11,2.114999999999999,-5.8850775,-5.771927249491894,-5.366372233954469
2025-06-12,0.010500000000000042,-5.3735156,-5.401788530681475,-5.364506492149472
2025-06-13,-0.19800000000000004,-5.8604302,-5.8670152979860175,-5.611481833421926
2025-06-16,-0.4110000000000003,-6.0551333,-6.005808645391183,-6.047791826740153
2025-06-17,-1.473,-6.551361,-6.193594988687359,-6.299926790091697
2025-06-18,-2.5349999999999997,-6.416395,-6.025793073737491,-6.22769720557178
2025-04-23,3.6645000000000008,-7.1556473,-7.206384529950721,-6.397236729307347
2025-04-24,4.1865,-5.449874,-6.1730763730144576,-5.336907395255321
2025-04-25,2.977499999999999,-6.1810756,-6.654242835084033,-5.919137637209788
2025-04-28,2.4930000000000008,-6.014822,-6.63737153450579,-5.893757847296357
2025-04-29,2.3265000000000007,-6.7506585,-7.147613162881883,-6.438563881917069
2025-04-30,0.8849999999999998,-5.2622046,-4.757987991624137,-5.278682023709821
2025-05-02,1.7099999999999997,-2.7028415,-4.645111836646286,-4.034417089298278
2025-05-05,2.0159999999999996,-5.5285983,-5.427077955106072,-5.188511432166759
2025-05-06,0.19650000000000034,-2.839353,-3.566076754768307,-3.673911951619962
2025-05-07,-0.7050000000000004,-4.633826,-4.943747423921714,-4.970416821936595
2025-05-08,-0.5340000000000004,-8.162536,-8.682095900554078,-7.409094357535423
2025-05-09,-0.22199999999999953,-8.07487,-8.802084807418819,-7.4097934300392705
2025-05-12,2.5095000000000005,-6.03363,-6.135072018080665,-5.494696976163216
2025-05-13,2.119499999999999,-5.361047,-5.610470396417159,-5.200265778950529
2025-05-14,2.7914999999999996,-4.0585675,-4.39644855713852,-4.285645762751328
2025-05-15,3.340499999999999,-4.708665,-4.7861699008493455,-4.435246325890413
2025-05-16,2.9100000000000006,-2.90719,-3.787177610479343,-3.7773329327773038
2025-05-19,2.9534999999999996,-4.238075,-4.447065622808285,-4.386312474637355
2025-05-20,2.346,-5.0742373,-5.482784941205343,-5.001407830564038
2025-05-21,2.447999999999999,-2.6600242,-3.2073347201940736,-3.530779603993231
2025-05-22,2.7165,-4.882845,-5.003574545223152,-4.881241778601032
2025-05-23,2.4869999999999997,-3.4721045,-3.7013527488291995,-3.958774938359373
2025-05-26,2.808,-6.1520047,-3.6500474119476007,-4.819224330028849
2025-05-27,2.522999999999999,-5.870904,-5.9701288754658535,-5.499793279693082
2025-05-28,1.6844999999999994,-5.3317275,-5.5320698790970955,-5.135765791538357
2025-05-29,1.371,-6.2261434,-6.581001896097645,-5.975366243419943
2025-05-30,1.6545,-6.771145,-6.909170224407209,-6.11118683022468
2025-06-02,0.5010000000000004,-5.509772,-5.440474280121925,-5.306560915428832
2025-06-03,0.5639999999999997,-5.8632655,-5.446273122159025,-5.47540614888466
2025-06-04,0.021000000000000085,-7.04371,-6.84351016921901,-6.569691665098659
2025-06-05,0.6179999999999995,-7.0936513,-6.924525290241748,-6.574675152044967
2025-06-06,1.1369999999999998,-6.5246572,-6.671353195453333,-6.180294746343176
2025-06-09,0.7485000000000003,-6.0115614,-6.141900684285547,-5.864321221015557
2025-06-10,1.9679999999999995,-5.3835115,-5.599564553781816,-5.135310788936973
2025-06-11,0.6630000000000003,-5.841664,-5.957396738119848,-5.735600669867373
2025-06-12,-1.0244999999999997,-6.2858295,-6.368815877803148,-6.241313117766585
2025-06-13,-1.902,-6.264995,-6.391356645331139,-6.163744256138028
2025-06-16,-2.0685,-5.916215,-5.727314698534801,-5.814211007571103
2025-06-17,-2.382,-5.9318905,-5.554622288815643,-5.830605581243146
2025-06-18,-2.2199999999999993,-4.5691195,-4.337074185596961,-4.842018070802822
2025-04-23,-1.3545,-7.3494277,-7.481509489382247,-7.278685175496746
2025-04-24,-1.4070000000000003,-7.0575967,-7.19435949718001,-7.08457734704032
2025-04-25,-3.4170000000000003,-7.3479743,-7.357776618242803,-7.12695957072491
2025-04-28,-2.826,-7.1421084,-7.02867939878271,-6.988617740882987
2025-04-29,-2.4539999999999997,-5.5034766,-4.898030313852034,-5.4374443804587385
2025-04-30,-2.4945000000000004,-4.7431026,-4.965251749833881,-5.277289177643389
2025-05-02,-2.6280000000000006,-5.8541703,-6.932025228712184,-6.284045439100304
2025-05-05,-3.1035,-6.442063,-6.475919571372769,-6.406412032948303
2025-05-06,-1.875,-4.576277,-4.7345389374763,-4.607239404717739
2025-05-07,-2.5275000000000003,-5.195986,-5.309999206761637,-5.5216526463581905
2025-05-08,-0.6030000000000004,-6.5958405,-6.328206061345179,-6.368095227331253
2025-05-09,0.053999999999999916,-6.6353083,-7.188157966636206,-6.644334985999878
2025-05-12,1.4159999999999997,-7.3468304,-7.0214068311596245,-6.808617652846525
2025-05-13,0.7380000000000002,-7.8408675,-8.050872681311066,-7.709921351009553
2025-05-14,1.1264999999999996,-6.9959674,-7.957343432231884,-7.233503405407679
2025-05-15,1.1849999999999998,-7.562422,-7.288989610457585,-7.096868216521028
2025-05-16,1.9739999999999993,-5.8810954,-5.78929959452072,-6.087248864358761
2025-05-19,1.7699999999999996,-6.435468,-6.383419859253395,-6.516290186578951
2025-05-20,1.1474999999999997,-6.791022,-6.820362103343509,-6.515061102274189
2025-05-21,1.3889999999999996,-5.7514277,-5.757794590815823,-5.967706259662205
2025-05-22,1.6965000000000003,-5.2965293,-5.360466831255279,-5.262708287804479
2025-05-23,1.7355,-3.8172088,-3.943954651326128,-4.271292643013074
2025-05-26,3.3869999999999996,-7.3669114,-5.681737942270188,-5.7132379654642484
2025-05-27,2.9415,-7.3669114,-7.091798200617694,-6.421351073666564
2025-05-28,2.3489999999999993,-6.896306,-6.5495601312913365,-5.920858470564114
2025-05-29,2.9595000000000007,-6.9727254,-6.628957765411792,-5.915908768051644
2025-05-30,3.6765000000000008,-7.1844687,-7.063746386168743,-5.997777912812031
2025-06-02,2.9970000000000003,-7.21013,-7.125023063585838,-6.273464365869049
2025-06-03,3.277499999999999,-7.1785355,-6.616672842818084,-5.938269459659347
2025-06-04,3.3300000000000005,-7.117564,-7.583953569822683,-6.569209425887118
2025-06-05,3.7979999999999987,-7.0415955,-7.018484510581198,-6.238852050129282
2025-06-06,4.427999999999999,-7.593482,-7.334543264280173,-6.325273499514764
2025-06-09,5.852999999999999,-7.796069,-8.053174829937591,-6.568223475451764
2025-06-10,6.4095,-7.8549075,-8.137515396644696,-6.595743711442541
2025-06-11,5.856000000000001,-4.6181207,-4.941833706164024,-4.348406604963336
2025-06-12,5.460000000000001,-3.645762,-3.362829672994659,-3.6817646420242
2025-06-13,4.868999999999999,-5.0820184,-5.329912052358283,-4.850844855966032
2025-06-16,5.086499999999999,-3.7867131,-3.5140558400642945,-3.783007742055834
2025-06-17,4.5165,-7.3047156,-6.252210602128047,-6.098718476122133
2025-06-18,3.7364999999999995,-6.620221,-8.0243557725641,-6.310951655194103
2025-04-23,2.271,-6.5090294,-6.360012952508817,-6.153338364859884
2025-04-24,2.2289999999999996,-5.1052847,-5.566976049221118,-5.128515499308685
2025-04-25,2.310000000000001,-5.308828,-5.486595963196173,-4.859270372761959
2025-04-28,1.0139999999999996,-5.0270295,-5.447103191531938,-4.928240024175243
2025-04-29,0.5954999999999998,-5.058216,-5.201027667091985,-4.692496738194981
2025-04-30,0.30300000000000044,-3.6132076,-3.5626197520942906,-3.8280121799276445
2025-05-02,1.1025000000000003,-3.8741777,-5.646567743856435,-4.719118336846717
2025-05-05,1.275,-6.0580587,-5.895303096384172,-5.573890863837842
2025-05-06,0.005999999999999872,-4.4901514,-4.714935216698286,-4.718897500262186
2025-05-07,-0.16799999999999962,-5.9678745,-5.782519192512423,-5.839398268772635
2025-05-08,-0.2835000000000001,-7.2584815,-7.353049952972254,-6.830329424034286
2025-05-09,0.23550000000000004,-6.6394143,-6.765412814476384,-5.948575161257704
2025-05-12,2.714999999999999,-5.3127403,-5.895743527808883,-5.031468571075989
2025-05-13,3.2310000000000008,-5.1197734,-5.83606513124487,-4.879884092159814
2025-05-14,4.135499999999999,-4.127753,-4.633322845470603,-4.264763034030478
2025-05-15,3.2715,-4.586583,-5.168229429994132,-4.684056407275554
2025-05-16,3.6300000000000003,-2.820426,-3.190385894643066,-3.5943015847331035
2025-05-19,3.927000000000001,-3.7292163,-3.8462788407961415,-4.077102931063038
2025-05-20,2.389500000000001,-5.1769404,-5.4719089506649095,-5.357353676337208
2025-05-21,2.421,-2.4174786,-3.2030389416755436,-3.5288509307445297
2025-05-22,2.0175000000000005,-5.000227,-5.324371449705788,-5.044531183256419
2025-05-23,3.2579999999999996,-2.7889676,-3.2910163018826912,-3.39119721305464
2025-05-26,3.340499999999999,-5.923123,-3.8846295292296467,-4.733036890206478
2025-05-27,4.564500000000001,-5.910695,-6.126652095375942,-5.754911454350924
2025-05-28,3.0345000000000004,-5.4747014,-5.691573812727646,-5.239597773189061
2025-05-29,3.502499999999999,-5.6198606,-5.638459553719166,-5.234984806435018
2025-05-30,3.7574999999999994,-5.1936703,-5.437368700030767,-4.800424525289779
2025-06-02,4.331999999999999,-4.8008924,-4.992398284112128,-4.503497828003094
2025-06-03,4.5255,-4.679753,-4.788765417320427,-4.485250210024463
2025-06-04,4.2749999999999995,-4.4562025,-4.794542032952464,-4.451481491882943
2025-06-05,4.2915,-5.2046566,-5.494968342597538,-4.940477281720721
2025-06-06,4.5,-5.375838,-5.6052149180071895,-4.967962459568571
2025-06-09,4.168500000000001,-5.0639863,-5.280474048674322,-4.607058072152175
2025-06-10,3.673499999999999,-5.2324386,-5.413850563155961,-4.864902141219155
2025-06-11,4.0965,-5.1356554,-5.296876622503734,-4.703219092758104
2025-06-12,2.752499999999999,-5.2650437,-5.500828714521733,-5.175562049468647
2025-06-13,4.455,-5.295235,-5.356709809825432,-5.191638077156926
2025-06-16,1.6065,-5.302738,-5.366580658318561,-5.110912036555986
2025-06-17,2.2755,-6.3227096,-6.015495920969775,-5.789229838055344
2025-06-18,1.1324999999999996,-5.77716,-5.45135686812626,-5.342921846749199
2025-04-23,0.6420000000000001,-6.5834365,-6.845979261352296,-6.607049380973905
2025-04-24,0.5804999999999996,-6.8959856,-6.665090676771243,-6.702276703823313
2025-04-25,-1.1235000000000002,-7.0615582,-6.965120556718774,-6.829230697223844
2025-04-28,-0.7829999999999998,-6.731728,-7.474578126368871,-6.885394882207137
2025-04-29,-0.7965000000000003,-6.673767,-7.2132719234581515,-6.760997825440509
2025-04-30,-1.7550000000000003,-2.8072686,-3.818810807938585,-3.9143686542121694
2025-05-02,-2.0789999999999997,-2.8679013,-4.7164843662106835,-4.1722543611110225
2025-05-05,-1.5630000000000002,-3.9060445,-3.946914881734411,-4.250025814520243
2025-05-06,-3.4815,-2.459744,-3.4443196099202145,-3.5163765046763706
2025-05-07,-3.9644999999999997,-2.0727649,-3.1308698428278987,-3.3155849883662216
2025-05-08,-3.8444999999999996,-4.122315,-3.0948010855735526,-3.8621425259858717
2025-05-09,-3.7634999999999996,-3.433788,-3.9594815997390658,-3.918907421624864
2025-05-12,-1.275,-5.9783435,-6.058581005230221,-5.891629944481893
2025-05-13,-0.3300000000000004,-4.1698136,-4.277819031720619,-4.92126607036202
2025-05-14,-0.15300000000000047,-4.5242677,-4.74829638567315,-5.1404510187598325
2025-05-15,0.37950000000000017,-3.8357995,-4.578607979936967,-4.7775835002738924
2025-05-16,0.4050000000000004,-2.6097782,-4.134675142816748,-4.167114796767388
2025-05-19,0.36449999999999994,-4.63385,-5.571889474872652,-5.526197658185147
2025-05-20,-0.30749999999999955,-6.4457245,-6.691125717529875,-6.459778692480043
2025-05-21,-0.34949999999999976,-6.5812283,-5.439772996167339,-6.173213289250301
2025-05-22,-0.32550000000000023,-7.559907,-6.7630229851429,-6.9466621485157605
2025-05-23,0.3059999999999999,-5.2821326,-4.853325624066724,-5.462544538508154
2025-05-26,1.0005000000000002,-7.2932878,-5.823021230882065,-5.995221796630425
2025-05-27,0.7050000000000004,-7.5198836,-7.491429104623043,-6.963960973167114
2025-05-28,1.092,-7.38728,-7.1492574031702185,-6.718722552074073
2025-05-29,1.6139999999999997,-7.6826663,-8.171848567307014,-7.132012818267321
2025-05-30,1.3965000000000003,-7.692896,-8.460413554610204,-7.115985353985849
2025-06-02,1.6875,-6.6487627,-6.691526988930141,-6.013036238264063
2025-06-03,1.5434999999999999,-6.965332,-7.114657754240654,-6.332979582379912
2025-06-04,1.8675000000000004,-7.055883,-7.171410864295265,-6.4269237037692175
2025-06-05,2.4510000000000005,-7.055883,-7.87328164033717,-6.582916760707465
2025-06-06,2.839500000000001,-7.4212866,-8.266101946479184,-6.942735533346445
2025-06-09,2.689500000000001,-7.357069,-7.287984858345524,-6.570668028840163
2025-06-10,2.5845000000000007,-7.3081193,-7.333541624438932,-6.6656966227932335
2025-06-11,3.6614999999999993,-7.1963596,-6.875759350535453,-6.185913487617244
2025-06-12,2.367,-5.2452292,-5.3366926721143555,-5.177793904990694
2025-06-13,1.2690000000000001,-5.464463,-5.408927728307783,-5.423662244728073
2025-06-16,1.7744999999999997,-6.2729177,-6.351894672711706,-5.969605006035669
2025-06-17,1.452,-7.263783,-6.561689814579409,-6.357100737080958
2025-06-18,0.6585000000000001,-5.892106,-5.52320439334579,-5.573866045740916
2025-04-23,-0.1349999999999998,-6.31847,-5.819453229789055,-6.206007330602181
2025-04-24,-0.22049999999999984,-6.8186913,-6.975268299812573,-7.047240666219668
2025-04-25,-1.7145,-7.1386547,-7.192891569764896,-7.062031653275298
2025-04-28,-1.1534999999999995,-7.141636,-7.1814585920421585,-7.228317837600949
2025-04-29,-0.8639999999999997,-7.0835323,-7.107830278334544,-7.09286212913326
2025-04-30,-2.9415,-2.3048759,-3.1086933699157604,-3.4651731179177427
2025-05-02,-1.9784999999999995,-1.817127,-2.8363668816376326,-3.106286440791349
2025-05-05,-1.773,-3.4280238,-3.8234875706781746,-4.110727037114766
2025-05-06,-3.117,-2.1755614,-3.0933247191100173,-3.3175677582786127
2025-05-07,-2.991,-1.7028553,-2.8128371278661204,-2.998235973453058
2025-05-08,-2.6685,-3.5909803,-3.625842135231731,-4.063477086800587
2025-05-09,-1.8614999999999995,-2.9652927,-3.4036776798159147,-3.7128714684583826
2025-05-12,1.0425000000000004,-7.246126,-7.190778996321156,-6.9969533248316145
2025-05-13,1.2255000000000003,-4.332911,-4.680835491610649,-5.022701145584432
2025-05-14,1.1175000000000004,-4.6851106,-5.259099362023679,-5.331266218054053
2025-05-15,2.0130000000000003,-7.073748,-7.209273023611012,-6.794116354339977
2025-05-16,3.0194999999999994,-4.29531,-4.60799902552329,-4.781667689694889
2025-05-19,3.2340000000000004,-5.522579,-5.411885746773684,-5.4735472135670715
2025-05-20,2.43,-6.92275,-7.505555406610153,-6.768593946733933
2025-05-21,2.2994999999999997,-4.74903,-4.802872535860229,-5.224152834657387
2025-05-22,2.0744999999999996,-7.007308,-6.271952603824195,-6.044993851087
2025-05-23,1.4474999999999998,-3.107946,-3.0829552386217904,-3.8179711560910676
2025-05-26,1.9260000000000004,-6.680953,-4.0954505841678355,-5.455517184937614
2025-05-27,1.5809999999999997,-7.0755763,-7.21796545262763,-6.378958179908802
2025-05-28,1.827,-6.183166,-6.354843260645583,-5.74154143071408
2025-05-29,2.2050000000000005,-6.3981075,-6.912488142552485,-6.0585033350954145
2025-05-30,1.5974999999999997,-5.637666,-5.758244835649396,-5.2838095480789224
2025-06-02,1.3005000000000002,-6.422652,-6.474054811146621,-5.870013621391976
2025-06-03,0.7065000000000001,-6.1160245,-6.170500924124356,-5.783796267392061
2025-06-04,0.7905000000000004,-6.2415175,-6.257780039891582,-5.764712213828108
2025-06-05,3.0135000000000005,-6.147541,-6.301199248011,-5.393785989276081
2025-06-06,2.2260000000000004,-6.014483,-6.354010066071824,-5.663253817510207
2025-06-09,1.6409999999999996,-5.3835115,-5.599564553781816,-5.112544009616998
2025-06-10,2.181000000000001,-5.394916,-5.664978162570529,-5.293767724795815
2025-06-11,2.5154999999999994,-5.477188,-5.681380736399941,-5.238077030217483
2025-06-12,0.8340000000000003,-4.9165697,-4.800158855333954,-5.190866860664696
2025-06-13,-0.5639999999999997,-6.334627,-5.969559277083721,-6.2113739508053465
2025-06-16,-0.34949999999999976,-6.108949,-6.337796986799325,-5.988256165875778
2025-06-17,-0.10500000000000043,-6.451543,-6.1990158049060105,-5.982916290785513
2025-06-18,-1.4880000000000002,-6.6111636,-6.042153507905577,-6.211168246713086
2025-04-23,0.852,-7.4169474,-7.138927741614142,-6.855182042213749
2025-04-24,1.2570000000000003,-5.6644616,-5.592200556923857,-5.725551109954664
2025-04-25,-0.05549999999999961,-4.955625,-4.993884736664871,-5.199697012664725
2025-04-28,0.23550000000000004,-5.8396206,-5.655559784747495,-5.787229359718101
2025-04-29,0.41849999999999987,-6.9855146,-6.963994032152037,-6.642145772963331
2025-04-30,-0.5969999999999995,-5.4671535,-5.769420758293145,-5.735212060162604
2025-05-02,-0.40949999999999953,-4.7072463,-5.696442382174551,-5.313216354069001
2025-05-05,-0.16050000000000003,-6.9522514,-6.6634033136295985,-6.457749740901442
2025-05-06,-1.6635000000000004,-4.216462,-4.125664802545865,-4.478791477488047
2025-05-07,-1.6005000000000003,-4.677422,-5.365629673035965,-5.115505889827805
2025-05-08,-1.827,-8.276644,-8.977637133001776,-7.663211632358175
2025-05-09,-1.8554999999999995,-7.3225007,-8.185604592205951,-7.0596496979737084
2025-05-12,0.8639999999999997,-7.177875,-6.97908586190387,-6.627805966026366
2025-05-13,1.7684999999999997,-5.2874575,-4.688980934093964,-5.217239201162881
2025-05-14,1.8315000000000001,-5.426134,-5.309354629937987,-5.385532555419028
2025-05-15,1.6530000000000005,-5.8056126,-5.541675180276815,-5.659659110104064
2025-05-16,2.0145,-4.1530814,-3.6432744915431807,-4.403543188160568
2025-05-19,2.8590000000000004,-3.7565558,-3.5513562534029144,-3.971768683498136
2025-05-20,1.4835,-4.7754045,-5.20268662276397,-4.9292461898735285
2025-05-21,1.0889999999999997,-3.5581992,-3.436706811878241,-3.9841689141922676
2025-05-22,0.9179999999999996,-4.7743635,-4.990930961103812,-4.869969158422001
2025-05-23,1.0679999999999996,-2.8519392,-3.1560968439827253,-3.5537525486862274
2025-05-26,1.9244999999999997,-5.863233,-4.229560290938475,-4.976453724450925
2025-05-27,1.6815,-5.8450303,-5.92942530935737,-5.513591072572354
2025-05-28,2.0219999999999994,-5.2268386,-5.433238060686446,-5.131940857725602
2025-05-29,2.2560000000000007,-5.664453,-5.5667836418552135,-5.4346323496134605
2025-05-30,2.4810000000000008,-5.8531227,-5.979933238616891,-5.46104396161998
2025-06-02,2.4449999999999994,-6.007778,-6.121255619445911,-5.537666915590186
2025-06-03,3.673499999999999,-7.1543884,-7.12003629970213,-6.108159939504613
2025-06-04,2.679,-7.163874,-7.438132982560193,-6.4615376424570545
2025-06-05,2.6595000000000004,-7.163874,-6.741859892858524,-6.184695462977157
2025-06-06,3.247500000000001,-6.805569,-6.942078983565527,-6.161653368041881
2025-06-09,3.3329999999999997,-6.6231713,-6.130910500963538,-5.7324240802275215
2025-06-10,3.033,-5.278103,-5.370378781434886,-4.979657764020583
2025-06-11,3.185999999999999,-5.372673,-5.561919936270049,-5.0906905387351
2025-06-12,2.810999999999999,-5.2642193,-5.401353478294261,-5.000201303026477
2025-06-13,1.5389999999999997,-5.6174545,-5.791561726397878,-5.499776133297335
2025-06-16,0.7605000000000001,-5.717392,-5.347484558209999,-5.432873941433204
2025-06-17,0.1860000000000003,-5.6463823,-5.135966771244316,-5.34500277549601
2025-06-18,-0.05100000000000051,-5.1030087,-4.794951884018789,-5.105889058256889
2025-04-23,-0.5505000000000002,-7.8416586,-7.654316063186332,-7.476280472274765
2025-04-24,-0.27150000000000035,-6.619301,-6.723487830445385,-6.690693989550152
2025-04-25,-1.6110000000000002,-4.2758365,-3.9442970023779247,-4.519198178338827
2025-04-28,-1.6949999999999996,-6.7807226,-6.527944288297145,-6.567216022557694
2025-04-29,-1.3034999999999997,-7.383168,-7.375460253180284,-7.060257822689233
2025-04-30,-1.8974999999999997,-6.104966,-6.0362127016849,-6.043254120197378
2025-05-02,-2.055,-5.958641,-6.885478407378438,-6.215924924923517
2025-05-05,-0.9360000000000003,-6.258731,-6.260723818047889,-6.163423688175297
2025-05-06,-2.3445000000000005,-2.4609926,-2.674923656189452,-3.3844496120382503
2025-05-07,-1.7954999999999999,-2.2002208,-2.6585405718522734,-3.296021350667931
2025-05-08,-0.8699999999999996,-3.1270003,-3.909587168219272,-3.9653150558841803
2025-05-09,-1.0094999999999994,-7.5837584,-8.452334257709198,-7.24390392463364
2025-05-12,1.3469999999999995,-7.2496147,-7.0420109697344975,-6.724320317080914
2025-05-13,1.5614999999999994,-6.431679,-6.455392464465139,-6.423736331854602
2025-05-14,1.9874999999999998,-6.7978477,-7.12694616085205,-6.705324628069093
2025-05-15,1.6349999999999998,-7.4201064,-7.360527214152103,-6.93983799854581
2025-05-16,1.5675000000000003,-4.7960215,-4.718092044612099,-5.106360638711327
2025-05-19,1.6170000000000002,-5.6730986,-4.946720185057691,-5.327224101776046
2025-05-20,1.8599999999999997,-5.152805,-5.3129421722823045,-5.121628354568554
2025-05-21,1.5434999999999999,-3.83434,-3.77709994384802,-4.244651003003622
2025-05-22,1.9244999999999997,-5.4999037,-5.351215095712607,-5.231132605235653
2025-05-23,2.0340000000000003,-3.8304868,-4.018378958892127,-4.251341470672294
2025-05-26,2.7135000000000002,-6.3977084,-3.9409404342319645,-5.042482732407563
2025-05-27,2.7045,-6.491098,-6.536834738337953,-5.888696023519236
2025-05-28,2.656499999999999,-5.970937,-6.013868163876862,-5.527876913734154
2025-05-29,3.106499999999999,-6.654291,-6.272718744724766,-5.823793482695311
2025-05-30,3.2984999999999993,-6.8305125,-6.303153704991755,-5.832649368041968
2025-06-02,2.785499999999999,-6.237687,-5.976096917035465,-5.585613459355301
2025-06-03,3.0060000000000007,-6.468459,-6.7065375467125445,-5.921667933309407
2025-06-04,2.3415,-6.848024,-6.699601056260574,-6.193834137524669
2025-06-05,2.652000000000001,-6.516337,-6.996594497519226,-6.176705234392817
2025-06-06,2.3505000000000003,-6.7533445,-7.389868580573579,-6.4800879328363
2025-06-09,2.1989999999999994,-5.304418,-5.583120899770923,-5.215801382780417
2025-06-10,1.8449999999999995,-5.0858927,-5.0623259556368305,-5.057173087635777
2025-06-11,2.7015000000000007,-5.3238683,-5.65323333692164,-5.152560961369741
2025-06-12,1.4744999999999997,-4.9547844,-4.940542430291025,-5.083783762055014
2025-06-13,0.5670000000000002,-5.907922,-5.962258002126129,-5.830781967819665
2025-06-16,0.34200000000000014,-5.1719003,-5.016344510014239,-5.277147078785522
2025-06-17,-0.6570000000000004,-6.9158874,-6.33520646983464,-6.323752422433655
2025-06-18,0.3510000000000005,-4.833261,-4.470368975154856,-4.672666218934151
2025-04-23,1.4505000000000001,-6.020096,-6.099264402570965,-5.988702780979246
2025-04-24,0.9795000000000001,-5.63731,-6.091987693133661,-5.841890073091655
2025-04-25,0.09299999999999961,-4.7696013,-4.796601346456741,-4.934515741702054
2025-04-28,0.47550000000000026,-5.423601,-5.0871576164669445,-5.21330694516276
2025-04-29,1.1534999999999995,-5.4240794,-4.934525774872788,-5.120418179458075
2025-04-30,-0.23400000000000032,-3.3996782,-3.4707048400914755,-3.7379096927441546
2025-05-02,0.05100000000000051,-4.4156113,-6.290230251832766,-5.132151136987707
2025-05-05,0.3059999999999999,-6.2172866,-5.929879178760653,-5.863993457064938
2025-05-06,-0.2775000000000002,-4.019385,-4.354982691394114,-4.450943325259703
2025-05-07,-0.5385000000000005,-4.007823,-3.9187630978099444,-4.2439539273652125
2025-05-08,-0.5070000000000003,-6.5543547,-6.595813907637353,-6.01535083436667
2025-05-09,-0.22350000000000028,-7.281925,-8.172658961114214,-6.965741112142437
2025-05-12,1.8735000000000002,-7.4364023,-7.006179523156027,-6.591088039830179
2025-05-13,2.5380000000000003,-6.101589,-6.214586826339242,-5.950166868764132
2025-05-14,2.7465,-5.7588043,-5.727713329579709,-5.754290044602833
2025-05-15,3.0375,-6.128743,-6.459857932629015,-5.86245843808498
2025-05-16,2.8515000000000006,-4.720845,-4.4814999982552814,-4.79290589911069
2025-05-19,1.7894999999999999,-5.665795,-5.5000864249564385,-5.538306139797605
2025-05-20,0.8219999999999995,-4.6488237,-4.648616899308915,-4.898090859694429
2025-05-21,1.4025,-3.0875916,-3.0200344846447362,-3.6576392934756257
2025-05-22,1.1954999999999998,-5.604189,-5.179060847959621,-5.365257110293448
2025-05-23,2.6685000000000008,-3.9161603,-4.089967322767006,-4.056649580062804
2025-05-26,1.902,-6.331455,-4.468630379703181,-5.333990673451854
2025-05-27,1.4235000000000002,-6.397676,-6.550722082615884,-6.050254263198655
2025-05-28,1.3664999999999998,-5.9751606,-6.034732838738737,-5.657399920409979
2025-05-29,1.4880000000000002,-6.8596525,-7.079194841401101,-6.390927993139265
2025-05-30,2.656499999999999,-5.7346296,-5.607394787429169,-5.208391817319145
2025-06-02,1.6199999999999994,-5.51087,-5.484723579474752,-5.259433904656073
2025-06-03,4.233,-5.5015264,-5.4220870052483265,-4.99401683126468
2025-06-04,2.6444999999999994,-6.3972507,-6.400098775760635,-5.8464460523776065
2025-06-05,3.2039999999999997,-6.609131,-6.068451135888949,-5.681651419632768
2025-06-06,2.768999999999999,-6.7984786,-6.2735387461803125,-5.901552881188559
2025-06-09,2.706000000000001,-5.6269054,-5.415014727418984,-5.1665858714584205
2025-06-10,3.792,-5.5746865,-5.27629767697208,-5.10223714447793
2025-06-11,3.4484999999999992,-5.3595843,-5.36896918100937,-4.971449480123614
2025-06-12,0.5969999999999995,-4.6295137,-4.439477871661685,-4.995988117319055
2025-06-13,0.2864999999999995,-4.96628,-4.903036956161043,-5.229008636122112
2025-06-16,0.5010000000000004,-5.885831,-5.9384870271021715,-5.920965124301882
2025-06-17,2.543999999999999,-6.0056076,-5.423747461758222,-5.563317618711309
2025-06-18,1.3320000000000003,-5.3552055,-4.925012392175017,-5.01942928281225
2025-04-23,0.22199999999999953,-6.6766386,-6.476838236615982,-6.35287376869307
2025-04-24,0.32399999999999946,-7.0136085,-7.059110646191747,-6.686529456821384
2025-04-25,-0.05549999999999961,-7.2816296,-6.946764839166272,-6.769210877866511
2025-04-28,0.10500000000000043,-7.378457,-7.039867204800401,-6.753867775899817
2025-04-29,0.057000000000000384,-7.7111235,-7.022716281663488,-6.84184779209471
2025-04-30,-0.3360000000000003,-5.1638193,-5.339891708731496,-5.288064412028851
2025-05-02,-1.0110000000000003,-3.7372859,-5.630191354664925,-4.8885516751134155
2025-05-05,-0.5099999999999998,-6.084633,-5.8747378300563,-5.9583892076965705
2025-05-06,-1.7909999999999997,-3.5789518,-3.8453239542925735,-4.292360676649033
2025-05-07,-1.0679999999999996,-4.718751,-4.7190126668901815,-5.003071837194932
2025-05-08,-1.2405000000000004,-6.473546,-6.6120353846211435,-6.198298565456186
2025-05-09,-1.8554999999999995,-7.8965178,-8.292492904322907,-7.325943465957305
2025-05-12,0.5099999999999998,-6.822717,-6.658990787086187,-6.449013538393045
2025-05-13,0.8400000000000002,-4.866458,-5.921050143370326,-5.519674988379002
2025-05-14,-0.6074999999999996,-7.3391814,-7.3748215707851985,-7.174639425127773
2025-05-15,-0.2550000000000004,-7.41686,-7.467789864008756,-7.276033007775034
2025-05-16,0.1335000000000001,-6.3972554,-6.6547574817195025,-6.654378730935351
2025-05-19,1.221,-5.5452237,-5.602456175985818,-5.668131961307281
2025-05-20,-0.0735000000000003,-6.717572,-6.962452747801623,-6.5384077423944795
2025-05-21,-0.5085000000000001,-6.153171,-6.404390926594666,-6.291874202812737
2025-05-22,-0.7244999999999997,-6.9944158,-6.96893659064583,-6.408484598579256
2025-05-23,0.1724999999999998,-4.8421073,-5.148280297375943,-5.070304919212247
2025-05-26,-0.47849999999999965,-6.7352705,-5.18112611690815,-5.942793697445142
2025-05-27,-0.3510000000000005,-7.691895,-7.405688550413157,-7.201931116154688
2025-05-28,-0.7875,-6.8198047,-6.627774041519534,-6.5382150649364705
2025-05-29,-0.4664999999999999,-7.3927727,-7.163754109044847,-6.982275423397937
2025-05-30,-0.4289999999999999,-7.093558,-6.88520457245394,-6.722909331909358
2025-06-02,-0.8849999999999998,-6.9670963,-6.878415036637109,-6.7462663586779525
2025-06-03,-1.0215000000000003,-8.134733,-8.015532307002516,-7.53147744256298
2025-06-04,-0.5985000000000003,-6.3805194,-6.34906285978577,-6.0845851995734845
2025-06-05,-0.3914999999999999,-7.694084,-7.457978098485068,-7.25128435265969
2025-06-06,-0.5594999999999996,-7.5942245,-7.04735481642155,-7.110969202593946
2025-06-09,-0.3614999999999995,-6.349383,-6.386139092885357,-6.299040315341294
2025-06-10,-0.8340000000000003,-7.0702057,-6.673940417078261,-6.636875880988526
2025-06-11,0.1739999999999995,-7.0120835,-7.21188785179483,-6.86160969573426
2025-06-12,-1.2239999999999995,-7.1648374,-7.199517883773222,-7.087637843796791
2025-06-13,-2.346,-7.030419,-6.939779660784291,-6.871495499296017
2025-06-16,-2.5349999999999997,-6.2944756,-6.419978783873716,-6.307628021892984
2025-06-17,-2.55,-8.575278,-8.26532387743118,-8.04919168522447
2025-06-18,-2.0145,-5.5550756,-5.380559041400411,-5.611186116162871
2025-04-23,0.7800000000000004,-8.0739355,-7.875858284677607,-7.469055900082244
2025-04-24,0.6914999999999999,-7.2230077,-7.339878217152294,-7.017737601346917
2025-04-25,-0.1800000000000004,-7.136342,-7.163282673192248,-6.820379810370497
2025-04-28,-0.12300000000000004,-6.9672365,-6.776522549818521,-6.667465268154814
2025-04-29,0.16050000000000003,-7.449992,-7.417688259486805,-6.997482188134399
2025-04-30,-0.25349999999999967,-7.0663776,-6.905384764224875,-6.63433635681845
2025-05-02,-0.1724999999999998,-6.530842,-7.524284117543685,-6.593660037887891
2025-05-05,0.0389999999999997,-7.237832,-7.1287800135462005,-6.737127611421851
2025-05-06,-1.1085,-6.1552353,-5.940327041129443,-5.886594010482305
2025-05-07,-1.1624999999999999,-5.59453,-5.623849121520213,-5.629007878922958
2025-05-08,-1.125,-7.387267,-7.570010897205944,-6.873907810188666
2025-05-09,-0.9764999999999997,-8.211742,-8.790040829015748,-7.558368072950905
2025-05-12,0.6119999999999998,-8.2155,-7.828090469331167,-7.2524075364388665
2025-05-13,1.1070000000000004,-6.745616,-7.18733152885814,-6.617322123181084
2025-05-14,1.3889999999999996,-6.776985,-7.27518897982812,-6.645056781105927
2025-05-15,1.3574999999999995,-6.921863,-6.977210128833409,-6.597272810608876
2025-05-16,1.5405000000000004,-5.836065,-5.859249962500825,-5.875718148791698
2025-05-19,1.7130000000000003,-5.785375,-5.674860144932893,-5.669015004349633
2025-05-20,1.2735000000000003,-6.1950254,-6.356838185474465,-6.001356614979914
2025-05-21,1.2989999999999995,-5.451698,-5.486960066421959,-5.449420674151738
2025-05-22,1.0889999999999997,-6.4487348,-6.528490216671751,-6.100856502400617
2025-05-23,1.1849999999999998,-5.451698,-5.383918482711,-5.380588614175901
2025-05-26,1.6934999999999998,-7.1765027,-5.486960066421959,-5.957847742840613
2025-05-27,1.8329999999999997,-6.968896,-7.051456791132843,-6.320615202825583
2025-05-28,1.7985000000000002,-6.4487348,-6.528490216671751,-5.9596022542120055
2025-05-29,2.0175000000000005,-6.525154,-6.649787882465536,-6.005490747166469
2025-05-30,1.8735000000000002,-6.321951,-6.4458390121057985,-5.894381274010395
2025-06-02,1.6125,-6.244737,-6.3293383142012996,-5.860428963737409
2025-06-03,1.7010000000000005,-6.501381,-6.642900530690415,-6.08451537938292
2025-06-04,1.7219999999999995,-6.7824817,-7.1180756037216915,-6.335509677257082
2025-06-05,1.9590000000000003,-6.922037,-7.1180756037216915,-6.401115646203327
2025-06-06,2.260499999999999,-7.376379,-6.949947706710155,-6.43935011071067
2025-06-09,2.196,-6.058859,-6.17099401299916,-5.7035718002666105
2025-06-10,2.1734999999999993,-6.209692,-6.373507315839086,-5.818087022266791
2025-06-11,2.2215000000000003,-6.1332726,-6.29410968171863,-5.76107883380589
2025-06-12,1.5300000000000005,-5.8066225,-5.915000834918659,-5.577949917114931
2025-06-13,0.7275000000000001,-5.587703,-5.52708810000045,-5.50130394474383
2025-06-16,0.9090000000000003,-5.640975,-5.52708810000045,-5.437879366086209
2025-06-17,0.5039999999999999,-7.7010794,-7.245441135199746,-6.744573416946197
2025-06-18,0.14549999999999982,-6.5121403,-6.618591417595182,-6.193926423109122
2025-04-23,-0.6150000000000002,-7.5061336,-7.600947069470233,-7.295473169621206
2025-04-24,-0.36449999999999994,-6.71135,-6.944433511133949,-6.721261722361625
2025-04-25,-1.965,-5.729079,-5.39837772719915,-5.486013089709941
2025-04-28,-1.6815,-6.4085584,-6.206873254412445,-6.2632684349694285
2025-04-29,-2.7495,-6.249961,-5.9119733252304565,-6.026061954095691
2025-04-30,-2.661,-5.731111,-5.9285843900733095,-5.773465898677273
2025-05-02,-2.5185,-5.724113,-6.728269901112051,-5.977228182441487
2025-05-05,-1.2300000000000004,-6.1307425,-6.051121578691446,-6.00089851526177
2025-05-06,-2.2889999999999997,-4.9837527,-5.1857628547468355,-5.17543119026721
2025-05-07,-1.9949999999999994,-5.7343097,-5.802763988636256,-5.822242627742497
2025-05-08,-2.7885,-8.813231,-9.146970752321824,-7.853603634987454
2025-05-09,-2.2199999999999993,-8.571582,-9.348949258203417,-7.821606830915127
2025-05-12,-0.9434999999999998,-6.9438066,-6.554348000090379,-6.229859387730894
2025-05-13,-0.47249999999999975,-6.056593,-6.004232606637326,-5.802718513316308
2025-05-14,-0.1485000000000003,-6.170257,-6.0529111854479085,-5.951770350517499
2025-05-15,0.3150000000000002,-6.3734603,-6.256860055807647,-6.135080549869374
2025-05-16,0.40349999999999964,-5.246081,-5.3033676343878975,-5.519798741533997
2025-05-19,2.1060000000000008,-5.6180563,-5.496242082345006,-5.8878427435122145
2025-05-20,-0.40349999999999964,-7.1904306,-7.250069428296335,-7.017723109376745
2025-05-21,-0.49499999999999955,-5.861395,-5.995452543922528,-6.080061903806195
2025-05-22,-0.5340000000000004,-6.6132636,-6.51831798049311,-6.506678362878963
2025-05-23,-0.14400000000000013,-6.1926594,-6.371876201414154,-6.381157861056799
2025-05-26,-0.3554999999999996,-6.697339,-4.976846480506226,-6.187042035431986
2025-05-27,-0.7304999999999996,-7.947344,-8.045760997484962,-7.516447902088793
2025-05-28,0.9704999999999998,-7.0054016,-6.9648054273623385,-6.585773127863005
2025-05-29,0.5264999999999996,-8.014582,-8.714121215133021,-7.640604103161767
2025-05-30,0.39450000000000035,-6.555847,-6.739453715989103,-6.326685969033226
2025-06-02,-0.17550000000000024,-6.675447,-6.763280680969598,-6.382902749067228
2025-06-03,-0.4815000000000001,-7.231139,-7.302182035006654,-6.942207813479131
2025-06-04,0.525,-6.86198,-6.819068298041733,-6.384290476594455
2025-06-05,0.16950000000000037,-7.213269,-7.07347388433629,-6.855630104251245
2025-06-06,0.3525000000000002,-7.3679156,-7.325416084157074,-7.047781190958091
2025-06-09,-0.17849999999999966,-7.295208,-7.249034575340329,-6.956844574815784
2025-06-10,-0.5114999999999995,-8.069873,-8.069494801273258,-7.723168820756707
2025-06-11,-0.6284999999999996,-7.741973,-7.651734718141718,-7.580583871102424
2025-06-12,-1.7655000000000005,-6.750778,-6.621310835824917,-6.678284437337199
2025-06-13,-1.6304999999999996,-6.928355,-6.866384955190881,-6.634885325775033
2025-06-16,-2.2139999999999995,-6.8717227,-7.0590409513559615,-6.855382339027293
2025-06-17,-1.3170000000000002,-7.5143976,-7.061557611669877,-6.7341690291607685
2025-06-18,-1.1880000000000002,-6.866296,-6.710167004202024,-6.2770974271699265
2025-04-23,4.8374999999999995,-6.987441,-6.674576937491298,-5.919870692280632
2025-04-24,3.8279999999999994,-6.7589536,-6.529844800937858,-6.036828615940255
2025-04-25,1.623,-5.334192,-5.190130904933182,-5.072280283641996
2025-04-28,3.151500000000001,-5.023644,-5.021001053542626,-4.789964740814291
2025-04-29,2.464500000000001,-6.4267945,-6.6546535030505,-6.02715655271652
2025-04-30,1.8224999999999998,-5.4872165,-5.718934089578638,-5.326066507600558
2025-05-02,1.9124999999999999,-4.4646945,-5.711455289103493,-4.994001470640977
2025-05-05,2.2784999999999997,-5.672713,-5.261907018266226,-5.411702350095496
2025-05-06,-0.6179999999999995,-3.6644275,-3.4420290159822438,-4.127923911378779
2025-05-07,1.9889999999999997,-0.3383595,-0.5214716823194889,-1.393675104079724
2025-05-08,0.42300000000000004,-6.8989496,-7.843788897701266,-6.63659911208391
2025-05-09,1.1655000000000004,-10.58629,-11.430212022031084,-9.167104069472046
2025-05-12,4.8705,-6.1257315,-5.912046089284378,-5.3729677504116
2025-05-13,5.577000000000001,-7.5013304,-6.92835872336227,-6.150899678444461
2025-05-14,4.212,-5.7395096,-5.490455560062083,-5.389014876664372
2025-05-15,3.7095000000000002,-6.8175745,-5.8563989995493175,-5.880198956220869
2025-05-16,4.223999999999999,-4.4159284,-3.871062846857136,-4.2766059167207615
2025-05-19,4.191,-3.4412603,-3.1410587456074706,-3.655272734897234
2025-05-20,4.317,-4.3430696,-4.371120963616858,-4.224146861226098
2025-05-21,3.122999999999999,-2.264805,-3.253967583092647,-3.1236171802584645
2025-05-22,3.4244999999999997,-3.929661,-4.052547021247119,-3.9658158925391427
2025-05-23,5.85,-2.2342768,-1.840657402932063,-2.535967641177791
2025-05-26,4.6739999999999995,-5.159002,-2.2942481726800925,-4.021411306588936
2025-05-27,4.425,-5.3675585,-5.5883297728429255,-5.3020446551516764
2025-05-28,4.845,-3.765214,-3.341718724641954,-3.907428419716225
2025-05-29,4.810499999999998,-4.151883,-3.770049018144796,-4.165764651884032
2025-05-30,4.4745,-4.0852447,-3.185908035801081,-3.9041445324288704
2025-06-02,3.4154999999999993,-6.509353,-6.3928160459384715,-6.081523882125807
2025-06-03,3.4890000000000008,-6.46032,-6.302293263615848,-6.093117659190724
2025-06-04,3.6449999999999996,-5.077144,-5.030059872331785,-4.851204602064789
2025-06-05,4.005,-5.837529,-5.783692916715458,-5.471305718333833
2025-06-06,4.4624999999999995,-6.6154065,-6.873166979752781,-6.097240088136256
2025-06-09,3.1545,-5.363365,-5.6399411540527415,-5.234339729054936
2025-06-10,0.9090000000000003,-6.1291795,-6.216606292235136,-5.925015521809243
2025-06-11,1.656,-5.953275,-5.848174061199549,-5.85194364085869
2025-06-12,-0.921,-7.393423,-7.399079272783747,-7.144178848431584
2025-06-13,-1.8465000000000003,-6.3597136,-6.448508292528015,-6.295566159073256
2025-06-16,-1.1820000000000004,-6.802064,-7.054489296292999,-6.555293252834062
2025-06-17,-0.3389999999999997,-7.158952,-6.959550623724171,-6.519557227901235
2025-06-18,-0.4679999999999996,-6.2685065,-6.209409287936238,-5.756269701561684
2025-04-23,4.1579999999999995,-7.0603504,-6.5662637336213265,-6.192132812600026
2025-04-24,3.9975000000000005,-7.1413474,-6.975966793184983,-6.321970342757965
2025-04-25,3.7845000000000004,-4.822515,-4.730493256717236,-4.625504579539125
2025-04-28,4.5,-5.493501,-4.843760043078029,-4.813342418570137
2025-04-29,4.260000000000001,-6.3819356,-6.583939161738327,-5.807328580369237
2025-04-30,3.8415,-5.382845,-5.314446069170477,-5.035316907927065
2025-05-02,2.6324999999999994,-4.093565,-6.163935222728885,-4.877204477783008
2025-05-05,2.706000000000001,-7.374842,-6.938002834099441,-6.361540739479419
2025-05-06,1.2165,-2.3102026,-2.6079832133603977,-3.0969419416428496
2025-05-07,1.1925000000000003,-3.4537156,-3.029601087403623,-3.673036689573618
2025-05-08,1.2329999999999999,-7.447058,-7.872690632781226,-6.654341741592774
2025-05-09,1.8195000000000003,-8.838504,-9.730281705232018,-7.8440689564693535
2025-05-12,3.0555000000000008,-7.1535077,-6.494720985715991,-6.0410319977929525
2025-05-13,3.1845000000000003,-5.604545,-5.397815480852882,-5.2626889417436225
2025-05-14,3.3539999999999996,-5.7668896,-5.094912925492801,-5.37927557494321
2025-05-15,2.9955,-6.9796133,-6.346452094578566,-6.278430359201966
2025-05-16,2.5515000000000008,-5.2981367,-5.394987872063543,-5.330963858504167
2025-05-19,4.1145000000000005,-6.6131206,-5.695815893229791,-5.641525153740623
2025-05-20,2.789999999999999,-5.581945,-5.9408052121084065,-5.392506905678926
2025-05-21,2.5635000000000003,-4.7518024,-4.912643797886389,-4.822930890145422
2025-05-22,2.123999999999999,-5.961179,-6.0915121356388715,-5.712077970866066
2025-05-23,4.3545,-5.0702024,-5.287175161598278,-4.924608650104948
2025-05-26,3.7319999999999993,-6.976087,-5.295408655639931,-5.609257266400752
2025-05-27,3.0869999999999997,-6.9623966,-6.844584535151031,-6.443308065008395
2025-05-28,2.5335,-6.565475,-6.5408474682130775,-6.057755947566699
2025-05-29,2.6295,-6.461072,-6.386808092663432,-6.121290058089044
2025-05-30,4.395,-5.437513,-5.59199085512814,-5.127516052064222
2025-06-02,3.0029999999999992,-5.9133487,-5.884287178496041,-5.64497278473957
2025-06-03,3.9869999999999997,-5.148498,-5.2293772719282146,-4.921335902485611
2025-06-04,3.9510000000000005,-5.090915,-5.205487544396876,-4.991315102126113
2025-06-05,2.8199999999999994,-6.6374726,-6.599016603148011,-6.188399213282317
2025-06-06,3.0074999999999994,-6.4899397,-6.380587822462357,-5.97170036545865
2025-06-09,2.2409999999999997,-6.200633,-6.023590680622477,-5.806385508989394
2025-06-10,3.0029999999999992,-5.373088,-5.456905517676886,-5.1600596162574295
2025-06-11,2.4255,-5.7668724,-5.721635485596193,-5.530841723671326
2025-06-12,1.3275000000000001,-6.025478,-6.021487445062441,-5.953061011226781
2025-06-13,1.5915,-5.2190146,-5.413530893121967,-5.278592256814306
2025-06-16,0.5519999999999999,-6.019939,-5.919188566396078,-5.922491700339586
2025-06-17,0.3885000000000005,-6.6816773,-6.529587060267006,-6.37761259570577
2025-06-18,1.1624999999999999,-5.7203727,-5.341517924646609,-5.439444254009538
2025-04-23,2.8034999999999997,-8.33475,-9.168883965044966,-7.935433039652052
2025-04-24,2.5875,-7.2669034,-7.962527829976693,-7.137020414381082
2025-04-25,1.1760000000000004,-5.341731,-5.012434764529295,-5.534230562965435
2025-04-28,1.4429999999999996,-7.698735,-7.534070078957409,-7.193784114167268
2025-04-29,1.8494999999999997,-7.0346427,-7.447036292740814,-6.740216302543959
2025-04-30,1.6155000000000004,-7.7349515,-7.485970977743861,-6.941201256354757
2025-05-02,1.5945000000000003,-5.6182775,-6.8922616813347775,-5.884724934884862
2025-05-05,2.0744999999999996,-6.3074636,-5.888378929739329,-5.732276084876275
2025-05-06,1.281,-4.3211303,-4.387026918242863,-4.424623042180061
2025-05-07,1.6050000000000004,-4.512908,-4.4834536557616325,-4.55396776082517
2025-05-08,1.1355,-7.749066,-8.105673331919276,-6.786842723410179
2025-05-09,1.3514999999999997,-8.666054,-8.704320217588482,-7.4732369629976
2025-05-12,3.631499999999999,-7.0712576,-6.8018551698811285,-6.094322767513521
2025-05-13,3.4725000000000006,-6.3416824,-6.402608964954419,-5.791138587476636
2025-05-14,4.223999999999999,-6.1517596,-5.651286015861618,-5.337759739966755
2025-05-15,4.572,-6.499475,-5.589746342346526,-5.374141325884048
2025-05-16,4.425,-4.806925,-3.9464762053425324,-4.443880010022179
2025-05-19,4.0755,-3.923364,-3.958775060167626,-4.116118101159342
2025-05-20,3.8055000000000003,-4.611698,-4.8387558136988,-4.6137198507324015
2025-05-21,3.631499999999999,-3.7937589,-3.690633004874405,-3.9633194724715395
2025-05-22,3.6959999999999997,-5.403862,-4.6706080723712935,-4.8807842687684735
2025-05-23,3.7590000000000003,-3.9463925,-3.5657293057055157,-4.01810855257782
2025-05-26,5.107499999999999,-5.491522,-3.600380475571337,-4.294328573520546
2025-05-27,5.0505,-5.4939594,-5.348688531247074,-4.709218448235991
2025-05-28,4.510499999999999,-5.079631,-5.01905297863113,-4.718080774236019
2025-05-29,4.3995,-6.5641627,-6.569229805794498,-5.814083899990663
2025-05-30,4.706999999999999,-6.518901,-6.548700969927624,-5.681135046361438
2025-06-02,3.3899999999999992,-6.506509,-6.602919696891812,-6.065342138920493
2025-06-03,5.895,-6.5342393,-6.527459480238572,-5.755347187074585
2025-06-04,4.2165,-6.5720515,-5.8590153109282,-5.7486725224493425
2025-06-05,4.2465,-6.5855947,-5.8590153109282,-5.752144606805734
2025-06-06,3.865499999999999,-6.5334215,-5.8657952520180165,-5.813822932807464
2025-06-09,3.8475000000000006,-5.2256694,-5.623514494688785,-5.188127230921811
2025-06-10,3.5595000000000003,-5.962931,-5.452674638262905,-5.539679974593375
2025-06-11,3.6720000000000006,-5.14925,-5.643033256237801,-5.162486572130955
2025-06-12,3.0180000000000007,-5.9237256,-5.460216274202837,-5.436945957119448
2025-06-13,2.2994999999999997,-5.755448,-5.4831408437323725,-5.472441027470621
2025-06-16,2.052,-5.43936,-5.404268518714816,-5.376233502738537
2025-06-17,2.427000000000001,-6.285004,-6.3151925514998295,-5.85145753815681
2025-06-18,1.7985000000000002,-6.0516677,-5.796187637234916,-5.742704608454853
2025-04-23,1.9769999999999999,-7.362458,-7.527973580771796,-6.993910701338283
2025-04-24,1.0875,-6.9175477,-7.077074519555469,-6.885540944639854
2025-04-25,0.6840000000000003,-6.5320725,-6.443034560593533,-6.120731850624827
2025-04-28,0.3059999999999999,-6.1222787,-5.869021669263091,-6.004250820069074
2025-04-29,0.4934999999999998,-6.4556103,-6.272382116756924,-6.2205119033898
2025-04-30,-0.9014999999999996,-3.8480468,-3.512770096211588,-4.2858288259954165
2025-05-02,-0.22350000000000028,-4.147715,-5.771141779204889,-5.144644045922203
2025-05-05,0.27449999999999974,-6.557729,-6.317601017666384,-6.263184519775062
2025-05-06,-0.9704999999999998,-4.868622,-4.829852637283771,-5.144517494641602
2025-05-07,-0.825,-5.200125,-5.244210391954784,-5.465145396310416
2025-05-08,-0.6210000000000001,-7.065546,-7.317102390241246,-6.775166184499275
2025-05-09,-0.34800000000000003,-7.888951,-8.354672347228194,-7.283634756257845
2025-05-12,1.5315,-7.105809,-6.649297010553962,-6.302051978854634
2025-05-13,2.5395000000000008,-5.731867,-5.4648640248119955,-5.223958884426845
2025-05-14,1.6905000000000003,-5.486856,-5.437381034289356,-5.286957481022141
2025-05-15,1.5255000000000003,-5.583924,-5.909926284349043,-5.584926778303298
2025-05-16,2.3970000000000007,-3.6998856,-4.06356497468677,-4.184878355285248
2025-05-19,1.8059999999999998,-5.698824,-4.769083311216085,-5.328842855181593
2025-05-20,1.3260000000000005,-4.501144,-4.875162192455139,-4.968986015540376
2025-05-21,2.906999999999999,-3.299374,-3.2760674035027795,-4.0366508994432175
2025-05-22,2.6654999999999993,-5.8039823,-5.9823218814053565,-5.730976785312836
2025-05-23,3.469499999999999,-3.189959,-3.125683705084998,-3.7807170056629875
2025-05-26,3.3585,-6.847715,-4.004806177936627,-5.48120008915216
2025-05-27,3.1755,-7.349473,-7.356944817179776,-6.746779921470537
2025-05-28,3.865499999999999,-7.5423274,-7.283672042585376,-6.694106509783413
2025-05-29,3.6135,-8.008472,-8.04382585647638,-7.1991776909889955
2025-05-30,3.5505,-7.2444897,-7.084520140114925,-6.591651782758738
2025-06-02,3.7425,-7.977489,-7.893212246690216,-7.024323221579733
2025-06-03,3.331499999999999,-7.4915843,-7.294286388736932,-6.804650966187851
2025-06-04,3.493500000000001,-7.9350333,-7.826053384154198,-7.088749019028146
2025-06-05,4.0409999999999995,-7.8900824,-7.751839350599382,-7.0369863048160815
2025-06-06,4.683,-7.4218254,-7.3420274083629256,-6.616836462563465
2025-06-09,4.809,-7.3970876,-7.548352834600585,-6.6385484851676235
2025-06-10,4.4205,-7.5226116,-7.675902128728974,-6.771059842931902
2025-06-11,4.8180000000000005,-7.084281,-7.039963787098585,-6.219271080342622
2025-06-12,2.8034999999999997,-6.182808,-6.152831006902553,-5.809903012144627
2025-06-13,2.2125,-5.267385,-5.105104963912762,-5.019485052052367
2025-06-16,2.527499999999999,-4.3091183,-4.123295372964048,-4.273751391897685
2025-06-17,1.4054999999999995,-5.9440856,-5.3901671867697285,-5.697688999352604
2025-06-18,0.5534999999999997,-5.6979504,-5.388977840000437,-5.679180467810113
2025-04-23,0.4514999999999997,-6.564578,-6.5082894719584194,-6.450638334142645
2025-04-24,1.0469999999999995,-5.636935,-5.827885837834912,-5.840253307027548
2025-04-25,-0.4289999999999999,-5.171903,-5.195832869619608,-5.3604459923506385
2025-04-28,-0.2429999999999996,-6.374504,-6.318587130618727,-6.32638626960723
2025-04-29,-0.8579999999999998,-6.657505,-6.705621123811552,-6.618020698622649
2025-04-30,-3.7874999999999996,-3.8074813,-3.905370172093314,-4.534728573282111
2025-05-02,-3.8625,-2.1912467,-3.9694331682806454,-3.950801021860149
2025-05-05,-2.8905,-5.4192543,-5.626499972994225,-5.654013091054456
2025-05-06,-3.0269999999999997,-2.5423896,-2.8959784234266275,-3.2847284364415774
2025-05-07,-2.523,-3.260708,-3.530413990689734,-3.8492847580143263
2025-05-08,-2.5349999999999997,-7.8680787,-7.261292915529975,-7.125305027413914
2025-05-09,-1.3110000000000002,-4.3892903,-5.310247263018569,-5.206315816044335
2025-05-12,-1.3724999999999998,-8.349509,-7.895199600646945,-7.648525601922682
2025-05-13,-0.1650000000000002,-5.5520887,-5.404475592535261,-6.0546931551890095
2025-05-14,-0.32399999999999946,-6.6885123,-6.860213469500565,-6.85372303666367
2025-05-15,-0.14549999999999982,-6.7741075,-6.921999837399568,-6.937593576491457
2025-05-16,0.7619999999999997,-5.3378544,-5.325442001761122,-5.797583658343576
2025-05-19,0.9510000000000005,-5.7694554,-5.461750531904139,-5.843876298198278
2025-05-20,0.1275000000000002,-6.502619,-6.568867280230016,-6.489164392994357
2025-05-21,1.1775000000000002,-3.4648802,-3.515168272333197,-3.937017439336466
2025-05-22,1.2494999999999996,-5.2171664,-5.073075207463947,-5.013379817654625
2025-05-23,1.2434999999999998,-3.8164613,-3.7064992107474466,-4.088627264872607
2025-05-26,2.577000000000001,-6.489319,-5.068872668834637,-5.191534645137366
2025-05-27,1.7775,-6.48134,-6.614478710099964,-6.0714329225802075
2025-05-28,1.0724999999999998,-5.7611246,-5.823791053678807,-5.50231402757414
2025-05-29,1.1684999999999999,-6.867593,-6.560416392756208,-6.297759878468488
2025-05-30,2.313,-6.7389193,-6.431598812631529,-6.044116354590971
2025-06-02,1.6920000000000002,-6.836786,-6.459232284156812,-6.206283246637875
2025-06-03,1.992,-6.546789,-6.3543478948243814,-6.045140955441514
2025-06-04,2.3640000000000008,-6.4466825,-6.341929589837606,-7.652678104759643
2025-06-05,1.1039999999999999,-6.84962,-6.4783963138938025,-6.3200602345543455
2025-06-06,0.9525000000000001,-6.5765285,-6.608703408048399,-6.394463919482158
2025-06-09,0.7050000000000004,-7.1379294,-7.077636132143081,-6.790891137591693
2025-06-10,0.75,-7.1379294,-7.077636132143081,-6.798521115474365
2025-06-11,1.7925000000000004,-6.8466406,-6.504284934323382,-6.139856505570861
2025-06-12,0.6554999999999996,-6.644576,-6.327966342271634,-6.167927676804517
2025-06-13,0.7005000000000002,-6.450672,-6.510248896951183,-6.061850725619122
2025-06-16,-0.1739999999999995,-7.3669057,-7.597330066068277,-7.268721895523985
2025-06-17,-0.2789999999999999,-8.635405,-8.41342943180242,-7.895412269234173
2025-06-18,0.5145,-6.1199327,-5.952153689057924,-5.955590041406576
2025-04-23,2.0489999999999995,-5.804274,-5.963934570429746,-5.765100916128992
2025-04-24,2.776500000000001,-4.8804345,-5.172249624751618,-4.843713111834017
2025-04-25,2.0114999999999994,-5.5101166,-5.49074640712834,-5.339847709163795
2025-04-28,1.323,-5.7154126,-5.769954472555001,-5.524816086848349
2025-04-29,1.0380000000000003,-6.4646845,-6.554620818675319,-6.241502767895788
2025-04-30,0.6465000000000003,-5.079375,-5.24519585393562,-5.167700294829167
2025-05-02,0.44549999999999984,-5.669653,-7.222269931796942,-6.187821965324257
2025-05-05,0.5519999999999999,-5.836155,-5.865386487114397,-5.673905625744405
2025-05-06,0.39450000000000035,-3.9004037,-4.214288266993889,-4.378159300538415
2025-05-07,-0.22049999999999984,-5.0544367,-5.192795588947695,-5.40015484209656
2025-05-08,-0.7590000000000003,-8.71888,-9.111196211298155,-7.98756116975834
2025-05-09,-0.4679999999999996,-8.459305,-9.06186206827017,-7.789593642390938
2025-05-12,1.275,-7.0139546,-6.919255471445249,-6.467828735386528
2025-05-13,1.4175000000000004,-6.263438,-6.130904812607921,-5.926879331328633
2025-05-14,1.5809999999999997,-5.818966,-5.969924121866198,-5.670805543182229
2025-05-15,1.548,-6.217898,-5.95339641497839,-5.824553294869805
2025-05-16,0.9644999999999999,-4.7101808,-4.854348820384081,-5.099326423347075
2025-05-19,0.5925000000000004,-5.09376,-4.971474230172442,-5.133738784017355
2025-05-20,0.32100000000000006,-5.7540717,-5.990258243535777,-5.866772852528275
2025-05-21,0.4079999999999998,-4.198666,-4.419587601090039,-4.799627701335662
2025-05-22,0.4380000000000002,-5.9606237,-5.856607083033739,-5.767964993545945
2025-05-23,0.9824999999999995,-3.8052838,-4.13676292278439,-4.357786719115847
2025-05-26,1.3215000000000003,-5.9550695,-4.10551372196618,-5.0191577652216575
2025-05-27,1.0664999999999998,-5.923123,-6.138933702072319,-5.635581578626898
2025-05-28,0.3465000000000003,-6.4244366,-6.581503136629593,-6.234639780027108
2025-05-29,0.09749999999999978,-6.4907703,-6.519019440830599,-6.306812660967738
2025-05-30,0.4155000000000005,-6.116875,-6.081653728873142,-5.967636612094405
2025-06-02,0.45599999999999985,-5.637666,-5.662634940654761,-5.5361654716954565
2025-06-03,0.40199999999999997,-6.0150933,-6.0706503101901514,-5.837953953513761
2025-06-04,-0.07199999999999952,-6.4513817,-6.528815970204865,-6.1924775865784145
2025-06-05,0.24899999999999947,-6.5371656,-6.544164793626235,-6.359894583781301
2025-06-06,0.8639999999999997,-5.917357,-6.047998550895723,-5.765489557545103
2025-06-09,0.9974999999999997,-6.0115614,-6.1460817745818,-5.810174382272307
2025-06-10,1.2405000000000004,-5.8222136,-5.940994164290436,-5.623400847273209
2025-06-11,0.8954999999999999,-6.0310116,-6.158303258114959,-5.9223420345132585
2025-06-12,1.0034999999999996,-5.478655,-5.710750030683355,-5.423575999346027
2025-06-13,1.1594999999999995,-5.478655,-5.710750030683355,-5.432258208581216
2025-06-16,1.7085000000000001,-5.7597556,-5.917486020301088,-5.564012187656611
2025-06-17,0.8639999999999997,-6.9233246,-6.5780892699316516,-6.247607621681048
2025-06-18,0.7889999999999997,-6.124204,-5.959278299482429,-5.705955330588288
2025-04-23,0.7530000000000004,-6.482593,-6.601060994920808,-6.494420036610348
2025-04-24,0.43949999999999995,-6.3977103,-6.5216633608003525,-6.478694167998694
2025-04-25,-1.4025,-6.0220065,-5.921967129752602,-6.129762182699176
2025-04-28,-1.5030000000000003,-6.126359,-5.946133794768992,-6.150366534956028
2025-04-29,-1.3530000000000004,-6.6921167,-6.306537486105038,-6.493313082641913
2025-04-30,-1.8630000000000002,-4.7796855,-4.71810458316433,-5.12189005814608
2025-05-02,-1.6949999999999996,-4.2206497,-5.424629803791363,-5.12312266326322
2025-05-05,-1.5735000000000003,-6.5310326,-6.35658742847778,-6.391137721931837
2025-05-06,-2.8125,-3.216817,-3.127356153153069,-3.73555333597041
2025-05-07,-2.6054999999999997,-5.4041896,-5.471851594799846,-5.641369207987163
2025-05-08,-2.7359999999999998,-6.330803,-6.7240978652603705,-5.936567515972873
2025-05-09,-2.7285,-7.38694,-8.286660713774209,-6.972122371802383
2025-05-12,-0.10199999999999995,-7.6977677,-7.446444850699841,-7.125463152511472
2025-05-13,-0.28200000000000036,-6.3201756,-6.425696966234355,-6.348971191578833
2025-05-14,-0.6150000000000002,-6.7279673,-6.845924236170797,-6.64188983686558
2025-05-15,-0.3465000000000003,-6.473432,-6.485077335732437,-6.4770022438362735
2025-05-16,0.34349999999999986,-5.5342016,-5.675458645573268,-5.903793768122511
2025-05-19,0.40199999999999997,-5.7180276,-5.682559330596467,-5.971245989555422
2025-05-20,0.1650000000000002,-6.4682426,-6.8446141673789915,-6.526542956633284
2025-05-21,-0.5324999999999995,-6.2696238,-6.339666919073042,-6.261326333154745
2025-05-22,-0.5864999999999995,-7.0090833,-7.072257234329886,-6.729786877810045
2025-05-23,-0.13800000000000026,-5.062531,-4.776677712623229,-5.115359387588309
2025-05-26,1.0724999999999998,-7.1765027,-5.383918482711,-6.011214603389935
2025-05-27,1.9889999999999997,-5.8797455,-6.156255275749425,-5.530676749516444
2025-05-28,1.1624999999999999,-6.1645083,-6.239820449030101,-5.95872395644959
2025-05-29,1.6005000000000003,-5.9120736,-6.065133239614342,-5.701400467933736
2025-05-30,0.8579999999999998,-7.2345257,-7.253581507964995,-6.811631775791113
2025-06-02,1.3784999999999996,-7.157312,-7.529215747672096,-6.706527184274602
2025-06-03,0.9585,-7.5632925,-7.650555671753489,-7.063163238918921
2025-06-04,0.5760000000000005,-7.6009316,-7.650555671753489,-7.207265798534533
2025-06-05,1.2735000000000003,-7.8622003,-8.287017899826456,-7.409228127961246
2025-06-06,1.9304999999999994,-7.274442,-7.906968516528726,-6.997753015607465
2025-06-09,1.3530000000000004,-6.701666,-6.631154026479836,-6.317979006400999
2025-06-10,1.6784999999999997,-6.701666,-6.673054058153166,-6.2668037972924475
2025-06-11,1.2179999999999995,-6.6252465,-6.5936564240327105,-6.359403095527241
2025-06-12,0.3,-7.04709,-7.0798587694065835,-6.805453603524704
2025-06-13,-0.25799999999999984,-6.8239045,-6.698369526000151,-6.52259309851484
2025-06-16,-0.24600000000000008,-6.896811,-6.820884485970324,-6.553437710455441
2025-06-17,-0.11999999999999957,-7.5123515,-6.948336386561447,-6.681265405895107
2025-06-18,-0.1349999999999998,-7.5062776,-7.391269419320923,-7.005847383646401
2025-04-23,1.7130000000000003,-6.1882997,-5.864908073100258,-5.889921544370134
2025-04-24,2.2515000000000005,-5.3738847,-5.388730072256907,-5.38496545170514
2025-04-25,1.0380000000000003,-5.3063326,-5.224715501716364,-5.294993513137471
2025-04-28,1.1054999999999995,-5.840097,-5.862977347086932,-5.953341466238701
2025-04-29,1.4820000000000004,-5.6304517,-5.435291579589054,-5.493407526870124
2025-04-30,0.8804999999999996,-5.6906667,-5.714660396775817,-5.579317347723527
2025-05-02,1.2570000000000003,-6.864612,-8.318820951644016,-6.8058368522263635
2025-05-05,1.5614999999999994,-6.3054166,-6.000161011706434,-5.7786481849579525
2025-05-06,-0.6585000000000001,-3.3065662,-3.9500013800800766,-4.098975551066877
2025-05-07,-0.19800000000000004,-2.569681,-2.6883673862336854,-3.3308302965163152
2025-05-08,-1.5150000000000001,-7.0554547,-7.363172025943151,-6.487741397325982
2025-05-09,-1.5855,-4.8414497,-4.851587281408579,-4.808045563899388
2025-05-12,1.0724999999999998,-6.386401,-5.912799596536116,-5.594096288812012
2025-05-13,1.923,-5.340201,-5.242516851336506,-5.163376823098077
2025-05-14,1.0079999999999998,-5.5682216,-5.590470163168991,-5.482889894958982
2025-05-15,0.5565000000000001,-5.708603,-5.794419033528729,-5.703643691784171
2025-05-16,1.0860000000000003,-4.061738,-3.6470855415264256,-4.365136577707958
2025-05-19,2.0820000000000003,-4.0736275,-4.010122450255134,-4.3714389941689795
2025-05-20,0.9824999999999995,-5.441296,-5.5546960200748225,-5.403508680127353
2025-05-21,0.7199999999999995,-4.687579,-4.515986160263664,-4.921450702126039
2025-05-22,0.1860000000000003,-6.192507,-6.203731295123454,-6.024961252890627
2025-05-23,1.1655000000000004,-3.8164613,-3.8910012367388567,-4.258311243470439
2025-05-26,1.0215000000000003,-6.0747557,-4.1946095516164466,-5.0972526986192905
2025-05-27,0.5340000000000004,-6.5700235,-6.517352149375753,-6.094908244580106
2025-05-28,0.7650000000000002,-5.691544,-5.656857010564425,-5.4484051548655446
2025-05-29,1.0425000000000004,-5.4542933,-5.665187503928184,-5.217473964442743
2025-05-30,1.5105,-5.1738763,-5.2835799632658045,-4.877208117337313
2025-06-02,0.7425000000000004,-5.1738763,-5.332928104015971,-4.9689578981891644
2025-06-03,-0.3329999999999998,-6.8165317,-6.674629796834858,-6.348274024888489
2025-06-04,1.002,-6.086833,-6.133575418020779,-5.8761755338799855
2025-06-05,0.921,-6.2972503,-6.536865490645187,-6.193913036715136
2025-06-06,1.3755000000000002,-6.6406984,-6.9662791774195645,-6.300680622944328
2025-06-09,3.5789999999999997,-5.442318,-5.688554491381554,-5.137422970244965
2025-06-10,1.3514999999999997,-5.6238194,-5.768717559563107,-5.638915852226346
2025-06-11,1.0065000000000002,-5.5668125,-5.767819734362501,-5.479098758372078
2025-06-12,-1.3019999999999998,-6.669369,-6.661530255771902,-6.4861447322560695
2025-06-13,-1.7309999999999999,-6.6431217,-6.441707785890069,-6.363685664331
2025-06-16,-2.2184999999999997,-4.617484,-4.477688449892511,-4.897152299192932
2025-06-17,-1.9394999999999998,-5.8666964,-5.151944028189285,-5.526363339790905
2025-06-18,-1.3724999999999998,-6.261469,-6.030487015094624,-5.839349398217018
2025-04-23,-1.5059999999999998,-6.4749074,-6.459759058191667,-6.47989900172399
2025-04-24,-1.275,-6.2389774,-6.380361424071211,-6.304431346651435
2025-04-25,-2.745,-7.8608804,-7.847796108040167,-7.61213799535701
2025-04-28,-2.514,-7.2698298,-7.048489292389241,-7.070393594106534
2025-04-29,-1.2510000000000006,-7.021826,-6.800495528696618,-6.951658154005022
2025-04-30,-1.6695000000000004,-2.8719764,-3.09028495690765,-3.7869305765682295
2025-05-02,-1.5090000000000003,-2.4304605,-3.9862989694807687,-3.897168921715393
2025-05-05,-1.1610000000000003,-6.672723,-6.1925647754371145,-6.64612451992398
2025-05-06,-2.1945,-2.8057814,-2.8175796592556157,-3.66533309221326
2025-05-07,-1.4385000000000006,-2.3667593,-2.3864471043264635,-3.39931787727897
2025-05-08,-0.5804999999999996,-7.0454917,-6.6305777716290155,-6.719211688755527
2025-05-09,-0.2505000000000002,-9.1235695,-9.655857186330364,-8.372849860970227
2025-05-12,1.4864999999999995,-8.808712,-9.164406619398658,-8.123748684760765
2025-05-13,1.8375,-7.4644437,-8.005710709679525,-7.3365640776741134
2025-05-14,2.2079999999999997,-7.135169,-8.032117935370628,-7.11262992414787
2025-05-15,2.154,-7.469677,-7.624104583960083,-7.065231174531137
2025-05-16,2.531999999999999,-5.3452444,-5.424894164748216,-5.592149395161474
2025-05-19,2.9279999999999995,-5.428006,-5.5742623238954065,-5.493427774666145
2025-05-20,2.592,-6.821405,-7.714408370249552,-6.63756089407466
2025-05-21,2.0010000000000003,-5.4597406,-5.618971028733967,-5.707832683891717
2025-05-22,1.8119999999999996,-7.461713,-7.439673628165799,-6.889917918800132
2025-05-23,1.8614999999999995,-5.356435,-5.396864022659692,-5.491197868209195
2025-05-26,2.196,-8.101673,-5.586960705943548,-6.536075052104214
2025-05-27,2.2590000000000003,-8.455965,-8.763186535057192,-7.62198923161245
2025-05-28,2.185499999999999,-7.5869865,-7.461920773459007,-6.869489632245023
2025-05-29,2.918999999999999,-7.282543,-7.226554741290522,-6.505406623365392
2025-05-30,2.3579999999999997,-6.494741,-6.383645526880717,-5.938894767654424
2025-06-02,1.6244999999999996,-6.637957,-6.478842872064477,-6.121434671763856
2025-06-03,1.6829999999999998,-7.335474,-7.483942668707338,-6.7240808073029985
2025-06-04,0.9840000000000003,-7.713678,-8.037578976818635,-7.2039050880982165
2025-06-05,1.6395,-5.4387717,-6.640745803712376,-5.717616429863547
2025-06-06,1.6829999999999998,-6.1403313,-6.3739335814943,-5.87982463930814
2025-06-09,1.9005,-6.139005,-6.157821893792057,-5.813230553215372
2025-06-10,2.6925000000000003,-6.7242155,-6.897868920307215,-6.303630040855283
2025-06-11,2.754,-6.177653,-6.465116556883365,-5.9245355594664195
2025-06-12,1.623,-6.6380997,-6.403406587784063,-6.237948625353705
2025-06-13,0.9869999999999997,-6.628196,-6.3500721045671575,-6.273248707209422
2025-06-16,1.4204999999999999,-5.928257,-5.895164146917967,-5.695746569464221
2025-06-17,3.4185000000000008,-6.973279,-6.5411508101491185,-6.046516312743286
2025-06-18,1.7369999999999997,-6.5398893,-6.710217815544801,-6.110751775862988
2025-04-23,0.15,-7.3569384,-6.9463054552061605,-6.858090460547085
2025-04-24,0.04349999999999987,-6.219113,-6.820380939380105,-6.655139290276491
2025-04-25,-2.3175000000000003,-4.8749285,-5.1770738945077674,-5.339965735785185
2025-04-28,-1.8255000000000001,-6.897916,-7.543869386036295,-6.925445241865037
2025-04-29,-1.1610000000000003,-7.4919844,-7.694409591074935,-7.1879668674363275
2025-04-30,-3.822,-2.7217124,-3.417819346746377,-3.6608336657691383
2025-05-02,-3.0315,-1.2166533,-3.655169250727136,-3.1846226499915438
2025-05-05,-2.6340000000000003,-6.3245325,-6.958491829960193,-6.423062191863453
2025-05-06,-3.525,-4.069675,-4.1602529094989205,-4.493014849810177
2025-05-07,-3.4575,-3.5114157,-4.639568437589917,-4.5589437571420905
2025-05-08,-1.8525,-1.2700326,-0.6670342233325716,-2.0234307913729577
2025-05-09,-2.0894999999999997,-3.4229598,-3.7880061144644452,-3.9365282344788737
2025-05-12,2.4869999999999997,-6.065531,-5.299173443860415,-5.677602162130732
2025-05-13,3.964500000000001,-4.1740437,-4.692897055158947,-4.904861614170925
2025-05-14,2.2784999999999997,-4.5063825,-5.243065577031191,-5.304156396392185
2025-05-15,1.9394999999999998,-8.042411,-8.44410705852084,-7.764744783562381
2025-05-16,2.9085,-5.727754,-6.197916879803979,-5.872464128235398
2025-05-19,2.613,-6.2733593,-5.708132724177905,-5.7489941612002
2025-05-20,1.8239999999999994,-4.84026,-5.139909922904148,-5.02845039212105
2025-05-21,3.089999999999999,-3.149186,-3.5642872579221705,-3.865934562942559
2025-05-22,2.4045,-5.3681602,-5.298884463994959,-5.192440542140497
2025-05-23,2.334,-2.9095936,-3.092865805050497,-3.6660034175406624
2025-05-26,2.658,-6.6068687,-4.764698435694643,-5.520175000436663
2025-05-27,1.0170000000000001,-7.1210895,-7.1479493620966315,-6.482536642021583
2025-05-28,2.6039999999999996,-6.33975,-6.352178952382318,-5.612628682667585
2025-05-29,1.7235000000000003,-6.5745225,-6.535817597404839,-6.049277617064214
2025-05-30,1.4594999999999996,-6.3653398,-6.3293383142012996,-5.966879941164461
2025-06-02,1.3079999999999998,-6.2667227,-6.347006306106713,-5.97238963949542
2025-06-03,1.5374999999999999,-6.5379977,-6.544501627915501,-6.2436212678348335
2025-06-04,1.6469999999999996,-6.5379977,-6.5026015962421715,-6.164651535021249
2025-06-05,1.4909999999999997,-6.720899,-6.56715338720993,-6.323924253917808
2025-06-06,1.3920000000000001,-6.8051434,-6.754283116911361,-6.4352010368993
2025-06-09,2.2470000000000003,-7.100417,-6.8427713298290955,-6.351253155577549
2025-06-10,2.1510000000000002,-6.140921,-6.1150506924739405,-5.623575881968351
2025-06-11,2.4720000000000004,-5.9070497,-5.91640640433469,-5.523955544066986
2025-06-12,3.6104999999999987,-5.826071,-5.8315370678193705,-5.287243826510929
2025-06-13,1.8014999999999997,-5.390694,-5.458979401541835,-5.277278058998256
2025-06-16,2.0114999999999994,-5.226886,-5.33989866825529,-5.1476861349627825
2025-06-17,1.6215000000000004,-7.0067673,-6.543185479803596,-6.313327882937148
2025-06-18,1.1130000000000002,-5.656674,-5.43395742642723,-5.588891797150652
2025-04-23,4.636499999999999,-6.311739,-6.728265818627172,-6.127155877215576
2025-04-24,2.6685000000000008,-6.8324842,-7.49136052412188,-6.627510497649597
2025-04-25,2.742,-5.2102137,-5.448255487390167,-5.046705989256172
2025-04-28,2.9699999999999993,-6.3930755,-6.249534422184616,-5.920597680063508
2025-04-29,3.1755,-5.5899286,-5.951120433325096,-5.165078604160543
2025-04-30,2.810999999999999,-2.8339593,-2.5684518030473855,-3.056360125873024
2025-05-02,2.5109999999999992,-4.611302,-5.759989231702905,-4.775130938816604
2025-05-05,3.272999999999999,-4.624197,-5.042161492255586,-4.481543815514228
2025-05-06,0.36300000000000027,-3.9509041,-4.293991722091655,-4.399678649968625
2025-05-07,0.2760000000000005,-4.1953964,-4.029853830480481,-4.678235826244579
2025-05-08,1.098,-4.9707923,-4.925798319086143,-4.580233587641258
2025-05-09,0.7860000000000003,-8.4036875,-9.64375851581245,-7.807747240658349
2025-05-12,2.6625,-5.9844375,-6.953155319514296,-5.876491080858453
2025-05-13,4.0755,-3.4686494,-4.067399550200788,-3.8246790391691885
2025-05-14,4.092,-3.9306107,-4.4521277452813335,-4.126006821018698
2025-05-15,3.818999999999999,-4.5785823,-5.2724849102449465,-4.758327498655244
2025-05-16,4.414500000000001,-2.598322,-2.8671700920696446,-3.1757264562666587
2025-05-19,4.2090000000000005,-3.7501194,-3.8307468257270076,-3.8800479456277013
2025-05-20,4.168500000000001,-4.725755,-5.393452778843379,-4.6585737290590785
2025-05-21,5.364000000000001,-2.9709282,-3.2062289906412844,-3.0600797203450494
2025-05-22,3.523499999999999,-4.998731,-5.018809474739824,-4.639405373417204
2025-05-23,4.727999999999999,-3.0297098,-3.2062289906412844,-3.25006478568425
2025-05-26,4.052999999999999,-5.507877,-2.8748037783487925,-4.209906671465841
2025-05-27,3.0255,-4.9428096,-5.357568024019904,-4.7848570314565135
2025-05-28,4.4955,-5.2242312,-5.316848618391324,-4.680393174400879
2025-05-29,3.654,-4.888088,-5.000937740814027,-4.617757403340045
2025-05-30,4.153499999999999,-4.697981,-4.630320957811272,-4.379817759204012
2025-06-02,4.1145000000000005,-4.677918,-4.738491816643581,-4.259740807448995
2025-06-03,3.375,-6.1310506,-6.235854507363323,-5.602319768563741
2025-06-04,3.2279999999999993,-6.115247,-6.301268471677886,-5.63211749285563
2025-06-05,3.085499999999999,-6.488508,-6.155926587459298,-5.71090944250777
2025-06-06,3.2744999999999997,-6.2639155,-6.481737701198911,-5.875208712725271
2025-06-09,3.1050000000000004,-5.2775106,-5.251671449272336,-5.079487860697847
2025-06-10,2.934,-4.897636,-5.050229000134436,-4.830495983996664
2025-06-11,2.8335,-5.207395,-5.3352931579218055,-4.8809069963343745
2025-06-12,1.5,-5.484063,-5.914645902944935,-5.483238654281075
2025-06-13,0.8684999999999998,-5.690147,-5.705632739662572,-5.585539406217233
2025-06-16,1.6320000000000003,-5.7763267,-5.896254843056605,-5.478785647722518
2025-06-17,1.248,-5.875545,-6.390408955674017,-5.766349435404331
2025-06-18,0.6599999999999998,-6.117492,-5.989319283696649,-5.885596220554468
2025-04-23,1.9665,-6.8131847,-6.809115151860484,-6.398845452466911
2025-04-24,1.7414999999999998,-6.576091,-6.617584532975658,-6.3388943373696485
2025-04-25,1.215,-6.113547,-5.793244892997706,-5.832305942215795
2025-04-28,1.0994999999999997,-5.4891777,-4.907419299986449,-5.308405839314645
2025-04-29,1.9454999999999998,-5.922884,-5.714949879081657,-5.545989325550716
2025-04-30,1.5929999999999995,-4.8818827,-4.793318333328199,-4.686952973009652
2025-05-02,1.4324999999999994,-5.087231,-6.312380914188002,-5.490675312203877
2025-05-05,3.7470000000000003,-5.089495,-5.155525971941403,-4.810770015856848
2025-05-06,0.9045000000000001,-4.637038,-4.949365712965069,-5.009619748354973
2025-05-07,0.40650000000000014,-2.774004,-2.8021215069572487,-3.4829611411877557
2025-05-08,0.12449999999999974,-6.820462,-7.018247561129089,-6.363547608860195
2025-05-09,-0.08850000000000051,-6.559484,-6.985323919818143,-6.191179314276928
2025-05-12,2.3010000000000006,-5.62099,-4.937129522202157,-4.993209240712733
2025-05-13,2.4,-5.7740674,-5.534643847630667,-5.377734000677954
2025-05-14,1.2494999999999996,-5.618407,-5.421835033928237,-5.490545566899214
2025-05-15,1.5405000000000004,-5.7377872,-5.625783904287975,-5.4999115560969445
2025-05-16,1.3875,-4.50007,-4.787942117699877,-4.8343335231892475
2025-05-19,1.7925000000000004,-4.815613,-4.677956167434477,-4.784787713028948
2025-05-20,-0.0389999999999997,-4.7370214,-4.575714594840791,-5.087125718230608
2025-05-21,0.18299999999999983,-5.016766,-5.026900319945519,-5.368084305685096
2025-05-22,-0.11249999999999999,-6.3255115,-6.218355284538935,-6.296060544453951
2025-05-23,0.2760000000000005,-4.6811776,-4.827524150433294,-5.187350595835669
2025-05-26,0.5190000000000001,-6.245776,-4.661176495531398,-5.5655324653880935
2025-05-27,0.5309999999999998,-6.545103,-6.600261894296364,-6.303929698720365
2025-05-28,0.2760000000000005,-6.2837286,-6.05968293625216,-6.15922844363575
2025-05-29,0.14699999999999952,-6.4535375,-6.203632361340374,-6.2344733932071765
2025-05-30,1.8585,-5.8575654,-5.60811351219298,-5.46074200401725
2025-06-02,-0.2670000000000002,-6.3418827,-6.3883325965105255,-6.384344170991637
2025-06-03,0.03449999999999953,-6.396311,-6.147713726425528,-6.355042869647123
2025-06-04,0.9945000000000004,-6.371478,-6.5533206446870595,-6.325597134695215
2025-06-05,2.4239999999999995,-6.255962,-6.7516751331266605,-6.163274761308043
2025-06-06,1.4579999999999997,-7.546329,-8.129167452397375,-7.3207115844050925
2025-06-09,2.01,-5.7379885,-5.969830840769855,-5.612616859104657
2025-06-10,1.5539999999999998,-6.2588706,-6.421318424744523,-6.093830529973313
2025-06-11,2.372999999999999,-5.4747014,-5.633961842056376,-5.2607906929318204
2025-06-12,1.4760000000000004,-5.704833,-5.826758144037719,-5.447574954967607
2025-06-13,-0.2954999999999998,-5.0752883,-5.233597494700005,-5.325317784809482
2025-06-16,-0.32100000000000006,-5.438638,-5.592458104752311,-5.656756891389776
2025-06-17,-0.6960000000000001,-6.436471,-6.468875359159661,-6.221827825824444
2025-06-18,-0.7320000000000003,-5.626938,-5.204811526304044,-5.4833948863980995
2025-04-23,0.6824999999999996,-6.3186584,-5.801634173061012,-6.047939453890255
2025-04-24,0.6284999999999996,-5.7344966,-5.297413969029529,-5.65677694679377
2025-04-25,-0.2190000000000001,-4.5637445,-4.243753152636832,-4.708962719008592
2025-04-28,-0.11849999999999987,-5.7093816,-5.6479113541206525,-5.711739407035248
2025-04-29,0.026999999999999958,-6.219363,-5.8758268855869735,-5.991986300610814
2025-04-30,-1.0695000000000003,-5.614873,-5.423365319210235,-5.541108557833196
2025-05-02,-2.0955,-4.1723094,-5.025636293947373,-4.812433534090417
2025-05-05,-0.5820000000000004,-5.9366837,-5.618693523784091,-5.545460661079204
2025-05-06,-1.6349999999999998,-3.191159,-3.0082285109085722,-3.689444929345556
2025-05-07,-2.0145,-3.78656,-4.0746261931706185,-4.314511782610167
2025-05-08,-2.6954999999999996,-5.2385783,-5.295195125884205,-5.209320000589793
2025-05-09,-1.7550000000000003,-7.616043,-8.496507379129712,-7.386547388436472
2025-05-12,1.0275,-7.0016193,-6.792330098373579,-6.487051988558932
2025-05-13,1.0335,-6.074704,-5.781550191884838,-5.985164690127687
2025-05-14,1.7324999999999995,-4.9578223,-5.00018994264821,-5.224728409840604
2025-05-15,2.618999999999999,-4.8965387,-4.511184898461445,-4.880868592062431
2025-05-16,2.2289999999999996,-4.622274,-4.3857245078722675,-4.853734696156488
2025-05-19,3.0194999999999994,-4.723582,-4.496649318386329,-4.883433402853909
2025-05-20,2.088,-4.3507857,-4.628718076228844,-4.7867583129984395
2025-05-21,1.7249999999999999,-3.4582825,-3.193236774682327,-4.069068427448397
2025-05-22,1.7324999999999995,-4.6727657,-4.711002991841666,-4.81756622428406
2025-05-23,1.9829999999999997,-3.4240556,-3.1495579578039257,-3.8710137895878773
2025-05-26,2.442,-5.99942,-3.7830362143587504,-4.934245123494883
2025-05-27,2.0054999999999996,-5.187478,-5.180885941598684,-5.075971078496477
2025-05-28,2.3010000000000006,-5.081925,-5.172249624751618,-4.995989727065947
2025-05-29,2.2965000000000004,-5.024837,-4.902170122681243,-4.910669724823343
2025-05-30,2.311499999999999,-6.0005717,-6.316486472901125,-5.752230704934985
2025-06-02,1.596,-4.612874,-4.478622505157624,-4.610688916729829
2025-06-03,1.5645,-6.2762957,-6.414833005438906,-5.877243697413772
2025-06-04,2.0355,-6.019175,-6.321878379911913,-5.7020982156156075
2025-06-05,2.131499999999999,-6.360193,-7.116595514069806,-6.082815242866249
2025-06-06,2.215499999999999,-6.352594,-6.087882317556327,-5.719911989083459
2025-06-09,2.822999999999999,-5.6241837,-5.87617838266683,-5.547014199229317
2025-06-10,2.1494999999999997,-5.64434,-5.688174171725548,-5.4624687868972925
2025-06-11,2.7119999999999997,-5.565176,-5.622664430492703,-5.382307076508736
2025-06-12,0.7860000000000003,-5.6940618,-5.855206721584705,-5.655577638701568
2025-06-13,-0.0735000000000003,-5.7220936,-5.824121294815888,-5.677265022240664
2025-06-16,-0.2864999999999995,-5.3985543,-5.238043257647513,-5.423298434453034
2025-06-17,1.8030000000000004,-6.958026,-6.516112835887938,-6.19799007257285
2025-06-18,0.22049999999999984,-5.20558,-4.8546843651453315,-5.260224911809653
2025-04-23,1.8525,-7.4124727,-7.602866959948303,-7.078127635378009
2025-04-24,1.6275000000000002,-7.508847,-8.488399975212033,-7.592294144244809
2025-04-25,0.15749999999999956,-6.0851984,-6.0068048903051485,-6.171545997638079
2025-04-28,-0.4440000000000001,-5.9838552,-6.155620619459181,-6.1223655511916375
2025-04-29,0.2925000000000004,-8.688524,-8.84393145596136,-8.000835613902648
2025-04-30,0.6224999999999997,-6.075586,-6.143011192922865,-5.966133008387859
2025-05-02,-0.011999999999999744,-5.2411866,-6.882701876825097,-5.900596488066246
2025-05-05,0.49200000000000016,-6.3050804,-6.220627191641245,-6.067530200263404
2025-05-06,-1.0425000000000004,-4.4973564,-4.176183829456274,-4.899532624010912
2025-05-07,-1.8375,-4.0705376,-4.185837565157386,-4.692150121071623
2025-05-08,-2.5425000000000004,-8.466383,-8.927348805681323,-7.787096778187172
2025-05-09,-2.2184999999999997,-8.801414,-8.890420341496787,-7.895337575976859
2025-05-12,0.6300000000000004,-8.650384,-7.910653891734779,-7.615825320380393
2025-05-13,1.2165,-5.5616164,-6.542906297455359,-6.047258304984986
2025-05-14,0.9360000000000003,-4.37382,-5.643125463747274,-5.296094507749411
2025-05-15,1.2599999999999998,-4.640486,-4.446628748926331,-5.008500834693422
2025-05-16,1.3260000000000005,-4.4846973,-4.515943032273571,-5.026702264131317
2025-05-19,2.805,-5.9563613,-5.773699509564353,-5.617488229282798
2025-05-20,1.4804999999999995,-6.457686,-6.528490216671751,-6.1063968764234335
2025-05-21,1.4594999999999996,-5.2221503,-5.232863216468031,-5.1372083797302635
2025-05-22,1.8840000000000003,-6.1458745,-6.106343788027015,-5.6916046245797025
2025-05-23,2.785499999999999,-4.884444,-4.593545133579673,-4.6337924547030145
2025-05-26,2.873999999999999,-6.987391,-4.557048124175609,-5.486787736594281
2025-05-27,3.504,-7.351236,-7.326079775134256,-6.336748183894393
2025-05-28,3.2310000000000008,-5.471491,-5.734769779209244,-5.185464366402342
2025-05-29,3.0675000000000003,-7.13607,-7.001057769393058,-6.23894092904374
2025-05-30,2.805,-6.888145,-6.656683290009285,-6.097898461702606
2025-06-02,3.5534999999999997,-6.396295,-6.077329067805146,-5.517310088895972
2025-06-03,3.1845000000000003,-6.9685917,-7.282613751101958,-6.260431573089716
2025-06-04,3.129,-6.683512,-6.705307066108172,-5.991941754432343
2025-06-05,3.2159999999999997,-6.491617,-7.115890813734582,-6.118418165449797
2025-06-06,3.3465000000000003,-6.6116967,-7.03035644531762,-6.143144471825375
2025-06-09,4.125,-6.4865327,-6.476235119177724,-5.6719060755971435
2025-06-10,2.9055000000000004,-7.4161105,-7.0554650416102955,-6.385193468824969
2025-06-11,3.6329999999999996,-5.186146,-5.147142242977766,-4.682782238595946
2025-06-12,2.808,-5.50714,-5.476757685095546,-4.943591179758188
2025-06-13,1.5315,-5.2392735,-5.5296086776644255,-5.050405707954668
2025-06-16,0.41700000000000015,-5.953462,-5.656575608599929,-5.611997625512281
2025-06-17,-0.10199999999999995,-6.2577553,-5.714359702018402,-5.474259640148816
2025-06-18,-0.7155000000000005,-6.0542884,-5.58945580774105,-5.709622099221455
2025-04-23,1.0034999999999996,-7.8189344,-7.224993513668133,-7.337462168430598
2025-04-24,1.2645,-6.251224,-6.5414143961697855,-6.49531146935673
2025-04-25,-1.656,-5.776962,-6.389693653806273,-6.013329930780503
2025-04-28,-0.22950000000000015,-6.1902933,-6.545698244875702,-6.22293001077818
2025-04-29,0.9855,-7.290569,-7.252284815325045,-6.7352352733778496
2025-04-30,-1.1235000000000002,-5.330324,-4.574360286853833,-5.04605109350175
2025-05-02,-1.0844999999999996,-2.5025544,-4.182360463930728,-3.6497445228680734
2025-05-05,-0.0389999999999997,-6.448646,-6.358798130870396,-6.181292365893138
2025-05-06,-2.1645,-3.1785638,-3.233685624928208,-3.701506267345855
2025-05-07,-1.4295000000000002,-4.7410307,-4.708147109116682,-4.968578704959682
2025-05-08,-1.05,-6.9222755,-7.317102390241246,-6.494037279180315
2025-05-09,-0.9690000000000001,-8.010607,-8.905883238198088,-7.400562614466094
2025-05-12,2.1,-7.766492,-7.843115966918295,-7.2703398328813655
2025-05-13,2.3055000000000008,-4.2486143,-4.602597534951833,-4.903304158658035
2025-05-14,3.2835,-4.7970276,-5.310139822749823,-5.049580578597454
2025-05-15,2.4705,-6.6504273,-6.988528074335096,-6.448517028223007
2025-05-16,4.2075,-3.6646483,-3.545708337523999,-3.8841102139828703
2025-05-19,4.146,-4.0939193,-4.014222884378841,-4.100944406020963
2025-05-20,3.4199999999999995,-5.231476,-5.425445979933229,-4.989976928688946
2025-05-21,3.8145000000000007,-3.3965304,-3.177061819629006,-3.4919840620772935
2025-05-22,5.2124999999999995,-4.735411,-4.864581543728332,-4.514739355931508
2025-05-23,3.2595000000000005,-2.5817688,-2.7842611399054444,-3.1797583143396597
2025-05-26,3.989999999999999,-6.3433867,-4.009468391027724,-4.970513805459177
2025-05-27,4.172999999999999,-5.5172195,-6.036736454913738,-5.166949268111787
2025-05-28,4.0125,-6.508171,-6.095279425247956,-5.545157532846649
2025-05-29,3.6944999999999992,-7.6751885,-6.133886122236718,-6.159107680494547
2025-05-30,5.2095,-6.3827686,-6.211154823011142,-5.347769310814989
2025-06-02,3.681000000000001,-6.4731436,-6.009202206330899,-5.568829268595108
2025-06-03,4.0185,-6.7084002,-6.3962127427790625,-5.635241095953993
2025-06-04,3.869999999999999,-6.0613847,-5.908409154607104,-5.373852447252643
2025-06-05,4.2749999999999995,-6.389931,-6.125699602563988,-5.611607040107014
2025-06-06,3.8249999999999997,-6.51507,-6.270448544150945,-5.735505005764212
2025-06-09,3.5204999999999997,-5.3767986,-5.365679787618982,-4.965575868767242
2025-06-10,3.8954999999999997,-5.2201962,-5.226313255391212,-4.8647988102195745
2025-06-11,3.5819999999999994,-5.194897,-5.493178244816001,-4.915636460728846
2025-06-12,2.5635000000000003,-5.7297907,-5.908936405696881,-5.3889737825382475
2025-06-13,2.764500000000001,-5.7285147,-5.742336990349236,-5.223106611179825
2025-06-16,1.4639999999999997,-5.3983884,-5.531318511342897,-5.453489085431301
2025-06-17,1.3619999999999997,-7.001343,-6.51713296180018,-6.285303827710152
2025-06-18,0.49200000000000016,-6.748774,-6.5802245661984555,-6.388493853486281
2025-04-23,-0.4275000000000002,-6.9248614,-6.699575724981171,-6.425098896575757
2025-04-24,-0.5355,-6.805441,-6.899263541614321,-6.499323579761254
2025-04-25,-0.5699999999999995,-7.168067,-7.236083858788049,-6.732147436804626
2025-04-28,-0.14250000000000043,-6.9623256,-6.956479232326866,-6.529200296496606
2025-04-29,-0.5864999999999995,-6.9130006,-7.095934294267857,-6.758179880341707
2025-04-30,-0.7724999999999997,-2.7236454,-2.8595191791443035,-3.4427962119098963
2025-05-02,-0.9630000000000002,-3.000812,-3.7525822439768297,-3.690732240411239
2025-05-05,-1.7670000000000001,-3.4503965,-3.4869124985316713,-3.7792513069232583
2025-05-06,-1.9619999999999997,-2.4890554,-1.9853841897831637,-2.9566064533208696
2025-05-07,-2.0025,-1.8510407,-1.7455223460134612,-2.684858503251526
2025-05-08,-1.923,-3.7794905,-3.950643351494158,-3.9919770758681783
2025-05-09,-1.5494999999999997,-2.8943012,-3.4446728234648214,-3.7338617591029326
2025-05-12,0.5280000000000005,-7.5167623,-7.210858866694737,-7.066451516911638
2025-05-13,2.0295,-4.8791494,-4.849523039741377,-5.23568112846805
2025-05-14,2.776500000000001,-3.7844715,-4.0638138687854335,-3.957256422667932
2025-05-15,2.8874999999999997,-4.3812532,-5.207335449162154,-4.719764244650207
2025-05-16,3.682499999999999,-2.3005874,-3.1142192638383306,-3.424289185187467
2025-05-19,2.8335,-4.2494955,-4.702142163231431,-4.6611715531382805
2025-05-20,2.6039999999999996,-5.449874,-6.51682795922946,-5.6000302832197715
2025-05-21,0.9090000000000003,-3.7385437,-4.0527787581646,-4.504602897972238
2025-05-22,-0.2414999999999999,-4.979727,-4.534490405835067,-4.899735381766418
2025-05-23,2.4180000000000006,-2.1209006,-3.050173016852223,-3.116303369523157
2025-05-26,2.344499999999999,-6.434742,-4.329277304863962,-5.333773407385888
2025-05-27,0.23699999999999974,-7.472034,-7.863576828726642,-6.947505379326366
2025-05-28,0.5684999999999999,-7.5737963,-7.072057791683818,-6.672339011927074
2025-05-29,3.8819999999999992,-4.470935,-4.636010360855636,-4.432141401068187
2025-05-30,0.8639999999999997,-6.551878,-7.031522105402219,-6.323523508694755
2025-06-02,3.0720000000000005,-5.6290183,-5.761076988820307,-5.147704275138004
2025-06-03,2.4449999999999994,-4.7846813,-5.634001137011332,-5.0758279426905295
2025-06-04,1.3844999999999994,-5.9818997,-6.173373683465602,-5.704911447714702
2025-06-05,1.4579999999999997,-4.8955245,-4.824796726284177,-4.77067666872021
2025-06-06,1.3454999999999997,-5.91016,-6.110448575634974,-5.626755841265864
2025-06-09,0.8909999999999997,-5.2010756,-5.394178153701403,-5.080642855799915
2025-06-10,3.9885,-4.9903073,-5.290910378474452,-4.6295127112536525
2025-06-11,3.9135000000000004,-5.402297,-5.770669928305804,-4.9701153052478375
2025-06-12,1.8465000000000003,-5.34667,-5.434686306959504,-5.087823530477404
2025-06-13,0.6929999999999996,-5.807821,-6.149087952791374,-5.646555588335876
2025-06-16,-0.009000000000000341,-6.9331126,-7.005255275320812,-6.6024547213175495
2025-06-17,0.6764999999999997,-5.4102235,-5.677497741822238,-5.261508853478927
2025-06-18,0.6269999999999999,-5.2707477,-5.262286283131183,-5.094282598935362
2025-04-23,-0.05549999999999961,-6.446481,-7.412831338563328,-6.919255162130341
2025-04-24,-0.3224999999999998,-7.4093904,-7.4422405963000084,-7.322875982430096
2025-04-25,-1.9110000000000003,-6.6231923,-6.604305585485493,-6.708360921023336
2025-04-28,-1.4685,-7.462715,-6.957361461439672,-7.076379406463959
2025-04-29,-1.1715000000000002,-7.409323,-7.308390703269752,-7.106512969878448
2025-04-30,-2.2215000000000003,-5.8294597,-4.978826329798033,-5.7038052584581855
2025-05-02,-1.5045000000000002,-7.3009186,-8.451768505506855,-7.429665106213726
2025-05-05,-1.5704999999999998,-7.324644,-7.250582815385969,-7.013737681223108
2025-05-06,-3.597,-4.77476,-4.819209849269642,-5.1257478140665
2025-05-07,-3.6390000000000002,-4.7294455,-4.7253622904667685,-5.115510170943155
2025-05-08,-3.0464999999999995,-8.451408,-8.39098764883603,-7.676464737512108
2025-05-09,-2.8545000000000003,-4.295098,-5.636667616790165,-4.892219243839295
2025-05-12,-1.0545000000000002,-6.359622,-5.999301707519013,-6.130335087593469
2025-05-13,-0.17100000000000007,-5.1878805,-4.946469474815902,-5.736104007072729
2025-05-14,0.3449999999999996,-5.347906,-5.868180175602976,-5.970791848409487
2025-05-15,0.9090000000000003,-6.3113203,-6.426027844404188,-6.432424038709135
2025-05-16,1.281,-4.79602,-4.225030423577192,-5.175268201528664
2025-05-19,2.1630000000000003,-6.130539,-5.863358724084202,-5.992162907886492
2025-05-20,1.4775000000000003,-6.6743546,-6.723487830445385,-6.362320968084141
2025-05-21,0.38699999999999973,-5.3388596,-4.829550581856941,-5.613092744422186
2025-05-22,0.6405000000000004,-6.0749645,-6.010007446309366,-6.050964065625158
2025-05-23,0.9315000000000001,-4.0648775,-3.549749148936018,-4.449755836192523
2025-05-26,2.9789999999999996,-6.555148,-4.2121506644368845,-5.160037078944034
2025-05-27,1.6965000000000003,-7.104276,-6.730557490776161,-6.493763854039033
2025-05-28,1.6934999999999998,-6.403209,-6.269137487867248,-6.0236325867575005
2025-05-29,2.447999999999999,-7.0401216,-7.583744103719247,-6.626399441293161
2025-05-30,2.5409999999999995,-6.669457,-7.3222743427014905,-6.432165922146307
2025-06-02,3.106499999999999,-7.010169,-6.367743288711617,-5.920103484673074
2025-06-03,3.0119999999999996,-7.0383496,-7.12003629970213,-6.114609555634403
2025-06-04,4.0035,-7.0383496,-7.12003629970213,-5.960586177024543
2025-06-05,3.1680000000000006,-7.279913,-7.218384302921771,-6.450484041395532
2025-06-06,3.2039999999999997,-7.3733025,-7.409400922970532,-6.486805651804565
2025-06-09,2.9835,-7.297877,-6.611307304390198,-6.210224295762182
2025-06-10,3.4859999999999993,-7.078963,-6.4313990899509825,-6.061165105273773
2025-06-11,2.7135000000000002,-7.320774,-6.754027521354804,-6.409174221460828
2025-06-12,2.0925000000000002,-5.7697186,-5.752760612384857,-5.515975890151222
2025-06-13,1.0605,-4.6010146,-4.510303886085298,-4.639159532719107
2025-06-16,1.2360000000000002,-4.843403,-4.824349933468981,-4.886617396536859
2025-06-17,1.5824999999999996,-6.8531723,-6.015752499078456,-5.766107595662222
2025-06-18,2.1510000000000002,-6.5432873,-6.161300434780461,-5.738123431788259
2025-04-23,0.9344999999999994,-6.8393326,-6.758594774322672,-6.458929645732358
2025-04-24,0.7110000000000003,-6.0725017,-5.941917046293927,-5.955372418651679
2025-04-25,-0.15300000000000047,-4.957792,-4.967451131837928,-5.146499542311833
2025-04-28,-0.040500000000000466,-5.558628,-5.452246360872806,-5.2071508289107244
2025-04-29,-1.371,-6.180561,-5.962344008150967,-5.967974174143525
2025-04-30,-2.2485000000000004,-4.5032034,-4.072078511083402,-4.756189601657005
2025-05-02,-1.9934999999999998,-3.4715626,-5.046724195843572,-4.529905579772454
2025-05-05,0.16199999999999973,-5.131646,-5.097705727883941,-4.707481390591211
2025-05-06,-2.0145,-2.696048,-3.0147431188305474,-3.4379732245160515
2025-05-07,-2.5530000000000004,-4.877258,-5.346621394184085,-5.408368891711916
2025-05-08,-3.15,-4.005888,-3.7919389072622107,-4.0469363414348924
2025-05-09,-2.619,-3.8387523,-4.421188774685312,-4.3081294143907645
2025-05-12,0.5324999999999995,-7.0848074,-6.619515430770747,-6.165587634026691
2025-05-13,1.9784999999999995,-4.1246033,-3.835893823848492,-4.395206013545435
2025-05-14,1.7534999999999996,-4.9295297,-4.061366304970548,-4.781275432227414
2025-05-15,1.1610000000000003,-4.975207,-4.743673576058286,-5.060604708037903
2025-05-16,1.4445000000000003,-4.261544,-4.031922553473042,-4.545282240088087
2025-05-19,1.4820000000000004,-4.959906,-4.697725153297223,-5.099387411350541
2025-05-20,0.2264999999999997,-4.5636773,-4.685337263979749,-5.072766976375124
2025-05-21,0.21300000000000024,-2.9995468,-3.085080487035022,-3.642198655527077
2025-05-22,-0.5070000000000003,-5.426711,-5.348306844623325,-5.562517621708635
2025-05-23,2.1135000000000006,-3.8077343,-4.015147465361345,-3.8592503946160717
2025-05-26,2.2289999999999996,-5.478528,-3.9443336619666107,-4.6061345350175955
2025-05-27,1.4925000000000004,-6.9052033,-7.155359771062159,-6.443235091784599
2025-05-28,1.6184999999999998,-6.385042,-6.6323931966010665,-6.1630129785849
2025-05-29,2.731499999999999,-5.5094857,-5.643345453554813,-5.338223080754995
2025-05-30,1.4355,-7.068725,-7.299561429315325,-6.522962296293219
2025-06-02,0.7094999999999995,-5.930385,-6.189545539888679,-5.738931336180619
2025-06-03,0.7619999999999997,-7.231139,-7.302182035006654,-6.768648716013248
2025-06-04,1.8344999999999994,-6.341239,-6.279824419324338,-5.753143149295503
2025-06-05,2.0909999999999997,-6.414021,-6.054483253814848,-5.677372836976466
2025-06-06,3.631499999999999,-6.6882243,-6.3519731918169295,-5.957876692824084
2025-06-09,2.0130000000000003,-6.606464,-6.587074897217253,-6.051286948143967
2025-06-10,1.7369999999999997,-6.5928903,-6.518554924347786,-6.097330512143946
2025-06-11,1.4835,-6.106787,-6.114181058412091,-5.869100667862683
2025-06-12,0.7949999999999996,-6.1743007,-6.369562664617119,-6.11960252122336
2025-06-13,-0.6510000000000005,-6.24558,-6.079314785248478,-6.298022798449388
2025-06-16,0.8295000000000001,-5.640975,-5.52708810000045,-5.58257650428382
2025-06-17,-0.5594999999999996,-8.133551,-7.851978986282364,-7.44257396161865
2025-06-18,-0.2835000000000001,-7.310072,-7.502771157633354,-7.143496379287443
2025-04-23,1.6949999999999996,-6.0874968,-5.89007660663329,-5.804952189441654
2025-04-24,1.9065,-4.496059,-4.766484947664102,-4.746045134485194
2025-04-25,-2.73,-3.9633737,-3.701002263336614,-4.347033910305478
2025-04-28,-0.6554999999999996,-6.670466,-5.749361211850477,-6.02591667847318
2025-04-29,-1.323,-6.1072006,-5.792850350216925,-5.995007610411587
2025-04-30,-2.9025000000000003,-4.934927,-4.614929186640237,-5.021389790952393
2025-05-02,0.09149999999999991,-2.0490663,-3.6724741086955843,-3.084997370457816
2025-05-05,-0.8114999999999994,-6.448647,-6.507590797432077,-6.282264809612469
2025-05-06,-3.144,-4.203239,-4.413242613933405,-4.5454719647362
2025-05-07,-2.4885000000000006,-1.8389348,-2.001735639462768,-2.586083451299996
2025-05-08,-2.2679999999999993,-3.6325428,-2.867148438037291,-3.877913923213862
2025-05-09,-1.6769999999999998,-4.067558,-4.515334420586709,-4.503530067826566
2025-05-12,2.468999999999999,-6.9011397,-6.951401335810003,-6.2954382884923525
2025-05-13,2.5800000000000005,-5.292662,-4.779952179097254,-5.07679964912185
2025-05-14,2.272500000000001,-5.165226,-5.1636348561354515,-5.268474851266401
2025-05-15,2.2664999999999997,-6.0174055,-6.19267088212759,-5.9447165314338
2025-05-16,1.9934999999999998,-4.065317,-4.3430811151808255,-4.731010004219208
2025-05-19,2.196,-4.7526274,-4.646317632540013,-4.961958629792933
2025-05-20,1.6889999999999996,-5.3505416,-5.257028563000098,-5.345195065491123
2025-05-21,1.3125,-3.6425068,-3.7765455203019513,-4.38199198664916
2025-05-22,0.5010000000000004,-4.8269,-4.463173681492865,-4.852601513220957
2025-05-23,1.3650000000000002,-4.220345,-3.8410973112697118,-4.625369018216676
2025-05-26,1.152,-6.5246806,-4.506706740340901,-5.409751566653687
2025-05-27,0.9135000000000004,-6.6422887,-6.713965129920195,-6.155741775483307
2025-05-28,1.0425000000000004,-5.7704296,-5.843426453059151,-5.5139876293941725
2025-05-29,1.3155000000000003,-5.9133296,-6.065118266332964,-5.673602890097178
2025-05-30,1.4355,-6.993113,-7.118680154681462,-6.445476036510974
2025-06-02,0.9405000000000004,-6.041862,-6.0553790536246845,-5.7728022472926215
2025-06-03,0.08099999999999986,-6.3246045,-6.398718204049147,-6.1481321455024265
2025-06-04,0.3150000000000002,-7.119939,-7.361166275641664,-6.74704279108829
2025-06-05,0.8280000000000004,-7.1900907,-7.567283578061599,-6.7875667596891756
2025-06-06,3.052499999999999,-6.9919343,-7.501755781426417,-6.3522354080334305
2025-06-09,2.3880000000000003,-7.1547623,-7.092093186315054,-6.5821168444899865
2025-06-10,2.6835,-6.3793693,-6.200591214125454,-5.913034337492001
2025-06-11,2.0010000000000003,-5.948102,-5.993859878168438,-5.651818951162385
2025-06-12,-0.19800000000000004,-5.917357,-6.006098519222393,-5.786684521461443
2025-06-13,-0.8594999999999995,-5.455518,-5.053491063627098,-5.489486898634954
2025-06-16,-0.9704999999999998,-5.729507,-5.502781391921667,-5.6877325321540155
2025-06-17,-1.8525,-7.0152135,-6.457364966596632,-6.50299477774568
2025-06-18,-2.2199999999999993,-6.5074143,-5.990108366449302,-6.134987227923871
2025-04-23,1.8195000000000003,-7.2095904,-7.323582372761631,-6.75895524532105
2025-04-24,1.8344999999999994,-5.905419,-5.9645936664057055,-5.8581973958108176
2025-04-25,1.1760000000000004,-5.781318,-5.853006387359283,-5.6162806236176515
2025-04-28,1.2375,-5.3613863,-5.224715501716364,-5.263218736551405
2025-04-29,1.1219999999999994,-5.950669,-5.905146792987482,-5.730588146465556
2025-04-30,0.5070000000000003,-5.9726205,-5.822275836815424,-5.819462566946949
2025-05-02,0.47550000000000026,-5.4205856,-6.4205616310578755,-5.802034255812313
2025-05-05,0.7215000000000004,-6.420457,-6.1085676856603905,-6.086862969103887
2025-05-06,-0.7875,-3.837243,-4.052426953304173,-4.4745158695415785
2025-05-07,-0.21599999999999966,-3.6219997,-3.735769293614273,-4.118310576188472
2025-05-08,-1.3425000000000005,-7.946462,-8.442013666878594,-7.365261975390073
2025-05-09,-1.2869999999999997,-7.6313777,-8.834201160238846,-7.408679052302413
2025-05-12,0.8985000000000003,-7.0706,-6.617273107921007,-6.401247675590941
2025-05-13,1.4775000000000003,-6.018111,-5.720220698988752,-5.800837681020035
2025-05-14,2.0355,-5.706185,-6.0244785696402445,-5.677957732291505
2025-05-15,2.304,-5.5166783,-4.931387805139975,-5.19596680384451
2025-05-16,2.0639999999999996,-4.400568,-3.9647134192049704,-4.590363278592976
2025-05-19,2.4164999999999996,-3.9963164,-4.184612135838804,-4.401626032591742
2025-05-20,1.3905000000000005,-4.5531116,-5.230724757846519,-4.9714890847142374
2025-05-21,1.3469999999999995,-4.1298285,-4.180031517913423,-4.490574396161741
2025-05-22,0.9135000000000004,-5.306629,-5.416362415888804,-5.386291675574412
2025-05-23,1.4579999999999997,-3.6502109,-3.407505520969492,-4.045757176915926
2025-05-26,2.0264999999999995,-6.276114,-4.359660337542387,-5.190444054172287
2025-05-27,1.9815,-6.276114,-6.359096435708148,-5.841721975183063
2025-05-28,1.9530000000000003,-5.6345515,-5.812571611719763,-5.414367735561943
2025-05-29,2.4465000000000003,-5.8403935,-6.107016107808882,-5.497316040972226
2025-05-30,2.3249999999999997,-5.7610893,-5.903067237449144,-5.40128936181666
2025-06-02,2.0264999999999995,-5.6838756,-5.828466571217975,-5.42337901764838
2025-06-03,2.4795000000000003,-5.455096,-5.74129249492428,-5.184255216465414
2025-06-04,1.5374999999999999,-6.7173433,-6.996933214434542,-6.332154383685429
2025-06-05,2.046,-7.1048326,-6.931331014203245,-6.391107183890352
2025-06-06,3.631499999999999,-7.2098556,-7.0009037553014375,-6.212883406350358
2025-06-09,3.6675000000000004,-7.381518,-6.84121103218744,-6.241208190931658
2025-06-10,3.1005000000000003,-7.381518,-6.817077062522615,-6.422217057476088
2025-06-11,3.2039999999999997,-6.528591,-6.572005786672298,-6.032637075902025
2025-06-12,2.243999999999999,-6.0107274,-6.030700876178565,-5.783831653240305
2025-06-13,1.7985000000000002,-5.9468713,-5.864493236362037,-5.694597967415331
2025-06-16,1.2375,-4.789614,-4.5408163796761105,-4.905338131917586
2025-06-17,0.5954999999999998,-7.4387274,-6.86878732238062,-6.670578001422153
2025-06-18,0.5130000000000002,-6.056123,-5.602500859095914,-5.821540506268173
2025-04-23,2.4194999999999993,-6.784973,-6.903053946753574,-6.493736605090302
2025-04-24,2.142,-6.3687124,-6.567593574577976,-6.25181847081994
2025-04-25,1.5585,-5.8567305,-5.56491269341125,-5.420632328178149
2025-04-28,2.094,-6.1870074,-5.643762043355264,-5.489576100328782
2025-04-29,1.8315000000000001,-6.557447,-6.391210223819045,-5.995132106677479
2025-04-30,1.0739999999999994,-4.8110223,-4.774692010678704,-4.980021804334264
2025-05-02,2.0219999999999994,-4.8436546,-6.900054901615597,-5.463482039712058
2025-05-05,1.8614999999999995,-6.5729427,-6.372016739943489,-6.065795042654593
2025-05-06,-0.3900000000000002,-4.368518,-4.307178395294083,-4.697576212927523
2025-05-07,-0.010500000000000042,-4.2953486,-4.181328345685214,-4.400852826620734
2025-05-08,-0.6389999999999997,-7.728556,-8.121776731092261,-6.927249344022531
2025-05-09,-0.39899999999999947,-7.844003,-8.253832484260649,-6.979968872950019
2025-05-12,2.7029999999999994,-7.034972,-6.5331588245268595,-6.108276927497518
2025-05-13,2.435999999999999,-4.8963156,-4.7816877416299475,-5.005643720487044
2025-05-14,3.2055000000000007,-4.199757,-4.850755397197485,-4.570348880379215
2025-05-15,3.748499999999999,-4.0870285,-4.6416826347911915,-4.381444363773401
2025-05-16,3.7574999999999994,-2.237903,-2.8720171889027175,-3.0815943560753
2025-05-19,3.715499999999999,-3.7229326,-3.6753357591106357,-3.7828268709526074
2025-05-20,3.2175000000000002,-4.5011787,-4.867366000278724,-4.354996405191599
2025-05-21,2.952000000000001,-2.9061532,-3.291415318477279,-3.4672836621571084
2025-05-22,2.873999999999999,-4.7860174,-4.788694157558343,-4.607922383052404
2025-05-23,3.7829999999999995,-2.6865935,-2.783746903669717,-3.0855969450990735
2025-05-26,4.0545,-5.4543977,-3.4199978676629397,-4.30460034161533
2025-05-27,3.9720000000000004,-5.5081954,-5.7315383284753345,-5.060489320950278
2025-05-28,4.095,-4.9970584,-5.110307180009008,-4.705857172710412
2025-05-29,3.835499999999999,-6.197661,-5.55523470096982,-5.30730518628328
2025-05-30,3.8954999999999997,-6.7112613,-6.3212069379121365,-5.565152521425612
2025-06-02,3.061499999999999,-5.354623,-5.490335883103418,-4.86727445170485
2025-06-03,2.0699999999999994,-5.5451293,-5.457815661862671,-5.438969115508218
2025-06-04,2.5305000000000004,-6.832362,-6.442421572881951,-6.0771029679228645
2025-06-05,2.8904999999999994,-7.0797257,-6.356882962293413,-6.21662549132422
2025-06-06,3.089999999999999,-7.3349295,-7.246440698315274,-6.5779576951051215
2025-06-09,3.4784999999999995,-6.998012,-6.493959787036745,-6.128341217187694
2025-06-10,4.092,-5.7724814,-5.7907207603731985,-5.2928052119762325
2025-06-11,4.852499999999999,-5.874616,-6.140160178059473,-5.242448957010002
2025-06-12,3.2595000000000005,-5.503385,-5.597156572512494,-5.049122595178423
2025-06-13,1.9724999999999997,-5.901985,-5.573220556107475,-5.464631814030478
2025-06-16,1.0739999999999994,-5.378623,-5.189951921428851,-5.3314086464163974
2025-06-17,0.8039999999999999,-7.2349505,-6.500342484173988,-6.482276866838048
2025-06-18,0.30450000000000016,-6.4618163,-6.061745031591157,-6.045555140119026
2025-04-23,0.42300000000000004,-6.609299,-6.422152227901809,-6.464790566090455
2025-04-24,0.4769999999999999,-6.313493,-6.431924397228132,-6.280742075182767
2025-04-25,-1.869,-5.32524,-5.282958416857535,-5.496105509429274
2025-04-28,-0.8309999999999998,-6.927068,-7.04002638478728,-6.69969378803285
2025-04-29,-0.6434999999999998,-7.0950365,-6.961370218103026,-6.741134469179347
2025-04-30,-1.5824999999999996,-5.323952,-5.176007144987174,-5.452582804371144
2025-05-02,-2.3550000000000004,-5.667458,-6.704751254784763,-6.06964764148966
2025-05-05,-2.0655000000000006,-6.774099,-6.725489933725685,-6.4726486949134445
2025-05-06,-3.0135,-4.9578495,-5.035396142505567,-5.2908587943039755
2025-05-07,-3.1035,-4.3166027,-4.476224328096179,-4.903863301393292
2025-05-08,-2.5349999999999997,-8.625837,-8.958339090339472,-7.946309597934226
2025-05-09,-0.7815000000000001,-6.740037,-7.42446365088826,-6.583654990570338
2025-05-12,1.1744999999999997,-7.0578346,-6.843873981887584,-6.573636998837792
2025-05-13,1.4864999999999995,-4.2432046,-4.200792079466298,-4.831579613525825
2025-05-14,1.9275000000000002,-4.4605746,-5.134894402230976,-5.085027729450965
2025-05-15,1.1594999999999995,-5.89997,-5.900626738520187,-5.918858274425092
2025-05-16,1.8135000000000003,-4.574702,-4.942511005164749,-5.219245232595065
2025-05-19,3.339000000000001,-4.5957403,-4.542444448950797,-4.4919390572134015
2025-05-20,2.2574999999999994,-5.490971,-5.527528993951983,-5.35029314333853
2025-05-21,2.2755,-2.7967243,-3.208069184992177,-3.5570860799767026
2025-05-22,2.127000000000001,-5.1981583,-5.276424848324508,-5.1842976813198325
2025-05-23,1.7594999999999994,-4.692559,-4.336067083505334,-4.752093203430511
2025-05-26,2.7015000000000007,-6.282742,-3.67005953253218,-5.13709251732017
2025-05-27,1.9034999999999995,-6.165924,-6.202320971052403,-5.717057805958143
2025-05-28,2.743500000000001,-5.262634,-5.355646107801771,-4.973685867812646
2025-05-29,2.5350000000000006,-5.9691296,-6.068651081094459,-5.462798519525335
2025-05-30,4.031999999999999,-6.70383,-6.4320198035789256,-5.699324190449786
2025-06-02,3.1875,-6.4460745,-6.028492283471167,-5.454022129637099
2025-06-03,2.8904999999999994,-6.8523583,-6.328263077550943,-5.9332417666122454
2025-06-04,2.7390000000000008,-6.609131,-6.454935746174699,-5.850120891754628
2025-06-05,2.967,-6.780745,-6.534166156557754,-5.893293256731745
2025-06-06,2.8635000000000006,-6.4287324,-5.743080220929174,-5.579720369844532
2025-06-09,2.635499999999999,-7.2044873,-6.813425510325885,-6.27594128864811
2025-06-10,2.0054999999999996,-6.481878,-6.50195276875729,-6.040925250757317
2025-06-11,2.4119999999999995,-6.6306195,-6.5043063341095,-6.039602492741996
2025-06-12,1.1309999999999998,-6.4349294,-6.187965765346027,-6.095398518920838
2025-06-13,1.05,-6.6942053,-6.565792268921068,-6.249115145490568
2025-06-16,0.29099999999999965,-6.6166162,-6.530128002897963,-6.209461717714879
2025-06-17,0.5085000000000001,-7.769442,-7.386467787311808,-6.84828952601512
2025-06-18,0.38099999999999984,-5.7653675,-5.845553600774272,-5.731013012759491
2025-04-23,1.8449999999999995,-6.1661935,-6.070627574114344,-5.8014884270499865
2025-04-24,1.992,-5.867301,-5.978421814277145,-5.708781193669033
2025-04-25,1.5974999999999997,-6.068466,-5.9977128839613,-5.708945762629419
2025-04-28,1.7655000000000005,-5.8273416,-6.180763859803792,-5.602669620585421
2025-04-29,2.052,-5.591565,-5.789115445800009,-5.3015559524219285
2025-04-30,1.7309999999999999,-5.3001266,-5.226530001060697,-4.981469236828323
2025-05-02,1.0559999999999998,-5.327723,-6.647414698717895,-5.532567921526657
2025-05-05,1.4849999999999997,-5.9361753,-5.855241554110661,-5.448362366674864
2025-05-06,1.1610000000000003,-4.5071387,-4.916320987047296,-4.651455253224484
2025-05-07,1.6380000000000001,-4.469851,-4.570978599513798,-4.460403070755301
2025-05-08,1.125,-6.7582445,-6.952846501239522,-6.141329980442826
2025-05-09,0.40050000000000024,-8.583628,-9.32033608131767,-7.819612417614698
2025-05-12,1.7085000000000001,-7.3003044,-6.8329718727534665,-6.312263076253293
2025-05-13,1.0199999999999996,-6.890481,-6.957513152457175,-6.425707848306757
2025-05-14,1.4235000000000002,-5.827014,-5.917251323971178,-5.612926305654451
2025-05-15,1.8795000000000002,-5.3835115,-5.554634160396336,-5.125192142762798
2025-05-16,1.9320000000000004,-3.852326,-4.290641255178149,-4.255459216436616
2025-05-19,1.8539999999999999,-4.4711766,-4.658565627618655,-4.53426917938776
2025-05-20,0.7155000000000005,-6.18455,-6.509022911268384,-6.121538497881651
2025-05-21,0.8070000000000004,-4.412959,-4.715168231277255,-4.679123512531605
2025-05-22,-0.8280000000000004,-5.3192205,-5.027800818108244,-5.343949426761885
2025-05-23,-0.04650000000000034,-4.3196564,-4.629725783107033,-4.653782810722076
2025-05-26,0.7994999999999998,-6.0412364,-4.558962626119523,-5.109899189039127
2025-05-27,1.1400000000000001,-5.8518887,-6.066863448684953,-5.472335112942976
2025-05-28,0.8039999999999999,-6.216291,-6.230274483762833,-5.684738265686809
2025-05-29,0.8820000000000003,-5.7321815,-5.764682900001003,-5.318629152543655
2025-05-30,0.16799999999999962,-6.031091,-6.073022612965712,-5.786185097470841
2025-06-02,0.06750000000000042,-5.637666,-5.662634940654761,-5.544753279714843
2025-06-03,-0.5175000000000004,-5.138184,-5.876904771061869,-5.654524762879482
2025-06-04,-0.5445000000000003,-5.891647,-5.960386836580842,-5.823045383307374
2025-06-05,-0.3119999999999997,-5.891647,-5.910858063555788,-5.820176170163656
2025-06-06,-0.7199999999999995,-6.4373956,-6.4487771185419405,-6.214865703345795
2025-06-09,-0.5655000000000004,-6.446435,-6.542679251931765,-6.324219981646343
2025-06-10,-0.12899999999999992,-6.2803807,-6.458178360460633,-6.146590208201013
2025-06-11,0.010500000000000042,-6.235089,-6.376415526338229,-6.120543985475988
2025-06-12,-1.7324999999999995,-5.4850497,-5.246920326993864,-5.5845462279876275
2025-06-13,-1.9905000000000004,-6.297205,-6.587155126463122,-6.358723022485861
2025-06-16,-2.244,-6.7107053,-6.930063032806779,-6.638211138551517
2025-06-17,-2.2395,-7.0453153,-6.895258808228392,-6.664025269725891
2025-06-18,-2.5005,-6.533771,-5.980899303297378,-6.10468153474344
2025-04-23,-0.2010000000000005,-6.670083,-6.7818603884085435,-6.385106683226507
2025-04-24,-0.9434999999999998,-6.8818603,-6.963377528865772,-6.819882756138153
2025-04-25,-1.575,-6.36879,-6.191083362112528,-6.364500084333923
2025-04-28,-1.3605,-7.0017843,-6.858924719199329,-6.779044130605017
2025-04-29,-1.2630000000000001,-7.915617,-7.997803425779487,-7.433897686505666
2025-04-30,-2.6010000000000004,-6.229607,-6.511219176453741,-6.365575839636054
2025-05-02,-2.0130000000000003,-6.0243907,-7.034416271151477,-6.406557298891359
2025-05-05,-1.8315000000000001,-7.2348723,-7.17671723844604,-6.797666844388161
2025-05-06,-2.7434999999999996,-4.887914,-4.886284482160929,-5.2275571287878355
2025-05-07,-2.6235000000000004,-5.9318113,-5.949816592243038,-6.023231785726808
2025-05-08,-2.055,-3.2238908,-3.6285838214749813,-3.9913294181860426
2025-05-09,-0.5385000000000005,-1.4151068,-1.8449199618877388,-2.2647452872491654
2025-05-12,2.1029999999999993,-6.552569,-5.909011525976857,-5.896683924161265
2025-05-13,1.7204999999999997,-4.764555,-4.612699759340983,-5.007307324041666
2025-05-14,2.1975000000000007,-4.451025,-4.783987685805201,-4.925579521364172
2025-05-15,2.593500000000001,-5.945666,-6.557465305575549,-5.929193242315397
2025-05-16,3.0194999999999994,-3.9890356,-4.109731997834484,-4.378735182257329
2025-05-19,3.7635000000000005,-4.6808877,-4.731534159165739,-4.811457930956289
2025-05-20,2.3760000000000003,-5.3593082,-5.38940369079926,-5.266411915756104
2025-05-21,2.4225000000000008,-3.548012,-4.287707262663074,-4.355434106062074
2025-05-22,4.3245,-7.341419,-6.938796446173624,-6.575408031415862
2025-05-23,4.336499999999999,-6.2681975,-6.051702762287211,-5.799753599728868
2025-05-26,3.8324999999999996,-8.155615,-6.276101389757702,-6.498027948343488
2025-05-27,3.6630000000000003,-8.155615,-7.957820346239491,-7.15779136588841
2025-05-28,3.8489999999999993,-7.246126,-6.84830435588034,-6.413792227869243
2025-05-29,3.7244999999999995,-7.6180325,-7.881720778545997,-7.050127605652686
2025-05-30,3.552000000000001,-7.167653,-6.7767017475382785,-6.5265687659876175
2025-06-02,3.431999999999999,-7.171176,-6.7767017475382785,-6.525657502556228
2025-06-03,3.614999999999999,-7.070309,-6.671708811920294,-6.363498407748595
2025-06-04,3.7635000000000005,-5.78872,-5.840052704818883,-5.543602061219032
2025-06-05,3.7470000000000003,-5.69031,-5.749053661415671,-5.451857031192965
2025-06-06,3.9749999999999996,-4.9736967,-5.084919137350161,-4.923761757655785
2025-06-09,3.6165,-6.424119,-6.381441155620447,-6.102400744787165
2025-06-10,3.702000000000001,-5.149183,-5.403072414889622,-5.341455533260566
2025-06-11,4.035000000000001,-5.302536,-5.513791819128553,-5.387676051942927
2025-06-12,3.2415,-6.1143,-6.236011639609084,-6.115856764004874
2025-06-13,2.5079999999999996,-6.138273,-6.004224088372295,-5.994684826273894
2025-06-16,1.9590000000000003,-7.012793,-6.665685762706719,-6.6648302533627914
2025-06-17,1.6875,-6.989057,-7.286518065827071,-6.724282240428677
2025-06-18,1.4204999999999999,-7.066198,-6.8144857026650465,-6.644003992517933
2025-04-23,1.3605,-8.894121,-9.655528589799514,-8.609809180256594
2025-04-24,1.329,-7.410437,-8.029794260882168,-7.520888975734218
2025-04-25,-1.9514999999999996,-6.5373287,-6.342935233491068,-6.4326465631800405
2025-04-28,-0.2025000000000002,-8.8660755,-9.21279732165722,-8.15803597669354
2025-04-29,0.10050000000000026,-7.0979934,-7.253686173774269,-6.978974192432765
2025-04-30,-1.0349999999999997,-7.8475304,-8.786552160457298,-7.614815009675307
2025-05-02,-0.8400000000000002,-6.589696,-7.586640906264615,-6.7615577935385796
2025-05-05,-0.8639999999999997,-6.5777583,-6.486795180568471,-6.491599241903767
2025-05-06,-4.047,-3.9114957,-3.9711655825833634,-4.4867082332024575
2025-05-07,-3.4154999999999998,-3.696514,-3.855565519078222,-4.3319247650169554
2025-05-08,-3.7769999999999997,-6.6831417,-6.892423700589589,-6.334367648926668
2025-05-09,-2.8874999999999997,-7.0791817,-7.835199686461325,-6.809606401508564
2025-05-12,-0.3929999999999996,-7.378727,-7.128107987759243,-6.895758839156818
2025-05-13,0.49499999999999955,-4.1462355,-4.258013674720769,-4.871071764668289
2025-05-14,2.775,-4.700375,-5.403483877863175,-5.19027150833601
2025-05-15,2.2800000000000002,-4.994654,-4.9457440120845355,-5.227292216892327
2025-05-16,1.7429999999999997,-3.188872,-3.4939958689456123,-4.262743010537688
2025-05-19,2.9145000000000008,-4.3069243,-4.630350471021305,-4.566969180481281
2025-05-20,2.302499999999999,-5.057869,-5.541158392578324,-5.198892215051317
2025-05-21,2.210999999999999,-2.3555834,-3.117595328859151,-3.503951761653542
2025-05-22,3.2925000000000004,-4.8826103,-4.7670285519200934,-4.631942596872039
2025-05-23,3.443999999999999,-3.7396307,-3.6219650196207165,-3.911400505468135
2025-05-26,3.552000000000001,-7.1973023,-3.8302292231930797,-5.125555994042435
2025-05-27,3.4484999999999992,-6.592189,-6.4439652539641905,-5.666439715015622
2025-05-28,3.6465,-5.299316,-5.769927257796069,-4.8609982758220776
2025-05-29,4.026000000000001,-5.29425,-5.5487873438696615,-4.732863032646629
2025-05-30,3.7350000000000008,-5.917244,-5.680147864822552,-5.1195622606420805
2025-06-02,4.3005,-4.947905,-5.177234703219848,-4.466516760092361
2025-06-03,4.148999999999999,-5.2684464,-5.388303348759335,-4.736895045010315
2025-06-04,4.260000000000001,-6.442816,-6.108092870614496,-5.555572828320185
2025-06-05,4.635000000000001,-6.4606223,-6.31822109684356,-5.54814502877594
2025-06-06,4.0245,-6.3423448,-6.550817962736866,-5.7865236207886825
2025-06-09,4.573499999999999,-6.183397,-6.023063155418874,-5.356437455886546
2025-06-10,4.135499999999999,-5.6072154,-5.425944939636785,-5.049575655924135
2025-06-11,4.244999999999999,-4.844223,-5.372955863887879,-4.667003930997473
2025-06-12,3.1755,-4.681983,-4.936640897282258,-4.340749933703182
2025-06-13,1.4369999999999996,-5.5760884,-5.271362119711997,-5.18362549946172
2025-06-16,1.6755000000000002,-5.137741,-5.080537749723871,-4.8370787300099005
2025-06-17,1.0935,-7.1676784,-6.615514576350227,-6.315514331872273
2025-06-18,0.22499999999999998,-5.1576653,-4.682983108091683,-5.007606326856636
2025-04-23,-0.2894999999999999,-6.757349,-6.831063295964305,-6.703980616019447
2025-04-24,-0.36449999999999994,-6.282126,-6.587432605037194,-6.433619493992146
2025-04-25,-1.2914999999999999,-6.5046806,-6.475725362535065,-6.479608800442094
2025-04-28,-1.5195000000000003,-5.5658736,-5.690418934772434,-5.848879247938739
2025-04-29,-0.03449999999999953,-6.232833,-6.336755771865409,-6.0854639653095335
2025-04-30,-1.5329999999999997,-5.438992,-5.886893796269348,-5.798233169791169
2025-05-02,-1.9934999999999998,-5.331098,-6.24443443014281,-5.869846636781757
2025-05-05,-1.8735000000000002,-6.558526,-6.750053471447045,-6.475451262766918
2025-05-06,-1.5659999999999996,-5.1047654,-5.403587499490431,-5.20747238797744
2025-05-07,-2.529,-4.402903,-4.674226586776669,-4.94666055411915
2025-05-08,-2.2215000000000003,-7.1332135,-7.498548845381627,-6.844339497741819
2025-05-09,-2.0820000000000003,-7.5777426,-8.373903180632311,-7.224809053288557
2025-05-12,-1.0935,-7.367223,-7.1841734721952335,-6.880742529474457
2025-05-13,0.061499999999999486,-6.810554,-6.85861051586971,-6.627093983519869
2025-05-14,0.057000000000000384,-5.349379,-4.9173804402521615,-5.5595395248746495
2025-05-15,-0.8025000000000002,-6.7585783,-6.965911833172776,-6.765242970366283
2025-05-16,-0.6164999999999999,-5.559364,-5.709316063292093,-6.00240217976057
2025-05-19,-0.26849999999999985,-6.4595804,-6.630331629386639,-6.490549169705343
2025-05-20,-0.19949999999999973,-6.965757,-7.339878217152294,-6.772804875322163
2025-05-21,-0.4590000000000003,-6.062017,-6.339666919073042,-6.251450570821015
2025-05-22,-0.5039999999999999,-7.1932187,-7.3401551690605915,-6.954917125424236
2025-05-23,-0.36449999999999994,-6.0882645,-6.339389967164745,-6.2092807470668205
2025-05-26,-0.044999999999999575,-7.7396274,-6.339389967164745,-6.858578697772435
2025-05-27,0.44549999999999984,-7.947234,-7.904744823286714,-7.419645978585675
2025-05-28,1.1175000000000004,-7.245404,-7.191763378428642,-6.844322022559819
2025-05-29,1.0275,-7.2958856,-7.461175882946079,-6.898263268734992
2025-05-30,1.4474999999999998,-6.756775,-6.838899106233468,-6.411317561332768
2025-06-02,2.6954999999999996,-6.98622,-7.411485279436951,-6.650979018629011
2025-06-03,1.323,-7.287441,-7.510895909863707,-6.916471590178201
2025-06-04,2.0295,-6.83185,-7.046005350334323,-6.269803922537558
2025-06-05,1.6739999999999995,-7.0475616,-7.268782527252157,-6.68604421518742
2025-06-06,1.3260000000000005,-7.364309,-7.40765702203027,-6.840068122569788
2025-06-09,1.0724999999999998,-6.1152625,-5.953378127145426,-5.913826315716633
2025-06-10,1.098,-6.6506786,-6.758594774322672,-6.405887930103372
2025-06-11,1.4355,-6.58829,-6.528490216671751,-6.240302886944611
2025-06-12,1.2764999999999997,-5.2452292,-5.458982630953736,-5.319813392136479
2025-06-13,0.9690000000000001,-6.3984423,-6.5026015962421715,-6.157693228339077
2025-06-16,0.5730000000000001,-6.4961786,-6.60905341888326,-6.222665176938711
2025-06-17,-0.2940000000000001,-8.014331,-7.748285196783241,-7.139766807966082
2025-06-18,-0.9059999999999998,-6.993951,-6.963842950920411,-6.582186889561779
2025-04-23,0.38699999999999973,-7.021088,-7.005960132609077,-6.902775834913982
2025-04-24,1.6905000000000003,-6.431811,-6.58458846863098,-6.344044446726719
2025-04-25,0.40949999999999953,-6.364259,-6.474283761411743,-6.189615313571768
2025-04-28,0.0375,-6.6984706,-6.493364661139802,-6.539180928445592
2025-04-29,0.4514999999999997,-6.980852,-6.745209875180048,-6.667197763062898
2025-04-30,0.43949999999999995,-6.1770086,-5.955314768440477,-6.052914290873893
2025-05-02,0.03449999999999953,-5.197045,-6.038671363299894,-5.629848027724421
2025-05-05,0.6119999999999998,-6.698988,-6.448924851150966,-6.38886891786344
2025-05-06,-0.498,-5.1325717,-5.034689177859857,-5.25056593251127
2025-05-07,-0.34949999999999976,-5.8709326,-5.684075835329044,-5.749173731994311
2025-05-08,-1.0050000000000003,-7.5524354,-7.969751505874725,-7.14229921322564
2025-05-09,-0.8400000000000002,-8.349865,-8.657377702691814,-7.663868156442791
2025-05-12,0.20850000000000007,-7.8660855,-7.526776438935231,-7.074404969097477
2025-05-13,1.7235000000000003,-6.4171095,-6.873297594105725,-6.420566161294602
2025-05-14,1.7864999999999995,-6.5565953,-7.574469960375508,-6.497647969766929
2025-05-15,2.058,-5.9583945,-6.361686069702861,-5.9274907183784755
2025-05-16,1.8465000000000003,-3.9618416,-4.250049187786839,-4.597790483031984
2025-05-19,1.6425000000000003,-5.5950875,-5.537311496134343,-5.65583367152203
2025-05-20,1.6889999999999996,-5.5647783,-5.815128004859736,-5.292514037452524
2025-05-21,1.5329999999999997,-4.3048058,-4.436292501619679,-4.715139727846705
2025-05-22,0.4815000000000001,-5.0029545,-4.776732388401628,-4.986743756868391
2025-05-23,-0.09299999999999961,-3.6669385,-3.996565778367858,-4.321830656999026
2025-05-26,0.4769999999999999,-6.064873,-4.093625886050112,-5.238383461010689
2025-05-27,0.6554999999999996,-6.5246806,-6.5718026274594585,-6.208936281742427
2025-05-28,0.873,-5.933285,-5.976765799611001,-5.645787863570659
2025-05-29,1.1760000000000004,-6.1099806,-6.020179724794909,-5.772948060004089
2025-05-30,1.1474999999999997,-6.2447867,-6.41295480588139,-6.044053131057678
2025-06-02,0.5340000000000004,-6.213564,-6.307104938832011,-6.035853333977103
2025-06-03,0.5070000000000003,-6.0404196,-6.203798559950668,-5.800515584168625
2025-06-04,0.33749999999999997,-6.4074707,-6.554958622405008,-6.15579025248293
2025-06-05,0.975,-6.3828273,-6.489969986851653,-6.100424503553984
2025-06-06,1.002,-7.6416044,-7.900150967685513,-7.117820744846664
2025-06-09,1.0304999999999995,-7.2021203,-7.201244180985658,-6.7493110438099535
2025-06-10,1.1594999999999995,-5.9850693,-6.086143342490261,-5.843025021558671
2025-06-11,1.7744999999999997,-5.9134035,-6.020321845950476,-5.770246273278943
2025-06-12,2.0685,-5.361047,-5.610470396417159,-5.247580592509294
2025-06-13,1.3574999999999995,-5.9890966,-6.069023627053021,-5.760552878651371
2025-06-16,1.0394999999999999,-5.799749,-5.868117107057909,-5.608647955634009
2025-06-17,0.498,-7.0803876,-6.825441457081367,-6.445458067346204
2025-06-18,-0.08249999999999957,-6.1251926,-6.184286843523579,-5.959163495680029
2025-04-23,-0.0389999999999997,-6.569859,-6.644679843401479,-6.528792452765906
2025-04-24,-0.1635000000000005,-6.8260984,-6.430509215653979,-6.515187820054668
2025-04-25,-1.3545,-5.801766,-6.188281065453906,-6.194767858604372
2025-04-28,-0.8565000000000002,-6.4369655,-6.314104302918243,-6.2353129942430545
2025-04-29,-0.6,-7.6212444,-7.559647727836012,-7.0219060400836115
2025-04-30,-1.6800000000000004,-6.0057383,-6.150529485330541,-5.906720158735989
2025-05-02,-1.6395,-6.0033913,-6.229546431830512,-5.947509149316705
2025-05-05,-1.8135000000000003,-7.2571554,-7.146376744306433,-6.732392195812422
2025-05-06,-3.153,-4.701431,-4.279114532714547,-4.839815780128651
2025-05-07,-3.045,-4.5060816,-4.776088527262733,-4.819425612010983
2025-05-08,-2.7809999999999997,-8.126506,-7.921590829193106,-7.383056808689979
2025-05-09,-2.6715000000000004,-3.4146867,-3.854923518575098,-3.973166133117707
2025-05-12,0.5474999999999998,-7.177875,-6.97908586190387,-6.42526596952485
2025-05-13,1.3395,-4.12593,-3.9684420711580657,-4.5395315811137245
2025-05-14,1.1489999999999994,-4.317347,-4.447268763872637,-4.828544096036442
2025-05-15,0.9405000000000004,-5.8910522,-5.738216553189187,-5.900954682736019
2025-05-16,1.6065,-4.0902596,-3.6432744915431807,-4.381030216189159
2025-05-19,2.0955,-4.6848545,-4.5905117363231644,-4.836141121159215
2025-05-20,0.7650000000000002,-5.228971,-5.044830482092024,-5.086867477606716
2025-05-21,0.8849999999999998,-3.9248908,-3.773603558117985,-4.304809763200922
2025-05-22,1.2179999999999995,-5.902612,-5.608405883396128,-5.551308471663401
2025-05-23,2.6654999999999993,-3.8793197,-4.164686621182184,-4.008110428764111
2025-05-26,3.8295,-7.1345854,-4.849051613739782,-5.389917198219431
2025-05-27,3.2430000000000008,-6.97993,-7.005544648154583,-6.096014245164736
2025-05-28,3.523499999999999,-6.459769,-6.453376782784743,-5.743686498353947
2025-05-29,5.269499999999999,-6.5303845,-6.656176370896181,-5.562334007744452
2025-05-30,3.1409999999999996,-6.666646,-6.042165269056928,-5.6502714266087715
2025-06-02,2.934,-7.4492626,-6.539343299708688,-6.150625786266945
2025-06-03,2.433,-6.651277,-7.343855802230892,-6.272297310339126
2025-06-04,2.304,-7.6354437,-8.097184622210678,-6.715376648065522
2025-06-05,3.2609999999999992,-7.2063794,-7.87423156168262,-6.308303437714067
2025-06-06,3.460499999999999,-7.1354356,-7.12003629970213,-6.2613052034260654
2025-06-09,3.5085,-6.3623877,-6.223374859062996,-5.706837947829239
2025-06-10,3.7470000000000003,-6.7460537,-6.24862881167427,-5.73218160395631
2025-06-11,3.6060000000000008,-6.8676977,-6.142946993823852,-5.805587198225275
2025-06-12,3.492,-4.822515,-5.044627368790803,-4.6959931043718175
2025-06-13,2.4585,-5.3656044,-5.281444489503412,-5.16533794485036
2025-06-16,2.1165,-4.964279,-5.033081209480219,-4.933671905695606
2025-06-17,1.4909999999999997,-7.097168,-6.554276276331347,-6.291664576466285
2025-06-18,1.3829999999999998,-6.375464,-6.036527259768005,-5.778681249578739
2025-04-23,-1.0469999999999995,-8.483324,-8.104046753891904,-8.013064355515194
2025-04-24,-0.6704999999999998,-8.335377,-8.605474672260257,-8.01996695370737
2025-04-25,-1.329,-6.5439744,-6.051919080250225,-6.3634339993775155
2025-04-28,-1.0559999999999998,-7.9641695,-7.855047917624482,-7.648244374818619
2025-04-29,0.09749999999999978,-6.6591487,-6.409568277072927,-6.377032248139316
2025-04-30,-0.5324999999999995,-5.820724,-5.642895207093642,-5.749297582568299
2025-05-02,-1.965,-2.1739068,-3.4208412857051202,-3.6462304446598552
2025-05-05,-2.2994999999999997,-3.9401255,-4.080417555444432,-4.4183919651187535
2025-05-06,-2.2184999999999997,-1.9533589,-1.5335525669470877,-2.478692707091468
2025-05-07,-3.8789999999999996,-1.5661919,-2.857323574164377,-3.163912502858837
2025-05-08,-3.7365,-5.1860104,-4.672396419105721,-4.872792467542585
2025-05-09,-2.871,-4.375731,-5.11770245629566,-4.657510770774091
2025-05-12,-0.9885000000000005,-4.2422667,-5.470166657460518,-5.352556787099989
2025-05-13,1.2675000000000003,-4.474157,-4.860101016680374,-5.152049958393588
2025-05-14,1.452,-3.7175324,-4.384006586719612,-4.63170065176805
2025-05-15,1.4789999999999999,-4.474402,-4.990421727586513,-5.132487310504466
2025-05-16,0.5594999999999996,-6.068256,-6.202301302184576,-6.3680534600166085
2025-05-19,0.8489999999999994,-5.9142475,-5.545044565923514,-6.1077430448853915
2025-05-20,1.2554999999999996,-7.849726,-8.006515794054792,-7.399717110643379
2025-05-21,1.2449999999999994,-5.4481974,-5.210105703175535,-5.627023033720332
2025-05-22,1.1460000000000001,-6.8921175,-6.5543287576384905,-6.5294556257796295
2025-05-23,2.377499999999999,-5.1038146,-4.792045642983335,-5.0883326002812135
2025-05-26,2.473499999999999,-6.0089154,-3.9913105342935427,-5.028020922394447
2025-05-27,2.314500000000001,-6.10906,-5.830783649796272,-5.618097491550584
2025-05-28,3.0180000000000007,-2.2416751,-2.1815170882761934,-2.5920427764143437
2025-05-29,3.839999999999999,-6.845196,-6.902414324639092,-6.091421138907637
2025-05-30,4.347,-6.8648214,-6.839787835108375,-5.9749789527561585
2025-06-02,2.618999999999999,-6.73587,-6.763644388972266,-6.21536940570995
2025-06-03,4.082999999999999,-7.4834476,-7.076563061361666,-6.356549207099121
2025-06-04,4.106999999999999,-6.552831,-6.724709990423465,-5.945736135361882
2025-06-05,4.897500000000001,-5.25131,-5.13167435635671,-4.735253017017307
2025-06-06,4.856999999999999,-6.370377,-6.191350624639222,-5.611940081583568
2025-06-09,5.952000000000001,-6.632574,-6.7224438502757815,-6.090616847384705
2025-06-10,4.5675,-5.612373,-5.678799603817774,-5.080942350521306
2025-06-11,4.2989999999999995,-4.4212885,-4.849025246897773,-4.35068269810204
2025-06-12,3.5970000000000004,-4.885391,-4.637061146272461,-4.544843116998883
2025-06-13,3.314999999999999,-5.3850245,-5.7453665322690854,-4.99117332873185
2025-06-16,2.0369999999999995,-6.118517,-7.109664719987052,-5.924255769393839
2025-06-17,3.6225000000000005,-6.03363,-5.986689012447123,-5.326840523824556
2025-06-18,1.9784999999999995,-7.0441923,-6.8980554053805045,-6.367257804395388
2025-04-23,3.3720000000000003,-5.610732,-5.43804343258439,-5.175826545434292
2025-04-24,2.85,-4.443172,-4.49891710405115,-4.538882877620667
2025-04-25,2.585999999999999,-5.562398,-5.509106797194401,-5.238793477770448
2025-04-28,1.8539999999999999,-6.864121,-7.769388939352601,-6.853350644801543
2025-04-29,1.5704999999999998,-6.2888107,-6.327913208329371,-6.169059799525444
2025-04-30,0.30749999999999955,-5.2529225,-4.8320020206395435,-5.055155518323666
2025-05-02,-0.31050000000000005,-4.429278,-5.374743026773268,-4.9392735903752545
2025-05-05,-0.2400000000000002,-3.777303,-3.4051197053332865,-3.896207599998403
2025-05-06,-2.103,-3.0591187,-3.019844149565628,-3.698026242786295
2025-05-07,-2.2664999999999997,-1.2621901,-2.434283095283987,-2.754373924551254
2025-05-08,-2.5065,-4.0223227,-3.7257757541176004,-4.114373036239748
2025-05-09,-2.5005,-3.5440924,-3.579146566653219,-3.866747828360197
2025-05-12,0.08550000000000003,-7.061193,-6.8244653116885,-6.409969692079115
2025-05-13,1.7625,-4.4889126,-4.776609649628291,-4.9962625813761035
2025-05-14,1.1969999999999994,-4.6215215,-4.6858624587827356,-5.0335705548613925
2025-05-15,1.023,-5.7481093,-5.527869344153613,-5.710650251014675
2025-05-16,1.2840000000000003,-4.326016,-4.473368160040599,-4.867753280341097
2025-05-19,0.2594999999999995,-5.5485225,-5.586847626235032,-5.703607712121974
2025-05-20,1.4309999999999998,-4.9513707,-5.159456530653731,-4.886234157245188
2025-05-21,-0.0389999999999997,-3.8889236,-4.311809040980129,-4.3867333329847265
2025-05-22,-0.40199999999999997,-5.9828043,-5.618255647143344,-5.417681904035835
2025-05-23,-0.17100000000000007,-3.09283,-3.658554478338037,-3.7600406348656388
2025-05-26,1.1594999999999995,-6.778506,-4.802817776342476,-5.63470452699494
2025-05-27,1.8119999999999996,-6.015643,-6.082114120123088,-5.4891717372534625
2025-05-28,1.1204999999999998,-5.4654183,-5.571311947286591,-5.039769348727675
2025-05-29,3.0119999999999996,-4.8570185,-4.96808836319388,-4.766143266852308
2025-05-30,2.318999999999999,-5.5269766,-5.541606148399524,-5.080769131449289
2025-06-02,0.9585,-5.7557797,-5.849362160880063,-5.476445675237693
2025-06-03,1.1684999999999999,-7.1253486,-7.361166275641664,-6.585533568852442
2025-06-04,3.2055000000000007,-6.166339,-6.297488364444946,-5.772084303377562
2025-06-05,1.1070000000000004,-5.1082835,-5.061079021587899,-4.957330593815375
2025-06-06,2.934,-6.407861,-6.335716777361271,-5.632095224511752
2025-06-09,4.188,-5.1282334,-5.214268238310093,-4.65342263548011
2025-06-10,5.617500000000001,-5.2634254,-5.230135752301831,-4.904845415298893
2025-06-11,6.1995,-5.5030246,-5.5964627274168315,-5.123433485561977
2025-06-12,2.5545,-6.3440413,-6.348281926722684,-5.964740872947095
2025-06-13,1.3724999999999998,-5.2317996,-5.14074525958514,-5.134951545376469
2025-06-16,1.2434999999999998,-5.092246,-4.7655476584298455,-5.097480244753147
2025-06-17,-0.040500000000000466,-7.1942797,-6.50746722145565,-6.452811412662434
2025-06-18,-0.1260000000000005,-6.251736,-5.810276214451862,-5.860220901338747
2025-04-23,3.8249999999999997,-5.0654116,-5.7468618569485885,-5.013143645190995
2025-04-24,3.4335,-4.6921544,-5.531408162434512,-4.80119308417232
2025-04-25,1.7400000000000002,-6.4367514,-6.542281035842168,-5.982916507287678
2025-04-28,3.0074999999999994,-5.493662,-5.810952862778262,-5.221365424250092
2025-04-29,2.946,-5.153785,-5.746200518480439,-4.8966988052390175
2025-04-30,1.4070000000000003,-2.9079385,-3.6133004344864745,-3.435035633345552
2025-05-02,1.0815000000000001,-3.30449,-4.891714065923165,-4.121543009738113
2025-05-05,2.007,-6.0787873,-5.813024552459906,-5.688478002913864
2025-05-06,-1.2554999999999996,-2.6241844,-3.2688850572201407,-3.32440925985167
2025-05-07,-0.9329999999999998,-2.194342,-3.048949678005737,-3.160780195309502
2025-05-08,-1.8239999999999994,-4.0799284,-3.610383913697482,-3.9114411143127947
2025-05-09,-2.5260000000000002,-3.4067717,-3.0666185444739984,-3.671260558284467
2025-05-12,1.4505000000000001,-5.313841,-5.148788621197598,-4.9280777610985265
2025-05-13,0.2954999999999998,-4.1596236,-4.1819438504579685,-4.390850944283742
2025-05-14,0.975,-4.295477,-3.961651792654969,-4.237184665408309
2025-05-15,1.1505000000000003,-5.444682,-5.147363520602254,-5.107693721024852
2025-05-16,0.9780000000000004,-3.2709754,-3.238050015997712,-3.8163121054899882
2025-05-19,1.5824999999999996,-4.374349,-4.5186350081639235,-4.442564161527922
2025-05-20,0.04349999999999987,-5.491127,-5.82239434081239,-5.405106235137927
2025-05-21,0.11700000000000016,-4.1362386,-4.226555164833618,-4.467095944774741
2025-05-22,0.5849999999999997,-5.216102,-5.228128150027546,-4.825686530217313
2025-05-23,0.37049999999999983,-3.4690764,-3.5103185316162073,-4.0065114063640275
2025-05-26,1.2554999999999996,-6.1124706,-4.274744334948873,-5.070859969438673
2025-05-27,0.5519999999999999,-6.1159935,-6.318852778830651,-5.701478294458822
2025-05-28,0.7320000000000003,-5.685699,-5.881425438574099,-5.402573903551259
2025-05-29,0.7755000000000002,-5.666249,-5.865022864744687,-5.41585958862727
2025-05-30,-0.05100000000000051,-6.3226004,-6.16911178322225,-6.02290504833369
2025-06-02,0.17550000000000024,-6.449929,-6.638527009351264,-6.1697872074192786
2025-06-03,-1.2224999999999997,-6.764471,-6.330118313697092,-6.61405917572079
2025-06-04,0.3585000000000001,-6.350059,-6.321643048130685,-6.180056226510352
2025-06-05,0.9150000000000001,-6.1468887,-6.097606858502147,-5.863952069876295
2025-06-06,1.9934999999999998,-5.1996403,-5.197501621751285,-4.936852278231199
2025-06-09,2.497500000000001,-5.754123,-5.4540928815867575,-5.134403758372958
2025-06-10,3.4515000000000007,-4.273271,-5.019030752103702,-4.581430758452398
2025-06-11,1.7744999999999997,-6.1714125,-6.252474523028913,-5.8291563491096525
2025-06-12,0.32100000000000006,-6.821788,-6.851060614196958,-6.695450125264708
2025-06-13,-1.0635000000000006,-5.8727646,-5.7047230297058436,-6.0984091162159
2025-06-16,-0.8534999999999996,-5.8624067,-5.79795118252228,-5.680745219005592
2025-06-17,-2.1329999999999996,-7.053049,-6.739526323136367,-6.667362171933693
2025-06-18,-2.7914999999999996,-6.82539,-6.783854770390503,-6.788219986290481
2025-04-23,0.8999999999999999,-6.2673006,-6.417859026518336,-6.290503754270432
2025-04-24,0.42300000000000004,-6.0661373,-6.719659067187603,-6.09367928616663
2025-04-25,-2.0505,-6.116027,-6.725678955691088,-6.400455657588436
2025-04-28,-1.9139999999999997,-6.023782,-6.191823365497039,-6.165554577080516
2025-04-29,-1.248,-6.345727,-6.769295346182619,-6.341154739136883
2025-04-30,-1.371,-2.4755995,-3.210659002363487,-3.3673664758486628
2025-05-02,-1.5869999999999997,-2.5025544,-4.114327182505853,-3.8952657824674244
2025-05-05,-1.1594999999999995,-3.349926,-3.234599199994378,-3.743322064491284
2025-05-06,-2.154,-2.4856818,-2.001388162778462,-3.0544945097014806
2025-05-07,-1.5,-2.1669307,-1.8876050985436637,-2.9267933300404207
2025-05-08,-1.3800000000000003,-3.6683998,-3.5531218110890688,-3.8275216523488886
2025-05-09,-0.8610000000000003,-2.8301637,-3.2899698634476087,-3.3829076174511523
2025-05-12,0.8715000000000003,-4.739091,-4.609366906093806,-4.834501689472248
2025-05-13,1.1550000000000005,-6.434715,-6.524487356162612,-6.4535684908254085
2025-05-14,1.8255000000000001,-6.7964354,-7.3613047036162245,-6.777793073537947
2025-05-15,3.738,-5.885753,-5.7822200247237285,-5.732360867630668
2025-05-16,3.022500000000001,-3.8513663,-4.258549641283428,-4.269772371439799
2025-05-19,2.7345000000000006,-4.054981,-4.194223057175696,-4.386602585979857
2025-05-20,2.2635000000000005,-5.596387,-5.799976449363586,-5.46900413596512
2025-05-21,2.0489999999999995,-4.130143,-4.356218360462035,-4.467421470853998
2025-05-22,1.6739999999999995,-4.8657556,-4.743298619348402,-4.783226774852491
2025-05-23,2.0475,-3.2318244,-3.588667224783322,-3.820000855339931
2025-05-26,2.719499999999999,-5.7637873,-3.6996821739281636,-4.6811525874374045
2025-05-27,2.752499999999999,-6.8605976,-6.899343765375392,-6.074279323673155
2025-05-28,2.7569999999999992,-5.4597383,-5.3825339522133255,-5.0314843792843105
2025-05-29,3.1755,-6.643399,-6.184356884317216,-5.699309338967721
2025-05-30,4.573499999999999,-6.154252,-5.552709242497736,-4.925544475192445
2025-06-02,2.067,-4.9772506,-5.205308526730529,-4.768002266845544
2025-06-03,2.802000000000001,-6.4465837,-6.728319498575649,-5.7568546875933855
2025-06-04,2.3505000000000003,-6.37608,-5.8869220886391505,-5.561974640923879
2025-06-05,2.5574999999999997,-6.3364882,-5.908246266100783,-5.552335197173478
2025-06-06,3.15,-5.4715104,-5.317138649134236,-5.123475665165076
2025-06-09,3.6345000000000005,-6.388276,-5.849676634636901,-5.393028453871244
2025-06-10,2.9010000000000002,-6.5842085,-6.009126465484438,-5.717603514322812
2025-06-11,2.7029999999999994,-5.29249,-5.524685773189985,-5.109130703959853
2025-06-12,3.408,-5.1670065,-5.4203660282326025,-4.879445361971846
2025-06-13,1.8885000000000005,-5.3048368,-5.532077915339943,-5.12051658642268
2025-06-16,2.2904999999999993,-4.438015,-4.381980449388594,-4.368759240479774
2025-06-17,1.5195000000000003,-6.5564013,-6.3558879638304235,-5.938967840721894
2025-06-18,2.3159999999999994,-5.6130533,-5.690790687998992,-5.16387049856041
2025-04-23,2.686499999999999,-7.381034,-7.879543464158872,-7.0650119776593305
2025-04-24,1.1385000000000005,-6.6743546,-6.723487830445385,-6.6734058102244544
2025-04-25,-0.9119999999999997,-3.8180275,-3.8733113681897167,-4.223971913744828
2025-04-28,0.19949999999999973,-5.372769,-5.1741199472829615,-5.278888265575944
2025-04-29,0.044999999999999575,-6.041196,-5.781033236716802,-5.724258457685601
2025-04-30,-0.9690000000000001,-5.075613,-5.1182073952469525,-5.204802228300925
2025-05-02,-0.9929999999999995,-5.2833204,-6.193064005093828,-5.582561992966939
2025-05-05,0.08550000000000003,-5.7451596,-5.462245362338398,-5.297164229329137
2025-05-06,-2.3099999999999996,-4.3742404,-4.442170592511624,-4.777636753748055
2025-05-07,-1.9034999999999995,-4.6900425,-4.6267155550756,-4.952202860084086
2025-05-08,-3.0045,-7.106984,-7.386271433857944,-6.541919822608885
2025-05-09,-1.2840000000000003,-7.350222,-7.847074839305012,-6.9018693318204205
2025-05-12,1.3739999999999994,-7.3645387,-7.137833787117206,-6.721490782664558
2025-05-13,2.2305000000000006,-3.9767854,-3.967301040350786,-4.520693989171944
2025-05-14,3.738,-4.009017,-4.400432586915217,-4.447009482704747
2025-05-15,3.567,-4.7322564,-5.218063410260815,-4.923511292049781
2025-05-16,4.413,-4.731379,-3.945045272819282,-4.408335281310831
2025-05-19,4.3454999999999995,-5.884437,-4.788772016458273,-5.2058799711461345
2025-05-20,4.242,-4.250278,-4.816712181912796,-4.520296014042477
2025-05-21,3.8805000000000005,-3.8235285,-3.4861476391783772,-3.850385185179089
2025-05-22,3.3930000000000007,-4.16559,-4.443697797955386,-4.23242318428323
2025-05-23,3.7755,-2.559307,-2.6755558629571348,-2.968773208851549
2025-05-26,4.401000000000001,-4.479572,-2.8924021091011443,-3.814357529197951
2025-05-27,4.244999999999999,-4.8625617,-5.42889652445018,-4.788970579473339
2025-05-28,4.339500000000001,-4.5596576,-4.798353447644225,-4.432858324625325
2025-05-29,4.8614999999999995,-4.522157,-4.669875558795174,-4.334756490932397
2025-05-30,5.622000000000001,-4.4111986,-4.447855940839357,-4.10306485289243
2025-06-02,5.356499999999999,-4.599131,-4.7311808525640116,-4.1981445747618364
2025-06-03,4.809,-4.6455097,-4.7746457278134224,-4.433804199491528
2025-06-04,5.133,-4.2010384,-3.498707016642924,-3.7648810598477898
2025-06-05,5.272500000000001,-4.7395086,-4.1368029830374,-4.155680966319302
2025-06-06,4.948499999999999,-5.7122335,-5.833239398499407,-5.205888479704345
2025-06-09,4.898999999999999,-5.4492087,-5.394538779043429,-4.90019720245213
2025-06-10,5.874,-5.21393,-5.229587078437587,-4.457516263102913
2025-06-11,5.037,-5.137511,-5.120667731830244,-4.477132539308384
2025-06-12,3.1154999999999995,-3.8833265,-3.86028246595227,-3.8781030181374923
2025-06-13,0.6224999999999997,-5.4984374,-5.249212721871743,-5.435170811377259
2025-06-16,0.8010000000000005,-4.662691,-4.9743351670665925,-4.727403704548848
2025-06-17,-0.723,-6.918386,-6.486040622993186,-6.428897191880447
2025-06-18,-1.4954999999999998,-5.8455243,-5.538835067993868,-5.881989598173123
2025-04-23,2.2350000000000008,-7.204477,-7.68719984079246,-7.042380830306623
2025-04-24,1.5090000000000003,-7.5796523,-7.788621851363156,-7.374802854190607
2025-04-25,0.10349999999999966,-6.8144093,-6.548467638887333,-6.594386519489342
2025-04-28,0.5309999999999998,-5.496072,-5.221080899552524,-5.6636112321342145
2025-04-29,0.7050000000000004,-6.2757554,-6.123395160527923,-6.170124248476959
2025-04-30,0.6494999999999997,-4.2371936,-3.9400537589413074,-4.538868229251852
2025-05-02,0.13049999999999962,-5.49832,-6.436832021374533,-5.8374522434068705
2025-05-05,0.46199999999999974,-6.9522514,-6.621503281956269,-6.557036018163772
2025-05-06,-0.9375,-5.013482,-5.024997657315926,-5.279782428844548
2025-05-07,-1.1264999999999996,-5.4199786,-5.27014597822412,-5.476739852275208
2025-05-08,-1.8630000000000002,-8.898268,-9.257542011102862,-7.828034888844791
2025-05-09,-1.5150000000000001,-4.6449018,-5.023464933236932,-4.997677893891491
2025-05-12,1.2059999999999997,-7.5667343,-7.287020102730762,-6.838107101898586
2025-05-13,1.5974999999999997,-6.074704,-6.168034802170588,-6.018788022870151
2025-05-14,2.1180000000000008,-5.465927,-5.340603830756197,-5.441498517318709
2025-05-15,2.0744999999999996,-4.7398767,-4.511184898461445,-4.917569868477025
2025-05-16,2.6489999999999996,-3.757011,-3.436982963797479,-4.115368635123503
2025-05-19,2.5470000000000006,-3.6947994,-3.5826054542211248,-4.08137376200661
2025-05-20,2.239500000000001,-4.4136076,-4.628718076228844,-4.665138240699598
2025-05-21,2.004,-3.9326952,-3.939370564094898,-4.325226984275575
2025-05-22,1.5344999999999995,-4.5699086,-4.49031582443372,-4.767853334980454
2025-05-23,1.773,-2.9439547,-3.1495579578039257,-3.6309291809667834
2025-05-26,2.4,-5.7183194,-3.7074692606001194,-4.673720432869982
2025-05-27,2.835000000000001,-5.5830708,-5.6231459458253426,-5.038149845122964
2025-05-28,1.7534999999999996,-5.134144,-4.935634084485179,-4.769597577714731
2025-05-29,2.0219999999999994,-5.210563,-5.070837614822483,-4.800813345297321
2025-05-30,2.4524999999999992,-5.209669,-5.424769176914932,-4.876573394988057
2025-06-02,2.2199999999999993,-5.07506,-5.1764741875447235,-4.821730267203518
2025-06-03,2.8904999999999994,-6.9548764,-6.310854895661971,-5.922675436194304
2025-06-04,2.6909999999999994,-6.9421816,-6.242334922792504,-5.945392211672435
2025-06-05,3.6015000000000006,-7.0938168,-6.846095531175575,-6.084603964587664
2025-06-06,5.072999999999999,-7.182069,-7.448448772766887,-6.183877155012652
2025-06-09,4.319999999999999,-7.242002,-6.573881170827265,-6.005733838687211
2025-06-10,4.221,-6.0730996,-5.647301639337543,-5.319933472541155
2025-06-11,4.05,-5.1222887,-5.368849535780284,-4.861097740776854
2025-06-12,3.256499999999999,-5.6547127,-5.180754366006189,-5.0700393055738155
2025-06-13,2.937,-4.128051,-4.243145836436517,-4.26547755309176
2025-06-16,2.9699999999999993,-5.08423,-5.3627778376325645,-4.924630159270791
2025-06-17,2.881499999999999,-4.796917,-4.906701239378882,-4.652685164587655
2025-06-18,2.3415,-5.6102514,-5.731612728803113,-5.292105955503563
2025-04-23,0.7364999999999995,-7.870522,-7.893731287351635,-7.514198548616039
2025-04-24,0.8835000000000001,-6.8377023,-6.9679226471163105,-6.6249216681158
2025-04-25,-0.8670000000000001,-6.940215,-7.050340807142535,-6.884753251705227
2025-04-28,-0.7755000000000002,-7.096916,-7.1540394699066265,-7.001669640666203
2025-04-29,-0.6119999999999998,-6.974112,-6.9982485987024035,-6.783041807511579
2025-04-30,-1.4820000000000004,-5.6307006,-5.4291769737362445,-5.665084656040255
2025-05-02,-1.5764999999999996,-4.2914886,-5.349227254633051,-5.078987100431406
2025-05-05,-1.7625,-7.2346635,-7.167958417533722,-6.866704722949311
2025-05-06,-2.4659999999999997,-3.3087296,-3.804230505367104,-3.9215629010077064
2025-05-07,-2.469,-5.7730074,-5.729422733439792,-5.749305967762694
2025-05-08,-2.9625,-7.7606187,-8.167708838187291,-7.197880077616612
2025-05-09,-3.039,-7.9529977,-8.564393487001725,-7.441839007046624
2025-05-12,0.23099999999999987,-8.047336,-7.9443706521022275,-7.43156207224178
2025-05-13,0.6659999999999996,-5.8507433,-5.342227843425594,-5.927995393341662
2025-05-14,1.2764999999999997,-5.231442,-5.477653688411191,-5.631630967682335
2025-05-15,3.7364999999999995,-5.01222,-5.186745354499357,-5.245082222463563
2025-05-16,2.431499999999999,-3.6880972,-3.3864433968215546,-4.372443583505041
2025-05-19,3.497999999999999,-5.550978,-4.806158525030923,-5.174569893133997
2025-05-20,2.506499999999999,-4.9103074,-5.346424799106425,-5.059612523211826
2025-05-21,2.7449999999999997,-4.4382715,-4.462701921253345,-4.663680676149892
2025-05-22,2.494499999999999,-4.6584177,-4.612997668043963,-4.744520942205549
2025-05-23,2.4074999999999993,-2.7967243,-3.121255923412158,-3.597153630605836
2025-05-26,3.0,-5.9151874,-3.4192638956692014,-4.774949112471143
2025-05-27,3.2430000000000008,-6.1399655,-6.116898477194888,-5.496458480790043
2025-05-28,2.460000000000001,-5.5083795,-5.1777378570798405,-5.099519137244242
2025-05-29,2.5739999999999994,-7.2958856,-7.3783800770090044,-6.5180854608415215
2025-05-30,1.7655000000000005,-7.0154686,-7.140726314681842,-6.591281677282101
2025-06-02,1.8090000000000002,-6.403505,-6.859744370226411,-6.265906547130589
2025-06-03,4.351500000000001,-7.2019105,-7.173241845827304,-6.481092079203612
2025-06-04,2.372999999999999,-7.0385056,-6.774063866489489,-6.272212225409723
2025-06-05,3.0435000000000008,-7.2794623,-7.154361854229461,-6.515710384409987
2025-06-06,3.673499999999999,-6.687589,-6.759898735414375,-6.0577978726447945
2025-06-09,3.5760000000000005,-5.2176595,-5.7040892292359295,-5.0610186479580195
2025-06-10,3.385499999999999,-5.1386065,-5.418637281305992,-4.941314068364349
2025-06-11,3.0029999999999992,-5.1843863,-5.465577498167053,-5.069293106489223
2025-06-12,2.0159999999999996,-5.4055405,-5.564907250579401,-5.1820843847222084
2025-06-13,0.18150000000000013,-5.0929365,-4.836581714260799,-5.035690921823053
2025-06-16,0.8969999999999995,-4.9179444,-4.751200723548154,-4.95253387855396
2025-06-17,0.19499999999999956,-6.232901,-5.846726253851963,-5.723983262964325
2025-06-18,-0.24450000000000038,-5.6765604,-5.189245023559791,-5.317967745692003
2025-04-23,-0.6210000000000001,-6.8971076,-7.127505349383225,-6.919105205691531
2025-04-24,-0.49499999999999955,-7.2811546,-7.350530264417508,-7.151846129584619
2025-04-25,-2.142,-5.270032,-5.093278501316002,-5.586970018610164
2025-04-28,-2.3445000000000005,-7.1411653,-6.954051357231724,-7.240530746829485
2025-04-29,-1.5344999999999995,-7.253342,-7.302458986914951,-7.257228835805746
2025-04-30,-2.706,-6.289424,-6.268165664488383,-6.482880652134898
2025-05-02,-2.3969999999999994,-5.783678,-6.617771631250957,-6.326208978298052
2025-05-05,-1.6800000000000004,-7.121402,-6.792890951637003,-6.845758694054385
2025-05-06,-3.2445,-5.872977,-5.558143788933391,-5.956637343972098
2025-05-07,-2.8545000000000003,-4.448958,-4.741804631527809,-5.127190261813142
2025-05-08,-2.8545000000000003,-7.612991,-7.408690355891651,-7.201721102414513
2025-05-09,-2.5469999999999993,-8.237511,-8.906096448524881,-7.930862139313897
2025-05-12,-1.0139999999999996,-8.331246,-7.935313924133155,-7.682269988641801
2025-05-13,0.6630000000000003,-5.596342,-5.315990410533655,-5.801390883858115
2025-05-14,0.3855,-7.0821896,-7.153684958217402,-7.003108492143973
2025-05-15,1.473,-7.2192826,-7.076765802515204,-6.809233284029428
2025-05-16,0.8144999999999999,-6.1430836,-6.55111184398464,-6.419382890869439
2025-05-19,0.8474999999999998,-6.595448,-6.640555754047551,-6.60018453089388
2025-05-20,1.2360000000000002,-6.919955,-7.118187439742895,-6.5763447522656335
2025-05-21,0.43949999999999995,-6.299409,-6.1557546756228625,-6.185251738745928
2025-05-22,0.37649999999999967,-5.7159557,-5.489451648086813,-5.616087432749633
2025-05-23,0.7139999999999996,-5.51138,-5.32907515845035,-5.467875478244872
2025-05-26,1.1474999999999997,-6.8971562,-5.393790642789166,-5.911795578293417
2025-05-27,0.8445000000000004,-7.33198,-7.412840978248094,-6.828462859449161
2025-05-28,1.3514999999999997,-6.376995,-6.538714341332662,-6.020866609901374
2025-05-29,0.8369999999999997,-7.0457096,-7.193554900123672,-6.6406274967704535
2025-05-30,1.8554999999999995,-6.3770046,-6.4458390121057985,-5.91063785775801
2025-06-02,1.8824999999999994,-6.6959057,-6.6964562862198855,-6.077805096280596
2025-06-03,2.0835,-7.4231114,-7.150456575128639,-6.593492552029279
2025-06-04,2.5949999999999993,-6.952034,-6.978656419691449,-6.257916378834411
2025-06-05,2.0159999999999996,-7.03693,-7.779419222400335,-6.683479750495185
2025-06-06,2.1,-7.1624546,-8.00083093446556,-6.824542584233976
2025-06-09,2.4465000000000003,-7.272779,-6.984358275564658,-6.427397862969637
2025-06-10,3.2085,-6.854674,-7.280110185145403,-6.129987365908901
2025-06-11,2.0324999999999993,-5.546571,-5.634793848696118,-5.474838553771421
2025-06-12,0.8849999999999998,-5.3392596,-5.312477795825229,-5.271484731207912
2025-06-13,0.2789999999999999,-6.0579004,-6.185687032895178,-5.859720003048023
2025-06-16,-0.016499999999999914,-6.4545736,-6.369767974922494,-6.130508069366588
2025-06-17,0.1335000000000001,-6.3955793,-5.5377599798288415,-5.67564401533434
2025-06-18,-0.15300000000000047,-6.0759926,-5.731076762437027,-5.74078750330435
2025-04-23,0.5610000000000003,-7.0042157,-6.8780456322933965,-6.823904205989442
2025-04-24,0.6735000000000003,-6.484825,-6.676150522432623,-6.601970253437042
2025-04-25,-0.5519999999999999,-6.1488,-5.98489223758323,-6.114205969778432
2025-04-28,0.13649999999999948,-6.0230503,-5.688697155885543,-5.765292347320287
2025-04-29,0.3570000000000004,-6.863466,-6.822636958592954,-6.464432190556611
2025-04-30,-0.6329999999999998,-6.6256113,-6.393182834394703,-6.267131739019231
2025-05-02,-0.5130000000000002,-5.409827,-6.4863607943995865,-5.810614328246055
2025-05-05,-0.2550000000000004,-6.258731,-6.260723818047889,-6.055537106719969
2025-05-06,-1.7804999999999995,-4.0276814,-3.9047943198245485,-4.31575743284667
2025-05-07,-1.05,-5.3394475,-5.320706810137991,-5.379500285187574
2025-05-08,-0.9375,-6.9222755,-7.26339252691994,-6.532194816039906
2025-05-09,-0.8400000000000002,-6.914846,-7.440640443574115,-6.600174965431374
2025-05-12,1.1985000000000003,-7.523284,-7.228604518787685,-6.867715702453078
2025-05-13,1.6739999999999995,-5.355303,-4.723670914407324,-5.250490746750108
2025-05-14,1.4744999999999997,-6.1322465,-6.251767324373323,-6.100205958822125
2025-05-15,1.0664999999999998,-6.586418,-6.746955548214102,-6.498504894190606
2025-05-16,1.2165,-4.859377,-5.026325422596203,-5.302719962977344
2025-05-19,2.5034999999999994,-5.244332,-4.917198472570804,-5.124102533514271
2025-05-20,1.5824999999999996,-6.021034,-6.291655704367373,-6.002145942733163
2025-05-21,1.2659999999999996,-4.415585,-4.28506252529956,-4.7068829455988865
2025-05-22,1.1954999999999998,-6.3046465,-6.164217614573632,-5.989698360852072
2025-05-23,2.0219999999999994,-4.134625,-4.195010136296952,-4.476618932317802
2025-05-26,2.272500000000001,-6.544344,-4.195010136296952,-5.302182591360598
2025-05-27,2.4164999999999996,-5.845816,-6.12143802155461,-5.518714761356866
2025-05-28,1.7715000000000003,-5.776783,-5.854070247824808,-5.487091493364965
2025-05-29,1.8855,-6.3308196,-6.4978345005502955,-5.895295234160929
2025-05-30,1.8539999999999999,-5.996605,-6.223343864197814,-5.701462742821981
2025-06-02,3.021,-4.916634,-5.100828376158112,-4.5828391218514435
2025-06-03,2.646,-6.0087714,-5.9650963133732375,-5.57765396229021
2025-06-04,2.3625,-5.9390736,-5.8645581479478,-5.482821427475144
2025-06-05,2.8949999999999996,-6.3437195,-6.069717898722294,-5.669289728660603
2025-06-06,2.877000000000001,-6.3472424,-6.462246170514717,-5.792006580544133
2025-06-09,2.8574999999999995,-5.383558,-5.6013855649947,-5.13910794010499
2025-06-10,2.835000000000001,-5.7605734,-5.855338412404836,-5.417159155431134
2025-06-11,3.1545,-5.2576323,-5.561919936270049,-5.08202037185023
2025-06-12,2.5215,-5.47728,-5.578303585384975,-5.206391488410772
2025-06-13,2.2005000000000003,-5.480803,-5.693658176753268,-5.352498363678305
2025-06-16,2.0969999999999995,-5.47728,-5.665116846964995,-5.301895383323406
2025-06-17,1.5119999999999998,-6.6101394,-6.41174774815705,-5.9947831893205334
2025-06-18,0.9855,-6.593862,-6.406543190649023,-6.0594039256545
2025-04-23,1.3125,-7.41035,-7.466480515367828,-7.245147865616198
2025-04-24,1.3155000000000003,-7.0958095,-7.070374105980557,-6.905867543777348
2025-04-25,-0.4994999999999997,-6.186588,-6.398283556474378,-6.2383309966669565
2025-04-28,0.17550000000000024,-6.4336615,-6.437356246607752,-6.260897850936602
2025-04-29,-0.2190000000000001,-6.503665,-6.520638686617341,-6.132132330367734
2025-04-30,-0.8655000000000005,-5.2856517,-5.031285315026416,-5.276255197938528
2025-05-02,-1.2614999999999994,-3.6823785,-5.057170946432823,-4.668009948784009
2025-05-05,-1.3815000000000002,-6.9695077,-6.713685238082053,-6.527276423765823
2025-05-06,-3.6194999999999995,-4.0469923,-4.00768076619212,-4.420949234256415
2025-05-07,-3.069,-3.38829,-4.168397489844846,-4.13786953854258
2025-05-08,-3.1319999999999997,-7.947134,-7.576947082332771,-6.898259314532816
2025-05-09,-2.4929999999999994,-5.0559998,-4.8269432692282885,-5.036614816935739
2025-05-12,-0.4215000000000003,-7.5950584,-7.58718288398777,-7.141284543530432
2025-05-13,-0.09600000000000009,-3.9798958,-4.025199871696626,-4.828839836297755
2025-05-14,0.3585000000000001,-4.66872,-4.76728935508414,-5.352712221147747
2025-05-15,0.1889999999999997,-5.856532,-5.696444070487926,-6.088122145978998
2025-05-16,1.3499999999999999,-5.213546,-4.730627470484452,-5.438234728756696
2025-05-19,1.6875,-5.8912063,-5.824700063409177,-6.008133315313438
2025-05-20,1.1789999999999998,-5.634202,-5.659972048982369,-5.686776518844544
2025-05-21,0.5820000000000004,-5.0985694,-4.689875917837952,-5.218576283622927
2025-05-22,-0.15900000000000034,-6.934226,-6.49965671030505,-6.431809143360283
2025-05-23,0.3179999999999996,-4.2490516,-4.021103988490926,-4.606624112546751
2025-05-26,2.2079999999999997,-6.7190094,-4.146069889359669,-5.2793880835059745
2025-05-27,1.5165,-6.908357,-6.635854321918586,-6.232493363376086
2025-05-28,1.5239999999999994,-6.5710974,-6.1774395384252525,-5.925012183205031
2025-05-29,1.8090000000000002,-6.5463166,-6.61874421184356,-6.114886339045399
2025-05-30,2.1404999999999994,-6.115778,-6.238426687594365,-5.731647833226686
2025-06-02,1.7969999999999995,-6.2105474,-6.267167342207122,-5.762479353946124
2025-06-03,1.9155000000000004,-7.400627,-7.335739835275341,-6.6882365042064755
2025-06-04,2.184,-6.7446685,-6.519997580747244,-6.060774318087201
2025-06-05,2.4614999999999996,-7.2782183,-6.908823098718751,-6.426345806101162
2025-06-06,3.1470000000000007,-6.952831,-7.536262190014181,-6.517384290529668
2025-06-09,3.2595000000000005,-6.921497,-6.8037686383121345,-6.157982448810134
2025-06-10,3.0765000000000007,-6.7898326,-6.343144922955046,-5.9459267064678825
2025-06-11,2.967,-5.6385098,-5.7758292279473356,-5.327997141407298
2025-06-12,2.9265000000000008,-5.399944,-5.618579945970917,-5.169322232164551
2025-06-13,4.444499999999999,-5.0940037,-5.302802315393873,-4.665513119824884
2025-06-16,4.3694999999999995,-5.2367377,-5.33232402788076,-4.730334897221038
2025-06-17,2.6295,-6.9044967,-6.473224259976276,-5.957222187496716
2025-06-18,1.8224999999999998,-6.660442,-6.537936709493942,-6.091549547487282
2025-04-23,0.9764999999999997,-7.7960205,-7.841687073060251,-7.425526940190531
2025-04-24,1.5675000000000003,-7.232255,-7.344923385273434,-6.972688438292017
2025-04-25,-0.01950000000000038,-5.9877596,-5.593934876258286,-5.916095066493427
2025-04-28,0.25199999999999995,-6.819979,-6.320204508434742,-6.439386359270404
2025-04-29,0.6179999999999995,-7.4650497,-7.230753715605878,-6.917695568745319
2025-04-30,-0.4485000000000003,-6.421149,-6.640754601197968,-6.2875379505150955
2025-05-02,-0.3614999999999995,-7.278036,-9.154660323502146,-7.343084721740636
2025-05-05,-0.5070000000000003,-6.6738434,-6.523428969133762,-6.364926974414862
2025-05-06,-2.6909999999999994,-3.8192713,-3.6776681479786912,-4.185309642154601
2025-05-07,-2.814,-3.885896,-3.91691581729755,-4.3164374631785005
2025-05-08,-2.334,-4.2874312,-4.0985347325444454,-4.311650044756709
2025-05-09,-1.4445000000000003,-3.6893277,-4.107367252965362,-4.074780961299805
2025-05-12,1.2840000000000003,-7.27038,-7.6254177682618325,-6.921939118182529
2025-05-13,2.5260000000000002,-4.162878,-4.323906815421383,-4.672207349169209
2025-05-14,3.1845000000000003,-4.785349,-5.378608773027995,-5.0963362403273615
2025-05-15,2.5364999999999993,-5.364677,-5.7589243255632425,-5.600706425999964
2025-05-16,2.3055000000000008,-5.1942863,-4.959929518393149,-5.451088293601413
2025-05-19,3.375,-5.1392703,-4.282427978498361,-4.905435332378672
2025-05-20,2.4404999999999992,-6.631685,-6.772663057868937,-6.1932611127297
2025-05-21,2.2409999999999997,-2.3854446,-2.5379468400067737,-3.333733034539541
2025-05-22,2.6685000000000008,-4.9788737,-5.0906945554917495,-4.857424314733827
2025-05-23,2.998499999999999,-3.8095894,-3.6207436527208676,-3.9290144104613893
2025-05-26,3.514500000000001,-5.327287,-3.083321059907975,-4.1641371530300635
2025-05-27,3.4904999999999995,-5.327287,-5.390048722127526,-4.796592302926553
2025-05-28,4.418999999999999,-4.807126,-5.2147389518932235,-4.316912900169882
2025-05-29,3.806999999999999,-5.058151,-5.397065339040817,-4.7222476202693535
2025-05-30,3.244499999999999,-5.0425367,-5.420233054382845,-4.884428603920865
2025-06-02,3.3720000000000003,-4.828118,-4.8700484511316695,-4.5615927950478
2025-06-03,3.2805000000000004,-6.2124844,-6.22616939007114,-5.581467444795813
2025-06-04,3.339000000000001,-6.413715,-6.139008865606846,-5.678695350160854
2025-06-05,3.994499999999999,-5.826874,-5.850281543921112,-5.165077398583099
2025-06-06,3.6630000000000003,-6.024492,-6.180443368826679,-5.443630000288474
2025-06-09,3.9255,-4.89972,-5.438068938370323,-4.680384409448823
2025-06-10,3.9225000000000008,-5.1282334,-5.34339915650495,-4.696859860367855
2025-06-11,3.8534999999999995,-5.1999025,-5.359801730334362,-4.6729706178647294
2025-06-12,2.168999999999999,-4.4878902,-4.3830055354395645,-4.419036170837725
2025-06-13,1.3514999999999997,-5.3983884,-5.531318511342897,-5.297338684871321
2025-06-16,0.24899999999999947,-5.210048,-4.868257621273217,-5.020770321643129
2025-06-17,-0.3960000000000001,-6.5093746,-6.056756160476915,-6.116828714991284
2025-06-18,-0.9644999999999999,-5.404228,-4.8645042355412125,-5.268447502106597
2025-04-23,0.9329999999999998,-8.249683,-8.258523478777118,-7.869957450863029
2025-04-24,0.9135000000000004,-7.1375875,-6.8387710616281305,-6.991614140361501
2025-04-25,-0.5925000000000004,-6.3763638,-6.343445650939205,-6.5630281386308855
2025-04-28,0.19949999999999973,-7.3716283,-6.989885814149652,-6.964230612395781
2025-04-29,0.19949999999999973,-9.075409,-9.133774081139876,-8.147938071180906
2025-04-30,0.3885000000000005,-6.914168,-6.3795911645062615,-6.4791696102426775
2025-05-02,0.15900000000000034,-6.7171865,-8.14111169689296,-6.945469479178928
2025-05-05,-0.14099999999999965,-6.4787498,-6.437549087353163,-6.381637172740541
2025-05-06,0.2550000000000004,-3.532195,-4.054560338910039,-4.861171160757689
2025-05-07,-1.3139999999999996,-3.6633475,-4.175803298132663,-4.1844787222356405
2025-05-08,-2.2815,-5.8315797,-6.113056328568576,-5.613422747252664
2025-05-09,-2.3594999999999993,-7.606289,-8.106906087613268,-7.114451205804357
2025-05-12,1.0005000000000002,-7.4764733,-7.213862423692311,-6.786504486515902
2025-05-13,0.27150000000000035,-7.091993,-7.546352811858069,-7.190043193055441
2025-05-14,0.5175000000000004,-7.275813,-7.810957260594515,-7.2812295570356005
2025-05-15,-0.007499999999999573,-6.4045877,-6.380092888355186,-6.4805574533103405
2025-05-16,1.944,-3.6661777,-3.9296563303483025,-4.353490324304461
2025-05-19,3.6165,-5.7545485,-5.4941073821012,-6.019741826867136
2025-05-20,2.4135000000000004,-6.6080327,-6.957917183459551,-6.315708502565396
2025-05-21,4.551,-3.8366828,-4.690964754616412,-4.070765782599355
2025-05-22,4.927499999999999,-5.5976176,-6.7428074486307565,-5.620692466959147
2025-05-23,3.4244999999999997,-3.4526083,-3.833187202211433,-3.69547485976247
2025-05-26,3.2415,-5.34641,-3.9984244232359623,-4.589837666146349
2025-05-27,3.0795,-5.381973,-5.996818890085376,-5.2427327534227075
2025-05-28,3.4005,-4.348793,-4.578299445959407,-4.384128373056221
2025-05-29,3.5505,-3.9902828,-4.4542404779175975,-4.1900563753872415
2025-05-30,2.4239999999999995,-5.4852495,-5.599965809326662,-5.3280781555422125
2025-06-02,2.656499999999999,-6.007684,-5.922161685052228,-5.572152535054185
2025-06-03,2.2515000000000005,-4.6048064,-4.911942229938797,-4.785597057606676
2025-06-04,2.5635000000000003,-4.9210095,-4.911243668365737,-4.705659506112696
2025-06-05,3.518999999999999,-5.5604277,-5.77270824351301,-5.092263802722571
2025-06-06,5.3205,-6.361129,-6.863670682069359,-5.939490869746551
2025-06-09,4.868999999999999,-4.7454085,-5.3313731698652145,-4.503613569876334
2025-06-10,4.6725,-4.9215884,-5.262594216515234,-4.483494054332627
2025-06-11,4.085999999999999,-5.162789,-5.251975535744759,-4.735788045541762
2025-06-12,4.2795,-4.9104853,-4.940005957552071,-4.434462911591585
2025-06-13,2.8874999999999997,-4.2184362,-4.891399860607712,-4.592366996234402
2025-06-16,0.8789999999999999,-5.1270347,-5.11345653632614,-5.292291831854522
2025-06-17,0.6389999999999997,-5.8702116,-5.294239454228954,-5.517278165277269
2025-06-18,0.25199999999999995,-5.3470616,-5.24776433928956,-5.435159568539014
2025-04-23,1.3499999999999999,-7.457305,-7.281072392558405,-6.889194185389993
2025-04-24,0.32399999999999946,-7.1335707,-7.339878217152294,-6.927936482186307
2025-04-25,-1.1280000000000003,-6.232833,-6.2830459085441035,-6.30860867546348
2025-04-28,-1.1309999999999998,-5.979449,-6.030020840027204,-5.992272942921911
2025-04-29,-0.8909999999999997,-4.8328533,-4.6857654429467255,-4.841900299592618
2025-04-30,-1.5119999999999998,-4.9645643,-4.423084980344558,-4.94319445563236
2025-05-02,-1.9335,-4.359459,-5.361374889454497,-5.114966238439069
2025-05-05,-1.4204999999999999,-7.301414,-7.071556008479155,-6.920192956704998
2025-05-06,-2.6445000000000003,-4.224366,-4.521181876343847,-4.92529714997312
2025-05-07,-3.2984999999999998,-4.877864,-4.98424870216764,-5.355734038241676
2025-05-08,-2.9579999999999997,-8.285389,-8.530201840408209,-7.52422704056422
2025-05-09,-2.9295,-8.648127,-9.348949258203417,-7.889473327827894
2025-05-12,-2.1014999999999997,-7.503121,-7.156251778785204,-6.880457467574866
2025-05-13,-2.0010000000000003,-6.787942,-7.170566117655674,-6.805540433967718
2025-05-14,-1.2465000000000004,-6.16085,-6.218203357542071,-6.051609146453909
2025-05-15,-0.8355,-6.160883,-6.193934947977019,-6.025066255175195
2025-05-16,0.4710000000000001,-5.287854,-5.407261843599286,-5.372892054085189
2025-05-19,-0.7724999999999997,-5.8719115,-6.102394438767775,-5.777469372004559
2025-05-20,-1.4280000000000004,-6.3702555,-6.813215212274871,-6.445679843881573
2025-05-21,-1.1489999999999994,-5.712469,-5.882460449744394,-6.252808821475284
2025-05-22,-1.3695000000000004,-6.9825287,-6.9133997158259834,-6.898404802901382
2025-05-23,-0.04650000000000034,-4.951516,-4.481299768407517,-5.1606359733836245
2025-05-26,0.39450000000000035,-7.0015793,-5.3464879258280575,-6.111434052135889
2025-05-27,0.4994999999999997,-7.0015793,-6.894216304529614,-6.594377256843682
2025-05-28,1.0844999999999996,-5.8308725,-5.707902187794494,-5.440562380499812
2025-05-29,0.9585,-7.1172895,-7.167481865869583,-6.616230852022182
2025-05-30,1.6170000000000002,-6.6074257,-7.2876050699575945,-6.381037852327351
2025-06-02,-0.7860000000000003,-6.905815,-7.03377452257574,-6.618917112120523
2025-06-03,0.8789999999999999,-7.217869,-7.526861383620204,-6.883339221691511
2025-06-04,0.6749999999999999,-6.363327,-6.502104611045445,-6.277795101032517
2025-06-05,1.0784999999999996,-7.028521,-7.429725667796959,-6.755496846125819
2025-06-06,2.5949999999999993,-6.420135,-6.864755174888889,-6.13825387104919
2025-06-09,1.9394999999999998,-5.953308,-5.925673319090651,-5.682819392542179
2025-06-10,2.0414999999999996,-6.728732,-6.9235411211430264,-6.309166680252471
2025-06-11,1.8795000000000002,-5.5400906,-5.862937606097131,-5.362197078557019
2025-06-12,1.7489999999999994,-6.5768366,-6.643360381029649,-6.278227200651975
2025-06-13,-0.0045000000000001705,-5.168802,-4.853336968859584,-5.221454882723109
2025-06-16,3.1335,-6.0582495,-6.087349954812154,-5.3541343224802755
2025-06-17,3.239999999999999,-8.022317,-7.5268836640527015,-6.642830068882715
2025-06-18,1.752,-6.543412,-6.718431663216769,-6.1803284902407984
2025-04-23,1.1684999999999999,-7.6265063,-8.152195147976894,-7.5398459678209315
2025-04-24,1.023,-7.6829834,-7.885673569363517,-7.580415441907968
2025-04-25,-1.4235000000000002,-5.061192,-4.496386364282909,-5.258357634894366
2025-04-28,-1.1880000000000002,-6.6341662,-6.16676328821504,-6.4175380137186275
2025-04-29,-0.11550000000000046,-9.033433,-9.47855634576978,-8.396662458139643
2025-04-30,-1.4369999999999996,-4.9904313,-4.776081475197335,-5.2890606483564095
2025-05-02,-1.3170000000000002,-4.793259,-5.936663685258896,-5.540677910330511
2025-05-05,-1.6650000000000003,-6.67541,-6.449013762024352,-6.450376814960146
2025-05-06,-2.2469999999999994,-5.190273,-5.202476837542575,-5.429695578002389
2025-05-07,-2.2034999999999996,-4.663904,-4.799135367456762,-5.164602268783716
2025-05-08,-1.6769999999999998,-7.4964485,-8.032012672227491,-7.189033598608615
2025-05-09,-1.473,-8.329112,-8.991570374993428,-7.795911035555506
2025-05-12,1.2630000000000001,-7.9348063,-8.347320380538186,-7.365496693160598
2025-05-13,1.1835,-6.567488,-6.184403521925023,-6.4355301523939215
2025-05-14,1.4625,-5.3418064,-5.777057906757103,-5.732830341979388
2025-05-15,1.6425000000000003,-7.055942,-7.130573470495603,-6.821945348421345
2025-05-16,2.464500000000001,-5.7337146,-5.3598435079196864,-5.696747860008338
2025-05-19,2.2649999999999992,-5.7863693,-5.728303704881229,-5.987160878006252
2025-05-20,0.2550000000000004,-5.7774935,-5.76501049678262,-5.902192334475725
2025-05-21,2.433,-5.5781913,-5.351118552770176,-5.844933985376242
2025-05-22,3.1005000000000003,-6.696511,-6.507420101644573,-6.59626720232462
2025-05-23,2.4675000000000002,-4.468051,-3.9923508362128666,-4.4270369930984765
2025-05-26,2.6069999999999993,-8.415668,-5.6311017996779995,-6.328216198495869
2025-05-27,4.552499999999999,-6.5102563,-6.057054058474583,-5.8194622822473185
2025-05-28,4.8405,-7.477063,-6.804691611121151,-6.145435227695791
2025-05-29,4.542,-5.6495767,-6.013070847796,-5.228069442458215
2025-05-30,3.585000000000001,-5.792521,-5.324582232083458,-5.149823898755547
2025-06-02,3.518999999999999,-5.3722625,-5.009628601113622,-4.927312113728906
2025-06-03,3.998999999999999,-6.5772567,-5.674809582465261,-5.620767448362065
2025-06-04,3.5295,-5.9580927,-5.717449881254719,-5.233210161297939
2025-06-05,3.8715,-6.11862,-5.98416973378008,-5.48194590781985
2025-06-06,6.0314999999999985,-6.0476894,-5.586909108019383,-4.940313615190418
2025-06-09,4.507499999999999,-6.123112,-5.476994083552125,-5.31427562343486
2025-06-10,3.7125,-7.776411,-7.278876839840852,-6.709713780603761
2025-06-11,4.609500000000001,-5.9304595,-5.283196474055853,-5.175219136114334
2025-06-12,5.2215,-6.6302414,-6.488670324956985,-6.2755123543174225
2025-06-13,3.9779999999999993,-3.5492835,-3.261094017285544,-3.520243031436623
2025-06-16,3.0045,-5.560687,-5.455305122817141,-5.188075191676614
2025-06-17,2.058,-7.2467427,-6.968430810493407,-6.365451352862027
2025-06-18,2.8619999999999997,-4.5365624,-4.36517784092257,-5.119501976097566
2025-04-23,1.167,-8.41014,-9.058630419908678,-8.144654637438991
2025-04-24,1.9949999999999994,-7.8925223,-8.886711751162233,-7.761551621460195
2025-04-25,-0.44549999999999984,-5.679961,-5.484350073411262,-5.896064012672216
2025-04-28,1.7099999999999997,-7.0967813,-7.513817093683538,-6.592194486320999
2025-04-29,2.3654999999999995,-7.439032,-8.703931273477357,-7.113205697418027
2025-04-30,0.7454999999999998,-6.360451,-7.405669077341047,-6.27060907428927
2025-05-02,0.01950000000000038,-6.544887,-7.942868405855351,-6.6890664567596465
2025-05-05,0.7875,-6.1839347,-6.153167575134414,-6.133247340557988
2025-05-06,-1.5434999999999999,-3.4772415,-3.239453617186248,-4.190177236541272
2025-05-07,-1.1835,-2.5412679,-2.4263056620479277,-3.510160671477638
2025-05-08,-1.1025000000000003,-7.0498247,-7.50807011158609,-6.739036944276804
2025-05-09,-0.8280000000000004,-8.879652,-9.326811540616891,-7.997092833332395
2025-05-12,1.8375,-7.0579224,-7.720482482520174,-6.875202214622669
2025-05-13,1.9380000000000002,-3.6160724,-4.141424437913706,-4.405056907309938
2025-05-14,2.556000000000001,-3.9418015,-4.932049521049567,-4.751810293850285
2025-05-15,2.7225000000000006,-4.7710214,-4.903843535151486,-4.998725316413111
2025-05-16,2.2005000000000003,-4.900129,-4.272154178717053,-4.9326915859740845
2025-05-19,2.496,-4.809867,-4.479475107081479,-4.864713608627966
2025-05-20,2.3745,-5.6411347,-5.673121367734944,-5.569149608801465
2025-05-21,2.3970000000000007,-3.3718543,-3.0280592261410906,-3.868200735459982
2025-05-22,2.2935000000000008,-4.2649055,-4.350497486804207,-4.551696087218291
2025-05-23,2.2904999999999993,-4.4730644,-4.455974863265842,-4.599810238703992
2025-05-26,3.364500000000001,-5.883187,-3.488792827476461,-4.736795027763801
2025-05-27,3.5085,-5.883187,-5.649381625834898,-5.208184855768155
2025-05-28,3.247500000000001,-5.3630257,-5.529877751817444,-5.017775932143049
2025-05-29,3.2864999999999993,-5.609275,-5.944733541651502,-5.288854831205083
2025-05-30,2.8455,-4.937867,-5.057389235523919,-4.85795248655965
2025-06-02,3.2415,-5.159028,-5.205413537934955,-4.845499755280654
2025-06-03,3.3375,-6.404417,-6.294522176238703,-5.741964491609009
2025-06-04,2.2335,-6.463164,-7.00290042329322,-6.052296552669966
2025-06-05,2.9324999999999997,-5.3489404,-5.591587608677844,-5.188442503565022
2025-06-06,3.5835,-6.464217,-6.287224871056658,-5.782966710781884
2025-06-09,3.4665,-5.736352,-5.936688345460771,-5.406392353845054
2025-06-10,3.8505000000000003,-4.684922,-5.0104415132965805,-4.591369876778047
2025-06-11,3.8970000000000002,-5.320454,-5.5603389137901535,-4.899202695462089
2025-06-12,1.9454999999999998,-5.2102137,-5.230372797034941,-5.025266741817809
2025-06-13,1.7594999999999994,-4.63208,-4.561442643537037,-4.498992371168304
2025-06-16,2.3595000000000006,-4.961098,-4.6841462552394875,-4.772995451993369
2025-06-17,-0.08400000000000034,-6.7392254,-6.168794657510292,-6.156010072944729
2025-06-18,-0.9179999999999996,-5.654903,-5.218617361387384,-5.474708897830329
2025-04-23,1.8614999999999995,-6.2835345,-6.236545689518296,-6.247774664071521
2025-04-24,1.5780000000000005,-6.034076,-6.11524802372451,-6.134072149031366
2025-04-25,-0.19949999999999973,-6.4507995,-6.582760193081732,-6.400327273254682
2025-04-28,0.5715000000000003,-7.0564713,-6.855044174167196,-6.7652769311078575
2025-04-29,0.6914999999999999,-7.0073867,-6.7029613465101585,-6.6822074126610955
2025-04-30,-0.43350000000000005,-4.028423,-5.004822699540138,-4.6705922415334316
2025-05-02,-0.37049999999999983,-4.077603,-6.3393724427183376,-5.117586133402995
2025-05-05,-0.41999999999999954,-4.630658,-4.8241871236627105,-4.835599897000293
2025-05-06,-2.0894999999999997,-4.077113,-5.687800017196536,-4.891704785428115
2025-05-07,0.36300000000000027,-2.9622412,-3.786566767541786,-3.8324746408769337
2025-05-08,1.0844999999999996,-6.852195,-6.396443447597338,-5.9715401084764625
2025-05-09,0.5820000000000004,-6.902097,-7.189635520414942,-6.212204800274154
2025-05-12,1.3335000000000001,-6.914008,-6.674894327995301,-6.284571977830746
2025-05-13,1.5150000000000001,-5.3189664,-4.905242286851434,-5.2080334129568975
2025-05-14,1.6349999999999998,-5.1552415,-5.475869527520397,-5.18988129804237
2025-05-15,1.527,-5.118952,-5.220398058053864,-5.0535200814563845
2025-05-16,1.6005000000000003,-4.1951747,-4.346700999787888,-4.477666185930588
2025-05-19,2.2079999999999997,-4.3501067,-4.329513468007459,-4.443785518304623
2025-05-20,1.3994999999999997,-4.900175,-5.319063233577363,-5.01196156807547
2025-05-21,1.8300000000000003,-3.8686807,-3.822222371744195,-4.149603019768096
2025-05-22,1.1309999999999998,-5.382068,-5.35216870150995,-5.28557787394817
2025-05-23,0.9105,-5.2038374,-5.07884485101321,-5.253915920590578
2025-05-26,1.8510000000000004,-6.493766,-5.1075939560603505,-5.611430418877064
2025-05-27,1.4324999999999994,-6.930137,-7.004863765869913,-6.474520485071191
2025-05-28,2.283,-5.2790575,-5.433238060686446,-5.158193764716269
2025-05-29,2.714999999999999,-6.7905755,-6.3847096125343805,-5.971164665783108
2025-05-30,1.8704999999999998,-5.3416214,-5.5387946353510245,-5.210739641960874
2025-06-02,0.6090000000000003,-6.3047237,-6.213134278346631,-5.893911839668359
2025-06-03,0.8114999999999994,-6.2318964,-6.226164202789736,-5.837535824088801
2025-06-04,0.10650000000000012,-6.029757,-5.876618168987369,-5.839322790039795
2025-06-05,0.5699999999999995,-5.6030517,-5.606015673806175,-5.492939726414275
2025-06-06,0.04349999999999987,-6.0141025,-5.913894980014559,-5.846252556306902
2025-06-09,0.6525000000000002,-6.4049864,-6.565100562800181,-6.18150567784151
2025-06-10,2.055,-5.3206897,-5.525432869487587,-5.118455497825525
2025-06-11,2.706000000000001,-5.3610444,-5.507908635227548,-5.23981317504551
2025-06-12,0.3539999999999999,-6.511459,-6.540538744074694,-6.206298923744058
2025-06-13,-1.7264999999999997,-6.646754,-6.700293652032134,-6.510320383658486
2025-06-16,-2.8755,-5.9321246,-5.924010492646768,-5.8360442874968985
2025-06-17,-2.4585,-6.435198,-5.884906370247794,-5.9694611722947215
2025-06-18,-3.2714999999999996,-5.1938133,-5.103987427856452,-5.435143103910313
2025-04-23,-0.2670000000000002,-6.190519,-6.925697125569762,-6.714599076152391
2025-04-24,-0.8670000000000001,-7.153428,-7.105311124945672,-7.181166325359709
2025-04-25,-1.2090000000000003,-7.0927773,-7.08450645218985,-7.003842114464291
2025-04-28,-0.8474999999999998,-7.057623,-7.133891967090585,-6.871519370104982
2025-04-29,-0.6585000000000001,-7.4996204,-7.284356443570502,-7.055760811885051
2025-04-30,-1.719,-5.354726,-5.548683815124129,-5.632474575051181
2025-05-02,-1.827,-5.4115195,-6.574134919374077,-5.896571766233924
2025-05-05,-0.4275000000000002,-5.6388383,-5.731261489273005,-5.424155187287535
2025-05-06,-2.6744999999999997,-4.872383,-4.979318083461878,-5.100849624005543
2025-05-07,-1.8974999999999997,-4.6172323,-4.892016507934144,-4.973893448038561
2025-05-08,-1.8644999999999998,-6.5231376,-6.620811861610363,-6.104898212961623
2025-05-09,-0.6914999999999999,-2.9590392,-3.7280276881624967,-3.513373175754846
2025-05-12,2.4705,-4.0739326,-4.465074851830955,-4.51213049280538
2025-05-13,3.2835,-2.9689877,-3.960788299358951,-3.965778204670816
2025-05-14,3.177000000000001,-4.758241,-5.147179953088523,-5.055578452870138
2025-05-15,3.4199999999999995,-5.598093,-5.295746078477954,-5.331186213967923
2025-05-16,3.335999999999999,-4.736344,-4.438955233549099,-4.873879762683762
2025-05-19,3.3555000000000006,-6.0468163,-5.3670284999770566,-5.517608552865726
2025-05-20,3.460499999999999,-5.7233686,-5.981124724676674,-5.395138142192612
2025-05-21,2.6954999999999996,-3.5591877,-3.2233510093261097,-4.006582589873687
2025-05-22,2.073,-5.0001154,-4.954971876305617,-4.995089118707463
2025-05-23,3.771,-3.7904356,-3.954695248389115,-3.7773326284493853
2025-05-26,3.910499999999999,-6.8803935,-4.309831315392634,-4.95951597922155
2025-05-27,4.9875,-6.651315,-6.550003717415895,-5.391380825348048
2025-05-28,4.11,-6.413019,-6.279798766298246,-5.495928087117639
2025-05-29,3.8760000000000003,-6.4502873,-6.3286381528270415,-5.634152249838771
2025-05-30,3.8595000000000006,-6.1819835,-6.1716459072310075,-5.459569207651161
2025-06-02,3.588,-6.307508,-6.209866612989327,-5.580443608202204
2025-06-03,3.9659999999999993,-6.7650614,-6.810790774280428,-5.9784402995528785
2025-06-04,3.6449999999999996,-6.9839754,-6.9466681179286915,-6.178039891040609
2025-06-05,3.7904999999999993,-6.9839754,-6.9466681179286915,-6.162896113288458
2025-06-06,3.7619999999999996,-6.9839754,-7.10015539754883,-6.187546540506154
2025-06-09,3.6404999999999994,-6.41011,-6.208848176247691,-5.676108285514249
2025-06-10,3.2385000000000006,-7.291679,-6.846633802441184,-6.380375544008063
2025-06-11,3.504,-6.5512986,-6.035375790820803,-5.735090786623774
2025-06-12,2.377499999999999,-5.9366727,-6.180683116583613,-5.669521237426775
2025-06-13,1.9514999999999996,-5.688608,-5.932705494423763,-5.58342152352296
2025-06-16,2.7885000000000004,-5.4342003,-5.859452207299308,-5.212691595570668
2025-06-17,2.4869999999999997,-6.6038737,-7.017234299889027,-6.134611049565441
2025-06-18,2.277000000000001,-6.1946197,-6.256693457699984,-5.75750298961681
2025-04-23,2.3234999999999992,-7.790774,-7.5648630802908325,-7.208135228395837
2025-04-24,1.6889999999999996,-6.5112724,-6.15084151914181,-6.338347961949131
2025-04-25,1.1610000000000003,-6.034836,-5.633789238461979,-5.865098761338792
2025-04-28,1.9139999999999997,-7.8045855,-7.412622827331486,-7.14603931612593
2025-04-29,2.6265000000000005,-7.6425924,-7.5492638681980635,-7.1177162252060295
2025-04-30,4.3005,-5.858116,-6.2485471506276244,-5.571743255878973
2025-05-02,3.127499999999999,-4.930303,-7.169296901397642,-5.589351338665996
2025-05-05,3.0060000000000007,-6.4410276,-6.383076762971045,-6.0123877793861755
2025-05-06,2.597999999999999,-4.9703784,-5.177834623278181,-4.985022957462001
2025-05-07,3.192,-4.9545727,-4.622818843747769,-4.603713572876377
2025-05-08,3.3135000000000003,-6.253857,-6.477816629741134,-5.688134138274497
2025-05-09,3.5864999999999996,-8.126725,-8.335789765054031,-6.964226148615628
2025-05-12,4.078499999999999,-6.964304,-6.815495841766152,-6.07065158141953
2025-05-13,3.9494999999999996,-6.727236,-6.48489971417638,-5.875576282238244
2025-05-14,4.377000000000001,-7.1805425,-6.865552425443225,-6.207077173004593
2025-05-15,4.188,-7.171643,-6.8634822027735325,-6.214999543139947
2025-05-16,4.1055,-5.417769,-4.683096605700377,-4.949328948274514
2025-05-19,4.218000000000001,-6.1215525,-5.3703072940016225,-5.386358637435526
2025-05-20,2.8560000000000008,-5.1910844,-5.719792787540214,-5.34495505554008
2025-05-21,5.147999999999999,-4.158293,-4.2917776490643025,-4.277569733642638
2025-05-22,2.9055000000000004,-5.4888825,-5.843916889582742,-5.495846817941581
2025-05-23,3.151500000000001,-3.5637264,-4.0278354381521275,-4.255246746947465
2025-05-26,4.635000000000001,-6.880631,-4.498418425235909,-5.014176071454274
2025-05-27,3.0989999999999993,-6.2759633,-6.3793935086119316,-5.698970263314294
2025-05-28,2.7555000000000005,-4.7850046,-4.6682410152276015,-4.748496656962388
2025-05-29,2.1975000000000007,-6.448011,-6.547308492678722,-6.026012290733053
2025-05-30,2.007,-5.2585225,-4.908410646852868,-5.077578055116579
2025-06-02,1.8329999999999997,-5.2363057,-5.24513437800849,-5.242760707253823
2025-06-03,1.4280000000000004,-5.8268237,-6.061427892819979,-5.873246961521678
2025-06-04,0.7679999999999996,-5.23587,-5.307963643615467,-5.099738698750122
2025-06-05,2.421,-5.681866,-5.5086243616339114,-5.162689253284871
2025-06-06,2.7180000000000004,-5.782733,-5.791343873557232,-5.316644483111804
2025-06-09,1.8585,-5.3835115,-5.612246131067606,-5.145062676005195
2025-06-10,1.9454999999999998,-5.503268,-5.724635202312465,-5.3164995006581215
2025-06-11,1.9769999999999999,-6.1701465,-6.034372135521594,-5.353540828124822
2025-06-12,0.4590000000000003,-5.761742,-5.891501833493318,-5.5831369408889895
2025-06-13,1.9889999999999997,-5.729093,-5.699294973659071,-5.12385121040961
2025-06-16,0.5085000000000001,-6.037664,-6.04276891823417,-5.741384776942603
2025-06-17,-0.4260000000000005,-7.5819025,-7.232942506517481,-7.035138719302219
2025-06-18,-0.36599999999999966,-6.7009354,-6.611255939941207,-6.413468565680854
2025-04-23,0.33749999999999997,-7.3038135,-7.426631117316382,-7.124366159970988
2025-04-24,0.010500000000000042,-6.7994113,-7.449319504047533,-7.129030645000198
2025-04-25,-1.0005000000000002,-7.831037,-7.957248490964108,-7.692383035243015
2025-04-28,-1.2269999999999999,-7.5303373,-8.063958583610392,-7.442462901401935
2025-04-29,-0.4469999999999995,-7.7381496,-8.47844226029401,-7.685124319734087
2025-04-30,-1.5014999999999996,-2.9808047,-2.159291827720302,-3.3402583222644617
2025-05-02,-1.902,-2.9445007,-4.46281434207035,-4.133823779786229
2025-05-05,1.3739999999999994,-2.5648122,-2.776126646144461,-3.0062027647907508
2025-05-06,-1.3215000000000003,-2.9285073,-2.4839374442719224,-3.3179081613116557
2025-05-07,-1.1309999999999998,-3.2949588,-2.7051449361955675,-3.5883555442591883
2025-05-08,-0.8355,-3.580072,-3.113358754913592,-3.8657957442243376
2025-05-09,-0.8114999999999994,-3.6959429,-3.838481255594897,-3.968864195616704
2025-05-12,1.5599999999999998,-7.8207273,-8.45562713725883,-7.519453039593923
2025-05-13,2.5005,-5.8572106,-7.086783019303048,-6.337012481989536
2025-05-14,3.5414999999999996,-6.475949,-6.921186012557134,-6.394046180754269
2025-05-15,3.1409999999999996,-7.932278,-8.895127710194647,-7.635496467603351
2025-05-16,3.9255,-6.8142605,-6.669298439378192,-6.199871478277277
2025-05-19,4.648499999999999,-7.0160046,-6.696160656663421,-6.031705037515881
2025-05-20,3.9239999999999995,-7.310354,-7.446092738622934,-6.4203285143114925
2025-05-21,4.060499999999998,-6.150323,-5.566512130483108,-5.253391030770559
2025-05-22,2.960999999999999,-6.7740173,-6.02990005424477,-5.805093101638927
2025-05-23,3.061499999999999,-5.1575623,-4.932298708164136,-4.7063499083878035
2025-05-26,3.3255000000000003,-7.050252,-4.731020068204413,-5.394429266030252
2025-05-27,3.4305000000000008,-7.583203,-6.9490735175608815,-6.267635710836699
2025-05-28,3.239999999999999,-7.11522,-6.735617554880813,-6.111679335183222
2025-05-29,4.347,-6.4890428,-6.108735809142533,-5.408708281208841
2025-05-30,4.278,-6.1381025,-5.62150277050112,-5.222125192567323
2025-06-02,3.968999999999999,-6.0252004,-5.618505743088735,-5.082643099922896
2025-06-03,3.8864999999999994,-7.0826488,-6.672674491495212,-5.94583739454082
2025-06-04,3.5489999999999995,-7.2081733,-7.186708395909353,-6.24718351756059
2025-06-05,4.765499999999999,-6.526749,-6.649347159544506,-5.640201634343412
2025-06-06,4.581,-6.8818555,-6.608672568344741,-5.920594426217857
2025-06-09,4.317,-6.189333,-5.829269224002177,-5.396756415784553
2025-06-10,4.638,-5.1302094,-5.222899770240091,-4.695882099702037
2025-06-11,3.9479999999999986,-4.976499,-5.502857544416425,-4.8217105709996915
2025-06-12,3.1125,-4.8346863,-4.905445859641321,-4.460699438273174
2025-06-13,2.210999999999999,-5.095098,-5.077872028524854,-4.745956973167139
2025-06-16,1.221,-5.60537,-5.570824158263257,-5.3956151418083955
2025-06-17,2.5335,-5.3418283,-4.705529499546212,-4.617966272496722
2025-06-18,1.125,-5.048401,-4.8322131950929395,-5.035007710589028
