date,industry,early_radar_score,alert_tier,accumulation_pressure,cross_stock_synchronization,prob_5d,ind_fwd_5d,major_industry_move_5d
2025-03-25,Secondary Steel & TMT Rebars,58.2,WATCH (Unusual Precursor),48.5,52.6,0.14005681526662073,1.946607149248887,0
2025-04-22,Secondary Steel & TMT Rebars,59.5,WATCH (Unusual Precursor),58.5,72.4,0.12266111618436427,-1.9272446189537025,0
2025-04-23,Secondary Steel & TMT Rebars,56.8,WATCH (Unusual Precursor),54.0,66.4,0.13205362754690814,-4.141334575336187,0
2025-05-12,Secondary Steel & TMT Rebars,58.9,WATCH (Unusual Precursor),67.0,57.6,0.12507505800801502,5.126857302042651,0
2025-05-13,Secondary Steel & TMT Rebars,56.4,WATCH (Unusual Precursor),61.2,66.1,0.12013470986204426,3.3813536111302294,0
2025-05-14,Secondary Steel & TMT Rebars,67.8,EARLY (Elevated Probability),70.8,71.2,0.11741953086387717,1.3994610402287178,0
2025-05-15,Secondary Steel & TMT Rebars,71.2,EARLY (Elevated Probability),70.3,79.3,0.11684881366446401,0.31745669933826093,0
2025-05-16,Secondary Steel & TMT Rebars,61.7,WATCH (Unusual Precursor),54.3,81.9,0.1384238980762372,0.5090743935505593,0
2025-05-19,Secondary Steel & TMT Rebars,65.5,EARLY (Elevated Probability),61.9,75.4,0.11263998843479753,0.5718150411729268,0
2025-06-09,Secondary Steel & TMT Rebars,59.4,WATCH (Unusual Precursor),67.6,66.9,0.09750943951347153,-1.2656876585975487,0
2025-06-10,Secondary Steel & TMT Rebars,63.6,WATCH (Unusual Precursor),68.0,74.6,0.14778801922289347,-2.17048752249061,0
2025-06-11,Secondary Steel & TMT Rebars,71.9,EARLY (Elevated Probability),76.8,73.3,0.12119797781005827,-2.0586270141796876,0
2025-08-19,Secondary Steel & TMT Rebars,60.6,WATCH (Unusual Precursor),65.4,45.0,0.10757832173317886,12.694642864400407,0
2025-08-20,Secondary Steel & TMT Rebars,62.8,WATCH (Unusual Precursor),65.9,50.0,0.112440744287285,11.96632340983471,0
2026-07-31,Secondary Steel & TMT Rebars,60.4,WATCH (Unusual Precursor),59.4,54.7,0.07453615389831555,3.3188229848857276,0
2026-08-03,Secondary Steel & TMT Rebars,58.4,WATCH (Unusual Precursor),55.7,56.0,0.07803569951767048,2.4462217597376346,0
2026-08-04,Secondary Steel & TMT Rebars,65.0,EARLY (Elevated Probability),69.6,58.0,0.07453615389831555,0.624453793420244,0
2026-08-05,Secondary Steel & TMT Rebars,61.2,WATCH (Unusual Precursor),71.9,60.0,0.13806941941390488,-1.1148473734910138,0
2026-08-06,Secondary Steel & TMT Rebars,57.0,WATCH (Unusual Precursor),59.5,62.3,0.12968823849941122,-1.4488806563222825,0
2026-08-07,Secondary Steel & TMT Rebars,55.5,WATCH (Unusual Precursor),54.1,61.5,0.16700872315394438,-0.8573456606336158,0
2024-06-11,Solar PV & Green Hydrogen,61.0,WATCH (Unusual Precursor),55.0,59.1,0.10915700287168696,8.392703820187005,1
2024-06-12,Solar PV & Green Hydrogen,71.0,EARLY (Elevated Probability),67.0,63.6,0.10441987701986823,4.636613636992939,0
2024-06-13,Solar PV & Green Hydrogen,79.7,PRE-BREAKOUT (High Conviction),74.3,86.4,0.13834562471998713,1.602056932766559,0
2024-06-14,Solar PV & Green Hydrogen,64.4,WATCH (Unusual Precursor),57.0,77.3,0.11635217592899577,-3.18792833810524,0
2024-06-17,Solar PV & Green Hydrogen,63.8,WATCH (Unusual Precursor),56.0,81.8,0.10901000555707656,-1.1533608132137976,0
2024-06-18,Solar PV & Green Hydrogen,60.8,WATCH (Unusual Precursor),48.9,72.7,0.14559718716478395,2.196479514389397,0
2024-07-26,Solar PV & Green Hydrogen,66.8,EARLY (Elevated Probability),58.1,69.2,0.1038967099669466,-1.9601070581732736,0
2024-08-19,Solar PV & Green Hydrogen,68.4,EARLY (Elevated Probability),76.0,67.9,0.11853293199648311,-2.6571152039281207,0
2024-08-20,Solar PV & Green Hydrogen,56.3,WATCH (Unusual Precursor),61.8,63.3,0.1110179176424569,-1.1201420195185705,0
2024-09-26,Solar PV & Green Hydrogen,56.8,WATCH (Unusual Precursor),55.0,47.1,0.07263987327254075,-0.1122086319261205,0
2024-10-01,Solar PV & Green Hydrogen,58.7,WATCH (Unusual Precursor),55.6,47.1,0.07830993060681861,-4.958855106066797,0
2024-10-30,Solar PV & Green Hydrogen,57.2,WATCH (Unusual Precursor),45.0,52.8,0.12297820656003813,9.955864771351205,1
2024-10-31,Solar PV & Green Hydrogen,64.4,WATCH (Unusual Precursor),54.9,58.3,0.12397774227728535,4.1081503167440605,0
2024-11-05,Solar PV & Green Hydrogen,62.9,WATCH (Unusual Precursor),58.8,71.1,0.12013208055818626,-2.700310875400587,0
2024-11-06,Solar PV & Green Hydrogen,60.0,WATCH (Unusual Precursor),53.7,73.7,0.1307629509693105,-9.23417510491801,0
2024-12-03,Solar PV & Green Hydrogen,61.6,WATCH (Unusual Precursor),54.3,62.5,0.12120178656131152,3.3196713178737234,0
2024-12-04,Solar PV & Green Hydrogen,67.9,EARLY (Elevated Probability),65.1,62.5,0.11601001902576993,2.3491521607821895,0
2024-12-05,Solar PV & Green Hydrogen,64.3,WATCH (Unusual Precursor),59.0,60.0,0.10102771374544368,3.145486084364184,0
2024-12-06,Solar PV & Green Hydrogen,76.1,PRE-BREAKOUT (High Conviction),75.3,60.5,0.1065184200101932,1.8536725369693317,0
2024-12-09,Solar PV & Green Hydrogen,69.0,EARLY (Elevated Probability),60.0,70.0,0.10102771374544368,2.297208514549024,0
2024-12-10,Solar PV & Green Hydrogen,58.8,WATCH (Unusual Precursor),56.3,52.5,0.08035371145361259,2.21760270258155,0
2024-12-11,Solar PV & Green Hydrogen,60.5,WATCH (Unusual Precursor),63.3,52.5,0.08035371145361259,-0.8462885655416296,0
2024-12-12,Solar PV & Green Hydrogen,60.3,WATCH (Unusual Precursor),71.9,47.5,0.09901049827771567,-2.1466629203051575,0
2024-12-16,Solar PV & Green Hydrogen,55.1,WATCH (Unusual Precursor),65.2,65.8,0.10108267215265707,-3.620450103563792,0
2025-01-02,Solar PV & Green Hydrogen,63.0,WATCH (Unusual Precursor),65.6,47.5,0.07453615389831555,-3.3836622803286587,0
2025-01-03,Solar PV & Green Hydrogen,59.1,WATCH (Unusual Precursor),63.7,47.5,0.09161281326535815,-5.526800663783785,0
2025-02-25,Solar PV & Green Hydrogen,63.2,WATCH (Unusual Precursor),58.7,39.5,0.07193442322677503,-4.766335300196263,0
2025-03-19,Solar PV & Green Hydrogen,56.0,WATCH (Unusual Precursor),63.5,30.0,0.09445936067360874,0.05452865026680551,0
2025-03-21,Solar PV & Green Hydrogen,56.4,WATCH (Unusual Precursor),48.7,42.5,0.10458010663309636,-5.794795990997512,0
2025-03-24,Solar PV & Green Hydrogen,66.9,EARLY (Elevated Probability),60.0,52.5,0.1904422676955372,-3.870670461681128,0
2025-03-25,Solar PV & Green Hydrogen,57.4,WATCH (Unusual Precursor),50.9,45.0,0.23604168335598583,-0.22618893143851132,0
2025-04-22,Solar PV & Green Hydrogen,60.8,WATCH (Unusual Precursor),68.3,88.1,0.12640191829052466,1.3529231144147544,1
2025-04-23,Solar PV & Green Hydrogen,63.3,WATCH (Unusual Precursor),77.6,87.5,0.13921731748957053,-5.052346696546259,0
2025-04-24,Solar PV & Green Hydrogen,56.9,WATCH (Unusual Precursor),72.1,80.0,0.16736446009817282,-6.657503264107648,0
2025-05-14,Solar PV & Green Hydrogen,57.3,WATCH (Unusual Precursor),71.0,80.0,0.1185632604753572,5.461330056465455,0
2025-05-15,Solar PV & Green Hydrogen,55.5,WATCH (Unusual Precursor),60.5,77.5,0.11812455177239482,5.443839140792546,1
2025-05-16,Solar PV & Green Hydrogen,61.2,WATCH (Unusual Precursor),71.2,78.6,0.11886550041070054,2.474099310440817,0
2025-05-19,Solar PV & Green Hydrogen,58.2,WATCH (Unusual Precursor),69.7,83.3,0.13252902058410057,-0.08585111697161722,0
2025-05-22,Solar PV & Green Hydrogen,56.8,WATCH (Unusual Precursor),65.4,87.5,0.11511488286113775,1.7784560543686705,0
2025-06-25,Solar PV & Green Hydrogen,58.4,WATCH (Unusual Precursor),64.5,68.2,0.10108267215265707,2.239846604079838,0
2025-06-26,Solar PV & Green Hydrogen,60.3,WATCH (Unusual Precursor),57.9,75.0,0.11419522597401684,2.0563577168910023,0
2025-06-30,Solar PV & Green Hydrogen,65.2,EARLY (Elevated Probability),67.4,71.4,0.10108267215265707,-0.2555813398080379,0
2025-07-10,Solar PV & Green Hydrogen,60.3,WATCH (Unusual Precursor),73.3,63.2,0.1198432722709986,0.5906973295434933,0
2025-07-14,Solar PV & Green Hydrogen,55.2,WATCH (Unusual Precursor),61.7,66.7,0.07530376529943716,5.294671547925529,1
2025-07-21,Solar PV & Green Hydrogen,56.2,WATCH (Unusual Precursor),67.3,54.8,0.08577920645059194,0.8092140495336018,1
2024-03-25,Specialty Chemicals,61.6,WATCH (Unusual Precursor),62.4,59.3,0.11314949915091665,1.0163492918733832,0
2024-04-01,Specialty Chemicals,66.3,EARLY (Elevated Probability),66.3,65.9,0.1268434211484292,5.86975391996268,0
2024-04-02,Specialty Chemicals,69.3,EARLY (Elevated Probability),63.2,87.5,0.12540965746822577,3.174826418706864,0
2024-04-03,Specialty Chemicals,72.5,EARLY (Elevated Probability),68.6,93.2,0.11570098894928081,1.875354551050471,0
2024-04-04,Specialty Chemicals,65.7,EARLY (Elevated Probability),61.6,94.3,0.11570098894928081,0.8323241981328419,0
2024-04-05,Specialty Chemicals,62.7,WATCH (Unusual Precursor),56.6,94.3,0.11570098894928081,-0.041536753908944075,0
2024-05-17,Specialty Chemicals,58.5,WATCH (Unusual Precursor),58.6,73.3,0.09907934458771381,0.5715494235697717,0
2024-05-20,Specialty Chemicals,58.6,WATCH (Unusual Precursor),54.1,74.4,0.10655524146769009,-0.36119188572986205,0
2024-05-21,Specialty Chemicals,62.9,WATCH (Unusual Precursor),62.0,63.3,0.09197376794381218,-1.3191129077347508,0
2024-05-22,Specialty Chemicals,60.4,WATCH (Unusual Precursor),59.6,64.4,0.07613939420845171,-1.2391945699351856,0
2024-06-07,Specialty Chemicals,60.1,WATCH (Unusual Precursor),64.3,55.6,0.1276787505042273,7.005532698757836,0
2024-06-10,Specialty Chemicals,63.6,WATCH (Unusual Precursor),64.0,67.4,0.12373450255527163,5.096169404322948,0
2024-06-11,Specialty Chemicals,64.5,WATCH (Unusual Precursor),59.6,82.6,0.12345748122661779,4.813294042764886,0
2024-06-12,Specialty Chemicals,70.2,EARLY (Elevated Probability),65.2,88.0,0.13205258583243626,3.5940606467099125,0
2024-06-13,Specialty Chemicals,65.4,EARLY (Elevated Probability),59.2,89.1,0.1285107506386981,4.454779299000927,0
2024-06-14,Specialty Chemicals,72.2,EARLY (Elevated Probability),72.0,88.0,0.13525356479536133,2.2814933751057866,0
2024-06-17,Specialty Chemicals,66.1,EARLY (Elevated Probability),66.1,87.0,0.12050596921238335,2.5744329207051417,0
2024-06-20,Specialty Chemicals,60.9,WATCH (Unusual Precursor),70.4,85.9,0.09907227667066285,-1.0991525438921177,0
2024-07-29,Specialty Chemicals,61.7,WATCH (Unusual Precursor),63.2,88.0,0.12166686683743634,-2.1879205777325343,0
2024-07-30,Specialty Chemicals,70.7,EARLY (Elevated Probability),77.1,89.1,0.12835101385119319,-3.8454493990420797,0
2024-07-31,Specialty Chemicals,63.8,WATCH (Unusual Precursor),67.7,84.8,0.12063310264507446,-1.8025875517005105,0
2024-08-21,Specialty Chemicals,63.4,WATCH (Unusual Precursor),59.2,83.3,0.13347777406555095,2.241453153145082,0
2024-08-22,Specialty Chemicals,68.0,EARLY (Elevated Probability),65.0,87.0,0.1262140959392678,0.7934051817368204,0
2024-08-27,Specialty Chemicals,60.3,WATCH (Unusual Precursor),59.2,76.7,0.10508810083589006,0.3911662918144188,0
2024-10-14,Specialty Chemicals,55.0,WATCH (Unusual Precursor),46.0,71.3,0.11009033380450803,-2.3082486756120772,0
2024-10-16,Specialty Chemicals,59.0,WATCH (Unusual Precursor),57.9,56.4,0.12126061099042347,-5.190125805139733,0
2024-11-05,Specialty Chemicals,58.8,WATCH (Unusual Precursor),50.5,59.1,0.08953968517287135,-2.8633491348360263,0
2024-11-06,Specialty Chemicals,68.4,EARLY (Elevated Probability),60.2,71.7,0.13089985883645666,-7.452809510146108,0
2024-11-07,Specialty Chemicals,60.8,WATCH (Unusual Precursor),52.8,64.1,0.12665369042020605,-7.014210579906226,0
2024-11-28,Specialty Chemicals,57.8,WATCH (Unusual Precursor),50.9,55.4,0.09072114180781303,2.6308856775224214,0
2024-12-02,Specialty Chemicals,57.8,WATCH (Unusual Precursor),51.7,53.2,0.11982184283979161,2.8580386074046475,0
2024-12-03,Specialty Chemicals,67.0,EARLY (Elevated Probability),62.4,59.8,0.11831071985041543,3.4718501692679173,0
2024-12-04,Specialty Chemicals,63.4,WATCH (Unusual Precursor),57.8,62.2,0.12507505800801502,3.852357603351554,0
2024-12-05,Specialty Chemicals,62.9,WATCH (Unusual Precursor),59.6,63.0,0.11725548821230611,2.6800616928793914,0
2024-12-06,Specialty Chemicals,62.0,WATCH (Unusual Precursor),57.4,62.0,0.11831071985041543,2.1130873038954827,0
2024-12-09,Specialty Chemicals,64.2,WATCH (Unusual Precursor),62.5,57.4,0.12507505800801502,2.0818252224922635,0
2024-12-10,Specialty Chemicals,75.6,PRE-BREAKOUT (High Conviction),85.1,64.4,0.10942966377258925,0.7942030054569762,0
2024-12-11,Specialty Chemicals,58.1,WATCH (Unusual Precursor),63.2,64.1,0.10701619166553211,-1.1536923435307869,0
2025-01-03,Specialty Chemicals,57.7,WATCH (Unusual Precursor),56.7,54.3,0.07453615389831555,-5.100413063687237,0
2025-01-20,Specialty Chemicals,58.0,WATCH (Unusual Precursor),53.4,60.0,0.12126061099042347,-7.778810851825737,0
2025-02-05,Specialty Chemicals,59.0,WATCH (Unusual Precursor),48.1,53.3,0.12297820656003813,-7.359700386231189,0
2025-02-06,Specialty Chemicals,55.7,WATCH (Unusual Precursor),45.8,51.1,0.11030279845563482,-8.347295148589245,0
2025-03-06,Specialty Chemicals,59.4,WATCH (Unusual Precursor),54.5,40.6,0.09184694450028848,-4.0394674598999005,0
2025-03-21,Specialty Chemicals,57.6,WATCH (Unusual Precursor),53.0,45.8,0.08774279483352983,-4.020347902980292,0
2025-03-24,Specialty Chemicals,67.2,EARLY (Elevated Probability),61.1,53.2,0.1404292919603757,-3.2990911041746576,0
2025-04-03,Specialty Chemicals,60.6,WATCH (Unusual Precursor),63.5,55.2,0.11601001902576993,-2.560759807375759,0
2025-04-15,Specialty Chemicals,57.9,WATCH (Unusual Precursor),61.8,56.7,0.12507505800801502,4.057093521499914,0
2025-04-16,Specialty Chemicals,57.6,WATCH (Unusual Precursor),56.4,68.8,0.12311432131452689,2.60751212125507,0
2025-04-21,Specialty Chemicals,60.7,WATCH (Unusual Precursor),63.6,74.0,0.11550892381736835,-2.234785218824878,0
2025-04-22,Specialty Chemicals,59.4,WATCH (Unusual Precursor),57.2,79.8,0.12068132745280662,-2.633963416500336,0
2025-05-12,Specialty Chemicals,59.7,WATCH (Unusual Precursor),72.1,65.2,0.12916372830230702,7.53683072250027,0
2025-05-13,Specialty Chemicals,67.3,EARLY (Elevated Probability),79.1,79.8,0.12254674993394213,5.7740087228996835,0
2025-05-14,Specialty Chemicals,73.7,EARLY (Elevated Probability),84.2,79.8,0.1194413046001526,3.762902214415214,0
2025-05-15,Specialty Chemicals,70.8,EARLY (Elevated Probability),74.7,81.9,0.11684881366446401,2.9729919564662692,0
2025-05-16,Specialty Chemicals,66.2,EARLY (Elevated Probability),65.9,86.2,0.11179054581078207,2.0284677799454047,0
2025-05-19,Specialty Chemicals,77.4,PRE-BREAKOUT (High Conviction),86.9,80.2,0.13268233240791014,1.2196531558671952,0
2025-06-11,Specialty Chemicals,60.4,WATCH (Unusual Precursor),72.9,77.2,0.17102884699805185,-1.265357506124589,0
2025-06-25,Specialty Chemicals,66.6,EARLY (Elevated Probability),74.0,80.9,0.10903437399655848,0.5645511363438579,0
2025-06-26,Specialty Chemicals,59.5,WATCH (Unusual Precursor),56.7,83.0,0.18268136559456813,1.0576064789037372,0
2025-06-27,Specialty Chemicals,72.4,EARLY (Elevated Probability),73.9,86.2,0.14564638028310814,1.0322175503729105,0
2025-06-30,Specialty Chemicals,79.6,PRE-BREAKOUT (High Conviction),81.4,90.4,0.11784732057211667,-0.7845647947661278,0
2025-07-01,Specialty Chemicals,64.3,WATCH (Unusual Precursor),64.3,79.8,0.11480458595648106,-0.6661084182057601,0
2025-07-15,Specialty Chemicals,55.0,WATCH (Unusual Precursor),59.6,64.9,0.1200558828939945,-0.873714249630411,0
2025-08-18,Specialty Chemicals,56.8,WATCH (Unusual Precursor),55.1,41.8,0.09367236121244776,-0.11113034772398549,0
2025-08-19,Specialty Chemicals,59.7,WATCH (Unusual Precursor),58.3,44.9,0.09640586928043625,2.09700878264147,0
2025-08-20,Specialty Chemicals,56.0,WATCH (Unusual Precursor),52.0,44.7,0.09640586928043625,0.22435453500458227,0
2026-07-02,Specialty Chemicals,57.7,WATCH (Unusual Precursor),56.0,33.3,0.09106342387880967,-0.7860441208521887,0
2026-07-31,Specialty Chemicals,58.9,WATCH (Unusual Precursor),58.4,53.4,0.08953968517287135,2.9749356696046205,0
2026-08-03,Specialty Chemicals,63.3,WATCH (Unusual Precursor),66.1,56.7,0.08953968517287135,1.5382748548773724,0
2026-08-04,Specialty Chemicals,57.7,WATCH (Unusual Precursor),57.6,60.0,0.08953968517287135,1.0590396774809643,0
2026-08-06,Specialty Chemicals,65.5,EARLY (Elevated Probability),68.4,65.0,0.09777859504333307,1.0571014441641777,0
2026-08-07,Specialty Chemicals,59.5,WATCH (Unusual Precursor),61.4,60.8,0.06806895305465127,0.7501501179214025,0
2026-08-11,Specialty Chemicals,57.6,WATCH (Unusual Precursor),66.4,54.0,0.07874454305015213,0.217508598144328,0
2026-08-12,Specialty Chemicals,58.7,WATCH (Unusual Precursor),69.0,52.5,0.08625339235185024,0.35164958401209545,0
2024-05-16,Specialty Retail Boutiques,56.2,WATCH (Unusual Precursor),52.2,58.3,0.09192322349090937,1.203881771946149,0
2024-05-17,Specialty Retail Boutiques,61.9,WATCH (Unusual Precursor),56.8,66.7,0.1188825673931828,-0.7230079716084378,0
2024-05-20,Specialty Retail Boutiques,62.8,WATCH (Unusual Precursor),52.8,70.8,0.11215519170968195,-3.2662275329577386,0
2024-05-21,Specialty Retail Boutiques,62.1,WATCH (Unusual Precursor),57.7,58.3,0.13494225784100214,-3.743454208859609,0
2024-05-22,Specialty Retail Boutiques,78.0,PRE-BREAKOUT (High Conviction),81.6,66.7,0.10330472019289753,-3.651339831162273,0
2024-05-23,Specialty Retail Boutiques,56.2,WATCH (Unusual Precursor),52.5,54.2,0.07183968540285807,-3.365156115903046,0
2024-06-03,Specialty Retail Boutiques,56.2,WATCH (Unusual Precursor),59.7,46.2,0.10788570746804166,3.257633099080003,0
2024-06-07,Specialty Retail Boutiques,59.5,WATCH (Unusual Precursor),52.1,69.2,0.12126061099042347,6.084621448773914,0
2024-06-11,Specialty Retail Boutiques,67.4,EARLY (Elevated Probability),58.3,80.8,0.12345748122661779,3.599432011944541,0
2024-06-12,Specialty Retail Boutiques,73.2,EARLY (Elevated Probability),67.8,76.9,0.1218914841470964,2.510881571741815,0
2024-06-13,Specialty Retail Boutiques,71.3,EARLY (Elevated Probability),68.7,73.1,0.13055389927338198,2.399619303939162,0
2024-06-14,Specialty Retail Boutiques,76.1,PRE-BREAKOUT (High Conviction),78.9,73.1,0.13851595327089752,-0.22540278505608533,0
2024-06-17,Specialty Retail Boutiques,61.8,WATCH (Unusual Precursor),66.4,65.4,0.09234087017433713,1.4010951269361793,0
2024-07-12,Specialty Retail Boutiques,56.0,WATCH (Unusual Precursor),63.0,73.1,0.10073473311555349,-3.981166645905404,0
2024-07-31,Specialty Retail Boutiques,56.5,WATCH (Unusual Precursor),51.8,73.1,0.08473720548731267,-2.5786809690048065,0
2024-08-09,Specialty Retail Boutiques,61.9,WATCH (Unusual Precursor),58.7,65.4,0.21862818421411187,2.5875054960580806,1
2024-08-12,Specialty Retail Boutiques,78.0,PRE-BREAKOUT (High Conviction),77.3,76.9,0.12424307220539675,0.944182359546123,0
2024-08-13,Specialty Retail Boutiques,61.2,WATCH (Unusual Precursor),57.0,73.1,0.1097743598899983,0.8612599130731391,0
2024-08-14,Specialty Retail Boutiques,57.9,WATCH (Unusual Precursor),60.8,61.5,0.0818170635626669,3.2009744552533075,0
2024-08-16,Specialty Retail Boutiques,64.0,WATCH (Unusual Precursor),67.6,76.9,0.10720293087510041,0.7527208388008166,0
2024-08-21,Specialty Retail Boutiques,67.4,EARLY (Elevated Probability),72.5,76.9,0.09777859504333307,2.8172115704276055,0
2024-09-03,Specialty Retail Boutiques,56.0,WATCH (Unusual Precursor),79.3,69.2,0.09622384395006997,1.848301613798977,0
2024-11-06,Specialty Retail Boutiques,64.4,WATCH (Unusual Precursor),63.2,50.0,0.1276787505042273,-7.0826635511490625,0
2024-11-26,Specialty Retail Boutiques,59.2,WATCH (Unusual Precursor),48.1,53.3,0.11982184283979161,0.35571889922602057,0
2024-11-27,Specialty Retail Boutiques,58.0,WATCH (Unusual Precursor),48.8,50.0,0.132057502918394,1.2525665544886484,0
2024-11-28,Specialty Retail Boutiques,64.0,WATCH (Unusual Precursor),54.5,56.7,0.09693553173450459,-1.154306121065559,0
2024-12-03,Specialty Retail Boutiques,59.4,WATCH (Unusual Precursor),59.9,46.7,0.11698641358112996,2.1996989958136437,0
2024-12-04,Specialty Retail Boutiques,57.0,WATCH (Unusual Precursor),51.7,56.7,0.14213291321040938,2.488141026937607,0
2024-12-06,Specialty Retail Boutiques,76.2,PRE-BREAKOUT (High Conviction),82.8,56.7,0.12098008148782752,0.7907380691144339,0
2024-12-09,Specialty Retail Boutiques,59.2,WATCH (Unusual Precursor),51.9,63.3,0.07299921652011855,0.32091943381705346,0
2024-12-10,Specialty Retail Boutiques,60.4,WATCH (Unusual Precursor),56.3,56.7,0.10100574842345361,0.338840810844966,0
2024-12-11,Specialty Retail Boutiques,60.4,WATCH (Unusual Precursor),62.5,60.0,0.11388908222563114,-1.14017933688282,0
2024-12-12,Specialty Retail Boutiques,61.7,WATCH (Unusual Precursor),63.2,60.0,0.06790977742305249,-0.28644562450657624,0
2024-12-27,Specialty Retail Boutiques,59.1,WATCH (Unusual Precursor),60.3,50.0,0.07453615389831555,1.8441696225056354,0
2025-01-03,Specialty Retail Boutiques,55.4,WATCH (Unusual Precursor),61.0,53.3,0.09273294025662766,-3.5536440437254493,0
2025-01-07,Specialty Retail Boutiques,65.6,EARLY (Elevated Probability),69.2,53.3,0.12459486396737489,-4.1380549564117866,0
2025-01-08,Specialty Retail Boutiques,58.3,WATCH (Unusual Precursor),60.8,46.7,0.10712884709979989,-3.6501640859460522,0
2025-03-07,Specialty Retail Boutiques,59.7,WATCH (Unusual Precursor),48.0,56.7,0.12665369042020605,-8.877655985127365,0
2025-03-19,Specialty Retail Boutiques,63.6,WATCH (Unusual Precursor),71.3,36.7,0.2130287086973464,-2.6372373145187007,0
2025-04-02,Specialty Retail Boutiques,66.4,EARLY (Elevated Probability),70.6,43.3,0.11831071985041543,-3.827950016687691,0
2025-04-03,Specialty Retail Boutiques,66.6,EARLY (Elevated Probability),64.2,56.7,0.12266111618436427,-4.502312479912775,0
2025-04-16,Specialty Retail Boutiques,60.1,WATCH (Unusual Precursor),53.0,70.0,0.12082999870035638,1.708498177267225,0
2025-04-17,Specialty Retail Boutiques,58.6,WATCH (Unusual Precursor),55.9,71.4,0.12266111618436427,-2.701092920643262,0
2025-04-21,Specialty Retail Boutiques,57.0,WATCH (Unusual Precursor),52.7,76.7,0.11635217592899577,-4.959264342784006,0
2025-04-22,Specialty Retail Boutiques,61.9,WATCH (Unusual Precursor),63.1,73.3,0.11995869953657783,-7.360680318478841,0
2025-05-13,Specialty Retail Boutiques,60.6,WATCH (Unusual Precursor),67.9,53.6,0.12218889556606496,2.742525784309046,0
2025-05-15,Specialty Retail Boutiques,64.9,WATCH (Unusual Precursor),57.9,66.7,0.1281074026127745,0.687857204398703,0
2025-05-16,Specialty Retail Boutiques,63.3,WATCH (Unusual Precursor),54.9,63.3,0.1340687911184895,0.5215806423496122,0
2025-05-19,Specialty Retail Boutiques,72.8,EARLY (Elevated Probability),70.4,66.7,0.12321296543337205,-1.6016702433058092,0
2025-06-09,Specialty Retail Boutiques,74.0,EARLY (Elevated Probability),80.2,50.0,0.10119212257848229,-0.6638971734538978,0
2025-06-10,Specialty Retail Boutiques,70.9,EARLY (Elevated Probability),67.1,63.3,0.09901049827771567,-0.45375441468254557,0
2025-06-11,Specialty Retail Boutiques,66.6,EARLY (Elevated Probability),59.3,56.7,0.10737954039483849,1.2253068023955211,1
2025-06-12,Specialty Retail Boutiques,58.6,WATCH (Unusual Precursor),53.7,50.0,0.06774524969502327,0.97224734372306,1
2025-06-13,Specialty Retail Boutiques,68.7,EARLY (Elevated Probability),68.1,50.0,0.07009329483928713,1.839494198120967,1
2025-06-16,Specialty Retail Boutiques,76.1,PRE-BREAKOUT (High Conviction),84.0,46.7,0.07913933904325482,-0.20877329201510667,0
2025-06-17,Specialty Retail Boutiques,67.3,EARLY (Elevated Probability),71.7,50.0,0.07613939420845171,-1.303481115807293,0
2025-06-18,Specialty Retail Boutiques,72.6,EARLY (Elevated Probability),76.0,64.3,0.10568626798788411,-1.843064037795761,0
2025-06-20,Specialty Retail Boutiques,62.0,WATCH (Unusual Precursor),63.6,46.7,0.11345643804430844,0.7433258442606385,0
2025-07-01,Specialty Retail Boutiques,61.6,WATCH (Unusual Precursor),69.3,60.0,0.10730362477537697,0.7732471019341266,0
2025-07-03,Specialty Retail Boutiques,55.5,WATCH (Unusual Precursor),51.4,62.5,0.11204715571105221,0.7884797892413302,0
2025-07-07,Specialty Retail Boutiques,58.2,WATCH (Unusual Precursor),53.3,59.4,0.10108267215265707,-2.3062515960801613,0
2025-08-13,Specialty Retail Boutiques,57.1,WATCH (Unusual Precursor),58.0,40.6,0.0983120839593757,4.447912753786864,0
2025-08-18,Specialty Retail Boutiques,68.3,EARLY (Elevated Probability),67.9,46.9,0.0986684534119264,-6.7437934022701445,0
2025-08-21,Specialty Retail Boutiques,59.2,WATCH (Unusual Precursor),48.9,60.0,0.09184694450028848,-9.609441337658412,0
2026-07-29,Specialty Retail Boutiques,57.8,WATCH (Unusual Precursor),50.1,50.0,0.10290179969393394,0.5036765780162422,0
2026-07-31,Specialty Retail Boutiques,55.4,WATCH (Unusual Precursor),53.0,45.0,0.10369214233534253,1.8999825394794467,0
2026-08-03,Specialty Retail Boutiques,77.1,PRE-BREAKOUT (High Conviction),78.1,50.0,0.09901049827771567,0.4161673196436125,0
2026-08-04,Specialty Retail Boutiques,61.6,WATCH (Unusual Precursor),55.7,55.0,0.10309363233792086,1.3029230783933468,0
2026-08-05,Specialty Retail Boutiques,63.6,WATCH (Unusual Precursor),63.3,50.0,0.07553606659009655,1.9087342472055953,0
2026-08-06,Specialty Retail Boutiques,68.0,EARLY (Elevated Probability),66.8,52.6,0.10030315310925217,-0.06697194388346303,0
2026-08-07,Specialty Retail Boutiques,70.7,EARLY (Elevated Probability),72.4,50.0,0.09264790424082213,-0.44534806257165,0
2026-07-09,Sports & Athleisure Footwear,62.6,WATCH (Unusual Precursor),63.2,50.0,0.12275147343912128,-1.4309200522217957,0
2026-08-10,Sports & Athleisure Footwear,74.1,EARLY (Elevated Probability),71.5,70.0,0.12962705668448501,-2.442917155137581,0
2024-04-29,Staffing & Security Services,57.3,WATCH (Unusual Precursor),67.9,75.0,0.20169181731492117,-4.07439532312653,0
2024-05-02,Staffing & Security Services,58.3,WATCH (Unusual Precursor),54.7,75.0,0.1389350510287225,-7.278775980311369,0
2024-05-16,Staffing & Security Services,59.4,WATCH (Unusual Precursor),58.4,66.7,0.09385796154968032,-0.9921644920458069,0
2024-05-20,Staffing & Security Services,57.8,WATCH (Unusual Precursor),52.3,58.3,0.09831358495539083,-3.43307175309821,0
2024-06-11,Staffing & Security Services,78.6,PRE-BREAKOUT (High Conviction),71.0,83.3,0.1266812135898365,6.779374688006551,0
2024-06-12,Staffing & Security Services,82.2,PRE-BREAKOUT (High Conviction),79.9,83.3,0.1339346199542716,4.745225910252825,0
2024-06-13,Staffing & Security Services,82.1,PRE-BREAKOUT (High Conviction),78.7,83.3,0.14793891382569235,2.522119099084073,0
2024-06-18,Staffing & Security Services,59.1,WATCH (Unusual Precursor),66.4,75.0,0.1742212495250766,-1.659161921080532,0
2024-07-26,Staffing & Security Services,62.2,WATCH (Unusual Precursor),79.6,91.7,0.16831672371720763,-4.3376718921455595,0
2024-08-12,Staffing & Security Services,58.2,WATCH (Unusual Precursor),67.4,83.3,0.18554935819955468,0.7468255273560543,0
2024-08-19,Staffing & Security Services,57.5,WATCH (Unusual Precursor),79.8,66.7,0.16394266817359826,7.322244834669917,0
2024-08-21,Staffing & Security Services,61.0,WATCH (Unusual Precursor),53.9,91.7,0.1341511012502905,6.077422920335786,1
2024-08-22,Staffing & Security Services,70.4,EARLY (Elevated Probability),69.9,91.7,0.12522065832295942,2.337890193813987,0
2024-08-23,Staffing & Security Services,58.6,WATCH (Unusual Precursor),44.5,91.7,0.2068399461483253,2.4315420000068477,0
2024-08-26,Staffing & Security Services,69.7,EARLY (Elevated Probability),77.1,83.3,0.20479499113504104,-2.690073790589526,0
2024-09-16,Staffing & Security Services,57.0,WATCH (Unusual Precursor),71.3,64.3,0.14297911596570884,-3.596133231597809,0
2024-10-16,Staffing & Security Services,58.4,WATCH (Unusual Precursor),63.7,42.9,0.14017326108521275,-2.6875566858397093,1
2024-10-31,Staffing & Security Services,68.6,EARLY (Elevated Probability),62.8,78.6,0.19209523146176566,7.631361691262159,1
2024-11-05,Staffing & Security Services,64.0,WATCH (Unusual Precursor),60.7,78.6,0.13775666190519845,-3.0425535228872342,0
2024-11-06,Staffing & Security Services,71.1,EARLY (Elevated Probability),71.2,92.9,0.14006419585354293,-10.920016515191511,0
2024-11-27,Staffing & Security Services,77.3,PRE-BREAKOUT (High Conviction),82.7,57.1,0.13174683310325627,3.088552461892077,0
2024-11-29,Staffing & Security Services,56.6,WATCH (Unusual Precursor),48.8,57.1,0.1122885484676329,3.2437457375221066,0
2024-12-02,Staffing & Security Services,72.6,EARLY (Elevated Probability),65.8,71.4,0.12712693815936077,2.0587671147773237,0
2024-12-03,Staffing & Security Services,76.2,PRE-BREAKOUT (High Conviction),66.7,85.7,0.11631860896282353,0.3016017003058042,0
2024-12-04,Staffing & Security Services,57.6,WATCH (Unusual Precursor),47.1,71.4,0.1281609889502569,0.4098305938190621,0
2024-12-05,Staffing & Security Services,60.3,WATCH (Unusual Precursor),50.2,78.6,0.09845276567126965,1.8947363073091608,0
2024-12-17,Staffing & Security Services,70.4,EARLY (Elevated Probability),92.9,64.3,0.13504418043259142,-6.825876824539594,0
2025-01-02,Staffing & Security Services,57.1,WATCH (Unusual Precursor),58.9,50.0,0.11169048308797327,-4.109171086021155,0
2025-01-03,Staffing & Security Services,65.0,EARLY (Elevated Probability),65.4,50.0,0.11517856960141343,-6.431654514597294,0
2025-01-17,Staffing & Security Services,62.1,WATCH (Unusual Precursor),69.3,35.7,0.20518330402652168,-7.365399263905301,0
2025-01-20,Staffing & Security Services,56.4,WATCH (Unusual Precursor),50.5,57.1,0.1775594322929885,-11.393485033062202,0
2025-02-04,Staffing & Security Services,70.4,EARLY (Elevated Probability),75.4,42.9,0.20628781638199864,-7.464069246279129,0
2025-03-07,Staffing & Security Services,74.6,EARLY (Elevated Probability),72.5,50.0,0.21580071086964406,-9.064392341759145,0
2025-03-18,Staffing & Security Services,62.8,WATCH (Unusual Precursor),75.8,21.4,0.20052787666033228,3.506700430213835,0
2025-03-19,Staffing & Security Services,75.8,PRE-BREAKOUT (High Conviction),82.2,42.9,0.21525839789736392,-1.1924849680973233,0
2025-03-20,Staffing & Security Services,66.8,EARLY (Elevated Probability),62.2,42.9,0.25449269100223104,-1.541439807505483,0
2025-03-21,Staffing & Security Services,83.8,PRE-BREAKOUT (High Conviction),86.2,57.1,0.13415584662069674,-5.965803968789136,0
2025-03-24,Staffing & Security Services,62.8,WATCH (Unusual Precursor),54.7,57.1,0.13332664499816504,-6.535522124044733,0
2025-04-02,Staffing & Security Services,59.0,WATCH (Unusual Precursor),70.4,35.7,0.14307634432973573,-8.265660552434342,0
2025-04-17,Staffing & Security Services,59.4,WATCH (Unusual Precursor),56.8,50.0,0.11601001902576993,0.7575750037141233,0
2025-04-21,Staffing & Security Services,60.6,WATCH (Unusual Precursor),59.3,50.0,0.14571549995238597,-3.204642523031937,0
2025-04-22,Staffing & Security Services,58.7,WATCH (Unusual Precursor),49.7,57.1,0.1281074026127745,-4.756124217081749,0
2025-04-24,Staffing & Security Services,62.4,WATCH (Unusual Precursor),62.9,57.1,0.12666016693190518,-7.791697607970568,0
2025-05-12,Staffing & Security Services,77.6,PRE-BREAKOUT (High Conviction),83.2,57.1,0.17712183211311852,13.78388991414549,1
2025-05-13,Staffing & Security Services,73.4,EARLY (Elevated Probability),74.6,64.3,0.12961610284070757,9.886299579329616,1
2025-05-14,Staffing & Security Services,66.8,EARLY (Elevated Probability),57.8,85.7,0.11299772005945759,7.992028515922117,1
2025-05-15,Staffing & Security Services,84.1,PRE-BREAKOUT (High Conviction),87.5,85.7,0.1452230273470656,4.288045212899809,1
2025-05-16,Staffing & Security Services,62.3,WATCH (Unusual Precursor),55.5,85.7,0.16182725806811335,3.21265362103707,0
2025-05-19,Staffing & Security Services,73.5,EARLY (Elevated Probability),76.9,92.9,0.1611399011635785,1.2660736790222362,0
2025-05-20,Staffing & Security Services,72.3,EARLY (Elevated Probability),71.8,78.6,0.177751372586518,2.8528277605681107,0
2025-06-26,Staffing & Security Services,59.7,WATCH (Unusual Precursor),55.6,57.1,0.09600259109752567,2.48469315456494,0
2025-06-27,Staffing & Security Services,75.6,PRE-BREAKOUT (High Conviction),74.5,64.3,0.10232944698307762,2.705873907965582,0
2025-06-30,Staffing & Security Services,72.4,EARLY (Elevated Probability),69.4,64.3,0.10428616063861977,1.956778390731697,1
2025-07-01,Staffing & Security Services,61.5,WATCH (Unusual Precursor),58.4,57.1,0.10309363233792086,2.2522832886032362,1
2025-07-02,Staffing & Security Services,68.0,EARLY (Elevated Probability),70.7,50.0,0.09901049827771567,1.6690739776978596,0
2025-07-15,Staffing & Security Services,55.7,WATCH (Unusual Precursor),74.8,37.5,0.07453615389831555,0.07180670398716071,0
2025-07-17,Staffing & Security Services,60.6,WATCH (Unusual Precursor),77.3,43.8,0.09901049827771567,-3.24948775236068,0
2025-07-31,Staffing & Security Services,56.3,WATCH (Unusual Precursor),63.8,31.2,0.09704380498499462,-1.930984430170017,0
2025-08-04,Staffing & Security Services,62.7,WATCH (Unusual Precursor),55.1,56.2,0.10353059050098452,-3.6439363982051054,0
2025-08-05,Staffing & Security Services,69.8,EARLY (Elevated Probability),72.4,50.0,0.09122791471136223,-2.1695931590037603,0
2025-08-13,Staffing & Security Services,63.4,WATCH (Unusual Precursor),70.0,43.8,0.1627038584018538,1.0392061373770924,0
2025-08-19,Staffing & Security Services,55.9,WATCH (Unusual Precursor),54.3,56.2,0.11427706135706643,11.239211435888626,0
2026-07-02,Staffing & Security Services,58.0,WATCH (Unusual Precursor),69.2,56.2,0.11927393678420285,-0.7130277353274359,0
2026-07-31,Staffing & Security Services,61.5,WATCH (Unusual Precursor),70.8,57.1,0.1394128040555792,1.0615241573740117,0
2026-08-05,Staffing & Security Services,58.3,WATCH (Unusual Precursor),76.8,61.1,0.08545621338824547,-1.7643944796617586,0
2026-08-06,Staffing & Security Services,57.2,WATCH (Unusual Precursor),64.7,66.7,0.07448222564575648,-0.3673613230243496,0
2026-08-07,Staffing & Security Services,58.7,WATCH (Unusual Precursor),71.8,55.6,0.07381131329482625,0.7907754734577924,0
2024-06-11,Staffing & Workforce Security,57.0,WATCH (Unusual Precursor),47.9,72.7,0.11601001902576993,2.3176961542833436,0
2024-06-12,Staffing & Workforce Security,58.2,WATCH (Unusual Precursor),50.7,68.2,0.10704997340899614,3.0224515109645647,0
2024-06-14,Staffing & Workforce Security,62.8,WATCH (Unusual Precursor),55.9,72.7,0.12046147330873047,0.17511061330361227,0
2024-06-17,Staffing & Workforce Security,62.7,WATCH (Unusual Precursor),54.4,72.7,0.11289312278582925,1.0789426775322928,0
2024-06-19,Staffing & Workforce Security,65.5,EARLY (Elevated Probability),64.4,63.6,0.1383957415935578,-0.23873274093534544,0
2024-07-03,Staffing & Workforce Security,67.3,EARLY (Elevated Probability),92.3,63.6,0.1159309875159297,0.061788946410009066,0
2024-07-05,Staffing & Workforce Security,57.4,WATCH (Unusual Precursor),58.1,72.7,0.1166907738652891,1.000538646109341,0
2024-07-26,Staffing & Workforce Security,66.4,EARLY (Elevated Probability),75.0,72.7,0.10519143354741696,2.801555255771288,0
2024-07-29,Staffing & Workforce Security,66.8,EARLY (Elevated Probability),66.7,68.2,0.15701178114154235,-1.0467170388483993,0
2024-07-30,Staffing & Workforce Security,56.7,WATCH (Unusual Precursor),54.8,59.1,0.11781113326471515,-2.3821572084653164,1
2024-07-31,Staffing & Workforce Security,60.9,WATCH (Unusual Precursor),54.2,72.7,0.145629784663775,-1.7642066349605634,0
2024-08-01,Staffing & Workforce Security,68.6,EARLY (Elevated Probability),65.4,77.3,0.10300501001194051,-3.1338004811407987,0
2024-08-02,Staffing & Workforce Security,58.6,WATCH (Unusual Precursor),60.7,59.1,0.07113050716613556,-1.1205585326840017,0
2024-08-12,Staffing & Workforce Security,60.9,WATCH (Unusual Precursor),59.9,72.7,0.10109455809697647,-2.6232274564057825,0
2024-08-21,Staffing & Workforce Security,65.8,EARLY (Elevated Probability),70.2,77.3,0.11812455177239482,3.0593021867691843,0
2024-08-22,Staffing & Workforce Security,72.6,EARLY (Elevated Probability),75.5,86.4,0.12611434610267538,0.36393819775112063,0
2024-08-23,Staffing & Workforce Security,58.4,WATCH (Unusual Precursor),57.6,81.8,0.11839122300146185,0.8450595835710164,0
2024-09-18,Staffing & Workforce Security,61.2,WATCH (Unusual Precursor),66.4,70.8,0.08096351947283689,-0.596560227017156,0
2024-09-27,Staffing & Workforce Security,55.8,WATCH (Unusual Precursor),61.3,58.3,0.1204121744061498,7.254298099539149,1
2024-10-14,Staffing & Workforce Security,60.9,WATCH (Unusual Precursor),64.3,83.3,0.1224406566259575,-1.089721072638054,0
2024-11-25,Staffing & Workforce Security,67.8,EARLY (Elevated Probability),72.6,54.2,0.11839122300146185,3.3836810847077725,0
2024-11-26,Staffing & Workforce Security,60.0,WATCH (Unusual Precursor),60.5,58.3,0.11093653638086873,4.255549675857595,0
2024-11-28,Staffing & Workforce Security,61.6,WATCH (Unusual Precursor),54.9,62.5,0.10872876367211483,2.9159229175794046,0
2024-11-29,Staffing & Workforce Security,59.7,WATCH (Unusual Precursor),51.2,62.5,0.0819182393653139,3.9190675295622257,0
2024-12-02,Staffing & Workforce Security,65.8,EARLY (Elevated Probability),62.2,62.5,0.12377081972867725,2.4720724415131254,0
2024-12-03,Staffing & Workforce Security,70.1,EARLY (Elevated Probability),67.5,66.7,0.07825982115288606,0.6138523674491998,0
2024-12-04,Staffing & Workforce Security,64.6,WATCH (Unusual Precursor),54.7,75.0,0.12824704442154472,0.34676666358674035,0
2024-12-05,Staffing & Workforce Security,63.6,WATCH (Unusual Precursor),57.7,77.3,0.101777054079568,-0.024922560510089845,0
2024-12-09,Staffing & Workforce Security,64.0,WATCH (Unusual Precursor),62.4,75.0,0.1395547518986646,-0.18735395894413998,0
2025-01-20,Staffing & Workforce Security,61.0,WATCH (Unusual Precursor),59.2,54.2,0.11601001902576993,-7.215982951072274,0
2025-03-18,Staffing & Workforce Security,58.7,WATCH (Unusual Precursor),66.5,23.1,0.14937477966688018,6.177403531068371,0
2025-03-19,Staffing & Workforce Security,67.1,EARLY (Elevated Probability),72.6,29.2,0.17607381742239164,1.7402032786046373,0
2025-03-24,Staffing & Workforce Security,76.4,PRE-BREAKOUT (High Conviction),73.4,57.7,0.11146381580484878,-1.4862951378771985,0
2025-03-25,Staffing & Workforce Security,65.8,EARLY (Elevated Probability),59.8,46.2,0.10145358259498363,1.504563479413305,0
2025-03-26,Staffing & Workforce Security,56.0,WATCH (Unusual Precursor),49.0,38.5,0.08145090706172681,4.898763518153504,0
2025-03-27,Staffing & Workforce Security,59.4,WATCH (Unusual Precursor),65.7,30.8,0.10799697354422598,5.008679048421042,0
2025-04-07,Staffing & Workforce Security,64.6,WATCH (Unusual Precursor),61.0,41.7,0.11235908911201492,9.276201260983195,0
2025-04-16,Staffing & Workforce Security,59.4,WATCH (Unusual Precursor),61.3,70.8,0.12311432131452689,6.09344114904362,0
2025-04-17,Staffing & Workforce Security,56.1,WATCH (Unusual Precursor),65.3,65.4,0.12266111618436427,2.4353640625334605,0
2025-05-16,Staffing & Workforce Security,66.4,EARLY (Elevated Probability),70.3,79.2,0.11684881366446401,4.011221187743625,1
2025-05-19,Staffing & Workforce Security,74.9,EARLY (Elevated Probability),82.1,73.1,0.11937141680076398,0.08961031614747729,0
2025-05-20,Staffing & Workforce Security,60.6,WATCH (Unusual Precursor),64.8,86.4,0.1338313450330645,-3.616326299114658,0
2025-05-21,Staffing & Workforce Security,66.2,EARLY (Elevated Probability),70.2,76.9,0.11331489874851144,-4.043892034772735,0
2025-05-22,Staffing & Workforce Security,64.3,WATCH (Unusual Precursor),71.2,61.5,0.16228682447635215,-2.967602922549763,0
2025-06-27,Staffing & Workforce Security,61.5,WATCH (Unusual Precursor),63.5,45.8,0.07830993060681861,-0.06950103970110592,0
2025-06-30,Staffing & Workforce Security,68.5,EARLY (Elevated Probability),66.5,58.3,0.07622412668574007,-0.20801065064568283,0
2025-07-01,Staffing & Workforce Security,62.6,WATCH (Unusual Precursor),65.2,53.8,0.09042089918456901,0.3357104304419097,0
2025-07-09,Staffing & Workforce Security,56.2,WATCH (Unusual Precursor),57.4,53.8,0.15729679857000892,-0.4807450221298752,0
2025-07-31,Staffing & Workforce Security,60.0,WATCH (Unusual Precursor),69.5,42.3,0.11517856960141343,-2.9122780879514485,0
2025-08-01,Staffing & Workforce Security,58.2,WATCH (Unusual Precursor),71.1,26.9,0.09151597923144283,-2.280431877681401,0
2025-08-04,Staffing & Workforce Security,63.2,WATCH (Unusual Precursor),65.3,46.2,0.09838513650327443,-3.3777807070272376,0
2025-08-22,Staffing & Workforce Security,69.1,EARLY (Elevated Probability),64.1,55.0,0.11851694386257905,-5.394055994093783,0
2026-07-03,Staffing & Workforce Security,64.0,WATCH (Unusual Precursor),67.6,35.7,0.10356930041019217,2.566068550588159,1
2026-07-09,Staffing & Workforce Security,58.6,WATCH (Unusual Precursor),54.3,46.7,0.10290179969393394,-0.2945289995184435,0
2026-07-10,Staffing & Workforce Security,55.3,WATCH (Unusual Precursor),45.7,46.4,0.11612766797784242,-0.4914050976638543,0
2026-08-11,Staffing & Workforce Security,59.4,WATCH (Unusual Precursor),69.2,46.7,0.08332830672619702,-2.5514699534347116,0
2026-08-12,Staffing & Workforce Security,55.5,WATCH (Unusual Precursor),56.8,46.2,0.06945641553555264,-1.9974658254575495,0
2024-05-17,Steel Pipes & Tubes,63.0,WATCH (Unusual Precursor),72.5,77.1,0.11839122300146185,-0.07289304121379692,0
2024-05-21,Steel Pipes & Tubes,57.1,WATCH (Unusual Precursor),55.4,64.6,0.10108498624554131,-1.5949552818328037,0
2024-06-07,Steel Pipes & Tubes,67.6,EARLY (Elevated Probability),71.7,58.3,0.1276787505042273,3.4084212699731995,0
2024-06-11,Steel Pipes & Tubes,58.3,WATCH (Unusual Precursor),52.8,77.1,0.1307629509693105,1.3065821265785034,0
2024-06-12,Steel Pipes & Tubes,67.8,EARLY (Elevated Probability),61.0,83.3,0.12345748122661779,-0.653396490872809,0
2024-06-13,Steel Pipes & Tubes,61.4,WATCH (Unusual Precursor),51.3,77.1,0.11721303409875854,-0.9470148753478611,0
2024-06-14,Steel Pipes & Tubes,56.2,WATCH (Unusual Precursor),47.2,75.0,0.11377107580919973,-0.7962467219730641,0
2024-07-05,Steel Pipes & Tubes,56.7,WATCH (Unusual Precursor),67.1,66.0,0.07208829141196581,-0.9602383757807096,0
2024-07-16,Steel Pipes & Tubes,58.2,WATCH (Unusual Precursor),70.2,58.0,0.07613939420845171,-2.9568763923242782,0
2024-07-17,Steel Pipes & Tubes,57.9,WATCH (Unusual Precursor),65.7,56.0,0.07113050716613556,-0.8223664522909493,0
2024-07-26,Steel Pipes & Tubes,57.8,WATCH (Unusual Precursor),57.3,68.0,0.08887219235172111,0.7128315375926424,0
2024-07-29,Steel Pipes & Tubes,63.4,WATCH (Unusual Precursor),64.0,74.0,0.09377452705010622,-4.311177824295529,0
2024-07-30,Steel Pipes & Tubes,67.3,EARLY (Elevated Probability),65.9,76.0,0.11296577298906921,-6.2215580881297035,0
2024-07-31,Steel Pipes & Tubes,56.3,WATCH (Unusual Precursor),50.5,72.0,0.07480228809744481,-4.473303425605042,0
2024-08-12,Steel Pipes & Tubes,64.4,WATCH (Unusual Precursor),68.8,54.0,0.09257378036463067,0.38034917680161456,0
2024-08-21,Steel Pipes & Tubes,68.0,EARLY (Elevated Probability),69.9,62.0,0.10772658504135942,2.3767608222333716,0
2024-08-22,Steel Pipes & Tubes,74.8,EARLY (Elevated Probability),75.7,72.0,0.10872876367211483,1.1865133375549441,0
2024-08-23,Steel Pipes & Tubes,67.5,EARLY (Elevated Probability),67.4,64.0,0.11013278848770588,1.4237515205792797,0
2024-08-26,Steel Pipes & Tubes,57.6,WATCH (Unusual Precursor),55.6,62.0,0.09397738073046137,0.883752906254109,0
2024-08-27,Steel Pipes & Tubes,58.1,WATCH (Unusual Precursor),55.6,62.0,0.09057479430965248,-0.13342190241205018,0
2024-09-11,Steel Pipes & Tubes,56.6,WATCH (Unusual Precursor),66.3,53.8,0.07613939420845171,0.06128486500331166,0
2024-09-16,Steel Pipes & Tubes,56.7,WATCH (Unusual Precursor),59.1,67.3,0.09584210628396564,-2.1837313141995245,0
2024-09-24,Steel Pipes & Tubes,61.7,WATCH (Unusual Precursor),66.8,60.0,0.09143376096661243,-0.6208741440776331,0
2024-09-27,Steel Pipes & Tubes,57.0,WATCH (Unusual Precursor),60.0,55.8,0.11893868490097043,-1.0794201472965554,0
2024-11-05,Steel Pipes & Tubes,58.0,WATCH (Unusual Precursor),44.6,61.5,0.12280416362373309,-2.661294203224746,0
2024-11-06,Steel Pipes & Tubes,62.6,WATCH (Unusual Precursor),53.9,67.3,0.09640586928043625,-7.723658926669074,0
2024-11-29,Steel Pipes & Tubes,56.5,WATCH (Unusual Precursor),48.7,51.9,0.10629790326766739,4.276273421851421,0
2024-12-02,Steel Pipes & Tubes,61.2,WATCH (Unusual Precursor),57.6,50.0,0.0939959400153724,4.1576648746329505,0
2024-12-03,Steel Pipes & Tubes,63.4,WATCH (Unusual Precursor),57.7,51.9,0.11831071985041543,3.3841281355964785,0
2024-12-04,Steel Pipes & Tubes,71.1,EARLY (Elevated Probability),71.7,53.7,0.11831071985041543,1.812162984990715,0
2024-12-05,Steel Pipes & Tubes,59.6,WATCH (Unusual Precursor),54.4,61.1,0.12698000566329362,1.0570197154830103,0
2024-12-06,Steel Pipes & Tubes,65.0,EARLY (Elevated Probability),62.6,61.5,0.11831071985041543,-0.1802876858340262,0
2024-12-09,Steel Pipes & Tubes,63.9,WATCH (Unusual Precursor),59.6,68.5,0.12324169828253614,-0.9501950522583615,0
2024-12-10,Steel Pipes & Tubes,56.7,WATCH (Unusual Precursor),54.3,59.6,0.11364607696752631,-1.5595962214268855,0
2025-01-02,Steel Pipes & Tubes,64.4,WATCH (Unusual Precursor),65.0,48.1,0.09704380498499462,-2.1513636926175312,0
2025-01-03,Steel Pipes & Tubes,57.4,WATCH (Unusual Precursor),57.5,44.2,0.07453615389831555,-4.776482166582889,0
2025-01-20,Steel Pipes & Tubes,59.2,WATCH (Unusual Precursor),48.4,55.6,0.12665369042020605,-7.182989060827788,0
2025-03-06,Steel Pipes & Tubes,68.8,EARLY (Elevated Probability),67.9,40.7,0.12386510029731874,-5.704835171529472,0
2025-03-07,Steel Pipes & Tubes,57.8,WATCH (Unusual Precursor),46.1,51.9,0.12280416362373309,-7.772827044410627,0
2025-03-18,Steel Pipes & Tubes,56.0,WATCH (Unusual Precursor),65.2,24.1,0.08111078658897972,3.30380031539977,0
2025-03-19,Steel Pipes & Tubes,63.5,WATCH (Unusual Precursor),66.4,50.0,0.10171874391991395,-3.18582383731703,0
2025-03-20,Steel Pipes & Tubes,60.4,WATCH (Unusual Precursor),60.0,55.6,0.12120178656131152,-4.124620718019706,0
2025-03-21,Steel Pipes & Tubes,63.5,WATCH (Unusual Precursor),60.9,57.4,0.12266111618436427,-5.4064747448947985,0
2025-03-24,Steel Pipes & Tubes,67.0,EARLY (Elevated Probability),63.1,64.8,0.12082999870035638,-3.8472561765714044,0
2025-03-25,Steel Pipes & Tubes,57.6,WATCH (Unusual Precursor),48.3,48.1,0.14275739549323685,0.5981111037053326,0
2025-04-03,Steel Pipes & Tubes,56.2,WATCH (Unusual Precursor),59.1,63.5,0.12266111618436427,-4.329702334040811,0
2025-04-21,Steel Pipes & Tubes,61.3,WATCH (Unusual Precursor),66.2,66.7,0.12529139723684304,-2.330272642192087,0
2025-04-22,Steel Pipes & Tubes,62.6,WATCH (Unusual Precursor),58.3,73.1,0.11635217592899577,-4.014079841313457,0
2025-05-12,Steel Pipes & Tubes,75.5,PRE-BREAKOUT (High Conviction),87.7,50.0,0.13174683310325627,5.914387775653162,0
2025-05-13,Steel Pipes & Tubes,69.9,EARLY (Elevated Probability),77.8,73.1,0.13175307198792996,3.3466252402984678,0
2025-05-14,Steel Pipes & Tubes,68.5,EARLY (Elevated Probability),68.7,75.0,0.1161100861338188,3.198746211021224,0
2025-05-15,Steel Pipes & Tubes,65.6,EARLY (Elevated Probability),56.6,79.6,0.11542107160621928,1.9046963830364647,0
2025-05-16,Steel Pipes & Tubes,64.9,WATCH (Unusual Precursor),57.0,85.2,0.13101401696905218,3.4129334706296124,1
2025-05-19,Steel Pipes & Tubes,74.0,EARLY (Elevated Probability),73.5,86.5,0.12331120939924037,3.3991938961723847,1
2025-05-21,Steel Pipes & Tubes,57.3,WATCH (Unusual Precursor),58.8,73.1,0.08789410180431222,2.836120177338217,0
2025-06-10,Steel Pipes & Tubes,60.7,WATCH (Unusual Precursor),71.6,83.9,0.16068638223533488,-0.4045627556383678,0
2025-06-11,Steel Pipes & Tubes,60.6,WATCH (Unusual Precursor),70.8,80.4,0.14730191489504885,-0.7519149207611002,0
2025-06-12,Steel Pipes & Tubes,57.0,WATCH (Unusual Precursor),68.5,67.9,0.16746930446309857,-1.8023179363370971,0
2025-06-13,Steel Pipes & Tubes,66.6,EARLY (Elevated Probability),86.0,71.4,0.10958049798959019,-1.029347063194758,0
2025-06-26,Steel Pipes & Tubes,60.4,WATCH (Unusual Precursor),61.4,82.8,0.11191673130498543,1.4256809890497986,0
2025-06-27,Steel Pipes & Tubes,62.0,WATCH (Unusual Precursor),68.0,83.9,0.11269802077491639,-0.18606360419736534,0
2025-06-30,Steel Pipes & Tubes,58.7,WATCH (Unusual Precursor),63.3,84.5,0.12389869846717386,-0.3517474082025124,0
2026-07-31,Steel Pipes & Tubes,58.7,WATCH (Unusual Precursor),54.4,50.0,0.07453615389831555,1.41346136914929,0
2026-08-04,Steel Pipes & Tubes,66.6,EARLY (Elevated Probability),70.5,61.3,0.07622412668574007,-1.220298971380627,0
2026-08-05,Steel Pipes & Tubes,57.2,WATCH (Unusual Precursor),58.1,60.0,0.08161671664159625,-1.41764929166199,0
2026-08-06,Steel Pipes & Tubes,63.5,WATCH (Unusual Precursor),57.8,61.3,0.09055204097562991,-0.9581424886230873,0
2026-08-07,Steel Pipes & Tubes,57.4,WATCH (Unusual Precursor),54.0,51.6,0.11843523983910222,0.05161528601578109,0
2026-08-10,Steel Pipes & Tubes,57.8,WATCH (Unusual Precursor),58.3,53.2,0.09285055626762967,-1.30202203399499,0
2024-04-22,Stockbroking & Wealth Management,55.4,WATCH (Unusual Precursor),69.1,72.7,0.1546026830239678,1.0764389170584339,0
2024-04-25,Stockbroking & Wealth Management,55.2,WATCH (Unusual Precursor),70.1,79.5,0.14442048449900277,1.0373388273940949,0
2024-06-07,Stockbroking & Wealth Management,68.1,EARLY (Elevated Probability),65.7,63.6,0.12649908731857132,3.002378612415759,0
2024-06-11,Stockbroking & Wealth Management,57.0,WATCH (Unusual Precursor),46.1,84.1,0.12548213571227285,1.9696905523641186,0
2024-06-12,Stockbroking & Wealth Management,58.9,WATCH (Unusual Precursor),46.4,84.1,0.12548213571227285,0.7287648517522338,0
2024-07-17,Stockbroking & Wealth Management,57.3,WATCH (Unusual Precursor),63.4,61.4,0.07208829141196581,-0.37321107502823964,0
2024-07-26,Stockbroking & Wealth Management,75.4,PRE-BREAKOUT (High Conviction),75.6,70.5,0.10330472019289753,4.49660953809417,1
2024-07-29,Stockbroking & Wealth Management,71.2,EARLY (Elevated Probability),71.5,70.5,0.10645570214092093,-0.4166362824347671,1
2024-07-30,Stockbroking & Wealth Management,58.0,WATCH (Unusual Precursor),60.4,72.7,0.11127371030053447,-2.8311899152597078,0
2024-07-31,Stockbroking & Wealth Management,57.5,WATCH (Unusual Precursor),68.7,56.8,0.08024805189050783,-1.8430604791659244,0
2024-08-01,Stockbroking & Wealth Management,59.1,WATCH (Unusual Precursor),64.0,70.5,0.12260990235299711,-2.3151556941006524,0
2024-08-12,Stockbroking & Wealth Management,60.3,WATCH (Unusual Precursor),65.3,70.5,0.12046147330873047,1.2368694458987461,0
2024-08-20,Stockbroking & Wealth Management,59.2,WATCH (Unusual Precursor),75.0,72.7,0.1268434211484292,5.164395675555389,0
2024-08-21,Stockbroking & Wealth Management,65.5,EARLY (Elevated Probability),74.3,79.5,0.1360715700350142,4.1047851292526385,0
2024-08-22,Stockbroking & Wealth Management,56.9,WATCH (Unusual Precursor),61.7,86.4,0.16071958070398568,1.8858986657604442,0
2024-08-23,Stockbroking & Wealth Management,61.4,WATCH (Unusual Precursor),65.9,88.6,0.12517229322208923,2.04764455441613,0
2024-10-11,Stockbroking & Wealth Management,57.8,WATCH (Unusual Precursor),54.3,68.2,0.09378479938261318,6.937809748530682,1
2024-10-14,Stockbroking & Wealth Management,62.1,WATCH (Unusual Precursor),48.0,86.4,0.13339790042236277,5.080521569841969,1
2024-10-15,Stockbroking & Wealth Management,79.2,PRE-BREAKOUT (High Conviction),80.2,90.9,0.13525356479536133,-2.095511773385329,1
2024-10-16,Stockbroking & Wealth Management,55.2,WATCH (Unusual Precursor),48.4,88.6,0.1587484276087284,-3.3521207517729863,0
2024-10-17,Stockbroking & Wealth Management,55.8,WATCH (Unusual Precursor),52.6,84.1,0.1323913754485763,-4.44017078026358,0
2024-10-18,Stockbroking & Wealth Management,64.2,WATCH (Unusual Precursor),64.4,84.1,0.13447729435400715,-7.324748118581912,0
2024-11-05,Stockbroking & Wealth Management,56.4,WATCH (Unusual Precursor),63.0,68.2,0.13026417096233103,-0.21945171804784766,0
2024-11-25,Stockbroking & Wealth Management,55.2,WATCH (Unusual Precursor),61.0,52.3,0.08953968517287135,2.819839346670266,0
2024-11-28,Stockbroking & Wealth Management,59.5,WATCH (Unusual Precursor),49.6,65.9,0.11087307511134535,4.3907470217798945,0
2024-11-29,Stockbroking & Wealth Management,65.8,EARLY (Elevated Probability),55.3,70.5,0.11485433449884061,3.338306572567549,0
2024-12-02,Stockbroking & Wealth Management,71.0,EARLY (Elevated Probability),66.8,68.2,0.1038196891253111,4.306061012252923,0
2024-12-03,Stockbroking & Wealth Management,76.5,PRE-BREAKOUT (High Conviction),77.8,77.3,0.10913723191019578,2.835716854217576,0
2024-12-04,Stockbroking & Wealth Management,60.3,WATCH (Unusual Precursor),51.7,81.8,0.12165431663140278,3.048024357633418,0
2024-12-05,Stockbroking & Wealth Management,73.9,EARLY (Elevated Probability),71.9,84.1,0.1301880217175586,1.6375131074799456,0
2024-12-06,Stockbroking & Wealth Management,62.4,WATCH (Unusual Precursor),57.5,81.8,0.11670947100949382,1.471580819309377,0
2024-12-09,Stockbroking & Wealth Management,76.9,PRE-BREAKOUT (High Conviction),82.4,75.0,0.11696449533686339,1.092747215449102,0
2025-02-20,Stockbroking & Wealth Management,57.4,WATCH (Unusual Precursor),54.6,22.7,0.09687990092157386,-4.572711105234013,0
2025-03-19,Stockbroking & Wealth Management,69.3,EARLY (Elevated Probability),74.1,36.4,0.09445936067360874,1.1303227987624183,0
2025-03-20,Stockbroking & Wealth Management,65.2,EARLY (Elevated Probability),60.7,47.7,0.11601001902576993,-0.8110136249871673,0
2025-03-21,Stockbroking & Wealth Management,80.4,PRE-BREAKOUT (High Conviction),81.6,56.8,0.12914248841082543,-3.433931092686203,0
2025-03-24,Stockbroking & Wealth Management,70.5,EARLY (Elevated Probability),62.5,65.9,0.12120178656131152,-3.6842457390564287,0
2025-03-25,Stockbroking & Wealth Management,57.6,WATCH (Unusual Precursor),45.2,54.5,0.11996129748846501,-1.3807780451974612,0
2025-04-03,Stockbroking & Wealth Management,55.7,WATCH (Unusual Precursor),61.3,56.8,0.12507505800801502,-2.97709013505268,0
2025-04-21,Stockbroking & Wealth Management,57.0,WATCH (Unusual Precursor),60.6,70.5,0.11995869953657783,-2.615672524166227,0
2025-04-22,Stockbroking & Wealth Management,64.4,WATCH (Unusual Precursor),65.3,79.5,0.1131108365251982,-4.551672183103558,0
2025-05-12,Stockbroking & Wealth Management,60.5,WATCH (Unusual Precursor),68.6,40.9,0.11609463611374073,5.838209271727819,0
2025-05-13,Stockbroking & Wealth Management,56.9,WATCH (Unusual Precursor),56.4,56.8,0.11893885525337052,4.246579112648257,0
2025-05-14,Stockbroking & Wealth Management,71.7,EARLY (Elevated Probability),73.7,68.2,0.10670657685374335,2.663411708304509,0
2025-05-15,Stockbroking & Wealth Management,68.4,EARLY (Elevated Probability),61.2,70.5,0.11356249844910336,1.192445011677895,0
2025-05-16,Stockbroking & Wealth Management,77.6,PRE-BREAKOUT (High Conviction),74.2,81.8,0.11284783884039612,0.3721809140371251,0
2025-05-19,Stockbroking & Wealth Management,68.5,EARLY (Elevated Probability),60.9,81.8,0.11265021864684441,0.5395686595467246,0
2025-05-20,Stockbroking & Wealth Management,60.7,WATCH (Unusual Precursor),51.3,77.3,0.10277182705819406,2.046247546622796,0
2025-05-21,Stockbroking & Wealth Management,55.6,WATCH (Unusual Precursor),49.1,70.5,0.10940135355534616,2.107665437215829,0
2025-06-09,Stockbroking & Wealth Management,57.4,WATCH (Unusual Precursor),75.0,65.9,0.08096351947283689,0.3944270641271871,0
2025-06-10,Stockbroking & Wealth Management,58.6,WATCH (Unusual Precursor),68.2,72.7,0.11638147370193908,-1.6538005020207862,0
2025-06-11,Stockbroking & Wealth Management,64.0,WATCH (Unusual Precursor),76.2,72.7,0.1076459299604849,-1.8107637434826955,0
2025-06-13,Stockbroking & Wealth Management,74.8,EARLY (Elevated Probability),92.3,70.5,0.0887350593885887,-2.2958721869749166,0
2025-06-16,Stockbroking & Wealth Management,72.8,EARLY (Elevated Probability),91.1,61.4,0.0948570309848801,-2.1215437964547665,0
2025-06-24,Stockbroking & Wealth Management,59.4,WATCH (Unusual Precursor),63.0,65.9,0.08096351947283689,2.67492195810281,0
2025-06-25,Stockbroking & Wealth Management,61.6,WATCH (Unusual Precursor),69.1,63.6,0.12705561972519744,0.5358052800814184,0
2025-06-26,Stockbroking & Wealth Management,57.1,WATCH (Unusual Precursor),54.2,79.5,0.10949848758754258,0.8294418143915757,0
2025-06-27,Stockbroking & Wealth Management,68.2,EARLY (Elevated Probability),72.5,77.3,0.12058013111143241,-1.2077958830815567,0
2025-06-30,Stockbroking & Wealth Management,58.1,WATCH (Unusual Precursor),60.5,75.0,0.10655524146769009,-1.0472253914513037,0
2025-08-21,Stockbroking & Wealth Management,59.9,WATCH (Unusual Precursor),56.7,45.5,0.1093271821159238,-7.673378668712252,0
2026-07-10,Stockbroking & Wealth Management,68.1,EARLY (Elevated Probability),64.2,46.4,0.08186842375005822,0.9467580179024936,0
2026-07-15,Stockbroking & Wealth Management,55.2,WATCH (Unusual Precursor),43.6,51.8,0.09757715981184835,-0.13046848374520034,0
2026-08-13,Stockbroking & Wealth Management,63.4,WATCH (Unusual Precursor),66.7,36.2,0.10595621990075797,-1.8813790378152007,0
2026-08-14,Stockbroking & Wealth Management,62.4,WATCH (Unusual Precursor),63.7,44.8,0.10757832173317886,-2.0561892335337926,0
2024-04-22,Sugar Refining & Bio-Ethanol,62.4,WATCH (Unusual Precursor),72.2,83.8,0.1371808487718287,3.7071757115323862,0
2024-04-29,Sugar Refining & Bio-Ethanol,69.0,EARLY (Elevated Probability),82.7,91.2,0.11098937874099594,-3.3551091277245924,0
2024-05-17,Sugar Refining & Bio-Ethanol,64.7,WATCH (Unusual Precursor),66.0,76.5,0.09907934458771381,-1.8144060117023941,0
2024-05-20,Sugar Refining & Bio-Ethanol,59.4,WATCH (Unusual Precursor),51.6,79.4,0.10037279812518565,-3.2082209316963515,0
2024-06-06,Sugar Refining & Bio-Ethanol,60.6,WATCH (Unusual Precursor),61.6,47.1,0.11945981923120011,15.33689763497612,1
2024-06-07,Sugar Refining & Bio-Ethanol,82.3,PRE-BREAKOUT (High Conviction),82.4,73.5,0.1425803221461138,12.317506911801031,1
2024-06-10,Sugar Refining & Bio-Ethanol,63.2,WATCH (Unusual Precursor),55.9,73.5,0.1284051130229829,12.306904222494904,1
2024-06-11,Sugar Refining & Bio-Ethanol,81.2,PRE-BREAKOUT (High Conviction),80.9,91.2,0.17210976038925907,5.678495115193094,0
2024-06-12,Sugar Refining & Bio-Ethanol,69.8,EARLY (Elevated Probability),65.3,89.7,0.1505167528550278,8.006591938673218,1
2024-06-13,Sugar Refining & Bio-Ethanol,70.6,EARLY (Elevated Probability),78.8,89.7,0.12064977356592128,2.4573587935835035,0
2024-06-14,Sugar Refining & Bio-Ethanol,55.3,WATCH (Unusual Precursor),53.9,91.2,0.20667747362574998,0.8941803181853643,0
2024-06-17,Sugar Refining & Bio-Ethanol,55.0,WATCH (Unusual Precursor),53.8,89.7,0.20095535142637524,-0.11522896035272513,0
2024-07-11,Sugar Refining & Bio-Ethanol,66.3,EARLY (Elevated Probability),67.3,77.9,0.12417712810527405,-3.3776819309930484,0
2024-07-17,Sugar Refining & Bio-Ethanol,60.9,WATCH (Unusual Precursor),58.3,72.1,0.08604518248435422,-2.611590008128315,0
2024-07-26,Sugar Refining & Bio-Ethanol,61.0,WATCH (Unusual Precursor),54.9,85.3,0.1036022184213244,-0.21450280732363325,0
2024-07-29,Sugar Refining & Bio-Ethanol,62.8,WATCH (Unusual Precursor),60.7,82.4,0.09583376889863944,-5.709540817024181,0
2024-07-30,Sugar Refining & Bio-Ethanol,63.7,WATCH (Unusual Precursor),62.2,86.8,0.11469246619421603,-8.323485767719735,0
2024-07-31,Sugar Refining & Bio-Ethanol,59.4,WATCH (Unusual Precursor),53.5,80.9,0.07680924533034453,-6.146797502622789,0
2024-08-13,Sugar Refining & Bio-Ethanol,55.4,WATCH (Unusual Precursor),57.3,52.9,0.10577486418015561,3.120861824204724,0
2024-08-19,Sugar Refining & Bio-Ethanol,67.4,EARLY (Elevated Probability),67.4,58.6,0.0957669380827957,2.1354012008230625,0
2024-08-20,Sugar Refining & Bio-Ethanol,69.8,EARLY (Elevated Probability),74.6,64.3,0.10099081194451273,0.6892571864700673,0
2024-08-21,Sugar Refining & Bio-Ethanol,64.6,WATCH (Unusual Precursor),54.2,74.3,0.12330363858866522,1.919539741981283,0
2024-08-22,Sugar Refining & Bio-Ethanol,72.5,EARLY (Elevated Probability),65.7,77.1,0.11296577298906921,0.8501393696863415,0
2024-08-23,Sugar Refining & Bio-Ethanol,66.3,EARLY (Elevated Probability),54.0,77.1,0.11987641814052584,4.263891576063593,1
2024-08-28,Sugar Refining & Bio-Ethanol,74.9,EARLY (Elevated Probability),82.8,60.0,0.10097586510292622,1.7959258596905485,0
2024-08-29,Sugar Refining & Bio-Ethanol,57.3,WATCH (Unusual Precursor),60.8,58.6,0.08467111543834675,1.579460436518218,0
2024-08-30,Sugar Refining & Bio-Ethanol,61.2,WATCH (Unusual Precursor),63.2,84.3,0.20280809028270974,-3.199661627439226,0
2024-09-16,Sugar Refining & Bio-Ethanol,57.5,WATCH (Unusual Precursor),63.5,74.3,0.10176825851916721,1.3281389462666142,0
2024-09-20,Sugar Refining & Bio-Ethanol,55.0,WATCH (Unusual Precursor),59.1,62.9,0.09301049667355117,2.748496846203665,0
2024-09-25,Sugar Refining & Bio-Ethanol,59.6,WATCH (Unusual Precursor),63.7,65.7,0.11057011191388745,3.0282780096689965,1
2024-09-27,Sugar Refining & Bio-Ethanol,79.2,PRE-BREAKOUT (High Conviction),90.1,71.4,0.10108408976644143,-1.3232538454662848,0
2024-09-30,Sugar Refining & Bio-Ethanol,56.7,WATCH (Unusual Precursor),62.1,71.4,0.08096351947283689,-6.833571562970041,0
2024-10-01,Sugar Refining & Bio-Ethanol,63.1,WATCH (Unusual Precursor),67.2,72.9,0.08278402848608643,-4.683446905146566,0
2024-10-02,Sugar Refining & Bio-Ethanol,62.2,WATCH (Unusual Precursor),67.6,74.3,0.07737462880808998,-4.432868077278367,0
2024-11-06,Sugar Refining & Bio-Ethanol,58.8,WATCH (Unusual Precursor),57.8,50.0,0.09153382758325007,-8.467635017814338,0
2024-11-26,Sugar Refining & Bio-Ethanol,64.2,WATCH (Unusual Precursor),60.5,48.6,0.08774279483352983,3.9050771140331975,0
2024-11-27,Sugar Refining & Bio-Ethanol,63.4,WATCH (Unusual Precursor),55.8,50.0,0.11601001902576993,2.6927376371036837,0
2024-11-28,Sugar Refining & Bio-Ethanol,59.6,WATCH (Unusual Precursor),48.3,54.2,0.12070028763068279,2.749544401214982,0
2024-11-29,Sugar Refining & Bio-Ethanol,68.4,EARLY (Elevated Probability),60.9,58.6,0.12266111618436427,1.8184508871124283,0
2024-12-02,Sugar Refining & Bio-Ethanol,65.2,EARLY (Elevated Probability),56.6,58.3,0.12507505800801502,1.2454799843760034,0
2024-12-03,Sugar Refining & Bio-Ethanol,63.0,WATCH (Unusual Precursor),57.7,63.9,0.12776048055106465,1.570662267198084,0
2024-12-05,Sugar Refining & Bio-Ethanol,55.8,WATCH (Unusual Precursor),53.6,59.7,0.11632713538914695,-0.5274897283426151,0
2024-12-10,Sugar Refining & Bio-Ethanol,61.1,WATCH (Unusual Precursor),67.0,47.1,0.08140671178169567,-3.397160955726368,0
2025-01-20,Sugar Refining & Bio-Ethanol,78.8,PRE-BREAKOUT (High Conviction),79.6,57.1,0.13609272780798307,-9.956690807682918,0
2025-03-07,Sugar Refining & Bio-Ethanol,61.4,WATCH (Unusual Precursor),56.0,45.8,0.13345125263750376,-7.446655617615996,0
2025-03-18,Sugar Refining & Bio-Ethanol,63.8,WATCH (Unusual Precursor),76.6,26.4,0.08111078658897972,3.875313294272785,0
2025-03-19,Sugar Refining & Bio-Ethanol,79.8,PRE-BREAKOUT (High Conviction),84.1,52.8,0.13676073955615117,-3.0668069776887674,0
2025-03-21,Sugar Refining & Bio-Ethanol,77.3,PRE-BREAKOUT (High Conviction),79.5,61.1,0.12914248841082543,-6.89129335132799,0
2025-03-24,Sugar Refining & Bio-Ethanol,64.0,WATCH (Unusual Precursor),53.9,63.9,0.1408123958707983,-3.3144625068936797,0
2025-03-25,Sugar Refining & Bio-Ethanol,60.0,WATCH (Unusual Precursor),48.6,59.7,0.13233907498003228,0.4945639316907221,0
2025-04-21,Sugar Refining & Bio-Ethanol,55.8,WATCH (Unusual Precursor),58.8,73.6,0.11995869953657783,0.16494043687601292,0
2025-04-22,Sugar Refining & Bio-Ethanol,72.8,EARLY (Elevated Probability),77.9,87.5,0.13398827132096872,-3.1660338365256386,0
2025-04-24,Sugar Refining & Bio-Ethanol,61.2,WATCH (Unusual Precursor),68.5,86.1,0.11470322407479454,-6.15567335200592,0
2025-05-13,Sugar Refining & Bio-Ethanol,58.9,WATCH (Unusual Precursor),72.8,77.8,0.11550892381736835,6.341777251446076,0
2025-05-14,Sugar Refining & Bio-Ethanol,72.3,EARLY (Elevated Probability),87.1,94.4,0.12186567513528215,3.2443763920604627,0
2025-05-15,Sugar Refining & Bio-Ethanol,66.8,EARLY (Elevated Probability),72.4,95.8,0.1309611191548224,1.5555285487369537,0
2025-05-16,Sugar Refining & Bio-Ethanol,58.8,WATCH (Unusual Precursor),60.2,95.8,0.13754155019207523,1.2417995635016252,0
2025-05-19,Sugar Refining & Bio-Ethanol,74.0,EARLY (Elevated Probability),85.7,95.8,0.11935342341891562,-0.6817663023775814,0
2025-06-10,Sugar Refining & Bio-Ethanol,59.9,WATCH (Unusual Precursor),75.0,87.5,0.15444241151843863,-3.188636687906229,0
2025-06-11,Sugar Refining & Bio-Ethanol,64.2,WATCH (Unusual Precursor),74.1,87.1,0.10939030139671334,-4.712589634562703,0
2025-06-25,Sugar Refining & Bio-Ethanol,75.5,PRE-BREAKOUT (High Conviction),78.2,77.8,0.10446302900207824,-0.1831377222474041,0
2025-06-26,Sugar Refining & Bio-Ethanol,58.6,WATCH (Unusual Precursor),55.4,75.7,0.10071324558850205,0.07172808190022002,0
2025-06-27,Sugar Refining & Bio-Ethanol,63.5,WATCH (Unusual Precursor),63.9,75.0,0.10037279812518565,-0.36925125269030856,0
2025-06-30,Sugar Refining & Bio-Ethanol,62.1,WATCH (Unusual Precursor),58.3,77.8,0.10037279812518565,-0.48076300175022507,0
2025-07-01,Sugar Refining & Bio-Ethanol,56.2,WATCH (Unusual Precursor),51.0,65.3,0.09328471765397452,0.19880261969375784,0
2025-08-20,Sugar Refining & Bio-Ethanol,57.6,WATCH (Unusual Precursor),52.9,44.3,0.08774279483352983,-4.73175624203314,0
2026-07-06,Sugar Refining & Bio-Ethanol,65.5,EARLY (Elevated Probability),76.6,38.2,0.11800543537802033,-1.0687095968454445,0
2026-07-13,Sugar Refining & Bio-Ethanol,58.6,WATCH (Unusual Precursor),55.4,35.5,0.1119603271543466,-0.7449759190873699,0
2026-08-03,Sugar Refining & Bio-Ethanol,71.8,EARLY (Elevated Probability),80.0,50.0,0.10403238932368988,2.5759513407773063,0
2026-08-04,Sugar Refining & Bio-Ethanol,83.9,PRE-BREAKOUT (High Conviction),87.8,64.5,0.13415584662069674,0.22445000536992268,0
2026-08-05,Sugar Refining & Bio-Ethanol,56.1,WATCH (Unusual Precursor),50.6,63.2,0.10237807541456326,0.1680190274233945,0
2026-08-06,Sugar Refining & Bio-Ethanol,69.7,EARLY (Elevated Probability),66.6,60.5,0.09972675619613273,0.3307025427991628,0
2026-08-07,Sugar Refining & Bio-Ethanol,63.0,WATCH (Unusual Precursor),55.3,61.8,0.0994933723487175,-0.1755408144040957,0
2026-08-10,Sugar Refining & Bio-Ethanol,68.0,EARLY (Elevated Probability),74.5,55.3,0.0986684534119264,0.7596338580327979,0
2026-08-13,Sugar Refining & Bio-Ethanol,55.3,WATCH (Unusual Precursor),61.4,47.3,0.08816270566245368,11.62601753066237,1
2024-04-22,Tea & Coffee Plantations,62.6,WATCH (Unusual Precursor),73.3,66.7,0.22176441357045293,5.575588052231507,1
2024-04-24,Tea & Coffee Plantations,63.7,WATCH (Unusual Precursor),74.9,83.3,0.18256679193126335,6.977369421782618,1
2024-04-26,Tea & Coffee Plantations,62.3,WATCH (Unusual Precursor),82.3,83.3,0.1345080136226663,1.6323324601455507,0
2024-04-29,Tea & Coffee Plantations,63.3,WATCH (Unusual Precursor),70.4,75.0,0.1549997379022799,1.7196258525809063,0
2024-04-30,Tea & Coffee Plantations,60.4,WATCH (Unusual Precursor),63.7,83.3,0.18180043986566363,-3.3054583796857937,0
2024-05-01,Tea & Coffee Plantations,61.0,WATCH (Unusual Precursor),61.4,83.3,0.17297475648622898,-2.5983204979986296,0
2024-05-02,Tea & Coffee Plantations,58.7,WATCH (Unusual Precursor),52.5,83.3,0.24998389007495692,-3.603830103853874,0
2024-05-06,Tea & Coffee Plantations,64.0,WATCH (Unusual Precursor),76.1,58.3,0.2029238842710529,-2.405761831608953,0
2024-06-07,Tea & Coffee Plantations,57.6,WATCH (Unusual Precursor),58.8,41.7,0.12126061099042347,10.008233841231299,0
2024-06-11,Tea & Coffee Plantations,58.6,WATCH (Unusual Precursor),54.6,66.7,0.12126061099042347,10.007190757197236,1
2024-06-12,Tea & Coffee Plantations,61.3,WATCH (Unusual Precursor),49.1,83.3,0.12345748122661779,6.145947812238474,0
2024-06-13,Tea & Coffee Plantations,80.8,PRE-BREAKOUT (High Conviction),78.6,91.7,0.1702727399461288,-0.5101734069172729,0
2024-06-14,Tea & Coffee Plantations,79.8,PRE-BREAKOUT (High Conviction),78.6,100.0,0.15274906647757466,-0.10443705098785272,0
2024-06-17,Tea & Coffee Plantations,82.8,PRE-BREAKOUT (High Conviction),79.0,100.0,0.16159776426506756,9.522338733318456,1
2024-06-18,Tea & Coffee Plantations,73.4,EARLY (Elevated Probability),78.8,100.0,0.19375065832917984,6.667021775810163,1
2024-06-26,Tea & Coffee Plantations,58.5,WATCH (Unusual Precursor),75.1,100.0,0.15274906647757466,6.196594284438866,0
2024-08-09,Tea & Coffee Plantations,81.2,PRE-BREAKOUT (High Conviction),94.8,58.3,0.16775105546256594,-2.4061369608301,0
2024-08-12,Tea & Coffee Plantations,58.8,WATCH (Unusual Precursor),48.2,83.3,0.16500454849675206,-0.3310113169284905,0
2024-08-21,Tea & Coffee Plantations,88.2,PRE-BREAKOUT (High Conviction),91.9,91.7,0.14418140367633642,1.780988656403611,0
2024-08-22,Tea & Coffee Plantations,67.7,EARLY (Elevated Probability),59.0,91.7,0.13445428459810585,0.24803870352873578,0
2024-08-23,Tea & Coffee Plantations,67.8,EARLY (Elevated Probability),55.4,100.0,0.3293705149613305,0.2870519862319639,0
2024-08-26,Tea & Coffee Plantations,67.4,EARLY (Elevated Probability),54.7,100.0,0.3055686477528016,-0.961828758437111,0
2024-08-27,Tea & Coffee Plantations,84.4,PRE-BREAKOUT (High Conviction),84.9,91.7,0.230033246146794,-1.4810788713640537,0
2024-08-28,Tea & Coffee Plantations,56.1,WATCH (Unusual Precursor),55.0,83.3,0.24270641724156755,0.34550604694039516,0
2024-09-13,Tea & Coffee Plantations,69.3,EARLY (Elevated Probability),98.4,58.3,0.11976703341000858,-0.19908978931599997,0
2024-09-19,Tea & Coffee Plantations,82.3,PRE-BREAKOUT (High Conviction),93.9,75.0,0.13865878847123583,-0.6585281921653954,0
2024-09-20,Tea & Coffee Plantations,61.7,WATCH (Unusual Precursor),66.8,58.3,0.14615102517705789,-0.6733918115384245,0
2024-10-01,Tea & Coffee Plantations,76.5,PRE-BREAKOUT (High Conviction),85.6,83.3,0.21346354099590795,-1.293457124329848,0
2024-10-02,Tea & Coffee Plantations,82.4,PRE-BREAKOUT (High Conviction),85.8,83.3,0.1554282874500615,-0.04154257692465816,0
2024-10-03,Tea & Coffee Plantations,83.8,PRE-BREAKOUT (High Conviction),93.7,75.0,0.16392789682697087,0.04885738333133934,0
2024-10-04,Tea & Coffee Plantations,61.1,WATCH (Unusual Precursor),63.2,75.0,0.2758994053708024,5.766317469838767,1
2024-10-11,Tea & Coffee Plantations,63.6,WATCH (Unusual Precursor),67.5,66.7,0.18520437019623923,0.668582915121465,0
2024-11-04,Tea & Coffee Plantations,55.5,WATCH (Unusual Precursor),63.9,75.0,0.12649908731857132,1.5769746500287247,0
2024-11-05,Tea & Coffee Plantations,75.9,PRE-BREAKOUT (High Conviction),76.9,83.3,0.16314491139870593,-0.8817079904022269,0
2024-11-06,Tea & Coffee Plantations,68.7,EARLY (Elevated Probability),64.3,91.7,0.1750795511994828,-4.195657299808482,0
2024-11-07,Tea & Coffee Plantations,57.0,WATCH (Unusual Precursor),46.2,91.7,0.1535134989982609,-3.925720637773422,0
2024-11-11,Tea & Coffee Plantations,69.8,EARLY (Elevated Probability),72.8,83.3,0.16045139747681686,-5.3707194440521,0
2024-11-28,Tea & Coffee Plantations,58.9,WATCH (Unusual Precursor),65.7,50.0,0.09901049827771567,3.8671924095248706,0
2024-11-29,Tea & Coffee Plantations,60.3,WATCH (Unusual Precursor),64.0,50.0,0.09704380498499462,2.9350859590128024,0
2024-12-02,Tea & Coffee Plantations,67.0,EARLY (Elevated Probability),64.8,58.3,0.09901049827771567,2.0771846563922725,0
2024-12-03,Tea & Coffee Plantations,56.8,WATCH (Unusual Precursor),48.7,58.3,0.11411720667805184,3.1657085160375686,0
2024-12-04,Tea & Coffee Plantations,65.6,EARLY (Elevated Probability),60.1,66.7,0.11773097188571685,2.3183095301253545,0
2024-12-09,Tea & Coffee Plantations,81.0,PRE-BREAKOUT (High Conviction),88.5,75.0,0.11301251460597107,3.8569868600178103,1
2024-12-10,Tea & Coffee Plantations,86.5,PRE-BREAKOUT (High Conviction),95.5,75.0,0.11307810262235114,1.8552561287007847,0
2024-12-11,Tea & Coffee Plantations,66.5,EARLY (Elevated Probability),73.9,58.3,0.1628779381285572,1.1600269228401885,0
2024-12-13,Tea & Coffee Plantations,61.2,WATCH (Unusual Precursor),73.1,58.3,0.10084647059572072,-1.1198338995109618,0
2024-12-16,Tea & Coffee Plantations,70.7,EARLY (Elevated Probability),85.9,75.0,0.14239501594199125,-3.9149108251095246,0
2024-12-17,Tea & Coffee Plantations,58.1,WATCH (Unusual Precursor),74.7,58.3,0.10966632240758362,-3.7147916765805853,0
2025-01-22,Tea & Coffee Plantations,69.0,EARLY (Elevated Probability),81.0,33.3,0.22603273299455096,-6.486078258676575,0
2025-02-05,Tea & Coffee Plantations,55.2,WATCH (Unusual Precursor),59.1,41.7,0.15409704872641017,-6.0782555928801125,0
2025-02-10,Tea & Coffee Plantations,56.6,WATCH (Unusual Precursor),55.0,33.3,0.23411845700717157,-9.070551857518291,0
2025-03-21,Tea & Coffee Plantations,60.4,WATCH (Unusual Precursor),58.3,50.0,0.137513723825671,0.18464888785403102,1
2025-03-24,Tea & Coffee Plantations,71.2,EARLY (Elevated Probability),65.4,58.3,0.20106793353802718,0.19228373893070416,1
2025-03-25,Tea & Coffee Plantations,61.4,WATCH (Unusual Precursor),50.3,58.3,0.20288122351366822,5.013982315395312,1
2025-03-27,Tea & Coffee Plantations,76.4,PRE-BREAKOUT (High Conviction),81.7,41.7,0.20598574774316486,9.253102166200742,1
2025-04-02,Tea & Coffee Plantations,58.0,WATCH (Unusual Precursor),78.2,75.0,0.12046147330873047,0.10742215604696008,1
2025-04-03,Tea & Coffee Plantations,63.5,WATCH (Unusual Precursor),86.4,66.7,0.15128097977507554,-0.20217686825830286,1
2025-04-07,Tea & Coffee Plantations,61.9,WATCH (Unusual Precursor),65.6,41.7,0.11882900772960912,7.609998885451113,0
2025-04-24,Tea & Coffee Plantations,55.7,WATCH (Unusual Precursor),78.3,83.3,0.29184812199907,-6.012099900869159,0
2025-05-12,Tea & Coffee Plantations,56.0,WATCH (Unusual Precursor),66.5,58.3,0.13588148703294464,5.324142833616523,0
2025-05-15,Tea & Coffee Plantations,68.5,EARLY (Elevated Probability),62.0,75.0,0.15534286337712677,2.9425507762174523,0
2025-05-16,Tea & Coffee Plantations,73.1,EARLY (Elevated Probability),62.5,91.7,0.14345816640684003,0.8708789426781198,0
2025-05-19,Tea & Coffee Plantations,89.0,PRE-BREAKOUT (High Conviction),91.8,100.0,0.26649150009645073,-1.26114780519746,0
2025-05-20,Tea & Coffee Plantations,69.1,EARLY (Elevated Probability),62.2,100.0,0.29020772945318424,-0.8842935524875362,0
2025-05-21,Tea & Coffee Plantations,59.5,WATCH (Unusual Precursor),51.0,91.7,0.3547031890297943,-0.7568028556214393,0
2025-05-30,Tea & Coffee Plantations,55.1,WATCH (Unusual Precursor),61.1,83.3,0.32709866233896484,1.7652319094529079,0
2025-06-09,Tea & Coffee Plantations,58.4,WATCH (Unusual Precursor),83.3,66.7,0.21471328062901684,-1.8453794786252364,0
2025-06-10,Tea & Coffee Plantations,59.1,WATCH (Unusual Precursor),75.2,75.0,0.3525117060861052,-3.433516980612365,0
2025-06-11,Tea & Coffee Plantations,67.0,EARLY (Elevated Probability),78.1,100.0,0.27273405963578295,-3.5368122975403886,0
2025-06-12,Tea & Coffee Plantations,61.7,WATCH (Unusual Precursor),69.3,83.3,0.3013473522257435,-3.0025673417231484,0
2025-06-27,Tea & Coffee Plantations,58.8,WATCH (Unusual Precursor),61.5,75.0,0.21086806717719506,0.9262969295321444,0
2025-07-04,Tea & Coffee Plantations,61.9,WATCH (Unusual Precursor),58.9,83.3,0.4200250148059242,-1.8411356426445094,0
2025-07-07,Tea & Coffee Plantations,57.1,WATCH (Unusual Precursor),51.2,66.7,0.2855436484596804,-1.777469494600627,0
2025-07-09,Tea & Coffee Plantations,63.8,WATCH (Unusual Precursor),67.8,58.3,0.16313802726001023,-0.9585960477365134,0
2025-07-21,Tea & Coffee Plantations,57.6,WATCH (Unusual Precursor),66.1,58.3,0.1024610150285544,-1.1859662602251262,0
2025-07-23,Tea & Coffee Plantations,73.3,EARLY (Elevated Probability),80.6,66.7,0.1818437014458022,-1.5863285183471465,0
2025-08-06,Tea & Coffee Plantations,63.0,WATCH (Unusual Precursor),76.1,41.7,0.09122791471136223,-2.012520993860854,0
2025-08-19,Tea & Coffee Plantations,59.6,WATCH (Unusual Precursor),54.9,58.3,0.09972675619613273,-19.619338879586696,0
2026-07-13,Tea & Coffee Plantations,57.4,WATCH (Unusual Precursor),52.4,50.0,0.14582727683457353,0.258632054773024,0
2026-07-31,Tea & Coffee Plantations,57.4,WATCH (Unusual Precursor),53.4,43.8,0.16896574196255773,0.3075552563751735,0
2026-08-03,Tea & Coffee Plantations,62.7,WATCH (Unusual Precursor),64.3,43.8,0.10480266464304078,-0.40272359550607706,0
2026-08-05,Tea & Coffee Plantations,62.3,WATCH (Unusual Precursor),61.7,62.5,0.16896574196255773,0.0195825304764502,0
2026-08-06,Tea & Coffee Plantations,59.2,WATCH (Unusual Precursor),67.5,37.5,0.1941454801340012,1.0186383595121529,0
2026-08-07,Tea & Coffee Plantations,63.9,WATCH (Unusual Precursor),68.3,37.5,0.1882071495829593,-1.2390876332452798,0
2026-08-10,Tea & Coffee Plantations,69.6,EARLY (Elevated Probability),82.2,31.2,0.184349381256297,-2.046138093296353,0
2026-08-11,Tea & Coffee Plantations,64.0,WATCH (Unusual Precursor),71.4,25.0,0.21074362985038425,-1.2067847526868043,0
2026-08-13,Tea & Coffee Plantations,60.4,WATCH (Unusual Precursor),60.0,37.5,0.2319833171103529,-1.5196402192402536,0
2024-04-29,Tea Plantations & Packaging,55.3,WATCH (Unusual Precursor),61.3,67.9,0.07358389443185374,0.2930029322742302,0
2024-04-30,Tea Plantations & Packaging,62.2,WATCH (Unusual Precursor),63.1,75.0,0.18538257170225209,-2.803321419438557,0
2024-05-01,Tea Plantations & Packaging,65.4,EARLY (Elevated Probability),64.4,75.0,0.17454481180258347,-1.0960869191359286,0
2024-05-02,Tea Plantations & Packaging,66.8,EARLY (Elevated Probability),65.8,60.7,0.0836329118257471,-3.3069038898754086,0
2024-05-17,Tea Plantations & Packaging,56.8,WATCH (Unusual Precursor),57.8,57.1,0.12768667297598876,0.703629296551639,0
2024-05-22,Tea Plantations & Packaging,57.2,WATCH (Unusual Precursor),59.7,60.7,0.09064631210127205,-2.4402574579393748,0
2024-05-23,Tea Plantations & Packaging,56.3,WATCH (Unusual Precursor),55.4,60.7,0.09978185007387606,-4.532868514387731,0
2024-06-11,Tea Plantations & Packaging,65.1,EARLY (Elevated Probability),62.6,67.9,0.17983983462689418,7.613343610009309,1
2024-06-12,Tea Plantations & Packaging,65.9,EARLY (Elevated Probability),58.1,75.0,0.13248270820464558,5.455679224037078,0
2024-06-13,Tea Plantations & Packaging,77.9,PRE-BREAKOUT (High Conviction),79.3,85.7,0.13644649269419354,2.5403414132363937,0
2024-06-14,Tea Plantations & Packaging,76.0,PRE-BREAKOUT (High Conviction),79.2,82.1,0.13054294440204944,2.0966559180224063,0
2024-06-17,Tea Plantations & Packaging,77.8,PRE-BREAKOUT (High Conviction),79.4,82.1,0.12242936278964944,6.00966194758219,0
2024-06-18,Tea Plantations & Packaging,61.3,WATCH (Unusual Precursor),65.6,85.7,0.1248621050589104,4.612200001123074,0
2024-07-09,Tea Plantations & Packaging,57.4,WATCH (Unusual Precursor),80.0,83.3,0.11532538571996402,-3.3112177508477063,0
2024-07-25,Tea Plantations & Packaging,62.8,WATCH (Unusual Precursor),66.4,83.3,0.12369898634879205,-1.9341181683070618,0
2024-08-09,Tea Plantations & Packaging,68.8,EARLY (Elevated Probability),72.8,63.3,0.15657338940468993,-2.852669372793438,0
2024-08-12,Tea Plantations & Packaging,75.8,PRE-BREAKOUT (High Conviction),76.7,80.0,0.11911558008250793,1.4035807418699904,0
2024-08-13,Tea Plantations & Packaging,67.6,EARLY (Elevated Probability),68.8,73.3,0.11422669289216518,2.092057864843626,0
2024-08-21,Tea Plantations & Packaging,61.7,WATCH (Unusual Precursor),50.7,80.0,0.1380973844415389,2.6109492563878733,0
2024-08-22,Tea Plantations & Packaging,78.1,PRE-BREAKOUT (High Conviction),73.5,90.0,0.1294863586392686,-1.2953816059214345,0
2024-08-23,Tea Plantations & Packaging,71.0,EARLY (Elevated Probability),64.5,90.0,0.11528376644196023,-1.4731706702319327,0
2024-09-26,Tea Plantations & Packaging,69.9,EARLY (Elevated Probability),82.4,60.0,0.10656233603538505,5.654715355244651,1
2024-09-30,Tea Plantations & Packaging,61.2,WATCH (Unusual Precursor),68.3,56.7,0.07613939420845171,-0.9920657718730638,1
2024-10-01,Tea Plantations & Packaging,75.4,PRE-BREAKOUT (High Conviction),92.9,63.3,0.1259940232554776,-2.1893217239712524,0
2024-10-02,Tea Plantations & Packaging,76.1,PRE-BREAKOUT (High Conviction),90.3,56.7,0.09122169109260375,-1.2492692247437394,0
2024-10-03,Tea Plantations & Packaging,63.5,WATCH (Unusual Precursor),73.5,50.0,0.1254489567579152,-1.9710862582314546,0
2024-10-31,Tea Plantations & Packaging,59.2,WATCH (Unusual Precursor),58.9,52.9,0.12126061099042347,3.04427294768906,0
2024-11-05,Tea Plantations & Packaging,66.8,EARLY (Elevated Probability),57.6,62.5,0.11601001902576993,-1.4883255474554435,0
2024-11-06,Tea Plantations & Packaging,78.6,PRE-BREAKOUT (High Conviction),75.0,71.9,0.1276787505042273,-6.304944422943631,0
2024-11-07,Tea Plantations & Packaging,60.2,WATCH (Unusual Precursor),56.5,62.5,0.17644630391727328,-6.228562834542604,0
2024-11-28,Tea Plantations & Packaging,63.3,WATCH (Unusual Precursor),60.9,65.6,0.12507505800801502,5.8152814431452535,0
2024-11-29,Tea Plantations & Packaging,61.4,WATCH (Unusual Precursor),56.6,62.5,0.11485433449884061,6.132302844441112,0
2024-12-02,Tea Plantations & Packaging,68.6,EARLY (Elevated Probability),65.3,67.6,0.11485433449884061,5.152684811951608,0
2024-12-03,Tea Plantations & Packaging,67.9,EARLY (Elevated Probability),64.3,84.4,0.11265021864684441,8.002789147819916,1
2024-12-04,Tea Plantations & Packaging,61.0,WATCH (Unusual Precursor),55.1,84.4,0.11771164777252975,6.7221580699037995,1
2024-12-05,Tea Plantations & Packaging,61.4,WATCH (Unusual Precursor),56.6,84.4,0.25572767974901617,5.630147847208181,1
2024-12-06,Tea Plantations & Packaging,65.0,EARLY (Elevated Probability),66.2,78.1,0.1244769446476077,6.0783393620213335,1
2024-12-09,Tea Plantations & Packaging,61.5,WATCH (Unusual Precursor),68.2,67.6,0.09790372833963305,4.38167567255512,1
2024-12-10,Tea Plantations & Packaging,70.8,EARLY (Elevated Probability),88.6,84.4,0.2183446457711732,2.958732793804523,0
2024-12-19,Tea Plantations & Packaging,60.6,WATCH (Unusual Precursor),94.7,81.2,0.13910246094630357,-3.5924438912714782,0
2025-03-06,Tea Plantations & Packaging,60.5,WATCH (Unusual Precursor),58.2,36.1,0.09153382758325007,-3.4348011983290263,0
2025-03-21,Tea Plantations & Packaging,75.6,PRE-BREAKOUT (High Conviction),74.0,50.0,0.09716492247236429,-4.638612562230728,0
2025-03-24,Tea Plantations & Packaging,67.6,EARLY (Elevated Probability),60.5,55.6,0.12421997605229747,-2.7409321443983092,0
2025-03-25,Tea Plantations & Packaging,59.8,WATCH (Unusual Precursor),51.8,47.2,0.1498355886584528,0.8839905768520271,0
2025-04-21,Tea Plantations & Packaging,58.2,WATCH (Unusual Precursor),57.1,63.9,0.12311432131452689,-3.1185449094762907,0
2025-04-22,Tea Plantations & Packaging,55.0,WATCH (Unusual Precursor),49.5,69.4,0.11386347684347103,-3.8448214527838314,0
2025-05-12,Tea Plantations & Packaging,59.3,WATCH (Unusual Precursor),64.8,41.7,0.13761158395040982,6.496005822455084,0
2025-05-13,Tea Plantations & Packaging,59.2,WATCH (Unusual Precursor),57.8,58.3,0.11383146605830904,4.869810223586404,0
2025-05-14,Tea Plantations & Packaging,68.5,EARLY (Elevated Probability),62.4,75.0,0.11797428010973653,4.267834819233788,0
2025-05-15,Tea Plantations & Packaging,75.0,PRE-BREAKOUT (High Conviction),67.3,80.6,0.10840143018331255,2.907412684056307,0
2025-05-16,Tea Plantations & Packaging,83.5,PRE-BREAKOUT (High Conviction),82.8,83.3,0.12440020264953616,0.8360028418078349,0
2025-05-19,Tea Plantations & Packaging,85.0,PRE-BREAKOUT (High Conviction),86.6,80.6,0.13919394298747162,-0.653884592117639,0
2025-05-20,Tea Plantations & Packaging,71.6,EARLY (Elevated Probability),69.9,72.2,0.11023860171568944,0.39677455755259133,0
2025-05-21,Tea Plantations & Packaging,67.7,EARLY (Elevated Probability),68.1,72.2,0.09122152742631401,0.5303265615988839,0
2025-05-23,Tea Plantations & Packaging,56.0,WATCH (Unusual Precursor),57.4,75.0,0.10969148477553048,0.05463590894234032,0
2025-06-30,Tea Plantations & Packaging,69.0,EARLY (Elevated Probability),72.1,68.4,0.1268434211484292,0.3684748653260896,0
2025-07-04,Tea Plantations & Packaging,59.0,WATCH (Unusual Precursor),53.5,71.1,0.11376763693000967,0.10618590725440112,0
2025-07-15,Tea Plantations & Packaging,62.6,WATCH (Unusual Precursor),72.6,65.8,0.08278402848608643,0.8473721048284902,0
2025-08-11,Tea Plantations & Packaging,58.1,WATCH (Unusual Precursor),61.9,44.7,0.1209111620738509,3.091081043352755,0
2025-08-13,Tea Plantations & Packaging,55.7,WATCH (Unusual Precursor),54.9,45.0,0.10737954039483849,4.007135699140777,0
2025-08-18,Tea Plantations & Packaging,64.8,WATCH (Unusual Precursor),60.8,65.0,0.10353059050098452,4.241038565424998,0
2025-08-19,Tea Plantations & Packaging,76.8,PRE-BREAKOUT (High Conviction),75.5,62.5,0.09993608602486333,3.537407757334543,0
2025-08-20,Tea Plantations & Packaging,76.6,PRE-BREAKOUT (High Conviction),75.2,62.5,0.07525205553372313,3.6467912926909136,0
2025-08-21,Tea Plantations & Packaging,72.1,EARLY (Elevated Probability),65.9,68.4,0.10872876367211483,3.121060356917002,0
2025-08-22,Tea Plantations & Packaging,59.2,WATCH (Unusual Precursor),49.6,67.5,0.0869749569918632,1.0431251322855795,0
2026-08-14,Tea Plantations & Packaging,61.0,WATCH (Unusual Precursor),64.8,42.9,0.07203026897460954,4.792912281527187,1
2024-04-18,Telecom Cellular Operators,56.1,WATCH (Unusual Precursor),63.0,70.0,0.4341218444527328,1.3361313214960124,0
2024-04-19,Telecom Cellular Operators,60.0,WATCH (Unusual Precursor),61.6,50.0,0.11225378672728177,2.0092241019922286,0
2024-04-22,Telecom Cellular Operators,63.7,WATCH (Unusual Precursor),65.1,70.0,0.11839122300146185,0.12483323223636766,0
2024-04-23,Telecom Cellular Operators,69.1,EARLY (Elevated Probability),83.3,100.0,0.15871082603258266,-3.8905628042350564,0
2024-04-26,Telecom Cellular Operators,57.4,WATCH (Unusual Precursor),65.5,70.0,0.13445180283335273,-2.157082475804395,0
2024-05-14,Telecom Cellular Operators,58.8,WATCH (Unusual Precursor),49.2,70.0,0.15331156315575015,3.963939994895496,0
2024-05-15,Telecom Cellular Operators,66.9,EARLY (Elevated Probability),60.6,90.0,0.13834562471998713,2.1014406226473747,0
2024-05-16,Telecom Cellular Operators,63.8,WATCH (Unusual Precursor),49.8,90.0,0.13979765158749796,3.779068287808389,0
2024-05-17,Telecom Cellular Operators,67.3,EARLY (Elevated Probability),59.6,90.0,0.15505738762233456,5.877710475982578,1
2024-05-20,Telecom Cellular Operators,58.5,WATCH (Unusual Precursor),45.9,90.0,0.16459345371891262,5.4757569851409205,1
2024-05-23,Telecom Cellular Operators,65.8,EARLY (Elevated Probability),68.1,80.0,0.26836060617832136,0.03801787325320882,1
2024-05-24,Telecom Cellular Operators,79.3,PRE-BREAKOUT (High Conviction),87.7,100.0,0.1695704562477677,-1.218278076272159,0
2024-06-11,Telecom Cellular Operators,62.9,WATCH (Unusual Precursor),77.3,100.0,0.19375065832917984,6.816206503408577,0
2024-06-12,Telecom Cellular Operators,62.0,WATCH (Unusual Precursor),76.6,100.0,0.19375065832917984,2.181040002439889,0
2024-08-16,Telecom Cellular Operators,56.1,WATCH (Unusual Precursor),49.6,80.0,0.2592835900027627,3.6953129709053627,0
2024-08-20,Telecom Cellular Operators,70.8,EARLY (Elevated Probability),58.8,90.0,0.2004101527926535,-0.06537273565891084,0
2024-08-21,Telecom Cellular Operators,73.8,EARLY (Elevated Probability),63.3,90.0,0.13811045454166804,-2.517201697586555,0
2024-08-22,Telecom Cellular Operators,68.8,EARLY (Elevated Probability),58.0,90.0,0.19481893759744645,-2.653806483389636,0
2024-10-08,Telecom Cellular Operators,63.1,WATCH (Unusual Precursor),67.9,50.0,0.11810443267346235,-2.407646746216254,0
2024-10-14,Telecom Cellular Operators,69.1,EARLY (Elevated Probability),69.2,70.0,0.1285449182991049,-6.674937551495944,0
2024-12-05,Telecom Cellular Operators,74.0,EARLY (Elevated Probability),69.4,80.0,0.2105185876880481,1.6342702864358283,0
2024-12-06,Telecom Cellular Operators,69.4,EARLY (Elevated Probability),76.6,60.0,0.181900936519149,0.5126548075592339,0
2024-12-09,Telecom Cellular Operators,75.2,PRE-BREAKOUT (High Conviction),91.8,70.0,0.18951667540930986,-4.717472041757855,0
2025-02-03,Telecom Cellular Operators,55.2,WATCH (Unusual Precursor),64.4,60.0,0.10931138765243702,9.900026905487252,1
2025-02-04,Telecom Cellular Operators,55.8,WATCH (Unusual Precursor),52.3,60.0,0.13812261524482575,5.02070062895273,1
2025-02-05,Telecom Cellular Operators,74.6,EARLY (Elevated Probability),79.6,70.0,0.1388214123948767,-1.3173796832681117,1
2025-02-07,Telecom Cellular Operators,75.9,PRE-BREAKOUT (High Conviction),79.5,90.0,0.14561906602469118,-7.0186487754350635,0
2025-04-01,Telecom Cellular Operators,67.8,EARLY (Elevated Probability),71.5,60.0,0.1360423359725267,-3.831232732889595,0
2025-04-21,Telecom Cellular Operators,64.2,WATCH (Unusual Precursor),74.2,80.0,0.17859451921010785,-4.619254539417774,0
2025-05-15,Telecom Cellular Operators,56.4,WATCH (Unusual Precursor),58.7,50.0,0.21588498041030457,-1.686925890881723,0
2025-05-16,Telecom Cellular Operators,70.4,EARLY (Elevated Probability),68.5,60.0,0.1903358650885688,-1.7005618060644778,0
2025-05-19,Telecom Cellular Operators,60.4,WATCH (Unusual Precursor),55.1,50.0,0.13025195914094312,2.26809990681744,0
2025-05-21,Telecom Cellular Operators,69.6,EARLY (Elevated Probability),79.8,40.0,0.108777789796979,8.921708284981133,1
2025-05-22,Telecom Cellular Operators,71.2,EARLY (Elevated Probability),82.7,50.0,0.08660501309996395,8.875680199020405,1
2025-05-26,Telecom Cellular Operators,69.9,EARLY (Elevated Probability),64.2,90.0,0.20024780419671276,7.880607620027074,1
2025-05-27,Telecom Cellular Operators,89.2,PRE-BREAKOUT (High Conviction),94.8,90.0,0.13587369521058656,2.5614730947298936,0
2025-05-28,Telecom Cellular Operators,83.8,PRE-BREAKOUT (High Conviction),94.1,90.0,0.1971545048125555,0.4762516165557251,0
2025-05-29,Telecom Cellular Operators,59.4,WATCH (Unusual Precursor),56.6,90.0,0.29917241843792913,-1.5754430080772062,0
2025-05-30,Telecom Cellular Operators,73.9,EARLY (Elevated Probability),84.3,90.0,0.12168290137288108,-3.9475255838602585,0
2025-08-18,Telecom Cellular Operators,58.5,WATCH (Unusual Precursor),71.0,30.0,0.11345643804430844,17.001104780443534,0
2025-08-19,Telecom Cellular Operators,62.4,WATCH (Unusual Precursor),70.2,50.0,0.10119212257848229,14.544546442013068,0
2025-08-20,Telecom Cellular Operators,61.0,WATCH (Unusual Precursor),64.2,60.0,0.10353059050098452,12.945227975981556,0
2025-08-21,Telecom Cellular Operators,69.2,EARLY (Elevated Probability),68.9,70.0,0.10701619166553211,11.647513661217923,0
2025-08-22,Telecom Cellular Operators,89.8,PRE-BREAKOUT (High Conviction),86.9,90.0,0.1971545048125555,6.6383399946970965,0
2026-07-31,Telecom Cellular Operators,61.6,WATCH (Unusual Precursor),67.7,30.0,0.09264790424082213,-0.342958174583503,0
2026-08-03,Telecom Cellular Operators,66.4,EARLY (Elevated Probability),64.6,70.0,0.11696329834594321,-2.5375116656065684,0
2026-08-04,Telecom Cellular Operators,55.8,WATCH (Unusual Precursor),56.8,50.0,0.09197942075600472,-2.148546514235994,0
2026-08-07,Telecom Cellular Operators,69.0,EARLY (Elevated Probability),73.0,50.0,0.10173971086567347,1.8020919661552195,0
2026-08-12,Telecom Cellular Operators,56.8,WATCH (Unusual Precursor),65.0,30.0,0.1076649853257691,1.1532712251707844,0
2026-08-13,Telecom Cellular Operators,57.8,WATCH (Unusual Precursor),61.6,40.0,0.1939492009804795,1.6250626899677953,0
2026-08-14,Telecom Cellular Operators,61.9,WATCH (Unusual Precursor),65.0,50.0,0.11296448464392,-0.9628546888403623,0
2024-05-02,Television Broadcasting & OTT,76.7,PRE-BREAKOUT (High Conviction),84.2,63.6,0.13444603071792183,-5.241600197476789,0
2024-05-03,Television Broadcasting & OTT,57.4,WATCH (Unusual Precursor),49.8,68.2,0.08602063780093785,-4.8916668194430715,0
2024-05-21,Television Broadcasting & OTT,63.8,WATCH (Unusual Precursor),63.3,59.1,0.10239930602269856,-1.9751958997195516,0
2024-06-07,Television Broadcasting & OTT,66.6,EARLY (Elevated Probability),68.7,77.3,0.12073269797113877,4.059336937204558,0
2024-06-10,Television Broadcasting & OTT,55.3,WATCH (Unusual Precursor),54.0,77.3,0.12395243582062851,3.0292717987681788,0
2024-06-11,Television Broadcasting & OTT,63.9,WATCH (Unusual Precursor),58.9,77.3,0.11635217592899577,2.036459457693294,0
2024-06-12,Television Broadcasting & OTT,75.9,PRE-BREAKOUT (High Conviction),75.9,95.5,0.13175660483614715,-0.012539546530630184,0
2024-06-13,Television Broadcasting & OTT,55.7,WATCH (Unusual Precursor),53.4,77.3,0.11262112771667845,1.1643760736474602,0
2024-06-14,Television Broadcasting & OTT,71.1,EARLY (Elevated Probability),77.5,81.8,0.1421397292126472,0.508468837376849,0
2024-06-17,Television Broadcasting & OTT,64.5,WATCH (Unusual Precursor),68.7,72.7,0.11241107309841561,0.08488784910718569,0
2024-07-02,Television Broadcasting & OTT,63.2,WATCH (Unusual Precursor),83.4,72.7,0.10432715957710324,1.3964327610889848,0
2024-07-05,Television Broadcasting & OTT,63.6,WATCH (Unusual Precursor),64.0,90.9,0.1111571775373561,1.9231422278119448,0
2024-07-29,Television Broadcasting & OTT,63.6,WATCH (Unusual Precursor),66.6,77.3,0.11839122300146185,-0.8683719065690461,1
2024-07-30,Television Broadcasting & OTT,69.5,EARLY (Elevated Probability),71.1,86.4,0.13626553115355886,-2.3622372352400176,1
2024-07-31,Television Broadcasting & OTT,59.5,WATCH (Unusual Precursor),57.3,77.3,0.1683030209590647,-1.2765778517345454,1
2024-08-01,Television Broadcasting & OTT,59.0,WATCH (Unusual Precursor),60.6,72.7,0.08664521917448068,-2.4826065285025773,0
2024-08-02,Television Broadcasting & OTT,63.8,WATCH (Unusual Precursor),66.1,77.3,0.10508810083589006,-1.9788922891438148,0
2024-08-21,Television Broadcasting & OTT,59.1,WATCH (Unusual Precursor),57.8,68.2,0.08774279483352983,5.039624639002127,0
2024-08-22,Television Broadcasting & OTT,79.0,PRE-BREAKOUT (High Conviction),81.6,77.3,0.12467903842890123,2.5974617236578075,0
2024-08-23,Television Broadcasting & OTT,62.1,WATCH (Unusual Precursor),61.6,68.2,0.11236547612920715,2.735593140589905,0
2024-08-27,Television Broadcasting & OTT,75.2,PRE-BREAKOUT (High Conviction),76.5,81.8,0.13775928639907134,-0.2935649243914847,0
2024-09-26,Television Broadcasting & OTT,67.2,EARLY (Elevated Probability),66.6,63.6,0.10030315310925217,0.72150025950917,0
2024-10-01,Television Broadcasting & OTT,74.1,EARLY (Elevated Probability),79.9,54.5,0.10439087524723557,-1.9371801256600671,0
2024-10-02,Television Broadcasting & OTT,69.1,EARLY (Elevated Probability),74.6,59.1,0.07353863843358392,-0.3768512915797668,0
2024-10-03,Television Broadcasting & OTT,58.8,WATCH (Unusual Precursor),57.4,54.5,0.10802015788986097,0.06513216406846793,0
2024-11-05,Television Broadcasting & OTT,57.6,WATCH (Unusual Precursor),45.2,54.5,0.12126061099042347,-2.960334736327093,0
2024-11-06,Television Broadcasting & OTT,63.8,WATCH (Unusual Precursor),55.8,50.0,0.12126061099042347,-6.994102432588243,0
2024-11-28,Television Broadcasting & OTT,55.8,WATCH (Unusual Precursor),52.1,54.5,0.13345125263750376,4.552466431529711,0
2024-12-02,Television Broadcasting & OTT,70.2,EARLY (Elevated Probability),68.7,54.5,0.10001470308486579,4.4534501909352535,0
2024-12-03,Television Broadcasting & OTT,76.5,PRE-BREAKOUT (High Conviction),75.3,72.7,0.12722864646018192,2.5158096057745003,0
2024-12-04,Television Broadcasting & OTT,55.8,WATCH (Unusual Precursor),45.2,68.2,0.10994151162643717,2.653444577827026,0
2024-12-05,Television Broadcasting & OTT,56.2,WATCH (Unusual Precursor),51.9,59.1,0.12776048055106465,-0.2615591619486173,0
2024-12-06,Television Broadcasting & OTT,63.3,WATCH (Unusual Precursor),61.3,77.3,0.12232687370355406,-1.913708497012964,0
2024-12-09,Television Broadcasting & OTT,62.3,WATCH (Unusual Precursor),68.9,72.7,0.1178010112650854,-1.6877786982993983,0
2025-01-09,Television Broadcasting & OTT,69.2,EARLY (Elevated Probability),85.9,31.8,0.0902733906340492,-7.725681778729731,0
2025-01-20,Television Broadcasting & OTT,60.6,WATCH (Unusual Precursor),53.7,59.1,0.12126061099042347,-10.289978847590024,0
2025-02-13,Television Broadcasting & OTT,55.6,WATCH (Unusual Precursor),74.7,13.6,0.13502734662345037,-0.5737289553027032,1
2025-02-19,Television Broadcasting & OTT,58.8,WATCH (Unusual Precursor),66.9,13.6,0.12317927020979978,-0.12660232144136227,1
2025-03-18,Television Broadcasting & OTT,55.4,WATCH (Unusual Precursor),73.3,18.2,0.14770646425976414,6.030370340845976,0
2025-03-20,Television Broadcasting & OTT,62.6,WATCH (Unusual Precursor),56.1,45.5,0.12120178656131152,-0.7355991920532802,0
2025-03-21,Television Broadcasting & OTT,79.4,PRE-BREAKOUT (High Conviction),76.7,63.6,0.12218889556606496,-3.3613331485503646,0
2025-03-24,Television Broadcasting & OTT,61.8,WATCH (Unusual Precursor),49.7,63.6,0.1691574289277432,-1.9278171158165265,0
2025-03-25,Television Broadcasting & OTT,56.6,WATCH (Unusual Precursor),47.4,50.0,0.11215871355271145,1.1478515163045353,0
2025-04-23,Television Broadcasting & OTT,59.6,WATCH (Unusual Precursor),78.7,72.7,0.1240618913978529,-5.201662219790538,0
2025-05-13,Television Broadcasting & OTT,55.9,WATCH (Unusual Precursor),64.8,63.6,0.09385796154968032,5.657281217441571,0
2025-05-14,Television Broadcasting & OTT,62.3,WATCH (Unusual Precursor),65.7,77.3,0.11127371030053447,4.495212456176342,0
2025-05-15,Television Broadcasting & OTT,68.0,EARLY (Elevated Probability),63.4,81.8,0.11266508694977383,4.3088073935173625,1
2025-05-16,Television Broadcasting & OTT,78.0,PRE-BREAKOUT (High Conviction),82.5,81.8,0.12710434371578783,0.12593218850627752,0
2025-05-19,Television Broadcasting & OTT,79.4,PRE-BREAKOUT (High Conviction),87.5,81.8,0.14102224754577197,-0.9042610349584403,0
2025-05-21,Television Broadcasting & OTT,56.8,WATCH (Unusual Precursor),59.9,68.2,0.1310726519320864,2.2350720126150954,0
2025-05-30,Television Broadcasting & OTT,56.7,WATCH (Unusual Precursor),70.9,72.7,0.10634731098126957,3.6291305482958873,0
2025-06-25,Television Broadcasting & OTT,57.9,WATCH (Unusual Precursor),57.4,59.1,0.10786487146396152,1.5294828494366042,0
2025-07-01,Television Broadcasting & OTT,59.2,WATCH (Unusual Precursor),50.9,63.6,0.11013278848770588,1.0234136868948123,0
2025-07-02,Television Broadcasting & OTT,66.0,EARLY (Elevated Probability),65.4,63.6,0.08207098797894348,1.1614272300125845,0
2025-07-04,Television Broadcasting & OTT,58.9,WATCH (Unusual Precursor),61.1,54.5,0.12153607557753045,-1.066653351813543,0
2025-07-16,Television Broadcasting & OTT,63.3,WATCH (Unusual Precursor),70.1,68.2,0.12705561972519744,-1.9806914222808558,0
2025-07-21,Television Broadcasting & OTT,67.9,EARLY (Elevated Probability),77.1,68.2,0.0909160962172698,-5.271663763153926,0
2026-07-14,Television Broadcasting & OTT,57.2,WATCH (Unusual Precursor),52.8,34.6,0.0864559525539844,-0.8041451698948953,0
2026-07-15,Television Broadcasting & OTT,67.3,EARLY (Elevated Probability),63.0,42.3,0.11601001902576993,-1.8392645231169271,0
2026-07-23,Television Broadcasting & OTT,55.8,WATCH (Unusual Precursor),62.0,25.0,0.09655267746053806,-0.019337789943565015,0
2026-08-03,Television Broadcasting & OTT,61.2,WATCH (Unusual Precursor),68.7,45.8,0.07622412668574007,-2.065634175919014,0
2026-08-04,Television Broadcasting & OTT,62.6,WATCH (Unusual Precursor),70.8,38.5,0.09386614488791466,-2.2910463060343305,0
2026-08-05,Television Broadcasting & OTT,64.6,WATCH (Unusual Precursor),67.3,46.2,0.09386614488791466,-2.6921095779815163,0
2026-08-06,Television Broadcasting & OTT,67.8,EARLY (Elevated Probability),70.2,42.3,0.09122791471136223,-3.4007860451341307,0
2025-08-21,Tertiary Hospitals & Clinics,56.0,WATCH (Unusual Precursor),43.4,80.0,0.14473324630095885,14.372374102244425,0
2025-08-22,Tertiary Hospitals & Clinics,64.0,WATCH (Unusual Precursor),60.5,80.0,0.16793030670678552,8.873478130975998,0
2026-08-03,Tertiary Hospitals & Clinics,55.5,WATCH (Unusual Precursor),51.0,58.3,0.07506044602447441,0.5618310420549925,0
2026-08-04,Tertiary Hospitals & Clinics,56.6,WATCH (Unusual Precursor),55.5,57.1,0.09236276849326057,1.7665844340719812,0
2026-08-05,Tertiary Hospitals & Clinics,59.1,WATCH (Unusual Precursor),62.5,57.1,0.09116207642876589,1.1173494640563706,0
2026-08-06,Tertiary Hospitals & Clinics,69.6,EARLY (Elevated Probability),67.6,75.0,0.2021642296081576,-2.6663252597834455,0
2026-08-07,Tertiary Hospitals & Clinics,66.0,EARLY (Elevated Probability),62.7,57.1,0.15414366396407603,-0.9807478395356465,0
2026-08-10,Tertiary Hospitals & Clinics,62.2,WATCH (Unusual Precursor),55.6,71.4,0.15442459200073747,0.5640899071648092,0
2026-08-14,Tertiary Hospitals & Clinics,56.8,WATCH (Unusual Precursor),58.5,50.0,0.16302293442404323,2.158412484082234,0
2024-04-03,Tier-1 IT Services,69.2,EARLY (Elevated Probability),67.7,50.0,0.1208605644008082,0.45423610264121006,0
2024-04-04,Tier-1 IT Services,61.9,WATCH (Unusual Precursor),62.2,60.0,0.11831071985041543,-0.6930687231902843,0
2024-04-10,Tier-1 IT Services,55.3,WATCH (Unusual Precursor),50.6,60.0,0.11654792547699577,-4.375965404001951,0
2024-05-07,Tier-1 IT Services,58.0,WATCH (Unusual Precursor),61.3,50.0,0.14017326108521275,-2.7056584106508197,0
2024-06-06,Tier-1 IT Services,77.6,PRE-BREAKOUT (High Conviction),73.8,80.0,0.14793891382569235,3.4039028946805594,0
2024-06-07,Tier-1 IT Services,76.2,PRE-BREAKOUT (High Conviction),78.5,100.0,0.15274906647757466,-1.958373349831526,0
2024-06-27,Tier-1 IT Services,61.1,WATCH (Unusual Precursor),71.3,100.0,0.48413993181130693,4.44955358976078,0
2024-07-04,Tier-1 IT Services,58.4,WATCH (Unusual Precursor),63.1,100.0,0.27754232738603857,-0.622936511316543,0
2024-07-12,Tier-1 IT Services,58.9,WATCH (Unusual Precursor),76.5,100.0,0.42510007617951795,-0.1971023606660837,0
2024-07-26,Tier-1 IT Services,57.0,WATCH (Unusual Precursor),67.7,90.0,0.365103857657423,-1.877784958774924,0
2024-08-16,Tier-1 IT Services,89.2,PRE-BREAKOUT (High Conviction),88.8,100.0,0.1996586557157935,1.9512825602612671,0
2024-08-19,Tier-1 IT Services,67.2,EARLY (Elevated Probability),65.1,90.0,0.29956206838033017,2.10749802041748,0
2024-08-20,Tier-1 IT Services,69.8,EARLY (Elevated Probability),65.6,100.0,0.19660611990941973,0.9042789971693231,0
2024-08-21,Tier-1 IT Services,83.7,PRE-BREAKOUT (High Conviction),89.0,100.0,0.11371735006466717,0.8466289529559944,0
2024-08-22,Tier-1 IT Services,60.9,WATCH (Unusual Precursor),53.3,100.0,0.140010253966351,1.776305268184175,0
2024-08-26,Tier-1 IT Services,58.6,WATCH (Unusual Precursor),55.1,100.0,0.6129253485698919,1.313311609509229,0
2024-08-28,Tier-1 IT Services,55.2,WATCH (Unusual Precursor),58.0,80.0,0.2150695265061878,-1.7997477883265378,0
2024-08-29,Tier-1 IT Services,68.9,EARLY (Elevated Probability),74.9,90.0,0.19946948191423514,-1.8850722807572986,0
2024-09-26,Tier-1 IT Services,55.8,WATCH (Unusual Precursor),57.1,60.0,0.13621631800994566,-1.006045857503155,0
2024-10-02,Tier-1 IT Services,55.3,WATCH (Unusual Precursor),51.3,70.0,0.10377472646505871,0.20412170767337479,1
2024-10-11,Tier-1 IT Services,57.6,WATCH (Unusual Precursor),58.3,60.0,0.1109361961786585,2.2533811146909266,1
2024-10-14,Tier-1 IT Services,76.8,PRE-BREAKOUT (High Conviction),74.6,80.0,0.14907155214393455,-1.3685947844607438,0
2024-10-15,Tier-1 IT Services,82.9,PRE-BREAKOUT (High Conviction),82.2,80.0,0.15884542687049572,-2.9988838441909427,1
2024-10-16,Tier-1 IT Services,67.1,EARLY (Elevated Probability),67.7,60.0,0.11670192752404411,-0.8996817929647548,1
2024-10-17,Tier-1 IT Services,71.1,EARLY (Elevated Probability),70.9,80.0,0.13416518897726465,-2.38725646898225,1
2024-10-18,Tier-1 IT Services,69.7,EARLY (Elevated Probability),80.5,50.0,0.13597614221121804,-3.2139164704400747,1
2024-11-06,Tier-1 IT Services,59.3,WATCH (Unusual Precursor),59.3,70.0,0.16472962930151067,1.1862816942414733,1
2024-11-11,Tier-1 IT Services,66.2,EARLY (Elevated Probability),50.7,100.0,0.18999536194844718,-0.5738485325171849,1
2024-11-12,Tier-1 IT Services,69.5,EARLY (Elevated Probability),56.5,100.0,0.2628528646329063,-1.0423707216354994,1
2024-11-22,Tier-1 IT Services,73.5,EARLY (Elevated Probability),76.8,100.0,0.32315866347595235,-0.47362966421908625,0
2024-11-25,Tier-1 IT Services,62.8,WATCH (Unusual Precursor),59.8,100.0,0.21077485820545436,-0.5338543127084971,0
2024-11-26,Tier-1 IT Services,64.3,WATCH (Unusual Precursor),67.5,100.0,0.22311497631143923,-0.6904830161316,0
2024-12-05,Tier-1 IT Services,74.8,EARLY (Elevated Probability),79.7,100.0,0.3332892106862541,2.163688893473059,0
2024-12-10,Tier-1 IT Services,60.8,WATCH (Unusual Precursor),62.6,100.0,0.5657234844932894,-0.39328548001179575,0
2025-01-02,Tier-1 IT Services,73.6,EARLY (Elevated Probability),71.7,80.0,0.12895320236886565,-2.9142818730816478,0
2025-01-03,Tier-1 IT Services,61.3,WATCH (Unusual Precursor),58.3,70.0,0.1696486543793627,1.131003008913627,1
2025-01-07,Tier-1 IT Services,55.9,WATCH (Unusual Precursor),48.7,70.0,0.19916765448037108,-1.07839099455167,1
2025-01-08,Tier-1 IT Services,60.9,WATCH (Unusual Precursor),65.3,50.0,0.11098366295538369,-1.3905117566444745,1
2025-01-10,Tier-1 IT Services,74.3,EARLY (Elevated Probability),74.9,80.0,0.21085753913701247,-5.797676538113539,0
2025-01-23,Tier-1 IT Services,64.2,WATCH (Unusual Precursor),68.0,40.0,0.12459486396737489,-2.624842935000433,0
2025-02-04,Tier-1 IT Services,69.4,EARLY (Elevated Probability),57.5,80.0,0.12061237777855467,-2.416408719627001,1
2025-03-21,Tier-1 IT Services,58.3,WATCH (Unusual Precursor),55.1,50.0,0.1580263343486426,-1.426273857528986,0
2025-04-17,Tier-1 IT Services,57.2,WATCH (Unusual Precursor),60.4,20.0,0.1222792717407096,2.121814376631339,0
2025-04-21,Tier-1 IT Services,61.3,WATCH (Unusual Precursor),59.7,50.0,0.137513723825671,0.5579398906637634,0
2025-05-12,Tier-1 IT Services,64.4,WATCH (Unusual Precursor),71.9,80.0,0.1458619025596815,-1.654394621101376,0
2025-05-14,Tier-1 IT Services,61.0,WATCH (Unusual Precursor),61.3,90.0,0.1582570473719989,-0.5832249484713525,0
2025-05-15,Tier-1 IT Services,60.5,WATCH (Unusual Precursor),58.1,90.0,0.15574444759584818,-2.881376761963499,0
2025-05-26,Tier-1 IT Services,55.3,WATCH (Unusual Precursor),58.2,70.0,0.2798425209630407,-1.6671781058426127,0
2025-05-29,Tier-1 IT Services,56.4,WATCH (Unusual Precursor),61.9,70.0,0.21682481329488523,-1.2214274900483524,0
2025-06-09,Tier-1 IT Services,61.0,WATCH (Unusual Precursor),61.7,70.0,0.12390985708376152,3.921877050105622,1
2025-06-10,Tier-1 IT Services,94.7,PRE-BREAKOUT (High Conviction),99.2,90.0,0.2692625360788558,2.6838557698717347,1
2025-06-11,Tier-1 IT Services,89.7,PRE-BREAKOUT (High Conviction),91.3,90.0,0.19684200416650688,0.1049181391569598,1
2025-06-12,Tier-1 IT Services,76.1,PRE-BREAKOUT (High Conviction),70.4,90.0,0.18977102910224886,0.5062028830743026,1
2025-06-13,Tier-1 IT Services,79.4,PRE-BREAKOUT (High Conviction),76.1,90.0,0.14614823193698795,0.6455239606092378,0
2025-06-16,Tier-1 IT Services,75.4,PRE-BREAKOUT (High Conviction),73.9,100.0,0.4430697947503302,-1.8389857848653346,0
2025-06-17,Tier-1 IT Services,68.4,EARLY (Elevated Probability),69.0,100.0,0.7666280438828579,-1.699769825242896,0
2025-06-20,Tier-1 IT Services,62.7,WATCH (Unusual Precursor),69.0,70.0,0.16955859720235605,-0.4002530958670669,0
2025-06-25,Tier-1 IT Services,68.1,EARLY (Elevated Probability),84.6,60.0,0.3110311751362405,-0.8422924762812322,0
2025-07-04,Tier-1 IT Services,57.4,WATCH (Unusual Precursor),61.0,80.0,0.17234359865634638,-3.304673760401009,0
2025-07-08,Tier-1 IT Services,55.9,WATCH (Unusual Precursor),47.8,80.0,0.16410262446001908,-3.597906199221858,0
2025-07-21,Tier-1 IT Services,68.2,EARLY (Elevated Probability),80.4,40.0,0.1351982677491271,-4.330442714746164,0
2025-08-20,Tier-1 IT Services,62.3,WATCH (Unusual Precursor),60.1,60.0,0.2491855390869228,-30.74706139228682,0
2026-07-13,Tier-1 IT Services,62.5,WATCH (Unusual Precursor),62.5,58.3,0.1820066920049615,0.044886063972687795,0
2026-07-28,Tier-1 IT Services,64.4,WATCH (Unusual Precursor),62.5,58.3,0.14451525287578754,2.985036468594815,0
2026-07-29,Tier-1 IT Services,59.7,WATCH (Unusual Precursor),55.3,58.3,0.1530230275230634,0.016857972011034377,0
2025-03-18,Wealth Broking & Advisory,57.4,WATCH (Unusual Precursor),66.0,30.0,0.14017326108521275,6.995496690972281,0
2025-03-20,Wealth Broking & Advisory,61.9,WATCH (Unusual Precursor),75.0,70.0,0.2207522366642352,1.3816513599349212,0
2025-03-21,Wealth Broking & Advisory,61.7,WATCH (Unusual Precursor),74.2,60.0,0.22821025839564274,0.8496139045201566,1
2025-03-24,Wealth Broking & Advisory,59.8,WATCH (Unusual Precursor),59.3,80.0,0.17506919409349136,-2.488880368918165,0
2025-03-25,Wealth Broking & Advisory,57.6,WATCH (Unusual Precursor),57.6,80.0,0.18005867070240592,-0.39415928884803275,0
2025-04-21,Wealth Broking & Advisory,61.8,WATCH (Unusual Precursor),68.4,100.0,0.14604789499172638,1.7230590265561285,1
2025-04-22,Wealth Broking & Advisory,58.3,WATCH (Unusual Precursor),60.7,100.0,0.14305313015761592,1.4724133452077726,1
2025-04-23,Wealth Broking & Advisory,73.2,EARLY (Elevated Probability),84.0,100.0,0.14884400050664506,-3.0335519702265685,0
2025-05-14,Wealth Broking & Advisory,57.7,WATCH (Unusual Precursor),75.0,100.0,0.20093317886697218,3.623886094771289,0
2025-05-15,Wealth Broking & Advisory,60.3,WATCH (Unusual Precursor),67.0,100.0,0.14305313015761592,2.8620766073743464,0
2025-05-16,Wealth Broking & Advisory,58.1,WATCH (Unusual Precursor),72.5,100.0,0.20093317886697218,0.4771181362307697,0
2025-06-11,Wealth Broking & Advisory,55.1,WATCH (Unusual Precursor),62.5,83.3,0.3595661635540334,-2.552990276027017,0
2025-06-18,Wealth Broking & Advisory,66.0,EARLY (Elevated Probability),72.5,58.3,0.1473136661475596,0.14518206813343335,0
2025-06-23,Wealth Broking & Advisory,55.4,WATCH (Unusual Precursor),59.7,60.0,0.10771003135970529,0.10989494926245005,0
2025-06-25,Wealth Broking & Advisory,57.0,WATCH (Unusual Precursor),52.3,66.7,0.16444953330728346,-2.0124604601365075,0
2025-07-10,Wealth Broking & Advisory,62.8,WATCH (Unusual Precursor),56.6,75.0,0.16861370218750013,2.7319764082249214,0
2025-07-15,Wealth Broking & Advisory,58.7,WATCH (Unusual Precursor),55.9,58.3,0.11206392956830252,5.044548111134378,1
2025-07-16,Wealth Broking & Advisory,65.4,EARLY (Elevated Probability),63.3,58.3,0.11376763693000967,4.105193217572717,1
2025-07-18,Wealth Broking & Advisory,67.1,EARLY (Elevated Probability),60.6,80.0,0.1157731451487355,3.431559610890866,1
2025-07-21,Wealth Broking & Advisory,70.9,EARLY (Elevated Probability),66.0,90.0,0.11504094737307015,1.4882473003087469,1
2025-07-22,Wealth Broking & Advisory,66.1,EARLY (Elevated Probability),59.9,75.0,0.22089209746602903,1.0617708553397662,1
2025-07-23,Wealth Broking & Advisory,62.8,WATCH (Unusual Precursor),58.2,75.0,0.16178312845031778,0.5613833930524245,1
2025-07-24,Wealth Broking & Advisory,58.9,WATCH (Unusual Precursor),66.4,80.0,0.20993514718041867,-1.3916569190752148,0
2025-07-29,Wealth Broking & Advisory,56.8,WATCH (Unusual Precursor),65.6,66.7,0.18604350370203507,-3.3691162475493694,0
2025-08-18,Wealth Broking & Advisory,57.6,WATCH (Unusual Precursor),56.1,66.7,0.12610238461425835,7.6968201482131215,0
2025-08-20,Wealth Broking & Advisory,58.4,WATCH (Unusual Precursor),48.9,83.3,0.12854823694496462,8.609043000551514,0
2025-08-22,Wealth Broking & Advisory,58.2,WATCH (Unusual Precursor),55.0,75.0,0.08617199514229286,8.498354031775785,0
2026-07-13,Wealth Broking & Advisory,58.1,WATCH (Unusual Precursor),69.2,71.4,0.14123960552069284,0.9829695742266773,0
2026-08-06,Wealth Broking & Advisory,60.7,WATCH (Unusual Precursor),62.2,71.4,0.09657858777705954,-0.17823400439273632,0
2026-08-07,Wealth Broking & Advisory,55.7,WATCH (Unusual Precursor),55.7,78.6,0.07970688167913388,-1.5630624141283878,0
2026-08-13,Wealth Broking & Advisory,57.8,WATCH (Unusual Precursor),54.5,64.3,0.18552423097144136,-1.8797517302782705,0
2024-04-25,Wind Turbines & Wind Energy,62.6,WATCH (Unusual Precursor),85.7,70.0,0.14834623789070914,-1.978477370791485,0
2024-05-16,Wind Turbines & Wind Energy,81.4,PRE-BREAKOUT (High Conviction),88.8,100.0,0.11371735006466717,-2.4137138341131514,0
2024-05-17,Wind Turbines & Wind Energy,61.7,WATCH (Unusual Precursor),60.3,90.0,0.15940835786625,-3.180345660858155,0
2024-05-21,Wind Turbines & Wind Energy,58.4,WATCH (Unusual Precursor),51.0,70.0,0.1663181004447082,-7.007131231425139,0
2024-06-12,Wind Turbines & Wind Energy,63.6,WATCH (Unusual Precursor),61.8,70.0,0.11839122300146185,10.345000578640457,1
2024-06-13,Wind Turbines & Wind Energy,65.0,EARLY (Elevated Probability),72.4,60.0,0.13988679033643547,10.17315137164821,1
2024-06-18,Wind Turbines & Wind Energy,69.5,EARLY (Elevated Probability),84.0,70.0,0.13948203726343725,13.327771772346589,1
2024-06-20,Wind Turbines & Wind Energy,55.7,WATCH (Unusual Precursor),79.6,70.0,0.15296272608746816,0.25937378092648833,0
2024-08-12,Wind Turbines & Wind Energy,61.0,WATCH (Unusual Precursor),71.9,70.0,0.17714444508994778,3.654118192345424,0
2024-10-02,Wind Turbines & Wind Energy,57.9,WATCH (Unusual Precursor),62.8,50.0,0.11533926177258198,-1.5221912872671783,0
2024-11-05,Wind Turbines & Wind Energy,60.8,WATCH (Unusual Precursor),59.0,70.0,0.12487229611793156,-2.9904987227733644,0
2025-01-07,Wind Turbines & Wind Energy,58.6,WATCH (Unusual Precursor),60.2,50.0,0.11345643804430844,-8.097278975442821,0
2025-03-25,Wind Turbines & Wind Energy,64.2,WATCH (Unusual Precursor),56.0,70.0,0.14285183797522277,-3.5580186947149395,0
2025-04-21,Wind Turbines & Wind Energy,70.5,EARLY (Elevated Probability),70.2,70.0,0.12805033760878606,-0.5164828587231328,0
2025-04-22,Wind Turbines & Wind Energy,63.2,WATCH (Unusual Precursor),55.2,80.0,0.160387991361266,-3.1826600839768138,0
2025-06-09,Wind Turbines & Wind Energy,61.6,WATCH (Unusual Precursor),60.7,60.0,0.16078053131787576,-0.43400277232616524,0
2025-06-10,Wind Turbines & Wind Energy,62.6,WATCH (Unusual Precursor),64.9,80.0,0.16793030670678552,-4.514622421112984,0
2025-06-11,Wind Turbines & Wind Energy,57.3,WATCH (Unusual Precursor),49.9,90.0,0.15615577513610182,-5.399787775423304,0
2025-06-30,Wind Turbines & Wind Energy,56.0,WATCH (Unusual Precursor),38.8,90.0,0.15608447438779272,-4.412741829169613,0
2024-05-14,Wires & Cables,58.3,WATCH (Unusual Precursor),81.3,76.1,0.10566032837606015,1.6040270993224737,0
2024-06-11,Wires & Cables,69.0,EARLY (Elevated Probability),70.3,82.6,0.12621676806170642,1.1233491262606798,0
2024-06-12,Wires & Cables,58.6,WATCH (Unusual Precursor),52.4,84.8,0.11806706612305412,-0.6170958443692484,0
2024-07-04,Wires & Cables,55.4,WATCH (Unusual Precursor),56.0,84.8,0.1382128212922177,-1.1197657035579376,0
2024-07-05,Wires & Cables,61.5,WATCH (Unusual Precursor),69.4,80.4,0.11803949409843108,-2.15057791026377,0
2024-07-16,Wires & Cables,59.7,WATCH (Unusual Precursor),66.3,64.6,0.08096351947283689,-4.812625044275982,0
2024-07-17,Wires & Cables,56.7,WATCH (Unusual Precursor),65.4,72.9,0.08013533585969722,-3.793132168372767,0
2024-07-26,Wires & Cables,60.2,WATCH (Unusual Precursor),60.1,79.2,0.10848105056183205,1.8072177749537195,0
2024-07-29,Wires & Cables,65.8,EARLY (Elevated Probability),64.6,83.3,0.10932051170507677,-2.9002186575970885,0
2024-07-30,Wires & Cables,66.0,EARLY (Elevated Probability),71.9,75.0,0.10840143018331255,-4.356497070110987,0
2024-07-31,Wires & Cables,66.4,EARLY (Elevated Probability),67.5,77.1,0.10932051170507677,-2.479419520177833,0
2024-08-01,Wires & Cables,72.1,EARLY (Elevated Probability),69.9,72.9,0.09845276567126965,-3.011989917905561,0
2024-08-20,Wires & Cables,60.1,WATCH (Unusual Precursor),66.2,60.4,0.11602571348555767,4.827176390707573,0
2024-08-22,Wires & Cables,60.5,WATCH (Unusual Precursor),56.8,79.2,0.11567926339188746,3.267301564272272,0
2024-08-23,Wires & Cables,66.4,EARLY (Elevated Probability),65.0,81.2,0.10840143018331255,2.1796763545160673,0
2024-08-26,Wires & Cables,76.0,PRE-BREAKOUT (High Conviction),81.7,85.4,0.12485891885878629,0.26583829626930927,0
2024-09-16,Wires & Cables,55.8,WATCH (Unusual Precursor),59.6,75.0,0.09907934458771381,-1.6416326300530846,0
2024-10-14,Wires & Cables,61.0,WATCH (Unusual Precursor),53.3,72.0,0.12126061099042347,-3.2008398012584736,0
2024-10-16,Wires & Cables,63.5,WATCH (Unusual Precursor),63.3,56.0,0.1226130401303123,-6.694120748581438,0
2024-11-05,Wires & Cables,55.6,WATCH (Unusual Precursor),50.6,54.0,0.11654792547699577,-1.2873658897207003,0
2024-11-06,Wires & Cables,63.4,WATCH (Unusual Precursor),58.5,60.0,0.11831071985041543,-6.550344306626633,0
2024-11-28,Wires & Cables,62.8,WATCH (Unusual Precursor),59.4,46.0,0.08953968517287135,4.329384856652771,0
2024-12-02,Wires & Cables,60.8,WATCH (Unusual Precursor),56.2,56.0,0.11831071985041543,3.8101675596126414,0
2024-12-03,Wires & Cables,75.0,PRE-BREAKOUT (High Conviction),75.6,62.0,0.1208605644008082,4.047444043393386,0
2024-12-04,Wires & Cables,66.6,EARLY (Elevated Probability),65.3,62.0,0.12507505800801502,2.9621790645050043,0
2024-12-05,Wires & Cables,79.2,PRE-BREAKOUT (High Conviction),80.0,76.0,0.11563884701616013,0.41550118637333455,0
2024-12-06,Wires & Cables,70.3,EARLY (Elevated Probability),66.4,74.0,0.11614475758449,-0.5967555513307947,0
2024-12-09,Wires & Cables,60.1,WATCH (Unusual Precursor),54.6,72.0,0.11476351459734016,0.6003936768621635,0
2024-12-10,Wires & Cables,78.2,PRE-BREAKOUT (High Conviction),91.3,64.0,0.12798824647840248,-1.2428885071480824,0
2025-03-19,Wires & Cables,56.8,WATCH (Unusual Precursor),62.0,34.0,0.09687990092157386,-2.652537781483839,0
2025-03-20,Wires & Cables,55.7,WATCH (Unusual Precursor),47.7,42.0,0.14712231938123357,-2.5521781131223373,0
2025-03-21,Wires & Cables,71.8,EARLY (Elevated Probability),68.7,48.0,0.12126061099042347,-4.274935778203034,0
2025-03-24,Wires & Cables,69.4,EARLY (Elevated Probability),64.1,52.0,0.20858925042023502,-2.8684538891867657,0
2025-04-21,Wires & Cables,60.9,WATCH (Unusual Precursor),57.5,69.6,0.11995869953657783,1.1860712811177232,0
2025-04-22,Wires & Cables,70.5,EARLY (Elevated Probability),71.3,78.0,0.12390380313447846,-2.5097920392059843,0
2025-04-23,Wires & Cables,59.0,WATCH (Unusual Precursor),58.8,72.0,0.12606319917594752,-5.082435016466602,0
2025-05-12,Wires & Cables,58.4,WATCH (Unusual Precursor),69.4,68.0,0.12046147330873047,10.743714468986909,1
2025-05-13,Wires & Cables,63.5,WATCH (Unusual Precursor),79.2,76.0,0.12166478449798201,5.5618263171283475,0
2025-05-14,Wires & Cables,66.7,EARLY (Elevated Probability),83.6,88.0,0.13305097712128072,3.5885431073134124,0
2025-05-15,Wires & Cables,61.8,WATCH (Unusual Precursor),71.0,90.0,0.14577031937556573,2.2217057294716698,0
2025-05-16,Wires & Cables,67.9,EARLY (Elevated Probability),81.2,94.0,0.16106718370722328,1.2620514668938865,0
2025-05-19,Wires & Cables,70.1,EARLY (Elevated Probability),86.5,90.0,0.13666384307811896,0.5522463898970092,0
2025-06-25,Wires & Cables,68.6,EARLY (Elevated Probability),73.7,73.1,0.12328320085745292,2.7667743645185956,0
2025-06-26,Wires & Cables,68.5,EARLY (Elevated Probability),69.4,86.0,0.13232585363372312,2.74240133847817,0
2025-06-27,Wires & Cables,65.5,EARLY (Elevated Probability),62.4,82.7,0.11704152266101714,3.259659084768016,0
2025-06-30,Wires & Cables,66.0,EARLY (Elevated Probability),64.0,88.5,0.11373802800979908,1.535262224927084,0
2025-07-03,Wires & Cables,56.1,WATCH (Unusual Precursor),61.8,71.2,0.08516006053103407,0.7620739343694642,0
2025-08-20,Wires & Cables,55.0,WATCH (Unusual Precursor),49.2,50.0,0.08953968517287135,22.03108310331735,1
2025-08-21,Wires & Cables,72.1,EARLY (Elevated Probability),72.9,55.8,0.0986684534119264,19.985468020757757,1
2025-08-22,Wires & Cables,55.0,WATCH (Unusual Precursor),44.9,57.7,0.11279202229388688,17.780785629404313,1
2026-08-03,Wires & Cables,55.2,WATCH (Unusual Precursor),63.1,65.0,0.15190198895218807,5.0881219213734825,1
2026-08-04,Wires & Cables,58.9,WATCH (Unusual Precursor),61.6,68.3,0.09512625532682699,5.625126205437252,1
2026-08-05,Wires & Cables,58.9,WATCH (Unusual Precursor),65.2,72.4,0.09750943951347153,5.930212399277138,1
2026-08-06,Wires & Cables,71.7,EARLY (Elevated Probability),79.9,77.6,0.14556341810135334,4.854055304130056,1
2026-08-07,Wires & Cables,63.1,WATCH (Unusual Precursor),65.0,75.9,0.12639920895754603,3.750740274848939,1
2026-08-10,Wires & Cables,66.5,EARLY (Elevated Probability),75.3,70.7,0.10478251281308375,1.5484071312663277,0
2026-08-11,Wires & Cables,65.1,EARLY (Elevated Probability),78.8,67.9,0.10990580459185072,0.9112345879587257,0
2026-08-12,Wires & Cables,61.4,WATCH (Unusual Precursor),77.1,70.4,0.10707620456068206,-1.339527126978981,0
2026-07-03,Zinc & Non-Ferrous Alloys,58.8,WATCH (Unusual Precursor),65.9,40.0,0.15003991060828603,1.346759980996237,0
2026-07-06,Zinc & Non-Ferrous Alloys,58.5,WATCH (Unusual Precursor),65.4,40.0,0.12962061577459574,1.292385500526059,0
2026-07-09,Zinc & Non-Ferrous Alloys,73.9,EARLY (Elevated Probability),79.1,50.0,0.119145855585345,0.6191186163348128,0
2026-07-10,Zinc & Non-Ferrous Alloys,72.8,EARLY (Elevated Probability),75.0,60.0,0.15657338940468993,-3.8736900715844613,0
2026-07-13,Zinc & Non-Ferrous Alloys,55.0,WATCH (Unusual Precursor),51.5,50.0,0.1146032690730915,-3.1840769304982652,0
2026-07-31,Zinc & Non-Ferrous Alloys,64.0,WATCH (Unusual Precursor),71.6,60.0,0.10108267215265707,-0.85813393137659,0
2026-08-03,Zinc & Non-Ferrous Alloys,64.2,WATCH (Unusual Precursor),68.0,70.0,0.10568626798788411,-3.1595175896590173,0
