date,basic_industry,leadership_accel_score,leadership_state
2026-07-02,API & CDMO / CRAMS,50.0,NEUTRAL
2026-07-03,API & CDMO / CRAMS,50.0,NEUTRAL
2026-07-06,API & CDMO / CRAMS,50.0,NEUTRAL
2026-07-07,API & CDMO / CRAMS,73.33333333333333,ACCELERATING
2026-07-08,API & CDMO / CRAMS,36.66666666666667,DECELERATING
2026-07-09,API & CDMO / CRAMS,76.66666666666667,ACCELERATING
2026-07-10,API & CDMO / CRAMS,65.0,ACCELERATING
2026-07-13,API & CDMO / CRAMS,71.66666666666667,ACCELERATING
2026-07-14,API & CDMO / CRAMS,46.151058690385675,NEUTRAL
2026-07-15,API & CDMO / CRAMS,58.17429109630993,ACCELERATING
2026-07-16,API & CDMO / CRAMS,48.490565389932534,NEUTRAL
2026-07-17,API & CDMO / CRAMS,30.756124881565018,DECELERATING
2026-07-20,API & CDMO / CRAMS,27.28554897523068,DECELERATING
2026-07-21,API & CDMO / CRAMS,22.786834813243004,DECELERATING
2026-07-22,API & CDMO / CRAMS,39.41734537142312,DECELERATING
2026-07-23,API & CDMO / CRAMS,40.596590226941885,DECELERATING
2026-07-24,API & CDMO / CRAMS,52.84885064117735,NEUTRAL
2026-07-27,API & CDMO / CRAMS,68.94407266997706,ACCELERATING
2026-07-28,API & CDMO / CRAMS,53.4979610040869,NEUTRAL
2026-07-29,API & CDMO / CRAMS,70.9125363260562,ACCELERATING
2026-07-30,API & CDMO / CRAMS,37.91646660940698,DECELERATING
2026-07-31,API & CDMO / CRAMS,48.953349283504295,NEUTRAL
2026-08-03,API & CDMO / CRAMS,43.55093129458504,NEUTRAL
2026-08-04,API & CDMO / CRAMS,63.905237852555516,EMERGING LEADER
2026-08-05,API & CDMO / CRAMS,75.9323458382071,EMERGING LEADER
2026-08-06,API & CDMO / CRAMS,51.95676523261046,NEUTRAL
2026-08-07,API & CDMO / CRAMS,70.07958037965975,EMERGING LEADER
2026-08-10,API & CDMO / CRAMS,39.281495283834765,DECELERATING
2026-08-11,API & CDMO / CRAMS,54.34158437318782,NEUTRAL
2026-08-12,API & CDMO / CRAMS,25.251113102093406,DECELERATING
2026-08-13,API & CDMO / CRAMS,51.507377911384026,NEUTRAL
2026-08-14,API & CDMO / CRAMS,48.636469362226435,NEUTRAL
2026-08-17,API & CDMO / CRAMS,57.14633192319496,NEUTRAL
2026-08-18,API & CDMO / CRAMS,54.86607346223322,NEUTRAL
2026-08-19,API & CDMO / CRAMS,48.22812804770763,NEUTRAL
2026-08-20,API & CDMO / CRAMS,55.289026640933535,NEUTRAL
2026-08-21,API & CDMO / CRAMS,44.39034590329523,NEUTRAL
2026-07-02,Aerospace & Defence,50.0,NEUTRAL
2026-07-03,Aerospace & Defence,50.0,NEUTRAL
2026-07-06,Aerospace & Defence,50.0,NEUTRAL
2026-07-07,Aerospace & Defence,65.0,ACCELERATING
2026-07-08,Aerospace & Defence,40.526315789473685,DECELERATING
2026-07-09,Aerospace & Defence,28.68421052631579,DECELERATING
2026-07-10,Aerospace & Defence,58.68421052631579,ACCELERATING
2026-07-13,Aerospace & Defence,51.578947368421055,NEUTRAL
2026-07-14,Aerospace & Defence,41.66138429144041,DECELERATING
2026-07-15,Aerospace & Defence,38.21206396736311,DECELERATING
2026-07-16,Aerospace & Defence,55.431760347118434,NEUTRAL
2026-07-17,Aerospace & Defence,44.49511266750881,NEUTRAL
2026-07-20,Aerospace & Defence,45.99284317086299,NEUTRAL
2026-07-21,Aerospace & Defence,55.27948901566894,NEUTRAL
2026-07-22,Aerospace & Defence,65.03206587949455,ACCELERATING
2026-07-23,Aerospace & Defence,63.1349444116552,ACCELERATING
2026-07-24,Aerospace & Defence,56.664558030964294,NEUTRAL
2026-07-27,Aerospace & Defence,54.48067565519765,NEUTRAL
2026-07-28,Aerospace & Defence,28.46033068272406,DECELERATING
2026-07-29,Aerospace & Defence,25.572368559871663,DECELERATING
2026-07-30,Aerospace & Defence,29.58338718491576,WEAKENING
2026-07-31,Aerospace & Defence,64.76019225757682,ACCELERATING
2026-08-03,Aerospace & Defence,77.43906451974584,EMERGING LEADER
2026-08-04,Aerospace & Defence,67.9842323435016,ACCELERATING
2026-08-05,Aerospace & Defence,59.75125156486736,ACCELERATING
2026-08-06,Aerospace & Defence,60.99910447148639,EMERGING LEADER
2026-08-07,Aerospace & Defence,48.2601233933142,NEUTRAL
2026-08-10,Aerospace & Defence,44.425649917310494,NEUTRAL
2026-08-11,Aerospace & Defence,39.13581162481712,DECELERATING
2026-08-12,Aerospace & Defence,63.00388776764031,EMERGING LEADER
2026-08-13,Aerospace & Defence,67.04546688399454,EMERGING LEADER
2026-08-14,Aerospace & Defence,62.97319062598334,EMERGING LEADER
2026-08-17,Aerospace & Defence,41.643700442466944,DECELERATING
2026-08-18,Aerospace & Defence,56.51658720983974,NEUTRAL
2026-08-19,Aerospace & Defence,33.75729252230413,DECELERATING
2026-08-20,Aerospace & Defence,46.7007810195567,NEUTRAL
2026-08-21,Aerospace & Defence,39.206327745318475,DECELERATING
2026-07-02,Affordable Housing Finance Company,50.0,NEUTRAL
2026-07-03,Affordable Housing Finance Company,50.0,NEUTRAL
2026-07-06,Affordable Housing Finance Company,50.0,NEUTRAL
2026-07-07,Affordable Housing Finance Company,95.0,ACCELERATING
2026-07-08,Affordable Housing Finance Company,0.0,DECELERATING
2026-07-09,Affordable Housing Finance Company,50.0,NEUTRAL
2026-07-10,Affordable Housing Finance Company,50.0,NEUTRAL
2026-07-13,Affordable Housing Finance Company,80.0,ACCELERATING
2026-07-14,Affordable Housing Finance Company,1.4673147451204471,DECELERATING
2026-07-15,Affordable Housing Finance Company,2.6341095400672714,DECELERATING
2026-07-16,Affordable Housing Finance Company,50.07071555327361,NEUTRAL
2026-07-17,Affordable Housing Finance Company,51.30910342694402,NEUTRAL
2026-07-20,Affordable Housing Finance Company,52.39440355054169,NEUTRAL
2026-07-21,Affordable Housing Finance Company,100.0,ACCELERATING
2026-07-22,Affordable Housing Finance Company,19.92823321834303,DECELERATING
2026-07-23,Affordable Housing Finance Company,16.238200384466566,DECELERATING
2026-07-24,Affordable Housing Finance Company,0.0,DECELERATING
2026-07-27,Affordable Housing Finance Company,77.52427750668062,ACCELERATING
2026-07-28,Affordable Housing Finance Company,78.09965387960548,ACCELERATING
2026-07-29,Affordable Housing Finance Company,49.39697377758895,NEUTRAL
2026-07-30,Affordable Housing Finance Company,51.94148490397888,NEUTRAL
2026-07-31,Affordable Housing Finance Company,52.46542587334888,NEUTRAL
2026-08-03,Affordable Housing Finance Company,84.35988454300279,ACCELERATING
2026-08-04,Affordable Housing Finance Company,50.83112881801334,NEUTRAL
2026-08-05,Affordable Housing Finance Company,50.24506875753879,NEUTRAL
2026-08-06,Affordable Housing Finance Company,17.281002914085832,WEAKENING
2026-08-07,Affordable Housing Finance Company,49.86953023997006,NEUTRAL
2026-08-10,Affordable Housing Finance Company,79.68981502528723,ACCELERATING
2026-08-11,Affordable Housing Finance Company,21.167899290390803,WEAKENING
2026-08-12,Affordable Housing Finance Company,53.74685494883372,NEUTRAL
2026-08-13,Affordable Housing Finance Company,25.746540047763695,WEAKENING
2026-08-14,Affordable Housing Finance Company,82.53039105057312,ACCELERATING
2026-08-17,Affordable Housing Finance Company,17.248135165323156,WEAKENING
2026-08-18,Affordable Housing Finance Company,46.6561615384693,NEUTRAL
2026-08-19,Affordable Housing Finance Company,46.24109661218297,NEUTRAL
2026-08-20,Affordable Housing Finance Company,47.2033017282281,NEUTRAL
2026-08-21,Affordable Housing Finance Company,47.61343328934351,NEUTRAL
2026-07-02,Agrochemicals & Pesticides,50.0,NEUTRAL
2026-07-03,Agrochemicals & Pesticides,50.0,NEUTRAL
2026-07-06,Agrochemicals & Pesticides,50.0,NEUTRAL
2026-07-07,Agrochemicals & Pesticides,50.0,NEUTRAL
2026-07-08,Agrochemicals & Pesticides,27.5,DECELERATING
2026-07-09,Agrochemicals & Pesticides,50.0,NEUTRAL
2026-07-10,Agrochemicals & Pesticides,72.5,ACCELERATING
2026-07-13,Agrochemicals & Pesticides,87.5,ACCELERATING
2026-07-14,Agrochemicals & Pesticides,74.56359195901163,ACCELERATING
2026-07-15,Agrochemicals & Pesticides,65.38057697922274,ACCELERATING
2026-07-16,Agrochemicals & Pesticides,50.28190519781826,NEUTRAL
2026-07-17,Agrochemicals & Pesticides,28.004202188918498,DECELERATING
2026-07-20,Agrochemicals & Pesticides,0.0,DECELERATING
2026-07-21,Agrochemicals & Pesticides,0.0,DECELERATING
2026-07-22,Agrochemicals & Pesticides,33.1576384496978,DECELERATING
2026-07-23,Agrochemicals & Pesticides,49.18222641234524,NEUTRAL
2026-07-24,Agrochemicals & Pesticides,50.20761420605035,NEUTRAL
2026-07-27,Agrochemicals & Pesticides,65.1029807683574,ACCELERATING
2026-07-28,Agrochemicals & Pesticides,65.64689415724294,ACCELERATING
2026-07-29,Agrochemicals & Pesticides,64.10202742917178,ACCELERATING
2026-07-30,Agrochemicals & Pesticides,48.14443882378956,NEUTRAL
2026-07-31,Agrochemicals & Pesticides,79.93176843641385,ACCELERATING
2026-08-03,Agrochemicals & Pesticides,73.17515619952134,EMERGING LEADER
2026-08-04,Agrochemicals & Pesticides,89.00590439246731,EMERGING LEADER
2026-08-05,Agrochemicals & Pesticides,43.81270742362259,NEUTRAL
2026-08-06,Agrochemicals & Pesticides,52.209780611572306,NEUTRAL
2026-08-07,Agrochemicals & Pesticides,34.871004862239886,DECELERATING
2026-08-10,Agrochemicals & Pesticides,64.50450006989628,EMERGING LEADER
2026-08-11,Agrochemicals & Pesticides,49.33279889179613,NEUTRAL
2026-08-12,Agrochemicals & Pesticides,50.43759711797037,NEUTRAL
2026-08-13,Agrochemicals & Pesticides,18.96087958707941,DECELERATING
2026-08-14,Agrochemicals & Pesticides,9.919012224440493,WEAKENING
2026-08-17,Agrochemicals & Pesticides,9.624358524258604,WEAKENING
2026-08-18,Agrochemicals & Pesticides,54.39205803017497,NEUTRAL
2026-08-19,Agrochemicals & Pesticides,80.83634218114479,ACCELERATING
2026-08-20,Agrochemicals & Pesticides,67.54387094565347,ACCELERATING
2026-08-21,Agrochemicals & Pesticides,39.048037113093464,WEAKENING
2026-07-02,Air Conditioners & AC Components,50.0,NEUTRAL
2026-07-03,Air Conditioners & AC Components,50.0,NEUTRAL
2026-07-06,Air Conditioners & AC Components,50.0,NEUTRAL
2026-07-07,Air Conditioners & AC Components,88.33333333333334,ACCELERATING
2026-07-08,Air Conditioners & AC Components,38.33333333333333,DECELERATING
2026-07-09,Air Conditioners & AC Components,43.333333333333336,NEUTRAL
2026-07-10,Air Conditioners & AC Components,43.333333333333336,NEUTRAL
2026-07-13,Air Conditioners & AC Components,86.66666666666667,ACCELERATING
2026-07-14,Air Conditioners & AC Components,71.78994974577232,ACCELERATING
2026-07-15,Air Conditioners & AC Components,66.0720753287054,ACCELERATING
2026-07-16,Air Conditioners & AC Components,59.28068448497985,ACCELERATING
2026-07-17,Air Conditioners & AC Components,40.34849134172867,DECELERATING
2026-07-20,Air Conditioners & AC Components,47.22461970641275,NEUTRAL
2026-07-21,Air Conditioners & AC Components,37.26274424479291,DECELERATING
2026-07-22,Air Conditioners & AC Components,35.987293503737696,DECELERATING
2026-07-23,Air Conditioners & AC Components,21.129916081368066,DECELERATING
2026-07-24,Air Conditioners & AC Components,27.707357891660013,DECELERATING
2026-07-27,Air Conditioners & AC Components,48.87490212726811,NEUTRAL
2026-07-28,Air Conditioners & AC Components,53.48882570132529,NEUTRAL
2026-07-29,Air Conditioners & AC Components,48.349310386254615,NEUTRAL
2026-07-30,Air Conditioners & AC Components,42.19018280910956,NEUTRAL
2026-07-31,Air Conditioners & AC Components,52.468156444314076,NEUTRAL
2026-08-03,Air Conditioners & AC Components,50.24585024293678,NEUTRAL
2026-08-04,Air Conditioners & AC Components,51.06804590579969,NEUTRAL
2026-08-05,Air Conditioners & AC Components,47.56170643254259,NEUTRAL
2026-08-06,Air Conditioners & AC Components,43.35712913673984,WEAKENING
2026-08-07,Air Conditioners & AC Components,48.710931662098034,NEUTRAL
2026-08-10,Air Conditioners & AC Components,31.861601074728547,WEAKENING
2026-08-11,Air Conditioners & AC Components,49.59181127715348,NEUTRAL
2026-08-12,Air Conditioners & AC Components,47.37827366540721,NEUTRAL
2026-08-13,Air Conditioners & AC Components,69.21951434193821,ACCELERATING
2026-08-14,Air Conditioners & AC Components,58.801062619172306,ACCELERATING
2026-08-17,Air Conditioners & AC Components,47.0983807868856,NEUTRAL
2026-08-18,Air Conditioners & AC Components,41.72964594272116,WEAKENING
2026-08-19,Air Conditioners & AC Components,31.56779362272058,WEAKENING
2026-08-20,Air Conditioners & AC Components,44.87462854292133,WEAKENING
2026-08-21,Air Conditioners & AC Components,45.24590412185167,NEUTRAL
2026-07-02,Air Conditioners & Appliances,50.0,NEUTRAL
2026-07-03,Air Conditioners & Appliances,50.0,NEUTRAL
2026-07-06,Air Conditioners & Appliances,50.0,NEUTRAL
2026-07-07,Air Conditioners & Appliances,76.25,ACCELERATING
2026-07-08,Air Conditioners & Appliances,42.5,NEUTRAL
2026-07-09,Air Conditioners & Appliances,80.0,ACCELERATING
2026-07-10,Air Conditioners & Appliances,27.5,DECELERATING
2026-07-13,Air Conditioners & Appliances,57.5,NEUTRAL
2026-07-14,Air Conditioners & Appliances,32.545393464417316,DECELERATING
2026-07-15,Air Conditioners & Appliances,45.69092708451882,NEUTRAL
2026-07-16,Air Conditioners & Appliances,51.18332618383972,NEUTRAL
2026-07-17,Air Conditioners & Appliances,54.83681967249923,NEUTRAL
2026-07-20,Air Conditioners & Appliances,68.78445251098856,ACCELERATING
2026-07-21,Air Conditioners & Appliances,46.02691886524403,NEUTRAL
2026-07-22,Air Conditioners & Appliances,36.52709758435496,DECELERATING
2026-07-23,Air Conditioners & Appliances,45.02043639042036,NEUTRAL
2026-07-24,Air Conditioners & Appliances,47.02025922106988,NEUTRAL
2026-07-27,Air Conditioners & Appliances,74.30777950898145,ACCELERATING
2026-07-28,Air Conditioners & Appliances,50.09905426308389,NEUTRAL
2026-07-29,Air Conditioners & Appliances,92.53755072875106,ACCELERATING
2026-07-30,Air Conditioners & Appliances,74.65025530874169,EMERGING LEADER
2026-07-31,Air Conditioners & Appliances,73.35807109835054,EMERGING LEADER
2026-08-03,Air Conditioners & Appliances,28.588672926600303,DECELERATING
2026-08-04,Air Conditioners & Appliances,48.43716280930212,NEUTRAL
2026-08-05,Air Conditioners & Appliances,39.94723076468635,DECELERATING
2026-08-06,Air Conditioners & Appliances,62.59813694328713,EMERGING LEADER
2026-08-07,Air Conditioners & Appliances,18.6714572049644,DECELERATING
2026-08-10,Air Conditioners & Appliances,44.94351218974822,NEUTRAL
2026-08-11,Air Conditioners & Appliances,18.067443248860727,WEAKENING
2026-08-12,Air Conditioners & Appliances,45.861086165899714,NEUTRAL
2026-08-13,Air Conditioners & Appliances,37.0760370584084,WEAKENING
2026-08-14,Air Conditioners & Appliances,51.98720899370959,NEUTRAL
2026-08-17,Air Conditioners & Appliances,50.990003116178706,NEUTRAL
2026-08-18,Air Conditioners & Appliances,51.6616152568334,NEUTRAL
2026-08-19,Air Conditioners & Appliances,50.49032567265273,NEUTRAL
2026-08-20,Air Conditioners & Appliances,59.92865244162322,ACCELERATING
2026-08-21,Air Conditioners & Appliances,51.20849801917962,NEUTRAL
2026-07-02,Aluminium & Mining,50.0,NEUTRAL
2026-07-03,Aluminium & Mining,50.0,NEUTRAL
2026-07-06,Aluminium & Mining,50.0,NEUTRAL
2026-07-07,Aluminium & Mining,59.0,ACCELERATING
2026-07-08,Aluminium & Mining,29.0,DECELERATING
2026-07-09,Aluminium & Mining,38.0,DECELERATING
2026-07-10,Aluminium & Mining,53.0,NEUTRAL
2026-07-13,Aluminium & Mining,60.5,ACCELERATING
2026-07-14,Aluminium & Mining,58.96435540662085,ACCELERATING
2026-07-15,Aluminium & Mining,46.178336315244174,NEUTRAL
2026-07-16,Aluminium & Mining,50.087039876041665,NEUTRAL
2026-07-17,Aluminium & Mining,37.41573477095315,DECELERATING
2026-07-20,Aluminium & Mining,51.95967837048283,NEUTRAL
2026-07-21,Aluminium & Mining,40.2281566382451,DECELERATING
2026-07-22,Aluminium & Mining,59.20542489324105,ACCELERATING
2026-07-23,Aluminium & Mining,54.33299318269361,NEUTRAL
2026-07-24,Aluminium & Mining,48.55392351370912,NEUTRAL
2026-07-27,Aluminium & Mining,41.92824315349335,DECELERATING
2026-07-28,Aluminium & Mining,31.963080724576738,DECELERATING
2026-07-29,Aluminium & Mining,62.5200678252977,ACCELERATING
2026-07-30,Aluminium & Mining,66.92580186078114,ACCELERATING
2026-07-31,Aluminium & Mining,75.85399568735455,ACCELERATING
2026-08-03,Aluminium & Mining,58.6027328046295,ACCELERATING
2026-08-04,Aluminium & Mining,70.72988322691117,ACCELERATING
2026-08-05,Aluminium & Mining,62.78443065110217,EMERGING LEADER
2026-08-06,Aluminium & Mining,51.343935246714416,NEUTRAL
2026-08-07,Aluminium & Mining,47.730436741083096,NEUTRAL
2026-08-10,Aluminium & Mining,75.86444147027025,EMERGING LEADER
2026-08-11,Aluminium & Mining,72.18170202982601,EMERGING LEADER
2026-08-12,Aluminium & Mining,63.089794151018104,EMERGING LEADER
2026-08-13,Aluminium & Mining,19.83293251992613,DECELERATING
2026-08-14,Aluminium & Mining,16.395155265587178,WEAKENING
2026-08-17,Aluminium & Mining,23.30356260551638,DECELERATING
2026-08-18,Aluminium & Mining,43.977484337905885,NEUTRAL
2026-08-19,Aluminium & Mining,45.56211604189088,NEUTRAL
2026-08-20,Aluminium & Mining,42.967446224565805,WEAKENING
2026-08-21,Aluminium & Mining,51.87470033550461,NEUTRAL
2026-07-02,Asset Management & Wealth,50.0,NEUTRAL
2026-07-03,Asset Management & Wealth,50.0,NEUTRAL
2026-07-06,Asset Management & Wealth,50.0,NEUTRAL
2026-07-07,Asset Management & Wealth,35.0,DECELERATING
2026-07-08,Asset Management & Wealth,27.5,DECELERATING
2026-07-09,Asset Management & Wealth,95.0,ACCELERATING
2026-07-10,Asset Management & Wealth,50.0,NEUTRAL
2026-07-13,Asset Management & Wealth,100.0,ACCELERATING
2026-07-14,Asset Management & Wealth,45.994021335881975,NEUTRAL
2026-07-15,Asset Management & Wealth,60.01619972419243,ACCELERATING
2026-07-16,Asset Management & Wealth,2.718534088502331,DECELERATING
2026-07-17,Asset Management & Wealth,49.976524808153,NEUTRAL
2026-07-20,Asset Management & Wealth,56.26734408536541,NEUTRAL
2026-07-21,Asset Management & Wealth,26.464345988675653,DECELERATING
2026-07-22,Asset Management & Wealth,64.51808087798034,ACCELERATING
2026-07-23,Asset Management & Wealth,77.07210576263054,ACCELERATING
2026-07-24,Asset Management & Wealth,91.07482473709726,ACCELERATING
2026-07-27,Asset Management & Wealth,35.83035488259668,DECELERATING
2026-07-28,Asset Management & Wealth,49.15885058793876,NEUTRAL
2026-07-29,Asset Management & Wealth,47.94024547474716,NEUTRAL
2026-07-30,Asset Management & Wealth,45.60970182133973,NEUTRAL
2026-07-31,Asset Management & Wealth,46.9179434192334,NEUTRAL
2026-08-03,Asset Management & Wealth,49.44397514484881,NEUTRAL
2026-08-04,Asset Management & Wealth,51.073726905112466,NEUTRAL
2026-08-05,Asset Management & Wealth,50.217010137201335,NEUTRAL
2026-08-06,Asset Management & Wealth,51.182466265213584,NEUTRAL
2026-08-07,Asset Management & Wealth,49.72638668404586,NEUTRAL
2026-08-10,Asset Management & Wealth,49.70381949523666,NEUTRAL
2026-08-11,Asset Management & Wealth,25.76379936613971,WEAKENING
2026-08-12,Asset Management & Wealth,27.985410113568943,WEAKENING
2026-08-13,Asset Management & Wealth,28.268203003870187,WEAKENING
2026-08-14,Asset Management & Wealth,51.97520761092315,NEUTRAL
2026-08-17,Asset Management & Wealth,66.12127655533516,ACCELERATING
2026-08-18,Asset Management & Wealth,50.93835285830899,NEUTRAL
2026-08-19,Asset Management & Wealth,89.29082559534775,EMERGING LEADER
2026-08-20,Asset Management & Wealth,82.22670637358141,EMERGING LEADER
2026-08-21,Asset Management & Wealth,100.0,EMERGING LEADER
2026-07-02,Asset Management Company (AMC),50.0,NEUTRAL
2026-07-03,Asset Management Company (AMC),50.0,NEUTRAL
2026-07-06,Asset Management Company (AMC),50.0,NEUTRAL
2026-07-07,Asset Management Company (AMC),80.0,ACCELERATING
2026-07-08,Asset Management Company (AMC),7.105427357601002e-15,DECELERATING
2026-07-09,Asset Management Company (AMC),50.0,NEUTRAL
2026-07-10,Asset Management Company (AMC),85.0,ACCELERATING
2026-07-13,Asset Management Company (AMC),85.0,ACCELERATING
2026-07-14,Asset Management Company (AMC),12.475357574002459,DECELERATING
2026-07-15,Asset Management Company (AMC),9.532210687695823,DECELERATING
2026-07-16,Asset Management Company (AMC),0.0,DECELERATING
2026-07-17,Asset Management Company (AMC),53.45337256820971,NEUTRAL
2026-07-20,Asset Management Company (AMC),12.435284070850642,DECELERATING
2026-07-21,Asset Management Company (AMC),70.91499803916966,ACCELERATING
2026-07-22,Asset Management Company (AMC),29.656268707076524,DECELERATING
2026-07-23,Asset Management Company (AMC),42.60733398757506,NEUTRAL
2026-07-24,Asset Management Company (AMC),40.91380831046101,DECELERATING
2026-07-27,Asset Management Company (AMC),71.72471228122876,ACCELERATING
2026-07-28,Asset Management Company (AMC),70.80264474141008,ACCELERATING
2026-07-29,Asset Management Company (AMC),62.70959163870104,ACCELERATING
2026-07-30,Asset Management Company (AMC),41.891370032957866,WEAKENING
2026-07-31,Asset Management Company (AMC),51.2052559496575,NEUTRAL
2026-08-03,Asset Management Company (AMC),49.38533747310686,NEUTRAL
2026-08-04,Asset Management Company (AMC),73.90367531385786,ACCELERATING
2026-08-05,Asset Management Company (AMC),72.89832490204775,ACCELERATING
2026-08-06,Asset Management Company (AMC),63.90955497140699,ACCELERATING
2026-08-07,Asset Management Company (AMC),22.95812301842983,WEAKENING
2026-08-10,Asset Management Company (AMC),24.56628170086406,WEAKENING
2026-08-11,Asset Management Company (AMC),24.666052597715698,WEAKENING
2026-08-12,Asset Management Company (AMC),51.54522808330033,NEUTRAL
2026-08-13,Asset Management Company (AMC),50.54558521034793,NEUTRAL
2026-08-14,Asset Management Company (AMC),51.82688049936752,NEUTRAL
2026-08-17,Asset Management Company (AMC),66.36464813462337,ACCELERATING
2026-08-18,Asset Management Company (AMC),50.56789112747299,NEUTRAL
2026-08-19,Asset Management Company (AMC),86.18816033271385,ACCELERATING
2026-08-20,Asset Management Company (AMC),86.82628597932455,EMERGING LEADER
2026-08-21,Asset Management Company (AMC),77.28903409122701,ACCELERATING
2026-07-02,Auto Glass,50.0,NEUTRAL
2026-07-03,Auto Glass,50.0,NEUTRAL
2026-07-06,Auto Glass,50.0,NEUTRAL
2026-07-07,Auto Glass,50.0,NEUTRAL
2026-07-08,Auto Glass,80.0,ACCELERATING
2026-07-09,Auto Glass,95.0,ACCELERATING
2026-07-10,Auto Glass,100.0,ACCELERATING
2026-07-13,Auto Glass,65.0,ACCELERATING
2026-07-14,Auto Glass,53.747031788116566,NEUTRAL
2026-07-15,Auto Glass,0.0,DECELERATING
2026-07-16,Auto Glass,45.5718430273692,NEUTRAL
2026-07-17,Auto Glass,0.0,DECELERATING
2026-07-20,Auto Glass,32.040429939014174,DECELERATING
2026-07-21,Auto Glass,47.172551959172964,NEUTRAL
2026-07-22,Auto Glass,51.12120134201996,NEUTRAL
2026-07-23,Auto Glass,52.378054800896564,NEUTRAL
2026-07-24,Auto Glass,10.83975702073326,DECELERATING
2026-07-27,Auto Glass,50.98301922266285,NEUTRAL
2026-07-28,Auto Glass,49.196850696988285,NEUTRAL
2026-07-29,Auto Glass,46.14871482678917,NEUTRAL
2026-07-30,Auto Glass,48.835616363534236,NEUTRAL
2026-07-31,Auto Glass,47.881198197989534,NEUTRAL
2026-08-03,Auto Glass,96.39405461435548,EMERGING LEADER
2026-08-04,Auto Glass,96.61085413752525,EMERGING LEADER
2026-08-05,Auto Glass,100.0,EMERGING LEADER
2026-08-06,Auto Glass,21.368804510801397,DECELERATING
2026-08-07,Auto Glass,49.53714698336506,NEUTRAL
2026-08-10,Auto Glass,17.078410854871493,DECELERATING
2026-08-11,Auto Glass,77.93373819944293,EMERGING LEADER
2026-08-12,Auto Glass,2.1091761869856995,WEAKENING
2026-08-13,Auto Glass,49.176013680754444,NEUTRAL
2026-08-14,Auto Glass,84.20982180413463,EMERGING LEADER
2026-08-17,Auto Glass,100.0,EMERGING LEADER
2026-08-18,Auto Glass,86.29967315143682,EMERGING LEADER
2026-08-19,Auto Glass,22.079452355328154,DECELERATING
2026-08-20,Auto Glass,51.78879615278655,NEUTRAL
2026-08-21,Auto Glass,16.533693636321956,DECELERATING
2026-07-02,Auto Lighting,50.0,NEUTRAL
2026-07-03,Auto Lighting,50.0,NEUTRAL
2026-07-06,Auto Lighting,50.0,NEUTRAL
2026-07-07,Auto Lighting,50.0,NEUTRAL
2026-07-08,Auto Lighting,20.0,DECELERATING
2026-07-09,Auto Lighting,50.0,NEUTRAL
2026-07-10,Auto Lighting,50.0,NEUTRAL
2026-07-13,Auto Lighting,80.0,ACCELERATING
2026-07-14,Auto Lighting,50.524422136252696,NEUTRAL
2026-07-15,Auto Lighting,100.0,ACCELERATING
2026-07-16,Auto Lighting,100.0,ACCELERATING
2026-07-17,Auto Lighting,67.22498706477022,ACCELERATING
2026-07-20,Auto Lighting,23.62486159278881,DECELERATING
2026-07-21,Auto Lighting,21.268108057728973,DECELERATING
2026-07-22,Auto Lighting,82.19853749222584,ACCELERATING
2026-07-23,Auto Lighting,79.99398974895601,ACCELERATING
2026-07-24,Auto Lighting,50.122988030054415,NEUTRAL
2026-07-27,Auto Lighting,78.66642403697438,ACCELERATING
2026-07-28,Auto Lighting,18.113421779829302,DECELERATING
2026-07-29,Auto Lighting,45.933757748554896,NEUTRAL
2026-07-30,Auto Lighting,17.492693007904194,DECELERATING
2026-07-31,Auto Lighting,17.6059670011469,DECELERATING
2026-08-03,Auto Lighting,79.19823513939967,EMERGING LEADER
2026-08-04,Auto Lighting,48.76562856988888,NEUTRAL
2026-08-05,Auto Lighting,100.0,EMERGING LEADER
2026-08-06,Auto Lighting,0.0,DECELERATING
2026-08-07,Auto Lighting,88.2354527739887,EMERGING LEADER
2026-08-10,Auto Lighting,0.0,DECELERATING
2026-08-11,Auto Lighting,85.94330533986279,EMERGING LEADER
2026-08-12,Auto Lighting,47.58916357207487,NEUTRAL
2026-08-13,Auto Lighting,42.11719894698523,NEUTRAL
2026-08-14,Auto Lighting,5.701752520630201,DECELERATING
2026-08-17,Auto Lighting,0.0,WEAKENING
2026-08-18,Auto Lighting,26.49442933224898,WEAKENING
2026-08-19,Auto Lighting,30.527782249267126,WEAKENING
2026-08-20,Auto Lighting,50.710767599960356,NEUTRAL
2026-08-21,Auto Lighting,54.83682759535919,NEUTRAL
2026-07-02,Auto Parts & Equipment,50.0,NEUTRAL
2026-07-03,Auto Parts & Equipment,50.0,NEUTRAL
2026-07-06,Auto Parts & Equipment,50.0,NEUTRAL
2026-07-07,Auto Parts & Equipment,65.0,ACCELERATING
2026-07-08,Auto Parts & Equipment,38.0,DECELERATING
2026-07-09,Auto Parts & Equipment,54.125,NEUTRAL
2026-07-10,Auto Parts & Equipment,59.375,ACCELERATING
2026-07-13,Auto Parts & Equipment,73.625,ACCELERATING
2026-07-14,Auto Parts & Equipment,50.42782704599954,NEUTRAL
2026-07-15,Auto Parts & Equipment,48.813840126028225,NEUTRAL
2026-07-16,Auto Parts & Equipment,51.44929929557155,NEUTRAL
2026-07-17,Auto Parts & Equipment,49.644210597487,NEUTRAL
2026-07-20,Auto Parts & Equipment,51.24898740215753,NEUTRAL
2026-07-21,Auto Parts & Equipment,46.259215434960986,NEUTRAL
2026-07-22,Auto Parts & Equipment,52.86981724267176,NEUTRAL
2026-07-23,Auto Parts & Equipment,46.1087329105283,NEUTRAL
2026-07-24,Auto Parts & Equipment,37.530325525909866,DECELERATING
2026-07-27,Auto Parts & Equipment,55.15805774164746,NEUTRAL
2026-07-28,Auto Parts & Equipment,52.92865486806877,NEUTRAL
2026-07-29,Auto Parts & Equipment,59.91470254786001,ACCELERATING
2026-07-30,Auto Parts & Equipment,53.10650003205269,NEUTRAL
2026-07-31,Auto Parts & Equipment,56.442881249612434,NEUTRAL
2026-08-03,Auto Parts & Equipment,66.71974945432635,EMERGING LEADER
2026-08-04,Auto Parts & Equipment,51.0080252701296,NEUTRAL
2026-08-05,Auto Parts & Equipment,68.40582870342129,EMERGING LEADER
2026-08-06,Auto Parts & Equipment,47.28621554625438,NEUTRAL
2026-08-07,Auto Parts & Equipment,60.81381171674397,EMERGING LEADER
2026-08-10,Auto Parts & Equipment,38.45644996837629,DECELERATING
2026-08-11,Auto Parts & Equipment,40.379211910307305,DECELERATING
2026-08-12,Auto Parts & Equipment,43.80037442047298,NEUTRAL
2026-08-13,Auto Parts & Equipment,42.542811167964246,NEUTRAL
2026-08-14,Auto Parts & Equipment,51.20878647980561,NEUTRAL
2026-08-17,Auto Parts & Equipment,50.52132323642655,NEUTRAL
2026-08-18,Auto Parts & Equipment,53.59025097268308,NEUTRAL
2026-08-19,Auto Parts & Equipment,51.471314887291754,NEUTRAL
2026-08-20,Auto Parts & Equipment,37.55990590292089,DECELERATING
2026-08-21,Auto Parts & Equipment,42.513136162155924,NEUTRAL
2026-07-02,Automobile OEMs,50.0,NEUTRAL
2026-07-03,Automobile OEMs,50.0,NEUTRAL
2026-07-06,Automobile OEMs,50.0,NEUTRAL
2026-07-07,Automobile OEMs,71.5625,ACCELERATING
2026-07-08,Automobile OEMs,35.0,DECELERATING
2026-07-09,Automobile OEMs,33.125,DECELERATING
2026-07-10,Automobile OEMs,50.0,NEUTRAL
2026-07-13,Automobile OEMs,77.1875,ACCELERATING
2026-07-14,Automobile OEMs,42.2389505802093,NEUTRAL
2026-07-15,Automobile OEMs,41.59476664703019,DECELERATING
2026-07-16,Automobile OEMs,34.46794545809518,DECELERATING
2026-07-17,Automobile OEMs,65.24866261356362,ACCELERATING
2026-07-20,Automobile OEMs,48.26636918815666,NEUTRAL
2026-07-21,Automobile OEMs,62.44726589743641,ACCELERATING
2026-07-22,Automobile OEMs,52.55661007263177,NEUTRAL
2026-07-23,Automobile OEMs,59.34035590097783,ACCELERATING
2026-07-24,Automobile OEMs,41.158142286531586,DECELERATING
2026-07-27,Automobile OEMs,53.05776149768527,NEUTRAL
2026-07-28,Automobile OEMs,54.74053399939686,NEUTRAL
2026-07-29,Automobile OEMs,63.103566274655535,ACCELERATING
2026-07-30,Automobile OEMs,60.39360053965571,ACCELERATING
2026-07-31,Automobile OEMs,73.2580194896891,EMERGING LEADER
2026-08-03,Automobile OEMs,76.87144273048784,EMERGING LEADER
2026-08-04,Automobile OEMs,55.48382099476181,NEUTRAL
2026-08-05,Automobile OEMs,49.56207033656658,NEUTRAL
2026-08-06,Automobile OEMs,44.15445321669964,NEUTRAL
2026-08-07,Automobile OEMs,45.58427093167388,NEUTRAL
2026-08-10,Automobile OEMs,38.25942158688376,DECELERATING
2026-08-11,Automobile OEMs,38.38832656920158,DECELERATING
2026-08-12,Automobile OEMs,50.19604420142041,NEUTRAL
2026-08-13,Automobile OEMs,55.225593295793594,NEUTRAL
2026-08-14,Automobile OEMs,35.596393604304,DECELERATING
2026-08-17,Automobile OEMs,51.82560585906454,NEUTRAL
2026-08-18,Automobile OEMs,36.84960889724553,DECELERATING
2026-08-19,Automobile OEMs,59.14115986153297,ACCELERATING
2026-08-20,Automobile OEMs,38.899828153531686,DECELERATING
2026-08-21,Automobile OEMs,53.5389608905018,NEUTRAL
2026-07-02,Automobile and Auto Components,50.0,NEUTRAL
2026-07-03,Automobile and Auto Components,50.0,NEUTRAL
2026-07-06,Automobile and Auto Components,50.0,NEUTRAL
2026-07-07,Automobile and Auto Components,71.42857142857143,ACCELERATING
2026-07-08,Automobile and Auto Components,37.14285714285714,DECELERATING
2026-07-09,Automobile and Auto Components,54.285714285714285,NEUTRAL
2026-07-10,Automobile and Auto Components,47.857142857142854,NEUTRAL
2026-07-13,Automobile and Auto Components,62.85714285714286,ACCELERATING
2026-07-14,Automobile and Auto Components,52.16109850311188,NEUTRAL
2026-07-15,Automobile and Auto Components,51.80608564927467,NEUTRAL
2026-07-16,Automobile and Auto Components,42.09702528517778,NEUTRAL
2026-07-17,Automobile and Auto Components,50.662964509537304,NEUTRAL
2026-07-20,Automobile and Auto Components,42.889134885874995,NEUTRAL
2026-07-21,Automobile and Auto Components,51.43718838271501,NEUTRAL
2026-07-22,Automobile and Auto Components,42.81100444850915,NEUTRAL
2026-07-23,Automobile and Auto Components,38.42826709861507,DECELERATING
2026-07-24,Automobile and Auto Components,42.589257164078575,NEUTRAL
2026-07-27,Automobile and Auto Components,65.31123315317134,ACCELERATING
2026-07-28,Automobile and Auto Components,56.343336959235856,NEUTRAL
2026-07-29,Automobile and Auto Components,61.35348365258638,ACCELERATING
2026-07-30,Automobile and Auto Components,54.01235066990731,NEUTRAL
2026-07-31,Automobile and Auto Components,69.91585355467444,EMERGING LEADER
2026-08-03,Automobile and Auto Components,82.21852128154218,EMERGING LEADER
2026-08-04,Automobile and Auto Components,74.31768325071566,EMERGING LEADER
2026-08-05,Automobile and Auto Components,82.93985506498333,EMERGING LEADER
2026-08-06,Automobile and Auto Components,31.751739913455662,DECELERATING
2026-08-07,Automobile and Auto Components,35.50642642805377,DECELERATING
2026-08-10,Automobile and Auto Components,20.586635966937184,DECELERATING
2026-08-11,Automobile and Auto Components,44.470468561726655,NEUTRAL
2026-08-12,Automobile and Auto Components,45.426084436903366,NEUTRAL
2026-08-13,Automobile and Auto Components,39.26785110292912,DECELERATING
2026-08-14,Automobile and Auto Components,53.43054552338353,NEUTRAL
2026-08-17,Automobile and Auto Components,34.13320703139009,DECELERATING
2026-08-18,Automobile and Auto Components,56.46123557514374,NEUTRAL
2026-08-19,Automobile and Auto Components,38.326718889717576,DECELERATING
2026-08-20,Automobile and Auto Components,61.191257172309875,EMERGING LEADER
2026-08-21,Automobile and Auto Components,47.42508804305865,NEUTRAL
2026-07-02,Banks,50.0,NEUTRAL
2026-07-03,Banks,50.0,NEUTRAL
2026-07-06,Banks,50.0,NEUTRAL
2026-07-07,Banks,75.56818181818181,ACCELERATING
2026-07-08,Banks,31.59090909090909,DECELERATING
2026-07-09,Banks,44.20454545454545,NEUTRAL
2026-07-10,Banks,68.4090909090909,ACCELERATING
2026-07-13,Banks,86.81818181818181,ACCELERATING
2026-07-14,Banks,58.62045891215943,ACCELERATING
2026-07-15,Banks,34.056972968428155,DECELERATING
2026-07-16,Banks,35.229114602633814,DECELERATING
2026-07-17,Banks,52.12532980855554,NEUTRAL
2026-07-20,Banks,58.42663342537741,ACCELERATING
2026-07-21,Banks,65.69932437808188,ACCELERATING
2026-07-22,Banks,44.15369759611353,NEUTRAL
2026-07-23,Banks,33.91654002439701,DECELERATING
2026-07-24,Banks,37.316026731519415,DECELERATING
2026-07-27,Banks,59.752401292438456,ACCELERATING
2026-07-28,Banks,51.98923947609468,NEUTRAL
2026-07-29,Banks,43.33741463913669,NEUTRAL
2026-07-30,Banks,34.540534490638656,WEAKENING
2026-07-31,Banks,45.48464202062418,NEUTRAL
2026-08-03,Banks,53.1763197574258,NEUTRAL
2026-08-04,Banks,58.21109891878987,ACCELERATING
2026-08-05,Banks,52.985681060073034,NEUTRAL
2026-08-06,Banks,56.09264352346824,NEUTRAL
2026-08-07,Banks,53.463354428161,NEUTRAL
2026-08-10,Banks,47.18490636151152,NEUTRAL
2026-08-11,Banks,41.44371448666739,DECELERATING
2026-08-12,Banks,50.0144972063436,NEUTRAL
2026-08-13,Banks,50.26031655605059,NEUTRAL
2026-08-14,Banks,46.20252869836156,NEUTRAL
2026-08-17,Banks,42.6427886002872,NEUTRAL
2026-08-18,Banks,46.83452320538462,NEUTRAL
2026-08-19,Banks,48.96929929141968,NEUTRAL
2026-08-20,Banks,54.81624137405619,NEUTRAL
2026-08-21,Banks,59.26677426540212,ACCELERATING
2026-07-02,Batteries,50.0,NEUTRAL
2026-07-03,Batteries,50.0,NEUTRAL
2026-07-06,Batteries,50.0,NEUTRAL
2026-07-07,Batteries,65.0,ACCELERATING
2026-07-08,Batteries,57.5,NEUTRAL
2026-07-09,Batteries,72.5,ACCELERATING
2026-07-10,Batteries,72.5,ACCELERATING
2026-07-13,Batteries,50.0,NEUTRAL
2026-07-14,Batteries,26.70706840954888,DECELERATING
2026-07-15,Batteries,10.740519126675359,DECELERATING
2026-07-16,Batteries,63.55690307051993,ACCELERATING
2026-07-17,Batteries,88.72935013953617,ACCELERATING
2026-07-20,Batteries,75.21556902777127,ACCELERATING
2026-07-21,Batteries,68.61981869476503,ACCELERATING
2026-07-22,Batteries,54.70669757731623,NEUTRAL
2026-07-23,Batteries,52.14087675974124,NEUTRAL
2026-07-24,Batteries,50.77141167911531,NEUTRAL
2026-07-27,Batteries,31.085351776345785,DECELERATING
2026-07-28,Batteries,8.882820199197774,DECELERATING
2026-07-29,Batteries,29.03467992794074,DECELERATING
2026-07-30,Batteries,64.43425553522098,EMERGING LEADER
2026-07-31,Batteries,86.82215605028439,EMERGING LEADER
2026-08-03,Batteries,69.32342886156458,EMERGING LEADER
2026-08-04,Batteries,37.56414411699414,DECELERATING
2026-08-05,Batteries,84.70366055921659,EMERGING LEADER
2026-08-06,Batteries,35.086173358216314,DECELERATING
2026-08-07,Batteries,50.9376903018465,NEUTRAL
2026-08-10,Batteries,4.227423128461886,DECELERATING
2026-08-11,Batteries,50.3189444100959,NEUTRAL
2026-08-12,Batteries,47.91604360200624,NEUTRAL
2026-08-13,Batteries,63.59363997725407,EMERGING LEADER
2026-08-14,Batteries,47.56886645675447,NEUTRAL
2026-08-17,Batteries,48.472675872021156,NEUTRAL
2026-08-18,Batteries,47.61235571762511,NEUTRAL
2026-08-19,Batteries,49.25963029406027,NEUTRAL
2026-08-20,Batteries,48.61040824423247,NEUTRAL
2026-08-21,Batteries,48.666507851642066,NEUTRAL
2026-07-02,Batteries & Energy Storage,50.0,NEUTRAL
2026-07-03,Batteries & Energy Storage,50.0,NEUTRAL
2026-07-06,Batteries & Energy Storage,50.0,NEUTRAL
2026-07-07,Batteries & Energy Storage,50.0,NEUTRAL
2026-07-08,Batteries & Energy Storage,50.0,NEUTRAL
2026-07-09,Batteries & Energy Storage,100.0,ACCELERATING
2026-07-10,Batteries & Energy Storage,100.0,ACCELERATING
2026-07-13,Batteries & Energy Storage,100.0,ACCELERATING
2026-07-14,Batteries & Energy Storage,23.529643850676763,DECELERATING
2026-07-15,Batteries & Energy Storage,19.945928067602818,DECELERATING
2026-07-16,Batteries & Energy Storage,16.718747357508988,DECELERATING
2026-07-17,Batteries & Energy Storage,47.59360794118036,NEUTRAL
2026-07-20,Batteries & Energy Storage,48.651152397664276,NEUTRAL
2026-07-21,Batteries & Energy Storage,48.658679920072565,NEUTRAL
2026-07-22,Batteries & Energy Storage,49.41508961888268,NEUTRAL
2026-07-23,Batteries & Energy Storage,49.61467645637759,NEUTRAL
2026-07-24,Batteries & Energy Storage,4.591840108421863,DECELERATING
2026-07-27,Batteries & Energy Storage,46.58359707322968,NEUTRAL
2026-07-28,Batteries & Energy Storage,2.8455994627871846,DECELERATING
2026-07-29,Batteries & Energy Storage,93.09103258811672,ACCELERATING
2026-07-30,Batteries & Energy Storage,83.32931865010272,EMERGING LEADER
2026-07-31,Batteries & Energy Storage,100.0,EMERGING LEADER
2026-08-03,Batteries & Energy Storage,85.34314734415943,EMERGING LEADER
2026-08-04,Batteries & Energy Storage,21.10706170556287,DECELERATING
2026-08-05,Batteries & Energy Storage,51.4153785610494,NEUTRAL
2026-08-06,Batteries & Energy Storage,15.917757997395476,DECELERATING
2026-08-07,Batteries & Energy Storage,46.906761194784615,NEUTRAL
2026-08-10,Batteries & Energy Storage,0.0,DECELERATING
2026-08-11,Batteries & Energy Storage,84.04773422329708,EMERGING LEADER
2026-08-12,Batteries & Energy Storage,22.870483389892975,DECELERATING
2026-08-13,Batteries & Energy Storage,85.37448521022145,EMERGING LEADER
2026-08-14,Batteries & Energy Storage,18.49585250644544,DECELERATING
2026-08-17,Batteries & Energy Storage,81.79377876698612,EMERGING LEADER
2026-08-18,Batteries & Energy Storage,45.804093936807504,NEUTRAL
2026-08-19,Batteries & Energy Storage,45.783372527858724,NEUTRAL
2026-08-20,Batteries & Energy Storage,44.55094779465583,NEUTRAL
2026-08-21,Batteries & Energy Storage,49.75812812243131,NEUTRAL
2026-07-02,Bearings & Friction Solutions,50.0,NEUTRAL
2026-07-03,Bearings & Friction Solutions,50.0,NEUTRAL
2026-07-06,Bearings & Friction Solutions,50.0,NEUTRAL
2026-07-07,Bearings & Friction Solutions,75.0,ACCELERATING
2026-07-08,Bearings & Friction Solutions,35.0,DECELERATING
2026-07-09,Bearings & Friction Solutions,40.0,DECELERATING
2026-07-10,Bearings & Friction Solutions,53.333333333333336,NEUTRAL
2026-07-13,Bearings & Friction Solutions,75.0,ACCELERATING
2026-07-14,Bearings & Friction Solutions,55.725585864812984,NEUTRAL
2026-07-15,Bearings & Friction Solutions,37.62272288121355,DECELERATING
2026-07-16,Bearings & Friction Solutions,43.42913310210497,NEUTRAL
2026-07-17,Bearings & Friction Solutions,43.943083069295405,NEUTRAL
2026-07-20,Bearings & Friction Solutions,53.42862579756971,NEUTRAL
2026-07-21,Bearings & Friction Solutions,58.80326167271486,ACCELERATING
2026-07-22,Bearings & Friction Solutions,48.314693455317745,NEUTRAL
2026-07-23,Bearings & Friction Solutions,42.888416085243136,NEUTRAL
2026-07-24,Bearings & Friction Solutions,45.078377803646276,NEUTRAL
2026-07-27,Bearings & Friction Solutions,51.04607930794072,NEUTRAL
2026-07-28,Bearings & Friction Solutions,57.87765509729244,NEUTRAL
2026-07-29,Bearings & Friction Solutions,43.82558902238149,NEUTRAL
2026-07-30,Bearings & Friction Solutions,44.548846774189805,WEAKENING
2026-07-31,Bearings & Friction Solutions,50.36749365138246,NEUTRAL
2026-08-03,Bearings & Friction Solutions,42.67981151008978,WEAKENING
2026-08-04,Bearings & Friction Solutions,52.90149987639181,NEUTRAL
2026-08-05,Bearings & Friction Solutions,60.62863057234558,ACCELERATING
2026-08-06,Bearings & Friction Solutions,58.1352698280509,ACCELERATING
2026-08-07,Bearings & Friction Solutions,69.10949984054633,EMERGING LEADER
2026-08-10,Bearings & Friction Solutions,34.00293731463468,WEAKENING
2026-08-11,Bearings & Friction Solutions,44.6608213607246,NEUTRAL
2026-08-12,Bearings & Friction Solutions,27.593247389970557,WEAKENING
2026-08-13,Bearings & Friction Solutions,58.76872694382911,ACCELERATING
2026-08-14,Bearings & Friction Solutions,45.51928511901743,NEUTRAL
2026-08-17,Bearings & Friction Solutions,65.63342880541748,ACCELERATING
2026-08-18,Bearings & Friction Solutions,50.62231761863731,NEUTRAL
2026-08-19,Bearings & Friction Solutions,68.11814686468794,EMERGING LEADER
2026-08-20,Bearings & Friction Solutions,44.877415422355284,NEUTRAL
2026-08-21,Bearings & Friction Solutions,49.32053655587359,NEUTRAL
2026-07-02,Breweries & Distilleries,50.0,NEUTRAL
2026-07-03,Breweries & Distilleries,50.0,NEUTRAL
2026-07-06,Breweries & Distilleries,50.0,NEUTRAL
2026-07-07,Breweries & Distilleries,62.272727272727266,ACCELERATING
2026-07-08,Breweries & Distilleries,51.36363636363636,NEUTRAL
2026-07-09,Breweries & Distilleries,22.72727272727273,DECELERATING
2026-07-10,Breweries & Distilleries,51.36363636363637,NEUTRAL
2026-07-13,Breweries & Distilleries,58.18181818181819,ACCELERATING
2026-07-14,Breweries & Distilleries,57.12997887837443,NEUTRAL
2026-07-15,Breweries & Distilleries,58.66774638087421,ACCELERATING
2026-07-16,Breweries & Distilleries,51.67901312234709,NEUTRAL
2026-07-17,Breweries & Distilleries,39.13925796652253,DECELERATING
2026-07-20,Breweries & Distilleries,56.419555324863126,NEUTRAL
2026-07-21,Breweries & Distilleries,57.81382073745202,NEUTRAL
2026-07-22,Breweries & Distilleries,67.75829448400356,ACCELERATING
2026-07-23,Breweries & Distilleries,50.68668248280509,NEUTRAL
2026-07-24,Breweries & Distilleries,65.80373668719719,ACCELERATING
2026-07-27,Breweries & Distilleries,49.0430700215904,NEUTRAL
2026-07-28,Breweries & Distilleries,41.51578034191362,DECELERATING
2026-07-29,Breweries & Distilleries,40.93747545781528,DECELERATING
2026-07-30,Breweries & Distilleries,51.72000339371717,NEUTRAL
2026-07-31,Breweries & Distilleries,57.99016156606467,NEUTRAL
2026-08-03,Breweries & Distilleries,46.38243873333045,NEUTRAL
2026-08-04,Breweries & Distilleries,54.988242391419476,NEUTRAL
2026-08-05,Breweries & Distilleries,56.007113380739405,NEUTRAL
2026-08-06,Breweries & Distilleries,49.33100551271155,NEUTRAL
2026-08-07,Breweries & Distilleries,37.70701433844118,DECELERATING
2026-08-10,Breweries & Distilleries,45.84058960948689,NEUTRAL
2026-08-11,Breweries & Distilleries,49.1303833286682,NEUTRAL
2026-08-12,Breweries & Distilleries,38.652099545089925,DECELERATING
2026-08-13,Breweries & Distilleries,40.19644183398644,DECELERATING
2026-08-14,Breweries & Distilleries,36.76162231421617,WEAKENING
2026-08-17,Breweries & Distilleries,62.33412679629983,ACCELERATING
2026-08-18,Breweries & Distilleries,46.17527293282209,NEUTRAL
2026-08-19,Breweries & Distilleries,59.271945776033206,ACCELERATING
2026-08-20,Breweries & Distilleries,49.00838335988031,NEUTRAL
2026-08-21,Breweries & Distilleries,61.345785097507246,EMERGING LEADER
2026-07-02,Capital Goods,50.0,NEUTRAL
2026-07-03,Capital Goods,50.0,NEUTRAL
2026-07-06,Capital Goods,50.0,NEUTRAL
2026-07-07,Capital Goods,53.0,NEUTRAL
2026-07-08,Capital Goods,36.0,DECELERATING
2026-07-09,Capital Goods,44.5,NEUTRAL
2026-07-10,Capital Goods,72.0,ACCELERATING
2026-07-13,Capital Goods,79.0,ACCELERATING
2026-07-14,Capital Goods,57.25756555700602,NEUTRAL
2026-07-15,Capital Goods,51.17645771684726,NEUTRAL
2026-07-16,Capital Goods,51.48169791355197,NEUTRAL
2026-07-17,Capital Goods,49.04431382842384,NEUTRAL
2026-07-20,Capital Goods,38.385436715875855,DECELERATING
2026-07-21,Capital Goods,38.37767971588811,DECELERATING
2026-07-22,Capital Goods,43.61030771103057,NEUTRAL
2026-07-23,Capital Goods,50.91869436344944,NEUTRAL
2026-07-24,Capital Goods,48.14600034576422,NEUTRAL
2026-07-27,Capital Goods,58.18144255281048,ACCELERATING
2026-07-28,Capital Goods,44.53029193940012,NEUTRAL
2026-07-29,Capital Goods,51.55118041112563,NEUTRAL
2026-07-30,Capital Goods,42.55634558720301,WEAKENING
2026-07-31,Capital Goods,59.23087348483175,ACCELERATING
2026-08-03,Capital Goods,53.93128093842617,NEUTRAL
2026-08-04,Capital Goods,54.895989861251195,NEUTRAL
2026-08-05,Capital Goods,51.94876804066007,NEUTRAL
2026-08-06,Capital Goods,51.88669078123044,NEUTRAL
2026-08-07,Capital Goods,58.971285275262005,ACCELERATING
2026-08-10,Capital Goods,63.651403482912116,EMERGING LEADER
2026-08-11,Capital Goods,52.93327186767344,NEUTRAL
2026-08-12,Capital Goods,50.35951787769722,NEUTRAL
2026-08-13,Capital Goods,42.99392005607902,NEUTRAL
2026-08-14,Capital Goods,56.23377885894618,NEUTRAL
2026-08-17,Capital Goods,58.81059453125073,ACCELERATING
2026-08-18,Capital Goods,56.89028912203739,NEUTRAL
2026-08-19,Capital Goods,44.95338856041394,NEUTRAL
2026-08-20,Capital Goods,51.15371719908697,NEUTRAL
2026-08-21,Capital Goods,48.17204527039772,NEUTRAL
2026-07-02,Capital Markets & Asset Management,50.0,NEUTRAL
2026-07-03,Capital Markets & Asset Management,50.0,NEUTRAL
2026-07-06,Capital Markets & Asset Management,50.0,NEUTRAL
2026-07-07,Capital Markets & Asset Management,56.81818181818181,NEUTRAL
2026-07-08,Capital Markets & Asset Management,20.000000000000007,DECELERATING
2026-07-09,Capital Markets & Asset Management,45.90909090909091,NEUTRAL
2026-07-10,Capital Markets & Asset Management,78.63636363636363,ACCELERATING
2026-07-13,Capital Markets & Asset Management,82.72727272727273,ACCELERATING
2026-07-14,Capital Markets & Asset Management,65.67263215626755,ACCELERATING
2026-07-15,Capital Markets & Asset Management,49.36393871515181,NEUTRAL
2026-07-16,Capital Markets & Asset Management,28.75852988060622,DECELERATING
2026-07-17,Capital Markets & Asset Management,41.858484715865586,DECELERATING
2026-07-20,Capital Markets & Asset Management,35.29623951641668,DECELERATING
2026-07-21,Capital Markets & Asset Management,47.35731459359446,NEUTRAL
2026-07-22,Capital Markets & Asset Management,35.62204377040501,DECELERATING
2026-07-23,Capital Markets & Asset Management,31.6320772472092,DECELERATING
2026-07-24,Capital Markets & Asset Management,48.18184324503809,NEUTRAL
2026-07-27,Capital Markets & Asset Management,55.65272137660503,NEUTRAL
2026-07-28,Capital Markets & Asset Management,58.61738305726118,ACCELERATING
2026-07-29,Capital Markets & Asset Management,49.6460279226925,NEUTRAL
2026-07-30,Capital Markets & Asset Management,39.59614768860999,WEAKENING
2026-07-31,Capital Markets & Asset Management,46.382073173865244,NEUTRAL
2026-08-03,Capital Markets & Asset Management,41.67052843047574,WEAKENING
2026-08-04,Capital Markets & Asset Management,55.97068717597402,NEUTRAL
2026-08-05,Capital Markets & Asset Management,44.87533251835331,WEAKENING
2026-08-06,Capital Markets & Asset Management,55.98311816731098,NEUTRAL
2026-08-07,Capital Markets & Asset Management,45.37139481396721,NEUTRAL
2026-08-10,Capital Markets & Asset Management,68.84454466486869,ACCELERATING
2026-08-11,Capital Markets & Asset Management,64.08315322026398,ACCELERATING
2026-08-12,Capital Markets & Asset Management,64.40029320328014,ACCELERATING
2026-08-13,Capital Markets & Asset Management,48.004687235829756,NEUTRAL
2026-08-14,Capital Markets & Asset Management,47.35000926242078,NEUTRAL
2026-08-17,Capital Markets & Asset Management,57.113971740309864,NEUTRAL
2026-08-18,Capital Markets & Asset Management,53.17181141578937,NEUTRAL
2026-08-19,Capital Markets & Asset Management,58.47925324156107,ACCELERATING
2026-08-20,Capital Markets & Asset Management,47.68704533781891,NEUTRAL
2026-08-21,Capital Markets & Asset Management,65.57742343639663,EMERGING LEADER
2026-07-02,Cement,50.0,NEUTRAL
2026-07-03,Cement,50.0,NEUTRAL
2026-07-06,Cement,50.0,NEUTRAL
2026-07-07,Cement,69.28571428571428,ACCELERATING
2026-07-08,Cement,26.428571428571427,DECELERATING
2026-07-09,Cement,41.42857142857143,DECELERATING
2026-07-10,Cement,43.57142857142857,NEUTRAL
2026-07-13,Cement,62.85714285714286,ACCELERATING
2026-07-14,Cement,45.73140565512309,NEUTRAL
2026-07-15,Cement,77.4933753753175,ACCELERATING
2026-07-16,Cement,65.2506994635767,ACCELERATING
2026-07-17,Cement,57.98276418780142,NEUTRAL
2026-07-20,Cement,35.379381930160065,DECELERATING
2026-07-21,Cement,42.99454629488106,NEUTRAL
2026-07-22,Cement,57.71538605922794,NEUTRAL
2026-07-23,Cement,25.871409473413078,DECELERATING
2026-07-24,Cement,26.396308952980707,DECELERATING
2026-07-27,Cement,24.812531805426957,DECELERATING
2026-07-28,Cement,46.58917055496518,NEUTRAL
2026-07-29,Cement,42.698102027771284,NEUTRAL
2026-07-30,Cement,54.41458051553105,NEUTRAL
2026-07-31,Cement,52.02534982919924,NEUTRAL
2026-08-03,Cement,65.42945946195837,ACCELERATING
2026-08-04,Cement,42.812125159647096,WEAKENING
2026-08-05,Cement,67.68703389892292,ACCELERATING
2026-08-06,Cement,52.97753467756277,NEUTRAL
2026-08-07,Cement,61.409702588257616,ACCELERATING
2026-08-10,Cement,51.93957469493166,NEUTRAL
2026-08-11,Cement,38.6028949104619,WEAKENING
2026-08-12,Cement,49.84285649238464,NEUTRAL
2026-08-13,Cement,47.105337986760155,NEUTRAL
2026-08-14,Cement,48.445096215467274,NEUTRAL
2026-08-17,Cement,49.99502258029782,NEUTRAL
2026-08-18,Cement,46.987058044268764,NEUTRAL
2026-08-19,Cement,42.709823957989514,WEAKENING
2026-08-20,Cement,44.02329882348787,WEAKENING
2026-08-21,Cement,42.25912723310505,WEAKENING
2026-07-02,Cement & Clinker,50.0,NEUTRAL
2026-07-03,Cement & Clinker,50.0,NEUTRAL
2026-07-06,Cement & Clinker,50.0,NEUTRAL
2026-07-07,Cement & Clinker,68.0,ACCELERATING
2026-07-08,Cement & Clinker,9.5,DECELERATING
2026-07-09,Cement & Clinker,39.5,DECELERATING
2026-07-10,Cement & Clinker,66.5,ACCELERATING
2026-07-13,Cement & Clinker,76.25,ACCELERATING
2026-07-14,Cement & Clinker,44.98837665614264,NEUTRAL
2026-07-15,Cement & Clinker,58.1728861876709,ACCELERATING
2026-07-16,Cement & Clinker,60.620298362303984,ACCELERATING
2026-07-17,Cement & Clinker,64.63913667827626,ACCELERATING
2026-07-20,Cement & Clinker,46.326751963194056,NEUTRAL
2026-07-21,Cement & Clinker,62.403850360749594,ACCELERATING
2026-07-22,Cement & Clinker,53.52588617199278,NEUTRAL
2026-07-23,Cement & Clinker,35.03838930825547,DECELERATING
2026-07-24,Cement & Clinker,25.24978847930752,DECELERATING
2026-07-27,Cement & Clinker,46.154381954980636,NEUTRAL
2026-07-28,Cement & Clinker,42.278957699956734,NEUTRAL
2026-07-29,Cement & Clinker,55.066085316177364,NEUTRAL
2026-07-30,Cement & Clinker,37.53736620520068,WEAKENING
2026-07-31,Cement & Clinker,50.211553021348564,NEUTRAL
2026-08-03,Cement & Clinker,52.37169371994772,NEUTRAL
2026-08-04,Cement & Clinker,64.89205281286415,EMERGING LEADER
2026-08-05,Cement & Clinker,73.51119772743738,EMERGING LEADER
2026-08-06,Cement & Clinker,51.01975773302137,NEUTRAL
2026-08-07,Cement & Clinker,33.58777623401534,DECELERATING
2026-08-10,Cement & Clinker,22.243424648057776,WEAKENING
2026-08-11,Cement & Clinker,28.96184247014631,WEAKENING
2026-08-12,Cement & Clinker,36.424014566618595,WEAKENING
2026-08-13,Cement & Clinker,46.502244303898955,NEUTRAL
2026-08-14,Cement & Clinker,44.83447387782553,WEAKENING
2026-08-17,Cement & Clinker,57.56445260997896,NEUTRAL
2026-08-18,Cement & Clinker,46.142974684381954,NEUTRAL
2026-08-19,Cement & Clinker,47.538038365846795,NEUTRAL
2026-08-20,Cement & Clinker,58.874392845759104,ACCELERATING
2026-08-21,Cement & Clinker,54.84355266986347,NEUTRAL
2026-07-02,Ceramics & Tiles,50.0,NEUTRAL
2026-07-03,Ceramics & Tiles,50.0,NEUTRAL
2026-07-06,Ceramics & Tiles,50.0,NEUTRAL
2026-07-07,Ceramics & Tiles,55.0,NEUTRAL
2026-07-08,Ceramics & Tiles,28.333333333333336,DECELERATING
2026-07-09,Ceramics & Tiles,48.333333333333336,NEUTRAL
2026-07-10,Ceramics & Tiles,58.33333333333333,ACCELERATING
2026-07-13,Ceramics & Tiles,68.33333333333333,ACCELERATING
2026-07-14,Ceramics & Tiles,43.016534949076345,NEUTRAL
2026-07-15,Ceramics & Tiles,38.317945018667224,DECELERATING
2026-07-16,Ceramics & Tiles,46.646420220840874,NEUTRAL
2026-07-17,Ceramics & Tiles,46.75440532560636,NEUTRAL
2026-07-20,Ceramics & Tiles,47.72988142402874,NEUTRAL
2026-07-21,Ceramics & Tiles,47.231631946826845,NEUTRAL
2026-07-22,Ceramics & Tiles,45.647129871847866,NEUTRAL
2026-07-23,Ceramics & Tiles,64.88718653305098,ACCELERATING
2026-07-24,Ceramics & Tiles,68.84612750785406,ACCELERATING
2026-07-27,Ceramics & Tiles,71.57117134694666,ACCELERATING
2026-07-28,Ceramics & Tiles,53.454254521685534,NEUTRAL
2026-07-29,Ceramics & Tiles,41.358600442223974,DECELERATING
2026-07-30,Ceramics & Tiles,38.37845359987926,WEAKENING
2026-07-31,Ceramics & Tiles,46.45667243090512,NEUTRAL
2026-08-03,Ceramics & Tiles,54.29804500320014,NEUTRAL
2026-08-04,Ceramics & Tiles,43.68664589222152,WEAKENING
2026-08-05,Ceramics & Tiles,44.23941569597499,WEAKENING
2026-08-06,Ceramics & Tiles,43.67771025238811,WEAKENING
2026-08-07,Ceramics & Tiles,42.676622953517835,WEAKENING
2026-08-10,Ceramics & Tiles,60.70392480991105,ACCELERATING
2026-08-11,Ceramics & Tiles,70.50587783807077,ACCELERATING
2026-08-12,Ceramics & Tiles,91.39197536332549,EMERGING LEADER
2026-08-13,Ceramics & Tiles,63.19501119109999,EMERGING LEADER
2026-08-14,Ceramics & Tiles,34.0215347346833,WEAKENING
2026-08-17,Ceramics & Tiles,20.60944482918349,WEAKENING
2026-08-18,Ceramics & Tiles,35.66807555984123,WEAKENING
2026-08-19,Ceramics & Tiles,34.93802659204111,WEAKENING
2026-08-20,Ceramics & Tiles,48.018178478143525,NEUTRAL
2026-08-21,Ceramics & Tiles,46.36356504462565,NEUTRAL
2026-07-02,Chemicals,50.0,NEUTRAL
2026-07-03,Chemicals,50.0,NEUTRAL
2026-07-06,Chemicals,50.0,NEUTRAL
2026-07-07,Chemicals,69.5,ACCELERATING
2026-07-08,Chemicals,54.5,NEUTRAL
2026-07-09,Chemicals,35.0,DECELERATING
2026-07-10,Chemicals,63.5,ACCELERATING
2026-07-13,Chemicals,75.5,ACCELERATING
2026-07-14,Chemicals,41.87345581728657,DECELERATING
2026-07-15,Chemicals,42.346695995706504,NEUTRAL
2026-07-16,Chemicals,29.369699189285065,DECELERATING
2026-07-17,Chemicals,49.27588481406751,NEUTRAL
2026-07-20,Chemicals,51.322747232626156,NEUTRAL
2026-07-21,Chemicals,76.75786336115011,ACCELERATING
2026-07-22,Chemicals,62.7128815259407,ACCELERATING
2026-07-23,Chemicals,50.681775883058,NEUTRAL
2026-07-24,Chemicals,43.589800128313385,NEUTRAL
2026-07-27,Chemicals,66.46196107707502,ACCELERATING
2026-07-28,Chemicals,49.332033701824066,NEUTRAL
2026-07-29,Chemicals,40.80219419309461,DECELERATING
2026-07-30,Chemicals,28.491472980995145,DECELERATING
2026-07-31,Chemicals,49.939427585353,NEUTRAL
2026-08-03,Chemicals,58.49029475824315,ACCELERATING
2026-08-04,Chemicals,74.43344231081642,EMERGING LEADER
2026-08-05,Chemicals,60.761384500887935,EMERGING LEADER
2026-08-06,Chemicals,42.25037670489887,NEUTRAL
2026-08-07,Chemicals,21.678058245252757,DECELERATING
2026-08-10,Chemicals,26.75719525428396,WEAKENING
2026-08-11,Chemicals,31.47926164991958,WEAKENING
2026-08-12,Chemicals,52.33158705732387,NEUTRAL
2026-08-13,Chemicals,58.89804813306847,ACCELERATING
2026-08-14,Chemicals,51.76444500194377,NEUTRAL
2026-08-17,Chemicals,44.348611447543554,WEAKENING
2026-08-18,Chemicals,43.61559035324758,WEAKENING
2026-08-19,Chemicals,41.785701710539456,WEAKENING
2026-08-20,Chemicals,48.48781492593881,NEUTRAL
2026-08-21,Chemicals,52.575615452187314,NEUTRAL
2026-07-02,Civil Buildings & Commercial EPC,50.0,NEUTRAL
2026-07-03,Civil Buildings & Commercial EPC,50.0,NEUTRAL
2026-07-06,Civil Buildings & Commercial EPC,50.0,NEUTRAL
2026-07-07,Civil Buildings & Commercial EPC,50.0,NEUTRAL
2026-07-08,Civil Buildings & Commercial EPC,50.0,NEUTRAL
2026-07-09,Civil Buildings & Commercial EPC,20.0,DECELERATING
2026-07-10,Civil Buildings & Commercial EPC,50.0,NEUTRAL
2026-07-13,Civil Buildings & Commercial EPC,95.0,ACCELERATING
2026-07-14,Civil Buildings & Commercial EPC,50.42037656096689,NEUTRAL
2026-07-15,Civil Buildings & Commercial EPC,100.0,ACCELERATING
2026-07-16,Civil Buildings & Commercial EPC,20.53905057181116,DECELERATING
2026-07-17,Civil Buildings & Commercial EPC,52.56339590311933,NEUTRAL
2026-07-20,Civil Buildings & Commercial EPC,0.0,DECELERATING
2026-07-21,Civil Buildings & Commercial EPC,33.37444750226675,DECELERATING
2026-07-22,Civil Buildings & Commercial EPC,45.85756122704977,NEUTRAL
2026-07-23,Civil Buildings & Commercial EPC,18.04497922867633,DECELERATING
2026-07-24,Civil Buildings & Commercial EPC,81.10052067849468,ACCELERATING
2026-07-27,Civil Buildings & Commercial EPC,52.42639017054247,NEUTRAL
2026-07-28,Civil Buildings & Commercial EPC,83.38234114782345,ACCELERATING
2026-07-29,Civil Buildings & Commercial EPC,18.534451145120524,DECELERATING
2026-07-30,Civil Buildings & Commercial EPC,50.76499713265599,NEUTRAL
2026-07-31,Civil Buildings & Commercial EPC,46.84830574489363,NEUTRAL
2026-08-03,Civil Buildings & Commercial EPC,49.69991649715688,NEUTRAL
2026-08-04,Civil Buildings & Commercial EPC,46.953378287787515,NEUTRAL
2026-08-05,Civil Buildings & Commercial EPC,52.367638121301745,NEUTRAL
2026-08-06,Civil Buildings & Commercial EPC,50.13630714632131,NEUTRAL
2026-08-07,Civil Buildings & Commercial EPC,50.531070009831566,NEUTRAL
2026-08-10,Civil Buildings & Commercial EPC,48.761285489993604,NEUTRAL
2026-08-11,Civil Buildings & Commercial EPC,50.785725630088855,NEUTRAL
2026-08-12,Civil Buildings & Commercial EPC,49.35100397478738,NEUTRAL
2026-08-13,Civil Buildings & Commercial EPC,50.221512712989345,NEUTRAL
2026-08-14,Civil Buildings & Commercial EPC,82.14226811994757,ACCELERATING
2026-08-17,Civil Buildings & Commercial EPC,19.298620297798966,WEAKENING
2026-08-18,Civil Buildings & Commercial EPC,9.692897545886822,WEAKENING
2026-08-19,Civil Buildings & Commercial EPC,0.0,WEAKENING
2026-08-20,Civil Buildings & Commercial EPC,71.74801799282821,ACCELERATING
2026-08-21,Civil Buildings & Commercial EPC,77.64296505258591,ACCELERATING
2026-07-02,Civil Construction & Infrastructure,50.0,NEUTRAL
2026-07-03,Civil Construction & Infrastructure,50.0,NEUTRAL
2026-07-06,Civil Construction & Infrastructure,50.0,NEUTRAL
2026-07-07,Civil Construction & Infrastructure,58.68421052631579,ACCELERATING
2026-07-08,Civil Construction & Infrastructure,32.23684210526316,DECELERATING
2026-07-09,Civil Construction & Infrastructure,41.31578947368421,DECELERATING
2026-07-10,Civil Construction & Infrastructure,52.368421052631575,NEUTRAL
2026-07-13,Civil Construction & Infrastructure,63.81578947368421,ACCELERATING
2026-07-14,Civil Construction & Infrastructure,46.140417808643065,NEUTRAL
2026-07-15,Civil Construction & Infrastructure,52.362855683684074,NEUTRAL
2026-07-16,Civil Construction & Infrastructure,32.37771351232317,DECELERATING
2026-07-17,Civil Construction & Infrastructure,47.94333907799984,NEUTRAL
2026-07-20,Civil Construction & Infrastructure,46.72364028920486,NEUTRAL
2026-07-21,Civil Construction & Infrastructure,67.40952730279814,ACCELERATING
2026-07-22,Civil Construction & Infrastructure,57.05422084727878,NEUTRAL
2026-07-23,Civil Construction & Infrastructure,49.976662468938414,NEUTRAL
2026-07-24,Civil Construction & Infrastructure,49.159663196494726,NEUTRAL
2026-07-27,Civil Construction & Infrastructure,45.431295964354696,NEUTRAL
2026-07-28,Civil Construction & Infrastructure,51.24230081165643,NEUTRAL
2026-07-29,Civil Construction & Infrastructure,54.79177737986527,NEUTRAL
2026-07-30,Civil Construction & Infrastructure,58.179364184964435,ACCELERATING
2026-07-31,Civil Construction & Infrastructure,54.69713247709949,NEUTRAL
2026-08-03,Civil Construction & Infrastructure,49.70071206620316,NEUTRAL
2026-08-04,Civil Construction & Infrastructure,49.24333300791395,NEUTRAL
2026-08-05,Civil Construction & Infrastructure,56.205903906136,NEUTRAL
2026-08-06,Civil Construction & Infrastructure,45.996208862355594,NEUTRAL
2026-08-07,Civil Construction & Infrastructure,51.07004697942494,NEUTRAL
2026-08-10,Civil Construction & Infrastructure,43.042652751973904,WEAKENING
2026-08-11,Civil Construction & Infrastructure,49.48871151107552,NEUTRAL
2026-08-12,Civil Construction & Infrastructure,47.5968287758582,NEUTRAL
2026-08-13,Civil Construction & Infrastructure,57.76612837399328,NEUTRAL
2026-08-14,Civil Construction & Infrastructure,48.55532541079255,NEUTRAL
2026-08-17,Civil Construction & Infrastructure,50.31905305199838,NEUTRAL
2026-08-18,Civil Construction & Infrastructure,42.79649904151041,WEAKENING
2026-08-19,Civil Construction & Infrastructure,51.241937169128704,NEUTRAL
2026-08-20,Civil Construction & Infrastructure,51.558479715477056,NEUTRAL
2026-08-21,Civil Construction & Infrastructure,47.37226938625398,NEUTRAL
2026-07-02,Civil Construction & Infrastructure EPC,50.0,NEUTRAL
2026-07-03,Civil Construction & Infrastructure EPC,50.0,NEUTRAL
2026-07-06,Civil Construction & Infrastructure EPC,50.0,NEUTRAL
2026-07-07,Civil Construction & Infrastructure EPC,50.0,NEUTRAL
2026-07-08,Civil Construction & Infrastructure EPC,24.5,DECELERATING
2026-07-09,Civil Construction & Infrastructure EPC,47.0,NEUTRAL
2026-07-10,Civil Construction & Infrastructure EPC,68.0,ACCELERATING
2026-07-13,Civil Construction & Infrastructure EPC,87.5,ACCELERATING
2026-07-14,Civil Construction & Infrastructure EPC,53.34580559002946,NEUTRAL
2026-07-15,Civil Construction & Infrastructure EPC,40.41831911698336,DECELERATING
2026-07-16,Civil Construction & Infrastructure EPC,22.386411657749967,DECELERATING
2026-07-17,Civil Construction & Infrastructure EPC,49.836639503539445,NEUTRAL
2026-07-20,Civil Construction & Infrastructure EPC,50.79776004602665,NEUTRAL
2026-07-21,Civil Construction & Infrastructure EPC,55.90216577089919,NEUTRAL
2026-07-22,Civil Construction & Infrastructure EPC,45.878253714816765,NEUTRAL
2026-07-23,Civil Construction & Infrastructure EPC,43.0784495562134,NEUTRAL
2026-07-24,Civil Construction & Infrastructure EPC,47.446473637822635,NEUTRAL
2026-07-27,Civil Construction & Infrastructure EPC,66.97363754464789,ACCELERATING
2026-07-28,Civil Construction & Infrastructure EPC,55.95312924196284,NEUTRAL
2026-07-29,Civil Construction & Infrastructure EPC,62.499375545528224,ACCELERATING
2026-07-30,Civil Construction & Infrastructure EPC,39.59284050380264,WEAKENING
2026-07-31,Civil Construction & Infrastructure EPC,56.72938967455562,NEUTRAL
2026-08-03,Civil Construction & Infrastructure EPC,65.68579811144212,ACCELERATING
2026-08-04,Civil Construction & Infrastructure EPC,71.67159569961744,EMERGING LEADER
2026-08-05,Civil Construction & Infrastructure EPC,71.35156711044665,EMERGING LEADER
2026-08-06,Civil Construction & Infrastructure EPC,43.89855300084993,NEUTRAL
2026-08-07,Civil Construction & Infrastructure EPC,46.35621738109974,NEUTRAL
2026-08-10,Civil Construction & Infrastructure EPC,42.56250056630088,NEUTRAL
2026-08-11,Civil Construction & Infrastructure EPC,42.95149686598987,WEAKENING
2026-08-12,Civil Construction & Infrastructure EPC,34.9713221769092,WEAKENING
2026-08-13,Civil Construction & Infrastructure EPC,34.90617022236243,WEAKENING
2026-08-14,Civil Construction & Infrastructure EPC,39.53198244493172,WEAKENING
2026-08-17,Civil Construction & Infrastructure EPC,48.03065593113316,NEUTRAL
2026-08-18,Civil Construction & Infrastructure EPC,55.9991010576357,NEUTRAL
2026-08-19,Civil Construction & Infrastructure EPC,58.97596418534427,ACCELERATING
2026-08-20,Civil Construction & Infrastructure EPC,57.89886555099702,NEUTRAL
2026-08-21,Civil Construction & Infrastructure EPC,52.12135263332158,NEUTRAL
2026-07-02,Commodity Chemicals,50.0,NEUTRAL
2026-07-03,Commodity Chemicals,50.0,NEUTRAL
2026-07-06,Commodity Chemicals,50.0,NEUTRAL
2026-07-07,Commodity Chemicals,68.24324324324324,ACCELERATING
2026-07-08,Commodity Chemicals,31.351351351351354,DECELERATING
2026-07-09,Commodity Chemicals,44.729729729729726,NEUTRAL
2026-07-10,Commodity Chemicals,54.86486486486486,NEUTRAL
2026-07-13,Commodity Chemicals,71.08108108108108,ACCELERATING
2026-07-14,Commodity Chemicals,61.282645403120775,ACCELERATING
2026-07-15,Commodity Chemicals,52.84885976231736,NEUTRAL
2026-07-16,Commodity Chemicals,41.932257083128874,DECELERATING
2026-07-17,Commodity Chemicals,50.02800490828793,NEUTRAL
2026-07-20,Commodity Chemicals,66.67496934711738,ACCELERATING
2026-07-21,Commodity Chemicals,59.93284188785598,ACCELERATING
2026-07-22,Commodity Chemicals,45.85764157129948,NEUTRAL
2026-07-23,Commodity Chemicals,37.105998854914645,DECELERATING
2026-07-24,Commodity Chemicals,40.31703739075721,DECELERATING
2026-07-27,Commodity Chemicals,59.17221207649979,ACCELERATING
2026-07-28,Commodity Chemicals,45.93628953412769,NEUTRAL
2026-07-29,Commodity Chemicals,57.119329373983966,NEUTRAL
2026-07-30,Commodity Chemicals,44.16546100180801,NEUTRAL
2026-07-31,Commodity Chemicals,46.880507531191995,NEUTRAL
2026-08-03,Commodity Chemicals,55.645340023697166,NEUTRAL
2026-08-04,Commodity Chemicals,54.143524081849115,NEUTRAL
2026-08-05,Commodity Chemicals,53.62367256272272,NEUTRAL
2026-08-06,Commodity Chemicals,39.48583492637428,DECELERATING
2026-08-07,Commodity Chemicals,45.471724080789556,NEUTRAL
2026-08-10,Commodity Chemicals,49.5606031564649,NEUTRAL
2026-08-11,Commodity Chemicals,55.348499882429245,NEUTRAL
2026-08-12,Commodity Chemicals,50.36385597549547,NEUTRAL
2026-08-13,Commodity Chemicals,54.35884689321474,NEUTRAL
2026-08-14,Commodity Chemicals,48.18057579501222,NEUTRAL
2026-08-17,Commodity Chemicals,45.32096371914825,NEUTRAL
2026-08-18,Commodity Chemicals,52.81166747158674,NEUTRAL
2026-08-19,Commodity Chemicals,54.86430014406775,NEUTRAL
2026-08-20,Commodity Chemicals,65.23624431562698,EMERGING LEADER
2026-08-21,Commodity Chemicals,50.74368563793585,NEUTRAL
2026-07-02,Construction,50.0,NEUTRAL
2026-07-03,Construction,50.0,NEUTRAL
2026-07-06,Construction,50.0,NEUTRAL
2026-07-07,Construction,62.0,ACCELERATING
2026-07-08,Construction,35.0,DECELERATING
2026-07-09,Construction,29.0,DECELERATING
2026-07-10,Construction,65.0,ACCELERATING
2026-07-13,Construction,65.0,ACCELERATING
2026-07-14,Construction,32.896481597747815,DECELERATING
2026-07-15,Construction,39.81185232267128,DECELERATING
2026-07-16,Construction,40.87372490214895,DECELERATING
2026-07-17,Construction,56.669655828799534,NEUTRAL
2026-07-20,Construction,56.82845421701548,NEUTRAL
2026-07-21,Construction,51.10107732337164,NEUTRAL
2026-07-22,Construction,41.02609177717045,DECELERATING
2026-07-23,Construction,34.35591796542222,DECELERATING
2026-07-24,Construction,30.481703071604585,DECELERATING
2026-07-27,Construction,26.30517043147747,DECELERATING
2026-07-28,Construction,32.33115051494051,DECELERATING
2026-07-29,Construction,47.68013131701324,NEUTRAL
2026-07-30,Construction,55.45324455683541,NEUTRAL
2026-07-31,Construction,68.62052207427982,ACCELERATING
2026-08-03,Construction,46.3636076843574,NEUTRAL
2026-08-04,Construction,64.00909304017793,ACCELERATING
2026-08-05,Construction,54.60266363086651,NEUTRAL
2026-08-06,Construction,70.36065065161208,ACCELERATING
2026-08-07,Construction,68.67837425647454,ACCELERATING
2026-08-10,Construction,60.35152131859668,ACCELERATING
2026-08-11,Construction,64.80897971509705,EMERGING LEADER
2026-08-12,Construction,44.98080820564026,WEAKENING
2026-08-13,Construction,44.22497056296534,WEAKENING
2026-08-14,Construction,46.14002533045682,NEUTRAL
2026-08-17,Construction,49.410090307061495,NEUTRAL
2026-08-18,Construction,56.27159663736204,NEUTRAL
2026-08-19,Construction,50.371122847743244,NEUTRAL
2026-08-20,Construction,51.408483698798975,NEUTRAL
2026-08-21,Construction,60.421919551002844,EMERGING LEADER
2026-07-02,Construction Materials,50.0,NEUTRAL
2026-07-03,Construction Materials,50.0,NEUTRAL
2026-07-06,Construction Materials,50.0,NEUTRAL
2026-07-07,Construction Materials,65.0,ACCELERATING
2026-07-08,Construction Materials,5.0,DECELERATING
2026-07-09,Construction Materials,80.0,ACCELERATING
2026-07-10,Construction Materials,80.0,ACCELERATING
2026-07-13,Construction Materials,50.0,NEUTRAL
2026-07-14,Construction Materials,0.0,DECELERATING
2026-07-15,Construction Materials,2.5222396053766545,DECELERATING
2026-07-16,Construction Materials,48.766460748435,NEUTRAL
2026-07-17,Construction Materials,79.78398436921684,ACCELERATING
2026-07-20,Construction Materials,52.53269988900058,NEUTRAL
2026-07-21,Construction Materials,99.51622822714012,ACCELERATING
2026-07-22,Construction Materials,99.47971419060892,ACCELERATING
2026-07-23,Construction Materials,51.47171981547872,NEUTRAL
2026-07-24,Construction Materials,4.060335672865591,DECELERATING
2026-07-27,Construction Materials,2.342503376665981,DECELERATING
2026-07-28,Construction Materials,47.58670864486171,NEUTRAL
2026-07-29,Construction Materials,48.10289312364848,NEUTRAL
2026-07-30,Construction Materials,49.611958274003506,NEUTRAL
2026-07-31,Construction Materials,50.06035414819121,NEUTRAL
2026-08-03,Construction Materials,99.06738328937607,EMERGING LEADER
2026-08-04,Construction Materials,19.8200582569168,WEAKENING
2026-08-05,Construction Materials,100.0,EMERGING LEADER
2026-08-06,Construction Materials,48.34240356573388,NEUTRAL
2026-08-07,Construction Materials,100.0,EMERGING LEADER
2026-08-10,Construction Materials,50.58059030124095,NEUTRAL
2026-08-11,Construction Materials,22.80845193642037,DECELERATING
2026-08-12,Construction Materials,0.0,DECELERATING
2026-08-13,Construction Materials,0.0,DECELERATING
2026-08-14,Construction Materials,74.99819129634275,EMERGING LEADER
2026-08-17,Construction Materials,100.0,EMERGING LEADER
2026-08-18,Construction Materials,100.0,EMERGING LEADER
2026-08-19,Construction Materials,50.98583067136737,NEUTRAL
2026-08-20,Construction Materials,53.84890458785465,NEUTRAL
2026-08-21,Construction Materials,51.48886785386346,NEUTRAL
2026-07-02,Consumer Durables,50.0,NEUTRAL
2026-07-03,Consumer Durables,50.0,NEUTRAL
2026-07-06,Consumer Durables,50.0,NEUTRAL
2026-07-07,Consumer Durables,65.0,ACCELERATING
2026-07-08,Consumer Durables,58.18181818181818,ACCELERATING
2026-07-09,Consumer Durables,63.63636363636363,ACCELERATING
2026-07-10,Consumer Durables,69.0909090909091,ACCELERATING
2026-07-13,Consumer Durables,69.0909090909091,ACCELERATING
2026-07-14,Consumer Durables,58.266558975189184,ACCELERATING
2026-07-15,Consumer Durables,50.59519122705842,NEUTRAL
2026-07-16,Consumer Durables,45.874652090718136,NEUTRAL
2026-07-17,Consumer Durables,41.11745326012393,DECELERATING
2026-07-20,Consumer Durables,44.12884332547781,NEUTRAL
2026-07-21,Consumer Durables,40.62274571740274,DECELERATING
2026-07-22,Consumer Durables,56.32196437085876,NEUTRAL
2026-07-23,Consumer Durables,43.531246658425786,NEUTRAL
2026-07-24,Consumer Durables,48.54645184383042,NEUTRAL
2026-07-27,Consumer Durables,53.290265524179816,NEUTRAL
2026-07-28,Consumer Durables,53.0905514398112,NEUTRAL
2026-07-29,Consumer Durables,50.916256535525434,NEUTRAL
2026-07-30,Consumer Durables,35.30723247932768,DECELERATING
2026-07-31,Consumer Durables,43.71491099554187,NEUTRAL
2026-08-03,Consumer Durables,60.250103577094556,EMERGING LEADER
2026-08-04,Consumer Durables,55.90521931681074,NEUTRAL
2026-08-05,Consumer Durables,72.46887456985083,EMERGING LEADER
2026-08-06,Consumer Durables,47.025209321535534,NEUTRAL
2026-08-07,Consumer Durables,47.037664033524536,NEUTRAL
2026-08-10,Consumer Durables,41.10586453703533,DECELERATING
2026-08-11,Consumer Durables,58.665004937175524,ACCELERATING
2026-08-12,Consumer Durables,58.2394220769618,ACCELERATING
2026-08-13,Consumer Durables,38.530094146890036,DECELERATING
2026-08-14,Consumer Durables,35.07866757708659,DECELERATING
2026-08-17,Consumer Durables,43.215045807735706,NEUTRAL
2026-08-18,Consumer Durables,55.69322887430326,NEUTRAL
2026-08-19,Consumer Durables,47.14489566145933,NEUTRAL
2026-08-20,Consumer Durables,47.49534588798193,NEUTRAL
2026-08-21,Consumer Durables,52.5630478099771,NEUTRAL
2026-07-02,Consumer Services,50.0,NEUTRAL
2026-07-03,Consumer Services,50.0,NEUTRAL
2026-07-06,Consumer Services,50.0,NEUTRAL
2026-07-07,Consumer Services,71.42857142857143,ACCELERATING
2026-07-08,Consumer Services,40.71428571428571,DECELERATING
2026-07-09,Consumer Services,43.57142857142857,NEUTRAL
2026-07-10,Consumer Services,50.0,NEUTRAL
2026-07-13,Consumer Services,62.14285714285714,ACCELERATING
2026-07-14,Consumer Services,46.94389156688494,NEUTRAL
2026-07-15,Consumer Services,44.39340330454929,NEUTRAL
2026-07-16,Consumer Services,39.95749820481014,DECELERATING
2026-07-17,Consumer Services,40.19891558423231,DECELERATING
2026-07-20,Consumer Services,50.60687804715497,NEUTRAL
2026-07-21,Consumer Services,52.131237968210044,NEUTRAL
2026-07-22,Consumer Services,54.355620427930404,NEUTRAL
2026-07-23,Consumer Services,40.361785030919556,DECELERATING
2026-07-24,Consumer Services,37.22964965764714,DECELERATING
2026-07-27,Consumer Services,58.072435528135635,ACCELERATING
2026-07-28,Consumer Services,49.08068311451205,NEUTRAL
2026-07-29,Consumer Services,62.35766940112857,ACCELERATING
2026-07-30,Consumer Services,38.87347157683993,WEAKENING
2026-07-31,Consumer Services,64.81639866374216,ACCELERATING
2026-08-03,Consumer Services,71.23192908370032,EMERGING LEADER
2026-08-04,Consumer Services,65.97243730613894,ACCELERATING
2026-08-05,Consumer Services,58.78752708270431,ACCELERATING
2026-08-06,Consumer Services,35.31432826659021,DECELERATING
2026-08-07,Consumer Services,51.58349277507959,NEUTRAL
2026-08-10,Consumer Services,43.104572485418785,WEAKENING
2026-08-11,Consumer Services,53.546325892474684,NEUTRAL
2026-08-12,Consumer Services,44.17907819732932,WEAKENING
2026-08-13,Consumer Services,44.58533528841821,WEAKENING
2026-08-14,Consumer Services,49.05606352258694,NEUTRAL
2026-08-17,Consumer Services,53.25961608608555,NEUTRAL
2026-08-18,Consumer Services,52.48744317808879,NEUTRAL
2026-08-19,Consumer Services,46.335611075645176,NEUTRAL
2026-08-20,Consumer Services,50.29497219084904,NEUTRAL
2026-08-21,Consumer Services,58.95747996617491,ACCELERATING
2026-07-02,Copper & Non-Ferrous Metals,50.0,NEUTRAL
2026-07-03,Copper & Non-Ferrous Metals,50.0,NEUTRAL
2026-07-06,Copper & Non-Ferrous Metals,50.0,NEUTRAL
2026-07-07,Copper & Non-Ferrous Metals,95.0,ACCELERATING
2026-07-08,Copper & Non-Ferrous Metals,5.0,DECELERATING
2026-07-09,Copper & Non-Ferrous Metals,5.0,DECELERATING
2026-07-10,Copper & Non-Ferrous Metals,5.0,DECELERATING
2026-07-13,Copper & Non-Ferrous Metals,95.0,ACCELERATING
2026-07-14,Copper & Non-Ferrous Metals,48.5102779782187,NEUTRAL
2026-07-15,Copper & Non-Ferrous Metals,49.15128084491365,NEUTRAL
2026-07-16,Copper & Non-Ferrous Metals,4.269722878877772,DECELERATING
2026-07-17,Copper & Non-Ferrous Metals,49.39408296199969,NEUTRAL
2026-07-20,Copper & Non-Ferrous Metals,49.4342081197417,NEUTRAL
2026-07-21,Copper & Non-Ferrous Metals,49.701178660830244,NEUTRAL
2026-07-22,Copper & Non-Ferrous Metals,51.07158174148894,NEUTRAL
2026-07-23,Copper & Non-Ferrous Metals,52.709835935517376,NEUTRAL
2026-07-24,Copper & Non-Ferrous Metals,54.44688010952357,NEUTRAL
2026-07-27,Copper & Non-Ferrous Metals,52.36455796775321,NEUTRAL
2026-07-28,Copper & Non-Ferrous Metals,50.20442098329407,NEUTRAL
2026-07-29,Copper & Non-Ferrous Metals,48.49780541476323,NEUTRAL
2026-07-30,Copper & Non-Ferrous Metals,79.3498129638769,ACCELERATING
2026-07-31,Copper & Non-Ferrous Metals,48.327527386867146,NEUTRAL
2026-08-03,Copper & Non-Ferrous Metals,100.0,EMERGING LEADER
2026-08-04,Copper & Non-Ferrous Metals,36.00736769032255,DECELERATING
2026-08-05,Copper & Non-Ferrous Metals,100.0,EMERGING LEADER
2026-08-06,Copper & Non-Ferrous Metals,50.22228360524552,NEUTRAL
2026-08-07,Copper & Non-Ferrous Metals,100.0,EMERGING LEADER
2026-08-10,Copper & Non-Ferrous Metals,51.32060507484659,NEUTRAL
2026-08-11,Copper & Non-Ferrous Metals,0.0,DECELERATING
2026-08-12,Copper & Non-Ferrous Metals,49.38101377840953,NEUTRAL
2026-08-13,Copper & Non-Ferrous Metals,17.459280269346195,DECELERATING
2026-08-14,Copper & Non-Ferrous Metals,75.61294638150807,EMERGING LEADER
2026-08-17,Copper & Non-Ferrous Metals,47.9311985097257,NEUTRAL
2026-08-18,Copper & Non-Ferrous Metals,21.178967853757463,DECELERATING
2026-08-19,Copper & Non-Ferrous Metals,51.29739576775458,NEUTRAL
2026-08-20,Copper & Non-Ferrous Metals,18.820569307441314,DECELERATING
2026-08-21,Copper & Non-Ferrous Metals,79.29460016200434,EMERGING LEADER
2026-07-02,Copper Mining,50.0,NEUTRAL
2026-07-03,Copper Mining,50.0,NEUTRAL
2026-07-06,Copper Mining,50.0,NEUTRAL
2026-07-07,Copper Mining,95.0,ACCELERATING
2026-07-08,Copper Mining,5.0,DECELERATING
2026-07-09,Copper Mining,50.0,NEUTRAL
2026-07-10,Copper Mining,80.0,ACCELERATING
2026-07-13,Copper Mining,95.0,ACCELERATING
2026-07-14,Copper Mining,20.17267267590116,DECELERATING
2026-07-15,Copper Mining,0.0,DECELERATING
2026-07-16,Copper Mining,3.5892275155857902,DECELERATING
2026-07-17,Copper Mining,79.30698493994254,ACCELERATING
2026-07-20,Copper Mining,49.993357432799634,NEUTRAL
2026-07-21,Copper Mining,50.8046001729073,NEUTRAL
2026-07-22,Copper Mining,52.076433966742826,NEUTRAL
2026-07-23,Copper Mining,84.31291803409016,ACCELERATING
2026-07-24,Copper Mining,51.300801429273726,NEUTRAL
2026-07-27,Copper Mining,49.958425370289596,NEUTRAL
2026-07-28,Copper Mining,15.619781861562402,DECELERATING
2026-07-29,Copper Mining,47.9180282878135,NEUTRAL
2026-07-30,Copper Mining,46.93554472169291,NEUTRAL
2026-07-31,Copper Mining,100.0,EMERGING LEADER
2026-08-03,Copper Mining,97.04049591404647,EMERGING LEADER
2026-08-04,Copper Mining,68.73761631559879,EMERGING LEADER
2026-08-05,Copper Mining,56.10012530521127,NEUTRAL
2026-08-06,Copper Mining,86.84965712554079,EMERGING LEADER
2026-08-07,Copper Mining,53.14849248105828,NEUTRAL
2026-08-10,Copper Mining,0.0,DECELERATING
2026-08-11,Copper Mining,17.644025103665975,DECELERATING
2026-08-12,Copper Mining,100.0,EMERGING LEADER
2026-08-13,Copper Mining,45.94077165822689,NEUTRAL
2026-08-14,Copper Mining,44.22383398388735,NEUTRAL
2026-08-17,Copper Mining,54.92433844031995,NEUTRAL
2026-08-18,Copper Mining,55.07803777746716,NEUTRAL
2026-08-19,Copper Mining,52.02168126242561,NEUTRAL
2026-08-20,Copper Mining,15.490213093481103,DECELERATING
2026-08-21,Copper Mining,100.0,EMERGING LEADER
2026-07-02,Dairy Products,50.0,NEUTRAL
2026-07-03,Dairy Products,50.0,NEUTRAL
2026-07-06,Dairy Products,50.0,NEUTRAL
2026-07-07,Dairy Products,53.75,NEUTRAL
2026-07-08,Dairy Products,20.0,DECELERATING
2026-07-09,Dairy Products,50.0,NEUTRAL
2026-07-10,Dairy Products,57.5,NEUTRAL
2026-07-13,Dairy Products,68.75,ACCELERATING
2026-07-14,Dairy Products,57.37496329982773,NEUTRAL
2026-07-15,Dairy Products,60.616400817965825,ACCELERATING
2026-07-16,Dairy Products,68.70836000712183,ACCELERATING
2026-07-17,Dairy Products,34.98756659553558,DECELERATING
2026-07-20,Dairy Products,47.8676646661036,NEUTRAL
2026-07-21,Dairy Products,38.92534935584228,DECELERATING
2026-07-22,Dairy Products,30.633050553223942,DECELERATING
2026-07-23,Dairy Products,30.345417238697827,DECELERATING
2026-07-24,Dairy Products,50.97441607724803,NEUTRAL
2026-07-27,Dairy Products,41.672363167363955,DECELERATING
2026-07-28,Dairy Products,57.45991931978611,NEUTRAL
2026-07-29,Dairy Products,38.2332648820882,DECELERATING
2026-07-30,Dairy Products,73.75200075418115,ACCELERATING
2026-07-31,Dairy Products,34.08480444269472,WEAKENING
2026-08-03,Dairy Products,62.187318245987,ACCELERATING
2026-08-04,Dairy Products,81.20697304565184,EMERGING LEADER
2026-08-05,Dairy Products,93.41314478131096,EMERGING LEADER
2026-08-06,Dairy Products,62.44317920246312,EMERGING LEADER
2026-08-07,Dairy Products,51.263124070218694,NEUTRAL
2026-08-10,Dairy Products,47.74008932377014,NEUTRAL
2026-08-11,Dairy Products,41.64403247471701,DECELERATING
2026-08-12,Dairy Products,49.14647114920759,NEUTRAL
2026-08-13,Dairy Products,68.3505486338432,EMERGING LEADER
2026-08-14,Dairy Products,54.29810430642826,NEUTRAL
2026-08-17,Dairy Products,53.22903734313716,NEUTRAL
2026-08-18,Dairy Products,39.976590231730356,DECELERATING
2026-08-19,Dairy Products,53.22062331144573,NEUTRAL
2026-08-20,Dairy Products,58.55640944787088,ACCELERATING
2026-08-21,Dairy Products,75.44873263991062,EMERGING LEADER
2026-07-02,Data Centers & Real Estate,50.0,NEUTRAL
2026-07-03,Data Centers & Real Estate,50.0,NEUTRAL
2026-07-06,Data Centers & Real Estate,50.0,NEUTRAL
2026-07-07,Data Centers & Real Estate,50.0,NEUTRAL
2026-07-08,Data Centers & Real Estate,80.0,ACCELERATING
2026-07-09,Data Centers & Real Estate,50.0,NEUTRAL
2026-07-10,Data Centers & Real Estate,95.0,ACCELERATING
2026-07-13,Data Centers & Real Estate,20.0,DECELERATING
2026-07-14,Data Centers & Real Estate,49.98075456688775,NEUTRAL
2026-07-15,Data Centers & Real Estate,49.10318643032021,NEUTRAL
2026-07-16,Data Centers & Real Estate,45.40116235354226,NEUTRAL
2026-07-17,Data Centers & Real Estate,76.28150385950936,ACCELERATING
2026-07-20,Data Centers & Real Estate,49.211740175842294,NEUTRAL
2026-07-21,Data Centers & Real Estate,53.91788405896395,NEUTRAL
2026-07-22,Data Centers & Real Estate,55.15654633195045,NEUTRAL
2026-07-23,Data Centers & Real Estate,51.25804342429616,NEUTRAL
2026-07-24,Data Centers & Real Estate,46.76137125165028,NEUTRAL
2026-07-27,Data Centers & Real Estate,46.49018173722994,NEUTRAL
2026-07-28,Data Centers & Real Estate,48.3128054068281,NEUTRAL
2026-07-29,Data Centers & Real Estate,48.304262092574305,NEUTRAL
2026-07-30,Data Centers & Real Estate,19.322375816600953,DECELERATING
2026-07-31,Data Centers & Real Estate,52.00597946440664,NEUTRAL
2026-08-03,Data Centers & Real Estate,50.67488434219928,NEUTRAL
2026-08-04,Data Centers & Real Estate,48.77481214571071,NEUTRAL
2026-08-05,Data Centers & Real Estate,47.05802738248395,NEUTRAL
2026-08-06,Data Centers & Real Estate,49.387470380804466,NEUTRAL
2026-08-07,Data Centers & Real Estate,46.76314215775442,NEUTRAL
2026-08-10,Data Centers & Real Estate,46.21207975925788,NEUTRAL
2026-08-11,Data Centers & Real Estate,47.335688532039015,NEUTRAL
2026-08-12,Data Centers & Real Estate,50.68657527433158,NEUTRAL
2026-08-13,Data Centers & Real Estate,54.287071911860025,NEUTRAL
2026-08-14,Data Centers & Real Estate,55.353905872936636,NEUTRAL
2026-08-17,Data Centers & Real Estate,54.65950739596267,NEUTRAL
2026-08-18,Data Centers & Real Estate,51.52913995852023,NEUTRAL
2026-08-19,Data Centers & Real Estate,80.39227910611191,EMERGING LEADER
2026-08-20,Data Centers & Real Estate,77.88852213480672,EMERGING LEADER
2026-08-21,Data Centers & Real Estate,46.394120614191266,NEUTRAL
2026-07-02,Diagnostic & Healthcare Laboratories,50.0,NEUTRAL
2026-07-03,Diagnostic & Healthcare Laboratories,50.0,NEUTRAL
2026-07-06,Diagnostic & Healthcare Laboratories,50.0,NEUTRAL
2026-07-07,Diagnostic & Healthcare Laboratories,95.0,ACCELERATING
2026-07-08,Diagnostic & Healthcare Laboratories,95.0,ACCELERATING
2026-07-09,Diagnostic & Healthcare Laboratories,20.0,DECELERATING
2026-07-10,Diagnostic & Healthcare Laboratories,50.0,NEUTRAL
2026-07-13,Diagnostic & Healthcare Laboratories,50.0,NEUTRAL
2026-07-14,Diagnostic & Healthcare Laboratories,50.74636650211373,NEUTRAL
2026-07-15,Diagnostic & Healthcare Laboratories,49.40670355836837,NEUTRAL
2026-07-16,Diagnostic & Healthcare Laboratories,49.87595373840601,NEUTRAL
2026-07-17,Diagnostic & Healthcare Laboratories,47.54259898466348,NEUTRAL
2026-07-20,Diagnostic & Healthcare Laboratories,48.370468029864924,NEUTRAL
2026-07-21,Diagnostic & Healthcare Laboratories,46.221128831829624,NEUTRAL
2026-07-22,Diagnostic & Healthcare Laboratories,49.87090462457357,NEUTRAL
2026-07-23,Diagnostic & Healthcare Laboratories,50.96063065592047,NEUTRAL
2026-07-24,Diagnostic & Healthcare Laboratories,87.40049447291358,ACCELERATING
2026-07-27,Diagnostic & Healthcare Laboratories,86.49001581151896,ACCELERATING
2026-07-28,Diagnostic & Healthcare Laboratories,55.404829770366156,NEUTRAL
2026-07-29,Diagnostic & Healthcare Laboratories,52.8475224480466,NEUTRAL
2026-07-30,Diagnostic & Healthcare Laboratories,0.0,DECELERATING
2026-07-31,Diagnostic & Healthcare Laboratories,49.079860922987166,NEUTRAL
2026-08-03,Diagnostic & Healthcare Laboratories,0.0,DECELERATING
2026-08-04,Diagnostic & Healthcare Laboratories,73.90558809125712,EMERGING LEADER
2026-08-05,Diagnostic & Healthcare Laboratories,43.98502920505802,NEUTRAL
2026-08-06,Diagnostic & Healthcare Laboratories,78.45501622438182,EMERGING LEADER
2026-08-07,Diagnostic & Healthcare Laboratories,47.86927934026993,NEUTRAL
2026-08-10,Diagnostic & Healthcare Laboratories,52.69021529623475,NEUTRAL
2026-08-11,Diagnostic & Healthcare Laboratories,51.75368905733627,NEUTRAL
2026-08-12,Diagnostic & Healthcare Laboratories,53.069731114370754,NEUTRAL
2026-08-13,Diagnostic & Healthcare Laboratories,50.02338516564301,NEUTRAL
2026-08-14,Diagnostic & Healthcare Laboratories,47.79585903551138,NEUTRAL
2026-08-17,Diagnostic & Healthcare Laboratories,44.56945729428805,NEUTRAL
2026-08-18,Diagnostic & Healthcare Laboratories,46.72954114524281,NEUTRAL
2026-08-19,Diagnostic & Healthcare Laboratories,48.394150426597086,NEUTRAL
2026-08-20,Diagnostic & Healthcare Laboratories,49.972331493866335,NEUTRAL
2026-08-21,Diagnostic & Healthcare Laboratories,50.18351301109867,NEUTRAL
2026-07-02,Diversified & Fashion Retail,50.0,NEUTRAL
2026-07-03,Diversified & Fashion Retail,50.0,NEUTRAL
2026-07-06,Diversified & Fashion Retail,50.0,NEUTRAL
2026-07-07,Diversified & Fashion Retail,54.61538461538461,NEUTRAL
2026-07-08,Diversified & Fashion Retail,21.15384615384615,DECELERATING
2026-07-09,Diversified & Fashion Retail,29.23076923076923,DECELERATING
2026-07-10,Diversified & Fashion Retail,60.38461538461539,ACCELERATING
2026-07-13,Diversified & Fashion Retail,68.46153846153847,ACCELERATING
2026-07-14,Diversified & Fashion Retail,52.229363942884504,NEUTRAL
2026-07-15,Diversified & Fashion Retail,45.014470296654586,NEUTRAL
2026-07-16,Diversified & Fashion Retail,41.400866768768864,DECELERATING
2026-07-17,Diversified & Fashion Retail,72.40602440508076,ACCELERATING
2026-07-20,Diversified & Fashion Retail,71.84036773251728,ACCELERATING
2026-07-21,Diversified & Fashion Retail,69.97251749813601,ACCELERATING
2026-07-22,Diversified & Fashion Retail,38.62391643944008,DECELERATING
2026-07-23,Diversified & Fashion Retail,25.69323716997544,DECELERATING
2026-07-24,Diversified & Fashion Retail,30.45175933612607,DECELERATING
2026-07-27,Diversified & Fashion Retail,43.184342431688535,NEUTRAL
2026-07-28,Diversified & Fashion Retail,49.36098222193977,NEUTRAL
2026-07-29,Diversified & Fashion Retail,56.16521295555064,NEUTRAL
2026-07-30,Diversified & Fashion Retail,59.90178458356685,ACCELERATING
2026-07-31,Diversified & Fashion Retail,72.13675910962948,EMERGING LEADER
2026-08-03,Diversified & Fashion Retail,71.87819472630065,EMERGING LEADER
2026-08-04,Diversified & Fashion Retail,64.13266510639288,EMERGING LEADER
2026-08-05,Diversified & Fashion Retail,65.41496484457242,EMERGING LEADER
2026-08-06,Diversified & Fashion Retail,47.75999237734196,NEUTRAL
2026-08-07,Diversified & Fashion Retail,43.23121825875426,NEUTRAL
2026-08-10,Diversified & Fashion Retail,35.1712857662112,DECELERATING
2026-08-11,Diversified & Fashion Retail,36.68188837043576,DECELERATING
2026-08-12,Diversified & Fashion Retail,38.05450128720982,DECELERATING
2026-08-13,Diversified & Fashion Retail,47.31099841857924,NEUTRAL
2026-08-14,Diversified & Fashion Retail,55.38094524909504,NEUTRAL
2026-08-17,Diversified & Fashion Retail,56.00664382146759,NEUTRAL
2026-08-18,Diversified & Fashion Retail,36.74907638042623,WEAKENING
2026-08-19,Diversified & Fashion Retail,44.88725823795203,WEAKENING
2026-08-20,Diversified & Fashion Retail,45.815929481940984,NEUTRAL
2026-08-21,Diversified & Fashion Retail,58.48863037227859,ACCELERATING
2026-07-02,Diversified Commercial,50.0,NEUTRAL
2026-07-03,Diversified Commercial,50.0,NEUTRAL
2026-07-06,Diversified Commercial,50.0,NEUTRAL
2026-07-07,Diversified Commercial,69.04443091905051,ACCELERATING
2026-07-08,Diversified Commercial,32.26804688968256,DECELERATING
2026-07-09,Diversified Commercial,43.989399659502254,NEUTRAL
2026-07-10,Diversified Commercial,54.74773775564828,NEUTRAL
2026-07-13,Diversified Commercial,66.76074180916021,ACCELERATING
2026-07-14,Diversified Commercial,48.59364276409271,NEUTRAL
2026-07-15,Diversified Commercial,44.724567004424195,NEUTRAL
2026-07-16,Diversified Commercial,44.775852239880365,NEUTRAL
2026-07-17,Diversified Commercial,52.37751400850119,NEUTRAL
2026-07-20,Diversified Commercial,52.26187977671877,NEUTRAL
2026-07-21,Diversified Commercial,54.07037087790446,NEUTRAL
2026-07-22,Diversified Commercial,47.512954234246564,NEUTRAL
2026-07-23,Diversified Commercial,45.63695758574997,NEUTRAL
2026-07-24,Diversified Commercial,44.72332551355686,NEUTRAL
2026-07-27,Diversified Commercial,54.83815269797211,NEUTRAL
2026-07-28,Diversified Commercial,49.965469571433374,NEUTRAL
2026-07-29,Diversified Commercial,54.49796539331642,NEUTRAL
2026-07-30,Diversified Commercial,46.40365538093876,NEUTRAL
2026-07-31,Diversified Commercial,55.05467186552896,NEUTRAL
2026-08-03,Diversified Commercial,56.169634246133164,NEUTRAL
2026-08-04,Diversified Commercial,55.74291370387307,NEUTRAL
2026-08-05,Diversified Commercial,56.7440874716132,NEUTRAL
2026-08-06,Diversified Commercial,51.10298612108978,NEUTRAL
2026-08-07,Diversified Commercial,53.833912166115375,NEUTRAL
2026-08-10,Diversified Commercial,48.15330732582114,NEUTRAL
2026-08-11,Diversified Commercial,46.35015899191181,NEUTRAL
2026-08-12,Diversified Commercial,47.363254936256205,NEUTRAL
2026-08-13,Diversified Commercial,48.32147610426762,NEUTRAL
2026-08-14,Diversified Commercial,49.39425476960104,NEUTRAL
2026-08-17,Diversified Commercial,47.40337128437203,NEUTRAL
2026-08-18,Diversified Commercial,48.01974350634378,NEUTRAL
2026-08-19,Diversified Commercial,47.52700525574452,NEUTRAL
2026-08-20,Diversified Commercial,53.15065738541625,NEUTRAL
2026-08-21,Diversified Commercial,52.97087566020758,NEUTRAL
2026-07-02,Diversified Retail,50.0,NEUTRAL
2026-07-03,Diversified Retail,50.0,NEUTRAL
2026-07-06,Diversified Retail,50.0,NEUTRAL
2026-07-07,Diversified Retail,69.5,ACCELERATING
2026-07-08,Diversified Retail,15.5,DECELERATING
2026-07-09,Diversified Retail,23.0,DECELERATING
2026-07-10,Diversified Retail,44.0,NEUTRAL
2026-07-13,Diversified Retail,54.5,NEUTRAL
2026-07-14,Diversified Retail,48.331439695801635,NEUTRAL
2026-07-15,Diversified Retail,43.047882889728015,NEUTRAL
2026-07-16,Diversified Retail,55.00166616780557,NEUTRAL
2026-07-17,Diversified Retail,36.49677142333164,DECELERATING
2026-07-20,Diversified Retail,39.225401323458506,DECELERATING
2026-07-21,Diversified Retail,38.1366288689503,DECELERATING
2026-07-22,Diversified Retail,53.05201989968278,NEUTRAL
2026-07-23,Diversified Retail,64.07082522018804,ACCELERATING
2026-07-24,Diversified Retail,52.08822861286633,NEUTRAL
2026-07-27,Diversified Retail,65.24509807835507,ACCELERATING
2026-07-28,Diversified Retail,43.55916635561641,NEUTRAL
2026-07-29,Diversified Retail,48.341415196767294,NEUTRAL
2026-07-30,Diversified Retail,41.94540410522739,WEAKENING
2026-07-31,Diversified Retail,48.50449080899355,NEUTRAL
2026-08-03,Diversified Retail,59.417299091608,ACCELERATING
2026-08-04,Diversified Retail,60.16630012194008,ACCELERATING
2026-08-05,Diversified Retail,56.776211945405876,NEUTRAL
2026-08-06,Diversified Retail,57.63569377904719,NEUTRAL
2026-08-07,Diversified Retail,51.11863116167888,NEUTRAL
2026-08-10,Diversified Retail,50.32035017173214,NEUTRAL
2026-08-11,Diversified Retail,55.721466264996586,NEUTRAL
2026-08-12,Diversified Retail,44.991214563154855,WEAKENING
2026-08-13,Diversified Retail,44.06146655219784,WEAKENING
2026-08-14,Diversified Retail,37.52366105757861,WEAKENING
2026-08-17,Diversified Retail,53.77811656296607,NEUTRAL
2026-08-18,Diversified Retail,62.550919307381854,ACCELERATING
2026-08-19,Diversified Retail,64.17461633068235,ACCELERATING
2026-08-20,Diversified Retail,65.8026461723724,ACCELERATING
2026-08-21,Diversified Retail,47.923828755648785,NEUTRAL
2026-07-02,Edible Oils,50.0,NEUTRAL
2026-07-03,Edible Oils,50.0,NEUTRAL
2026-07-06,Edible Oils,50.0,NEUTRAL
2026-07-07,Edible Oils,72.5,ACCELERATING
2026-07-08,Edible Oils,12.5,DECELERATING
2026-07-09,Edible Oils,65.0,ACCELERATING
2026-07-10,Edible Oils,87.5,ACCELERATING
2026-07-13,Edible Oils,72.5,ACCELERATING
2026-07-14,Edible Oils,4.945706661356937,DECELERATING
2026-07-15,Edible Oils,0.0,DECELERATING
2026-07-16,Edible Oils,43.11874735015484,NEUTRAL
2026-07-17,Edible Oils,71.77712986290112,ACCELERATING
2026-07-20,Edible Oils,40.18268785313401,DECELERATING
2026-07-21,Edible Oils,64.70844497129771,ACCELERATING
2026-07-22,Edible Oils,56.58650573316713,NEUTRAL
2026-07-23,Edible Oils,56.15731786714981,NEUTRAL
2026-07-24,Edible Oils,34.818299384257074,DECELERATING
2026-07-27,Edible Oils,29.921574928642535,DECELERATING
2026-07-28,Edible Oils,50.69769282647016,NEUTRAL
2026-07-29,Edible Oils,100.0,ACCELERATING
2026-07-30,Edible Oils,90.60365816353044,EMERGING LEADER
2026-07-31,Edible Oils,75.37715268834131,EMERGING LEADER
2026-08-03,Edible Oils,35.0857511802761,DECELERATING
2026-08-04,Edible Oils,19.145270005024436,DECELERATING
2026-08-05,Edible Oils,45.897995698022015,NEUTRAL
2026-08-06,Edible Oils,28.147102915216266,DECELERATING
2026-08-07,Edible Oils,60.42991505996149,EMERGING LEADER
2026-08-10,Edible Oils,48.56890703487526,NEUTRAL
2026-08-11,Edible Oils,50.43877087594513,NEUTRAL
2026-08-12,Edible Oils,67.01990190858886,EMERGING LEADER
2026-08-13,Edible Oils,54.04918214026053,NEUTRAL
2026-08-14,Edible Oils,52.497050362817824,NEUTRAL
2026-08-17,Edible Oils,49.79478354021182,NEUTRAL
2026-08-18,Edible Oils,50.13803058766312,NEUTRAL
2026-08-19,Edible Oils,66.05347133385659,EMERGING LEADER
2026-08-20,Edible Oils,50.49702033288,NEUTRAL
2026-08-21,Edible Oils,49.09276427463706,NEUTRAL
2026-07-02,Electronic Manufacturing Services (EMS),50.0,NEUTRAL
2026-07-03,Electronic Manufacturing Services (EMS),50.0,NEUTRAL
2026-07-06,Electronic Manufacturing Services (EMS),50.0,NEUTRAL
2026-07-07,Electronic Manufacturing Services (EMS),70.45454545454545,ACCELERATING
2026-07-08,Electronic Manufacturing Services (EMS),41.81818181818182,DECELERATING
2026-07-09,Electronic Manufacturing Services (EMS),47.27272727272727,NEUTRAL
2026-07-10,Electronic Manufacturing Services (EMS),56.81818181818181,NEUTRAL
2026-07-13,Electronic Manufacturing Services (EMS),60.90909090909091,ACCELERATING
2026-07-14,Electronic Manufacturing Services (EMS),36.942765109392056,DECELERATING
2026-07-15,Electronic Manufacturing Services (EMS),48.07303524093124,NEUTRAL
2026-07-16,Electronic Manufacturing Services (EMS),59.6329185115133,ACCELERATING
2026-07-17,Electronic Manufacturing Services (EMS),62.544023226990525,ACCELERATING
2026-07-20,Electronic Manufacturing Services (EMS),53.55086027853568,NEUTRAL
2026-07-21,Electronic Manufacturing Services (EMS),41.52467481178425,DECELERATING
2026-07-22,Electronic Manufacturing Services (EMS),39.34484045587986,DECELERATING
2026-07-23,Electronic Manufacturing Services (EMS),42.3883104693393,NEUTRAL
2026-07-24,Electronic Manufacturing Services (EMS),35.24280315144168,DECELERATING
2026-07-27,Electronic Manufacturing Services (EMS),51.67599393270095,NEUTRAL
2026-07-28,Electronic Manufacturing Services (EMS),45.710610901077196,NEUTRAL
2026-07-29,Electronic Manufacturing Services (EMS),61.01159356818283,ACCELERATING
2026-07-30,Electronic Manufacturing Services (EMS),57.75651145922318,NEUTRAL
2026-07-31,Electronic Manufacturing Services (EMS),70.60290235206719,EMERGING LEADER
2026-08-03,Electronic Manufacturing Services (EMS),61.195547442492874,EMERGING LEADER
2026-08-04,Electronic Manufacturing Services (EMS),59.72285072372907,ACCELERATING
2026-08-05,Electronic Manufacturing Services (EMS),56.90310870556386,NEUTRAL
2026-08-06,Electronic Manufacturing Services (EMS),50.14524396117178,NEUTRAL
2026-08-07,Electronic Manufacturing Services (EMS),58.35870153677251,ACCELERATING
2026-08-10,Electronic Manufacturing Services (EMS),53.3802792532074,NEUTRAL
2026-08-11,Electronic Manufacturing Services (EMS),53.25025504709003,NEUTRAL
2026-08-12,Electronic Manufacturing Services (EMS),47.88327825233431,NEUTRAL
2026-08-13,Electronic Manufacturing Services (EMS),37.71419441976553,DECELERATING
2026-08-14,Electronic Manufacturing Services (EMS),44.42535847611934,NEUTRAL
2026-08-17,Electronic Manufacturing Services (EMS),33.52622511868481,DECELERATING
2026-08-18,Electronic Manufacturing Services (EMS),57.69651999266856,NEUTRAL
2026-08-19,Electronic Manufacturing Services (EMS),46.53319633504128,NEUTRAL
2026-08-20,Electronic Manufacturing Services (EMS),49.44083585957924,NEUTRAL
2026-08-21,Electronic Manufacturing Services (EMS),32.171159427392624,DECELERATING
2026-07-02,Explosives & Defence Chemicals,50.0,NEUTRAL
2026-07-03,Explosives & Defence Chemicals,50.0,NEUTRAL
2026-07-06,Explosives & Defence Chemicals,50.0,NEUTRAL
2026-07-07,Explosives & Defence Chemicals,35.0,DECELERATING
2026-07-08,Explosives & Defence Chemicals,27.5,DECELERATING
2026-07-09,Explosives & Defence Chemicals,50.0,NEUTRAL
2026-07-10,Explosives & Defence Chemicals,65.0,ACCELERATING
2026-07-13,Explosives & Defence Chemicals,50.0,NEUTRAL
2026-07-14,Explosives & Defence Chemicals,53.96067032853053,NEUTRAL
2026-07-15,Explosives & Defence Chemicals,52.094891239834965,NEUTRAL
2026-07-16,Explosives & Defence Chemicals,53.22829491364738,NEUTRAL
2026-07-17,Explosives & Defence Chemicals,51.07679382015358,NEUTRAL
2026-07-20,Explosives & Defence Chemicals,92.84007812059811,ACCELERATING
2026-07-21,Explosives & Defence Chemicals,74.88976801018542,ACCELERATING
2026-07-22,Explosives & Defence Chemicals,74.69823732529284,ACCELERATING
2026-07-23,Explosives & Defence Chemicals,34.54881280529632,DECELERATING
2026-07-24,Explosives & Defence Chemicals,27.85621201537264,DECELERATING
2026-07-27,Explosives & Defence Chemicals,48.07364509643198,NEUTRAL
2026-07-28,Explosives & Defence Chemicals,25.714138409157336,DECELERATING
2026-07-29,Explosives & Defence Chemicals,46.61131191341024,NEUTRAL
2026-07-30,Explosives & Defence Chemicals,25.34286869400097,WEAKENING
2026-07-31,Explosives & Defence Chemicals,49.47840113590784,NEUTRAL
2026-08-03,Explosives & Defence Chemicals,73.75549516571792,EMERGING LEADER
2026-08-04,Explosives & Defence Chemicals,74.0807118027592,EMERGING LEADER
2026-08-05,Explosives & Defence Chemicals,50.52557217170122,NEUTRAL
2026-08-06,Explosives & Defence Chemicals,28.664597326068076,WEAKENING
2026-08-07,Explosives & Defence Chemicals,33.41969410844729,DECELERATING
2026-08-10,Explosives & Defence Chemicals,71.97718884664278,EMERGING LEADER
2026-08-11,Explosives & Defence Chemicals,71.65231786191451,EMERGING LEADER
2026-08-12,Explosives & Defence Chemicals,67.14864017590003,EMERGING LEADER
2026-08-13,Explosives & Defence Chemicals,69.18396636965102,EMERGING LEADER
2026-08-14,Explosives & Defence Chemicals,24.474219255836676,DECELERATING
2026-08-17,Explosives & Defence Chemicals,68.71409267069976,EMERGING LEADER
2026-08-18,Explosives & Defence Chemicals,50.786127238412995,NEUTRAL
2026-08-19,Explosives & Defence Chemicals,64.30174039558783,EMERGING LEADER
2026-08-20,Explosives & Defence Chemicals,30.578947671415126,DECELERATING
2026-08-21,Explosives & Defence Chemicals,31.372641056561108,DECELERATING
2026-07-02,Fast Moving Consumer Goods,50.0,NEUTRAL
2026-07-03,Fast Moving Consumer Goods,50.0,NEUTRAL
2026-07-06,Fast Moving Consumer Goods,50.0,NEUTRAL
2026-07-07,Fast Moving Consumer Goods,65.0,ACCELERATING
2026-07-08,Fast Moving Consumer Goods,27.5,DECELERATING
2026-07-09,Fast Moving Consumer Goods,47.857142857142854,NEUTRAL
2026-07-10,Fast Moving Consumer Goods,70.35714285714286,ACCELERATING
2026-07-13,Fast Moving Consumer Goods,84.28571428571428,ACCELERATING
2026-07-14,Fast Moving Consumer Goods,43.1338880689078,NEUTRAL
2026-07-15,Fast Moving Consumer Goods,42.27698370479486,NEUTRAL
2026-07-16,Fast Moving Consumer Goods,44.90898636244833,NEUTRAL
2026-07-17,Fast Moving Consumer Goods,52.81731010536621,NEUTRAL
2026-07-20,Fast Moving Consumer Goods,50.780235296910085,NEUTRAL
2026-07-21,Fast Moving Consumer Goods,46.949701814532,NEUTRAL
2026-07-22,Fast Moving Consumer Goods,46.5683956537832,NEUTRAL
2026-07-23,Fast Moving Consumer Goods,41.371315623416415,DECELERATING
2026-07-24,Fast Moving Consumer Goods,49.99883067335008,NEUTRAL
2026-07-27,Fast Moving Consumer Goods,61.779823876960776,ACCELERATING
2026-07-28,Fast Moving Consumer Goods,46.137902625578775,NEUTRAL
2026-07-29,Fast Moving Consumer Goods,43.96033243820279,NEUTRAL
2026-07-30,Fast Moving Consumer Goods,30.6862876321051,WEAKENING
2026-07-31,Fast Moving Consumer Goods,49.25039853287264,NEUTRAL
2026-08-03,Fast Moving Consumer Goods,61.50381957155183,EMERGING LEADER
2026-08-04,Fast Moving Consumer Goods,65.60857979990362,EMERGING LEADER
2026-08-05,Fast Moving Consumer Goods,60.71363363348756,EMERGING LEADER
2026-08-06,Fast Moving Consumer Goods,40.29053102744322,DECELERATING
2026-08-07,Fast Moving Consumer Goods,52.87945466540852,NEUTRAL
2026-08-10,Fast Moving Consumer Goods,42.2272956101629,NEUTRAL
2026-08-11,Fast Moving Consumer Goods,44.633576913932764,NEUTRAL
2026-08-12,Fast Moving Consumer Goods,41.37349154474002,DECELERATING
2026-08-13,Fast Moving Consumer Goods,58.20932979662665,ACCELERATING
2026-08-14,Fast Moving Consumer Goods,69.96049106941096,EMERGING LEADER
2026-08-17,Fast Moving Consumer Goods,51.77940311733934,NEUTRAL
2026-08-18,Fast Moving Consumer Goods,51.159139142095455,NEUTRAL
2026-08-19,Fast Moving Consumer Goods,40.31611576716561,DECELERATING
2026-08-20,Fast Moving Consumer Goods,47.52498528083045,NEUTRAL
2026-08-21,Fast Moving Consumer Goods,45.20819778592154,NEUTRAL
2026-07-02,Fertilizers,50.0,NEUTRAL
2026-07-03,Fertilizers,50.0,NEUTRAL
2026-07-06,Fertilizers,50.0,NEUTRAL
2026-07-07,Fertilizers,50.0,NEUTRAL
2026-07-08,Fertilizers,0.0,DECELERATING
2026-07-09,Fertilizers,50.0,NEUTRAL
2026-07-10,Fertilizers,50.0,NEUTRAL
2026-07-13,Fertilizers,65.0,ACCELERATING
2026-07-14,Fertilizers,50.9902001852021,NEUTRAL
2026-07-15,Fertilizers,66.22228339147986,ACCELERATING
2026-07-16,Fertilizers,51.48298889285938,NEUTRAL
2026-07-17,Fertilizers,51.587968319631436,NEUTRAL
2026-07-20,Fertilizers,21.299198470812662,DECELERATING
2026-07-21,Fertilizers,48.56686836638782,NEUTRAL
2026-07-22,Fertilizers,48.12763558706091,NEUTRAL
2026-07-23,Fertilizers,64.56294623530736,ACCELERATING
2026-07-24,Fertilizers,51.1301396924894,NEUTRAL
2026-07-27,Fertilizers,51.788326569793895,NEUTRAL
2026-07-28,Fertilizers,52.53016423554024,NEUTRAL
2026-07-29,Fertilizers,67.78809615029553,ACCELERATING
2026-07-30,Fertilizers,35.978320565875265,WEAKENING
2026-07-31,Fertilizers,33.90752693451534,WEAKENING
2026-08-03,Fertilizers,48.72429228251991,NEUTRAL
2026-08-04,Fertilizers,63.73308524322876,ACCELERATING
2026-08-05,Fertilizers,79.30054347539911,ACCELERATING
2026-08-06,Fertilizers,34.37789968303743,WEAKENING
2026-08-07,Fertilizers,49.633341280524924,NEUTRAL
2026-08-10,Fertilizers,35.04748429783166,WEAKENING
2026-08-11,Fertilizers,48.80374643560498,NEUTRAL
2026-08-12,Fertilizers,49.118921728682544,NEUTRAL
2026-08-13,Fertilizers,64.26221466388344,ACCELERATING
2026-08-14,Fertilizers,51.19302239544169,NEUTRAL
2026-08-17,Fertilizers,50.20789699398795,NEUTRAL
2026-08-18,Fertilizers,19.901562256160553,WEAKENING
2026-08-19,Fertilizers,49.301979692218964,NEUTRAL
2026-08-20,Fertilizers,49.68532608699199,NEUTRAL
2026-08-21,Fertilizers,64.16911896982373,ACCELERATING
2026-07-02,Fertilizers & Agrochemicals,50.0,NEUTRAL
2026-07-03,Fertilizers & Agrochemicals,50.0,NEUTRAL
2026-07-06,Fertilizers & Agrochemicals,50.0,NEUTRAL
2026-07-07,Fertilizers & Agrochemicals,70.625,ACCELERATING
2026-07-08,Fertilizers & Agrochemicals,0.0,DECELERATING
2026-07-09,Fertilizers & Agrochemicals,35.0,DECELERATING
2026-07-10,Fertilizers & Agrochemicals,55.625,NEUTRAL
2026-07-13,Fertilizers & Agrochemicals,90.3125,ACCELERATING
2026-07-14,Fertilizers & Agrochemicals,56.44399279759476,NEUTRAL
2026-07-15,Fertilizers & Agrochemicals,52.793323744017876,NEUTRAL
2026-07-16,Fertilizers & Agrochemicals,52.90297765320584,NEUTRAL
2026-07-17,Fertilizers & Agrochemicals,39.67499598183731,DECELERATING
2026-07-20,Fertilizers & Agrochemicals,35.9475220059666,DECELERATING
2026-07-21,Fertilizers & Agrochemicals,25.68946161526663,DECELERATING
2026-07-22,Fertilizers & Agrochemicals,47.42242733861841,NEUTRAL
2026-07-23,Fertilizers & Agrochemicals,41.42528055082997,DECELERATING
2026-07-24,Fertilizers & Agrochemicals,51.66782906628872,NEUTRAL
2026-07-27,Fertilizers & Agrochemicals,55.294813109573724,NEUTRAL
2026-07-28,Fertilizers & Agrochemicals,57.597650592250176,NEUTRAL
2026-07-29,Fertilizers & Agrochemicals,68.14722652730332,ACCELERATING
2026-07-30,Fertilizers & Agrochemicals,50.6480873655984,NEUTRAL
2026-07-31,Fertilizers & Agrochemicals,48.861240087176746,NEUTRAL
2026-08-03,Fertilizers & Agrochemicals,53.87994406938782,NEUTRAL
2026-08-04,Fertilizers & Agrochemicals,52.50955574215245,NEUTRAL
2026-08-05,Fertilizers & Agrochemicals,59.48966045664358,ACCELERATING
2026-08-06,Fertilizers & Agrochemicals,41.28098184450014,DECELERATING
2026-08-07,Fertilizers & Agrochemicals,47.420196713014825,NEUTRAL
2026-08-10,Fertilizers & Agrochemicals,52.45116775820364,NEUTRAL
2026-08-11,Fertilizers & Agrochemicals,46.601901624739206,NEUTRAL
2026-08-12,Fertilizers & Agrochemicals,52.10935465778861,NEUTRAL
2026-08-13,Fertilizers & Agrochemicals,35.23277090607518,WEAKENING
2026-08-14,Fertilizers & Agrochemicals,53.25451908572434,NEUTRAL
2026-08-17,Fertilizers & Agrochemicals,51.011856161398406,NEUTRAL
2026-08-18,Fertilizers & Agrochemicals,57.593385089057534,NEUTRAL
2026-08-19,Fertilizers & Agrochemicals,43.49646912768457,WEAKENING
2026-08-20,Fertilizers & Agrochemicals,42.82845260596679,WEAKENING
2026-08-21,Fertilizers & Agrochemicals,43.546366264229576,WEAKENING
2026-07-02,Financial Services,50.0,NEUTRAL
2026-07-03,Financial Services,50.0,NEUTRAL
2026-07-06,Financial Services,50.0,NEUTRAL
2026-07-07,Financial Services,67.5,ACCELERATING
2026-07-08,Financial Services,25.000000000000004,DECELERATING
2026-07-09,Financial Services,62.5,ACCELERATING
2026-07-10,Financial Services,72.5,ACCELERATING
2026-07-13,Financial Services,86.25,ACCELERATING
2026-07-14,Financial Services,27.321642339265445,DECELERATING
2026-07-15,Financial Services,44.13325903232973,NEUTRAL
2026-07-16,Financial Services,40.02672739361482,DECELERATING
2026-07-17,Financial Services,64.3186417943606,ACCELERATING
2026-07-20,Financial Services,38.4932754904018,DECELERATING
2026-07-21,Financial Services,46.4274313922696,NEUTRAL
2026-07-22,Financial Services,44.27362122942373,NEUTRAL
2026-07-23,Financial Services,42.47451637902591,NEUTRAL
2026-07-24,Financial Services,47.700264856997,NEUTRAL
2026-07-27,Financial Services,56.54898286305299,NEUTRAL
2026-07-28,Financial Services,66.66785676165829,ACCELERATING
2026-07-29,Financial Services,56.47500255397277,NEUTRAL
2026-07-30,Financial Services,50.69301313247691,NEUTRAL
2026-07-31,Financial Services,47.700493571021624,NEUTRAL
2026-08-03,Financial Services,61.977478467696564,EMERGING LEADER
2026-08-04,Financial Services,44.16601322619464,NEUTRAL
2026-08-05,Financial Services,53.36995356524193,NEUTRAL
2026-08-06,Financial Services,50.632082439014816,NEUTRAL
2026-08-07,Financial Services,58.8056985209633,ACCELERATING
2026-08-10,Financial Services,53.30042348655565,NEUTRAL
2026-08-11,Financial Services,43.1795005795904,NEUTRAL
2026-08-12,Financial Services,53.27053302469099,NEUTRAL
2026-08-13,Financial Services,43.82333389113728,NEUTRAL
2026-08-14,Financial Services,37.48760873894971,DECELERATING
2026-08-17,Financial Services,46.63169354442871,NEUTRAL
2026-08-18,Financial Services,41.28100245613902,DECELERATING
2026-08-19,Financial Services,54.99312483796961,NEUTRAL
2026-08-20,Financial Services,54.073821124509784,NEUTRAL
2026-08-21,Financial Services,54.9269460914746,NEUTRAL
2026-07-02,Footwear,50.0,NEUTRAL
2026-07-03,Footwear,50.0,NEUTRAL
2026-07-06,Footwear,50.0,NEUTRAL
2026-07-07,Footwear,80.0,ACCELERATING
2026-07-08,Footwear,35.0,DECELERATING
2026-07-09,Footwear,0.0,DECELERATING
2026-07-10,Footwear,42.5,NEUTRAL
2026-07-13,Footwear,65.0,ACCELERATING
2026-07-14,Footwear,35.1287979507984,DECELERATING
2026-07-15,Footwear,39.52778759873458,DECELERATING
2026-07-16,Footwear,29.5337463271053,DECELERATING
2026-07-17,Footwear,100.0,ACCELERATING
2026-07-20,Footwear,63.85071780124359,ACCELERATING
2026-07-21,Footwear,79.11217435978058,ACCELERATING
2026-07-22,Footwear,0.0,DECELERATING
2026-07-23,Footwear,24.816673067698048,DECELERATING
2026-07-24,Footwear,20.542882792030614,DECELERATING
2026-07-27,Footwear,54.83878270324,NEUTRAL
2026-07-28,Footwear,48.75935356398233,NEUTRAL
2026-07-29,Footwear,52.49603278076906,NEUTRAL
2026-07-30,Footwear,44.71340864546309,WEAKENING
2026-07-31,Footwear,51.45934865467092,NEUTRAL
2026-08-03,Footwear,50.622597392403925,NEUTRAL
2026-08-04,Footwear,48.627527766014154,NEUTRAL
2026-08-05,Footwear,72.97381929928457,EMERGING LEADER
2026-08-06,Footwear,33.75991243615745,WEAKENING
2026-08-07,Footwear,48.62956262573502,NEUTRAL
2026-08-10,Footwear,7.260765173059113,WEAKENING
2026-08-11,Footwear,46.37201729945053,NEUTRAL
2026-08-12,Footwear,44.693345269591525,WEAKENING
2026-08-13,Footwear,82.06540274093821,ACCELERATING
2026-08-14,Footwear,90.77091804317146,EMERGING LEADER
2026-08-17,Footwear,74.75218490366908,ACCELERATING
2026-08-18,Footwear,40.12746246690266,WEAKENING
2026-08-19,Footwear,33.45976880925324,WEAKENING
2026-08-20,Footwear,15.475697913196484,WEAKENING
2026-08-21,Footwear,61.71278880913199,ACCELERATING
2026-07-02,Gas Distribution,50.0,NEUTRAL
2026-07-03,Gas Distribution,50.0,NEUTRAL
2026-07-06,Gas Distribution,50.0,NEUTRAL
2026-07-07,Gas Distribution,20.0,DECELERATING
2026-07-08,Gas Distribution,20.0,DECELERATING
2026-07-09,Gas Distribution,35.0,DECELERATING
2026-07-10,Gas Distribution,80.0,ACCELERATING
2026-07-13,Gas Distribution,80.0,ACCELERATING
2026-07-14,Gas Distribution,20.14246209500895,DECELERATING
2026-07-15,Gas Distribution,49.2833350843473,NEUTRAL
2026-07-16,Gas Distribution,20.52738723622886,DECELERATING
2026-07-17,Gas Distribution,20.711842598264788,DECELERATING
2026-07-20,Gas Distribution,52.09016521666136,NEUTRAL
2026-07-21,Gas Distribution,100.0,ACCELERATING
2026-07-22,Gas Distribution,51.44032509364329,NEUTRAL
2026-07-23,Gas Distribution,51.15373717649932,NEUTRAL
2026-07-24,Gas Distribution,5.472205250562162,DECELERATING
2026-07-27,Gas Distribution,100.0,ACCELERATING
2026-07-28,Gas Distribution,100.0,ACCELERATING
2026-07-29,Gas Distribution,94.5943237867013,ACCELERATING
2026-07-30,Gas Distribution,18.8373370831418,DECELERATING
2026-07-31,Gas Distribution,52.12339089412893,NEUTRAL
2026-08-03,Gas Distribution,18.23421641907254,DECELERATING
2026-08-04,Gas Distribution,78.26636850979327,EMERGING LEADER
2026-08-05,Gas Distribution,15.785858390059445,DECELERATING
2026-08-06,Gas Distribution,50.651562885347104,NEUTRAL
2026-08-07,Gas Distribution,0.0,WEAKENING
2026-08-10,Gas Distribution,4.087470832383175,WEAKENING
2026-08-11,Gas Distribution,100.0,EMERGING LEADER
2026-08-12,Gas Distribution,99.95679739886799,EMERGING LEADER
2026-08-13,Gas Distribution,96.07863147874578,EMERGING LEADER
2026-08-14,Gas Distribution,21.182801456557897,DECELERATING
2026-08-17,Gas Distribution,4.543745295100166,WEAKENING
2026-08-18,Gas Distribution,4.554610977772398,WEAKENING
2026-08-19,Gas Distribution,2.288260579820964,WEAKENING
2026-08-20,Gas Distribution,48.7228079766423,NEUTRAL
2026-08-21,Gas Distribution,49.01282266363365,NEUTRAL
2026-07-02,Gas Transmission & Distribution,50.0,NEUTRAL
2026-07-03,Gas Transmission & Distribution,50.0,NEUTRAL
2026-07-06,Gas Transmission & Distribution,50.0,NEUTRAL
2026-07-07,Gas Transmission & Distribution,68.75,ACCELERATING
2026-07-08,Gas Transmission & Distribution,8.75,DECELERATING
2026-07-09,Gas Transmission & Distribution,57.5,NEUTRAL
2026-07-10,Gas Transmission & Distribution,50.0,NEUTRAL
2026-07-13,Gas Transmission & Distribution,91.25,ACCELERATING
2026-07-14,Gas Transmission & Distribution,50.79419321816668,NEUTRAL
2026-07-15,Gas Transmission & Distribution,41.413448813927104,DECELERATING
2026-07-16,Gas Transmission & Distribution,56.9071605112866,NEUTRAL
2026-07-17,Gas Transmission & Distribution,23.270241731061397,DECELERATING
2026-07-20,Gas Transmission & Distribution,43.900047869460785,NEUTRAL
2026-07-21,Gas Transmission & Distribution,41.85345601756745,DECELERATING
2026-07-22,Gas Transmission & Distribution,76.83705458846931,ACCELERATING
2026-07-23,Gas Transmission & Distribution,37.915451675744,DECELERATING
2026-07-24,Gas Transmission & Distribution,39.87614813947771,DECELERATING
2026-07-27,Gas Transmission & Distribution,30.3609206846683,DECELERATING
2026-07-28,Gas Transmission & Distribution,69.25545650967905,ACCELERATING
2026-07-29,Gas Transmission & Distribution,68.42440293804691,ACCELERATING
2026-07-30,Gas Transmission & Distribution,70.42122283883296,ACCELERATING
2026-07-31,Gas Transmission & Distribution,69.12574417387147,EMERGING LEADER
2026-08-03,Gas Transmission & Distribution,55.07804433782516,NEUTRAL
2026-08-04,Gas Transmission & Distribution,53.2257364087257,NEUTRAL
2026-08-05,Gas Transmission & Distribution,41.596576117992704,DECELERATING
2026-08-06,Gas Transmission & Distribution,59.04137822059821,ACCELERATING
2026-08-07,Gas Transmission & Distribution,56.06207875409447,NEUTRAL
2026-08-10,Gas Transmission & Distribution,49.1999776061451,NEUTRAL
2026-08-11,Gas Transmission & Distribution,28.095272194829136,WEAKENING
2026-08-12,Gas Transmission & Distribution,43.85263733933297,NEUTRAL
2026-08-13,Gas Transmission & Distribution,36.32967558411429,DECELERATING
2026-08-14,Gas Transmission & Distribution,70.09610314759848,EMERGING LEADER
2026-08-17,Gas Transmission & Distribution,42.33060452215062,NEUTRAL
2026-08-18,Gas Transmission & Distribution,60.94354297050116,ACCELERATING
2026-08-19,Gas Transmission & Distribution,73.17421987909125,EMERGING LEADER
2026-08-20,Gas Transmission & Distribution,66.20849143331597,EMERGING LEADER
2026-08-21,Gas Transmission & Distribution,34.710982234779735,WEAKENING
2026-07-02,Healthcare,50.0,NEUTRAL
2026-07-03,Healthcare,50.0,NEUTRAL
2026-07-06,Healthcare,50.0,NEUTRAL
2026-07-07,Healthcare,55.357142857142854,NEUTRAL
2026-07-08,Healthcare,33.92857142857143,DECELERATING
2026-07-09,Healthcare,51.07142857142857,NEUTRAL
2026-07-10,Healthcare,63.92857142857143,ACCELERATING
2026-07-13,Healthcare,72.5,ACCELERATING
2026-07-14,Healthcare,49.965462315007215,NEUTRAL
2026-07-15,Healthcare,71.47014498870683,ACCELERATING
2026-07-16,Healthcare,46.485822958067914,NEUTRAL
2026-07-17,Healthcare,55.01309859803089,NEUTRAL
2026-07-20,Healthcare,47.08342750504703,NEUTRAL
2026-07-21,Healthcare,48.95514490304177,NEUTRAL
2026-07-22,Healthcare,29.306483651411483,DECELERATING
2026-07-23,Healthcare,23.29836841640514,DECELERATING
2026-07-24,Healthcare,34.78231854692464,DECELERATING
2026-07-27,Healthcare,58.21537726325764,ACCELERATING
2026-07-28,Healthcare,53.32875578018769,NEUTRAL
2026-07-29,Healthcare,62.70401588345785,ACCELERATING
2026-07-30,Healthcare,48.863550670900466,NEUTRAL
2026-07-31,Healthcare,66.74363141262208,EMERGING LEADER
2026-08-03,Healthcare,63.27984752679008,EMERGING LEADER
2026-08-04,Healthcare,75.19120773196435,EMERGING LEADER
2026-08-05,Healthcare,52.59398840016118,NEUTRAL
2026-08-06,Healthcare,48.38534921830073,NEUTRAL
2026-08-07,Healthcare,56.97750154866977,NEUTRAL
2026-08-10,Healthcare,73.30296155070491,EMERGING LEADER
2026-08-11,Healthcare,51.494742597287036,NEUTRAL
2026-08-12,Healthcare,35.15405425512922,DECELERATING
2026-08-13,Healthcare,25.10237060794082,DECELERATING
2026-08-14,Healthcare,42.361589554339496,NEUTRAL
2026-08-17,Healthcare,52.659637169047684,NEUTRAL
2026-08-18,Healthcare,51.0504453668083,NEUTRAL
2026-08-19,Healthcare,57.63547159210748,NEUTRAL
2026-08-20,Healthcare,51.575765618115234,NEUTRAL
2026-08-21,Healthcare,44.76329438170364,NEUTRAL
2026-07-02,Heavy Electrical Equipment,50.0,NEUTRAL
2026-07-03,Heavy Electrical Equipment,50.0,NEUTRAL
2026-07-06,Heavy Electrical Equipment,50.0,NEUTRAL
2026-07-07,Heavy Electrical Equipment,50.0,NEUTRAL
2026-07-08,Heavy Electrical Equipment,50.0,NEUTRAL
2026-07-09,Heavy Electrical Equipment,50.0,NEUTRAL
2026-07-10,Heavy Electrical Equipment,50.0,NEUTRAL
2026-07-13,Heavy Electrical Equipment,50.0,NEUTRAL
2026-07-14,Heavy Electrical Equipment,56.107058357734644,NEUTRAL
2026-07-15,Heavy Electrical Equipment,94.63150765572692,ACCELERATING
2026-07-16,Heavy Electrical Equipment,52.779034936793785,NEUTRAL
2026-07-17,Heavy Electrical Equipment,49.099942132057336,NEUTRAL
2026-07-20,Heavy Electrical Equipment,2.122007823654755,DECELERATING
2026-07-21,Heavy Electrical Equipment,48.45160494462151,NEUTRAL
2026-07-22,Heavy Electrical Equipment,51.39361825270735,NEUTRAL
2026-07-23,Heavy Electrical Equipment,53.364471451666226,NEUTRAL
2026-07-24,Heavy Electrical Equipment,51.847777554972915,NEUTRAL
2026-07-27,Heavy Electrical Equipment,50.381967888084,NEUTRAL
2026-07-28,Heavy Electrical Equipment,47.201945646615876,NEUTRAL
2026-07-29,Heavy Electrical Equipment,10.15676363972915,DECELERATING
2026-07-30,Heavy Electrical Equipment,72.76496085163883,ACCELERATING
2026-07-31,Heavy Electrical Equipment,79.14762420038204,ACCELERATING
2026-08-03,Heavy Electrical Equipment,85.42788029701201,ACCELERATING
2026-08-04,Heavy Electrical Equipment,25.376352065675967,WEAKENING
2026-08-05,Heavy Electrical Equipment,100.0,EMERGING LEADER
2026-08-06,Heavy Electrical Equipment,100.0,EMERGING LEADER
2026-08-07,Heavy Electrical Equipment,100.0,EMERGING LEADER
2026-08-10,Heavy Electrical Equipment,16.73312809231217,DECELERATING
2026-08-11,Heavy Electrical Equipment,49.22173142655402,NEUTRAL
2026-08-12,Heavy Electrical Equipment,90.9126674626396,EMERGING LEADER
2026-08-13,Heavy Electrical Equipment,88.03730865315988,EMERGING LEADER
2026-08-14,Heavy Electrical Equipment,54.702716714625964,NEUTRAL
2026-08-17,Heavy Electrical Equipment,51.71131010515415,NEUTRAL
2026-08-18,Heavy Electrical Equipment,22.821592206305752,DECELERATING
2026-08-19,Heavy Electrical Equipment,39.794054677293616,DECELERATING
2026-08-20,Heavy Electrical Equipment,2.3184832460606017,DECELERATING
2026-08-21,Heavy Electrical Equipment,34.18125722835962,DECELERATING
2026-07-02,Hospitals & Diagnostic Centres,50.0,NEUTRAL
2026-07-03,Hospitals & Diagnostic Centres,50.0,NEUTRAL
2026-07-06,Hospitals & Diagnostic Centres,50.0,NEUTRAL
2026-07-07,Hospitals & Diagnostic Centres,62.93103448275862,ACCELERATING
2026-07-08,Hospitals & Diagnostic Centres,19.482758620689655,DECELERATING
2026-07-09,Hospitals & Diagnostic Centres,54.6551724137931,NEUTRAL
2026-07-10,Hospitals & Diagnostic Centres,56.20689655172414,NEUTRAL
2026-07-13,Hospitals & Diagnostic Centres,68.62068965517241,ACCELERATING
2026-07-14,Hospitals & Diagnostic Centres,37.443659348503246,DECELERATING
2026-07-15,Hospitals & Diagnostic Centres,58.784559453808,ACCELERATING
2026-07-16,Hospitals & Diagnostic Centres,57.32435761558185,NEUTRAL
2026-07-17,Hospitals & Diagnostic Centres,47.65755287247258,NEUTRAL
2026-07-20,Hospitals & Diagnostic Centres,49.46832070780295,NEUTRAL
2026-07-21,Hospitals & Diagnostic Centres,51.07635679060151,NEUTRAL
2026-07-22,Hospitals & Diagnostic Centres,50.928329059085605,NEUTRAL
2026-07-23,Hospitals & Diagnostic Centres,42.961048487635814,NEUTRAL
2026-07-24,Hospitals & Diagnostic Centres,38.818094009237306,DECELERATING
2026-07-27,Hospitals & Diagnostic Centres,63.38223387169824,ACCELERATING
2026-07-28,Hospitals & Diagnostic Centres,58.34547717206614,ACCELERATING
2026-07-29,Hospitals & Diagnostic Centres,58.147564792017825,ACCELERATING
2026-07-30,Hospitals & Diagnostic Centres,40.614179696050556,DECELERATING
2026-07-31,Hospitals & Diagnostic Centres,42.05338730054223,NEUTRAL
2026-08-03,Hospitals & Diagnostic Centres,42.498547433120876,NEUTRAL
2026-08-04,Hospitals & Diagnostic Centres,49.168855885537695,NEUTRAL
2026-08-05,Hospitals & Diagnostic Centres,58.588954427704195,ACCELERATING
2026-08-06,Hospitals & Diagnostic Centres,59.329098048911646,ACCELERATING
2026-08-07,Hospitals & Diagnostic Centres,57.64424488872616,NEUTRAL
2026-08-10,Hospitals & Diagnostic Centres,52.63229173172249,NEUTRAL
2026-08-11,Hospitals & Diagnostic Centres,42.281473868002635,NEUTRAL
2026-08-12,Hospitals & Diagnostic Centres,38.493234221678925,DECELERATING
2026-08-13,Hospitals & Diagnostic Centres,39.40895847271241,WEAKENING
2026-08-14,Hospitals & Diagnostic Centres,54.209718709502326,NEUTRAL
2026-08-17,Hospitals & Diagnostic Centres,53.938662480900604,NEUTRAL
2026-08-18,Hospitals & Diagnostic Centres,54.385845948171216,NEUTRAL
2026-08-19,Hospitals & Diagnostic Centres,47.02506228881103,NEUTRAL
2026-08-20,Hospitals & Diagnostic Centres,46.281085563523156,NEUTRAL
2026-08-21,Hospitals & Diagnostic Centres,51.623268746208126,NEUTRAL
2026-07-02,Hospitals & Healthcare Services,50.0,NEUTRAL
2026-07-03,Hospitals & Healthcare Services,50.0,NEUTRAL
2026-07-06,Hospitals & Healthcare Services,50.0,NEUTRAL
2026-07-07,Hospitals & Healthcare Services,50.0,NEUTRAL
2026-07-08,Hospitals & Healthcare Services,0.0,DECELERATING
2026-07-09,Hospitals & Healthcare Services,80.0,ACCELERATING
2026-07-10,Hospitals & Healthcare Services,95.0,ACCELERATING
2026-07-13,Hospitals & Healthcare Services,100.0,ACCELERATING
2026-07-14,Hospitals & Healthcare Services,20.209672480704448,DECELERATING
2026-07-15,Hospitals & Healthcare Services,50.56055259105165,NEUTRAL
2026-07-16,Hospitals & Healthcare Services,17.553224153121313,DECELERATING
2026-07-17,Hospitals & Healthcare Services,49.3635755480657,NEUTRAL
2026-07-20,Hospitals & Healthcare Services,49.221902123232255,NEUTRAL
2026-07-21,Hospitals & Healthcare Services,50.04495531380955,NEUTRAL
2026-07-22,Hospitals & Healthcare Services,47.440995361149284,NEUTRAL
2026-07-23,Hospitals & Healthcare Services,4.1944706198617325,DECELERATING
2026-07-24,Hospitals & Healthcare Services,34.66745937758782,DECELERATING
2026-07-27,Hospitals & Healthcare Services,50.8073770035166,NEUTRAL
2026-07-28,Hospitals & Healthcare Services,96.82879616775332,ACCELERATING
2026-07-29,Hospitals & Healthcare Services,97.11984309691333,ACCELERATING
2026-07-30,Hospitals & Healthcare Services,22.054845110282667,DECELERATING
2026-07-31,Hospitals & Healthcare Services,50.07789736898449,NEUTRAL
2026-08-03,Hospitals & Healthcare Services,0.0,DECELERATING
2026-08-04,Hospitals & Healthcare Services,100.0,EMERGING LEADER
2026-08-05,Hospitals & Healthcare Services,78.75191842969602,EMERGING LEADER
2026-08-06,Hospitals & Healthcare Services,100.0,EMERGING LEADER
2026-08-07,Hospitals & Healthcare Services,52.46254200714892,NEUTRAL
2026-08-10,Hospitals & Healthcare Services,0.0,DECELERATING
2026-08-11,Hospitals & Healthcare Services,0.0,DECELERATING
2026-08-12,Hospitals & Healthcare Services,16.40793094937426,DECELERATING
2026-08-13,Hospitals & Healthcare Services,74.24070700201045,EMERGING LEADER
2026-08-14,Hospitals & Healthcare Services,75.36796567180164,EMERGING LEADER
2026-08-17,Hospitals & Healthcare Services,17.395618725898977,DECELERATING
2026-08-18,Hospitals & Healthcare Services,48.81066503593722,NEUTRAL
2026-08-19,Hospitals & Healthcare Services,0.0,WEAKENING
2026-08-20,Hospitals & Healthcare Services,3.7704034972046685,WEAKENING
2026-08-21,Hospitals & Healthcare Services,1.5783860306659463,WEAKENING
2026-07-02,Hotels & Restaurants,50.0,NEUTRAL
2026-07-03,Hotels & Restaurants,50.0,NEUTRAL
2026-07-06,Hotels & Restaurants,50.0,NEUTRAL
2026-07-07,Hotels & Restaurants,76.25,ACCELERATING
2026-07-08,Hotels & Restaurants,26.42857142857143,DECELERATING
2026-07-09,Hotels & Restaurants,47.857142857142854,NEUTRAL
2026-07-10,Hotels & Restaurants,41.607142857142854,DECELERATING
2026-07-13,Hotels & Restaurants,77.14285714285714,ACCELERATING
2026-07-14,Hotels & Restaurants,50.22276140594909,NEUTRAL
2026-07-15,Hotels & Restaurants,60.031162483719186,ACCELERATING
2026-07-16,Hotels & Restaurants,39.8339768441108,DECELERATING
2026-07-17,Hotels & Restaurants,39.630349991602046,DECELERATING
2026-07-20,Hotels & Restaurants,42.12279877100962,NEUTRAL
2026-07-21,Hotels & Restaurants,50.66013661595209,NEUTRAL
2026-07-22,Hotels & Restaurants,54.39204381816602,NEUTRAL
2026-07-23,Hotels & Restaurants,40.58653311779982,DECELERATING
2026-07-24,Hotels & Restaurants,51.17282831186642,NEUTRAL
2026-07-27,Hotels & Restaurants,43.56071780940606,NEUTRAL
2026-07-28,Hotels & Restaurants,47.57511647451245,NEUTRAL
2026-07-29,Hotels & Restaurants,52.347520481915886,NEUTRAL
2026-07-30,Hotels & Restaurants,57.13373857469578,NEUTRAL
2026-07-31,Hotels & Restaurants,62.490720063189265,ACCELERATING
2026-08-03,Hotels & Restaurants,56.46988010823291,NEUTRAL
2026-08-04,Hotels & Restaurants,50.80489902838426,NEUTRAL
2026-08-05,Hotels & Restaurants,42.43689377918221,WEAKENING
2026-08-06,Hotels & Restaurants,45.78958804642497,NEUTRAL
2026-08-07,Hotels & Restaurants,43.133918116270955,WEAKENING
2026-08-10,Hotels & Restaurants,45.56320935667662,NEUTRAL
2026-08-11,Hotels & Restaurants,36.09403073690463,WEAKENING
2026-08-12,Hotels & Restaurants,47.496511057675875,NEUTRAL
2026-08-13,Hotels & Restaurants,53.8467818946288,NEUTRAL
2026-08-14,Hotels & Restaurants,48.148941649868306,NEUTRAL
2026-08-17,Hotels & Restaurants,40.35440974742613,WEAKENING
2026-08-18,Hotels & Restaurants,43.86428664026329,WEAKENING
2026-08-19,Hotels & Restaurants,63.34002533936231,ACCELERATING
2026-08-20,Hotels & Restaurants,62.72017151652276,ACCELERATING
2026-08-21,Hotels & Restaurants,57.041598498052636,NEUTRAL
2026-07-02,"Hotels, Resorts & QSR",50.0,NEUTRAL
2026-07-03,"Hotels, Resorts & QSR",50.0,NEUTRAL
2026-07-06,"Hotels, Resorts & QSR",50.0,NEUTRAL
2026-07-07,"Hotels, Resorts & QSR",88.4375,ACCELERATING
2026-07-08,"Hotels, Resorts & QSR",39.6875,DECELERATING
2026-07-09,"Hotels, Resorts & QSR",44.375,NEUTRAL
2026-07-10,"Hotels, Resorts & QSR",35.9375,DECELERATING
2026-07-13,"Hotels, Resorts & QSR",69.6875,ACCELERATING
2026-07-14,"Hotels, Resorts & QSR",57.21384513288465,NEUTRAL
2026-07-15,"Hotels, Resorts & QSR",41.45303755895841,DECELERATING
2026-07-16,"Hotels, Resorts & QSR",41.112737560607826,DECELERATING
2026-07-17,"Hotels, Resorts & QSR",40.549106028810435,DECELERATING
2026-07-20,"Hotels, Resorts & QSR",49.37814608242758,NEUTRAL
2026-07-21,"Hotels, Resorts & QSR",53.315866145960726,NEUTRAL
2026-07-22,"Hotels, Resorts & QSR",45.31082083454508,NEUTRAL
2026-07-23,"Hotels, Resorts & QSR",37.744852385922314,DECELERATING
2026-07-24,"Hotels, Resorts & QSR",43.757450460713315,NEUTRAL
2026-07-27,"Hotels, Resorts & QSR",81.81932813240435,ACCELERATING
2026-07-28,"Hotels, Resorts & QSR",70.9359452069332,ACCELERATING
2026-07-29,"Hotels, Resorts & QSR",61.42930638864493,ACCELERATING
2026-07-30,"Hotels, Resorts & QSR",37.45440584059875,DECELERATING
2026-07-31,"Hotels, Resorts & QSR",53.875717652688536,NEUTRAL
2026-08-03,"Hotels, Resorts & QSR",63.235322310582255,EMERGING LEADER
2026-08-04,"Hotels, Resorts & QSR",57.535718697834135,NEUTRAL
2026-08-05,"Hotels, Resorts & QSR",78.00509951759045,EMERGING LEADER
2026-08-06,"Hotels, Resorts & QSR",51.67330488979965,NEUTRAL
2026-08-07,"Hotels, Resorts & QSR",57.39389850480754,NEUTRAL
2026-08-10,"Hotels, Resorts & QSR",20.465662838552966,DECELERATING
2026-08-11,"Hotels, Resorts & QSR",37.28927644795507,DECELERATING
2026-08-12,"Hotels, Resorts & QSR",34.756005997912716,DECELERATING
2026-08-13,"Hotels, Resorts & QSR",46.3339115212798,NEUTRAL
2026-08-14,"Hotels, Resorts & QSR",47.500811670975935,NEUTRAL
2026-08-17,"Hotels, Resorts & QSR",43.824499735312784,NEUTRAL
2026-08-18,"Hotels, Resorts & QSR",49.11453572106028,NEUTRAL
2026-08-19,"Hotels, Resorts & QSR",55.105568002566386,NEUTRAL
2026-08-20,"Hotels, Resorts & QSR",68.53499016478146,EMERGING LEADER
2026-08-21,"Hotels, Resorts & QSR",63.836404463630444,EMERGING LEADER
2026-07-02,Housing & Urban Infrastructure Financing,50.0,NEUTRAL
2026-07-03,Housing & Urban Infrastructure Financing,50.0,NEUTRAL
2026-07-06,Housing & Urban Infrastructure Financing,50.0,NEUTRAL
2026-07-07,Housing & Urban Infrastructure Financing,95.0,ACCELERATING
2026-07-08,Housing & Urban Infrastructure Financing,5.0,DECELERATING
2026-07-09,Housing & Urban Infrastructure Financing,5.0,DECELERATING
2026-07-10,Housing & Urban Infrastructure Financing,5.0,DECELERATING
2026-07-13,Housing & Urban Infrastructure Financing,100.0,ACCELERATING
2026-07-14,Housing & Urban Infrastructure Financing,94.18179584616472,ACCELERATING
2026-07-15,Housing & Urban Infrastructure Financing,51.73175140335336,NEUTRAL
2026-07-16,Housing & Urban Infrastructure Financing,0.0,DECELERATING
2026-07-17,Housing & Urban Infrastructure Financing,5.099249827226785,DECELERATING
2026-07-20,Housing & Urban Infrastructure Financing,49.446161146322055,NEUTRAL
2026-07-21,Housing & Urban Infrastructure Financing,48.48412780451289,NEUTRAL
2026-07-22,Housing & Urban Infrastructure Financing,19.56587062792785,DECELERATING
2026-07-23,Housing & Urban Infrastructure Financing,51.914856757954404,NEUTRAL
2026-07-24,Housing & Urban Infrastructure Financing,52.047360271600986,NEUTRAL
2026-07-27,Housing & Urban Infrastructure Financing,100.0,ACCELERATING
2026-07-28,Housing & Urban Infrastructure Financing,19.476589862536095,DECELERATING
2026-07-29,Housing & Urban Infrastructure Financing,49.63126092080521,NEUTRAL
2026-07-30,Housing & Urban Infrastructure Financing,18.59691668030394,WEAKENING
2026-07-31,Housing & Urban Infrastructure Financing,79.55675178445938,ACCELERATING
2026-08-03,Housing & Urban Infrastructure Financing,49.27874225213417,NEUTRAL
2026-08-04,Housing & Urban Infrastructure Financing,52.22369011980023,NEUTRAL
2026-08-05,Housing & Urban Infrastructure Financing,52.84549178378844,NEUTRAL
2026-08-06,Housing & Urban Infrastructure Financing,51.957117157031874,NEUTRAL
2026-08-07,Housing & Urban Infrastructure Financing,48.73158599081827,NEUTRAL
2026-08-10,Housing & Urban Infrastructure Financing,47.847803096110425,NEUTRAL
2026-08-11,Housing & Urban Infrastructure Financing,46.72629038183735,NEUTRAL
2026-08-12,Housing & Urban Infrastructure Financing,45.85262031168268,NEUTRAL
2026-08-13,Housing & Urban Infrastructure Financing,47.60818138088451,NEUTRAL
2026-08-14,Housing & Urban Infrastructure Financing,19.86330491456323,WEAKENING
2026-08-17,Housing & Urban Infrastructure Financing,49.992726002383336,NEUTRAL
2026-08-18,Housing & Urban Infrastructure Financing,50.3252458447428,NEUTRAL
2026-08-19,Housing & Urban Infrastructure Financing,82.65874009051078,ACCELERATING
2026-08-20,Housing & Urban Infrastructure Financing,50.92823735303459,NEUTRAL
2026-08-21,Housing & Urban Infrastructure Financing,50.38746560303474,NEUTRAL
2026-07-02,IT Consulting & Software,50.0,NEUTRAL
2026-07-03,IT Consulting & Software,50.0,NEUTRAL
2026-07-06,IT Consulting & Software,50.0,NEUTRAL
2026-07-07,IT Consulting & Software,75.0,ACCELERATING
2026-07-08,IT Consulting & Software,27.77777777777778,DECELERATING
2026-07-09,IT Consulting & Software,50.0,NEUTRAL
2026-07-10,IT Consulting & Software,66.11111111111111,ACCELERATING
2026-07-13,IT Consulting & Software,96.11111111111111,ACCELERATING
2026-07-14,IT Consulting & Software,66.32078926645441,ACCELERATING
2026-07-15,IT Consulting & Software,40.79822942134487,DECELERATING
2026-07-16,IT Consulting & Software,22.38197955584139,DECELERATING
2026-07-17,IT Consulting & Software,48.92993634078823,NEUTRAL
2026-07-20,IT Consulting & Software,50.23204044650031,NEUTRAL
2026-07-21,IT Consulting & Software,51.547374630280714,NEUTRAL
2026-07-22,IT Consulting & Software,38.019568502181876,DECELERATING
2026-07-23,IT Consulting & Software,39.62378803391392,DECELERATING
2026-07-24,IT Consulting & Software,46.165071506696485,NEUTRAL
2026-07-27,IT Consulting & Software,59.16187789490992,ACCELERATING
2026-07-28,IT Consulting & Software,68.110761413917,ACCELERATING
2026-07-29,IT Consulting & Software,64.31227348678206,ACCELERATING
2026-07-30,IT Consulting & Software,51.01850515725744,NEUTRAL
2026-07-31,IT Consulting & Software,41.75542005098471,DECELERATING
2026-08-03,IT Consulting & Software,40.40742778933148,DECELERATING
2026-08-04,IT Consulting & Software,52.991098682304866,NEUTRAL
2026-08-05,IT Consulting & Software,49.60682494666285,NEUTRAL
2026-08-06,IT Consulting & Software,39.50549149740618,DECELERATING
2026-08-07,IT Consulting & Software,44.970650049948375,NEUTRAL
2026-08-10,IT Consulting & Software,48.23177517023492,NEUTRAL
2026-08-11,IT Consulting & Software,55.11117605086739,NEUTRAL
2026-08-12,IT Consulting & Software,48.5209283024624,NEUTRAL
2026-08-13,IT Consulting & Software,55.12700207137662,NEUTRAL
2026-08-14,IT Consulting & Software,54.01353338784724,NEUTRAL
2026-08-17,IT Consulting & Software,56.97472373014351,NEUTRAL
2026-08-18,IT Consulting & Software,36.289380427706334,DECELERATING
2026-08-19,IT Consulting & Software,46.25293523212348,NEUTRAL
2026-08-20,IT Consulting & Software,46.05662517704106,NEUTRAL
2026-08-21,IT Consulting & Software,57.525987757348055,NEUTRAL
2026-07-02,Information Technology,50.0,NEUTRAL
2026-07-03,Information Technology,50.0,NEUTRAL
2026-07-06,Information Technology,50.0,NEUTRAL
2026-07-07,Information Technology,93.33333333333333,ACCELERATING
2026-07-08,Information Technology,30.000000000000004,DECELERATING
2026-07-09,Information Technology,48.33333333333333,NEUTRAL
2026-07-10,Information Technology,53.333333333333336,NEUTRAL
2026-07-13,Information Technology,96.66666666666666,ACCELERATING
2026-07-14,Information Technology,58.8945217477557,ACCELERATING
2026-07-15,Information Technology,40.527257993670666,DECELERATING
2026-07-16,Information Technology,19.986621266658357,DECELERATING
2026-07-17,Information Technology,47.68884267010539,NEUTRAL
2026-07-20,Information Technology,30.659676105180843,DECELERATING
2026-07-21,Information Technology,40.96911850090349,DECELERATING
2026-07-22,Information Technology,27.54835042878748,DECELERATING
2026-07-23,Information Technology,44.96695038210019,NEUTRAL
2026-07-24,Information Technology,36.51822519826255,DECELERATING
2026-07-27,Information Technology,71.65596722971239,ACCELERATING
2026-07-28,Information Technology,59.44597978478279,ACCELERATING
2026-07-29,Information Technology,76.96660964434241,ACCELERATING
2026-07-30,Information Technology,47.84021462695444,NEUTRAL
2026-07-31,Information Technology,58.50541819000564,ACCELERATING
2026-08-03,Information Technology,44.69112641381058,NEUTRAL
2026-08-04,Information Technology,52.68650085066096,NEUTRAL
2026-08-05,Information Technology,56.141395723326355,NEUTRAL
2026-08-06,Information Technology,38.99887987939757,DECELERATING
2026-08-07,Information Technology,44.712941995439785,NEUTRAL
2026-08-10,Information Technology,36.34116596917053,DECELERATING
2026-08-11,Information Technology,57.20887212787688,NEUTRAL
2026-08-12,Information Technology,53.4835375933806,NEUTRAL
2026-08-13,Information Technology,58.28478591889632,ACCELERATING
2026-08-14,Information Technology,51.54245682697497,NEUTRAL
2026-08-17,Information Technology,47.159737131370576,NEUTRAL
2026-08-18,Information Technology,39.052530260735395,DECELERATING
2026-08-19,Information Technology,40.89900609033584,WEAKENING
2026-08-20,Information Technology,38.3378306362688,WEAKENING
2026-08-21,Information Technology,44.904885986297224,WEAKENING
2026-07-02,Insurance,50.0,NEUTRAL
2026-07-03,Insurance,50.0,NEUTRAL
2026-07-06,Insurance,50.0,NEUTRAL
2026-07-07,Insurance,96.5,ACCELERATING
2026-07-08,Insurance,27.5,DECELERATING
2026-07-09,Insurance,65.0,ACCELERATING
2026-07-10,Insurance,53.0,NEUTRAL
2026-07-13,Insurance,86.0,ACCELERATING
2026-07-14,Insurance,55.72212665553516,NEUTRAL
2026-07-15,Insurance,39.91078251193823,DECELERATING
2026-07-16,Insurance,26.838873069417545,DECELERATING
2026-07-17,Insurance,18.361412743062537,DECELERATING
2026-07-20,Insurance,14.39824844919233,DECELERATING
2026-07-21,Insurance,53.901620918749884,NEUTRAL
2026-07-22,Insurance,63.6037620380121,ACCELERATING
2026-07-23,Insurance,55.236370667147185,NEUTRAL
2026-07-24,Insurance,43.66347654704366,NEUTRAL
2026-07-27,Insurance,53.00288534959496,NEUTRAL
2026-07-28,Insurance,48.77417337687885,NEUTRAL
2026-07-29,Insurance,54.001271235457985,NEUTRAL
2026-07-30,Insurance,53.248239085088805,NEUTRAL
2026-07-31,Insurance,67.39992872107578,ACCELERATING
2026-08-03,Insurance,55.40417135492173,NEUTRAL
2026-08-04,Insurance,41.00956148059503,WEAKENING
2026-08-05,Insurance,54.16389019328206,NEUTRAL
2026-08-06,Insurance,32.00571619525451,WEAKENING
2026-08-07,Insurance,49.50683704040299,NEUTRAL
2026-08-10,Insurance,22.450594096058598,WEAKENING
2026-08-11,Insurance,54.26980021588554,NEUTRAL
2026-08-12,Insurance,59.73324109841849,ACCELERATING
2026-08-13,Insurance,57.6812848899146,NEUTRAL
2026-08-14,Insurance,54.98748650244125,NEUTRAL
2026-08-17,Insurance,48.31966787903706,NEUTRAL
2026-08-18,Insurance,56.24488409750712,NEUTRAL
2026-08-19,Insurance,51.688987533404415,NEUTRAL
2026-08-20,Insurance,56.1565326819966,NEUTRAL
2026-08-21,Insurance,53.68675692829175,NEUTRAL
2026-07-02,Internet & Digital Platforms,50.0,NEUTRAL
2026-07-03,Internet & Digital Platforms,50.0,NEUTRAL
2026-07-06,Internet & Digital Platforms,50.0,NEUTRAL
2026-07-07,Internet & Digital Platforms,89.54545454545455,ACCELERATING
2026-07-08,Internet & Digital Platforms,44.54545454545455,NEUTRAL
2026-07-09,Internet & Digital Platforms,65.0,ACCELERATING
2026-07-10,Internet & Digital Platforms,52.72727272727273,NEUTRAL
2026-07-13,Internet & Digital Platforms,78.63636363636364,ACCELERATING
2026-07-14,Internet & Digital Platforms,53.19043793487001,NEUTRAL
2026-07-15,Internet & Digital Platforms,39.38120539156149,DECELERATING
2026-07-16,Internet & Digital Platforms,31.525119865489472,DECELERATING
2026-07-17,Internet & Digital Platforms,41.15869974236919,DECELERATING
2026-07-20,Internet & Digital Platforms,43.63863160454682,NEUTRAL
2026-07-21,Internet & Digital Platforms,42.466186112232116,NEUTRAL
2026-07-22,Internet & Digital Platforms,45.447840227444914,NEUTRAL
2026-07-23,Internet & Digital Platforms,48.63457018543125,NEUTRAL
2026-07-24,Internet & Digital Platforms,44.3699538540441,NEUTRAL
2026-07-27,Internet & Digital Platforms,52.11971954090433,NEUTRAL
2026-07-28,Internet & Digital Platforms,52.07545506241952,NEUTRAL
2026-07-29,Internet & Digital Platforms,61.37201421272482,ACCELERATING
2026-07-30,Internet & Digital Platforms,60.80153265911322,EMERGING LEADER
2026-07-31,Internet & Digital Platforms,50.49090710562725,NEUTRAL
2026-08-03,Internet & Digital Platforms,57.57123962697991,NEUTRAL
2026-08-04,Internet & Digital Platforms,40.21322070020493,DECELERATING
2026-08-05,Internet & Digital Platforms,47.440577055867976,NEUTRAL
2026-08-06,Internet & Digital Platforms,37.10242709070003,DECELERATING
2026-08-07,Internet & Digital Platforms,48.72549021596781,NEUTRAL
2026-08-10,Internet & Digital Platforms,54.87804919939804,NEUTRAL
2026-08-11,Internet & Digital Platforms,69.9028847016131,EMERGING LEADER
2026-08-12,Internet & Digital Platforms,57.00457243695769,NEUTRAL
2026-08-13,Internet & Digital Platforms,46.48693664718144,NEUTRAL
2026-08-14,Internet & Digital Platforms,38.13321192565175,DECELERATING
2026-08-17,Internet & Digital Platforms,51.77925849614628,NEUTRAL
2026-08-18,Internet & Digital Platforms,48.54640263063576,NEUTRAL
2026-08-19,Internet & Digital Platforms,55.45723494276936,NEUTRAL
2026-08-20,Internet & Digital Platforms,49.03614843269145,NEUTRAL
2026-08-21,Internet & Digital Platforms,60.74892206973743,EMERGING LEADER
2026-07-02,Iron & Steel,50.0,NEUTRAL
2026-07-03,Iron & Steel,50.0,NEUTRAL
2026-07-06,Iron & Steel,50.0,NEUTRAL
2026-07-07,Iron & Steel,66.8,ACCELERATING
2026-07-08,Iron & Steel,26.6,DECELERATING
2026-07-09,Iron & Steel,42.8,NEUTRAL
2026-07-10,Iron & Steel,55.4,NEUTRAL
2026-07-13,Iron & Steel,69.2,ACCELERATING
2026-07-14,Iron & Steel,55.66107930477666,NEUTRAL
2026-07-15,Iron & Steel,50.53420038711677,NEUTRAL
2026-07-16,Iron & Steel,48.30996108060514,NEUTRAL
2026-07-17,Iron & Steel,42.943646471393045,NEUTRAL
2026-07-20,Iron & Steel,50.39661274252404,NEUTRAL
2026-07-21,Iron & Steel,44.14034779530096,NEUTRAL
2026-07-22,Iron & Steel,46.375097159044415,NEUTRAL
2026-07-23,Iron & Steel,38.17506518317222,DECELERATING
2026-07-24,Iron & Steel,44.69002498980417,NEUTRAL
2026-07-27,Iron & Steel,66.58883089916381,ACCELERATING
2026-07-28,Iron & Steel,70.66265328000699,ACCELERATING
2026-07-29,Iron & Steel,71.80793091585335,ACCELERATING
2026-07-30,Iron & Steel,44.065187605871024,NEUTRAL
2026-07-31,Iron & Steel,45.49639214620068,NEUTRAL
2026-08-03,Iron & Steel,46.84610004654057,NEUTRAL
2026-08-04,Iron & Steel,56.55648414629226,NEUTRAL
2026-08-05,Iron & Steel,68.30911262656343,EMERGING LEADER
2026-08-06,Iron & Steel,50.329032514937445,NEUTRAL
2026-08-07,Iron & Steel,41.10961625555256,DECELERATING
2026-08-10,Iron & Steel,36.272754849285185,DECELERATING
2026-08-11,Iron & Steel,44.87088873744948,NEUTRAL
2026-08-12,Iron & Steel,55.0087440369789,NEUTRAL
2026-08-13,Iron & Steel,41.525239915958345,DECELERATING
2026-08-14,Iron & Steel,45.02984148082825,NEUTRAL
2026-08-17,Iron & Steel,44.61209052694099,NEUTRAL
2026-08-18,Iron & Steel,44.99563424261989,NEUTRAL
2026-08-19,Iron & Steel,50.222971756607485,NEUTRAL
2026-08-20,Iron & Steel,46.498248939447905,NEUTRAL
2026-08-21,Iron & Steel,44.064146240616985,WEAKENING
2026-07-02,Logistics & Transportation,50.0,NEUTRAL
2026-07-03,Logistics & Transportation,50.0,NEUTRAL
2026-07-06,Logistics & Transportation,50.0,NEUTRAL
2026-07-07,Logistics & Transportation,66.66666666666666,ACCELERATING
2026-07-08,Logistics & Transportation,25.000000000000004,DECELERATING
2026-07-09,Logistics & Transportation,47.5,NEUTRAL
2026-07-10,Logistics & Transportation,40.0,DECELERATING
2026-07-13,Logistics & Transportation,69.16666666666666,ACCELERATING
2026-07-14,Logistics & Transportation,45.176890921078616,NEUTRAL
2026-07-15,Logistics & Transportation,60.840443350384916,ACCELERATING
2026-07-16,Logistics & Transportation,55.00764058353237,NEUTRAL
2026-07-17,Logistics & Transportation,50.61728008711936,NEUTRAL
2026-07-20,Logistics & Transportation,54.36310871401749,NEUTRAL
2026-07-21,Logistics & Transportation,52.26657097075386,NEUTRAL
2026-07-22,Logistics & Transportation,62.481936282343064,ACCELERATING
2026-07-23,Logistics & Transportation,46.40962271616789,NEUTRAL
2026-07-24,Logistics & Transportation,46.80316110916248,NEUTRAL
2026-07-27,Logistics & Transportation,47.851113704100825,NEUTRAL
2026-07-28,Logistics & Transportation,49.03549840891432,NEUTRAL
2026-07-29,Logistics & Transportation,44.62590106127318,NEUTRAL
2026-07-30,Logistics & Transportation,41.46153150868116,WEAKENING
2026-07-31,Logistics & Transportation,44.05523953348405,WEAKENING
2026-08-03,Logistics & Transportation,53.25988933059741,NEUTRAL
2026-08-04,Logistics & Transportation,55.78502265920552,NEUTRAL
2026-08-05,Logistics & Transportation,57.56645164338703,NEUTRAL
2026-08-06,Logistics & Transportation,66.64070347322986,ACCELERATING
2026-08-07,Logistics & Transportation,55.65758691128737,NEUTRAL
2026-08-10,Logistics & Transportation,52.87606544921183,NEUTRAL
2026-08-11,Logistics & Transportation,34.0513465008156,WEAKENING
2026-08-12,Logistics & Transportation,55.46058339169686,NEUTRAL
2026-08-13,Logistics & Transportation,50.688471585336885,NEUTRAL
2026-08-14,Logistics & Transportation,45.74767939912624,NEUTRAL
2026-08-17,Logistics & Transportation,34.8063471265891,WEAKENING
2026-08-18,Logistics & Transportation,46.910738935525146,NEUTRAL
2026-08-19,Logistics & Transportation,51.987946822180355,NEUTRAL
2026-08-20,Logistics & Transportation,58.291801180746205,ACCELERATING
2026-08-21,Logistics & Transportation,56.84513751584421,NEUTRAL
2026-07-02,"Logistics, Ports & Supply Chain",50.0,NEUTRAL
2026-07-03,"Logistics, Ports & Supply Chain",50.0,NEUTRAL
2026-07-06,"Logistics, Ports & Supply Chain",50.0,NEUTRAL
2026-07-07,"Logistics, Ports & Supply Chain",62.0,ACCELERATING
2026-07-08,"Logistics, Ports & Supply Chain",22.0,DECELERATING
2026-07-09,"Logistics, Ports & Supply Chain",35.0,DECELERATING
2026-07-10,"Logistics, Ports & Supply Chain",52.0,NEUTRAL
2026-07-13,"Logistics, Ports & Supply Chain",63.0,ACCELERATING
2026-07-14,"Logistics, Ports & Supply Chain",59.93667999532813,ACCELERATING
2026-07-15,"Logistics, Ports & Supply Chain",53.79060653580998,NEUTRAL
2026-07-16,"Logistics, Ports & Supply Chain",53.79818166214718,NEUTRAL
2026-07-17,"Logistics, Ports & Supply Chain",46.21736615505762,NEUTRAL
2026-07-20,"Logistics, Ports & Supply Chain",49.06435441804092,NEUTRAL
2026-07-21,"Logistics, Ports & Supply Chain",50.685733708585424,NEUTRAL
2026-07-22,"Logistics, Ports & Supply Chain",54.276941364851176,NEUTRAL
2026-07-23,"Logistics, Ports & Supply Chain",52.32908714031622,NEUTRAL
2026-07-24,"Logistics, Ports & Supply Chain",65.54060911430967,ACCELERATING
2026-07-27,"Logistics, Ports & Supply Chain",61.80204477009246,ACCELERATING
2026-07-28,"Logistics, Ports & Supply Chain",49.2923526111181,NEUTRAL
2026-07-29,"Logistics, Ports & Supply Chain",40.83639860979221,DECELERATING
2026-07-30,"Logistics, Ports & Supply Chain",43.56172817359637,WEAKENING
2026-07-31,"Logistics, Ports & Supply Chain",64.73997452106013,ACCELERATING
2026-08-03,"Logistics, Ports & Supply Chain",64.4024535012755,EMERGING LEADER
2026-08-04,"Logistics, Ports & Supply Chain",62.225439865021784,EMERGING LEADER
2026-08-05,"Logistics, Ports & Supply Chain",37.25765451230234,DECELERATING
2026-08-06,"Logistics, Ports & Supply Chain",55.40506147196387,NEUTRAL
2026-08-07,"Logistics, Ports & Supply Chain",32.830665322466515,DECELERATING
2026-08-10,"Logistics, Ports & Supply Chain",63.79495127169156,EMERGING LEADER
2026-08-11,"Logistics, Ports & Supply Chain",36.631253916954876,DECELERATING
2026-08-12,"Logistics, Ports & Supply Chain",55.27261136319189,NEUTRAL
2026-08-13,"Logistics, Ports & Supply Chain",44.59879516249156,NEUTRAL
2026-08-14,"Logistics, Ports & Supply Chain",54.05163418572809,NEUTRAL
2026-08-17,"Logistics, Ports & Supply Chain",53.91296481365558,NEUTRAL
2026-08-18,"Logistics, Ports & Supply Chain",58.018111996556215,ACCELERATING
2026-08-19,"Logistics, Ports & Supply Chain",56.73104778962009,NEUTRAL
2026-08-20,"Logistics, Ports & Supply Chain",51.363403488037584,NEUTRAL
2026-08-21,"Logistics, Ports & Supply Chain",44.62244884396443,NEUTRAL
2026-07-02,Lubricants & Specialty Oils,50.0,NEUTRAL
2026-07-03,Lubricants & Specialty Oils,50.0,NEUTRAL
2026-07-06,Lubricants & Specialty Oils,50.0,NEUTRAL
2026-07-07,Lubricants & Specialty Oils,83.0,ACCELERATING
2026-07-08,Lubricants & Specialty Oils,29.0,DECELERATING
2026-07-09,Lubricants & Specialty Oils,32.0,DECELERATING
2026-07-10,Lubricants & Specialty Oils,38.0,DECELERATING
2026-07-13,Lubricants & Specialty Oils,65.0,ACCELERATING
2026-07-14,Lubricants & Specialty Oils,35.96689308377586,DECELERATING
2026-07-15,Lubricants & Specialty Oils,30.24637862953318,DECELERATING
2026-07-16,Lubricants & Specialty Oils,61.36431635225239,ACCELERATING
2026-07-17,Lubricants & Specialty Oils,51.75397313877964,NEUTRAL
2026-07-20,Lubricants & Specialty Oils,55.04868047811367,NEUTRAL
2026-07-21,Lubricants & Specialty Oils,37.89940245289228,DECELERATING
2026-07-22,Lubricants & Specialty Oils,69.09006433565929,ACCELERATING
2026-07-23,Lubricants & Specialty Oils,68.99613326782708,ACCELERATING
2026-07-24,Lubricants & Specialty Oils,59.9335596136942,ACCELERATING
2026-07-27,Lubricants & Specialty Oils,46.997792019827386,NEUTRAL
2026-07-28,Lubricants & Specialty Oils,40.294249854199236,DECELERATING
2026-07-29,Lubricants & Specialty Oils,57.910549118554876,NEUTRAL
2026-07-30,Lubricants & Specialty Oils,55.19347182882869,NEUTRAL
2026-07-31,Lubricants & Specialty Oils,65.037153999618,EMERGING LEADER
2026-08-03,Lubricants & Specialty Oils,54.60903198825785,NEUTRAL
2026-08-04,Lubricants & Specialty Oils,79.91285490983422,EMERGING LEADER
2026-08-05,Lubricants & Specialty Oils,75.03894035131526,EMERGING LEADER
2026-08-06,Lubricants & Specialty Oils,77.37324495585584,EMERGING LEADER
2026-08-07,Lubricants & Specialty Oils,23.56997511156645,DECELERATING
2026-08-10,Lubricants & Specialty Oils,37.84830404893132,DECELERATING
2026-08-11,Lubricants & Specialty Oils,26.54196266232084,DECELERATING
2026-08-12,Lubricants & Specialty Oils,62.663119242691465,EMERGING LEADER
2026-08-13,Lubricants & Specialty Oils,44.28282791913207,NEUTRAL
2026-08-14,Lubricants & Specialty Oils,41.15988331514825,DECELERATING
2026-08-17,Lubricants & Specialty Oils,59.79394672480935,ACCELERATING
2026-08-18,Lubricants & Specialty Oils,63.530362989104106,EMERGING LEADER
2026-08-19,Lubricants & Specialty Oils,71.24660369109816,EMERGING LEADER
2026-08-20,Lubricants & Specialty Oils,43.924109047943816,NEUTRAL
2026-08-21,Lubricants & Specialty Oils,32.30984252314549,DECELERATING
2026-07-02,Media & Entertainment,50.0,NEUTRAL
2026-07-03,Media & Entertainment,50.0,NEUTRAL
2026-07-06,Media & Entertainment,50.0,NEUTRAL
2026-07-07,Media & Entertainment,61.73913043478261,ACCELERATING
2026-07-08,Media & Entertainment,43.47826086956522,NEUTRAL
2026-07-09,Media & Entertainment,57.826086956521735,NEUTRAL
2026-07-10,Media & Entertainment,57.17391304347826,NEUTRAL
2026-07-13,Media & Entertainment,61.08695652173913,ACCELERATING
2026-07-14,Media & Entertainment,45.20827122236349,NEUTRAL
2026-07-15,Media & Entertainment,40.17330514962135,DECELERATING
2026-07-16,Media & Entertainment,43.54688723544785,NEUTRAL
2026-07-17,Media & Entertainment,45.818136399245134,NEUTRAL
2026-07-20,Media & Entertainment,64.09383431051448,ACCELERATING
2026-07-21,Media & Entertainment,53.605369673221574,NEUTRAL
2026-07-22,Media & Entertainment,46.89658732400254,NEUTRAL
2026-07-23,Media & Entertainment,45.162943103607766,NEUTRAL
2026-07-24,Media & Entertainment,53.54529744279664,NEUTRAL
2026-07-27,Media & Entertainment,65.19781909835862,ACCELERATING
2026-07-28,Media & Entertainment,53.448761711466624,NEUTRAL
2026-07-29,Media & Entertainment,55.30148107426622,NEUTRAL
2026-07-30,Media & Entertainment,39.512511546328554,DECELERATING
2026-07-31,Media & Entertainment,53.90106958713376,NEUTRAL
2026-08-03,Media & Entertainment,45.31258669426356,NEUTRAL
2026-08-04,Media & Entertainment,53.60777995857601,NEUTRAL
2026-08-05,Media & Entertainment,42.87836156275845,NEUTRAL
2026-08-06,Media & Entertainment,45.28044485638798,NEUTRAL
2026-08-07,Media & Entertainment,50.228325932194345,NEUTRAL
2026-08-10,Media & Entertainment,45.785852749455834,NEUTRAL
2026-08-11,Media & Entertainment,53.27176465728233,NEUTRAL
2026-08-12,Media & Entertainment,46.38425220591481,NEUTRAL
2026-08-13,Media & Entertainment,62.2311771567713,ACCELERATING
2026-08-14,Media & Entertainment,45.954649470794934,NEUTRAL
2026-08-17,Media & Entertainment,52.39729331839549,NEUTRAL
2026-08-18,Media & Entertainment,35.654567884155355,WEAKENING
2026-08-19,Media & Entertainment,46.032412959992975,NEUTRAL
2026-08-20,Media & Entertainment,51.672246551900386,NEUTRAL
2026-08-21,Media & Entertainment,56.730991032454725,NEUTRAL
2026-07-02,Media Entertainment & Publication,50.0,NEUTRAL
2026-07-03,Media Entertainment & Publication,50.0,NEUTRAL
2026-07-06,Media Entertainment & Publication,50.0,NEUTRAL
2026-07-07,Media Entertainment & Publication,50.0,NEUTRAL
2026-07-08,Media Entertainment & Publication,50.0,NEUTRAL
2026-07-09,Media Entertainment & Publication,100.0,ACCELERATING
2026-07-10,Media Entertainment & Publication,100.0,ACCELERATING
2026-07-13,Media Entertainment & Publication,95.0,ACCELERATING
2026-07-14,Media Entertainment & Publication,56.711290459102024,NEUTRAL
2026-07-15,Media Entertainment & Publication,34.029121751417264,DECELERATING
2026-07-16,Media Entertainment & Publication,81.17901652615123,ACCELERATING
2026-07-17,Media Entertainment & Publication,19.846029692138252,DECELERATING
2026-07-20,Media Entertainment & Publication,51.49914261798856,NEUTRAL
2026-07-21,Media Entertainment & Publication,31.0639924501703,DECELERATING
2026-07-22,Media Entertainment & Publication,62.95016396003256,ACCELERATING
2026-07-23,Media Entertainment & Publication,61.78207698025655,ACCELERATING
2026-07-24,Media Entertainment & Publication,33.41479766334288,DECELERATING
2026-07-27,Media Entertainment & Publication,45.42408433739147,NEUTRAL
2026-07-28,Media Entertainment & Publication,33.90635451712994,DECELERATING
2026-07-29,Media Entertainment & Publication,65.0058991003022,ACCELERATING
2026-07-30,Media Entertainment & Publication,49.21565506011128,NEUTRAL
2026-07-31,Media Entertainment & Publication,32.34022909634302,DECELERATING
2026-08-03,Media Entertainment & Publication,48.537101895888696,NEUTRAL
2026-08-04,Media Entertainment & Publication,50.23132213122383,NEUTRAL
2026-08-05,Media Entertainment & Publication,64.44867013616306,EMERGING LEADER
2026-08-06,Media Entertainment & Publication,33.30368545550518,DECELERATING
2026-08-07,Media Entertainment & Publication,33.83594202764607,DECELERATING
2026-08-10,Media Entertainment & Publication,49.97960586639851,NEUTRAL
2026-08-11,Media Entertainment & Publication,48.500013519367734,NEUTRAL
2026-08-12,Media Entertainment & Publication,39.89302610263415,DECELERATING
2026-08-13,Media Entertainment & Publication,50.16767600662774,NEUTRAL
2026-08-14,Media Entertainment & Publication,28.56198895293541,DECELERATING
2026-08-17,Media Entertainment & Publication,51.7321894282736,NEUTRAL
2026-08-18,Media Entertainment & Publication,67.66496639109403,EMERGING LEADER
2026-08-19,Media Entertainment & Publication,60.49612114422745,EMERGING LEADER
2026-08-20,Media Entertainment & Publication,37.3438543177444,DECELERATING
2026-08-21,Media Entertainment & Publication,29.36012462126795,DECELERATING
2026-07-02,Metals & Mining,50.0,NEUTRAL
2026-07-03,Metals & Mining,50.0,NEUTRAL
2026-07-06,Metals & Mining,50.0,NEUTRAL
2026-07-07,Metals & Mining,75.71428571428572,ACCELERATING
2026-07-08,Metals & Mining,5.000000000000014,DECELERATING
2026-07-09,Metals & Mining,35.0,DECELERATING
2026-07-10,Metals & Mining,52.142857142857146,NEUTRAL
2026-07-13,Metals & Mining,97.14285714285714,ACCELERATING
2026-07-14,Metals & Mining,58.116414941047154,ACCELERATING
2026-07-15,Metals & Mining,57.36559942707778,NEUTRAL
2026-07-16,Metals & Mining,24.5951318566169,DECELERATING
2026-07-17,Metals & Mining,35.95790917274633,DECELERATING
2026-07-20,Metals & Mining,45.178490398104415,NEUTRAL
2026-07-21,Metals & Mining,60.8080267702028,ACCELERATING
2026-07-22,Metals & Mining,60.11308760181908,ACCELERATING
2026-07-23,Metals & Mining,39.49522427041427,DECELERATING
2026-07-24,Metals & Mining,43.87816073797005,NEUTRAL
2026-07-27,Metals & Mining,59.56994543275847,ACCELERATING
2026-07-28,Metals & Mining,38.81882002543787,DECELERATING
2026-07-29,Metals & Mining,56.073634446436486,NEUTRAL
2026-07-30,Metals & Mining,37.624471269031545,DECELERATING
2026-07-31,Metals & Mining,70.3054002797273,EMERGING LEADER
2026-08-03,Metals & Mining,61.33776867924676,EMERGING LEADER
2026-08-04,Metals & Mining,46.85277487608354,NEUTRAL
2026-08-05,Metals & Mining,45.66493704268374,NEUTRAL
2026-08-06,Metals & Mining,37.83568250492152,DECELERATING
2026-08-07,Metals & Mining,80.29755920071763,EMERGING LEADER
2026-08-10,Metals & Mining,50.225447550943905,NEUTRAL
2026-08-11,Metals & Mining,35.75579282894972,DECELERATING
2026-08-12,Metals & Mining,28.694210669730953,DECELERATING
2026-08-13,Metals & Mining,43.21782921076701,NEUTRAL
2026-08-14,Metals & Mining,64.11397149599259,ACCELERATING
2026-08-17,Metals & Mining,33.16877222432003,WEAKENING
2026-08-18,Metals & Mining,57.11922072393713,NEUTRAL
2026-08-19,Metals & Mining,49.323607194471215,NEUTRAL
2026-08-20,Metals & Mining,68.04997436145965,EMERGING LEADER
2026-08-21,Metals & Mining,34.22679433618802,WEAKENING
2026-07-02,Microfinance NBFC,50.0,NEUTRAL
2026-07-03,Microfinance NBFC,50.0,NEUTRAL
2026-07-06,Microfinance NBFC,50.0,NEUTRAL
2026-07-07,Microfinance NBFC,95.0,ACCELERATING
2026-07-08,Microfinance NBFC,50.0,NEUTRAL
2026-07-09,Microfinance NBFC,50.0,NEUTRAL
2026-07-10,Microfinance NBFC,50.0,NEUTRAL
2026-07-13,Microfinance NBFC,50.0,NEUTRAL
2026-07-14,Microfinance NBFC,46.26349824071866,NEUTRAL
2026-07-15,Microfinance NBFC,50.615459927087564,NEUTRAL
2026-07-16,Microfinance NBFC,45.16360978302766,NEUTRAL
2026-07-17,Microfinance NBFC,46.53552997364411,NEUTRAL
2026-07-20,Microfinance NBFC,45.58419072271283,NEUTRAL
2026-07-21,Microfinance NBFC,50.230215597394114,NEUTRAL
2026-07-22,Microfinance NBFC,5.730708252697944,DECELERATING
2026-07-23,Microfinance NBFC,53.61415024259952,NEUTRAL
2026-07-24,Microfinance NBFC,5.223544409100157,DECELERATING
2026-07-27,Microfinance NBFC,50.679785187521084,NEUTRAL
2026-07-28,Microfinance NBFC,0.20393417646265277,DECELERATING
2026-07-29,Microfinance NBFC,45.756247336349524,NEUTRAL
2026-07-30,Microfinance NBFC,42.26995997503639,WEAKENING
2026-07-31,Microfinance NBFC,49.72679638314004,NEUTRAL
2026-08-03,Microfinance NBFC,50.79434400254009,NEUTRAL
2026-08-04,Microfinance NBFC,56.403393800587494,NEUTRAL
2026-08-05,Microfinance NBFC,54.58114813472857,NEUTRAL
2026-08-06,Microfinance NBFC,88.64011277572314,ACCELERATING
2026-08-07,Microfinance NBFC,19.289572850766447,WEAKENING
2026-08-10,Microfinance NBFC,47.2989925752944,NEUTRAL
2026-08-11,Microfinance NBFC,46.321807155231035,NEUTRAL
2026-08-12,Microfinance NBFC,50.650429619803795,NEUTRAL
2026-08-13,Microfinance NBFC,48.71153717010544,NEUTRAL
2026-08-14,Microfinance NBFC,0.0,WEAKENING
2026-08-17,Microfinance NBFC,78.50891092304057,ACCELERATING
2026-08-18,Microfinance NBFC,46.00375114724542,NEUTRAL
2026-08-19,Microfinance NBFC,78.27298091892438,ACCELERATING
2026-08-20,Microfinance NBFC,53.354170813103536,NEUTRAL
2026-08-21,Microfinance NBFC,57.46846615729269,NEUTRAL
2026-07-02,Mining & Mineral Products,50.0,NEUTRAL
2026-07-03,Mining & Mineral Products,50.0,NEUTRAL
2026-07-06,Mining & Mineral Products,50.0,NEUTRAL
2026-07-07,Mining & Mineral Products,50.0,NEUTRAL
2026-07-08,Mining & Mineral Products,28.571428571428573,DECELERATING
2026-07-09,Mining & Mineral Products,37.14285714285714,DECELERATING
2026-07-10,Mining & Mineral Products,60.714285714285715,ACCELERATING
2026-07-13,Mining & Mineral Products,58.57142857142857,ACCELERATING
2026-07-14,Mining & Mineral Products,59.798218569749984,ACCELERATING
2026-07-15,Mining & Mineral Products,39.42842479030578,DECELERATING
2026-07-16,Mining & Mineral Products,45.723804204543114,NEUTRAL
2026-07-17,Mining & Mineral Products,43.707138384987125,NEUTRAL
2026-07-20,Mining & Mineral Products,62.77465973535053,ACCELERATING
2026-07-21,Mining & Mineral Products,61.85064439309953,ACCELERATING
2026-07-22,Mining & Mineral Products,43.75736826694187,NEUTRAL
2026-07-23,Mining & Mineral Products,41.79954452722177,DECELERATING
2026-07-24,Mining & Mineral Products,57.87056199213637,NEUTRAL
2026-07-27,Mining & Mineral Products,65.83846245970057,ACCELERATING
2026-07-28,Mining & Mineral Products,54.40910748155525,NEUTRAL
2026-07-29,Mining & Mineral Products,74.5779364262406,ACCELERATING
2026-07-30,Mining & Mineral Products,73.96670861123067,EMERGING LEADER
2026-07-31,Mining & Mineral Products,75.23368678119817,EMERGING LEADER
2026-08-03,Mining & Mineral Products,29.822563428850103,DECELERATING
2026-08-04,Mining & Mineral Products,37.68089597142178,DECELERATING
2026-08-05,Mining & Mineral Products,47.52236603936005,NEUTRAL
2026-08-06,Mining & Mineral Products,63.31199423985737,EMERGING LEADER
2026-08-07,Mining & Mineral Products,45.82577156600038,NEUTRAL
2026-08-10,Mining & Mineral Products,56.744646808665536,NEUTRAL
2026-08-11,Mining & Mineral Products,50.43977146676556,NEUTRAL
2026-08-12,Mining & Mineral Products,61.71744460501154,EMERGING LEADER
2026-08-13,Mining & Mineral Products,55.74172673366489,NEUTRAL
2026-08-14,Mining & Mineral Products,29.462121467475654,WEAKENING
2026-08-17,Mining & Mineral Products,39.72774543256364,WEAKENING
2026-08-18,Mining & Mineral Products,17.857261802111417,WEAKENING
2026-08-19,Mining & Mineral Products,47.41068694958851,NEUTRAL
2026-08-20,Mining & Mineral Products,37.91602981572663,WEAKENING
2026-08-21,Mining & Mineral Products,60.52695292462853,ACCELERATING
2026-07-02,Non Banking Financial Company (NBFC),50.0,NEUTRAL
2026-07-03,Non Banking Financial Company (NBFC),50.0,NEUTRAL
2026-07-06,Non Banking Financial Company (NBFC),50.0,NEUTRAL
2026-07-07,Non Banking Financial Company (NBFC),72.03539823008849,ACCELERATING
2026-07-08,Non Banking Financial Company (NBFC),28.478260869565215,DECELERATING
2026-07-09,Non Banking Financial Company (NBFC),43.54347826086956,NEUTRAL
2026-07-10,Non Banking Financial Company (NBFC),57.30088495575221,NEUTRAL
2026-07-13,Non Banking Financial Company (NBFC),72.04347826086956,ACCELERATING
2026-07-14,Non Banking Financial Company (NBFC),42.72237493348684,NEUTRAL
2026-07-15,Non Banking Financial Company (NBFC),44.2768501297684,NEUTRAL
2026-07-16,Non Banking Financial Company (NBFC),42.93583565738233,NEUTRAL
2026-07-17,Non Banking Financial Company (NBFC),52.21672379093485,NEUTRAL
2026-07-20,Non Banking Financial Company (NBFC),44.475713807341315,NEUTRAL
2026-07-21,Non Banking Financial Company (NBFC),55.842476574215866,NEUTRAL
2026-07-22,Non Banking Financial Company (NBFC),46.983347696667956,NEUTRAL
2026-07-23,Non Banking Financial Company (NBFC),43.84105138236515,NEUTRAL
2026-07-24,Non Banking Financial Company (NBFC),35.15996280800996,DECELERATING
2026-07-27,Non Banking Financial Company (NBFC),55.02921578564563,NEUTRAL
2026-07-28,Non Banking Financial Company (NBFC),48.24286325550522,NEUTRAL
2026-07-29,Non Banking Financial Company (NBFC),59.687472259593015,ACCELERATING
2026-07-30,Non Banking Financial Company (NBFC),45.33241858115086,NEUTRAL
2026-07-31,Non Banking Financial Company (NBFC),63.59626536863368,ACCELERATING
2026-08-03,Non Banking Financial Company (NBFC),54.31730847307881,NEUTRAL
2026-08-04,Non Banking Financial Company (NBFC),58.42501633838918,ACCELERATING
2026-08-05,Non Banking Financial Company (NBFC),53.26284706974961,NEUTRAL
2026-08-06,Non Banking Financial Company (NBFC),51.3394473587339,NEUTRAL
2026-08-07,Non Banking Financial Company (NBFC),45.93779635937085,NEUTRAL
2026-08-10,Non Banking Financial Company (NBFC),44.32872036484042,NEUTRAL
2026-08-11,Non Banking Financial Company (NBFC),45.04855991143372,NEUTRAL
2026-08-12,Non Banking Financial Company (NBFC),50.8919769982503,NEUTRAL
2026-08-13,Non Banking Financial Company (NBFC),52.301831599014406,NEUTRAL
2026-08-14,Non Banking Financial Company (NBFC),49.729396120975736,NEUTRAL
2026-08-17,Non Banking Financial Company (NBFC),49.27245592472732,NEUTRAL
2026-08-18,Non Banking Financial Company (NBFC),46.76470233838044,NEUTRAL
2026-08-19,Non Banking Financial Company (NBFC),42.68562561974196,WEAKENING
2026-08-20,Non Banking Financial Company (NBFC),54.08158313678905,NEUTRAL
2026-08-21,Non Banking Financial Company (NBFC),51.971488554318164,NEUTRAL
2026-07-02,Oil Exploration & Refining,50.0,NEUTRAL
2026-07-03,Oil Exploration & Refining,50.0,NEUTRAL
2026-07-06,Oil Exploration & Refining,50.0,NEUTRAL
2026-07-07,Oil Exploration & Refining,70.35714285714286,ACCELERATING
2026-07-08,Oil Exploration & Refining,42.5,NEUTRAL
2026-07-09,Oil Exploration & Refining,40.714285714285715,DECELERATING
2026-07-10,Oil Exploration & Refining,57.5,NEUTRAL
2026-07-13,Oil Exploration & Refining,53.42857142857143,NEUTRAL
2026-07-14,Oil Exploration & Refining,47.65890694833792,NEUTRAL
2026-07-15,Oil Exploration & Refining,45.789726105693035,NEUTRAL
2026-07-16,Oil Exploration & Refining,69.9357221373483,ACCELERATING
2026-07-17,Oil Exploration & Refining,73.79311593096836,ACCELERATING
2026-07-20,Oil Exploration & Refining,64.52851687007404,ACCELERATING
2026-07-21,Oil Exploration & Refining,48.915342166109,NEUTRAL
2026-07-22,Oil Exploration & Refining,45.79242931131314,NEUTRAL
2026-07-23,Oil Exploration & Refining,23.14176448310821,DECELERATING
2026-07-24,Oil Exploration & Refining,37.16323353459738,DECELERATING
2026-07-27,Oil Exploration & Refining,40.20528244870216,DECELERATING
2026-07-28,Oil Exploration & Refining,58.52439166593131,ACCELERATING
2026-07-29,Oil Exploration & Refining,43.91558493884889,NEUTRAL
2026-07-30,Oil Exploration & Refining,56.15581822087385,NEUTRAL
2026-07-31,Oil Exploration & Refining,59.758931409745536,ACCELERATING
2026-08-03,Oil Exploration & Refining,74.02446559475212,EMERGING LEADER
2026-08-04,Oil Exploration & Refining,50.72434691383643,NEUTRAL
2026-08-05,Oil Exploration & Refining,36.227031559456044,DECELERATING
2026-08-06,Oil Exploration & Refining,42.2118766614726,NEUTRAL
2026-08-07,Oil Exploration & Refining,52.38376152862953,NEUTRAL
2026-08-10,Oil Exploration & Refining,64.87118147708982,EMERGING LEADER
2026-08-11,Oil Exploration & Refining,44.250638253954754,NEUTRAL
2026-08-12,Oil Exploration & Refining,38.293024358295824,DECELERATING
2026-08-13,Oil Exploration & Refining,34.57403302437121,WEAKENING
2026-08-14,Oil Exploration & Refining,40.786198825344,WEAKENING
2026-08-17,Oil Exploration & Refining,46.918481435896666,NEUTRAL
2026-08-18,Oil Exploration & Refining,48.41914782764337,NEUTRAL
2026-08-19,Oil Exploration & Refining,43.27702996531047,WEAKENING
2026-08-20,Oil Exploration & Refining,50.962049858249614,NEUTRAL
2026-08-21,Oil Exploration & Refining,53.10258524827145,NEUTRAL
2026-07-02,Oil Gas & Consumable Fuels,50.0,NEUTRAL
2026-07-03,Oil Gas & Consumable Fuels,50.0,NEUTRAL
2026-07-06,Oil Gas & Consumable Fuels,50.0,NEUTRAL
2026-07-07,Oil Gas & Consumable Fuels,100.0,ACCELERATING
2026-07-08,Oil Gas & Consumable Fuels,50.0,NEUTRAL
2026-07-09,Oil Gas & Consumable Fuels,20.0,DECELERATING
2026-07-10,Oil Gas & Consumable Fuels,20.0,DECELERATING
2026-07-13,Oil Gas & Consumable Fuels,50.0,NEUTRAL
2026-07-14,Oil Gas & Consumable Fuels,32.93765146208158,DECELERATING
2026-07-15,Oil Gas & Consumable Fuels,44.24364088938557,NEUTRAL
2026-07-16,Oil Gas & Consumable Fuels,42.33291866443386,NEUTRAL
2026-07-17,Oil Gas & Consumable Fuels,50.462715462759455,NEUTRAL
2026-07-20,Oil Gas & Consumable Fuels,43.77284757024433,NEUTRAL
2026-07-21,Oil Gas & Consumable Fuels,53.44751453254008,NEUTRAL
2026-07-22,Oil Gas & Consumable Fuels,57.421931367812235,NEUTRAL
2026-07-23,Oil Gas & Consumable Fuels,62.74150591747909,ACCELERATING
2026-07-24,Oil Gas & Consumable Fuels,54.74900483325359,NEUTRAL
2026-07-27,Oil Gas & Consumable Fuels,51.92244878540498,NEUTRAL
2026-07-28,Oil Gas & Consumable Fuels,43.889066984579344,NEUTRAL
2026-07-29,Oil Gas & Consumable Fuels,43.35495500659973,NEUTRAL
2026-07-30,Oil Gas & Consumable Fuels,42.79055261063704,NEUTRAL
2026-07-31,Oil Gas & Consumable Fuels,47.27954672082737,NEUTRAL
2026-08-03,Oil Gas & Consumable Fuels,49.397447720041825,NEUTRAL
2026-08-04,Oil Gas & Consumable Fuels,51.23338964059543,NEUTRAL
2026-08-05,Oil Gas & Consumable Fuels,47.79906891822345,NEUTRAL
2026-08-06,Oil Gas & Consumable Fuels,79.31067359553683,EMERGING LEADER
2026-08-07,Oil Gas & Consumable Fuels,48.03081509309837,NEUTRAL
2026-08-10,Oil Gas & Consumable Fuels,46.905048448107856,NEUTRAL
2026-08-11,Oil Gas & Consumable Fuels,17.499269035674466,DECELERATING
2026-08-12,Oil Gas & Consumable Fuels,48.98578593757583,NEUTRAL
2026-08-13,Oil Gas & Consumable Fuels,51.90260361395357,NEUTRAL
2026-08-14,Oil Gas & Consumable Fuels,4.9607131421446695,WEAKENING
2026-08-17,Oil Gas & Consumable Fuels,5.926384779780697,WEAKENING
2026-08-18,Oil Gas & Consumable Fuels,53.0885340103897,NEUTRAL
2026-08-19,Oil Gas & Consumable Fuels,53.56620330152179,NEUTRAL
2026-08-20,Oil Gas & Consumable Fuels,50.55345173553763,NEUTRAL
2026-08-21,Oil Gas & Consumable Fuels,52.888584148700986,NEUTRAL
2026-07-02,Packaged Foods & Consumer Staples,50.0,NEUTRAL
2026-07-03,Packaged Foods & Consumer Staples,50.0,NEUTRAL
2026-07-06,Packaged Foods & Consumer Staples,50.0,NEUTRAL
2026-07-07,Packaged Foods & Consumer Staples,73.07692307692307,ACCELERATING
2026-07-08,Packaged Foods & Consumer Staples,31.538461538461533,DECELERATING
2026-07-09,Packaged Foods & Consumer Staples,65.0,ACCELERATING
2026-07-10,Packaged Foods & Consumer Staples,51.15384615384615,NEUTRAL
2026-07-13,Packaged Foods & Consumer Staples,83.46153846153845,ACCELERATING
2026-07-14,Packaged Foods & Consumer Staples,41.764557483183395,DECELERATING
2026-07-15,Packaged Foods & Consumer Staples,52.91819418559514,NEUTRAL
2026-07-16,Packaged Foods & Consumer Staples,32.29151767636547,DECELERATING
2026-07-17,Packaged Foods & Consumer Staples,41.17746099492603,DECELERATING
2026-07-20,Packaged Foods & Consumer Staples,41.49200129806009,DECELERATING
2026-07-21,Packaged Foods & Consumer Staples,46.91061207466782,NEUTRAL
2026-07-22,Packaged Foods & Consumer Staples,49.93271650272573,NEUTRAL
2026-07-23,Packaged Foods & Consumer Staples,42.59090089536539,NEUTRAL
2026-07-24,Packaged Foods & Consumer Staples,49.72415907186253,NEUTRAL
2026-07-27,Packaged Foods & Consumer Staples,53.18405582834836,NEUTRAL
2026-07-28,Packaged Foods & Consumer Staples,40.26257553262121,DECELERATING
2026-07-29,Packaged Foods & Consumer Staples,41.17567977421489,DECELERATING
2026-07-30,Packaged Foods & Consumer Staples,53.83002033567399,NEUTRAL
2026-07-31,Packaged Foods & Consumer Staples,70.91484587574644,ACCELERATING
2026-08-03,Packaged Foods & Consumer Staples,63.842874090064015,ACCELERATING
2026-08-04,Packaged Foods & Consumer Staples,48.66386426231028,NEUTRAL
2026-08-05,Packaged Foods & Consumer Staples,39.39184717345162,WEAKENING
2026-08-06,Packaged Foods & Consumer Staples,44.366352546021275,WEAKENING
2026-08-07,Packaged Foods & Consumer Staples,56.627181545331865,NEUTRAL
2026-08-10,Packaged Foods & Consumer Staples,63.431989329593435,ACCELERATING
2026-08-11,Packaged Foods & Consumer Staples,60.114163100922966,ACCELERATING
2026-08-12,Packaged Foods & Consumer Staples,46.856726243230455,NEUTRAL
2026-08-13,Packaged Foods & Consumer Staples,54.29055743414632,NEUTRAL
2026-08-14,Packaged Foods & Consumer Staples,63.26042875120079,EMERGING LEADER
2026-08-17,Packaged Foods & Consumer Staples,60.41557185601816,EMERGING LEADER
2026-08-18,Packaged Foods & Consumer Staples,44.81751311274691,NEUTRAL
2026-08-19,Packaged Foods & Consumer Staples,39.345702871789165,WEAKENING
2026-08-20,Packaged Foods & Consumer Staples,49.714760615158035,NEUTRAL
2026-08-21,Packaged Foods & Consumer Staples,53.29325190082483,NEUTRAL
2026-07-02,Packaged Foods & FMCG Staples,50.0,NEUTRAL
2026-07-03,Packaged Foods & FMCG Staples,50.0,NEUTRAL
2026-07-06,Packaged Foods & FMCG Staples,50.0,NEUTRAL
2026-07-07,Packaged Foods & FMCG Staples,68.75,ACCELERATING
2026-07-08,Packaged Foods & FMCG Staples,26.0,DECELERATING
2026-07-09,Packaged Foods & FMCG Staples,54.5,NEUTRAL
2026-07-10,Packaged Foods & FMCG Staples,46.25,NEUTRAL
2026-07-13,Packaged Foods & FMCG Staples,72.5,ACCELERATING
2026-07-14,Packaged Foods & FMCG Staples,34.98978622475061,DECELERATING
2026-07-15,Packaged Foods & FMCG Staples,48.72454400566948,NEUTRAL
2026-07-16,Packaged Foods & FMCG Staples,40.90086593882999,DECELERATING
2026-07-17,Packaged Foods & FMCG Staples,54.65389471476537,NEUTRAL
2026-07-20,Packaged Foods & FMCG Staples,59.358054958896076,ACCELERATING
2026-07-21,Packaged Foods & FMCG Staples,50.99087896175366,NEUTRAL
2026-07-22,Packaged Foods & FMCG Staples,62.422748646687545,ACCELERATING
2026-07-23,Packaged Foods & FMCG Staples,48.400944972101954,NEUTRAL
2026-07-24,Packaged Foods & FMCG Staples,48.856277905483964,NEUTRAL
2026-07-27,Packaged Foods & FMCG Staples,58.25670565823405,ACCELERATING
2026-07-28,Packaged Foods & FMCG Staples,51.254822573458874,NEUTRAL
2026-07-29,Packaged Foods & FMCG Staples,62.18329961778056,ACCELERATING
2026-07-30,Packaged Foods & FMCG Staples,23.857634865214827,WEAKENING
2026-07-31,Packaged Foods & FMCG Staples,34.72246731394487,WEAKENING
2026-08-03,Packaged Foods & FMCG Staples,58.211297874231505,ACCELERATING
2026-08-04,Packaged Foods & FMCG Staples,48.900610302035766,NEUTRAL
2026-08-05,Packaged Foods & FMCG Staples,56.53548657607922,NEUTRAL
2026-08-06,Packaged Foods & FMCG Staples,23.047979178594606,WEAKENING
2026-08-07,Packaged Foods & FMCG Staples,68.09690161750869,ACCELERATING
2026-08-10,Packaged Foods & FMCG Staples,51.00109168488109,NEUTRAL
2026-08-11,Packaged Foods & FMCG Staples,50.55687327563481,NEUTRAL
2026-08-12,Packaged Foods & FMCG Staples,38.137836321965196,WEAKENING
2026-08-13,Packaged Foods & FMCG Staples,53.191484312563894,NEUTRAL
2026-08-14,Packaged Foods & FMCG Staples,63.15237877942398,ACCELERATING
2026-08-17,Packaged Foods & FMCG Staples,52.04839432027303,NEUTRAL
2026-08-18,Packaged Foods & FMCG Staples,39.074191938959274,WEAKENING
2026-08-19,Packaged Foods & FMCG Staples,46.33081774630552,NEUTRAL
2026-08-20,Packaged Foods & FMCG Staples,59.36437185640963,ACCELERATING
2026-08-21,Packaged Foods & FMCG Staples,55.92644243959072,NEUTRAL
2026-07-02,Packaging & Containers,50.0,NEUTRAL
2026-07-03,Packaging & Containers,50.0,NEUTRAL
2026-07-06,Packaging & Containers,50.0,NEUTRAL
2026-07-07,Packaging & Containers,20.0,DECELERATING
2026-07-08,Packaging & Containers,50.0,NEUTRAL
2026-07-09,Packaging & Containers,65.0,ACCELERATING
2026-07-10,Packaging & Containers,100.0,ACCELERATING
2026-07-13,Packaging & Containers,70.0,ACCELERATING
2026-07-14,Packaging & Containers,78.91571372103458,ACCELERATING
2026-07-15,Packaging & Containers,42.23856966540056,NEUTRAL
2026-07-16,Packaging & Containers,61.526730074723844,ACCELERATING
2026-07-17,Packaging & Containers,36.454378862557746,DECELERATING
2026-07-20,Packaging & Containers,37.62735775330754,DECELERATING
2026-07-21,Packaging & Containers,58.71687044739844,ACCELERATING
2026-07-22,Packaging & Containers,51.155322280103604,NEUTRAL
2026-07-23,Packaging & Containers,62.29462202882204,ACCELERATING
2026-07-24,Packaging & Containers,43.06871742571022,NEUTRAL
2026-07-27,Packaging & Containers,62.82480579670335,ACCELERATING
2026-07-28,Packaging & Containers,38.08445148884584,DECELERATING
2026-07-29,Packaging & Containers,46.18319261859474,NEUTRAL
2026-07-30,Packaging & Containers,60.948157783987924,EMERGING LEADER
2026-07-31,Packaging & Containers,75.07211018121953,EMERGING LEADER
2026-08-03,Packaging & Containers,55.26446145682213,NEUTRAL
2026-08-04,Packaging & Containers,40.05612272957606,DECELERATING
2026-08-05,Packaging & Containers,42.18909486172904,NEUTRAL
2026-08-06,Packaging & Containers,60.358703128897616,EMERGING LEADER
2026-08-07,Packaging & Containers,49.66067917541345,NEUTRAL
2026-08-10,Packaging & Containers,69.63410448641395,EMERGING LEADER
2026-08-11,Packaging & Containers,64.74271387315957,EMERGING LEADER
2026-08-12,Packaging & Containers,69.30419398348512,EMERGING LEADER
2026-08-13,Packaging & Containers,27.549545193434493,DECELERATING
2026-08-14,Packaging & Containers,55.34980670271932,NEUTRAL
2026-08-17,Packaging & Containers,27.48854529178948,DECELERATING
2026-08-18,Packaging & Containers,55.456780800751126,NEUTRAL
2026-08-19,Packaging & Containers,40.67090645465349,DECELERATING
2026-08-20,Packaging & Containers,55.583017129682865,NEUTRAL
2026-08-21,Packaging & Containers,43.94069274664372,NEUTRAL
2026-07-02,Packaging Materials & Containers,50.0,NEUTRAL
2026-07-03,Packaging Materials & Containers,50.0,NEUTRAL
2026-07-06,Packaging Materials & Containers,50.0,NEUTRAL
2026-07-07,Packaging Materials & Containers,83.75,ACCELERATING
2026-07-08,Packaging Materials & Containers,42.5,NEUTRAL
2026-07-09,Packaging Materials & Containers,55.625,NEUTRAL
2026-07-10,Packaging Materials & Containers,63.125,ACCELERATING
2026-07-13,Packaging Materials & Containers,66.875,ACCELERATING
2026-07-14,Packaging Materials & Containers,47.24772083465839,NEUTRAL
2026-07-15,Packaging Materials & Containers,46.2006590755029,NEUTRAL
2026-07-16,Packaging Materials & Containers,53.79709528408609,NEUTRAL
2026-07-17,Packaging Materials & Containers,68.58375622955595,ACCELERATING
2026-07-20,Packaging Materials & Containers,55.776165125098785,NEUTRAL
2026-07-21,Packaging Materials & Containers,44.115878138665686,NEUTRAL
2026-07-22,Packaging Materials & Containers,66.49985384495409,ACCELERATING
2026-07-23,Packaging Materials & Containers,56.30738291393431,NEUTRAL
2026-07-24,Packaging Materials & Containers,57.90151177597565,NEUTRAL
2026-07-27,Packaging Materials & Containers,18.693107048507255,DECELERATING
2026-07-28,Packaging Materials & Containers,26.963083339988806,DECELERATING
2026-07-29,Packaging Materials & Containers,36.5579174865137,DECELERATING
2026-07-30,Packaging Materials & Containers,46.28293641112832,NEUTRAL
2026-07-31,Packaging Materials & Containers,42.76224757467869,NEUTRAL
2026-08-03,Packaging Materials & Containers,38.74139102278448,DECELERATING
2026-08-04,Packaging Materials & Containers,46.48415461519237,NEUTRAL
2026-08-05,Packaging Materials & Containers,51.420432229609844,NEUTRAL
2026-08-06,Packaging Materials & Containers,47.65888172370457,NEUTRAL
2026-08-07,Packaging Materials & Containers,50.07966528646932,NEUTRAL
2026-08-10,Packaging Materials & Containers,58.914769053591634,ACCELERATING
2026-08-11,Packaging Materials & Containers,69.17346605968308,EMERGING LEADER
2026-08-12,Packaging Materials & Containers,67.79580667800673,EMERGING LEADER
2026-08-13,Packaging Materials & Containers,60.70526444814196,EMERGING LEADER
2026-08-14,Packaging Materials & Containers,44.64463508597154,NEUTRAL
2026-08-17,Packaging Materials & Containers,52.545069013365925,NEUTRAL
2026-08-18,Packaging Materials & Containers,41.98636427943043,DECELERATING
2026-08-19,Packaging Materials & Containers,58.60735872977551,ACCELERATING
2026-08-20,Packaging Materials & Containers,36.516799118921575,DECELERATING
2026-08-21,Packaging Materials & Containers,47.70949599613673,NEUTRAL
2026-07-02,Paints,50.0,NEUTRAL
2026-07-03,Paints,50.0,NEUTRAL
2026-07-06,Paints,50.0,NEUTRAL
2026-07-07,Paints,61.25,ACCELERATING
2026-07-08,Paints,35.0,DECELERATING
2026-07-09,Paints,16.25,DECELERATING
2026-07-10,Paints,38.75,DECELERATING
2026-07-13,Paints,65.0,ACCELERATING
2026-07-14,Paints,41.69082295721811,DECELERATING
2026-07-15,Paints,68.5794241463978,ACCELERATING
2026-07-16,Paints,52.513710327524194,NEUTRAL
2026-07-17,Paints,61.48674057509667,ACCELERATING
2026-07-20,Paints,46.590798925614784,NEUTRAL
2026-07-21,Paints,71.43007233091299,ACCELERATING
2026-07-22,Paints,49.87101800219435,NEUTRAL
2026-07-23,Paints,30.5200846883138,DECELERATING
2026-07-24,Paints,22.130964536782514,DECELERATING
2026-07-27,Paints,69.72925579166838,ACCELERATING
2026-07-28,Paints,68.93802407366474,ACCELERATING
2026-07-29,Paints,100.0,ACCELERATING
2026-07-30,Paints,58.031440344279396,ACCELERATING
2026-07-31,Paints,81.27272142846141,EMERGING LEADER
2026-08-03,Paints,41.21488957813902,DECELERATING
2026-08-04,Paints,55.75600796749674,NEUTRAL
2026-08-05,Paints,67.15291444120889,EMERGING LEADER
2026-08-06,Paints,46.27029196188246,NEUTRAL
2026-08-07,Paints,68.64743549379514,EMERGING LEADER
2026-08-10,Paints,51.13408179728227,NEUTRAL
2026-08-11,Paints,50.424744166817256,NEUTRAL
2026-08-12,Paints,50.51557378278383,NEUTRAL
2026-08-13,Paints,33.71883797247467,DECELERATING
2026-08-14,Paints,26.94803858153131,DECELERATING
2026-08-17,Paints,26.272551329872652,DECELERATING
2026-08-18,Paints,26.434725361064217,DECELERATING
2026-08-19,Paints,48.40876594559355,NEUTRAL
2026-08-20,Paints,41.02723888432017,DECELERATING
2026-08-21,Paints,49.34800442014293,NEUTRAL
2026-07-02,Paints & Coatings,50.0,NEUTRAL
2026-07-03,Paints & Coatings,50.0,NEUTRAL
2026-07-06,Paints & Coatings,50.0,NEUTRAL
2026-07-07,Paints & Coatings,72.5,ACCELERATING
2026-07-08,Paints & Coatings,12.5,DECELERATING
2026-07-09,Paints & Coatings,0.0,DECELERATING
2026-07-10,Paints & Coatings,27.5,DECELERATING
2026-07-13,Paints & Coatings,100.0,ACCELERATING
2026-07-14,Paints & Coatings,35.27783382523751,DECELERATING
2026-07-15,Paints & Coatings,34.63143995441351,DECELERATING
2026-07-16,Paints & Coatings,4.0569258849870735,DECELERATING
2026-07-17,Paints & Coatings,34.85454155020429,DECELERATING
2026-07-20,Paints & Coatings,100.0,ACCELERATING
2026-07-21,Paints & Coatings,100.0,ACCELERATING
2026-07-22,Paints & Coatings,100.0,ACCELERATING
2026-07-23,Paints & Coatings,40.714928156331894,DECELERATING
2026-07-24,Paints & Coatings,53.665250095916775,NEUTRAL
2026-07-27,Paints & Coatings,75.46078900270899,ACCELERATING
2026-07-28,Paints & Coatings,24.48880621162001,DECELERATING
2026-07-29,Paints & Coatings,58.9868854589659,ACCELERATING
2026-07-30,Paints & Coatings,54.03152081378065,NEUTRAL
2026-07-31,Paints & Coatings,100.0,EMERGING LEADER
2026-08-03,Paints & Coatings,71.30274741113269,EMERGING LEADER
2026-08-04,Paints & Coatings,87.78527439156377,EMERGING LEADER
2026-08-05,Paints & Coatings,75.61067758296485,EMERGING LEADER
2026-08-06,Paints & Coatings,40.07174676247544,DECELERATING
2026-08-07,Paints & Coatings,4.108818196128183,DECELERATING
2026-08-10,Paints & Coatings,11.495849016555184,DECELERATING
2026-08-11,Paints & Coatings,21.88890766986122,DECELERATING
2026-08-12,Paints & Coatings,52.028578932194335,NEUTRAL
2026-08-13,Paints & Coatings,44.76806409302732,NEUTRAL
2026-08-14,Paints & Coatings,51.27095396155191,NEUTRAL
2026-08-17,Paints & Coatings,69.34317539900714,EMERGING LEADER
2026-08-18,Paints & Coatings,68.50178171527304,EMERGING LEADER
2026-08-19,Paints & Coatings,34.40232627087235,DECELERATING
2026-08-20,Paints & Coatings,47.54379644175725,NEUTRAL
2026-08-21,Paints & Coatings,30.331319340495334,DECELERATING
2026-07-02,Paper & Paper Products,50.0,NEUTRAL
2026-07-03,Paper & Paper Products,50.0,NEUTRAL
2026-07-06,Paper & Paper Products,50.0,NEUTRAL
2026-07-07,Paper & Paper Products,78.63636363636363,ACCELERATING
2026-07-08,Paper & Paper Products,26.818181818181813,DECELERATING
2026-07-09,Paper & Paper Products,54.09090909090909,NEUTRAL
2026-07-10,Paper & Paper Products,44.54545454545455,NEUTRAL
2026-07-13,Paper & Paper Products,77.27272727272727,ACCELERATING
2026-07-14,Paper & Paper Products,48.45205318433439,NEUTRAL
2026-07-15,Paper & Paper Products,47.1717674487688,NEUTRAL
2026-07-16,Paper & Paper Products,24.0117207387133,DECELERATING
2026-07-17,Paper & Paper Products,43.383333041117716,NEUTRAL
2026-07-20,Paper & Paper Products,53.12734574068366,NEUTRAL
2026-07-21,Paper & Paper Products,53.955128190684725,NEUTRAL
2026-07-22,Paper & Paper Products,80.15065470642242,ACCELERATING
2026-07-23,Paper & Paper Products,93.0266413818278,ACCELERATING
2026-07-24,Paper & Paper Products,74.8822794584837,ACCELERATING
2026-07-27,Paper & Paper Products,74.46155102735969,ACCELERATING
2026-07-28,Paper & Paper Products,33.704296863964174,DECELERATING
2026-07-29,Paper & Paper Products,50.817931193161954,NEUTRAL
2026-07-30,Paper & Paper Products,18.92758548529761,DECELERATING
2026-07-31,Paper & Paper Products,37.422916317621784,DECELERATING
2026-08-03,Paper & Paper Products,59.71125382928862,ACCELERATING
2026-08-04,Paper & Paper Products,52.511547820040974,NEUTRAL
2026-08-05,Paper & Paper Products,53.632981032224265,NEUTRAL
2026-08-06,Paper & Paper Products,49.95344322776609,NEUTRAL
2026-08-07,Paper & Paper Products,52.102257295549606,NEUTRAL
2026-08-10,Paper & Paper Products,53.61222145876027,NEUTRAL
2026-08-11,Paper & Paper Products,24.16458897398641,DECELERATING
2026-08-12,Paper & Paper Products,38.57837304970792,DECELERATING
2026-08-13,Paper & Paper Products,16.086028635611527,DECELERATING
2026-08-14,Paper & Paper Products,39.37237055322422,DECELERATING
2026-08-17,Paper & Paper Products,36.65444624366364,DECELERATING
2026-08-18,Paper & Paper Products,63.064757374081154,EMERGING LEADER
2026-08-19,Paper & Paper Products,57.24638111829234,NEUTRAL
2026-08-20,Paper & Paper Products,43.33969292147746,WEAKENING
2026-08-21,Paper & Paper Products,39.793085781275856,WEAKENING
2026-07-02,Passenger Cars & Utility Vehicles,50.0,NEUTRAL
2026-07-03,Passenger Cars & Utility Vehicles,50.0,NEUTRAL
2026-07-06,Passenger Cars & Utility Vehicles,50.0,NEUTRAL
2026-07-07,Passenger Cars & Utility Vehicles,87.5,ACCELERATING
2026-07-08,Passenger Cars & Utility Vehicles,27.5,DECELERATING
2026-07-09,Passenger Cars & Utility Vehicles,27.5,DECELERATING
2026-07-10,Passenger Cars & Utility Vehicles,35.0,DECELERATING
2026-07-13,Passenger Cars & Utility Vehicles,50.0,NEUTRAL
2026-07-14,Passenger Cars & Utility Vehicles,100.0,ACCELERATING
2026-07-15,Passenger Cars & Utility Vehicles,93.58160174815484,ACCELERATING
2026-07-16,Passenger Cars & Utility Vehicles,73.72172097859729,ACCELERATING
2026-07-17,Passenger Cars & Utility Vehicles,0.0,DECELERATING
2026-07-20,Passenger Cars & Utility Vehicles,0.0,DECELERATING
2026-07-21,Passenger Cars & Utility Vehicles,21.199150961498507,DECELERATING
2026-07-22,Passenger Cars & Utility Vehicles,41.30733031677915,DECELERATING
2026-07-23,Passenger Cars & Utility Vehicles,58.89471987300065,ACCELERATING
2026-07-24,Passenger Cars & Utility Vehicles,67.82101408605283,ACCELERATING
2026-07-27,Passenger Cars & Utility Vehicles,54.06027877075236,NEUTRAL
2026-07-28,Passenger Cars & Utility Vehicles,50.45804443038444,NEUTRAL
2026-07-29,Passenger Cars & Utility Vehicles,32.606769693214915,DECELERATING
2026-07-30,Passenger Cars & Utility Vehicles,47.94435786257361,NEUTRAL
2026-07-31,Passenger Cars & Utility Vehicles,50.211809351816854,NEUTRAL
2026-08-03,Passenger Cars & Utility Vehicles,49.61475737442723,NEUTRAL
2026-08-04,Passenger Cars & Utility Vehicles,49.40766098228757,NEUTRAL
2026-08-05,Passenger Cars & Utility Vehicles,49.58667754120716,NEUTRAL
2026-08-06,Passenger Cars & Utility Vehicles,50.18717709545082,NEUTRAL
2026-08-07,Passenger Cars & Utility Vehicles,28.978700202351185,DECELERATING
2026-08-10,Passenger Cars & Utility Vehicles,29.172759376922876,DECELERATING
2026-08-11,Passenger Cars & Utility Vehicles,31.067919755648724,DECELERATING
2026-08-12,Passenger Cars & Utility Vehicles,66.18117823762171,EMERGING LEADER
2026-08-13,Passenger Cars & Utility Vehicles,66.86533268537775,EMERGING LEADER
2026-08-14,Passenger Cars & Utility Vehicles,67.4371043060469,EMERGING LEADER
2026-08-17,Passenger Cars & Utility Vehicles,51.171805510380906,NEUTRAL
2026-08-18,Passenger Cars & Utility Vehicles,51.7117807452599,NEUTRAL
2026-08-19,Passenger Cars & Utility Vehicles,50.880835579884995,NEUTRAL
2026-08-20,Passenger Cars & Utility Vehicles,51.279698695992344,NEUTRAL
2026-08-21,Passenger Cars & Utility Vehicles,50.887413749424965,NEUTRAL
2026-07-02,Pharmaceuticals,50.0,NEUTRAL
2026-07-03,Pharmaceuticals,50.0,NEUTRAL
2026-07-06,Pharmaceuticals,50.0,NEUTRAL
2026-07-07,Pharmaceuticals,64.60526315789474,ACCELERATING
2026-07-08,Pharmaceuticals,34.210526315789465,DECELERATING
2026-07-09,Pharmaceuticals,46.8421052631579,NEUTRAL
2026-07-10,Pharmaceuticals,60.26315789473684,ACCELERATING
2026-07-13,Pharmaceuticals,73.6842105263158,ACCELERATING
2026-07-14,Pharmaceuticals,60.28677908890226,ACCELERATING
2026-07-15,Pharmaceuticals,51.22796425276653,NEUTRAL
2026-07-16,Pharmaceuticals,42.4020360724897,NEUTRAL
2026-07-17,Pharmaceuticals,41.36078832078311,DECELERATING
2026-07-20,Pharmaceuticals,51.0896608502439,NEUTRAL
2026-07-21,Pharmaceuticals,46.191016954231145,NEUTRAL
2026-07-22,Pharmaceuticals,45.15885349359668,NEUTRAL
2026-07-23,Pharmaceuticals,41.53696645532676,DECELERATING
2026-07-24,Pharmaceuticals,47.211686210478675,NEUTRAL
2026-07-27,Pharmaceuticals,57.83994281070973,NEUTRAL
2026-07-28,Pharmaceuticals,46.11503523681776,NEUTRAL
2026-07-29,Pharmaceuticals,54.77598206459363,NEUTRAL
2026-07-30,Pharmaceuticals,43.3670432763253,NEUTRAL
2026-07-31,Pharmaceuticals,57.38634143754102,NEUTRAL
2026-08-03,Pharmaceuticals,51.77058816840898,NEUTRAL
2026-08-04,Pharmaceuticals,63.56521848214748,EMERGING LEADER
2026-08-05,Pharmaceuticals,50.09814981621691,NEUTRAL
2026-08-06,Pharmaceuticals,54.18382967812355,NEUTRAL
2026-08-07,Pharmaceuticals,48.96067563751431,NEUTRAL
2026-08-10,Pharmaceuticals,57.9328744660654,NEUTRAL
2026-08-11,Pharmaceuticals,59.79490793989273,ACCELERATING
2026-08-12,Pharmaceuticals,51.29024957481035,NEUTRAL
2026-08-13,Pharmaceuticals,53.826605672998085,NEUTRAL
2026-08-14,Pharmaceuticals,42.311285161538784,NEUTRAL
2026-08-17,Pharmaceuticals,46.67731763332086,NEUTRAL
2026-08-18,Pharmaceuticals,44.87012214037012,NEUTRAL
2026-08-19,Pharmaceuticals,48.187150854086696,NEUTRAL
2026-08-20,Pharmaceuticals,56.45922831077993,NEUTRAL
2026-08-21,Pharmaceuticals,53.96963984692521,NEUTRAL
2026-07-02,Pharmaceuticals & Biotechnology,50.0,NEUTRAL
2026-07-03,Pharmaceuticals & Biotechnology,50.0,NEUTRAL
2026-07-06,Pharmaceuticals & Biotechnology,50.0,NEUTRAL
2026-07-07,Pharmaceuticals & Biotechnology,80.42857142857143,ACCELERATING
2026-07-08,Pharmaceuticals & Biotechnology,40.57142857142857,DECELERATING
2026-07-09,Pharmaceuticals & Biotechnology,49.57142857142857,NEUTRAL
2026-07-10,Pharmaceuticals & Biotechnology,49.57142857142857,NEUTRAL
2026-07-13,Pharmaceuticals & Biotechnology,62.857142857142854,ACCELERATING
2026-07-14,Pharmaceuticals & Biotechnology,48.72049449433701,NEUTRAL
2026-07-15,Pharmaceuticals & Biotechnology,52.64080946576684,NEUTRAL
2026-07-16,Pharmaceuticals & Biotechnology,52.20911518581183,NEUTRAL
2026-07-17,Pharmaceuticals & Biotechnology,38.63776437365439,DECELERATING
2026-07-20,Pharmaceuticals & Biotechnology,55.04124434272447,NEUTRAL
2026-07-21,Pharmaceuticals & Biotechnology,50.02610244590846,NEUTRAL
2026-07-22,Pharmaceuticals & Biotechnology,43.283111169144824,NEUTRAL
2026-07-23,Pharmaceuticals & Biotechnology,29.92341223915405,DECELERATING
2026-07-24,Pharmaceuticals & Biotechnology,39.172122659510556,DECELERATING
2026-07-27,Pharmaceuticals & Biotechnology,62.15540196466123,ACCELERATING
2026-07-28,Pharmaceuticals & Biotechnology,55.04840127512388,NEUTRAL
2026-07-29,Pharmaceuticals & Biotechnology,62.20182028734234,ACCELERATING
2026-07-30,Pharmaceuticals & Biotechnology,44.905025955250125,NEUTRAL
2026-07-31,Pharmaceuticals & Biotechnology,43.943615284602444,NEUTRAL
2026-08-03,Pharmaceuticals & Biotechnology,38.75948121522129,DECELERATING
2026-08-04,Pharmaceuticals & Biotechnology,54.444854786032074,NEUTRAL
2026-08-05,Pharmaceuticals & Biotechnology,63.62407058918418,EMERGING LEADER
2026-08-06,Pharmaceuticals & Biotechnology,55.46624050286293,NEUTRAL
2026-08-07,Pharmaceuticals & Biotechnology,48.5272296825479,NEUTRAL
2026-08-10,Pharmaceuticals & Biotechnology,53.931027134497526,NEUTRAL
2026-08-11,Pharmaceuticals & Biotechnology,56.89662061847829,NEUTRAL
2026-08-12,Pharmaceuticals & Biotechnology,57.67114511418791,NEUTRAL
2026-08-13,Pharmaceuticals & Biotechnology,45.36041369122397,NEUTRAL
2026-08-14,Pharmaceuticals & Biotechnology,37.65232050774641,DECELERATING
2026-08-17,Pharmaceuticals & Biotechnology,41.04449175454675,DECELERATING
2026-08-18,Pharmaceuticals & Biotechnology,37.73035203064188,DECELERATING
2026-08-19,Pharmaceuticals & Biotechnology,50.83711936195427,NEUTRAL
2026-08-20,Pharmaceuticals & Biotechnology,43.266176895735384,NEUTRAL
2026-08-21,Pharmaceuticals & Biotechnology,52.09755044511396,NEUTRAL
2026-07-02,Pipes & Tubes,50.0,NEUTRAL
2026-07-03,Pipes & Tubes,50.0,NEUTRAL
2026-07-06,Pipes & Tubes,50.0,NEUTRAL
2026-07-07,Pipes & Tubes,75.0,ACCELERATING
2026-07-08,Pipes & Tubes,28.333333333333336,DECELERATING
2026-07-09,Pipes & Tubes,38.333333333333336,DECELERATING
2026-07-10,Pipes & Tubes,50.833333333333336,NEUTRAL
2026-07-13,Pipes & Tubes,70.0,ACCELERATING
2026-07-14,Pipes & Tubes,53.79358262657608,NEUTRAL
2026-07-15,Pipes & Tubes,45.13121520142328,NEUTRAL
2026-07-16,Pipes & Tubes,45.04422557154892,NEUTRAL
2026-07-17,Pipes & Tubes,35.00254797098626,DECELERATING
2026-07-20,Pipes & Tubes,49.76611392104166,NEUTRAL
2026-07-21,Pipes & Tubes,46.30887628772004,NEUTRAL
2026-07-22,Pipes & Tubes,46.88047766980928,NEUTRAL
2026-07-23,Pipes & Tubes,35.04386755467345,DECELERATING
2026-07-24,Pipes & Tubes,47.116705952621146,NEUTRAL
2026-07-27,Pipes & Tubes,61.24631048924608,ACCELERATING
2026-07-28,Pipes & Tubes,58.44170966314256,ACCELERATING
2026-07-29,Pipes & Tubes,49.25065615997297,NEUTRAL
2026-07-30,Pipes & Tubes,38.19054976770052,WEAKENING
2026-07-31,Pipes & Tubes,54.944184718509355,NEUTRAL
2026-08-03,Pipes & Tubes,58.74593654568181,ACCELERATING
2026-08-04,Pipes & Tubes,73.92003513183441,ACCELERATING
2026-08-05,Pipes & Tubes,49.28594472310017,NEUTRAL
2026-08-06,Pipes & Tubes,49.92808658667933,NEUTRAL
2026-08-07,Pipes & Tubes,36.7445200605773,WEAKENING
2026-08-10,Pipes & Tubes,51.62176797724816,NEUTRAL
2026-08-11,Pipes & Tubes,44.59154974152067,WEAKENING
2026-08-12,Pipes & Tubes,51.90804647680011,NEUTRAL
2026-08-13,Pipes & Tubes,45.39533546872319,NEUTRAL
2026-08-14,Pipes & Tubes,52.54144935958747,NEUTRAL
2026-08-17,Pipes & Tubes,43.80559679531521,WEAKENING
2026-08-18,Pipes & Tubes,52.12641739802262,NEUTRAL
2026-08-19,Pipes & Tubes,52.4242773184619,NEUTRAL
2026-08-20,Pipes & Tubes,52.783878665217124,NEUTRAL
2026-08-21,Pipes & Tubes,70.76668944771328,EMERGING LEADER
2026-07-02,Plastic Pipes & Fittings,50.0,NEUTRAL
2026-07-03,Plastic Pipes & Fittings,50.0,NEUTRAL
2026-07-06,Plastic Pipes & Fittings,50.0,NEUTRAL
2026-07-07,Plastic Pipes & Fittings,50.0,NEUTRAL
2026-07-08,Plastic Pipes & Fittings,35.0,DECELERATING
2026-07-09,Plastic Pipes & Fittings,35.0,DECELERATING
2026-07-10,Plastic Pipes & Fittings,50.0,NEUTRAL
2026-07-13,Plastic Pipes & Fittings,50.0,NEUTRAL
2026-07-14,Plastic Pipes & Fittings,51.92100698180578,NEUTRAL
2026-07-15,Plastic Pipes & Fittings,66.37629653213193,ACCELERATING
2026-07-16,Plastic Pipes & Fittings,77.12849263852839,ACCELERATING
2026-07-17,Plastic Pipes & Fittings,66.92311726859924,ACCELERATING
2026-07-20,Plastic Pipes & Fittings,52.93044928555314,NEUTRAL
2026-07-21,Plastic Pipes & Fittings,50.30763875441483,NEUTRAL
2026-07-22,Plastic Pipes & Fittings,50.071482684485154,NEUTRAL
2026-07-23,Plastic Pipes & Fittings,49.19416016245887,NEUTRAL
2026-07-24,Plastic Pipes & Fittings,62.04858275361681,ACCELERATING
2026-07-27,Plastic Pipes & Fittings,50.570660431882715,NEUTRAL
2026-07-28,Plastic Pipes & Fittings,50.88956709553655,NEUTRAL
2026-07-29,Plastic Pipes & Fittings,28.79670228258831,DECELERATING
2026-07-30,Plastic Pipes & Fittings,49.822207389865184,NEUTRAL
2026-07-31,Plastic Pipes & Fittings,37.43559468137289,WEAKENING
2026-08-03,Plastic Pipes & Fittings,47.48491043082064,NEUTRAL
2026-08-04,Plastic Pipes & Fittings,73.68353730209657,EMERGING LEADER
2026-08-05,Plastic Pipes & Fittings,65.76533978528471,EMERGING LEADER
2026-08-06,Plastic Pipes & Fittings,91.73848284970515,EMERGING LEADER
2026-08-07,Plastic Pipes & Fittings,14.39026172034687,WEAKENING
2026-08-10,Plastic Pipes & Fittings,50.16894688438314,NEUTRAL
2026-08-11,Plastic Pipes & Fittings,7.95072745917399,WEAKENING
2026-08-12,Plastic Pipes & Fittings,59.69591058102176,ACCELERATING
2026-08-13,Plastic Pipes & Fittings,82.29177774506405,EMERGING LEADER
2026-08-14,Plastic Pipes & Fittings,79.46717809783347,EMERGING LEADER
2026-08-17,Plastic Pipes & Fittings,68.54152509765433,EMERGING LEADER
2026-08-18,Plastic Pipes & Fittings,30.94517888807769,DECELERATING
2026-08-19,Plastic Pipes & Fittings,39.777791412321136,DECELERATING
2026-08-20,Plastic Pipes & Fittings,46.069130080285646,NEUTRAL
2026-08-21,Plastic Pipes & Fittings,56.51623730751944,NEUTRAL
2026-07-02,Plastic Pipes & Moulded Products,50.0,NEUTRAL
2026-07-03,Plastic Pipes & Moulded Products,50.0,NEUTRAL
2026-07-06,Plastic Pipes & Moulded Products,50.0,NEUTRAL
2026-07-07,Plastic Pipes & Moulded Products,72.5,ACCELERATING
2026-07-08,Plastic Pipes & Moulded Products,50.0,NEUTRAL
2026-07-09,Plastic Pipes & Moulded Products,12.5,DECELERATING
2026-07-10,Plastic Pipes & Moulded Products,50.0,NEUTRAL
2026-07-13,Plastic Pipes & Moulded Products,50.0,NEUTRAL
2026-07-14,Plastic Pipes & Moulded Products,100.0,ACCELERATING
2026-07-15,Plastic Pipes & Moulded Products,66.40772208831504,ACCELERATING
2026-07-16,Plastic Pipes & Moulded Products,55.634646120031064,NEUTRAL
2026-07-17,Plastic Pipes & Moulded Products,82.77400375559932,ACCELERATING
2026-07-20,Plastic Pipes & Moulded Products,24.754375625501794,DECELERATING
2026-07-21,Plastic Pipes & Moulded Products,47.20223060129719,NEUTRAL
2026-07-22,Plastic Pipes & Moulded Products,2.863735969863626,DECELERATING
2026-07-23,Plastic Pipes & Moulded Products,60.66929576897681,ACCELERATING
2026-07-24,Plastic Pipes & Moulded Products,45.59973309673204,NEUTRAL
2026-07-27,Plastic Pipes & Moulded Products,48.17081103730385,NEUTRAL
2026-07-28,Plastic Pipes & Moulded Products,66.75701451559856,ACCELERATING
2026-07-29,Plastic Pipes & Moulded Products,68.87358603926074,ACCELERATING
2026-07-30,Plastic Pipes & Moulded Products,51.76757815488506,NEUTRAL
2026-07-31,Plastic Pipes & Moulded Products,32.87037156759527,DECELERATING
2026-08-03,Plastic Pipes & Moulded Products,36.53493648636286,DECELERATING
2026-08-04,Plastic Pipes & Moulded Products,51.50969103566419,NEUTRAL
2026-08-05,Plastic Pipes & Moulded Products,50.48677736010471,NEUTRAL
2026-08-06,Plastic Pipes & Moulded Products,47.95185991754612,NEUTRAL
2026-08-07,Plastic Pipes & Moulded Products,47.487885235283194,NEUTRAL
2026-08-10,Plastic Pipes & Moulded Products,49.78361200779666,NEUTRAL
2026-08-11,Plastic Pipes & Moulded Products,48.33887711162761,NEUTRAL
2026-08-12,Plastic Pipes & Moulded Products,51.32695152315179,NEUTRAL
2026-08-13,Plastic Pipes & Moulded Products,51.63155518747293,NEUTRAL
2026-08-14,Plastic Pipes & Moulded Products,69.3913970423601,EMERGING LEADER
2026-08-17,Plastic Pipes & Moulded Products,65.19957226807445,EMERGING LEADER
2026-08-18,Plastic Pipes & Moulded Products,50.39361645082369,NEUTRAL
2026-08-19,Plastic Pipes & Moulded Products,48.797485508912914,NEUTRAL
2026-08-20,Plastic Pipes & Moulded Products,35.147415633748544,DECELERATING
2026-08-21,Plastic Pipes & Moulded Products,32.962004691566335,DECELERATING
2026-07-02,Plywood & Boards,50.0,NEUTRAL
2026-07-03,Plywood & Boards,50.0,NEUTRAL
2026-07-06,Plywood & Boards,50.0,NEUTRAL
2026-07-07,Plywood & Boards,50.0,NEUTRAL
2026-07-08,Plywood & Boards,80.0,ACCELERATING
2026-07-09,Plywood & Boards,50.0,NEUTRAL
2026-07-10,Plywood & Boards,95.0,ACCELERATING
2026-07-13,Plywood & Boards,65.0,ACCELERATING
2026-07-14,Plywood & Boards,49.54972633249771,NEUTRAL
2026-07-15,Plywood & Boards,1.967620781147673,DECELERATING
2026-07-16,Plywood & Boards,3.0877458434253597,DECELERATING
2026-07-17,Plywood & Boards,49.79658045569705,NEUTRAL
2026-07-20,Plywood & Boards,19.508051262279928,DECELERATING
2026-07-21,Plywood & Boards,50.555260164966676,NEUTRAL
2026-07-22,Plywood & Boards,97.6480190619566,ACCELERATING
2026-07-23,Plywood & Boards,100.0,ACCELERATING
2026-07-24,Plywood & Boards,20.164621602986404,DECELERATING
2026-07-27,Plywood & Boards,4.617766367971257,DECELERATING
2026-07-28,Plywood & Boards,3.931912098131008,DECELERATING
2026-07-29,Plywood & Boards,100.0,ACCELERATING
2026-07-30,Plywood & Boards,46.07068215910807,NEUTRAL
2026-07-31,Plywood & Boards,95.06402573182547,EMERGING LEADER
2026-08-03,Plywood & Boards,50.94239911345474,NEUTRAL
2026-08-04,Plywood & Boards,97.55950159403366,EMERGING LEADER
2026-08-05,Plywood & Boards,48.53250095024117,NEUTRAL
2026-08-06,Plywood & Boards,50.45372344951271,NEUTRAL
2026-08-07,Plywood & Boards,17.93374393433377,DECELERATING
2026-08-10,Plywood & Boards,50.04635155692567,NEUTRAL
2026-08-11,Plywood & Boards,48.97298017912446,NEUTRAL
2026-08-12,Plywood & Boards,100.0,EMERGING LEADER
2026-08-13,Plywood & Boards,50.21598572960718,NEUTRAL
2026-08-14,Plywood & Boards,84.68836049761366,EMERGING LEADER
2026-08-17,Plywood & Boards,21.644765457015737,DECELERATING
2026-08-18,Plywood & Boards,50.055790232177635,NEUTRAL
2026-08-19,Plywood & Boards,17.099485918989878,DECELERATING
2026-08-20,Plywood & Boards,50.02273003091261,NEUTRAL
2026-08-21,Plywood & Boards,17.292588177508648,DECELERATING
2026-07-02,"Plywood, MDF & Laminates",50.0,NEUTRAL
2026-07-03,"Plywood, MDF & Laminates",50.0,NEUTRAL
2026-07-06,"Plywood, MDF & Laminates",50.0,NEUTRAL
2026-07-07,"Plywood, MDF & Laminates",69.28571428571428,ACCELERATING
2026-07-08,"Plywood, MDF & Laminates",37.14285714285714,DECELERATING
2026-07-09,"Plywood, MDF & Laminates",35.0,DECELERATING
2026-07-10,"Plywood, MDF & Laminates",65.0,ACCELERATING
2026-07-13,"Plywood, MDF & Laminates",63.21428571428572,ACCELERATING
2026-07-14,"Plywood, MDF & Laminates",74.94977264958654,ACCELERATING
2026-07-15,"Plywood, MDF & Laminates",45.63161372159624,NEUTRAL
2026-07-16,"Plywood, MDF & Laminates",45.43015611365054,NEUTRAL
2026-07-17,"Plywood, MDF & Laminates",24.167115524227537,DECELERATING
2026-07-20,"Plywood, MDF & Laminates",66.90023840013049,ACCELERATING
2026-07-21,"Plywood, MDF & Laminates",59.018201260066135,ACCELERATING
2026-07-22,"Plywood, MDF & Laminates",78.1898332917215,ACCELERATING
2026-07-23,"Plywood, MDF & Laminates",24.45262129066792,DECELERATING
2026-07-24,"Plywood, MDF & Laminates",57.500149421528825,NEUTRAL
2026-07-27,"Plywood, MDF & Laminates",33.53692912651552,DECELERATING
2026-07-28,"Plywood, MDF & Laminates",54.24034246362173,NEUTRAL
2026-07-29,"Plywood, MDF & Laminates",19.567091818448986,DECELERATING
2026-07-30,"Plywood, MDF & Laminates",52.58716486588292,NEUTRAL
2026-07-31,"Plywood, MDF & Laminates",63.495747295148774,EMERGING LEADER
2026-08-03,"Plywood, MDF & Laminates",61.537027991516425,EMERGING LEADER
2026-08-04,"Plywood, MDF & Laminates",50.48950233908739,NEUTRAL
2026-08-05,"Plywood, MDF & Laminates",46.03843970978043,NEUTRAL
2026-08-06,"Plywood, MDF & Laminates",61.89843648484679,EMERGING LEADER
2026-08-07,"Plywood, MDF & Laminates",51.47814583489311,NEUTRAL
2026-08-10,"Plywood, MDF & Laminates",41.026252731258175,DECELERATING
2026-08-11,"Plywood, MDF & Laminates",17.485290988658356,DECELERATING
2026-08-12,"Plywood, MDF & Laminates",34.7586666160126,WEAKENING
2026-08-13,"Plywood, MDF & Laminates",31.568516105346276,WEAKENING
2026-08-14,"Plywood, MDF & Laminates",55.96164324247564,NEUTRAL
2026-08-17,"Plywood, MDF & Laminates",34.978446323117296,WEAKENING
2026-08-18,"Plywood, MDF & Laminates",51.19206621871744,NEUTRAL
2026-08-19,"Plywood, MDF & Laminates",54.85668891079775,NEUTRAL
2026-08-20,"Plywood, MDF & Laminates",85.72929662111844,EMERGING LEADER
2026-08-21,"Plywood, MDF & Laminates",65.43407707107276,ACCELERATING
2026-07-02,Power,50.0,NEUTRAL
2026-07-03,Power,50.0,NEUTRAL
2026-07-06,Power,50.0,NEUTRAL
2026-07-07,Power,52.5,NEUTRAL
2026-07-08,Power,15.0,DECELERATING
2026-07-09,Power,50.0,NEUTRAL
2026-07-10,Power,67.5,ACCELERATING
2026-07-13,Power,70.0,ACCELERATING
2026-07-14,Power,46.26090635164058,NEUTRAL
2026-07-15,Power,36.95865273148144,DECELERATING
2026-07-16,Power,55.92748362966203,NEUTRAL
2026-07-17,Power,44.848288342203055,NEUTRAL
2026-07-20,Power,57.24805639691857,NEUTRAL
2026-07-21,Power,62.96103450659937,ACCELERATING
2026-07-22,Power,55.711740589611175,NEUTRAL
2026-07-23,Power,39.80206477196087,DECELERATING
2026-07-24,Power,27.95361411386483,DECELERATING
2026-07-27,Power,54.77289275651498,NEUTRAL
2026-07-28,Power,53.669124896218534,NEUTRAL
2026-07-29,Power,58.72553177452431,ACCELERATING
2026-07-30,Power,49.29795632314032,NEUTRAL
2026-07-31,Power,86.64828858980094,EMERGING LEADER
2026-08-03,Power,82.12215144207471,EMERGING LEADER
2026-08-04,Power,72.50238945833537,EMERGING LEADER
2026-08-05,Power,37.08821434108023,DECELERATING
2026-08-06,Power,41.02214926938959,DECELERATING
2026-08-07,Power,43.81394066707662,NEUTRAL
2026-08-10,Power,29.936057145973777,DECELERATING
2026-08-11,Power,19.408386789738806,WEAKENING
2026-08-12,Power,25.333868344834507,WEAKENING
2026-08-13,Power,30.171942155280593,WEAKENING
2026-08-14,Power,41.67062441947978,WEAKENING
2026-08-17,Power,38.96134927540679,WEAKENING
2026-08-18,Power,52.4322963310424,NEUTRAL
2026-08-19,Power,41.120493163143685,WEAKENING
2026-08-20,Power,50.14489933759037,NEUTRAL
2026-08-21,Power,58.985789517137825,ACCELERATING
2026-07-02,Power Generation & Distribution,50.0,NEUTRAL
2026-07-03,Power Generation & Distribution,50.0,NEUTRAL
2026-07-06,Power Generation & Distribution,50.0,NEUTRAL
2026-07-07,Power Generation & Distribution,20.0,DECELERATING
2026-07-08,Power Generation & Distribution,50.0,NEUTRAL
2026-07-09,Power Generation & Distribution,80.0,ACCELERATING
2026-07-10,Power Generation & Distribution,80.0,ACCELERATING
2026-07-13,Power Generation & Distribution,50.0,NEUTRAL
2026-07-14,Power Generation & Distribution,22.848301963262422,DECELERATING
2026-07-15,Power Generation & Distribution,49.55310833891026,NEUTRAL
2026-07-16,Power Generation & Distribution,49.2552599254658,NEUTRAL
2026-07-17,Power Generation & Distribution,48.13990221259462,NEUTRAL
2026-07-20,Power Generation & Distribution,50.388020377002086,NEUTRAL
2026-07-21,Power Generation & Distribution,19.703229507705444,DECELERATING
2026-07-22,Power Generation & Distribution,50.32940171680436,NEUTRAL
2026-07-23,Power Generation & Distribution,51.03044989027067,NEUTRAL
2026-07-24,Power Generation & Distribution,83.55183250570931,ACCELERATING
2026-07-27,Power Generation & Distribution,52.37939868533072,NEUTRAL
2026-07-28,Power Generation & Distribution,51.14579364197714,NEUTRAL
2026-07-29,Power Generation & Distribution,16.8596108001191,DECELERATING
2026-07-30,Power Generation & Distribution,45.51789348353869,NEUTRAL
2026-07-31,Power Generation & Distribution,47.67204434820026,NEUTRAL
2026-08-03,Power Generation & Distribution,80.37420592237652,ACCELERATING
2026-08-04,Power Generation & Distribution,53.29103809743919,NEUTRAL
2026-08-05,Power Generation & Distribution,52.700224069176905,NEUTRAL
2026-08-06,Power Generation & Distribution,85.52505768030392,ACCELERATING
2026-08-07,Power Generation & Distribution,49.94660334998755,NEUTRAL
2026-08-10,Power Generation & Distribution,48.59022114293025,NEUTRAL
2026-08-11,Power Generation & Distribution,14.39291765044453,WEAKENING
2026-08-12,Power Generation & Distribution,16.492591156061344,WEAKENING
2026-08-13,Power Generation & Distribution,79.57496229197216,ACCELERATING
2026-08-14,Power Generation & Distribution,51.35539134400504,NEUTRAL
2026-08-17,Power Generation & Distribution,83.15992597168436,ACCELERATING
2026-08-18,Power Generation & Distribution,20.451102057203506,WEAKENING
2026-08-19,Power Generation & Distribution,52.988727069519285,NEUTRAL
2026-08-20,Power Generation & Distribution,47.42037319895524,NEUTRAL
2026-08-21,Power Generation & Distribution,46.673389641327695,NEUTRAL
2026-07-02,Power Generation & Utilities,50.0,NEUTRAL
2026-07-03,Power Generation & Utilities,50.0,NEUTRAL
2026-07-06,Power Generation & Utilities,50.0,NEUTRAL
2026-07-07,Power Generation & Utilities,55.45454545454545,NEUTRAL
2026-07-08,Power Generation & Utilities,51.36363636363637,NEUTRAL
2026-07-09,Power Generation & Utilities,52.72727272727273,NEUTRAL
2026-07-10,Power Generation & Utilities,58.18181818181819,ACCELERATING
2026-07-13,Power Generation & Utilities,48.63636363636364,NEUTRAL
2026-07-14,Power Generation & Utilities,65.04225579209873,ACCELERATING
2026-07-15,Power Generation & Utilities,43.85320742164839,NEUTRAL
2026-07-16,Power Generation & Utilities,58.39103277976285,ACCELERATING
2026-07-17,Power Generation & Utilities,43.52793000839799,NEUTRAL
2026-07-20,Power Generation & Utilities,71.04721597036165,ACCELERATING
2026-07-21,Power Generation & Utilities,57.14702530701823,NEUTRAL
2026-07-22,Power Generation & Utilities,63.29503455690655,ACCELERATING
2026-07-23,Power Generation & Utilities,38.22275505741536,DECELERATING
2026-07-24,Power Generation & Utilities,49.16139584240826,NEUTRAL
2026-07-27,Power Generation & Utilities,48.964276135219976,NEUTRAL
2026-07-28,Power Generation & Utilities,40.44325063852608,DECELERATING
2026-07-29,Power Generation & Utilities,37.892191785570525,DECELERATING
2026-07-30,Power Generation & Utilities,34.71413749603439,WEAKENING
2026-07-31,Power Generation & Utilities,53.643650282971684,NEUTRAL
2026-08-03,Power Generation & Utilities,69.3504656490029,ACCELERATING
2026-08-04,Power Generation & Utilities,53.22553561205621,NEUTRAL
2026-08-05,Power Generation & Utilities,44.9993574877067,WEAKENING
2026-08-06,Power Generation & Utilities,29.46993603952038,WEAKENING
2026-08-07,Power Generation & Utilities,52.840194802912784,NEUTRAL
2026-08-10,Power Generation & Utilities,51.17478661763606,NEUTRAL
2026-08-11,Power Generation & Utilities,52.43553089294143,NEUTRAL
2026-08-12,Power Generation & Utilities,40.96261570350583,WEAKENING
2026-08-13,Power Generation & Utilities,50.434926788944715,NEUTRAL
2026-08-14,Power Generation & Utilities,58.76783223301226,ACCELERATING
2026-08-17,Power Generation & Utilities,60.59823780992093,ACCELERATING
2026-08-18,Power Generation & Utilities,49.07677612276515,NEUTRAL
2026-08-19,Power Generation & Utilities,44.14466458924115,WEAKENING
2026-08-20,Power Generation & Utilities,33.50497771878758,WEAKENING
2026-08-21,Power Generation & Utilities,46.39388902976557,NEUTRAL
2026-07-02,Power Sector Financing NBFC,50.0,NEUTRAL
2026-07-03,Power Sector Financing NBFC,50.0,NEUTRAL
2026-07-06,Power Sector Financing NBFC,50.0,NEUTRAL
2026-07-07,Power Sector Financing NBFC,20.0,DECELERATING
2026-07-08,Power Sector Financing NBFC,20.0,DECELERATING
2026-07-09,Power Sector Financing NBFC,100.0,ACCELERATING
2026-07-10,Power Sector Financing NBFC,80.0,ACCELERATING
2026-07-13,Power Sector Financing NBFC,80.0,ACCELERATING
2026-07-14,Power Sector Financing NBFC,23.260386318074605,DECELERATING
2026-07-15,Power Sector Financing NBFC,50.89834848533035,NEUTRAL
2026-07-16,Power Sector Financing NBFC,51.263460050668954,NEUTRAL
2026-07-17,Power Sector Financing NBFC,81.08481437567323,ACCELERATING
2026-07-20,Power Sector Financing NBFC,55.15551278497131,NEUTRAL
2026-07-21,Power Sector Financing NBFC,52.555451331149484,NEUTRAL
2026-07-22,Power Sector Financing NBFC,21.620980768978036,DECELERATING
2026-07-23,Power Sector Financing NBFC,50.46282422496797,NEUTRAL
2026-07-24,Power Sector Financing NBFC,51.53978527349323,NEUTRAL
2026-07-27,Power Sector Financing NBFC,49.64716613436602,NEUTRAL
2026-07-28,Power Sector Financing NBFC,49.04117898962553,NEUTRAL
2026-07-29,Power Sector Financing NBFC,100.0,ACCELERATING
2026-07-30,Power Sector Financing NBFC,65.94591146248273,EMERGING LEADER
2026-07-31,Power Sector Financing NBFC,64.71257835749927,EMERGING LEADER
2026-08-03,Power Sector Financing NBFC,16.844562777695742,DECELERATING
2026-08-04,Power Sector Financing NBFC,1.274108651630641,WEAKENING
2026-08-05,Power Sector Financing NBFC,31.14514238689201,WEAKENING
2026-08-06,Power Sector Financing NBFC,2.9968331765217684,WEAKENING
2026-08-07,Power Sector Financing NBFC,79.44487679071403,ACCELERATING
2026-08-10,Power Sector Financing NBFC,15.627021675026178,WEAKENING
2026-08-11,Power Sector Financing NBFC,15.37229256579593,WEAKENING
2026-08-12,Power Sector Financing NBFC,14.322604452638636,WEAKENING
2026-08-13,Power Sector Financing NBFC,79.84024713587299,ACCELERATING
2026-08-14,Power Sector Financing NBFC,79.78529523643465,ACCELERATING
2026-08-17,Power Sector Financing NBFC,85.5241772628057,ACCELERATING
2026-08-18,Power Sector Financing NBFC,55.93427728445047,NEUTRAL
2026-08-19,Power Sector Financing NBFC,57.70055570249641,NEUTRAL
2026-08-20,Power Sector Financing NBFC,19.090296477413617,WEAKENING
2026-08-21,Power Sector Financing NBFC,47.861789948937066,NEUTRAL
2026-07-02,Project Management & Civil Construction,50.0,NEUTRAL
2026-07-03,Project Management & Civil Construction,50.0,NEUTRAL
2026-07-06,Project Management & Civil Construction,50.0,NEUTRAL
2026-07-07,Project Management & Civil Construction,50.0,NEUTRAL
2026-07-08,Project Management & Civil Construction,20.0,DECELERATING
2026-07-09,Project Management & Civil Construction,80.0,ACCELERATING
2026-07-10,Project Management & Civil Construction,50.0,NEUTRAL
2026-07-13,Project Management & Civil Construction,100.0,ACCELERATING
2026-07-14,Project Management & Civil Construction,53.02592473941868,NEUTRAL
2026-07-15,Project Management & Civil Construction,51.251138853616034,NEUTRAL
2026-07-16,Project Management & Civil Construction,17.028668791848318,DECELERATING
2026-07-17,Project Management & Civil Construction,49.10487097316481,NEUTRAL
2026-07-20,Project Management & Civil Construction,49.48334837792133,NEUTRAL
2026-07-21,Project Management & Civil Construction,50.07061051285473,NEUTRAL
2026-07-22,Project Management & Civil Construction,50.34797591869985,NEUTRAL
2026-07-23,Project Management & Civil Construction,50.80725884442632,NEUTRAL
2026-07-24,Project Management & Civil Construction,51.2371871167998,NEUTRAL
2026-07-27,Project Management & Civil Construction,49.45228351929523,NEUTRAL
2026-07-28,Project Management & Civil Construction,50.57559153908409,NEUTRAL
2026-07-29,Project Management & Civil Construction,49.97747869012907,NEUTRAL
2026-07-30,Project Management & Civil Construction,50.93731367969304,NEUTRAL
2026-07-31,Project Management & Civil Construction,49.432389369662275,NEUTRAL
2026-08-03,Project Management & Civil Construction,49.571163612269174,NEUTRAL
2026-08-04,Project Management & Civil Construction,48.817841934248534,NEUTRAL
2026-08-05,Project Management & Civil Construction,50.35045768972554,NEUTRAL
2026-08-06,Project Management & Civil Construction,50.94917928559652,NEUTRAL
2026-08-07,Project Management & Civil Construction,50.26325452474209,NEUTRAL
2026-08-10,Project Management & Civil Construction,49.08972580670211,NEUTRAL
2026-08-11,Project Management & Civil Construction,48.497270001372385,NEUTRAL
2026-08-12,Project Management & Civil Construction,18.415455084639206,WEAKENING
2026-08-13,Project Management & Civil Construction,47.97735217078844,NEUTRAL
2026-08-14,Project Management & Civil Construction,17.105561009664044,WEAKENING
2026-08-17,Project Management & Civil Construction,79.17909788979063,ACCELERATING
2026-08-18,Project Management & Civil Construction,48.85996241969427,NEUTRAL
2026-08-19,Project Management & Civil Construction,81.0732466849247,ACCELERATING
2026-08-20,Project Management & Civil Construction,50.91974424820187,NEUTRAL
2026-08-21,Project Management & Civil Construction,53.40290744244596,NEUTRAL
2026-07-02,Pumps & Compressors,50.0,NEUTRAL
2026-07-03,Pumps & Compressors,50.0,NEUTRAL
2026-07-06,Pumps & Compressors,50.0,NEUTRAL
2026-07-07,Pumps & Compressors,68.0,ACCELERATING
2026-07-08,Pumps & Compressors,45.5,NEUTRAL
2026-07-09,Pumps & Compressors,18.5,DECELERATING
2026-07-10,Pumps & Compressors,44.0,NEUTRAL
2026-07-13,Pumps & Compressors,59.0,ACCELERATING
2026-07-14,Pumps & Compressors,50.89243747357413,NEUTRAL
2026-07-15,Pumps & Compressors,40.694430427669936,DECELERATING
2026-07-16,Pumps & Compressors,48.504496604272965,NEUTRAL
2026-07-17,Pumps & Compressors,37.81633885284456,DECELERATING
2026-07-20,Pumps & Compressors,53.10615697527081,NEUTRAL
2026-07-21,Pumps & Compressors,51.941194287604795,NEUTRAL
2026-07-22,Pumps & Compressors,49.889492632652036,NEUTRAL
2026-07-23,Pumps & Compressors,37.01617066525829,DECELERATING
2026-07-24,Pumps & Compressors,44.223281240160915,NEUTRAL
2026-07-27,Pumps & Compressors,52.613953934968045,NEUTRAL
2026-07-28,Pumps & Compressors,58.398119450277456,ACCELERATING
2026-07-29,Pumps & Compressors,43.034465108588755,NEUTRAL
2026-07-30,Pumps & Compressors,51.05130395582779,NEUTRAL
2026-07-31,Pumps & Compressors,57.062430232844,NEUTRAL
2026-08-03,Pumps & Compressors,53.23975724555615,NEUTRAL
2026-08-04,Pumps & Compressors,54.87866784919116,NEUTRAL
2026-08-05,Pumps & Compressors,51.72138558156087,NEUTRAL
2026-08-06,Pumps & Compressors,60.37952664184145,ACCELERATING
2026-08-07,Pumps & Compressors,43.73208642862816,WEAKENING
2026-08-10,Pumps & Compressors,37.631556178598174,WEAKENING
2026-08-11,Pumps & Compressors,47.23324647638299,NEUTRAL
2026-08-12,Pumps & Compressors,57.998724270939896,NEUTRAL
2026-08-13,Pumps & Compressors,61.913170552499615,ACCELERATING
2026-08-14,Pumps & Compressors,55.5205789362447,NEUTRAL
2026-08-17,Pumps & Compressors,59.88128586905756,ACCELERATING
2026-08-18,Pumps & Compressors,49.13173374595768,NEUTRAL
2026-08-19,Pumps & Compressors,54.305154117945165,NEUTRAL
2026-08-20,Pumps & Compressors,58.112744268120295,ACCELERATING
2026-08-21,Pumps & Compressors,49.48777179679187,NEUTRAL
2026-07-02,Railway Financing,50.0,NEUTRAL
2026-07-03,Railway Financing,50.0,NEUTRAL
2026-07-06,Railway Financing,50.0,NEUTRAL
2026-07-07,Railway Financing,50.0,NEUTRAL
2026-07-08,Railway Financing,20.0,DECELERATING
2026-07-09,Railway Financing,50.0,NEUTRAL
2026-07-10,Railway Financing,50.0,NEUTRAL
2026-07-13,Railway Financing,80.0,ACCELERATING
2026-07-14,Railway Financing,50.68665715609296,NEUTRAL
2026-07-15,Railway Financing,49.262171253964915,NEUTRAL
2026-07-16,Railway Financing,49.76880878842181,NEUTRAL
2026-07-17,Railway Financing,50.461701856631436,NEUTRAL
2026-07-20,Railway Financing,51.66893909396935,NEUTRAL
2026-07-21,Railway Financing,50.07852937789532,NEUTRAL
2026-07-22,Railway Financing,50.468798090879986,NEUTRAL
2026-07-23,Railway Financing,50.82679888366103,NEUTRAL
2026-07-24,Railway Financing,51.79730740773994,NEUTRAL
2026-07-27,Railway Financing,50.40214083033526,NEUTRAL
2026-07-28,Railway Financing,49.60023801730864,NEUTRAL
2026-07-29,Railway Financing,80.2258706507561,ACCELERATING
2026-07-30,Railway Financing,20.663390090071886,WEAKENING
2026-07-31,Railway Financing,79.78392004684272,ACCELERATING
2026-08-03,Railway Financing,94.38824747927045,EMERGING LEADER
2026-08-04,Railway Financing,100.0,EMERGING LEADER
2026-08-05,Railway Financing,18.387867462753395,WEAKENING
2026-08-06,Railway Financing,0.0,WEAKENING
2026-08-07,Railway Financing,2.7643441388564227,WEAKENING
2026-08-10,Railway Financing,49.4449819826208,NEUTRAL
2026-08-11,Railway Financing,49.57047436771466,NEUTRAL
2026-08-12,Railway Financing,51.34735428519487,NEUTRAL
2026-08-13,Railway Financing,51.27658439730929,NEUTRAL
2026-08-14,Railway Financing,51.357251442420555,NEUTRAL
2026-08-17,Railway Financing,49.483728132953004,NEUTRAL
2026-08-18,Railway Financing,49.41646151675213,NEUTRAL
2026-08-19,Railway Financing,18.539853429580063,WEAKENING
2026-08-20,Railway Financing,49.624371755392886,NEUTRAL
2026-08-21,Railway Financing,49.82966464973814,NEUTRAL
2026-07-02,Railway Infrastructure,50.0,NEUTRAL
2026-07-03,Railway Infrastructure,50.0,NEUTRAL
2026-07-06,Railway Infrastructure,50.0,NEUTRAL
2026-07-07,Railway Infrastructure,50.0,NEUTRAL
2026-07-08,Railway Infrastructure,20.0,DECELERATING
2026-07-09,Railway Infrastructure,50.0,NEUTRAL
2026-07-10,Railway Infrastructure,65.0,ACCELERATING
2026-07-13,Railway Infrastructure,65.0,ACCELERATING
2026-07-14,Railway Infrastructure,50.71376404791428,NEUTRAL
2026-07-15,Railway Infrastructure,34.34531528353512,DECELERATING
2026-07-16,Railway Infrastructure,65.38157908166833,ACCELERATING
2026-07-17,Railway Infrastructure,50.8769412371377,NEUTRAL
2026-07-20,Railway Infrastructure,51.83774496893387,NEUTRAL
2026-07-21,Railway Infrastructure,49.93490129680806,NEUTRAL
2026-07-22,Railway Infrastructure,50.64776804667806,NEUTRAL
2026-07-23,Railway Infrastructure,50.72858537514571,NEUTRAL
2026-07-24,Railway Infrastructure,66.5920282744226,ACCELERATING
2026-07-27,Railway Infrastructure,49.80406591570081,NEUTRAL
2026-07-28,Railway Infrastructure,49.22969779081971,NEUTRAL
2026-07-29,Railway Infrastructure,64.24523252504186,ACCELERATING
2026-07-30,Railway Infrastructure,49.75720202521306,NEUTRAL
2026-07-31,Railway Infrastructure,49.55543227954079,NEUTRAL
2026-08-03,Railway Infrastructure,97.00178911850341,EMERGING LEADER
2026-08-04,Railway Infrastructure,100.0,EMERGING LEADER
2026-08-05,Railway Infrastructure,74.13471163070422,EMERGING LEADER
2026-08-06,Railway Infrastructure,49.86030342095643,NEUTRAL
2026-08-07,Railway Infrastructure,33.871258280931684,DECELERATING
2026-08-10,Railway Infrastructure,25.251300123490203,WEAKENING
2026-08-11,Railway Infrastructure,0.0,WEAKENING
2026-08-12,Railway Infrastructure,0.0,WEAKENING
2026-08-13,Railway Infrastructure,33.809125894213146,WEAKENING
2026-08-14,Railway Infrastructure,64.73771486716646,ACCELERATING
2026-08-17,Railway Infrastructure,64.63450053935094,ACCELERATING
2026-08-18,Railway Infrastructure,65.97221301863922,ACCELERATING
2026-08-19,Railway Infrastructure,50.92669514794083,NEUTRAL
2026-08-20,Railway Infrastructure,67.05247320694092,ACCELERATING
2026-08-21,Railway Infrastructure,50.73731375849096,NEUTRAL
2026-07-02,Railway Infrastructure & Consulting,50.0,NEUTRAL
2026-07-03,Railway Infrastructure & Consulting,50.0,NEUTRAL
2026-07-06,Railway Infrastructure & Consulting,50.0,NEUTRAL
2026-07-07,Railway Infrastructure & Consulting,100.0,ACCELERATING
2026-07-08,Railway Infrastructure & Consulting,50.0,NEUTRAL
2026-07-09,Railway Infrastructure & Consulting,50.0,NEUTRAL
2026-07-10,Railway Infrastructure & Consulting,20.0,DECELERATING
2026-07-13,Railway Infrastructure & Consulting,95.0,ACCELERATING
2026-07-14,Railway Infrastructure & Consulting,45.95666586805221,NEUTRAL
2026-07-15,Railway Infrastructure & Consulting,0.4836264474323997,DECELERATING
2026-07-16,Railway Infrastructure & Consulting,0.0,DECELERATING
2026-07-17,Railway Infrastructure & Consulting,52.03140846210138,NEUTRAL
2026-07-20,Railway Infrastructure & Consulting,50.62945714237523,NEUTRAL
2026-07-21,Railway Infrastructure & Consulting,50.486945438048764,NEUTRAL
2026-07-22,Railway Infrastructure & Consulting,51.030236688891264,NEUTRAL
2026-07-23,Railway Infrastructure & Consulting,51.49060788712927,NEUTRAL
2026-07-24,Railway Infrastructure & Consulting,51.6896327628694,NEUTRAL
2026-07-27,Railway Infrastructure & Consulting,51.1135791416461,NEUTRAL
2026-07-28,Railway Infrastructure & Consulting,49.644771124460775,NEUTRAL
2026-07-29,Railway Infrastructure & Consulting,50.39049105760293,NEUTRAL
2026-07-30,Railway Infrastructure & Consulting,50.90825048977761,NEUTRAL
2026-07-31,Railway Infrastructure & Consulting,49.22440880168679,NEUTRAL
2026-08-03,Railway Infrastructure & Consulting,48.854607008824914,NEUTRAL
2026-08-04,Railway Infrastructure & Consulting,48.10784439906414,NEUTRAL
2026-08-05,Railway Infrastructure & Consulting,100.0,EMERGING LEADER
2026-08-06,Railway Infrastructure & Consulting,100.0,EMERGING LEADER
2026-08-07,Railway Infrastructure & Consulting,100.0,EMERGING LEADER
2026-08-10,Railway Infrastructure & Consulting,22.33325084872716,DECELERATING
2026-08-11,Railway Infrastructure & Consulting,20.426646006578046,DECELERATING
2026-08-12,Railway Infrastructure & Consulting,13.729234323202732,DECELERATING
2026-08-13,Railway Infrastructure & Consulting,43.94571958206285,NEUTRAL
2026-08-14,Railway Infrastructure & Consulting,0.0,WEAKENING
2026-08-17,Railway Infrastructure & Consulting,2.924395367007122,WEAKENING
2026-08-18,Railway Infrastructure & Consulting,4.798770936583871,WEAKENING
2026-08-19,Railway Infrastructure & Consulting,52.26809650787125,NEUTRAL
2026-08-20,Railway Infrastructure & Consulting,51.55885514584057,NEUTRAL
2026-08-21,Railway Infrastructure & Consulting,50.57776855027775,NEUTRAL
2026-07-02,Railway Telecom,50.0,NEUTRAL
2026-07-03,Railway Telecom,50.0,NEUTRAL
2026-07-06,Railway Telecom,50.0,NEUTRAL
2026-07-07,Railway Telecom,50.0,NEUTRAL
2026-07-08,Railway Telecom,20.0,DECELERATING
2026-07-09,Railway Telecom,50.0,NEUTRAL
2026-07-10,Railway Telecom,80.0,ACCELERATING
2026-07-13,Railway Telecom,80.0,ACCELERATING
2026-07-14,Railway Telecom,50.882802630993154,NEUTRAL
2026-07-15,Railway Telecom,19.909627345130314,DECELERATING
2026-07-16,Railway Telecom,48.90533347586192,NEUTRAL
2026-07-17,Railway Telecom,50.03647499549791,NEUTRAL
2026-07-20,Railway Telecom,49.6775261450924,NEUTRAL
2026-07-21,Railway Telecom,48.55629821642302,NEUTRAL
2026-07-22,Railway Telecom,49.91084670582474,NEUTRAL
2026-07-23,Railway Telecom,51.34775426547488,NEUTRAL
2026-07-24,Railway Telecom,21.631030371647128,DECELERATING
2026-07-27,Railway Telecom,51.08243635353573,NEUTRAL
2026-07-28,Railway Telecom,50.82455265679303,NEUTRAL
2026-07-29,Railway Telecom,100.0,ACCELERATING
2026-07-30,Railway Telecom,51.54250511369314,NEUTRAL
2026-07-31,Railway Telecom,18.920918895354145,WEAKENING
2026-08-03,Railway Telecom,48.99164912539748,NEUTRAL
2026-08-04,Railway Telecom,47.98740539180826,NEUTRAL
2026-08-05,Railway Telecom,79.0068145587747,ACCELERATING
2026-08-06,Railway Telecom,17.5503499802127,WEAKENING
2026-08-07,Railway Telecom,50.369741661893315,NEUTRAL
2026-08-10,Railway Telecom,51.40362923766515,NEUTRAL
2026-08-11,Railway Telecom,51.56746644377508,NEUTRAL
2026-08-12,Railway Telecom,49.72950398126387,NEUTRAL
2026-08-13,Railway Telecom,49.604163738176645,NEUTRAL
2026-08-14,Railway Telecom,50.07667643986335,NEUTRAL
2026-08-17,Railway Telecom,48.35656705877177,NEUTRAL
2026-08-18,Railway Telecom,48.98006813744577,NEUTRAL
2026-08-19,Railway Telecom,82.15771277309983,ACCELERATING
2026-08-20,Railway Telecom,51.61694700553299,NEUTRAL
2026-08-21,Railway Telecom,83.3421223203042,ACCELERATING
2026-07-02,Railway Ticketing & Catering,50.0,NEUTRAL
2026-07-03,Railway Ticketing & Catering,50.0,NEUTRAL
2026-07-06,Railway Ticketing & Catering,50.0,NEUTRAL
2026-07-07,Railway Ticketing & Catering,20.0,DECELERATING
2026-07-08,Railway Ticketing & Catering,5.0,DECELERATING
2026-07-09,Railway Ticketing & Catering,5.0,DECELERATING
2026-07-10,Railway Ticketing & Catering,100.0,ACCELERATING
2026-07-13,Railway Ticketing & Catering,50.0,NEUTRAL
2026-07-14,Railway Ticketing & Catering,20.336056463453446,DECELERATING
2026-07-15,Railway Ticketing & Catering,19.762337677166926,DECELERATING
2026-07-16,Railway Ticketing & Catering,50.82323601097426,NEUTRAL
2026-07-17,Railway Ticketing & Catering,100.0,ACCELERATING
2026-07-20,Railway Ticketing & Catering,52.65652190428438,NEUTRAL
2026-07-21,Railway Ticketing & Catering,50.56460156224535,NEUTRAL
2026-07-22,Railway Ticketing & Catering,0.0,DECELERATING
2026-07-23,Railway Ticketing & Catering,49.841054083801474,NEUTRAL
2026-07-24,Railway Ticketing & Catering,49.7261894720421,NEUTRAL
2026-07-27,Railway Ticketing & Catering,49.63146613450171,NEUTRAL
2026-07-28,Railway Ticketing & Catering,48.47916764944526,NEUTRAL
2026-07-29,Railway Ticketing & Catering,50.162827305789925,NEUTRAL
2026-07-30,Railway Ticketing & Catering,50.009873586662685,NEUTRAL
2026-07-31,Railway Ticketing & Catering,48.80113115856746,NEUTRAL
2026-08-03,Railway Ticketing & Catering,100.0,EMERGING LEADER
2026-08-04,Railway Ticketing & Catering,97.75315115788638,EMERGING LEADER
2026-08-05,Railway Ticketing & Catering,97.65266496166163,EMERGING LEADER
2026-08-06,Railway Ticketing & Catering,50.21086866752957,NEUTRAL
2026-08-07,Railway Ticketing & Catering,50.69646190639723,NEUTRAL
2026-08-10,Railway Ticketing & Catering,79.75654063033168,EMERGING LEADER
2026-08-11,Railway Ticketing & Catering,17.986472548187507,DECELERATING
2026-08-12,Railway Ticketing & Catering,47.83036223995227,NEUTRAL
2026-08-13,Railway Ticketing & Catering,0.0,WEAKENING
2026-08-14,Railway Ticketing & Catering,2.330115184801528,WEAKENING
2026-08-17,Railway Ticketing & Catering,1.5611629666152282,WEAKENING
2026-08-18,Railway Ticketing & Catering,79.36421824341683,ACCELERATING
2026-08-19,Railway Ticketing & Catering,49.825781400332126,NEUTRAL
2026-08-20,Railway Ticketing & Catering,50.43777448706756,NEUTRAL
2026-08-21,Railway Ticketing & Catering,50.08137360843198,NEUTRAL
2026-07-02,Railway Wagons & Equipment,50.0,NEUTRAL
2026-07-03,Railway Wagons & Equipment,50.0,NEUTRAL
2026-07-06,Railway Wagons & Equipment,50.0,NEUTRAL
2026-07-07,Railway Wagons & Equipment,65.0,ACCELERATING
2026-07-08,Railway Wagons & Equipment,35.0,DECELERATING
2026-07-09,Railway Wagons & Equipment,50.0,NEUTRAL
2026-07-10,Railway Wagons & Equipment,50.0,NEUTRAL
2026-07-13,Railway Wagons & Equipment,65.0,ACCELERATING
2026-07-14,Railway Wagons & Equipment,61.71901997635814,ACCELERATING
2026-07-15,Railway Wagons & Equipment,77.26701741556369,ACCELERATING
2026-07-16,Railway Wagons & Equipment,67.55083275323459,ACCELERATING
2026-07-17,Railway Wagons & Equipment,41.54969746940309,DECELERATING
2026-07-20,Railway Wagons & Equipment,24.472359253271094,DECELERATING
2026-07-21,Railway Wagons & Equipment,32.10603637943769,DECELERATING
2026-07-22,Railway Wagons & Equipment,31.44504266706588,DECELERATING
2026-07-23,Railway Wagons & Equipment,33.41990773052805,DECELERATING
2026-07-24,Railway Wagons & Equipment,36.26076012389791,DECELERATING
2026-07-27,Railway Wagons & Equipment,51.367177494650925,NEUTRAL
2026-07-28,Railway Wagons & Equipment,50.84119154729155,NEUTRAL
2026-07-29,Railway Wagons & Equipment,77.00507958725025,ACCELERATING
2026-07-30,Railway Wagons & Equipment,67.10227679426906,ACCELERATING
2026-07-31,Railway Wagons & Equipment,65.5253355531708,ACCELERATING
2026-08-03,Railway Wagons & Equipment,74.88044997380919,EMERGING LEADER
2026-08-04,Railway Wagons & Equipment,39.079320518838195,WEAKENING
2026-08-05,Railway Wagons & Equipment,32.6818939868233,WEAKENING
2026-08-06,Railway Wagons & Equipment,27.221023326996885,DECELERATING
2026-08-07,Railway Wagons & Equipment,58.106826965740716,ACCELERATING
2026-08-10,Railway Wagons & Equipment,48.95755388505204,NEUTRAL
2026-08-11,Railway Wagons & Equipment,45.458873915534994,NEUTRAL
2026-08-12,Railway Wagons & Equipment,36.3571567030167,WEAKENING
2026-08-13,Railway Wagons & Equipment,62.285328605667786,ACCELERATING
2026-08-14,Railway Wagons & Equipment,24.724203731000003,WEAKENING
2026-08-17,Railway Wagons & Equipment,39.56361679807432,WEAKENING
2026-08-18,Railway Wagons & Equipment,39.39200485278916,WEAKENING
2026-08-19,Railway Wagons & Equipment,49.59535277038164,NEUTRAL
2026-08-20,Railway Wagons & Equipment,79.76039494452154,ACCELERATING
2026-08-21,Railway Wagons & Equipment,50.433195611572486,NEUTRAL
2026-07-02,Railways,50.0,NEUTRAL
2026-07-03,Railways,50.0,NEUTRAL
2026-07-06,Railways,50.0,NEUTRAL
2026-07-07,Railways,80.0,ACCELERATING
2026-07-08,Railways,27.5,DECELERATING
2026-07-09,Railways,12.5,DECELERATING
2026-07-10,Railways,42.5,NEUTRAL
2026-07-13,Railways,50.0,NEUTRAL
2026-07-14,Railways,47.64640988154372,NEUTRAL
2026-07-15,Railways,48.94696793821723,NEUTRAL
2026-07-16,Railways,50.79556861986211,NEUTRAL
2026-07-17,Railways,50.77615349070541,NEUTRAL
2026-07-20,Railways,51.770920063844024,NEUTRAL
2026-07-21,Railways,50.65753236642526,NEUTRAL
2026-07-22,Railways,35.766910626421534,DECELERATING
2026-07-23,Railways,50.49741366046364,NEUTRAL
2026-07-24,Railways,28.886189267169556,DECELERATING
2026-07-27,Railways,65.34921378136201,ACCELERATING
2026-07-28,Railways,50.4290773353689,NEUTRAL
2026-07-29,Railways,72.10753839585323,ACCELERATING
2026-07-30,Railways,34.18810950315071,DECELERATING
2026-07-31,Railways,32.602825066037035,DECELERATING
2026-08-03,Railways,63.482970481079455,EMERGING LEADER
2026-08-04,Railways,63.067050642737236,EMERGING LEADER
2026-08-05,Railways,26.728042941489296,WEAKENING
2026-08-06,Railways,64.28158574065445,EMERGING LEADER
2026-08-07,Railways,51.288447492383945,NEUTRAL
2026-08-10,Railways,65.25654167177979,ACCELERATING
2026-08-11,Railways,13.415770739161445,WEAKENING
2026-08-12,Railways,42.80736646886292,WEAKENING
2026-08-13,Railways,35.13820908116068,WEAKENING
2026-08-14,Railways,73.27982545936082,EMERGING LEADER
2026-08-17,Railways,61.57406057940913,ACCELERATING
2026-08-18,Railways,70.61534034841168,ACCELERATING
2026-08-19,Railways,36.541437030150874,WEAKENING
2026-08-20,Railways,49.51258549304011,NEUTRAL
2026-08-21,Railways,69.3712204593764,ACCELERATING
2026-07-02,Realty,50.0,NEUTRAL
2026-07-03,Realty,50.0,NEUTRAL
2026-07-06,Realty,50.0,NEUTRAL
2026-07-07,Realty,75.0,ACCELERATING
2026-07-08,Realty,50.0,NEUTRAL
2026-07-09,Realty,75.0,ACCELERATING
2026-07-10,Realty,50.0,NEUTRAL
2026-07-13,Realty,100.0,ACCELERATING
2026-07-14,Realty,77.97792727348026,ACCELERATING
2026-07-15,Realty,28.816567513976427,DECELERATING
2026-07-16,Realty,27.059470349011765,DECELERATING
2026-07-17,Realty,32.15298484981178,DECELERATING
2026-07-20,Realty,58.29421920394987,ACCELERATING
2026-07-21,Realty,32.19113704958177,DECELERATING
2026-07-22,Realty,36.35115566105931,DECELERATING
2026-07-23,Realty,65.08015540398837,ACCELERATING
2026-07-24,Realty,55.46102444211636,NEUTRAL
2026-07-27,Realty,57.57977474602516,NEUTRAL
2026-07-28,Realty,40.68756998688153,DECELERATING
2026-07-29,Realty,49.81431983261672,NEUTRAL
2026-07-30,Realty,47.19544952255548,NEUTRAL
2026-07-31,Realty,47.12482203306102,NEUTRAL
2026-08-03,Realty,47.08243167146529,NEUTRAL
2026-08-04,Realty,48.33617907719146,NEUTRAL
2026-08-05,Realty,38.50905851375262,WEAKENING
2026-08-06,Realty,49.34901332398961,NEUTRAL
2026-08-07,Realty,100.0,EMERGING LEADER
2026-08-10,Realty,92.7369424464114,EMERGING LEADER
2026-08-11,Realty,47.319467617348764,NEUTRAL
2026-08-12,Realty,0.0,WEAKENING
2026-08-13,Realty,2.8699843544637105,WEAKENING
2026-08-14,Realty,36.955877954972664,WEAKENING
2026-08-17,Realty,46.97754191117512,NEUTRAL
2026-08-18,Realty,51.954561090014614,NEUTRAL
2026-08-19,Realty,38.98314142840636,WEAKENING
2026-08-20,Realty,81.46226678162427,ACCELERATING
2026-08-21,Realty,82.92851329996972,ACCELERATING
2026-07-02,Renewable Energy,50.0,NEUTRAL
2026-07-03,Renewable Energy,50.0,NEUTRAL
2026-07-06,Renewable Energy,50.0,NEUTRAL
2026-07-07,Renewable Energy,57.5,NEUTRAL
2026-07-08,Renewable Energy,45.0,NEUTRAL
2026-07-09,Renewable Energy,45.0,NEUTRAL
2026-07-10,Renewable Energy,55.0,NEUTRAL
2026-07-13,Renewable Energy,57.5,NEUTRAL
2026-07-14,Renewable Energy,44.48851930938764,NEUTRAL
2026-07-15,Renewable Energy,62.43902336015734,ACCELERATING
2026-07-16,Renewable Energy,62.9132898638162,ACCELERATING
2026-07-17,Renewable Energy,61.97457699856619,ACCELERATING
2026-07-20,Renewable Energy,39.59848637882821,DECELERATING
2026-07-21,Renewable Energy,37.395547332285716,DECELERATING
2026-07-22,Renewable Energy,19.582258933321157,DECELERATING
2026-07-23,Renewable Energy,31.206376059646903,DECELERATING
2026-07-24,Renewable Energy,53.7267623796766,NEUTRAL
2026-07-27,Renewable Energy,80.57933638174427,ACCELERATING
2026-07-28,Renewable Energy,62.68273317419013,ACCELERATING
2026-07-29,Renewable Energy,38.124959478410915,DECELERATING
2026-07-30,Renewable Energy,10.902786936398002,WEAKENING
2026-07-31,Renewable Energy,43.05393018260114,WEAKENING
2026-08-03,Renewable Energy,52.24911906159687,NEUTRAL
2026-08-04,Renewable Energy,60.58003137871803,ACCELERATING
2026-08-05,Renewable Energy,47.137527527964075,NEUTRAL
2026-08-06,Renewable Energy,61.13212926478708,ACCELERATING
2026-08-07,Renewable Energy,47.76063490185117,NEUTRAL
2026-08-10,Renewable Energy,45.882295767712925,NEUTRAL
2026-08-11,Renewable Energy,41.79697218072501,WEAKENING
2026-08-12,Renewable Energy,58.7685273460707,ACCELERATING
2026-08-13,Renewable Energy,59.74936308416744,ACCELERATING
2026-08-14,Renewable Energy,47.573398335038924,NEUTRAL
2026-08-17,Renewable Energy,53.763788832445954,NEUTRAL
2026-08-18,Renewable Energy,34.63763671809464,WEAKENING
2026-08-19,Renewable Energy,49.76084254990521,NEUTRAL
2026-08-20,Renewable Energy,44.8774453648883,WEAKENING
2026-08-21,Renewable Energy,71.63702303546715,ACCELERATING
2026-07-02,Renewable Energy - Solar & Wind,50.0,NEUTRAL
2026-07-03,Renewable Energy - Solar & Wind,50.0,NEUTRAL
2026-07-06,Renewable Energy - Solar & Wind,50.0,NEUTRAL
2026-07-07,Renewable Energy - Solar & Wind,50.0,NEUTRAL
2026-07-08,Renewable Energy - Solar & Wind,41.0,DECELERATING
2026-07-09,Renewable Energy - Solar & Wind,56.0,NEUTRAL
2026-07-10,Renewable Energy - Solar & Wind,84.5,ACCELERATING
2026-07-13,Renewable Energy - Solar & Wind,71.0,ACCELERATING
2026-07-14,Renewable Energy - Solar & Wind,53.10098736955046,NEUTRAL
2026-07-15,Renewable Energy - Solar & Wind,31.429771200085867,DECELERATING
2026-07-16,Renewable Energy - Solar & Wind,47.90260116640852,NEUTRAL
2026-07-17,Renewable Energy - Solar & Wind,35.197371837380445,DECELERATING
2026-07-20,Renewable Energy - Solar & Wind,49.54266845654226,NEUTRAL
2026-07-21,Renewable Energy - Solar & Wind,38.79910572402925,DECELERATING
2026-07-22,Renewable Energy - Solar & Wind,41.06356123257254,DECELERATING
2026-07-23,Renewable Energy - Solar & Wind,25.045460615147974,DECELERATING
2026-07-24,Renewable Energy - Solar & Wind,47.91550060012513,NEUTRAL
2026-07-27,Renewable Energy - Solar & Wind,55.60018471179197,NEUTRAL
2026-07-28,Renewable Energy - Solar & Wind,52.68052492570173,NEUTRAL
2026-07-29,Renewable Energy - Solar & Wind,44.94599329249372,NEUTRAL
2026-07-30,Renewable Energy - Solar & Wind,39.04836806151444,WEAKENING
2026-07-31,Renewable Energy - Solar & Wind,64.0582024734769,ACCELERATING
2026-08-03,Renewable Energy - Solar & Wind,50.00148554450319,NEUTRAL
2026-08-04,Renewable Energy - Solar & Wind,70.14614023459444,ACCELERATING
2026-08-05,Renewable Energy - Solar & Wind,40.08678328284962,WEAKENING
2026-08-06,Renewable Energy - Solar & Wind,49.60444044692736,NEUTRAL
2026-08-07,Renewable Energy - Solar & Wind,43.50541289585229,WEAKENING
2026-08-10,Renewable Energy - Solar & Wind,48.98430004217906,NEUTRAL
2026-08-11,Renewable Energy - Solar & Wind,46.481578132060804,NEUTRAL
2026-08-12,Renewable Energy - Solar & Wind,49.252022572922215,NEUTRAL
2026-08-13,Renewable Energy - Solar & Wind,58.008670853893385,ACCELERATING
2026-08-14,Renewable Energy - Solar & Wind,54.22423103531014,NEUTRAL
2026-08-17,Renewable Energy - Solar & Wind,48.816786988352725,NEUTRAL
2026-08-18,Renewable Energy - Solar & Wind,45.50399730989856,NEUTRAL
2026-08-19,Renewable Energy - Solar & Wind,45.44024310123566,NEUTRAL
2026-08-20,Renewable Energy - Solar & Wind,60.93372236899437,ACCELERATING
2026-08-21,Renewable Energy - Solar & Wind,57.24861959226646,NEUTRAL
2026-07-02,Renewable Energy Financing NBFC,50.0,NEUTRAL
2026-07-03,Renewable Energy Financing NBFC,50.0,NEUTRAL
2026-07-06,Renewable Energy Financing NBFC,50.0,NEUTRAL
2026-07-07,Renewable Energy Financing NBFC,50.0,NEUTRAL
2026-07-08,Renewable Energy Financing NBFC,20.0,DECELERATING
2026-07-09,Renewable Energy Financing NBFC,50.0,NEUTRAL
2026-07-10,Renewable Energy Financing NBFC,80.0,ACCELERATING
2026-07-13,Renewable Energy Financing NBFC,80.0,ACCELERATING
2026-07-14,Renewable Energy Financing NBFC,21.564516773459335,DECELERATING
2026-07-15,Renewable Energy Financing NBFC,18.713577483751195,DECELERATING
2026-07-16,Renewable Energy Financing NBFC,49.586802133469,NEUTRAL
2026-07-17,Renewable Energy Financing NBFC,79.76701338604484,ACCELERATING
2026-07-20,Renewable Energy Financing NBFC,52.002868372639874,NEUTRAL
2026-07-21,Renewable Energy Financing NBFC,50.715218004590824,NEUTRAL
2026-07-22,Renewable Energy Financing NBFC,52.19576901358756,NEUTRAL
2026-07-23,Renewable Energy Financing NBFC,51.92065625179751,NEUTRAL
2026-07-24,Renewable Energy Financing NBFC,81.8659871181337,ACCELERATING
2026-07-27,Renewable Energy Financing NBFC,49.681345841128646,NEUTRAL
2026-07-28,Renewable Energy Financing NBFC,49.806236058843396,NEUTRAL
2026-07-29,Renewable Energy Financing NBFC,19.705426635992776,DECELERATING
2026-07-30,Renewable Energy Financing NBFC,49.841224530269976,NEUTRAL
2026-07-31,Renewable Energy Financing NBFC,47.67749654350645,NEUTRAL
2026-08-03,Renewable Energy Financing NBFC,80.16158761045313,ACCELERATING
2026-08-04,Renewable Energy Financing NBFC,18.800031073662165,WEAKENING
2026-08-05,Renewable Energy Financing NBFC,80.35851650652441,ACCELERATING
2026-08-06,Renewable Energy Financing NBFC,48.4099031540116,NEUTRAL
2026-08-07,Renewable Energy Financing NBFC,80.29724669692641,ACCELERATING
2026-08-10,Renewable Energy Financing NBFC,18.838167132113394,WEAKENING
2026-08-11,Renewable Energy Financing NBFC,19.445388629947125,WEAKENING
2026-08-12,Renewable Energy Financing NBFC,49.50616712973112,NEUTRAL
2026-08-13,Renewable Energy Financing NBFC,50.14560854621993,NEUTRAL
2026-08-14,Renewable Energy Financing NBFC,49.69360302767098,NEUTRAL
2026-08-17,Renewable Energy Financing NBFC,50.00221174926886,NEUTRAL
2026-08-18,Renewable Energy Financing NBFC,50.2530728482665,NEUTRAL
2026-08-19,Renewable Energy Financing NBFC,49.93467810195533,NEUTRAL
2026-08-20,Renewable Energy Financing NBFC,50.36650222908729,NEUTRAL
2026-08-21,Renewable Energy Financing NBFC,50.611184153913584,NEUTRAL
2026-07-02,Residential & Commercial Real Estate,50.0,NEUTRAL
2026-07-03,Residential & Commercial Real Estate,50.0,NEUTRAL
2026-07-06,Residential & Commercial Real Estate,50.0,NEUTRAL
2026-07-07,Residential & Commercial Real Estate,69.0909090909091,ACCELERATING
2026-07-08,Residential & Commercial Real Estate,33.89204545454545,DECELERATING
2026-07-09,Residential & Commercial Real Estate,39.54545454545455,DECELERATING
2026-07-10,Residential & Commercial Real Estate,67.27272727272728,ACCELERATING
2026-07-13,Residential & Commercial Real Estate,72.01704545454545,ACCELERATING
2026-07-14,Residential & Commercial Real Estate,53.93080503659426,NEUTRAL
2026-07-15,Residential & Commercial Real Estate,38.872725897689676,DECELERATING
2026-07-16,Residential & Commercial Real Estate,40.09922779043543,DECELERATING
2026-07-17,Residential & Commercial Real Estate,49.59494625120067,NEUTRAL
2026-07-20,Residential & Commercial Real Estate,50.86193162920776,NEUTRAL
2026-07-21,Residential & Commercial Real Estate,55.70133397090199,NEUTRAL
2026-07-22,Residential & Commercial Real Estate,40.247919885077835,DECELERATING
2026-07-23,Residential & Commercial Real Estate,42.42836764409776,NEUTRAL
2026-07-24,Residential & Commercial Real Estate,35.51442731877869,DECELERATING
2026-07-27,Residential & Commercial Real Estate,54.42823058017767,NEUTRAL
2026-07-28,Residential & Commercial Real Estate,53.52397024534709,NEUTRAL
2026-07-29,Residential & Commercial Real Estate,53.75470980934201,NEUTRAL
2026-07-30,Residential & Commercial Real Estate,41.15774452741613,WEAKENING
2026-07-31,Residential & Commercial Real Estate,39.38312811484374,WEAKENING
2026-08-03,Residential & Commercial Real Estate,55.08558414606181,NEUTRAL
2026-08-04,Residential & Commercial Real Estate,45.22264386218449,NEUTRAL
2026-08-05,Residential & Commercial Real Estate,57.23390898163455,NEUTRAL
2026-08-06,Residential & Commercial Real Estate,41.49425252303544,WEAKENING
2026-08-07,Residential & Commercial Real Estate,60.88209051247689,ACCELERATING
2026-08-10,Residential & Commercial Real Estate,49.264492166014215,NEUTRAL
2026-08-11,Residential & Commercial Real Estate,51.100979228054435,NEUTRAL
2026-08-12,Residential & Commercial Real Estate,37.571011006146236,WEAKENING
2026-08-13,Residential & Commercial Real Estate,53.109129310695735,NEUTRAL
2026-08-14,Residential & Commercial Real Estate,56.2836408078833,NEUTRAL
2026-08-17,Residential & Commercial Real Estate,59.6386517170028,ACCELERATING
2026-08-18,Residential & Commercial Real Estate,44.849873554872225,WEAKENING
2026-08-19,Residential & Commercial Real Estate,39.85390712368022,WEAKENING
2026-08-20,Residential & Commercial Real Estate,48.40075517301933,NEUTRAL
2026-08-21,Residential & Commercial Real Estate,49.70640831464247,NEUTRAL
2026-07-02,Roads & Highways EPC,50.0,NEUTRAL
2026-07-03,Roads & Highways EPC,50.0,NEUTRAL
2026-07-06,Roads & Highways EPC,50.0,NEUTRAL
2026-07-07,Roads & Highways EPC,50.0,NEUTRAL
2026-07-08,Roads & Highways EPC,50.0,NEUTRAL
2026-07-09,Roads & Highways EPC,50.0,NEUTRAL
2026-07-10,Roads & Highways EPC,50.0,NEUTRAL
2026-07-13,Roads & Highways EPC,50.0,NEUTRAL
2026-07-14,Roads & Highways EPC,53.237439560031596,NEUTRAL
2026-07-15,Roads & Highways EPC,49.33107539201689,NEUTRAL
2026-07-16,Roads & Highways EPC,79.6769721998545,ACCELERATING
2026-07-17,Roads & Highways EPC,48.64176841940657,NEUTRAL
2026-07-20,Roads & Highways EPC,100.0,ACCELERATING
2026-07-21,Roads & Highways EPC,0.0,DECELERATING
2026-07-22,Roads & Highways EPC,50.56860502202007,NEUTRAL
2026-07-23,Roads & Highways EPC,0.0,DECELERATING
2026-07-24,Roads & Highways EPC,81.47370934757282,ACCELERATING
2026-07-27,Roads & Highways EPC,47.39459547698704,NEUTRAL
2026-07-28,Roads & Highways EPC,49.775045523867725,NEUTRAL
2026-07-29,Roads & Highways EPC,49.673070988387465,NEUTRAL
2026-07-30,Roads & Highways EPC,53.704735872915364,NEUTRAL
2026-07-31,Roads & Highways EPC,50.40390167305225,NEUTRAL
2026-08-03,Roads & Highways EPC,51.38788714915839,NEUTRAL
2026-08-04,Roads & Highways EPC,50.24825017948291,NEUTRAL
2026-08-05,Roads & Highways EPC,49.674066501648596,NEUTRAL
2026-08-06,Roads & Highways EPC,16.634903155466745,WEAKENING
2026-08-07,Roads & Highways EPC,15.897911674621028,WEAKENING
2026-08-10,Roads & Highways EPC,77.9626168968206,ACCELERATING
2026-08-11,Roads & Highways EPC,79.47446222593638,ACCELERATING
2026-08-12,Roads & Highways EPC,81.58061343057011,ACCELERATING
2026-08-13,Roads & Highways EPC,21.49727004566493,WEAKENING
2026-08-14,Roads & Highways EPC,53.396807105715325,NEUTRAL
2026-08-17,Roads & Highways EPC,50.3367075173047,NEUTRAL
2026-08-18,Roads & Highways EPC,50.2200703373146,NEUTRAL
2026-08-19,Roads & Highways EPC,50.01168134808832,NEUTRAL
2026-08-20,Roads & Highways EPC,51.642238329441795,NEUTRAL
2026-08-21,Roads & Highways EPC,50.12453414441047,NEUTRAL
2026-07-02,Rubber Chemicals,50.0,NEUTRAL
2026-07-03,Rubber Chemicals,50.0,NEUTRAL
2026-07-06,Rubber Chemicals,50.0,NEUTRAL
2026-07-07,Rubber Chemicals,50.0,NEUTRAL
2026-07-08,Rubber Chemicals,5.0,DECELERATING
2026-07-09,Rubber Chemicals,5.0,DECELERATING
2026-07-10,Rubber Chemicals,50.0,NEUTRAL
2026-07-13,Rubber Chemicals,20.0,DECELERATING
2026-07-14,Rubber Chemicals,46.67085625300762,NEUTRAL
2026-07-15,Rubber Chemicals,50.28932400501277,NEUTRAL
2026-07-16,Rubber Chemicals,79.12550921791454,ACCELERATING
2026-07-17,Rubber Chemicals,48.254557024187505,NEUTRAL
2026-07-20,Rubber Chemicals,81.30083926919667,ACCELERATING
2026-07-21,Rubber Chemicals,54.13179793298702,NEUTRAL
2026-07-22,Rubber Chemicals,54.431206784623136,NEUTRAL
2026-07-23,Rubber Chemicals,21.60665010990058,DECELERATING
2026-07-24,Rubber Chemicals,50.752526492132795,NEUTRAL
2026-07-27,Rubber Chemicals,50.264386979379594,NEUTRAL
2026-07-28,Rubber Chemicals,49.1337041054109,NEUTRAL
2026-07-29,Rubber Chemicals,81.18470990238518,ACCELERATING
2026-07-30,Rubber Chemicals,48.823676530568115,NEUTRAL
2026-07-31,Rubber Chemicals,52.677304454298465,NEUTRAL
2026-08-03,Rubber Chemicals,98.00110400727499,EMERGING LEADER
2026-08-04,Rubber Chemicals,24.419173575913568,WEAKENING
2026-08-05,Rubber Chemicals,95.43839584088721,EMERGING LEADER
2026-08-06,Rubber Chemicals,0.0,WEAKENING
2026-08-07,Rubber Chemicals,77.0655021070701,ACCELERATING
2026-08-10,Rubber Chemicals,0.0,WEAKENING
2026-08-11,Rubber Chemicals,44.43830327941656,WEAKENING
2026-08-12,Rubber Chemicals,45.941548808671364,NEUTRAL
2026-08-13,Rubber Chemicals,50.37871083974622,NEUTRAL
2026-08-14,Rubber Chemicals,50.33176673520654,NEUTRAL
2026-08-17,Rubber Chemicals,52.90721831352493,NEUTRAL
2026-08-18,Rubber Chemicals,52.35147431363189,NEUTRAL
2026-08-19,Rubber Chemicals,52.583900189852926,NEUTRAL
2026-08-20,Rubber Chemicals,50.9284801981697,NEUTRAL
2026-08-21,Rubber Chemicals,52.85924021421062,NEUTRAL
2026-07-02,Saw Pipes & Ductile Iron Pipes,50.0,NEUTRAL
2026-07-03,Saw Pipes & Ductile Iron Pipes,50.0,NEUTRAL
2026-07-06,Saw Pipes & Ductile Iron Pipes,50.0,NEUTRAL
2026-07-07,Saw Pipes & Ductile Iron Pipes,50.0,NEUTRAL
2026-07-08,Saw Pipes & Ductile Iron Pipes,20.0,DECELERATING
2026-07-09,Saw Pipes & Ductile Iron Pipes,100.0,ACCELERATING
2026-07-10,Saw Pipes & Ductile Iron Pipes,100.0,ACCELERATING
2026-07-13,Saw Pipes & Ductile Iron Pipes,100.0,ACCELERATING
2026-07-14,Saw Pipes & Ductile Iron Pipes,0.0,DECELERATING
2026-07-15,Saw Pipes & Ductile Iron Pipes,0.0,DECELERATING
2026-07-16,Saw Pipes & Ductile Iron Pipes,76.56331197715618,ACCELERATING
2026-07-17,Saw Pipes & Ductile Iron Pipes,100.0,ACCELERATING
2026-07-20,Saw Pipes & Ductile Iron Pipes,100.0,ACCELERATING
2026-07-21,Saw Pipes & Ductile Iron Pipes,0.0,DECELERATING
2026-07-22,Saw Pipes & Ductile Iron Pipes,54.77669853277594,NEUTRAL
2026-07-23,Saw Pipes & Ductile Iron Pipes,4.8066341001853985,DECELERATING
2026-07-24,Saw Pipes & Ductile Iron Pipes,46.91885062814053,NEUTRAL
2026-07-27,Saw Pipes & Ductile Iron Pipes,0.0,DECELERATING
2026-07-28,Saw Pipes & Ductile Iron Pipes,50.54200312190641,NEUTRAL
2026-07-29,Saw Pipes & Ductile Iron Pipes,49.83103980214536,NEUTRAL
2026-07-30,Saw Pipes & Ductile Iron Pipes,50.828307376158115,NEUTRAL
2026-07-31,Saw Pipes & Ductile Iron Pipes,49.37674377429224,NEUTRAL
2026-08-03,Saw Pipes & Ductile Iron Pipes,53.82455020537967,NEUTRAL
2026-08-04,Saw Pipes & Ductile Iron Pipes,97.98531017347713,EMERGING LEADER
2026-08-05,Saw Pipes & Ductile Iron Pipes,96.55156101813782,EMERGING LEADER
2026-08-06,Saw Pipes & Ductile Iron Pipes,94.67555078936606,EMERGING LEADER
2026-08-07,Saw Pipes & Ductile Iron Pipes,51.86156123429135,NEUTRAL
2026-08-10,Saw Pipes & Ductile Iron Pipes,84.00757309509264,EMERGING LEADER
2026-08-11,Saw Pipes & Ductile Iron Pipes,50.789895622991125,NEUTRAL
2026-08-12,Saw Pipes & Ductile Iron Pipes,48.83660571001586,NEUTRAL
2026-08-13,Saw Pipes & Ductile Iron Pipes,14.839788190544894,DECELERATING
2026-08-14,Saw Pipes & Ductile Iron Pipes,47.47589768192656,NEUTRAL
2026-08-17,Saw Pipes & Ductile Iron Pipes,46.7882689771826,NEUTRAL
2026-08-18,Saw Pipes & Ductile Iron Pipes,49.117055501005034,NEUTRAL
2026-08-19,Saw Pipes & Ductile Iron Pipes,51.08040665959829,NEUTRAL
2026-08-20,Saw Pipes & Ductile Iron Pipes,53.815307388354526,NEUTRAL
2026-08-21,Saw Pipes & Ductile Iron Pipes,87.37974346562004,EMERGING LEADER
2026-08-17,Semiconductors & Electronic Components,50.0,NEUTRAL
2026-08-18,Semiconductors & Electronic Components,50.0,NEUTRAL
2026-08-19,Semiconductors & Electronic Components,50.0,NEUTRAL
2026-08-20,Semiconductors & Electronic Components,80.0,ACCELERATING
2026-08-21,Semiconductors & Electronic Components,20.0,DECELERATING
2026-07-02,Services,50.0,NEUTRAL
2026-07-03,Services,50.0,NEUTRAL
2026-07-06,Services,50.0,NEUTRAL
2026-07-07,Services,75.3125,ACCELERATING
2026-07-08,Services,30.3125,DECELERATING
2026-07-09,Services,44.375,NEUTRAL
2026-07-10,Services,51.875,NEUTRAL
2026-07-13,Services,81.875,ACCELERATING
2026-07-14,Services,41.59859181413981,DECELERATING
2026-07-15,Services,39.52476356690879,DECELERATING
2026-07-16,Services,34.90585034062882,DECELERATING
2026-07-17,Services,54.07937182948923,NEUTRAL
2026-07-20,Services,52.438899719504754,NEUTRAL
2026-07-21,Services,54.781120447438035,NEUTRAL
2026-07-22,Services,43.6067071667929,NEUTRAL
2026-07-23,Services,39.16104489634082,DECELERATING
2026-07-24,Services,41.93321209207093,DECELERATING
2026-07-27,Services,56.03876198099433,NEUTRAL
2026-07-28,Services,58.12782192281155,ACCELERATING
2026-07-29,Services,63.53267523432942,ACCELERATING
2026-07-30,Services,54.07490805719895,NEUTRAL
2026-07-31,Services,60.08947657994608,ACCELERATING
2026-08-03,Services,66.29038403848881,EMERGING LEADER
2026-08-04,Services,54.1509803204918,NEUTRAL
2026-08-05,Services,49.78921054147018,NEUTRAL
2026-08-06,Services,32.31742576911863,DECELERATING
2026-08-07,Services,47.72932310881691,NEUTRAL
2026-08-10,Services,44.744092881993,NEUTRAL
2026-08-11,Services,42.45920130828371,NEUTRAL
2026-08-12,Services,42.06814213477449,NEUTRAL
2026-08-13,Services,44.20266588230638,NEUTRAL
2026-08-14,Services,47.54167369298947,NEUTRAL
2026-08-17,Services,60.3051237407745,EMERGING LEADER
2026-08-18,Services,54.13905148897475,NEUTRAL
2026-08-19,Services,61.53665903430326,ACCELERATING
2026-08-20,Services,52.58655656684438,NEUTRAL
2026-08-21,Services,53.6758788379529,NEUTRAL
2026-07-02,Ship Building & Defence,50.0,NEUTRAL
2026-07-03,Ship Building & Defence,50.0,NEUTRAL
2026-07-06,Ship Building & Defence,50.0,NEUTRAL
2026-07-07,Ship Building & Defence,40.0,DECELERATING
2026-07-08,Ship Building & Defence,25.000000000000004,DECELERATING
2026-07-09,Ship Building & Defence,25.000000000000004,DECELERATING
2026-07-10,Ship Building & Defence,60.0,ACCELERATING
2026-07-13,Ship Building & Defence,60.0,ACCELERATING
2026-07-14,Ship Building & Defence,61.09659669974982,ACCELERATING
2026-07-15,Ship Building & Defence,50.146444766985184,NEUTRAL
2026-07-16,Ship Building & Defence,52.7629839972538,NEUTRAL
2026-07-17,Ship Building & Defence,52.17486563243888,NEUTRAL
2026-07-20,Ship Building & Defence,53.367421827317024,NEUTRAL
2026-07-21,Ship Building & Defence,51.635150844517696,NEUTRAL
2026-07-22,Ship Building & Defence,50.44303924185528,NEUTRAL
2026-07-23,Ship Building & Defence,51.20679580675207,NEUTRAL
2026-07-24,Ship Building & Defence,50.69629884158485,NEUTRAL
2026-07-27,Ship Building & Defence,61.89520898522805,ACCELERATING
2026-07-28,Ship Building & Defence,49.399979760034405,NEUTRAL
2026-07-29,Ship Building & Defence,60.34494240856657,ACCELERATING
2026-07-30,Ship Building & Defence,48.73793875546877,NEUTRAL
2026-07-31,Ship Building & Defence,70.89691315219501,ACCELERATING
2026-08-03,Ship Building & Defence,38.83532148140703,WEAKENING
2026-08-04,Ship Building & Defence,29.752485706900657,WEAKENING
2026-08-05,Ship Building & Defence,17.989106810431707,WEAKENING
2026-08-06,Ship Building & Defence,100.0,EMERGING LEADER
2026-08-07,Ship Building & Defence,91.6701834630743,EMERGING LEADER
2026-08-10,Ship Building & Defence,100.0,EMERGING LEADER
2026-08-11,Ship Building & Defence,20.514964378316613,DECELERATING
2026-08-12,Ship Building & Defence,52.57244316468048,NEUTRAL
2026-08-13,Ship Building & Defence,48.6812964006656,NEUTRAL
2026-08-14,Ship Building & Defence,58.34492788050658,ACCELERATING
2026-08-17,Ship Building & Defence,20.612198397538748,WEAKENING
2026-08-18,Ship Building & Defence,85.27271379319642,EMERGING LEADER
2026-08-19,Ship Building & Defence,40.002690352970696,DECELERATING
2026-08-20,Ship Building & Defence,75.18832351841903,EMERGING LEADER
2026-08-21,Ship Building & Defence,2.5278487187875314,DECELERATING
2026-07-02,Software Products & Digital Services,50.0,NEUTRAL
2026-07-03,Software Products & Digital Services,50.0,NEUTRAL
2026-07-06,Software Products & Digital Services,50.0,NEUTRAL
2026-07-07,Software Products & Digital Services,66.01694915254237,ACCELERATING
2026-07-08,Software Products & Digital Services,41.35593220338983,DECELERATING
2026-07-09,Software Products & Digital Services,41.86440677966102,DECELERATING
2026-07-10,Software Products & Digital Services,46.440677966101696,NEUTRAL
2026-07-13,Software Products & Digital Services,64.23728813559322,ACCELERATING
2026-07-14,Software Products & Digital Services,57.69510677778853,NEUTRAL
2026-07-15,Software Products & Digital Services,52.881804550256604,NEUTRAL
2026-07-16,Software Products & Digital Services,46.64789101575929,NEUTRAL
2026-07-17,Software Products & Digital Services,41.18846149412148,DECELERATING
2026-07-20,Software Products & Digital Services,50.492188949689655,NEUTRAL
2026-07-21,Software Products & Digital Services,44.595640025935744,NEUTRAL
2026-07-22,Software Products & Digital Services,50.5946821243691,NEUTRAL
2026-07-23,Software Products & Digital Services,48.770548652734846,NEUTRAL
2026-07-24,Software Products & Digital Services,45.88199358917957,NEUTRAL
2026-07-27,Software Products & Digital Services,59.398408666394175,ACCELERATING
2026-07-28,Software Products & Digital Services,52.927713232093595,NEUTRAL
2026-07-29,Software Products & Digital Services,62.31269599137213,ACCELERATING
2026-07-30,Software Products & Digital Services,51.50400377769037,NEUTRAL
2026-07-31,Software Products & Digital Services,57.16110309161983,NEUTRAL
2026-08-03,Software Products & Digital Services,61.792840891164516,EMERGING LEADER
2026-08-04,Software Products & Digital Services,48.719979624208094,NEUTRAL
2026-08-05,Software Products & Digital Services,53.81224620660372,NEUTRAL
2026-08-06,Software Products & Digital Services,47.07873111858618,NEUTRAL
2026-08-07,Software Products & Digital Services,55.191127149321375,NEUTRAL
2026-08-10,Software Products & Digital Services,45.776951176312515,NEUTRAL
2026-08-11,Software Products & Digital Services,43.895675549894726,NEUTRAL
2026-08-12,Software Products & Digital Services,50.90326114622334,NEUTRAL
2026-08-13,Software Products & Digital Services,48.80212717643084,NEUTRAL
2026-08-14,Software Products & Digital Services,46.240430780449735,NEUTRAL
2026-08-17,Software Products & Digital Services,40.8902088360242,WEAKENING
2026-08-18,Software Products & Digital Services,47.78944977530333,NEUTRAL
2026-08-19,Software Products & Digital Services,47.496083342114915,NEUTRAL
2026-08-20,Software Products & Digital Services,58.81186689665098,ACCELERATING
2026-08-21,Software Products & Digital Services,51.29872292772356,NEUTRAL
2026-07-02,Specialty Chemicals,50.0,NEUTRAL
2026-07-03,Specialty Chemicals,50.0,NEUTRAL
2026-07-06,Specialty Chemicals,50.0,NEUTRAL
2026-07-07,Specialty Chemicals,65.75,ACCELERATING
2026-07-08,Specialty Chemicals,43.625,NEUTRAL
2026-07-09,Specialty Chemicals,44.0,NEUTRAL
2026-07-10,Specialty Chemicals,67.625,ACCELERATING
2026-07-13,Specialty Chemicals,68.75,ACCELERATING
2026-07-14,Specialty Chemicals,42.31445799406635,NEUTRAL
2026-07-15,Specialty Chemicals,48.29638086201364,NEUTRAL
2026-07-16,Specialty Chemicals,47.34244743535178,NEUTRAL
2026-07-17,Specialty Chemicals,59.44985126962328,ACCELERATING
2026-07-20,Specialty Chemicals,47.38547409477228,NEUTRAL
2026-07-21,Specialty Chemicals,53.17185899730258,NEUTRAL
2026-07-22,Specialty Chemicals,52.38489660078066,NEUTRAL
2026-07-23,Specialty Chemicals,45.019476896486665,NEUTRAL
2026-07-24,Specialty Chemicals,39.836250750411324,DECELERATING
2026-07-27,Specialty Chemicals,52.60002257607799,NEUTRAL
2026-07-28,Specialty Chemicals,39.543885571075634,DECELERATING
2026-07-29,Specialty Chemicals,58.063358391284794,ACCELERATING
2026-07-30,Specialty Chemicals,35.51821302607906,DECELERATING
2026-07-31,Specialty Chemicals,64.64054697534694,EMERGING LEADER
2026-08-03,Specialty Chemicals,51.1097681846079,NEUTRAL
2026-08-04,Specialty Chemicals,69.33497156025247,EMERGING LEADER
2026-08-05,Specialty Chemicals,53.29143065217594,NEUTRAL
2026-08-06,Specialty Chemicals,52.927607146034696,NEUTRAL
2026-08-07,Specialty Chemicals,42.49514401414345,NEUTRAL
2026-08-10,Specialty Chemicals,47.66190110574785,NEUTRAL
2026-08-11,Specialty Chemicals,46.45635915914763,NEUTRAL
2026-08-12,Specialty Chemicals,56.055743438822674,NEUTRAL
2026-08-13,Specialty Chemicals,54.64107404328091,NEUTRAL
2026-08-14,Specialty Chemicals,48.517884028369075,NEUTRAL
2026-08-17,Specialty Chemicals,41.33721559948888,DECELERATING
2026-08-18,Specialty Chemicals,42.799861617613786,NEUTRAL
2026-08-19,Specialty Chemicals,47.57573511453478,NEUTRAL
2026-08-20,Specialty Chemicals,48.75231818528432,NEUTRAL
2026-08-21,Specialty Chemicals,45.577059266078635,NEUTRAL
2026-07-02,Steel Manufacturing & Mining,50.0,NEUTRAL
2026-07-03,Steel Manufacturing & Mining,50.0,NEUTRAL
2026-07-06,Steel Manufacturing & Mining,50.0,NEUTRAL
2026-07-07,Steel Manufacturing & Mining,50.0,NEUTRAL
2026-07-08,Steel Manufacturing & Mining,5.0,DECELERATING
2026-07-09,Steel Manufacturing & Mining,0.0,DECELERATING
2026-07-10,Steel Manufacturing & Mining,95.0,ACCELERATING
2026-07-13,Steel Manufacturing & Mining,20.0,DECELERATING
2026-07-14,Steel Manufacturing & Mining,80.80520227751896,ACCELERATING
2026-07-15,Steel Manufacturing & Mining,34.57191193832793,DECELERATING
2026-07-16,Steel Manufacturing & Mining,81.30518093073837,ACCELERATING
2026-07-17,Steel Manufacturing & Mining,18.454936426148798,DECELERATING
2026-07-20,Steel Manufacturing & Mining,22.108455875448676,DECELERATING
2026-07-21,Steel Manufacturing & Mining,96.03473615403993,ACCELERATING
2026-07-22,Steel Manufacturing & Mining,97.40664710181791,ACCELERATING
2026-07-23,Steel Manufacturing & Mining,96.4632564257347,ACCELERATING
2026-07-24,Steel Manufacturing & Mining,7.181933655110107,DECELERATING
2026-07-27,Steel Manufacturing & Mining,81.78934649165681,ACCELERATING
2026-07-28,Steel Manufacturing & Mining,49.2299636817678,NEUTRAL
2026-07-29,Steel Manufacturing & Mining,100.0,ACCELERATING
2026-07-30,Steel Manufacturing & Mining,20.21458708871895,DECELERATING
2026-07-31,Steel Manufacturing & Mining,52.013002324258636,NEUTRAL
2026-08-03,Steel Manufacturing & Mining,18.704677734975217,DECELERATING
2026-08-04,Steel Manufacturing & Mining,50.05058564233954,NEUTRAL
2026-08-05,Steel Manufacturing & Mining,46.639034292398684,NEUTRAL
2026-08-06,Steel Manufacturing & Mining,17.014608809953465,DECELERATING
2026-08-07,Steel Manufacturing & Mining,45.33240182490178,NEUTRAL
2026-08-10,Steel Manufacturing & Mining,50.414801333237385,NEUTRAL
2026-08-11,Steel Manufacturing & Mining,78.91221014797182,EMERGING LEADER
2026-08-12,Steel Manufacturing & Mining,51.363660961410694,NEUTRAL
2026-08-13,Steel Manufacturing & Mining,49.1631804542741,NEUTRAL
2026-08-14,Steel Manufacturing & Mining,52.061211796092394,NEUTRAL
2026-08-17,Steel Manufacturing & Mining,49.67737554637664,NEUTRAL
2026-08-18,Steel Manufacturing & Mining,50.696577228103415,NEUTRAL
2026-08-19,Steel Manufacturing & Mining,81.15941977373937,EMERGING LEADER
2026-08-20,Steel Manufacturing & Mining,51.87183393251018,NEUTRAL
2026-08-21,Steel Manufacturing & Mining,51.358488387136916,NEUTRAL
2026-07-02,Stockbroking & Financial Products,50.0,NEUTRAL
2026-07-03,Stockbroking & Financial Products,50.0,NEUTRAL
2026-07-06,Stockbroking & Financial Products,50.0,NEUTRAL
2026-07-07,Stockbroking & Financial Products,70.35714285714286,ACCELERATING
2026-07-08,Stockbroking & Financial Products,15.714285714285715,DECELERATING
2026-07-09,Stockbroking & Financial Products,33.92857142857143,DECELERATING
2026-07-10,Stockbroking & Financial Products,54.285714285714285,NEUTRAL
2026-07-13,Stockbroking & Financial Products,62.85714285714286,ACCELERATING
2026-07-14,Stockbroking & Financial Products,52.290762289218776,NEUTRAL
2026-07-15,Stockbroking & Financial Products,35.836558380950315,DECELERATING
2026-07-16,Stockbroking & Financial Products,57.15958801384707,NEUTRAL
2026-07-17,Stockbroking & Financial Products,39.21449252657702,DECELERATING
2026-07-20,Stockbroking & Financial Products,48.87627205786091,NEUTRAL
2026-07-21,Stockbroking & Financial Products,45.42396134835232,NEUTRAL
2026-07-22,Stockbroking & Financial Products,54.15987482014953,NEUTRAL
2026-07-23,Stockbroking & Financial Products,63.20108619596344,ACCELERATING
2026-07-24,Stockbroking & Financial Products,47.450589291852324,NEUTRAL
2026-07-27,Stockbroking & Financial Products,43.47369696071611,NEUTRAL
2026-07-28,Stockbroking & Financial Products,47.04803735486675,NEUTRAL
2026-07-29,Stockbroking & Financial Products,57.388990934225234,NEUTRAL
2026-07-30,Stockbroking & Financial Products,59.70106865372159,ACCELERATING
2026-07-31,Stockbroking & Financial Products,46.36368980475045,NEUTRAL
2026-08-03,Stockbroking & Financial Products,61.625233751400444,EMERGING LEADER
2026-08-04,Stockbroking & Financial Products,68.80418813045749,EMERGING LEADER
2026-08-05,Stockbroking & Financial Products,59.8346050415613,ACCELERATING
2026-08-06,Stockbroking & Financial Products,37.32461563619276,DECELERATING
2026-08-07,Stockbroking & Financial Products,30.561631781797473,DECELERATING
2026-08-10,Stockbroking & Financial Products,48.589655979151445,NEUTRAL
2026-08-11,Stockbroking & Financial Products,48.07571423748928,NEUTRAL
2026-08-12,Stockbroking & Financial Products,54.019688261331034,NEUTRAL
2026-08-13,Stockbroking & Financial Products,50.030942610003095,NEUTRAL
2026-08-14,Stockbroking & Financial Products,64.28913208602776,EMERGING LEADER
2026-08-17,Stockbroking & Financial Products,52.979387076901105,NEUTRAL
2026-08-18,Stockbroking & Financial Products,43.420981146434784,NEUTRAL
2026-08-19,Stockbroking & Financial Products,22.624083711521894,DECELERATING
2026-08-20,Stockbroking & Financial Products,33.91520906045829,DECELERATING
2026-08-21,Stockbroking & Financial Products,55.8233464449047,NEUTRAL
2026-07-02,Structural Steel Tubes & Pipes,50.0,NEUTRAL
2026-07-03,Structural Steel Tubes & Pipes,50.0,NEUTRAL
2026-07-06,Structural Steel Tubes & Pipes,50.0,NEUTRAL
2026-07-07,Structural Steel Tubes & Pipes,95.0,ACCELERATING
2026-07-08,Structural Steel Tubes & Pipes,95.0,ACCELERATING
2026-07-09,Structural Steel Tubes & Pipes,5.0,DECELERATING
2026-07-10,Structural Steel Tubes & Pipes,50.0,NEUTRAL
2026-07-13,Structural Steel Tubes & Pipes,50.0,NEUTRAL
2026-07-14,Structural Steel Tubes & Pipes,93.70537273321375,ACCELERATING
2026-07-15,Structural Steel Tubes & Pipes,47.07057860494814,NEUTRAL
2026-07-16,Structural Steel Tubes & Pipes,3.8864065612784415,DECELERATING
2026-07-17,Structural Steel Tubes & Pipes,49.754538665226434,NEUTRAL
2026-07-20,Structural Steel Tubes & Pipes,51.43579690935766,NEUTRAL
2026-07-21,Structural Steel Tubes & Pipes,95.84117904336267,ACCELERATING
2026-07-22,Structural Steel Tubes & Pipes,52.30655314097758,NEUTRAL
2026-07-23,Structural Steel Tubes & Pipes,52.9688639792403,NEUTRAL
2026-07-24,Structural Steel Tubes & Pipes,51.93724903490612,NEUTRAL
2026-07-27,Structural Steel Tubes & Pipes,50.908935083917015,NEUTRAL
2026-07-28,Structural Steel Tubes & Pipes,49.118593131134396,NEUTRAL
2026-07-29,Structural Steel Tubes & Pipes,49.31945353689798,NEUTRAL
2026-07-30,Structural Steel Tubes & Pipes,49.94103359926357,NEUTRAL
2026-07-31,Structural Steel Tubes & Pipes,16.855112470123537,DECELERATING
2026-08-03,Structural Steel Tubes & Pipes,81.04727214815807,EMERGING LEADER
2026-08-04,Structural Steel Tubes & Pipes,49.52254617786953,NEUTRAL
2026-08-05,Structural Steel Tubes & Pipes,82.99586088230339,EMERGING LEADER
2026-08-06,Structural Steel Tubes & Pipes,0.0,DECELERATING
2026-08-07,Structural Steel Tubes & Pipes,53.0777426836225,NEUTRAL
2026-08-10,Structural Steel Tubes & Pipes,50.438497335067986,NEUTRAL
2026-08-11,Structural Steel Tubes & Pipes,82.72287325816282,EMERGING LEADER
2026-08-12,Structural Steel Tubes & Pipes,47.25742865592831,NEUTRAL
2026-08-13,Structural Steel Tubes & Pipes,82.19223788035713,EMERGING LEADER
2026-08-14,Structural Steel Tubes & Pipes,51.63519585508947,NEUTRAL
2026-08-17,Structural Steel Tubes & Pipes,50.56241911570896,NEUTRAL
2026-08-18,Structural Steel Tubes & Pipes,19.33523159436205,DECELERATING
2026-08-19,Structural Steel Tubes & Pipes,50.3713743185615,NEUTRAL
2026-08-20,Structural Steel Tubes & Pipes,50.43613579368969,NEUTRAL
2026-08-21,Structural Steel Tubes & Pipes,47.70762246034887,NEUTRAL
2026-07-02,Sugar & Bio-Ethanol,50.0,NEUTRAL
2026-07-03,Sugar & Bio-Ethanol,50.0,NEUTRAL
2026-07-06,Sugar & Bio-Ethanol,50.0,NEUTRAL
2026-07-07,Sugar & Bio-Ethanol,84.28571428571428,ACCELERATING
2026-07-08,Sugar & Bio-Ethanol,33.92857142857143,DECELERATING
2026-07-09,Sugar & Bio-Ethanol,19.464285714285708,DECELERATING
2026-07-10,Sugar & Bio-Ethanol,35.535714285714285,DECELERATING
2026-07-13,Sugar & Bio-Ethanol,82.67857142857143,ACCELERATING
2026-07-14,Sugar & Bio-Ethanol,60.48390197696899,ACCELERATING
2026-07-15,Sugar & Bio-Ethanol,51.63912944688212,NEUTRAL
2026-07-16,Sugar & Bio-Ethanol,29.868988722957294,DECELERATING
2026-07-17,Sugar & Bio-Ethanol,50.22303350284591,NEUTRAL
2026-07-20,Sugar & Bio-Ethanol,50.32287809746915,NEUTRAL
2026-07-21,Sugar & Bio-Ethanol,58.513296863524104,ACCELERATING
2026-07-22,Sugar & Bio-Ethanol,37.819889523473094,DECELERATING
2026-07-23,Sugar & Bio-Ethanol,45.0839456289743,NEUTRAL
2026-07-24,Sugar & Bio-Ethanol,39.80370003501969,DECELERATING
2026-07-27,Sugar & Bio-Ethanol,54.93331120441076,NEUTRAL
2026-07-28,Sugar & Bio-Ethanol,39.42644580510655,DECELERATING
2026-07-29,Sugar & Bio-Ethanol,46.60419054567679,NEUTRAL
2026-07-30,Sugar & Bio-Ethanol,39.71074252021642,WEAKENING
2026-07-31,Sugar & Bio-Ethanol,53.14794931640702,NEUTRAL
2026-08-03,Sugar & Bio-Ethanol,82.70430959659849,EMERGING LEADER
2026-08-04,Sugar & Bio-Ethanol,90.51064431469274,EMERGING LEADER
2026-08-05,Sugar & Bio-Ethanol,70.0428367296113,EMERGING LEADER
2026-08-06,Sugar & Bio-Ethanol,33.74345002944813,DECELERATING
2026-08-07,Sugar & Bio-Ethanol,31.934698578214785,DECELERATING
2026-08-10,Sugar & Bio-Ethanol,65.02395418540941,EMERGING LEADER
2026-08-11,Sugar & Bio-Ethanol,44.083572262565916,NEUTRAL
2026-08-12,Sugar & Bio-Ethanol,41.42570344403873,DECELERATING
2026-08-13,Sugar & Bio-Ethanol,53.09987190618653,NEUTRAL
2026-08-14,Sugar & Bio-Ethanol,52.96458997466225,NEUTRAL
2026-08-17,Sugar & Bio-Ethanol,84.6701629179606,EMERGING LEADER
2026-08-18,Sugar & Bio-Ethanol,53.64082030670886,NEUTRAL
2026-08-19,Sugar & Bio-Ethanol,87.11586024006347,EMERGING LEADER
2026-08-20,Sugar & Bio-Ethanol,71.67127405768579,EMERGING LEADER
2026-08-21,Sugar & Bio-Ethanol,36.73437174443449,DECELERATING
2026-07-02,Superalloys & Special Metals,50.0,NEUTRAL
2026-07-03,Superalloys & Special Metals,50.0,NEUTRAL
2026-07-06,Superalloys & Special Metals,50.0,NEUTRAL
2026-07-07,Superalloys & Special Metals,50.0,NEUTRAL
2026-07-08,Superalloys & Special Metals,50.0,NEUTRAL
2026-07-09,Superalloys & Special Metals,0.0,DECELERATING
2026-07-10,Superalloys & Special Metals,80.0,ACCELERATING
2026-07-13,Superalloys & Special Metals,50.0,NEUTRAL
2026-07-14,Superalloys & Special Metals,83.24611987664724,ACCELERATING
2026-07-15,Superalloys & Special Metals,20.293785386277463,DECELERATING
2026-07-16,Superalloys & Special Metals,53.359945833197735,NEUTRAL
2026-07-17,Superalloys & Special Metals,19.044315827889484,DECELERATING
2026-07-20,Superalloys & Special Metals,52.51480836614161,NEUTRAL
2026-07-21,Superalloys & Special Metals,49.37442072698463,NEUTRAL
2026-07-22,Superalloys & Special Metals,49.73699410282816,NEUTRAL
2026-07-23,Superalloys & Special Metals,48.63503673035066,NEUTRAL
2026-07-24,Superalloys & Special Metals,50.53249569249398,NEUTRAL
2026-07-27,Superalloys & Special Metals,49.60471937060362,NEUTRAL
2026-07-28,Superalloys & Special Metals,49.12548851796052,NEUTRAL
2026-07-29,Superalloys & Special Metals,49.678551637151415,NEUTRAL
2026-07-30,Superalloys & Special Metals,49.59508919870079,NEUTRAL
2026-07-31,Superalloys & Special Metals,51.30810172378508,NEUTRAL
2026-08-03,Superalloys & Special Metals,51.13725403532996,NEUTRAL
2026-08-04,Superalloys & Special Metals,53.73368937461994,NEUTRAL
2026-08-05,Superalloys & Special Metals,97.61270737240545,EMERGING LEADER
2026-08-06,Superalloys & Special Metals,100.0,EMERGING LEADER
2026-08-07,Superalloys & Special Metals,98.00595398568633,EMERGING LEADER
2026-08-10,Superalloys & Special Metals,22.74164068835662,DECELERATING
2026-08-11,Superalloys & Special Metals,15.795935081735713,DECELERATING
2026-08-12,Superalloys & Special Metals,0.0,WEAKENING
2026-08-13,Superalloys & Special Metals,100.0,EMERGING LEADER
2026-08-14,Superalloys & Special Metals,0.0,WEAKENING
2026-08-17,Superalloys & Special Metals,100.0,EMERGING LEADER
2026-08-18,Superalloys & Special Metals,20.15087982942506,DECELERATING
2026-08-19,Superalloys & Special Metals,100.0,EMERGING LEADER
2026-08-20,Superalloys & Special Metals,16.80576749995236,DECELERATING
2026-08-21,Superalloys & Special Metals,48.488898779287844,NEUTRAL
2026-07-02,Tea & Coffee,50.0,NEUTRAL
2026-07-03,Tea & Coffee,50.0,NEUTRAL
2026-07-06,Tea & Coffee,50.0,NEUTRAL
2026-07-07,Tea & Coffee,66.875,ACCELERATING
2026-07-08,Tea & Coffee,26.666666666666668,DECELERATING
2026-07-09,Tea & Coffee,36.666666666666664,DECELERATING
2026-07-10,Tea & Coffee,34.791666666666664,DECELERATING
2026-07-13,Tea & Coffee,60.0,ACCELERATING
2026-07-14,Tea & Coffee,44.458638879022836,NEUTRAL
2026-07-15,Tea & Coffee,61.62529715145021,ACCELERATING
2026-07-16,Tea & Coffee,50.334393690043775,NEUTRAL
2026-07-17,Tea & Coffee,37.25429326318596,DECELERATING
2026-07-20,Tea & Coffee,44.9413328349398,NEUTRAL
2026-07-21,Tea & Coffee,50.45054003080021,NEUTRAL
2026-07-22,Tea & Coffee,62.33590521985016,ACCELERATING
2026-07-23,Tea & Coffee,53.44941648926029,NEUTRAL
2026-07-24,Tea & Coffee,40.38486921101594,DECELERATING
2026-07-27,Tea & Coffee,44.48753217513941,NEUTRAL
2026-07-28,Tea & Coffee,47.35357002540158,NEUTRAL
2026-07-29,Tea & Coffee,69.76679336694338,ACCELERATING
2026-07-30,Tea & Coffee,49.144100849059654,NEUTRAL
2026-07-31,Tea & Coffee,49.50988183384599,NEUTRAL
2026-08-03,Tea & Coffee,48.50913881996565,NEUTRAL
2026-08-04,Tea & Coffee,64.01259147489765,ACCELERATING
2026-08-05,Tea & Coffee,69.10947308368856,ACCELERATING
2026-08-06,Tea & Coffee,52.53233748057126,NEUTRAL
2026-08-07,Tea & Coffee,45.900702511180945,NEUTRAL
2026-08-10,Tea & Coffee,32.49092540448447,WEAKENING
2026-08-11,Tea & Coffee,48.07154199761109,NEUTRAL
2026-08-12,Tea & Coffee,61.948896791840525,ACCELERATING
2026-08-13,Tea & Coffee,39.97207661544229,WEAKENING
2026-08-14,Tea & Coffee,51.62696860882105,NEUTRAL
2026-08-17,Tea & Coffee,31.785292056043186,WEAKENING
2026-08-18,Tea & Coffee,60.92658261210305,ACCELERATING
2026-08-19,Tea & Coffee,48.04670399495233,NEUTRAL
2026-08-20,Tea & Coffee,78.7722344119446,ACCELERATING
2026-08-21,Tea & Coffee,77.08213320540499,EMERGING LEADER
2026-07-02,Telecom Services & Infrastructure,50.0,NEUTRAL
2026-07-03,Telecom Services & Infrastructure,50.0,NEUTRAL
2026-07-06,Telecom Services & Infrastructure,50.0,NEUTRAL
2026-07-07,Telecom Services & Infrastructure,60.5,ACCELERATING
2026-07-08,Telecom Services & Infrastructure,45.5,NEUTRAL
2026-07-09,Telecom Services & Infrastructure,51.5,NEUTRAL
2026-07-10,Telecom Services & Infrastructure,53.0,NEUTRAL
2026-07-13,Telecom Services & Infrastructure,54.5,NEUTRAL
2026-07-14,Telecom Services & Infrastructure,48.424369803316424,NEUTRAL
2026-07-15,Telecom Services & Infrastructure,57.483988636389185,NEUTRAL
2026-07-16,Telecom Services & Infrastructure,48.384410013203066,NEUTRAL
2026-07-17,Telecom Services & Infrastructure,45.55706099402616,NEUTRAL
2026-07-20,Telecom Services & Infrastructure,40.353421362094664,DECELERATING
2026-07-21,Telecom Services & Infrastructure,50.39275662041231,NEUTRAL
2026-07-22,Telecom Services & Infrastructure,52.32444416947349,NEUTRAL
2026-07-23,Telecom Services & Infrastructure,52.54427922602225,NEUTRAL
2026-07-24,Telecom Services & Infrastructure,53.778977170050865,NEUTRAL
2026-07-27,Telecom Services & Infrastructure,43.36781466774184,NEUTRAL
2026-07-28,Telecom Services & Infrastructure,54.518466007827136,NEUTRAL
2026-07-29,Telecom Services & Infrastructure,33.02573443410197,DECELERATING
2026-07-30,Telecom Services & Infrastructure,54.69069059957853,NEUTRAL
2026-07-31,Telecom Services & Infrastructure,48.953336271057765,NEUTRAL
2026-08-03,Telecom Services & Infrastructure,69.19440566980833,ACCELERATING
2026-08-04,Telecom Services & Infrastructure,51.464793472385836,NEUTRAL
2026-08-05,Telecom Services & Infrastructure,45.464265003416074,NEUTRAL
2026-08-06,Telecom Services & Infrastructure,30.979595837567313,WEAKENING
2026-08-07,Telecom Services & Infrastructure,51.11051226811606,NEUTRAL
2026-08-10,Telecom Services & Infrastructure,51.952232194340695,NEUTRAL
2026-08-11,Telecom Services & Infrastructure,64.7861296275713,ACCELERATING
2026-08-12,Telecom Services & Infrastructure,53.38393333522012,NEUTRAL
2026-08-13,Telecom Services & Infrastructure,50.65091325823548,NEUTRAL
2026-08-14,Telecom Services & Infrastructure,52.74183133904043,NEUTRAL
2026-08-17,Telecom Services & Infrastructure,45.27614636032913,NEUTRAL
2026-08-18,Telecom Services & Infrastructure,46.654154711933174,NEUTRAL
2026-08-19,Telecom Services & Infrastructure,40.96017014721397,WEAKENING
2026-08-20,Telecom Services & Infrastructure,51.05968885228183,NEUTRAL
2026-08-21,Telecom Services & Infrastructure,48.3563945457355,NEUTRAL
2026-07-02,Telecommunication,50.0,NEUTRAL
2026-07-03,Telecommunication,50.0,NEUTRAL
2026-07-06,Telecommunication,50.0,NEUTRAL
2026-07-07,Telecommunication,80.0,ACCELERATING
2026-07-08,Telecommunication,52.5,NEUTRAL
2026-07-09,Telecommunication,47.5,NEUTRAL
2026-07-10,Telecommunication,50.0,NEUTRAL
2026-07-13,Telecommunication,52.5,NEUTRAL
2026-07-14,Telecommunication,51.26958534326198,NEUTRAL
2026-07-15,Telecommunication,55.43734314622553,NEUTRAL
2026-07-16,Telecommunication,49.54639051472948,NEUTRAL
2026-07-17,Telecommunication,50.122794994973184,NEUTRAL
2026-07-20,Telecommunication,41.64913106515077,DECELERATING
2026-07-21,Telecommunication,44.606859459940516,NEUTRAL
2026-07-22,Telecommunication,55.26727919913178,NEUTRAL
2026-07-23,Telecommunication,41.505840175049705,DECELERATING
2026-07-24,Telecommunication,27.33995013594165,DECELERATING
2026-07-27,Telecommunication,27.594043306852186,DECELERATING
2026-07-28,Telecommunication,34.38310816553758,DECELERATING
2026-07-29,Telecommunication,59.52903342780799,ACCELERATING
2026-07-30,Telecommunication,48.00665005192823,NEUTRAL
2026-07-31,Telecommunication,70.44479113714519,ACCELERATING
2026-08-03,Telecommunication,58.26542282471157,ACCELERATING
2026-08-04,Telecommunication,52.55307497986673,NEUTRAL
2026-08-05,Telecommunication,41.90607928281365,DECELERATING
2026-08-06,Telecommunication,29.525157563156892,WEAKENING
2026-08-07,Telecommunication,40.06299589948169,WEAKENING
2026-08-10,Telecommunication,43.55200699548208,WEAKENING
2026-08-11,Telecommunication,49.48303820667464,NEUTRAL
2026-08-12,Telecommunication,46.34471334918523,NEUTRAL
2026-08-13,Telecommunication,65.89677688595998,ACCELERATING
2026-08-14,Telecommunication,65.9164040456759,ACCELERATING
2026-08-17,Telecommunication,69.20525503567475,ACCELERATING
2026-08-18,Telecommunication,45.377631759354564,NEUTRAL
2026-08-19,Telecommunication,39.72159542349365,WEAKENING
2026-08-20,Telecommunication,44.285156080056126,WEAKENING
2026-08-21,Telecommunication,43.30978812291641,WEAKENING
2026-07-02,Textiles,50.0,NEUTRAL
2026-07-03,Textiles,50.0,NEUTRAL
2026-07-06,Textiles,50.0,NEUTRAL
2026-07-07,Textiles,50.0,NEUTRAL
2026-07-08,Textiles,35.0,DECELERATING
2026-07-09,Textiles,50.0,NEUTRAL
2026-07-10,Textiles,50.0,NEUTRAL
2026-07-13,Textiles,50.0,NEUTRAL
2026-07-14,Textiles,51.31399322568689,NEUTRAL
2026-07-15,Textiles,60.81482742437728,ACCELERATING
2026-07-16,Textiles,50.29243058810117,NEUTRAL
2026-07-17,Textiles,52.286673773350664,NEUTRAL
2026-07-20,Textiles,67.47879151797054,ACCELERATING
2026-07-21,Textiles,41.10673519679749,DECELERATING
2026-07-22,Textiles,38.523783476029145,DECELERATING
2026-07-23,Textiles,3.655293750330088,DECELERATING
2026-07-24,Textiles,70.71958349600283,ACCELERATING
2026-07-27,Textiles,50.18657748687108,NEUTRAL
2026-07-28,Textiles,61.45304836372808,ACCELERATING
2026-07-29,Textiles,56.071116196383535,NEUTRAL
2026-07-30,Textiles,61.34562263374682,ACCELERATING
2026-07-31,Textiles,74.13967474828124,ACCELERATING
2026-08-03,Textiles,59.26024366453234,ACCELERATING
2026-08-04,Textiles,65.07025132392327,ACCELERATING
2026-08-05,Textiles,30.388382736189413,WEAKENING
2026-08-06,Textiles,67.07606389818906,EMERGING LEADER
2026-08-07,Textiles,79.32379419039364,EMERGING LEADER
2026-08-10,Textiles,99.62747233340174,EMERGING LEADER
2026-08-11,Textiles,51.43751797296782,NEUTRAL
2026-08-12,Textiles,13.909801509637383,WEAKENING
2026-08-13,Textiles,11.441440633620182,WEAKENING
2026-08-14,Textiles,19.654284020078777,WEAKENING
2026-08-17,Textiles,69.86246772759051,EMERGING LEADER
2026-08-18,Textiles,100.0,EMERGING LEADER
2026-08-19,Textiles,94.58864691337564,EMERGING LEADER
2026-08-20,Textiles,69.97918182657915,EMERGING LEADER
2026-08-21,Textiles,42.718962405394514,NEUTRAL
2026-07-02,Textiles & Apparel,50.0,NEUTRAL
2026-07-03,Textiles & Apparel,50.0,NEUTRAL
2026-07-06,Textiles & Apparel,50.0,NEUTRAL
2026-07-07,Textiles & Apparel,79.42307692307693,ACCELERATING
2026-07-08,Textiles & Apparel,43.42307692307692,NEUTRAL
2026-07-09,Textiles & Apparel,51.15384615384615,NEUTRAL
2026-07-10,Textiles & Apparel,41.92307692307692,DECELERATING
2026-07-13,Textiles & Apparel,63.5,ACCELERATING
2026-07-14,Textiles & Apparel,41.10008425331894,DECELERATING
2026-07-15,Textiles & Apparel,48.2573749184468,NEUTRAL
2026-07-16,Textiles & Apparel,52.92154474723122,NEUTRAL
2026-07-17,Textiles & Apparel,44.37640196389197,NEUTRAL
2026-07-20,Textiles & Apparel,54.3484003009271,NEUTRAL
2026-07-21,Textiles & Apparel,44.164431381611145,NEUTRAL
2026-07-22,Textiles & Apparel,69.57133062101599,ACCELERATING
2026-07-23,Textiles & Apparel,51.52686649990244,NEUTRAL
2026-07-24,Textiles & Apparel,56.81771177450596,NEUTRAL
2026-07-27,Textiles & Apparel,44.11352054869745,NEUTRAL
2026-07-28,Textiles & Apparel,48.089637591913174,NEUTRAL
2026-07-29,Textiles & Apparel,47.553761185846575,NEUTRAL
2026-07-30,Textiles & Apparel,46.48339185817966,NEUTRAL
2026-07-31,Textiles & Apparel,51.44541247628303,NEUTRAL
2026-08-03,Textiles & Apparel,55.68714675663868,NEUTRAL
2026-08-04,Textiles & Apparel,51.54461773282765,NEUTRAL
2026-08-05,Textiles & Apparel,56.363529625310065,NEUTRAL
2026-08-06,Textiles & Apparel,54.290275113479055,NEUTRAL
2026-08-07,Textiles & Apparel,58.87924485819157,ACCELERATING
2026-08-10,Textiles & Apparel,40.284661145998605,DECELERATING
2026-08-11,Textiles & Apparel,39.75330104144666,DECELERATING
2026-08-12,Textiles & Apparel,35.02483669514051,DECELERATING
2026-08-13,Textiles & Apparel,43.99564950475821,NEUTRAL
2026-08-14,Textiles & Apparel,48.63259909174741,NEUTRAL
2026-08-17,Textiles & Apparel,43.13897291483285,WEAKENING
2026-08-18,Textiles & Apparel,57.94557359332193,NEUTRAL
2026-08-19,Textiles & Apparel,40.54128288115175,WEAKENING
2026-08-20,Textiles & Apparel,60.81824636765459,ACCELERATING
2026-08-21,Textiles & Apparel,44.35824818028458,NEUTRAL
2026-07-02,"Textiles, Yarns & Apparel",50.0,NEUTRAL
2026-07-03,"Textiles, Yarns & Apparel",50.0,NEUTRAL
2026-07-06,"Textiles, Yarns & Apparel",50.0,NEUTRAL
2026-07-07,"Textiles, Yarns & Apparel",66.15384615384616,ACCELERATING
2026-07-08,"Textiles, Yarns & Apparel",18.84615384615384,DECELERATING
2026-07-09,"Textiles, Yarns & Apparel",44.230769230769226,NEUTRAL
2026-07-10,"Textiles, Yarns & Apparel",43.07692307692308,NEUTRAL
2026-07-13,"Textiles, Yarns & Apparel",85.76923076923077,ACCELERATING
2026-07-14,"Textiles, Yarns & Apparel",51.63274171965888,NEUTRAL
2026-07-15,"Textiles, Yarns & Apparel",46.53230652785812,NEUTRAL
2026-07-16,"Textiles, Yarns & Apparel",38.79552452526757,DECELERATING
2026-07-17,"Textiles, Yarns & Apparel",49.718506474159646,NEUTRAL
2026-07-20,"Textiles, Yarns & Apparel",54.60405512412657,NEUTRAL
2026-07-21,"Textiles, Yarns & Apparel",54.31563922403929,NEUTRAL
2026-07-22,"Textiles, Yarns & Apparel",51.07663042038854,NEUTRAL
2026-07-23,"Textiles, Yarns & Apparel",55.79150528724045,NEUTRAL
2026-07-24,"Textiles, Yarns & Apparel",49.87179898573189,NEUTRAL
2026-07-27,"Textiles, Yarns & Apparel",58.671919633381115,ACCELERATING
2026-07-28,"Textiles, Yarns & Apparel",47.22628324466241,NEUTRAL
2026-07-29,"Textiles, Yarns & Apparel",46.408205565087755,NEUTRAL
2026-07-30,"Textiles, Yarns & Apparel",36.53927441569194,WEAKENING
2026-07-31,"Textiles, Yarns & Apparel",48.08816074691141,NEUTRAL
2026-08-03,"Textiles, Yarns & Apparel",55.87942944301311,NEUTRAL
2026-08-04,"Textiles, Yarns & Apparel",66.20688577551765,ACCELERATING
2026-08-05,"Textiles, Yarns & Apparel",56.329221575449495,NEUTRAL
2026-08-06,"Textiles, Yarns & Apparel",42.69804426696436,WEAKENING
2026-08-07,"Textiles, Yarns & Apparel",60.56497980373538,ACCELERATING
2026-08-10,"Textiles, Yarns & Apparel",48.89852626612618,NEUTRAL
2026-08-11,"Textiles, Yarns & Apparel",56.86875296303997,NEUTRAL
2026-08-12,"Textiles, Yarns & Apparel",30.617483224791766,WEAKENING
2026-08-13,"Textiles, Yarns & Apparel",42.44752143258863,WEAKENING
2026-08-14,"Textiles, Yarns & Apparel",50.531747826587505,NEUTRAL
2026-08-17,"Textiles, Yarns & Apparel",53.128172132178314,NEUTRAL
2026-08-18,"Textiles, Yarns & Apparel",54.54531756791273,NEUTRAL
2026-08-19,"Textiles, Yarns & Apparel",40.14488905315331,WEAKENING
2026-08-20,"Textiles, Yarns & Apparel",56.50706328525566,NEUTRAL
2026-08-21,"Textiles, Yarns & Apparel",70.46822789324389,ACCELERATING
2026-07-02,Tractors & Farm Equipment,50.0,NEUTRAL
2026-07-03,Tractors & Farm Equipment,50.0,NEUTRAL
2026-07-06,Tractors & Farm Equipment,50.0,NEUTRAL
2026-07-07,Tractors & Farm Equipment,35.0,DECELERATING
2026-07-08,Tractors & Farm Equipment,27.5,DECELERATING
2026-07-09,Tractors & Farm Equipment,87.5,ACCELERATING
2026-07-10,Tractors & Farm Equipment,100.0,ACCELERATING
2026-07-13,Tractors & Farm Equipment,100.0,ACCELERATING
2026-07-14,Tractors & Farm Equipment,62.07823390375817,ACCELERATING
2026-07-15,Tractors & Farm Equipment,27.768172624505368,DECELERATING
2026-07-16,Tractors & Farm Equipment,16.992301017985945,DECELERATING
2026-07-17,Tractors & Farm Equipment,5.867573037475324,DECELERATING
2026-07-20,Tractors & Farm Equipment,0.0,DECELERATING
2026-07-21,Tractors & Farm Equipment,37.721044314498144,DECELERATING
2026-07-22,Tractors & Farm Equipment,25.19580621837391,DECELERATING
2026-07-23,Tractors & Farm Equipment,65.56580048147714,ACCELERATING
2026-07-24,Tractors & Farm Equipment,15.414774246427328,DECELERATING
2026-07-27,Tractors & Farm Equipment,84.35881125619143,ACCELERATING
2026-07-28,Tractors & Farm Equipment,51.96695901096984,NEUTRAL
2026-07-29,Tractors & Farm Equipment,94.54651033740984,ACCELERATING
2026-07-30,Tractors & Farm Equipment,86.89589763198298,EMERGING LEADER
2026-07-31,Tractors & Farm Equipment,100.0,EMERGING LEADER
2026-08-03,Tractors & Farm Equipment,42.1133697454476,NEUTRAL
2026-08-04,Tractors & Farm Equipment,34.023239244540875,DECELERATING
2026-08-05,Tractors & Farm Equipment,42.36038599292274,NEUTRAL
2026-08-06,Tractors & Farm Equipment,36.152339153682,DECELERATING
2026-08-07,Tractors & Farm Equipment,33.65237151848169,DECELERATING
2026-08-10,Tractors & Farm Equipment,23.867981427508937,DECELERATING
2026-08-11,Tractors & Farm Equipment,48.38537169012476,NEUTRAL
2026-08-12,Tractors & Farm Equipment,48.39791783705262,NEUTRAL
2026-08-13,Tractors & Farm Equipment,49.2209979129847,NEUTRAL
2026-08-14,Tractors & Farm Equipment,50.32404159411261,NEUTRAL
2026-08-17,Tractors & Farm Equipment,70.30749926558956,EMERGING LEADER
2026-08-18,Tractors & Farm Equipment,54.29996160390917,NEUTRAL
2026-08-19,Tractors & Farm Equipment,53.59965905225422,NEUTRAL
2026-08-20,Tractors & Farm Equipment,34.59468404380918,DECELERATING
2026-08-21,Tractors & Farm Equipment,49.30704179556527,NEUTRAL
2026-07-02,Transformers & T&D Equipment,50.0,NEUTRAL
2026-07-03,Transformers & T&D Equipment,50.0,NEUTRAL
2026-07-06,Transformers & T&D Equipment,50.0,NEUTRAL
2026-07-07,Transformers & T&D Equipment,56.92307692307692,NEUTRAL
2026-07-08,Transformers & T&D Equipment,46.53846153846154,NEUTRAL
2026-07-09,Transformers & T&D Equipment,46.53846153846154,NEUTRAL
2026-07-10,Transformers & T&D Equipment,52.30769230769231,NEUTRAL
2026-07-13,Transformers & T&D Equipment,51.15384615384615,NEUTRAL
2026-07-14,Transformers & T&D Equipment,56.49718394600525,NEUTRAL
2026-07-15,Transformers & T&D Equipment,62.5824929642245,ACCELERATING
2026-07-16,Transformers & T&D Equipment,65.00468367093387,ACCELERATING
2026-07-17,Transformers & T&D Equipment,53.47515106286659,NEUTRAL
2026-07-20,Transformers & T&D Equipment,42.93459267584125,NEUTRAL
2026-07-21,Transformers & T&D Equipment,45.511505986512674,NEUTRAL
2026-07-22,Transformers & T&D Equipment,49.906939450885275,NEUTRAL
2026-07-23,Transformers & T&D Equipment,48.942663040297525,NEUTRAL
2026-07-24,Transformers & T&D Equipment,45.879659888697006,NEUTRAL
2026-07-27,Transformers & T&D Equipment,62.38151175091486,ACCELERATING
2026-07-28,Transformers & T&D Equipment,47.119972582916844,NEUTRAL
2026-07-29,Transformers & T&D Equipment,59.1578965741341,ACCELERATING
2026-07-30,Transformers & T&D Equipment,34.5653048941528,WEAKENING
2026-07-31,Transformers & T&D Equipment,69.56545492784277,ACCELERATING
2026-08-03,Transformers & T&D Equipment,63.21544861079724,ACCELERATING
2026-08-04,Transformers & T&D Equipment,67.8204048037327,ACCELERATING
2026-08-05,Transformers & T&D Equipment,44.47239049050315,NEUTRAL
2026-08-06,Transformers & T&D Equipment,35.20002335757914,DECELERATING
2026-08-07,Transformers & T&D Equipment,43.43822251482234,WEAKENING
2026-08-10,Transformers & T&D Equipment,55.720131790962185,NEUTRAL
2026-08-11,Transformers & T&D Equipment,47.930223857658106,NEUTRAL
2026-08-12,Transformers & T&D Equipment,53.51904886605946,NEUTRAL
2026-08-13,Transformers & T&D Equipment,36.84591711162631,DECELERATING
2026-08-14,Transformers & T&D Equipment,54.59613458089225,NEUTRAL
2026-08-17,Transformers & T&D Equipment,45.52090601121251,NEUTRAL
2026-08-18,Transformers & T&D Equipment,54.58005472211282,NEUTRAL
2026-08-19,Transformers & T&D Equipment,44.81108642190286,NEUTRAL
2026-08-20,Transformers & T&D Equipment,51.62039873067346,NEUTRAL
2026-08-21,Transformers & T&D Equipment,52.953854556506215,NEUTRAL
2026-07-02,Travel Tech SaaS Solutions,50.0,NEUTRAL
2026-07-03,Travel Tech SaaS Solutions,50.0,NEUTRAL
2026-07-06,Travel Tech SaaS Solutions,50.0,NEUTRAL
2026-07-07,Travel Tech SaaS Solutions,95.0,ACCELERATING
2026-07-08,Travel Tech SaaS Solutions,50.0,NEUTRAL
2026-07-09,Travel Tech SaaS Solutions,50.0,NEUTRAL
2026-07-10,Travel Tech SaaS Solutions,50.0,NEUTRAL
2026-07-13,Travel Tech SaaS Solutions,95.0,ACCELERATING
2026-07-14,Travel Tech SaaS Solutions,95.03017138419824,ACCELERATING
2026-07-15,Travel Tech SaaS Solutions,81.74713664249421,ACCELERATING
2026-07-16,Travel Tech SaaS Solutions,51.00304525147098,NEUTRAL
2026-07-17,Travel Tech SaaS Solutions,51.03699865074308,NEUTRAL
2026-07-20,Travel Tech SaaS Solutions,19.554775749605653,DECELERATING
2026-07-21,Travel Tech SaaS Solutions,1.3773986042536208,DECELERATING
2026-07-22,Travel Tech SaaS Solutions,0.0,DECELERATING
2026-07-23,Travel Tech SaaS Solutions,0.0,DECELERATING
2026-07-24,Travel Tech SaaS Solutions,51.50968922477792,NEUTRAL
2026-07-27,Travel Tech SaaS Solutions,52.6041107948299,NEUTRAL
2026-07-28,Travel Tech SaaS Solutions,54.99466780879436,NEUTRAL
2026-07-29,Travel Tech SaaS Solutions,52.83305892478273,NEUTRAL
2026-07-30,Travel Tech SaaS Solutions,52.495812734602666,NEUTRAL
2026-07-31,Travel Tech SaaS Solutions,48.842673077556654,NEUTRAL
2026-08-03,Travel Tech SaaS Solutions,100.0,EMERGING LEADER
2026-08-04,Travel Tech SaaS Solutions,100.0,EMERGING LEADER
2026-08-05,Travel Tech SaaS Solutions,97.76114794632934,EMERGING LEADER
2026-08-06,Travel Tech SaaS Solutions,0.0,DECELERATING
2026-08-07,Travel Tech SaaS Solutions,47.51804171195218,NEUTRAL
2026-08-10,Travel Tech SaaS Solutions,0.0,WEAKENING
2026-08-11,Travel Tech SaaS Solutions,28.212155654207315,WEAKENING
2026-08-12,Travel Tech SaaS Solutions,0.0,WEAKENING
2026-08-13,Travel Tech SaaS Solutions,78.8400041421958,ACCELERATING
2026-08-14,Travel Tech SaaS Solutions,100.0,EMERGING LEADER
2026-08-17,Travel Tech SaaS Solutions,100.0,EMERGING LEADER
2026-08-18,Travel Tech SaaS Solutions,57.23737477796129,NEUTRAL
2026-08-19,Travel Tech SaaS Solutions,5.494563134562426,WEAKENING
2026-08-20,Travel Tech SaaS Solutions,53.56786825949791,NEUTRAL
2026-08-21,Travel Tech SaaS Solutions,100.0,EMERGING LEADER
2026-07-02,Tyres & Rubber Products,50.0,NEUTRAL
2026-07-03,Tyres & Rubber Products,50.0,NEUTRAL
2026-07-06,Tyres & Rubber Products,50.0,NEUTRAL
2026-07-07,Tyres & Rubber Products,71.66666666666666,ACCELERATING
2026-07-08,Tyres & Rubber Products,51.666666666666664,NEUTRAL
2026-07-09,Tyres & Rubber Products,63.33333333333333,ACCELERATING
2026-07-10,Tyres & Rubber Products,46.666666666666664,NEUTRAL
2026-07-13,Tyres & Rubber Products,43.333333333333336,NEUTRAL
2026-07-14,Tyres & Rubber Products,30.278355379693295,DECELERATING
2026-07-15,Tyres & Rubber Products,38.986759863180644,DECELERATING
2026-07-16,Tyres & Rubber Products,53.414357667161916,NEUTRAL
2026-07-17,Tyres & Rubber Products,49.25381126535086,NEUTRAL
2026-07-20,Tyres & Rubber Products,52.9546109683279,NEUTRAL
2026-07-21,Tyres & Rubber Products,51.16646031717411,NEUTRAL
2026-07-22,Tyres & Rubber Products,58.56389778666109,ACCELERATING
2026-07-23,Tyres & Rubber Products,48.46105678785379,NEUTRAL
2026-07-24,Tyres & Rubber Products,46.72485812442806,NEUTRAL
2026-07-27,Tyres & Rubber Products,49.21529190235376,NEUTRAL
2026-07-28,Tyres & Rubber Products,53.428516504591826,NEUTRAL
2026-07-29,Tyres & Rubber Products,55.19447368223261,NEUTRAL
2026-07-30,Tyres & Rubber Products,64.5770305875706,ACCELERATING
2026-07-31,Tyres & Rubber Products,61.86467506989647,ACCELERATING
2026-08-03,Tyres & Rubber Products,78.6818933730489,ACCELERATING
2026-08-04,Tyres & Rubber Products,52.1293469659429,NEUTRAL
2026-08-05,Tyres & Rubber Products,71.94340154688645,EMERGING LEADER
2026-08-06,Tyres & Rubber Products,40.717897321898704,DECELERATING
2026-08-07,Tyres & Rubber Products,40.96385413143477,DECELERATING
2026-08-10,Tyres & Rubber Products,16.971199522574025,DECELERATING
2026-08-11,Tyres & Rubber Products,30.03497278461067,WEAKENING
2026-08-12,Tyres & Rubber Products,52.94944264347269,NEUTRAL
2026-08-13,Tyres & Rubber Products,51.09308155199021,NEUTRAL
2026-08-14,Tyres & Rubber Products,68.59001813414787,EMERGING LEADER
2026-08-17,Tyres & Rubber Products,53.40149186105728,NEUTRAL
2026-08-18,Tyres & Rubber Products,52.47437320278641,NEUTRAL
2026-08-19,Tyres & Rubber Products,30.26831679915893,WEAKENING
2026-08-20,Tyres & Rubber Products,47.579577244036564,NEUTRAL
2026-08-21,Tyres & Rubber Products,47.08301569155185,NEUTRAL
2026-07-02,Utilities,50.0,NEUTRAL
2026-07-03,Utilities,50.0,NEUTRAL
2026-07-06,Utilities,50.0,NEUTRAL
2026-07-07,Utilities,50.0,NEUTRAL
2026-07-08,Utilities,50.0,NEUTRAL
2026-07-09,Utilities,50.0,NEUTRAL
2026-07-10,Utilities,50.0,NEUTRAL
2026-07-13,Utilities,50.0,NEUTRAL
2026-07-14,Utilities,50.06491842182596,NEUTRAL
2026-07-15,Utilities,19.05076226793168,DECELERATING
2026-07-16,Utilities,45.598837181242914,NEUTRAL
2026-07-17,Utilities,44.737025559262236,NEUTRAL
2026-07-20,Utilities,79.0122940596009,ACCELERATING
2026-07-21,Utilities,50.38787534640419,NEUTRAL
2026-07-22,Utilities,56.05473997941088,NEUTRAL
2026-07-23,Utilities,55.596671867212386,NEUTRAL
2026-07-24,Utilities,59.943189653950384,ACCELERATING
2026-07-27,Utilities,86.70938092487009,ACCELERATING
2026-07-28,Utilities,55.32615593268031,NEUTRAL
2026-07-29,Utilities,18.063653771149973,DECELERATING
2026-07-30,Utilities,0.0,WEAKENING
2026-07-31,Utilities,40.96579052593813,WEAKENING
2026-08-03,Utilities,73.34627849167325,ACCELERATING
2026-08-04,Utilities,78.41509371131554,ACCELERATING
2026-08-05,Utilities,49.88600535464172,NEUTRAL
2026-08-06,Utilities,55.179262694996304,NEUTRAL
2026-08-07,Utilities,52.375841440169026,NEUTRAL
2026-08-10,Utilities,50.89080571691815,NEUTRAL
2026-08-11,Utilities,47.67074122245577,NEUTRAL
2026-08-12,Utilities,51.0818971219568,NEUTRAL
2026-08-13,Utilities,51.3174439055297,NEUTRAL
2026-08-14,Utilities,54.16792051781378,NEUTRAL
2026-08-17,Utilities,53.44880204754158,NEUTRAL
2026-08-18,Utilities,52.54478426742419,NEUTRAL
2026-08-19,Utilities,49.86457791531152,NEUTRAL
2026-08-20,Utilities,48.52711150929068,NEUTRAL
2026-08-21,Utilities,47.83814761608159,NEUTRAL
2026-07-02,Water & Wastewater Treatment,50.0,NEUTRAL
2026-07-03,Water & Wastewater Treatment,50.0,NEUTRAL
2026-07-06,Water & Wastewater Treatment,50.0,NEUTRAL
2026-07-07,Water & Wastewater Treatment,83.0,ACCELERATING
2026-07-08,Water & Wastewater Treatment,29.0,DECELERATING
2026-07-09,Water & Wastewater Treatment,26.0,DECELERATING
2026-07-10,Water & Wastewater Treatment,71.0,ACCELERATING
2026-07-13,Water & Wastewater Treatment,68.0,ACCELERATING
2026-07-14,Water & Wastewater Treatment,78.99179522216451,ACCELERATING
2026-07-15,Water & Wastewater Treatment,19.508577216385596,DECELERATING
2026-07-16,Water & Wastewater Treatment,41.249713628526344,DECELERATING
2026-07-17,Water & Wastewater Treatment,26.43934379506156,DECELERATING
2026-07-20,Water & Wastewater Treatment,54.4016030747066,NEUTRAL
2026-07-21,Water & Wastewater Treatment,48.52704204450841,NEUTRAL
2026-07-22,Water & Wastewater Treatment,53.27662387033112,NEUTRAL
2026-07-23,Water & Wastewater Treatment,18.722282217671662,DECELERATING
2026-07-24,Water & Wastewater Treatment,52.75192506974515,NEUTRAL
2026-07-27,Water & Wastewater Treatment,43.021090733556484,NEUTRAL
2026-07-28,Water & Wastewater Treatment,43.630721976248395,NEUTRAL
2026-07-29,Water & Wastewater Treatment,45.39994235141361,NEUTRAL
2026-07-30,Water & Wastewater Treatment,55.307159288384746,NEUTRAL
2026-07-31,Water & Wastewater Treatment,75.62725977421266,ACCELERATING
2026-08-03,Water & Wastewater Treatment,59.78279361919485,ACCELERATING
2026-08-04,Water & Wastewater Treatment,75.25985968814857,ACCELERATING
2026-08-05,Water & Wastewater Treatment,39.9922254658072,WEAKENING
2026-08-06,Water & Wastewater Treatment,23.784612029318776,WEAKENING
2026-08-07,Water & Wastewater Treatment,14.436896854329632,WEAKENING
2026-08-10,Water & Wastewater Treatment,36.9499600966606,WEAKENING
2026-08-11,Water & Wastewater Treatment,48.07640561038059,NEUTRAL
2026-08-12,Water & Wastewater Treatment,44.36505938349209,WEAKENING
2026-08-13,Water & Wastewater Treatment,50.44278604503864,NEUTRAL
2026-08-14,Water & Wastewater Treatment,50.95078638427949,NEUTRAL
2026-08-17,Water & Wastewater Treatment,62.11771582571661,ACCELERATING
2026-08-18,Water & Wastewater Treatment,62.79459677896063,ACCELERATING
2026-08-19,Water & Wastewater Treatment,80.35803973230409,ACCELERATING
2026-08-20,Water & Wastewater Treatment,87.10741607201263,ACCELERATING
2026-08-21,Water & Wastewater Treatment,44.697781634011804,WEAKENING
2026-07-02,Wealth & Asset Management,50.0,NEUTRAL
2026-07-03,Wealth & Asset Management,50.0,NEUTRAL
2026-07-06,Wealth & Asset Management,50.0,NEUTRAL
2026-07-07,Wealth & Asset Management,100.0,ACCELERATING
2026-07-08,Wealth & Asset Management,20.0,DECELERATING
2026-07-09,Wealth & Asset Management,50.0,NEUTRAL
2026-07-10,Wealth & Asset Management,50.0,NEUTRAL
2026-07-13,Wealth & Asset Management,50.0,NEUTRAL
2026-07-14,Wealth & Asset Management,43.998452105688926,NEUTRAL
2026-07-15,Wealth & Asset Management,18.084156615658845,DECELERATING
2026-07-16,Wealth & Asset Management,34.44634925990321,DECELERATING
2026-07-17,Wealth & Asset Management,82.77765660267463,ACCELERATING
2026-07-20,Wealth & Asset Management,52.08527439699257,NEUTRAL
2026-07-21,Wealth & Asset Management,98.0162523964434,ACCELERATING
2026-07-22,Wealth & Asset Management,21.00850525831176,DECELERATING
2026-07-23,Wealth & Asset Management,5.464619155576713,DECELERATING
2026-07-24,Wealth & Asset Management,49.37996490277718,NEUTRAL
2026-07-27,Wealth & Asset Management,50.65235067921376,NEUTRAL
2026-07-28,Wealth & Asset Management,95.16610964712416,ACCELERATING
2026-07-29,Wealth & Asset Management,53.839878984983,NEUTRAL
2026-07-30,Wealth & Asset Management,52.45144579515729,NEUTRAL
2026-07-31,Wealth & Asset Management,49.49004184974895,NEUTRAL
2026-08-03,Wealth & Asset Management,45.495485200296315,NEUTRAL
2026-08-04,Wealth & Asset Management,46.68683876105045,NEUTRAL
2026-08-05,Wealth & Asset Management,79.59150706423841,EMERGING LEADER
2026-08-06,Wealth & Asset Management,51.028126156812704,NEUTRAL
2026-08-07,Wealth & Asset Management,20.353229750904433,DECELERATING
2026-08-10,Wealth & Asset Management,20.454189974607907,DECELERATING
2026-08-11,Wealth & Asset Management,49.33624061814721,NEUTRAL
2026-08-12,Wealth & Asset Management,77.50511693806914,EMERGING LEADER
2026-08-13,Wealth & Asset Management,48.6396600123248,NEUTRAL
2026-08-14,Wealth & Asset Management,50.9122290528109,NEUTRAL
2026-08-17,Wealth & Asset Management,21.962186295483868,DECELERATING
2026-08-18,Wealth & Asset Management,50.08075642927169,NEUTRAL
2026-08-19,Wealth & Asset Management,50.63510231465268,NEUTRAL
2026-08-20,Wealth & Asset Management,100.0,EMERGING LEADER
2026-08-21,Wealth & Asset Management,50.803003423940616,NEUTRAL
2026-07-02,Wires & Cables,50.0,NEUTRAL
2026-07-03,Wires & Cables,50.0,NEUTRAL
2026-07-06,Wires & Cables,50.0,NEUTRAL
2026-07-07,Wires & Cables,63.04347826086956,ACCELERATING
2026-07-08,Wires & Cables,44.130434782608695,NEUTRAL
2026-07-09,Wires & Cables,42.17391304347826,NEUTRAL
2026-07-10,Wires & Cables,54.56521739130435,NEUTRAL
2026-07-13,Wires & Cables,63.69565217391305,ACCELERATING
2026-07-14,Wires & Cables,62.37736976383553,ACCELERATING
2026-07-15,Wires & Cables,42.39982617093538,NEUTRAL
2026-07-16,Wires & Cables,45.17056464661804,NEUTRAL
2026-07-17,Wires & Cables,33.07061662286564,DECELERATING
2026-07-20,Wires & Cables,53.864976281994174,NEUTRAL
2026-07-21,Wires & Cables,49.31197260796005,NEUTRAL
2026-07-22,Wires & Cables,62.56156740718439,ACCELERATING
2026-07-23,Wires & Cables,45.05423295360875,NEUTRAL
2026-07-24,Wires & Cables,52.01240652484834,NEUTRAL
2026-07-27,Wires & Cables,57.095097942971904,NEUTRAL
2026-07-28,Wires & Cables,57.25052565733081,NEUTRAL
2026-07-29,Wires & Cables,52.06692865283229,NEUTRAL
2026-07-30,Wires & Cables,35.73867129772145,WEAKENING
2026-07-31,Wires & Cables,52.992895655128855,NEUTRAL
2026-08-03,Wires & Cables,62.32010840773236,ACCELERATING
2026-08-04,Wires & Cables,68.59526088664651,ACCELERATING
2026-08-05,Wires & Cables,68.58182336537047,EMERGING LEADER
2026-08-06,Wires & Cables,56.510123342901316,NEUTRAL
2026-08-07,Wires & Cables,54.19884036060654,NEUTRAL
2026-08-10,Wires & Cables,46.24439295325048,NEUTRAL
2026-08-11,Wires & Cables,43.803460312940025,NEUTRAL
2026-08-12,Wires & Cables,53.286875700390816,NEUTRAL
2026-08-13,Wires & Cables,52.883327296767284,NEUTRAL
2026-08-14,Wires & Cables,45.963936170062524,NEUTRAL
2026-08-17,Wires & Cables,40.95036458310392,DECELERATING
2026-08-18,Wires & Cables,40.59767711375307,DECELERATING
2026-08-19,Wires & Cables,49.237423203444756,NEUTRAL
2026-08-20,Wires & Cables,52.781836821659184,NEUTRAL
2026-08-21,Wires & Cables,50.092664768422516,NEUTRAL
2026-07-02,Zinc & Silver Mining,50.0,NEUTRAL
2026-07-03,Zinc & Silver Mining,50.0,NEUTRAL
2026-07-06,Zinc & Silver Mining,50.0,NEUTRAL
2026-07-07,Zinc & Silver Mining,95.0,ACCELERATING
2026-07-08,Zinc & Silver Mining,20.0,DECELERATING
2026-07-09,Zinc & Silver Mining,5.0,DECELERATING
2026-07-10,Zinc & Silver Mining,50.0,NEUTRAL
2026-07-13,Zinc & Silver Mining,80.0,ACCELERATING
2026-07-14,Zinc & Silver Mining,49.03751612242079,NEUTRAL
2026-07-15,Zinc & Silver Mining,3.6647072344831884,DECELERATING
2026-07-16,Zinc & Silver Mining,4.894781815063851,DECELERATING
2026-07-17,Zinc & Silver Mining,48.3535935643745,NEUTRAL
2026-07-20,Zinc & Silver Mining,50.92734577296217,NEUTRAL
2026-07-21,Zinc & Silver Mining,97.02137304974535,ACCELERATING
2026-07-22,Zinc & Silver Mining,98.98184422211423,ACCELERATING
2026-07-23,Zinc & Silver Mining,98.30544707579634,ACCELERATING
2026-07-24,Zinc & Silver Mining,82.39172055850779,ACCELERATING
2026-07-27,Zinc & Silver Mining,19.648095824511703,DECELERATING
2026-07-28,Zinc & Silver Mining,2.3694430790437835,DECELERATING
2026-07-29,Zinc & Silver Mining,17.05196251616219,DECELERATING
2026-07-30,Zinc & Silver Mining,78.72223661335066,EMERGING LEADER
2026-07-31,Zinc & Silver Mining,100.0,EMERGING LEADER
2026-08-03,Zinc & Silver Mining,51.54594750529609,NEUTRAL
2026-08-04,Zinc & Silver Mining,83.41076124342294,EMERGING LEADER
2026-08-05,Zinc & Silver Mining,56.852464384559326,NEUTRAL
2026-08-06,Zinc & Silver Mining,23.715365460466202,DECELERATING
2026-08-07,Zinc & Silver Mining,53.16726810414835,NEUTRAL
2026-08-10,Zinc & Silver Mining,0.0,DECELERATING
2026-08-11,Zinc & Silver Mining,47.113792344429115,NEUTRAL
2026-08-12,Zinc & Silver Mining,0.0,DECELERATING
2026-08-13,Zinc & Silver Mining,72.73002609261343,EMERGING LEADER
2026-08-14,Zinc & Silver Mining,73.11384553698377,EMERGING LEADER
2026-08-17,Zinc & Silver Mining,78.35200012651104,EMERGING LEADER
2026-08-18,Zinc & Silver Mining,48.085211348264515,NEUTRAL
2026-08-19,Zinc & Silver Mining,51.750152626792115,NEUTRAL
2026-08-20,Zinc & Silver Mining,82.86824006252604,EMERGING LEADER
2026-08-21,Zinc & Silver Mining,86.94835158023695,EMERGING LEADER
