industry,date,turnaround_score,breadth_20,breadth_50,delivery_intensity,compression_ratio
3PL Logistics & Fleet Haulage,2024-04-01,11.34,94.4,83.3,0.58,1.0
3PL Logistics & Fleet Haulage,2024-04-03,8.68,94.7,89.5,0.6,1.0
3PL Logistics & Fleet Haulage,2024-04-05,5.43,94.7,89.5,0.28,1.0
3PL Logistics & Fleet Haulage,2024-05-17,11.84,68.4,57.9,0.54,0.94
3PL Logistics & Fleet Haulage,2024-07-05,8.03,89.5,84.2,0.4,0.93
3PL Logistics & Fleet Haulage,2024-08-28,4.62,65.0,60.0,0.02,0.9
3PL Logistics & Fleet Haulage,2024-12-10,5.33,57.1,52.4,0.29,1.0
3PL Logistics & Fleet Haulage,2024-12-16,7.3,50.0,40.0,0.01,0.89
3PL Logistics & Fleet Haulage,2025-01-02,12.88,52.4,38.1,0.27,0.85
3PL Logistics & Fleet Haulage,2025-01-20,6.33,33.3,28.6,0.25,0.93
3PL Logistics & Fleet Haulage,2025-04-02,25.17,68.2,22.7,0.24,1.0
3PL Logistics & Fleet Haulage,2025-05-12,22.67,81.0,47.6,0.5,0.95
3PL Logistics & Fleet Haulage,2025-05-13,16.06,85.0,60.0,0.23,0.94
3PL Logistics & Fleet Haulage,2025-05-14,15.49,85.7,76.2,0.95,0.94
3PL Logistics & Fleet Haulage,2025-05-15,12.0,85.0,70.0,0.27,0.91
3PL Logistics & Fleet Haulage,2025-05-16,12.46,85.0,75.0,0.54,0.9
3PL Logistics & Fleet Haulage,2025-06-11,7.3,75.0,70.0,0.18,0.85
3PL Logistics & Fleet Haulage,2025-08-20,6.92,42.9,33.3,0.2,0.99
3PL Logistics & Fleet Haulage,2025-08-21,10.94,42.9,23.8,0.08,0.97
3PL Logistics & Fleet Haulage,2026-07-30,7.81,43.5,39.1,0.19,0.81
3PL Logistics & Fleet Haulage,2026-08-03,9.05,50.0,45.8,0.32,0.81
3PL Logistics & Fleet Haulage,2026-08-04,11.45,54.2,45.8,0.27,0.77
3PL Logistics & Fleet Haulage,2026-08-06,14.74,62.5,50.0,0.29,0.72
3PL Logistics & Fleet Haulage,2026-08-07,10.59,60.9,52.2,0.04,0.71
3PL Logistics & Fleet Haulage,2026-08-20,22.82,70.8,50.0,0.62,0.69
3PL Logistics & Fleet Haulage,2026-08-21,19.56,72.0,52.0,0.34,0.69
AI Servers & Supercomputing Hardware,2024-04-18,18.38,66.7,33.3,0.09,0.96
AI Servers & Supercomputing Hardware,2024-12-02,21.78,66.7,33.3,0.18,0.83
AI Servers & Supercomputing Hardware,2024-12-27,23.74,33.3,0.0,0.45,0.87
AI Servers & Supercomputing Hardware,2025-01-07,19.96,66.7,33.3,0.21,0.94
AI Servers & Supercomputing Hardware,2025-04-28,31.64,33.3,0.0,0.81,0.66
AI Servers & Supercomputing Hardware,2025-05-02,27.51,33.3,0.0,0.4,0.66
AI Servers & Supercomputing Hardware,2025-05-07,37.49,33.3,0.0,1.65,0.78
AI Servers & Supercomputing Hardware,2025-05-09,30.11,33.3,0.0,0.91,0.78
AI Servers & Supercomputing Hardware,2025-05-14,25.54,66.7,33.3,0.53,0.82
AI Servers & Supercomputing Hardware,2025-05-15,29.87,66.7,33.3,0.94,0.81
AI Servers & Supercomputing Hardware,2025-05-28,22.93,66.7,33.3,0.37,0.87
AI Servers & Supercomputing Hardware,2025-05-29,22.77,66.7,33.3,0.36,0.88
AI Servers & Supercomputing Hardware,2025-06-02,23.94,100.0,66.7,0.41,0.84
AI Servers & Supercomputing Hardware,2026-08-07,36.05,100.0,66.7,0.83,0.45
"AI Solutions, Analytics & Cloud Data",2024-08-20,58.1,100.0,0.0,0.78,0.99
"AI Solutions, Analytics & Cloud Data",2024-09-10,79.15,100.0,0.0,2.78,0.93
"AI Solutions, Analytics & Cloud Data",2024-09-12,60.59,100.0,0.0,0.88,0.91
"AI Solutions, Analytics & Cloud Data",2024-09-17,59.71,100.0,0.0,0.85,0.94
"AI Solutions, Analytics & Cloud Data",2024-10-16,67.44,100.0,0.0,1.0,0.63
"AI Solutions, Analytics & Cloud Data",2025-04-02,53.04,100.0,0.0,0.26,0.98
"AI Solutions, Analytics & Cloud Data",2025-04-03,55.31,100.0,0.0,0.42,0.94
"AI Solutions, Analytics & Cloud Data",2025-04-11,57.46,100.0,0.0,0.63,0.94
"AI Solutions, Analytics & Cloud Data",2025-04-15,55.99,100.0,0.0,0.44,0.92
"AI Solutions, Analytics & Cloud Data",2026-08-10,20.17,33.3,0.0,0.15,0.9
"AI Solutions, Analytics & Cloud Data",2026-08-11,19.46,33.3,0.0,0.06,0.89
"AI Solutions, Analytics & Cloud Data",2026-08-14,40.51,66.7,0.0,0.39,0.84
"AI Solutions, Analytics & Cloud Data",2026-08-18,40.16,66.7,0.0,0.21,0.77
"AI Solutions, Analytics & Cloud Data",2026-08-20,28.23,66.7,33.3,0.68,0.76
API & Bulk Drugs,2024-03-22,24.53,40.0,33.3,0.32,0.1
API & Bulk Drugs,2024-04-03,6.22,93.3,86.7,0.29,1.0
API & Bulk Drugs,2024-07-26,6.7,68.8,62.5,0.05,0.85
API & Bulk Drugs,2024-09-16,5.14,68.8,62.5,0.03,0.91
API & Bulk Drugs,2024-09-19,5.61,56.2,50.0,0.17,0.96
API & Bulk Drugs,2024-09-24,13.69,70.6,58.8,0.64,0.93
API & Bulk Drugs,2024-09-25,6.62,70.6,64.7,0.2,0.91
API & Bulk Drugs,2024-10-11,5.26,41.2,35.3,0.17,0.97
API & Bulk Drugs,2024-10-15,10.28,52.9,47.1,0.58,0.92
API & Bulk Drugs,2024-12-04,18.41,88.9,66.7,0.52,0.89
API & Bulk Drugs,2024-12-06,7.46,88.9,83.3,0.26,0.89
API & Bulk Drugs,2025-03-21,24.54,68.2,27.3,0.19,0.89
API & Bulk Drugs,2025-03-24,27.83,77.3,27.3,0.09,0.9
API & Bulk Drugs,2025-04-17,19.46,75.0,45.8,0.44,0.98
API & Bulk Drugs,2025-04-21,25.64,87.5,58.3,1.04,0.97
API & Bulk Drugs,2025-04-22,12.78,91.7,70.8,0.18,0.97
API & Bulk Drugs,2025-04-24,12.83,95.8,75.0,0.19,0.98
API & Bulk Drugs,2025-05-12,8.4,58.3,50.0,0.28,0.93
API & Bulk Drugs,2025-05-14,12.98,79.2,62.5,0.31,0.92
API & Bulk Drugs,2025-05-16,19.18,91.3,65.2,0.47,0.93
API & Bulk Drugs,2025-05-19,7.6,83.3,79.2,0.42,0.93
API & Bulk Drugs,2025-05-21,6.68,75.0,70.8,0.34,0.94
API & Bulk Drugs,2025-05-22,6.45,79.2,70.8,0.14,0.96
API & Bulk Drugs,2025-06-11,8.56,79.2,75.0,0.43,0.89
API & Bulk Drugs,2025-06-13,7.33,82.6,78.3,0.26,0.87
API & Bulk Drugs,2025-07-17,8.07,58.3,54.2,0.21,0.8
API & Bulk Drugs,2025-08-20,13.64,54.2,37.5,0.51,0.99
API & Bulk Drugs,2025-08-21,8.88,52.0,40.0,0.26,0.99
API & Bulk Drugs,2025-08-22,6.33,58.3,45.8,0.0,1.0
API & Bulk Drugs,2026-08-03,9.08,46.4,42.9,0.17,0.72
API & Bulk Drugs,2026-08-10,10.9,55.2,48.3,0.21,0.73
API & Bulk Drugs,2026-08-21,5.43,46.9,43.8,0.14,0.88
AdTech & Marketing Analytics,2025-03-19,69.63,100.0,0.0,1.96,1.0
AdTech & Marketing Analytics,2025-03-20,64.08,100.0,0.0,1.28,0.94
AdTech & Marketing Analytics,2026-08-03,65.98,100.0,0.0,1.08,0.74
AdTech & Marketing Analytics,2026-08-04,66.91,100.0,0.0,1.17,0.74
AdTech & Marketing Analytics,2026-08-11,63.32,100.0,0.0,0.92,0.79
AdTech & Marketing Analytics,2026-08-14,58.06,100.0,0.0,0.39,0.79
Advertising & Digital Marketing,2024-07-08,23.47,20.0,0.0,1.01,0.83
Advertising & Digital Marketing,2024-08-22,19.49,40.0,20.0,0.91,0.98
Advertising & Digital Marketing,2024-09-23,12.4,20.0,0.0,0.03,0.89
Advertising & Digital Marketing,2024-11-05,14.5,40.0,20.0,0.23,0.89
Advertising & Digital Marketing,2024-11-06,22.14,60.0,40.0,1.01,0.9
Advertising & Digital Marketing,2024-11-11,24.09,40.0,0.0,0.25,0.92
Advertising & Digital Marketing,2024-12-06,16.79,60.0,40.0,0.63,0.98
Advertising & Digital Marketing,2024-12-09,37.09,100.0,60.0,1.68,0.98
Advertising & Digital Marketing,2024-12-11,27.21,100.0,60.0,0.68,0.98
Advertising & Digital Marketing,2025-01-03,13.31,80.0,60.0,0.24,0.95
Advertising & Digital Marketing,2025-03-18,24.31,20.0,0.0,1.34,0.96
Advertising & Digital Marketing,2025-04-02,36.59,60.0,0.0,0.63,0.99
Advertising & Digital Marketing,2025-04-03,34.65,60.0,0.0,0.43,0.98
Advertising & Digital Marketing,2025-04-15,11.66,20.0,0.0,0.09,0.96
Advertising & Digital Marketing,2025-04-21,33.96,60.0,0.0,0.24,0.92
Advertising & Digital Marketing,2025-05-12,40.79,60.0,0.0,0.6,0.76
Advertising & Digital Marketing,2025-05-14,32.76,40.0,0.0,0.79,0.76
Advertising & Digital Marketing,2025-06-09,13.93,60.0,40.0,0.12,0.86
Advertising & Digital Marketing,2025-06-25,34.45,50.0,0.0,0.62,0.84
Advertising & Digital Marketing,2025-08-18,26.15,60.0,40.0,1.43,0.91
Advertising & Digital Marketing,2025-08-19,33.88,80.0,40.0,1.21,0.91
Advertising & Digital Marketing,2026-07-07,16.53,83.3,66.7,0.63,0.9
Aerospace & Fighter Aircraft,2024-05-02,22.96,100.0,75.0,0.62,0.79
Aerospace & Fighter Aircraft,2024-08-21,19.97,25.0,0.0,0.35,0.8
Aerospace & Fighter Aircraft,2024-08-23,33.05,75.0,25.0,0.45,0.82
Aerospace & Fighter Aircraft,2024-08-30,29.83,50.0,0.0,0.04,0.78
Aerospace & Fighter Aircraft,2024-09-04,30.25,40.0,20.0,1.07,0.52
Aerospace & Fighter Aircraft,2024-09-05,22.42,60.0,40.0,0.33,0.54
Aerospace & Fighter Aircraft,2024-09-20,22.43,40.0,20.0,0.77,0.77
Aerospace & Fighter Aircraft,2024-09-26,25.29,40.0,0.0,0.13,0.8
Aerospace & Fighter Aircraft,2024-09-27,29.52,40.0,0.0,0.62,0.84
Aerospace & Fighter Aircraft,2024-10-21,14.53,20.0,0.0,0.25,0.9
Aerospace & Fighter Aircraft,2024-12-16,20.1,80.0,60.0,0.65,0.82
Aerospace & Fighter Aircraft,2025-01-01,22.88,83.3,66.7,0.96,0.75
Aerospace & Fighter Aircraft,2025-01-17,12.22,33.3,16.7,0.39,1.0
Aerospace & Fighter Aircraft,2025-01-29,17.44,16.7,0.0,0.82,0.95
Aerospace & Fighter Aircraft,2025-01-31,25.73,33.3,0.0,0.86,0.98
Aerospace & Fighter Aircraft,2025-03-21,29.49,66.7,16.7,0.42,0.99
Aerospace & Fighter Aircraft,2025-04-03,16.21,66.7,50.0,0.77,0.99
Aerospace & Fighter Aircraft,2025-05-15,10.81,100.0,83.3,0.24,0.99
Aerospace & Fighter Aircraft,2025-05-16,17.17,100.0,83.3,0.88,1.0
Aerospace & Fighter Aircraft,2025-07-04,16.76,66.7,50.0,0.31,0.73
Air Conditioners & Commercial HVAC,2024-04-01,23.0,100.0,66.7,0.63,1.0
Air Conditioners & Commercial HVAC,2024-11-27,20.33,33.3,0.0,0.27,0.95
Air Conditioners & Commercial HVAC,2024-11-29,22.96,33.3,0.0,0.23,0.8
Air Conditioners & Commercial HVAC,2024-12-02,38.48,66.7,0.0,0.18,0.83
Air Conditioners & Commercial HVAC,2024-12-06,31.1,66.7,33.3,0.97,0.76
Air Conditioners & Commercial HVAC,2025-01-02,32.71,100.0,66.7,1.6,1.0
Air Conditioners & Commercial HVAC,2025-01-07,18.26,100.0,66.7,0.15,1.0
Air Conditioners & Commercial HVAC,2025-03-04,36.33,66.7,33.3,1.74,0.89
Air Conditioners & Commercial HVAC,2025-03-05,20.41,66.7,33.3,0.17,0.9
Air Conditioners & Commercial HVAC,2025-03-11,38.26,100.0,33.3,0.12,0.81
Air Conditioners & Commercial HVAC,2025-03-12,25.69,100.0,66.7,0.34,0.72
Air Conditioners & Commercial HVAC,2025-03-17,25.42,100.0,66.7,0.26,0.69
Air Conditioners & Commercial HVAC,2025-03-19,23.76,100.0,66.7,0.13,0.71
Air Conditioners & Commercial HVAC,2025-03-24,31.86,100.0,66.7,0.91,0.7
Air Conditioners & Commercial HVAC,2025-04-15,23.26,33.3,0.0,0.18,0.76
Air Conditioners & Commercial HVAC,2025-04-17,28.66,33.3,0.0,0.68,0.74
Air Conditioners & Commercial HVAC,2025-04-28,22.12,33.3,0.0,0.03,0.74
Air Conditioners & Commercial HVAC,2025-05-21,18.29,66.7,33.3,0.14,0.99
Air Conditioners & Commercial HVAC,2025-06-06,29.84,33.3,0.0,0.66,0.67
Air Conditioners & Commercial HVAC,2025-06-09,24.46,33.3,0.0,0.03,0.63
Air Conditioners & Commercial HVAC,2025-06-10,33.96,66.7,33.3,0.99,0.63
Air Conditioners & Commercial HVAC,2025-06-13,43.41,66.7,0.0,0.31,0.65
Air Conditioners & Commercial HVAC,2025-06-16,32.88,66.7,33.3,0.94,0.66
Air Conditioners & Commercial HVAC,2025-06-24,24.71,66.7,33.3,0.29,0.74
Air Conditioners & Commercial HVAC,2025-06-25,32.03,66.7,33.3,1.03,0.75
Air Conditioners & Commercial HVAC,2025-07-03,31.61,100.0,66.7,1.35,0.93
Air Conditioners & Commercial HVAC,2025-07-04,20.47,100.0,66.7,0.24,0.93
Air Conditioners & Commercial HVAC,2025-07-07,20.55,100.0,66.7,0.22,0.91
Air Conditioners & Commercial HVAC,2025-07-11,19.35,100.0,66.7,0.0,0.87
Air Conditioners & Commercial HVAC,2025-07-14,23.93,100.0,66.7,0.4,0.84
Airport Lounge & Transit Tech,2024-06-24,59.59,100.0,0.0,0.74,0.89
Airport Lounge & Transit Tech,2024-06-25,58.27,100.0,0.0,0.62,0.89
Airport Lounge & Transit Tech,2024-07-01,59.39,100.0,0.0,0.58,0.82
Airport Lounge & Transit Tech,2024-08-07,64.16,100.0,0.0,1.09,0.83
Airport Lounge & Transit Tech,2024-10-30,59.79,100.0,0.0,0.72,0.87
Airport Lounge & Transit Tech,2024-10-31,56.84,100.0,0.0,0.45,0.88
Airport Lounge & Transit Tech,2025-04-22,59.29,100.0,0.0,0.88,0.97
Airport Lounge & Transit Tech,2025-04-23,57.13,100.0,0.0,0.65,0.97
Airport Lounge & Transit Tech,2025-04-29,53.69,100.0,0.0,0.25,0.94
Airport Lounge & Transit Tech,2025-05-12,67.62,100.0,0.0,1.55,0.89
Airport Lounge & Transit Tech,2025-05-13,60.03,100.0,0.0,0.77,0.88
Airport Lounge & Transit Tech,2025-08-20,52.5,100.0,0.0,0.1,0.93
Airport Lounge & Transit Tech,2025-08-21,52.01,100.0,0.0,0.1,0.95
Airport Lounge & Transit Tech,2025-08-22,52.1,100.0,0.0,0.1,0.94
Airport Lounge & Transit Tech,2026-07-02,151.11,100.0,0.0,10.0,0.94
Airport Lounge & Transit Tech,2026-07-10,77.15,100.0,0.0,2.57,0.93
Airport Lounge & Transit Tech,2026-07-13,69.88,100.0,0.0,1.81,0.91
Airport Lounge & Transit Tech,2026-08-04,101.49,100.0,0.0,4.15,0.5
Airport Lounge & Transit Tech,2026-08-06,75.37,100.0,0.0,1.66,0.56
Airport Lounge & Transit Tech,2026-08-10,66.1,100.0,0.0,0.72,0.55
Airport Lounge & Transit Tech,2026-08-12,66.44,100.0,0.0,0.79,0.57
Airport Lounge & Transit Tech,2026-08-20,67.43,100.0,0.0,1.32,0.79
Airport Lounge & Transit Tech,2026-08-21,65.11,100.0,0.0,1.12,0.81
Aluminium Recycling & Secondary Metals,2026-08-03,73.88,100.0,0.0,2.36,0.99
Architectural Glass & Windows,2024-04-01,20.5,100.0,66.7,0.38,1.0
Architectural Glass & Windows,2024-04-04,17.51,100.0,66.7,0.08,1.0
Architectural Glass & Windows,2024-08-09,19.69,25.0,0.0,0.55,0.91
Architectural Glass & Windows,2024-08-19,14.71,60.0,40.0,0.03,0.78
Architectural Glass & Windows,2024-09-03,17.04,60.0,40.0,0.54,0.92
Architectural Glass & Windows,2024-09-04,16.55,60.0,40.0,0.49,0.92
Architectural Glass & Windows,2024-10-30,11.51,40.0,20.0,0.06,0.95
Architectural Glass & Windows,2024-11-11,14.96,60.0,40.0,0.37,0.94
Architectural Glass & Windows,2024-11-29,13.62,60.0,40.0,0.25,0.94
Architectural Glass & Windows,2024-12-05,14.3,66.7,50.0,0.16,0.78
Architectural Glass & Windows,2024-12-06,24.34,83.3,66.7,1.13,0.77
Architectural Glass & Windows,2024-12-09,33.1,83.3,50.0,1.21,0.78
Architectural Glass & Windows,2024-12-31,11.65,66.7,50.0,0.07,0.87
Architectural Glass & Windows,2025-01-15,12.54,33.3,16.7,0.13,0.85
Architectural Glass & Windows,2025-05-12,13.01,66.7,50.0,0.33,0.93
Architectural Glass & Windows,2025-05-13,11.53,50.0,33.3,0.12,0.9
Architectural Glass & Windows,2025-05-14,14.71,80.0,60.0,0.09,0.81
Architectural Glass & Windows,2025-06-12,12.78,83.3,66.7,0.19,0.87
Architectural Glass & Windows,2025-06-13,22.31,83.3,66.7,1.14,0.87
Architectural Glass & Windows,2026-08-04,21.09,100.0,83.3,0.83,0.78
Architectural Hardware & Fittings,2024-06-10,67.49,100.0,0.0,1.74,1.0
Architectural Hardware & Fittings,2024-06-12,58.41,100.0,0.0,0.62,0.89
Architectural Hardware & Fittings,2024-08-29,74.73,100.0,0.0,1.78,0.65
Architectural Hardware & Fittings,2025-04-03,51.69,100.0,0.0,0.1,0.97
Architectural Hardware & Fittings,2025-04-11,52.27,100.0,0.0,0.1,0.94
Architectural Hardware & Fittings,2025-07-07,55.57,100.0,0.0,0.1,0.77
Auto Air Conditioning & Thermal Systems,2024-05-21,39.09,100.0,50.0,1.16,0.88
Auto Air Conditioning & Thermal Systems,2024-11-06,41.94,100.0,50.0,1.51,0.91
Auto Air Conditioning & Thermal Systems,2024-12-16,40.23,100.0,50.0,1.03,0.75
Auto Air Conditioning & Thermal Systems,2024-12-27,35.93,100.0,50.0,0.87,0.89
Auto Air Conditioning & Thermal Systems,2025-01-01,38.81,100.0,50.0,1.19,0.91
Auto Air Conditioning & Thermal Systems,2025-01-24,29.68,50.0,0.0,0.19,0.86
Auto Air Conditioning & Thermal Systems,2025-01-30,42.37,50.0,0.0,1.48,0.87
Auto Air Conditioning & Thermal Systems,2025-03-19,66.88,100.0,0.0,1.67,0.99
Auto Air Conditioning & Thermal Systems,2025-04-02,58.61,100.0,0.0,0.53,0.83
Auto Air Conditioning & Thermal Systems,2025-04-03,35.52,100.0,50.0,0.74,0.85
Auto Air Conditioning & Thermal Systems,2025-04-15,61.08,100.0,0.0,0.68,0.79
Auto Air Conditioning & Thermal Systems,2025-04-16,38.33,100.0,50.0,0.9,0.78
Auto Air Conditioning & Thermal Systems,2025-04-17,44.12,100.0,50.0,1.49,0.79
Auto Air Conditioning & Thermal Systems,2026-07-31,52.67,100.0,50.0,1.99,0.61
Auto Air Conditioning & Thermal Systems,2026-08-03,33.75,100.0,50.0,0.14,0.63
Auto Batteries & Storage,2024-08-21,62.74,100.0,0.0,0.89,0.81
Auto Batteries & Storage,2024-08-22,59.76,100.0,0.0,0.61,0.82
Auto Batteries & Storage,2024-09-16,57.32,100.0,0.0,0.61,0.94
Auto Batteries & Storage,2024-11-27,69.48,100.0,0.0,1.62,0.84
Auto Batteries & Storage,2024-11-28,70.01,100.0,0.0,1.75,0.88
Auto Batteries & Storage,2024-12-03,66.43,100.0,0.0,1.28,0.82
Auto Batteries & Storage,2025-03-20,62.04,100.0,0.0,1.03,0.91
Auto Batteries & Storage,2025-03-21,74.83,100.0,0.0,2.3,0.91
Auto Batteries & Storage,2025-03-24,64.23,100.0,0.0,1.15,0.86
Auto Batteries & Storage,2025-03-27,62.28,100.0,0.0,0.9,0.84
Auto Batteries & Storage,2025-03-28,74.66,100.0,0.0,2.04,0.79
Auto Batteries & Storage,2025-04-01,62.25,100.0,0.0,0.75,0.76
Auto Batteries & Storage,2025-04-09,63.67,100.0,0.0,0.98,0.81
Auto Body & Closure Systems,2024-03-22,75.59,100.0,0.0,0.76,0.1
Auto Body & Closure Systems,2024-05-14,60.35,100.0,0.0,0.71,0.84
Auto Body & Closure Systems,2024-10-09,80.29,100.0,0.0,2.94,0.95
Auto Body & Closure Systems,2025-04-02,56.34,100.0,0.0,0.53,0.95
Auto Body & Closure Systems,2025-04-15,56.72,100.0,0.0,0.56,0.95
Auto Body & Closure Systems,2025-05-12,69.62,100.0,0.0,1.39,0.72
Auto Braking & Suspension,2024-11-29,53.74,100.0,0.0,0.1,0.86
Auto Braking & Suspension,2024-12-05,78.23,100.0,0.0,2.67,0.92
Auto Braking & Suspension,2025-04-03,75.87,100.0,0.0,2.38,0.9
Auto Braking & Suspension,2025-04-16,67.94,100.0,0.0,1.7,0.95
Auto Braking & Suspension,2025-04-17,59.46,100.0,0.0,0.89,0.97
Auto Braking & Suspension,2025-04-21,74.58,100.0,0.0,2.39,0.97
Auto Braking & Suspension,2025-05-19,75.87,100.0,0.0,2.21,0.81
Auto Braking & Suspension,2025-05-21,59.69,100.0,0.0,0.62,0.83
Auto Braking & Suspension,2025-05-22,56.89,100.0,0.0,0.4,0.85
Auto Braking & Suspension,2025-07-16,85.65,100.0,0.0,2.85,0.64
Auto Braking & Suspension,2026-08-10,60.85,100.0,0.0,0.1,0.51
Auto Braking & Suspension,2026-08-12,63.45,100.0,0.0,0.1,0.38
Auto Castings & Heavy Forgings,2024-07-04,9.18,100.0,91.7,0.34,0.92
Auto Castings & Heavy Forgings,2024-08-21,12.54,66.7,58.3,0.64,0.9
Auto Castings & Heavy Forgings,2024-11-05,27.98,71.4,21.4,0.26,0.98
Auto Castings & Heavy Forgings,2024-11-06,19.02,69.2,46.2,0.72,0.98
Auto Castings & Heavy Forgings,2024-12-04,13.57,61.5,46.2,0.39,0.9
Auto Castings & Heavy Forgings,2024-12-06,17.75,64.3,42.9,0.56,0.93
Auto Castings & Heavy Forgings,2024-12-09,10.74,64.3,50.0,0.23,0.93
Auto Castings & Heavy Forgings,2024-12-10,11.73,71.4,57.1,0.31,0.93
Auto Castings & Heavy Forgings,2025-01-07,8.39,28.6,21.4,0.28,0.9
Auto Castings & Heavy Forgings,2025-04-28,11.83,50.0,28.6,0.05,0.97
Auto Castings & Heavy Forgings,2025-04-29,12.9,53.8,30.8,0.06,0.96
Auto Castings & Heavy Forgings,2025-05-13,25.32,90.9,63.6,1.07,0.95
Auto Castings & Heavy Forgings,2025-05-14,22.07,100.0,83.3,1.2,0.92
Auto Castings & Heavy Forgings,2025-05-22,12.76,92.3,84.6,0.8,0.95
Auto Castings & Heavy Forgings,2025-08-19,13.42,46.2,23.1,0.18,1.0
Auto Castings & Heavy Forgings,2026-08-03,13.25,60.0,53.3,0.51,0.76
Auto Castings & Heavy Forgings,2026-08-04,9.41,58.8,47.1,0.06,0.85
Auto Castings & Heavy Forgings,2026-08-05,11.9,64.7,58.8,0.6,0.85
Auto Castings & Heavy Forgings,2026-08-06,12.57,70.6,64.7,0.67,0.85
Auto Climate & Thermal Systems,2025-04-17,57.26,100.0,0.0,0.73,1.0
Auto Lighting & Electricals,2024-04-01,6.9,92.9,85.7,0.33,1.0
Auto Lighting & Electricals,2024-04-03,8.41,92.9,85.7,0.48,1.0
Auto Lighting & Electricals,2024-04-04,5.73,100.0,92.9,0.22,1.0
Auto Lighting & Electricals,2024-07-26,6.53,85.7,78.6,0.02,0.86
Auto Lighting & Electricals,2024-07-29,8.13,85.7,78.6,0.14,0.84
Auto Lighting & Electricals,2024-07-30,8.33,85.7,78.6,0.16,0.84
Auto Lighting & Electricals,2024-08-19,13.86,71.4,64.3,0.94,0.95
Auto Lighting & Electricals,2024-10-16,10.9,50.0,35.7,0.28,0.95
Auto Lighting & Electricals,2024-11-29,13.41,71.4,50.0,0.26,0.99
Auto Lighting & Electricals,2024-12-02,15.82,71.4,42.9,0.15,1.0
Auto Lighting & Electricals,2024-12-05,16.92,71.4,42.9,0.08,0.91
Auto Lighting & Electricals,2024-12-06,11.66,71.4,57.1,0.27,0.91
Auto Lighting & Electricals,2024-12-10,15.89,78.6,57.1,0.25,0.87
Auto Lighting & Electricals,2024-12-16,13.67,71.4,64.3,0.49,0.74
Auto Lighting & Electricals,2024-12-18,8.66,57.1,50.0,0.06,0.77
Auto Lighting & Electricals,2025-01-01,9.54,42.9,35.7,0.16,0.78
Auto Lighting & Electricals,2025-01-02,12.61,57.1,50.0,0.51,0.8
Auto Lighting & Electricals,2025-01-16,10.48,35.7,28.6,0.64,0.97
Auto Lighting & Electricals,2025-03-18,8.68,28.6,14.3,0.1,0.97
Auto Lighting & Electricals,2025-03-19,29.93,57.1,21.4,1.18,0.99
Auto Lighting & Electricals,2025-03-20,21.51,57.1,28.6,0.7,0.99
Auto Lighting & Electricals,2025-03-21,38.71,92.9,35.7,0.98,0.98
Auto Lighting & Electricals,2025-03-27,22.83,71.4,35.7,0.49,1.0
Auto Lighting & Electricals,2025-04-02,15.33,71.4,42.9,0.05,0.97
Auto Lighting & Electricals,2025-05-09,15.4,50.0,42.9,1.1,0.96
Auto Lighting & Electricals,2025-05-12,12.99,71.4,64.3,0.91,0.98
Auto Lighting & Electricals,2025-05-13,7.85,71.4,64.3,0.4,0.99
Auto Lighting & Electricals,2025-05-14,9.49,92.9,85.7,0.52,0.97
Auto Lighting & Electricals,2025-05-15,6.72,85.7,78.6,0.19,0.94
Auto Lighting & Electricals,2025-05-21,10.61,92.9,85.7,0.67,0.99
Auto Lighting & Electricals,2025-05-22,9.29,92.9,78.6,0.2,0.99
Auto Lighting & Electricals,2025-05-23,4.64,92.9,85.7,0.09,0.99
Auto Lighting & Electricals,2025-05-29,4.2,85.7,78.6,0.05,0.99
Auto Lighting & Electricals,2025-07-15,19.12,92.9,78.6,0.75,0.78
Auto Lighting & Electricals,2026-08-03,25.53,81.2,62.5,0.93,0.66
Auto Lighting & Electricals,2026-08-07,15.03,75.0,68.8,0.53,0.67
Auto Lighting & Electricals,2026-08-11,11.9,64.7,58.8,0.3,0.7
Auto Transmission & Driveline,2024-04-10,6.25,100.0,88.9,0.07,1.0
Auto Transmission & Driveline,2024-04-11,5.91,100.0,88.9,0.04,1.0
Auto Transmission & Driveline,2024-07-08,11.05,100.0,88.9,0.25,0.85
Auto Transmission & Driveline,2024-07-09,9.44,100.0,88.9,0.05,0.83
Auto Transmission & Driveline,2024-11-05,11.79,22.2,0.0,0.03,0.98
Auto Transmission & Driveline,2024-11-25,9.84,11.1,0.0,0.35,0.96
Auto Transmission & Driveline,2024-11-26,7.35,11.1,0.0,0.06,0.94
Auto Transmission & Driveline,2024-11-27,20.16,30.0,0.0,0.22,0.85
Auto Transmission & Driveline,2024-11-29,13.97,50.0,30.0,0.1,0.85
Auto Transmission & Driveline,2024-12-03,29.82,100.0,50.0,0.23,0.88
Auto Transmission & Driveline,2024-12-16,11.05,80.0,60.0,0.04,0.97
Auto Transmission & Driveline,2024-12-19,12.21,70.0,50.0,0.16,0.97
Auto Transmission & Driveline,2025-01-01,11.0,30.0,20.0,0.44,0.92
Auto Transmission & Driveline,2025-01-02,29.45,80.0,30.0,0.28,0.92
Auto Transmission & Driveline,2025-01-03,18.27,80.0,50.0,0.17,0.92
Auto Transmission & Driveline,2025-01-20,16.93,30.0,10.0,0.69,1.0
Auto Transmission & Driveline,2025-05-12,24.75,90.0,60.0,0.95,0.99
Auto Transmission & Driveline,2025-05-13,7.79,90.0,80.0,0.24,0.98
Auto Transmission & Driveline,2025-05-16,8.02,100.0,90.0,0.18,0.94
Auto Transmission & Driveline,2025-05-19,6.92,100.0,90.0,0.09,0.95
Auto Transmission & Driveline,2025-05-26,15.0,90.0,80.0,0.72,0.86
Auto Transmission & Driveline,2025-08-18,7.31,30.0,20.0,0.22,0.99
Auto Transmission & Driveline,2026-08-03,24.36,66.7,58.3,1.33,0.66
Automotive Radial Tyres,2024-04-05,8.17,100.0,85.7,0.1,1.0
Automotive Radial Tyres,2024-04-30,17.17,100.0,85.7,0.97,0.98
Automotive Radial Tyres,2024-05-01,16.47,100.0,85.7,0.91,0.99
Automotive Radial Tyres,2024-08-21,16.37,71.4,57.1,0.66,0.87
Automotive Radial Tyres,2024-08-22,10.83,71.4,57.1,0.1,0.87
Automotive Radial Tyres,2025-02-03,7.48,12.5,0.0,0.05,0.97
Automotive Radial Tyres,2025-04-02,13.12,75.0,50.0,0.02,0.98
Automotive Radial Tyres,2025-04-03,32.97,87.5,37.5,0.73,0.97
Automotive Radial Tyres,2025-04-08,7.06,25.0,12.5,0.03,0.98
Automotive Radial Tyres,2025-04-22,13.03,100.0,75.0,0.05,1.0
Automotive Radial Tyres,2025-05-14,10.1,100.0,87.5,0.35,0.98
Automotive Radial Tyres,2025-05-15,9.84,100.0,87.5,0.27,0.95
Automotive Radial Tyres,2025-05-19,15.42,100.0,87.5,0.86,0.97
Automotive Radial Tyres,2026-07-31,15.77,37.5,25.0,0.34,0.69
Automotive Radial Tyres,2026-08-05,28.14,75.0,50.0,0.83,0.63
Automotive Radial Tyres,2026-08-21,23.16,37.5,25.0,0.96,0.63
Automotive Radials & Off-Highway Tyres,2024-09-25,35.74,50.0,0.0,0.55,0.74
Automotive Radials & Off-Highway Tyres,2024-10-10,55.97,50.0,0.0,2.6,0.75
Automotive Radials & Off-Highway Tyres,2024-11-07,28.55,100.0,50.0,0.33,0.99
Automotive Radials & Off-Highway Tyres,2024-11-26,49.21,50.0,0.0,2.22,0.9
Automotive Radials & Off-Highway Tyres,2024-12-12,33.3,100.0,50.0,0.13,0.65
Automotive Radials & Off-Highway Tyres,2025-06-27,48.17,100.0,50.0,1.68,0.68
Automotive Radials & Off-Highway Tyres,2025-07-01,47.09,100.0,50.0,1.81,0.8
Automotive Radials & Off-Highway Tyres,2026-07-30,37.03,66.7,33.3,1.46,0.71
Automotive Radials & Off-Highway Tyres,2026-08-03,47.03,100.0,33.3,0.88,0.75
Automotive Radials & Off-Highway Tyres,2026-08-04,39.57,66.7,33.3,1.82,0.76
Automotive Radials & Off-Highway Tyres,2026-08-17,28.69,33.3,0.0,0.79,0.79
Ayurvedic & Herbal Care,2024-07-30,19.77,100.0,75.0,0.23,0.75
Ayurvedic & Herbal Care,2024-10-31,18.11,25.0,0.0,0.42,0.93
Ayurvedic & Herbal Care,2024-11-01,29.49,50.0,0.0,0.34,0.94
Ayurvedic & Herbal Care,2025-01-02,33.94,75.0,25.0,0.46,0.78
Ayurvedic & Herbal Care,2025-01-03,20.16,50.0,25.0,0.38,0.81
Ayurvedic & Herbal Care,2025-01-15,17.94,25.0,0.0,0.16,0.81
Ayurvedic & Herbal Care,2025-01-29,15.03,25.0,0.0,0.07,0.91
Ayurvedic & Herbal Care,2025-01-31,19.09,50.0,25.0,0.48,0.91
Ayurvedic & Herbal Care,2025-02-04,22.81,50.0,25.0,0.75,0.86
Ayurvedic & Herbal Care,2025-02-05,21.04,75.0,50.0,0.73,0.94
Ayurvedic & Herbal Care,2025-03-18,25.93,40.0,20.0,1.43,0.92
Ayurvedic & Herbal Care,2025-03-19,25.6,60.0,20.0,0.41,0.93
Ayurvedic & Herbal Care,2025-03-20,18.62,60.0,40.0,0.71,0.92
Ayurvedic & Herbal Care,2025-03-21,36.36,100.0,40.0,0.46,0.91
Ayurvedic & Herbal Care,2025-03-24,17.44,80.0,60.0,0.6,0.93
Ayurvedic & Herbal Care,2025-03-25,21.81,100.0,60.0,0.03,0.93
Ayurvedic & Herbal Care,2025-05-30,13.75,80.0,60.0,0.3,0.96
Ayurvedic & Herbal Care,2025-06-25,17.32,80.0,60.0,0.08,0.68
Ayurvedic & Herbal Care,2025-08-05,23.2,80.0,60.0,1.19,0.93
Ayurvedic & Herbal Care,2026-08-05,21.26,66.7,50.0,0.62,0.66
Ayurvedic & Herbal Care,2026-08-13,22.41,66.7,50.0,0.77,0.68
Ayurvedic & Herbal Care,2026-08-14,27.86,66.7,50.0,1.33,0.69
B2B Travel Distribution Platform,2024-11-07,93.07,100.0,0.0,4.13,0.91
B2B Travel Distribution Platform,2024-11-11,55.3,100.0,0.0,0.33,0.9
B2B Travel Distribution Platform,2024-12-10,60.37,100.0,0.0,0.95,0.96
Basmati Rice Milling & Global Exports,2024-04-02,17.0,100.0,71.4,0.27,1.0
Basmati Rice Milling & Global Exports,2024-04-03,16.44,100.0,71.4,0.22,1.0
Basmati Rice Milling & Global Exports,2024-04-22,8.12,57.1,42.9,0.05,0.98
Basmati Rice Milling & Global Exports,2024-05-16,10.95,57.1,42.9,0.06,0.84
Basmati Rice Milling & Global Exports,2024-05-22,19.28,57.1,28.6,0.03,0.76
Basmati Rice Milling & Global Exports,2024-06-05,9.98,28.6,14.3,0.19,0.95
Basmati Rice Milling & Global Exports,2024-06-07,27.01,57.1,28.6,1.19,0.96
Basmati Rice Milling & Global Exports,2024-07-30,11.55,71.4,57.1,0.19,0.88
Basmati Rice Milling & Global Exports,2024-07-31,15.24,71.4,57.1,0.53,0.86
Basmati Rice Milling & Global Exports,2024-08-08,18.51,42.9,28.6,0.81,0.84
Basmati Rice Milling & Global Exports,2024-08-16,8.37,57.1,42.9,0.06,0.97
Basmati Rice Milling & Global Exports,2024-08-20,9.68,57.1,42.9,0.17,0.96
Basmati Rice Milling & Global Exports,2024-08-21,8.32,71.4,57.1,0.04,0.96
Basmati Rice Milling & Global Exports,2024-10-18,9.84,71.4,57.1,0.25,0.99
Basmati Rice Milling & Global Exports,2024-11-01,10.36,85.7,71.4,0.24,0.96
Basmati Rice Milling & Global Exports,2024-11-06,10.79,71.4,57.1,0.26,0.95
Basmati Rice Milling & Global Exports,2024-11-29,15.54,85.7,71.4,0.53,0.85
Basmati Rice Milling & Global Exports,2024-12-11,17.92,100.0,85.7,0.67,0.79
Basmati Rice Milling & Global Exports,2024-12-16,18.54,100.0,85.7,0.75,0.8
Basmati Rice Milling & Global Exports,2025-02-04,10.54,14.3,0.0,0.29,0.98
Basmati Rice Milling & Global Exports,2025-02-05,18.73,28.6,0.0,0.43,0.99
Basmati Rice Milling & Global Exports,2025-03-24,23.14,85.7,42.9,0.15,0.99
Basmati Rice Milling & Global Exports,2025-04-11,13.48,42.9,28.6,0.47,0.92
Basmati Rice Milling & Global Exports,2025-04-16,20.16,71.4,42.9,0.51,0.96
Basmati Rice Milling & Global Exports,2025-04-21,20.21,71.4,42.9,0.55,0.98
Basmati Rice Milling & Global Exports,2025-05-14,15.22,100.0,71.4,0.0,0.95
Basmati Rice Milling & Global Exports,2025-05-15,14.73,100.0,71.4,0.01,0.98
Basmati Rice Milling & Global Exports,2025-05-19,23.57,100.0,85.7,1.62,0.99
Basmati Rice Milling & Global Exports,2025-05-21,21.68,100.0,71.4,0.69,0.98
Basmati Rice Milling & Global Exports,2025-05-22,17.49,100.0,71.4,0.28,0.98
Basmati Rice Milling & Global Exports,2025-05-23,17.85,85.7,71.4,1.05,0.99
Basmati Rice Milling & Global Exports,2025-05-28,12.4,100.0,85.7,0.5,0.99
Basmati Rice Milling & Global Exports,2025-06-05,11.23,85.7,71.4,0.34,0.96
Basmati Rice Milling & Global Exports,2025-06-11,17.78,100.0,85.7,0.89,0.91
Basmati Rice Milling & Global Exports,2025-06-25,14.6,85.7,71.4,0.34,0.8
Basmati Rice Milling & Global Exports,2025-06-27,20.09,71.4,57.1,0.94,0.82
Basmati Rice Milling & Global Exports,2025-06-30,23.01,100.0,71.4,0.51,0.82
Basmati Rice Milling & Global Exports,2025-07-17,10.24,85.7,71.4,0.09,0.89
Basmati Rice Milling & Global Exports,2025-08-13,11.59,57.1,42.9,0.43,0.99
Basmati Rice Milling & Global Exports,2026-07-30,27.18,28.6,14.3,1.07,0.53
Basmati Rice Milling & Global Exports,2026-07-31,30.58,42.9,14.3,0.74,0.56
Basmati Rice Milling & Global Exports,2026-08-04,26.12,57.1,28.6,0.35,0.58
Basmati Rice Milling & Global Exports,2026-08-05,42.5,57.1,28.6,1.97,0.57
Basmati Rice Milling & Global Exports,2026-08-21,20.84,57.1,42.9,0.8,0.71
Beauty & Fashion E-Commerce,2024-12-10,63.81,100.0,0.0,1.34,0.98
Beauty & Fashion E-Commerce,2024-12-16,64.98,100.0,0.0,1.4,0.95
Beauty & Fashion E-Commerce,2024-12-17,66.96,100.0,0.0,1.62,0.96
Beauty & Fashion E-Commerce,2025-01-23,53.18,100.0,0.0,0.27,0.98
Beauty & Fashion E-Commerce,2025-01-29,67.12,100.0,0.0,1.7,0.99
Beauty & Fashion E-Commerce,2025-03-11,55.64,100.0,0.0,0.44,0.94
Beauty & Fashion E-Commerce,2025-03-18,62.59,100.0,0.0,0.99,0.87
Biopharma & Biosimilars,2024-04-01,22.34,100.0,71.4,0.81,1.0
Biopharma & Biosimilars,2024-06-10,7.81,42.9,28.6,0.03,0.98
Biopharma & Biosimilars,2024-08-22,15.04,85.7,71.4,0.7,0.95
Biopharma & Biosimilars,2024-11-22,23.09,50.0,25.0,1.01,0.98
Biopharma & Biosimilars,2024-11-26,24.36,75.0,50.0,1.12,0.96
Biopharma & Biosimilars,2024-11-29,24.48,62.5,37.5,0.96,0.88
Biopharma & Biosimilars,2024-12-02,29.9,87.5,62.5,1.59,0.93
Biopharma & Biosimilars,2024-12-05,16.66,100.0,75.0,0.29,0.94
Biopharma & Biosimilars,2024-12-06,19.71,100.0,75.0,0.6,0.94
Biopharma & Biosimilars,2024-12-10,9.13,100.0,87.5,0.2,0.95
Biopharma & Biosimilars,2025-01-08,13.37,62.5,50.0,0.61,0.95
Biopharma & Biosimilars,2025-03-24,13.01,50.0,25.0,0.03,0.99
Biopharma & Biosimilars,2025-03-27,7.82,37.5,25.0,0.13,0.99
Biopharma & Biosimilars,2025-04-02,15.47,50.0,25.0,0.13,0.92
Biopharma & Biosimilars,2025-04-03,16.65,62.5,37.5,0.13,0.86
Biopharma & Biosimilars,2025-04-08,9.87,25.0,12.5,0.28,0.96
Biopharma & Biosimilars,2025-04-17,26.02,75.0,25.0,0.07,0.98
Biopharma & Biosimilars,2025-04-21,21.01,75.0,37.5,0.18,0.98
Biopharma & Biosimilars,2025-05-08,10.66,37.5,25.0,0.27,0.91
Biopharma & Biosimilars,2025-05-19,12.47,50.0,37.5,0.01,0.7
Biopharma & Biosimilars,2025-05-22,17.55,25.0,0.0,0.01,0.75
Biopharma & Biosimilars,2025-05-23,26.87,25.0,0.0,0.98,0.77
Biopharma & Biosimilars,2025-05-27,26.72,62.5,25.0,0.31,0.76
Biopharma & Biosimilars,2025-05-28,37.62,62.5,25.0,1.45,0.78
Biopharma & Biosimilars,2025-06-05,10.86,50.0,37.5,0.02,0.78
Biopharma & Biosimilars,2025-07-03,12.82,37.5,25.0,0.12,0.73
Biopharma & Biosimilars,2025-07-04,20.89,50.0,25.0,0.35,0.76
Biopharma & Biosimilars,2025-07-09,17.5,62.5,50.0,0.85,0.86
Biopharma & Biosimilars,2025-07-14,14.85,62.5,37.5,0.0,0.88
Biopharma & Biosimilars,2025-07-16,25.24,87.5,62.5,1.11,0.92
Biopharma & Biosimilars,2025-07-17,19.93,87.5,75.0,1.22,0.93
Biopharma & Biosimilars,2025-07-18,14.95,75.0,62.5,0.73,0.93
Biopharma & Biosimilars,2025-07-23,9.59,75.0,62.5,0.15,0.91
Biopharma & Biosimilars,2026-07-31,13.36,33.3,22.2,0.12,0.67
Biopharma & Biosimilars,2026-08-03,14.85,33.3,22.2,0.26,0.66
Biopharma & Biosimilars,2026-08-11,17.99,44.4,33.3,0.54,0.65
Biopharma & Biosimilars,2026-08-20,16.27,55.6,44.4,0.4,0.66
Branded Innerwear,2024-11-27,53.47,100.0,0.0,0.1,0.88
Branded Innerwear,2024-11-28,53.61,100.0,0.0,0.1,0.87
Branded Innerwear,2025-05-12,64.06,100.0,0.0,1.09,0.84
Branded Innerwear,2025-08-18,65.36,100.0,0.0,1.02,0.74
Breweries & Beer,2024-07-25,54.2,100.0,0.0,0.1,0.84
Breweries & Beer,2025-02-24,53.46,100.0,0.0,0.1,0.88
Breweries & Beer,2025-03-05,51.96,100.0,0.0,0.1,0.95
Breweries & Beer,2025-03-06,53.48,100.0,0.0,0.1,0.88
Breweries & Beer,2025-03-24,61.8,100.0,0.0,1.11,0.97
Bridal Gold Jewellery & Retail Showrooms,2024-07-01,56.7,100.0,0.0,0.63,0.98
Bridal Gold Jewellery & Retail Showrooms,2025-05-29,47.01,100.0,50.0,1.71,0.75
Bridal Gold Jewellery & Retail Showrooms,2025-06-02,42.0,100.0,50.0,1.29,0.79
Bridal Gold Jewellery & Retail Showrooms,2025-06-06,36.81,100.0,50.0,0.36,0.59
Bridal Gold Jewellery & Retail Showrooms,2025-06-11,35.48,100.0,50.0,0.15,0.55
Bridal Gold Jewellery & Retail Showrooms,2025-06-13,38.95,50.0,0.0,0.57,0.59
Bridal Gold Jewellery & Retail Showrooms,2025-06-30,45.83,100.0,50.0,1.47,0.69
Bridal Gold Jewellery & Retail Showrooms,2025-07-01,41.87,100.0,50.0,1.03,0.67
Bridal Gold Jewellery & Retail Showrooms,2025-07-02,40.24,100.0,50.0,0.86,0.67
Bridal Gold Jewellery & Retail Showrooms,2026-08-03,27.58,100.0,60.0,0.08,0.66
Bridal Gold Jewellery & Retail Showrooms,2026-08-06,21.54,100.0,80.0,0.4,0.62
Building Materials,2024-05-16,10.02,57.1,42.9,0.16,0.94
Building Materials,2024-05-20,10.24,100.0,85.7,0.29,0.99
Building Materials,2024-07-26,14.98,25.0,12.5,0.45,0.79
Building Materials,2024-07-29,16.74,50.0,25.0,0.01,0.79
Building Materials,2024-09-23,15.22,44.4,22.2,0.14,0.87
Building Materials,2024-09-25,14.39,44.4,22.2,0.14,0.9
Building Materials,2024-10-01,12.27,44.4,33.3,0.53,0.93
Building Materials,2024-10-02,12.23,44.4,33.3,0.5,0.92
Building Materials,2024-10-11,12.69,44.4,22.2,0.15,1.0
Building Materials,2024-12-09,13.33,66.7,44.4,0.19,0.99
Building Materials,2024-12-13,21.97,66.7,33.3,0.15,0.81
Building Materials,2024-12-16,10.19,66.7,55.6,0.07,0.8
Building Materials,2025-01-01,22.25,44.4,22.2,0.77,0.83
Building Materials,2025-01-09,8.1,33.3,22.2,0.11,0.93
Building Materials,2025-04-29,7.33,62.5,50.0,0.05,0.97
Building Materials,2025-05-08,15.7,66.7,55.6,0.84,0.92
Building Materials,2025-05-12,24.72,77.8,66.7,1.75,0.92
Building Materials,2025-05-13,11.93,77.8,66.7,0.47,0.92
Building Materials,2025-05-14,19.27,100.0,77.8,0.54,0.86
Building Materials,2025-05-15,13.7,100.0,88.9,0.58,0.88
Building Materials,2025-05-16,26.8,100.0,88.9,1.88,0.88
Building Materials,2025-05-19,23.98,100.0,88.9,1.67,0.91
Building Materials,2025-08-04,17.16,44.4,33.3,0.84,0.84
Building Materials,2025-08-06,8.55,55.6,44.4,0.01,0.85
Building Materials,2025-08-07,14.23,50.0,37.5,0.5,0.85
Building Materials,2026-08-03,14.56,66.7,55.6,0.49,0.8
Building Materials,2026-08-04,12.19,66.7,55.6,0.27,0.81
Building Materials,2026-08-07,26.41,77.8,66.7,1.67,0.79
Building Materials,2026-08-10,26.04,88.9,66.7,1.06,0.78
Building Materials,2026-08-13,27.55,66.7,55.6,1.84,0.82
Building Materials,2026-08-18,12.67,60.0,50.0,0.14,0.69
Building Materials,2026-08-19,12.82,60.0,50.0,0.17,0.69
Business Process Management (BPM),2024-04-25,23.53,100.0,80.0,1.26,0.95
Business Process Management (BPM),2024-04-26,11.34,83.3,66.7,0.28,0.99
Business Process Management (BPM),2024-05-20,15.66,60.0,40.0,0.3,0.87
Business Process Management (BPM),2024-07-08,28.53,100.0,80.0,1.59,0.87
Business Process Management (BPM),2024-07-12,11.07,83.3,66.7,0.0,0.87
Business Process Management (BPM),2024-11-01,12.46,100.0,85.7,0.25,0.86
Business Process Management (BPM),2025-02-04,15.89,37.5,12.5,0.19,0.93
Business Process Management (BPM),2025-02-05,9.85,62.5,50.0,0.18,0.91
Business Process Management (BPM),2025-04-01,11.66,16.7,0.0,0.14,0.9
Business Process Management (BPM),2025-04-03,16.28,37.5,12.5,0.22,0.92
Business Process Management (BPM),2025-04-15,38.32,50.0,12.5,1.76,0.9
Business Process Management (BPM),2025-04-16,17.21,50.0,25.0,0.25,0.89
Business Process Management (BPM),2025-04-17,9.13,50.0,37.5,0.01,0.86
Business Process Management (BPM),2025-04-21,12.91,62.5,50.0,0.36,0.85
Business Process Management (BPM),2025-04-22,16.09,62.5,50.0,0.73,0.87
Business Process Management (BPM),2025-04-24,25.32,85.7,42.9,0.13,0.87
Business Process Management (BPM),2025-04-29,14.57,37.5,12.5,0.01,0.9
Business Process Management (BPM),2025-05-02,8.68,25.0,12.5,0.07,0.91
Business Process Management (BPM),2025-05-12,25.33,62.5,25.0,0.5,0.92
Business Process Management (BPM),2025-05-13,11.61,62.5,50.0,0.39,0.92
Business Process Management (BPM),2025-05-14,31.05,87.5,50.0,1.09,0.93
Business Process Management (BPM),2025-05-15,37.62,100.0,57.1,1.55,0.96
Business Process Management (BPM),2025-05-16,15.12,87.5,62.5,0.22,0.98
Business Process Management (BPM),2025-05-28,21.28,75.0,62.5,1.45,0.97
Business Process Management (BPM),2025-06-10,29.43,75.0,62.5,2.25,0.96
Business Process Management (BPM),2025-06-24,12.78,71.4,57.1,0.48,0.96
Business Process Management (BPM),2026-08-03,11.18,62.5,50.0,0.42,0.96
Business Process Management (BPM),2026-08-04,17.41,66.7,50.0,0.42,0.75
Business Process Management (BPM),2026-08-12,11.11,62.5,50.0,0.17,0.84
Business Process Management (BPM),2026-08-13,17.79,50.0,33.3,0.39,0.72
Business Process Management (BPM),2026-08-14,16.36,50.0,37.5,0.32,0.66
Business Process Management (BPM),2026-08-21,24.61,75.0,62.5,1.05,0.61
CDMO & Sterile Injectables,2024-03-22,33.32,75.0,50.0,0.28,0.1
CDMO & Sterile Injectables,2024-04-02,20.21,100.0,75.0,0.77,1.0
CDMO & Sterile Injectables,2024-11-28,15.79,75.0,50.0,0.18,0.93
CDMO & Sterile Injectables,2025-01-08,15.49,60.0,40.0,0.28,0.87
CDMO & Sterile Injectables,2025-03-03,12.23,20.0,0.0,0.11,0.94
CDMO & Sterile Injectables,2025-03-24,16.8,80.0,60.0,0.62,0.97
CDMO & Sterile Injectables,2025-03-27,12.76,60.0,40.0,0.18,0.95
CDMO & Sterile Injectables,2025-03-28,13.28,60.0,40.0,0.16,0.91
CDMO & Sterile Injectables,2025-04-01,17.18,80.0,60.0,0.48,0.88
CDMO & Sterile Injectables,2025-04-02,15.51,80.0,60.0,0.32,0.88
CDMO & Sterile Injectables,2025-04-08,11.49,40.0,20.0,0.12,0.99
CDMO & Sterile Injectables,2025-05-26,14.19,80.0,60.0,0.09,0.83
CDMO & Sterile Injectables,2025-05-27,19.33,80.0,60.0,0.55,0.81
CDMO & Sterile Injectables,2025-05-30,28.92,80.0,60.0,1.46,0.78
CDMO & Sterile Injectables,2025-06-09,15.68,60.0,40.0,0.14,0.79
CDMO & Sterile Injectables,2025-06-25,21.85,60.0,40.0,0.52,0.67
CDMO & Sterile Injectables,2025-06-30,20.68,60.0,40.0,0.27,0.6
CDMO & Sterile Injectables,2025-07-14,28.33,60.0,40.0,1.22,0.69
CDMO & Sterile Injectables,2025-07-17,20.52,100.0,80.0,0.43,0.69
CDMO & Sterile Injectables,2026-08-07,27.84,66.7,50.0,1.42,0.74
CDMO & Sterile Injectables,2026-08-13,15.24,66.7,50.0,0.19,0.75
Cable & Broadband Distribution,2024-04-01,29.45,100.0,50.0,0.45,1.0
Cable & Broadband Distribution,2024-08-27,32.87,100.0,50.0,0.26,0.74
Cable & Broadband Distribution,2024-11-05,28.8,100.0,50.0,0.31,0.96
Cable & Broadband Distribution,2024-11-06,28.75,100.0,50.0,0.29,0.96
Cable & Broadband Distribution,2024-12-02,32.35,100.0,50.0,0.38,0.82
Cable & Broadband Distribution,2024-12-03,35.12,100.0,50.0,0.65,0.82
Cable & Broadband Distribution,2024-12-04,32.63,100.0,50.0,0.39,0.81
Cable & Broadband Distribution,2024-12-10,32.76,100.0,50.0,0.44,0.83
Cable & Broadband Distribution,2024-12-31,32.46,50.0,0.0,0.73,0.99
Cable & Broadband Distribution,2025-01-01,28.34,50.0,0.0,0.29,0.98
Cable & Broadband Distribution,2025-01-02,28.63,50.0,0.0,0.3,0.97
Cable & Broadband Distribution,2025-01-03,29.11,50.0,0.0,0.3,0.95
Cable & Broadband Distribution,2025-03-21,30.67,50.0,0.0,0.48,0.96
Cable & Broadband Distribution,2025-03-24,34.62,50.0,0.0,0.94,0.99
Cable & Broadband Distribution,2025-04-02,25.98,50.0,0.0,0.07,0.99
Cable & Broadband Distribution,2025-04-03,27.22,50.0,0.0,0.18,0.98
Cable & Broadband Distribution,2025-05-12,29.4,50.0,0.0,0.44,1.0
Cable & Broadband Distribution,2025-05-28,36.67,100.0,50.0,0.71,0.77
Cable & Broadband Distribution,2025-05-30,51.57,100.0,50.0,2.24,0.79
Cable & Broadband Distribution,2025-06-09,33.76,100.0,50.0,0.52,0.82
Cable & Broadband Distribution,2025-06-10,37.2,100.0,50.0,0.81,0.8
Cable & Broadband Distribution,2025-06-11,35.91,100.0,50.0,0.66,0.79
Cable & Broadband Distribution,2025-06-16,31.36,100.0,50.0,0.23,0.8
Cable & Broadband Distribution,2025-07-10,28.44,100.0,50.0,0.27,0.96
Cable & Broadband Distribution,2026-08-21,46.84,50.0,0.0,0.96,0.39
Ceramic Tiles & Sanitaryware,2024-04-01,11.41,78.6,64.3,0.43,1.0
Ceramic Tiles & Sanitaryware,2024-04-29,7.13,71.4,64.3,0.08,0.86
Ceramic Tiles & Sanitaryware,2024-11-05,11.57,42.9,35.7,0.54,0.87
Ceramic Tiles & Sanitaryware,2024-11-06,10.64,60.0,46.7,0.23,0.92
Ceramic Tiles & Sanitaryware,2024-11-11,6.62,46.7,40.0,0.17,0.92
Ceramic Tiles & Sanitaryware,2024-11-28,13.83,60.0,40.0,0.2,0.91
Ceramic Tiles & Sanitaryware,2024-11-29,16.28,66.7,46.7,0.49,0.93
Ceramic Tiles & Sanitaryware,2024-12-02,24.86,85.7,42.9,0.24,0.95
Ceramic Tiles & Sanitaryware,2024-12-03,19.07,85.7,57.1,0.4,0.96
Ceramic Tiles & Sanitaryware,2024-12-04,9.02,86.7,73.3,0.12,0.94
Ceramic Tiles & Sanitaryware,2024-12-11,17.0,86.7,60.0,0.21,0.92
Ceramic Tiles & Sanitaryware,2024-12-13,9.8,64.3,57.1,0.41,0.89
Ceramic Tiles & Sanitaryware,2024-12-31,17.42,30.8,23.1,1.09,0.86
Ceramic Tiles & Sanitaryware,2025-01-01,7.36,33.3,26.7,0.1,0.85
Ceramic Tiles & Sanitaryware,2025-01-07,9.54,28.6,21.4,0.35,0.88
Ceramic Tiles & Sanitaryware,2025-01-14,14.1,26.7,13.3,0.68,0.97
Ceramic Tiles & Sanitaryware,2025-01-15,14.41,28.6,14.3,0.67,0.97
Ceramic Tiles & Sanitaryware,2025-01-17,8.71,46.7,33.3,0.2,1.0
Ceramic Tiles & Sanitaryware,2025-03-21,26.94,60.0,20.0,0.67,0.99
Ceramic Tiles & Sanitaryware,2025-04-22,27.16,73.3,26.7,0.37,0.99
Ceramic Tiles & Sanitaryware,2025-04-28,9.98,33.3,20.0,0.29,0.98
Ceramic Tiles & Sanitaryware,2025-04-29,9.51,33.3,20.0,0.22,0.97
Ceramic Tiles & Sanitaryware,2025-05-05,9.1,28.6,14.3,0.15,0.98
Ceramic Tiles & Sanitaryware,2025-05-07,5.94,28.6,21.4,0.23,0.99
Ceramic Tiles & Sanitaryware,2025-05-08,7.66,33.3,20.0,0.01,0.95
Ceramic Tiles & Sanitaryware,2025-05-09,12.07,26.7,13.3,0.35,0.91
Ceramic Tiles & Sanitaryware,2025-05-12,29.47,66.7,33.3,1.15,0.94
Ceramic Tiles & Sanitaryware,2025-05-13,17.83,64.3,35.7,0.2,0.92
Ceramic Tiles & Sanitaryware,2025-05-14,32.31,92.9,50.0,0.92,0.92
Ceramic Tiles & Sanitaryware,2025-05-15,10.67,84.6,69.2,0.18,0.94
Ceramic Tiles & Sanitaryware,2025-05-16,16.33,85.7,71.4,0.79,0.94
Ceramic Tiles & Sanitaryware,2025-05-19,12.33,86.7,66.7,0.12,0.94
Ceramic Tiles & Sanitaryware,2025-05-21,5.2,84.6,76.9,0.09,0.98
Ceramic Tiles & Sanitaryware,2025-05-28,9.76,85.7,78.6,0.61,0.99
Ceramic Tiles & Sanitaryware,2025-08-08,10.64,28.6,21.4,0.36,0.83
Ceramic Tiles & Sanitaryware,2025-08-18,10.17,60.0,46.7,0.01,0.83
Ceramic Tiles & Sanitaryware,2025-08-22,8.18,50.0,42.9,0.15,0.84
Ceramic Tiles & Sanitaryware,2026-08-03,17.6,35.7,14.3,0.5,0.9
Ceramic Tiles & Sanitaryware,2026-08-06,5.48,25.0,18.8,0.05,0.91
Ceramic Tiles & Sanitaryware,2026-08-11,5.74,25.0,18.8,0.12,0.93
Civil & Commercial Construction,2024-07-03,2.22,79.6,77.8,0.08,0.97
Civil & Commercial Construction,2024-09-26,4.31,40.4,38.6,0.06,0.86
Civil & Commercial Construction,2024-10-15,3.73,42.1,38.6,0.1,0.95
Civil & Commercial Construction,2024-10-18,3.16,35.1,31.6,0.01,0.93
Civil & Commercial Construction,2024-11-28,13.82,55.9,39.0,0.53,1.0
Civil & Commercial Construction,2024-11-29,13.13,62.1,43.1,0.35,0.99
Civil & Commercial Construction,2024-12-03,13.64,72.4,56.9,0.53,0.97
Civil & Commercial Construction,2024-12-05,9.54,72.9,57.6,0.17,0.99
Civil & Commercial Construction,2024-12-13,4.2,76.3,74.6,0.22,0.94
Civil & Commercial Construction,2024-12-16,4.24,74.6,69.5,0.02,0.92
Civil & Commercial Construction,2024-12-31,6.3,39.7,37.9,0.36,0.91
Civil & Commercial Construction,2025-01-01,5.67,46.6,43.1,0.21,0.91
Civil & Commercial Construction,2025-01-02,9.68,57.6,47.5,0.27,0.9
Civil & Commercial Construction,2025-01-20,1.99,22.0,20.3,0.02,0.95
Civil & Commercial Construction,2025-04-01,10.76,31.7,16.7,0.28,0.98
Civil & Commercial Construction,2025-04-02,14.74,48.3,22.4,0.09,0.95
Civil & Commercial Construction,2025-04-03,19.25,62.7,30.5,0.23,0.96
Civil & Commercial Construction,2025-04-17,19.4,88.7,51.6,0.06,0.99
Civil & Commercial Construction,2025-04-21,15.73,90.2,65.6,0.29,0.97
Civil & Commercial Construction,2025-04-22,13.99,90.2,65.6,0.08,0.96
Civil & Commercial Construction,2025-05-12,19.06,61.7,35.0,0.37,0.9
Civil & Commercial Construction,2025-05-14,16.35,80.0,58.3,0.32,0.88
Civil & Commercial Construction,2025-05-15,12.98,86.2,72.4,0.39,0.89
Civil & Commercial Construction,2025-05-16,9.68,83.3,71.7,0.2,0.91
Civil & Commercial Construction,2025-05-19,10.59,84.7,79.7,0.63,0.91
Civil & Commercial Construction,2025-05-21,6.01,74.2,66.1,0.02,0.91
Civil & Commercial Construction,2025-05-23,9.15,77.4,64.5,0.12,0.93
Civil & Commercial Construction,2025-05-28,6.78,72.6,64.5,0.23,0.98
Civil & Commercial Construction,2025-05-29,6.85,69.4,62.9,0.29,0.96
Civil & Commercial Construction,2025-06-02,3.37,61.3,59.7,0.25,1.0
Civil & Commercial Construction,2025-06-09,10.12,81.0,73.0,0.31,0.85
Civil & Commercial Construction,2025-06-10,4.9,81.0,79.4,0.12,0.85
Civil & Commercial Construction,2025-06-11,5.63,84.4,82.8,0.34,0.93
Civil & Commercial Construction,2025-08-22,4.61,45.5,40.9,0.15,0.96
Civil & Commercial Construction,2026-08-03,5.55,31.2,28.6,0.04,0.81
Civil & Commercial Construction,2026-08-05,7.92,32.0,25.3,0.0,0.77
Civil & Commercial Construction,2026-08-13,8.97,31.0,25.4,0.2,0.79
Civil & Commercial Construction,2026-08-14,8.05,35.7,28.6,0.06,0.81
Civil & Commercial Construction,2026-08-17,7.7,29.9,26.0,0.08,0.75
Civil & Commercial Construction,2026-08-20,9.21,34.6,28.2,0.09,0.74
Civil & Commercial Construction,2026-08-21,14.96,40.7,31.4,0.5,0.73
Cloud GPUs & Supercomputing Infrastructure,2025-03-27,55.58,100.0,0.0,0.54,0.99
Cloud GPUs & Supercomputing Infrastructure,2025-04-23,63.74,100.0,0.0,1.22,0.92
Cloud GPUs & Supercomputing Infrastructure,2025-04-24,60.01,100.0,0.0,0.83,0.91
Cloud GPUs & Supercomputing Infrastructure,2025-04-25,93.2,100.0,0.0,4.13,0.91
Cloud GPUs & Supercomputing Infrastructure,2026-07-08,89.49,100.0,0.0,3.85,0.95
Co-Working & Managed Office Spaces,2025-02-20,55.44,100.0,0.0,0.41,0.93
Co-Working & Managed Office Spaces,2025-02-21,56.55,100.0,0.0,0.52,0.93
Co-Working & Managed Office Spaces,2025-02-27,60.49,100.0,0.0,0.53,0.74
Co-Working & Managed Office Spaces,2025-03-24,61.24,100.0,0.0,1.1,0.99
Co-Working & Managed Office Spaces,2025-03-26,62.78,100.0,0.0,1.24,0.98
Coal Mining,2024-04-01,32.53,100.0,50.0,0.75,1.0
Coal Mining,2024-08-20,32.49,100.0,50.0,0.49,0.87
Coal Mining,2024-09-23,32.39,50.0,0.0,0.29,0.78
Coal Mining,2024-09-27,38.93,100.0,50.0,1.04,0.82
Coal Mining,2024-12-03,30.48,50.0,0.0,0.34,0.9
Coal Mining,2024-12-05,29.26,50.0,0.0,0.2,0.89
Coal Mining,2024-12-06,29.45,50.0,0.0,0.23,0.89
Coal Mining,2025-04-11,28.97,100.0,50.0,0.34,0.97
Coal Mining,2025-04-16,26.14,100.0,50.0,0.03,0.96
Coal Mining,2025-04-17,34.85,100.0,50.0,0.84,0.93
Coal Mining,2025-04-21,32.27,100.0,50.0,0.58,0.93
Coal Mining,2025-04-24,30.71,100.0,50.0,0.33,0.88
Coal Mining,2025-07-18,42.31,50.0,0.0,0.8,0.54
Coal Mining,2025-07-22,42.55,50.0,0.0,1.02,0.63
Coal Mining,2026-08-21,48.14,33.3,0.0,2.2,0.53
Coated & Galvanised Steel,2024-11-06,109.78,100.0,0.0,5.86,0.94
Coated & Galvanised Steel,2026-08-17,70.12,100.0,0.0,0.92,0.46
Coated & Galvanised Steel,2026-08-18,77.74,100.0,0.0,1.68,0.45
Commercial & Industrial Electronics EMS,2024-04-01,12.16,100.0,85.7,0.5,1.0
Commercial & Industrial Electronics EMS,2024-08-21,13.95,57.1,42.9,0.5,0.91
Commercial & Industrial Electronics EMS,2024-08-22,11.92,57.1,42.9,0.32,0.92
Commercial & Industrial Electronics EMS,2024-09-17,28.4,71.4,42.9,1.3,0.94
Commercial & Industrial Electronics EMS,2024-09-24,15.2,57.1,42.9,0.65,0.92
Commercial & Industrial Electronics EMS,2024-09-25,13.3,71.4,57.1,0.48,0.93
Commercial & Industrial Electronics EMS,2024-12-02,25.78,85.7,57.1,1.1,0.97
Commercial & Industrial Electronics EMS,2024-12-06,10.88,85.7,71.4,0.12,0.87
Commercial & Industrial Electronics EMS,2024-12-16,12.35,71.4,57.1,0.09,0.78
Commercial & Industrial Electronics EMS,2024-12-17,11.6,71.4,57.1,0.13,0.84
Commercial & Industrial Electronics EMS,2024-12-19,34.56,71.4,42.9,1.79,0.88
Commercial & Industrial Electronics EMS,2024-12-27,15.36,85.7,71.4,0.54,0.86
Commercial & Industrial Electronics EMS,2025-01-17,11.93,28.6,14.3,0.06,0.79
Commercial & Industrial Electronics EMS,2025-01-20,12.12,28.6,14.3,0.08,0.79
Commercial & Industrial Electronics EMS,2025-03-19,8.35,42.9,28.6,0.11,1.0
Commercial & Industrial Electronics EMS,2025-03-21,25.48,71.4,28.6,0.23,0.91
Commercial & Industrial Electronics EMS,2025-03-27,15.95,57.1,42.9,0.81,0.96
Commercial & Industrial Electronics EMS,2025-04-01,20.77,71.4,42.9,0.52,0.94
Commercial & Industrial Electronics EMS,2025-04-03,31.97,85.7,42.9,0.93,0.94
Commercial & Industrial Electronics EMS,2025-04-11,14.61,71.4,42.9,0.01,0.99
Commercial & Industrial Electronics EMS,2025-04-17,16.55,85.7,57.1,0.19,0.98
Commercial & Industrial Electronics EMS,2025-04-21,9.81,85.7,71.4,0.22,0.98
Commercial & Industrial Electronics EMS,2025-04-22,15.32,85.7,71.4,0.78,0.98
Commercial & Industrial Electronics EMS,2025-05-14,7.27,100.0,85.7,0.0,0.99
Commercial & Industrial Electronics EMS,2025-06-05,13.65,100.0,85.7,0.54,0.94
Commercial & Industrial Electronics EMS,2025-07-08,12.89,71.4,57.1,0.06,0.74
Commercial & Industrial Electronics EMS,2025-07-17,16.31,71.4,57.1,0.29,0.69
Commercial & Industrial Electronics EMS,2025-07-23,20.04,57.1,42.9,0.61,0.66
Commercial & Industrial Electronics EMS,2026-08-10,14.33,72.7,63.6,0.22,0.62
Commercial & Industrial Electronics EMS,2026-08-14,19.71,72.7,63.6,0.78,0.63
Commercial Ports & Terminals,2024-04-03,10.39,88.9,77.8,0.48,1.0
Commercial Ports & Terminals,2024-07-05,5.42,72.2,66.7,0.03,0.88
Commercial Ports & Terminals,2024-07-31,9.12,88.9,83.3,0.58,0.97
Commercial Ports & Terminals,2024-09-24,9.1,50.0,44.4,0.03,0.7
Commercial Ports & Terminals,2024-10-08,12.25,22.2,16.7,0.61,0.83
Commercial Ports & Terminals,2024-10-11,7.83,38.9,27.8,0.02,0.9
Commercial Ports & Terminals,2024-10-16,12.85,44.4,33.3,0.64,0.96
Commercial Ports & Terminals,2024-11-06,17.94,61.1,33.3,0.32,0.96
Commercial Ports & Terminals,2024-11-22,5.09,11.1,5.6,0.22,0.99
Commercial Ports & Terminals,2024-11-26,6.35,33.3,27.8,0.31,0.98
Commercial Ports & Terminals,2024-11-27,9.86,44.4,33.3,0.41,0.99
Commercial Ports & Terminals,2024-11-29,17.57,55.6,33.3,0.59,0.97
Commercial Ports & Terminals,2024-12-02,17.92,55.6,27.8,0.4,1.0
Commercial Ports & Terminals,2024-12-03,20.15,72.2,44.4,0.59,0.98
Commercial Ports & Terminals,2024-12-04,10.17,76.5,58.8,0.13,1.0
Commercial Ports & Terminals,2024-12-12,3.42,73.7,68.4,0.0,0.96
Commercial Ports & Terminals,2024-12-13,8.71,73.7,63.2,0.28,0.97
Commercial Ports & Terminals,2025-05-12,14.85,63.2,47.4,0.63,0.97
Commercial Ports & Terminals,2025-05-13,12.81,84.2,63.2,0.15,0.96
Commercial Ports & Terminals,2025-05-15,12.95,89.5,73.7,0.37,0.93
Commercial Ports & Terminals,2025-05-16,13.2,89.5,73.7,0.4,0.93
Commercial Ports & Terminals,2025-05-19,11.97,89.5,78.9,0.58,0.96
Commercial Ports & Terminals,2025-05-28,8.77,78.9,68.4,0.05,0.85
Commercial Ports & Terminals,2025-08-18,14.54,36.8,26.3,0.87,0.97
Commercial Ports & Terminals,2025-08-19,18.91,47.4,26.3,0.84,1.0
Commercial Ports & Terminals,2026-08-03,9.06,36.8,31.6,0.1,0.73
Commercial Ports & Terminals,2026-08-07,9.17,47.4,42.1,0.04,0.69
Commercial Ports & Terminals,2026-08-10,15.68,42.1,36.8,0.69,0.69
Commercial REITs & Malls,2024-12-16,44.95,100.0,50.0,1.59,0.8
Commercial Vehicles (Trucks & Buses),2024-11-20,61.81,100.0,0.0,1.0,0.91
Commercial Vehicles (Trucks & Buses),2024-11-21,66.4,100.0,0.0,1.5,0.93
Commercial Vehicles (Trucks & Buses),2024-11-22,58.79,100.0,0.0,0.81,0.97
Commercial Vehicles (Trucks & Buses),2025-03-21,66.93,100.0,0.0,1.24,0.77
Commercial Vehicles (Trucks & Buses),2025-04-01,61.78,100.0,0.0,0.64,0.73
Commercial Vehicles (Trucks & Buses),2025-04-03,61.47,100.0,0.0,0.58,0.72
Commercial Vehicles (Trucks & Buses),2025-04-11,57.96,100.0,0.0,0.4,0.8
Commodity & Wholesale Trading,2024-07-08,13.29,80.0,60.0,0.07,0.87
Commodity & Wholesale Trading,2024-07-24,13.48,80.0,60.0,0.02,0.84
Commodity & Wholesale Trading,2024-07-25,25.58,80.0,60.0,1.3,0.87
Commodity & Wholesale Trading,2024-08-21,16.85,60.0,40.0,0.38,0.85
Commodity & Wholesale Trading,2024-10-23,18.43,14.3,0.0,0.97,0.92
Commodity & Wholesale Trading,2024-10-28,12.31,14.3,0.0,0.45,0.97
Commodity & Wholesale Trading,2024-11-20,9.37,14.3,0.0,0.03,0.91
Commodity & Wholesale Trading,2024-11-22,18.59,14.3,0.0,1.06,0.96
Commodity & Wholesale Trading,2024-11-29,10.21,33.3,16.7,0.11,0.96
Commodity & Wholesale Trading,2024-12-02,27.03,50.0,0.0,0.1,0.95
Commodity & Wholesale Trading,2024-12-05,14.31,40.0,20.0,0.37,0.97
Commodity & Wholesale Trading,2024-12-06,13.39,42.9,28.6,0.33,0.85
Commodity & Wholesale Trading,2024-12-12,25.82,57.1,28.6,0.88,0.86
Commodity & Wholesale Trading,2024-12-30,14.27,42.9,28.6,0.09,0.69
Commodity & Wholesale Trading,2025-01-01,34.44,66.7,33.3,1.26,0.74
Commodity & Wholesale Trading,2025-01-02,26.69,71.4,42.9,0.67,0.71
Commodity & Wholesale Trading,2025-01-14,14.76,28.6,14.3,0.41,0.82
Commodity & Wholesale Trading,2025-01-16,14.06,42.9,28.6,0.41,0.86
Commodity & Wholesale Trading,2025-04-08,19.1,50.0,16.7,0.23,1.0
Commodity & Wholesale Trading,2025-04-17,35.77,100.0,33.3,0.23,1.0
Commodity & Wholesale Trading,2025-04-21,17.29,71.4,42.9,0.19,0.95
Commodity & Wholesale Trading,2025-04-22,12.67,57.1,42.9,0.38,0.91
Commodity & Wholesale Trading,2025-04-23,18.43,71.4,42.9,0.23,0.91
Commodity & Wholesale Trading,2025-04-24,21.02,83.3,50.0,0.29,0.93
Commodity & Wholesale Trading,2025-04-28,12.42,71.4,57.1,0.36,0.92
Commodity & Wholesale Trading,2025-04-29,16.13,50.0,33.3,0.67,0.95
Commodity & Wholesale Trading,2025-05-05,21.46,71.4,42.9,0.51,0.9
Commodity & Wholesale Trading,2025-05-12,17.36,42.9,28.6,0.83,0.9
Commodity & Wholesale Trading,2025-05-15,15.35,71.4,57.1,0.56,0.87
Commodity & Wholesale Trading,2025-05-21,9.51,71.4,57.1,0.08,0.92
Commodity & Wholesale Trading,2025-05-23,15.95,57.1,28.6,0.02,0.93
Commodity & Wholesale Trading,2025-05-28,24.94,57.1,42.9,1.72,0.97
Commodity & Wholesale Trading,2025-06-04,18.31,42.9,14.3,0.04,0.82
Commodity & Wholesale Trading,2025-06-10,14.98,57.1,42.9,0.28,0.75
Commodity & Wholesale Trading,2025-07-07,16.05,50.0,37.5,0.63,0.82
Commodity & Wholesale Trading,2025-08-12,8.1,45.5,36.4,0.16,0.9
Commodity & Wholesale Trading,2025-08-18,14.64,50.0,41.7,0.71,0.83
Complex Fertilizers & Soil Nutrients,2024-04-01,53.52,100.0,0.0,0.35,1.0
Complex Fertilizers & Soil Nutrients,2024-04-16,58.3,100.0,0.0,0.81,0.99
Complex Fertilizers & Soil Nutrients,2024-04-17,59.19,100.0,0.0,0.86,0.97
Complex Fertilizers & Soil Nutrients,2024-10-10,58.03,100.0,0.0,0.33,0.76
Consumer Electronics,2024-07-03,63.6,100.0,0.0,0.83,0.73
Consumer Electronics,2024-07-29,72.76,100.0,0.0,1.63,0.68
Consumer Electronics,2025-04-17,55.71,100.0,0.0,0.56,0.99
Consumer Internet & Super Apps,2024-07-24,28.84,100.0,66.7,0.72,0.75
Consumer Internet & Super Apps,2024-08-20,21.58,100.0,66.7,0.36,0.93
Consumer Internet & Super Apps,2024-08-21,20.13,100.0,66.7,0.23,0.94
Consumer Internet & Super Apps,2024-09-04,27.44,100.0,66.7,0.87,0.89
Consumer Internet & Super Apps,2024-12-31,23.37,100.0,66.7,0.18,0.76
Consumer Internet & Super Apps,2025-01-03,25.8,100.0,66.7,0.52,0.8
Consumer Internet & Super Apps,2025-03-27,24.18,66.7,33.3,0.58,0.91
Consumer Internet & Super Apps,2025-04-21,24.1,66.7,33.3,0.66,0.96
Consumer Internet & Super Apps,2025-04-22,18.54,66.7,33.3,0.09,0.95
Consumer Internet & Super Apps,2025-04-23,20.35,100.0,66.7,0.25,0.94
Consumer Internet & Super Apps,2025-04-28,17.48,66.7,33.3,0.02,0.97
Consumer Internet & Super Apps,2025-05-05,23.22,100.0,66.7,0.62,0.98
Consumer Internet & Super Apps,2025-05-12,35.62,100.0,66.7,1.86,0.98
Consumer Internet & Super Apps,2025-05-13,20.41,100.0,66.7,0.32,0.97
Consumer Internet & Super Apps,2025-05-15,28.69,100.0,66.7,1.16,0.98
Consumer Internet & Super Apps,2025-05-19,23.1,100.0,66.7,0.61,0.98
Consumer Internet & Super Apps,2025-05-22,17.72,66.7,33.3,0.09,0.99
Consumer Internet & Super Apps,2025-05-26,17.41,100.0,66.7,0.03,0.98
Consumer Internet & Super Apps,2025-08-19,23.72,75.0,50.0,0.73,0.8
Consumer Internet & Super Apps,2025-08-21,28.97,100.0,75.0,1.15,0.75
Consumer Internet & Super Apps,2026-08-03,25.29,100.0,75.0,1.22,0.97
Consumer Internet & Super Apps,2026-08-05,22.17,100.0,75.0,0.68,0.85
Consumer Internet & Super Apps,2026-08-06,22.13,100.0,75.0,0.56,0.8
Consumer Internet Platforms & Apps,2024-07-03,23.19,100.0,60.0,0.23,0.95
Consumer Internet Platforms & Apps,2024-07-05,15.96,100.0,80.0,0.04,0.72
Consumer Internet Platforms & Apps,2024-10-09,27.28,60.0,40.0,1.27,0.77
Consumer Internet Platforms & Apps,2024-10-11,21.58,60.0,40.0,0.81,0.83
Consumer Internet Platforms & Apps,2024-12-03,21.52,80.0,40.0,0.14,0.99
Consumer Internet Platforms & Apps,2024-12-05,21.37,80.0,60.0,1.13,1.0
Consumer Internet Platforms & Apps,2024-12-09,13.34,100.0,80.0,0.26,0.96
Consumer Internet Platforms & Apps,2024-12-16,12.9,80.0,60.0,0.15,0.93
Consumer Internet Platforms & Apps,2024-12-31,16.2,40.0,20.0,0.38,0.88
Consumer Internet Platforms & Apps,2025-01-07,20.07,40.0,20.0,0.69,0.84
Consumer Internet Platforms & Apps,2025-02-12,12.27,20.0,0.0,0.14,0.96
Consumer Internet Platforms & Apps,2025-03-19,25.75,40.0,0.0,0.48,0.95
Consumer Internet Platforms & Apps,2025-03-21,53.62,80.0,0.0,1.15,0.9
Consumer Internet Platforms & Apps,2025-03-24,51.36,80.0,0.0,0.83,0.85
Consumer Internet Platforms & Apps,2025-04-01,36.24,60.0,0.0,0.3,0.84
Consumer Internet Platforms & Apps,2025-04-02,24.04,40.0,0.0,0.04,0.82
Consumer Internet Platforms & Apps,2025-04-03,23.84,40.0,0.0,0.03,0.83
Consumer Internet Platforms & Apps,2025-04-16,13.1,60.0,40.0,0.24,0.96
Consumer Internet Platforms & Apps,2025-04-17,12.8,60.0,40.0,0.18,0.95
Consumer Internet Platforms & Apps,2025-04-21,17.14,60.0,40.0,0.66,0.98
Consumer Internet Platforms & Apps,2025-04-28,19.25,60.0,40.0,0.88,0.98
Consumer Internet Platforms & Apps,2025-05-12,33.11,80.0,40.0,0.96,0.83
Consumer Internet Platforms & Apps,2025-05-13,17.76,80.0,60.0,0.41,0.82
Consumer Internet Platforms & Apps,2025-05-14,13.75,80.0,60.0,0.01,0.82
Consumer Internet Platforms & Apps,2025-05-16,21.46,80.0,60.0,0.73,0.79
Consumer Internet Platforms & Apps,2025-06-09,40.2,100.0,80.0,2.2,0.59
Consumer Internet Platforms & Apps,2025-06-10,32.49,100.0,60.0,0.65,0.7
Consumer Internet Platforms & Apps,2025-06-11,43.1,100.0,60.0,1.7,0.69
Consumer Internet Platforms & Apps,2025-06-13,18.79,40.0,20.0,0.28,0.7
Consumer Internet Platforms & Apps,2025-06-16,16.64,60.0,40.0,0.31,0.82
Consumer Internet Platforms & Apps,2025-06-27,19.02,100.0,80.0,0.79,0.95
Consumer Internet Platforms & Apps,2026-08-06,23.91,57.1,42.9,1.0,0.66
Consumer Lending & BNPL FinTech,2026-08-21,63.4,100.0,0.0,1.18,0.92
Container Rail & Dry Ports,2024-04-02,20.41,66.7,33.3,0.37,1.0
Container Rail & Dry Ports,2024-04-05,20.07,100.0,66.7,0.34,1.0
Container Rail & Dry Ports,2024-04-09,17.36,100.0,66.7,0.07,1.0
Container Rail & Dry Ports,2024-04-10,25.57,100.0,66.7,0.89,1.0
Container Rail & Dry Ports,2024-04-11,25.2,100.0,66.7,0.85,1.0
Container Rail & Dry Ports,2024-04-23,20.46,66.7,33.3,0.02,0.82
Container Rail & Dry Ports,2024-04-25,30.07,66.7,33.3,0.93,0.79
Container Rail & Dry Ports,2024-05-17,35.37,66.7,33.3,1.79,0.96
Container Rail & Dry Ports,2024-07-04,24.09,33.3,0.0,0.67,0.96
Container Rail & Dry Ports,2024-07-11,20.31,66.7,33.3,0.19,0.91
Container Rail & Dry Ports,2024-07-31,26.44,33.3,0.0,0.24,0.63
Container Rail & Dry Ports,2024-08-20,20.87,33.3,0.0,0.01,0.8
Container Rail & Dry Ports,2024-08-26,34.24,50.0,0.0,0.28,0.68
Container Rail & Dry Ports,2024-09-09,21.38,33.3,0.0,0.23,0.88
Container Rail & Dry Ports,2024-09-12,36.44,50.0,0.0,0.68,0.77
Container Rail & Dry Ports,2024-09-13,40.36,50.0,0.0,0.91,0.69
Container Rail & Dry Ports,2024-12-06,19.94,100.0,66.7,0.33,1.0
Container Rail & Dry Ports,2024-12-09,18.14,100.0,66.7,0.11,0.98
Container Rail & Dry Ports,2025-03-21,32.01,50.0,0.0,0.63,0.97
Container Rail & Dry Ports,2025-04-22,22.45,100.0,66.7,0.54,0.98
Container Rail & Dry Ports,2025-04-23,22.09,100.0,66.7,0.54,1.0
Container Rail & Dry Ports,2025-05-05,19.26,66.7,33.3,0.1,0.92
Container Rail & Dry Ports,2025-05-12,19.83,33.3,0.0,0.18,0.93
Container Rail & Dry Ports,2025-05-13,22.67,33.3,0.0,0.44,0.92
Container Rail & Dry Ports,2026-07-28,13.79,60.0,40.0,0.27,0.95
Container Rail & Dry Ports,2026-07-30,20.86,60.0,40.0,0.72,0.82
Container Rail & Dry Ports,2026-07-31,34.41,80.0,60.0,2.12,0.84
Container Rail & Dry Ports,2026-08-13,41.8,100.0,50.0,1.24,0.78
Container Rail & Dry Ports,2026-08-14,27.34,100.0,66.7,0.74,0.84
Conventional Thermal & Fossil Power,2024-04-01,5.82,87.5,85.0,0.46,1.0
Conventional Thermal & Fossil Power,2024-12-02,4.99,58.1,51.2,0.12,0.98
Conventional Thermal & Fossil Power,2024-12-04,7.55,70.5,59.1,0.1,0.96
Conventional Thermal & Fossil Power,2024-12-06,13.59,77.3,65.9,0.7,0.96
Conventional Thermal & Fossil Power,2024-12-09,13.94,79.5,65.9,0.6,0.94
Conventional Thermal & Fossil Power,2024-12-10,9.19,81.8,70.5,0.23,0.94
Conventional Thermal & Fossil Power,2024-12-16,9.99,75.0,63.6,0.38,0.98
Conventional Thermal & Fossil Power,2025-01-01,12.46,46.5,44.2,0.85,0.86
Conventional Thermal & Fossil Power,2025-03-19,28.92,66.7,26.7,0.87,0.99
Conventional Thermal & Fossil Power,2025-03-21,31.24,71.1,28.9,0.93,0.96
Conventional Thermal & Fossil Power,2025-03-24,22.39,76.1,39.1,0.33,0.97
Conventional Thermal & Fossil Power,2025-04-03,19.54,63.0,41.3,0.75,0.94
Conventional Thermal & Fossil Power,2025-04-07,9.65,19.6,15.2,0.65,0.95
Conventional Thermal & Fossil Power,2025-04-15,18.92,69.6,43.5,0.5,0.96
Conventional Thermal & Fossil Power,2025-04-16,12.72,71.1,51.1,0.18,0.95
Conventional Thermal & Fossil Power,2025-04-17,11.04,73.9,54.3,0.0,0.94
Conventional Thermal & Fossil Power,2025-04-21,14.93,80.4,60.9,0.33,0.91
Conventional Thermal & Fossil Power,2025-04-28,7.79,60.9,52.2,0.09,0.87
Conventional Thermal & Fossil Power,2025-05-05,11.11,52.2,41.3,0.28,0.86
Conventional Thermal & Fossil Power,2025-05-12,16.58,70.2,59.6,0.85,0.86
Conventional Thermal & Fossil Power,2025-05-13,11.05,73.9,60.9,0.38,0.97
Conventional Thermal & Fossil Power,2025-05-14,15.05,82.6,67.4,0.65,0.95
Conventional Thermal & Fossil Power,2025-05-15,11.43,89.1,78.3,0.5,0.95
Conventional Thermal & Fossil Power,2025-05-16,14.59,95.7,84.8,0.84,0.96
Conventional Thermal & Fossil Power,2025-05-21,3.77,89.1,87.0,0.13,0.93
Conventional Thermal & Fossil Power,2025-05-29,2.7,84.8,82.6,0.03,0.94
Conventional Thermal & Fossil Power,2026-08-03,11.5,43.8,42.2,0.46,0.7
Conventional Thermal & Fossil Power,2026-08-04,10.5,47.7,44.6,0.3,0.7
Conventional Thermal & Fossil Power,2026-08-05,7.93,50.8,49.2,0.08,0.68
Conventional Thermal & Fossil Power,2026-08-06,7.74,50.8,49.2,0.05,0.68
Conventional Thermal & Fossil Power,2026-08-07,10.67,51.6,46.9,0.2,0.68
Copper Mining & Smelting,2024-08-16,14.04,25.0,0.0,0.11,0.98
Copper Mining & Smelting,2024-09-17,21.61,50.0,25.0,0.6,0.84
Copper Mining & Smelting,2024-09-20,37.23,75.0,25.0,0.82,0.8
Copper Mining & Smelting,2024-09-24,33.69,75.0,50.0,1.65,0.77
Copper Mining & Smelting,2024-10-01,18.09,75.0,50.0,0.1,0.77
Copper Mining & Smelting,2024-10-02,18.2,75.0,50.0,0.08,0.75
Copper Mining & Smelting,2024-10-10,16.49,50.0,25.0,0.19,0.89
Copper Mining & Smelting,2024-10-11,27.82,50.0,25.0,1.44,0.95
Copper Mining & Smelting,2024-12-05,18.8,75.0,50.0,0.38,0.88
Copper Mining & Smelting,2025-04-02,31.37,75.0,25.0,0.6,0.98
Copper Mining & Smelting,2025-04-03,27.03,100.0,50.0,0.17,0.98
Copper Mining & Smelting,2025-05-23,15.99,100.0,75.0,0.24,0.94
Copper Mining & Smelting,2026-08-03,26.86,100.0,80.0,0.79,0.55
Corporate & Wholesale Finance,2024-10-15,16.93,50.0,25.0,0.09,0.82
Corporate & Wholesale Finance,2024-10-16,18.87,50.0,25.0,0.42,0.89
Corporate & Wholesale Finance,2024-11-01,12.58,40.0,20.0,0.06,0.9
Corporate & Wholesale Finance,2024-11-06,23.19,60.0,40.0,1.02,0.85
Corporate & Wholesale Finance,2024-12-05,12.41,100.0,80.0,0.16,0.96
Corporate & Wholesale Finance,2024-12-16,20.38,100.0,80.0,0.6,0.78
Corporate & Wholesale Finance,2024-12-31,21.64,40.0,20.0,0.75,0.79
Corporate & Wholesale Finance,2025-01-02,30.89,60.0,20.0,0.74,0.83
Corporate & Wholesale Finance,2025-01-07,13.06,20.0,0.0,0.13,0.91
Corporate & Wholesale Finance,2025-03-21,31.42,80.0,40.0,0.88,0.87
Corporate & Wholesale Finance,2025-03-24,17.08,80.0,60.0,0.44,0.87
Corporate & Wholesale Finance,2025-03-27,16.82,80.0,60.0,0.34,0.83
Corporate & Wholesale Finance,2025-04-02,29.31,66.7,33.3,0.59,0.66
Corporate & Wholesale Finance,2025-04-03,29.04,83.3,50.0,0.59,0.68
Corporate & Wholesale Finance,2025-04-17,21.36,83.3,50.0,0.27,0.9
Corporate & Wholesale Finance,2025-04-21,26.74,100.0,66.7,0.8,0.9
Corporate & Wholesale Finance,2025-04-24,12.5,100.0,83.3,0.12,0.85
Corporate & Wholesale Finance,2025-04-28,22.13,83.3,50.0,0.26,0.86
Corporate & Wholesale Finance,2025-05-26,14.01,100.0,83.3,0.56,1.0
Corporate & Wholesale Finance,2025-06-30,14.34,100.0,83.3,0.51,0.95
Corporate & Wholesale Finance,2026-07-31,20.59,66.7,50.0,0.85,0.81
Corporate & Wholesale Finance,2026-08-07,37.39,83.3,50.0,1.43,0.68
Cotton Spinning & Yarns,2024-04-04,5.04,88.7,83.0,0.22,1.0
Cotton Spinning & Yarns,2024-04-05,2.1,94.2,90.4,0.02,1.0
Cotton Spinning & Yarns,2024-07-29,8.01,88.1,83.1,0.52,0.99
Cotton Spinning & Yarns,2024-10-11,4.5,29.9,28.4,0.04,0.83
Cotton Spinning & Yarns,2024-10-16,4.88,28.8,27.3,0.11,0.85
Cotton Spinning & Yarns,2024-11-05,11.39,57.6,40.9,0.29,0.99
Cotton Spinning & Yarns,2024-11-06,10.51,65.7,50.7,0.29,0.99
Cotton Spinning & Yarns,2024-11-26,1.92,33.3,31.8,0.11,1.0
Cotton Spinning & Yarns,2024-11-29,12.85,62.1,42.4,0.26,0.98
Cotton Spinning & Yarns,2024-12-02,11.34,67.2,53.7,0.43,0.99
Cotton Spinning & Yarns,2024-12-03,12.51,76.1,58.2,0.34,0.99
Cotton Spinning & Yarns,2024-12-11,5.61,89.6,83.6,0.24,0.99
Cotton Spinning & Yarns,2024-12-12,5.46,86.4,80.3,0.13,0.94
Cotton Spinning & Yarns,2024-12-13,7.96,83.3,80.3,0.52,0.94
Cotton Spinning & Yarns,2024-12-16,9.94,85.1,83.6,0.78,0.93
Cotton Spinning & Yarns,2025-01-16,3.58,26.9,23.9,0.09,0.94
Cotton Spinning & Yarns,2025-01-20,5.47,39.7,33.8,0.11,0.93
Cotton Spinning & Yarns,2025-04-01,9.32,29.0,14.5,0.2,1.0
Cotton Spinning & Yarns,2025-04-02,14.68,38.2,13.2,0.15,0.97
Cotton Spinning & Yarns,2025-04-07,4.85,20.3,14.5,0.19,1.0
Cotton Spinning & Yarns,2025-04-08,10.75,39.7,19.1,0.03,0.99
Cotton Spinning & Yarns,2025-04-15,26.58,79.7,36.2,0.46,0.99
Cotton Spinning & Yarns,2025-04-16,22.97,83.8,47.1,0.45,1.0
Cotton Spinning & Yarns,2025-04-17,17.35,84.1,53.6,0.19,0.99
Cotton Spinning & Yarns,2025-04-28,5.1,49.3,44.9,0.26,0.98
Cotton Spinning & Yarns,2025-05-02,3.4,31.9,27.5,0.12,1.0
Cotton Spinning & Yarns,2025-05-05,8.22,42.9,30.0,0.14,0.98
Cotton Spinning & Yarns,2025-05-07,10.81,42.4,33.3,0.54,0.96
Cotton Spinning & Yarns,2025-05-08,5.17,40.6,34.8,0.13,0.95
Cotton Spinning & Yarns,2025-05-12,14.2,65.2,50.7,0.56,0.93
Cotton Spinning & Yarns,2025-05-13,10.78,71.2,57.6,0.27,0.94
Cotton Spinning & Yarns,2025-05-14,16.2,81.8,68.2,0.83,0.95
Cotton Spinning & Yarns,2025-05-15,4.91,79.4,73.5,0.04,0.92
Cotton Spinning & Yarns,2025-05-16,5.23,78.3,72.5,0.06,0.91
Cotton Spinning & Yarns,2025-05-19,7.39,83.8,75.0,0.15,0.92
Cotton Spinning & Yarns,2025-05-21,7.62,77.9,70.6,0.23,0.92
Cotton Spinning & Yarns,2025-05-22,3.41,77.9,75.0,0.04,0.93
Cotton Spinning & Yarns,2025-05-23,5.93,77.6,73.1,0.23,0.93
Cotton Spinning & Yarns,2025-05-26,4.18,72.9,71.4,0.18,0.92
Cotton Spinning & Yarns,2025-05-29,5.78,72.5,68.1,0.16,0.9
Cotton Spinning & Yarns,2025-06-10,4.76,79.4,77.9,0.08,0.84
Cotton Spinning & Yarns,2025-06-11,6.45,80.0,78.6,0.23,0.83
Cotton Spinning & Yarns,2026-07-31,5.4,29.6,28.4,0.08,0.8
Cotton Spinning & Yarns,2026-08-03,9.88,38.1,33.3,0.36,0.81
Cotton Spinning & Yarns,2026-08-07,9.63,45.3,34.9,0.07,0.81
Cotton Spinning & Yarns,2026-08-18,7.5,36.7,35.6,0.15,0.73
Cotton Spinning & Yarns,2026-08-20,8.42,39.8,38.6,0.21,0.71
Credit Ratings & Risk Analytics,2024-06-28,25.66,66.7,33.3,0.89,1.0
Credit Ratings & Risk Analytics,2024-07-05,23.87,100.0,66.7,0.37,0.83
Credit Ratings & Risk Analytics,2024-08-20,20.47,100.0,66.7,0.05,0.83
Credit Ratings & Risk Analytics,2024-08-21,21.39,100.0,66.7,0.14,0.83
Credit Ratings & Risk Analytics,2024-09-06,28.91,100.0,66.7,0.73,0.76
Credit Ratings & Risk Analytics,2024-09-11,36.17,100.0,66.7,1.64,0.84
Credit Ratings & Risk Analytics,2024-09-17,22.26,100.0,66.7,0.27,0.85
Credit Ratings & Risk Analytics,2025-03-19,52.8,33.3,0.0,3.3,0.84
Credit Ratings & Risk Analytics,2025-03-20,22.11,33.3,0.0,0.21,0.83
Credit Ratings & Risk Analytics,2025-04-02,27.77,33.3,0.0,0.57,0.73
Credit Ratings & Risk Analytics,2025-04-03,25.6,33.3,0.0,0.35,0.73
Credit Ratings & Risk Analytics,2025-04-08,23.59,33.3,0.0,0.23,0.77
Credit Ratings & Risk Analytics,2025-04-15,59.08,100.0,0.0,0.54,0.82
Credit Ratings & Risk Analytics,2025-04-28,29.22,100.0,66.7,0.87,0.81
Credit Ratings & Risk Analytics,2025-08-18,18.98,33.3,0.0,0.01,0.89
Credit Ratings & Risk Analytics,2025-08-19,20.73,33.3,0.0,0.27,0.93
Credit Ratings & Risk Analytics,2025-08-21,20.11,33.3,0.0,0.17,0.91
Credit Ratings & Risk Analytics,2026-08-04,25.94,66.7,33.3,0.46,0.76
Credit Ratings & Risk Analytics,2026-08-06,40.93,100.0,33.3,0.23,0.73
Credit Ratings & Risk Analytics,2026-08-07,25.39,66.7,33.3,0.37,0.75
Credit Ratings & Risk Analytics,2026-08-10,24.39,66.7,33.3,0.27,0.75
Credit Ratings & Risk Analytics,2026-08-12,40.59,66.7,0.0,0.27,0.77
Credit Ratings & Risk Analytics,2026-08-13,25.62,66.7,33.3,0.48,0.79
Credit Ratings & Risk Analytics,2026-08-14,24.42,66.7,33.3,0.4,0.81
Crop Protection Agrochemicals,2024-10-01,9.95,38.5,30.8,0.3,0.85
Crop Protection Agrochemicals,2024-10-02,10.75,38.5,30.8,0.29,0.8
Crop Protection Agrochemicals,2024-10-16,10.79,53.8,46.2,0.62,0.96
Crop Protection Agrochemicals,2024-12-31,12.96,46.2,30.8,0.27,0.87
Crop Protection Agrochemicals,2025-01-01,8.64,38.5,30.8,0.15,0.83
Crop Protection Agrochemicals,2025-01-20,13.24,38.5,15.4,0.13,0.98
Crop Protection Agrochemicals,2025-03-21,21.6,61.5,23.1,0.12,0.94
Crop Protection Agrochemicals,2025-03-24,23.86,61.5,23.1,0.35,0.94
Crop Protection Agrochemicals,2025-04-01,5.3,23.1,15.4,0.04,0.95
Crop Protection Agrochemicals,2025-04-02,21.86,61.5,30.8,0.47,0.91
Crop Protection Agrochemicals,2025-04-03,19.79,69.2,38.5,0.25,0.91
Crop Protection Agrochemicals,2025-04-07,10.81,15.4,7.7,0.54,0.92
Crop Protection Agrochemicals,2025-04-08,17.79,38.5,7.7,0.08,0.92
Crop Protection Agrochemicals,2025-04-11,23.26,61.5,23.1,0.22,0.91
Crop Protection Agrochemicals,2025-04-15,30.96,76.9,23.1,0.22,0.91
Crop Protection Agrochemicals,2025-04-16,31.62,84.6,30.8,0.27,0.9
Crop Protection Agrochemicals,2025-04-17,26.51,84.6,46.2,0.47,0.87
Crop Protection Agrochemicals,2025-04-21,19.71,84.6,53.8,0.11,0.84
Crop Protection Agrochemicals,2025-04-22,22.38,84.6,61.5,0.85,0.88
Crop Protection Agrochemicals,2025-04-28,9.78,61.5,46.2,0.02,0.9
Crop Protection Agrochemicals,2025-05-07,10.81,38.5,30.8,0.55,0.93
Crop Protection Agrochemicals,2025-05-12,23.71,61.5,38.5,0.97,0.87
Crop Protection Agrochemicals,2025-05-13,15.44,76.9,53.8,0.11,0.86
Crop Protection Agrochemicals,2025-05-14,20.17,84.6,61.5,0.6,0.87
Crop Protection Agrochemicals,2025-05-15,15.29,92.3,76.9,0.51,0.88
Crop Protection Agrochemicals,2025-05-19,19.49,92.3,69.2,0.63,0.92
Crop Protection Agrochemicals,2025-05-28,11.75,76.9,69.2,0.52,0.86
Crop Protection Agrochemicals,2025-05-30,12.83,69.2,61.5,0.53,0.82
Crop Protection Agrochemicals,2025-06-26,18.11,92.3,84.6,1.13,0.85
Crop Protection Agrochemicals,2025-07-03,8.91,78.6,71.4,0.14,0.8
Crop Protection Agrochemicals,2025-07-07,9.36,85.7,78.6,0.28,0.85
Crop Protection Formulations,2024-04-01,19.73,100.0,71.4,0.54,1.0
Crop Protection Formulations,2024-05-14,14.52,85.7,71.4,0.72,0.99
Crop Protection Formulations,2024-08-21,13.21,85.7,71.4,0.51,0.95
Crop Protection Formulations,2024-08-22,28.47,100.0,85.7,2.09,0.98
Crop Protection Formulations,2024-08-23,16.29,100.0,85.7,0.85,0.97
Crop Protection Formulations,2024-08-27,9.67,100.0,85.7,0.25,1.0
Crop Protection Formulations,2024-12-09,41.29,85.7,14.3,0.55,0.99
Crop Protection Formulations,2024-12-13,22.17,57.1,28.6,0.33,0.77
Crop Protection Formulations,2024-12-31,14.25,42.9,28.6,0.25,0.77
Crop Protection Formulations,2025-01-01,14.69,42.9,28.6,0.3,0.77
Crop Protection Formulations,2025-01-02,13.41,42.9,28.6,0.2,0.78
Crop Protection Formulations,2025-03-17,20.37,42.9,14.3,0.59,0.99
Crop Protection Formulations,2025-03-18,20.56,71.4,42.9,0.57,0.97
Crop Protection Formulations,2025-03-19,24.42,71.4,42.9,0.9,0.94
Crop Protection Formulations,2025-03-20,41.47,100.0,42.9,1.16,0.94
Crop Protection Formulations,2025-03-21,43.14,85.7,42.9,2.02,0.93
Crop Protection Formulations,2025-03-24,18.28,100.0,71.4,0.28,0.94
Crop Protection Formulations,2025-03-27,38.64,100.0,57.1,1.69,0.98
Crop Protection Formulations,2025-04-02,16.6,85.7,57.1,0.22,0.99
Crop Protection Formulations,2025-06-23,16.75,100.0,85.7,0.49,0.77
Crop Protection Formulations,2026-08-03,15.72,41.7,33.3,0.67,0.76
Crop Protection Formulations,2026-08-21,12.61,33.3,25.0,0.32,0.74
Dairy Products,2024-11-29,33.08,100.0,50.0,0.31,0.75
Dairy Products,2024-12-03,35.13,100.0,50.0,0.28,0.63
Dairy Products,2024-12-06,36.49,100.0,50.0,0.46,0.66
Dairy Products,2025-03-19,35.49,50.0,0.0,0.65,0.8
Dairy Products,2025-03-20,29.55,50.0,0.0,0.1,0.82
Dairy Products,2025-03-21,46.23,100.0,50.0,1.87,0.87
Dairy Products,2025-03-24,47.82,100.0,50.0,2.11,0.92
Dairy Products,2025-03-25,28.55,100.0,50.0,0.21,0.93
Dairy Products,2025-03-28,32.62,100.0,50.0,0.75,0.99
Dairy Products,2025-04-01,41.96,100.0,50.0,1.64,0.97
Dairy Products,2025-04-03,34.86,100.0,50.0,0.83,0.92
Dairy Products,2025-04-17,30.48,100.0,50.0,0.4,0.93
Dairy Products,2025-04-22,34.38,100.0,50.0,0.65,0.86
Dairy Products,2025-04-24,31.88,100.0,50.0,0.28,0.8
Dairy Products,2025-05-07,27.98,50.0,0.0,0.18,0.94
Data Center Cooling & Liquid Systems,2024-10-29,52.15,100.0,0.0,0.21,1.0
Data Center Cooling & Liquid Systems,2024-10-30,53.08,100.0,0.0,0.31,1.0
Data Center Cooling & Liquid Systems,2025-05-09,65.98,100.0,0.0,1.22,0.81
Data Center Cooling & Liquid Systems,2025-05-15,61.31,100.0,0.0,0.8,0.83
Data Center Cooling & Liquid Systems,2025-06-10,73.1,100.0,0.0,1.24,0.46
Decorative Paints,2024-03-22,31.29,42.9,28.6,0.61,0.1
Decorative Paints,2024-04-01,20.71,100.0,71.4,0.64,1.0
Decorative Paints,2024-04-02,9.58,100.0,85.7,0.24,1.0
Decorative Paints,2024-07-09,13.4,85.7,71.4,0.18,0.78
Decorative Paints,2024-07-10,34.38,100.0,85.7,2.59,0.93
Decorative Paints,2024-07-16,14.53,100.0,85.7,0.69,0.98
Decorative Paints,2024-07-17,13.88,100.0,85.7,0.61,0.97
Decorative Paints,2024-09-05,10.0,100.0,85.7,0.12,0.92
Decorative Paints,2024-12-13,13.44,42.9,28.6,0.44,0.9
Decorative Paints,2024-12-31,13.95,42.9,28.6,0.37,0.85
Decorative Paints,2025-01-09,20.77,42.9,14.3,0.45,0.9
Decorative Paints,2025-01-14,8.38,28.6,14.3,0.01,0.94
Decorative Paints,2025-01-16,13.12,28.6,14.3,0.44,0.92
Decorative Paints,2025-01-21,8.93,28.6,14.3,0.05,0.94
Decorative Paints,2025-01-23,13.65,42.9,28.6,0.62,0.99
Decorative Paints,2025-03-19,9.38,42.9,28.6,0.2,0.99
Decorative Paints,2025-03-20,23.49,71.4,28.6,0.2,1.0
Decorative Paints,2025-04-02,10.05,71.4,57.1,0.21,0.96
Decorative Paints,2025-04-09,9.19,71.4,57.1,0.2,1.0
Decorative Paints,2025-04-15,14.0,100.0,85.7,0.67,0.99
Decorative Paints,2025-04-16,16.65,100.0,85.7,0.92,0.99
Decorative Paints,2025-04-17,13.73,100.0,85.7,0.61,0.97
Decorative Paints,2025-04-21,14.05,100.0,85.7,0.62,0.97
Decorative Paints,2025-04-22,13.5,100.0,85.7,0.59,0.98
Decorative Paints,2025-04-23,9.54,100.0,85.7,0.14,0.95
Decorative Paints,2025-05-13,17.13,71.4,42.9,0.18,0.95
Decorative Paints,2025-05-16,11.26,71.4,57.1,0.29,0.94
Decorative Paints,2025-06-26,13.43,71.4,57.1,0.09,0.73
Decorative Paints,2025-06-27,21.67,85.7,71.4,0.92,0.73
Decorative Paints,2025-07-10,18.65,100.0,71.4,0.17,0.87
Decorative Paints,2025-07-15,11.38,71.4,57.1,0.18,0.88
Decorative Paints,2025-07-17,13.06,85.7,71.4,0.25,0.83
Decorative Paints,2026-08-05,29.79,100.0,62.5,1.06,0.98
Decorative Paints,2026-08-06,17.59,100.0,75.0,0.44,0.97
Decorative Paints,2026-08-10,19.38,100.0,75.0,0.66,0.99
Decorative Paints,2026-08-12,8.37,100.0,87.5,0.17,0.98
Defence Electronics & Avionics,2024-09-13,31.11,100.0,50.0,0.58,0.98
Defence Electronics & Avionics,2024-10-25,43.04,50.0,0.0,1.78,0.99
Defence Electronics & Avionics,2024-11-22,25.59,50.0,0.0,0.04,0.99
Defence Electronics & Avionics,2024-11-25,30.23,50.0,0.0,0.44,0.96
Defence Electronics & Avionics,2024-11-28,35.84,100.0,50.0,1.01,0.96
Defence Electronics & Avionics,2024-12-11,53.57,100.0,50.0,2.71,0.93
Defence Electronics & Avionics,2025-02-28,24.96,33.3,0.0,0.52,0.85
Defence Electronics & Avionics,2025-03-21,32.57,66.7,33.3,1.35,0.88
Defence Electronics & Avionics,2025-04-28,20.09,66.7,33.3,0.14,0.9
Defence Electronics & Avionics,2025-05-02,19.07,66.7,33.3,0.07,0.91
Defence Electronics & Avionics,2025-05-05,29.76,100.0,66.7,1.13,0.91
Defence Electronics & Avionics,2025-05-09,35.06,100.0,66.7,1.64,0.9
Defence Electronics & Radars,2024-03-22,28.93,75.0,62.5,0.47,0.1
Defence Electronics & Radars,2024-04-12,8.42,100.0,87.5,0.22,1.0
Defence Electronics & Radars,2024-09-27,17.16,37.5,25.0,0.92,0.92
Defence Electronics & Radars,2024-10-15,24.04,50.0,25.0,1.02,0.93
Defence Electronics & Radars,2024-12-31,24.56,55.6,33.3,0.96,0.81
Defence Electronics & Radars,2025-01-03,9.01,55.6,44.4,0.03,0.84
Defence Electronics & Radars,2025-01-07,15.84,55.6,33.3,0.35,0.94
Defence Electronics & Radars,2025-01-08,14.38,55.6,33.3,0.23,0.95
Defence Electronics & Radars,2025-04-01,19.43,66.7,33.3,0.1,0.91
Defence Electronics & Radars,2025-04-03,27.37,77.8,33.3,0.32,0.9
Defence Electronics & Radars,2025-04-07,12.71,11.1,0.0,0.53,0.91
Defence Electronics & Radars,2025-04-08,8.73,33.3,22.2,0.0,0.84
Defence Electronics & Radars,2025-04-11,19.01,77.8,55.6,0.44,0.83
Defence Electronics & Radars,2025-04-15,24.3,77.8,55.6,1.04,0.86
Defence Electronics & Radars,2025-04-17,11.3,66.7,55.6,0.24,0.83
Defence Electronics & Radars,2025-04-21,25.27,88.9,55.6,0.51,0.82
Defence Electronics & Radars,2025-04-22,36.96,100.0,44.4,0.54,0.81
Defence Electronics & Radars,2025-04-23,34.38,100.0,44.4,0.29,0.81
Defence Electronics & Radars,2025-04-28,31.06,77.8,44.4,1.04,0.8
Defence Electronics & Radars,2025-04-29,38.91,88.9,55.6,1.91,0.84
Defence Electronics & Radars,2025-05-05,14.81,77.8,66.7,0.77,0.92
Defence Electronics & Radars,2025-05-07,11.48,77.8,66.7,0.53,0.97
Defence Electronics & Radars,2025-05-13,18.53,100.0,88.9,1.19,0.95
Defence Electronics & Radars,2025-05-14,12.7,100.0,88.9,0.61,0.95
Depository & Clearing Services,2025-03-19,63.99,100.0,0.0,1.39,1.0
Depository & Clearing Services,2025-03-27,57.72,100.0,0.0,0.69,0.96
Depository & Clearing Services,2025-03-28,64.76,100.0,0.0,1.34,0.93
Depository & Clearing Services,2025-04-02,57.14,100.0,0.0,0.48,0.88
Depository & Clearing Services,2025-04-03,59.16,100.0,0.0,0.7,0.89
Depository & Clearing Services,2025-04-15,59.17,100.0,0.0,0.88,0.98
Depository & Clearing Services,2025-04-17,58.89,100.0,0.0,0.8,0.96
Depository & Clearing Services,2026-08-17,71.14,100.0,0.0,0.84,0.36
Depository & Clearing Services,2026-08-21,91.4,100.0,0.0,2.97,0.42
Design & Facility Architecture,2024-06-12,54.4,100.0,0.0,0.41,0.99
Design & Facility Architecture,2024-06-13,54.15,100.0,0.0,0.18,0.88
Design & Facility Architecture,2024-06-14,53.59,100.0,0.0,0.12,0.88
Design & Facility Architecture,2024-06-17,53.47,100.0,0.0,0.12,0.89
Design & Facility Architecture,2025-05-07,57.15,100.0,0.0,0.61,0.95
Design & Facility Architecture,2025-05-12,54.97,100.0,0.0,0.37,0.94
Design & Facility Architecture,2025-06-04,57.34,100.0,0.0,0.63,0.95
Design & Facility Architecture,2025-06-10,56.82,100.0,0.0,0.45,0.88
Design & Facility Architecture,2025-06-16,69.18,100.0,0.0,1.36,0.72
Design & Facility Architecture,2025-06-18,68.23,100.0,0.0,1.22,0.7
Design & Facility Architecture,2025-06-20,65.28,100.0,0.0,0.87,0.67
Design & Facility Architecture,2025-06-23,72.01,100.0,0.0,1.56,0.68
Design & Facility Architecture,2025-08-19,56.74,100.0,0.0,0.49,0.91
Diagnostic & Pathology Labs,2024-12-05,19.2,75.0,50.0,0.33,0.83
Diagnostic & Pathology Labs,2024-12-23,19.72,40.0,20.0,0.34,0.68
Diagnostic & Pathology Labs,2025-01-03,24.99,40.0,20.0,1.22,0.86
Diagnostic & Pathology Labs,2025-01-07,28.88,60.0,40.0,1.74,0.93
Diagnostic & Pathology Labs,2025-01-08,14.31,60.0,40.0,0.22,0.89
Diagnostic & Pathology Labs,2025-04-02,11.95,40.0,20.0,0.13,0.97
Diagnostic & Pathology Labs,2025-04-03,24.16,60.0,20.0,0.33,0.95
Diagnostic & Pathology Labs,2025-05-16,13.38,60.0,40.0,0.17,0.91
Diagnostic & Pathology Labs,2025-06-02,18.36,60.0,40.0,0.52,0.84
Diagnostic & Pathology Labs,2025-06-03,17.27,60.0,40.0,0.36,0.82
Diagnostic & Pathology Labs,2025-06-04,13.73,40.0,20.0,0.02,0.82
Diagnostic & Pathology Labs,2025-06-05,14.21,60.0,40.0,0.04,0.81
Diagnostic & Pathology Labs,2025-06-06,29.5,80.0,40.0,0.57,0.81
Diagnostic & Pathology Labs,2025-06-13,20.28,80.0,60.0,0.39,0.68
Diagnostic & Pathology Labs,2025-06-16,17.17,80.0,60.0,0.07,0.68
Diagnostic & Pathology Labs,2025-06-19,18.26,40.0,20.0,0.19,0.68
Diagnostic & Pathology Labs,2025-06-25,25.61,60.0,40.0,0.83,0.63
Diagnostic & Pathology Labs,2025-07-31,13.42,80.0,60.0,0.06,0.86
Diagnostic & Pathology Labs,2025-08-04,12.55,80.0,60.0,0.08,0.91
Diagnostic & Pathology Labs,2026-08-10,39.35,71.4,28.6,1.51,0.86
Diagnostic & Pathology Labs,2026-08-12,23.14,57.1,28.6,0.58,0.85
Diagnostic & Pathology Labs,2026-08-14,14.94,42.9,28.6,0.37,0.8
Diagnostic & Pathology Labs,2026-08-19,14.09,37.5,25.0,0.17,0.69
Diagnostic & Pathology Labs,2026-08-20,15.65,37.5,25.0,0.31,0.69
Diagnostic & Pathology Labs,2026-08-21,16.87,62.5,50.0,0.5,0.72
Diamond & Studded Jewellery,2024-03-22,30.95,75.0,50.0,0.05,0.1
Diamond & Studded Jewellery,2024-05-03,22.21,50.0,25.0,0.31,0.67
Diamond & Studded Jewellery,2024-05-14,20.32,75.0,50.0,0.44,0.83
Diamond & Studded Jewellery,2024-05-20,29.22,75.0,25.0,0.18,0.88
Diamond & Studded Jewellery,2024-05-27,37.47,75.0,50.0,2.47,0.99
Diamond & Studded Jewellery,2024-07-29,17.63,75.0,50.0,0.4,0.94
Diamond & Studded Jewellery,2024-08-08,23.45,75.0,50.0,0.75,0.83
Diamond & Studded Jewellery,2024-08-09,23.98,75.0,50.0,0.82,0.84
Diamond & Studded Jewellery,2024-08-20,15.82,100.0,75.0,0.1,0.88
Diamond & Studded Jewellery,2024-10-09,20.18,75.0,50.0,0.54,0.89
Diamond & Studded Jewellery,2024-10-14,16.46,75.0,50.0,0.16,0.88
Diamond & Studded Jewellery,2024-10-16,19.57,75.0,50.0,0.53,0.91
Diamond & Studded Jewellery,2025-02-06,17.99,75.0,50.0,0.47,0.96
Diamond & Studded Jewellery,2025-03-24,27.57,50.0,0.0,0.14,0.94
Diamond & Studded Jewellery,2025-05-13,31.67,50.0,0.0,0.38,0.86
Diamond & Studded Jewellery,2025-05-14,31.93,75.0,25.0,0.25,0.78
Diamond & Studded Jewellery,2025-05-15,37.92,75.0,25.0,0.66,0.69
Diamond & Studded Jewellery,2025-05-16,19.69,100.0,75.0,0.1,0.69
Diamond & Studded Jewellery,2025-05-21,20.73,100.0,75.0,0.05,0.61
Diamond & Studded Jewellery,2025-05-23,24.19,100.0,75.0,0.35,0.59
Diamond & Studded Jewellery,2025-06-11,29.63,50.0,25.0,0.65,0.47
Diamond & Studded Jewellery,2025-06-30,25.62,25.0,0.0,0.42,0.55
Diamond & Studded Jewellery,2025-07-02,25.44,25.0,0.0,0.5,0.6
Diamond & Studded Jewellery,2025-07-17,30.35,50.0,25.0,1.38,0.8
Diamond & Studded Jewellery,2025-07-21,20.5,75.0,50.0,0.43,0.82
Diamond & Studded Jewellery,2025-08-05,14.62,25.0,0.0,0.13,0.96
Diamond & Studded Jewellery,2026-08-12,25.68,75.0,50.0,0.57,0.63
Diamond & Studded Jewellery,2026-08-14,22.93,50.0,25.0,0.23,0.59
Diamond & Studded Jewellery,2026-08-21,20.03,40.0,20.0,0.12,0.56
Diamond Studded & Solitaires,2024-04-01,63.11,100.0,0.0,1.31,1.0
Diamond Studded & Solitaires,2024-06-03,81.78,100.0,0.0,2.94,0.88
Diamond Studded & Solitaires,2024-06-06,66.89,100.0,0.0,1.55,0.93
Diamond Studded & Solitaires,2024-06-07,66.6,100.0,0.0,1.53,0.94
Diamond Studded & Solitaires,2024-06-10,55.77,100.0,0.0,0.46,0.94
Diamond Studded & Solitaires,2024-06-13,56.02,100.0,0.0,0.48,0.94
Diamond Studded & Solitaires,2024-07-24,91.08,100.0,0.0,3.8,0.85
Diamond Studded & Solitaires,2025-03-21,61.56,100.0,0.0,0.85,0.85
Diamond Studded & Solitaires,2025-04-02,59.34,100.0,0.0,0.64,0.85
Diamond Studded & Solitaires,2025-04-03,58.54,100.0,0.0,0.57,0.86
Diamond Studded & Solitaires,2025-05-12,70.01,100.0,0.0,1.78,0.89
Diamond Studded & Solitaires,2025-05-15,66.08,100.0,0.0,1.08,0.74
Diamond Studded & Solitaires,2025-06-25,76.12,100.0,0.0,1.7,0.54
Diamond Studded & Solitaires,2025-07-17,69.24,100.0,0.0,1.45,0.76
Diesel Engines & Gensets,2024-10-09,59.09,100.0,0.0,0.7,0.89
Diesel Engines & Gensets,2025-03-05,59.41,100.0,0.0,0.79,0.93
Diesel Engines & Gensets,2025-03-11,58.28,100.0,0.0,0.63,0.9
Diesel Engines & Gensets,2025-03-17,54.53,100.0,0.0,0.34,0.94
Diesel Engines & Gensets,2025-03-18,55.56,100.0,0.0,0.39,0.92
Diesel Engines & Gensets,2025-04-28,57.35,100.0,0.0,0.66,0.96
Diversified Consumer & MSME NBFC,2024-03-22,19.84,62.6,61.5,0.13,0.1
Diversified Consumer & MSME NBFC,2024-04-03,5.49,89.0,85.7,0.38,1.0
Diversified Consumer & MSME NBFC,2024-04-05,3.54,87.0,84.8,0.23,0.99
Diversified Consumer & MSME NBFC,2024-07-31,4.82,74.7,72.7,0.03,0.82
Diversified Consumer & MSME NBFC,2024-08-20,6.55,69.3,64.4,0.34,0.97
Diversified Consumer & MSME NBFC,2024-08-21,9.91,76.2,72.3,0.72,0.96
Diversified Consumer & MSME NBFC,2024-09-05,2.48,69.3,67.3,0.05,0.95
Diversified Consumer & MSME NBFC,2024-11-29,3.42,46.2,42.5,0.01,0.93
Diversified Consumer & MSME NBFC,2024-12-02,7.41,52.4,43.8,0.16,0.92
Diversified Consumer & MSME NBFC,2024-12-03,11.96,62.3,48.1,0.32,0.92
Diversified Consumer & MSME NBFC,2024-12-04,9.05,64.2,50.0,0.03,0.92
Diversified Consumer & MSME NBFC,2024-12-06,11.25,67.9,51.9,0.14,0.91
Diversified Consumer & MSME NBFC,2024-12-10,12.93,75.5,58.5,0.22,0.89
Diversified Consumer & MSME NBFC,2024-12-16,4.4,58.5,57.5,0.0,0.8
Diversified Consumer & MSME NBFC,2024-12-19,5.41,43.4,42.5,0.17,0.84
Diversified Consumer & MSME NBFC,2025-01-02,9.43,42.5,34.9,0.24,0.84
Diversified Consumer & MSME NBFC,2025-01-16,4.31,16.0,12.3,0.2,0.98
Diversified Consumer & MSME NBFC,2025-01-17,2.68,19.0,15.2,0.01,0.97
Diversified Consumer & MSME NBFC,2025-01-20,7.28,26.4,16.0,0.16,0.98
Diversified Consumer & MSME NBFC,2025-03-21,20.81,61.7,29.0,0.44,1.0
Diversified Consumer & MSME NBFC,2025-04-01,9.24,41.1,25.2,0.12,0.99
Diversified Consumer & MSME NBFC,2025-04-02,12.69,50.0,27.4,0.08,0.97
Diversified Consumer & MSME NBFC,2025-04-03,19.2,66.7,34.3,0.27,0.98
Diversified Consumer & MSME NBFC,2025-04-07,6.6,20.6,16.8,0.44,0.98
Diversified Consumer & MSME NBFC,2025-04-11,12.23,50.5,28.6,0.1,0.98
Diversified Consumer & MSME NBFC,2025-04-15,17.75,76.6,44.9,0.16,0.99
Diversified Consumer & MSME NBFC,2025-04-16,15.11,77.8,50.9,0.15,0.99
Diversified Consumer & MSME NBFC,2025-04-17,16.06,79.6,55.6,0.37,0.98
Diversified Consumer & MSME NBFC,2025-05-05,4.71,55.1,50.5,0.19,0.97
Diversified Consumer & MSME NBFC,2025-05-12,7.66,59.3,50.9,0.26,0.96
Diversified Consumer & MSME NBFC,2025-05-13,13.01,71.7,54.7,0.34,0.95
Diversified Consumer & MSME NBFC,2025-05-14,14.49,80.4,61.7,0.42,0.95
Diversified Consumer & MSME NBFC,2025-05-15,11.74,84.9,71.7,0.39,0.94
Diversified Consumer & MSME NBFC,2025-05-16,6.72,86.0,75.7,0.04,0.94
Diversified Consumer & MSME NBFC,2025-05-19,11.59,86.2,77.1,0.59,0.95
Diversified Consumer & MSME NBFC,2025-05-21,3.6,77.8,74.1,0.06,0.94
Diversified Consumer & MSME NBFC,2025-05-28,3.64,75.9,75.0,0.24,0.96
Diversified Consumer & MSME NBFC,2025-06-06,9.53,77.8,75.9,0.63,0.88
Diversified Consumer & MSME NBFC,2025-06-09,12.49,84.3,81.5,0.78,0.83
Diversified Consumer & MSME NBFC,2026-07-31,9.3,48.6,47.1,0.36,0.75
Diversified Consumer & MSME NBFC,2026-08-03,8.91,59.4,54.3,0.17,0.76
Diversified Consumer & MSME NBFC,2026-08-04,8.09,57.9,54.3,0.16,0.76
Diversified Consumer & MSME NBFC,2026-08-11,8.52,51.4,49.3,0.22,0.74
Diversified Consumer & MSME NBFC,2026-08-20,9.45,52.3,47.7,0.14,0.72
Diversified Consumer & MSME NBFC,2026-08-21,6.82,49.7,48.3,0.08,0.73
Domestic & Consumer Appliances EMS,2024-11-05,19.69,100.0,75.0,0.64,0.96
Domestic & Consumer Appliances EMS,2024-11-26,16.71,75.0,50.0,0.06,0.82
Domestic & Consumer Appliances EMS,2024-11-27,21.81,75.0,50.0,0.64,0.85
Domestic & Consumer Appliances EMS,2025-03-03,21.06,25.0,0.0,0.78,0.96
Domestic & Consumer Appliances EMS,2025-03-06,14.67,50.0,25.0,0.11,0.94
Domestic & Consumer Appliances EMS,2025-03-20,31.28,75.0,50.0,1.5,0.81
Domestic & Consumer Appliances EMS,2025-03-24,17.83,75.0,50.0,0.07,0.77
Domestic & Consumer Appliances EMS,2025-03-28,20.52,75.0,50.0,0.46,0.83
Domestic & Consumer Appliances EMS,2025-04-01,28.68,100.0,50.0,0.01,0.82
Domestic & Consumer Appliances EMS,2025-04-02,34.12,100.0,50.0,0.56,0.82
Domestic & Consumer Appliances EMS,2025-04-03,32.97,100.0,50.0,0.43,0.82
Domestic & Consumer Appliances EMS,2025-04-07,21.64,25.0,0.0,0.69,0.89
Domestic & Consumer Appliances EMS,2025-04-11,30.88,75.0,25.0,0.57,0.99
Domestic & Consumer Appliances EMS,2025-05-14,32.08,75.0,25.0,0.65,0.97
Domestic & Consumer Appliances EMS,2025-05-15,26.55,75.0,25.0,0.05,0.95
Domestic & Consumer Appliances EMS,2025-05-16,14.25,75.0,50.0,0.06,0.94
Domestic & Consumer Appliances EMS,2025-05-20,20.0,75.0,50.0,0.72,0.99
Domestic & Consumer Appliances EMS,2025-07-01,20.29,75.0,50.0,0.12,0.67
Domestic & Consumer Appliances EMS,2025-07-02,23.53,75.0,50.0,0.46,0.68
Domestic & Consumer Appliances EMS,2025-07-03,38.31,100.0,50.0,0.68,0.68
Domestic & Consumer Appliances EMS,2025-07-10,25.99,100.0,75.0,0.85,0.75
Domestic & Consumer Appliances EMS,2026-08-03,14.69,40.0,20.0,0.11,0.82
Domestic & Consumer Appliances EMS,2026-08-13,36.21,25.0,0.0,1.61,0.62
Domestic Consumer Appliance EMS (AC/TV/Washing Machines),2024-12-17,35.7,100.0,66.7,1.25,0.68
Domestic Consumer Appliance EMS (AC/TV/Washing Machines),2024-12-26,24.6,100.0,66.7,0.33,0.77
Domestic Consumer Appliance EMS (AC/TV/Washing Machines),2025-03-05,27.61,33.3,0.0,0.39,0.65
Domestic Consumer Appliance EMS (AC/TV/Washing Machines),2025-03-19,45.31,66.7,33.3,2.72,0.93
Domestic Consumer Appliance EMS (AC/TV/Washing Machines),2025-06-12,22.15,66.7,33.3,0.33,0.89
Domestic Consumer Appliance EMS (AC/TV/Washing Machines),2025-06-19,23.61,33.3,0.0,0.39,0.85
Domestic Consumer Appliance EMS (AC/TV/Washing Machines),2025-06-20,30.47,33.3,0.0,1.01,0.82
Domestic Consumer Appliance EMS (AC/TV/Washing Machines),2025-06-23,26.26,33.3,0.0,0.6,0.82
Domestic Consumer Appliance EMS (AC/TV/Washing Machines),2025-06-24,26.11,33.3,0.0,0.6,0.83
Domestic Consumer Appliance EMS (AC/TV/Washing Machines),2025-06-26,26.03,33.3,0.0,0.59,0.83
Domestic Consumer Appliance EMS (AC/TV/Washing Machines),2025-06-27,31.62,33.3,0.0,1.15,0.83
Domestic Consumer Appliance EMS (AC/TV/Washing Machines),2025-06-30,26.3,66.7,33.3,0.65,0.84
Domestic Consumer Appliance EMS (AC/TV/Washing Machines),2025-07-01,22.83,66.7,33.3,0.32,0.85
Domestic Consumer Appliance EMS (AC/TV/Washing Machines),2025-07-08,20.58,100.0,66.7,0.08,0.84
Domestic Consumer Appliance EMS (AC/TV/Washing Machines),2025-07-09,28.15,100.0,66.7,0.88,0.87
Domestic Consumer Appliance EMS (AC/TV/Washing Machines),2026-08-05,28.27,66.7,33.3,0.25,0.54
Domestic Consumer Appliance EMS (AC/TV/Washing Machines),2026-08-07,38.49,66.7,33.3,1.24,0.53
Domestic Consumer Appliance EMS (AC/TV/Washing Machines),2026-08-14,28.65,66.7,33.3,0.32,0.56
EV Charging Infrastructure,2024-10-09,117.08,100.0,0.0,6.39,0.84
EV Charging Infrastructure,2024-10-14,91.33,100.0,0.0,3.78,0.83
EV Charging Infrastructure,2024-10-16,79.82,100.0,0.0,2.63,0.82
EV Charging Infrastructure,2025-03-24,56.31,100.0,0.0,0.62,1.0
EV Charging Infrastructure,2025-04-02,58.27,100.0,0.0,0.77,0.97
EV Charging Infrastructure,2026-08-18,66.85,100.0,0.0,1.51,0.91
EV Charging Infrastructure,2026-08-21,61.3,100.0,0.0,0.85,0.86
Edible Oils & Vanaspati,2024-03-22,28.05,54.5,45.5,0.55,0.1
Edible Oils & Vanaspati,2024-04-01,10.51,70.0,60.0,0.37,0.91
Edible Oils & Vanaspati,2024-04-05,15.82,90.0,70.0,0.58,1.0
Edible Oils & Vanaspati,2024-04-25,20.52,72.7,45.5,0.68,0.99
Edible Oils & Vanaspati,2024-06-13,9.39,45.5,36.4,0.36,0.94
Edible Oils & Vanaspati,2024-06-18,10.91,100.0,83.3,0.06,0.9
Edible Oils & Vanaspati,2024-06-25,12.57,60.0,50.0,0.49,0.87
Edible Oils & Vanaspati,2024-07-25,22.06,81.8,72.7,1.68,0.96
Edible Oils & Vanaspati,2024-07-26,9.92,90.0,80.0,0.33,0.92
Edible Oils & Vanaspati,2024-11-28,10.94,83.3,75.0,0.67,1.0
Edible Oils & Vanaspati,2024-12-05,6.7,91.7,83.3,0.08,0.91
Edible Oils & Vanaspati,2024-12-06,23.07,91.7,75.0,1.28,0.9
Edible Oils & Vanaspati,2024-12-09,11.02,83.3,75.0,0.48,0.9
Edible Oils & Vanaspati,2025-03-28,9.48,28.6,21.4,0.55,0.98
Edible Oils & Vanaspati,2025-04-01,12.17,42.9,35.7,0.76,0.95
Edible Oils & Vanaspati,2025-04-03,30.76,85.7,28.6,0.01,0.9
Edible Oils & Vanaspati,2025-04-22,14.52,85.7,64.3,0.36,0.99
Edible Oils & Vanaspati,2025-04-28,18.93,64.3,28.6,0.09,0.99
Edible Oils & Vanaspati,2025-05-02,5.32,38.5,30.8,0.1,0.98
Edible Oils & Vanaspati,2025-05-12,28.86,64.3,28.6,0.89,0.9
Edible Oils & Vanaspati,2025-05-14,15.88,71.4,57.1,0.62,0.87
Edible Oils & Vanaspati,2025-05-15,14.42,71.4,57.1,0.41,0.84
Edible Oils & Vanaspati,2025-05-16,11.26,85.7,71.4,0.03,0.81
Edible Oils & Vanaspati,2025-05-19,16.29,92.9,71.4,0.17,0.81
Edible Oils & Vanaspati,2025-05-22,19.97,71.4,50.0,0.59,0.83
Edible Oils & Vanaspati,2025-05-23,25.2,76.9,46.2,0.64,0.83
Edible Oils & Vanaspati,2025-05-28,10.88,78.6,71.4,0.38,0.83
Edible Oils & Vanaspati,2025-05-29,22.04,78.6,57.1,0.79,0.83
Edible Oils & Vanaspati,2025-05-30,26.62,92.9,57.1,0.54,0.83
Edible Oils & Vanaspati,2025-06-03,6.8,85.7,78.6,0.03,0.85
Edible Oils & Vanaspati,2025-06-09,13.9,78.6,64.3,0.27,0.8
Edible Oils & Vanaspati,2026-08-03,14.18,46.7,33.3,0.35,0.8
Edible Oils & Vanaspati,2026-08-13,17.48,50.0,25.0,0.01,0.75
Edible Oils & Vanaspati,2026-08-14,21.29,45.5,36.4,1.13,0.73
Edible Oils & Vanaspati,2026-08-19,18.09,57.1,35.7,0.1,0.68
Education Academies & Publishing,2024-04-02,7.66,80.0,70.0,0.27,1.0
Education Academies & Publishing,2024-04-10,9.56,100.0,88.9,0.4,1.0
Education Academies & Publishing,2024-04-11,9.57,100.0,88.9,0.4,1.0
Education Academies & Publishing,2024-04-25,6.83,80.0,70.0,0.11,0.96
Education Academies & Publishing,2024-05-07,8.33,36.4,27.3,0.16,0.89
Education Academies & Publishing,2024-05-16,5.57,27.3,18.2,0.06,0.98
Education Academies & Publishing,2024-05-17,4.95,27.3,18.2,0.04,1.0
Education Academies & Publishing,2024-07-08,12.15,72.7,63.6,0.63,0.94
Education Academies & Publishing,2024-07-09,9.27,81.8,72.7,0.33,0.93
Education Academies & Publishing,2024-07-10,6.6,72.7,63.6,0.03,0.91
Education Academies & Publishing,2024-07-11,13.82,81.8,63.6,0.31,0.92
Education Academies & Publishing,2024-08-23,10.15,58.3,50.0,0.51,0.95
Education Academies & Publishing,2024-10-30,7.26,16.7,8.3,0.26,0.98
Education Academies & Publishing,2024-11-01,5.83,41.7,33.3,0.13,0.98
Education Academies & Publishing,2024-11-05,7.96,27.3,18.2,0.26,0.96
Education Academies & Publishing,2024-11-06,8.39,41.7,33.3,0.42,1.0
Education Academies & Publishing,2024-11-08,10.88,41.7,25.0,0.23,0.99
Education Academies & Publishing,2024-11-26,13.47,27.3,9.1,0.23,0.9
Education Academies & Publishing,2024-11-28,12.0,45.5,27.3,0.08,0.9
Education Academies & Publishing,2024-12-02,16.26,66.7,41.7,0.14,0.88
Education Academies & Publishing,2024-12-03,14.08,63.6,45.5,0.32,0.91
Education Academies & Publishing,2024-12-09,14.01,83.3,75.0,0.71,0.86
Education Academies & Publishing,2024-12-11,10.55,83.3,75.0,0.42,0.89
Education Academies & Publishing,2025-01-07,7.74,25.0,16.7,0.25,0.95
Education Academies & Publishing,2025-06-13,20.72,50.0,33.3,0.55,0.65
Education Academies & Publishing,2025-07-01,11.14,45.5,36.4,0.06,0.7
Education Academies & Publishing,2025-07-04,11.45,58.3,50.0,0.19,0.73
Education Academies & Publishing,2025-07-07,12.7,54.5,45.5,0.38,0.78
Education Academies & Publishing,2025-07-10,11.77,58.3,50.0,0.23,0.74
Education Academies & Publishing,2026-08-07,12.2,38.5,30.8,0.1,0.63
Education Academies & Publishing,2026-08-11,13.16,38.5,30.8,0.17,0.62
Education Academies & Publishing,2026-08-12,13.74,41.7,33.3,0.24,0.64
Education Academies & Publishing,2026-08-17,11.12,33.3,26.7,0.12,0.67
Education Academies & Publishing,2026-08-18,14.58,42.9,35.7,0.36,0.63
Electric Vehicles (EV),2024-03-22,37.69,66.7,33.3,0.3,0.1
Electric Vehicles (EV),2024-04-01,27.2,100.0,66.7,1.05,1.0
Electric Vehicles (EV),2024-05-15,26.36,33.3,0.0,0.6,0.82
Electric Vehicles (EV),2024-05-21,23.62,33.3,0.0,0.29,0.8
Electric Vehicles (EV),2024-07-05,23.64,100.0,66.7,0.31,0.81
Electric Vehicles (EV),2024-08-20,13.93,50.0,25.0,0.01,0.93
Electric Vehicles (EV),2024-08-23,16.8,50.0,25.0,0.36,0.96
Electric Vehicles (EV),2024-09-16,28.69,75.0,25.0,0.11,0.87
Electric Vehicles (EV),2024-09-17,35.11,100.0,50.0,0.86,0.92
Electric Vehicles (EV),2024-11-06,23.09,60.0,20.0,0.2,0.95
Electric Vehicles (EV),2024-11-07,27.26,60.0,20.0,0.6,0.94
Electric Vehicles (EV),2025-01-01,16.58,60.0,40.0,0.62,0.98
Electric Vehicles (EV),2025-01-03,11.94,60.0,40.0,0.12,0.96
Electric Vehicles (EV),2025-01-08,19.09,40.0,20.0,0.79,0.94
Electric Vehicles (EV),2025-01-20,15.87,50.0,33.3,0.61,0.93
Electric Vehicles (EV),2025-03-19,16.52,16.7,0.0,0.71,0.95
Electric Vehicles (EV),2025-03-21,14.69,16.7,0.0,0.35,0.86
Electric Vehicles (EV),2025-03-24,15.29,33.3,16.7,0.43,0.87
Electric Vehicles (EV),2025-04-01,12.47,16.7,0.0,0.39,0.99
Electric Vehicles (EV),2025-04-30,12.46,16.7,0.0,0.35,0.97
Electric Vehicles (EV),2025-05-05,18.94,20.0,0.0,0.67,0.89
Electric Vehicles (EV),2025-05-07,11.31,16.7,0.0,0.13,0.92
Electric Vehicles (EV),2025-05-12,19.54,33.3,16.7,0.78,0.83
Electric Vehicles (EV),2025-05-13,24.89,50.0,16.7,0.4,0.79
Electric Vehicles (EV),2025-05-14,32.88,66.7,16.7,0.32,0.76
Electric Vehicles (EV),2025-05-15,25.51,66.7,33.3,0.38,0.75
Electric Vehicles (EV),2025-05-16,14.82,66.7,50.0,0.11,0.73
Electric Vehicles (EV),2025-05-23,21.58,83.3,66.7,0.94,0.81
Electric Vehicles (EV),2025-05-26,19.99,83.3,66.7,0.81,0.82
Electric Vehicles (EV),2025-06-02,21.14,50.0,33.3,1.05,0.88
Electric Vehicles (EV),2025-06-04,35.98,83.3,33.3,0.82,0.86
Electric Vehicles (EV),2025-06-25,15.92,40.0,20.0,0.29,0.85
Electric Vehicles (EV),2025-07-01,17.21,66.7,50.0,0.46,0.79
Electric Vehicles (EV),2025-07-09,13.93,50.0,33.3,0.37,0.9
Electric Vehicles (EV),2026-08-11,24.0,66.7,50.0,1.05,0.74
Electric Vehicles (EV),2026-08-13,21.2,60.0,40.0,0.83,0.86
Electricity & Power Exchanges,2024-11-27,70.51,100.0,0.0,1.45,0.7
Electricity & Power Exchanges,2024-11-28,67.52,100.0,0.0,1.15,0.7
Electricity & Power Exchanges,2024-11-29,65.34,100.0,0.0,0.93,0.7
Electricity & Power Exchanges,2024-12-02,69.09,100.0,0.0,1.31,0.7
Electricity & Power Exchanges,2024-12-27,56.52,100.0,0.0,0.41,0.88
Electricity & Power Exchanges,2025-01-02,54.3,100.0,0.0,0.36,0.96
Electricity & Power Exchanges,2026-07-27,73.62,100.0,0.0,1.95,0.79
Electricity & Power Exchanges,2026-07-28,75.68,100.0,0.0,2.2,0.82
Electricity & Power Exchanges,2026-07-29,65.39,100.0,0.0,1.18,0.82
Electricity & Power Exchanges,2026-07-31,66.44,100.0,0.0,0.58,0.47
Electricity & Power Exchanges,2026-08-04,63.76,100.0,0.0,0.36,0.49
Engineered Polymers & Compounding,2024-07-03,72.8,100.0,0.0,1.53,0.62
Engineered Polymers & Compounding,2024-07-26,75.53,100.0,0.0,1.63,0.54
Engineered Polymers & Compounding,2024-07-29,72.44,100.0,0.0,1.35,0.55
Engineered Polymers & Compounding,2024-07-31,66.68,100.0,0.0,0.71,0.52
Engineered Polymers & Compounding,2025-04-22,40.16,66.7,33.3,1.87,0.76
Engineered Polymers & Compounding,2025-04-24,37.42,100.0,66.7,1.63,0.78
Engineered Polymers & Compounding,2025-04-29,27.57,100.0,66.7,0.84,0.88
Engineered Polymers & Compounding,2025-07-30,25.31,66.7,33.3,0.16,0.65
Engineered Polymers & Compounding,2025-08-07,25.81,33.3,0.0,0.13,0.61
Engineered Polymers & Compounding,2025-08-14,30.0,50.0,25.0,0.85,0.55
Engineered Polymers & Compounding,2025-08-19,28.82,75.0,50.0,0.8,0.58
Engineered Polymers & Compounding,2026-08-05,32.28,50.0,25.0,1.42,0.72
Engineering R&D (ER&D),2024-03-22,30.74,40.0,20.0,0.27,0.1
Engineering R&D (ER&D),2024-05-16,13.62,60.0,40.0,0.21,0.92
Engineering R&D (ER&D),2024-07-03,15.07,60.0,40.0,0.46,0.98
Engineering R&D (ER&D),2024-07-11,14.05,60.0,40.0,0.11,0.85
Engineering R&D (ER&D),2024-07-12,14.56,60.0,40.0,0.23,0.89
Engineering R&D (ER&D),2024-08-19,17.29,50.0,33.3,0.87,0.99
Engineering R&D (ER&D),2024-10-10,20.27,50.0,33.3,1.06,0.93
Engineering R&D (ER&D),2024-10-21,13.27,33.3,16.7,0.04,0.77
Engineering R&D (ER&D),2024-10-30,21.8,50.0,16.7,0.31,0.9
Engineering R&D (ER&D),2024-10-31,20.84,50.0,16.7,0.21,0.9
Engineering R&D (ER&D),2024-11-05,14.95,50.0,33.3,0.42,0.88
Engineering R&D (ER&D),2024-11-06,32.66,83.3,33.3,0.49,0.86
Engineering R&D (ER&D),2024-12-19,14.48,100.0,83.3,0.49,0.94
Engineering R&D (ER&D),2025-01-23,13.51,33.3,16.7,0.49,0.99
Engineering R&D (ER&D),2025-02-07,17.16,42.9,14.3,0.24,0.98
Engineering R&D (ER&D),2025-08-13,22.07,28.6,0.0,0.55,0.88
Engineering R&D (ER&D),2025-08-19,32.57,57.1,14.3,1.06,0.97
Engineering R&D (ER&D),2025-08-20,39.7,71.4,0.0,0.38,0.99
Enterprise Software & SaaS,2024-04-01,11.39,71.4,57.1,0.42,1.0
Enterprise Software & SaaS,2024-04-02,4.76,76.2,71.4,0.24,1.0
Enterprise Software & SaaS,2024-04-11,3.47,85.7,81.0,0.02,0.96
Enterprise Software & SaaS,2024-07-05,9.15,90.5,81.0,0.32,0.94
Enterprise Software & SaaS,2024-08-30,4.99,59.1,50.0,0.03,0.99
Enterprise Software & SaaS,2024-09-04,12.94,40.9,36.4,0.76,0.85
Enterprise Software & SaaS,2024-09-05,16.08,59.1,45.5,0.6,0.84
Enterprise Software & SaaS,2024-11-26,8.1,52.2,43.5,0.37,1.0
Enterprise Software & SaaS,2024-12-02,8.36,54.2,45.8,0.39,0.99
Enterprise Software & SaaS,2024-12-04,8.01,73.9,60.9,0.09,0.97
Enterprise Software & SaaS,2024-12-06,12.84,82.6,65.2,0.39,0.99
Enterprise Software & SaaS,2025-01-01,15.49,50.0,45.5,1.17,0.92
Enterprise Software & SaaS,2025-01-02,18.31,56.5,47.8,1.24,0.92
Enterprise Software & SaaS,2025-01-03,12.69,63.6,40.9,0.03,0.95
Enterprise Software & SaaS,2025-03-18,7.94,16.7,8.3,0.37,0.99
Enterprise Software & SaaS,2025-04-22,23.56,73.9,30.4,0.09,0.95
Enterprise Software & SaaS,2025-04-24,24.05,69.6,26.1,0.07,0.92
Enterprise Software & SaaS,2025-04-28,15.17,47.8,21.7,0.06,0.92
Enterprise Software & SaaS,2025-04-30,8.34,29.2,16.7,0.01,0.9
Enterprise Software & SaaS,2025-05-02,10.1,30.4,17.4,0.16,0.9
Enterprise Software & SaaS,2025-05-05,17.36,41.7,16.7,0.25,0.88
Enterprise Software & SaaS,2025-05-09,14.1,25.0,12.5,0.43,0.82
Enterprise Software & SaaS,2025-05-12,23.85,70.8,37.5,0.38,0.83
Enterprise Software & SaaS,2025-05-13,26.75,75.0,37.5,0.45,0.82
Enterprise Software & SaaS,2025-05-14,18.6,79.2,54.2,0.21,0.8
Enterprise Software & SaaS,2025-05-16,10.45,82.6,73.9,0.23,0.81
Enterprise Software & SaaS,2025-05-19,15.74,79.2,66.7,0.57,0.81
Enterprise Software & SaaS,2025-05-22,13.06,69.6,52.2,0.12,0.84
Enterprise Software & SaaS,2025-05-28,9.07,69.6,56.5,0.01,0.88
Enterprise Software & SaaS,2025-06-05,8.69,69.6,60.9,0.16,0.86
Enterprise Software & SaaS,2025-06-11,9.75,58.3,54.2,0.36,0.8
Enterprise Software & SaaS,2025-06-13,11.5,56.5,47.8,0.34,0.81
Enterprise Software & SaaS,2025-06-20,6.01,25.0,20.8,0.0,0.8
Enterprise Software & SaaS,2025-07-04,12.46,62.5,45.8,0.08,0.83
Enterprise Software & SaaS,2025-07-09,8.16,50.0,41.7,0.05,0.82
Enterprise Software & SaaS,2025-07-16,13.06,64.0,56.0,0.62,0.86
Enterprise Software & SaaS,2025-07-17,7.05,58.3,54.2,0.16,0.83
Enterprise Software & SaaS,2025-08-13,4.54,25.0,20.8,0.2,0.98
Enterprise Software & SaaS,2025-08-19,16.3,50.0,37.5,0.92,0.96
Enterprise Software & SaaS,2026-07-31,5.6,25.9,22.2,0.09,0.86
Enterprise Software & SaaS,2026-08-03,18.03,50.0,30.8,0.5,0.83
Enterprise Software & SaaS,2026-08-04,11.64,48.1,33.3,0.06,0.82
Enterprise Software & SaaS,2026-08-07,8.23,48.1,44.4,0.25,0.81
Enterprise Software & SaaS,2026-08-10,8.79,51.9,44.4,0.08,0.79
Enterprise Software & SaaS,2026-08-12,23.84,54.5,22.7,0.35,0.78
Enterprise Software & SaaS,2026-08-20,12.43,41.7,33.3,0.35,0.76
Excipients & Pharma Binders,2024-07-03,79.03,100.0,0.0,2.29,0.69
Excipients & Pharma Binders,2024-07-10,77.52,100.0,0.0,2.06,0.65
Excipients & Pharma Binders,2024-09-20,89.3,100.0,0.0,3.65,0.86
Excipients & Pharma Binders,2024-09-23,70.48,100.0,0.0,1.77,0.86
Excipients & Pharma Binders,2025-01-03,65.36,100.0,0.0,0.96,0.71
Excipients & Pharma Binders,2025-01-16,64.15,100.0,0.0,1.35,0.97
Excipients & Pharma Binders,2025-03-24,71.85,100.0,0.0,1.79,0.8
Excipients & Pharma Binders,2025-04-03,73.18,100.0,0.0,2.06,0.87
Excipients & Pharma Binders,2025-04-04,67.29,100.0,0.0,1.41,0.84
Excipients & Pharma Binders,2025-04-08,55.93,100.0,0.0,0.5,0.95
Excipients & Pharma Binders,2026-08-03,62.42,100.0,0.0,0.1,0.43
Excipients & Pharma Binders,2026-08-04,62.63,100.0,0.0,0.1,0.42
Excipients & Pharma Binders,2026-08-12,61.07,100.0,0.0,0.1,0.5
Excipients & Pharma Binders,2026-08-13,60.25,100.0,0.0,0.1,0.54
Excipients & Pharma Binders,2026-08-14,60.06,100.0,0.0,0.1,0.55
Express Parcel & Courier,2024-06-28,19.48,75.0,50.0,0.7,1.0
Express Parcel & Courier,2024-08-27,22.56,100.0,80.0,0.93,0.83
Express Parcel & Courier,2024-10-31,15.26,20.0,0.0,0.2,0.84
Express Parcel & Courier,2024-11-08,20.33,20.0,0.0,0.54,0.76
Express Parcel & Courier,2024-11-14,13.04,40.0,20.0,0.09,0.89
Express Parcel & Courier,2024-12-11,21.56,80.0,40.0,0.11,0.97
Express Parcel & Courier,2025-01-17,18.24,25.0,0.0,0.51,0.97
Express Parcel & Courier,2025-01-20,30.39,50.0,0.0,0.48,0.97
Express Parcel & Courier,2025-02-04,14.64,25.0,0.0,0.19,0.99
Express Parcel & Courier,2025-03-24,23.3,40.0,0.0,0.21,0.94
Express Parcel & Courier,2025-04-01,32.33,50.0,0.0,0.51,0.89
Express Parcel & Courier,2025-04-03,23.7,40.0,0.0,0.17,0.9
Express Parcel & Courier,2025-04-07,31.87,25.0,0.0,1.75,0.91
Express Parcel & Courier,2025-04-15,39.89,100.0,25.0,0.2,0.98
Express Parcel & Courier,2025-04-16,30.15,100.0,50.0,0.49,0.99
Express Parcel & Courier,2025-05-02,17.3,50.0,25.0,0.41,0.97
Express Parcel & Courier,2025-05-16,17.5,100.0,75.0,0.3,0.9
Express Parcel & Courier,2026-08-10,33.75,75.0,25.0,0.4,0.76
Express Parcel & Courier,2026-08-14,22.9,33.3,0.0,0.01,0.69
Express Parcel & Courier,2026-08-17,20.38,40.0,20.0,0.88,0.92
Fashion Apparel Retail,2024-04-04,11.1,60.0,40.0,0.11,1.0
Fashion Apparel Retail,2024-04-16,21.09,60.0,20.0,0.08,0.99
Fashion Apparel Retail,2024-04-17,21.23,60.0,20.0,0.08,0.98
Fashion Apparel Retail,2024-04-18,10.08,83.3,66.7,0.16,0.99
Fashion Apparel Retail,2024-04-19,13.33,83.3,66.7,0.49,1.0
Fashion Apparel Retail,2024-05-02,13.73,50.0,33.3,0.35,0.91
Fashion Apparel Retail,2024-05-14,14.51,50.0,33.3,0.54,0.96
Fashion Apparel Retail,2024-05-16,27.2,66.7,33.3,1.0,0.97
Fashion Apparel Retail,2024-08-16,20.02,60.0,40.0,0.75,0.88
Fashion Apparel Retail,2024-08-19,20.04,66.7,50.0,0.92,0.87
Fashion Apparel Retail,2024-08-20,13.99,60.0,40.0,0.14,0.87
Fashion Apparel Retail,2024-08-21,11.2,83.3,66.7,0.02,0.87
Fashion Apparel Retail,2024-10-10,11.59,50.0,33.3,0.31,0.99
Fashion Apparel Retail,2024-11-01,9.89,33.3,16.7,0.15,1.0
Fashion Apparel Retail,2024-11-14,10.28,33.3,16.7,0.18,0.99
Fashion Apparel Retail,2024-11-27,10.54,33.3,16.7,0.22,1.0
Fashion Apparel Retail,2024-11-28,17.88,50.0,16.7,0.12,1.0
Fashion Apparel Retail,2024-12-17,14.09,66.7,50.0,0.3,0.86
Fashion Apparel Retail,2024-12-19,17.09,66.7,50.0,0.64,0.88
Fashion Apparel Retail,2025-01-01,10.79,50.0,33.3,0.02,0.89
Fashion Apparel Retail,2025-03-18,14.91,16.7,0.0,0.59,0.97
Fashion Apparel Retail,2025-03-21,10.26,33.3,16.7,0.11,0.96
Fashion Apparel Retail,2025-03-27,12.15,33.3,16.7,0.31,0.97
Fashion Apparel Retail,2025-04-01,13.37,33.3,16.7,0.42,0.96
Fashion Apparel Retail,2025-04-02,14.67,50.0,33.3,0.58,0.97
Fashion Apparel Retail,2025-05-16,28.57,66.7,16.7,0.34,0.99
Fashion Apparel Retail,2025-05-23,12.23,33.3,16.7,0.24,0.92
Fashion Apparel Retail,2025-05-27,11.56,66.7,50.0,0.15,0.91
Fashion Apparel Retail,2025-06-09,25.28,66.7,50.0,1.02,0.66
Fashion Apparel Retail,2025-06-18,22.89,66.7,50.0,0.79,0.67
Fashion Apparel Retail,2025-06-19,20.12,50.0,33.3,0.55,0.68
Fashion Apparel Retail,2025-06-25,15.27,33.3,16.7,0.14,0.72
Fashion Apparel Retail,2025-06-26,21.96,66.7,33.3,0.02,0.74
Fashion Apparel Retail,2025-06-27,14.5,50.0,33.3,0.12,0.75
Fashion Apparel Retail,2025-06-30,14.54,50.0,33.3,0.13,0.76
Fashion Apparel Retail,2025-07-11,21.07,50.0,16.7,0.17,0.86
Fashion Apparel Retail,2025-07-17,13.93,50.0,33.3,0.31,0.87
Fashion Apparel Retail,2025-07-31,14.76,16.7,0.0,0.55,0.95
Fashion Apparel Retail,2025-08-01,12.43,33.3,16.7,0.13,0.86
Fashion Apparel Retail,2025-08-05,11.98,33.3,16.7,0.12,0.88
Fashion Apparel Retail,2025-08-06,24.14,33.3,0.0,0.53,0.89
Fashion Apparel Retail,2025-08-07,19.27,33.3,0.0,0.06,0.9
Fashion Apparel Retail,2025-08-12,11.51,50.0,33.3,0.18,0.93
Fashion Apparel Retail,2025-08-22,10.0,50.0,33.3,0.08,0.96
Fashion Apparel Retail,2026-08-03,16.32,33.3,16.7,0.26,0.73
Fashion Apparel Retail,2026-08-04,16.26,16.7,0.0,0.16,0.68
Fashion Apparel Retail,2026-08-10,15.99,16.7,0.0,0.06,0.65
Fashion Apparel Retail,2026-08-14,27.21,50.0,25.0,0.72,0.62
Fashion Apparel Retail,2026-08-18,24.23,50.0,25.0,0.3,0.56
Fashion Apparel Retail,2026-08-19,26.15,50.0,25.0,0.39,0.51
Fashion Apparel Retail,2026-08-20,24.88,50.0,25.0,0.28,0.52
Fashion Apparel Retail,2026-08-21,29.47,50.0,16.7,0.4,0.56
Fast Moving Electrical Goods (FMEG),2024-04-01,19.44,75.0,50.0,0.69,1.0
Fast Moving Electrical Goods (FMEG),2024-10-30,18.79,50.0,33.3,0.89,0.92
Fast Moving Electrical Goods (FMEG),2024-10-31,12.11,50.0,33.3,0.21,0.92
Fast Moving Electrical Goods (FMEG),2024-11-05,10.07,50.0,33.3,0.01,0.92
Fast Moving Electrical Goods (FMEG),2024-11-06,17.89,83.3,66.7,0.82,0.93
Fast Moving Electrical Goods (FMEG),2024-11-07,23.29,83.3,50.0,0.55,0.94
Fast Moving Electrical Goods (FMEG),2024-12-10,10.87,83.3,66.7,0.18,0.97
Fast Moving Electrical Goods (FMEG),2024-12-11,21.42,83.3,66.7,1.21,0.95
Fast Moving Electrical Goods (FMEG),2025-04-02,19.4,83.3,50.0,0.26,0.99
Fast Moving Electrical Goods (FMEG),2025-04-03,22.77,83.3,50.0,0.5,0.94
Fast Moving Electrical Goods (FMEG),2025-04-07,17.0,33.3,0.0,0.02,0.99
Fast Moving Electrical Goods (FMEG),2025-04-15,8.5,83.3,66.7,0.01,1.0
Fast Moving Electrical Goods (FMEG),2025-04-16,13.47,83.3,66.7,0.48,0.99
Fast Moving Electrical Goods (FMEG),2025-04-21,28.82,100.0,66.7,1.13,0.96
Fast Moving Electrical Goods (FMEG),2025-08-05,14.49,33.3,16.7,0.12,0.75
Fast Moving Electrical Goods (FMEG),2025-08-08,11.32,16.7,0.0,0.03,0.87
Fast Moving Electrical Goods (FMEG),2025-08-18,19.21,16.7,0.0,1.04,0.98
Fast Moving Electrical Goods (FMEG),2026-08-03,27.68,42.9,28.6,1.49,0.72
Fast Moving Electrical Goods (FMEG),2026-08-05,26.71,57.1,28.6,0.66,0.71
Fast Moving Electrical Goods (FMEG),2026-08-07,26.76,57.1,42.9,1.35,0.7
Fast Moving Electrical Goods (FMEG),2026-08-11,24.87,57.1,28.6,0.44,0.69
Fast Moving Electrical Goods (FMEG),2026-08-12,14.53,66.7,50.0,0.22,0.8
Ferro Alloys & Secondary Metals,2024-04-02,15.63,100.0,75.0,0.31,1.0
Ferro Alloys & Secondary Metals,2024-08-19,16.95,50.0,25.0,0.39,0.97
Ferro Alloys & Secondary Metals,2024-08-22,34.98,100.0,50.0,0.9,0.95
Ferro Alloys & Secondary Metals,2024-08-27,20.46,75.0,50.0,0.74,0.97
Ferro Alloys & Secondary Metals,2024-09-16,12.71,80.0,60.0,0.15,0.94
Ferro Alloys & Secondary Metals,2024-10-30,12.49,20.0,0.0,0.16,0.95
Ferro Alloys & Secondary Metals,2024-10-31,17.03,20.0,0.0,0.54,0.92
Ferro Alloys & Secondary Metals,2024-11-06,28.12,80.0,40.0,0.54,0.87
Ferro Alloys & Secondary Metals,2024-11-25,19.61,60.0,40.0,0.85,0.94
Ferro Alloys & Secondary Metals,2024-11-28,20.23,60.0,40.0,0.88,0.93
Ferro Alloys & Secondary Metals,2024-11-29,16.25,60.0,40.0,0.48,0.93
Ferro Alloys & Secondary Metals,2024-12-03,17.02,80.0,60.0,0.58,0.94
Ferro Alloys & Secondary Metals,2024-12-05,15.69,80.0,60.0,0.48,0.95
Ferro Alloys & Secondary Metals,2024-12-06,13.79,80.0,60.0,0.35,0.98
Ferro Alloys & Secondary Metals,2024-12-09,17.84,80.0,60.0,0.65,0.93
Ferro Alloys & Secondary Metals,2024-12-11,14.85,80.0,60.0,0.4,0.96
Ferro Alloys & Secondary Metals,2024-12-17,16.27,80.0,60.0,0.5,0.94
Ferro Alloys & Secondary Metals,2025-03-21,24.81,60.0,20.0,0.36,0.94
Ferro Alloys & Secondary Metals,2025-04-03,35.29,80.0,20.0,0.46,0.97
Ferro Alloys & Secondary Metals,2025-04-11,25.6,60.0,20.0,0.46,0.95
Ferro Alloys & Secondary Metals,2025-04-15,24.54,60.0,20.0,0.39,0.97
Ferro Alloys & Secondary Metals,2025-04-21,43.48,100.0,25.0,0.43,0.91
Ferro Alloys & Secondary Metals,2025-04-22,39.01,100.0,40.0,0.84,0.97
Ferro Alloys & Secondary Metals,2025-04-23,31.29,100.0,40.0,0.05,0.96
Ferro Alloys & Secondary Metals,2025-05-12,30.67,80.0,40.0,0.81,0.87
Ferro Alloys & Secondary Metals,2025-05-13,37.15,100.0,40.0,0.48,0.88
Ferro Alloys & Secondary Metals,2025-05-23,13.23,80.0,60.0,0.21,0.95
Ferro Alloys & Secondary Metals,2025-05-26,18.75,80.0,60.0,0.76,0.94
Ferro Alloys & Secondary Metals,2025-05-27,15.08,80.0,60.0,0.42,0.96
Ferro Alloys & Secondary Metals,2025-07-01,14.32,100.0,80.0,0.25,0.91
Ferro Alloys & Secondary Metals,2025-08-14,20.35,40.0,20.0,0.84,0.9
Ferro Alloys & Secondary Metals,2026-07-31,19.92,28.6,14.3,0.91,0.82
Ferro Alloys & Secondary Metals,2026-08-03,14.26,42.9,28.6,0.41,0.85
Ferro Alloys & Secondary Metals,2026-08-05,18.24,50.0,33.3,0.52,0.77
Ferro Alloys & Secondary Metals,2026-08-11,14.79,28.6,14.3,0.47,0.85
Ferro Alloys & Secondary Metals,2026-08-17,30.81,33.3,16.7,1.7,0.72
Ferro Alloys & Secondary Metals,2026-08-19,15.67,42.9,28.6,0.35,0.75
Fertilizers & Soil Nutrients,2024-04-01,10.0,90.0,85.0,0.75,1.0
Fertilizers & Soil Nutrients,2024-08-22,18.64,94.7,84.2,1.1,0.88
Fertilizers & Soil Nutrients,2024-08-27,12.1,94.7,84.2,0.46,0.89
Fertilizers & Soil Nutrients,2024-10-10,6.1,36.8,31.6,0.09,0.87
Fertilizers & Soil Nutrients,2024-10-16,8.1,31.6,26.3,0.42,0.93
Fertilizers & Soil Nutrients,2024-12-10,7.44,89.5,84.2,0.4,0.96
Fertilizers & Soil Nutrients,2024-12-12,5.56,78.9,73.7,0.03,0.87
Fertilizers & Soil Nutrients,2024-12-16,10.77,75.0,65.0,0.36,0.89
Fertilizers & Soil Nutrients,2025-01-01,13.05,52.6,47.4,0.63,0.79
Fertilizers & Soil Nutrients,2025-01-02,8.72,57.9,52.6,0.2,0.79
Fertilizers & Soil Nutrients,2025-01-07,11.92,42.1,36.8,0.72,0.9
Fertilizers & Soil Nutrients,2025-03-24,20.5,71.4,42.9,0.49,0.94
Fertilizers & Soil Nutrients,2025-03-27,11.86,57.1,38.1,0.15,0.96
Fertilizers & Soil Nutrients,2025-04-01,14.81,47.6,33.3,0.48,0.86
Fertilizers & Soil Nutrients,2025-04-02,14.87,61.9,42.9,0.22,0.84
Fertilizers & Soil Nutrients,2025-04-03,28.56,85.7,47.6,0.63,0.84
Fertilizers & Soil Nutrients,2025-04-11,22.39,66.7,38.1,0.66,0.93
Fertilizers & Soil Nutrients,2025-04-15,28.67,90.5,57.1,1.15,0.98
Fertilizers & Soil Nutrients,2025-04-17,16.25,85.7,76.2,1.15,1.0
Fertilizers & Soil Nutrients,2025-04-21,7.63,85.7,81.0,0.52,1.0
Fertilizers & Soil Nutrients,2025-04-23,6.4,90.5,85.7,0.39,1.0
Fertilizers & Soil Nutrients,2025-04-24,12.39,90.5,85.7,0.96,0.98
Fertilizers & Soil Nutrients,2025-04-28,7.22,81.0,71.4,0.22,0.98
Fertilizers & Soil Nutrients,2025-04-29,3.42,76.2,71.4,0.08,0.99
Fertilizers & Soil Nutrients,2025-05-14,8.43,90.5,85.7,0.52,0.96
Fertilizers & Soil Nutrients,2025-05-16,7.75,90.5,85.7,0.37,0.92
Fertilizers & Soil Nutrients,2025-05-19,5.08,95.2,90.5,0.06,0.89
Fertilizers & Soil Nutrients,2026-08-03,17.1,33.3,23.8,0.43,0.6
Fertilizers & Soil Nutrients,2026-08-05,16.13,42.9,33.3,0.3,0.58
Fertilizers & Soil Nutrients,2026-08-10,17.28,42.9,28.6,0.21,0.6
Fertilizers & Soil Nutrients,2026-08-11,10.51,38.1,33.3,0.01,0.6
Fertilizers & Soil Nutrients,2026-08-14,15.12,33.3,28.6,0.5,0.61
Fertilizers & Soil Nutrients,2026-08-17,12.16,23.8,19.0,0.19,0.61
Fertilizers & Soil Nutrients,2026-08-19,12.55,36.4,27.3,0.05,0.63
Fighter Aircraft & Aerospace Systems,2024-12-16,66.8,100.0,0.0,1.53,0.93
Fighter Aircraft & Aerospace Systems,2025-03-21,63.84,100.0,0.0,1.09,0.85
Fighter Aircraft & Aerospace Systems,2025-04-03,62.61,100.0,0.0,0.99,0.86
Fighter Aircraft & Aerospace Systems,2025-04-08,63.03,100.0,0.0,1.26,0.98
Film Multiplex Theatres,2024-03-22,42.53,100.0,66.7,0.79,0.1
Film Multiplex Theatres,2024-09-06,22.42,66.7,33.3,0.15,0.79
Film Multiplex Theatres,2024-09-10,33.42,66.7,33.3,1.17,0.75
Film Multiplex Theatres,2024-11-27,23.63,33.3,0.0,0.64,0.97
Film Multiplex Theatres,2024-12-04,18.47,100.0,66.7,0.08,0.95
Film Multiplex Theatres,2025-05-12,26.8,66.7,33.3,0.79,0.89
Film Multiplex Theatres,2025-05-14,49.23,100.0,33.3,1.24,0.82
Film Multiplex Theatres,2025-05-16,37.29,100.0,66.7,1.66,0.8
Film Multiplex Theatres,2025-05-23,45.35,100.0,33.3,0.79,0.8
Film Multiplex Theatres,2025-05-26,22.26,100.0,66.7,0.11,0.78
Film Multiplex Theatres,2025-06-25,22.39,66.7,33.3,0.1,0.76
Film Multiplex Theatres,2025-06-30,29.87,66.7,33.3,0.9,0.79
Film Multiplex Theatres,2025-07-04,20.45,100.0,66.7,0.08,0.85
Film Multiplex Theatres,2025-08-21,22.19,75.0,50.0,0.73,0.88
Film Theatres & Broadcast Media,2024-05-20,13.03,25.0,0.0,0.01,0.98
Film Theatres & Broadcast Media,2024-05-22,14.47,50.0,25.0,0.18,0.99
Film Theatres & Broadcast Media,2024-11-06,22.3,60.0,20.0,0.01,0.89
Film Theatres & Broadcast Media,2024-11-11,15.96,40.0,20.0,0.39,0.9
Film Theatres & Broadcast Media,2024-11-14,13.88,20.0,0.0,0.19,0.9
Film Theatres & Broadcast Media,2024-11-26,15.52,20.0,0.0,0.2,0.82
Film Theatres & Broadcast Media,2024-11-27,16.89,60.0,40.0,0.34,0.83
Film Theatres & Broadcast Media,2024-12-02,30.67,60.0,20.0,0.67,0.8
Film Theatres & Broadcast Media,2024-12-03,43.03,100.0,40.0,0.94,0.82
Film Theatres & Broadcast Media,2024-12-13,26.03,80.0,40.0,0.1,0.75
Film Theatres & Broadcast Media,2025-03-20,15.29,16.7,0.0,0.66,0.98
Film Theatres & Broadcast Media,2025-03-21,12.15,16.7,0.0,0.24,0.93
Film Theatres & Broadcast Media,2025-04-01,22.18,33.3,0.0,0.48,0.96
Film Theatres & Broadcast Media,2025-04-03,36.45,83.3,16.7,0.22,0.96
Film Theatres & Broadcast Media,2025-04-07,14.0,33.3,16.7,0.44,0.94
Film Theatres & Broadcast Media,2025-04-15,20.73,50.0,16.7,0.39,0.99
Film Theatres & Broadcast Media,2025-04-17,29.43,66.7,16.7,0.32,0.94
Film Theatres & Broadcast Media,2025-04-21,45.72,83.3,16.7,1.06,0.91
Film Theatres & Broadcast Media,2025-04-23,23.53,83.3,50.0,0.52,0.92
Film Theatres & Broadcast Media,2025-04-24,26.09,83.3,50.0,0.83,0.94
Film Theatres & Broadcast Media,2025-04-28,23.3,66.7,33.3,0.63,0.99
Film Theatres & Broadcast Media,2025-04-29,19.82,66.7,33.3,0.18,0.93
Film Theatres & Broadcast Media,2025-04-30,20.19,66.7,33.3,0.22,0.94
Film Theatres & Broadcast Media,2025-05-12,19.69,83.3,50.0,0.13,0.91
Film Theatres & Broadcast Media,2025-05-13,19.37,83.3,50.0,0.08,0.91
Film Theatres & Broadcast Media,2025-05-14,37.97,83.3,50.0,1.99,0.93
Film Theatres & Broadcast Media,2025-05-22,13.26,83.3,66.7,0.4,0.95
Film Theatres & Broadcast Media,2025-06-04,12.95,50.0,33.3,0.07,0.8
Film Theatres & Broadcast Media,2025-06-06,16.08,66.7,50.0,0.4,0.81
Film Theatres & Broadcast Media,2025-06-09,19.55,100.0,83.3,0.69,0.78
Film Theatres & Broadcast Media,2025-07-11,9.79,100.0,83.3,0.1,0.98
Film Theatres & Broadcast Media,2025-07-14,10.89,100.0,83.3,0.2,0.97
Film Theatres & Broadcast Media,2025-08-20,12.91,66.7,50.0,0.41,0.98
Film Theatres & Broadcast Media,2026-08-03,17.03,28.6,14.3,0.45,0.73
Film Theatres & Broadcast Media,2026-08-05,14.9,28.6,14.3,0.26,0.74
Film Theatres & Broadcast Media,2026-08-06,13.71,28.6,14.3,0.17,0.76
Film Theatres & Broadcast Media,2026-08-07,14.41,28.6,14.3,0.25,0.76
Film Theatres & Broadcast Media,2026-08-18,15.3,25.0,12.5,0.09,0.59
Financial Software & SaaS,2024-04-25,65.27,100.0,0.0,1.0,0.74
Financial Software & SaaS,2024-06-07,69.26,100.0,0.0,1.01,0.54
Financial Software & SaaS,2024-08-19,60.34,100.0,0.0,0.96,0.96
Financial Software & SaaS,2024-08-22,57.46,100.0,0.0,0.56,0.91
Financial Software & SaaS,2024-08-28,67.01,100.0,0.0,1.6,0.95
Financial Software & SaaS,2024-09-03,61.05,100.0,0.0,0.65,0.77
Financial Software & SaaS,2024-09-04,62.87,100.0,0.0,0.67,0.69
Financial Software & SaaS,2024-12-06,61.6,100.0,0.0,1.06,0.95
Financial Software & SaaS,2025-03-20,63.95,100.0,0.0,0.76,0.68
Financial Software & SaaS,2025-03-21,67.79,100.0,0.0,1.14,0.68
Financial Software & SaaS,2025-03-24,67.92,100.0,0.0,1.49,0.85
Financial Software & SaaS,2025-03-27,60.57,100.0,0.0,0.78,0.86
Finished Formulations,2024-03-22,21.34,67.0,63.3,0.15,0.1
Finished Formulations,2024-04-02,4.36,86.0,83.2,0.3,1.0
Finished Formulations,2024-04-03,3.76,87.0,86.1,0.33,1.0
Finished Formulations,2024-07-04,5.79,76.4,74.5,0.25,0.88
Finished Formulations,2024-07-25,5.02,78.2,76.4,0.29,0.94
Finished Formulations,2024-07-30,3.39,83.8,80.2,0.06,0.95
Finished Formulations,2024-11-29,12.61,57.4,43.5,0.52,0.98
Finished Formulations,2024-12-02,10.79,65.8,52.6,0.39,0.99
Finished Formulations,2024-12-03,11.06,73.5,54.9,0.16,0.99
Finished Formulations,2024-12-04,7.96,71.7,57.5,0.06,0.99
Finished Formulations,2024-12-09,7.6,71.7,61.1,0.16,0.96
Finished Formulations,2024-12-31,6.15,53.4,52.6,0.41,0.92
Finished Formulations,2025-01-01,8.37,67.0,60.0,0.32,0.92
Finished Formulations,2025-01-03,5.19,64.3,62.6,0.22,0.89
Finished Formulations,2025-01-07,8.46,60.9,56.5,0.54,0.96
Finished Formulations,2025-01-20,4.59,33.1,27.1,0.16,1.0
Finished Formulations,2025-03-18,14.5,38.8,24.0,0.68,0.98
Finished Formulations,2025-03-19,17.7,55.0,32.5,0.59,0.97
Finished Formulations,2025-03-21,19.54,67.8,41.3,0.54,0.95
Finished Formulations,2025-03-27,6.82,50.4,38.8,0.04,0.97
Finished Formulations,2025-04-01,10.88,52.9,34.5,0.08,0.96
Finished Formulations,2025-04-02,17.46,65.8,37.5,0.21,0.94
Finished Formulations,2025-04-03,16.98,78.5,55.4,0.43,0.94
Finished Formulations,2025-04-07,8.75,16.8,12.6,0.66,1.0
Finished Formulations,2025-05-05,6.96,54.6,43.7,0.12,0.98
Finished Formulations,2025-05-12,8.84,55.8,50.0,0.37,0.89
Finished Formulations,2025-05-13,11.03,71.1,61.2,0.34,0.87
Finished Formulations,2025-05-14,8.43,76.9,68.6,0.14,0.85
Finished Formulations,2025-05-15,8.37,75.2,67.8,0.14,0.83
Finished Formulations,2025-05-19,10.3,78.7,70.5,0.31,0.84
Finished Formulations,2025-05-21,7.87,68.9,64.8,0.35,0.88
Finished Formulations,2025-05-23,5.99,69.4,65.3,0.14,0.88
Finished Formulations,2025-05-26,4.84,66.7,64.2,0.13,0.89
Finished Formulations,2025-05-27,6.58,71.7,65.8,0.13,0.88
Finished Formulations,2025-05-29,4.33,63.3,60.8,0.1,0.89
Finished Formulations,2025-06-05,4.54,62.5,60.0,0.1,0.89
Finished Formulations,2025-06-10,5.31,66.9,64.5,0.08,0.83
Finished Formulations,2025-06-30,10.09,66.9,64.5,0.45,0.78
Finished Formulations,2025-07-03,5.44,66.9,65.3,0.08,0.81
Finished Formulations,2025-07-16,4.29,73.2,72.4,0.16,0.88
Finished Formulations,2026-08-11,10.68,57.3,55.9,0.45,0.72
Finished Formulations,2026-08-13,5.55,54.9,54.2,0.08,0.78
Flexible Packaging Films,2024-04-02,9.94,91.7,83.3,0.58,1.0
Flexible Packaging Films,2024-04-03,9.45,100.0,83.3,0.11,1.0
Flexible Packaging Films,2024-07-26,22.01,83.3,75.0,1.5,0.86
Flexible Packaging Films,2024-09-13,9.82,84.6,69.2,0.08,0.93
Flexible Packaging Films,2024-10-31,10.42,64.3,50.0,0.23,0.95
Flexible Packaging Films,2024-11-01,4.56,78.6,71.4,0.02,0.96
Flexible Packaging Films,2024-11-06,14.7,71.4,57.1,0.69,0.97
Flexible Packaging Films,2024-11-07,5.94,85.7,78.6,0.16,0.96
Flexible Packaging Films,2025-01-20,6.16,13.3,6.7,0.06,0.89
Flexible Packaging Films,2025-02-04,7.68,26.7,20.0,0.4,0.98
Flexible Packaging Films,2025-03-18,10.98,33.3,20.0,0.3,0.93
Flexible Packaging Films,2025-03-19,13.21,28.6,14.3,0.45,0.92
Flexible Packaging Films,2025-03-20,11.23,40.0,26.7,0.31,0.93
Flexible Packaging Films,2025-03-21,10.83,46.7,40.0,0.53,0.89
Flexible Packaging Films,2025-04-01,11.16,33.3,26.7,0.54,0.88
Flexible Packaging Films,2025-04-02,6.8,40.0,33.3,0.09,0.87
Flexible Packaging Films,2025-04-23,13.65,73.3,46.7,0.02,0.99
Flexible Packaging Films,2025-05-05,10.68,60.0,46.7,0.37,0.99
Flexible Packaging Films,2025-05-09,12.84,40.0,33.3,0.63,0.84
Flexible Packaging Films,2025-05-12,18.59,66.7,53.3,0.93,0.87
Flexible Packaging Films,2025-05-13,22.57,86.7,60.0,0.61,0.85
Flexible Packaging Films,2025-05-14,14.01,80.0,66.7,0.46,0.86
Flexible Packaging Films,2025-05-16,18.02,86.7,80.0,1.06,0.79
Flexible Packaging Films,2025-05-21,7.58,86.7,80.0,0.09,0.83
Flexible Packaging Films,2025-08-05,11.72,40.0,33.3,0.34,0.75
Flexible Packaging Films,2026-08-10,21.6,50.0,42.9,1.47,0.83
Flexible Packaging Films,2026-08-11,23.53,71.4,57.1,1.26,0.81
Flexible Packaging Films,2026-08-13,21.58,66.7,50.0,0.91,0.79
Flexible Packaging Films,2026-08-18,9.73,76.9,69.2,0.37,0.89
Flexible Packaging Films,2026-08-19,20.55,83.3,58.3,0.42,0.81
Flexible Packaging Films,2026-08-20,11.94,76.9,69.2,0.56,0.87
Fluorochemicals,2024-04-01,16.19,100.0,75.0,0.37,1.0
Fluorochemicals,2024-07-04,16.52,75.0,50.0,0.25,0.92
Fluorochemicals,2024-07-09,16.54,75.0,50.0,0.14,0.87
Fluorochemicals,2024-09-20,21.84,75.0,50.0,0.92,0.99
Fluorochemicals,2024-11-28,16.34,75.0,50.0,0.1,0.86
Fluorochemicals,2024-12-02,40.63,100.0,50.0,1.38,0.91
Fluorochemicals,2025-01-03,20.97,25.0,0.0,0.21,0.68
Fluorochemicals,2025-02-12,19.61,60.0,40.0,0.95,0.99
Fluorochemicals,2025-03-06,16.38,60.0,40.0,0.32,0.84
Fluorochemicals,2025-03-07,19.4,60.0,40.0,0.64,0.85
Fluorochemicals,2025-03-11,17.12,80.0,60.0,0.45,0.87
Fluorochemicals,2025-05-22,15.65,60.0,40.0,0.22,0.83
Fluorochemicals,2025-06-30,16.63,100.0,80.0,0.28,0.81
Fluorochemicals,2026-08-03,20.0,80.0,60.0,0.55,0.77
Fluorochemicals,2026-08-04,15.88,80.0,60.0,0.13,0.77
Fluorochemicals,2026-08-06,32.02,80.0,60.0,1.8,0.8
Food Delivery & Quick Commerce,2025-04-17,70.66,100.0,0.0,1.32,0.63
Food Delivery & Quick Commerce,2025-04-21,64.75,100.0,0.0,0.73,0.63
Food Delivery & Quick Commerce,2025-04-23,63.47,100.0,0.0,0.64,0.64
Food Delivery & Quick Commerce,2025-05-05,79.83,100.0,0.0,2.92,0.97
Food Delivery & Quick Commerce,2025-05-06,61.14,100.0,0.0,1.02,0.95
Food Delivery & Quick Commerce,2025-06-02,63.96,100.0,0.0,0.91,0.76
Footwear Retail Chains,2024-04-02,16.07,100.0,71.4,0.18,1.0
Footwear Retail Chains,2024-04-24,9.61,85.7,71.4,0.01,0.88
Footwear Retail Chains,2024-05-10,24.88,57.1,42.9,1.45,0.84
Footwear Retail Chains,2024-05-20,11.07,85.7,71.4,0.09,0.85
Footwear Retail Chains,2024-09-19,13.75,42.9,28.6,0.13,0.73
Footwear Retail Chains,2024-09-20,13.5,57.1,42.9,0.12,0.74
Footwear Retail Chains,2024-10-11,13.19,42.9,28.6,0.41,0.9
Footwear Retail Chains,2024-10-14,18.23,57.1,28.6,0.21,0.91
Footwear Retail Chains,2024-10-15,16.0,71.4,42.9,0.03,0.93
Footwear Retail Chains,2025-01-02,13.21,71.4,57.1,0.53,0.96
Footwear Retail Chains,2025-03-07,16.57,14.3,0.0,0.94,1.0
Footwear Retail Chains,2025-03-18,14.38,14.3,0.0,0.71,0.99
Footwear Retail Chains,2025-04-01,18.81,28.6,0.0,0.37,0.96
Footwear Retail Chains,2025-04-02,33.06,57.1,0.0,0.29,0.92
Footwear Retail Chains,2025-04-03,24.89,57.1,14.3,0.18,0.92
Footwear Retail Chains,2025-04-08,9.22,14.3,0.0,0.07,0.93
Footwear Retail Chains,2025-04-11,16.72,28.6,0.0,0.09,0.92
Footwear Retail Chains,2025-04-15,23.84,57.1,14.3,0.07,0.92
Footwear Retail Chains,2025-04-21,26.48,57.1,28.6,1.02,0.9
Footwear Retail Chains,2025-04-24,27.32,71.4,28.6,0.21,0.81
Footwear Retail Chains,2025-05-05,16.35,42.9,28.6,0.44,0.76
Footwear Retail Chains,2025-05-07,13.44,28.6,14.3,0.22,0.8
Footwear Retail Chains,2025-05-12,37.94,71.4,14.3,0.59,0.83
Footwear Retail Chains,2025-05-14,30.81,85.7,42.9,0.63,0.85
Footwear Retail Chains,2025-05-15,33.4,100.0,57.1,0.93,0.87
Footwear Retail Chains,2025-05-20,17.6,85.7,71.4,0.75,0.85
Footwear Retail Chains,2025-05-21,20.68,100.0,71.4,0.38,0.87
Footwear Retail Chains,2025-05-22,31.74,100.0,85.7,2.23,0.88
Footwear Retail Chains,2025-05-23,9.51,100.0,85.7,0.03,0.9
Footwear Retail Chains,2025-05-26,15.84,100.0,85.7,0.62,0.88
Footwear Retail Chains,2025-06-10,12.32,71.4,57.1,0.21,0.85
Footwear Retail Chains,2025-06-23,14.51,14.3,0.0,0.31,0.78
Footwear Retail Chains,2025-06-27,21.04,57.1,28.6,0.37,0.85
Footwear Retail Chains,2025-07-07,26.51,71.4,57.1,1.7,0.88
Footwear Retail Chains,2026-07-31,9.81,12.5,0.0,0.04,0.84
Footwear Retail Chains,2026-08-05,23.28,12.5,0.0,1.38,0.84
Footwear Retail Chains,2026-08-11,10.42,25.0,12.5,0.25,0.92
Footwear Retail Chains,2026-08-13,17.99,37.5,12.5,0.41,0.93
Footwear Retail Chains,2026-08-14,19.46,50.0,25.0,0.27,0.79
Footwear Retail Chains,2026-08-17,27.24,50.0,12.5,0.47,0.81
Forex & Currency Exchange,2025-01-20,53.28,100.0,0.0,0.1,0.89
Forex & Currency Exchange,2025-05-15,54.15,100.0,0.0,0.1,0.84
Forex & Currency Exchange,2025-06-09,58.07,100.0,0.0,0.1,0.65
Forex & Currency Exchange,2025-06-10,58.12,100.0,0.0,0.1,0.64
Forex & Currency Exchange,2025-06-11,57.51,100.0,0.0,0.1,0.67
Foundry Equipment & Shot Blasting,2026-07-24,55.97,100.0,0.0,0.6,1.0
Freight Forwarding & Multi-Modal Cargo,2024-04-05,14.47,88.9,66.7,0.34,1.0
Freight Forwarding & Multi-Modal Cargo,2024-04-08,6.31,77.8,66.7,0.08,1.0
Freight Forwarding & Multi-Modal Cargo,2024-04-09,12.19,100.0,88.9,0.66,1.0
Freight Forwarding & Multi-Modal Cargo,2024-04-12,11.36,77.8,66.7,0.58,1.0
Freight Forwarding & Multi-Modal Cargo,2024-05-17,14.43,66.7,55.6,0.5,0.81
Freight Forwarding & Multi-Modal Cargo,2024-05-29,15.01,33.3,22.2,0.54,0.8
Freight Forwarding & Multi-Modal Cargo,2024-06-07,6.62,22.2,11.1,0.09,0.99
Freight Forwarding & Multi-Modal Cargo,2024-07-31,10.83,77.8,66.7,0.41,0.94
Freight Forwarding & Multi-Modal Cargo,2024-08-12,7.29,55.6,44.4,0.11,0.97
Freight Forwarding & Multi-Modal Cargo,2024-10-23,9.89,11.1,0.0,0.27,0.92
Freight Forwarding & Multi-Modal Cargo,2024-11-06,9.21,44.4,33.3,0.18,0.91
Freight Forwarding & Multi-Modal Cargo,2024-11-22,11.87,33.3,22.2,0.61,0.99
Freight Forwarding & Multi-Modal Cargo,2024-11-28,10.29,44.4,33.3,0.4,0.96
Freight Forwarding & Multi-Modal Cargo,2024-12-02,30.48,77.8,44.4,1.36,0.99
Freight Forwarding & Multi-Modal Cargo,2024-12-03,9.18,55.6,44.4,0.36,1.0
Freight Forwarding & Multi-Modal Cargo,2024-12-16,12.02,77.8,55.6,0.03,0.97
Freight Forwarding & Multi-Modal Cargo,2024-12-17,14.89,66.7,44.4,0.29,0.96
Freight Forwarding & Multi-Modal Cargo,2024-12-24,13.64,55.6,33.3,0.22,0.99
Freight Forwarding & Multi-Modal Cargo,2024-12-25,14.07,55.6,33.3,0.21,0.96
Freight Forwarding & Multi-Modal Cargo,2025-01-01,8.81,44.4,33.3,0.17,0.92
Freight Forwarding & Multi-Modal Cargo,2025-01-20,23.75,66.7,33.3,0.56,0.93
Freight Forwarding & Multi-Modal Cargo,2025-04-22,9.49,88.9,77.8,0.32,0.96
Freight Forwarding & Multi-Modal Cargo,2025-04-23,10.24,88.9,77.8,0.42,0.97
Freight Forwarding & Multi-Modal Cargo,2025-04-24,10.0,88.9,77.8,0.38,0.97
Freight Forwarding & Multi-Modal Cargo,2025-04-28,12.69,66.7,55.6,0.59,0.94
Freight Forwarding & Multi-Modal Cargo,2025-05-02,13.36,66.7,55.6,0.61,0.91
Freight Forwarding & Multi-Modal Cargo,2025-05-07,13.35,55.6,44.4,0.57,0.9
Freight Forwarding & Multi-Modal Cargo,2025-05-09,8.32,44.4,33.3,0.0,0.86
Freight Forwarding & Multi-Modal Cargo,2025-05-12,9.16,77.8,66.7,0.13,0.89
Freight Forwarding & Multi-Modal Cargo,2025-05-13,8.41,88.9,77.8,0.05,0.88
Freight Forwarding & Multi-Modal Cargo,2025-05-14,15.86,100.0,88.9,0.72,0.84
Freight Forwarding & Multi-Modal Cargo,2025-05-26,14.98,77.8,66.7,0.67,0.86
Freight Forwarding & Multi-Modal Cargo,2025-06-18,9.91,66.7,55.6,0.13,0.85
Freight Forwarding & Multi-Modal Cargo,2026-08-05,13.89,58.3,50.0,0.83,0.93
Freight Forwarding & Multi-Modal Cargo,2026-08-10,17.05,50.0,41.7,0.9,0.81
Furniture & Mattresses,2024-05-15,26.67,60.0,20.0,0.25,0.79
Furniture & Mattresses,2024-05-16,31.08,60.0,40.0,1.69,0.79
Furniture & Mattresses,2024-10-10,14.44,60.0,40.0,0.22,0.89
Furniture & Mattresses,2024-10-16,13.98,60.0,40.0,0.29,0.95
Furniture & Mattresses,2024-10-18,11.3,66.7,50.0,0.23,0.97
Furniture & Mattresses,2024-12-09,17.54,100.0,83.3,0.91,0.99
Furniture & Mattresses,2024-12-11,16.81,100.0,83.3,0.8,0.98
Furniture & Mattresses,2025-01-02,25.08,66.7,50.0,1.18,0.75
Furniture & Mattresses,2025-04-24,17.56,66.7,33.3,0.03,0.97
Furniture & Mattresses,2025-04-29,24.85,50.0,16.7,0.69,0.94
Furniture & Mattresses,2025-05-12,20.1,83.3,66.7,1.08,0.95
Furniture & Mattresses,2025-05-19,20.17,83.3,66.7,1.02,0.92
Furniture & Mattresses,2025-06-09,15.66,66.7,50.0,0.71,0.99
Furniture & Mattresses,2026-07-31,15.01,57.1,42.9,0.24,0.72
"Gaming, Casinos & Entertainment",2024-05-16,79.33,100.0,0.0,2.0,0.53
"Gaming, Casinos & Entertainment",2024-06-07,66.42,100.0,0.0,1.15,0.75
"Gaming, Casinos & Entertainment",2024-08-21,77.59,100.0,0.0,1.98,0.61
"Gaming, Casinos & Entertainment",2024-11-06,64.31,100.0,0.0,1.32,0.95
"Gaming, Casinos & Entertainment",2024-11-08,72.22,100.0,0.0,2.09,0.94
"Gaming, Casinos & Entertainment",2024-11-11,64.21,100.0,0.0,1.31,0.94
"Gaming, Casinos & Entertainment",2024-11-12,70.52,100.0,0.0,1.93,0.94
"Gaming, Casinos & Entertainment",2024-11-28,58.08,100.0,0.0,0.77,0.98
"Gaming, Casinos & Entertainment",2024-11-29,58.67,100.0,0.0,0.85,0.99
"Gaming, Casinos & Entertainment",2025-01-08,92.15,100.0,0.0,4.16,0.97
"Gaming, Casinos & Entertainment",2025-06-25,71.37,100.0,0.0,1.39,0.63
"Gaming, Casinos & Entertainment",2025-06-26,67.0,100.0,0.0,0.94,0.62
"Gaming, Casinos & Entertainment",2025-06-30,64.77,100.0,0.0,0.74,0.63
"Gaming, Casinos & Entertainment",2025-07-04,63.51,100.0,0.0,0.68,0.67
"Gaming, Esports & Mobile Games",2024-11-18,57.11,100.0,0.0,0.64,0.96
"Gaming, Esports & Mobile Games",2024-11-19,59.96,100.0,0.0,0.84,0.92
"Gaming, Esports & Mobile Games",2024-11-20,62.17,100.0,0.0,0.88,0.83
"Gaming, Esports & Mobile Games",2024-11-22,71.7,100.0,0.0,1.89,0.86
"Gaming, Esports & Mobile Games",2025-03-06,71.46,100.0,0.0,1.08,0.47
"Gaming, Esports & Mobile Games",2025-03-11,67.65,100.0,0.0,0.66,0.45
"Gaming, Esports & Mobile Games",2025-03-12,68.71,100.0,0.0,0.46,0.29
"Gaming, Esports & Mobile Games",2025-03-18,69.93,100.0,0.0,0.61,0.31
Garments & Apparel Exports,2024-03-22,25.41,63.4,53.7,0.25,0.1
Garments & Apparel Exports,2024-04-03,7.26,90.2,87.8,0.56,0.98
Garments & Apparel Exports,2024-08-21,6.11,64.3,59.5,0.29,0.96
Garments & Apparel Exports,2024-08-26,12.2,69.8,62.8,0.81,0.97
Garments & Apparel Exports,2024-10-16,7.24,44.2,34.9,0.12,0.93
Garments & Apparel Exports,2024-11-25,4.29,34.9,32.6,0.3,1.0
Garments & Apparel Exports,2024-11-27,9.29,46.3,31.7,0.09,0.94
Garments & Apparel Exports,2024-11-28,10.78,55.8,37.2,0.02,0.94
Garments & Apparel Exports,2024-11-29,20.72,69.8,41.9,0.55,0.94
Garments & Apparel Exports,2024-12-02,14.95,76.7,55.8,0.34,0.95
Garments & Apparel Exports,2024-12-03,14.84,81.0,59.5,0.32,0.95
Garments & Apparel Exports,2024-12-04,18.59,83.3,61.9,0.74,0.98
Garments & Apparel Exports,2024-12-05,13.53,76.2,59.5,0.48,0.98
Garments & Apparel Exports,2024-12-06,15.61,78.0,61.0,0.66,0.98
Garments & Apparel Exports,2024-12-09,15.85,86.0,65.1,0.52,0.99
Garments & Apparel Exports,2024-12-11,4.58,76.2,69.0,0.07,0.98
Garments & Apparel Exports,2024-12-16,17.6,73.8,64.3,1.19,0.96
Garments & Apparel Exports,2024-12-19,7.43,60.5,55.8,0.43,0.96
Garments & Apparel Exports,2025-04-22,10.82,77.3,61.4,0.28,1.0
Garments & Apparel Exports,2025-04-23,14.16,80.0,53.3,0.05,0.98
Garments & Apparel Exports,2025-04-24,10.6,74.4,55.8,0.09,0.98
Garments & Apparel Exports,2025-04-28,6.59,63.6,54.5,0.17,0.98
Garments & Apparel Exports,2025-05-02,5.95,46.5,41.9,0.3,0.97
Garments & Apparel Exports,2025-05-07,11.59,52.3,38.6,0.42,0.97
Garments & Apparel Exports,2025-05-08,7.36,47.7,38.6,0.18,0.95
Garments & Apparel Exports,2025-05-09,8.89,46.3,39.0,0.32,0.9
Garments & Apparel Exports,2025-05-13,13.73,86.0,65.1,0.21,0.94
Garments & Apparel Exports,2025-05-14,10.78,83.3,71.4,0.33,0.92
Garments & Apparel Exports,2025-05-15,10.79,88.4,74.4,0.21,0.92
Garments & Apparel Exports,2025-05-16,11.64,90.7,72.1,0.06,0.91
Garments & Apparel Exports,2025-05-19,7.59,84.1,77.3,0.27,0.93
Garments & Apparel Exports,2025-05-21,4.15,80.5,75.6,0.01,0.92
Garments & Apparel Exports,2025-05-27,4.94,76.7,74.4,0.2,0.91
Garments & Apparel Exports,2025-07-04,7.73,52.3,47.7,0.13,0.79
Garments & Apparel Exports,2026-07-31,8.5,34.7,28.6,0.04,0.75
Garments & Apparel Exports,2026-08-03,17.09,40.8,32.7,0.81,0.75
Garments & Apparel Exports,2026-08-04,9.29,39.2,33.3,0.19,0.78
Garments & Apparel Exports,2026-08-05,11.44,44.0,36.0,0.25,0.75
Garments & Apparel Exports,2026-08-07,15.15,48.0,32.0,0.18,0.73
Garments & Apparel Exports,2026-08-10,14.22,50.0,38.0,0.33,0.75
Garments & Apparel Exports,2026-08-13,9.69,42.9,34.7,0.03,0.74
Garments & Apparel Exports,2026-08-17,7.9,37.5,35.4,0.04,0.67
Garments & Apparel Exports,2026-08-21,8.52,37.7,32.1,0.01,0.72
Gas Transmission Pipelines,2024-09-24,62.71,100.0,0.0,1.04,0.88
Gas Transmission Pipelines,2025-03-18,62.92,100.0,0.0,1.14,0.93
Gas Transmission Pipelines,2025-03-19,60.97,100.0,0.0,0.95,0.93
Gas Transmission Pipelines,2025-03-20,59.53,100.0,0.0,0.77,0.91
Gas Transmission Pipelines,2025-08-20,59.42,100.0,0.0,0.8,0.93
Gas Transmission Pipelines,2026-07-21,58.7,100.0,0.0,0.63,0.88
Gas Transmission Pipelines,2026-07-27,69.41,100.0,0.0,1.88,0.97
Gas Transmission Pipelines,2026-07-28,76.08,100.0,0.0,2.56,0.98
General & Health Insurance,2024-11-19,13.87,50.0,25.0,0.06,0.96
General & Health Insurance,2024-11-20,15.47,50.0,25.0,0.03,0.86
General & Health Insurance,2024-11-26,35.69,100.0,50.0,0.82,0.88
General & Health Insurance,2024-11-28,28.96,100.0,50.0,0.14,0.87
General & Health Insurance,2024-11-29,35.84,100.0,50.0,0.79,0.86
General & Health Insurance,2024-12-02,33.77,100.0,50.0,0.61,0.86
General & Health Insurance,2024-12-03,22.21,100.0,75.0,0.66,0.85
General & Health Insurance,2024-12-18,16.6,100.0,75.0,0.2,0.9
General & Health Insurance,2024-12-20,68.95,80.0,60.0,5.58,0.84
General & Health Insurance,2025-02-28,25.28,40.0,0.0,0.1,0.79
General & Health Insurance,2025-03-06,25.41,40.0,0.0,0.25,0.85
General & Health Insurance,2025-03-17,14.45,20.0,0.0,0.14,0.85
General & Health Insurance,2025-03-18,26.74,40.0,20.0,1.4,0.86
General & Health Insurance,2025-03-19,30.3,60.0,20.0,0.77,0.87
General & Health Insurance,2025-03-21,24.85,60.0,40.0,1.32,0.92
General & Health Insurance,2025-04-01,24.63,60.0,20.0,0.18,0.86
General & Health Insurance,2025-04-02,24.82,60.0,20.0,0.11,0.81
General & Health Insurance,2025-04-03,18.18,60.0,40.0,0.3,0.74
General & Health Insurance,2025-04-08,15.93,20.0,0.0,0.22,0.81
General & Health Insurance,2025-04-11,15.72,20.0,0.0,0.29,0.86
General & Health Insurance,2025-04-15,12.52,40.0,20.0,0.05,0.9
General & Health Insurance,2025-04-16,13.63,60.0,40.0,0.16,0.9
General & Health Insurance,2025-04-22,26.14,80.0,60.0,1.41,0.9
General & Health Insurance,2025-04-23,38.69,100.0,60.0,1.72,0.93
General & Health Insurance,2025-05-12,12.99,60.0,40.0,0.21,0.95
General & Health Insurance,2025-05-14,13.44,100.0,80.0,0.22,0.94
General & Health Insurance,2025-05-16,17.69,100.0,80.0,0.62,0.92
General & Health Insurance,2025-07-30,25.37,80.0,60.0,1.42,0.94
General & Health Insurance,2026-07-31,21.61,20.0,0.0,0.58,0.71
General & Health Insurance,2026-08-05,35.06,60.0,40.0,2.03,0.76
General & Health Insurance,2026-08-14,15.5,20.0,0.0,0.06,0.75
General & Health Insurance,2026-08-18,18.77,40.0,20.0,0.42,0.77
Geospatial AI & Digital Mapping,2024-05-20,61.65,100.0,0.0,0.65,0.74
Geospatial AI & Digital Mapping,2025-05-12,67.48,100.0,0.0,1.37,0.81
Geospatial AI & Digital Mapping,2025-05-16,79.92,100.0,0.0,2.24,0.62
Geospatial AI & Digital Mapping,2025-07-11,76.66,100.0,0.0,2.45,0.89
Geospatial AI & Digital Mapping,2025-07-16,59.49,100.0,0.0,0.49,0.77
Gold Finance,2024-12-03,30.22,100.0,50.0,0.48,0.98
Gold Jewellery & Retail,2024-11-28,11.49,50.0,35.7,0.18,0.87
Gold Jewellery & Retail,2024-12-03,19.55,78.6,50.0,0.27,0.87
Gold Jewellery & Retail,2024-12-06,20.98,85.7,71.4,1.1,0.86
Gold Jewellery & Retail,2024-12-11,9.89,92.9,78.6,0.15,0.94
Gold Jewellery & Retail,2024-12-12,12.29,100.0,85.7,0.29,0.89
Gold Jewellery & Retail,2024-12-13,12.0,85.7,71.4,0.3,0.91
Gold Jewellery & Retail,2025-01-01,15.95,50.0,42.9,1.21,0.99
Gold Jewellery & Retail,2025-03-18,12.51,20.0,6.7,0.47,0.94
Gold Jewellery & Retail,2025-03-19,20.52,33.3,13.3,0.95,0.95
Gold Jewellery & Retail,2025-03-21,18.52,53.3,26.7,0.31,0.9
Gold Jewellery & Retail,2025-04-01,8.15,26.7,20.0,0.31,0.92
Gold Jewellery & Retail,2025-04-02,22.19,66.7,33.3,0.38,0.91
Gold Jewellery & Retail,2025-04-03,29.49,80.0,40.0,0.78,0.92
Gold Jewellery & Retail,2025-04-07,13.14,6.7,0.0,0.89,0.95
Gold Jewellery & Retail,2025-04-08,24.75,53.3,13.3,0.4,0.96
Gold Jewellery & Retail,2025-04-09,15.91,33.3,6.7,0.15,0.95
Gold Jewellery & Retail,2025-04-11,17.51,73.3,46.7,0.32,0.95
Gold Jewellery & Retail,2025-04-16,23.78,86.7,46.7,0.29,0.96
Gold Jewellery & Retail,2025-04-17,18.78,73.3,40.0,0.11,0.95
Gold Jewellery & Retail,2025-04-24,9.29,80.0,66.7,0.17,0.95
Gold Jewellery & Retail,2025-04-28,4.71,60.0,53.3,0.04,0.95
Gold Jewellery & Retail,2025-05-05,17.48,40.0,33.3,1.27,0.93
Gold Jewellery & Retail,2025-05-09,13.06,20.0,13.3,0.65,0.84
Gold Jewellery & Retail,2025-05-12,23.5,80.0,46.7,0.35,0.84
Gold Jewellery & Retail,2025-05-14,18.57,86.7,60.0,0.12,0.8
Gold Jewellery & Retail,2025-05-23,10.32,66.7,53.3,0.0,0.82
Gold Jewellery & Retail,2025-05-28,19.1,60.0,46.7,0.78,0.77
Gold Jewellery & Retail,2025-07-01,10.51,53.3,46.7,0.35,0.82
Gold Jewellery & Retail,2025-07-03,8.96,56.2,50.0,0.16,0.79
Gold Jewellery & Retail,2025-07-04,23.22,81.2,68.8,1.43,0.87
Gold Jewellery & Retail,2025-07-07,10.56,80.0,73.3,0.52,0.9
Gold Jewellery & Retail,2025-08-05,5.98,40.0,33.3,0.2,0.97
Gold Jewellery & Retail,2026-08-07,10.47,66.7,61.1,0.43,0.83
Gold Jewellery & Retail,2026-08-21,15.99,55.0,45.0,0.67,0.78
Government Securities & Bond Dealing,2024-05-23,59.55,100.0,0.0,0.83,0.94
Government Securities & Bond Dealing,2025-03-24,68.03,100.0,0.0,1.69,0.94
Government Securities & Bond Dealing,2025-03-26,65.06,100.0,0.0,1.4,0.95
Government Securities & Bond Dealing,2025-04-01,58.88,100.0,0.0,0.78,0.95
Green Energy Generation (IPP),2024-03-22,36.71,85.7,57.1,0.44,0.1
Green Energy Generation (IPP),2024-05-14,15.99,85.7,71.4,0.88,1.0
Green Energy Generation (IPP),2024-09-04,15.14,71.4,57.1,0.47,0.84
Green Energy Generation (IPP),2024-09-27,44.63,85.7,42.9,2.25,0.96
Green Energy Generation (IPP),2024-10-18,9.24,28.6,14.3,0.2,0.99
Green Energy Generation (IPP),2024-11-27,23.14,37.5,12.5,0.89,0.91
Green Energy Generation (IPP),2024-11-28,20.16,62.5,50.0,1.24,0.93
Green Energy Generation (IPP),2024-12-02,23.6,75.0,37.5,0.42,0.97
Green Energy Generation (IPP),2024-12-03,19.91,75.0,50.0,0.67,0.96
Green Energy Generation (IPP),2025-03-21,50.1,100.0,37.5,1.84,0.98
Green Energy Generation (IPP),2025-03-24,34.96,100.0,50.0,0.91,0.96
Green Energy Generation (IPP),2025-03-27,31.27,62.5,25.0,1.21,0.98
Green Energy Generation (IPP),2025-04-01,36.67,75.0,12.5,0.35,0.9
Green Energy Generation (IPP),2025-04-03,33.92,87.5,37.5,0.65,0.88
Green Energy Generation (IPP),2025-04-28,26.19,100.0,62.5,0.7,0.98
Green Energy Generation (IPP),2025-05-16,20.97,100.0,87.5,1.35,0.94
Green Energy Generation (IPP),2025-08-19,20.0,25.0,0.0,0.47,0.86
Green Energy Generation (IPP),2025-08-20,26.07,37.5,12.5,1.11,0.88
Grocery & Departmental Stores,2024-09-10,13.49,85.7,71.4,0.46,0.91
Grocery & Departmental Stores,2024-12-03,12.57,66.7,50.0,0.13,0.85
Grocery & Departmental Stores,2024-12-04,10.2,57.1,42.9,0.06,0.88
Grocery & Departmental Stores,2025-03-05,21.86,25.0,12.5,1.19,0.81
Grocery & Departmental Stores,2025-03-07,10.43,25.0,12.5,0.04,0.81
Grocery & Departmental Stores,2025-03-19,25.33,57.1,14.3,0.2,0.91
Grocery & Departmental Stores,2025-03-21,16.46,62.5,37.5,0.15,0.88
Grocery & Departmental Stores,2025-03-27,21.26,62.5,37.5,0.56,0.84
Grocery & Departmental Stores,2025-04-01,22.76,62.5,25.0,0.05,0.82
Grocery & Departmental Stores,2025-04-02,22.2,87.5,62.5,0.74,0.89
Grocery & Departmental Stores,2025-04-09,8.57,28.6,14.3,0.1,0.98
Grocery & Departmental Stores,2025-04-11,17.43,71.4,42.9,0.3,0.99
Grocery & Departmental Stores,2025-04-15,19.82,100.0,75.0,0.73,1.0
Grocery & Departmental Stores,2025-04-16,13.99,100.0,75.0,0.1,0.98
Grocery & Departmental Stores,2025-04-17,23.51,100.0,75.0,1.04,0.97
Grocery & Departmental Stores,2025-05-13,12.37,85.7,71.4,0.48,0.98
Grocery & Departmental Stores,2025-06-06,24.0,87.5,75.0,1.4,0.81
Grocery & Departmental Stores,2025-06-09,15.94,87.5,75.0,0.53,0.78
Grocery & Departmental Stores,2025-06-17,20.92,62.5,50.0,0.92,0.73
Grocery & Departmental Stores,2025-07-15,22.5,57.1,42.9,1.23,0.85
Grocery & Departmental Stores,2025-07-17,18.72,55.6,33.3,0.17,0.71
Grocery & Departmental Stores,2025-08-22,9.0,55.6,44.4,0.33,0.99
Grocery & Departmental Stores,2026-08-06,15.19,70.0,50.0,0.3,0.89
Grocery & Departmental Stores,2026-08-07,16.78,70.0,60.0,0.75,0.78
Grocery & Departmental Stores,2026-08-10,17.32,80.0,70.0,0.8,0.79
Hair Oils & Personal Care,2025-01-31,61.03,100.0,0.0,0.72,0.81
Hair Oils & Personal Care,2025-03-24,69.95,100.0,0.0,1.88,0.94
Hair Oils & Personal Care,2025-04-01,59.22,100.0,0.0,0.91,1.0
Hair Oils & Personal Care,2025-05-15,73.61,100.0,0.0,2.11,0.87
Healthcare & Life Sciences Tech,2024-08-22,34.03,100.0,50.0,0.84,0.97
Healthcare & Life Sciences Tech,2024-11-07,37.43,100.0,50.0,0.92,0.84
Healthcare & Life Sciences Tech,2024-12-13,38.4,50.0,0.0,0.67,0.67
Healthcare & Life Sciences Tech,2025-04-11,29.56,100.0,50.0,0.32,0.93
Healthcare & Life Sciences Tech,2025-04-17,31.38,100.0,50.0,0.39,0.87
Healthcare & Life Sciences Tech,2025-04-22,33.34,100.0,50.0,0.55,0.86
Healthcare & Life Sciences Tech,2025-05-13,35.9,100.0,50.0,0.35,0.63
Healthcare & Life Sciences Tech,2025-05-14,35.91,100.0,50.0,0.37,0.64
Healthcare & Life Sciences Tech,2025-06-13,34.52,100.0,50.0,0.6,0.82
Healthcare & Life Sciences Tech,2026-07-31,64.48,100.0,50.0,2.95,0.5
Heavy Infrastructure & Highways EPC,2025-04-15,51.05,100.0,0.0,0.1,1.0
Heavy Infrastructure & Highways EPC,2025-05-05,56.86,100.0,0.0,0.1,0.71
Heavy Infrastructure & Highways EPC,2025-05-13,57.08,100.0,0.0,0.1,0.7
Heavy Infrastructure & Highways EPC,2025-05-14,55.57,100.0,0.0,0.1,0.77
Heavy Infrastructure & Highways EPC,2025-06-11,51.58,100.0,0.0,0.1,0.97
Heavy Infrastructure EPC,2024-04-01,17.9,90.0,70.0,0.79,1.0
Heavy Infrastructure EPC,2024-07-11,11.54,70.0,60.0,0.13,0.74
Heavy Infrastructure EPC,2024-07-15,11.0,70.0,60.0,0.07,0.74
Heavy Infrastructure EPC,2024-07-24,24.75,60.0,50.0,1.53,0.78
Heavy Infrastructure EPC,2024-07-25,26.04,80.0,70.0,1.74,0.82
Heavy Infrastructure EPC,2024-07-26,26.82,90.0,80.0,1.9,0.86
Heavy Infrastructure EPC,2024-08-23,5.63,70.0,60.0,0.05,0.99
Heavy Infrastructure EPC,2024-11-06,13.38,75.0,58.3,0.48,0.99
Heavy Infrastructure EPC,2024-11-07,18.18,83.3,50.0,0.13,0.99
Heavy Infrastructure EPC,2024-11-08,13.44,75.0,50.0,0.09,1.0
Heavy Infrastructure EPC,2024-11-26,7.31,50.0,41.7,0.22,0.95
Heavy Infrastructure EPC,2024-12-02,20.21,75.0,58.3,1.12,0.96
Heavy Infrastructure EPC,2024-12-03,10.33,75.0,66.7,0.53,0.96
Heavy Infrastructure EPC,2024-12-05,10.18,91.7,83.3,0.42,0.91
Heavy Infrastructure EPC,2024-12-06,12.95,75.0,58.3,0.3,0.92
Heavy Infrastructure EPC,2024-12-09,11.02,66.7,58.3,0.54,0.93
Heavy Infrastructure EPC,2024-12-10,7.72,66.7,58.3,0.23,0.94
Heavy Infrastructure EPC,2024-12-13,17.3,75.0,58.3,0.7,0.9
Heavy Infrastructure EPC,2024-12-27,9.47,50.0,41.7,0.22,0.85
Heavy Infrastructure EPC,2025-01-02,14.0,66.7,58.3,0.85,0.93
Heavy Infrastructure EPC,2025-01-17,5.43,50.0,41.7,0.1,0.99
Heavy Infrastructure EPC,2025-04-01,15.37,41.7,16.7,0.28,0.99
Heavy Infrastructure EPC,2025-04-03,38.61,83.3,25.0,0.91,0.98
Heavy Infrastructure EPC,2025-04-15,29.41,83.3,33.3,0.4,0.98
Heavy Infrastructure EPC,2025-04-17,31.14,91.7,33.3,0.08,0.94
Heavy Infrastructure EPC,2025-04-21,28.68,100.0,50.0,0.22,0.93
Heavy Infrastructure EPC,2025-04-24,17.28,91.7,75.0,0.63,0.87
Heavy Infrastructure EPC,2025-04-28,19.92,66.7,50.0,0.84,0.84
Heavy Infrastructure EPC,2025-05-12,16.46,58.3,41.7,0.35,0.77
Heavy Infrastructure EPC,2025-05-13,23.66,66.7,33.3,0.22,0.76
Heavy Infrastructure EPC,2025-05-15,17.92,75.0,50.0,0.12,0.79
Heavy Infrastructure EPC,2025-05-19,15.03,83.3,75.0,0.71,0.81
Heavy Infrastructure EPC,2025-05-22,13.66,75.0,58.3,0.27,0.87
Heavy Infrastructure EPC,2025-05-23,18.16,75.0,58.3,0.77,0.89
Heavy Infrastructure EPC,2025-06-05,8.56,75.0,66.7,0.42,0.99
Heavy Infrastructure EPC,2025-06-06,4.5,66.7,58.3,0.0,0.99
Heavy Infrastructure EPC,2025-07-15,10.8,58.3,50.0,0.38,0.86
Heavy Infrastructure EPC,2025-08-13,9.7,23.1,15.4,0.41,0.91
Heavy Infrastructure EPC,2026-07-31,15.38,41.7,25.0,0.34,0.82
Heavy Infrastructure EPC,2026-08-05,10.59,46.2,38.5,0.22,0.77
Heavy Infrastructure EPC,2026-08-07,20.73,66.7,50.0,0.92,0.84
Heavy Infrastructure EPC,2026-08-20,13.41,50.0,33.3,0.31,0.9
Heavy Infrastructure EPC,2026-08-21,19.39,61.5,38.5,0.68,0.95
Heavy Process Equipment & Machinery,2024-08-22,30.99,57.1,14.3,0.58,0.81
Heavy Process Equipment & Machinery,2024-09-02,14.3,42.9,28.6,0.32,0.8
Heavy Process Equipment & Machinery,2024-09-11,15.96,57.1,42.9,0.29,0.7
Heavy Process Equipment & Machinery,2024-09-26,15.02,57.1,42.9,0.61,0.91
Heavy Process Equipment & Machinery,2025-01-02,13.84,55.6,44.4,0.33,0.75
Heavy Process Equipment & Machinery,2025-01-29,11.17,11.1,0.0,0.53,0.99
Heavy Process Equipment & Machinery,2025-01-31,11.55,11.1,0.0,0.56,0.98
Heavy Process Equipment & Machinery,2025-02-12,7.99,10.0,0.0,0.2,0.95
Heavy Process Equipment & Machinery,2025-03-24,26.15,72.7,36.4,0.79,1.0
Heavy Process Equipment & Machinery,2025-05-12,18.56,63.6,36.4,0.34,0.92
Heavy Process Equipment & Machinery,2025-05-13,29.42,81.8,36.4,0.51,0.92
Heavy Process Equipment & Machinery,2025-05-14,19.15,81.8,54.5,0.38,0.91
Heavy Process Equipment & Machinery,2025-05-15,20.85,90.9,63.6,0.52,0.9
Heavy Process Equipment & Machinery,2025-05-16,9.26,81.8,72.7,0.25,0.89
Heavy Process Equipment & Machinery,2025-05-21,12.31,72.7,63.6,0.49,0.86
Heavy Process Equipment & Machinery,2025-05-27,10.55,63.6,54.5,0.41,0.9
Heavy Process Equipment & Machinery,2025-06-02,15.46,90.9,72.7,0.52,0.94
Heavy Process Equipment & Machinery,2026-08-05,10.19,80.0,73.3,0.49,0.9
Heavy Process Equipment & Machinery,2026-08-14,22.04,54.5,45.5,0.78,0.51
Heavy Process Plant Equipment,2024-04-01,18.03,100.0,75.0,0.55,1.0
Heavy Process Plant Equipment,2024-05-27,16.35,20.0,0.0,0.35,0.86
Heavy Process Plant Equipment,2024-06-07,14.97,20.0,0.0,0.45,0.98
Heavy Process Plant Equipment,2024-08-02,17.05,40.0,20.0,0.41,0.85
Heavy Process Plant Equipment,2024-08-22,17.58,80.0,60.0,0.44,0.84
Heavy Process Plant Equipment,2024-08-23,21.16,80.0,60.0,0.87,0.87
Heavy Process Plant Equipment,2024-09-05,36.37,80.0,20.0,0.33,0.85
Heavy Process Plant Equipment,2024-09-06,14.77,60.0,40.0,0.19,0.86
Heavy Process Plant Equipment,2024-10-09,27.42,40.0,20.0,1.72,0.99
Heavy Process Plant Equipment,2024-12-10,17.57,83.3,50.0,0.03,0.97
Heavy Process Plant Equipment,2024-12-12,12.68,66.7,50.0,0.05,0.81
Heavy Process Plant Equipment,2024-12-27,16.85,50.0,33.3,0.6,0.87
Heavy Process Plant Equipment,2025-01-02,10.69,66.7,50.0,0.15,0.95
Heavy Process Plant Equipment,2025-04-23,10.82,100.0,83.3,0.21,0.98
Heavy Process Plant Equipment,2025-04-28,28.96,66.7,16.7,0.17,0.89
Heavy Process Plant Equipment,2025-05-12,33.15,66.7,16.7,0.36,0.77
Heavy Process Plant Equipment,2025-05-14,27.1,100.0,66.7,0.58,0.77
Heavy Process Plant Equipment,2025-05-15,25.35,100.0,83.3,1.37,0.83
Heavy Process Plant Equipment,2025-05-19,27.52,100.0,83.3,1.6,0.84
Heavy Process Plant Equipment,2025-05-20,16.78,100.0,83.3,0.8,0.98
Heavy Process Plant Equipment,2026-08-03,14.85,37.5,25.0,0.04,0.59
Heavy Process Plant Equipment,2026-08-04,16.83,50.0,37.5,0.22,0.58
Heavy Process Plant Equipment,2026-08-13,33.99,75.0,50.0,1.69,0.77
Heavy Process Plant Equipment,2026-08-17,13.51,50.0,40.0,0.2,0.68
Heavy Process Plant Equipment,2026-08-21,19.61,80.0,60.0,0.33,0.68
Heavy Switchgear & Automation,2024-09-17,13.73,50.0,37.5,0.31,0.78
Heavy Switchgear & Automation,2024-09-20,15.1,37.5,25.0,0.41,0.76
Heavy Switchgear & Automation,2024-10-08,13.51,62.5,50.0,0.68,0.98
Heavy Switchgear & Automation,2024-11-06,21.33,60.0,50.0,1.61,0.99
Heavy Switchgear & Automation,2024-11-07,11.29,60.0,40.0,0.09,0.98
Heavy Switchgear & Automation,2024-11-08,9.12,50.0,40.0,0.33,0.96
Heavy Switchgear & Automation,2024-11-20,7.84,50.0,40.0,0.26,0.99
Heavy Switchgear & Automation,2024-11-25,15.58,70.0,50.0,0.52,0.98
Heavy Switchgear & Automation,2024-11-26,6.87,70.0,60.0,0.14,0.98
Heavy Switchgear & Automation,2024-11-27,13.09,70.0,60.0,0.77,0.98
Heavy Switchgear & Automation,2024-11-28,12.58,70.0,50.0,0.13,0.94
Heavy Switchgear & Automation,2024-12-02,12.67,70.0,60.0,0.68,0.96
Heavy Switchgear & Automation,2024-12-06,7.54,80.0,70.0,0.11,0.93
Heavy Switchgear & Automation,2024-12-10,15.01,80.0,70.0,0.82,0.91
Heavy Switchgear & Automation,2024-12-13,20.0,90.0,70.0,0.55,0.78
Heavy Switchgear & Automation,2024-12-16,21.77,90.0,80.0,1.24,0.78
Heavy Switchgear & Automation,2025-03-21,34.1,70.0,20.0,0.83,0.96
Heavy Switchgear & Automation,2025-03-26,12.57,60.0,40.0,0.07,0.91
Heavy Switchgear & Automation,2025-04-01,15.87,40.0,20.0,0.33,0.87
Heavy Switchgear & Automation,2025-04-03,25.42,55.6,22.2,0.56,0.84
Heavy Switchgear & Automation,2025-04-15,11.37,40.0,30.0,0.45,0.91
Heavy Switchgear & Automation,2025-04-16,19.03,60.0,30.0,0.24,0.92
Heavy Switchgear & Automation,2025-04-17,11.71,60.0,40.0,0.0,0.92
Heavy Switchgear & Automation,2025-04-21,14.75,70.0,50.0,0.31,0.92
Heavy Switchgear & Automation,2025-04-22,16.58,77.8,55.6,0.33,0.89
Heavy Switchgear & Automation,2025-04-24,13.37,66.7,44.4,0.06,0.92
Heavy Switchgear & Automation,2025-04-28,10.24,60.0,50.0,0.35,0.91
Heavy Switchgear & Automation,2025-04-29,16.08,77.8,55.6,0.25,0.87
Heavy Switchgear & Automation,2025-05-09,14.07,22.2,11.1,0.54,0.84
Heavy Switchgear & Automation,2025-05-12,14.84,70.0,60.0,0.78,0.9
Heavy Switchgear & Automation,2025-05-14,21.09,80.0,70.0,1.41,0.9
Heavy Switchgear & Automation,2025-05-15,16.66,90.0,70.0,0.42,0.88
Heavy Switchgear & Automation,2025-05-16,16.96,100.0,80.0,0.43,0.87
Heavy Switchgear & Automation,2025-05-21,16.31,100.0,87.5,0.75,0.87
Heavy Switchgear & Automation,2025-05-26,16.16,100.0,80.0,0.48,0.93
Heavy Switchgear & Automation,2025-05-27,15.56,100.0,77.8,0.27,0.91
Heavy Switchgear & Automation,2025-06-04,8.33,87.5,75.0,0.14,0.97
Heavy Switchgear & Automation,2025-06-17,9.8,100.0,90.0,0.3,0.91
Heavy Switchgear & Automation,2025-08-07,12.14,40.0,30.0,0.59,0.94
Heavy Switchgear & Automation,2026-07-06,15.07,69.2,46.2,0.29,0.97
Home Appliances (White Goods),2024-11-29,18.64,50.0,25.0,0.44,0.91
Home Appliances (White Goods),2024-12-02,20.44,50.0,25.0,0.61,0.91
Home Appliances (White Goods),2024-12-12,21.78,100.0,75.0,0.49,0.78
Home Appliances (White Goods),2024-12-13,20.58,100.0,75.0,0.38,0.79
Home Appliances (White Goods),2024-12-16,22.28,100.0,75.0,0.55,0.78
Home Appliances (White Goods),2024-12-17,18.72,100.0,75.0,0.2,0.79
Home Appliances (White Goods),2024-12-19,18.9,100.0,75.0,0.06,0.71
Home Appliances (White Goods),2025-03-05,32.47,25.0,0.0,1.71,0.86
Home Appliances (White Goods),2025-03-19,27.89,25.0,0.0,1.17,0.81
Home Appliances (White Goods),2025-03-20,28.87,50.0,0.0,0.04,0.82
Home Appliances (White Goods),2025-03-27,21.46,25.0,0.0,0.47,0.78
Home Appliances (White Goods),2025-03-28,20.03,50.0,25.0,0.29,0.77
Home Appliances (White Goods),2025-04-01,34.12,75.0,25.0,0.52,0.8
Home Appliances (White Goods),2025-04-02,33.97,75.0,25.0,0.5,0.8
Home Appliances (White Goods),2025-04-03,35.09,75.0,25.0,0.63,0.81
Home Appliances (White Goods),2025-04-08,32.15,75.0,25.0,0.48,0.88
Home Appliances (White Goods),2025-04-11,33.62,75.0,25.0,0.64,0.89
Home Appliances (White Goods),2025-04-15,22.75,75.0,50.0,0.84,0.91
Home Appliances (White Goods),2025-04-17,41.14,75.0,25.0,1.53,0.96
Home Appliances (White Goods),2025-04-22,41.05,75.0,25.0,1.48,0.94
Home Appliances (White Goods),2025-04-23,15.22,75.0,50.0,0.14,0.93
Home Appliances (White Goods),2025-04-24,18.23,75.0,50.0,0.51,0.97
Home Appliances (White Goods),2025-06-24,20.14,100.0,75.0,0.57,0.9
Home Appliances (White Goods),2025-06-25,25.49,100.0,75.0,1.1,0.9
Home Appliances (White Goods),2025-08-20,15.12,50.0,25.0,0.25,1.0
Home Textiles,2024-10-01,28.22,40.0,20.0,1.4,0.79
Home Textiles,2024-10-02,27.57,40.0,20.0,1.34,0.79
Home Textiles,2024-10-16,21.24,40.0,20.0,1.08,0.98
Home Textiles,2024-11-29,25.62,80.0,40.0,0.56,1.0
Home Textiles,2024-12-03,27.45,100.0,60.0,0.67,0.97
Home Textiles,2024-12-04,18.52,80.0,60.0,0.79,0.97
Home Textiles,2024-12-05,22.23,100.0,60.0,0.11,0.94
Home Textiles,2025-01-17,14.26,20.0,0.0,0.35,0.96
Home Textiles,2025-04-02,12.3,40.0,20.0,0.22,0.99
Home Textiles,2025-06-25,27.95,100.0,80.0,1.21,0.71
Home Textiles,2025-06-26,22.39,100.0,80.0,0.67,0.71
Home Textiles,2025-07-03,17.78,100.0,80.0,0.05,0.64
Home Textiles,2025-07-04,22.1,100.0,80.0,0.53,0.66
Hospitals & Healthcare Chains,2024-03-22,24.91,33.3,22.2,0.14,0.1
Hospitals & Healthcare Chains,2024-04-01,6.84,77.8,66.7,0.13,1.0
Hospitals & Healthcare Chains,2024-04-02,5.58,100.0,88.9,0.0,1.0
Hospitals & Healthcare Chains,2024-04-10,8.52,100.0,87.5,0.23,1.0
Hospitals & Healthcare Chains,2024-04-11,8.55,100.0,87.5,0.23,1.0
Hospitals & Healthcare Chains,2024-07-03,10.04,55.6,44.4,0.42,0.99
Hospitals & Healthcare Chains,2024-07-25,11.82,70.0,60.0,0.34,0.83
Hospitals & Healthcare Chains,2024-07-26,9.07,70.0,60.0,0.08,0.84
Hospitals & Healthcare Chains,2024-08-21,7.45,60.0,50.0,0.14,0.95
Hospitals & Healthcare Chains,2024-08-27,8.82,70.0,60.0,0.29,0.96
Hospitals & Healthcare Chains,2024-09-05,9.13,81.8,72.7,0.16,0.85
Hospitals & Healthcare Chains,2024-12-03,6.92,72.7,63.6,0.07,0.92
Hospitals & Healthcare Chains,2024-12-04,10.09,72.7,63.6,0.39,0.92
Hospitals & Healthcare Chains,2025-01-01,20.93,50.0,41.7,1.16,0.74
Hospitals & Healthcare Chains,2025-01-16,5.28,36.4,27.3,0.03,0.98
Hospitals & Healthcare Chains,2025-04-03,15.26,84.6,69.2,0.68,0.96
Hospitals & Healthcare Chains,2025-04-04,7.32,69.2,61.5,0.24,0.94
Hospitals & Healthcare Chains,2025-04-07,9.79,30.8,23.1,0.54,0.97
Hospitals & Healthcare Chains,2025-04-08,9.13,58.3,41.7,0.03,0.97
Hospitals & Healthcare Chains,2025-04-15,22.96,84.6,61.5,1.13,0.99
Hospitals & Healthcare Chains,2025-04-16,16.55,92.3,61.5,0.1,0.99
Hospitals & Healthcare Chains,2025-04-24,13.36,91.7,66.7,0.06,0.99
Hospitals & Healthcare Chains,2025-04-28,4.49,76.9,69.2,0.04,0.99
Hospitals & Healthcare Chains,2025-05-15,11.29,76.9,69.2,0.41,0.83
Hospitals & Healthcare Chains,2025-05-19,9.46,76.9,69.2,0.2,0.82
Hospitals & Healthcare Chains,2025-05-29,8.3,76.9,69.2,0.16,0.86
Hospitals & Healthcare Chains,2025-08-21,12.43,38.5,30.8,0.55,0.84
Hospitals & Healthcare Chains,2025-08-22,15.76,38.5,30.8,0.99,0.9
Hospitals & Healthcare Chains,2026-08-05,22.96,75.0,50.0,0.47,0.71
Housing Finance (HFC),2024-03-22,27.32,83.3,75.0,0.52,0.1
Housing Finance (HFC),2024-04-05,6.54,100.0,91.7,0.24,1.0
Housing Finance (HFC),2024-08-21,19.81,69.2,53.8,0.9,0.85
Housing Finance (HFC),2024-09-03,16.83,76.9,69.2,1.12,0.91
Housing Finance (HFC),2024-09-04,10.15,69.2,61.5,0.42,0.9
Housing Finance (HFC),2024-10-29,10.72,30.8,23.1,0.66,0.99
Housing Finance (HFC),2024-11-01,8.97,53.8,38.5,0.11,0.99
Housing Finance (HFC),2024-11-05,19.41,53.8,23.1,0.13,0.86
Housing Finance (HFC),2024-11-07,20.06,53.8,23.1,0.18,0.86
Housing Finance (HFC),2024-11-19,6.83,7.1,0.0,0.04,0.86
Housing Finance (HFC),2024-11-20,7.6,7.1,0.0,0.03,0.81
Housing Finance (HFC),2024-11-27,34.72,42.9,0.0,0.86,0.77
Housing Finance (HFC),2024-11-28,21.9,50.0,21.4,0.27,0.75
Housing Finance (HFC),2024-11-29,21.99,57.1,28.6,0.27,0.75
Housing Finance (HFC),2024-12-03,18.34,57.1,35.7,0.31,0.77
Housing Finance (HFC),2024-12-04,24.47,64.3,28.6,0.21,0.77
Housing Finance (HFC),2024-12-09,14.03,50.0,35.7,0.38,0.85
Housing Finance (HFC),2024-12-10,17.73,64.3,35.7,0.05,0.85
Housing Finance (HFC),2024-12-11,13.9,64.3,42.9,0.01,0.85
Housing Finance (HFC),2024-12-16,8.68,42.9,35.7,0.2,0.84
Housing Finance (HFC),2024-12-19,8.58,35.7,28.6,0.26,0.88
Housing Finance (HFC),2024-12-31,11.55,28.6,21.4,0.45,0.83
Housing Finance (HFC),2025-01-02,16.82,64.3,50.0,0.71,0.87
Housing Finance (HFC),2025-01-03,10.44,64.3,50.0,0.07,0.87
Housing Finance (HFC),2025-03-05,12.19,28.6,21.4,0.72,0.93
Housing Finance (HFC),2025-03-06,9.74,35.7,21.4,0.12,0.93
Housing Finance (HFC),2025-03-07,12.35,42.9,21.4,0.07,0.95
Housing Finance (HFC),2025-03-11,13.35,50.0,28.6,0.2,0.97
Housing Finance (HFC),2025-03-17,13.2,42.9,21.4,0.16,0.96
Housing Finance (HFC),2025-03-18,29.49,64.3,21.4,0.69,0.94
Housing Finance (HFC),2025-03-19,25.91,78.6,42.9,0.72,0.96
Housing Finance (HFC),2025-03-21,23.52,100.0,71.4,0.82,0.95
Housing Finance (HFC),2025-03-24,18.21,100.0,85.7,1.02,0.96
Housing Finance (HFC),2025-03-27,13.8,78.6,64.3,0.65,0.99
Housing Finance (HFC),2025-04-02,16.66,92.9,64.3,0.15,0.96
Housing Finance (HFC),2025-04-03,20.16,100.0,78.6,0.88,0.97
Housing Finance (HFC),2025-05-12,9.78,71.4,57.1,0.26,1.0
Housing Finance (HFC),2025-05-13,7.04,78.6,71.4,0.32,0.99
Housing Finance (HFC),2025-06-02,10.02,85.7,78.6,0.48,0.92
Hybrid Seeds & Agri Inputs,2024-04-01,15.47,80.0,60.0,0.55,1.0
Hybrid Seeds & Agri Inputs,2024-06-06,21.32,40.0,20.0,0.7,0.78
Hybrid Seeds & Agri Inputs,2024-06-13,15.06,80.0,60.0,0.3,0.9
Hybrid Seeds & Agri Inputs,2024-06-14,18.79,80.0,60.0,0.69,0.9
Hybrid Seeds & Agri Inputs,2024-06-17,18.5,80.0,60.0,0.65,0.9
Hybrid Seeds & Agri Inputs,2024-06-20,21.11,60.0,40.0,0.97,0.93
Hybrid Seeds & Agri Inputs,2024-08-01,16.05,60.0,40.0,0.17,0.78
Hybrid Seeds & Agri Inputs,2024-08-21,44.02,100.0,60.0,2.27,0.94
Hybrid Seeds & Agri Inputs,2024-10-30,15.53,20.0,0.0,0.48,0.96
Hybrid Seeds & Agri Inputs,2024-10-31,10.86,20.0,0.0,0.04,0.98
Hybrid Seeds & Agri Inputs,2024-11-01,14.71,25.0,0.0,0.11,0.95
Hybrid Seeds & Agri Inputs,2024-11-04,15.39,25.0,0.0,0.06,0.88
Hybrid Seeds & Agri Inputs,2024-11-06,25.95,40.0,0.0,0.3,0.85
Hybrid Seeds & Agri Inputs,2024-11-19,10.42,20.0,0.0,0.04,1.0
Hybrid Seeds & Agri Inputs,2024-11-20,10.36,20.0,0.0,0.02,0.99
Hybrid Seeds & Agri Inputs,2024-11-28,11.89,20.0,0.0,0.18,0.99
Hybrid Seeds & Agri Inputs,2024-12-31,22.39,25.0,0.0,0.38,0.7
Hybrid Seeds & Agri Inputs,2025-01-02,17.29,20.0,0.0,0.22,0.74
Hybrid Seeds & Agri Inputs,2025-01-03,31.44,60.0,20.0,0.67,0.76
Hybrid Seeds & Agri Inputs,2025-01-16,16.49,20.0,0.0,0.51,0.93
Hybrid Seeds & Agri Inputs,2025-01-17,17.85,25.0,0.0,0.39,0.93
Hybrid Seeds & Agri Inputs,2025-02-04,15.47,60.0,40.0,0.51,0.98
Hybrid Seeds & Agri Inputs,2025-05-12,16.5,60.0,40.0,0.56,0.95
Hybrid Seeds & Agri Inputs,2025-05-13,21.65,80.0,40.0,0.06,0.95
Hybrid Seeds & Agri Inputs,2025-05-15,14.53,80.0,60.0,0.32,0.93
Hybrid Seeds & Agri Inputs,2025-05-16,18.87,80.0,60.0,0.72,0.92
Hybrid Seeds & Agri Inputs,2025-05-21,26.64,100.0,60.0,0.21,0.78
Hybrid Seeds & Agri Inputs,2025-05-22,17.71,80.0,60.0,0.26,0.74
Hybrid Seeds & Agri Inputs,2025-06-30,19.52,60.0,40.0,0.24,0.65
Hybrid Seeds & Agri Inputs,2026-08-04,26.54,40.0,20.0,0.89,0.62
IMFL Spirits & Distilleries,2024-04-02,8.17,90.0,80.0,0.32,1.0
IMFL Spirits & Distilleries,2024-07-09,8.31,72.7,63.6,0.15,0.89
IMFL Spirits & Distilleries,2024-08-23,7.99,91.7,83.3,0.23,0.92
IMFL Spirits & Distilleries,2024-08-27,6.49,91.7,83.3,0.08,0.92
IMFL Spirits & Distilleries,2024-09-16,10.72,75.0,66.7,0.62,0.98
IMFL Spirits & Distilleries,2024-11-05,16.72,50.0,41.7,1.19,0.97
IMFL Spirits & Distilleries,2024-11-06,19.39,66.7,50.0,1.06,0.98
IMFL Spirits & Distilleries,2024-11-07,8.86,75.0,58.3,0.0,0.98
IMFL Spirits & Distilleries,2024-11-26,19.44,75.0,50.0,0.68,0.99
IMFL Spirits & Distilleries,2024-11-27,19.85,91.7,66.7,0.73,1.0
IMFL Spirits & Distilleries,2024-11-28,18.23,91.7,58.3,0.06,0.95
IMFL Spirits & Distilleries,2024-11-29,11.5,83.3,66.7,0.23,0.96
IMFL Spirits & Distilleries,2024-12-02,8.07,91.7,83.3,0.32,0.97
IMFL Spirits & Distilleries,2024-12-03,15.29,100.0,75.0,0.2,0.96
IMFL Spirits & Distilleries,2024-12-05,8.8,91.7,83.3,0.3,0.92
IMFL Spirits & Distilleries,2024-12-06,6.67,91.7,83.3,0.08,0.91
IMFL Spirits & Distilleries,2024-12-10,15.12,100.0,91.7,0.94,0.92
IMFL Spirits & Distilleries,2024-12-17,19.73,91.7,75.0,0.72,0.79
IMFL Spirits & Distilleries,2024-12-31,13.8,75.0,66.7,0.61,0.82
IMFL Spirits & Distilleries,2025-01-02,17.25,91.7,75.0,0.61,0.86
IMFL Spirits & Distilleries,2025-01-03,8.85,91.7,83.3,0.11,0.82
IMFL Spirits & Distilleries,2025-03-19,18.3,58.3,33.3,0.57,0.99
IMFL Spirits & Distilleries,2025-03-21,26.18,66.7,33.3,0.81,0.93
IMFL Spirits & Distilleries,2025-04-02,23.56,75.0,41.7,0.33,0.82
IMFL Spirits & Distilleries,2025-04-03,18.49,83.3,58.3,0.25,0.82
IMFL Spirits & Distilleries,2025-04-15,16.48,66.7,41.7,0.14,0.87
IMFL Spirits & Distilleries,2025-04-16,9.52,66.7,58.3,0.28,0.87
IMFL Spirits & Distilleries,2025-04-17,25.59,83.3,50.0,0.62,0.87
IMFL Spirits & Distilleries,2025-04-21,24.88,100.0,58.3,0.09,0.84
IMFL Spirits & Distilleries,2025-04-22,21.34,100.0,66.7,0.22,0.88
IMFL Spirits & Distilleries,2025-04-28,7.69,75.0,66.7,0.08,0.86
IMFL Spirits & Distilleries,2025-05-05,9.34,66.7,58.3,0.24,0.86
IMFL Spirits & Distilleries,2025-05-07,7.09,50.0,41.7,0.11,0.91
IMFL Spirits & Distilleries,2025-05-13,7.5,66.7,58.3,0.06,0.86
IMFL Spirits & Distilleries,2025-08-20,14.68,61.5,46.2,0.61,0.96
IT Distribution & Enterprise Infra,2024-10-07,23.68,33.3,0.0,0.35,0.82
IT Distribution & Enterprise Infra,2024-10-09,44.52,33.3,0.0,2.45,0.83
IT Distribution & Enterprise Infra,2024-10-10,60.91,100.0,50.0,3.1,0.76
IT Distribution & Enterprise Infra,2024-11-29,41.69,100.0,50.0,1.41,0.87
IT Distribution & Enterprise Infra,2024-12-02,24.23,66.7,33.3,0.65,0.95
IT Distribution & Enterprise Infra,2024-12-04,36.25,100.0,33.3,0.19,0.95
IT Distribution & Enterprise Infra,2024-12-06,27.6,100.0,66.7,0.99,0.95
IT Distribution & Enterprise Infra,2025-03-21,27.81,33.3,0.0,0.8,0.84
IT Distribution & Enterprise Infra,2025-04-01,24.58,33.3,0.0,0.49,0.85
IT Distribution & Enterprise Infra,2025-04-03,43.53,66.7,0.0,0.79,0.88
IT Distribution & Enterprise Infra,2025-04-11,41.36,66.7,0.0,0.68,0.94
IT Distribution & Enterprise Infra,2025-04-15,38.72,100.0,33.3,0.52,0.99
IT Distribution & Enterprise Infra,2025-04-22,19.41,100.0,66.7,0.26,0.99
IT Distribution & Enterprise Infra,2025-05-05,35.8,66.7,0.0,0.19,0.97
IT Distribution & Enterprise Infra,2025-05-12,45.0,100.0,33.3,1.12,0.98
IT Distribution & Enterprise Infra,2025-06-06,19.51,66.7,33.3,0.07,0.89
IT Distribution & Enterprise Infra,2025-06-09,22.41,66.7,33.3,0.14,0.78
IT Distribution & Enterprise Infra,2025-06-23,32.96,33.3,0.0,0.97,0.67
IT Distribution & Enterprise Infra,2025-07-04,21.88,66.7,33.3,0.03,0.75
IT Distribution & Enterprise Infra,2025-07-07,28.19,66.7,33.3,0.66,0.76
IT Distribution & Enterprise Infra,2025-07-09,34.17,100.0,66.7,1.4,0.83
IT Distribution & Enterprise Infra,2025-07-15,25.99,100.0,66.7,0.56,0.81
IT Distribution & Enterprise Infra,2026-08-12,21.48,75.0,50.0,0.18,0.64
IT Distribution & Enterprise Infra,2026-08-18,23.05,75.0,50.0,0.36,0.65
IT Distribution & Enterprise Infra,2026-08-21,21.7,80.0,60.0,0.42,0.62
IT Supply Chain & Technology Distribution,2024-07-25,58.66,100.0,0.0,0.85,0.99
IT Supply Chain & Technology Distribution,2025-04-16,60.07,100.0,0.0,0.84,0.91
Industrial & Aerospace EMS,2025-03-07,63.61,100.0,0.0,0.94,0.79
Industrial & Aerospace EMS,2025-03-17,61.35,100.0,0.0,0.76,0.81
Industrial & Aerospace EMS,2025-03-18,65.77,100.0,0.0,1.18,0.8
Industrial & Aerospace EMS,2025-03-19,62.14,100.0,0.0,0.81,0.8
Industrial & Aerospace EMS,2025-04-01,62.37,100.0,0.0,0.53,0.64
Industrial & Basic Chemicals,2024-03-22,27.08,66.1,62.7,0.74,0.1
Industrial & Basic Chemicals,2024-04-01,9.61,76.3,67.8,0.54,1.0
Industrial & Basic Chemicals,2024-04-02,6.59,89.8,83.1,0.32,1.0
Industrial & Basic Chemicals,2024-04-03,12.02,93.2,89.8,1.03,1.0
Industrial & Basic Chemicals,2024-04-05,4.06,98.3,94.9,0.24,1.0
Industrial & Basic Chemicals,2024-08-22,4.76,81.4,79.7,0.38,0.99
Industrial & Basic Chemicals,2024-11-26,6.74,37.3,28.8,0.25,1.0
Industrial & Basic Chemicals,2024-11-28,10.43,54.2,37.3,0.15,0.98
Industrial & Basic Chemicals,2024-11-29,10.56,55.9,42.4,0.34,0.98
Industrial & Basic Chemicals,2024-12-02,13.19,62.7,44.1,0.34,0.97
Industrial & Basic Chemicals,2024-12-03,25.22,81.4,52.5,1.04,0.98
Industrial & Basic Chemicals,2024-12-04,17.71,86.4,61.0,0.44,0.97
Industrial & Basic Chemicals,2024-12-06,16.14,88.1,64.4,0.33,0.95
Industrial & Basic Chemicals,2024-12-10,9.75,79.7,64.4,0.08,0.93
Industrial & Basic Chemicals,2024-12-11,10.83,78.0,62.7,0.14,0.91
Industrial & Basic Chemicals,2024-12-31,10.76,23.7,20.3,0.5,0.79
Industrial & Basic Chemicals,2025-01-01,7.46,35.6,32.2,0.2,0.81
Industrial & Basic Chemicals,2025-01-02,11.51,49.2,40.7,0.34,0.81
Industrial & Basic Chemicals,2025-01-09,4.22,22.0,20.3,0.07,0.86
Industrial & Basic Chemicals,2025-01-16,5.02,13.6,10.2,0.31,0.99
Industrial & Basic Chemicals,2025-01-17,4.33,20.7,13.8,0.06,0.99
Industrial & Basic Chemicals,2025-03-21,24.29,66.1,35.6,0.88,0.99
Industrial & Basic Chemicals,2025-04-02,17.6,62.7,39.0,0.55,0.99
Industrial & Basic Chemicals,2025-04-03,13.57,71.2,52.5,0.41,1.0
Industrial & Basic Chemicals,2025-04-24,11.44,89.8,71.2,0.2,0.99
Industrial & Basic Chemicals,2025-04-28,9.87,60.0,45.0,0.18,0.97
Industrial & Basic Chemicals,2025-05-07,7.09,27.1,25.4,0.53,0.96
Industrial & Basic Chemicals,2025-05-12,18.17,64.4,45.8,0.68,0.9
Industrial & Basic Chemicals,2025-05-13,11.64,71.2,54.2,0.11,0.9
Industrial & Basic Chemicals,2025-05-14,14.84,83.1,62.7,0.24,0.89
Industrial & Basic Chemicals,2025-05-15,13.09,86.4,72.9,0.39,0.88
Industrial & Basic Chemicals,2025-05-16,5.7,86.4,81.4,0.05,0.87
Industrial & Basic Chemicals,2025-05-19,7.18,91.5,84.7,0.13,0.88
Industrial & Basic Chemicals,2025-06-05,8.45,75.0,70.0,0.33,0.87
Industrial & Basic Chemicals,2025-06-09,9.94,80.0,75.0,0.48,0.87
Industrial & Basic Chemicals,2025-06-11,6.21,80.3,78.7,0.28,0.87
Industrial & Basic Chemicals,2025-06-30,7.38,75.4,73.8,0.3,0.82
Industrial & Basic Chemicals,2026-08-03,15.09,54.0,42.9,0.4,0.72
Industrial & Basic Chemicals,2026-08-05,9.16,52.4,47.6,0.11,0.72
Industrial & Basic Chemicals,2026-08-10,13.21,54.8,45.2,0.25,0.71
Industrial Abrasives & Ceramics,2024-09-10,33.94,50.0,0.0,0.47,0.79
Industrial Abrasives & Ceramics,2024-09-16,31.13,50.0,0.0,0.14,0.76
Industrial Abrasives & Ceramics,2024-09-23,41.29,50.0,0.0,1.23,0.8
Industrial Abrasives & Ceramics,2024-10-01,32.6,50.0,0.0,0.39,0.82
Industrial Abrasives & Ceramics,2024-10-02,33.06,50.0,0.0,0.42,0.81
Industrial Abrasives & Ceramics,2024-10-03,40.68,50.0,0.0,1.19,0.81
Industrial Abrasives & Ceramics,2024-10-04,52.45,50.0,0.0,2.39,0.82
Industrial Abrasives & Ceramics,2024-10-09,31.64,50.0,0.0,0.27,0.81
Industrial Abrasives & Ceramics,2024-10-14,30.46,50.0,0.0,0.33,0.89
Industrial Abrasives & Ceramics,2024-12-13,29.54,50.0,0.0,0.37,0.96
Industrial Abrasives & Ceramics,2025-01-07,31.82,50.0,0.0,0.27,0.79
Industrial Abrasives & Ceramics,2025-01-23,52.47,50.0,0.0,2.7,0.98
Industrial Abrasives & Ceramics,2025-04-16,25.91,100.0,66.7,0.52,0.8
Industrial Abrasives & Ceramics,2025-07-04,26.29,100.0,66.7,0.32,0.68
Industrial Compressors & Pumps,2024-08-22,12.64,28.6,14.3,0.26,0.85
Industrial Compressors & Pumps,2024-08-30,19.97,50.0,33.3,1.15,0.99
Industrial Compressors & Pumps,2024-09-23,19.53,42.9,28.6,0.75,0.75
Industrial Compressors & Pumps,2024-09-27,14.96,57.1,42.9,0.28,0.75
Industrial Compressors & Pumps,2024-10-08,16.7,42.9,28.6,0.65,0.84
Industrial Compressors & Pumps,2024-10-09,18.94,83.3,66.7,0.82,0.88
Industrial Compressors & Pumps,2024-10-10,23.97,85.7,57.1,0.88,0.95
Industrial Compressors & Pumps,2024-10-11,18.23,85.7,57.1,0.37,0.99
Industrial Compressors & Pumps,2024-11-29,12.11,57.1,42.9,0.43,0.97
Industrial Compressors & Pumps,2024-12-03,7.88,71.4,57.1,0.04,0.98
Industrial Compressors & Pumps,2024-12-04,15.49,85.7,57.1,0.06,0.97
Industrial Compressors & Pumps,2024-12-05,8.95,100.0,85.7,0.12,0.97
Industrial Compressors & Pumps,2024-12-11,12.61,71.4,57.1,0.42,0.94
Industrial Compressors & Pumps,2024-12-31,14.81,14.3,0.0,0.23,0.73
Industrial Compressors & Pumps,2025-04-03,18.59,71.4,42.9,0.29,0.93
Industrial Compressors & Pumps,2025-04-15,25.88,57.1,14.3,0.27,0.91
Industrial Compressors & Pumps,2025-04-17,15.84,57.1,42.9,0.69,0.91
Industrial Compressors & Pumps,2025-04-21,21.65,85.7,57.1,0.54,0.9
Industrial Compressors & Pumps,2025-04-28,14.06,83.3,66.7,0.24,0.83
Industrial Compressors & Pumps,2025-05-09,14.21,28.6,14.3,0.54,0.92
Industrial Compressors & Pumps,2025-05-12,11.82,57.1,42.9,0.35,0.94
Industrial Compressors & Pumps,2025-05-21,23.69,85.7,57.1,0.76,0.91
Industrial Compressors & Pumps,2025-05-23,17.85,85.7,71.4,0.8,0.87
Industrial Compressors & Pumps,2025-08-19,13.76,16.7,0.0,0.45,0.95
Industrial Compressors & Pumps,2025-08-20,17.24,50.0,33.3,0.79,0.95
Industrial Compressors & Pumps,2025-08-22,16.78,28.6,0.0,0.22,0.99
Industrial Compressors & Pumps,2026-07-06,12.16,55.6,33.3,0.1,1.0
Industrial Compressors & Pumps,2026-07-31,19.3,37.5,25.0,0.79,0.74
Industrial Compressors & Pumps,2026-08-06,17.85,62.5,37.5,0.08,0.77
Industrial Compressors & Pumps,2026-08-17,13.77,66.7,55.6,0.59,0.88
Industrial Compressors & Pumps,2026-08-19,13.42,75.0,62.5,0.48,0.88
Industrial Compressors & Pumps,2026-08-20,12.66,66.7,55.6,0.48,0.88
Industrial Compressors & Pumps,2026-08-21,10.14,66.7,55.6,0.22,0.88
"Industrial Effluent, Desalination & ZLD",2024-04-03,16.44,100.0,80.0,0.64,1.0
"Industrial Effluent, Desalination & ZLD",2024-05-27,15.03,80.0,60.0,0.26,0.88
"Industrial Effluent, Desalination & ZLD",2024-12-03,9.29,87.5,75.0,0.19,0.94
"Industrial Effluent, Desalination & ZLD",2024-12-05,13.98,77.8,66.7,0.54,0.85
"Industrial Effluent, Desalination & ZLD",2025-04-02,10.03,36.4,18.2,0.06,0.99
"Industrial Effluent, Desalination & ZLD",2025-04-03,17.86,63.6,36.4,0.42,1.0
"Industrial Effluent, Desalination & ZLD",2025-04-07,16.53,18.2,0.0,0.74,1.0
"Industrial Effluent, Desalination & ZLD",2025-04-11,30.65,63.6,9.1,0.22,0.94
"Industrial Effluent, Desalination & ZLD",2025-04-15,25.62,72.7,27.3,0.18,0.94
"Industrial Effluent, Desalination & ZLD",2025-04-16,21.17,72.7,36.4,0.14,0.92
"Industrial Effluent, Desalination & ZLD",2025-04-17,13.14,72.7,54.5,0.21,0.91
"Industrial Effluent, Desalination & ZLD",2025-04-21,16.17,81.8,63.6,0.5,0.9
"Industrial Effluent, Desalination & ZLD",2025-04-28,11.56,45.5,36.4,0.33,0.82
"Industrial Effluent, Desalination & ZLD",2025-05-12,24.46,54.5,27.3,0.8,0.86
"Industrial Effluent, Desalination & ZLD",2025-05-13,18.86,54.5,27.3,0.23,0.86
"Industrial Effluent, Desalination & ZLD",2025-05-14,16.32,45.5,27.3,0.37,0.82
"Industrial Effluent, Desalination & ZLD",2025-05-15,20.31,72.7,54.5,0.74,0.81
"Industrial Effluent, Desalination & ZLD",2025-05-16,24.36,81.8,45.5,0.27,0.83
"Industrial Effluent, Desalination & ZLD",2025-05-19,14.77,72.7,54.5,0.21,0.82
"Industrial Effluent, Desalination & ZLD",2025-05-21,12.4,72.7,54.5,0.02,0.84
"Industrial Effluent, Desalination & ZLD",2025-05-22,14.21,72.7,63.6,0.72,0.88
"Industrial Effluent, Desalination & ZLD",2025-05-23,17.53,80.0,60.0,0.59,0.92
"Industrial Effluent, Desalination & ZLD",2025-06-09,19.05,81.8,72.7,1.08,0.81
"Industrial Effluent, Desalination & ZLD",2025-06-10,8.7,90.9,81.8,0.08,0.83
"Industrial Effluent, Desalination & ZLD",2025-06-24,9.66,63.6,54.5,0.27,0.88
"Industrial Effluent, Desalination & ZLD",2025-07-10,10.0,54.5,45.5,0.1,0.78
"Industrial Effluent, Desalination & ZLD",2025-07-16,15.59,63.6,54.5,0.68,0.79
"Industrial Effluent, Desalination & ZLD",2025-07-17,10.47,81.8,72.7,0.11,0.76
"Industrial Effluent, Desalination & ZLD",2025-07-18,20.39,90.9,81.8,1.16,0.79
"Industrial Effluent, Desalination & ZLD",2026-08-18,23.94,22.2,11.1,1.1,0.63
"Industrial Effluent, Desalination & ZLD",2026-08-19,21.63,22.2,11.1,0.86,0.62
"Industrial Effluent, Desalination & ZLD",2026-08-20,21.24,33.3,11.1,0.29,0.64
Industrial Minerals,2024-03-22,26.89,55.6,44.4,0.33,0.1
Industrial Minerals,2024-04-01,17.87,88.9,66.7,0.68,1.0
Industrial Minerals,2024-11-29,20.76,66.7,44.4,0.89,0.96
Industrial Minerals,2024-12-03,12.32,88.9,66.7,0.05,0.96
Industrial Minerals,2024-12-04,13.51,88.9,66.7,0.18,0.97
Industrial Minerals,2024-12-06,18.8,77.8,66.7,1.29,0.98
Industrial Minerals,2024-12-09,25.78,77.8,55.6,1.4,0.97
Industrial Minerals,2024-12-11,15.69,66.7,55.6,0.93,0.96
Industrial Minerals,2025-01-08,16.7,50.0,30.0,0.36,0.85
Industrial Minerals,2025-03-05,15.51,20.0,10.0,0.83,0.89
Industrial Minerals,2025-03-06,11.99,30.0,20.0,0.55,0.93
Industrial Minerals,2025-03-07,17.22,40.0,20.0,0.59,0.93
Industrial Minerals,2025-03-18,30.28,33.3,11.1,1.9,0.99
Industrial Minerals,2025-03-21,47.9,88.9,33.3,2.0,0.99
Industrial Minerals,2025-04-03,9.94,60.0,50.0,0.36,0.93
Industrial Minerals,2025-04-07,8.68,10.0,0.0,0.27,0.95
Industrial Minerals,2025-04-28,11.17,70.0,50.0,0.04,0.96
Industrial Minerals,2025-05-13,15.11,60.0,40.0,0.35,0.92
Industrial Minerals,2025-05-14,7.33,60.0,50.0,0.02,0.89
Industrial Minerals,2025-05-15,16.99,90.0,80.0,0.97,0.89
Industrial Minerals,2025-05-23,13.38,90.0,80.0,0.56,0.86
Industrial Minerals,2025-06-09,21.31,90.0,70.0,0.8,0.84
Industrial Minerals,2025-06-11,12.53,90.0,80.0,0.46,0.85
Industrial Minerals,2026-08-03,13.69,41.7,33.3,0.08,0.57
Industrial Minerals,2026-08-05,17.07,41.7,33.3,0.44,0.58
Industrial Minerals,2026-08-13,21.25,55.6,33.3,0.35,0.67
Industrial Minerals,2026-08-18,13.8,36.4,27.3,0.13,0.6
Industrial Parks & Special Economic Zones,2025-04-21,58.69,100.0,0.0,0.79,0.96
Industrial Parks & Special Economic Zones,2025-04-24,58.34,100.0,0.0,0.6,0.88
Industrial Parks & Special Economic Zones,2025-05-13,65.61,100.0,0.0,1.17,0.81
Industrial Parks & Special Economic Zones,2025-05-14,69.96,100.0,0.0,1.67,0.84
Industrial Parks & Special Economic Zones,2025-05-15,73.64,100.0,0.0,2.03,0.83
Industrial Rubber & Specialty Materials,2025-05-27,61.01,100.0,0.0,1.05,0.98
Industrial Rubber & Specialty Materials,2025-06-26,63.86,100.0,0.0,0.61,0.61
Industrial Rubber & Specialty Materials,2025-06-27,65.26,100.0,0.0,0.75,0.61
Industrial Rubber & Specialty Materials,2025-06-30,65.94,100.0,0.0,0.79,0.6
Industrial Rubber Products,2024-06-07,141.93,100.0,0.0,8.29,0.55
Industrial Rubber Products,2024-08-22,53.84,100.0,0.0,0.38,1.0
Industrial Rubber Products,2025-02-05,70.59,100.0,0.0,1.44,0.69
Innerwear & Athleisure,2024-04-01,18.3,100.0,75.0,0.58,1.0
Innerwear & Athleisure,2024-07-24,23.69,100.0,75.0,0.84,0.86
Innerwear & Athleisure,2024-11-06,30.52,75.0,25.0,0.49,0.97
Innerwear & Athleisure,2024-11-07,42.19,100.0,25.0,0.38,0.95
Innerwear & Athleisure,2024-12-03,30.07,100.0,50.0,0.49,0.99
Innerwear & Athleisure,2024-12-06,16.49,100.0,75.0,0.37,0.99
Innerwear & Athleisure,2024-12-19,25.73,100.0,75.0,0.87,0.77
Innerwear & Athleisure,2025-03-20,46.91,75.0,0.0,0.93,0.99
Innerwear & Athleisure,2025-03-21,64.19,100.0,0.0,1.38,0.98
Innerwear & Athleisure,2025-04-21,30.86,100.0,50.0,0.58,1.0
Innerwear & Athleisure,2025-04-22,28.17,100.0,50.0,0.21,0.95
Innerwear & Athleisure,2025-04-28,31.21,75.0,25.0,0.5,0.94
Innerwear & Athleisure,2025-04-30,19.16,50.0,25.0,0.49,0.91
Innerwear & Athleisure,2025-05-05,19.88,50.0,25.0,0.49,0.88
Innerwear & Athleisure,2025-05-07,22.42,50.0,25.0,0.8,0.9
Innerwear & Athleisure,2025-05-12,37.91,100.0,50.0,0.95,0.83
Innerwear & Athleisure,2025-06-30,17.55,75.0,50.0,0.05,0.77
Innerwear & Athleisure,2025-07-08,18.03,100.0,75.0,0.28,0.86
Innerwear & Athleisure,2026-08-04,20.7,25.0,0.0,0.22,0.7
Innerwear & Athleisure,2026-08-06,52.83,75.0,0.0,0.9,0.68
Integrated Grey Cement,2024-05-21,9.41,72.7,63.6,0.42,0.97
Integrated Grey Cement,2024-08-21,11.02,54.5,45.5,0.3,0.83
Integrated Grey Cement,2024-08-22,15.1,72.7,63.6,0.74,0.84
Integrated Grey Cement,2024-09-03,8.96,63.6,54.5,0.28,0.92
Integrated Grey Cement,2024-09-04,17.3,81.8,72.7,1.07,0.9
Integrated Grey Cement,2024-09-05,19.53,90.9,72.7,0.81,0.88
Integrated Grey Cement,2024-12-06,6.61,100.0,90.9,0.2,1.0
Integrated Grey Cement,2024-12-10,5.4,100.0,90.9,0.05,0.98
Integrated Grey Cement,2024-12-11,14.82,100.0,90.9,0.99,0.98
Integrated Grey Cement,2025-01-02,14.13,63.6,54.5,0.68,0.86
Integrated Grey Cement,2025-02-13,5.46,25.0,16.7,0.13,1.0
Integrated Grey Cement,2025-03-05,12.36,8.3,0.0,0.75,0.96
Integrated Grey Cement,2025-03-06,14.34,25.0,0.0,0.14,0.98
Integrated Grey Cement,2025-03-07,18.15,33.3,0.0,0.08,0.97
Integrated Grey Cement,2025-03-11,16.2,25.0,0.0,0.32,0.97
Integrated Grey Cement,2025-03-18,29.97,50.0,0.0,0.43,0.96
Integrated Grey Cement,2025-03-19,43.2,66.7,8.3,1.31,0.96
Integrated Grey Cement,2025-03-21,26.56,75.0,33.3,0.48,0.95
Integrated Grey Cement,2025-03-24,30.89,83.3,25.0,0.08,0.96
Integrated Grey Cement,2025-03-27,7.37,58.3,50.0,0.29,0.99
Integrated Grey Cement,2025-04-01,12.74,75.0,58.3,0.31,0.93
Integrated Grey Cement,2025-04-02,14.76,75.0,50.0,0.02,0.9
Integrated Grey Cement,2025-04-03,16.32,83.3,66.7,0.63,0.92
Integrated Grey Cement,2025-04-07,10.94,41.7,33.3,0.58,0.95
Integrated Grey Cement,2025-04-09,10.59,58.3,41.7,0.13,0.95
Integrated Grey Cement,2025-04-11,21.47,83.3,41.7,0.0,0.97
Integrated Grey Cement,2025-04-15,9.75,91.7,83.3,0.55,1.0
Integrated Grey Cement,2025-04-21,7.66,91.7,83.3,0.27,0.96
Integrated Grey Cement,2025-04-22,6.57,91.7,83.3,0.18,0.97
Integrated Grey Cement,2025-04-24,18.55,91.7,83.3,1.36,0.96
Integrated Grey Cement,2025-05-07,11.17,50.0,41.7,0.66,0.98
Integrated Grey Cement,2025-05-15,22.07,91.7,83.3,1.76,0.98
Integrated Grey Cement,2025-05-16,13.41,100.0,83.3,0.48,0.98
Integrated Grey Cement,2025-05-19,6.4,100.0,91.7,0.18,0.98
Integrated Grey Cement,2025-06-10,15.6,100.0,83.3,0.19,0.73
Integrated Grey Cement,2026-08-20,25.82,46.2,23.1,0.67,0.62
Integrated Supply Chain & 3PL,2024-12-04,65.38,100.0,0.0,0.97,0.71
Integrated Supply Chain & 3PL,2024-12-06,61.47,100.0,0.0,0.6,0.73
Integrated Supply Chain & 3PL,2025-03-21,73.32,100.0,0.0,2.15,0.91
Integrated Supply Chain & 3PL,2025-05-12,71.54,100.0,0.0,1.69,0.77
Integrated Supply Chain & 3PL,2025-05-13,65.89,100.0,0.0,0.91,0.66
Integrated Supply Chain & 3PL,2025-05-14,66.13,100.0,0.0,0.95,0.67
Integrated Supply Chain & 3PL,2025-06-02,64.96,100.0,0.0,1.23,0.87
Iron Ore & Manganese Mining,2024-09-13,30.19,33.3,0.0,0.98,0.81
Iron Ore & Manganese Mining,2024-09-24,37.22,33.3,0.0,1.84,0.89
Iron Ore & Manganese Mining,2024-09-25,27.69,66.7,33.3,0.95,0.93
Iron Ore & Manganese Mining,2024-09-26,21.51,66.7,33.3,0.38,0.95
Iron Ore & Manganese Mining,2024-09-30,35.48,66.7,33.3,1.75,0.93
Iron Ore & Manganese Mining,2025-03-05,35.52,66.7,33.3,1.82,0.97
Iron Ore & Manganese Mining,2025-03-11,19.95,66.7,33.3,0.3,0.99
Iron Ore & Manganese Mining,2025-03-17,21.09,66.7,33.3,0.34,0.95
Iron Ore & Manganese Mining,2025-03-21,31.0,100.0,66.7,1.28,0.93
Iron Ore & Manganese Mining,2025-03-24,33.13,100.0,66.7,1.46,0.91
Iron Ore & Manganese Mining,2025-04-01,26.29,100.0,66.7,0.85,0.94
Iron Ore & Manganese Mining,2025-04-03,24.52,100.0,66.7,0.74,0.98
Iron Ore & Manganese Mining,2026-07-31,36.9,100.0,66.7,0.89,0.43
Iron Ore & Manganese Mining,2026-08-03,40.31,100.0,66.7,1.34,0.49
Iron Ore & Manganese Mining,2026-08-10,34.98,100.0,66.7,0.79,0.48
Iron Ore Mining,2024-09-13,73.27,100.0,0.0,2.07,0.87
Iron Ore Mining,2024-09-17,67.03,100.0,0.0,1.17,0.74
Iron Ore Mining,2024-09-20,63.22,100.0,0.0,0.87,0.78
Iron Ore Mining,2024-10-01,65.91,100.0,0.0,1.02,0.72
Iron Ore Mining,2024-10-02,66.1,100.0,0.0,1.04,0.71
Iron Ore Mining,2025-08-05,77.4,100.0,0.0,2.23,0.75
Iron Ore Mining,2025-08-19,58.75,100.0,0.0,0.53,0.82
Iron Ore Mining,2026-07-28,62.85,100.0,0.0,0.97,0.84
Kitchen Appliances & Cookware,2024-12-16,36.98,50.0,0.0,0.65,0.73
Kitchen Appliances & Cookware,2025-02-05,58.36,100.0,0.0,0.62,0.89
Kitchen Appliances & Cookware,2025-02-06,18.52,33.3,0.0,0.06,0.94
Kitchen Appliances & Cookware,2025-02-07,20.65,33.3,0.0,0.28,0.94
Kitchen Appliances & Cookware,2025-05-12,31.63,100.0,66.7,1.26,0.88
Kitchen Appliances & Cookware,2025-05-13,29.48,100.0,66.7,0.96,0.84
Kitchen Appliances & Cookware,2025-07-09,31.7,33.3,0.0,1.01,0.75
Kitchen Appliances & Cookware,2025-07-15,27.62,33.3,0.0,0.6,0.75
Kitchen Appliances & Cookware,2025-07-22,51.83,100.0,0.0,0.16,0.99
Kitchen Appliances & Cookware,2025-07-24,21.48,33.3,0.0,0.31,0.91
Kitchen Appliances & Cookware,2025-08-22,22.04,66.7,33.3,0.46,0.96
Kitchen Appliances & Cookware,2026-08-06,34.32,100.0,33.3,0.06,0.98
Kitchen Appliances & Cookware,2026-08-12,20.91,66.7,33.3,0.17,0.87
Kitchen Appliances & Cookware,2026-08-13,21.86,66.7,33.3,0.27,0.88
Kitchen Appliances & Cookware,2026-08-17,39.41,100.0,66.7,2.05,0.89
Kitchen Appliances & Cookware,2026-08-18,35.91,100.0,50.0,0.88,0.89
Kitchen Appliances & Cookware,2026-08-20,31.15,100.0,66.7,1.28,0.92
Kitchen Homeware & Cookware,2024-04-01,10.06,85.7,71.4,0.29,1.0
Kitchen Homeware & Cookware,2024-07-02,10.47,87.5,75.0,0.24,0.91
Kitchen Homeware & Cookware,2024-07-30,9.31,100.0,87.5,0.3,1.0
Kitchen Homeware & Cookware,2024-10-29,10.59,28.6,14.3,0.25,0.95
Kitchen Homeware & Cookware,2024-11-11,17.87,57.1,28.6,0.2,0.92
Kitchen Homeware & Cookware,2024-11-29,10.99,42.9,28.6,0.06,0.84
Kitchen Homeware & Cookware,2024-12-02,24.48,71.4,42.9,0.77,0.88
Kitchen Homeware & Cookware,2024-12-03,19.69,62.5,37.5,0.49,0.89
Kitchen Homeware & Cookware,2024-12-04,10.68,50.0,37.5,0.2,0.88
Kitchen Homeware & Cookware,2024-12-06,10.46,75.0,62.5,0.15,0.87
Kitchen Homeware & Cookware,2024-12-10,24.05,71.4,57.1,1.48,0.9
Kitchen Homeware & Cookware,2024-12-11,18.69,85.7,57.1,0.2,0.88
Kitchen Homeware & Cookware,2024-12-13,23.0,71.4,42.9,0.52,0.82
Kitchen Homeware & Cookware,2024-12-19,15.99,57.1,42.9,0.7,0.91
Kitchen Homeware & Cookware,2025-04-28,13.54,50.0,33.3,0.36,0.92
Kitchen Homeware & Cookware,2025-05-05,13.51,50.0,33.3,0.25,0.86
Kitchen Homeware & Cookware,2025-05-09,24.97,42.9,14.3,0.77,0.85
Kitchen Homeware & Cookware,2025-05-14,26.94,71.4,42.9,1.03,0.88
Kitchen Homeware & Cookware,2025-05-16,17.8,71.4,57.1,0.75,0.84
Kitchen Homeware & Cookware,2025-05-27,8.67,62.5,50.0,0.1,0.93
Kitchen Homeware & Cookware,2025-07-23,14.39,57.1,42.9,0.11,0.69
Kitchen Homeware & Cookware,2025-07-30,14.26,28.6,14.3,0.15,0.72
Kitchen Homeware & Cookware,2025-08-14,16.79,42.9,28.6,0.85,0.94
Kitchen Homeware & Cookware,2025-08-19,16.13,71.4,57.1,0.86,0.98
Kitchen Homeware & Cookware,2026-07-30,16.73,33.3,22.2,0.71,0.8
Kitchen Homeware & Cookware,2026-07-31,13.56,33.3,22.2,0.4,0.8
Kitchen Homeware & Cookware,2026-08-05,37.57,62.5,25.0,1.23,0.68
Kitchen Homeware & Cookware,2026-08-11,17.03,44.4,33.3,0.67,0.76
Kitchen Homeware & Cookware,2026-08-14,20.43,55.6,33.3,0.4,0.73
Kitchen Homeware & Cookware,2026-08-17,20.14,44.4,33.3,0.97,0.75
Kitchen Homeware & Cookware,2026-08-18,20.76,37.5,25.0,0.78,0.67
Kitchen Homeware & Cookware,2026-08-20,16.14,37.5,25.0,0.38,0.7
Kitchen Homeware & Cookware,2026-08-21,16.61,44.4,33.3,0.65,0.77
LED Lighting & Fixtures,2024-04-02,57.71,100.0,0.0,0.77,1.0
LED Lighting & Fixtures,2024-04-12,52.95,100.0,0.0,0.29,1.0
LED Lighting & Fixtures,2024-05-28,64.65,100.0,0.0,0.71,0.62
LED Lighting & Fixtures,2024-06-05,64.77,100.0,0.0,0.76,0.64
LED Lighting & Fixtures,2024-06-06,79.11,100.0,0.0,2.21,0.65
LED Lighting & Fixtures,2024-06-12,62.1,100.0,0.0,0.56,0.67
LED Lighting & Fixtures,2025-03-25,88.54,100.0,0.0,3.76,0.95
LED Lighting & Fixtures,2025-04-01,52.72,100.0,0.0,0.19,0.96
Last Mile & Quick Commerce Logistics,2026-07-17,77.58,100.0,0.0,2.76,1.0
Last Mile & Quick Commerce Logistics,2026-07-30,53.36,100.0,0.0,0.34,1.0
Leather & Industrial Footwear,2024-06-11,61.09,100.0,0.0,0.88,0.89
Leather & Industrial Footwear,2024-06-12,63.09,100.0,0.0,1.19,0.94
Leather & Industrial Footwear,2024-09-16,69.54,100.0,0.0,1.14,0.59
Leather & Industrial Footwear,2024-10-01,57.21,100.0,0.0,0.47,0.87
Leather & Industrial Footwear,2024-10-02,57.12,100.0,0.0,0.46,0.88
Leather & Industrial Footwear,2024-12-03,60.55,100.0,0.0,0.69,0.82
Leather & Industrial Footwear,2024-12-10,59.66,100.0,0.0,0.52,0.78
Leather & Industrial Footwear,2024-12-11,72.3,100.0,0.0,1.83,0.8
Leather & Industrial Footwear,2025-01-01,58.21,100.0,0.0,0.63,0.9
Leather & Industrial Footwear,2025-03-20,71.87,100.0,0.0,1.39,0.6
Leather & Industrial Footwear,2025-04-15,63.86,100.0,0.0,0.44,0.53
Leather & Industrial Footwear,2025-04-16,68.53,100.0,0.0,0.91,0.53
Leather & Industrial Footwear,2025-04-17,65.85,100.0,0.0,0.64,0.53
Leather & Industrial Footwear,2025-05-07,75.01,100.0,0.0,2.34,0.92
Leather & Industrial Footwear,2025-05-12,58.46,100.0,0.0,0.74,0.95
Leather & Industrial Footwear,2025-05-13,57.9,100.0,0.0,0.67,0.94
Leather & Industrial Footwear,2025-05-14,56.65,100.0,0.0,0.63,0.98
Life Insurance,2024-04-02,14.28,80.0,60.0,0.43,1.0
Life Insurance,2024-04-05,17.05,80.0,60.0,0.71,1.0
Life Insurance,2024-05-02,15.91,60.0,40.0,0.5,0.96
Life Insurance,2024-11-28,13.25,20.0,0.0,0.1,0.89
Life Insurance,2025-01-02,24.6,20.0,0.0,1.01,0.77
Life Insurance,2025-01-03,28.41,40.0,0.0,0.4,0.78
Life Insurance,2025-01-07,31.84,40.0,0.0,0.92,0.87
Life Insurance,2025-03-05,29.05,20.0,0.0,1.62,0.86
Life Insurance,2025-03-10,15.86,20.0,0.0,0.33,0.87
Life Insurance,2025-03-17,31.57,60.0,20.0,0.86,0.85
Life Insurance,2025-03-18,23.75,60.0,40.0,1.05,0.84
Life Insurance,2025-03-19,42.78,100.0,40.0,1.05,0.89
Life Insurance,2025-03-20,39.39,100.0,40.0,0.77,0.91
Life Insurance,2025-03-21,41.27,100.0,40.0,0.98,0.93
Life Insurance,2025-08-14,13.61,60.0,40.0,0.16,0.9
Life Insurance,2026-08-03,17.02,50.0,33.3,0.71,0.92
Life Insurance,2026-08-19,15.94,33.3,16.7,0.26,0.75
Life Insurance,2026-08-20,15.17,33.3,16.7,0.12,0.72
Life Insurance,2026-08-21,35.8,66.7,16.7,0.5,0.71
Liquid Milk & Value-Added Dairy,2024-04-22,21.86,100.0,80.0,1.01,0.91
Liquid Milk & Value-Added Dairy,2024-07-03,15.34,80.0,60.0,0.07,0.77
Liquid Milk & Value-Added Dairy,2024-07-04,27.56,100.0,60.0,0.26,0.75
Liquid Milk & Value-Added Dairy,2024-07-05,21.23,80.0,60.0,0.52,0.7
Liquid Milk & Value-Added Dairy,2024-07-24,15.73,100.0,80.0,0.29,0.86
Liquid Milk & Value-Added Dairy,2024-07-30,14.23,100.0,80.0,0.08,0.83
Liquid Milk & Value-Added Dairy,2024-09-03,12.84,80.0,60.0,0.01,0.86
Liquid Milk & Value-Added Dairy,2024-09-04,18.72,80.0,60.0,0.45,0.79
Liquid Milk & Value-Added Dairy,2024-10-11,25.32,80.0,60.0,1.53,1.0
Liquid Milk & Value-Added Dairy,2024-11-27,14.08,60.0,40.0,0.32,0.96
Liquid Milk & Value-Added Dairy,2024-11-29,11.84,60.0,40.0,0.03,0.92
Liquid Milk & Value-Added Dairy,2024-12-02,16.46,60.0,40.0,0.44,0.9
Liquid Milk & Value-Added Dairy,2024-12-03,36.87,100.0,40.0,0.38,0.85
Liquid Milk & Value-Added Dairy,2024-12-04,26.01,100.0,80.0,1.34,0.87
Liquid Milk & Value-Added Dairy,2024-12-05,26.37,100.0,60.0,0.4,0.88
Liquid Milk & Value-Added Dairy,2024-12-11,16.07,100.0,80.0,0.28,0.84
Liquid Milk & Value-Added Dairy,2025-03-04,22.51,40.0,20.0,1.25,1.0
Liquid Milk & Value-Added Dairy,2025-05-13,12.57,80.0,60.0,0.09,0.92
Liquid Milk & Value-Added Dairy,2025-08-20,22.59,80.0,60.0,0.95,0.84
Liquid Milk & Value-Added Dairy,2026-08-06,23.28,80.0,60.0,0.77,0.72
Liquid Milk & Value-Added Dairy,2026-08-07,18.84,60.0,40.0,0.33,0.72
Liquid Milk & Value-Added Dairy,2026-08-10,18.79,60.0,40.0,0.34,0.73
Liquid Milk & Value-Added Dairy,2026-08-13,47.09,80.0,40.0,2.21,0.75
Liquid Milk & Value-Added Dairy,2026-08-18,28.09,80.0,40.0,0.38,0.79
Liquid Storage Terminals & Logistics,2024-07-08,60.85,100.0,0.0,0.85,0.88
Liquid Storage Terminals & Logistics,2024-07-11,63.51,100.0,0.0,1.0,0.82
Liquid Storage Terminals & Logistics,2024-10-09,64.67,100.0,0.0,0.97,0.75
Liquid Storage Terminals & Logistics,2024-10-15,60.73,100.0,0.0,0.7,0.82
Liquid Storage Terminals & Logistics,2024-12-12,68.83,100.0,0.0,1.64,0.88
Lubricants & Specialty Oils,2024-07-15,22.4,100.0,75.0,0.94,0.98
Lubricants & Specialty Oils,2024-07-26,19.51,100.0,75.0,0.57,0.93
Lubricants & Specialty Oils,2024-07-30,18.03,100.0,75.0,0.38,0.91
Lubricants & Specialty Oils,2024-08-02,22.76,100.0,75.0,0.66,0.82
Lubricants & Specialty Oils,2024-08-19,16.96,100.0,75.0,0.24,0.9
Lubricants & Specialty Oils,2024-11-05,18.95,20.0,0.0,0.77,0.94
Lubricants & Specialty Oils,2024-12-10,20.55,80.0,40.0,0.04,0.99
Lubricants & Specialty Oils,2024-12-13,16.11,40.0,20.0,0.38,0.89
Lubricants & Specialty Oils,2024-12-16,23.22,60.0,40.0,1.11,0.9
Lubricants & Specialty Oils,2025-01-02,16.74,60.0,40.0,0.02,0.68
Lubricants & Specialty Oils,2025-01-08,22.39,50.0,25.0,0.65,0.83
Lubricants & Specialty Oils,2025-01-15,16.28,20.0,0.0,0.52,0.95
Lubricants & Specialty Oils,2025-01-17,12.51,20.0,0.0,0.15,0.95
Lubricants & Specialty Oils,2025-04-11,13.48,20.0,0.0,0.23,0.94
Lubricants & Specialty Oils,2025-04-15,25.46,60.0,20.0,0.48,0.97
Lubricants & Specialty Oils,2025-04-16,15.57,80.0,60.0,0.5,0.97
Lubricants & Specialty Oils,2025-04-21,17.99,80.0,60.0,0.62,0.91
Lubricants & Specialty Oils,2025-04-22,16.38,100.0,80.0,0.41,0.88
Lubricants & Specialty Oils,2025-04-28,24.46,80.0,40.0,0.23,0.89
Lubricants & Specialty Oils,2025-05-12,38.18,100.0,50.0,0.67,0.68
Lubricants & Specialty Oils,2025-05-13,28.27,100.0,60.0,0.36,0.77
Lubricants & Specialty Oils,2025-06-10,29.39,100.0,80.0,1.84,0.95
Lubricants & Specialty Oils,2025-06-27,22.64,100.0,80.0,0.86,0.8
Lubricants & Specialty Oils,2025-07-01,16.19,100.0,80.0,0.3,0.84
Lubricants & Specialty Oils,2026-07-31,29.02,25.0,0.0,0.74,0.55
Lubricants & Specialty Oils,2026-08-04,37.63,40.0,20.0,2.09,0.66
Lubricants & Specialty Oils,2026-08-05,51.76,80.0,40.0,2.57,0.7
Lubricants & Specialty Oils,2026-08-06,61.82,80.0,40.0,3.72,0.77
Lubricants & Specialty Oils,2026-08-10,31.15,80.0,60.0,1.69,0.79
Lubricants & Specialty Oils,2026-08-19,25.35,75.0,50.0,0.56,0.64
Luggage & Travel Gear,2024-07-24,42.93,100.0,50.0,1.52,0.86
Luggage & Travel Gear,2024-08-20,26.51,100.0,50.0,0.07,0.96
Luggage & Travel Gear,2024-08-21,33.02,100.0,50.0,0.64,0.92
Luggage & Travel Gear,2024-08-22,30.1,100.0,50.0,0.36,0.92
Luggage & Travel Gear,2024-08-26,29.07,100.0,50.0,0.24,0.91
Luggage & Travel Gear,2024-11-11,28.67,50.0,0.0,0.02,0.83
Luggage & Travel Gear,2024-11-12,36.43,50.0,0.0,0.81,0.83
Luggage & Travel Gear,2024-11-14,38.31,50.0,0.0,1.0,0.83
Luggage & Travel Gear,2025-01-07,31.8,100.0,50.0,0.31,0.81
Luggage & Travel Gear,2025-04-11,36.68,50.0,0.0,1.03,0.93
Luggage & Travel Gear,2025-04-16,26.49,100.0,50.0,0.11,0.98
Luggage & Travel Gear,2025-04-22,57.86,100.0,0.0,0.53,0.87
Luggage & Travel Gear,2025-04-23,54.92,100.0,0.0,0.23,0.87
Luggage & Travel Gear,2025-05-02,27.45,50.0,0.0,0.06,0.91
Luggage & Travel Gear,2026-08-10,45.32,50.0,0.0,1.08,0.52
Luggage & Travel Gear,2026-08-11,38.31,50.0,0.0,0.37,0.52
Luxury Hotels & Resorts,2024-04-01,11.72,95.5,86.4,0.64,0.96
Luxury Hotels & Resorts,2024-07-05,6.92,59.1,54.5,0.11,0.82
Luxury Hotels & Resorts,2024-07-24,11.78,45.5,40.9,0.6,0.83
Luxury Hotels & Resorts,2024-07-25,15.53,54.5,45.5,0.74,0.82
Luxury Hotels & Resorts,2024-07-26,14.45,77.3,54.5,0.03,0.86
Luxury Hotels & Resorts,2024-09-04,6.27,60.9,56.5,0.4,0.99
Luxury Hotels & Resorts,2024-09-05,7.28,60.9,52.2,0.23,0.97
Luxury Hotels & Resorts,2024-09-10,7.67,65.2,60.9,0.43,0.94
Luxury Hotels & Resorts,2024-10-09,7.69,47.8,43.5,0.37,0.91
Luxury Hotels & Resorts,2024-10-10,14.85,73.9,52.2,0.29,0.94
Luxury Hotels & Resorts,2024-10-11,15.75,69.6,47.8,0.45,0.98
Luxury Hotels & Resorts,2024-10-14,8.08,65.2,52.2,0.14,0.99
Luxury Hotels & Resorts,2024-11-26,9.46,58.3,50.0,0.49,0.98
Luxury Hotels & Resorts,2024-11-27,8.62,70.8,66.7,0.65,1.0
Luxury Hotels & Resorts,2024-11-28,8.92,87.5,70.8,0.02,0.98
Luxury Hotels & Resorts,2024-11-29,9.71,83.3,75.0,0.5,0.97
Luxury Hotels & Resorts,2024-12-11,12.45,91.7,87.5,0.94,0.95
Luxury Hotels & Resorts,2025-03-04,7.05,19.2,15.4,0.4,0.94
Luxury Hotels & Resorts,2025-03-05,17.25,46.2,26.9,0.73,0.98
Luxury Hotels & Resorts,2025-03-06,15.93,57.7,26.9,0.04,0.99
Luxury Hotels & Resorts,2025-03-07,15.15,57.7,30.8,0.16,1.0
Luxury Hotels & Resorts,2025-03-12,11.97,46.2,26.9,0.18,0.97
Luxury Hotels & Resorts,2025-03-18,12.25,53.8,38.5,0.38,0.96
Luxury Hotels & Resorts,2025-03-19,22.26,76.9,46.2,0.62,0.97
Luxury Hotels & Resorts,2025-03-21,26.92,80.8,50.0,0.91,0.88
Luxury Hotels & Resorts,2025-04-01,14.26,51.9,37.0,0.44,0.88
Luxury Hotels & Resorts,2025-04-02,11.42,55.6,44.4,0.32,0.86
Luxury Hotels & Resorts,2025-04-03,12.4,59.3,44.4,0.24,0.87
Luxury Hotels & Resorts,2025-04-15,20.94,77.8,51.9,0.68,0.94
Luxury Hotels & Resorts,2025-04-16,14.04,85.2,63.0,0.21,0.96
Luxury Hotels & Resorts,2025-04-21,5.82,88.9,85.2,0.33,0.97
Luxury Hotels & Resorts,2025-05-12,15.84,55.6,44.4,0.99,0.98
Luxury Hotels & Resorts,2025-05-16,5.68,74.1,70.4,0.27,0.94
Luxury Hotels & Resorts,2025-05-19,14.0,77.8,63.0,0.55,0.95
Luxury Hotels & Resorts,2025-05-21,6.6,74.1,66.7,0.17,0.94
Luxury Hotels & Resorts,2025-05-23,6.56,81.5,74.1,0.24,0.98
Luxury Hotels & Resorts,2025-05-26,7.49,85.2,77.8,0.25,0.93
Luxury Hotels & Resorts,2025-06-18,7.0,48.1,44.4,0.01,0.75
Luxury Hotels & Resorts,2025-07-17,11.67,96.3,88.9,0.39,0.8
Luxury Hotels & Resorts,2025-07-22,7.94,82.1,75.0,0.17,0.87
Luxury Hotels & Resorts,2026-08-03,8.7,27.3,24.2,0.14,0.71
Luxury Hotels & Resorts,2026-08-13,10.87,21.9,15.6,0.14,0.68
Luxury Hotels & Resorts,2026-08-21,14.84,37.8,32.4,0.44,0.62
Marine Offshore Vessels & Tugs,2024-04-25,10.93,100.0,85.7,0.28,0.95
Marine Offshore Vessels & Tugs,2024-09-20,22.18,11.1,0.0,1.23,0.78
Marine Offshore Vessels & Tugs,2024-09-23,18.35,33.3,22.2,0.92,0.82
Marine Offshore Vessels & Tugs,2024-09-24,15.88,44.4,22.2,0.1,0.81
Marine Offshore Vessels & Tugs,2024-12-19,14.35,40.0,30.0,0.69,0.88
Marine Offshore Vessels & Tugs,2025-01-01,12.94,30.0,20.0,0.41,0.81
Marine Offshore Vessels & Tugs,2025-01-07,11.03,20.0,10.0,0.37,0.88
Marine Offshore Vessels & Tugs,2025-03-18,10.66,10.0,0.0,0.52,0.98
Marine Offshore Vessels & Tugs,2025-03-19,21.06,40.0,10.0,0.57,0.98
Marine Offshore Vessels & Tugs,2025-03-20,21.7,50.0,20.0,0.67,1.0
Marine Offshore Vessels & Tugs,2025-03-24,11.14,40.0,20.0,0.02,0.96
Marine Offshore Vessels & Tugs,2025-04-01,33.43,40.0,0.0,1.28,0.97
Marine Offshore Vessels & Tugs,2025-04-02,22.37,60.0,20.0,0.2,0.98
Marine Offshore Vessels & Tugs,2025-04-03,47.39,80.0,20.0,1.72,0.99
Marine Offshore Vessels & Tugs,2025-04-07,13.51,20.0,10.0,0.84,0.99
Marine Offshore Vessels & Tugs,2025-04-15,15.52,60.0,30.0,0.0,0.98
Marine Offshore Vessels & Tugs,2025-04-16,27.48,80.0,40.0,0.72,0.99
Marine Offshore Vessels & Tugs,2025-04-21,27.51,100.0,60.0,0.75,1.0
Marine Offshore Vessels & Tugs,2025-04-22,16.41,90.0,60.0,0.11,0.98
Marine Offshore Vessels & Tugs,2025-04-28,16.86,70.0,40.0,0.04,0.93
Marine Offshore Vessels & Tugs,2025-04-29,10.16,60.0,50.0,0.35,0.92
Marine Offshore Vessels & Tugs,2025-05-05,12.94,60.0,40.0,0.23,0.97
Marine Offshore Vessels & Tugs,2025-05-07,20.36,22.2,0.0,0.83,0.95
Marine Offshore Vessels & Tugs,2025-05-09,7.67,10.0,0.0,0.1,0.92
Marine Offshore Vessels & Tugs,2025-05-12,19.55,80.0,50.0,0.33,0.94
Marine Offshore Vessels & Tugs,2025-05-14,8.37,70.0,60.0,0.2,0.93
Marine Offshore Vessels & Tugs,2025-05-16,14.27,90.0,70.0,0.33,0.95
Marine Offshore Vessels & Tugs,2025-05-22,13.98,80.0,70.0,0.79,0.95
Marine Offshore Vessels & Tugs,2025-06-02,10.37,80.0,70.0,0.47,0.97
Marine Offshore Vessels & Tugs,2025-08-12,13.28,27.3,18.2,0.55,0.84
Marine Offshore Vessels & Tugs,2025-08-13,16.05,36.4,18.2,0.37,0.84
Marine Offshore Vessels & Tugs,2025-08-19,6.91,54.5,45.5,0.14,0.95
Marine Offshore Vessels & Tugs,2025-08-21,11.12,72.7,54.5,0.08,0.94
Material Handling & Cranes,2024-04-03,11.23,100.0,87.5,0.5,1.0
Material Handling & Cranes,2024-04-19,8.3,100.0,87.5,0.16,0.98
Material Handling & Cranes,2024-07-08,8.02,75.0,62.5,0.05,0.93
Material Handling & Cranes,2024-07-24,18.02,75.0,50.0,0.23,0.84
Material Handling & Cranes,2024-10-14,27.11,75.0,37.5,0.83,1.0
Material Handling & Cranes,2024-11-12,15.06,37.5,12.5,0.04,0.89
Material Handling & Cranes,2024-11-22,11.42,25.0,12.5,0.34,0.91
Material Handling & Cranes,2024-11-27,11.04,12.5,0.0,0.31,0.91
Material Handling & Cranes,2024-11-28,29.26,62.5,12.5,0.26,0.92
Material Handling & Cranes,2024-12-05,24.54,62.5,37.5,0.93,0.86
Material Handling & Cranes,2024-12-10,45.19,100.0,37.5,1.13,0.87
Material Handling & Cranes,2024-12-11,28.95,100.0,50.0,0.18,0.89
Material Handling & Cranes,2024-12-16,26.61,75.0,50.0,1.16,0.87
Material Handling & Cranes,2025-05-15,22.53,100.0,77.8,0.83,0.84
Material Handling & Cranes,2025-08-19,16.69,55.6,33.3,0.41,0.92
Material Handling & Cranes,2026-08-03,21.25,33.3,11.1,0.19,0.59
Material Handling & Cranes,2026-08-05,21.48,33.3,11.1,0.17,0.57
Material Handling & Cranes,2026-08-06,20.82,33.3,11.1,0.1,0.56
Material Handling & Cranes,2026-08-14,23.5,40.0,20.0,0.46,0.55
Material Handling & Cranes,2026-08-17,17.98,30.0,20.0,0.47,0.58
Material Handling & Cranes,2026-08-18,15.19,27.3,18.2,0.16,0.55
Material Handling & Cranes,2026-08-21,18.63,63.6,27.3,0.02,0.99
Medical Clinics & Equipment,2024-04-10,9.59,66.7,55.6,0.2,0.9
Medical Clinics & Equipment,2024-04-11,9.61,66.7,55.6,0.21,0.9
Medical Clinics & Equipment,2024-06-10,9.4,27.3,18.2,0.27,0.89
Medical Clinics & Equipment,2024-06-13,15.35,63.6,54.5,1.02,0.97
Medical Clinics & Equipment,2024-07-30,10.18,63.6,54.5,0.43,0.94
Medical Clinics & Equipment,2024-08-23,17.0,83.3,75.0,1.21,0.96
Medical Clinics & Equipment,2024-10-16,9.39,33.3,25.0,0.45,0.96
Medical Clinics & Equipment,2024-10-31,19.09,33.3,8.3,0.55,0.95
Medical Clinics & Equipment,2024-11-01,8.69,40.0,30.0,0.29,0.96
Medical Clinics & Equipment,2024-11-04,11.58,45.5,27.3,0.14,0.95
Medical Clinics & Equipment,2024-11-08,18.55,66.7,41.7,0.46,0.93
Medical Clinics & Equipment,2024-11-11,17.2,54.5,36.4,0.69,0.94
Medical Clinics & Equipment,2024-12-19,7.96,25.0,16.7,0.29,0.95
Medical Clinics & Equipment,2025-01-17,15.29,25.0,8.3,0.31,0.81
Medical Clinics & Equipment,2025-03-21,22.07,69.2,30.8,0.24,0.98
Medical Clinics & Equipment,2025-03-24,30.24,76.9,23.1,0.24,0.96
Medical Clinics & Equipment,2025-03-27,23.6,30.8,7.7,1.2,1.0
Medical Clinics & Equipment,2025-04-02,12.85,36.4,18.2,0.3,0.96
Medical Clinics & Equipment,2025-05-05,18.5,69.2,46.2,0.59,0.95
Medical Clinics & Equipment,2025-05-13,10.58,78.6,71.4,0.58,0.94
Medical Clinics & Equipment,2025-05-14,9.79,84.6,76.9,0.4,0.9
Medical Clinics & Equipment,2025-05-15,12.13,84.6,76.9,0.58,0.87
Medical Clinics & Equipment,2025-05-16,10.75,78.6,71.4,0.51,0.9
Medical Clinics & Equipment,2025-06-30,9.6,84.6,76.9,0.44,0.93
Medical Clinics & Equipment,2025-07-03,12.13,85.7,78.6,0.63,0.89
Medical Clinics & Equipment,2025-08-22,13.11,40.0,26.7,0.37,0.86
Medical Clinics & Equipment,2026-08-03,18.18,50.0,28.6,0.36,0.81
Medical Clinics & Equipment,2026-08-07,7.69,35.7,28.6,0.01,0.8
Medical Clinics & Equipment,2026-08-10,20.75,57.1,35.7,0.6,0.8
Medical Clinics & Equipment,2026-08-13,11.87,33.3,25.0,0.45,0.84
Medical Clinics & Equipment,2026-08-14,14.13,54.5,36.4,0.15,0.82
Medical Devices & Consumables,2024-06-21,55.69,100.0,0.0,0.1,0.77
Medical Devices & Consumables,2024-10-30,150.46,100.0,0.0,10.0,0.98
Medical Devices & Consumables,2025-01-03,64.78,100.0,0.0,1.29,0.91
Medical Devices & Consumables,2025-03-21,91.09,100.0,0.0,3.73,0.81
Metals & Fabrication,2024-05-20,15.68,100.0,80.0,0.29,0.86
Metals & Fabrication,2024-07-02,18.17,40.0,20.0,0.04,0.61
Metals & Fabrication,2024-07-04,24.37,80.0,60.0,0.41,0.49
Metals & Fabrication,2024-07-09,25.12,60.0,40.0,0.75,0.62
Metals & Fabrication,2024-07-24,30.82,80.0,40.0,0.58,0.75
Metals & Fabrication,2024-07-26,20.66,60.0,40.0,0.58,0.76
Metals & Fabrication,2024-08-02,19.03,60.0,40.0,0.62,0.86
Metals & Fabrication,2024-09-13,37.44,80.0,60.0,2.47,0.86
Metals & Fabrication,2024-11-06,20.08,50.0,16.7,0.21,0.94
Metals & Fabrication,2024-11-14,16.83,16.7,0.0,0.73,0.94
Metals & Fabrication,2024-11-28,18.22,33.3,16.7,0.49,0.75
Metals & Fabrication,2024-12-03,35.03,83.3,66.7,2.43,0.88
Metals & Fabrication,2024-12-04,32.17,83.3,66.7,2.23,0.92
Metals & Fabrication,2024-12-09,17.06,83.3,66.7,0.77,0.95
Metals & Fabrication,2024-12-11,12.01,100.0,83.3,0.27,0.95
Metals & Fabrication,2024-12-13,11.73,83.3,66.7,0.2,0.93
Metals & Fabrication,2024-12-18,9.17,66.7,50.0,0.07,0.99
Metals & Fabrication,2025-01-03,22.81,83.3,50.0,0.5,0.95
Metals & Fabrication,2025-02-04,10.55,16.7,0.0,0.04,0.91
Metals & Fabrication,2025-02-05,14.47,20.0,0.0,0.33,0.94
Metals & Fabrication,2025-03-21,9.4,50.0,33.3,0.02,0.96
Metals & Fabrication,2025-05-05,11.39,50.0,33.3,0.21,0.95
Metals & Fabrication,2025-05-12,30.95,83.3,50.0,1.26,0.92
Metals & Fabrication,2025-05-13,36.34,100.0,40.0,0.3,0.83
Metals & Fabrication,2025-05-14,30.46,100.0,66.7,1.23,0.92
Metals & Fabrication,2025-05-15,16.2,100.0,83.3,0.67,0.94
Metals & Fabrication,2025-05-16,22.15,100.0,83.3,1.27,0.94
Metals & Fabrication,2025-06-11,10.79,100.0,83.3,0.08,0.92
Metals & Fabrication,2026-08-10,22.51,83.3,66.7,0.54,0.56
Metals & Fabrication,2026-08-11,24.97,83.3,66.7,0.78,0.56
Metals & Fabrication,2026-08-18,19.43,66.7,50.0,0.07,0.48
Micro-Irrigation & Agri-Plastics,2024-08-12,25.74,40.0,20.0,1.29,0.86
Micro-Irrigation & Agri-Plastics,2024-10-01,16.88,40.0,20.0,0.47,0.89
Micro-Irrigation & Agri-Plastics,2024-10-02,19.44,40.0,20.0,0.51,0.78
Micro-Irrigation & Agri-Plastics,2024-10-29,15.37,40.0,20.0,0.37,0.92
Micro-Irrigation & Agri-Plastics,2024-11-27,15.93,80.0,60.0,0.58,0.99
Micro-Irrigation & Agri-Plastics,2024-11-29,16.37,100.0,80.0,0.52,0.94
Micro-Irrigation & Agri-Plastics,2025-03-06,23.68,40.0,20.0,1.26,0.94
Micro-Irrigation & Agri-Plastics,2025-03-07,16.6,40.0,20.0,0.58,0.96
Micro-Irrigation & Agri-Plastics,2025-03-26,26.9,60.0,20.0,0.63,0.97
Micro-Irrigation & Agri-Plastics,2025-04-01,37.84,60.0,20.0,1.7,0.96
Micro-Irrigation & Agri-Plastics,2025-04-03,19.17,80.0,60.0,0.81,0.95
Micro-Irrigation & Agri-Plastics,2025-04-11,29.61,60.0,40.0,1.89,0.96
Micro-Irrigation & Agri-Plastics,2025-04-15,22.41,80.0,60.0,1.2,0.98
Micro-Irrigation & Agri-Plastics,2025-04-16,23.33,80.0,60.0,1.29,0.98
Micro-Irrigation & Agri-Plastics,2025-04-17,22.89,80.0,60.0,1.23,0.97
Micro-Irrigation & Agri-Plastics,2025-05-05,18.5,60.0,40.0,0.73,0.94
Micro-Irrigation & Agri-Plastics,2025-05-12,29.42,100.0,60.0,0.9,0.98
Micro-Irrigation & Agri-Plastics,2025-05-15,18.17,100.0,80.0,0.74,0.96
Micro-Irrigation & Agri-Plastics,2025-06-02,34.73,100.0,80.0,2.39,0.96
Micro-Irrigation & Agri-Plastics,2026-08-06,32.56,40.0,20.0,1.65,0.7
Microfinance (MFI),2024-09-12,15.56,28.6,0.0,0.03,0.95
Microfinance (MFI),2024-09-17,17.48,42.9,14.3,0.17,0.92
Microfinance (MFI),2024-12-03,27.47,42.9,0.0,0.51,0.95
Microfinance (MFI),2024-12-05,43.5,71.4,0.0,0.59,0.9
Microfinance (MFI),2024-12-10,43.02,71.4,14.3,1.24,0.9
Microfinance (MFI),2024-12-13,10.6,14.3,0.0,0.05,0.85
Microfinance (MFI),2024-12-16,11.18,14.3,0.0,0.07,0.83
Microfinance (MFI),2024-12-19,12.09,14.3,0.0,0.29,0.9
Microfinance (MFI),2024-12-27,15.05,14.3,0.0,0.4,0.81
Microfinance (MFI),2024-12-31,10.54,14.3,0.0,0.14,0.9
Microfinance (MFI),2025-01-01,17.92,28.6,0.0,0.18,0.91
Microfinance (MFI),2025-01-02,18.95,42.9,14.3,0.28,0.91
Microfinance (MFI),2025-01-07,17.95,28.6,14.3,1.02,0.97
Microfinance (MFI),2025-02-25,10.79,14.3,0.0,0.35,0.99
Microfinance (MFI),2025-02-27,12.93,28.6,14.3,0.5,0.96
Microfinance (MFI),2025-03-04,10.79,14.3,0.0,0.26,0.95
Microfinance (MFI),2025-03-05,14.33,14.3,0.0,0.66,0.97
Microfinance (MFI),2025-03-19,32.48,42.9,0.0,0.94,0.92
Microfinance (MFI),2025-03-20,25.81,57.1,14.3,0.25,0.91
Microfinance (MFI),2025-03-21,43.29,100.0,42.9,1.39,0.96
Microfinance (MFI),2025-06-09,30.74,85.7,71.4,1.89,0.76
Microfinance (MFI),2025-06-13,17.05,57.1,42.9,0.51,0.76
Microfinance (MFI),2025-06-24,36.02,85.7,42.9,1.1,0.82
Microfinance (MFI),2025-06-25,10.82,85.7,71.4,0.04,0.84
Microfinance (MFI),2025-08-20,9.22,42.9,28.6,0.09,0.94
Microfinance (MFI),2025-08-21,17.92,57.1,28.6,0.14,0.89
Microfinance (MFI),2025-08-22,11.89,42.9,28.6,0.25,0.89
Mid-Tier IT & Digital Solutions,2024-03-22,19.79,60.0,57.6,0.06,0.1
Mid-Tier IT & Digital Solutions,2024-04-01,5.16,70.1,65.5,0.24,0.98
Mid-Tier IT & Digital Solutions,2024-04-05,5.8,95.3,88.4,0.23,1.0
Mid-Tier IT & Digital Solutions,2024-04-09,2.19,87.4,86.2,0.14,0.99
Mid-Tier IT & Digital Solutions,2024-07-02,2.58,73.0,70.8,0.03,0.94
Mid-Tier IT & Digital Solutions,2024-07-03,1.91,78.7,77.5,0.07,0.97
Mid-Tier IT & Digital Solutions,2024-07-04,4.2,79.8,78.7,0.24,0.94
Mid-Tier IT & Digital Solutions,2024-08-20,5.49,70.0,67.8,0.43,1.0
Mid-Tier IT & Digital Solutions,2024-08-21,1.37,68.9,67.8,0.05,0.98
Mid-Tier IT & Digital Solutions,2024-10-14,3.88,46.7,42.4,0.16,0.99
Mid-Tier IT & Digital Solutions,2024-11-26,3.36,42.6,40.4,0.2,0.99
Mid-Tier IT & Digital Solutions,2024-11-27,8.38,56.8,44.2,0.19,0.99
Mid-Tier IT & Digital Solutions,2024-11-29,9.79,57.9,44.2,0.24,0.97
Mid-Tier IT & Digital Solutions,2024-12-02,13.71,67.4,47.4,0.32,0.97
Mid-Tier IT & Digital Solutions,2024-12-03,11.85,74.7,55.8,0.18,0.97
Mid-Tier IT & Digital Solutions,2024-12-06,14.95,84.0,63.8,0.31,0.91
Mid-Tier IT & Digital Solutions,2024-12-09,11.01,77.9,65.3,0.28,0.9
Mid-Tier IT & Digital Solutions,2024-12-16,6.29,64.9,59.8,0.12,0.88
Mid-Tier IT & Digital Solutions,2025-01-01,6.74,41.8,37.8,0.27,0.9
Mid-Tier IT & Digital Solutions,2025-01-02,11.97,53.5,43.4,0.47,0.89
Mid-Tier IT & Digital Solutions,2025-04-21,24.4,77.7,35.9,0.35,1.0
Mid-Tier IT & Digital Solutions,2025-04-23,20.85,86.4,45.6,0.04,0.99
Mid-Tier IT & Digital Solutions,2025-05-02,8.11,41.7,27.2,0.0,0.96
Mid-Tier IT & Digital Solutions,2025-05-07,9.99,29.4,19.6,0.38,0.94
Mid-Tier IT & Digital Solutions,2025-05-09,8.92,25.0,17.0,0.23,0.87
Mid-Tier IT & Digital Solutions,2025-05-12,21.62,66.0,40.8,0.68,0.89
Mid-Tier IT & Digital Solutions,2025-05-13,21.98,79.2,45.5,0.38,0.93
Mid-Tier IT & Digital Solutions,2025-05-14,17.63,83.2,61.4,0.56,0.94
Mid-Tier IT & Digital Solutions,2025-05-15,9.06,82.5,71.8,0.21,0.92
Mid-Tier IT & Digital Solutions,2025-05-16,12.34,87.3,73.5,0.41,0.93
Mid-Tier IT & Digital Solutions,2025-05-23,10.09,78.6,69.9,0.34,0.88
Mid-Tier IT & Digital Solutions,2025-05-26,6.42,77.5,68.6,0.06,0.93
Mid-Tier IT & Digital Solutions,2025-05-28,2.65,69.6,66.7,0.0,0.94
Mid-Tier IT & Digital Solutions,2025-06-06,4.57,68.3,64.4,0.05,0.89
Mid-Tier IT & Digital Solutions,2025-06-09,7.02,69.8,68.9,0.25,0.8
Mid-Tier IT & Digital Solutions,2025-06-10,9.37,73.3,71.4,0.51,0.84
Mid-Tier IT & Digital Solutions,2025-06-11,6.21,76.2,75.2,0.23,0.83
Mid-Tier IT & Digital Solutions,2025-08-05,3.05,33.9,33.0,0.12,0.93
Mid-Tier IT & Digital Solutions,2026-07-30,7.57,38.7,36.3,0.13,0.75
Mid-Tier IT & Digital Solutions,2026-07-31,9.37,41.0,39.3,0.36,0.75
Mid-Tier IT & Digital Solutions,2026-08-05,9.36,50.4,43.1,0.03,0.73
Mid-Tier IT & Digital Solutions,2026-08-07,9.6,52.4,46.0,0.16,0.76
Mid-Tier IT & Digital Solutions,2026-08-14,8.01,42.0,36.1,0.04,0.76
Mining Consultancy & Geological Services,2026-07-21,71.56,100.0,0.0,2.16,1.0
Mining Equipment & Mill Liners,2025-01-14,62.18,100.0,0.0,0.27,0.52
Mining Equipment & Mill Liners,2025-01-16,61.34,100.0,0.0,0.2,0.53
Mining Equipment & Mill Liners,2025-05-13,70.92,100.0,0.0,1.74,0.82
Mining Equipment & Mill Liners,2026-08-07,64.99,100.0,0.0,1.39,0.94
Mining Equipment & Mill Liners,2026-08-10,58.69,100.0,0.0,0.71,0.92
Mining Equipment & Mill Liners,2026-08-11,58.75,100.0,0.0,0.69,0.91
Missiles & Military Explosives,2024-03-22,38.54,100.0,75.0,0.8,0.1
Missiles & Military Explosives,2024-05-20,17.05,100.0,75.0,0.25,0.9
Missiles & Military Explosives,2024-08-12,30.8,40.0,0.0,0.77,0.85
Missiles & Military Explosives,2024-08-20,14.36,60.0,40.0,0.16,0.86
Missiles & Military Explosives,2024-10-10,27.0,60.0,20.0,0.5,0.9
Missiles & Military Explosives,2024-10-15,12.46,60.0,40.0,0.09,0.92
Missiles & Military Explosives,2024-12-12,22.54,100.0,60.0,0.02,0.88
Missiles & Military Explosives,2025-03-04,16.24,16.7,0.0,0.63,0.92
Missiles & Military Explosives,2025-03-05,19.88,16.7,0.0,1.03,0.94
Missiles & Military Explosives,2025-03-11,11.16,33.3,16.7,0.23,0.97
Missiles & Military Explosives,2025-03-19,24.06,50.0,33.3,1.44,0.94
Missiles & Military Explosives,2025-03-20,13.73,50.0,33.3,0.37,0.92
Missiles & Military Explosives,2025-03-21,17.25,50.0,33.3,0.67,0.89
Missiles & Military Explosives,2025-03-24,13.89,50.0,33.3,0.35,0.9
Missiles & Military Explosives,2025-04-01,28.43,83.3,33.3,0.25,0.95
Missiles & Military Explosives,2025-04-02,24.37,66.7,33.3,0.66,0.94
Missiles & Military Explosives,2025-04-03,15.47,66.7,50.0,0.59,0.94
Missiles & Military Explosives,2025-04-11,18.59,83.3,50.0,0.11,0.96
Missiles & Military Explosives,2025-04-17,17.63,100.0,66.7,0.03,0.97
Missiles & Military Explosives,2025-04-21,24.21,100.0,66.7,0.66,0.95
Missiles & Military Explosives,2025-04-22,23.3,100.0,66.7,0.45,0.89
Missiles & Military Explosives,2025-04-24,20.59,100.0,66.7,0.21,0.91
Missiles & Military Explosives,2025-04-28,20.96,83.3,66.7,1.16,0.95
Missiles & Military Explosives,2025-04-29,21.31,83.3,66.7,1.2,0.95
Missiles & Military Explosives,2025-05-02,10.17,83.3,66.7,0.15,0.98
Missiles & Military Explosives,2026-08-13,37.04,100.0,83.3,1.99,0.56
Moulded Plastics & Packaging,2024-05-15,22.95,66.7,33.3,0.61,0.99
Moulded Plastics & Packaging,2024-08-21,30.61,100.0,66.7,1.38,0.99
Moulded Plastics & Packaging,2024-12-04,34.85,100.0,66.7,1.45,0.81
Moulded Plastics & Packaging,2024-12-05,34.28,100.0,66.7,1.4,0.82
Moulded Plastics & Packaging,2024-12-06,28.14,100.0,66.7,0.78,0.82
Moulded Plastics & Packaging,2024-12-13,21.99,100.0,66.7,0.18,0.82
Moulded Plastics & Packaging,2024-12-16,23.05,100.0,66.7,0.29,0.82
Moulded Plastics & Packaging,2025-03-20,30.24,33.3,0.0,1.04,0.84
Moulded Plastics & Packaging,2025-03-21,48.03,66.7,0.0,1.15,0.84
Moulded Plastics & Packaging,2025-03-24,38.21,66.7,33.3,2.0,0.92
Moulded Plastics & Packaging,2025-03-27,20.65,33.3,0.0,0.27,0.94
Moulded Plastics & Packaging,2025-04-01,21.37,66.7,33.3,0.28,0.9
Moulded Plastics & Packaging,2025-04-08,21.39,33.3,0.0,0.46,0.99
Moulded Plastics & Packaging,2025-05-12,30.43,100.0,66.7,1.1,0.86
Moulded Plastics & Packaging,2025-08-22,46.51,100.0,66.7,2.21,0.62
Moulded Plastics & Packaging,2026-08-03,22.28,66.7,33.3,0.12,0.78
Moulded Plastics & Packaging,2026-08-10,37.61,66.7,0.0,0.04,0.81
Music Labels & VFX Studios,2024-04-03,7.37,90.9,81.8,0.28,1.0
Music Labels & VFX Studios,2024-05-17,6.56,33.3,25.0,0.17,0.97
Music Labels & VFX Studios,2024-06-06,12.97,33.3,16.7,0.41,0.97
Music Labels & VFX Studios,2024-07-12,5.39,66.7,58.3,0.06,0.97
Music Labels & VFX Studios,2024-08-16,15.46,54.5,45.5,1.08,0.99
Music Labels & VFX Studios,2024-08-20,13.41,66.7,41.7,0.02,0.97
Music Labels & VFX Studios,2024-09-10,9.21,50.0,41.7,0.08,0.79
Music Labels & VFX Studios,2024-09-25,17.82,41.7,33.3,1.29,0.96
Music Labels & VFX Studios,2024-11-07,23.57,69.2,30.8,0.43,1.0
Music Labels & VFX Studios,2024-11-25,4.99,38.5,30.8,0.09,0.99
Music Labels & VFX Studios,2024-11-27,9.57,53.8,46.2,0.56,0.99
Music Labels & VFX Studios,2024-11-28,6.43,53.8,46.2,0.22,0.98
Music Labels & VFX Studios,2024-12-06,9.67,76.9,61.5,0.17,0.98
Music Labels & VFX Studios,2024-12-09,6.19,61.5,53.8,0.22,0.99
Music Labels & VFX Studios,2024-12-10,13.93,69.2,46.2,0.21,0.98
Music Labels & VFX Studios,2024-12-11,8.88,66.7,58.3,0.46,0.99
Music Labels & VFX Studios,2024-12-16,16.64,53.8,46.2,1.07,0.9
Music Labels & VFX Studios,2024-12-18,6.29,61.5,53.8,0.04,0.9
Music Labels & VFX Studios,2024-12-19,12.02,61.5,53.8,0.61,0.9
Music Labels & VFX Studios,2025-01-01,8.96,38.5,30.8,0.31,0.9
Music Labels & VFX Studios,2025-01-03,9.64,46.2,38.5,0.49,0.95
Music Labels & VFX Studios,2025-01-31,13.12,23.1,7.7,0.46,0.96
Music Labels & VFX Studios,2025-03-19,24.55,38.5,15.4,1.3,1.0
Music Labels & VFX Studios,2025-03-27,13.74,30.8,7.7,0.01,0.89
Music Labels & VFX Studios,2025-04-01,21.59,46.2,15.4,0.37,0.88
Music Labels & VFX Studios,2025-04-02,23.77,61.5,23.1,0.22,0.88
Music Labels & VFX Studios,2025-04-03,32.29,84.6,38.5,0.71,0.9
Music Labels & VFX Studios,2025-04-11,8.74,30.8,15.4,0.0,0.95
Music Labels & VFX Studios,2025-04-15,28.05,69.2,23.1,0.42,0.96
Music Labels & VFX Studios,2025-04-16,13.12,69.2,46.2,0.07,0.96
Music Labels & VFX Studios,2025-04-17,17.77,84.6,61.5,0.54,0.96
Music Labels & VFX Studios,2025-04-21,22.78,84.6,53.8,0.64,0.95
Music Labels & VFX Studios,2025-04-22,18.21,84.6,53.8,0.19,0.95
Music Labels & VFX Studios,2025-04-28,11.95,50.0,33.3,0.31,0.97
Music Labels & VFX Studios,2025-04-29,4.71,38.5,30.8,0.06,0.99
Music Labels & VFX Studios,2025-05-05,13.01,46.2,30.8,0.49,0.98
Music Labels & VFX Studios,2025-05-08,13.18,50.0,33.3,0.31,0.91
Music Labels & VFX Studios,2025-05-12,17.44,61.5,46.2,0.81,0.92
Music Labels & VFX Studios,2025-05-13,14.19,61.5,46.2,0.43,0.89
Music Labels & VFX Studios,2025-05-14,25.77,92.3,53.8,0.45,0.9
Music Labels & VFX Studios,2025-05-15,14.43,84.6,61.5,0.07,0.89
Music Labels & VFX Studios,2025-07-07,9.21,69.2,61.5,0.02,0.74
Music Labels & VFX Studios,2025-07-10,10.7,61.5,53.8,0.08,0.7
Music Labels & VFX Studios,2025-07-21,15.81,53.8,38.5,0.4,0.8
Music Labels & VFX Studios,2025-08-08,8.85,33.3,25.0,0.34,0.94
Music Labels & VFX Studios,2026-08-03,10.6,57.1,50.0,0.48,0.89
Music Labels & VFX Studios,2026-08-13,5.52,58.3,50.0,0.03,0.95
Mutual Fund Asset Managers (AMC),2024-04-01,16.88,100.0,75.0,0.44,1.0
Mutual Fund Asset Managers (AMC),2025-03-07,15.82,25.0,0.0,0.0,0.83
Mutual Fund Asset Managers (AMC),2025-03-18,33.63,50.0,0.0,0.39,0.76
Mutual Fund Asset Managers (AMC),2025-03-19,53.18,100.0,25.0,1.23,0.83
Mutual Fund Asset Managers (AMC),2025-03-21,42.44,100.0,50.0,1.46,0.86
Mutual Fund Asset Managers (AMC),2025-03-24,24.44,100.0,75.0,0.92,0.87
Mutual Fund Asset Managers (AMC),2025-03-27,25.87,100.0,75.0,1.1,0.88
Mutual Fund Asset Managers (AMC),2025-04-02,22.97,100.0,75.0,0.77,0.86
Mutual Fund Asset Managers (AMC),2026-08-13,15.3,42.9,28.6,0.17,0.68
Mutual Fund Registrar & Transfer Agent,2025-03-13,32.35,50.0,0.0,0.41,0.84
Mutual Fund Registrar & Transfer Agent,2025-03-18,62.84,100.0,0.0,0.94,0.83
Mutual Fund Registrar & Transfer Agent,2025-03-19,49.55,100.0,50.0,1.97,0.76
Mutual Fund Registrar & Transfer Agent,2025-03-20,35.69,100.0,50.0,0.62,0.77
Mutual Fund Registrar & Transfer Agent,2025-03-26,28.73,100.0,50.0,0.05,0.84
Mutual Fund Registrar & Transfer Agent,2025-03-27,39.9,100.0,50.0,1.14,0.83
Mutual Fund Registrar & Transfer Agent,2025-03-28,30.75,100.0,50.0,0.12,0.77
Mutual Fund Registrar & Transfer Agent,2025-04-01,31.6,100.0,50.0,0.15,0.75
Mutual Fund Registrar & Transfer Agent,2025-04-08,32.47,50.0,0.0,0.38,0.82
Mutual Fund Registrar & Transfer Agent,2025-04-09,34.28,50.0,0.0,0.55,0.81
Mutual Fund Registrar & Transfer Agent,2026-07-31,29.4,100.0,50.0,0.36,0.96
Mutual Fund Registrar & Transfer Agent,2026-08-04,36.08,100.0,50.0,1.0,0.95
Mutual Fund Registrar & Transfer Agent,2026-08-05,31.63,100.0,50.0,0.43,0.88
Mutual Fund Registrar & Transfer Agent,2026-08-10,30.66,50.0,0.0,0.23,0.83
Mutual Fund Registrar & Transfer Agent,2026-08-14,30.2,50.0,0.0,0.11,0.79
Mutual Fund Registrar & Transfer Agent,2026-08-17,45.74,50.0,0.0,1.66,0.79
Mutual Fund Registrar & Transfer Agent,2026-08-21,46.54,50.0,0.0,1.74,0.79
Naval Combat Warships & Submarines,2024-09-13,60.44,100.0,0.0,0.61,0.78
Naval Combat Warships & Submarines,2025-02-04,65.1,100.0,0.0,1.5,1.0
Naval Combat Warships & Submarines,2025-04-25,82.16,100.0,0.0,2.5,0.64
Naval Combat Warships & Submarines,2025-05-21,86.6,100.0,0.0,3.16,0.75
Naval Combat Warships & Submarines,2025-08-08,60.02,100.0,0.0,0.91,0.95
Naval Combat Warships & Submarines,2025-08-11,65.24,100.0,0.0,1.43,0.95
Naval Warships & Submarines,2024-09-03,31.67,33.3,0.0,0.81,0.66
Naval Warships & Submarines,2024-09-20,65.65,66.7,0.0,2.87,0.82
Naval Warships & Submarines,2024-10-18,34.05,66.7,33.3,1.66,0.96
Naval Warships & Submarines,2024-11-25,30.08,33.3,0.0,0.98,0.82
Naval Warships & Submarines,2024-11-26,51.98,100.0,33.3,1.58,0.86
Naval Warships & Submarines,2024-11-27,36.18,100.0,66.7,1.82,0.93
Naval Warships & Submarines,2025-03-07,50.88,100.0,33.3,1.74,0.99
Naval Warships & Submarines,2025-03-18,45.97,100.0,33.3,1.22,0.98
Naval Warships & Submarines,2025-08-13,33.04,33.3,0.0,1.13,0.74
Naval Warships & Submarines,2026-08-06,88.77,100.0,0.0,3.43,0.78
Naval Warships & Submarines,2026-08-07,59.32,100.0,0.0,0.48,0.78
Naval Warships & Submarines,2026-08-10,25.07,66.7,33.3,0.41,0.78
Naval Warships & Submarines,2026-08-13,35.2,100.0,66.7,1.44,0.79
Naval Warships & Submarines,2026-08-18,35.23,100.0,66.7,1.53,0.83
Networking Hardware & Infra,2024-10-31,70.83,100.0,0.0,1.79,0.85
Networking Hardware & Infra,2024-11-01,59.11,100.0,0.0,0.62,0.86
Networking Hardware & Infra,2024-11-05,61.42,100.0,0.0,0.84,0.85
Networking Hardware & Infra,2024-11-11,57.74,100.0,0.0,0.77,1.0
Networking Hardware & Infra,2024-11-26,65.43,100.0,0.0,1.5,0.98
Networking Hardware & Infra,2025-01-02,64.24,100.0,0.0,1.22,0.9
Networking Hardware & Infra,2025-03-18,64.64,100.0,0.0,1.45,0.99
Networking Hardware & Infra,2025-03-21,59.88,100.0,0.0,0.84,0.93
Networking Hardware & Infra,2025-03-27,62.81,100.0,0.0,1.17,0.95
Networking Hardware & Infra,2025-04-03,60.73,100.0,0.0,0.94,0.93
Networking Hardware & Infra,2026-08-19,100.69,100.0,0.0,4.65,0.79
Off-Highway Tyres,2024-12-02,54.31,100.0,0.0,0.39,0.98
Off-Highway Tyres,2024-12-03,60.57,100.0,0.0,0.94,0.94
Off-Highway Tyres,2024-12-11,54.94,100.0,0.0,0.33,0.92
Off-Highway Tyres,2024-12-18,57.73,100.0,0.0,0.29,0.76
Off-Highway Tyres,2024-12-26,63.65,100.0,0.0,0.76,0.7
Off-Highway Tyres,2025-03-19,62.17,100.0,0.0,0.82,0.8
Off-Highway Tyres,2025-06-27,66.0,100.0,0.0,0.49,0.44
Off-Highway Tyres,2025-07-01,104.56,100.0,0.0,4.39,0.47
Oil & Gas Exploration (E&P),2024-07-03,18.22,60.0,40.0,0.67,0.92
Oil & Gas Exploration (E&P),2024-07-05,19.09,80.0,60.0,0.74,0.91
Oil & Gas Exploration (E&P),2024-08-09,24.67,80.0,40.0,0.33,0.93
Oil & Gas Exploration (E&P),2024-08-21,20.4,80.0,60.0,0.92,0.94
Oil & Gas Exploration (E&P),2024-10-10,45.1,20.0,0.0,3.01,0.75
Oil & Gas Exploration (E&P),2025-03-20,19.65,40.0,20.0,0.9,0.97
Oil & Gas Exploration (E&P),2025-03-21,13.46,40.0,20.0,0.28,0.96
Oil & Gas Exploration (E&P),2025-03-24,39.11,80.0,20.0,0.85,0.97
Oil & Gas Exploration (E&P),2025-04-11,23.0,40.0,0.0,0.14,0.92
Oil & Gas Exploration (E&P),2025-04-15,12.85,40.0,20.0,0.2,0.96
Oil & Gas Exploration (E&P),2025-04-16,17.7,60.0,40.0,0.71,0.97
Oil & Gas Exploration (E&P),2025-04-17,21.82,80.0,40.0,0.1,0.96
Oil & Gas Exploration (E&P),2025-04-21,26.41,100.0,60.0,0.58,0.97
Oil & Gas Exploration (E&P),2025-05-12,19.17,60.0,40.0,0.89,0.99
Oil & Gas Exploration (E&P),2025-05-13,16.38,60.0,40.0,0.6,0.98
Oil & Gas Exploration (E&P),2025-05-21,24.69,80.0,40.0,0.23,0.88
Oil & Gas Exploration (E&P),2025-05-22,42.28,60.0,20.0,2.04,0.91
Oil & Gas Exploration (E&P),2025-05-29,16.97,40.0,20.0,0.51,0.91
Oil & Gas Exploration (E&P),2025-06-11,25.32,60.0,40.0,1.22,0.85
Oil & Gas Exploration (E&P),2025-06-16,48.02,100.0,60.0,2.74,0.97
Oil & Gas Exploration (E&P),2025-07-30,22.15,20.0,0.0,0.42,0.6
Oil & Gas Exploration (E&P),2025-08-19,19.24,60.0,40.0,0.48,0.78
Oil & Gas Exploration (E&P),2026-07-08,27.5,57.1,42.9,1.75,0.86
Oil & Gas Exploration (E&P),2026-07-30,12.0,42.9,28.6,0.32,0.92
Oil & Gas Exploration (E&P),2026-07-31,15.25,57.1,42.9,0.66,0.92
Oil & Gas Exploration (E&P),2026-08-03,9.63,71.4,57.1,0.05,0.9
Oil & Gas Exploration (E&P),2026-08-04,13.83,71.4,57.1,0.5,0.91
Oil & Gas Exploration (E&P),2026-08-11,13.96,71.4,57.1,0.3,0.81
Oilfield Services & Drilling,2024-12-09,36.1,100.0,50.0,0.71,0.8
Oilfield Services & Drilling,2024-12-10,43.17,100.0,50.0,1.41,0.8
Oilfield Services & Drilling,2024-12-11,30.23,100.0,50.0,0.04,0.76
Oilfield Services & Drilling,2025-03-18,30.16,50.0,0.0,0.4,0.94
Oilfield Services & Drilling,2025-03-19,32.62,50.0,0.0,0.63,0.93
Oilfield Services & Drilling,2025-03-20,29.32,50.0,0.0,0.29,0.93
Oilfield Services & Drilling,2025-04-11,30.77,50.0,0.0,0.4,0.91
Oilfield Services & Drilling,2025-04-15,31.7,100.0,50.0,0.5,0.91
Oilfield Services & Drilling,2025-04-16,29.92,100.0,50.0,0.32,0.91
Oilfield Services & Drilling,2025-04-21,30.47,100.0,50.0,0.3,0.88
Oilfield Services & Drilling,2025-04-24,30.09,50.0,0.0,0.25,0.87
Oilfield Services & Drilling,2025-04-28,30.29,50.0,0.0,0.27,0.87
Oilfield Services & Drilling,2025-05-14,40.4,50.0,0.0,0.77,0.61
Oilfield Services & Drilling,2025-05-15,66.43,100.0,0.0,1.03,0.69
Oilfield Services & Drilling,2025-05-21,31.1,100.0,50.0,0.13,0.76
Oilfield Services & Drilling,2025-06-12,34.51,100.0,50.0,0.29,0.67
Oilfield Services & Drilling,2025-06-17,33.4,100.0,50.0,0.27,0.71
Oilfield Services & Drilling,2025-06-20,35.68,100.0,50.0,0.59,0.76
Oilfield Services & Drilling,2025-06-23,35.88,100.0,50.0,0.61,0.76
Oilfield Services & Drilling,2026-07-31,75.15,100.0,50.0,4.56,0.77
Online Travel Agency (OTA) & Flight Booking,2024-04-01,17.82,100.0,66.7,0.12,1.0
Online Travel Agency (OTA) & Flight Booking,2024-06-18,18.95,50.0,25.0,0.39,0.87
Online Travel Agency (OTA) & Flight Booking,2024-06-19,18.11,75.0,50.0,0.3,0.87
Online Travel Agency (OTA) & Flight Booking,2024-07-25,18.19,100.0,75.0,0.07,0.75
Online Travel Agency (OTA) & Flight Booking,2024-11-06,45.8,75.0,0.0,0.82,1.0
Online Travel Agency (OTA) & Flight Booking,2024-11-12,15.72,25.0,0.0,0.28,0.98
Online Travel Agency (OTA) & Flight Booking,2024-11-25,27.45,50.0,0.0,0.24,1.0
Online Travel Agency (OTA) & Flight Booking,2024-11-29,32.97,50.0,25.0,1.99,0.97
Online Travel Agency (OTA) & Flight Booking,2024-12-04,22.1,50.0,25.0,0.88,0.96
Online Travel Agency (OTA) & Flight Booking,2024-12-10,38.76,75.0,25.0,1.16,0.89
Online Travel Agency (OTA) & Flight Booking,2024-12-20,16.17,50.0,25.0,0.15,0.89
Online Travel Agency (OTA) & Flight Booking,2024-12-26,21.7,75.0,50.0,0.68,0.88
Online Travel Agency (OTA) & Flight Booking,2024-12-30,21.03,75.0,50.0,0.67,0.91
Online Travel Agency (OTA) & Flight Booking,2025-04-01,16.3,75.0,50.0,0.36,0.99
Online Travel Agency (OTA) & Flight Booking,2025-04-03,19.06,75.0,50.0,0.65,1.0
Online Travel Agency (OTA) & Flight Booking,2025-04-15,33.86,100.0,50.0,0.86,0.99
Online Travel Agency (OTA) & Flight Booking,2025-05-14,13.2,100.0,75.0,0.06,1.0
Online Travel Agency (OTA) & Flight Booking,2025-07-15,17.23,80.0,60.0,0.18,0.73
Online Travel Agency (OTA) & Flight Booking,2025-07-16,20.33,80.0,60.0,0.49,0.73
Online Travel Agency (OTA) & Flight Booking,2025-07-17,51.25,100.0,80.0,3.84,0.86
Online Travel Agency (OTA) & Flight Booking,2026-08-11,33.9,40.0,20.0,1.41,0.51
Online Travel Agency (OTA) & Flight Booking,2026-08-13,23.73,40.0,20.0,0.43,0.53
Online Travel Agency (OTA) & Flight Booking,2026-08-21,27.6,40.0,20.0,0.99,0.61
Optical Fiber & Telecom Gear,2024-05-21,32.54,50.0,0.0,0.21,0.73
Optical Fiber & Telecom Gear,2025-01-31,31.94,50.0,0.0,0.16,0.73
Optical Fiber & Telecom Gear,2025-02-03,31.54,50.0,0.0,0.07,0.71
Optical Fiber & Telecom Gear,2025-02-27,30.06,50.0,0.0,0.21,0.85
Optical Fiber & Telecom Gear,2025-03-03,30.78,50.0,0.0,0.36,0.89
Optical Fiber & Telecom Gear,2025-03-05,31.84,50.0,0.0,0.54,0.93
Optical Fiber & Telecom Gear,2025-03-13,29.3,50.0,0.0,0.37,0.97
Optical Fiber & Telecom Gear,2025-06-27,58.99,100.0,50.0,2.94,0.77
Optical Fiber & Telecom Gear,2026-08-03,33.1,50.0,0.0,0.54,0.87
Optical Fiber & Telecom Gear,2026-08-04,59.38,100.0,0.0,0.76,0.91
Optical Fiber & Telecom Gear,2026-08-05,41.62,100.0,50.0,1.47,0.9
Optical Fiber & Telecom Gear,2026-08-06,46.74,100.0,50.0,2.07,0.95
Optical Fiber & Telecom Infrastructure,2024-03-22,33.64,76.9,61.5,0.8,0.1
Optical Fiber & Telecom Infrastructure,2024-04-02,13.29,84.6,69.2,0.56,1.0
Optical Fiber & Telecom Infrastructure,2024-04-03,6.28,92.3,84.6,0.24,1.0
Optical Fiber & Telecom Infrastructure,2024-04-04,4.05,92.3,84.6,0.02,1.0
Optical Fiber & Telecom Infrastructure,2024-04-05,4.02,92.3,84.6,0.02,1.0
Optical Fiber & Telecom Infrastructure,2024-10-10,8.95,28.6,21.4,0.34,0.9
Optical Fiber & Telecom Infrastructure,2025-01-02,7.4,35.7,28.6,0.26,0.94
Optical Fiber & Telecom Infrastructure,2025-02-25,4.39,7.1,0.0,0.01,0.97
Optical Fiber & Telecom Infrastructure,2025-03-18,14.11,7.1,0.0,1.0,0.98
Optical Fiber & Telecom Infrastructure,2025-03-19,13.18,21.4,7.1,0.58,0.99
Optical Fiber & Telecom Infrastructure,2025-03-21,21.38,35.7,14.3,0.93,0.93
Optical Fiber & Telecom Infrastructure,2025-03-24,36.47,78.6,14.3,0.3,0.93
Optical Fiber & Telecom Infrastructure,2025-04-01,22.77,35.7,14.3,1.09,0.94
Optical Fiber & Telecom Infrastructure,2025-04-03,22.01,50.0,21.4,0.64,0.94
Optical Fiber & Telecom Infrastructure,2025-04-08,13.04,35.7,14.3,0.17,0.97
Optical Fiber & Telecom Infrastructure,2025-04-11,21.24,57.1,21.4,0.28,0.97
Optical Fiber & Telecom Infrastructure,2025-04-16,36.12,85.7,35.7,1.08,0.98
Optical Fiber & Telecom Infrastructure,2025-04-21,27.97,85.7,35.7,0.25,0.98
Optical Fiber & Telecom Infrastructure,2025-04-22,30.27,100.0,50.0,0.47,0.97
Optical Fiber & Telecom Infrastructure,2025-04-28,9.2,42.9,28.6,0.19,0.99
Optical Fiber & Telecom Infrastructure,2025-05-05,8.2,28.6,21.4,0.41,0.97
Optical Fiber & Telecom Infrastructure,2025-05-12,15.91,42.9,21.4,0.39,0.94
Optical Fiber & Telecom Infrastructure,2025-05-13,20.37,57.1,28.6,0.47,0.93
Optical Fiber & Telecom Infrastructure,2025-05-14,15.98,57.1,42.9,0.71,0.91
Optical Fiber & Telecom Infrastructure,2025-05-15,8.68,57.1,50.0,0.3,0.9
Optical Fiber & Telecom Infrastructure,2025-05-16,17.48,78.6,57.1,0.47,0.9
Optical Fiber & Telecom Infrastructure,2025-05-21,13.39,64.3,50.0,0.55,0.96
Optical Fiber & Telecom Infrastructure,2025-05-22,6.68,64.3,57.1,0.24,0.96
Optical Fiber & Telecom Infrastructure,2025-05-23,9.61,71.4,64.3,0.56,0.98
Optical Fiber & Telecom Infrastructure,2025-05-26,7.82,78.6,71.4,0.29,0.93
Optical Fiber & Telecom Infrastructure,2025-05-28,12.92,78.6,71.4,0.82,0.94
Optical Fiber & Telecom Infrastructure,2025-05-29,10.25,71.4,64.3,0.52,0.93
Optical Fiber & Telecom Infrastructure,2025-06-06,8.93,85.7,71.4,0.04,0.93
Optical Fiber & Telecom Infrastructure,2025-06-11,14.45,78.6,71.4,0.96,0.93
Optical Fiber & Telecom Infrastructure,2025-06-30,9.44,71.4,64.3,0.3,0.86
Optical Fiber & Telecom Infrastructure,2025-08-11,12.41,14.3,7.1,0.55,0.83
Optical Fiber & Telecom Infrastructure,2025-08-14,6.62,14.3,7.1,0.01,0.85
Optical Fiber & Telecom Infrastructure,2025-08-20,13.2,28.6,7.1,0.09,0.92
Optical Fiber & Telecom Infrastructure,2025-08-21,11.16,28.6,14.3,0.3,0.95
Optical Fiber & Telecom Infrastructure,2026-07-31,15.44,50.0,37.5,0.32,0.7
Optical Fiber & Telecom Infrastructure,2026-08-10,21.23,50.0,25.0,0.31,0.72
Optical Fiber & Telecom Infrastructure,2026-08-11,26.3,50.0,31.2,1.12,0.71
Optical Fiber & Telecom Infrastructure,2026-08-13,11.62,37.5,31.2,0.3,0.73
Optical Fiber & Telecom Infrastructure,2026-08-14,13.51,43.8,31.2,0.2,0.74
Optical Fiber & Telecom Infrastructure,2026-08-17,14.26,29.4,17.6,0.28,0.72
Optical Fibre Cables & Telecom Infra,2024-06-07,77.1,100.0,0.0,2.22,0.75
Optical Fibre Cables & Telecom Infra,2024-12-03,64.27,100.0,0.0,1.3,0.94
Optical Fibre Cables & Telecom Infra,2025-05-23,76.67,100.0,0.0,2.45,0.89
Optical Fibre Cables & Telecom Infra,2025-05-28,59.57,100.0,0.0,0.62,0.83
Optical Fibre Cables & Telecom Infra,2025-05-30,63.51,100.0,0.0,0.89,0.77
Optical Fibre Cables & Telecom Infra,2025-06-02,65.05,100.0,0.0,1.0,0.75
Optical Fibre Cables & Telecom Infra,2025-06-04,65.64,100.0,0.0,1.06,0.75
Optical Fibre Cables & Telecom Infra,2025-06-05,69.2,100.0,0.0,1.4,0.74
Oral Hygiene,2024-04-16,58.53,100.0,0.0,0.59,0.87
Oral Hygiene,2024-04-17,58.65,100.0,0.0,0.58,0.86
Oral Hygiene,2024-04-23,59.96,100.0,0.0,0.83,0.91
Oral Hygiene,2025-01-02,67.39,100.0,0.0,1.44,0.85
Oral Hygiene,2025-01-03,70.8,100.0,0.0,1.81,0.86
Oral Hygiene,2025-01-08,65.92,100.0,0.0,1.28,0.84
Oral Hygiene,2025-01-09,88.16,100.0,0.0,3.63,0.9
Oral Hygiene,2025-01-30,56.17,100.0,0.0,0.6,0.99
Oral Hygiene,2025-04-04,58.56,100.0,0.0,0.58,0.86
Oral Hygiene,2025-04-08,55.62,100.0,0.0,0.47,0.95
Oral Hygiene,2025-07-02,75.24,100.0,0.0,1.54,0.51
Oral Hygiene,2025-07-03,69.21,100.0,0.0,0.9,0.49
Oral Hygiene,2025-07-07,65.59,100.0,0.0,0.52,0.48
PCB Assembly & Fabrication,2024-11-05,19.78,33.3,0.0,0.23,0.96
PCB Assembly & Fabrication,2025-01-21,20.21,100.0,66.7,0.1,0.87
PCB Assembly & Fabrication,2025-02-19,29.49,25.0,0.0,1.19,0.75
PCB Assembly & Fabrication,2025-06-30,20.43,75.0,50.0,0.16,0.68
PCB Assembly & Fabrication,2025-07-02,32.85,100.0,75.0,1.38,0.67
PCB Assembly & Fabrication,2025-07-03,32.58,100.0,75.0,1.32,0.66
PVC Stabilizers & Additives,2025-03-21,71.61,100.0,0.0,2.1,0.97
PVC Stabilizers & Additives,2025-04-02,54.93,100.0,0.0,0.37,0.94
PVC Stabilizers & Additives,2025-04-03,55.74,100.0,0.0,0.47,0.95
PVC Stabilizers & Additives,2025-04-21,55.26,100.0,0.0,0.47,0.97
PVC Stabilizers & Additives,2025-04-23,56.2,100.0,0.0,0.54,0.96
PVC Stabilizers & Additives,2025-05-15,62.38,100.0,0.0,1.19,0.97
PVC Stabilizers & Additives,2025-05-19,56.88,100.0,0.0,0.63,0.97
PVC Stabilizers & Additives,2025-06-04,73.94,100.0,0.0,2.37,0.99
Packaged Foods & Snacks,2024-03-22,26.3,61.1,55.6,0.55,0.1
Packaged Foods & Snacks,2024-04-01,8.34,77.8,66.7,0.28,1.0
Packaged Foods & Snacks,2024-04-02,4.84,81.1,78.4,0.3,0.98
Packaged Foods & Snacks,2024-04-05,3.73,78.4,73.0,0.05,0.98
Packaged Foods & Snacks,2024-04-24,6.51,67.6,64.9,0.4,0.94
Packaged Foods & Snacks,2024-07-03,6.29,71.8,64.1,0.15,0.95
Packaged Foods & Snacks,2024-07-24,12.9,69.2,66.7,0.99,0.91
Packaged Foods & Snacks,2024-08-21,8.96,78.0,68.3,0.34,0.96
Packaged Foods & Snacks,2024-09-24,8.67,65.9,63.4,0.62,0.94
Packaged Foods & Snacks,2024-11-29,5.64,33.3,28.6,0.12,0.9
Packaged Foods & Snacks,2024-12-02,13.32,48.8,39.5,0.67,0.9
Packaged Foods & Snacks,2024-12-03,19.02,67.4,44.2,0.54,0.9
Packaged Foods & Snacks,2024-12-04,13.22,63.4,43.9,0.11,0.88
Packaged Foods & Snacks,2024-12-06,14.5,70.5,56.8,0.51,0.87
Packaged Foods & Snacks,2024-12-09,8.08,62.2,53.3,0.13,0.88
Packaged Foods & Snacks,2024-12-10,7.96,65.9,56.8,0.08,0.87
Packaged Foods & Snacks,2024-12-11,11.01,62.8,48.8,0.07,0.83
Packaged Foods & Snacks,2024-12-13,6.18,53.3,46.7,0.11,0.91
Packaged Foods & Snacks,2024-12-31,10.73,44.4,37.8,0.71,0.99
Packaged Foods & Snacks,2025-01-02,4.4,56.8,52.3,0.07,0.93
Packaged Foods & Snacks,2025-01-03,10.01,64.4,55.6,0.38,0.91
Packaged Foods & Snacks,2025-03-24,9.01,53.3,35.6,0.01,1.0
Packaged Foods & Snacks,2025-04-08,2.5,34.9,30.2,0.01,1.0
Packaged Foods & Snacks,2025-04-09,5.4,35.7,28.6,0.16,0.99
Packaged Foods & Snacks,2025-04-22,17.52,88.6,63.6,0.49,0.99
Packaged Foods & Snacks,2025-04-23,10.19,84.4,64.4,0.0,0.99
Packaged Foods & Snacks,2025-04-24,11.91,88.9,71.1,0.29,0.99
Packaged Foods & Snacks,2025-04-29,9.34,64.4,46.7,0.01,0.98
Packaged Foods & Snacks,2025-05-05,3.93,45.5,43.2,0.14,0.93
Packaged Foods & Snacks,2025-05-12,14.37,57.8,44.4,0.61,0.92
Packaged Foods & Snacks,2025-05-13,14.2,66.7,48.9,0.35,0.91
Packaged Foods & Snacks,2025-05-16,8.29,73.3,62.2,0.02,0.87
Packaged Foods & Snacks,2025-05-19,13.79,81.4,62.8,0.21,0.88
Packaged Foods & Snacks,2025-05-21,8.67,76.1,63.0,0.01,0.9
Packaged Foods & Snacks,2025-05-22,7.46,71.1,62.2,0.09,0.89
Packaged Foods & Snacks,2025-05-29,7.79,65.1,62.8,0.39,0.87
Packaged Foods & Snacks,2025-06-05,5.84,60.0,55.6,0.14,0.89
Packaged Foods & Snacks,2025-06-09,10.06,66.7,60.0,0.35,0.84
Packaged Foods & Snacks,2025-06-10,7.5,56.8,52.3,0.21,0.84
Packaged Foods & Snacks,2025-06-11,9.47,65.2,60.9,0.41,0.84
Packaged Foods & Snacks,2025-06-27,4.83,53.3,51.1,0.04,0.83
Packaged Foods & Snacks,2025-07-08,4.84,60.9,56.5,0.01,0.87
Packaged Foods & Snacks,2025-07-09,4.29,60.0,57.8,0.02,0.85
Packaged Foods & Snacks,2025-08-20,2.24,45.7,43.5,0.1,0.99
Packaged Foods & Snacks,2026-08-03,12.12,56.1,50.9,0.46,0.76
Packaged Foods & Snacks,2026-08-04,13.22,58.9,44.6,0.11,0.75
Packaged Foods & Snacks,2026-08-07,16.8,59.6,52.6,0.79,0.73
Packaged Foods & Snacks,2026-08-14,10.15,54.7,50.9,0.27,0.72
Packaged Foods & Snacks,2026-08-17,8.38,45.8,44.1,0.09,0.67
Packaged Foods & Snacks,2026-08-21,8.37,46.2,44.6,0.19,0.72
Paperboard & Packaging Cartons,2024-04-23,5.71,70.8,68.8,0.45,0.99
Paperboard & Packaging Cartons,2024-04-26,4.97,77.1,75.0,0.35,0.98
Paperboard & Packaging Cartons,2024-08-21,4.74,56.2,50.0,0.05,0.94
Paperboard & Packaging Cartons,2024-08-23,7.76,61.2,57.1,0.43,0.93
Paperboard & Packaging Cartons,2024-09-10,9.89,56.0,52.0,0.47,0.84
Paperboard & Packaging Cartons,2024-09-16,4.83,56.9,54.9,0.06,0.84
Paperboard & Packaging Cartons,2024-10-10,4.83,36.7,30.6,0.17,1.0
Paperboard & Packaging Cartons,2024-10-14,1.77,40.0,38.0,0.08,1.0
Paperboard & Packaging Cartons,2024-10-16,4.44,38.8,32.7,0.12,0.99
Paperboard & Packaging Cartons,2024-11-27,16.29,56.0,26.0,0.05,0.96
Paperboard & Packaging Cartons,2024-12-16,14.83,75.0,66.7,1.06,1.0
Paperboard & Packaging Cartons,2025-01-23,1.5,15.7,13.7,0.02,0.98
Paperboard & Packaging Cartons,2025-02-04,2.75,11.8,7.8,0.06,0.99
Paperboard & Packaging Cartons,2025-02-05,3.46,21.6,15.7,0.05,1.0
Paperboard & Packaging Cartons,2025-03-24,18.58,46.0,10.0,0.03,0.99
Paperboard & Packaging Cartons,2025-04-02,24.04,54.2,12.5,0.29,0.99
Paperboard & Packaging Cartons,2025-04-03,26.92,66.0,18.0,0.25,0.98
Paperboard & Packaging Cartons,2025-04-07,3.67,10.2,4.1,0.04,0.99
Paperboard & Packaging Cartons,2025-04-15,29.67,66.7,15.7,0.42,1.0
Paperboard & Packaging Cartons,2025-04-17,21.85,77.6,38.8,0.24,1.0
Paperboard & Packaging Cartons,2025-04-21,25.55,90.2,51.0,0.57,0.99
Paperboard & Packaging Cartons,2025-04-22,17.95,86.3,56.9,0.28,0.98
Paperboard & Packaging Cartons,2025-04-24,16.02,84.0,54.0,0.06,0.98
Paperboard & Packaging Cartons,2025-05-09,5.52,16.0,14.0,0.18,0.86
Paperboard & Packaging Cartons,2025-05-12,26.63,60.8,29.4,0.84,0.88
Paperboard & Packaging Cartons,2025-05-13,20.61,68.6,37.3,0.24,0.87
Paperboard & Packaging Cartons,2025-05-14,24.49,86.3,58.8,0.83,0.88
Paperboard & Packaging Cartons,2025-05-15,19.57,92.0,64.0,0.31,0.88
Paperboard & Packaging Cartons,2025-05-16,17.23,90.2,68.6,0.38,0.87
Paperboard & Packaging Cartons,2025-05-19,14.83,92.2,70.6,0.17,0.88
Paperboard & Packaging Cartons,2025-05-21,6.68,80.0,72.0,0.06,0.9
Paperboard & Packaging Cartons,2025-05-26,12.46,86.0,78.0,0.67,0.91
Paperboard & Packaging Cartons,2025-05-30,3.77,78.4,76.5,0.08,0.9
Paperboard & Packaging Cartons,2025-08-20,6.35,35.4,29.2,0.2,0.94
Paperboard & Packaging Cartons,2026-07-31,9.11,31.5,27.8,0.27,0.77
Paperboard & Packaging Cartons,2026-08-05,14.43,46.3,29.6,0.11,0.75
Paperboard & Packaging Cartons,2026-08-06,12.37,46.3,33.3,0.1,0.76
Paperboard & Packaging Cartons,2026-08-07,12.09,43.6,34.5,0.3,0.77
Paperboard & Packaging Cartons,2026-08-10,12.01,45.5,32.7,0.13,0.78
Paperboard & Packaging Cartons,2026-08-12,8.0,40.7,37.0,0.2,0.79
Paperboard & Packaging Cartons,2026-08-13,7.32,45.3,39.6,0.08,0.81
Paperboard & Packaging Cartons,2026-08-14,8.03,42.6,38.9,0.24,0.81
Passenger Airlines,2024-11-27,53.2,100.0,0.0,0.27,0.98
Passenger Airlines,2024-11-29,31.62,100.0,50.0,0.64,0.99
Passenger Airlines,2025-01-20,17.28,66.7,33.3,0.01,0.97
Passenger Airlines,2025-02-21,17.8,66.7,33.3,0.1,0.99
Passenger Airlines,2025-03-04,23.27,66.7,33.3,0.54,0.94
Passenger Airlines,2025-03-06,20.63,66.7,33.3,0.34,0.97
Passenger Airlines,2025-03-12,20.72,66.7,33.3,0.4,1.0
Passenger Airlines,2025-03-20,18.09,100.0,66.7,0.03,0.94
Passenger Airlines,2025-03-21,19.86,100.0,66.7,0.17,0.93
Passenger Airlines,2025-04-01,32.51,100.0,66.7,1.38,0.9
Passenger Airlines,2025-04-08,34.0,100.0,66.7,1.65,0.96
Passenger Airlines,2025-06-11,22.33,66.7,33.3,0.22,0.83
Passenger Vehicles (Cars & SUVs),2024-07-26,23.43,100.0,80.0,1.06,0.86
Passenger Vehicles (Cars & SUVs),2024-09-27,34.4,100.0,80.0,2.27,0.91
Passenger Vehicles (Cars & SUVs),2024-12-02,36.44,80.0,20.0,0.45,0.9
Passenger Vehicles (Cars & SUVs),2024-12-05,26.2,60.0,20.0,0.28,0.83
Passenger Vehicles (Cars & SUVs),2024-12-13,33.95,60.0,20.0,0.66,0.63
Passenger Vehicles (Cars & SUVs),2024-12-16,24.49,60.0,40.0,0.73,0.64
Passenger Vehicles (Cars & SUVs),2025-01-01,21.22,60.0,40.0,0.48,0.68
Passenger Vehicles (Cars & SUVs),2025-01-03,13.61,100.0,80.0,0.29,0.96
Passenger Vehicles (Cars & SUVs),2025-03-18,22.52,60.0,40.0,1.09,0.92
Passenger Vehicles (Cars & SUVs),2025-03-20,24.19,80.0,40.0,0.27,0.93
Passenger Vehicles (Cars & SUVs),2025-03-21,16.46,80.0,60.0,0.52,0.94
Passenger Vehicles (Cars & SUVs),2025-03-24,26.65,100.0,60.0,0.54,0.94
Passenger Vehicles (Cars & SUVs),2025-04-17,30.78,100.0,60.0,0.89,0.9
Passenger Vehicles (Cars & SUVs),2025-04-21,23.57,100.0,80.0,1.15,0.9
Payment Gateway & FinTech SaaS,2025-05-14,79.15,100.0,0.0,2.41,0.75
Payment Gateway & FinTech SaaS,2025-05-16,71.66,100.0,0.0,1.66,0.75
Payment Gateway & FinTech SaaS,2025-05-19,66.99,100.0,0.0,1.2,0.75
Payment Gateway & FinTech SaaS,2025-05-20,73.02,100.0,0.0,1.85,0.77
Payment Gateway & FinTech SaaS,2025-05-21,62.15,100.0,0.0,0.76,0.77
Payment Gateway & FinTech SaaS,2025-05-22,62.41,100.0,0.0,0.79,0.78
Payment Gateway & FinTech SaaS,2025-05-26,63.15,100.0,0.0,0.79,0.74
Payment Gateway & FinTech SaaS,2025-05-28,60.74,100.0,0.0,0.55,0.74
Payment Gateway & FinTech SaaS,2025-05-29,62.95,100.0,0.0,0.73,0.72
Payment Gateway & FinTech SaaS,2025-05-30,64.44,100.0,0.0,0.88,0.72
Payment Gateway & FinTech SaaS,2025-06-04,60.0,100.0,0.0,0.4,0.7
Payment Gateway & FinTech SaaS,2025-06-09,74.47,100.0,0.0,1.53,0.54
Payment Gateway & FinTech SaaS,2025-06-11,91.68,100.0,0.0,2.89,0.36
Payment Gateway & FinTech SaaS,2025-07-24,61.75,100.0,0.0,0.72,0.77
Payment Gateway & FinTech SaaS,2026-08-11,27.63,50.0,0.0,0.17,0.95
Personal Care & Soaps,2024-04-10,14.09,80.0,60.0,0.41,1.0
Personal Care & Soaps,2024-04-11,13.84,80.0,60.0,0.38,1.0
Personal Care & Soaps,2024-08-22,13.67,100.0,83.3,0.43,0.95
Personal Care & Soaps,2024-08-26,20.52,100.0,83.3,1.2,0.99
Personal Care & Soaps,2025-01-03,32.22,66.7,50.0,2.23,0.92
Personal Care & Soaps,2025-01-23,13.45,50.0,33.3,0.24,0.86
Personal Care & Soaps,2025-02-05,11.21,33.3,16.7,0.15,0.93
Personal Care & Soaps,2025-02-06,16.76,40.0,20.0,0.45,0.89
Personal Care & Soaps,2025-02-07,19.59,33.3,0.0,0.1,0.9
Personal Care & Soaps,2025-04-02,25.01,83.3,50.0,0.81,0.99
Personal Care & Soaps,2025-04-03,30.68,100.0,50.0,0.52,0.98
Personal Care & Soaps,2025-04-22,22.83,83.3,50.0,0.52,0.95
Personal Care & Soaps,2025-04-23,26.74,100.0,66.7,0.94,0.97
Personal Care & Soaps,2025-04-25,17.56,83.3,50.0,0.05,0.98
Personal Care & Soaps,2025-04-28,11.94,60.0,40.0,0.09,0.95
Personal Care & Soaps,2025-05-07,19.35,66.7,50.0,0.82,0.86
Personal Care & Soaps,2026-08-13,30.25,60.0,40.0,1.55,0.76
Pigments & Dyes,2024-08-26,8.41,77.8,66.7,0.15,0.93
Pigments & Dyes,2024-08-27,10.82,88.9,77.8,0.44,0.96
Pigments & Dyes,2024-08-28,7.36,77.8,66.7,0.07,0.94
Pigments & Dyes,2024-09-04,10.53,77.8,66.7,0.26,0.88
Pigments & Dyes,2024-10-01,10.75,50.0,37.5,0.14,0.85
Pigments & Dyes,2024-10-02,10.6,50.0,37.5,0.11,0.84
Pigments & Dyes,2024-11-27,19.99,70.0,40.0,0.49,0.99
Pigments & Dyes,2024-11-28,18.66,60.0,30.0,0.28,0.96
Pigments & Dyes,2024-11-29,13.92,80.0,60.0,0.31,0.96
Pigments & Dyes,2024-12-03,7.19,63.6,54.5,0.03,0.88
Pigments & Dyes,2024-12-04,23.03,63.6,45.5,1.17,0.89
Pigments & Dyes,2024-12-09,19.66,63.6,54.5,1.34,0.91
Pigments & Dyes,2024-12-16,13.53,72.7,63.6,0.64,0.87
Pigments & Dyes,2025-01-01,8.1,54.5,45.5,0.28,0.96
Pigments & Dyes,2025-01-28,7.6,9.1,0.0,0.3,1.0
Pigments & Dyes,2025-02-07,26.02,72.7,27.3,0.32,1.0
Pigments & Dyes,2025-02-10,13.38,54.5,36.4,0.35,0.96
Pigments & Dyes,2025-02-13,13.33,18.2,0.0,0.42,1.0
Pigments & Dyes,2025-05-07,9.28,8.3,0.0,0.35,0.92
Pigments & Dyes,2025-05-12,23.18,61.5,46.2,1.3,0.88
Pigments & Dyes,2025-05-13,19.65,61.5,46.2,0.95,0.88
Pigments & Dyes,2025-05-26,7.68,76.9,69.2,0.17,0.9
Pigments & Dyes,2025-06-09,7.61,46.2,38.5,0.16,0.89
Pigments & Dyes,2025-06-11,15.16,58.3,50.0,0.87,0.88
Pigments & Dyes,2025-06-16,7.4,53.8,46.2,0.14,0.89
Pigments & Dyes,2025-06-25,10.27,61.5,53.8,0.37,0.86
Pigments & Dyes,2025-06-27,9.32,53.8,46.2,0.19,0.82
Pigments & Dyes,2025-06-30,20.74,76.9,61.5,0.97,0.83
Pigments & Dyes,2025-07-03,15.99,61.5,53.8,0.87,0.83
Pigments & Dyes,2025-07-10,12.26,66.7,58.3,0.68,0.94
Pigments & Dyes,2025-07-15,7.07,61.5,53.8,0.19,0.94
Pigments & Dyes,2025-07-18,7.94,69.2,61.5,0.28,0.93
Pigments & Dyes,2025-08-11,8.8,46.2,38.5,0.27,0.89
Pigments & Dyes,2026-07-30,12.81,35.7,21.4,0.45,0.94
Pigments & Dyes,2026-07-31,14.56,42.9,14.3,0.02,1.0
Pigments & Dyes,2026-08-05,15.03,53.8,46.2,0.73,0.81
Pigments & Dyes,2026-08-06,23.01,66.7,33.3,0.37,0.87
Pigments & Dyes,2026-08-07,20.34,57.1,35.7,0.64,0.84
Pigments & Dyes,2026-08-11,16.45,60.0,40.0,0.27,0.81
Pigments & Dyes,2026-08-12,19.47,66.7,41.7,0.32,0.81
Pigments & Dyes,2026-08-17,8.03,50.0,43.8,0.15,0.83
Plastic & CPVC Pipes,2024-09-23,15.76,75.0,50.0,0.08,0.88
Plastic & CPVC Pipes,2024-11-25,26.32,25.0,0.0,1.26,0.94
Plastic & CPVC Pipes,2024-11-26,14.73,25.0,0.0,0.09,0.93
Plastic & CPVC Pipes,2024-11-28,27.26,50.0,0.0,0.1,0.93
Plastic & CPVC Pipes,2024-12-02,35.25,50.0,0.0,0.87,0.92
Plastic & CPVC Pipes,2024-12-05,42.75,75.0,0.0,0.16,0.82
Plastic & CPVC Pipes,2024-12-06,34.69,75.0,25.0,0.6,0.82
Plastic & CPVC Pipes,2024-12-09,22.78,75.0,50.0,0.72,0.84
Plastic & CPVC Pipes,2024-12-13,18.34,50.0,25.0,0.04,0.73
Plastic & CPVC Pipes,2024-12-27,30.23,25.0,0.0,1.35,0.79
Plastic & CPVC Pipes,2025-03-20,19.03,25.0,0.0,0.55,0.95
Plastic & CPVC Pipes,2025-03-24,68.87,100.0,0.0,1.84,0.98
Plastic & CPVC Pipes,2025-04-01,13.66,25.0,0.0,0.05,0.97
Plastic & CPVC Pipes,2025-04-02,40.04,50.0,0.0,1.35,0.92
Plastic & CPVC Pipes,2025-04-03,45.5,75.0,0.0,0.56,0.88
Plastic & CPVC Pipes,2025-04-28,18.33,75.0,50.0,0.53,0.98
Plastic & CPVC Pipes,2025-05-02,14.47,25.0,0.0,0.18,0.99
Plastic & CPVC Pipes,2025-05-15,17.39,100.0,75.0,0.37,0.94
Plastic & CPVC Pipes,2026-08-06,31.19,80.0,40.0,0.58,0.73
Plastic & CPVC Pipes,2026-08-13,36.85,40.0,20.0,2.31,0.81
Plastics Processing Machinery,2025-04-22,51.94,100.0,0.0,0.1,0.95
Plastics Processing Machinery,2025-04-24,51.71,100.0,0.0,0.1,0.96
Plastics Processing Machinery,2025-05-13,54.18,100.0,0.0,0.1,0.84
Plastics Processing Machinery,2025-05-14,53.66,100.0,0.0,0.1,0.87
Plastics Processing Machinery,2025-05-19,53.3,100.0,0.0,0.1,0.88
Plastics Processing Machinery,2025-05-29,55.06,100.0,0.0,0.1,0.8
Plastics Processing Machinery,2025-06-03,55.68,100.0,0.0,0.1,0.77
Plastics Processing Machinery,2025-06-05,54.28,100.0,0.0,0.1,0.84
Plastics Processing Machinery,2025-06-06,55.57,100.0,0.0,0.1,0.77
Plastics Processing Machinery,2025-06-16,57.84,100.0,0.0,0.1,0.66
Plastics Processing Machinery,2025-06-24,57.32,100.0,0.0,0.1,0.68
Plywood & Laminates,2024-07-31,13.67,84.6,76.9,0.68,0.85
Plywood & Laminates,2024-10-16,5.16,69.2,61.5,0.01,0.94
Plywood & Laminates,2024-11-21,8.83,16.7,8.3,0.4,0.96
Plywood & Laminates,2024-11-25,12.39,38.5,23.1,0.45,0.99
Plywood & Laminates,2024-11-26,15.02,50.0,25.0,0.18,0.96
Plywood & Laminates,2024-11-29,18.5,53.8,30.8,0.29,0.8
Plywood & Laminates,2024-12-02,30.99,64.3,21.4,0.59,0.82
Plywood & Laminates,2024-12-03,41.56,85.7,35.7,1.3,0.82
Plywood & Laminates,2024-12-04,31.12,92.9,42.9,0.22,0.8
Plywood & Laminates,2024-12-13,10.24,71.4,64.3,0.57,0.95
Plywood & Laminates,2025-01-17,6.2,14.3,7.1,0.26,1.0
Plywood & Laminates,2025-02-05,19.09,53.8,30.8,0.72,0.98
Plywood & Laminates,2025-04-02,12.39,35.7,14.3,0.12,0.97
Plywood & Laminates,2025-04-03,21.63,50.0,14.3,0.34,0.98
Plywood & Laminates,2025-04-08,10.56,15.4,0.0,0.24,0.98
Plywood & Laminates,2025-04-09,4.74,14.3,7.1,0.09,0.98
Plywood & Laminates,2025-04-11,20.3,41.7,16.7,0.77,1.0
Plywood & Laminates,2025-05-12,20.17,42.9,14.3,0.46,0.94
Plywood & Laminates,2025-05-13,33.9,71.4,21.4,0.75,0.93
Plywood & Laminates,2025-05-14,15.17,71.4,57.1,0.65,0.92
Plywood & Laminates,2025-05-15,19.96,85.7,64.3,0.73,0.9
Plywood & Laminates,2025-05-16,16.02,85.7,78.6,1.01,0.88
Plywood & Laminates,2025-05-19,9.12,78.6,71.4,0.31,0.88
Plywood & Laminates,2025-05-23,15.01,78.6,64.3,0.59,0.9
Plywood & Laminates,2025-05-28,8.57,76.9,69.2,0.29,0.91
Plywood & Laminates,2025-06-13,11.04,84.6,76.9,0.41,0.84
Plywood & Laminates,2025-08-05,5.21,35.7,28.6,0.07,0.95
Plywood & Laminates,2025-08-22,12.36,42.9,21.4,0.16,1.0
Plywood & Laminates,2026-08-04,10.35,52.9,47.1,0.28,0.77
Polyester Woven Fabrics & Suiting,2024-10-01,58.67,100.0,0.0,0.1,0.62
Polyester Woven Fabrics & Suiting,2024-10-02,58.74,100.0,0.0,0.1,0.61
Polyester Woven Fabrics & Suiting,2024-10-11,53.68,100.0,0.0,0.1,0.87
Polyester Woven Fabrics & Suiting,2024-11-26,54.61,100.0,0.0,0.1,0.82
Polyester Woven Fabrics & Suiting,2024-11-27,54.49,100.0,0.0,0.1,0.83
Polyester Woven Fabrics & Suiting,2025-03-21,73.49,100.0,0.0,1.92,0.79
Polyester Woven Fabrics & Suiting,2025-03-24,63.63,100.0,0.0,0.95,0.8
Polyester Woven Fabrics & Suiting,2025-05-12,69.45,100.0,0.0,1.45,0.75
Polyester Woven Fabrics & Suiting,2025-06-10,64.79,100.0,0.0,1.28,0.9
Polyester Woven Fabrics & Suiting,2026-08-14,90.54,100.0,0.0,3.36,0.65
Polyester Woven Fabrics & Suiting,2026-08-17,80.68,100.0,0.0,2.27,0.6
Polyester Woven Fabrics & Suiting,2026-08-18,72.07,100.0,0.0,1.46,0.62
Power & Distribution Transformers,2024-04-03,12.52,83.3,66.7,0.42,1.0
Power & Distribution Transformers,2024-10-03,14.06,42.9,28.6,0.33,0.82
Power & Distribution Transformers,2024-10-08,16.9,42.9,28.6,0.91,0.97
Power & Distribution Transformers,2024-10-09,12.1,85.7,71.4,0.47,0.99
Power & Distribution Transformers,2024-12-03,19.15,87.5,62.5,0.6,0.97
Power & Distribution Transformers,2024-12-04,8.68,87.5,75.0,0.19,0.97
Power & Distribution Transformers,2024-12-05,15.62,100.0,75.0,0.25,0.97
Power & Distribution Transformers,2024-12-13,11.87,75.0,62.5,0.23,0.84
Power & Distribution Transformers,2024-12-16,23.52,75.0,62.5,1.31,0.79
Power & Distribution Transformers,2025-01-01,19.22,100.0,75.0,0.31,0.82
Power & Distribution Transformers,2025-03-18,23.31,25.0,0.0,1.02,0.97
Power & Distribution Transformers,2025-03-19,30.37,50.0,12.5,1.13,0.98
Power & Distribution Transformers,2025-03-20,26.53,62.5,12.5,0.09,0.97
Power & Distribution Transformers,2025-03-21,38.75,75.0,25.0,1.3,0.96
Power & Distribution Transformers,2025-03-24,20.52,87.5,62.5,0.68,0.94
Power & Distribution Transformers,2025-03-27,23.39,75.0,37.5,0.35,0.94
Power & Distribution Transformers,2025-03-28,27.04,75.0,25.0,0.07,0.93
Power & Distribution Transformers,2025-04-02,42.84,87.5,12.5,0.31,0.89
Power & Distribution Transformers,2025-04-03,23.65,62.5,37.5,0.87,0.88
Power & Distribution Transformers,2025-04-08,17.0,37.5,12.5,0.28,0.92
Power & Distribution Transformers,2025-04-09,8.72,25.0,12.5,0.03,0.89
Power & Distribution Transformers,2025-04-11,30.86,62.5,12.5,0.41,0.91
Power & Distribution Transformers,2025-04-15,17.33,75.0,50.0,0.36,0.94
Power & Distribution Transformers,2025-04-21,22.41,87.5,62.5,0.79,0.9
Power & Distribution Transformers,2025-04-22,11.5,87.5,75.0,0.31,0.89
Power & Distribution Transformers,2025-04-28,13.84,75.0,62.5,0.36,0.8
Power & Distribution Transformers,2025-05-08,9.27,50.0,37.5,0.16,0.93
Power & Distribution Transformers,2025-05-12,20.13,87.5,62.5,0.63,0.93
Power & Distribution Transformers,2025-05-13,23.24,100.0,75.0,0.94,0.93
Power & Distribution Transformers,2025-06-25,16.59,75.0,62.5,0.48,0.72
Power & Distribution Transformers,2026-08-21,17.5,55.6,44.4,0.83,0.82
Power Distribution & Integrated Utilities,2024-07-15,19.99,100.0,75.0,0.32,0.79
Power Distribution & Integrated Utilities,2024-12-02,25.8,50.0,25.0,1.18,0.93
Power Distribution & Integrated Utilities,2024-12-03,42.55,100.0,50.0,1.59,0.92
Power Distribution & Integrated Utilities,2024-12-04,29.61,100.0,50.0,0.35,0.94
Power Distribution & Integrated Utilities,2024-12-05,22.16,100.0,75.0,0.78,0.91
Power Distribution & Integrated Utilities,2024-12-06,19.84,100.0,75.0,0.55,0.91
Power Distribution & Integrated Utilities,2024-12-12,16.36,100.0,75.0,0.0,0.81
Power Distribution & Integrated Utilities,2025-03-04,18.75,25.0,0.0,0.56,0.97
Power Distribution & Integrated Utilities,2025-03-05,47.01,75.0,0.0,0.9,0.97
Power Distribution & Integrated Utilities,2025-03-06,39.26,75.0,0.0,0.14,0.98
Power Distribution & Integrated Utilities,2025-03-07,43.13,75.0,0.0,0.46,0.95
Power Distribution & Integrated Utilities,2025-03-11,41.05,75.0,0.0,0.14,0.89
Power Distribution & Integrated Utilities,2025-03-18,27.84,75.0,50.0,1.21,0.84
Power Distribution & Integrated Utilities,2025-03-19,27.01,100.0,75.0,1.2,0.87
Power Distribution & Integrated Utilities,2025-03-21,30.78,100.0,75.0,1.57,0.87
Power Distribution & Integrated Utilities,2025-03-24,20.04,100.0,75.0,0.43,0.84
Power Distribution & Integrated Utilities,2025-06-16,18.56,100.0,75.0,0.34,0.87
Power Distribution & Integrated Utilities,2025-08-07,22.92,25.0,0.0,0.97,0.96
Power Distribution & Integrated Utilities,2025-08-12,17.36,25.0,0.0,0.42,0.97
Power Distribution & Integrated Utilities,2025-08-13,15.87,25.0,0.0,0.16,0.91
Power Distribution & Integrated Utilities,2025-08-21,22.53,25.0,0.0,1.0,1.0
Power Distribution & Integrated Utilities,2026-07-31,20.34,66.7,33.3,0.14,0.89
Power Distribution & Integrated Utilities,2026-08-07,21.18,50.0,25.0,0.79,0.96
Power Distribution & Integrated Utilities,2026-08-10,44.53,75.0,0.0,0.57,0.94
Power Distribution & Integrated Utilities,2026-08-13,33.34,50.0,0.0,0.61,0.89
Power Distribution & Integrated Utilities,2026-08-14,16.06,50.0,25.0,0.16,0.9
Power Distribution & Integrated Utilities,2026-08-17,19.34,50.0,25.0,0.39,0.85
Power Transformers & Electrical Equipment,2026-07-27,59.89,100.0,0.0,0.99,1.0
Power Transformers & Electrical Equipment,2026-07-28,60.95,100.0,0.0,1.1,1.0
Power Transmission Grid,2024-03-22,49.2,100.0,66.7,1.45,0.1
Power Transmission Grid,2024-12-16,26.13,100.0,66.7,0.8,0.93
Power Transmission Grid,2025-03-10,18.15,33.3,0.0,0.04,0.95
Power Transmission Grid,2025-03-17,23.23,33.3,0.0,0.56,0.95
Power Transmission Grid,2025-03-18,43.44,66.7,0.0,0.89,0.94
Power Transmission Grid,2025-03-19,63.23,100.0,0.0,1.29,0.98
Power Transmission Grid,2025-03-21,32.82,100.0,66.7,1.51,0.95
Power Transmission Grid,2025-03-27,46.8,100.0,33.3,1.26,0.96
Power Transmission Grid,2025-04-01,37.3,100.0,33.3,0.26,0.93
Power Transmission Grid,2025-04-03,17.35,66.7,33.3,0.02,0.98
Power Transmission Grid,2025-04-23,20.13,100.0,66.7,0.21,0.93
Power Transmission Grid,2025-05-07,25.98,100.0,66.7,0.84,0.96
Power Transmission Grid,2025-05-12,24.6,100.0,66.7,0.71,0.96
Power Transmission Grid,2025-06-20,29.91,100.0,66.7,1.14,0.91
Power Transmission Grid,2025-07-04,27.08,100.0,66.7,0.53,0.74
Power Transmission Grid,2025-08-18,47.68,66.7,0.0,1.25,0.91
Power Transmission Grid,2026-08-03,35.0,33.3,0.0,1.07,0.62
Power Transmission Grid,2026-08-07,38.98,33.3,0.0,1.64,0.7
Power Transmission Line EPC,2025-03-05,57.44,100.0,0.0,0.6,0.93
Power Transmission Line EPC,2025-04-15,62.4,100.0,0.0,1.11,0.94
Power Transmission Line EPC,2025-04-21,59.3,100.0,0.0,0.9,0.99
Pre-Engineered Steel Buildings,2025-03-20,68.36,100.0,0.0,1.65,0.91
Pre-Engineered Steel Buildings,2025-03-27,62.71,100.0,0.0,0.91,0.82
Pre-Engineered Steel Buildings,2026-07-27,26.71,50.0,0.0,0.11,0.97
Pre-Engineered Steel Buildings,2026-08-06,33.58,50.0,0.0,0.45,0.8
Precision Auto Engine Components,2024-03-22,22.77,70.2,68.3,0.38,0.1
Precision Auto Engine Components,2024-04-03,4.87,89.6,86.8,0.31,0.98
Precision Auto Engine Components,2024-07-05,3.99,79.6,78.7,0.25,0.95
Precision Auto Engine Components,2024-12-13,3.45,68.0,66.4,0.11,0.92
Precision Auto Engine Components,2025-01-01,4.42,49.6,48.0,0.18,0.91
Precision Auto Engine Components,2025-01-02,8.69,61.6,53.6,0.32,0.93
Precision Auto Engine Components,2025-01-03,6.51,61.6,56.0,0.24,0.93
Precision Auto Engine Components,2025-03-21,24.83,62.2,26.8,0.7,1.0
Precision Auto Engine Components,2025-03-24,18.06,66.9,34.6,0.18,0.99
Precision Auto Engine Components,2025-04-01,13.9,46.5,23.6,0.19,0.97
Precision Auto Engine Components,2025-04-02,16.78,57.8,26.6,0.02,0.95
Precision Auto Engine Components,2025-04-03,19.16,59.4,30.5,0.37,0.95
Precision Auto Engine Components,2025-04-07,6.86,13.4,10.2,0.46,0.97
Precision Auto Engine Components,2025-04-08,6.62,25.2,15.0,0.1,0.98
Precision Auto Engine Components,2025-04-11,12.25,39.4,18.9,0.16,0.98
Precision Auto Engine Components,2025-04-15,22.55,69.3,33.1,0.44,1.0
Precision Auto Engine Components,2025-04-16,21.47,75.6,35.4,0.14,1.0
Precision Auto Engine Components,2025-04-17,22.1,80.3,37.0,0.02,0.99
Precision Auto Engine Components,2025-04-21,21.01,85.8,51.2,0.32,0.98
Precision Auto Engine Components,2025-04-22,15.34,88.2,59.1,0.0,0.96
Precision Auto Engine Components,2025-04-24,14.15,84.3,59.8,0.11,0.96
Precision Auto Engine Components,2025-05-05,11.99,50.0,33.6,0.23,0.93
Precision Auto Engine Components,2025-05-07,8.21,31.7,26.2,0.44,0.95
Precision Auto Engine Components,2025-05-12,20.54,66.4,44.5,0.73,0.89
Precision Auto Engine Components,2025-05-13,16.89,75.6,50.4,0.19,0.88
Precision Auto Engine Components,2025-05-14,17.55,81.9,63.0,0.57,0.88
Precision Auto Engine Components,2025-05-15,17.73,89.7,68.3,0.42,0.86
Precision Auto Engine Components,2025-05-16,12.03,89.7,76.2,0.25,0.86
Precision Auto Engine Components,2025-05-19,12.34,88.3,76.6,0.4,0.88
Precision Auto Engine Components,2025-05-21,9.44,85.0,73.2,0.13,0.89
Precision Auto Engine Components,2025-05-22,6.43,82.5,74.6,0.06,0.91
Precision Auto Engine Components,2025-05-23,7.53,81.7,77.0,0.34,0.91
Precision Auto Engine Components,2025-05-26,5.25,79.5,75.6,0.11,0.89
Precision Auto Engine Components,2025-05-27,4.76,79.4,77.0,0.14,0.89
Precision Auto Engine Components,2025-05-28,4.98,77.8,73.8,0.1,0.9
Precision Auto Engine Components,2025-05-29,4.89,76.4,71.7,0.01,0.88
Precision Auto Engine Components,2025-06-02,5.01,73.6,71.3,0.18,0.9
Precision Auto Engine Components,2025-06-09,5.42,82.8,81.2,0.19,0.86
Precision Auto Engine Components,2026-08-03,11.34,49.3,46.0,0.45,0.74
Precision Auto Engine Components,2026-08-04,7.22,48.3,45.0,0.02,0.73
Precision Auto Engine Components,2026-08-05,11.96,60.4,55.0,0.36,0.72
Precision Auto Engine Components,2026-08-06,10.25,61.1,55.0,0.16,0.72
Precision Auto Engine Components,2026-08-10,9.01,51.3,46.0,0.16,0.76
Precision Bearings & Motion Controls,2024-08-20,7.9,33.3,22.2,0.22,0.99
Precision Bearings & Motion Controls,2024-08-21,7.07,44.4,33.3,0.09,0.97
Precision Bearings & Motion Controls,2024-08-30,12.02,33.3,22.2,0.46,0.91
Precision Bearings & Motion Controls,2024-09-03,9.22,44.4,33.3,0.04,0.84
Precision Bearings & Motion Controls,2024-09-04,11.26,44.4,33.3,0.13,0.78
Precision Bearings & Motion Controls,2024-09-11,11.06,44.4,33.3,0.19,0.82
Precision Bearings & Motion Controls,2024-09-13,11.77,33.3,22.2,0.26,0.82
Precision Bearings & Motion Controls,2024-09-18,9.2,33.3,22.2,0.13,0.88
Precision Bearings & Motion Controls,2024-09-20,11.47,44.4,33.3,0.34,0.87
Precision Bearings & Motion Controls,2024-09-23,16.34,55.6,33.3,0.3,0.89
Precision Bearings & Motion Controls,2024-09-24,19.01,66.7,33.3,0.03,0.9
Precision Bearings & Motion Controls,2024-09-27,22.01,55.6,22.2,0.33,0.9
Precision Bearings & Motion Controls,2024-09-30,20.58,55.6,22.2,0.19,0.9
Precision Bearings & Motion Controls,2024-10-01,28.73,66.7,22.2,0.45,0.9
Precision Bearings & Motion Controls,2024-10-02,28.77,66.7,22.2,0.45,0.9
Precision Bearings & Motion Controls,2024-10-09,12.09,33.3,22.2,0.53,0.94
Precision Bearings & Motion Controls,2024-10-10,16.87,33.3,22.2,0.99,0.93
Precision Bearings & Motion Controls,2024-10-16,8.99,66.7,55.6,0.09,0.87
Precision Bearings & Motion Controls,2024-11-26,23.37,55.6,22.2,0.66,0.99
Precision Bearings & Motion Controls,2024-11-27,36.03,77.8,22.2,0.8,0.99
Precision Bearings & Motion Controls,2024-11-28,25.52,88.9,44.4,0.31,0.99
Precision Bearings & Motion Controls,2024-12-02,20.23,88.9,66.7,0.9,0.99
Precision Bearings & Motion Controls,2024-12-09,7.91,77.8,66.7,0.12,0.94
Precision Bearings & Motion Controls,2025-01-02,27.48,66.7,22.2,0.02,0.75
Precision Bearings & Motion Controls,2025-01-03,14.76,44.4,33.3,0.48,0.78
Precision Bearings & Motion Controls,2025-01-17,6.09,11.1,0.0,0.05,1.0
Precision Bearings & Motion Controls,2025-03-18,35.32,44.4,11.1,1.83,0.98
Precision Bearings & Motion Controls,2025-03-19,32.2,44.4,22.2,2.06,0.98
Precision Bearings & Motion Controls,2025-03-21,34.38,88.9,22.2,0.08,0.99
Precision Bearings & Motion Controls,2025-03-24,34.07,88.9,44.4,1.17,0.99
Precision Bearings & Motion Controls,2025-03-28,14.59,44.4,22.2,0.32,0.99
Precision Bearings & Motion Controls,2025-04-02,34.98,55.6,11.1,1.24,0.98
Precision Bearings & Motion Controls,2025-04-03,37.21,66.7,11.1,0.93,1.0
Precision Bearings & Motion Controls,2025-05-12,14.94,100.0,88.9,0.85,0.96
Precision Bearings & Motion Controls,2025-05-14,9.87,100.0,88.9,0.31,0.94
Precision Bearings & Motion Controls,2026-08-07,15.97,75.0,66.7,0.67,0.74
Precision Bearings & Motion Controls,2026-08-10,11.6,66.7,58.3,0.24,0.75
Precision Bearings & Motion Controls,2026-08-11,11.24,75.0,66.7,0.24,0.77
Precision Defence Machining,2024-08-23,26.05,33.3,0.0,0.64,0.85
Precision Defence Machining,2024-09-03,23.0,66.7,33.3,0.51,0.94
Precision Defence Machining,2024-09-10,19.26,66.7,33.3,0.15,0.95
Precision Defence Machining,2024-09-30,31.71,33.3,0.0,1.09,0.79
Precision Defence Machining,2024-10-08,30.4,33.3,0.0,1.26,0.94
Precision Defence Machining,2024-12-05,23.69,100.0,66.7,0.55,0.92
Precision Defence Machining,2025-04-02,44.33,100.0,33.3,1.09,1.0
Precision Defence Machining,2025-05-08,20.98,100.0,75.0,0.07,0.61
Precision Defence Machining,2025-08-14,19.61,33.3,0.0,0.06,0.88
Precision Defence Machining,2025-08-22,31.57,33.3,0.0,1.32,0.92
Precision Defence Machining,2026-08-03,23.1,100.0,80.0,0.22,0.45
Precision Machine Tools & Fasteners,2024-04-04,5.8,100.0,90.9,0.13,1.0
Precision Machine Tools & Fasteners,2024-04-05,7.46,100.0,90.9,0.29,1.0
Precision Machine Tools & Fasteners,2024-04-22,7.78,76.9,69.2,0.23,0.92
Precision Machine Tools & Fasteners,2024-06-10,5.22,57.1,50.0,0.14,0.99
Precision Machine Tools & Fasteners,2024-07-03,4.97,92.9,85.7,0.11,0.98
Precision Machine Tools & Fasteners,2024-08-21,9.35,69.2,61.5,0.19,0.82
Precision Machine Tools & Fasteners,2024-09-10,9.14,66.7,60.0,0.44,0.93
Precision Machine Tools & Fasteners,2024-10-08,7.45,23.1,15.4,0.27,0.96
Precision Machine Tools & Fasteners,2024-12-06,13.81,64.3,50.0,0.61,0.97
Precision Machine Tools & Fasteners,2024-12-10,12.19,58.3,41.7,0.23,0.92
Precision Machine Tools & Fasteners,2024-12-11,10.41,58.3,50.0,0.43,0.9
Precision Machine Tools & Fasteners,2024-12-16,5.43,46.7,40.0,0.06,0.92
Precision Machine Tools & Fasteners,2024-12-20,17.47,33.3,16.7,0.49,0.79
Precision Machine Tools & Fasteners,2024-12-26,16.13,53.8,46.2,0.83,0.8
Precision Machine Tools & Fasteners,2025-01-01,16.89,42.9,21.4,0.22,0.8
Precision Machine Tools & Fasteners,2025-01-17,12.35,28.6,14.3,0.26,0.87
Precision Machine Tools & Fasteners,2025-01-20,16.77,40.0,13.3,0.16,0.91
Precision Machine Tools & Fasteners,2025-04-22,20.42,93.3,53.3,0.01,0.98
Precision Machine Tools & Fasteners,2025-04-28,7.26,50.0,37.5,0.04,0.97
Precision Machine Tools & Fasteners,2025-04-29,22.6,86.7,46.7,0.12,0.93
Precision Machine Tools & Fasteners,2025-04-30,10.56,68.8,50.0,0.01,0.95
Precision Machine Tools & Fasteners,2025-05-07,6.05,33.3,26.7,0.09,0.91
Precision Machine Tools & Fasteners,2025-05-14,11.24,62.5,56.2,0.44,0.81
Precision Machine Tools & Fasteners,2025-05-15,28.2,78.6,50.0,1.0,0.8
Precision Machine Tools & Fasteners,2025-05-16,11.39,68.8,62.5,0.49,0.83
Precision Machine Tools & Fasteners,2025-05-22,7.25,73.3,66.7,0.11,0.86
Precision Machine Tools & Fasteners,2025-06-18,8.53,43.8,31.2,0.01,0.89
Precision Machine Tools & Fasteners,2025-07-07,11.8,40.0,33.3,0.56,0.86
Precision Machine Tools & Fasteners,2025-07-21,5.98,50.0,44.4,0.17,0.93
Precision Machine Tools & Fasteners,2025-07-24,11.06,61.1,44.4,0.15,0.94
Precision Machine Tools & Fasteners,2025-08-13,8.39,41.2,35.3,0.38,0.92
Precision Machine Tools & Fasteners,2026-08-03,7.86,33.3,28.6,0.15,0.8
Precision Machine Tools & Fasteners,2026-08-04,8.33,36.8,31.6,0.08,0.76
Precision Machine Tools & Fasteners,2026-08-05,9.19,42.1,36.8,0.24,0.79
Precision Machine Tools & Fasteners,2026-08-06,9.9,40.0,30.0,0.46,0.98
Precision Machine Tools & Fasteners,2026-08-13,14.25,55.6,44.4,0.48,0.81
Precision Machine Tools & Fasteners,2026-08-17,9.49,50.0,36.4,0.22,0.98
Precision Machine Tools & Fasteners,2026-08-20,11.94,52.4,33.3,0.21,0.99
Precision Machine Tools & Fasteners,2026-08-21,9.79,50.0,34.6,0.15,0.97
Precision Metal Fabrication,2025-03-18,19.17,16.7,0.0,1.07,0.99
Precision Metal Fabrication,2025-03-24,19.22,33.3,16.7,1.03,0.97
Precision Metal Fabrication,2025-04-22,11.15,83.3,66.7,0.27,0.99
Precision Metal Fabrication,2025-05-12,23.3,50.0,16.7,0.59,0.97
Precision Metal Fabrication,2025-05-13,9.95,50.0,33.3,0.1,0.97
Precision Metal Fabrication,2025-05-22,10.71,66.7,50.0,0.12,0.94
Precision Metal Fabrication,2025-05-23,10.21,66.7,50.0,0.1,0.96
Precision Metal Fabrication,2025-05-27,25.79,66.7,50.0,1.53,0.89
Precision Metal Fabrication,2025-05-29,14.06,83.3,66.7,0.36,0.9
Precision Metal Fabrication,2025-06-11,16.53,100.0,83.3,0.45,0.82
Precision Metal Fabrication,2026-08-06,17.26,25.0,12.5,0.21,0.55
Precision Metal Fabrication,2026-08-17,17.4,25.0,12.5,0.26,0.57
Precision Metal Fabrication,2026-08-19,20.58,37.5,25.0,0.64,0.6
Precision Metal Fabrication,2026-08-21,20.91,37.5,12.5,0.1,0.63
Precision Powertrain Engine Components,2024-07-02,14.81,90.9,81.8,0.9,0.94
Precision Powertrain Engine Components,2024-08-08,9.28,27.3,18.2,0.37,0.95
Precision Powertrain Engine Components,2024-10-16,13.28,70.0,60.0,0.82,0.99
Precision Powertrain Engine Components,2024-11-05,8.97,40.0,30.0,0.21,0.91
Precision Powertrain Engine Components,2024-11-06,13.33,70.0,60.0,0.71,0.94
Precision Powertrain Engine Components,2024-11-26,11.8,36.4,27.3,0.68,0.98
Precision Powertrain Engine Components,2024-11-28,10.49,36.4,18.2,0.01,0.94
Precision Powertrain Engine Components,2024-11-29,13.55,36.4,18.2,0.31,0.93
Precision Powertrain Engine Components,2024-12-02,19.73,60.0,40.0,0.78,0.9
Precision Powertrain Engine Components,2024-12-03,18.65,63.6,54.5,1.29,0.94
Precision Powertrain Engine Components,2024-12-04,10.71,81.8,63.6,0.05,0.94
Precision Powertrain Engine Components,2024-12-06,19.35,90.9,63.6,0.41,0.92
Precision Powertrain Engine Components,2024-12-09,15.58,72.7,63.6,0.97,0.94
Precision Powertrain Engine Components,2024-12-10,12.01,81.8,63.6,0.14,0.92
Precision Powertrain Engine Components,2024-12-11,23.68,81.8,72.7,1.71,0.9
Precision Powertrain Engine Components,2024-12-12,9.68,72.7,63.6,0.28,0.88
Precision Powertrain Engine Components,2025-01-02,7.55,36.4,27.3,0.21,0.96
Precision Powertrain Engine Components,2025-01-14,4.79,18.2,9.1,0.02,1.0
Precision Powertrain Engine Components,2025-04-02,17.61,27.3,0.0,0.31,0.95
Precision Powertrain Engine Components,2025-04-03,22.2,45.5,9.1,0.33,0.96
Precision Powertrain Engine Components,2025-05-05,15.86,50.0,20.0,0.06,0.99
Precision Powertrain Engine Components,2025-05-07,10.94,30.0,20.0,0.58,0.99
Precision Powertrain Engine Components,2025-05-09,24.72,50.0,20.0,0.66,0.85
Precision Powertrain Engine Components,2025-05-14,23.14,90.0,70.0,1.0,0.84
Precision Powertrain Engine Components,2025-05-15,22.41,100.0,80.0,0.88,0.82
Precision Powertrain Engine Components,2025-05-21,15.01,90.0,70.0,0.19,0.85
Precision Powertrain Engine Components,2025-05-22,15.32,100.0,80.0,0.22,0.84
Precision Powertrain Engine Components,2025-05-23,18.07,100.0,80.0,0.48,0.84
Precision Powertrain Engine Components,2025-05-26,20.1,100.0,70.0,0.12,0.8
Precision Powertrain Engine Components,2025-05-29,21.91,100.0,80.0,1.01,0.91
Precision Powertrain Engine Components,2025-06-26,9.94,90.0,80.0,0.33,0.92
Precision Powertrain Engine Components,2025-08-18,8.0,27.3,18.2,0.26,0.96
Precision Powertrain Engine Components,2025-08-19,11.88,36.4,27.3,0.67,0.97
Precision Powertrain Engine Components,2026-07-30,18.9,50.0,40.0,0.5,0.55
Precision Powertrain Engine Components,2026-08-03,20.84,70.0,50.0,0.16,0.54
Precision Powertrain Engine Components,2026-08-10,30.16,72.7,45.5,0.92,0.63
Precision Powertrain Engine Components,2026-08-12,13.75,60.0,50.0,0.18,0.65
Primary Aluminium,2024-03-22,30.66,85.7,71.4,0.55,0.1
Primary Aluminium,2024-05-14,12.76,71.4,57.1,0.45,0.95
Primary Aluminium,2024-09-12,7.39,62.5,50.0,0.05,0.97
Primary Aluminium,2025-01-02,11.06,25.0,12.5,0.13,0.82
Primary Aluminium,2025-01-03,11.92,37.5,25.0,0.25,0.84
Primary Aluminium,2025-01-16,11.92,28.6,14.3,0.37,0.94
Primary Aluminium,2025-01-17,8.05,25.0,12.5,0.1,0.96
Primary Aluminium,2025-05-12,35.29,62.5,37.5,2.1,0.91
Primary Aluminium,2025-05-14,19.07,85.7,71.4,0.88,0.84
Primary Aluminium,2025-05-15,35.61,100.0,62.5,1.45,0.88
Primary Aluminium,2025-05-23,14.66,87.5,75.0,0.47,0.81
Primary Aluminium,2025-06-09,18.26,87.5,75.0,0.75,0.77
Primary Aluminium,2025-07-03,14.15,87.5,75.0,0.29,0.75
Primary Aluminium,2025-07-21,10.13,87.5,75.0,0.07,0.84
Primary Aluminium,2025-07-22,10.38,77.8,66.7,0.02,0.77
Primary Aluminium,2026-07-31,17.52,88.9,77.8,0.21,0.5
Print Media & Publishing,2024-04-02,9.25,88.9,77.8,0.37,1.0
Print Media & Publishing,2024-04-03,11.57,100.0,88.9,0.6,1.0
Print Media & Publishing,2024-04-05,8.91,100.0,87.5,0.27,1.0
Print Media & Publishing,2024-05-28,23.85,50.0,40.0,1.82,0.97
Print Media & Publishing,2024-07-02,19.69,80.0,50.0,0.39,0.96
Print Media & Publishing,2024-07-03,18.66,90.0,60.0,0.28,0.96
Print Media & Publishing,2024-07-04,15.53,90.0,70.0,0.45,0.95
Print Media & Publishing,2024-07-05,20.37,90.0,60.0,0.37,0.92
Print Media & Publishing,2024-08-26,6.74,70.0,60.0,0.01,0.92
Print Media & Publishing,2024-08-27,5.8,70.0,60.0,0.03,0.98
Print Media & Publishing,2024-09-09,15.4,77.8,66.7,0.87,0.94
Print Media & Publishing,2024-11-01,12.7,55.6,33.3,0.09,0.97
Print Media & Publishing,2024-11-04,8.1,40.0,30.0,0.14,0.91
Print Media & Publishing,2024-11-05,18.31,60.0,40.0,0.7,0.94
Print Media & Publishing,2024-11-06,10.23,50.0,40.0,0.4,0.94
Print Media & Publishing,2024-11-26,7.62,22.2,11.1,0.08,0.94
Print Media & Publishing,2024-12-02,15.39,40.0,20.0,0.22,0.84
Print Media & Publishing,2024-12-03,21.7,70.0,50.0,0.88,0.86
Print Media & Publishing,2024-12-04,19.27,80.0,50.0,0.1,0.84
Print Media & Publishing,2024-12-09,24.15,80.0,60.0,1.17,0.88
Print Media & Publishing,2024-12-13,17.29,60.0,40.0,0.28,0.78
Print Media & Publishing,2024-12-27,11.17,30.0,20.0,0.36,0.87
Print Media & Publishing,2024-12-31,10.13,22.2,11.1,0.19,0.86
Print Media & Publishing,2025-01-02,10.93,20.0,10.0,0.27,0.84
Print Media & Publishing,2025-01-07,7.65,40.0,30.0,0.04,0.89
Print Media & Publishing,2025-04-01,15.68,30.0,0.0,0.06,1.0
Print Media & Publishing,2025-04-03,25.27,44.4,0.0,0.24,0.97
Print Media & Publishing,2025-04-08,14.61,20.0,0.0,0.39,0.96
Print Media & Publishing,2025-04-11,15.97,60.0,30.0,0.01,0.96
Print Media & Publishing,2025-04-15,13.61,60.0,40.0,0.32,0.98
Print Media & Publishing,2025-04-16,11.43,60.0,40.0,0.11,0.98
Print Media & Publishing,2025-04-21,24.09,80.0,40.0,0.31,0.95
Print Media & Publishing,2025-04-22,29.53,80.0,30.0,0.29,0.92
Print Media & Publishing,2025-04-28,9.71,40.0,30.0,0.23,0.88
Print Media & Publishing,2025-04-30,12.31,30.0,20.0,0.45,0.86
Print Media & Publishing,2025-05-02,10.06,40.0,30.0,0.25,0.87
Print Media & Publishing,2025-05-07,16.8,30.0,10.0,0.33,0.83
Print Media & Publishing,2025-05-09,15.49,22.2,11.1,0.52,0.76
Print Media & Publishing,2025-05-12,21.17,40.0,20.0,0.69,0.79
Print Media & Publishing,2025-05-15,15.95,70.0,60.0,0.63,0.77
Print Media & Publishing,2025-05-16,23.38,88.9,66.7,0.73,0.75
Print Media & Publishing,2025-05-19,15.7,90.0,70.0,0.1,0.77
Print Media & Publishing,2025-05-21,9.69,80.0,70.0,0.02,0.78
Print Media & Publishing,2025-05-23,17.83,90.0,80.0,0.92,0.82
Print Media & Publishing,2025-05-28,8.9,100.0,90.0,0.05,0.83
Print Media & Publishing,2025-05-30,7.69,90.0,80.0,0.03,0.88
Print Media & Publishing,2025-06-09,15.59,55.6,44.4,0.79,0.89
Print Media & Publishing,2025-06-30,10.3,60.0,50.0,0.1,0.78
Print Media & Publishing,2025-07-01,13.04,60.0,50.0,0.33,0.77
Print Media & Publishing,2025-07-07,12.99,70.0,60.0,0.39,0.79
Print Media & Publishing,2025-07-16,19.28,90.0,70.0,0.78,0.93
Print Media & Publishing,2025-08-20,11.11,70.0,60.0,0.41,0.9
Print Media & Publishing,2026-08-04,21.33,30.0,0.0,0.26,0.81
Print Media & Publishing,2026-08-06,16.17,25.0,8.3,0.37,0.79
Print Media & Publishing,2026-08-18,11.36,25.0,16.7,0.3,0.79
Printed Circuit Boards (PCBA) & Components,2024-07-08,24.47,100.0,66.7,0.26,0.74
Printed Circuit Boards (PCBA) & Components,2024-07-26,24.95,100.0,66.7,0.24,0.71
Printed Circuit Boards (PCBA) & Components,2024-09-27,27.26,66.7,33.3,0.89,0.92
Printed Circuit Boards (PCBA) & Components,2024-12-05,16.81,75.0,50.0,0.4,0.98
Printed Circuit Boards (PCBA) & Components,2024-12-10,14.73,75.0,50.0,0.13,0.95
Printed Circuit Boards (PCBA) & Components,2025-03-24,24.37,75.0,50.0,1.18,1.0
Printed Circuit Boards (PCBA) & Components,2025-04-01,15.27,75.0,50.0,0.26,0.99
Printed Circuit Boards (PCBA) & Components,2025-04-02,15.0,75.0,50.0,0.16,0.95
Printed Circuit Boards (PCBA) & Components,2025-04-03,19.63,100.0,75.0,0.66,0.97
Printed Circuit Boards (PCBA) & Components,2025-04-22,16.02,100.0,75.0,0.24,0.94
Printed Circuit Boards (PCBA) & Components,2025-05-05,16.59,75.0,50.0,0.17,0.88
Printed Circuit Boards (PCBA) & Components,2025-05-12,21.82,75.0,50.0,0.56,0.81
Printed Circuit Boards (PCBA) & Components,2025-05-13,28.67,100.0,75.0,1.34,0.86
Printed Circuit Boards (PCBA) & Components,2025-05-22,19.55,100.0,75.0,0.41,0.85
Printed Circuit Boards (PCBA) & Components,2025-06-24,21.98,75.0,50.0,0.56,0.81
Printed Circuit Boards (PCBA) & Components,2025-08-07,16.73,40.0,20.0,0.38,0.85
Printed Circuit Boards (PCBA) & Components,2025-08-12,13.6,40.0,20.0,0.14,0.89
Printed Circuit Boards (PCBA) & Components,2025-08-19,20.38,40.0,20.0,0.83,0.9
Printed Circuit Boards (PCBA) & Components,2026-07-31,26.01,80.0,60.0,0.65,0.52
Printed Circuit Boards (PCBA) & Components,2026-08-04,37.99,80.0,60.0,1.92,0.56
Printed Circuit Boards (PCBA) & Components,2026-08-05,19.26,80.0,60.0,0.02,0.55
Printed Circuit Boards (PCBA) & Components,2026-08-06,36.03,100.0,60.0,0.68,0.54
Printed Circuit Boards (PCBA) & Components,2026-08-10,24.91,80.0,60.0,0.62,0.56
Private Sector Banks,2024-04-01,11.65,95.7,87.0,0.73,1.0
Private Sector Banks,2024-05-20,2.79,47.8,43.5,0.04,0.99
Private Sector Banks,2024-05-23,9.03,65.2,56.5,0.36,0.95
Private Sector Banks,2024-05-27,15.93,65.2,56.5,0.93,0.89
Private Sector Banks,2024-08-20,10.31,47.8,34.8,0.16,0.89
Private Sector Banks,2024-08-21,19.16,60.9,30.4,0.12,0.86
Private Sector Banks,2024-08-22,18.56,73.9,43.5,0.02,0.84
Private Sector Banks,2024-09-10,9.35,43.5,39.1,0.3,0.79
Private Sector Banks,2024-09-12,7.34,39.1,34.8,0.2,0.84
Private Sector Banks,2024-09-20,9.39,43.5,39.1,0.33,0.8
Private Sector Banks,2024-09-23,23.56,69.6,43.5,0.75,0.85
Private Sector Banks,2024-10-08,12.34,13.0,4.3,0.73,0.97
Private Sector Banks,2024-10-16,3.3,34.8,30.4,0.1,0.99
Private Sector Banks,2024-11-26,11.01,47.8,30.4,0.14,0.95
Private Sector Banks,2024-11-27,19.99,60.9,34.8,0.51,0.91
Private Sector Banks,2024-12-02,24.34,69.6,30.4,0.27,0.89
Private Sector Banks,2024-12-03,26.64,78.3,56.5,1.37,0.9
Private Sector Banks,2024-12-04,28.63,91.3,65.2,1.41,0.93
Private Sector Banks,2024-12-10,9.18,87.0,78.3,0.33,0.92
Private Sector Banks,2024-12-11,4.18,82.6,78.3,0.04,0.92
Private Sector Banks,2024-12-16,7.82,66.7,62.5,0.16,0.79
Private Sector Banks,2024-12-31,6.85,16.7,12.5,0.17,0.85
Private Sector Banks,2025-01-02,10.11,33.3,29.2,0.41,0.8
Private Sector Banks,2025-01-03,12.1,37.5,20.8,0.01,0.82
Private Sector Banks,2025-01-07,7.17,12.5,4.2,0.03,0.87
Private Sector Banks,2025-02-19,11.38,29.2,16.7,0.48,0.98
Private Sector Banks,2025-02-20,7.69,20.8,12.5,0.34,0.99
Private Sector Banks,2025-03-04,9.11,8.3,4.2,0.42,0.86
Private Sector Banks,2025-03-05,20.67,25.0,4.2,0.79,0.88
Private Sector Banks,2025-03-06,9.17,33.3,25.0,0.27,0.88
Private Sector Banks,2025-03-07,12.81,41.7,25.0,0.23,0.89
Private Sector Banks,2025-03-18,15.61,37.5,20.8,0.57,0.92
Private Sector Banks,2025-03-19,19.57,58.3,37.5,0.78,0.93
Private Sector Banks,2025-03-21,33.06,83.3,50.0,1.49,0.93
Private Sector Banks,2025-03-24,13.56,79.2,62.5,0.39,0.93
Private Sector Banks,2025-03-27,12.49,66.7,54.2,0.55,0.96
Private Sector Banks,2025-05-30,11.17,87.5,83.3,0.55,0.82
Private Sector Banks,2025-08-18,8.41,25.0,20.8,0.4,0.88
Private Sector Banks,2025-08-19,12.48,37.5,29.2,0.6,0.88
Professional & Vocational Training,2024-06-11,60.76,100.0,0.0,0.79,0.86
Professional & Vocational Training,2024-10-02,51.82,100.0,0.0,0.1,0.96
Professional & Vocational Training,2024-10-21,103.91,100.0,0.0,5.29,0.95
Professional & Vocational Training,2025-01-29,63.63,100.0,0.0,1.27,0.96
Professional & Vocational Training,2025-02-17,61.61,100.0,0.0,1.08,0.96
Professional & Vocational Training,2025-04-03,68.15,100.0,0.0,1.63,0.91
Professional & Vocational Training,2025-05-15,51.0,100.0,0.0,0.1,1.0
Professional & Vocational Training,2025-05-16,52.36,100.0,0.0,0.1,0.93
Professional & Vocational Training,2025-06-09,55.8,100.0,0.0,0.1,0.76
Professional & Vocational Training,2026-08-07,56.99,100.0,0.0,0.14,0.72
PropTech & Real Estate Technology,2024-10-29,51.82,100.0,0.0,0.1,0.96
PropTech & Real Estate Technology,2025-04-09,59.84,100.0,0.0,0.88,0.95
PropTech & Real Estate Technology,2025-04-11,62.06,100.0,0.0,1.15,0.97
PropTech & Real Estate Technology,2025-04-28,64.96,100.0,0.0,1.25,0.88
PropTech & Real Estate Technology,2025-04-29,62.22,100.0,0.0,0.98,0.88
PropTech & Real Estate Technology,2025-05-02,74.27,100.0,0.0,2.3,0.94
PropTech & Real Estate Technology,2025-05-09,65.88,100.0,0.0,1.43,0.92
Public Sector Banks (PSU),2024-07-09,27.68,36.4,27.3,1.29,0.49
Public Sector Banks (PSU),2024-07-15,35.55,63.6,54.5,2.25,0.58
Public Sector Banks (PSU),2024-07-18,13.93,63.6,54.5,0.04,0.55
Public Sector Banks (PSU),2024-07-29,18.45,81.8,72.7,0.67,0.64
Public Sector Banks (PSU),2024-08-19,20.01,27.3,9.1,0.48,0.7
Public Sector Banks (PSU),2024-08-20,44.43,72.7,9.1,0.67,0.71
Public Sector Banks (PSU),2024-09-23,47.33,90.9,36.4,1.87,0.93
Public Sector Banks (PSU),2024-09-26,10.9,36.4,18.2,0.11,0.96
Public Sector Banks (PSU),2024-09-27,5.37,27.3,18.2,0.03,0.98
Public Sector Banks (PSU),2024-10-02,5.71,27.3,18.2,0.09,0.99
Public Sector Banks (PSU),2024-11-28,19.49,100.0,72.7,0.58,1.0
Public Sector Banks (PSU),2025-01-03,21.92,54.5,36.4,0.62,0.67
Public Sector Banks (PSU),2025-02-19,15.06,18.2,9.1,0.92,0.93
Public Sector Banks (PSU),2025-02-20,11.67,27.3,18.2,0.62,0.96
Public Sector Banks (PSU),2025-03-05,16.64,18.2,9.1,0.99,0.89
Public Sector Banks (PSU),2025-03-07,8.24,18.2,9.1,0.07,0.85
Public Sector Banks (PSU),2025-03-18,33.55,45.5,9.1,1.25,0.86
Public Sector Banks (PSU),2025-03-19,40.83,81.8,27.3,1.12,0.88
Public Sector Banks (PSU),2025-03-21,44.9,90.9,36.4,1.49,0.86
Public Sector Banks (PSU),2025-03-24,37.72,100.0,54.5,1.23,0.87
Public Sector Banks (PSU),2025-04-03,15.85,72.7,63.6,0.91,0.89
Public Sector Banks (PSU),2025-04-07,12.8,36.4,27.3,0.7,0.94
Public Sector Banks (PSU),2025-05-28,21.1,100.0,72.7,0.67,0.96
Public Sector Banks (PSU),2025-06-27,13.05,90.9,81.8,0.38,0.76
Public Sector Banks (PSU),2025-08-19,24.9,90.9,63.6,0.9,0.89
Public Sector Banks (PSU),2026-08-06,22.83,81.8,63.6,0.84,0.73
Pumps & Compressors,2024-04-02,9.98,77.8,66.7,0.44,1.0
Pumps & Compressors,2024-04-03,9.05,75.0,62.5,0.28,1.0
Pumps & Compressors,2024-04-04,6.98,77.8,66.7,0.14,1.0
Pumps & Compressors,2024-04-08,8.54,75.0,62.5,0.23,1.0
Pumps & Compressors,2024-09-24,16.82,11.1,0.0,0.84,0.86
Pumps & Compressors,2024-09-30,17.68,30.0,10.0,0.34,0.79
Pumps & Compressors,2024-10-16,19.32,66.7,55.6,1.37,1.0
Pumps & Compressors,2024-10-18,12.35,60.0,50.0,0.69,0.98
Pumps & Compressors,2024-12-16,18.55,60.0,40.0,0.76,0.95
Pumps & Compressors,2024-12-19,7.11,66.7,55.6,0.08,0.96
Pumps & Compressors,2025-01-01,9.19,50.0,37.5,0.21,0.96
Pumps & Compressors,2025-02-05,17.56,30.0,10.0,0.62,0.93
Pumps & Compressors,2025-03-28,11.55,40.0,20.0,0.04,0.94
Pumps & Compressors,2025-04-01,13.5,50.0,30.0,0.26,0.95
Pumps & Compressors,2025-04-02,11.61,60.0,40.0,0.05,0.94
Pumps & Compressors,2025-04-03,29.09,90.0,40.0,0.29,0.94
Pumps & Compressors,2025-04-07,15.15,30.0,10.0,0.44,0.96
Pumps & Compressors,2025-04-08,18.0,50.0,20.0,0.2,0.95
Pumps & Compressors,2025-04-09,14.75,50.0,30.0,0.35,0.94
Pumps & Compressors,2025-04-11,17.7,60.0,30.0,0.14,0.94
Pumps & Compressors,2025-04-15,19.03,100.0,70.0,0.28,0.94
Pumps & Compressors,2025-04-22,10.89,100.0,90.0,0.5,0.96
Pumps & Compressors,2025-04-28,20.49,80.0,60.0,1.01,0.98
Pumps & Compressors,2025-05-27,7.26,70.0,60.0,0.12,0.95
Pumps & Compressors,2025-06-04,9.0,80.0,70.0,0.22,0.91
Pumps & Compressors,2025-07-23,10.85,70.0,60.0,0.19,0.8
Pumps & Compressors,2025-07-24,11.47,63.6,54.5,0.34,0.82
Pumps & Compressors,2025-08-19,7.94,50.0,40.0,0.27,0.99
Quick Service Restaurants (QSR),2024-07-12,35.33,100.0,50.0,0.54,0.75
Quick Service Restaurants (QSR),2024-08-02,29.89,100.0,50.0,0.01,0.76
Quick Service Restaurants (QSR),2024-08-08,29.94,50.0,0.0,0.3,0.9
Quick Service Restaurants (QSR),2024-08-22,31.27,100.0,50.0,0.27,0.82
Quick Service Restaurants (QSR),2024-10-09,29.31,50.0,0.0,0.13,0.85
Quick Service Restaurants (QSR),2024-10-28,32.47,50.0,0.0,0.56,0.91
Quick Service Restaurants (QSR),2024-10-30,38.65,50.0,0.0,1.24,0.94
Quick Service Restaurants (QSR),2024-11-01,29.45,50.0,0.0,0.31,0.93
Quick Service Restaurants (QSR),2024-12-30,38.95,50.0,0.0,0.97,0.79
Quick Service Restaurants (QSR),2024-12-31,32.55,50.0,0.0,0.28,0.76
Quick Service Restaurants (QSR),2025-01-01,32.32,50.0,0.0,0.37,0.82
Quick Service Restaurants (QSR),2025-01-02,28.66,50.0,0.0,0.0,0.82
Quick Service Restaurants (QSR),2025-01-06,55.3,50.0,0.0,2.63,0.8
Quick Service Restaurants (QSR),2025-05-15,41.45,100.0,50.0,1.34,0.85
Quick Service Restaurants (QSR),2025-07-09,35.52,100.0,50.0,0.67,0.81
Quick Service Restaurants (QSR),2025-07-10,31.65,100.0,50.0,0.15,0.74
Railway Lease Financing,2024-12-03,62.33,100.0,0.0,1.01,0.89
Railway Lease Financing,2024-12-04,64.71,100.0,0.0,1.27,0.9
Railway Lease Financing,2025-01-02,56.5,100.0,0.0,0.53,0.94
Railway Lease Financing,2025-03-07,60.23,100.0,0.0,0.95,0.96
Railway Lease Financing,2025-03-18,62.71,100.0,0.0,1.08,0.9
Railway Lease Financing,2025-03-19,66.42,100.0,0.0,1.57,0.96
Railway Lease Financing,2025-04-02,61.8,100.0,0.0,0.73,0.78
Railway Signaling & Track EPC,2024-09-05,25.16,75.0,50.0,0.27,0.5
Railway Signaling & Track EPC,2024-11-28,55.7,100.0,0.0,0.55,0.99
Railway Signaling & Track EPC,2024-12-03,23.21,75.0,50.0,0.94,0.94
Railway Signaling & Track EPC,2024-12-04,30.75,100.0,50.0,0.45,0.94
Railway Signaling & Track EPC,2024-12-06,34.99,100.0,75.0,2.13,0.94
Railway Signaling & Track EPC,2024-12-31,41.73,50.0,0.0,1.43,0.88
Railway Signaling & Track EPC,2025-03-07,25.2,25.0,0.0,1.06,0.9
Railway Signaling & Track EPC,2025-03-19,59.91,75.0,0.0,2.06,0.91
Railway Signaling & Track EPC,2025-03-21,62.94,100.0,25.0,2.06,0.76
Railway Signaling & Track EPC,2025-03-24,63.25,100.0,25.0,2.16,0.79
Railway Signaling & Track EPC,2025-03-27,60.06,100.0,0.0,0.71,0.85
Railway Signaling & Track EPC,2025-04-02,60.1,100.0,0.0,0.54,0.76
Railway Signaling & Track EPC,2025-04-03,60.3,100.0,0.0,0.58,0.77
Railway Signaling & Track EPC,2025-04-15,47.99,100.0,25.0,0.86,0.91
Railway Signaling & Track EPC,2025-04-16,33.87,100.0,50.0,0.68,0.9
Railway Signaling & Track EPC,2025-04-17,29.93,100.0,50.0,0.38,0.94
Railway Signaling & Track EPC,2025-04-21,23.3,100.0,75.0,0.93,0.93
Railway Signaling & Track EPC,2025-04-28,37.4,75.0,25.0,0.79,0.77
Railway Signaling & Track EPC,2025-05-07,22.2,25.0,0.0,0.86,0.94
Railway Signaling & Track EPC,2025-05-09,25.72,25.0,0.0,1.0,0.84
Railway Signaling & Track EPC,2025-05-12,29.38,100.0,75.0,1.61,0.96
Railway Signaling & Track EPC,2025-05-13,31.18,100.0,50.0,0.52,0.95
Railway Signaling & Track EPC,2025-08-19,26.25,25.0,0.0,1.1,0.86
Railway Signaling & Track EPC,2026-08-03,15.58,33.3,16.7,0.32,0.8
Railway Signaling & Track EPC,2026-08-05,17.45,50.0,33.3,0.32,0.71
Railway Signaling & Track EPC,2026-08-06,28.76,40.0,20.0,1.19,0.66
Railway Signaling & Track EPC,2026-08-10,23.82,33.3,0.0,0.11,0.7
Railway Ticketing & Catering,2024-09-03,71.91,100.0,0.0,1.64,0.72
Railway Ticketing & Catering,2024-09-04,74.78,100.0,0.0,1.88,0.7
Railway Ticketing & Catering,2024-09-05,75.62,100.0,0.0,1.96,0.7
Railway Ticketing & Catering,2024-09-13,64.93,100.0,0.0,0.89,0.7
Railway Ticketing & Catering,2024-09-27,65.42,100.0,0.0,1.49,0.97
Railway Ticketing & Catering,2024-09-30,62.19,100.0,0.0,1.21,0.99
Railway Ticketing & Catering,2024-10-01,55.16,100.0,0.0,0.51,1.0
Railway Ticketing & Catering,2024-10-02,55.43,100.0,0.0,0.53,0.99
Railway Ticketing & Catering,2024-12-03,65.26,100.0,0.0,1.37,0.92
Railway Ticketing & Catering,2024-12-05,66.12,100.0,0.0,1.09,0.74
Railway Ticketing & Catering,2024-12-09,69.27,100.0,0.0,1.31,0.69
Railway Ticketing & Catering,2024-12-13,62.64,100.0,0.0,0.6,0.67
Railway Ticketing & Catering,2024-12-16,63.13,100.0,0.0,0.65,0.67
Railway Ticketing & Catering,2025-03-19,64.25,100.0,0.0,1.03,0.8
Railway Ticketing & Catering,2025-03-21,73.17,100.0,0.0,1.9,0.79
Railway Ticketing & Catering,2025-03-27,124.58,100.0,0.0,7.1,0.82
Railway Ticketing & Catering,2025-03-28,64.63,100.0,0.0,1.02,0.78
Railway Ticketing & Catering,2025-04-02,68.79,100.0,0.0,1.2,0.66
Railway Ticketing & Catering,2026-08-06,77.61,100.0,0.0,1.51,0.38
Railway Ticketing & Catering,2026-08-10,74.81,100.0,0.0,1.22,0.37
Recycled Plastics & Circular Polymers,2024-04-25,64.15,100.0,0.0,1.08,0.83
Recycled Plastics & Circular Polymers,2024-05-09,54.76,100.0,0.0,0.25,0.89
Recycled Plastics & Circular Polymers,2024-11-06,55.49,100.0,0.0,0.52,0.98
Recycled Plastics & Circular Polymers,2024-11-26,66.4,100.0,0.0,1.53,0.95
Recycled Plastics & Circular Polymers,2024-12-02,61.15,100.0,0.0,0.99,0.94
Recycled Plastics & Circular Polymers,2024-12-09,71.64,100.0,0.0,2.04,0.94
Recycled Plastics & Circular Polymers,2024-12-26,87.54,100.0,0.0,3.32,0.78
Recycled Plastics & Circular Polymers,2025-03-21,75.83,100.0,0.0,2.2,0.81
Recycled Plastics & Circular Polymers,2025-06-16,73.13,100.0,0.0,2.0,0.84
Recycled Plastics & Circular Polymers,2025-07-18,75.46,100.0,0.0,1.95,0.7
Recycled Plastics & Circular Polymers,2025-07-23,66.7,100.0,0.0,1.04,0.68
Recycled Plastics & Circular Polymers,2025-07-31,71.37,100.0,0.0,1.77,0.82
Recycled Plastics & Circular Polymers,2026-08-03,65.27,100.0,0.0,1.22,0.85
Recycled Polyester & Eco-Yarns,2025-03-18,63.27,100.0,0.0,1.04,0.85
Recycled Polyester & Eco-Yarns,2025-03-19,59.99,100.0,0.0,0.71,0.85
Recycled Polyester & Eco-Yarns,2025-03-20,62.22,100.0,0.0,0.87,0.83
Recycled Polyester & Eco-Yarns,2025-06-30,91.38,100.0,0.0,3.48,0.67
Recycled Polyester & Eco-Yarns,2026-07-30,30.73,50.0,0.0,0.28,0.86
Refining & Marketing (OMC),2024-08-19,40.67,100.0,50.0,0.99,0.71
Refining & Marketing (OMC),2025-03-27,26.93,100.0,50.0,0.1,0.96
Refining & Marketing (OMC),2025-04-03,33.49,50.0,0.0,0.57,0.86
Refining & Marketing (OMC),2025-04-15,27.27,100.0,50.0,0.22,0.99
Refining & Marketing (OMC),2025-06-27,50.79,100.0,50.0,1.92,0.67
Refining & Marketing (OMC),2025-07-02,32.84,100.0,50.0,0.16,0.69
Refining & Marketing (OMC),2026-07-30,34.57,50.0,0.0,0.79,0.92
Refining & Marketing (OMC),2026-07-31,58.48,100.0,0.0,0.7,0.92
Refining & Marketing (OMC),2026-08-03,33.57,100.0,50.0,0.71,0.93
Refining & Marketing (OMC),2026-08-06,30.08,50.0,0.0,0.3,0.9
Refining & Marketing (OMC),2026-08-07,58.14,100.0,0.0,0.6,0.89
Refining & Marketing (OMC),2026-08-12,59.29,100.0,0.0,0.71,0.89
Refining & Marketing (OMC),2026-08-13,52.11,100.0,0.0,0.0,0.9
Refining & Marketing (OMC),2026-08-17,56.49,100.0,0.0,0.42,0.89
Refining & Marketing (OMC),2026-08-18,41.34,100.0,50.0,1.39,0.88
Refining & Marketing (OMC),2026-08-21,38.03,100.0,50.0,0.77,0.73
Refining & Petrochemicals,2024-04-01,6.1,93.8,87.5,0.3,1.0
Refining & Petrochemicals,2024-05-02,5.08,93.8,87.5,0.14,0.97
Refining & Petrochemicals,2024-05-23,5.49,68.8,62.5,0.18,0.97
Refining & Petrochemicals,2024-07-30,15.6,82.4,70.6,0.57,0.8
Refining & Petrochemicals,2024-08-02,7.98,88.2,82.4,0.14,0.82
Refining & Petrochemicals,2024-08-16,12.96,64.7,58.8,0.79,0.89
Refining & Petrochemicals,2024-10-14,6.82,23.5,11.8,0.01,0.96
Refining & Petrochemicals,2024-10-15,4.3,35.3,29.4,0.01,0.94
Refining & Petrochemicals,2024-10-16,11.46,47.1,29.4,0.15,0.94
Refining & Petrochemicals,2024-12-05,15.9,64.7,35.3,0.11,1.0
Refining & Petrochemicals,2024-12-09,18.61,76.5,41.2,0.09,1.0
Refining & Petrochemicals,2024-12-10,13.51,64.7,41.2,0.14,0.98
Refining & Petrochemicals,2024-12-19,10.41,29.4,23.5,0.44,0.85
Refining & Petrochemicals,2024-12-24,11.21,29.4,17.6,0.12,0.79
Refining & Petrochemicals,2024-12-25,11.82,29.4,17.6,0.12,0.76
Refining & Petrochemicals,2024-12-26,11.77,35.3,23.5,0.05,0.73
Refining & Petrochemicals,2024-12-27,11.52,35.3,23.5,0.05,0.74
Refining & Petrochemicals,2024-12-31,16.73,47.1,35.3,0.62,0.77
Refining & Petrochemicals,2025-01-01,13.54,58.8,41.2,0.05,0.79
Refining & Petrochemicals,2025-01-02,26.62,82.4,47.1,0.51,0.81
Refining & Petrochemicals,2025-01-03,21.87,82.4,58.8,0.56,0.77
Refining & Petrochemicals,2025-01-07,9.88,41.2,35.3,0.37,0.84
Refining & Petrochemicals,2025-01-08,9.74,41.2,35.3,0.38,0.85
Refining & Petrochemicals,2025-01-14,14.12,35.3,23.5,0.77,0.97
Refining & Petrochemicals,2025-01-17,6.64,35.3,29.4,0.36,1.0
Refining & Petrochemicals,2025-03-21,33.76,87.5,56.2,1.8,0.99
Refining & Petrochemicals,2025-03-27,31.62,75.0,43.8,1.54,0.97
Refining & Petrochemicals,2025-04-01,12.3,64.7,47.1,0.21,0.93
Refining & Petrochemicals,2025-04-02,18.07,70.6,47.1,0.47,0.92
Refining & Petrochemicals,2025-04-03,24.75,88.2,52.9,0.57,0.93
Refining & Petrochemicals,2025-04-08,9.29,41.2,29.4,0.2,0.93
Refining & Petrochemicals,2025-04-15,10.88,64.7,47.1,0.06,0.93
Refining & Petrochemicals,2025-04-16,24.19,88.2,58.8,0.8,0.92
Refining & Petrochemicals,2025-04-21,17.48,87.5,68.8,0.59,0.89
Refining & Petrochemicals,2025-04-22,12.69,94.1,76.5,0.17,0.89
Refining & Petrochemicals,2025-04-28,12.98,68.8,56.2,0.43,0.88
Refining & Petrochemicals,2025-05-02,7.71,64.7,58.8,0.24,0.88
Refining & Petrochemicals,2025-05-05,14.69,64.7,58.8,0.96,0.89
Refining & Petrochemicals,2025-05-12,12.65,82.4,64.7,0.15,0.88
Refining & Petrochemicals,2025-05-14,15.46,88.2,76.5,0.7,0.87
Refining & Petrochemicals,2025-05-27,9.65,94.1,88.2,0.46,0.9
Refining & Petrochemicals,2025-08-19,13.32,22.2,16.7,0.82,0.88
Refining & Petrochemicals,2025-08-22,5.16,33.3,27.8,0.12,0.94
Refining & Petrochemicals,2026-08-07,14.18,60.0,55.0,0.67,0.75
Regional Cement & RMC,2024-04-01,10.86,89.5,78.9,0.56,1.0
Regional Cement & RMC,2024-04-08,3.2,94.7,89.5,0.06,1.0
Regional Cement & RMC,2024-06-03,3.83,42.1,36.8,0.05,0.96
Regional Cement & RMC,2024-08-21,11.81,52.6,47.4,0.61,0.85
Regional Cement & RMC,2024-09-04,8.16,47.4,42.1,0.24,0.85
Regional Cement & RMC,2024-09-05,14.68,63.2,52.6,0.59,0.83
Regional Cement & RMC,2024-11-27,4.44,47.4,42.1,0.16,0.99
Regional Cement & RMC,2024-11-28,18.06,68.4,42.1,0.44,0.97
Regional Cement & RMC,2024-11-29,23.95,68.4,47.4,1.32,0.99
Regional Cement & RMC,2024-12-13,5.46,78.9,73.7,0.28,1.0
Regional Cement & RMC,2024-12-16,5.36,78.9,73.7,0.22,0.97
Regional Cement & RMC,2025-01-03,6.82,73.7,68.4,0.33,0.96
Regional Cement & RMC,2025-01-20,5.98,36.8,26.3,0.06,0.99
Regional Cement & RMC,2025-03-21,18.88,66.7,38.9,0.46,0.98
Regional Cement & RMC,2025-03-27,18.3,66.7,50.0,0.9,0.95
Regional Cement & RMC,2025-04-01,21.03,77.8,44.4,0.32,0.94
Regional Cement & RMC,2025-04-02,16.28,88.9,72.2,0.67,0.94
Regional Cement & RMC,2025-04-03,22.87,94.4,72.2,0.98,0.9
Regional Cement & RMC,2025-04-07,13.01,55.6,44.4,0.6,0.93
Regional Cement & RMC,2025-04-08,6.74,61.1,55.6,0.26,0.93
Regional Cement & RMC,2025-04-09,6.54,55.6,50.0,0.2,0.91
Regional Cement & RMC,2025-04-15,19.86,88.9,66.7,0.74,0.93
Regional Cement & RMC,2025-04-17,21.9,100.0,72.2,0.56,0.88
Regional Cement & RMC,2025-04-21,15.27,100.0,83.3,0.44,0.87
Regional Cement & RMC,2025-04-24,12.15,100.0,88.9,0.45,0.9
Regional Cement & RMC,2025-05-14,16.03,94.4,83.3,0.87,0.91
Regional Cement & RMC,2025-05-15,14.4,88.9,83.3,0.91,0.88
Regional Cement & RMC,2025-05-16,8.39,94.4,88.9,0.33,0.88
Regional Cement & RMC,2025-06-25,17.2,61.1,55.6,1.13,0.85
Regional Cement & RMC,2025-06-26,7.61,72.2,66.7,0.23,0.87
Regional Cement & RMC,2025-07-02,16.84,88.9,77.8,0.96,0.92
Regional Cement & RMC,2025-07-03,5.73,77.8,72.2,0.16,0.93
Regional Cement & RMC,2025-07-15,7.49,72.2,61.1,0.12,0.97
Regional Cement & RMC,2025-07-16,22.83,83.3,77.8,1.97,0.99
Regional Cement & RMC,2026-08-04,15.1,31.6,26.3,0.25,0.5
Regional Cement & RMC,2026-08-05,17.81,31.6,26.3,0.49,0.49
Regional Cement & RMC,2026-08-17,17.65,14.3,9.5,0.56,0.51
Regional Cement & RMC,2026-08-18,14.07,14.3,9.5,0.23,0.53
Registrar & Transfer Agents (RTA),2025-04-16,56.43,100.0,0.0,0.35,0.85
Registrar & Transfer Agents (RTA),2025-05-13,63.84,100.0,0.0,0.66,0.64
Registrar & Transfer Agents (RTA),2025-05-15,64.81,100.0,0.0,0.76,0.64
Registrar & Transfer Agents (RTA),2026-08-06,68.81,100.0,0.0,1.1,0.61
Renewable Energy & Solar,2024-11-01,69.36,100.0,0.0,1.61,0.84
Renewable Energy & Solar,2024-11-06,64.56,100.0,0.0,0.89,0.72
Renewable Energy & Solar,2025-01-07,68.74,100.0,0.0,1.69,0.91
Renewable Energy & Solar,2025-03-24,67.43,100.0,0.0,1.7,0.98
Renewable Energy & Solar,2025-04-01,57.14,100.0,0.0,0.6,0.94
Renewable Energy & Solar,2025-04-02,62.17,100.0,0.0,0.95,0.87
Renewable Energy & Solar,2025-04-03,59.95,100.0,0.0,0.77,0.89
Renewable Energy & Solar,2025-04-15,39.38,100.0,50.0,0.63,0.59
Renewable Energy & Solar,2025-04-16,38.1,100.0,50.0,0.49,0.59
Renewable Energy & Solar,2026-07-20,25.08,66.7,33.3,0.39,0.77
Renewable Energy & Solar,2026-08-03,24.68,33.3,0.0,0.73,0.96
Renewable Energy & Solar,2026-08-06,30.53,50.0,0.0,0.32,0.88
Renewable Energy & Solar,2026-08-07,34.36,50.0,0.0,0.61,0.84
Residential Real Estate,2024-04-03,6.43,95.7,91.3,0.35,0.96
Residential Real Estate,2024-09-20,16.0,63.6,50.0,0.52,0.8
Residential Real Estate,2024-09-23,13.12,69.6,65.2,0.8,0.85
Residential Real Estate,2024-09-27,5.86,56.5,52.2,0.04,0.84
Residential Real Estate,2024-11-25,2.85,37.5,33.3,0.06,0.99
Residential Real Estate,2024-11-26,10.73,44.0,28.0,0.2,0.96
Residential Real Estate,2024-12-02,23.34,88.0,52.0,0.47,0.97
Residential Real Estate,2024-12-03,30.92,96.0,60.0,1.21,0.96
Residential Real Estate,2024-12-04,13.64,96.0,76.0,0.3,0.97
Residential Real Estate,2024-12-05,15.83,96.0,68.0,0.09,0.95
Residential Real Estate,2024-12-06,19.87,92.0,64.0,0.47,0.94
Residential Real Estate,2024-12-11,6.64,88.0,80.0,0.14,0.94
Residential Real Estate,2024-12-16,18.26,80.0,76.0,1.45,0.91
Residential Real Estate,2025-01-03,9.57,56.5,47.8,0.35,0.91
Residential Real Estate,2025-03-18,15.88,20.0,0.0,0.57,0.99
Residential Real Estate,2025-03-21,34.54,68.0,24.0,1.24,0.99
Residential Real Estate,2025-03-27,22.03,52.0,20.0,0.56,0.98
Residential Real Estate,2025-04-02,25.51,68.0,28.0,0.4,0.93
Residential Real Estate,2025-04-03,23.72,68.0,28.0,0.24,0.94
Residential Real Estate,2025-04-11,9.26,29.2,12.5,0.08,0.99
Residential Real Estate,2025-04-21,17.33,80.0,48.0,0.06,0.96
Residential Real Estate,2025-04-22,19.02,84.0,52.0,0.18,0.94
Residential Real Estate,2025-04-24,14.1,88.0,64.0,0.08,0.94
Residential Real Estate,2025-04-28,7.16,68.0,60.0,0.21,0.95
Residential Real Estate,2025-04-29,9.42,68.0,52.0,0.02,0.94
Residential Real Estate,2025-04-30,11.81,58.3,37.5,0.04,0.95
Residential Real Estate,2025-05-05,12.92,64.0,44.0,0.19,0.95
Residential Real Estate,2025-05-07,7.59,40.0,32.0,0.26,0.95
Residential Real Estate,2025-05-12,13.54,72.0,52.0,0.22,0.93
Residential Real Estate,2025-05-14,14.54,75.0,62.5,0.64,0.91
Residential Real Estate,2025-05-16,19.61,92.0,76.0,0.97,0.9
Residential Real Estate,2025-06-13,13.59,83.3,79.2,0.85,0.85
Residential Real Estate,2025-08-11,3.9,23.1,19.2,0.11,0.96
Residential Real Estate,2025-08-19,3.77,32.0,28.0,0.07,0.95
Residential Real Estate,2025-08-20,4.87,36.0,32.0,0.21,0.96
Residential Real Estate,2026-08-03,13.47,37.9,27.6,0.45,0.81
Residential Real Estate,2026-08-05,9.15,35.7,32.1,0.29,0.78
Residential Real Estate,2026-08-10,8.49,42.9,32.1,0.17,0.93
Residential Real Estate,2026-08-20,16.12,37.5,34.4,0.74,0.64
Residential Townships & Commercial REITs,2024-12-02,14.8,66.7,42.9,0.19,0.95
Residential Townships & Commercial REITs,2024-12-03,15.54,77.3,59.1,0.55,0.95
Residential Townships & Commercial REITs,2024-12-04,12.53,90.9,68.2,0.03,0.96
Residential Townships & Commercial REITs,2024-12-09,9.44,77.3,68.2,0.33,0.92
Residential Townships & Commercial REITs,2025-01-17,4.92,50.0,45.5,0.18,0.96
Residential Townships & Commercial REITs,2025-03-18,7.48,26.1,17.4,0.25,0.97
Residential Townships & Commercial REITs,2025-03-19,19.93,39.1,13.0,0.63,0.97
Residential Townships & Commercial REITs,2025-03-20,13.45,39.1,17.4,0.18,0.96
Residential Townships & Commercial REITs,2025-03-21,26.27,59.1,27.3,0.95,0.95
Residential Townships & Commercial REITs,2025-04-01,9.88,31.8,18.2,0.21,0.95
Residential Townships & Commercial REITs,2025-04-02,11.06,40.9,27.3,0.33,0.95
Residential Townships & Commercial REITs,2025-04-03,22.16,65.2,30.4,0.37,0.95
Residential Townships & Commercial REITs,2025-04-07,5.9,18.2,13.6,0.33,0.99
Residential Townships & Commercial REITs,2025-04-08,5.02,19.0,14.3,0.19,0.96
Residential Townships & Commercial REITs,2025-04-15,13.06,47.8,26.1,0.09,0.94
Residential Townships & Commercial REITs,2025-04-17,18.92,52.2,26.1,0.45,0.93
Residential Townships & Commercial REITs,2025-04-21,20.79,69.6,43.5,0.63,0.93
Residential Townships & Commercial REITs,2025-04-22,23.32,78.3,39.1,0.24,0.93
Residential Townships & Commercial REITs,2025-05-14,17.3,78.3,47.8,0.09,0.94
Residential Townships & Commercial REITs,2025-05-15,17.18,77.3,50.0,0.2,0.92
Residential Townships & Commercial REITs,2025-05-16,18.69,95.7,78.3,0.91,0.95
Residential Townships & Commercial REITs,2025-05-23,8.29,78.3,65.2,0.12,0.97
Residential Townships & Commercial REITs,2025-05-27,5.59,69.6,60.9,0.03,0.95
Residential Townships & Commercial REITs,2025-06-02,7.12,60.9,56.5,0.44,0.97
Residential Townships & Commercial REITs,2025-06-05,9.92,52.2,43.5,0.41,0.93
Residential Townships & Commercial REITs,2025-06-06,10.94,73.9,69.6,0.78,0.95
Residential Townships & Commercial REITs,2025-06-09,4.57,78.3,73.9,0.1,0.93
Residential Townships & Commercial REITs,2025-06-11,9.01,78.3,65.2,0.19,0.97
Residential Townships & Commercial REITs,2025-06-13,6.68,77.3,72.7,0.34,0.95
Residential Townships & Commercial REITs,2025-06-16,4.51,90.9,86.4,0.1,0.94
Residential Townships & Commercial REITs,2025-07-29,7.67,37.5,33.3,0.23,0.84
Residential Townships & Commercial REITs,2025-08-18,4.94,41.7,33.3,0.03,0.98
Residential Townships & Commercial REITs,2025-08-19,13.48,45.8,29.2,0.51,1.0
Residential Townships & Commercial REITs,2025-08-21,4.05,46.2,42.3,0.07,0.93
Residential Townships & Commercial REITs,2025-08-22,10.31,50.0,38.5,0.32,0.93
Residential Townships & Commercial REITs,2026-07-31,13.29,38.7,25.8,0.25,0.78
Residential Townships & Commercial REITs,2026-08-03,11.69,40.0,30.0,0.16,0.75
Residential Townships & Commercial REITs,2026-08-04,7.89,26.7,23.3,0.13,0.75
Residential Townships & Commercial REITs,2026-08-13,14.77,37.9,27.6,0.34,0.69
Rigid Plastic Containers & Drums,2025-03-21,50.92,75.0,25.0,2.56,0.98
Rigid Plastic Containers & Drums,2025-04-02,30.17,100.0,50.0,0.39,0.93
Rigid Plastic Containers & Drums,2025-05-16,21.98,100.0,75.0,0.74,0.89
Rigid Plastic Containers & Drums,2025-05-20,16.86,100.0,75.0,0.23,0.89
Rigid Plastic Containers & Drums,2025-05-21,16.3,100.0,75.0,0.16,0.89
Rigid Plastic Containers & Drums,2026-08-03,14.69,100.0,75.0,0.18,0.98
Roads & Highways EPC,2024-05-14,8.74,77.8,66.7,0.25,0.97
Roads & Highways EPC,2024-06-19,18.63,77.8,55.6,0.66,0.95
Roads & Highways EPC,2024-06-20,10.87,66.7,55.6,0.48,0.97
Roads & Highways EPC,2024-06-21,8.6,75.0,62.5,0.16,0.96
Roads & Highways EPC,2024-06-25,14.11,88.9,77.8,0.77,0.96
Roads & Highways EPC,2024-07-15,10.0,88.9,77.8,0.23,0.89
Roads & Highways EPC,2024-09-10,11.82,50.0,40.0,0.41,0.86
Roads & Highways EPC,2024-11-28,13.25,60.0,40.0,0.08,0.88
Roads & Highways EPC,2024-11-29,16.03,60.0,40.0,0.31,0.85
Roads & Highways EPC,2024-12-03,19.66,70.0,50.0,0.61,0.82
Roads & Highways EPC,2024-12-06,27.17,80.0,50.0,0.83,0.81
Roads & Highways EPC,2024-12-10,10.26,70.0,60.0,0.16,0.82
Roads & Highways EPC,2024-12-19,12.15,70.0,60.0,0.48,0.88
Roads & Highways EPC,2024-12-31,8.31,40.0,30.0,0.19,0.93
Roads & Highways EPC,2025-01-02,8.07,40.0,30.0,0.16,0.93
Roads & Highways EPC,2025-01-03,7.95,40.0,30.0,0.11,0.91
Roads & Highways EPC,2025-02-24,9.56,9.1,0.0,0.46,0.98
Roads & Highways EPC,2025-03-19,16.0,27.3,9.1,0.69,1.0
Roads & Highways EPC,2025-03-21,18.73,45.5,18.2,0.48,0.99
Roads & Highways EPC,2025-03-24,20.36,54.5,18.2,0.2,0.99
Roads & Highways EPC,2025-03-27,6.71,36.4,27.3,0.15,0.97
Roads & Highways EPC,2025-04-01,8.89,36.4,27.3,0.36,0.96
Roads & Highways EPC,2025-04-03,21.42,63.6,36.4,0.7,0.96
Roads & Highways EPC,2025-04-07,7.01,27.3,18.2,0.16,0.96
Roads & Highways EPC,2025-04-17,12.33,54.5,36.4,0.25,0.96
Roads & Highways EPC,2025-04-21,25.3,63.6,36.4,1.11,0.97
Roads & Highways EPC,2025-04-24,6.19,54.5,45.5,0.1,0.97
Roads & Highways EPC,2025-04-29,5.92,36.4,27.3,0.02,0.94
Roads & Highways EPC,2025-05-05,6.72,36.4,27.3,0.06,0.92
Roads & Highways EPC,2025-05-07,8.97,18.2,9.1,0.29,0.93
Roads & Highways EPC,2025-05-13,15.08,54.5,27.3,0.08,0.97
Roads & Highways EPC,2025-05-14,14.76,63.6,36.4,0.05,0.97
Roads & Highways EPC,2025-05-15,18.08,72.7,45.5,0.37,0.96
Roads & Highways EPC,2025-05-19,13.9,63.6,45.5,0.46,0.99
Roads & Highways EPC,2025-05-21,7.68,63.6,54.5,0.3,0.99
Roads & Highways EPC,2025-05-28,10.59,54.5,45.5,0.51,0.95
Roads & Highways EPC,2025-05-29,16.03,72.7,45.5,0.11,0.94
Roads & Highways EPC,2025-06-02,15.75,72.7,54.5,0.51,0.92
Roads & Highways EPC,2025-06-09,18.4,72.7,54.5,0.47,0.77
Roads & Highways EPC,2025-06-10,17.96,81.8,72.7,0.9,0.78
Roads & Highways EPC,2025-06-30,10.58,54.5,45.5,0.08,0.74
Roads & Highways EPC,2025-07-08,13.08,72.7,63.6,0.46,0.8
Roads & Highways EPC,2025-07-15,9.4,63.6,54.5,0.18,0.85
Roads & Highways EPC,2025-07-17,9.23,63.6,54.5,0.17,0.85
Roads & Highways EPC,2025-07-29,7.94,45.5,36.4,0.16,0.91
Roads & Highways EPC,2025-08-01,9.53,54.5,45.5,0.37,0.94
Roads & Highways EPC,2025-08-18,4.7,33.3,25.0,0.01,0.98
Roads & Highways EPC,2026-08-03,7.05,35.7,28.6,0.02,0.83
Roads & Highways EPC,2026-08-05,12.85,50.0,35.7,0.18,0.8
Roads & Highways EPC,2026-08-17,12.49,23.1,15.4,0.46,0.8
"Rolling Stock, Wagons & Vande Bharat Trainsets",2024-07-03,15.03,100.0,83.3,0.12,0.72
"Rolling Stock, Wagons & Vande Bharat Trainsets",2024-07-04,25.54,100.0,83.3,1.09,0.68
"Rolling Stock, Wagons & Vande Bharat Trainsets",2024-08-30,8.85,50.0,33.3,0.04,0.99
"Rolling Stock, Wagons & Vande Bharat Trainsets",2024-10-11,16.69,33.3,16.7,0.73,0.95
"Rolling Stock, Wagons & Vande Bharat Trainsets",2024-10-14,15.11,33.3,16.7,0.55,0.94
"Rolling Stock, Wagons & Vande Bharat Trainsets",2024-10-15,11.39,33.3,16.7,0.18,0.94
"Rolling Stock, Wagons & Vande Bharat Trainsets",2024-10-16,22.69,66.7,33.3,0.52,0.96
"Rolling Stock, Wagons & Vande Bharat Trainsets",2024-10-17,34.66,66.7,33.3,1.71,0.95
"Rolling Stock, Wagons & Vande Bharat Trainsets",2024-10-18,32.31,66.7,33.3,1.38,0.91
"Rolling Stock, Wagons & Vande Bharat Trainsets",2024-12-06,18.01,83.3,66.7,0.97,1.0
"Rolling Stock, Wagons & Vande Bharat Trainsets",2024-12-19,15.66,100.0,83.3,0.4,0.84
"Rolling Stock, Wagons & Vande Bharat Trainsets",2025-01-16,25.11,57.1,42.9,1.48,0.84
"Rolling Stock, Wagons & Vande Bharat Trainsets",2025-01-17,20.62,57.1,42.9,0.99,0.82
"Rolling Stock, Wagons & Vande Bharat Trainsets",2025-01-20,13.57,71.4,57.1,0.3,0.83
"Rolling Stock, Wagons & Vande Bharat Trainsets",2025-03-11,10.91,14.3,0.0,0.32,0.97
"Rolling Stock, Wagons & Vande Bharat Trainsets",2025-03-18,18.97,28.6,14.3,1.07,0.94
"Rolling Stock, Wagons & Vande Bharat Trainsets",2025-03-19,48.54,100.0,28.6,1.25,0.98
"Rolling Stock, Wagons & Vande Bharat Trainsets",2025-03-20,22.4,71.4,28.6,0.01,0.96
"Rolling Stock, Wagons & Vande Bharat Trainsets",2025-03-21,40.62,100.0,28.6,0.4,0.95
"Rolling Stock, Wagons & Vande Bharat Trainsets",2025-03-24,40.99,100.0,42.9,1.17,0.96
"Rolling Stock, Wagons & Vande Bharat Trainsets",2025-04-01,13.27,71.4,57.1,0.5,0.94
"Rolling Stock, Wagons & Vande Bharat Trainsets",2025-04-02,28.42,100.0,57.1,0.55,0.93
"Rolling Stock, Wagons & Vande Bharat Trainsets",2025-04-03,26.35,100.0,57.1,0.35,0.93
"Rolling Stock, Wagons & Vande Bharat Trainsets",2025-04-15,17.97,85.7,71.4,0.99,0.95
"Rolling Stock, Wagons & Vande Bharat Trainsets",2025-04-16,8.41,85.7,71.4,0.04,0.95
"Rolling Stock, Wagons & Vande Bharat Trainsets",2025-04-17,15.26,85.7,57.1,0.02,0.96
"Rolling Stock, Wagons & Vande Bharat Trainsets",2025-04-21,25.42,100.0,57.1,0.23,0.91
"Rolling Stock, Wagons & Vande Bharat Trainsets",2025-04-22,14.73,85.7,71.4,0.52,0.88
"Rolling Stock, Wagons & Vande Bharat Trainsets",2025-04-24,13.3,85.7,71.4,0.25,0.82
"Rolling Stock, Wagons & Vande Bharat Trainsets",2025-05-05,19.36,28.6,14.3,0.76,0.77
"Rolling Stock, Wagons & Vande Bharat Trainsets",2025-05-07,15.45,28.6,14.3,0.53,0.85
"Rolling Stock, Wagons & Vande Bharat Trainsets",2025-05-13,16.64,85.7,71.4,0.63,0.84
"Rolling Stock, Wagons & Vande Bharat Trainsets",2025-08-05,10.48,28.6,14.3,0.04,0.85
"Rolling Stock, Wagons & Vande Bharat Trainsets",2026-07-31,10.55,12.5,0.0,0.15,0.86
"Rolling Stock, Wagons & Vande Bharat Trainsets",2026-08-03,27.85,50.0,12.5,0.65,0.87
"Rolling Stock, Wagons & Vande Bharat Trainsets",2026-08-05,17.79,50.0,25.0,0.23,0.85
"Rolling Stock, Wagons & Vande Bharat Trainsets",2026-08-06,25.41,50.0,25.0,1.01,0.86
"Rolling Stock, Wagons & Vande Bharat Trainsets",2026-08-10,12.47,37.5,25.0,0.38,0.88
"Rolling Stock, Wagons & Vande Bharat Trainsets",2026-08-11,19.84,62.5,37.5,0.51,0.89
"Rolling Stock, Wagons & Vande Bharat Trainsets",2026-08-18,9.46,25.0,12.5,0.06,0.87
"Rolling Stock, Wagons & Vande Bharat Trainsets",2026-08-21,11.08,50.0,37.5,0.33,0.92
Seafood & Marine Exports,2024-05-17,30.45,50.0,0.0,0.29,0.87
Seafood & Marine Exports,2024-09-16,34.69,50.0,0.0,0.67,0.85
Seafood & Marine Exports,2024-10-10,39.83,50.0,0.0,0.99,0.76
Seafood & Marine Exports,2024-10-14,32.05,50.0,0.0,0.3,0.8
Seafood & Marine Exports,2024-10-29,34.23,50.0,0.0,0.67,0.87
Seafood & Marine Exports,2025-02-04,38.62,50.0,0.0,0.72,0.68
Seafood & Marine Exports,2025-05-12,30.32,50.0,0.0,0.37,0.92
Seafood & Marine Exports,2025-05-13,27.06,50.0,0.0,0.03,0.91
Seafood & Marine Exports,2025-05-20,63.39,100.0,0.0,1.01,0.84
Seafood & Marine Exports,2025-05-22,31.05,100.0,50.0,0.24,0.82
Seafood & Marine Exports,2025-05-23,55.3,100.0,50.0,2.9,0.94
Seafood & Marine Exports,2025-06-18,60.69,100.0,0.0,0.96,0.94
Seafood & Marine Exports,2025-08-18,47.69,50.0,0.0,2.11,0.92
Secondary Steel & TMT Rebars,2024-04-02,7.21,94.4,87.0,0.35,1.0
Secondary Steel & TMT Rebars,2024-04-03,2.79,96.3,94.4,0.19,1.0
Secondary Steel & TMT Rebars,2024-07-04,6.09,76.8,71.4,0.13,0.89
Secondary Steel & TMT Rebars,2024-07-05,5.05,76.8,73.2,0.07,0.87
Secondary Steel & TMT Rebars,2024-08-22,5.9,52.6,49.1,0.36,0.97
Secondary Steel & TMT Rebars,2024-08-23,6.54,64.9,54.4,0.07,0.97
Secondary Steel & TMT Rebars,2024-08-26,7.9,65.5,63.8,0.7,1.0
Secondary Steel & TMT Rebars,2024-09-04,4.28,51.7,48.3,0.11,0.93
Secondary Steel & TMT Rebars,2024-09-10,9.62,56.1,52.6,0.61,0.91
Secondary Steel & TMT Rebars,2024-09-13,10.03,70.2,61.4,0.44,0.94
Secondary Steel & TMT Rebars,2024-09-16,3.0,67.2,63.8,0.02,0.95
Secondary Steel & TMT Rebars,2024-09-17,2.81,64.9,63.2,0.04,0.93
Secondary Steel & TMT Rebars,2024-11-27,10.74,39.7,25.9,0.35,0.98
Secondary Steel & TMT Rebars,2024-11-28,14.48,48.3,24.1,0.16,0.96
Secondary Steel & TMT Rebars,2024-11-29,11.94,50.8,30.5,0.09,0.96
Secondary Steel & TMT Rebars,2024-12-02,12.83,53.4,34.5,0.24,0.95
Secondary Steel & TMT Rebars,2024-12-03,22.22,70.0,41.7,0.68,0.94
Secondary Steel & TMT Rebars,2024-12-04,17.73,84.7,59.3,0.38,0.94
Secondary Steel & TMT Rebars,2024-12-06,13.57,87.9,70.7,0.37,0.94
Secondary Steel & TMT Rebars,2024-12-09,13.85,88.1,69.5,0.3,0.92
Secondary Steel & TMT Rebars,2024-12-13,1.94,63.8,62.1,0.0,0.95
Secondary Steel & TMT Rebars,2025-01-01,7.28,36.2,34.5,0.41,0.88
Secondary Steel & TMT Rebars,2025-01-03,6.39,45.8,42.4,0.23,0.88
Secondary Steel & TMT Rebars,2025-01-07,6.33,31.0,25.9,0.21,0.92
Secondary Steel & TMT Rebars,2025-03-21,17.83,62.1,34.5,0.38,0.99
Secondary Steel & TMT Rebars,2025-04-02,13.28,63.8,43.1,0.28,1.0
Secondary Steel & TMT Rebars,2025-04-03,16.16,73.7,43.9,0.11,0.99
Secondary Steel & TMT Rebars,2025-05-12,13.5,67.8,52.5,0.47,0.94
Secondary Steel & TMT Rebars,2025-05-13,13.01,71.2,52.5,0.24,0.94
Secondary Steel & TMT Rebars,2025-05-14,16.64,76.3,57.6,0.58,0.92
Secondary Steel & TMT Rebars,2025-05-15,13.4,86.2,67.2,0.23,0.92
Secondary Steel & TMT Rebars,2025-05-21,7.93,75.4,63.2,0.02,0.92
Secondary Steel & TMT Rebars,2025-05-22,7.5,74.6,67.8,0.23,0.91
Secondary Steel & TMT Rebars,2025-05-23,7.02,74.6,67.8,0.21,0.92
Secondary Steel & TMT Rebars,2025-06-05,4.85,55.2,53.4,0.16,0.88
Secondary Steel & TMT Rebars,2025-06-26,7.7,71.2,69.5,0.32,0.82
Secondary Steel & TMT Rebars,2026-08-04,8.68,58.7,53.3,0.32,0.86
Secondary Steel & TMT Rebars,2026-08-05,14.41,61.3,54.7,0.8,0.85
Secondary Steel & TMT Rebars,2026-08-06,8.17,60.3,52.1,0.1,0.85
Secondary Steel & TMT Rebars,2026-08-10,7.12,60.0,54.7,0.03,0.79
Secondary Steel & TMT Rebars,2026-08-14,8.31,51.4,50.0,0.16,0.7
Silver & Fashion Gemstones,2024-07-05,30.26,100.0,66.7,1.21,0.93
Silver & Fashion Gemstones,2024-09-05,39.46,100.0,66.7,2.11,0.91
Silver & Fashion Gemstones,2024-11-27,30.02,100.0,66.7,1.12,0.89
Silver & Fashion Gemstones,2024-12-02,24.08,100.0,66.7,0.56,0.91
Silver & Fashion Gemstones,2024-12-06,22.72,100.0,66.7,0.32,0.86
Silver & Fashion Gemstones,2025-01-20,22.15,66.7,33.3,0.29,0.87
Silver & Fashion Gemstones,2025-04-16,22.77,66.7,33.3,0.51,0.95
Silver & Fashion Gemstones,2025-05-13,31.87,100.0,66.7,1.06,0.77
Silver & Fashion Gemstones,2025-07-15,22.93,66.7,33.3,0.22,0.8
Small Finance & Payment Banks,2024-08-22,59.35,100.0,0.0,0.36,0.71
Small Finance & Payment Banks,2024-08-26,65.8,100.0,0.0,0.85,0.64
Small Finance & Payment Banks,2024-12-30,84.4,100.0,0.0,3.37,0.96
Small Finance & Payment Banks,2025-01-01,58.63,100.0,0.0,0.86,1.0
Small Finance & Payment Banks,2025-01-03,63.9,100.0,0.0,1.39,1.0
Solar PV & Green Hydrogen,2024-03-22,25.43,70.0,60.0,0.24,0.1
Solar PV & Green Hydrogen,2024-04-01,17.91,80.0,60.0,0.79,1.0
Solar PV & Green Hydrogen,2024-04-03,5.87,90.0,80.0,0.09,1.0
Solar PV & Green Hydrogen,2024-06-14,7.47,81.8,72.7,0.12,0.91
Solar PV & Green Hydrogen,2024-06-17,7.64,81.8,72.7,0.1,0.9
Solar PV & Green Hydrogen,2024-06-25,8.19,83.3,75.0,0.15,0.88
Solar PV & Green Hydrogen,2024-08-02,13.87,50.0,42.9,0.81,0.89
Solar PV & Green Hydrogen,2024-09-05,8.3,43.8,37.5,0.32,0.9
Solar PV & Green Hydrogen,2024-10-18,6.18,27.8,22.2,0.2,0.93
Solar PV & Green Hydrogen,2024-10-28,12.59,22.2,16.7,0.9,0.96
Solar PV & Green Hydrogen,2024-10-31,11.31,55.6,50.0,0.84,0.99
Solar PV & Green Hydrogen,2024-12-03,10.69,55.0,45.0,0.52,0.97
Solar PV & Green Hydrogen,2024-12-04,17.18,60.0,40.0,0.63,0.96
Solar PV & Green Hydrogen,2024-12-05,16.12,60.0,35.0,0.25,0.94
Solar PV & Green Hydrogen,2024-12-06,13.8,63.2,42.1,0.22,0.95
Solar PV & Green Hydrogen,2024-12-10,9.75,65.0,50.0,0.11,0.94
Solar PV & Green Hydrogen,2024-12-11,11.1,65.0,50.0,0.26,0.95
Solar PV & Green Hydrogen,2024-12-12,7.04,55.0,50.0,0.29,0.92
Solar PV & Green Hydrogen,2024-12-19,10.0,45.0,35.0,0.17,0.84
Solar PV & Green Hydrogen,2024-12-31,11.7,35.0,25.0,0.27,0.8
Solar PV & Green Hydrogen,2025-01-16,8.95,25.0,15.0,0.1,0.85
Solar PV & Green Hydrogen,2025-04-01,15.81,40.0,15.0,0.27,0.97
Solar PV & Green Hydrogen,2025-04-02,17.31,38.1,9.5,0.15,0.93
Solar PV & Green Hydrogen,2025-04-03,23.77,52.4,14.3,0.3,0.92
Solar PV & Green Hydrogen,2025-04-21,20.06,100.0,65.0,0.06,0.9
Solar PV & Green Hydrogen,2025-04-22,12.68,95.2,81.0,0.41,0.93
Solar PV & Green Hydrogen,2025-04-23,20.38,100.0,75.0,0.62,0.91
Solar PV & Green Hydrogen,2025-04-24,16.6,100.0,75.0,0.28,0.94
Solar PV & Green Hydrogen,2025-05-07,7.82,42.1,31.6,0.19,0.97
Solar PV & Green Hydrogen,2025-05-12,19.08,76.2,52.4,0.65,0.96
Solar PV & Green Hydrogen,2025-05-14,11.07,85.0,75.0,0.5,0.95
Solar PV & Green Hydrogen,2025-05-16,10.36,81.0,76.2,0.71,0.96
Solar PV & Green Hydrogen,2025-05-19,10.04,90.5,81.0,0.48,0.98
Solar PV & Green Hydrogen,2025-05-22,7.03,95.0,90.0,0.4,0.98
Solar PV & Green Hydrogen,2025-05-29,7.72,90.5,85.7,0.36,0.91
Solar PV & Green Hydrogen,2025-06-02,4.26,81.0,76.2,0.05,0.93
Solar PV & Green Hydrogen,2025-08-19,10.68,47.6,42.9,0.6,0.88
Solar PV & Green Hydrogen,2025-08-20,11.23,68.4,52.6,0.08,0.87
Solar PV & Green Hydrogen,2026-08-13,11.96,19.0,9.5,0.05,0.67
Solar PV & Green Hydrogen,2026-08-18,12.66,18.2,9.1,0.1,0.64
Solar PV & Green Hydrogen,2026-08-21,11.95,18.5,14.8,0.36,0.67
Specialty Chemicals,2024-03-22,22.82,62.8,60.5,0.37,0.1
Specialty Chemicals,2024-04-05,4.91,97.7,93.2,0.22,0.98
Specialty Chemicals,2024-07-26,5.67,82.6,80.4,0.36,0.95
Specialty Chemicals,2024-07-30,10.9,93.5,87.0,0.63,0.93
Specialty Chemicals,2024-12-06,4.13,60.9,54.3,0.08,1.0
Specialty Chemicals,2024-12-10,12.06,75.6,62.2,0.48,0.97
Specialty Chemicals,2024-12-11,11.28,80.4,67.4,0.37,0.95
Specialty Chemicals,2024-12-19,5.61,48.9,46.7,0.17,0.86
Specialty Chemicals,2025-01-01,6.49,40.4,36.2,0.22,0.89
Specialty Chemicals,2025-01-03,6.19,43.5,39.1,0.2,0.9
Specialty Chemicals,2025-03-21,24.88,60.4,14.6,0.18,0.99
Specialty Chemicals,2025-03-24,30.65,76.6,19.1,0.13,0.97
Specialty Chemicals,2025-03-27,12.62,34.0,10.6,0.02,0.96
Specialty Chemicals,2025-04-01,10.86,40.4,25.5,0.24,0.95
Specialty Chemicals,2025-04-02,19.44,56.5,28.3,0.39,0.93
Specialty Chemicals,2025-04-03,20.42,62.5,31.2,0.36,0.94
Specialty Chemicals,2025-04-07,10.59,19.1,8.5,0.43,0.95
Specialty Chemicals,2025-04-08,6.42,31.2,20.8,0.02,0.95
Specialty Chemicals,2025-04-11,19.86,51.1,21.3,0.42,0.96
Specialty Chemicals,2025-04-16,22.74,83.3,45.8,0.38,0.99
Specialty Chemicals,2025-04-21,19.11,89.6,62.5,0.51,0.98
Specialty Chemicals,2025-04-22,11.18,91.5,70.2,0.01,0.98
Specialty Chemicals,2025-04-24,8.44,86.7,71.1,0.02,0.98
Specialty Chemicals,2025-04-28,8.7,65.2,50.0,0.06,0.97
Specialty Chemicals,2025-05-05,8.53,47.9,41.7,0.46,0.96
Specialty Chemicals,2025-05-07,9.53,40.4,29.8,0.33,0.95
Specialty Chemicals,2025-05-12,17.05,73.9,56.5,0.67,0.92
Specialty Chemicals,2025-05-13,15.38,80.9,70.2,0.86,0.93
Specialty Chemicals,2025-05-14,18.67,85.1,72.3,1.05,0.91
Specialty Chemicals,2025-05-15,10.68,85.1,74.5,0.3,0.88
Specialty Chemicals,2025-05-16,7.55,87.2,78.7,0.1,0.89
Specialty Chemicals,2025-05-19,15.37,89.6,77.1,0.71,0.9
Specialty Chemicals,2025-05-22,7.91,82.6,78.3,0.45,0.94
Specialty Chemicals,2025-06-05,2.97,84.8,82.6,0.14,0.98
Specialty Chemicals,2025-08-12,2.44,22.9,20.8,0.11,0.99
Specialty Chemicals,2026-07-31,6.34,50.8,47.5,0.06,0.8
Specialty Chemicals,2026-08-03,13.91,63.3,51.7,0.42,0.81
Specialty Chemicals,2026-08-04,12.12,61.7,48.3,0.17,0.81
Specialty Chemicals,2026-08-07,8.36,58.3,56.7,0.29,0.77
Specialty Chemicals,2026-08-13,6.38,55.9,54.2,0.14,0.79
Specialty Electrochemical Chemicals,2024-06-10,62.24,100.0,0.0,0.81,0.79
Specialty Electrochemical Chemicals,2024-11-27,54.95,100.0,0.0,0.34,0.92
Specialty Electrochemical Chemicals,2024-12-03,61.5,100.0,0.0,0.97,0.91
Specialty Electrochemical Chemicals,2024-12-04,59.51,100.0,0.0,0.77,0.91
Specialty Electrochemical Chemicals,2024-12-05,64.81,100.0,0.0,1.36,0.94
Specialty Electrochemical Chemicals,2025-03-21,63.19,100.0,0.0,1.17,0.92
Specialty Electrochemical Chemicals,2025-04-15,58.36,100.0,0.0,0.45,0.8
Specialty Electrochemical Chemicals,2025-05-13,59.18,100.0,0.0,0.62,0.85
Specialty Electrochemical Chemicals,2025-05-14,62.21,100.0,0.0,0.94,0.86
Specialty Enzymes & Biologicals,2024-12-10,72.98,100.0,0.0,1.69,0.7
Specialty Enzymes & Biologicals,2025-02-05,57.63,100.0,0.0,0.34,0.79
Specialty Enzymes & Biologicals,2025-02-06,54.92,100.0,0.0,0.26,0.88
Specialty Enzymes & Biologicals,2025-04-29,57.49,100.0,0.0,0.74,1.0
Specialty Enzymes & Biologicals,2025-05-15,69.49,100.0,0.0,1.6,0.83
Specialty Enzymes & Biologicals,2025-05-16,61.94,100.0,0.0,0.84,0.82
Specialty Enzymes & Biologicals,2025-05-23,60.43,100.0,0.0,0.64,0.8
Specialty Retail Boutiques,2024-04-04,5.37,90.9,81.8,0.08,1.0
Specialty Retail Boutiques,2024-05-14,10.17,41.7,33.3,0.27,0.83
Specialty Retail Boutiques,2024-07-11,4.67,76.9,69.2,0.01,0.96
Specialty Retail Boutiques,2024-07-12,5.23,84.6,76.9,0.05,0.96
Specialty Retail Boutiques,2024-07-26,12.15,76.9,61.5,0.39,0.97
Specialty Retail Boutiques,2024-07-30,4.35,76.9,69.2,0.02,0.99
Specialty Retail Boutiques,2024-07-31,4.68,76.9,69.2,0.02,0.97
Specialty Retail Boutiques,2024-09-23,7.89,69.2,61.5,0.09,0.84
Specialty Retail Boutiques,2024-09-24,12.57,71.4,57.1,0.22,0.84
Specialty Retail Boutiques,2024-11-06,12.21,40.0,26.7,0.53,0.99
Specialty Retail Boutiques,2024-12-06,18.1,73.3,53.3,0.78,0.99
Specialty Retail Boutiques,2024-12-10,8.44,66.7,53.3,0.07,0.95
Specialty Retail Boutiques,2024-12-11,12.55,60.0,46.7,0.46,0.94
Specialty Retail Boutiques,2024-12-12,9.18,53.3,46.7,0.34,0.88
Specialty Retail Boutiques,2024-12-13,7.41,46.7,40.0,0.19,0.89
Specialty Retail Boutiques,2025-01-02,9.01,40.0,26.7,0.0,0.88
Specialty Retail Boutiques,2025-01-03,11.65,46.7,40.0,0.61,0.89
Specialty Retail Boutiques,2025-01-08,5.13,46.7,40.0,0.06,0.94
Specialty Retail Boutiques,2025-04-01,19.23,53.3,20.0,0.18,0.96
Specialty Retail Boutiques,2025-04-02,21.9,60.0,26.7,0.5,0.99
Specialty Retail Boutiques,2025-04-03,27.83,73.3,26.7,0.43,0.99
Specialty Retail Boutiques,2025-04-22,20.64,86.7,53.3,0.39,1.0
Specialty Retail Boutiques,2025-05-13,20.72,50.0,28.6,0.74,0.87
Specialty Retail Boutiques,2025-05-15,19.54,73.3,40.0,0.02,0.87
Specialty Retail Boutiques,2025-05-19,21.08,80.0,46.7,0.18,0.87
Specialty Retail Boutiques,2025-05-28,15.01,53.3,33.3,0.16,0.83
Specialty Retail Boutiques,2025-06-04,8.8,46.7,40.0,0.22,0.84
Specialty Retail Boutiques,2025-06-27,9.46,62.5,50.0,0.09,0.89
Specialty Retail Boutiques,2025-08-18,7.92,31.2,25.0,0.35,0.93
Specialty Retail Boutiques,2025-08-19,17.52,50.0,25.0,0.43,0.97
Specialty Retail Boutiques,2026-08-14,6.81,40.0,35.0,0.08,0.83
Specialty Retail Boutiques,2026-08-20,8.38,55.0,50.0,0.23,0.82
Specialty Stainless & Alloy Steel,2026-07-28,59.13,100.0,0.0,0.91,1.0
Sports & Athleisure Footwear,2024-08-21,21.59,50.0,25.0,0.69,0.89
Sports & Athleisure Footwear,2024-08-22,20.78,75.0,50.0,0.65,0.91
Sports & Athleisure Footwear,2024-09-04,17.72,50.0,25.0,0.03,0.75
Sports & Athleisure Footwear,2024-09-05,19.47,50.0,25.0,0.26,0.78
Sports & Athleisure Footwear,2024-12-16,19.32,75.0,50.0,0.43,0.87
Sports & Athleisure Footwear,2025-04-15,28.27,50.0,0.0,0.06,0.87
Sports & Athleisure Footwear,2025-04-16,34.44,50.0,0.0,0.71,0.89
Sports & Athleisure Footwear,2025-04-21,50.87,75.0,0.0,1.1,0.88
Sports & Athleisure Footwear,2025-04-22,16.33,50.0,25.0,0.13,0.87
Sports & Athleisure Footwear,2025-04-23,38.24,75.0,25.0,1.06,0.87
Sports & Athleisure Footwear,2025-04-24,29.17,75.0,25.0,0.11,0.85
Sports & Athleisure Footwear,2025-04-28,43.24,75.0,0.0,0.31,0.87
Sports & Athleisure Footwear,2025-05-05,44.37,75.0,0.0,0.37,0.84
Sports & Athleisure Footwear,2025-05-09,23.18,33.3,0.0,0.12,0.73
Sports & Athleisure Footwear,2025-05-12,35.11,100.0,50.0,0.69,0.84
Sports & Athleisure Footwear,2025-05-14,33.22,100.0,50.0,0.43,0.8
Sports & Athleisure Footwear,2025-05-15,20.3,100.0,75.0,0.34,0.78
Sports & Athleisure Footwear,2025-05-16,18.23,100.0,75.0,0.11,0.77
Sports & Athleisure Footwear,2025-05-19,21.31,100.0,75.0,0.38,0.75
Sports & Athleisure Footwear,2025-05-20,17.88,100.0,75.0,0.02,0.74
Sports & Athleisure Footwear,2025-05-21,23.42,100.0,75.0,0.64,0.78
Sports & Athleisure Footwear,2025-05-22,25.05,100.0,75.0,0.82,0.78
Sports & Athleisure Footwear,2025-05-23,19.49,100.0,75.0,0.31,0.81
Sports & Athleisure Footwear,2025-07-04,46.37,75.0,25.0,1.88,0.87
Sports & Athleisure Footwear,2025-07-07,24.6,75.0,50.0,1.06,0.92
Sports & Athleisure Footwear,2026-08-07,28.74,60.0,20.0,0.83,0.98
Sports & Athleisure Footwear,2026-08-18,18.95,37.5,25.0,0.38,0.56
Sports & Athleisure Footwear,2026-08-21,16.05,50.0,37.5,0.1,0.56
Staffing & Security Services,2024-04-01,16.9,83.3,66.7,0.86,1.0
Staffing & Security Services,2024-10-17,13.2,42.9,28.6,0.3,0.85
Staffing & Security Services,2024-11-27,18.51,42.9,28.6,0.94,0.9
Staffing & Security Services,2024-12-09,11.95,71.4,57.1,0.1,0.81
Staffing & Security Services,2024-12-10,31.35,85.7,42.9,0.54,0.77
Staffing & Security Services,2024-12-16,19.43,57.1,42.9,0.59,0.68
Staffing & Security Services,2024-12-17,19.04,71.4,57.1,0.61,0.71
Staffing & Security Services,2025-01-17,15.98,28.6,14.3,0.84,0.98
Staffing & Security Services,2025-03-05,23.25,14.3,0.0,1.3,0.85
Staffing & Security Services,2025-03-07,10.3,28.6,14.3,0.02,0.85
Staffing & Security Services,2025-03-11,9.97,14.3,0.0,0.01,0.87
Staffing & Security Services,2025-03-21,28.18,57.1,28.6,1.38,1.0
Staffing & Security Services,2025-04-01,18.47,57.1,28.6,0.37,0.97
Staffing & Security Services,2025-04-02,15.63,42.9,28.6,0.77,0.96
Staffing & Security Services,2025-04-03,15.85,57.1,28.6,0.06,0.95
Staffing & Security Services,2025-06-11,11.8,57.1,42.9,0.36,0.95
Staffing & Security Services,2025-07-02,14.52,57.1,42.9,0.08,0.67
Staffing & Security Services,2025-07-04,15.85,42.9,28.6,0.3,0.71
Staffing & Security Services,2025-07-08,16.64,42.9,28.6,0.4,0.73
Staffing & Security Services,2025-07-09,22.5,57.1,28.6,0.25,0.72
Staffing & Security Services,2025-07-10,14.92,37.5,25.0,0.14,0.64
Staffing & Security Services,2025-07-11,21.09,62.5,37.5,0.17,0.66
Staffing & Security Services,2026-08-12,17.79,80.0,60.0,0.1,0.66
Staffing & Security Services,2026-08-13,22.67,83.3,66.7,0.76,0.66
Staffing & Security Services,2026-08-14,19.93,83.3,66.7,0.48,0.66
Staffing & Security Services,2026-08-19,25.17,66.7,50.0,1.09,0.71
Staffing & Security Services,2026-08-20,22.37,83.3,66.7,0.8,0.7
Staffing & Workforce Security,2024-04-04,6.88,100.0,90.0,0.19,1.0
Staffing & Workforce Security,2024-06-12,6.48,63.6,54.5,0.12,0.96
Staffing & Workforce Security,2024-07-22,11.1,45.5,36.4,0.49,0.92
Staffing & Workforce Security,2024-07-26,11.45,72.7,63.6,0.44,0.88
Staffing & Workforce Security,2024-09-16,12.44,83.3,66.7,0.29,0.94
Staffing & Workforce Security,2024-10-01,23.12,63.6,54.5,1.84,0.99
Staffing & Workforce Security,2024-10-02,21.4,63.6,54.5,1.65,0.98
Staffing & Workforce Security,2024-12-02,12.8,75.0,58.3,0.32,0.93
Staffing & Workforce Security,2025-01-01,13.75,41.7,25.0,0.11,0.78
Staffing & Workforce Security,2025-01-02,8.81,58.3,50.0,0.02,0.78
Staffing & Workforce Security,2025-01-23,7.02,25.0,16.7,0.21,0.96
Staffing & Workforce Security,2025-05-14,10.1,69.2,61.5,0.48,0.93
Staffing & Workforce Security,2025-05-16,15.54,83.3,66.7,0.55,0.92
Staffing & Workforce Security,2025-05-19,19.52,92.3,69.2,0.64,0.92
Staffing & Workforce Security,2025-05-20,7.37,100.0,90.9,0.22,0.97
Staffing & Workforce Security,2025-05-21,6.03,84.6,76.9,0.14,0.96
Staffing & Workforce Security,2025-05-22,18.13,76.9,61.5,0.99,0.97
Staffing & Workforce Security,2025-06-20,12.73,46.2,38.5,0.15,0.63
Staffing & Workforce Security,2025-06-30,16.03,58.3,50.0,0.49,0.65
Staffing & Workforce Security,2025-07-03,18.8,46.2,30.8,0.44,0.66
Staffing & Workforce Security,2025-07-04,14.41,50.0,41.7,0.31,0.64
Staffing & Workforce Security,2025-07-07,12.02,46.2,38.5,0.14,0.66
Staffing & Workforce Security,2025-07-16,14.39,46.2,38.5,0.37,0.66
Staffing & Workforce Security,2026-08-11,16.77,46.7,33.3,0.31,0.65
Staffing & Workforce Security,2026-08-19,27.51,53.8,23.1,0.53,0.66
Staffing & Workforce Security,2026-08-20,26.25,46.2,23.1,0.84,0.68
Stainless Steel & Special Alloys,2024-08-19,55.43,100.0,0.0,0.44,0.95
Stainless Steel & Special Alloys,2024-11-28,61.76,100.0,0.0,0.92,0.87
Stainless Steel & Special Alloys,2024-12-02,56.93,100.0,0.0,0.49,0.9
Stainless Steel & Special Alloys,2025-03-05,62.57,100.0,0.0,1.1,0.92
Stainless Steel & Special Alloys,2025-05-09,68.63,100.0,0.0,1.39,0.76
Stampings & Pressed Metal Auto Parts,2024-07-03,55.38,100.0,0.0,0.43,0.94
Stampings & Pressed Metal Auto Parts,2024-09-20,72.07,100.0,0.0,1.26,0.53
Stampings & Pressed Metal Auto Parts,2025-01-02,61.47,100.0,0.0,0.99,0.92
Stampings & Pressed Metal Auto Parts,2025-01-03,66.33,100.0,0.0,0.71,0.54
Stampings & Pressed Metal Auto Parts,2025-05-12,71.24,100.0,0.0,1.85,0.86
State Commodity & Metals Trading,2024-11-28,63.01,100.0,0.0,1.17,0.94
State Commodity & Metals Trading,2025-04-01,56.69,100.0,0.0,0.58,0.96
State Commodity & Metals Trading,2025-04-02,59.56,100.0,0.0,0.86,0.95
State Commodity & Metals Trading,2025-04-03,55.84,100.0,0.0,0.52,0.97
State Commodity & Metals Trading,2025-08-19,77.0,100.0,0.0,1.64,0.47
State Commodity & Metals Trading,2026-08-03,62.67,100.0,0.0,1.23,0.98
State Distribution Companies (DISCOMs),2024-09-12,64.67,100.0,0.0,1.14,0.83
State Distribution Companies (DISCOMs),2024-11-01,58.66,100.0,0.0,0.6,0.87
State Distribution Companies (DISCOMs),2024-11-05,63.3,100.0,0.0,0.74,0.71
State Distribution Companies (DISCOMs),2025-01-03,66.31,100.0,0.0,0.96,0.67
State Distribution Companies (DISCOMs),2025-05-05,58.67,100.0,0.0,0.81,0.97
State Distribution Companies (DISCOMs),2025-05-12,60.23,100.0,0.0,0.87,0.92
State Distribution Companies (DISCOMs),2025-05-13,58.85,100.0,0.0,0.69,0.9
Steel Pipes & Tubes,2024-07-30,6.54,76.0,72.0,0.1,0.82
Steel Pipes & Tubes,2024-08-02,8.26,64.0,60.0,0.34,0.86
Steel Pipes & Tubes,2024-08-12,13.58,56.0,48.0,0.82,0.93
Steel Pipes & Tubes,2024-08-16,8.04,44.0,36.0,0.28,0.94
Steel Pipes & Tubes,2024-08-21,7.9,60.0,56.0,0.48,0.94
Steel Pipes & Tubes,2024-08-22,7.34,64.0,60.0,0.45,0.96
Steel Pipes & Tubes,2024-11-06,14.89,61.5,42.3,0.45,0.96
Steel Pipes & Tubes,2024-11-26,6.02,22.2,14.8,0.21,0.99
Steel Pipes & Tubes,2024-11-27,15.38,37.0,14.8,0.41,0.99
Steel Pipes & Tubes,2024-11-28,11.94,33.3,14.8,0.21,0.97
Steel Pipes & Tubes,2024-12-02,15.1,50.0,23.1,0.13,0.98
Steel Pipes & Tubes,2024-12-03,16.49,63.0,33.3,0.12,0.97
Steel Pipes & Tubes,2025-01-01,12.52,34.6,23.1,0.34,0.83
Steel Pipes & Tubes,2025-01-02,12.26,38.5,30.8,0.51,0.84
Steel Pipes & Tubes,2025-01-03,15.21,46.2,26.9,0.2,0.82
Steel Pipes & Tubes,2025-01-07,12.03,30.8,23.1,0.55,0.87
Steel Pipes & Tubes,2025-04-02,13.56,53.8,34.6,0.36,0.99
Steel Pipes & Tubes,2025-04-03,21.96,69.2,38.5,0.65,1.0
Steel Pipes & Tubes,2025-04-07,7.59,7.7,3.8,0.52,0.98
Steel Pipes & Tubes,2025-04-22,12.42,80.8,61.5,0.2,0.96
Steel Pipes & Tubes,2025-04-28,8.57,50.0,42.3,0.31,0.92
Steel Pipes & Tubes,2025-05-12,22.77,63.0,40.7,0.96,0.89
Steel Pipes & Tubes,2025-05-13,20.69,76.9,57.7,0.86,0.88
Steel Pipes & Tubes,2025-05-14,18.1,84.6,61.5,0.39,0.87
Steel Pipes & Tubes,2025-05-19,13.42,92.3,80.8,0.44,0.84
Steel Pipes & Tubes,2025-05-21,11.27,80.8,69.2,0.22,0.84
Steel Pipes & Tubes,2025-05-22,11.32,81.5,66.7,0.12,0.86
Steel Pipes & Tubes,2025-05-23,15.64,77.8,66.7,0.83,0.91
Steel Pipes & Tubes,2025-05-26,18.04,80.8,69.2,1.0,0.88
Steel Pipes & Tubes,2025-05-27,8.67,84.6,73.1,0.05,0.88
Steel Pipes & Tubes,2025-05-29,6.85,76.9,69.2,0.08,0.89
Steel Pipes & Tubes,2025-06-02,5.89,70.4,66.7,0.23,0.91
Steel Pipes & Tubes,2025-06-04,13.05,64.3,57.1,0.69,0.87
Steel Pipes & Tubes,2025-06-09,10.81,85.7,75.0,0.13,0.79
Steel Pipes & Tubes,2026-08-03,13.59,54.8,45.2,0.12,0.62
Steel Pipes & Tubes,2026-08-04,18.72,58.1,48.4,0.67,0.64
Steel Pipes & Tubes,2026-08-13,12.3,40.0,36.7,0.32,0.63
Steel Pipes & Tubes,2026-08-14,11.09,43.3,36.7,0.04,0.63
Steel Pipes & Tubes,2026-08-18,15.65,55.2,41.4,0.2,0.66
Steel Pipes & Tubes,2026-08-20,13.04,48.3,37.9,0.12,0.67
Steel Pipes & Tubes,2026-08-21,19.87,56.2,43.8,0.75,0.69
Stock & Commodity Derivatives Exchanges,2024-07-24,42.13,100.0,50.0,1.63,0.96
Stock & Commodity Derivatives Exchanges,2024-07-25,35.94,100.0,50.0,1.04,0.98
Stock & Commodity Derivatives Exchanges,2024-07-29,27.16,100.0,50.0,0.16,0.97
Stock & Commodity Derivatives Exchanges,2025-04-02,33.77,100.0,50.0,0.76,0.94
Stock & Commodity Derivatives Exchanges,2025-04-03,28.74,100.0,50.0,0.27,0.95
Stock & Commodity Derivatives Exchanges,2026-08-10,55.3,100.0,50.0,2.25,0.61
Stockbroking & Wealth Management,2024-04-02,5.94,90.5,81.0,0.12,1.0
Stockbroking & Wealth Management,2024-07-05,8.12,54.5,50.0,0.07,0.74
Stockbroking & Wealth Management,2024-07-08,8.55,63.6,59.1,0.11,0.74
Stockbroking & Wealth Management,2024-07-09,8.11,63.6,59.1,0.05,0.73
Stockbroking & Wealth Management,2024-07-31,10.29,63.6,54.5,0.39,0.91
Stockbroking & Wealth Management,2024-10-11,7.2,63.6,59.1,0.34,0.92
Stockbroking & Wealth Management,2024-10-15,17.59,90.9,86.4,1.52,1.0
Stockbroking & Wealth Management,2024-11-25,8.99,54.5,45.5,0.35,0.95
Stockbroking & Wealth Management,2024-11-26,6.19,59.1,54.5,0.28,0.95
Stockbroking & Wealth Management,2024-11-27,6.87,59.1,50.0,0.13,0.95
Stockbroking & Wealth Management,2024-11-29,12.42,72.7,54.5,0.08,0.87
Stockbroking & Wealth Management,2024-12-02,6.39,68.2,63.6,0.15,0.87
Stockbroking & Wealth Management,2024-12-03,14.07,81.8,72.7,0.67,0.86
Stockbroking & Wealth Management,2024-12-05,11.87,90.9,81.8,0.47,0.87
Stockbroking & Wealth Management,2024-12-09,13.32,86.4,77.3,0.62,0.87
Stockbroking & Wealth Management,2025-01-20,6.3,22.7,13.6,0.14,0.98
Stockbroking & Wealth Management,2025-04-03,23.05,68.2,40.9,0.92,0.99
Stockbroking & Wealth Management,2025-04-21,22.94,86.4,45.5,0.24,0.99
Stockbroking & Wealth Management,2025-04-22,12.99,86.4,68.2,0.35,0.98
Stockbroking & Wealth Management,2025-04-28,10.47,50.0,31.8,0.04,0.95
Stockbroking & Wealth Management,2025-05-12,20.58,54.5,27.3,0.42,0.86
Stockbroking & Wealth Management,2025-05-13,16.78,63.6,36.4,0.05,0.87
Stockbroking & Wealth Management,2025-05-14,15.45,63.6,50.0,0.59,0.86
Stockbroking & Wealth Management,2025-05-15,18.22,77.3,50.0,0.15,0.84
Stockbroking & Wealth Management,2025-05-16,17.72,86.4,68.2,0.61,0.87
Stockbroking & Wealth Management,2025-05-19,10.69,86.4,72.7,0.12,0.87
Stockbroking & Wealth Management,2025-05-23,10.48,72.7,63.6,0.32,0.86
Stockbroking & Wealth Management,2025-05-26,23.31,72.7,63.6,1.53,0.83
Stockbroking & Wealth Management,2025-05-27,24.91,81.8,63.6,1.25,0.83
Stockbroking & Wealth Management,2025-05-28,7.69,72.7,68.2,0.22,0.84
Stockbroking & Wealth Management,2025-05-30,9.58,77.3,68.2,0.18,0.84
Stockbroking & Wealth Management,2025-06-02,13.67,72.7,63.6,0.62,0.85
Stockbroking & Wealth Management,2025-06-04,13.2,72.7,59.1,0.29,0.83
Stockbroking & Wealth Management,2025-06-05,16.25,72.7,59.1,0.61,0.83
Stockbroking & Wealth Management,2025-06-06,10.47,68.2,63.6,0.51,0.85
Stockbroking & Wealth Management,2025-06-09,14.87,77.3,68.2,0.59,0.78
Stockbroking & Wealth Management,2025-06-11,11.67,81.8,72.7,0.26,0.78
Stockbroking & Wealth Management,2025-06-13,15.08,77.3,72.7,0.85,0.79
Stockbroking & Wealth Management,2025-08-06,8.02,18.2,13.6,0.41,0.92
Stockbroking & Wealth Management,2025-08-12,5.25,22.7,18.2,0.11,0.91
Stockbroking & Wealth Management,2026-08-10,10.71,34.5,27.6,0.23,0.75
Stockbroking & Wealth Management,2026-08-11,12.33,37.9,31.0,0.4,0.76
Stockbroking & Wealth Management,2026-08-13,9.33,41.4,37.9,0.19,0.71
Sugar Refining & Bio-Ethanol,2024-04-01,11.87,94.1,88.2,0.89,1.0
Sugar Refining & Bio-Ethanol,2024-04-03,10.6,97.1,94.1,0.91,1.0
Sugar Refining & Bio-Ethanol,2024-04-04,2.63,97.1,94.1,0.12,1.0
Sugar Refining & Bio-Ethanol,2024-04-05,6.22,97.1,94.1,0.47,1.0
Sugar Refining & Bio-Ethanol,2024-04-09,6.89,97.1,94.1,0.54,1.0
Sugar Refining & Bio-Ethanol,2024-07-30,9.99,85.3,76.5,0.33,0.89
Sugar Refining & Bio-Ethanol,2024-08-20,10.81,60.0,54.3,0.73,0.97
Sugar Refining & Bio-Ethanol,2024-08-22,9.96,71.4,62.9,0.19,0.81
Sugar Refining & Bio-Ethanol,2024-09-16,4.69,74.3,71.4,0.26,0.97
Sugar Refining & Bio-Ethanol,2024-09-27,21.72,74.3,68.6,1.7,0.91
Sugar Refining & Bio-Ethanol,2024-09-30,9.58,77.1,71.4,0.49,0.91
Sugar Refining & Bio-Ethanol,2024-10-01,10.24,77.1,74.3,0.71,0.91
Sugar Refining & Bio-Ethanol,2024-10-02,10.08,77.1,74.3,0.65,0.89
Sugar Refining & Bio-Ethanol,2024-11-05,10.32,27.8,13.9,0.22,0.94
Sugar Refining & Bio-Ethanol,2024-11-20,3.34,8.3,5.6,0.12,0.96
Sugar Refining & Bio-Ethanol,2024-11-22,5.02,8.3,5.6,0.28,0.96
Sugar Refining & Bio-Ethanol,2024-11-26,12.09,25.7,14.3,0.55,0.95
Sugar Refining & Bio-Ethanol,2024-11-27,14.46,44.4,19.4,0.12,0.96
Sugar Refining & Bio-Ethanol,2024-11-29,29.55,71.4,22.9,0.35,0.91
Sugar Refining & Bio-Ethanol,2024-12-02,30.53,75.0,25.0,0.39,0.92
Sugar Refining & Bio-Ethanol,2024-12-10,23.52,74.3,37.1,0.25,0.88
Sugar Refining & Bio-Ethanol,2025-01-01,11.69,19.4,11.1,0.44,0.84
Sugar Refining & Bio-Ethanol,2025-04-22,20.93,94.4,75.0,1.09,0.98
Sugar Refining & Bio-Ethanol,2025-04-24,17.9,97.2,75.0,0.6,0.96
Sugar Refining & Bio-Ethanol,2025-04-28,13.4,74.3,51.4,0.15,0.97
Sugar Refining & Bio-Ethanol,2025-05-12,26.26,75.0,41.7,0.71,0.88
Sugar Refining & Bio-Ethanol,2025-05-13,21.56,88.9,61.1,0.53,0.88
Sugar Refining & Bio-Ethanol,2025-05-14,12.79,94.4,91.7,0.94,0.9
Sugar Refining & Bio-Ethanol,2025-05-15,10.4,97.2,91.7,0.49,0.86
Sugar Refining & Bio-Ethanol,2025-05-16,6.02,97.2,91.7,0.06,0.87
Sugar Refining & Bio-Ethanol,2025-05-19,17.53,97.2,91.7,1.23,0.88
Sugar Refining & Bio-Ethanol,2025-05-22,5.23,94.4,91.7,0.14,0.88
Sugar Refining & Bio-Ethanol,2025-05-23,10.55,91.7,88.9,0.68,0.88
Sugar Refining & Bio-Ethanol,2026-08-03,22.33,55.3,39.5,1.21,0.88
Sugar Refining & Bio-Ethanol,2026-08-04,24.04,65.8,47.4,1.3,0.91
Sugar Refining & Bio-Ethanol,2026-08-06,13.97,63.2,44.7,0.28,0.9
Sugar Refining & Bio-Ethanol,2026-08-10,14.82,65.8,44.7,0.26,0.92
Sugar Refining & Bio-Ethanol,2026-08-17,26.84,67.6,45.9,1.49,0.94
Sugar Refining & Bio-Ethanol,2026-08-18,14.51,67.6,51.4,0.52,0.94
Sugar Refining & Bio-Ethanol,2026-08-19,19.84,67.6,56.8,1.36,0.96
Synthetic Fiber & Polyester Weaving,2024-12-06,74.31,100.0,0.0,1.54,0.55
Synthetic Fiber & Polyester Weaving,2025-03-21,66.28,100.0,0.0,1.6,0.99
Synthetic Fiber & Polyester Weaving,2025-04-01,55.04,100.0,0.0,0.49,0.99
Synthetic Fiber & Polyester Weaving,2025-04-02,56.65,100.0,0.0,0.6,0.97
Synthetic Fiber & Polyester Weaving,2025-05-12,68.0,100.0,0.0,1.57,0.89
Synthetic Fiber & Polyester Weaving,2025-05-13,62.61,100.0,0.0,0.98,0.86
Tea & Coffee Plantations,2024-04-01,16.21,83.3,66.7,0.79,1.0
Tea & Coffee Plantations,2024-04-03,9.07,100.0,83.3,0.07,1.0
Tea & Coffee Plantations,2024-04-04,9.47,100.0,83.3,0.11,1.0
Tea & Coffee Plantations,2024-04-22,29.23,83.3,50.0,1.18,0.96
Tea & Coffee Plantations,2025-05-12,20.53,66.7,50.0,1.06,0.92
Tea & Coffee Plantations,2025-05-15,21.61,100.0,66.7,0.26,0.88
Tea & Coffee Plantations,2026-08-10,31.15,62.5,25.0,0.7,0.73
Tea & Coffee Plantations,2026-08-12,19.26,37.5,25.0,0.75,0.73
Tea & Coffee Plantations,2026-08-17,27.54,37.5,12.5,0.99,0.74
Tea & Coffee Plantations,2026-08-18,19.73,37.5,12.5,0.21,0.74
Tea & Coffee Plantations,2026-08-20,18.32,25.0,12.5,0.69,0.74
Tea & Coffee Plantations,2026-08-21,14.74,37.5,25.0,0.32,0.73
Tea Plantations & Packaging,2024-03-22,23.88,92.9,85.7,0.23,0.1
Tea Plantations & Packaging,2024-04-30,12.11,85.7,71.4,0.35,0.93
Tea Plantations & Packaging,2024-05-01,12.91,85.7,71.4,0.36,0.89
Tea Plantations & Packaging,2024-05-20,3.95,78.6,71.4,0.0,0.98
Tea Plantations & Packaging,2024-11-01,9.3,47.1,35.3,0.17,0.91
Tea Plantations & Packaging,2024-11-22,8.95,31.2,25.0,0.51,0.96
Tea Plantations & Packaging,2024-11-27,12.82,56.2,37.5,0.17,0.91
Tea Plantations & Packaging,2024-11-28,13.36,68.8,50.0,0.23,0.92
Tea Plantations & Packaging,2024-11-29,15.38,75.0,50.0,0.12,0.91
Tea Plantations & Packaging,2024-12-02,15.22,76.5,52.9,0.23,0.94
Tea Plantations & Packaging,2024-12-03,18.09,93.8,68.8,0.38,0.91
Tea Plantations & Packaging,2024-12-06,15.31,93.8,68.8,0.02,0.87
Tea Plantations & Packaging,2024-12-09,14.99,88.2,64.7,0.17,0.93
Tea Plantations & Packaging,2024-12-10,18.37,100.0,81.2,0.71,0.91
Tea Plantations & Packaging,2024-12-12,11.98,81.2,68.8,0.27,0.85
Tea Plantations & Packaging,2025-01-01,14.8,70.6,58.8,0.88,1.0
Tea Plantations & Packaging,2025-02-20,7.17,17.6,5.9,0.1,0.99
Tea Plantations & Packaging,2025-02-21,6.7,17.6,5.9,0.05,0.98
Tea Plantations & Packaging,2025-02-25,5.15,11.8,5.9,0.15,0.96
Tea Plantations & Packaging,2025-03-06,7.81,16.7,11.1,0.48,0.99
Tea Plantations & Packaging,2025-03-07,8.66,16.7,5.6,0.3,1.0
Tea Plantations & Packaging,2025-05-05,5.85,38.9,33.3,0.14,0.91
Tea Plantations & Packaging,2025-05-07,9.64,33.3,27.8,0.5,0.91
Tea Plantations & Packaging,2025-05-12,25.37,61.1,33.3,0.82,0.83
Tea Plantations & Packaging,2025-05-13,11.75,61.1,44.4,0.03,0.84
Tea Plantations & Packaging,2025-05-14,10.78,72.2,66.7,0.49,0.84
Tea Plantations & Packaging,2025-05-16,13.73,77.8,72.2,0.85,0.88
Tea Plantations & Packaging,2025-05-21,8.0,77.8,72.2,0.52,1.0
Tea Plantations & Packaging,2026-08-17,12.78,32.0,28.0,0.19,0.56
Tea Plantations & Packaging,2026-08-18,18.39,40.0,36.0,0.75,0.56
Telecom Cellular Operators,2024-05-17,11.71,100.0,80.0,0.17,1.0
Telecom Cellular Operators,2024-05-22,13.38,100.0,80.0,0.04,0.85
Telecom Cellular Operators,2024-05-23,22.5,100.0,80.0,0.97,0.86
Telecom Cellular Operators,2024-11-06,25.09,50.0,25.0,1.11,0.93
Telecom Cellular Operators,2024-11-25,13.33,20.0,0.0,0.18,0.92
Telecom Cellular Operators,2024-11-27,41.86,50.0,0.0,1.46,0.89
Telecom Cellular Operators,2024-11-29,29.82,100.0,50.0,0.39,0.95
Telecom Cellular Operators,2024-12-02,24.75,80.0,40.0,0.45,0.99
Telecom Cellular Operators,2024-12-05,13.31,100.0,80.0,0.23,0.95
Telecom Cellular Operators,2024-12-06,26.24,100.0,60.0,0.57,0.97
Telecom Cellular Operators,2025-01-02,16.37,75.0,50.0,0.36,0.99
Telecom Cellular Operators,2025-01-03,16.89,75.0,50.0,0.4,0.98
Telecom Cellular Operators,2025-01-07,15.05,50.0,25.0,0.09,0.92
Telecom Cellular Operators,2025-02-03,14.09,60.0,40.0,0.36,0.98
Telecom Cellular Operators,2025-02-04,22.15,80.0,40.0,0.2,0.99
Telecom Cellular Operators,2025-04-16,15.33,60.0,40.0,0.4,0.93
Telecom Cellular Operators,2025-04-17,16.69,60.0,40.0,0.53,0.93
Telecom Cellular Operators,2025-04-21,28.69,100.0,60.0,0.73,0.93
Telecom Cellular Operators,2025-05-14,14.74,60.0,40.0,0.11,0.82
Telecom Cellular Operators,2025-05-15,37.52,100.0,40.0,0.39,0.82
Telecom Cellular Operators,2025-05-28,27.06,100.0,80.0,1.36,0.82
Telecom Cellular Operators,2025-06-02,28.44,100.0,75.0,1.22,0.81
Telecom Cellular Operators,2025-08-20,10.87,60.0,40.0,0.02,0.97
Telecom Cellular Operators,2025-08-21,13.38,80.0,60.0,0.31,0.99
Telecom Cellular Operators,2026-08-14,29.33,60.0,40.0,0.92,0.49
Television Broadcasting & OTT,2024-04-02,12.42,90.9,81.8,0.79,1.0
Television Broadcasting & OTT,2024-04-05,12.35,100.0,90.9,0.78,1.0
Television Broadcasting & OTT,2024-10-08,15.84,36.4,27.3,0.78,0.82
Television Broadcasting & OTT,2024-10-09,9.35,36.4,27.3,0.12,0.82
Television Broadcasting & OTT,2024-11-06,9.12,36.4,27.3,0.45,1.0
Television Broadcasting & OTT,2024-11-25,13.91,27.3,9.1,0.48,1.0
Television Broadcasting & OTT,2024-11-26,10.26,27.3,9.1,0.01,0.95
Television Broadcasting & OTT,2024-11-27,19.13,36.4,9.1,0.43,0.94
Television Broadcasting & OTT,2024-11-28,25.62,45.5,9.1,0.6,0.93
Television Broadcasting & OTT,2024-12-02,35.8,72.7,18.2,0.75,0.95
Television Broadcasting & OTT,2024-12-03,25.4,81.8,45.5,0.62,0.95
Television Broadcasting & OTT,2024-12-06,23.44,90.9,54.5,0.42,0.95
Television Broadcasting & OTT,2024-12-09,19.0,90.9,63.6,0.44,0.95
Television Broadcasting & OTT,2024-12-16,13.7,54.5,36.4,0.36,0.95
Television Broadcasting & OTT,2024-12-19,16.14,45.5,27.3,0.64,0.97
Television Broadcasting & OTT,2024-12-31,20.65,18.2,9.1,1.47,0.93
Television Broadcasting & OTT,2025-03-27,10.07,27.3,18.2,0.52,0.99
Television Broadcasting & OTT,2025-04-01,14.35,54.5,27.3,0.04,0.98
Television Broadcasting & OTT,2025-04-02,19.5,54.5,18.2,0.08,0.97
Television Broadcasting & OTT,2025-04-03,31.53,81.8,27.3,0.41,0.99
Television Broadcasting & OTT,2025-04-07,7.08,27.3,18.2,0.19,0.97
Television Broadcasting & OTT,2025-04-08,15.84,45.5,18.2,0.16,0.97
Television Broadcasting & OTT,2025-04-11,30.91,72.7,18.2,0.35,0.99
Television Broadcasting & OTT,2025-04-16,21.93,90.9,54.5,0.36,0.99
Television Broadcasting & OTT,2025-04-17,24.24,90.9,45.5,0.07,0.96
Television Broadcasting & OTT,2025-04-21,25.21,90.9,45.5,0.09,0.92
Television Broadcasting & OTT,2025-04-23,16.97,90.9,72.7,0.69,0.95
Television Broadcasting & OTT,2025-04-28,6.03,63.6,54.5,0.02,0.93
Television Broadcasting & OTT,2025-05-12,13.86,63.6,45.5,0.17,0.85
Television Broadcasting & OTT,2025-05-13,10.33,63.6,54.5,0.28,0.85
Television Broadcasting & OTT,2025-05-15,9.34,81.8,72.7,0.1,0.81
Television Broadcasting & OTT,2025-05-16,18.08,90.9,72.7,0.64,0.87
Television Broadcasting & OTT,2025-05-19,12.41,90.9,81.8,0.55,0.88
Television Broadcasting & OTT,2025-05-22,13.95,81.8,63.6,0.24,0.88
Television Broadcasting & OTT,2025-05-26,8.87,72.7,63.6,0.18,0.88
Television Broadcasting & OTT,2025-07-04,15.31,72.7,54.5,0.4,0.89
Television Broadcasting & OTT,2025-08-12,17.89,27.3,18.2,1.11,0.89
Television Broadcasting & OTT,2026-08-03,15.55,41.7,33.3,0.61,0.73
Television Broadcasting & OTT,2026-08-06,9.48,46.2,38.5,0.05,0.74
Television Broadcasting & OTT,2026-08-19,7.66,23.1,15.4,0.16,0.89
Television Broadcasting & OTT,2026-08-20,10.72,23.1,15.4,0.38,0.85
Television Content & OTT Production,2024-08-27,56.7,100.0,0.0,0.1,0.72
Television Content & OTT Production,2025-08-05,61.66,100.0,0.0,0.1,0.47
Television Content & OTT Production,2026-08-21,72.04,100.0,0.0,1.76,0.78
Tertiary Hospitals & Clinics,2024-04-03,14.21,100.0,75.0,0.17,1.0
Tertiary Hospitals & Clinics,2024-04-12,13.16,100.0,75.0,0.07,1.0
Tertiary Hospitals & Clinics,2024-04-22,19.64,75.0,50.0,0.68,0.98
Tertiary Hospitals & Clinics,2024-06-06,13.92,50.0,25.0,0.09,0.97
Tertiary Hospitals & Clinics,2024-07-05,24.08,75.0,50.0,0.69,0.77
Tertiary Hospitals & Clinics,2024-07-09,33.06,100.0,66.7,1.12,0.74
Tertiary Hospitals & Clinics,2024-07-26,16.12,75.0,50.0,0.29,0.96
Tertiary Hospitals & Clinics,2024-07-29,19.9,100.0,66.7,0.23,0.95
Tertiary Hospitals & Clinics,2024-08-01,20.52,100.0,75.0,0.79,0.99
Tertiary Hospitals & Clinics,2024-09-27,23.72,50.0,25.0,0.88,0.88
Tertiary Hospitals & Clinics,2024-09-30,23.12,50.0,25.0,0.8,0.87
Tertiary Hospitals & Clinics,2024-10-01,15.27,50.0,25.0,0.02,0.87
Tertiary Hospitals & Clinics,2024-10-02,15.78,50.0,25.0,0.02,0.85
Tertiary Hospitals & Clinics,2024-10-09,19.06,75.0,50.0,0.44,0.89
Tertiary Hospitals & Clinics,2024-10-14,14.76,75.0,50.0,0.01,0.89
Tertiary Hospitals & Clinics,2024-10-15,20.94,66.7,33.3,0.26,0.92
Tertiary Hospitals & Clinics,2024-12-30,47.84,75.0,50.0,3.37,0.92
Tertiary Hospitals & Clinics,2025-02-05,18.89,25.0,0.0,0.64,1.0
Tertiary Hospitals & Clinics,2025-03-19,27.55,25.0,0.0,1.4,0.95
Tertiary Hospitals & Clinics,2025-03-25,16.9,50.0,25.0,0.23,0.89
Tertiary Hospitals & Clinics,2025-04-04,15.91,50.0,25.0,0.14,0.9
Tertiary Hospitals & Clinics,2025-04-16,29.33,75.0,50.0,1.65,0.98
Tertiary Hospitals & Clinics,2025-04-17,16.85,75.0,50.0,0.41,0.99
Tertiary Hospitals & Clinics,2025-04-22,14.58,75.0,50.0,0.12,0.95
Tertiary Hospitals & Clinics,2025-04-23,15.71,75.0,50.0,0.28,0.98
Tertiary Hospitals & Clinics,2025-04-24,20.92,75.0,50.0,0.78,0.97
Tertiary Hospitals & Clinics,2025-06-16,17.21,50.0,25.0,0.16,0.84
Tertiary Hospitals & Clinics,2025-06-25,20.29,40.0,20.0,0.46,0.72
Tertiary Hospitals & Clinics,2025-06-27,27.94,80.0,40.0,0.27,0.74
Tertiary Hospitals & Clinics,2025-07-01,19.84,75.0,50.0,0.07,0.67
Tertiary Hospitals & Clinics,2026-08-04,12.88,71.4,57.1,0.01,0.72
Tertiary Hospitals & Clinics,2026-08-05,16.42,71.4,57.1,0.33,0.7
Tertiary Hospitals & Clinics,2026-08-17,22.01,57.1,42.9,1.0,0.76
Thermal & Renewable Power Generation,2024-07-02,54.85,100.0,50.0,2.34,0.68
Thermal & Renewable Power Generation,2024-11-06,59.55,100.0,0.0,0.86,0.95
Thermal & Renewable Power Generation,2024-11-21,28.05,50.0,0.0,0.22,0.96
Thermal & Renewable Power Generation,2024-11-28,28.0,100.0,50.0,0.11,0.9
Thermal & Renewable Power Generation,2024-11-29,28.28,100.0,50.0,0.11,0.89
Thermal & Renewable Power Generation,2024-12-02,34.8,100.0,50.0,0.77,0.89
Thermal & Renewable Power Generation,2024-12-06,39.93,100.0,50.0,1.21,0.86
Thermal & Renewable Power Generation,2024-12-31,43.57,50.0,0.0,1.7,0.92
Thermal & Renewable Power Generation,2025-03-03,22.78,33.3,0.0,0.14,0.77
Thermal & Renewable Power Generation,2025-03-04,32.88,66.7,33.3,1.13,0.75
Thermal & Renewable Power Generation,2025-03-05,40.2,66.7,33.3,1.8,0.72
Thermal & Renewable Power Generation,2025-03-21,34.71,100.0,66.7,1.58,0.89
Thermal & Renewable Power Generation,2025-05-14,23.35,100.0,66.7,0.58,0.95
Thermal & Renewable Power Generation,2026-07-31,25.01,100.0,66.7,0.76,0.96
Tier-1 IT Services,2024-04-04,11.45,40.0,20.0,0.14,1.0
Tier-1 IT Services,2024-04-10,21.46,60.0,20.0,0.15,1.0
Tier-1 IT Services,2024-04-11,21.5,60.0,20.0,0.15,1.0
Tier-1 IT Services,2024-05-16,41.42,60.0,0.0,0.94,0.9
Tier-1 IT Services,2024-05-20,43.23,80.0,0.0,0.05,0.86
Tier-1 IT Services,2024-05-23,39.33,80.0,20.0,0.7,0.88
Tier-1 IT Services,2025-05-08,35.32,60.0,0.0,0.39,0.93
Tier-1 IT Services,2025-05-09,37.79,60.0,0.0,0.47,0.85
Tier-1 IT Services,2025-05-14,18.07,100.0,80.0,0.79,0.99
Tier-1 IT Services,2025-05-15,14.35,100.0,80.0,0.36,0.96
Tier-1 IT Services,2025-05-21,38.69,100.0,40.0,0.75,0.94
Tier-1 IT Services,2025-05-23,27.75,80.0,40.0,0.56,0.89
Tier-1 IT Services,2025-05-29,22.95,100.0,60.0,0.12,0.91
Tier-1 IT Services,2025-06-06,27.87,80.0,40.0,0.74,0.97
Tier-1 IT Services,2025-06-09,18.95,80.0,60.0,0.09,0.6
Tier-1 IT Services,2025-06-10,47.58,100.0,80.0,2.84,0.54
Tier-1 IT Services,2025-06-11,24.47,100.0,80.0,0.55,0.55
Tier-1 IT Services,2025-06-25,43.41,100.0,80.0,2.57,0.62
Tier-1 IT Services,2026-07-30,49.33,83.3,16.7,0.67,0.53
Tier-1 IT Services,2026-08-03,61.84,100.0,16.7,1.15,0.57
Tier-1 IT Services,2026-08-07,47.35,83.3,16.7,0.52,0.56
Tier-1 IT Services,2026-08-10,35.93,66.7,16.7,0.16,0.54
Tier-1 IT Services,2026-08-11,29.32,66.7,33.3,0.33,0.53
Tier-1 IT Services,2026-08-13,28.72,50.0,16.7,0.27,0.53
Tobacco Products,2024-07-03,28.89,100.0,66.7,0.78,0.78
Tobacco Products,2024-10-30,22.58,33.3,0.0,0.33,0.87
Tobacco Products,2024-11-01,19.23,66.7,33.3,0.01,0.88
Tobacco Products,2024-11-06,27.57,66.7,33.3,0.94,0.92
Tobacco Products,2024-11-18,56.78,33.3,0.0,4.0,1.0
Tobacco Products,2024-11-21,23.38,33.3,0.0,0.42,0.88
Tobacco Products,2024-11-29,36.16,66.7,0.0,0.01,0.87
Tobacco Products,2024-12-02,47.4,66.7,0.0,1.19,0.89
Tobacco Products,2024-12-13,31.62,66.7,33.3,1.37,0.94
Tobacco Products,2025-01-31,22.18,33.3,0.0,0.52,0.98
Tobacco Products,2025-03-12,22.35,66.7,33.3,0.5,0.96
Tobacco Products,2025-03-13,18.1,66.7,33.3,0.02,0.94
Tobacco Products,2025-03-24,41.79,100.0,33.3,0.51,0.83
Tobacco Products,2025-04-02,51.31,100.0,33.3,1.24,0.72
Tobacco Products,2025-04-08,23.23,66.7,33.3,0.27,0.81
Tobacco Products,2025-04-09,31.25,66.7,33.3,1.01,0.78
Tobacco Products,2025-04-15,32.18,100.0,66.7,1.13,0.79
Tobacco Products,2025-04-17,26.53,100.0,66.7,0.53,0.77
Tobacco Products,2025-04-24,26.28,100.0,66.7,0.61,0.82
Tobacco Products,2025-05-15,30.24,100.0,66.7,1.04,0.84
Tobacco Products,2025-06-26,31.2,100.0,66.7,0.86,0.7
Tobacco Products,2025-07-14,27.09,100.0,66.7,0.57,0.77
Tobacco Products,2025-08-11,20.15,66.7,33.3,0.28,0.96
Tobacco Products,2026-08-04,34.11,50.0,25.0,1.54,0.69
Tobacco Products,2026-08-07,24.56,50.0,25.0,0.55,0.67
Tobacco Products,2026-08-11,22.94,50.0,25.0,0.4,0.68
Tobacco Products & Cigarettes,2024-04-01,32.92,50.0,0.0,0.79,1.0
Tobacco Products & Cigarettes,2024-07-19,69.9,100.0,50.0,4.48,0.99
Tobacco Products & Cigarettes,2024-09-12,29.64,50.0,0.0,0.29,0.91
Tobacco Products & Cigarettes,2024-09-13,30.92,50.0,0.0,0.44,0.93
Tobacco Products & Cigarettes,2024-09-16,28.91,50.0,0.0,0.28,0.94
Tobacco Products & Cigarettes,2024-10-10,30.58,50.0,0.0,0.31,0.88
Tobacco Products & Cigarettes,2024-12-03,36.48,100.0,50.0,0.8,0.83
Tobacco Products & Cigarettes,2024-12-10,48.34,100.0,50.0,1.87,0.77
Tobacco Products & Cigarettes,2025-01-01,27.07,50.0,0.0,0.2,1.0
Tobacco Products & Cigarettes,2025-03-21,29.43,50.0,0.0,0.42,0.99
Tobacco Products & Cigarettes,2025-04-01,31.06,50.0,0.0,0.32,0.86
Tobacco Products & Cigarettes,2025-04-03,30.22,50.0,0.0,0.26,0.87
Tobacco Products & Cigarettes,2025-07-31,25.64,50.0,0.0,0.05,0.99
Tobacco Products & Cigarettes,2025-08-05,30.38,50.0,0.0,0.32,0.89
Tractors & Farm Machinery,2024-08-30,57.09,100.0,0.0,0.28,0.79
Tractors & Farm Machinery,2024-09-12,63.4,100.0,0.0,0.65,0.65
Tractors & Farm Machinery,2024-09-13,66.77,100.0,0.0,0.93,0.63
Tractors & Farm Machinery,2024-11-25,60.18,100.0,0.0,0.67,0.83
Tractors & Farm Machinery,2024-11-26,67.02,100.0,0.0,1.37,0.83
Tractors & Farm Machinery,2024-12-31,61.61,100.0,0.0,1.04,0.94
Tractors & Farm Machinery,2025-01-03,74.84,100.0,0.0,2.38,0.95
Tractors & Farm Machinery,2025-01-07,52.81,100.0,0.0,0.18,0.95
Tractors & Farm Machinery,2025-01-08,55.55,100.0,0.0,0.45,0.95
Tractors & Farm Machinery,2025-01-09,60.24,100.0,0.0,0.92,0.95
Tractors & Farm Machinery,2025-01-10,63.63,100.0,0.0,1.29,0.96
Tractors & Farm Machinery,2025-03-18,60.73,100.0,0.0,0.84,0.88
Tractors & Farm Machinery,2026-07-31,84.47,100.0,0.0,2.32,0.43
Tractors & Farm Machinery,2026-08-03,82.56,100.0,0.0,2.15,0.45
Tractors & Farm Machinery,2026-08-10,68.89,100.0,0.0,0.72,0.41
Tractors & Farm Machinery,2026-08-11,69.71,100.0,0.0,0.75,0.39
Tractors & Farm Machinery,2026-08-14,64.45,100.0,0.0,0.25,0.4
Tractors & Farm Machinery,2026-08-20,68.47,100.0,0.0,0.69,0.42
Travel Tech & Revenue Management SaaS,2024-09-17,60.11,100.0,0.0,0.49,0.74
Travel Tech & Revenue Management SaaS,2024-10-08,57.48,100.0,0.0,0.39,0.82
Travel Tech & Revenue Management SaaS,2024-10-21,60.49,100.0,0.0,0.51,0.73
Travel Tech & Revenue Management SaaS,2024-12-11,56.84,100.0,0.0,0.33,0.82
Travel Tech & Revenue Management SaaS,2024-12-16,61.88,100.0,0.0,0.5,0.66
Travel Tech & Revenue Management SaaS,2024-12-19,59.42,100.0,0.0,0.34,0.7
Travel Tech & Revenue Management SaaS,2025-01-03,61.6,100.0,0.0,0.5,0.67
Travel Tech & Revenue Management SaaS,2025-01-20,61.98,100.0,0.0,1.15,0.98
Travel Tech & Revenue Management SaaS,2025-04-22,64.36,100.0,0.0,0.88,0.72
Travel Tech & Revenue Management SaaS,2025-05-12,66.62,100.0,0.0,1.33,0.84
Travel Tech & Revenue Management SaaS,2025-05-13,59.66,100.0,0.0,0.63,0.83
Travel Tech & Revenue Management SaaS,2025-06-27,66.58,100.0,0.0,0.94,0.64
Two & Three Wheelers,2024-04-26,28.13,100.0,50.0,0.22,0.96
Two & Three Wheelers,2024-08-21,35.17,100.0,50.0,0.88,0.93
Two & Three Wheelers,2024-11-27,33.24,50.0,0.0,0.64,0.91
Two & Three Wheelers,2025-01-02,36.19,66.7,33.3,0.96,0.5
Two & Three Wheelers,2025-01-30,42.26,100.0,33.3,0.85,0.98
Two & Three Wheelers,2025-05-12,23.11,100.0,66.7,0.58,0.97
Two & Three Wheelers,2025-05-15,28.78,100.0,66.7,1.15,0.97
Two & Three Wheelers,2025-05-16,23.24,100.0,66.7,0.59,0.97
Two & Three Wheelers,2025-07-18,22.76,100.0,66.7,0.22,0.8
Two & Three Wheelers,2025-08-13,30.02,66.7,33.3,1.18,0.92
Two & Three Wheelers,2026-08-07,53.09,100.0,66.7,3.11,0.73
Vehicle Finance,2024-11-26,27.22,50.0,0.0,0.08,0.93
Vehicle Finance,2024-12-02,40.42,50.0,0.0,1.37,0.92
Vehicle Finance,2024-12-06,36.47,75.0,25.0,1.03,0.94
Vehicle Finance,2024-12-09,47.86,100.0,25.0,0.91,0.94
Vehicle Finance,2024-12-10,25.42,100.0,75.0,1.1,0.91
Vehicle Finance,2024-12-26,19.47,25.0,0.0,0.58,0.94
Vehicle Finance,2024-12-27,17.61,25.0,0.0,0.39,0.94
Vehicle Finance,2025-03-17,25.4,100.0,75.0,0.96,0.83
Vehicle Finance,2026-07-31,31.19,100.0,75.0,1.15,0.64
Vehicle Finance,2026-08-06,27.9,100.0,75.0,0.78,0.62
Vehicle Finance,2026-08-18,21.03,100.0,75.0,0.09,0.62
Water Infrastructure EPC & Supply,2024-04-10,27.87,100.0,50.0,0.29,1.0
Water Infrastructure EPC & Supply,2024-04-11,27.85,100.0,50.0,0.29,1.0
Water Infrastructure EPC & Supply,2024-07-26,30.49,100.0,50.0,0.22,0.84
Water Infrastructure EPC & Supply,2024-07-30,35.75,100.0,50.0,0.68,0.8
Water Infrastructure EPC & Supply,2024-08-09,36.12,100.0,50.0,0.81,0.85
Water Infrastructure EPC & Supply,2024-11-01,28.59,50.0,0.0,0.28,0.96
Water Infrastructure EPC & Supply,2024-11-06,44.04,50.0,0.0,1.64,0.87
Water Infrastructure EPC & Supply,2024-12-03,32.65,50.0,0.0,0.14,0.68
Water Infrastructure EPC & Supply,2024-12-04,59.38,50.0,0.0,2.82,0.69
Water Infrastructure EPC & Supply,2025-01-09,51.5,100.0,0.0,0.1,0.97
Water Infrastructure EPC & Supply,2025-01-10,38.39,100.0,50.0,1.27,0.97
Water Infrastructure EPC & Supply,2025-01-16,37.22,50.0,0.0,1.02,0.9
Water Infrastructure EPC & Supply,2025-01-20,56.95,100.0,0.0,0.37,0.84
Water Infrastructure EPC & Supply,2025-01-22,33.22,50.0,0.0,0.75,0.96
Water Infrastructure EPC & Supply,2025-01-27,30.33,50.0,0.0,0.28,0.87
Water Infrastructure EPC & Supply,2025-02-05,31.08,50.0,0.0,0.29,0.84
Water Infrastructure EPC & Supply,2025-02-07,34.74,50.0,0.0,0.66,0.84
Water Infrastructure EPC & Supply,2025-02-11,38.57,50.0,0.0,1.34,0.99
Water Infrastructure EPC & Supply,2025-04-30,46.74,50.0,0.0,1.97,0.9
Water Infrastructure EPC & Supply,2025-07-10,31.8,100.0,50.0,0.55,0.93
Water Infrastructure EPC & Supply,2025-07-18,50.48,100.0,50.0,2.39,0.92
Water Infrastructure EPC & Supply,2025-07-30,33.13,100.0,50.0,0.79,0.99
Water Infrastructure EPC & Supply,2026-08-10,74.43,100.0,50.0,4.73,0.89
Water Infrastructure EPC & Supply,2026-08-11,41.74,100.0,50.0,1.46,0.9
Wealth Broking & Advisory,2025-01-02,22.9,50.0,25.0,0.64,0.8
Wealth Broking & Advisory,2025-03-18,36.28,60.0,20.0,1.17,0.77
Wealth Broking & Advisory,2025-03-20,43.85,100.0,60.0,1.98,0.8
Wealth Broking & Advisory,2025-03-21,48.99,100.0,40.0,1.41,0.76
Wealth Broking & Advisory,2025-04-02,37.47,100.0,40.0,0.51,0.88
Wealth Broking & Advisory,2025-04-03,13.89,80.0,60.0,0.19,0.9
Wealth Broking & Advisory,2025-06-13,17.37,100.0,83.3,0.23,0.66
Wealth Broking & Advisory,2026-07-03,13.34,62.5,50.0,0.66,0.98
Wind Turbines & Wind Energy,2024-04-19,24.37,80.0,60.0,1.39,0.98
Wind Turbines & Wind Energy,2024-08-20,14.82,80.0,60.0,0.45,0.99
Wind Turbines & Wind Energy,2024-11-06,18.49,75.0,50.0,0.56,0.98
Wind Turbines & Wind Energy,2024-12-12,29.02,100.0,50.0,0.16,0.88
Wind Turbines & Wind Energy,2024-12-16,17.46,60.0,40.0,0.57,0.91
Wind Turbines & Wind Energy,2024-12-19,17.04,75.0,50.0,0.24,0.89
Wind Turbines & Wind Energy,2025-01-01,21.55,75.0,50.0,0.64,0.87
Wind Turbines & Wind Energy,2025-03-06,16.55,25.0,0.0,0.39,0.99
Wind Turbines & Wind Energy,2025-03-21,14.08,100.0,75.0,0.08,0.96
Wind Turbines & Wind Energy,2025-03-24,22.38,100.0,75.0,0.91,0.96
Wind Turbines & Wind Energy,2025-04-01,15.69,50.0,25.0,0.17,0.92
Wind Turbines & Wind Energy,2025-04-03,15.61,75.0,50.0,0.18,0.94
Wind Turbines & Wind Energy,2025-04-11,14.47,25.0,0.0,0.1,0.95
Wind Turbines & Wind Energy,2025-04-15,26.61,60.0,20.0,0.52,0.93
Wind Turbines & Wind Energy,2025-04-16,15.08,60.0,40.0,0.35,0.92
Wind Turbines & Wind Energy,2025-04-21,18.99,80.0,60.0,0.79,0.94
Wind Turbines & Wind Energy,2025-08-19,26.03,25.0,0.0,1.27,0.96
Wind Turbines & Wind Energy,2026-08-07,25.81,25.0,0.0,1.04,0.86
Wind Turbines & Wind Energy,2026-08-11,23.54,20.0,0.0,1.1,0.87
Wind Turbines & Wind Energy,2026-08-13,22.52,25.0,0.0,0.72,0.86
Wind Turbines & Wind Energy,2026-08-17,14.78,25.0,0.0,0.02,0.9
Wires & Cables,2024-04-05,4.43,91.3,87.0,0.23,1.0
Wires & Cables,2024-07-26,8.66,66.7,62.5,0.41,0.87
Wires & Cables,2024-07-30,9.85,66.7,62.5,0.53,0.88
Wires & Cables,2024-08-22,5.78,75.0,66.7,0.11,0.97
Wires & Cables,2024-08-23,5.6,75.0,70.8,0.31,0.98
Wires & Cables,2024-08-26,9.23,83.3,79.2,0.7,0.99
Wires & Cables,2024-09-13,10.87,66.7,58.3,0.5,0.92
Wires & Cables,2024-10-09,8.29,44.0,40.0,0.56,0.96
Wires & Cables,2024-11-22,4.71,16.0,12.0,0.21,0.97
Wires & Cables,2024-11-28,16.57,48.0,24.0,0.32,0.93
Wires & Cables,2024-11-29,12.44,44.0,24.0,0.08,0.92
Wires & Cables,2024-12-02,11.2,56.0,40.0,0.16,0.92
Wires & Cables,2024-12-03,15.92,60.0,44.0,0.61,0.91
Wires & Cables,2024-12-04,20.69,76.0,40.0,0.1,0.91
Wires & Cables,2024-12-05,19.22,84.0,60.0,0.52,0.9
Wires & Cables,2024-12-06,16.77,76.0,56.0,0.45,0.89
Wires & Cables,2024-12-09,13.5,80.0,60.0,0.08,0.87
Wires & Cables,2024-12-10,13.37,72.0,68.0,0.95,0.91
Wires & Cables,2024-12-16,8.11,72.0,64.0,0.09,0.84
Wires & Cables,2025-01-01,7.41,37.5,33.3,0.27,0.87
Wires & Cables,2025-01-02,7.13,44.0,36.0,0.08,0.88
Wires & Cables,2025-04-03,21.53,52.0,12.0,0.14,1.0
Wires & Cables,2025-04-08,4.87,8.0,0.0,0.05,0.98
Wires & Cables,2025-04-15,31.83,68.0,12.0,0.37,0.99
Wires & Cables,2025-04-16,38.22,79.2,8.3,0.2,0.96
Wires & Cables,2025-04-17,32.31,75.0,16.7,0.25,0.97
Wires & Cables,2025-04-21,34.32,95.7,39.1,0.45,0.92
Wires & Cables,2025-04-22,25.92,92.0,56.0,0.69,0.95
Wires & Cables,2025-04-28,13.87,52.0,32.0,0.14,0.88
Wires & Cables,2025-05-05,19.08,45.8,33.3,0.96,0.84
Wires & Cables,2025-05-07,12.2,44.0,28.0,0.16,0.87
Wires & Cables,2025-05-09,14.18,24.0,20.0,0.8,0.79
Wires & Cables,2025-05-12,16.87,76.0,60.0,0.57,0.84
Wires & Cables,2025-05-13,25.71,88.0,64.0,1.06,0.84
Wires & Cables,2025-05-14,18.17,92.0,80.0,0.94,0.86
Wires & Cables,2025-05-15,12.43,92.0,80.0,0.37,0.86
Wires & Cables,2025-05-16,17.12,100.0,92.0,1.08,0.88
Wires & Cables,2025-05-19,16.67,100.0,88.0,0.86,0.89
Wires & Cables,2025-05-21,13.35,92.0,80.0,0.55,0.91
Wires & Cables,2025-05-23,8.84,76.0,72.0,0.5,0.91
Wires & Cables,2025-06-09,10.8,96.0,88.0,0.36,0.84
Wires & Cables,2026-08-03,17.33,73.3,60.0,0.38,0.66
Wires & Cables,2026-08-05,14.63,72.4,62.1,0.17,0.61
Wires & Cables,2026-08-06,22.97,79.3,62.1,0.63,0.6
Wires & Cables,2026-08-10,13.13,72.4,65.5,0.26,0.64
Wires & Cables,2026-08-11,17.76,78.6,67.9,0.49,0.62
Wires & Cables,2026-08-12,14.32,66.7,63.0,0.54,0.65
Wires & Cables,2026-08-13,13.41,69.2,61.5,0.2,0.62
Wires & Cables,2026-08-18,13.81,70.4,63.0,0.21,0.6
Worsted Fabric & Suiting,2024-05-29,31.79,50.0,0.0,0.38,0.85
Worsted Fabric & Suiting,2024-07-04,40.06,100.0,50.0,1.12,0.81
Worsted Fabric & Suiting,2025-04-02,76.41,50.0,0.0,4.95,0.9
Worsted Fabric & Suiting,2025-04-03,52.8,100.0,0.0,0.1,0.91
Worsted Fabric & Suiting,2025-04-08,27.77,50.0,0.0,0.1,0.91
Worsted Fabric & Suiting,2025-04-17,28.51,50.0,0.0,0.1,0.87
Worsted Fabric & Suiting,2025-05-15,32.1,50.0,0.0,0.1,0.69
Worsted Fabric & Suiting,2025-05-16,56.69,100.0,0.0,0.1,0.72
Worsted Fabric & Suiting,2025-05-21,28.17,100.0,50.0,0.05,0.87
Worsted Fabric & Suiting,2025-05-22,26.91,100.0,50.0,0.05,0.93
Worsted Fabric & Suiting,2025-05-27,26.92,50.0,0.0,0.05,0.93
Worsted Fabric & Suiting,2025-05-30,26.69,50.0,0.0,0.05,0.94
Worsted Fabric & Suiting,2025-06-30,29.19,50.0,0.0,0.1,0.84
Worsted Fabric & Suiting,2025-07-01,26.3,100.0,50.0,0.05,0.96
Zinc & Non-Ferrous Alloys,2024-09-23,21.58,100.0,66.7,0.18,0.84
Zinc & Non-Ferrous Alloys,2024-09-24,33.46,100.0,66.7,1.42,0.87
Zinc & Non-Ferrous Alloys,2024-09-26,29.75,100.0,66.7,1.0,0.84
Zinc & Non-Ferrous Alloys,2024-09-27,21.81,100.0,66.7,0.19,0.84
Zinc & Non-Ferrous Alloys,2024-10-14,27.63,100.0,66.7,0.52,0.71
Zinc & Non-Ferrous Alloys,2024-11-29,55.32,100.0,0.0,0.4,0.94
Zinc & Non-Ferrous Alloys,2024-12-03,20.92,66.7,33.3,0.17,0.87
Zinc & Non-Ferrous Alloys,2024-12-06,40.11,100.0,66.7,1.85,0.75
Zinc & Non-Ferrous Alloys,2024-12-11,30.44,100.0,66.7,0.9,0.76
Zinc & Non-Ferrous Alloys,2025-01-03,28.31,66.7,33.3,0.88,0.86
Zinc & Non-Ferrous Alloys,2025-03-11,22.94,66.7,33.3,0.62,1.0
Zinc & Non-Ferrous Alloys,2025-03-19,27.12,100.0,66.7,0.92,0.94
Zinc & Non-Ferrous Alloys,2025-03-21,20.8,100.0,66.7,0.26,0.92
Zinc & Non-Ferrous Alloys,2025-03-24,21.71,100.0,66.7,0.34,0.92
Zinc & Non-Ferrous Alloys,2025-04-02,22.72,100.0,66.7,0.19,0.79
Zinc & Non-Ferrous Alloys,2025-06-26,28.58,66.7,33.3,0.79,0.8
Zinc & Non-Ferrous Alloys,2025-07-21,25.59,66.7,33.3,0.28,0.7
Zinc & Non-Ferrous Alloys,2025-07-22,23.15,66.7,33.3,0.01,0.68
Zinc & Non-Ferrous Alloys,2025-07-23,24.54,66.7,33.3,0.13,0.67
Zinc & Non-Ferrous Alloys,2025-07-24,26.56,100.0,66.7,0.34,0.68
Zinc & Non-Ferrous Alloys,2025-08-04,23.38,33.3,0.0,0.46,0.9
Zinc & Non-Ferrous Alloys,2025-08-13,40.58,66.7,0.0,0.53,0.9
Zinc & Non-Ferrous Alloys,2025-08-19,26.11,66.7,33.3,0.84,0.95
Zinc & Non-Ferrous Alloys,2025-08-21,25.75,66.7,33.3,0.81,0.95
Zinc & Non-Ferrous Alloys,2026-07-06,28.34,60.0,40.0,1.6,0.88
Zinc & Non-Ferrous Alloys,2026-08-07,14.33,40.0,20.0,0.02,0.79
Zinc & Non-Ferrous Alloys,2026-08-21,23.46,66.7,50.0,0.99,0.74
